49826,127854,1405380146,0,NULL,NULL
49826,123537,1405380146,1,NULL,NULL
49826,128470,1405380146,0,NULL,NULL
49826,128899,1405380146,0,0.0,NULL
49827,121356,1405375506,-1,NULL,NULL
49828,121355,1405316549,0,NULL,NULL
49828,120310,1405316549,0,NULL,NULL
49828,121356,1405316549,0,NULL,NULL
49828,129119,1405316549,0,NULL,NULL
49828,129120,1405316549,0,NULL,NULL
49828,121356,1405372792,0,NULL,NULL
49828,123013,1405372792,0,NULL,NULL
49828,127763,1405372792,0,NULL,NULL
49829,127903,1405358568,0,NULL,NULL
49829,120046,1405358568,-1,NULL,NULL
49829,127624,1405358568,0,NULL,NULL
49829,123994,1405358568,1,NULL,NULL
49830,120061,1405357365,1,NULL,NULL
49832,121391,1405233621,1,NULL,NULL
49832,125058,1405233621,0,NULL,NULL
49832,124940,1405233621,0,NULL,NULL
49832,127087,1405233621,0,NULL,NULL
49832,123113,1405233621,1,NULL,NULL
49832,128850,1405233621,0,NULL,NULL
49832,127114,1405233621,0,NULL,NULL
49832,128852,1405233621,0,NULL,NULL
49832,127106,1405233621,0,NULL,NULL
49832,127300,1405233621,0,NULL,NULL
49832,127302,1405233621,0,NULL,NULL
49832,127752,1405233621,0,NULL,NULL
49832,126558,1405233621,0,NULL,NULL
49832,120854,1405233621,0,NULL,NULL
49832,120780,1405233621,1,NULL,NULL
49832,121153,1405233621,0,NULL,NULL
49832,120853,1405233621,0,NULL,NULL
49832,123689,1405233621,0,NULL,NULL
49832,126550,1405233621,0,NULL,NULL
49832,121182,1405233621,0,NULL,NULL
49832,120142,1405233621,-1,NULL,NULL
49832,128640,1405233621,0,NULL,NULL
49832,127087,1405331649,1,NULL,NULL
49833,123343,1405313286,1,NULL,NULL
49836,123383,1405169237,0,NULL,NULL
49837,123056,1405124897,0,NULL,NULL
49839,120313,1405109202,0,NULL,NULL
49840,128841,1405095349,1,NULL,NULL
49841,127946,1405080388,1,NULL,NULL
49842,128557,1405061148,0,NULL,NULL
49842,120165,1405061148,1,NULL,NULL
49842,120331,1405061148,1,NULL,NULL
49842,127271,1405061148,1,NULL,NULL
49842,125111,1405061148,0,NULL,NULL
49844,127892,1404982238,0,NULL,NULL
49850,120313,1404696318,1,NULL,NULL
49850,120331,1404696318,1,NULL,NULL
49850,120195,1404696318,0,NULL,NULL
49850,120136,1404696318,0,NULL,NULL
49850,120309,1404696318,0,0.0,0.0
49850,120127,1404696318,1,NULL,NULL
49850,120061,1404696318,0,NULL,NULL
49850,120063,1404696318,0,NULL,NULL
49850,120769,1404696318,1,0.0,0.0
49850,121182,1404696318,0,NULL,NULL
49850,120774,1404696318,1,0.0,0.0
49850,120659,1404696318,0,NULL,NULL
49850,123689,1404696318,0,NULL,NULL
49850,120853,1404696318,0,NULL,NULL
49850,120601,1404696318,0,NULL,NULL
49850,121580,1404696318,0,NULL,NULL
49850,121408,1404696318,1,NULL,NULL
49850,121391,1404696318,0,NULL,NULL
49850,123230,1404696318,0,NULL,NULL
49850,128795,1404696318,0,NULL,NULL
49850,126547,1404696318,0,NULL,NULL
49850,128143,1404696318,1,NULL,NULL
49850,124632,1404696318,1,NULL,NULL
49850,124940,1404696318,0,NULL,NULL
49850,123291,1404696318,-1,NULL,NULL
49850,124633,1404696318,1,NULL,NULL
49850,128470,1404696318,1,NULL,NULL
49850,128901,1404696318,1,NULL,NULL
49850,128640,1404696318,0,NULL,NULL
49850,127302,1404696318,0,NULL,NULL
49850,126558,1404696318,0,NULL,NULL
49850,128849,1404696318,0,NULL,NULL
49851,120061,1404654240,1,NULL,NULL
49852,123994,1404528477,1,NULL,NULL
49852,120154,1404528477,1,NULL,NULL
49853,127973,1404498305,1,NULL,NULL
49853,129073,1404498305,1,NULL,NULL
49853,128657,1404498305,-1,NULL,NULL
49853,120331,1404498305,0,NULL,NULL
49853,120061,1404498305,1,NULL,NULL
49853,121182,1404498305,1,NULL,NULL
49853,127087,1404498305,1,NULL,NULL
49854,120860,1404495932,1,NULL,NULL
49855,126924,1404495919,0,NULL,NULL
49855,127393,1404495919,0,NULL,NULL
49855,127025,1404495919,0,NULL,NULL
49855,121441,1404495919,0,NULL,NULL
49855,126923,1404495919,0,NULL,NULL
49857,120195,1404433380,1,NULL,NULL
49857,120154,1404433380,1,NULL,NULL
49858,127094,1404369239,0,NULL,NULL
49858,128008,1404369239,-1,NULL,NULL
49858,127096,1404369239,0,NULL,NULL
49858,127093,1404369239,0,NULL,NULL
49858,125930,1404369239,1,NULL,NULL
49859,123177,1404364740,1,NULL,NULL
49861,127924,1404321451,0,NULL,NULL
49861,123861,1404321451,0,NULL,NULL
49861,120773,1404321451,-1,NULL,NULL
49861,120658,1404321451,0,NULL,NULL
49862,120616,1404320775,0,NULL,NULL
49862,121169,1404320775,0,NULL,NULL
49862,128895,1404320775,0,NULL,NULL
49863,126969,1404232323,0,NULL,NULL
49863,120147,1404232323,1,NULL,NULL
49864,120061,1404219862,0,NULL,NULL
49865,121356,1404203504,-1,NULL,NULL
49866,120545,1404184262,0,NULL,NULL
49866,121146,1404184262,1,NULL,NULL
49866,123383,1404184262,0,NULL,NULL
49866,123804,1404184262,-1,NULL,NULL
49867,123819,1404167296,1,NULL,NULL
49868,127932,1404161311,0,NULL,NULL
49869,120773,1404152573,0,NULL,NULL
49870,120584,1404147141,0,NULL,NULL
49870,120158,1404147141,-1,NULL,NULL
49870,120161,1404147141,0,NULL,NULL
49870,120195,1404147141,0,NULL,NULL
49870,125083,1404147141,-1,NULL,NULL
49870,126906,1404147141,0,NULL,NULL
49870,127093,1404147141,0,NULL,NULL
49873,128841,1403912381,1,NULL,NULL
49873,126856,1403912381,1,NULL,NULL
49875,123353,1403912380,1,NULL,NULL
49875,123382,1403912380,0,NULL,NULL
49875,128846,1403912380,1,NULL,NULL
49875,128841,1403912380,0,NULL,NULL
49875,120341,1403912380,1,NULL,NULL
49875,123363,1403912380,1,NULL,NULL
49875,123390,1403912380,0,NULL,NULL
49875,128421,1403912380,0,NULL,NULL
49875,128422,1403912380,0,NULL,NULL
49876,128422,1403912380,0,NULL,NULL
49876,128510,1403912380,0,NULL,NULL
49876,128421,1403912380,0,NULL,NULL
49876,128124,1403912380,1,NULL,NULL
49876,123388,1403912380,0,NULL,NULL
49876,123363,1403912380,0,NULL,NULL
49876,123368,1403912380,0,NULL,NULL
49876,123389,1403912380,1,NULL,NULL
49876,120341,1403912380,1,NULL,NULL
49876,120576,1403912380,0,NULL,NULL
49876,120274,1403912380,-1,NULL,NULL
49876,120313,1403912380,1,NULL,NULL
49876,120165,1403912380,0,NULL,NULL
49876,120065,1403912380,0,0.0,0.0
49876,128841,1403912380,1,NULL,NULL
49876,129130,1403912380,0,NULL,NULL
49876,123382,1403912380,0,NULL,NULL
49876,123353,1403912380,1,NULL,NULL
49876,123225,1403912380,1,NULL,NULL
49876,123383,1403912380,1,NULL,NULL
49876,125152,1403912380,0,NULL,NULL
49877,127094,1403912380,0,NULL,NULL
49877,127093,1403912380,0,NULL,NULL
49877,126981,1403912380,0,NULL,NULL
49877,127095,1403912380,0,NULL,NULL
49877,127096,1403912380,0,NULL,NULL
49877,123515,1403912380,-1,NULL,NULL
49877,123516,1403912380,0,NULL,NULL
49877,123202,1403912380,1,NULL,NULL
49877,120168,1403912380,0,0.0,0.0
49877,123512,1403912380,0,NULL,NULL
49878,121680,1403912380,1,NULL,NULL
49878,121384,1403912380,-1,NULL,NULL
49879,129122,1403912380,0,NULL,NULL
49879,128352,1403912380,1,NULL,NULL
49880,128841,1403912379,1,NULL,NULL
49881,127463,1403912379,0,NULL,NULL
49881,128841,1403912379,-1,NULL,NULL
49881,123393,1403912379,1,NULL,NULL
49881,123225,1403912379,0,NULL,NULL
49881,123343,1403912379,1,NULL,NULL
49881,128794,1403912379,0,NULL,NULL
49882,123343,1403912379,-1,NULL,NULL
49883,127946,1403912379,-1,NULL,NULL
49884,121533,1403912379,0,NULL,NULL
49884,120547,1403912379,1,0.0,0.0
49884,120719,1403912379,1,NULL,NULL
49884,120725,1403912379,0,NULL,NULL
49884,120341,1403912379,0,NULL,NULL
49884,120323,1403912379,0,NULL,NULL
49884,120331,1403912379,0,NULL,NULL
49884,120392,1403912379,1,NULL,NULL
49884,120127,1403912379,1,NULL,NULL
49884,127513,1403912379,-1,NULL,NULL
49886,121142,1403912379,0,NULL,NULL
49887,120066,1403912379,1,NULL,NULL
49888,123515,1403912379,1,NULL,NULL
49889,127093,1403912378,1,NULL,NULL
49889,128008,1403912378,1,NULL,NULL
49889,123515,1403912378,1,NULL,NULL
49889,123512,1403912378,0,NULL,NULL
49889,123515,1403912379,-1,NULL,NULL
49890,128357,1403912379,0,NULL,NULL
49891,128357,1403912378,0,NULL,NULL
49894,128008,1403912378,-1,NULL,NULL
49894,127093,1403912378,0,NULL,NULL
49894,126897,1403912378,1,NULL,NULL
49894,123515,1403912378,-1,NULL,NULL
49894,121506,1403912378,1,NULL,NULL
49894,121393,1403912378,1,NULL,NULL
49894,121571,1403912378,0,NULL,NULL
49894,120063,1403912378,0,NULL,NULL
49895,121146,1403912378,1,NULL,NULL
49896,128794,1403912378,0,NULL,NULL
49896,127463,1403912378,0,NULL,NULL
49896,128841,1403912378,0,NULL,NULL
49896,127070,1403912378,0,NULL,NULL
49896,123343,1403912378,-1,NULL,NULL
49896,123393,1403912378,0,NULL,NULL
49896,123363,1403912378,1,NULL,NULL
49896,120392,1403912378,1,NULL,NULL
49897,125152,1403912378,0,NULL,NULL
49897,125162,1403912378,0,NULL,NULL
49897,125050,1403912378,-1,NULL,NULL
49897,125079,1403912378,0,NULL,NULL
49897,125311,1403912378,0,NULL,NULL
49897,128707,1403912378,1,NULL,NULL
49897,121883,1403912378,-1,NULL,NULL
49897,123019,1403912378,1,NULL,NULL
49897,123178,1403912378,0,NULL,NULL
49897,121898,1403912378,1,NULL,NULL
49897,120176,1403912378,0,NULL,NULL
49898,127070,1403912377,0,NULL,NULL
49899,128841,1403912377,1,NULL,NULL
49900,120294,1403912377,1,NULL,NULL
49900,120387,1403912377,0,NULL,NULL
49900,121384,1403912377,1,NULL,NULL
49900,121146,1403912377,1,NULL,NULL
49900,124420,1403912377,0,NULL,NULL
49900,120719,1403912377,0,NULL,NULL
49900,123804,1403912377,0,NULL,NULL
49900,121596,1403912377,1,NULL,NULL
49900,121680,1403912377,1,NULL,NULL
49900,128357,1403912377,-1,NULL,NULL
49900,128352,1403912377,1,NULL,NULL
49900,128462,1403912377,0,NULL,NULL
49903,120387,1403912377,-1,NULL,NULL
49903,128357,1403912377,0,NULL,NULL
49903,128676,1403912377,1,NULL,NULL
49903,128834,1403912377,0,NULL,NULL
49903,129124,1403912377,1,NULL,NULL
49904,120176,1403912377,1,NULL,NULL
49904,120309,1403912377,0,0.0,0.0
49904,123361,1403912377,1,NULL,NULL
49904,121883,1403912377,1,NULL,NULL
49904,123548,1403912377,1,NULL,NULL
49904,128357,1403912377,1,NULL,NULL
49904,128356,1403912377,0,NULL,NULL
49904,128352,1403912377,0,NULL,NULL
49904,129124,1403912377,0,NULL,NULL
49904,129122,1403912377,0,NULL,NULL
49904,125311,1403912377,0,NULL,NULL
49904,123804,1403912377,1,NULL,NULL
49905,128794,1403912377,0,NULL,NULL
49905,127553,1403912377,1,NULL,NULL
49905,123393,1403912377,1,NULL,NULL
49905,128841,1403912377,0,NULL,NULL
49905,127463,1403912377,-1,NULL,NULL
49905,125311,1403912377,0,NULL,NULL
49905,123343,1403912377,1,NULL,NULL
49905,123225,1403912377,1,0.0,0.0
49905,123367,1403912377,0,NULL,NULL
49905,123368,1403912377,0,NULL,NULL
49905,120782,1403912377,0,NULL,NULL
49905,120985,1403912377,0,NULL,NULL
49906,120312,1403912376,0,NULL,NULL
49906,120331,1403912376,0,NULL,NULL
49906,120313,1403912376,1,NULL,NULL
49906,120274,1403912376,0,NULL,NULL
49906,120576,1403912376,1,NULL,NULL
49906,120274,1403912376,0,NULL,NULL
49906,123718,1403912376,0,NULL,NULL
49906,123875,1403912376,1,NULL,NULL
49906,128124,1403912376,1,NULL,NULL
49907,123366,1403912376,0,NULL,NULL
49908,120034,1403912376,0,NULL,NULL
49908,128972,1403912376,1,NULL,NULL
49909,120782,1403912376,1,NULL,NULL
49909,123363,1403912376,1,NULL,NULL
49909,123395,1403912376,0,NULL,NULL
49909,120309,1403912376,0,0.0,0.0
49909,120070,1403912376,1,NULL,NULL
49909,128843,1403912376,0,NULL,NULL
49909,128132,1403912376,1,NULL,NULL
49909,127463,1403912376,0,NULL,NULL
49909,126856,1403912376,1,NULL,NULL
49909,128794,1403912376,0,NULL,NULL
49909,129122,1403912376,1,NULL,NULL
49909,123375,1403912376,0,NULL,NULL
49909,128841,1403912376,-1,NULL,NULL
49909,128846,1403912376,1,NULL,NULL
49909,121903,1403912376,1,NULL,NULL
49909,123343,1403912376,0,NULL,NULL
49909,127277,1403912376,0,NULL,NULL
49909,129124,1403912376,-1,0.0,0.0
49909,129129,1403912376,1,NULL,NULL
49910,127929,1403911746,0,NULL,NULL
49910,127885,1403911746,0,NULL,NULL
49911,120195,1403888708,-1,NULL,NULL
49911,120274,1403888708,1,NULL,NULL
49911,121182,1403888708,0,NULL,NULL
49911,123936,1403888708,0,NULL,NULL
49911,127114,1403888708,0,NULL,NULL
49913,127946,1403812683,1,NULL,NULL
49914,126558,1403771088,0,NULL,NULL
49914,127677,1403771088,1,NULL,NULL
49914,127675,1403771088,-1,NULL,NULL
49914,127326,1403771088,0,NULL,NULL
49914,127157,1403771088,0,NULL,NULL
49914,127305,1403771088,0,NULL,NULL
49914,127168,1403771088,0,NULL,NULL
49914,120061,1403771088,0,NULL,NULL
49914,120195,1403771088,0,NULL,NULL
49914,120903,1403771088,0,NULL,NULL
49914,123248,1403771088,0,NULL,NULL
49914,123260,1403771088,0,NULL,NULL
49914,121219,1403771088,0,NULL,NULL
49914,121224,1403771088,0,NULL,NULL
49914,123689,1403771088,0,NULL,NULL
49914,123249,1403771088,0,NULL,NULL
49914,121220,1403771088,0,NULL,NULL
49914,123250,1403771088,0,NULL,NULL
49914,123258,1403771088,0,NULL,NULL
49914,123261,1403771088,0,NULL,NULL
49914,127342,1403771088,0,NULL,NULL
49914,123262,1403771088,0,NULL,NULL
49914,125301,1403771088,0,NULL,NULL
49914,128468,1403771088,0,NULL,NULL
49914,127311,1403771088,0,NULL,NULL
49914,125693,1403771088,0,NULL,NULL
49914,125083,1403771088,0,NULL,NULL
49914,127335,1403771088,0,NULL,NULL
49914,127337,1403771088,0,NULL,NULL
49914,127320,1403771088,0,NULL,NULL
49915,127566,1403739353,0,NULL,NULL
49916,128357,1403711936,1,NULL,NULL
49916,120848,1403711936,-1,NULL,NULL
49916,120346,1403711936,0,NULL,NULL
49916,128781,1403711936,1,NULL,NULL
49916,128814,1403711936,1,NULL,NULL
49916,128352,1403711936,0,NULL,NULL
49917,127943,1402560456,1,NULL,NULL
49917,128002,1402560456,1,NULL,NULL
49917,127943,1403706498,0,NULL,NULL
49918,128659,1403695938,0,NULL,NULL
49918,128806,1403695938,0,NULL,NULL
49918,128656,1403695938,0,NULL,NULL
49918,124940,1403695938,-1,NULL,NULL
49918,121787,1403695938,0,NULL,NULL
49918,123809,1403695938,0,NULL,NULL
49918,120331,1403695938,-1,NULL,NULL
49918,121182,1403695938,1,NULL,NULL
49919,128733,1403686902,0,NULL,NULL
49919,121651,1403686902,0,NULL,NULL
49919,120310,1403686902,-1,NULL,NULL
49920,127071,1403667580,0,NULL,NULL
49920,120147,1403667580,1,NULL,NULL
49921,120046,1403657808,1,NULL,NULL
49922,120170,1403656168,0,NULL,NULL
49922,120415,1403656168,0,NULL,NULL
49924,120782,1403650076,-1,NULL,NULL
49925,120176,1403602622,0,NULL,NULL
49925,120526,1403602622,1,NULL,NULL
49925,120471,1403602622,0,NULL,NULL
49925,121427,1403602622,0,NULL,NULL
49925,121288,1403602622,0,NULL,NULL
49925,123343,1403602622,-1,NULL,NULL
49925,123172,1403602622,1,NULL,NULL
49926,127946,1403602485,1,NULL,NULL
49927,120313,1403601672,0,NULL,NULL
49927,120331,1403601672,0,NULL,NULL
49927,120225,1403601672,1,NULL,NULL
49928,120331,1403579200,-1,NULL,NULL
49928,126901,1403579200,0,NULL,NULL
49929,123190,1403559040,1,NULL,NULL
49930,127449,1403542264,0,NULL,NULL
49932,128707,1403315777,0,NULL,NULL
49932,128675,1403315777,0,0.0,0.0
49933,123343,1403252126,0,NULL,NULL
49934,127946,1403223076,1,NULL,NULL
49934,128008,1403223076,1,NULL,NULL
49935,128927,1403219512,1,NULL,NULL
49935,128911,1403219512,1,NULL,NULL
49935,129008,1403219512,0,NULL,NULL
49936,121511,1403214650,0,NULL,NULL
49936,121571,1403214650,1,NULL,NULL
49936,121496,1403214650,0,NULL,NULL
49936,121393,1403214650,1,NULL,NULL
49936,121574,1403214650,0,NULL,NULL
49936,124418,1403214650,0,NULL,NULL
49936,128333,1403214650,0,NULL,NULL
49937,127924,1403194373,0,NULL,NULL
49938,120321,1403107859,0,0.0,0.0
49938,120312,1403107859,0,NULL,NULL
49938,120177,1403107859,0,NULL,NULL
49938,121553,1403107859,0,NULL,NULL
49938,124369,1403107859,0,NULL,NULL
49938,123172,1403107859,0,NULL,NULL
49938,128445,1403107859,0,NULL,NULL
49938,128528,1403107859,-1,NULL,NULL
49938,128393,1403107859,0,NULL,NULL
49938,128352,1403107859,0,NULL,NULL
49939,123966,1403105657,1,NULL,NULL
49939,128357,1403105657,1,NULL,NULL
49939,121146,1403105657,1,NULL,NULL
49939,120577,1403105657,1,NULL,NULL
49939,120526,1403105657,0,NULL,NULL
49939,120391,1403105657,1,NULL,NULL
49939,120176,1403105657,0,NULL,NULL
49939,120312,1403105657,0,NULL,NULL
49939,128352,1403105657,1,NULL,NULL
49940,129132,1403062420,0,NULL,NULL
49940,129131,1403062420,0,NULL,NULL
49940,129134,1403062420,0,NULL,NULL
49940,128849,1403062420,0,NULL,NULL
49940,120667,1403062420,0,NULL,NULL
49940,120712,1403062420,0,NULL,NULL
49940,120033,1403062420,-1,NULL,NULL
49940,120034,1403062420,0,NULL,NULL
49940,120658,1403062420,1,NULL,NULL
49940,123271,1403062420,0,NULL,NULL
49940,123936,1403062420,0,NULL,NULL
49940,123130,1403062420,1,-1.0,-1.0
49940,120773,1403062420,1,NULL,NULL
49940,121427,1403062420,0,NULL,NULL
49940,123301,1403062420,0,NULL,NULL
49941,124997,1403020996,1,NULL,NULL
49941,125018,1403020996,0,NULL,NULL
49942,124787,1403007784,1,NULL,NULL
49942,125317,1403007784,1,NULL,NULL
49942,128352,1403007784,0,NULL,NULL
49942,128393,1403007784,-1,NULL,NULL
49943,125636,1403000253,0,NULL,NULL
49944,120195,1402980167,1,NULL,NULL
49944,120157,1402980167,0,NULL,NULL
49945,120331,1402905255,0,NULL,NULL
49945,120127,1402905255,1,NULL,NULL
49946,125012,1402635016,1,NULL,NULL
49946,120848,1402635016,0,NULL,NULL
49946,120681,1402635016,1,NULL,NULL
49946,120346,1402635016,0,NULL,NULL
49946,120526,1402635016,0,NULL,NULL
49946,120274,1402635016,0,NULL,NULL
49946,120392,1402635016,0,NULL,NULL
49946,120313,1402635016,1,NULL,NULL
49946,120176,1402635016,0,NULL,NULL
49946,120312,1402635016,0,NULL,NULL
49946,120067,1402635016,1,NULL,NULL
49946,124675,1402635016,1,NULL,NULL
49946,128988,1402635016,1,NULL,NULL
49946,125483,1402635016,1,NULL,NULL
49946,128121,1402635016,1,NULL,NULL
49946,123205,1402635016,1,NULL,NULL
49946,123418,1402635016,0,NULL,NULL
49946,121866,1402635016,1,NULL,NULL
49946,128901,1402635016,0,NULL,NULL
49946,129098,1402635016,1,NULL,NULL
49946,128814,1402635016,0,NULL,NULL
49946,128813,1402635016,1,1.0,1.0
49946,128509,1402635016,0,NULL,NULL
49946,128898,1402635016,0,NULL,NULL
49946,128144,1402635016,1,NULL,NULL
49946,127283,1402635016,0,NULL,NULL
49946,128986,1402635016,0,NULL,NULL
49946,120313,1402858883,0,NULL,NULL
49948,127967,1402780158,0,NULL,NULL
49948,127946,1402780158,1,NULL,NULL
49948,128778,1402780158,0,NULL,NULL
49950,123343,1402728307,-1,NULL,NULL
49950,123393,1402728307,1,NULL,NULL
49951,121393,1402694838,1,NULL,NULL
49955,120177,1402628646,0,NULL,NULL
49956,123875,1402625415,1,NULL,NULL
49957,121596,1402615033,0,NULL,NULL
49957,120294,1402615033,0,NULL,NULL
49957,121146,1402615033,1,NULL,NULL
49957,121384,1402615033,0,NULL,NULL
49958,127943,1402556977,0,NULL,NULL
49959,121396,1402520115,0,NULL,NULL
49959,120176,1402520115,0,NULL,NULL
49959,120312,1402520115,0,NULL,NULL
49959,124997,1402520115,0,NULL,NULL
49959,128910,1402520115,0,NULL,NULL
49960,121666,1402514718,1,NULL,NULL
49960,121427,1402514718,0,NULL,NULL
49960,123277,1402514718,1,NULL,NULL
49961,120581,1402507682,0,NULL,NULL
49961,120583,1402507682,0,NULL,NULL
49961,120582,1402507682,0,NULL,NULL
49961,123718,1402507682,-1,NULL,NULL
49961,120070,1402512627,0,NULL,NULL
49962,120313,1402511281,0,NULL,NULL
49962,120312,1402511281,0,NULL,NULL
49962,128362,1402511281,1,NULL,NULL
49963,120165,1402490730,0,NULL,NULL
49965,126138,1402372136,0,NULL,NULL
49965,127513,1402417896,0,NULL,NULL
49965,127072,1402417896,0,NULL,NULL
49965,120147,1402417896,0,NULL,NULL
49966,129132,1402357350,1,NULL,NULL
49966,129134,1402357350,1,NULL,NULL
49966,129131,1402357350,0,NULL,NULL
49966,120773,1402357350,0,NULL,NULL
49966,121594,1402357350,0,NULL,NULL
49966,123279,1402357350,0,NULL,NULL
49966,120712,1402357350,1,NULL,NULL
49966,120658,1402357350,0,NULL,NULL
49966,120312,1402357350,-1,NULL,NULL
49966,127803,1402357350,0,NULL,NULL
49966,124663,1402357350,0,NULL,NULL
49966,127773,1402357350,0,NULL,NULL
49966,127755,1402357350,0,NULL,NULL
49966,123130,1402357350,1,1.0,1.0
49966,123271,1402357350,1,NULL,NULL
49966,123269,1402357350,0,NULL,NULL
49966,123305,1402357350,-1,NULL,NULL
49966,123301,1402357350,0,NULL,NULL
49966,121427,1402357350,1,NULL,NULL
49967,128543,1402349419,0,NULL,NULL
49969,125555,1402265299,0,NULL,NULL
49970,126078,1402253300,0,NULL,NULL
49970,123805,1402253300,0,NULL,NULL
49970,128841,1402253300,1,NULL,NULL
49970,123361,1402253300,1,NULL,NULL
49970,123021,1402253300,1,NULL,NULL
49970,120177,1402253300,1,NULL,NULL
49970,124434,1402253300,0,NULL,NULL
49970,128523,1402253300,1,NULL,NULL
49971,127854,1402104346,0,NULL,NULL
49971,123418,1402104346,0,NULL,NULL
49971,123230,1402104346,0,NULL,NULL
49971,121659,1402104346,-1,NULL,NULL
49971,128902,1402104346,0,NULL,NULL
49971,120127,1402104346,-1,NULL,NULL
49971,120331,1402104346,1,NULL,NULL
49971,121173,1402104346,1,NULL,NULL
49971,121580,1402104346,-1,NULL,NULL
49971,120545,1402104346,0,NULL,NULL
49971,120601,1402104346,1,NULL,NULL
49971,127513,1402104346,0,NULL,NULL
49971,128795,1402104346,-1,NULL,NULL
49971,128899,1402104346,0,0.0,NULL
49971,128796,1402104346,1,NULL,NULL
49971,128470,1402104346,1,NULL,NULL
49971,128901,1402104346,0,NULL,NULL
49972,128843,1402082476,-1,NULL,NULL
49973,121593,1402073877,0,NULL,NULL
49974,129093,1402065960,-1,NULL,NULL
49974,124787,1402065960,1,NULL,NULL
49974,123172,1402065960,-1,NULL,NULL
49974,120313,1402065960,1,NULL,NULL
49974,120392,1402065960,1,NULL,NULL
49974,128352,1402065960,1,NULL,NULL
49974,129098,1402065960,0,NULL,NULL
49974,129106,1402065960,0,NULL,NULL
49974,129099,1402065960,1,0.0,0.0
49974,129107,1402065960,1,NULL,NULL
49975,121427,1401913876,1,NULL,NULL
49975,123305,1401913876,1,NULL,NULL
49975,120667,1401913876,1,NULL,NULL
49975,120773,1401913876,1,0.0,0.0
49976,120346,1401903730,0,NULL,NULL
49976,120312,1401903730,1,NULL,NULL
49976,120313,1401903730,1,NULL,NULL
49976,124369,1401903730,-1,NULL,NULL
49976,124787,1401903730,0,NULL,NULL
49976,129106,1401903730,1,NULL,NULL
49977,127943,1401856404,0,NULL,NULL
49978,123016,1401332161,0,NULL,NULL
49978,125910,1401332161,0,NULL,NULL
49978,126355,1401332161,-1,NULL,NULL
49978,121837,1401332161,1,NULL,NULL
49978,123021,1401332161,0,NULL,NULL
49978,126820,1401332161,1,NULL,NULL
49978,127063,1401332161,0,NULL,NULL
49978,126356,1401332161,0,NULL,NULL
49978,126023,1401332161,0,NULL,NULL
49978,126354,1401332161,-1,NULL,NULL
49978,128402,1401332161,1,NULL,NULL
49978,127077,1401332161,0,NULL,NULL
49978,126820,1401386678,0,NULL,NULL
49978,127077,1401388790,0,NULL,NULL
49978,128402,1401388790,-1,NULL,NULL
49978,126023,1401388790,0,NULL,NULL
49978,126356,1401388790,0,NULL,NULL
49978,126354,1401388790,1,NULL,NULL
49978,127063,1401388790,0,NULL,NULL
49978,126820,1401388790,-1,NULL,NULL
49978,125910,1401388790,0,NULL,NULL
49978,126355,1401388790,1,NULL,NULL
49978,123021,1401388790,0,NULL,NULL
49978,121837,1401388790,-1,NULL,NULL
49978,123016,1401388790,0,NULL,NULL
49978,128402,1401393624,1,NULL,NULL
49978,127077,1401393624,0,NULL,NULL
49978,126354,1401393624,-1,NULL,NULL
49978,123016,1401393624,0,NULL,NULL
49978,123021,1401393624,0,NULL,NULL
49978,126820,1401393624,1,NULL,NULL
49978,125910,1401393624,0,NULL,NULL
49978,121837,1401393624,1,NULL,NULL
49978,126355,1401393624,-1,NULL,NULL
49978,126023,1401393624,0,NULL,NULL
49978,127063,1401393624,0,NULL,NULL
49978,126356,1401393624,0,NULL,NULL
49978,128402,1401832476,1,NULL,NULL
49979,127271,1401798299,0,NULL,NULL
49979,128410,1401798299,1,0.0,0.0
49979,120331,1401798299,1,NULL,NULL
49979,120333,1401798299,1,NULL,NULL
49979,120087,1401798299,0,NULL,NULL
49979,120338,1401798299,1,NULL,NULL
49980,120664,1401764503,0,NULL,NULL
49980,120773,1401764503,0,0.0,0.0
49980,120097,1401764503,0,NULL,NULL
49981,128543,1400797654,1,NULL,NULL
49981,120773,1401753979,0,NULL,NULL
49981,120664,1401753979,0,NULL,NULL
49981,120097,1401753979,0,NULL,NULL
49981,120097,1401764330,0,NULL,NULL
49981,120664,1401764330,0,NULL,NULL
49981,120773,1401764330,0,NULL,NULL
49982,128901,1401756975,0,NULL,NULL
49985,123045,1401692599,1,NULL,NULL
49985,123019,1401692599,1,NULL,NULL
49985,128132,1401692599,0,NULL,NULL
49985,123361,1401692599,1,NULL,NULL
49985,127077,1401692599,1,NULL,NULL
49986,120310,1401575046,0,NULL,NULL
49987,123936,1401573709,0,NULL,NULL
49987,120195,1401573709,1,NULL,NULL
49987,120176,1401573709,0,NULL,NULL
49988,125668,1401458432,0,NULL,NULL
49989,123295,1401413984,0,0.0,0.0
49990,126008,1401298450,0,NULL,NULL
49990,125363,1401298450,0,NULL,NULL
49990,127190,1401298450,0,NULL,NULL
49990,127248,1401298450,-1,NULL,NULL
49990,127188,1401298450,1,NULL,NULL
49990,127189,1401298450,0,NULL,NULL
49990,120063,1401298450,1,NULL,NULL
49991,124940,1401297315,0,NULL,NULL
49992,128352,1401266828,1,NULL,NULL
49992,120526,1401266828,1,NULL,NULL
49994,127924,1401213580,0,NULL,NULL
49995,128822,1401212215,0,0.0,0.0
49995,128838,1401212215,0,NULL,NULL
49999,128422,1401165687,0,NULL,NULL
49999,123353,1401165687,0,NULL,NULL
49999,123389,1401165687,0,NULL,NULL
50000,120312,1401129200,0,NULL,NULL
50000,120194,1401129200,0,NULL,NULL
50000,120797,1401129200,1,NULL,NULL
50000,123468,1401129200,0,NULL,NULL
50005,128737,1400809589,1,NULL,NULL
50005,120996,1400809589,0,NULL,NULL
50005,121024,1400809589,-1,NULL,NULL
50005,120471,1400809589,1,NULL,NULL
50005,120999,1400809589,0,NULL,NULL
50005,128737,1400884927,0,NULL,NULL
50007,125693,1400878212,0,NULL,NULL
50008,120331,1400866660,-1,NULL,NULL
50010,121366,1400866131,0,NULL,NULL
50011,129096,1400842991,-1,NULL,NULL
50011,126878,1400842991,0,NULL,NULL
50011,129099,1400842991,0,NULL,NULL
50011,120366,1400842991,0,NULL,NULL
50011,123828,1400842991,0,NULL,NULL
50011,128421,1400842991,0,NULL,NULL
50011,121553,1400842991,0,NULL,NULL
50011,120309,1400842991,0,0.0,0.0
50011,128422,1400842991,0,NULL,NULL
50011,120404,1400842991,0,NULL,NULL
50011,121024,1400842991,1,NULL,NULL
50011,125012,1400842991,0,NULL,NULL
50011,123363,1400842991,-1,NULL,NULL
50011,123489,1400842991,0,NULL,NULL
50011,120771,1400842991,0,NULL,NULL
50011,120370,1400842991,0,NULL,NULL
50011,128814,1400842991,0,NULL,NULL
50011,123059,1400842991,0,NULL,NULL
50011,120857,1400842991,0,NULL,NULL
50011,126659,1400842991,0,NULL,NULL
50011,128901,1400842991,-1,NULL,NULL
50011,120862,1400842991,0,NULL,NULL
50011,125317,1400842991,0,NULL,NULL
50011,120221,1400842991,0,NULL,NULL
50011,125047,1400842991,0,NULL,NULL
50011,123044,1400842991,0,NULL,NULL
50011,128352,1400842991,1,NULL,NULL
50011,120346,1400842991,0,NULL,NULL
50011,120063,1400842991,0,NULL,NULL
50011,120764,1400842991,0,0.0,0.0
50011,128676,1400842991,0,NULL,NULL
50011,127277,1400842991,0,NULL,NULL
50011,120321,1400842991,0,NULL,NULL
50011,128698,1400842991,-1,NULL,NULL
50011,128822,1400842991,0,NULL,NULL
50011,121706,1400842991,0,NULL,NULL
50011,128737,1400842991,-1,NULL,NULL
50011,122885,1400842991,1,NULL,NULL
50011,120996,1400842991,0,NULL,NULL
50011,128543,1400842991,-1,NULL,NULL
50011,129098,1400842991,-1,NULL,NULL
50011,120176,1400842991,0,NULL,NULL
50011,121425,1400842991,0,NULL,NULL
50011,120524,1400842991,0,NULL,NULL
50011,121866,1400842991,0,NULL,NULL
50011,128675,1400842991,0,0.0,0.0
50011,123382,1400842991,0,NULL,NULL
50011,123353,1400842991,-1,NULL,NULL
50011,120853,1400842991,1,NULL,NULL
50011,127094,1400842991,0,NULL,NULL
50011,123492,1400842991,0,NULL,NULL
50011,126824,1400842991,0,NULL,NULL
50011,120471,1400842991,-1,NULL,NULL
50011,120676,1400842991,0,0.0,0.0
50011,128841,1400842991,0,NULL,NULL
50011,123343,1400842991,-1,NULL,NULL
50011,128362,1400842991,0,NULL,NULL
50011,128988,1400842991,0,NULL,NULL
50011,121383,1400842991,0,NULL,NULL
50011,123393,1400842991,-1,NULL,NULL
50014,121425,1400783870,0,NULL,NULL
50014,125047,1400823339,0,NULL,NULL
50017,121866,1400782977,0,NULL,NULL
50017,120681,1400808462,-1,NULL,NULL
50018,125483,1400800551,0,NULL,NULL
50018,123059,1400800551,0,NULL,NULL
50018,120475,1400800551,0,NULL,NULL
50018,129099,1400800551,0,NULL,NULL
50018,126824,1400800551,0,NULL,NULL
50018,125312,1400800551,0,NULL,NULL
50018,125012,1400800551,0,NULL,NULL
50018,125363,1400800551,0,0.0,0.0
50018,128814,1400800551,0,NULL,NULL
50018,120176,1400800551,0,NULL,NULL
50018,128822,1400800551,0,NULL,NULL
50018,129096,1400800551,1,NULL,NULL
50018,120221,1400800551,0,NULL,NULL
50018,121383,1400800551,0,NULL,NULL
50018,120404,1400800551,0,NULL,NULL
50018,120312,1400800551,0,NULL,NULL
50018,123492,1400800551,0,NULL,NULL
50018,128707,1400800551,0,NULL,NULL
50018,120524,1400800551,0,NULL,NULL
50018,120346,1400800551,0,NULL,NULL
50018,120676,1400800551,0,0.0,0.0
50018,123828,1400800551,0,NULL,NULL
50018,120391,1400800551,0,NULL,NULL
50018,128675,1400800551,0,0.0,0.0
50018,126878,1400800551,0,NULL,NULL
50018,120222,1400800551,0,NULL,NULL
50018,120771,1400800551,0,NULL,NULL
50018,128838,1400800551,0,NULL,NULL
50018,120366,1400800551,0,NULL,NULL
50018,129092,1400800551,0,NULL,NULL
50018,121310,1400800551,0,NULL,NULL
50018,121556,1400800551,0,0.0,0.0
50018,129093,1400800551,0,NULL,NULL
50018,123489,1400800551,0,NULL,NULL
50018,120370,1400800551,0,NULL,NULL
50018,127277,1400800551,0,NULL,NULL
50018,120098,1400800551,0,NULL,NULL
50018,121603,1400800551,0,NULL,NULL
50018,128698,1400800551,1,NULL,NULL
50018,128901,1400800551,1,NULL,NULL
50018,128362,1400800551,0,NULL,NULL
50018,120764,1400800551,0,0.0,0.0
50018,121706,1400800551,0,NULL,NULL
50018,129098,1400800551,1,NULL,NULL
50018,123493,1400800551,0,NULL,NULL
50018,126659,1400800551,0,NULL,NULL
50018,120321,1400800551,0,NULL,NULL
50018,122885,1400800551,-1,NULL,NULL
50018,125317,1400800551,0,NULL,NULL
50018,128986,1400800551,0,NULL,NULL
50018,128352,1400800551,-1,NULL,NULL
50018,128676,1400800551,0,NULL,NULL
50018,120309,1400800551,0,0.0,0.0
50018,120595,1400800551,0,NULL,NULL
50018,123044,1400800551,0,NULL,NULL
50018,128455,1400800551,0,NULL,NULL
50018,128988,1400800551,0,NULL,NULL
50018,120712,1400800551,0,NULL,NULL
50018,121560,1400800551,0,NULL,NULL
50018,121553,1400800551,0,NULL,NULL
50019,127907,1400784870,1,NULL,NULL
50020,120876,1400740192,-1,NULL,NULL
50020,120853,1400740192,-1,NULL,NULL
50020,120660,1400740192,0,NULL,NULL
50020,120857,1400740192,-1,NULL,NULL
50020,120659,1400740192,-1,1.0,1.0
50020,120862,1400740192,-1,NULL,NULL
50020,120854,1400740192,1,NULL,NULL
50020,120877,1400740192,-1,NULL,NULL
50020,120871,1400740192,1,NULL,NULL
50020,120856,1400740192,-1,NULL,NULL
50020,120860,1400740192,-1,NULL,NULL
50020,121524,1400740192,-1,NULL,NULL
50020,127295,1400740192,-1,NULL,NULL
50020,121391,1400740192,1,NULL,NULL
50020,128851,1400740192,-1,NULL,NULL
50020,128852,1400740192,-1,NULL,NULL
50020,127380,1400740192,-1,NULL,NULL
50020,127752,1400740192,-1,NULL,NULL
50020,127308,1400740192,0,NULL,NULL
50020,128714,1400740192,-1,0.0,0.0
50021,120312,1400733647,1,NULL,NULL
50022,127395,1400733134,0,NULL,NULL
50022,123570,1400733134,0,NULL,NULL
50022,123571,1400733134,0,NULL,NULL
50022,123569,1400733134,0,NULL,NULL
50023,128847,1400616761,0,NULL,NULL
50023,128504,1400616761,0,NULL,NULL
50023,120310,1400616761,0,NULL,NULL
50023,123571,1400616761,0,NULL,NULL
50023,124445,1400616761,0,NULL,NULL
50023,126111,1400616761,-1,NULL,NULL
50024,127917,1400615657,0,NULL,NULL
50025,123496,1400597460,1,NULL,NULL
50025,127904,1400597460,1,NULL,NULL
50026,128002,1400579710,-1,NULL,NULL
50028,127943,1400516273,0,NULL,NULL
50029,124663,1400514786,0,NULL,NULL
50029,120763,1400514786,1,NULL,NULL
50029,120033,1400514786,0,NULL,NULL
50029,120773,1400514786,0,NULL,NULL
50031,120033,1400286746,0,NULL,NULL
50031,120309,1400286746,0,0.0,0.0
50032,125693,1400283777,0,NULL,NULL
50033,129131,1400260212,0,NULL,NULL
50033,129134,1400260212,0,NULL,NULL
50033,125217,1400260212,1,NULL,NULL
50033,123304,1400260212,0,NULL,NULL
50033,120195,1400260212,0,NULL,NULL
50033,123301,1400260212,0,NULL,NULL
50033,120773,1400260212,0,NULL,NULL
50033,128899,1400260212,0,0.0,NULL
50033,127924,1400260212,0,NULL,NULL
50034,126023,1400275781,0,NULL,NULL
50034,123194,1400275781,1,NULL,NULL
50034,123017,1400275781,0,NULL,NULL
50035,123227,1400213594,0,NULL,NULL
50035,123230,1400213594,0,NULL,NULL
50035,120601,1400213594,0,NULL,NULL
50036,127924,1400173237,-1,NULL,NULL
50036,127931,1400173237,-1,NULL,NULL
50036,127995,1400173237,-1,NULL,NULL
50036,127882,1400173237,1,NULL,NULL
50036,127035,1400173237,1,NULL,NULL
50037,123177,1400150078,1,NULL,NULL
50038,127946,1400118422,0,NULL,NULL
50039,123304,1400021759,0,NULL,NULL
50039,123130,1400021759,0,NULL,NULL
50039,123301,1400021759,0,NULL,NULL
50039,123277,1400021759,0,NULL,NULL
50039,120773,1400021759,0,NULL,NULL
50039,121427,1400021759,0,NULL,NULL
50039,121666,1400021759,-1,NULL,NULL
50039,123305,1400021759,0,NULL,NULL
50039,121666,1400086771,0,NULL,NULL
50040,127946,1400086260,0,NULL,NULL
50041,120618,1400048101,1,NULL,NULL
50041,121176,1400048101,0,NULL,NULL
50042,128899,1400009792,0,0.0,NULL
50042,128984,1400009792,1,NULL,NULL
50042,128470,1400009792,1,NULL,NULL
50042,128900,1400009792,0,NULL,NULL
50042,123191,1400009792,0,NULL,NULL
50042,121580,1400009792,0,NULL,NULL
50042,123699,1400009792,0,NULL,NULL
50042,121173,1400009792,1,NULL,NULL
50042,120127,1400009792,0,NULL,NULL
50042,120312,1400009792,0,NULL,NULL
50042,120331,1400009792,1,NULL,NULL
50042,127854,1400009792,0,NULL,NULL
50042,125483,1400009792,0,NULL,NULL
50042,127216,1400009792,0,NULL,NULL
50042,128902,1400009792,0,NULL,NULL
50042,127025,1400009792,0,NULL,NULL
50042,121580,1400011910,0,NULL,NULL
50043,121356,1399950345,1,NULL,NULL
50043,123013,1399950345,0,NULL,NULL
50043,124800,1399950345,1,NULL,NULL
50043,124799,1399957574,1,NULL,NULL
50043,121356,1399957574,0,NULL,NULL
50043,125761,1399957574,0,NULL,NULL
50045,120366,1399934149,-1,NULL,NULL
50046,121446,1399840610,0,NULL,NULL
50046,126362,1399840610,0,NULL,NULL
50047,127943,1399808396,-1,NULL,NULL
50047,128002,1399808396,1,NULL,NULL
50048,127943,1399805853,1,NULL,NULL
50049,128841,1399587901,1,NULL,NULL
50049,128509,1399587901,0,NULL,NULL
50049,128409,1399587901,0,0.0,0.0
50049,128523,1399587901,1,NULL,NULL
50049,128822,1399587901,0,NULL,NULL
50049,128707,1399587901,-1,NULL,NULL
50049,123361,1399587901,0,NULL,NULL
50049,121310,1399587901,1,NULL,NULL
50049,121883,1399587901,1,NULL,NULL
50049,120676,1399587901,0,NULL,NULL
50049,120061,1399587901,0,NULL,NULL
50049,120154,1399587901,1,NULL,NULL
50049,120084,1399587901,1,NULL,NULL
50049,120177,1399587901,0,NULL,NULL
50049,120195,1399587901,0,NULL,NULL
50049,120194,1399587901,1,NULL,NULL
50049,120176,1399587901,0,NULL,NULL
50050,128002,1399569832,1,NULL,NULL
50050,127943,1399569832,1,NULL,NULL
50051,121556,1399527151,0,NULL,NULL
50051,126659,1399527151,0,NULL,NULL
50051,121560,1399527151,0,NULL,NULL
50051,123489,1399527151,1,NULL,NULL
50051,123059,1399527151,0,NULL,NULL
50051,123493,1399527151,0,NULL,NULL
50051,125363,1399527151,0,0.0,0.0
50051,125312,1399527151,0,NULL,NULL
50051,126824,1399527151,0,NULL,NULL
50051,128362,1399527151,0,NULL,NULL
50051,120312,1399527151,0,NULL,NULL
50051,120221,1399527151,0,NULL,NULL
50051,120391,1399527151,0,NULL,NULL
50051,120370,1399527151,0,NULL,NULL
50051,120176,1399527151,0,NULL,NULL
50051,120321,1399527151,0,NULL,NULL
50051,120404,1399527151,0,NULL,NULL
50051,120346,1399527151,0,NULL,NULL
50051,120366,1399527151,0,NULL,NULL
50051,120764,1399527151,0,0.0,0.0
50051,120595,1399527151,0,NULL,NULL
50051,120712,1399527151,0,NULL,NULL
50051,123828,1399527151,0,NULL,NULL
50051,123492,1399527151,0,NULL,NULL
50051,122885,1399527151,0,NULL,NULL
50051,121603,1399527151,0,NULL,NULL
50051,121706,1399527151,0,NULL,NULL
50051,120475,1399527151,0,NULL,NULL
50051,120771,1399527151,0,NULL,NULL
50051,120676,1399527151,0,NULL,NULL
50051,121553,1399527151,1,NULL,NULL
50051,120524,1399527151,0,NULL,NULL
50051,129153,1399527151,0,NULL,NULL
50051,126878,1399527151,0,NULL,NULL
50051,128455,1399527151,0,NULL,NULL
50051,129098,1399527151,0,NULL,NULL
50053,120195,1399440486,0,NULL,NULL
50053,120157,1399440486,1,NULL,NULL
50054,123016,1399219952,0,NULL,NULL
50054,123361,1399219952,1,NULL,NULL
50054,120195,1399219952,0,NULL,NULL
50054,120194,1399219952,1,NULL,NULL
50054,120176,1399219952,0,NULL,NULL
50054,120061,1399219952,0,NULL,NULL
50054,120084,1399219952,0,NULL,NULL
50054,126820,1399219952,0,NULL,NULL
50054,126022,1399219952,0,NULL,NULL
50054,126023,1399219952,0,NULL,NULL
50054,128409,1399219952,0,0.0,0.0
50055,127089,1399051925,0,NULL,NULL
50055,123178,1399051925,1,NULL,NULL
50055,121898,1399051925,-1,NULL,NULL
50056,125084,1398906276,0,NULL,NULL
50056,125083,1398906276,1,NULL,NULL
50056,120742,1398906276,-1,NULL,NULL
50056,120195,1398906276,1,NULL,NULL
50056,120158,1398906276,1,NULL,NULL
50056,120157,1398906276,0,NULL,NULL
50056,120154,1398906276,0,NULL,NULL
50056,125431,1398906276,0,NULL,NULL
50056,123939,1398906276,1,NULL,NULL
50057,120309,1398816519,0,0.0,0.0
50057,121375,1398816519,1,NULL,NULL
50058,127946,1398795577,0,NULL,NULL
50058,127993,1398795577,0,NULL,NULL
50058,127939,1398795577,0,NULL,NULL
50058,127974,1398795577,0,NULL,NULL
50058,127903,1398795577,0,NULL,NULL
50058,127967,1398795577,0,NULL,NULL
50058,127971,1398795577,0,NULL,NULL
50058,127904,1398795577,0,NULL,NULL
50058,128452,1398795577,0,NULL,NULL
50058,128474,1398795577,0,NULL,NULL
50058,127982,1398795577,0,NULL,NULL
50058,128984,1398795577,0,NULL,NULL
50058,127973,1398795577,0,NULL,NULL
50058,128469,1398795577,0,NULL,NULL
50058,128002,1398795577,0,NULL,NULL
50058,128994,1398795577,0,NULL,NULL
50058,127919,1398795577,0,NULL,NULL
50058,128778,1398795577,0,NULL,NULL
50058,123196,1398795577,0,NULL,NULL
50058,127892,1398795577,0,NULL,NULL
50058,123295,1398795577,0,NULL,NULL
50058,127895,1398795577,0,NULL,NULL
50058,127970,1398795577,0,NULL,NULL
50058,120591,1398795577,0,NULL,NULL
50058,120549,1398795577,0,NULL,NULL
50058,120176,1398795577,0,NULL,NULL
50058,120312,1398795577,0,NULL,NULL
50058,120048,1398795577,0,NULL,NULL
50058,120129,1398795577,0,NULL,NULL
50058,120063,1398795577,0,NULL,NULL
50058,120046,1398795577,0,NULL,NULL
50058,120127,1398795577,0,NULL,NULL
50058,121609,1398795577,0,NULL,NULL
50058,123699,1398795577,0,NULL,NULL
50058,121310,1398795577,0,NULL,NULL
50058,123496,1398795577,0,NULL,NULL
50058,126153,1398795577,0,NULL,NULL
50058,123184,1398795577,0,NULL,NULL
50059,127946,1398783618,1,NULL,NULL
50060,121173,1398783086,0,NULL,NULL
50061,127946,1397625348,1,NULL,NULL
50061,127946,1398746290,-1,NULL,NULL
50062,128662,1398418985,-1,NULL,NULL
50062,128658,1398418985,0,NULL,NULL
50062,128657,1398418985,1,NULL,NULL
50062,128657,1398659774,0,NULL,NULL
50063,127943,1398543314,1,NULL,NULL
50065,127946,1398490524,1,NULL,NULL
50067,127623,1398465892,0,NULL,NULL
50067,128968,1398465892,-1,NULL,NULL
50068,125363,1398461502,0,0.0,0.0
50068,120176,1398461502,0,NULL,NULL
50069,121787,1398459791,0,NULL,NULL
50069,127867,1398459791,-1,NULL,NULL
50069,125483,1398459791,1,NULL,NULL
50069,120313,1398459791,1,NULL,NULL
50069,120331,1398459791,1,NULL,NULL
50069,120127,1398459791,1,NULL,NULL
50069,120545,1398459791,0,NULL,NULL
50069,121366,1398459791,1,NULL,NULL
50070,120154,1398456021,0,NULL,NULL
50070,120195,1398456021,0,NULL,NULL
50071,127946,1398446245,-1,NULL,NULL
50072,121596,1398443125,0,NULL,NULL
50072,126019,1398443125,1,NULL,NULL
50072,120294,1398443125,0,NULL,NULL
50072,120685,1398443125,1,NULL,NULL
50072,120526,1398443125,0,NULL,NULL
50072,121680,1398443125,0,NULL,NULL
50072,125132,1398443125,1,NULL,NULL
50072,121146,1398443125,1,NULL,NULL
50072,121384,1398443125,1,NULL,NULL
50072,128462,1398443125,-1,NULL,NULL
50073,120331,1398441629,0,NULL,NULL
50074,127939,1398375132,0,NULL,NULL
50075,123191,1398351686,0,NULL,NULL
50075,121173,1398351686,1,NULL,NULL
50075,128981,1398351686,1,NULL,NULL
50075,129158,1398351686,0,NULL,NULL
50076,127946,1398348377,1,NULL,NULL
50077,120157,1398318362,1,NULL,NULL
50077,120195,1398318362,1,NULL,NULL
50077,123939,1398318362,0,NULL,NULL
50078,128658,1398139121,-1,NULL,NULL
50078,121375,1398139121,0,NULL,NULL
50078,128658,1398317089,1,NULL,NULL
50079,128455,1398293903,0,NULL,NULL
50079,129098,1398293903,0,NULL,NULL
50079,128362,1398293903,0,NULL,NULL
50079,126824,1398293903,1,NULL,NULL
50079,121556,1398293903,0,NULL,NULL
50079,125312,1398293903,0,NULL,NULL
50079,125363,1398293903,0,0.0,0.0
50079,121706,1398293903,0,NULL,NULL
50079,126659,1398293903,0,NULL,NULL
50079,123828,1398293903,0,NULL,NULL
50079,120771,1398293903,0,NULL,NULL
50079,120176,1398293903,0,NULL,NULL
50079,120312,1398293903,-1,NULL,NULL
50079,120221,1398293903,0,NULL,NULL
50079,120309,1398293903,0,0.0,0.0
50079,120391,1398293903,0,NULL,NULL
50079,120370,1398293903,0,NULL,NULL
50079,120366,1398293903,1,NULL,NULL
50079,120764,1398293903,0,0.0,0.0
50079,120475,1398293903,0,NULL,NULL
50079,120346,1398293903,0,NULL,NULL
50080,120061,1398274673,1,1.0,1.0
50080,127087,1398274673,0,NULL,NULL
50081,127946,1398269600,1,NULL,NULL
50081,128131,1398269600,1,NULL,NULL
50082,129099,1398267446,0,NULL,NULL
50082,123172,1398267446,-1,NULL,NULL
50082,125066,1398267446,-1,NULL,NULL
50082,120223,1398267446,-1,NULL,NULL
50082,120176,1398267446,0,NULL,NULL
50082,120222,1398267446,-1,NULL,NULL
50082,120331,1398267446,0,NULL,NULL
50082,120346,1398267446,-1,NULL,NULL
50082,128352,1398267446,-1,NULL,NULL
50082,129082,1398267446,-1,NULL,NULL
50083,120033,1398226154,0,NULL,NULL
50084,120545,1398220465,1,NULL,NULL
50084,120353,1398220465,-1,NULL,NULL
50084,123190,1398220465,1,NULL,NULL
50084,126138,1398220465,-1,NULL,NULL
50084,127513,1398220465,0,NULL,NULL
50084,125943,1398220465,1,NULL,NULL
50085,128984,1398219360,-1,NULL,NULL
50086,128907,1398211386,0,NULL,NULL
50086,129016,1398211386,0,NULL,NULL
50086,128923,1398211386,0,NULL,NULL
50086,129018,1398211386,0,NULL,NULL
50086,128918,1398211386,1,NULL,NULL
50086,128945,1398211386,0,NULL,NULL
50086,128916,1398211386,0,NULL,NULL
50086,128957,1398211386,1,NULL,NULL
50086,128919,1398211386,0,NULL,NULL
50086,128922,1398211386,1,NULL,NULL
50087,128923,1398209773,0,NULL,NULL
50090,127233,1398133801,0,NULL,NULL
50091,128781,1398113212,0,NULL,NULL
50091,129111,1398113212,0,-1.0,-1.0
50091,127943,1398113212,0,NULL,NULL
50091,129103,1398113212,0,NULL,NULL
50091,127942,1398113212,0,0.0,0.0
50091,128694,1398113212,0,NULL,NULL
50091,128469,1398113212,0,NULL,NULL
50091,120549,1398113212,0,NULL,NULL
50091,120751,1398113212,0,NULL,NULL
50091,120870,1398113212,0,0.0,0.0
50091,120495,1398113212,0,0.0,0.0
50091,120154,1398113212,0,NULL,NULL
50091,120063,1398113212,0,NULL,NULL
50091,120127,1398113212,0,NULL,NULL
50091,123699,1398113212,0,NULL,NULL
50091,121173,1398113212,0,NULL,NULL
50091,120547,1398113212,0,NULL,NULL
50091,120639,1398113212,0,NULL,NULL
50091,121898,1398113212,0,NULL,NULL
50091,121200,1398113212,0,NULL,NULL
50091,125699,1398113212,0,NULL,NULL
50091,128002,1398113212,0,NULL,NULL
50091,128543,1398113212,0,NULL,NULL
50091,128994,1398113212,0,NULL,NULL
50091,126835,1398113212,0,NULL,NULL
50091,126932,1398113212,0,NULL,NULL
50091,121383,1398113212,0,NULL,NULL
50091,126700,1398113212,0,NULL,NULL
50091,121576,1398113212,0,NULL,NULL
50091,121787,1398113212,0,NULL,NULL
50091,123498,1398113212,0,NULL,NULL
50091,123155,1398113212,0,NULL,NULL
50092,120549,1397971879,0,NULL,NULL
50092,123184,1397971879,0,NULL,NULL
50093,123699,1397860989,1,NULL,NULL
50093,123699,1397898662,-1,NULL,NULL
50094,120063,1397885327,0,NULL,NULL
50095,129100,1397884903,-1,NULL,NULL
50096,126856,1397842838,1,NULL,NULL
50096,127463,1397842838,0,NULL,NULL
50096,128794,1397842838,0,NULL,NULL
50096,128841,1397842838,0,NULL,NULL
50096,123361,1397842838,0,NULL,NULL
50097,120545,1397841358,-1,NULL,NULL
50097,120323,1397841358,1,NULL,NULL
50097,121787,1397841358,0,NULL,NULL
50099,128888,1397770404,0,NULL,NULL
50100,121173,1397758348,0,NULL,NULL
50101,121522,1397750699,-1,NULL,NULL
50103,123215,1397672685,0,NULL,NULL
50103,123215,1397672788,0,NULL,NULL
50104,121383,1397666156,1,NULL,NULL
50104,128451,1397666156,0,NULL,NULL
50106,125934,1397602007,0,NULL,NULL
50107,120176,1397596343,0,NULL,NULL
50107,120312,1397596343,-1,NULL,NULL
50108,120195,1397584110,0,NULL,NULL
50108,120158,1397584110,0,NULL,NULL
50108,120157,1397584110,1,NULL,NULL
50108,125084,1397584110,0,NULL,NULL
50109,121556,1397583351,0,NULL,NULL
50109,126961,1397583351,0,NULL,NULL
50111,127919,1397542418,-1,NULL,NULL
50111,127982,1397542418,1,NULL,NULL
50112,120876,1397538207,0,NULL,NULL
50115,120157,1397253728,0,NULL,NULL
50115,120154,1397253728,-1,NULL,NULL
50115,120160,1397253728,0,NULL,NULL
50115,123939,1397253728,1,NULL,NULL
50117,127931,1397267687,-1,NULL,NULL
50118,123498,1397232742,-1,NULL,NULL
50118,128543,1397232742,0,NULL,NULL
50119,125048,1396457427,0,NULL,NULL
50119,120177,1397231966,-1,NULL,NULL
50119,120176,1397231966,1,NULL,NULL
50119,120526,1397231966,0,NULL,NULL
50119,125048,1397231966,-1,NULL,NULL
50121,129106,1397105097,0,NULL,NULL
50122,120323,1397061202,0,NULL,NULL
50122,123385,1397061202,0,0.0,0.0
50122,127237,1397061202,0,NULL,NULL
50122,129121,1397061202,0,NULL,NULL
50123,128452,1397059866,-1,NULL,NULL
50123,124369,1397059866,0,NULL,NULL
50123,121173,1397059866,-1,NULL,NULL
50124,127623,1397044644,0,NULL,NULL
50124,123103,1397044644,0,NULL,NULL
50124,120061,1397044644,1,NULL,NULL
50124,128945,1397044644,0,NULL,NULL
50124,127629,1397044644,0,NULL,NULL
50125,128901,1397043974,0,NULL,NULL
50125,128816,1397043974,0,NULL,NULL
50125,128806,1397043974,1,0.0,0.0
50125,128348,1397043974,1,NULL,NULL
50125,127939,1397043974,-1,NULL,NULL
50125,127286,1397043974,0,NULL,NULL
50125,127392,1397043974,-1,NULL,NULL
50125,127380,1397043974,0,NULL,NULL
50125,126741,1397043974,0,NULL,NULL
50125,123579,1397043974,0,NULL,NULL
50125,125036,1397043974,0,NULL,NULL
50125,125919,1397043974,0,NULL,NULL
50125,125798,1397043974,0,NULL,NULL
50125,127071,1397043974,0,NULL,NULL
50125,128849,1397043974,0,NULL,NULL
50125,129111,1397043974,0,NULL,NULL
50125,127075,1397043974,0,NULL,NULL
50125,128658,1397043974,0,NULL,NULL
50125,128778,1397043974,-1,NULL,NULL
50125,126740,1397043974,0,NULL,NULL
50125,125800,1397043974,0,NULL,NULL
50125,123576,1397043974,0,NULL,NULL
50125,123567,1397043974,-1,NULL,NULL
50125,123291,1397043974,1,NULL,NULL
50125,127854,1397043974,0,NULL,NULL
50125,123527,1397043974,-1,NULL,NULL
50125,123498,1397043974,0,NULL,NULL
50125,123230,1397043974,1,NULL,NULL
50125,123195,1397043974,1,NULL,NULL
50125,123142,1397043974,-1,NULL,NULL
50125,123875,1397043974,-1,NULL,NULL
50125,124940,1397043974,-1,NULL,NULL
50125,123566,1397043974,0,NULL,NULL
50125,121787,1397043974,0,NULL,NULL
50125,121536,1397043974,0,NULL,NULL
50125,125912,1397043974,0,NULL,NULL
50125,123564,1397043974,0,NULL,NULL
50125,120323,1397043974,0,NULL,NULL
50125,120331,1397043974,-1,NULL,NULL
50125,120136,1397043974,0,NULL,NULL
50125,120284,1397043974,0,NULL,NULL
50125,123565,1397043974,0,NULL,NULL
50125,123689,1397043974,1,NULL,NULL
50125,120876,1397043974,-1,NULL,NULL
50125,120882,1397043974,1,NULL,NULL
50125,121522,1397043974,0,NULL,NULL
50125,121537,1397043974,0,NULL,NULL
50125,121534,1397043974,0,NULL,NULL
50125,123141,1397043974,-1,NULL,NULL
50125,121176,1397043974,-1,NULL,NULL
50125,121153,1397043974,0,NULL,NULL
50125,121526,1397043974,0,NULL,NULL
50125,121541,1397043974,0,NULL,NULL
50125,120853,1397043974,0,NULL,NULL
50125,120601,1397043974,0,NULL,NULL
50125,120545,1397043974,-1,NULL,NULL
50125,121182,1397043974,1,NULL,NULL
50125,121375,1397043974,0,NULL,NULL
50125,120877,1397043974,0,NULL,NULL
50126,128813,1396900570,-1,NULL,NULL
50126,128814,1396900570,-1,NULL,NULL
50127,129112,1396889745,0,NULL,NULL
50127,128842,1396889745,0,NULL,NULL
50127,128841,1396889745,-1,NULL,NULL
50127,128846,1396889745,-1,0.0,0.0
50127,126779,1396889745,1,NULL,NULL
50127,127464,1396889745,0,NULL,NULL
50127,120274,1396889745,0,NULL,NULL
50127,120379,1396889745,-1,NULL,NULL
50127,120070,1396889745,-1,NULL,NULL
50127,120309,1396889745,0,0.0,0.0
50127,125018,1396889745,0,NULL,NULL
50127,123363,1396889745,0,NULL,NULL
50128,125083,1396683684,1,NULL,NULL
50128,120195,1396683684,1,NULL,NULL
50130,128362,1396659535,0,NULL,NULL
50130,128352,1396659535,1,NULL,NULL
50131,127923,1396643283,0,NULL,NULL
50133,127480,1396569532,0,NULL,NULL
50134,127943,1396565853,-1,NULL,NULL
50136,128658,1396556970,0,NULL,NULL
50136,120070,1396556970,1,NULL,NULL
50137,127230,1396553995,0,NULL,NULL
50137,128707,1396553995,0,NULL,NULL
50137,128812,1396553995,0,NULL,NULL
50137,128901,1396553995,0,NULL,NULL
50137,121866,1396553995,0,NULL,NULL
50137,121177,1396553995,0,0.0,0.0
50137,120309,1396553995,0,0.0,0.0
50138,120331,1396520012,1,NULL,NULL
50138,127395,1396520012,0,NULL,NULL
50139,120165,1396517296,1,NULL,NULL
50139,120061,1396517296,1,NULL,NULL
50139,125301,1396517296,1,NULL,NULL
50140,120048,1396394876,0,NULL,NULL
50140,120046,1396394876,0,NULL,NULL
50140,123496,1396394876,0,NULL,NULL
50141,120127,1396393203,1,NULL,NULL
50141,127731,1396393203,0,NULL,NULL
50143,120100,1396318273,1,NULL,NULL
50143,120100,1396373133,-1,NULL,NULL
50144,120274,1396368575,1,NULL,NULL
50145,121633,1396347160,0,NULL,NULL
50146,123823,1396317181,1,NULL,NULL
50146,126111,1396317181,0,NULL,NULL
50147,120312,1396284124,0,NULL,NULL
50147,120176,1396284124,1,NULL,NULL
50147,120367,1396284124,1,NULL,NULL
50147,120526,1396284124,1,NULL,NULL
50147,125132,1396284124,0,NULL,NULL
50147,121146,1396284124,1,NULL,NULL
50147,121384,1396284124,0,-1.0,-1.0
50147,121596,1396284124,1,NULL,NULL
50147,125363,1396284124,0,NULL,NULL
50148,123291,1396113536,0,NULL,NULL
50148,126890,1396113536,0,NULL,NULL
50148,128850,1396113536,1,NULL,NULL
50148,124940,1396113536,1,NULL,NULL
50148,123113,1396113536,1,NULL,NULL
50148,121631,1396113536,0,NULL,NULL
50148,121536,1396113536,1,NULL,NULL
50148,121523,1396113536,1,NULL,NULL
50148,120849,1396113536,1,NULL,NULL
50148,120882,1396113536,-1,NULL,NULL
50148,121534,1396113536,-1,0.0,0.0
50148,121537,1396113536,0,NULL,NULL
50148,121522,1396113536,1,0.0,0.0
50148,120876,1396113536,0,NULL,NULL
50148,120662,1396113536,0,NULL,NULL
50148,120879,1396113536,1,NULL,NULL
50148,120545,1396113536,-1,NULL,NULL
50148,120881,1396113536,1,NULL,NULL
50148,120853,1396113536,1,NULL,NULL
50148,127296,1396113536,1,NULL,NULL
50148,128815,1396113536,0,NULL,NULL
50148,127380,1396113536,-1,NULL,NULL
50148,128839,1396113536,0,NULL,NULL
50148,127302,1396113536,0,NULL,NULL
50148,127300,1396113536,0,NULL,NULL
50148,128849,1396113536,1,NULL,NULL
50151,120274,1396064410,0,NULL,NULL
50151,120583,1396064410,0,NULL,NULL
50151,124404,1396064410,0,NULL,NULL
50151,128663,1396064410,0,NULL,NULL
50152,121233,1396064068,0,NULL,NULL
50153,120117,1396054463,1,NULL,NULL
50155,120312,1396026534,0,NULL,NULL
50155,120177,1396026534,0,NULL,NULL
50156,127946,1395974279,1,NULL,NULL
50157,120313,1395964426,0,NULL,NULL
50158,120310,1395961799,0,NULL,NULL
50158,120312,1395961799,0,NULL,NULL
50158,120177,1395961799,0,NULL,NULL
50158,121177,1395961799,0,NULL,NULL
50158,120773,1395961799,0,NULL,NULL
50158,121593,1395961799,0,NULL,NULL
50158,123335,1395961799,0,NULL,NULL
50158,127237,1395961799,0,NULL,NULL
50158,126022,1395961799,0,NULL,NULL
50158,128352,1395961799,0,NULL,NULL
50158,128901,1395961799,0,NULL,NULL
50158,127172,1395961799,0,NULL,NULL
50158,127230,1395961799,0,NULL,NULL
50158,127069,1395961799,0,NULL,NULL
50159,127194,1395956696,0,NULL,NULL
50160,121384,1395916343,-1,NULL,NULL
50161,127899,1395881655,-1,NULL,NULL
50161,127880,1395881655,-1,NULL,NULL
50161,127927,1395881655,-1,NULL,NULL
50161,127879,1395881655,-1,NULL,NULL
50161,127883,1395881655,-1,NULL,NULL
50161,127945,1395881655,0,NULL,NULL
50161,127874,1395881655,-1,NULL,NULL
50161,127922,1395881655,-1,NULL,NULL
50161,129091,1395881655,-1,NULL,NULL
50164,128352,1395875709,1,NULL,NULL
50165,120331,1395854496,-1,NULL,NULL
50165,120127,1395854496,1,NULL,NULL
50167,128002,1395851000,1,NULL,NULL
50167,127943,1395851000,1,NULL,NULL
50169,120087,1395781432,0,NULL,NULL
50170,123335,1395776092,0,NULL,NULL
50170,120221,1395776092,1,NULL,NULL
50170,120063,1395776092,1,NULL,NULL
50170,126153,1395776092,-1,NULL,NULL
50170,121556,1395776092,1,NULL,NULL
50170,121706,1395776092,0,NULL,NULL
50170,123225,1395776092,1,NULL,NULL
50170,125340,1395776092,0,NULL,NULL
50170,120370,1395776092,1,0.0,0.0
50170,126961,1395776092,-1,NULL,NULL
50170,123418,1395776092,-1,NULL,NULL
50170,120310,1395776092,-1,NULL,NULL
50170,126347,1395776092,-1,NULL,NULL
50170,127465,1395776092,0,NULL,NULL
50170,128443,1395776092,0,NULL,NULL
50170,128837,1395776092,0,NULL,NULL
50170,125346,1395776092,0,NULL,NULL
50170,120075,1395776092,1,NULL,NULL
50170,120083,1395776092,0,NULL,NULL
50170,128676,1395776092,-1,NULL,NULL
50170,120312,1395776092,-1,NULL,NULL
50170,128675,1395776092,0,0.0,0.0
50170,120160,1395776092,0,NULL,NULL
50170,123562,1395776092,1,NULL,NULL
50170,120367,1395776092,-1,NULL,NULL
50170,129129,1395776092,-1,NULL,NULL
50170,128985,1395776092,1,NULL,NULL
50170,123044,1395776092,-1,NULL,NULL
50170,121596,1395776092,1,NULL,NULL
50170,120070,1395776092,0,NULL,NULL
50170,120087,1395776092,1,NULL,NULL
50170,120346,1395776092,1,NULL,NULL
50170,128707,1395776092,0,NULL,NULL
50170,121730,1395776092,0,NULL,NULL
50170,120223,1395776092,-1,NULL,NULL
50170,121384,1395776092,-1,0.0,0.0
50170,121554,1395776092,1,NULL,NULL
50170,121479,1395776092,1,NULL,NULL
50170,123828,1395776092,0,NULL,NULL
50170,129121,1395776092,0,NULL,NULL
50170,128835,1395776092,0,NULL,NULL
50170,127463,1395776092,-1,NULL,NULL
50170,121898,1395776092,1,NULL,NULL
50170,121557,1395776092,1,NULL,NULL
50170,120099,1395776092,0,NULL,NULL
50170,121549,1395776092,-1,NULL,NULL
50170,120084,1395776092,1,NULL,NULL
50170,120577,1395776092,1,NULL,NULL
50170,120222,1395776092,0,NULL,NULL
50170,121425,1395776092,0,NULL,NULL
50170,125132,1395776092,0,NULL,NULL
50170,120848,1395776092,0,NULL,NULL
50170,128357,1395776092,1,NULL,NULL
50170,120225,1395776092,-1,0.0,0.0
50170,125048,1395776092,1,NULL,NULL
50170,128393,1395776092,0,NULL,NULL
50170,129100,1395776092,1,0.0,0.0
50170,120218,1395776092,0,NULL,NULL
50170,127977,1395776092,1,NULL,NULL
50170,121734,1395776092,0,NULL,NULL
50171,120471,1395766109,1,NULL,NULL
50172,127943,1395765788,0,NULL,NULL
50175,128132,1395717256,1,NULL,NULL
50176,123181,1395705091,0,NULL,NULL
50177,120849,1395686835,0,NULL,NULL
50178,125798,1395461356,0,NULL,NULL
50179,127230,1395441963,0,NULL,NULL
50179,128849,1395441963,0,NULL,NULL
50179,125933,1395441963,0,NULL,NULL
50179,125323,1395441963,0,NULL,NULL
50179,128853,1395441963,0,NULL,NULL
50179,129157,1395441963,0,NULL,NULL
50179,129158,1395441963,0,NULL,NULL
50179,128675,1395441963,0,0.0,0.0
50179,127924,1395441963,0,NULL,NULL
50179,128676,1395441963,0,NULL,NULL
50179,127216,1395441963,0,NULL,NULL
50179,123343,1395441963,0,NULL,NULL
50179,124418,1395441963,0,NULL,NULL
50179,123496,1395441963,0,NULL,NULL
50179,121651,1395441963,0,NULL,NULL
50179,121366,1395441963,0,NULL,NULL
50179,121173,1395441963,0,NULL,NULL
50179,120310,1395441963,0,NULL,NULL
50179,120471,1395441963,0,NULL,NULL
50179,120785,1395441963,0,NULL,NULL
50180,120702,1395350165,0,NULL,NULL
50180,120870,1395350165,0,0.0,0.0
50180,120762,1395350165,-1,NULL,NULL
50180,121524,1395350165,0,NULL,NULL
50180,123269,1395350165,0,NULL,NULL
50180,123130,1395350165,0,NULL,NULL
50180,121523,1395350165,-1,NULL,NULL
50180,121536,1395350165,0,NULL,NULL
50180,123271,1395350165,0,NULL,NULL
50180,128815,1395350165,0,NULL,NULL
50180,128851,1395350165,-1,0.0,0.0
50180,127752,1395350165,0,NULL,NULL
50180,128849,1395350165,1,NULL,NULL
50181,127973,1395344776,0,NULL,NULL
50182,120063,1395285900,1,NULL,NULL
50184,127238,1395272131,0,NULL,NULL
50186,125050,1395259402,1,NULL,NULL
50187,126856,1395256541,0,NULL,NULL
50188,121210,1395095845,0,NULL,NULL
50189,121681,1395092260,0,NULL,NULL
50190,120692,1395072939,1,NULL,NULL
50190,123702,1395072939,1,NULL,NULL
50191,128781,1395072888,1,NULL,NULL
50192,120176,1394927035,1,NULL,NULL
50192,125162,1394927035,0,NULL,NULL
50193,128362,1389669543,1,NULL,NULL
50193,123361,1389669543,0,NULL,NULL
50193,128121,1389669543,1,NULL,NULL
50193,120312,1389669543,1,NULL,NULL
50193,120075,1389669543,1,NULL,NULL
50193,120526,1389669543,0,NULL,NULL
50193,120392,1389669543,1,NULL,NULL
50193,120274,1389669543,0,NULL,NULL
50193,125317,1389669543,1,NULL,NULL
50193,123138,1389669543,0,0.0,0.0
50193,129100,1389669543,0,NULL,NULL
50193,129098,1389669543,1,NULL,NULL
50193,128509,1389669543,0,NULL,NULL
50193,128781,1389669543,0,NULL,NULL
50193,120392,1389910567,-1,NULL,NULL
50193,120526,1389910567,0,NULL,NULL
50193,120312,1389910567,-1,NULL,NULL
50193,120274,1389910567,0,NULL,NULL
50193,120075,1389910567,-1,NULL,NULL
50193,123361,1389910567,0,NULL,NULL
50193,125317,1389910567,-1,NULL,NULL
50193,123138,1389910567,0,0.0,0.0
50193,128362,1389910567,-1,NULL,NULL
50193,128781,1389910567,0,NULL,NULL
50193,128121,1389910567,-1,NULL,NULL
50193,129098,1389910567,-1,NULL,NULL
50193,129100,1389910567,0,NULL,NULL
50193,128509,1389910567,0,NULL,NULL
50193,128781,1394925866,0,NULL,NULL
50193,128362,1394925866,1,NULL,NULL
50193,129100,1394925866,0,NULL,NULL
50193,128509,1394925866,0,NULL,NULL
50193,129098,1394925866,1,NULL,NULL
50193,120274,1394925866,0,NULL,NULL
50193,120392,1394925866,1,NULL,NULL
50193,120526,1394925866,0,NULL,NULL
50193,120312,1394925866,1,NULL,NULL
50193,120075,1394925866,1,NULL,NULL
50193,125317,1394925866,1,NULL,NULL
50193,123138,1394925866,0,0.0,0.0
50193,123361,1394925866,0,NULL,NULL
50193,128121,1394925866,1,NULL,NULL
50194,127977,1394925665,1,NULL,NULL
50197,123498,1394822811,1,NULL,NULL
50197,127977,1394822811,1,NULL,NULL
50197,127977,1394856258,0,NULL,NULL
50199,120849,1394841953,0,NULL,NULL
50200,120331,1394839214,0,NULL,NULL
50200,120312,1394839214,0,NULL,NULL
50200,120310,1394839214,0,NULL,NULL
50200,121366,1394839214,0,NULL,NULL
50200,128889,1394839214,0,NULL,NULL
50200,127942,1394839214,0,0.0,0.0
50200,127924,1394839214,0,NULL,NULL
50201,121366,1394829993,0,NULL,NULL
50202,120127,1394824604,1,NULL,NULL
50205,120127,1394806030,-1,NULL,NULL
50205,120136,1394806030,0,NULL,NULL
50205,120545,1394806030,-1,NULL,NULL
50205,123269,1394806030,0,NULL,NULL
50205,121659,1394806030,-1,NULL,NULL
50205,123227,1394806030,1,NULL,NULL
50205,125483,1394806030,0,NULL,NULL
50205,126828,1394806030,-1,NULL,NULL
50205,126045,1394806030,-1,NULL,NULL
50205,127513,1394806030,0,NULL,NULL
50206,128352,1394766392,1,NULL,NULL
50206,128362,1394766392,-1,NULL,NULL
50207,127803,1394766141,-1,NULL,NULL
50207,121554,1394766141,0,NULL,NULL
50207,121557,1394766141,0,NULL,NULL
50207,120288,1394766141,0,NULL,NULL
50207,120312,1394766141,0,NULL,NULL
50207,120176,1394766141,0,NULL,NULL
50207,120681,1394766141,0,NULL,NULL
50208,128352,1394750522,0,NULL,NULL
50209,127513,1394750126,1,NULL,NULL
50209,128978,1394750126,0,NULL,NULL
50209,125727,1394750126,1,NULL,NULL
50209,120545,1394750126,0,NULL,NULL
50209,120127,1394750126,1,NULL,NULL
50209,120331,1394750126,1,NULL,NULL
50210,128813,1394748712,1,NULL,NULL
50210,120785,1394748712,0,NULL,NULL
50211,128841,1394741040,0,NULL,NULL
50211,121310,1394741040,0,NULL,NULL
50211,120379,1394741040,-1,NULL,NULL
50211,126856,1394741040,1,NULL,NULL
50212,126903,1394730824,0,NULL,NULL
50213,127803,1394662346,1,NULL,NULL
50214,120312,1394660035,1,NULL,NULL
50215,121384,1394640156,0,0.0,0.0
50215,121596,1394640156,1,NULL,NULL
50216,120312,1394639817,1,NULL,NULL
50216,120797,1394639817,0,NULL,NULL
50216,123363,1394639817,1,NULL,NULL
50216,128933,1394639817,0,NULL,NULL
50216,129112,1394639817,0,NULL,NULL
50216,128545,1394639817,0,NULL,NULL
50216,128510,1394639817,1,NULL,NULL
50216,128124,1394639817,1,NULL,NULL
50216,127464,1394639817,0,NULL,NULL
50216,128509,1394639817,1,0.0,0.0
50217,124940,1394633784,0,NULL,NULL
50217,120067,1394633784,1,NULL,NULL
50219,128660,1394580527,-1,NULL,NULL
50221,125446,1394549619,0,-1.0,-1.0
50222,121173,1394491699,0,NULL,NULL
50222,123699,1394491699,0,NULL,NULL
50223,123060,1394489281,0,NULL,NULL
50224,127097,1394473600,0,NULL,NULL
50224,127094,1394473600,0,NULL,NULL
50224,126981,1394473600,0,NULL,NULL
50224,127093,1394473600,0,NULL,NULL
50224,125930,1394473600,0,NULL,NULL
50224,128008,1394473600,1,NULL,NULL
50224,126897,1394473600,0,NULL,NULL
50225,121176,1394311292,1,NULL,NULL
50226,125889,1394304535,1,NULL,NULL
50226,120323,1394304535,-1,NULL,NULL
50226,125446,1394304535,1,NULL,NULL
50227,123361,1394301870,0,NULL,NULL
50228,120049,1394254897,0,NULL,NULL
50229,127233,1394239651,0,NULL,NULL
50230,127994,1394238800,0,NULL,NULL
50230,127995,1394238800,1,NULL,NULL
50230,127931,1394238800,0,NULL,NULL
50230,127924,1394238800,1,NULL,NULL
50231,120312,1394236037,0,NULL,NULL
50231,121547,1394236037,0,NULL,NULL
50232,127985,1394207461,0,NULL,NULL
50233,121866,1394142619,0,NULL,NULL
50233,120870,1394142619,0,0.0,0.0
50234,121384,1394138111,0,0.0,0.0
50236,120727,1394132896,1,NULL,NULL
50238,127941,1394099217,-1,NULL,NULL
50239,126736,1394085064,0,NULL,NULL
50239,120062,1394085064,1,NULL,NULL
50239,120123,1394085064,-1,NULL,NULL
50240,120082,1394084571,1,NULL,NULL
50241,120312,1394070152,1,NULL,NULL
50242,120221,1394069185,-1,NULL,NULL
50242,120312,1394069185,0,NULL,NULL
50245,121383,1394042707,0,NULL,NULL
50246,121383,1394041537,0,NULL,NULL
50247,121383,1394040930,-1,NULL,NULL
50247,128781,1394040930,1,NULL,NULL
50249,121201,1393943637,0,NULL,NULL
50249,120471,1393943637,0,NULL,NULL
50250,127943,1393931957,1,NULL,NULL
50251,123383,1393923987,0,NULL,NULL
50251,123363,1393923987,0,NULL,NULL
50251,120070,1393923987,1,NULL,NULL
50251,123382,1393923987,0,NULL,NULL
50251,123353,1393923987,0,NULL,NULL
50251,128422,1393923987,0,NULL,NULL
50252,123046,1393923962,0,NULL,NULL
50252,120851,1393923962,0,NULL,NULL
50253,121366,1393923001,1,NULL,NULL
50253,120331,1393923001,1,NULL,NULL
50254,121356,1393922715,1,NULL,NULL
50255,121144,1393825684,1,NULL,NULL
50255,123215,1393890417,0,NULL,NULL
50256,123580,1393883843,0,NULL,NULL
50256,120652,1393883843,1,NULL,NULL
50256,120127,1393883843,1,NULL,NULL
50256,120092,1393883843,0,NULL,NULL
50256,123569,1393883843,0,NULL,NULL
50256,123570,1393883843,0,NULL,NULL
50256,123578,1393883843,0,NULL,NULL
50256,126856,1393883843,0,NULL,NULL
50257,121596,1393877224,1,NULL,NULL
50257,121384,1393877224,0,0.0,0.0
50257,121146,1393877224,0,NULL,NULL
50258,126550,1393671050,0,NULL,NULL
50258,125545,1393671050,0,NULL,NULL
50258,120033,1393671050,0,NULL,NULL
50258,120657,1393671050,-1,NULL,NULL
50258,120853,1393671050,1,NULL,NULL
50258,120545,1393671050,0,NULL,NULL
50258,127106,1393671050,1,NULL,NULL
50261,121646,1393578838,0,NULL,NULL
50262,121310,1393500988,0,NULL,NULL
50262,123363,1393500988,0,NULL,NULL
50264,120061,1393458762,1,NULL,NULL
50264,120165,1393458762,1,NULL,NULL
50265,123809,1393456322,0,NULL,NULL
50266,121310,1393453460,0,NULL,NULL
50266,120357,1393453460,1,NULL,NULL
50266,120070,1393453460,1,NULL,NULL
50266,120034,1393453460,0,NULL,NULL
50266,120176,1393453460,1,NULL,NULL
50266,120288,1393453460,0,NULL,NULL
50266,126370,1393453460,0,0.0,0.0
50267,127946,1393451801,-1,NULL,NULL
50268,128002,1393376630,-1,NULL,NULL
50268,123498,1393376630,-1,NULL,NULL
50268,127943,1393376630,1,NULL,NULL
50268,123498,1393447039,0,NULL,NULL
50268,123139,1393447039,0,NULL,NULL
50268,127943,1393447039,0,NULL,NULL
50270,128422,1393345737,-1,NULL,NULL
50270,128382,1393345737,0,NULL,NULL
50270,126856,1393345737,1,NULL,NULL
50270,128506,1393345737,0,NULL,NULL
50270,128639,1393345737,1,NULL,NULL
50270,127286,1393345737,1,NULL,NULL
50270,128901,1393345737,0,NULL,NULL
50270,123498,1393345737,0,NULL,NULL
50270,123562,1393345737,0,NULL,NULL
50270,123361,1393345737,0,NULL,NULL
50270,121408,1393345737,1,NULL,NULL
50270,123368,1393345737,0,NULL,NULL
50270,123389,1393345737,0,NULL,NULL
50270,123363,1393345737,1,NULL,NULL
50270,128841,1393345737,0,NULL,NULL
50270,123375,1393345737,0,NULL,NULL
50270,123385,1393345737,0,NULL,NULL
50270,121142,1393345737,0,0.0,0.0
50270,125012,1393345737,0,NULL,NULL
50270,120274,1393345737,-1,0.0,NULL
50270,120585,1393345737,0,NULL,NULL
50270,120471,1393345737,1,NULL,NULL
50270,120312,1393345737,0,NULL,NULL
50270,120310,1393345737,0,NULL,NULL
50270,120471,1393418348,0,NULL,NULL
50271,128814,1393389132,0,NULL,NULL
50271,129122,1393389132,-1,NULL,NULL
50272,123343,1393382671,1,NULL,NULL
50272,120071,1393382671,1,NULL,NULL
50273,120099,1393376520,0,NULL,NULL
50273,125339,1393376520,1,NULL,NULL
50273,125340,1393376520,0,NULL,NULL
50273,129179,1393376520,1,NULL,NULL
50274,128452,1393359435,0,NULL,NULL
50276,128895,1393293481,1,NULL,NULL
50276,129102,1393293481,1,NULL,NULL
50277,121069,1393291851,0,NULL,NULL
50278,120312,1393289936,0,NULL,NULL
50279,123304,1393277303,0,NULL,NULL
50279,121427,1393277303,1,NULL,NULL
50279,121666,1393277303,0,NULL,NULL
50279,123277,1393277303,0,NULL,NULL
50280,120221,1393261803,1,NULL,NULL
50280,120176,1393261803,1,NULL,NULL
50281,120310,1393236339,0,NULL,NULL
50281,120471,1393236339,1,NULL,NULL
50281,128841,1393236339,0,NULL,NULL
50281,126856,1393236339,1,NULL,NULL
50285,124799,1393022861,0,NULL,NULL
50287,128774,1393015161,-1,NULL,NULL
50290,128002,1392975592,1,NULL,NULL
50290,127943,1392975592,0,NULL,NULL
50291,120286,1392952786,0,NULL,NULL
50292,120312,1392909406,1,NULL,NULL
50292,125012,1392909406,-1,NULL,NULL
50293,128933,1392909003,1,NULL,NULL
50293,128932,1392909003,1,NULL,NULL
50294,124767,1392908865,1,NULL,NULL
50294,123361,1392908865,-1,NULL,NULL
50295,120310,1392908597,-1,NULL,NULL
50297,127975,1392830953,0,NULL,NULL
50297,127904,1392830953,0,NULL,NULL
50298,127946,1392830399,1,NULL,NULL
50299,121383,1392815596,0,NULL,NULL
50299,120475,1392815596,1,NULL,NULL
50299,120549,1392815596,-1,NULL,NULL
50300,127943,1392807441,1,NULL,NULL
50300,128002,1392807441,1,0.0,0.0
50302,127946,1392767289,0,NULL,NULL
50304,127929,1392751766,0,NULL,NULL
50305,123205,1392751674,0,0.0,0.0
50305,120595,1392751674,-1,NULL,NULL
50306,120331,1392749343,0,NULL,NULL
50307,120312,1392748801,0,NULL,NULL
50308,121366,1392735615,0,NULL,NULL
50309,120875,1392676401,0,NULL,NULL
50310,120312,1392516020,1,NULL,NULL
50313,120576,1392312385,-1,NULL,NULL
50313,120365,1392312385,-1,NULL,NULL
50313,121551,1392312385,0,0.0,0.0
50313,128472,1392312385,1,NULL,NULL
50313,127473,1392312385,0,NULL,NULL
50313,123353,1392312385,1,NULL,NULL
50313,123718,1392312385,0,NULL,NULL
50313,127068,1392312385,1,NULL,NULL
50313,127028,1392312385,1,NULL,NULL
50314,120471,1392299498,-1,NULL,NULL
50314,121310,1392299498,-1,NULL,NULL
50314,121609,1392299498,-1,NULL,NULL
50314,123699,1392299498,-1,NULL,NULL
50315,127946,1392282553,0,NULL,NULL
50317,121651,1392263084,1,NULL,NULL
50318,123498,1392234147,1,NULL,NULL
50318,127867,1392234147,1,NULL,NULL
50318,127983,1392234147,1,NULL,NULL
50319,121383,1392225038,0,NULL,NULL
50319,123498,1392225038,0,NULL,NULL
50320,129094,1392170790,0,NULL,NULL
50321,123577,1392155056,0,NULL,NULL
50321,120652,1392155056,1,NULL,NULL
50323,120331,1392091122,-1,NULL,NULL
50323,120070,1392091122,1,NULL,NULL
50324,128014,1392081399,1,NULL,NULL
50324,128018,1392081399,1,NULL,NULL
50324,121176,1392081399,1,NULL,NULL
50324,123537,1392081399,0,NULL,NULL
50326,123581,1391963410,0,NULL,NULL
50326,123581,1392045337,0,NULL,NULL
50326,123581,1392076419,0,NULL,NULL
50326,123581,1392079380,0,NULL,NULL
50326,120652,1392079380,1,NULL,NULL
50327,120274,1392009597,0,0.0,NULL
50327,120519,1392009597,0,NULL,NULL
50328,120176,1392005794,0,NULL,NULL
50328,120379,1392005794,0,NULL,NULL
50328,120070,1392005794,0,NULL,NULL
50328,120312,1392005794,0,NULL,NULL
50328,120797,1392005794,-1,NULL,NULL
50328,123335,1392005794,0,NULL,NULL
50328,123343,1392005794,0,NULL,NULL
50328,123225,1392005794,0,NULL,NULL
50328,123418,1392005794,0,NULL,NULL
50328,123361,1392005794,0,NULL,NULL
50328,123363,1392005794,0,NULL,NULL
50328,123395,1392005794,0,NULL,NULL
50328,123400,1392005794,0,NULL,NULL
50328,127277,1392005794,0,NULL,NULL
50328,123393,1392005794,0,NULL,NULL
50328,128846,1392005794,0,NULL,NULL
50328,127463,1392005794,0,NULL,NULL
50328,127194,1392005794,0,NULL,NULL
50328,127465,1392005794,0,NULL,NULL
50328,126856,1392005794,0,NULL,NULL
50328,128843,1392005794,-1,NULL,NULL
50328,128842,1392005794,0,NULL,NULL
50329,122885,1391812005,0,NULL,NULL
50329,120400,1391812005,0,NULL,NULL
50331,120735,1391802408,0,NULL,NULL
50333,120338,1391657396,1,NULL,NULL
50334,128510,1391620113,0,NULL,NULL
50334,127564,1391620113,0,NULL,NULL
50334,123343,1391620113,1,NULL,NULL
50334,125518,1391620113,0,NULL,NULL
50334,123393,1391620113,-1,0.0,0.0
50334,127463,1391620113,0,NULL,NULL
50334,128843,1391620113,-1,NULL,NULL
50334,120676,1391620113,1,NULL,NULL
50334,123225,1391620113,1,0.0,0.0
50334,123363,1391620113,1,NULL,NULL
50334,127564,1391649162,0,NULL,NULL
50335,125025,1391644564,0,NULL,NULL
50335,120034,1391644564,0,NULL,NULL
50337,128993,1391634690,0,NULL,NULL
50337,128969,1391634690,0,NULL,NULL
50337,128910,1391634690,0,NULL,NULL
50338,128101,1391626829,0,NULL,NULL
50340,125025,1391561057,0,NULL,NULL
50340,120034,1391561057,0,NULL,NULL
50340,120034,1391579167,0,NULL,NULL
50340,125025,1391579167,0,NULL,NULL
50342,123177,1391541524,1,NULL,NULL
50343,128852,1391534492,0,NULL,NULL
50344,121375,1391533115,0,NULL,NULL
50346,121288,1391508361,-1,NULL,NULL
50347,128698,1391485737,0,NULL,NULL
50350,128843,1391433589,1,NULL,NULL
50351,120867,1391332581,0,NULL,NULL
50351,120033,1391332581,0,NULL,NULL
50351,120545,1391332581,0,NULL,NULL
50352,127233,1391295855,1,NULL,NULL
50353,125346,1391117820,0,NULL,NULL
50353,127773,1391117820,0,NULL,NULL
50354,128008,1391051406,1,NULL,NULL
50354,126897,1391051406,0,NULL,NULL
50354,126981,1391051406,1,NULL,NULL
50355,120331,1391051220,1,NULL,NULL
50356,120853,1391027643,0,NULL,NULL
50357,127233,1391027491,0,NULL,NULL
50357,128941,1391027491,0,NULL,NULL
50357,127819,1391027491,0,NULL,NULL
50357,129081,1391027491,0,NULL,NULL
50357,128948,1391027491,0,NULL,NULL
50357,123765,1391027491,0,NULL,NULL
50357,123994,1391027491,0,NULL,NULL
50357,127087,1391027491,0,NULL,NULL
50357,123503,1391027491,0,NULL,NULL
50357,123142,1391027491,0,NULL,NULL
50357,123577,1391027491,0,NULL,NULL
50357,125919,1391027491,0,NULL,NULL
50357,123567,1391027491,0,NULL,NULL
50357,123579,1391027491,0,NULL,NULL
50357,123576,1391027491,0,NULL,NULL
50357,121556,1391027491,0,NULL,NULL
50357,123566,1391027491,0,NULL,NULL
50357,123527,1391027491,0,NULL,NULL
50357,127389,1391027491,0,NULL,NULL
50357,126941,1391027491,0,NULL,NULL
50357,123564,1391027491,0,NULL,NULL
50357,123395,1391027491,0,NULL,NULL
50357,123581,1391027491,0,NULL,NULL
50357,123793,1391027491,0,NULL,NULL
50357,121408,1391027491,0,NULL,NULL
50357,120782,1391027491,0,NULL,NULL
50357,123565,1391027491,0,NULL,NULL
50357,120869,1391027491,0,NULL,NULL
50357,123022,1391027491,0,NULL,NULL
50357,120870,1391027491,0,0.0,0.0
50357,120519,1391027491,0,NULL,NULL
50357,120034,1391027491,0,NULL,NULL
50357,120033,1391027491,0,NULL,NULL
50357,120061,1391027491,0,NULL,NULL
50357,120312,1391027491,0,NULL,NULL
50357,120274,1391027491,0,0.0,NULL
50357,128557,1391027491,0,0.0,0.0
50357,128553,1391027491,0,NULL,NULL
50357,128505,1391027491,0,NULL,NULL
50357,128506,1391027491,0,NULL,NULL
50357,127931,1391027491,0,NULL,NULL
50357,128868,1391027491,0,NULL,NULL
50357,128946,1391027491,0,NULL,NULL
50357,128470,1391027491,0,NULL,NULL
50357,128807,1391027491,0,NULL,NULL
50357,128509,1391027491,0,0.0,0.0
50357,128942,1391027491,0,NULL,NULL
50357,128945,1391027491,0,NULL,NULL
50358,121598,1391025152,1,NULL,NULL
50358,125546,1391025152,0,NULL,NULL
50358,126761,1391025152,0,NULL,NULL
50358,125385,1391025152,0,NULL,NULL
50358,128143,1391025152,1,NULL,NULL
50358,125545,1391025152,0,NULL,NULL
50358,128380,1391025152,0,NULL,NULL
50358,128712,1391025152,0,NULL,NULL
50358,128472,1391025152,0,NULL,NULL
50359,125547,1391021740,0,NULL,NULL
50360,121681,1390990086,0,NULL,NULL
50363,123375,1390957671,-1,NULL,NULL
50363,123393,1390957671,0,NULL,NULL
50363,127463,1390957671,0,NULL,NULL
50363,128843,1390957671,0,NULL,NULL
50363,123368,1390957671,1,NULL,NULL
50363,123343,1390957671,-1,NULL,NULL
50363,126856,1390957671,1,NULL,NULL
50364,120061,1390952550,1,NULL,NULL
50365,121551,1390842010,0,NULL,NULL
50366,129214,1390840001,0,NULL,NULL
50368,120034,1390711299,0,0.0,0.0
50368,120132,1390711299,1,NULL,NULL
50368,123699,1390711299,-1,0.0,0.0
50368,121609,1390711299,1,NULL,NULL
50368,121173,1390711299,1,NULL,NULL
50368,125025,1390711299,0,NULL,NULL
50368,120834,1390711299,1,NULL,NULL
50368,127854,1390711299,0,NULL,NULL
50368,128988,1390711299,0,NULL,NULL
50368,128902,1390711299,0,NULL,NULL
50368,126076,1390711299,0,NULL,NULL
50368,125385,1390711299,0,NULL,NULL
50368,127194,1390711299,0,NULL,NULL
50368,128981,1390711299,1,NULL,NULL
50368,128899,1390711299,0,NULL,NULL
50368,128474,1390711299,1,NULL,NULL
50368,128470,1390711299,-1,NULL,NULL
50368,128984,1390711299,0,NULL,NULL
50368,128900,1390711299,0,NULL,NULL
50369,123142,1390687268,0,NULL,NULL
50369,123291,1390687268,0,NULL,NULL
50369,124940,1390687268,0,NULL,NULL
50369,128661,1390687268,0,NULL,NULL
50369,121787,1390687268,0,NULL,NULL
50369,128658,1390687268,0,NULL,NULL
50369,124404,1390687268,0,NULL,NULL
50369,127505,1390687268,0,NULL,NULL
50369,127392,1390687268,0,NULL,NULL
50369,127380,1390687268,0,NULL,NULL
50369,128852,1390687268,0,NULL,NULL
50369,128851,1390687268,0,NULL,NULL
50369,120331,1390687268,0,NULL,NULL
50369,120195,1390687268,1,NULL,NULL
50369,120061,1390687268,1,NULL,NULL
50369,120583,1390687268,0,NULL,NULL
50369,120545,1390687268,0,NULL,NULL
50369,120765,1390687268,0,0.0,0.0
50369,121375,1390687268,0,NULL,NULL
50369,121534,1390687268,0,NULL,NULL
50369,120780,1390687268,0,NULL,NULL
50369,120659,1390687268,0,NULL,NULL
50369,125727,1390687268,0,NULL,NULL
50369,128348,1390687268,0,NULL,NULL
50369,128806,1390687268,0,NULL,NULL
50370,128901,1390606842,0,NULL,NULL
50370,125058,1390606842,1,NULL,NULL
50370,120165,1390606842,-1,NULL,NULL
50371,127194,1390590501,1,NULL,NULL
50372,125931,1390509563,0,NULL,NULL
50372,125931,1390541241,0,NULL,NULL
50373,125933,1390528677,0,NULL,NULL
50374,121383,1390500652,1,NULL,NULL
50375,121383,1390447418,1,NULL,NULL
50376,121383,1390438445,0,NULL,NULL
50380,123361,1390411181,0,NULL,NULL
50382,123368,1390375185,0,NULL,NULL
50382,124940,1390375185,1,NULL,NULL
50382,128994,1390375185,0,NULL,NULL
50382,125058,1390375185,0,NULL,NULL
50382,120309,1390375185,0,0.0,0.0
50382,120142,1390375185,1,NULL,NULL
50382,120274,1390375185,1,0.0,NULL
50382,120585,1390375185,-1,NULL,NULL
50382,120657,1390375185,0,NULL,NULL
50382,120471,1390375185,0,NULL,NULL
50382,120762,1390375185,0,NULL,NULL
50382,121176,1390375185,-1,NULL,NULL
50382,121637,1390375185,0,NULL,NULL
50382,127946,1390375185,0,NULL,NULL
50382,128842,1390375185,0,NULL,NULL
50383,128523,1390354969,1,NULL,NULL
50383,123361,1390354969,1,NULL,NULL
50383,123045,1390354969,1,NULL,NULL
50383,123019,1390354969,1,NULL,NULL
50383,123265,1390354969,0,NULL,NULL
50383,120176,1390354969,1,NULL,NULL
50383,120312,1390354969,0,NULL,NULL
50383,128132,1390354969,1,NULL,NULL
50383,128843,1390354969,1,NULL,NULL
50383,123044,1390354969,1,NULL,NULL
50384,120400,1388466579,0,NULL,NULL
50384,121593,1390339849,0,NULL,NULL
50384,128025,1390339849,0,NULL,NULL
50387,120070,1390262015,1,NULL,NULL
50387,120331,1390262015,-1,NULL,NULL
50389,128778,1390235622,1,NULL,NULL
50389,128774,1390235622,1,NULL,NULL
50390,120092,1390157563,1,NULL,NULL
50390,120331,1390157563,0,NULL,NULL
50391,128362,1390015241,1,NULL,NULL
50391,128357,1390015241,1,NULL,NULL
50391,128822,1390015241,0,NULL,NULL
50391,128352,1390015241,1,NULL,NULL
50391,129098,1390015241,1,NULL,NULL
50392,127184,1390002431,0,NULL,NULL
50393,120331,1389984395,1,NULL,NULL
50393,120346,1389984395,1,NULL,NULL
50393,120331,1389998957,-1,NULL,NULL
50393,120346,1389998957,-1,NULL,NULL
50393,120331,1390000321,1,NULL,NULL
50394,127512,1389991759,1,NULL,NULL
50394,126382,1389991759,1,NULL,NULL
50394,120353,1389991759,1,NULL,NULL
50396,128934,1389925860,1,NULL,NULL
50396,129191,1389925860,1,NULL,NULL
50396,129002,1389925860,0,NULL,NULL
50396,128930,1389925860,1,NULL,NULL
50396,128927,1389925860,1,NULL,NULL
50396,125663,1389925860,1,NULL,NULL
50396,128906,1389925860,0,NULL,NULL
50396,128998,1389925860,0,NULL,NULL
50397,120584,1389925203,0,NULL,NULL
50398,129073,1389922429,-1,NULL,NULL
50399,120176,1389917000,-1,NULL,NULL
50399,128352,1389917000,0,NULL,NULL
50400,128008,1389912271,0,NULL,NULL
50401,128552,1389896731,-1,NULL,NULL
50401,126348,1389896731,1,NULL,NULL
50401,126347,1389896731,1,NULL,NULL
50401,126076,1389896731,0,NULL,NULL
50401,123468,1389896731,0,NULL,NULL
50401,123056,1389896731,0,NULL,NULL
50401,120797,1389896731,1,NULL,NULL
50401,120194,1389896731,0,NULL,NULL
50401,120082,1389896731,0,NULL,NULL
50401,120080,1389896731,1,NULL,NULL
50401,120079,1389896731,1,NULL,NULL
50401,120083,1389896731,-1,NULL,NULL
50401,120333,1389896731,-1,NULL,NULL
50402,121173,1389811795,0,NULL,NULL
50403,128018,1389765431,0,NULL,NULL
50406,121681,1389723412,1,NULL,NULL
50407,120331,1389706014,0,NULL,NULL
50407,120323,1389706014,0,NULL,NULL
50408,128656,1389682201,0,NULL,NULL
50409,120331,1389677797,-1,NULL,NULL
50409,120126,1389677797,-1,NULL,NULL
50409,120127,1389677797,0,NULL,NULL
50409,120034,1389677797,0,0.0,0.0
50409,125025,1389677797,0,NULL,NULL
50409,121609,1389677797,-1,NULL,NULL
50409,121173,1389677797,0,NULL,NULL
50409,128988,1389677797,0,NULL,NULL
50410,127248,1389670160,1,NULL,NULL
50411,121681,1389649867,1,NULL,NULL
50413,121173,1389645504,0,NULL,NULL
50414,120165,1389635620,1,NULL,NULL
50414,120061,1389635620,1,NULL,NULL
50414,123941,1389635620,1,NULL,NULL
50415,126547,1389634213,-1,NULL,NULL
50416,126347,1389203443,1,0.0,0.0
50416,126348,1389203443,-1,NULL,NULL
50416,126347,1389467942,0,NULL,NULL
50416,126348,1389467942,0,NULL,NULL
50417,125629,1389393888,0,NULL,NULL
50418,127033,1389379499,0,NULL,NULL
50419,123205,1389293452,0,0.0,0.0
50420,120168,1389285926,0,0.0,0.0
50420,128008,1389285926,1,NULL,NULL
50420,127850,1389285926,0,NULL,NULL
50420,125938,1389285926,0,0.0,0.0
50420,125084,1389285926,0,NULL,NULL
50420,123516,1389285926,-1,NULL,NULL
50420,123515,1389285926,-1,NULL,NULL
50420,123203,1389285926,0,NULL,NULL
50420,126981,1389285926,1,NULL,NULL
50420,127095,1389285926,-1,NULL,NULL
50420,127852,1389285926,0,NULL,NULL
50421,120048,1389261198,-1,NULL,NULL
50424,123819,1389205135,0,NULL,NULL
50425,120154,1387936821,1,NULL,NULL
50425,120195,1387936821,1,NULL,NULL
50425,120331,1387936821,0,NULL,NULL
50425,120333,1387936821,1,NULL,NULL
50425,123941,1387936821,0,NULL,NULL
50425,120154,1388031545,0,NULL,NULL
50425,123941,1388033533,0,NULL,NULL
50425,120333,1388033533,-1,NULL,NULL
50425,120331,1388033533,0,NULL,NULL
50425,120154,1388033533,-1,NULL,NULL
50425,120195,1388033533,-1,NULL,NULL
50425,123941,1389057297,0,NULL,NULL
50425,120333,1389057297,1,NULL,NULL
50425,120331,1389057297,0,NULL,NULL
50425,120195,1389057297,1,NULL,NULL
50425,120154,1389057297,1,NULL,NULL
50426,120681,1389043888,1,NULL,NULL
50427,123100,1389041053,1,NULL,NULL
50428,120070,1388846294,0,NULL,NULL
50428,120797,1388846294,0,NULL,NULL
50428,123363,1388846294,1,NULL,NULL
50428,128933,1388846294,0,NULL,NULL
50428,129112,1388846294,0,NULL,NULL
50429,123468,1388820294,1,NULL,NULL
50429,126076,1388820294,1,NULL,NULL
50429,120404,1388820294,1,NULL,NULL
50429,120333,1388820294,1,NULL,NULL
50429,120194,1388820294,1,NULL,NULL
50429,120797,1388820294,1,NULL,NULL
50430,129121,1388804531,0,NULL,NULL
50431,128362,1388790524,0,NULL,NULL
50431,120526,1388790524,1,NULL,NULL
50431,120176,1388790524,0,NULL,NULL
50431,120771,1388790524,0,NULL,NULL
50432,127942,1388772701,0,NULL,NULL
50433,120045,1388767499,0,NULL,NULL
50433,120043,1388767499,0,NULL,NULL
50433,120168,1388767499,0,0.0,0.0
50433,123202,1388767499,-1,NULL,NULL
50433,123515,1388767499,0,NULL,NULL
50433,123516,1388767499,0,NULL,NULL
50433,125301,1388767499,0,NULL,NULL
50433,126981,1388767499,1,NULL,NULL
50433,128404,1388767499,1,NULL,NULL
50433,128008,1388767499,1,NULL,NULL
50433,125938,1388767499,0,NULL,NULL
50433,126363,1388767499,0,NULL,NULL
50433,126897,1388767499,-1,NULL,NULL
50433,127095,1388767499,-1,NULL,NULL
50435,120866,1388707466,0,NULL,NULL
50436,121598,1388414139,0,NULL,NULL
50436,121598,1388686827,0,NULL,NULL
50437,121681,1388525722,1,NULL,NULL
50438,120618,1388453677,0,NULL,NULL
50438,121176,1388453677,0,NULL,NULL
50438,121176,1388458742,0,NULL,NULL
50438,120618,1388458742,0,NULL,NULL
50439,125025,1388435749,1,NULL,NULL
50439,120331,1388435749,1,NULL,NULL
50442,120160,1388171537,-1,NULL,NULL
50442,120195,1388171537,0,NULL,NULL
50442,120154,1388171537,-1,NULL,NULL
50442,123939,1388171537,1,NULL,NULL
50443,121494,1388127234,-1,NULL,NULL
50443,121488,1388127234,1,NULL,NULL
50443,121496,1388127234,0,NULL,NULL
50443,121492,1388127234,0,NULL,NULL
50443,121491,1388127234,0,NULL,NULL
50443,121509,1388127234,0,NULL,NULL
50443,121489,1388127234,1,NULL,NULL
50444,120127,1388035779,1,NULL,NULL
50444,120331,1388035779,0,NULL,NULL
50445,120154,1387999053,0,NULL,NULL
50445,120154,1388024216,1,NULL,NULL
50445,120154,1388029795,-1,NULL,NULL
50446,120154,1387916354,1,NULL,NULL
50446,128101,1387916354,-1,NULL,NULL
50446,125084,1387916354,1,NULL,NULL
50447,120061,1387915136,1,NULL,NULL
50448,128676,1387908199,0,NULL,NULL
50448,129098,1387908199,1,NULL,NULL
50448,128352,1387908199,0,NULL,NULL
50449,121383,1387897977,1,NULL,NULL
50451,121383,1387781137,1,NULL,NULL
50452,121383,1387763077,1,NULL,NULL
50452,120391,1387763077,1,NULL,NULL
50452,128781,1387763077,1,NULL,NULL
50452,128352,1387763077,1,NULL,NULL
50453,120061,1387736398,0,NULL,NULL
50454,123363,1387694815,0,NULL,NULL
50455,123941,1387661380,0,NULL,NULL
50455,123939,1387661380,0,NULL,NULL
50456,125012,1387578061,0,NULL,NULL
50456,120848,1387578061,0,NULL,NULL
50456,120771,1387578061,0,NULL,NULL
50456,120176,1387578061,-1,NULL,NULL
50456,120331,1387578061,1,NULL,NULL
50456,120312,1387578061,0,NULL,NULL
50456,120063,1387578061,0,NULL,NULL
50456,123936,1387578061,0,NULL,NULL
50456,121866,1387578061,0,NULL,NULL
50456,128357,1387578061,0,NULL,NULL
50456,124940,1387578061,1,NULL,NULL
50456,127087,1387578061,0,NULL,NULL
50456,127114,1387578061,0,NULL,NULL
50456,127194,1387578061,1,NULL,NULL
50456,128814,1387578061,0,NULL,NULL
50456,128901,1387578061,1,NULL,NULL
50457,120312,1387567313,1,NULL,NULL
50458,120195,1387560295,1,NULL,NULL
50459,120870,1387521713,0,-1.0,-1.0
50459,120172,1387521713,0,NULL,NULL
50459,120195,1387521713,1,NULL,NULL
50459,120061,1387521713,1,NULL,NULL
50459,129004,1387521713,0,NULL,NULL
50459,120195,1387557880,0,NULL,NULL
50460,120331,1387556214,1,NULL,NULL
50460,120545,1387556214,-1,NULL,NULL
50461,125639,1387510443,0,NULL,NULL
50462,128348,1387495676,0,NULL,NULL
50462,120667,1387495676,0,NULL,NULL
50462,121427,1387495676,0,NULL,NULL
50462,120773,1387495676,-1,NULL,NULL
50462,121787,1387495676,0,NULL,NULL
50462,127513,1387495676,0,NULL,NULL
50463,128912,1387476315,1,NULL,NULL
50463,128911,1387476315,-1,NULL,NULL
50464,128907,1387474217,1,NULL,NULL
50464,128917,1387474217,-1,NULL,NULL
50464,128914,1387474217,1,NULL,NULL
50464,128918,1387474217,1,NULL,NULL
50464,128924,1387474217,-1,NULL,NULL
50464,129000,1387474217,1,NULL,NULL
50464,129012,1387474217,0,NULL,NULL
50465,120782,1387434320,0,0.0,0.0
50465,121383,1387434320,1,NULL,NULL
50465,128781,1387434320,1,NULL,NULL
50465,121383,1387434525,0,NULL,NULL
50466,127942,1387429736,0,NULL,NULL
50467,127919,1387408344,0,NULL,NULL
50468,129112,1387407745,0,NULL,NULL
50468,120797,1387407745,0,NULL,NULL
50468,123363,1387407745,0,NULL,NULL
50469,120061,1387385718,1,NULL,NULL
50469,120165,1387385718,-1,NULL,NULL
50470,120195,1387336208,-1,NULL,NULL
50471,121173,1387332901,1,NULL,NULL
50471,123699,1387332901,0,0.0,0.0
50473,120312,1387330161,0,NULL,NULL
50474,120400,1387328131,0,NULL,NULL
50475,128352,1387323691,0,NULL,NULL
50476,126008,1387299998,0,NULL,NULL
50477,122265,1387275113,0,NULL,NULL
50478,121593,1387259190,0,NULL,NULL
50478,121176,1387259190,1,NULL,NULL
50479,127250,1387254959,0,NULL,NULL
50479,121173,1387254959,0,NULL,NULL
50479,120312,1387254959,1,NULL,NULL
50479,120176,1387254959,1,NULL,NULL
50479,121549,1387254959,1,NULL,NULL
50479,120366,1387254959,0,NULL,NULL
50479,128132,1387254959,1,NULL,NULL
50479,127803,1387254959,1,NULL,NULL
50479,128981,1387254959,1,NULL,NULL
50480,120331,1387240634,0,NULL,NULL
50480,120333,1387240634,1,NULL,NULL
50480,128410,1387240634,0,0.0,0.0
50481,124404,1387237590,0,NULL,NULL
50482,120127,1387237166,0,NULL,NULL
50483,123146,1387233276,0,NULL,NULL
50485,120331,1386999339,0,NULL,NULL
50485,123172,1386999339,-1,NULL,NULL
50488,121173,1386955929,1,NULL,NULL
50488,121609,1386955929,0,NULL,NULL
50488,125025,1386955929,0,NULL,NULL
50490,128737,1386907145,0,NULL,NULL
50491,120085,1386888683,0,NULL,NULL
50492,120549,1386883679,0,NULL,NULL
50493,121425,1386701927,0,NULL,NULL
50493,125217,1386701927,0,NULL,NULL
50493,123301,1386701927,0,NULL,NULL
50493,121427,1386701927,0,NULL,NULL
50493,123130,1386701927,0,NULL,NULL
50493,129134,1386701927,0,NULL,NULL
50493,129132,1386701927,0,NULL,NULL
50493,129134,1386881172,0,NULL,NULL
50494,128901,1386831792,0,NULL,NULL
50496,120331,1386787513,0,NULL,NULL
50498,125483,1386745420,0,NULL,NULL
50498,123130,1386745420,0,NULL,NULL
50498,120312,1386745420,1,NULL,NULL
50498,120309,1386745420,0,0.0,0.0
50498,120773,1386745420,0,NULL,NULL
50498,121366,1386745420,1,NULL,NULL
50498,128378,1386745420,0,NULL,NULL
50498,129131,1386745420,0,NULL,NULL
50499,125493,1386701637,0,NULL,NULL
50499,125493,1386716325,0,NULL,NULL
50501,120797,1386710453,1,NULL,NULL
50502,121659,1386700892,0,NULL,NULL
50503,120331,1386699875,1,NULL,NULL
50505,121351,1386675817,0,NULL,NULL
50505,120547,1386675817,0,NULL,NULL
50505,121898,1386675817,1,NULL,NULL
50505,125152,1386675817,1,NULL,NULL
50505,123044,1386675817,0,NULL,NULL
50507,127910,1386636939,-1,NULL,NULL
50508,128352,1386633332,1,NULL,NULL
50508,120176,1386633332,-1,NULL,NULL
50509,128362,1386632282,-1,NULL,NULL
50509,128352,1386632282,1,NULL,NULL
50509,129098,1386632282,1,NULL,NULL
50509,120176,1386632282,0,NULL,NULL
50509,125317,1386632282,1,NULL,NULL
50509,128357,1386632282,0,NULL,NULL
50509,123966,1386632282,0,0.0,0.0
50510,121681,1386623761,0,NULL,NULL
50511,121173,1386565314,1,NULL,NULL
50511,128991,1386565314,-1,NULL,NULL
50512,125047,1386376379,0,NULL,NULL
50512,123284,1386376379,1,NULL,NULL
50512,121173,1386376379,1,NULL,NULL
50512,121425,1386376379,1,NULL,NULL
50512,121310,1386376379,0,NULL,NULL
50512,123699,1386376379,0,NULL,NULL
50512,128899,1386376379,0,NULL,NULL
50512,128984,1386376379,0,NULL,NULL
50512,128982,1386376379,0,NULL,NULL
50512,129186,1386376379,1,NULL,NULL
50513,128981,1386371940,1,NULL,NULL
50513,128899,1386371940,0,NULL,NULL
50513,121173,1386371940,0,NULL,NULL
50514,127924,1386371557,0,NULL,NULL
50515,128357,1386367335,0,NULL,NULL
50515,128362,1386367335,1,NULL,NULL
50515,128352,1386367335,1,NULL,NULL
50516,129073,1386367330,0,NULL,NULL
50517,120331,1386360445,0,NULL,NULL
50517,120310,1386360445,-1,NULL,NULL
50518,123113,1386224190,1,NULL,NULL
50518,120851,1386224190,0,NULL,NULL
50518,123113,1386267642,0,NULL,NULL
50519,120195,1386210793,1,NULL,NULL
50519,120154,1386210793,1,NULL,NULL
50519,123468,1386210793,0,NULL,NULL
50519,128393,1386210793,1,NULL,NULL
50519,128455,1386210793,-1,NULL,NULL
50521,128124,1386142743,0,NULL,NULL
50523,128128,1386075220,0,NULL,NULL
50523,123793,1386075220,0,NULL,NULL
50524,121537,1386074910,0,NULL,NULL
50524,120859,1386074910,0,NULL,NULL
50524,120860,1386074910,0,NULL,NULL
50525,127393,1386050732,0,NULL,NULL
50525,128852,1386050732,0,NULL,NULL
50525,120869,1386050732,0,NULL,NULL
50525,120274,1386050732,0,NULL,NULL
50526,128923,1385988243,1,NULL,NULL
50526,129018,1385988243,1,NULL,NULL
50526,128945,1385988243,1,NULL,NULL
50526,121633,1385988243,1,NULL,NULL
50526,120430,1385988243,0,NULL,NULL
50526,120445,1385988243,0,NULL,NULL
50526,120455,1385988243,0,NULL,NULL
50526,120437,1385988243,0,NULL,NULL
50526,120459,1385988243,0,NULL,NULL
50526,120451,1385988243,0,NULL,NULL
50526,128957,1385988243,1,NULL,NULL
50526,128922,1385988243,1,NULL,NULL
50526,128920,1385988243,1,NULL,NULL
50527,120310,1385982569,1,NULL,NULL
50528,120070,1385972996,1,NULL,NULL
50528,120545,1385972996,0,NULL,NULL
50531,120576,1385950835,1,NULL,NULL
50531,120331,1385950835,0,NULL,NULL
50531,120274,1385950835,0,NULL,NULL
50531,120127,1385950835,1,NULL,NULL
50531,120070,1385950835,1,NULL,NULL
50531,120092,1385950835,1,NULL,NULL
50531,120123,1385950835,1,NULL,NULL
50531,123581,1385950835,0,NULL,NULL
50531,125727,1385950835,1,NULL,NULL
50531,121375,1385950835,1,NULL,NULL
50531,120545,1385950835,0,NULL,NULL
50531,123113,1385950835,0,NULL,NULL
50531,121787,1385950835,0,NULL,NULL
50531,123569,1385950835,0,NULL,NULL
50531,123291,1385950835,1,NULL,NULL
50531,123353,1385950835,0,NULL,NULL
50531,125800,1385950835,0,NULL,NULL
50531,123363,1385950835,0,NULL,NULL
50531,123389,1385950835,0,NULL,NULL
50531,123571,1385950835,0,NULL,NULL
50531,127386,1385950835,1,NULL,NULL
50531,128658,1385950835,1,NULL,NULL
50531,123375,1385950835,0,NULL,NULL
50531,125798,1385950835,-1,NULL,NULL
50531,128124,1385950835,1,NULL,NULL
50532,120118,1385766148,1,NULL,NULL
50533,125152,1385663906,0,NULL,NULL
50533,120746,1385663906,-1,NULL,NULL
50534,120165,1385657352,0,NULL,NULL
50534,120061,1385657352,-1,NULL,NULL
50534,120061,1385661147,0,NULL,NULL
50534,120165,1385661147,0,NULL,NULL
50535,120274,1385599904,0,NULL,NULL
50536,128958,1385596643,0,NULL,NULL
50536,128670,1385596643,0,NULL,NULL
50536,128961,1385596643,0,NULL,NULL
50536,128962,1385596643,0,NULL,NULL
50536,128115,1385596643,0,NULL,NULL
50536,128672,1385596643,0,NULL,NULL
50536,128482,1385596643,0,NULL,NULL
50536,128959,1385596643,0,NULL,NULL
50536,128956,1385596643,0,NULL,NULL
50536,128957,1385596643,0,NULL,NULL
50538,125934,1385569978,0,NULL,NULL
50539,120310,1385513837,1,NULL,NULL
50540,125753,1385505241,0,NULL,NULL
50541,125629,1385505233,0,NULL,NULL
50542,121391,1385505042,-1,NULL,NULL
50543,129122,1385504937,0,NULL,NULL
50545,120549,1385502171,1,NULL,NULL
50545,120176,1385502171,0,NULL,NULL
50545,120312,1385502171,-1,NULL,NULL
50546,121375,1385500015,1,NULL,NULL
50547,126008,1385494272,1,NULL,NULL
50547,126008,1385495005,0,NULL,NULL
50548,120309,1385439753,0,0.0,0.0
50548,120034,1385439753,0,-1.0,-1.0
50548,120033,1385439753,0,NULL,NULL
50548,120859,1385439753,1,NULL,NULL
50548,120879,1385439753,0,NULL,NULL
50548,120871,1385439753,0,NULL,NULL
50548,120870,1385439753,0,NULL,NULL
50548,120869,1385439753,1,NULL,NULL
50548,120867,1385439753,1,NULL,NULL
50548,120878,1385439753,0,NULL,NULL
50548,120882,1385439753,0,NULL,NULL
50548,121534,1385439753,0,NULL,NULL
50548,121522,1385439753,0,0.0,0.0
50548,120866,1385439753,1,NULL,NULL
50548,121383,1385439753,0,NULL,NULL
50548,121598,1385439753,0,NULL,NULL
50548,120545,1385439753,1,NULL,NULL
50548,120762,1385439753,0,NULL,NULL
50548,120662,1385439753,0,NULL,NULL
50548,120860,1385439753,1,NULL,NULL
50548,120881,1385439753,0,NULL,NULL
50548,120875,1385439753,0,NULL,NULL
50548,123165,1385439753,0,NULL,NULL
50548,121526,1385439753,0,NULL,NULL
50548,120547,1385439753,1,NULL,NULL
50548,128133,1385439753,1,NULL,NULL
50548,121787,1385439753,0,NULL,NULL
50548,123498,1385439753,1,NULL,NULL
50548,123113,1385439753,1,NULL,NULL
50548,127867,1385439753,0,NULL,NULL
50548,121631,1385439753,0,NULL,NULL
50548,121532,1385439753,0,NULL,NULL
50548,121536,1385439753,0,NULL,NULL
50548,125058,1385439753,0,NULL,NULL
50548,128476,1385439753,0,NULL,NULL
50548,125385,1385439753,1,NULL,NULL
50548,128850,1385439753,1,NULL,NULL
50548,128143,1385439753,1,NULL,NULL
50548,128008,1385439753,1,NULL,NULL
50548,128778,1385439753,1,NULL,NULL
50548,128849,1385439753,-1,NULL,NULL
50548,128975,1385439753,1,NULL,NULL
50548,128981,1385439753,1,NULL,NULL
50548,127513,1385439753,0,NULL,NULL
50548,128851,1385439753,0,NULL,NULL
50548,128852,1385439753,1,NULL,NULL
50548,128847,1385439753,0,NULL,NULL
50548,128712,1385439753,1,NULL,NULL
50548,128348,1385439753,0,NULL,NULL
50548,129156,1385439753,0,NULL,NULL
50549,123361,1385485959,0,NULL,NULL
50550,121633,1385484393,1,NULL,NULL
50550,120446,1385484393,0,NULL,NULL
50550,120171,1385484393,0,NULL,NULL
50550,120428,1385484393,0,NULL,NULL
50551,128895,1385460344,0,NULL,NULL
50551,128461,1385460344,0,NULL,NULL
50551,128918,1385460344,0,NULL,NULL
50551,129125,1385460344,0,NULL,NULL
50551,129124,1385460344,0,0.0,0.0
50551,128445,1385460344,0,NULL,NULL
50551,123936,1385460344,0,NULL,NULL
50551,123205,1385460344,0,NULL,NULL
50551,125062,1385460344,0,NULL,NULL
50551,121633,1385460344,0,NULL,NULL
50551,125018,1385460344,0,NULL,NULL
50551,120274,1385460344,0,NULL,NULL
50551,120585,1385460344,1,NULL,NULL
50551,120061,1385460344,0,NULL,NULL
50553,125152,1385403007,0,NULL,NULL
50553,123361,1385403007,1,NULL,NULL
50555,129187,1385385173,0,NULL,NULL
50557,128464,1385369609,-1,NULL,NULL
50557,123113,1385369609,0,NULL,NULL
50557,120274,1385369609,0,NULL,NULL
50557,120851,1385369609,-1,NULL,NULL
50557,120782,1385369609,0,NULL,NULL
50558,123205,1385320914,1,NULL,NULL
50558,125012,1385320914,1,NULL,NULL
50558,120312,1385320914,0,NULL,NULL
50558,127194,1385320914,0,NULL,NULL
50558,128901,1385320914,0,NULL,NULL
50559,121383,1385235539,-1,NULL,NULL
50560,127946,1385154840,1,NULL,NULL
50561,120160,1385054862,0,NULL,NULL
50562,127238,1385031580,0,NULL,NULL
50567,121224,1384916031,0,NULL,NULL
50567,125693,1384916031,1,NULL,NULL
50568,120309,1384555945,0,0.0,0.0
50568,126896,1384555945,0,NULL,NULL
50568,120309,1384910344,0,0.0,0.0
50569,128981,1384906149,1,NULL,NULL
50569,128984,1384906149,0,NULL,NULL
50569,121173,1384906149,0,NULL,NULL
50570,123395,1384882550,1,NULL,NULL
50571,120312,1384881032,0,NULL,NULL
50571,121637,1384881032,0,NULL,NULL
50572,121167,1384875575,1,NULL,NULL
50572,120274,1384875575,0,NULL,NULL
50572,120310,1384875575,1,NULL,NULL
50572,120312,1384875575,0,NULL,NULL
50572,120087,1384875575,0,NULL,NULL
50572,120071,1384875575,0,-1.0,-1.0
50572,127760,1384875575,0,NULL,NULL
50572,124799,1384875575,0,NULL,NULL
50572,128635,1384875575,1,NULL,NULL
50572,129174,1384875575,0,NULL,NULL
50573,124940,1384869690,1,NULL,NULL
50573,123113,1384869690,0,NULL,NULL
50573,120033,1384869690,-1,NULL,NULL
50573,120127,1384869690,0,NULL,NULL
50573,120584,1384869690,1,NULL,NULL
50573,120274,1384869690,-1,NULL,NULL
50573,120312,1384869690,0,NULL,NULL
50573,120585,1384869690,1,0.0,0.0
50573,120623,1384869690,1,NULL,NULL
50573,123102,1384869690,1,NULL,NULL
50574,123393,1384868329,0,NULL,NULL
50574,123343,1384868329,1,NULL,NULL
50575,128124,1384839587,1,NULL,NULL
50575,120584,1384839587,1,NULL,NULL
50575,120274,1384839587,1,NULL,NULL
50575,120576,1384839587,0,NULL,NULL
50575,123718,1384839587,0,NULL,NULL
50575,126930,1384839587,0,NULL,NULL
50579,128895,1384811075,1,NULL,NULL
50580,121383,1384806085,1,NULL,NULL
50581,123395,1384787283,1,NULL,NULL
50582,128843,1384786963,-1,NULL,NULL
50583,127924,1384721364,1,NULL,NULL
50584,128843,1384682956,-1,NULL,NULL
50585,123343,1384684141,1,NULL,NULL
50585,120782,1384684141,-1,NULL,NULL
50585,123389,1384684141,-1,NULL,NULL
50586,121637,1384587651,0,NULL,NULL
50586,120312,1384587651,0,NULL,NULL
50587,127904,1384573517,1,NULL,NULL
50588,128981,1383939455,0,NULL,NULL
50588,126932,1383939455,0,NULL,NULL
50588,126560,1383939455,0,NULL,NULL
50588,123184,1383939455,0,NULL,NULL
50588,125025,1383939455,0,NULL,NULL
50588,121223,1383939455,0,NULL,NULL
50588,120545,1383939455,1,NULL,NULL
50588,120639,1383939455,0,NULL,NULL
50588,120610,1383939455,1,NULL,NULL
50588,120063,1383939455,0,NULL,NULL
50588,120154,1383939455,-1,NULL,NULL
50588,127974,1384555618,0,NULL,NULL
50589,127956,1384537433,-1,NULL,NULL
50589,127882,1384537433,1,NULL,NULL
50589,127924,1384537433,0,NULL,NULL
50589,127992,1384537433,-1,NULL,NULL
50589,127994,1384537433,0,NULL,NULL
50591,128843,1384490190,1,NULL,NULL
50591,128902,1384490190,0,NULL,NULL
50591,127463,1384490190,0,NULL,NULL
50591,123343,1384490190,1,NULL,NULL
50591,127553,1384490190,0,NULL,NULL
50591,128143,1384490190,1,NULL,NULL
50591,123418,1384490190,1,NULL,NULL
50591,121408,1384490190,1,NULL,NULL
50591,123368,1384490190,0,NULL,NULL
50591,123367,1384490190,0,NULL,NULL
50591,123363,1384490190,1,NULL,NULL
50591,126811,1384490190,0,NULL,NULL
50591,121553,1384490190,0,NULL,NULL
50591,121173,1384490190,1,NULL,NULL
50591,120519,1384490190,0,NULL,NULL
50591,120331,1384490190,1,NULL,NULL
50591,120274,1384490190,1,NULL,NULL
50591,120127,1384490190,0,NULL,NULL
50591,120309,1384490190,0,0.0,0.0
50591,120312,1384490190,1,NULL,NULL
50591,120321,1384490190,0,NULL,NULL
50591,128124,1384490190,1,NULL,NULL
50591,128136,1384490190,1,NULL,NULL
50591,127270,1384490190,1,NULL,NULL
50591,128139,1384490190,1,NULL,NULL
50591,128470,1384490190,1,NULL,NULL
50591,128981,1384490190,1,NULL,NULL
50591,127177,1384490190,-1,NULL,NULL
50591,127194,1384490190,1,NULL,NULL
50591,128509,1384490190,0,NULL,NULL
50591,129164,1384490190,0,NULL,NULL
50591,128901,1384490190,1,NULL,NULL
50591,128899,1384490190,1,0.0,0.0
50591,127180,1384490266,0,NULL,NULL
50592,120545,1384427780,0,NULL,NULL
50592,123269,1384427780,0,NULL,NULL
50592,125727,1384427780,-1,NULL,NULL
50592,124940,1384427780,0,NULL,NULL
50593,120312,1384405289,1,NULL,NULL
50594,121484,1384403853,0,NULL,NULL
50594,120046,1384403853,-1,NULL,NULL
50595,120331,1384395237,0,NULL,NULL
50596,127114,1384390810,0,NULL,NULL
50596,121182,1384390810,0,0.0,0.0
50597,121182,1384390428,0,NULL,NULL
50598,120274,1384375799,0,NULL,NULL
50598,120519,1384375799,0,0.0,0.0
50598,123395,1384375799,1,NULL,NULL
50598,123368,1384375799,1,NULL,NULL
50598,123363,1384375799,0,NULL,NULL
50598,123343,1384375799,0,NULL,NULL
50598,128509,1384375799,-1,NULL,NULL
50598,128635,1384375799,1,NULL,NULL
50599,120274,1384373463,0,NULL,NULL
50599,120851,1384373463,0,NULL,NULL
50599,120782,1384373463,1,NULL,NULL
50599,128846,1384373463,0,NULL,NULL
50599,128843,1384373463,1,NULL,NULL
50601,120123,1384363862,0,NULL,NULL
50601,120033,1384363862,0,NULL,NULL
50601,120333,1384363862,0,NULL,NULL
50601,120126,1384363862,0,NULL,NULL
50601,120657,1384363862,0,NULL,NULL
50601,120545,1384363862,0,NULL,NULL
50601,120702,1384363862,0,NULL,NULL
50601,120870,1384363862,0,NULL,NULL
50601,120871,1384363862,-1,NULL,NULL
50601,120338,1384363862,0,NULL,NULL
50601,120547,1384363862,0,NULL,NULL
50601,120774,1384363862,0,0.0,0.0
50601,120762,1384363862,1,NULL,NULL
50601,120706,1384363862,0,NULL,NULL
50601,120660,1384363862,-1,NULL,NULL
50601,121534,1384363862,0,NULL,NULL
50601,120867,1384363862,-1,NULL,NULL
50601,121136,1384363862,1,NULL,NULL
50601,121522,1384363862,0,0.0,0.0
50601,120866,1384363862,-1,NULL,NULL
50601,121523,1384363862,-1,NULL,NULL
50601,121524,1384363862,-1,NULL,NULL
50601,123195,1384363862,0,NULL,NULL
50601,123498,1384363862,0,NULL,NULL
50601,123298,1384363862,-1,NULL,NULL
50601,128348,1384363862,1,NULL,NULL
50601,128774,1384363862,-1,NULL,NULL
50601,127512,1384363862,0,NULL,NULL
50601,128714,1384363862,0,NULL,NULL
50601,128847,1384363862,0,NULL,NULL
50601,129111,1384363862,-1,NULL,NULL
50601,128849,1384363862,-1,NULL,NULL
50601,127151,1384363862,0,NULL,NULL
50601,127752,1384363862,-1,NULL,NULL
50601,127513,1384363862,0,NULL,NULL
50601,128852,1384363862,0,NULL,NULL
50601,128851,1384363862,0,-1.0,-1.0
50601,128410,1384363862,0,0.0,0.0
50601,125036,1384363862,0,NULL,NULL
50601,121787,1384363862,-1,NULL,NULL
50601,126892,1384363862,-1,NULL,NULL
50601,128008,1384363862,-1,NULL,NULL
50601,128850,1384363862,0,NULL,NULL
50601,128848,1384363862,0,NULL,NULL
50602,121484,1384300817,0,NULL,NULL
50602,121509,1384300817,0,NULL,NULL
50602,121479,1384300817,0,NULL,NULL
50602,121486,1384300817,0,NULL,NULL
50602,121494,1384300817,0,NULL,NULL
50602,121497,1384300817,0,NULL,NULL
50602,121491,1384300817,0,NULL,NULL
50602,121492,1384300817,0,NULL,NULL
50602,121496,1384300817,0,NULL,NULL
50602,121507,1384300817,0,NULL,NULL
50602,121488,1384300817,0,NULL,NULL
50602,121480,1384300817,0,NULL,NULL
50602,121489,1384300817,0,NULL,NULL
50602,121495,1384300817,0,NULL,NULL
50602,121505,1384300817,0,NULL,NULL
50604,121176,1384295516,0,NULL,NULL
50606,128895,1384282977,1,NULL,NULL
50607,123489,1384270978,1,NULL,NULL
50607,120526,1384270978,0,NULL,NULL
50608,128843,1384232130,0,NULL,NULL
50611,128710,1384218762,1,NULL,NULL
50612,120312,1384213237,1,NULL,NULL
50612,120075,1384213237,1,NULL,NULL
50613,128975,1384189684,0,NULL,NULL
50613,128849,1384189684,0,NULL,NULL
50613,128850,1384189684,0,NULL,NULL
50613,124652,1384189684,0,NULL,NULL
50613,125036,1384189684,0,NULL,NULL
50613,127114,1384189684,-1,NULL,NULL
50613,127380,1384189684,0,NULL,NULL
50613,128852,1384189684,0,NULL,NULL
50613,128851,1384189684,0,NULL,NULL
50613,128774,1384189684,0,NULL,NULL
50613,128714,1384189684,0,NULL,NULL
50613,128847,1384189684,0,NULL,NULL
50613,128747,1384189684,0,NULL,NULL
50613,124940,1384189684,-1,NULL,NULL
50613,123270,1384189684,0,NULL,NULL
50613,127867,1384189684,0,NULL,NULL
50613,123498,1384189684,0,NULL,NULL
50613,127295,1384189684,0,NULL,NULL
50613,121391,1384189684,0,NULL,NULL
50613,121532,1384189684,0,NULL,NULL
50613,120876,1384189684,0,NULL,NULL
50613,120867,1384189684,0,NULL,NULL
50613,120866,1384189684,-1,NULL,NULL
50613,120780,1384189684,0,NULL,NULL
50613,121142,1384189684,0,0.0,0.0
50613,121153,1384189684,0,NULL,NULL
50613,120660,1384189684,0,NULL,NULL
50613,121536,1384189684,0,NULL,NULL
50613,121840,1384189684,0,NULL,NULL
50613,120545,1384189684,0,NULL,NULL
50613,121182,1384189684,0,NULL,NULL
50613,120879,1384189684,0,NULL,NULL
50613,120762,1384189684,0,NULL,NULL
50613,120662,1384189684,0,NULL,NULL
50613,120857,1384189684,0,NULL,NULL
50613,120871,1384189684,0,NULL,NULL
50613,120862,1384189684,0,NULL,NULL
50613,120854,1384189684,0,NULL,NULL
50613,120856,1384189684,0,NULL,NULL
50613,120659,1384189684,0,NULL,NULL
50613,120853,1384189684,0,NULL,NULL
50613,121535,1384189684,0,NULL,NULL
50613,120274,1384189684,0,NULL,NULL
50614,128994,1383965253,1,NULL,NULL
50615,124589,1383961456,0,NULL,NULL
50615,123498,1383961456,1,NULL,NULL
50615,127924,1383961456,1,NULL,NULL
50615,127882,1383961456,1,NULL,NULL
50617,128849,1383895684,1,NULL,NULL
50618,129124,1383878485,0,0.0,0.0
50618,128710,1383878485,-1,NULL,NULL
50619,125084,1383870988,0,NULL,NULL
50620,128975,1383851425,1,NULL,NULL
50621,128902,1383847838,0,NULL,NULL
50621,128991,1383847838,1,NULL,NULL
50621,128981,1383847838,1,NULL,NULL
50621,128988,1383847838,1,NULL,NULL
50621,125483,1383847838,-1,NULL,NULL
50621,121560,1383847838,0,NULL,NULL
50621,121607,1383847838,0,NULL,NULL
50621,120545,1383847838,0,NULL,NULL
50621,121173,1383847838,1,NULL,NULL
50621,121610,1383847838,1,0.0,0.0
50621,120127,1383847838,0,NULL,NULL
50621,120331,1383847838,0,NULL,NULL
50621,120834,1383847838,1,NULL,NULL
50621,128984,1383847838,1,NULL,NULL
50621,128899,1383847838,0,0.0,0.0
50621,128474,1383847838,0,NULL,NULL
50621,127194,1383847838,0,NULL,NULL
50622,128362,1383845648,1,NULL,NULL
50622,128357,1383845648,-1,NULL,NULL
50622,129098,1383845648,1,NULL,NULL
50622,128352,1383845648,-1,NULL,NULL
50624,129284,1374264492,0,NULL,NULL
50624,128352,1383762714,0,NULL,NULL
50624,123363,1383762714,0,NULL,NULL
50627,125062,1383684970,0,NULL,NULL
50627,120176,1383684970,0,NULL,NULL
50629,121681,1383610938,1,NULL,NULL
50629,128843,1383610938,0,NULL,NULL
50630,128865,1383584377,-1,NULL,NULL
50631,126892,1383456694,-1,NULL,NULL
50631,121427,1383456694,-1,NULL,NULL
50632,120996,1383324984,0,NULL,NULL
50632,126764,1383324984,1,NULL,NULL
50632,128733,1383328219,-1,NULL,NULL
50632,128738,1383329077,0,NULL,NULL
50633,128509,1383325837,1,NULL,NULL
50633,120585,1383325837,0,NULL,NULL
50633,120583,1383325837,1,NULL,NULL
50633,120059,1383325837,0,NULL,NULL
50633,120274,1383325837,1,NULL,NULL
50633,127389,1383325837,0,NULL,NULL
50633,128843,1383325837,0,NULL,NULL
50634,120274,1383301432,1,NULL,NULL
50637,129012,1383251054,1,NULL,NULL
50638,127872,1383242902,0,NULL,NULL
50643,128781,1383189661,0,NULL,NULL
50644,120043,1383158562,0,NULL,NULL
50646,120176,1383091372,0,NULL,NULL
50646,120312,1383091372,1,NULL,NULL
50646,120195,1383091372,1,0.0,NULL
50646,120310,1383091372,1,NULL,NULL
50646,120471,1383091372,1,NULL,NULL
50646,121652,1383091372,0,NULL,NULL
50646,121396,1383091372,0,NULL,NULL
50646,121651,1383091372,0,NULL,NULL
50646,123498,1383091372,1,NULL,NULL
50646,127867,1383091372,0,NULL,NULL
50646,121383,1383091372,1,NULL,NULL
50646,128843,1383091372,1,NULL,NULL
50646,128543,1383091372,1,NULL,NULL
50646,125084,1383091372,1,NULL,NULL
50646,127983,1383091372,0,NULL,NULL
50646,127977,1383091372,0,NULL,NULL
50646,127984,1383091372,0,NULL,NULL
50646,127924,1383091372,1,NULL,NULL
50646,127882,1383091372,1,NULL,NULL
50646,128910,1383091372,1,NULL,NULL
50646,128911,1383091372,1,NULL,NULL
50646,128842,1383091372,0,NULL,NULL
50646,124590,1383092429,0,NULL,NULL
50648,121375,1383007222,1,NULL,NULL
50648,120774,1383007222,0,NULL,NULL
50648,124633,1383007222,0,NULL,NULL
50648,126969,1383007222,0,NULL,NULL
50648,124632,1383007222,1,NULL,NULL
50648,120774,1383078468,0,NULL,NULL
50649,123393,1383075944,1,NULL,NULL
50649,128843,1383075944,-1,NULL,NULL
50649,125543,1383075944,0,NULL,NULL
50649,126856,1383075944,0,NULL,NULL
50649,123343,1383075944,0,NULL,NULL
50649,120309,1383075944,0,0.0,0.0
50649,120331,1383075944,1,NULL,NULL
50650,120088,1383015049,1,NULL,NULL
50651,120545,1383007342,1,NULL,NULL
50651,126897,1383007342,0,NULL,NULL
50652,123190,1383007050,0,NULL,NULL
50652,121787,1383007050,0,NULL,NULL
50652,127479,1383007050,0,NULL,NULL
50652,127511,1383007050,0,NULL,NULL
50652,126138,1383007050,0,NULL,NULL
50652,124632,1383007050,0,NULL,NULL
50652,126139,1383007050,-1,NULL,NULL
50652,127510,1383007050,0,NULL,NULL
50652,120545,1383007050,-1,NULL,NULL
50652,120727,1383007050,0,NULL,NULL
50652,120774,1383007050,0,NULL,NULL
50652,120353,1383007050,0,NULL,NULL
50652,120123,1383007050,0,NULL,NULL
50652,127072,1383007050,0,NULL,NULL
50653,124940,1383006852,0,NULL,NULL
50653,121787,1383006852,0,NULL,NULL
50653,126382,1383006852,-1,NULL,NULL
50654,121641,1383001792,1,NULL,NULL
50655,126348,1382993810,0,NULL,NULL
50656,128781,1382991944,0,NULL,NULL
50657,121681,1382984747,-1,NULL,NULL
50658,121681,1382731370,1,NULL,NULL
50659,121310,1382730687,-1,NULL,NULL
50659,128676,1382730687,-1,0.0,0.0
50660,128445,1382717849,0,NULL,NULL
50660,128357,1382717849,0,NULL,NULL
50660,121453,1382717849,0,NULL,NULL
50660,125317,1382717849,1,NULL,NULL
50660,120392,1382717849,1,NULL,NULL
50660,120176,1382717849,1,NULL,NULL
50660,120346,1382717849,0,NULL,NULL
50660,120046,1382717849,0,NULL,NULL
50660,128352,1382717849,-1,NULL,NULL
50660,128393,1382717849,0,NULL,NULL
50660,128814,1382717849,1,NULL,NULL
50660,129098,1382717849,0,NULL,NULL
50660,129106,1382717849,0,NULL,NULL
50660,128354,1382717849,1,NULL,NULL
50660,128822,1382717849,0,NULL,NULL
50660,129082,1382717849,1,NULL,NULL
50660,129082,1382726710,0,NULL,NULL
50661,128849,1382720253,-1,1.0,1.0
50661,127296,1382720253,1,NULL,NULL
50661,120853,1382720253,0,NULL,NULL
50662,127904,1382711589,1,NULL,NULL
50663,129149,1382665429,0,NULL,NULL
50664,127935,1382639667,-1,NULL,NULL
50664,127904,1382639667,1,NULL,NULL
50664,127975,1382639667,1,NULL,NULL
50665,120312,1382639202,0,NULL,NULL
50666,120331,1382597387,1,NULL,NULL
50668,126897,1382567220,0,NULL,NULL
50668,120046,1382567220,-1,NULL,NULL
50668,120048,1382567220,1,NULL,NULL
50668,121641,1382567220,-1,NULL,NULL
50668,121393,1382567220,1,NULL,NULL
50668,121571,1382567220,0,NULL,NULL
50668,128404,1382567220,0,NULL,NULL
50669,123389,1382566722,0,0.0,0.0
50669,120312,1382566722,0,NULL,NULL
50670,120331,1382561378,0,NULL,NULL
50671,120309,1382559205,0,0.0,0.0
50671,128843,1382559205,0,NULL,NULL
50671,123343,1382559205,0,NULL,NULL
50672,120063,1382553718,0,NULL,NULL
50674,120870,1382485049,1,NULL,NULL
50675,120127,1382475453,0,NULL,NULL
50675,121173,1382475453,0,NULL,NULL
50675,125385,1382475453,0,NULL,NULL
50675,125743,1382475453,0,NULL,NULL
50675,128476,1382475453,0,NULL,NULL
50675,128477,1382475453,0,NULL,NULL
50675,128988,1382475453,0,NULL,NULL
50675,129170,1382475453,0,NULL,NULL
50675,126970,1382475453,-1,NULL,NULL
50675,128901,1382475453,0,NULL,NULL
50675,129164,1382475453,0,NULL,NULL
50675,128984,1382475453,0,NULL,NULL
50675,128899,1382475453,0,0.0,0.0
50675,128900,1382475453,1,NULL,NULL
50676,128008,1382385428,0,NULL,NULL
50677,129211,1382130588,0,NULL,NULL
50677,126779,1382130588,0,NULL,NULL
50677,127075,1382130588,1,NULL,NULL
50677,129111,1382130588,0,NULL,NULL
50677,125798,1382130588,0,NULL,NULL
50677,128795,1382130588,0,NULL,NULL
50677,125957,1382130588,0,NULL,NULL
50677,127386,1382130588,1,NULL,NULL
50677,124632,1382130588,-1,NULL,NULL
50677,120545,1382130588,0,NULL,NULL
50677,120774,1382130588,0,NULL,NULL
50677,121375,1382130588,1,NULL,NULL
50677,120331,1382130588,0,NULL,NULL
50677,120126,1382130588,0,NULL,NULL
50677,120312,1382130588,-1,NULL,NULL
50677,120088,1382130588,0,NULL,NULL
50677,120063,1382130588,0,NULL,NULL
50677,120127,1382130588,0,NULL,NULL
50677,123291,1382130588,1,NULL,NULL
50677,123227,1382130588,0,NULL,NULL
50677,121787,1382130588,0,NULL,NULL
50677,125727,1382130588,0,NULL,NULL
50677,121375,1382325505,0,NULL,NULL
50678,121383,1382128406,0,NULL,NULL
50679,123581,1382040669,0,NULL,NULL
50679,120092,1382125176,1,NULL,NULL
50680,123363,1382124858,0,NULL,NULL
50680,123343,1382124858,1,NULL,NULL
50682,123375,1382054945,1,NULL,NULL
50684,120043,1382036507,-1,NULL,NULL
50684,120048,1382036507,1,NULL,NULL
50685,123363,1382033598,0,NULL,NULL
50685,120797,1382033598,0,NULL,NULL
50685,120404,1382033598,1,NULL,NULL
50685,120085,1382033598,1,NULL,NULL
50686,127974,1381918265,0,NULL,NULL
50687,120875,1381916971,-1,NULL,NULL
50688,120762,1381910854,0,NULL,NULL
50688,120780,1381910854,0,NULL,NULL
50688,120882,1381910854,0,NULL,NULL
50688,128851,1381910854,0,NULL,NULL
50688,128852,1381910854,0,NULL,NULL
50688,128850,1381910854,0,NULL,NULL
50689,120585,1381908587,0,NULL,NULL
50689,120576,1381908587,0,NULL,NULL
50690,128352,1381891499,0,NULL,NULL
50690,128362,1381891499,1,NULL,NULL
50692,125727,1381856587,1,NULL,NULL
50693,125546,1381809396,0,NULL,NULL
50693,126970,1381809396,0,NULL,NULL
50693,126758,1381809396,0,NULL,NULL
50693,126761,1381809396,0,NULL,NULL
50693,125545,1381809396,1,NULL,NULL
50693,125058,1381809396,-1,NULL,NULL
50693,128380,1381809396,0,NULL,NULL
50693,128712,1381809396,0,NULL,NULL
50694,128981,1379452912,1,NULL,NULL
50694,128981,1381783740,-1,NULL,NULL
50695,120046,1381781105,1,NULL,NULL
50696,121224,1381772330,0,NULL,NULL
50697,121787,1381723035,0,NULL,NULL
50697,123291,1381723035,1,NULL,NULL
50697,120870,1381723035,0,NULL,NULL
50697,128849,1381723035,0,NULL,NULL
50698,120098,1381527974,1,NULL,NULL
50698,120331,1381527974,0,NULL,NULL
50698,120346,1381527974,-1,NULL,NULL
50698,121453,1381527974,0,NULL,NULL
50698,125317,1381527974,1,NULL,NULL
50698,121509,1381527974,0,NULL,NULL
50698,128357,1381527974,-1,NULL,NULL
50698,128445,1381527974,1,NULL,NULL
50698,128126,1381527974,-1,NULL,NULL
50698,128814,1381527974,1,NULL,NULL
50698,128352,1381527974,1,NULL,NULL
50698,128393,1381527974,1,NULL,NULL
50699,128774,1381463983,0,NULL,NULL
50699,127904,1381463983,0,NULL,NULL
50700,124704,1381461195,1,NULL,NULL
50700,127233,1381461195,1,NULL,NULL
50701,121506,1381448406,0,NULL,NULL
50702,128352,1381359734,1,NULL,NULL
50702,120346,1381359734,1,NULL,NULL
50704,120312,1381340514,-1,NULL,NULL
50705,125629,1381297986,0,NULL,NULL
50707,120346,1381198877,0,NULL,NULL
50708,120048,1381180296,1,NULL,NULL
50709,126112,1381179441,1,NULL,NULL
50710,120331,1380559979,0,NULL,NULL
50710,127286,1380559979,0,NULL,NULL
50710,126961,1380559979,0,NULL,NULL
50710,128124,1380559979,1,NULL,NULL
50710,128422,1380929921,0,NULL,NULL
50710,120274,1380559979,-1,NULL,NULL
50710,128978,1380929921,0,NULL,NULL
50710,128422,1380559979,0,NULL,NULL
50710,123368,1380559979,1,NULL,NULL
50710,128138,1380559979,1,NULL,NULL
50710,120274,1380929921,1,NULL,NULL
50710,123389,1380559979,0,NULL,NULL
50710,123389,1380576453,0,NULL,NULL
50710,123875,1380929921,0,NULL,NULL
50710,123368,1380929921,-1,NULL,NULL
50710,128509,1380929921,-1,NULL,NULL
50710,128124,1380929921,-1,NULL,NULL
50710,123361,1380929921,0,NULL,NULL
50710,129001,1380929921,0,NULL,NULL
50710,127286,1380929921,-1,NULL,NULL
50710,126856,1380929921,0,NULL,NULL
50710,120331,1380929921,1,NULL,NULL
50710,123418,1380929921,1,0.0,0.0
50710,128510,1380559979,-1,NULL,NULL
50710,120312,1380559979,-1,NULL,NULL
50710,126961,1380576453,-1,NULL,NULL
50710,123395,1380929921,0,NULL,NULL
50710,128138,1380929921,1,NULL,NULL
50710,120471,1380576453,-1,NULL,NULL
50710,123368,1380576453,-1,NULL,NULL
50710,123363,1380929921,-1,NULL,NULL
50710,128639,1380576453,0,NULL,NULL
50710,120312,1380576453,1,NULL,NULL
50710,128422,1380576453,0,NULL,NULL
50710,126961,1380929921,1,NULL,NULL
50710,123363,1380559979,0,NULL,NULL
50710,123363,1380576453,0,NULL,NULL
50710,123361,1380559979,0,NULL,NULL
50710,123393,1380929921,-1,NULL,NULL
50710,123389,1380929921,0,NULL,NULL
50710,120070,1380929921,0,NULL,NULL
50710,123343,1380929921,-1,NULL,NULL
50710,120312,1380929921,-1,NULL,NULL
50710,128510,1380576453,1,NULL,NULL
50710,128138,1380576453,-1,NULL,NULL
50710,120471,1380559979,1,NULL,NULL
50710,128635,1380929921,0,NULL,NULL
50710,123718,1380929921,1,NULL,NULL
50710,128639,1380929921,0,NULL,NULL
50710,128639,1380559979,0,NULL,NULL
50710,128843,1380929921,0,NULL,NULL
50710,120321,1380929921,-1,0.0,0.0
50710,120274,1380576453,1,NULL,NULL
50710,120331,1380576453,0,NULL,NULL
50710,120295,1380929921,-1,NULL,NULL
50710,128509,1380559979,-1,NULL,NULL
50710,128509,1380576453,1,NULL,NULL
50710,128510,1380929921,1,NULL,NULL
50710,128124,1380576453,-1,NULL,NULL
50710,120471,1380929921,1,NULL,NULL
50711,127943,1380583399,0,NULL,NULL
50711,127943,1380591649,0,0.0,0.0
50711,128002,1380919240,0,NULL,NULL
50711,127943,1380919240,0,NULL,NULL
50711,128002,1380920728,0,NULL,NULL
50712,128901,1380910834,0,NULL,NULL
50713,121730,1380848142,1,0.0,0.0
50713,121734,1380848142,0,NULL,NULL
50714,121383,1380831118,1,NULL,NULL
50714,127189,1380831118,0,NULL,NULL
50714,127190,1380831118,0,NULL,NULL
50714,128781,1380831118,1,NULL,NULL
50716,128901,1380819743,0,NULL,NULL
50716,129094,1380819743,0,NULL,NULL
50716,128504,1380819743,0,NULL,NULL
50716,125693,1380819743,0,NULL,NULL
50716,125919,1380819743,0,NULL,NULL
50716,125084,1380819743,0,NULL,NULL
50716,128776,1380819743,0,NULL,NULL
50716,127114,1380819743,0,NULL,NULL
50716,129122,1380819743,0,NULL,NULL
50716,123295,1380819743,0,NULL,NULL
50716,125018,1380819743,0,NULL,NULL
50716,125727,1380819743,0,NULL,NULL
50716,121427,1380819743,0,NULL,NULL
50716,121383,1380819743,0,NULL,NULL
50716,123016,1380819743,0,NULL,NULL
50716,120785,1380819743,0,NULL,NULL
50716,120870,1380819743,0,NULL,NULL
50716,120312,1380819743,0,NULL,NULL
50716,120195,1380819743,0,NULL,NULL
50717,124418,1380790261,1,NULL,NULL
50718,128843,1380746913,-1,NULL,NULL
50720,125062,1380734745,1,NULL,NULL
50720,120176,1380734745,0,NULL,NULL
50721,121866,1380734507,1,NULL,NULL
50721,120681,1380734507,1,NULL,NULL
50722,121146,1380733727,0,NULL,NULL
50724,121069,1380699927,0,NULL,NULL
50725,120176,1380664921,0,NULL,NULL
50725,120526,1380664921,1,0.0,0.0
50725,120346,1380664921,1,NULL,NULL
50725,120046,1380664921,1,NULL,NULL
50725,121488,1380664921,0,NULL,NULL
50725,121383,1380664921,1,NULL,NULL
50725,121177,1380664921,0,NULL,NULL
50725,121494,1380664921,0,NULL,NULL
50725,123022,1380664921,1,NULL,NULL
50725,121496,1380664921,1,NULL,NULL
50725,121491,1380664921,0,NULL,NULL
50725,121393,1380664921,1,NULL,NULL
50725,121169,1380664921,-1,NULL,NULL
50725,128357,1380664921,1,NULL,NULL
50725,128355,1380664921,-1,NULL,NULL
50725,121480,1380664921,0,NULL,NULL
50725,121495,1380664921,1,NULL,NULL
50725,128362,1380664921,1,NULL,NULL
50725,129092,1380664921,0,NULL,NULL
50725,128676,1380664921,0,NULL,NULL
50725,128352,1380664921,1,NULL,NULL
50725,128813,1380664921,1,NULL,NULL
50725,128814,1380664921,1,NULL,NULL
50725,129096,1380664921,0,NULL,NULL
50726,120302,1380650684,0,NULL,NULL
50727,128843,1380635473,0,NULL,NULL
50728,127946,1380581864,1,NULL,NULL
50729,128509,1380567958,0,NULL,NULL
50729,128523,1380567958,1,NULL,NULL
50729,128505,1380567958,0,NULL,NULL
50729,128510,1380567958,0,NULL,NULL
50729,125323,1380567958,0,NULL,NULL
50729,127463,1380567958,0,NULL,NULL
50729,128843,1380567958,-1,NULL,NULL
50729,123415,1380567958,1,NULL,NULL
50729,121734,1380567958,0,NULL,NULL
50729,121898,1380567958,0,NULL,NULL
50729,121730,1380567958,-1,NULL,NULL
50729,123361,1380567958,-1,NULL,NULL
50729,123400,1380567958,0,NULL,NULL
50729,120084,1380567958,0,NULL,NULL
50729,120295,1380567958,0,NULL,NULL
50729,120274,1380567958,0,NULL,NULL
50729,120764,1380567958,0,0.0,0.0
50729,120176,1380567958,-1,NULL,NULL
50729,120370,1380567958,0,NULL,NULL
50730,124418,1380564281,1,NULL,NULL
50731,120471,1380546339,0,NULL,NULL
50731,120309,1380546339,0,0.0,0.0
50731,123361,1380546339,0,NULL,NULL
50733,127271,1380496878,0,NULL,NULL
50733,128136,1380496878,0,NULL,NULL
50734,128008,1380314337,1,NULL,NULL
50736,128542,1380303107,1,NULL,NULL
50736,128504,1380303107,1,NULL,NULL
50736,128549,1380303107,-1,0.0,0.0
50738,121425,1380240243,1,NULL,NULL
50738,120309,1380240243,0,0.0,0.0
50739,124418,1380236119,1,NULL,NULL
50740,121144,1379814020,0,NULL,NULL
50740,121144,1379965886,0,NULL,NULL
50740,121144,1380139729,1,NULL,NULL
50740,121144,1380223233,-1,NULL,NULL
50743,127946,1380196730,0,NULL,NULL
50744,120545,1380147736,1,NULL,NULL
50745,120295,1380147455,1,0.0,0.0
50745,120353,1380147455,0,NULL,NULL
50745,120088,1380147455,-1,NULL,NULL
50745,120063,1380147455,0,NULL,NULL
50746,121211,1380145473,0,NULL,NULL
50746,121425,1380145473,0,NULL,NULL
50746,120545,1380145473,1,NULL,NULL
50746,121210,1380145473,0,NULL,NULL
50746,121213,1380145473,0,NULL,NULL
50746,120331,1380145473,1,NULL,NULL
50746,129187,1380145473,0,NULL,NULL
50746,129186,1380145473,1,NULL,NULL
50746,129205,1380145473,0,NULL,NULL
50746,128361,1380145473,1,NULL,NULL
50749,121526,1380087915,1,NULL,NULL
50749,124940,1380087915,0,NULL,NULL
50750,128868,1380061568,1,NULL,NULL
50750,123498,1380061568,0,NULL,NULL
50752,120098,1380056664,1,NULL,NULL
50752,129100,1380056664,1,NULL,NULL
50752,128352,1380056664,-1,NULL,NULL
50753,128849,1380045365,0,NULL,NULL
50754,123295,1379975035,0,NULL,NULL
50755,127924,1379955309,0,NULL,NULL
50755,127882,1379955309,0,NULL,NULL
50756,123393,1379955012,0,NULL,NULL
50756,123343,1379955012,1,NULL,NULL
50758,128698,1379954243,0,NULL,NULL
50759,128846,1379952330,0,NULL,NULL
50759,120576,1379952330,0,NULL,NULL
50760,123689,1379786492,1,NULL,NULL
50760,127303,1379786492,0,NULL,NULL
50760,127867,1379786492,0,NULL,NULL
50760,120545,1379786492,0,NULL,NULL
50760,120063,1379786492,0,NULL,NULL
50760,126547,1379786492,1,NULL,NULL
50760,121391,1379786492,1,NULL,NULL
50760,127332,1379786492,0,NULL,NULL
50760,128379,1379786492,0,NULL,NULL
50760,123202,1379786492,1,NULL,NULL
50760,121153,1379786492,1,NULL,NULL
50760,121840,1379786492,1,NULL,NULL
50760,120869,1379786492,0,NULL,NULL
50760,128975,1379786492,0,NULL,NULL
50760,128778,1379786492,0,NULL,NULL
50760,128747,1379786492,1,NULL,NULL
50760,123515,1379786492,0,NULL,NULL
50760,127301,1379786492,0,NULL,NULL
50760,123498,1379786492,0,NULL,NULL
50760,127299,1379786492,0,NULL,NULL
50760,126897,1379786492,1,NULL,NULL
50760,120702,1379786492,0,NULL,NULL
50760,128851,1379786492,-1,NULL,NULL
50760,120127,1379786492,-1,NULL,NULL
50760,127311,1379786492,1,NULL,NULL
50760,120584,1379786492,1,NULL,NULL
50760,127302,1379786492,1,NULL,NULL
50760,120881,1379786492,1,NULL,NULL
50760,120274,1379786492,1,NULL,NULL
50760,120774,1379786492,1,NULL,NULL
50760,124632,1379786492,0,NULL,NULL
50760,120871,1379786492,-1,NULL,NULL
50760,121536,1379786492,-1,NULL,NULL
50760,120875,1379786492,0,NULL,NULL
50760,121535,1379786492,1,NULL,NULL
50760,120854,1379786492,0,NULL,NULL
50760,120860,1379786492,1,NULL,NULL
50760,120087,1379786492,0,NULL,NULL
50760,127095,1379786492,1,NULL,NULL
50760,121182,1379786492,1,NULL,NULL
50760,121534,1379786492,0,NULL,NULL
50760,120857,1379786492,0,NULL,NULL
50760,126981,1379786492,0,NULL,NULL
50760,127300,1379786492,0,NULL,NULL
50760,120859,1379786492,0,NULL,NULL
50760,121526,1379786492,1,NULL,NULL
50760,128774,1379786492,-1,-1.0,-1.0
50760,125483,1379786492,1,NULL,NULL
50760,128380,1379786492,1,NULL,NULL
50760,127312,1379786492,0,NULL,NULL
50760,120762,1379786492,1,0.0,0.0
50760,125036,1379786492,1,NULL,NULL
50760,120154,1379786492,0,NULL,NULL
50760,127346,1379786492,0,NULL,NULL
50760,120876,1379786492,1,NULL,NULL
50760,128123,1379786492,1,NULL,NULL
50760,124652,1379786492,0,NULL,NULL
50760,125928,1379786492,0,NULL,NULL
50760,120870,1379786492,-1,0.0,0.0
50760,128008,1379786492,1,NULL,NULL
50763,129231,1379717814,0,NULL,NULL
50763,123361,1379717814,0,NULL,NULL
50764,120312,1379709862,-1,NULL,NULL
50766,129096,1379683337,1,NULL,NULL
50767,127946,1379682174,-1,NULL,NULL
50768,128410,1379667097,0,NULL,NULL
50768,120338,1379667097,1,NULL,NULL
50768,120333,1379667097,1,NULL,NULL
50768,120547,1379667097,1,NULL,NULL
50768,120545,1379667097,0,NULL,NULL
50770,121534,1379648839,1,NULL,NULL
50770,120762,1379648839,0,0.0,0.0
50770,121153,1379648839,1,NULL,NULL
50770,124940,1379648839,-1,NULL,NULL
50770,128849,1379648839,0,NULL,NULL
50773,127012,1379637114,1,NULL,NULL
50773,125363,1379637114,0,NULL,NULL
50773,126824,1379637114,0,NULL,NULL
50774,123361,1379571440,0,NULL,NULL
50774,120063,1379636773,0,NULL,NULL
50775,128553,1379543232,-1,NULL,NULL
50775,123361,1379543232,1,NULL,NULL
50775,128002,1379543232,1,NULL,NULL
50775,120063,1379543232,0,NULL,NULL
50777,123363,1379528338,1,0.0,0.0
50777,120797,1379528338,1,NULL,NULL
50779,121224,1379484450,1,NULL,NULL
50779,125693,1379484450,1,NULL,NULL
50781,121375,1379468420,1,NULL,NULL
50781,120545,1379468420,0,NULL,NULL
50781,123363,1379468420,0,0.0,0.0
50781,120576,1379468420,0,NULL,NULL
50781,120070,1379468420,1,NULL,NULL
50781,120274,1379468420,0,NULL,NULL
50781,123375,1379468420,0,NULL,NULL
50781,123353,1379468420,1,NULL,NULL
50781,128124,1379468420,1,NULL,NULL
50782,121384,1379461749,0,NULL,NULL
50783,128918,1379455244,1,NULL,NULL
50783,129242,1379455244,0,NULL,NULL
50783,129247,1379455244,1,NULL,NULL
50783,127923,1379455244,0,NULL,NULL
50783,129248,1379455244,0,0.0,0.0
50783,128923,1379455244,1,NULL,NULL
50783,129012,1379455244,1,NULL,NULL
50783,128933,1379455244,1,NULL,NULL
50783,128920,1379455244,-1,NULL,NULL
50783,128919,1379455244,1,NULL,NULL
50783,124940,1379455244,0,NULL,NULL
50783,127922,1379455244,1,NULL,NULL
50783,121153,1379455244,0,NULL,NULL
50785,120046,1379449211,-1,NULL,NULL
50786,129124,1379434406,0,NULL,NULL
50786,128410,1379434406,0,0.0,0.0
50786,120338,1379434406,0,NULL,NULL
50786,120333,1379434406,1,NULL,NULL
50786,120346,1379434406,1,NULL,NULL
50786,128445,1379434406,1,NULL,NULL
50787,120685,1379397785,0,NULL,NULL
50787,120288,1379397785,0,NULL,NULL
50787,129098,1379397785,0,NULL,NULL
50787,120066,1379399685,0,NULL,NULL
50788,120218,1379396586,1,NULL,NULL
50788,120176,1379396586,0,NULL,NULL
50788,125062,1379396586,0,NULL,NULL
50789,120331,1379388891,-1,NULL,NULL
50789,120063,1379388891,1,NULL,NULL
50790,128352,1379384038,0,NULL,NULL
50791,128776,1379383834,1,NULL,NULL
50791,129103,1379383834,0,NULL,NULL
50791,129094,1379383834,0,NULL,NULL
50792,120793,1379376536,0,NULL,NULL
50793,121310,1379373262,-1,NULL,NULL
50794,123080,1379372730,1,NULL,NULL
50794,120346,1379372730,1,NULL,NULL
50794,128352,1379372730,1,NULL,NULL
50795,128513,1379370998,0,NULL,NULL
50795,128510,1379370998,0,NULL,NULL
50795,129126,1379370998,0,NULL,NULL
50795,125062,1379370998,0,NULL,NULL
50795,123875,1379370998,0,NULL,NULL
50795,128933,1379370998,0,NULL,NULL
50795,126669,1379370998,0,NULL,NULL
50795,126981,1379370998,0,NULL,NULL
50795,128781,1379370998,0,NULL,NULL
50795,129130,1379370998,1,0.0,0.0
50795,120274,1379370998,0,NULL,NULL
50795,120312,1379370998,0,NULL,NULL
50795,120073,1379370998,0,NULL,NULL
50795,120127,1379370998,0,NULL,NULL
50795,120075,1379370998,0,NULL,NULL
50795,120067,1379370998,0,NULL,NULL
50795,120717,1379370998,0,NULL,NULL
50795,120713,1379370998,0,NULL,NULL
50795,120584,1379370998,0,NULL,NULL
50795,120331,1379370998,0,NULL,NULL
50795,126667,1379370998,0,NULL,NULL
50795,123689,1379370998,1,NULL,NULL
50795,121641,1379370998,0,NULL,NULL
50795,121136,1379370998,0,NULL,NULL
50797,125323,1379366554,-1,NULL,NULL
50798,120312,1379365535,-1,NULL,NULL
50798,121182,1379365535,0,NULL,NULL
50798,123363,1379365535,0,0.0,0.0
50799,127248,1379365479,1,NULL,NULL
50802,120218,1379295672,0,NULL,NULL
50802,120176,1379295672,-1,NULL,NULL
50802,120771,1379295672,-1,NULL,NULL
50802,125062,1379295672,1,NULL,NULL
50802,128352,1379295672,-1,NULL,NULL
50803,125753,1379227514,0,NULL,NULL
50803,127665,1379227514,0,NULL,NULL
50803,123010,1379227514,0,NULL,NULL
50803,127474,1379227514,0,NULL,NULL
50803,127658,1379227514,0,NULL,NULL
50803,123295,1379227514,0,NULL,NULL
50803,123304,1379227514,0,NULL,NULL
50803,123113,1379227514,0,NULL,NULL
50803,127028,1379227514,0,NULL,NULL
50803,127151,1379227514,0,NULL,NULL
50803,129221,1379227514,0,NULL,NULL
50803,125406,1379227514,0,NULL,NULL
50803,121204,1379227514,0,NULL,NULL
50804,120312,1379225602,0,NULL,NULL
50804,120681,1379225602,1,0.0,0.0
50804,121866,1379225602,0,NULL,NULL
50805,120310,1379223198,0,NULL,NULL
50805,128899,1379223198,0,0.0,0.0
50807,128357,1379187803,0,NULL,NULL
50807,128362,1379187803,1,NULL,NULL
50807,123172,1379187803,0,NULL,NULL
50807,121453,1379187803,0,NULL,NULL
50807,120063,1379187803,1,NULL,NULL
50807,120312,1379187803,0,NULL,NULL
50807,128352,1379187803,1,NULL,NULL
50808,128981,1379114100,0,NULL,NULL
50808,120312,1379114100,0,NULL,NULL
50808,127505,1379114100,-1,NULL,NULL
50808,120176,1379114100,0,NULL,NULL
50808,124404,1379114100,0,NULL,NULL
50808,128002,1379114100,0,NULL,NULL
50808,121310,1379114100,0,NULL,NULL
50808,124405,1379114100,0,NULL,NULL
50808,123936,1379114100,0,NULL,NULL
50808,128781,1379114100,0,NULL,NULL
50808,120851,1379114100,0,NULL,NULL
50808,127977,1379114100,0,NULL,NULL
50808,123498,1379114100,0,NULL,NULL
50808,120195,1379114100,0,NULL,NULL
50808,126348,1379114100,0,NULL,NULL
50808,126347,1379114100,0,0.0,0.0
50808,128462,1379114100,0,NULL,NULL
50808,120782,1379114100,1,NULL,NULL
50808,120034,1379114100,0,NULL,NULL
50808,127888,1379114100,0,NULL,NULL
50808,120331,1379114100,0,NULL,NULL
50808,120797,1379114100,0,NULL,NULL
50808,128676,1379114100,0,NULL,NULL
50808,128843,1379114100,0,NULL,NULL
50808,129100,1379114100,0,NULL,NULL
50808,121143,1379114100,0,NULL,NULL
50808,123389,1379114100,-1,NULL,NULL
50808,128445,1379114100,0,NULL,NULL
50808,120346,1379114100,0,NULL,NULL
50808,129092,1379114100,0,NULL,NULL
50808,120100,1379114100,0,NULL,NULL
50808,123361,1379114100,0,NULL,NULL
50808,129098,1379114100,0,NULL,NULL
50808,121169,1379114100,0,NULL,NULL
50808,123562,1379114100,0,NULL,NULL
50808,120063,1379114100,0,NULL,NULL
50808,123080,1379114100,0,NULL,NULL
50808,129122,1379114100,0,NULL,NULL
50808,128357,1379114100,0,NULL,NULL
50808,128393,1379114100,0,NULL,NULL
50808,121903,1379114100,0,NULL,NULL
50808,120087,1379114100,0,NULL,NULL
50808,128901,1379114100,0,NULL,NULL
50808,128348,1379114100,0,NULL,NULL
50808,128858,1379114100,0,NULL,NULL
50808,120274,1379114100,-1,NULL,NULL
50808,128846,1379114100,0,NULL,NULL
50808,123353,1379114100,1,NULL,NULL
50808,120710,1379114100,0,NULL,NULL
50808,126351,1379114100,-1,NULL,NULL
50808,120226,1379114100,0,NULL,NULL
50808,120392,1379114100,0,NULL,NULL
50808,121419,1379114100,0,NULL,NULL
50808,120333,1379114100,0,NULL,NULL
50808,128451,1379114100,0,NULL,NULL
50808,121146,1379114100,0,NULL,NULL
50808,123548,1379114100,0,NULL,NULL
50808,127194,1379114100,0,NULL,NULL
50808,124767,1379114100,0,NULL,NULL
50808,120676,1379114100,0,NULL,NULL
50809,123361,1379109892,0,NULL,NULL
50812,128409,1379104138,0,0.0,0.0
50812,120195,1379104138,0,NULL,NULL
50812,120194,1379104138,1,NULL,NULL
50812,120084,1379104138,1,NULL,NULL
50812,120176,1379104138,0,NULL,NULL
50813,123361,1379094351,0,NULL,NULL
50814,128999,1378995242,0,NULL,NULL
50814,128910,1378995242,1,NULL,NULL
50814,128993,1378995242,1,NULL,NULL
50815,120286,1379082560,0,NULL,NULL
50815,120302,1379082560,0,NULL,NULL
50816,123343,1379068513,-1,NULL,NULL
50820,123361,1378929090,0,NULL,NULL
50820,121310,1378929090,1,NULL,NULL
50820,121310,1378935449,-1,NULL,NULL
50820,123361,1378935449,0,NULL,NULL
50820,123361,1379007484,1,NULL,NULL
50820,121310,1379007484,1,NULL,NULL
50822,128981,1378938137,-1,NULL,NULL
50822,128899,1378938137,0,0.0,0.0
50822,121598,1378938137,1,NULL,NULL
50824,123400,1378933653,0,NULL,NULL
50824,123361,1378933653,0,NULL,NULL
50824,126811,1378933653,0,NULL,NULL
50824,121833,1378933653,0,NULL,NULL
50824,128121,1378933653,0,NULL,NULL
50824,128133,1378933653,0,NULL,NULL
50824,128542,1378933653,0,NULL,NULL
50824,128521,1378933653,-1,NULL,NULL
50824,120471,1378933653,0,NULL,NULL
50824,120070,1378933653,0,NULL,NULL
50824,120195,1378933653,0,NULL,NULL
50824,120176,1378933653,0,NULL,NULL
50824,120404,1378933653,0,NULL,NULL
50824,120295,1378933653,0,NULL,NULL
50824,120274,1378933653,0,NULL,NULL
50824,120411,1378933653,0,NULL,NULL
50824,128843,1378933653,0,NULL,NULL
50824,128528,1378933653,0,NULL,NULL
50824,128132,1378933653,0,NULL,NULL
50824,128126,1378933653,0,NULL,NULL
50824,128143,1378933653,0,NULL,NULL
50824,129232,1378933653,0,NULL,NULL
50824,128120,1378933653,0,NULL,NULL
50824,128122,1378933653,-1,NULL,NULL
50824,128144,1378933653,0,NULL,NULL
50824,128124,1378933653,0,NULL,NULL
50824,128509,1378933653,0,NULL,NULL
50824,129231,1378933653,-1,NULL,NULL
50824,129124,1378933653,0,NULL,NULL
50824,128138,1378933653,0,NULL,NULL
50824,128135,1378933653,0,NULL,NULL
50824,128139,1378933653,-1,NULL,NULL
50824,128510,1378933653,0,NULL,NULL
50824,128504,1378933653,0,NULL,NULL
50824,128529,1378933653,0,NULL,NULL
50824,128557,1378933653,0,NULL,NULL
50824,128131,1378933653,0,NULL,NULL
50824,128868,1378933653,0,NULL,NULL
50824,127270,1378933653,0,NULL,NULL
50826,123361,1378913213,0,NULL,NULL
50827,128895,1378877345,0,NULL,NULL
50828,129222,1378873989,0,NULL,NULL
50829,128557,1378854350,0,NULL,NULL
50829,128457,1378854350,0,NULL,NULL
50829,129264,1378854350,0,NULL,NULL
50829,128918,1378854350,0,NULL,NULL
50829,127992,1378854350,0,NULL,NULL
50829,129248,1378854350,0,NULL,NULL
50829,128907,1378854350,0,NULL,NULL
50829,127220,1378854350,0,NULL,NULL
50829,127513,1378854350,0,NULL,NULL
50829,127956,1378854350,0,NULL,NULL
50829,127997,1378854350,0,NULL,NULL
50829,127302,1378854350,0,NULL,NULL
50829,127903,1378854350,0,NULL,NULL
50829,127890,1378854350,0,NULL,NULL
50829,127981,1378854350,0,NULL,NULL
50829,123721,1378854350,0,NULL,NULL
50829,123722,1378854350,0,NULL,NULL
50829,124940,1378854350,0,NULL,NULL
50829,124697,1378854350,0,NULL,NULL
50829,123875,1378854350,0,NULL,NULL
50829,123720,1378854350,0,NULL,NULL
50829,127873,1378854350,0,NULL,NULL
50829,125062,1378854350,0,NULL,NULL
50829,127896,1378854350,0,NULL,NULL
50829,128921,1378854350,0,NULL,NULL
50829,123627,1378854350,0,NULL,NULL
50829,126981,1378854350,0,NULL,NULL
50829,128778,1378854350,0,NULL,NULL
50829,121641,1378854350,0,NULL,NULL
50829,123689,1378854350,0,NULL,NULL
50829,120709,1378854350,0,NULL,NULL
50829,127389,1378854350,0,NULL,NULL
50829,123418,1378854350,0,NULL,NULL
50829,123936,1378854350,0,NULL,NULL
50829,121611,1378854350,0,NULL,NULL
50829,125953,1378854350,0,NULL,NULL
50829,120139,1378854350,0,NULL,NULL
50829,120331,1378854350,0,NULL,NULL
50829,120582,1378854350,0,NULL,NULL
50829,120132,1378854350,0,NULL,NULL
50829,120070,1378854350,0,NULL,NULL
50829,120123,1378854350,0,NULL,NULL
50829,120144,1378854350,0,NULL,NULL
50829,120135,1378854350,0,NULL,NULL
50829,120092,1378854350,0,NULL,NULL
50829,120087,1378854350,0,NULL,NULL
50829,120127,1378854350,0,NULL,NULL
50829,120094,1378854350,0,NULL,NULL
50829,120117,1378854350,0,NULL,NULL
50829,120769,1378854350,0,0.0,0.0
50829,120765,1378854350,0,0.0,0.0
50829,121182,1378854350,0,NULL,NULL
50829,120585,1378854350,0,NULL,NULL
50829,120713,1378854350,0,NULL,NULL
50829,120768,1378854350,0,NULL,NULL
50830,123936,1378845547,0,NULL,NULL
50830,123418,1378845547,0,NULL,NULL
50830,123720,1378845547,0,NULL,NULL
50830,123353,1378845547,0,NULL,NULL
50830,124697,1378845547,0,NULL,NULL
50830,123875,1378845547,0,NULL,NULL
50830,127970,1378845547,0,NULL,NULL
50830,127896,1378845547,0,NULL,NULL
50830,127873,1378845547,0,NULL,NULL
50830,127981,1378845547,0,NULL,NULL
50830,123722,1378845547,0,NULL,NULL
50830,123721,1378845547,0,NULL,NULL
50830,128919,1378845547,0,NULL,NULL
50830,127890,1378845547,0,NULL,NULL
50830,127956,1378845547,0,NULL,NULL
50830,127974,1378845547,0,NULL,NULL
50830,127997,1378845547,0,NULL,NULL
50830,127998,1378845547,0,NULL,NULL
50830,127966,1378845547,0,NULL,NULL
50830,128923,1378845547,0,NULL,NULL
50830,129248,1378845547,0,NULL,NULL
50830,127220,1378845547,0,NULL,NULL
50830,127903,1378845547,0,NULL,NULL
50830,129012,1378845547,0,NULL,NULL
50830,127965,1378845547,0,NULL,NULL
50830,128778,1378845547,0,NULL,NULL
50830,126662,1378845547,0,NULL,NULL
50830,120654,1378845547,0,NULL,NULL
50830,121611,1378845547,0,NULL,NULL
50830,123389,1378845547,0,NULL,NULL
50830,123496,1378845547,0,NULL,NULL
50830,121383,1378845547,0,NULL,NULL
50830,120274,1378845547,0,NULL,NULL
50830,120312,1378845547,0,NULL,NULL
50830,120132,1378845547,0,NULL,NULL
50830,120088,1378845547,0,NULL,NULL
50830,120065,1378845547,0,0.0,0.0
50830,120070,1378845547,0,NULL,NULL
50830,120085,1378845547,0,NULL,NULL
50830,120127,1378845547,0,NULL,NULL
50830,120094,1378845547,0,NULL,NULL
50830,120117,1378845547,0,NULL,NULL
50830,120075,1378845547,0,NULL,NULL
50830,120062,1378845547,0,NULL,NULL
50830,120048,1378845547,0,NULL,NULL
50830,120135,1378845547,0,NULL,NULL
50830,120701,1378845547,0,0.0,0.0
50830,128457,1378845547,0,NULL,NULL
50830,128557,1378845547,0,NULL,NULL
50830,127992,1378845547,0,NULL,NULL
50830,129247,1378845547,0,NULL,NULL
50830,129264,1378845547,0,NULL,NULL
50831,128357,1378837352,1,NULL,NULL
50833,129121,1378824237,1,NULL,NULL
50834,128656,1378336244,-1,NULL,NULL
50834,128659,1378336244,0,NULL,NULL
50834,128663,1378336244,0,NULL,NULL
50834,128660,1378336244,0,NULL,NULL
50834,128658,1378336244,1,0.0,0.0
50834,128660,1378748352,0,NULL,NULL
50834,128658,1378748352,-1,NULL,NULL
50834,128656,1378748352,1,NULL,NULL
50834,128663,1378748352,0,NULL,NULL
50834,128659,1378748352,0,NULL,NULL
50834,128658,1378788992,1,NULL,NULL
50834,128660,1378788992,0,NULL,NULL
50834,128656,1378788992,-1,NULL,NULL
50834,128663,1378788992,0,NULL,NULL
50834,128659,1378788992,0,NULL,NULL
50835,129093,1378768873,0,NULL,NULL
50835,129082,1378768873,0,NULL,NULL
50835,128352,1378768873,0,NULL,NULL
50835,120526,1378768873,0,NULL,NULL
50835,120176,1378768873,-1,NULL,NULL
50835,128357,1378768873,0,NULL,NULL
50835,123353,1378768873,0,NULL,NULL
50835,121866,1378768873,0,NULL,NULL
50838,120033,1378757169,0,NULL,NULL
50840,120309,1378742166,0,0.0,0.0
50841,128843,1378716809,1,NULL,NULL
50841,126896,1378716809,0,NULL,NULL
50841,126856,1378716809,-1,NULL,NULL
50841,125543,1378716809,0,NULL,NULL
50841,120309,1378716809,0,0.0,0.0
50841,120176,1378716809,1,NULL,NULL
50842,123361,1378503300,0,NULL,NULL
50843,127194,1378500031,-1,NULL,NULL
50844,120100,1378495854,1,NULL,NULL
50845,120312,1378487576,0,NULL,NULL
50847,127194,1378427388,0,NULL,NULL
50847,120331,1378427388,0,NULL,NULL
50847,120323,1378427388,0,NULL,NULL
50847,120370,1378427388,0,NULL,NULL
50847,125050,1378427388,0,NULL,NULL
50847,129126,1378427388,0,NULL,NULL
50847,128455,1378427388,0,NULL,NULL
50847,120849,1378427388,0,NULL,NULL
50847,128806,1378427388,0,NULL,NULL
50847,121143,1378427388,0,NULL,NULL
50847,127939,1378427388,0,NULL,NULL
50847,127970,1378427388,0,NULL,NULL
50847,129128,1378427388,0,NULL,NULL
50847,121169,1378427388,0,NULL,NULL
50847,121609,1378427388,0,NULL,NULL
50847,120659,1378427388,0,NULL,NULL
50847,123966,1378427388,0,0.0,0.0
50847,127295,1378427388,0,NULL,NULL
50847,121551,1378427388,0,NULL,NULL
50847,121556,1378427388,0,NULL,NULL
50847,120848,1378427388,0,NULL,NULL
50847,123172,1378427388,0,1.0,1.0
50847,128456,1378427388,0,NULL,NULL
50847,120549,1378427388,0,NULL,NULL
50847,120793,1378427388,0,NULL,NULL
50847,123699,1378427388,0,NULL,NULL
50847,129093,1378427388,0,NULL,NULL
50847,123361,1378427388,0,NULL,NULL
50847,127860,1378427388,0,NULL,NULL
50847,128352,1378427388,0,NULL,NULL
50847,128452,1378427388,0,NULL,NULL
50847,121893,1378427388,0,NULL,NULL
50847,120063,1378427388,0,NULL,NULL
50847,129100,1378427388,0,NULL,NULL
50847,129124,1378427388,0,NULL,NULL
50847,127473,1378427388,0,NULL,NULL
50847,125938,1378427388,0,NULL,NULL
50847,128843,1378427388,0,NULL,NULL
50847,128781,1378427388,0,NULL,NULL
50847,123178,1378427388,0,NULL,NULL
50847,123562,1378427388,0,0.0,0.0
50847,120312,1378427388,0,NULL,NULL
50847,128901,1378427388,0,NULL,NULL
50847,128899,1378427388,0,NULL,NULL
50847,129092,1378427388,0,NULL,NULL
50847,121384,1378427388,0,NULL,NULL
50847,128710,1378427388,0,NULL,NULL
50847,128858,1378427388,0,NULL,NULL
50847,124940,1378427388,0,NULL,NULL
50847,123265,1378427388,0,NULL,NULL
50847,123080,1378427388,0,NULL,NULL
50847,121866,1378427388,0,NULL,NULL
50847,128714,1378427388,0,NULL,NULL
50847,121554,1378427388,0,NULL,NULL
50847,120176,1378427388,0,NULL,NULL
50847,129125,1378427388,0,NULL,NULL
50847,128470,1378427388,0,NULL,NULL
50847,121526,1378427388,0,NULL,NULL
50847,128394,1378427388,0,NULL,NULL
50847,128393,1378427388,0,NULL,NULL
50848,128470,1378421808,0,NULL,NULL
50849,121408,1378421093,-1,NULL,NULL
50850,123361,1378419176,1,NULL,NULL
50851,120310,1378418617,1,NULL,NULL
50853,123361,1378407274,1,NULL,NULL
50854,121383,1378397177,0,NULL,NULL
50855,127233,1378341897,1,NULL,NULL
50856,128933,1378339526,0,NULL,NULL
50856,129017,1378339526,-1,NULL,NULL
50856,129019,1378339526,-1,NULL,NULL
50856,129021,1378339526,-1,NULL,NULL
50856,129024,1378339526,-1,NULL,NULL
50856,129015,1378339526,-1,NULL,NULL
50856,128942,1378339526,0,NULL,NULL
50856,129025,1378339526,-1,NULL,NULL
50856,128944,1378339526,0,NULL,NULL
50856,129014,1378339526,-1,NULL,NULL
50856,129005,1378339526,1,NULL,NULL
50856,129018,1378339526,-1,NULL,NULL
50856,129023,1378339526,-1,NULL,NULL
50856,129022,1378339526,-1,NULL,NULL
50856,129006,1378339526,0,NULL,NULL
50856,129020,1378339526,-1,NULL,NULL
50856,129013,1378339526,-1,NULL,NULL
50856,128941,1378339526,0,NULL,NULL
50856,128943,1378339526,0,NULL,NULL
50856,128952,1378339526,0,NULL,NULL
50858,126112,1378319734,0,NULL,NULL
50859,128781,1378314793,0,NULL,NULL
50860,129107,1378310644,1,NULL,NULL
50860,123172,1378310644,0,NULL,NULL
50860,121553,1378310644,0,NULL,NULL
50860,120591,1378310644,0,NULL,NULL
50861,125062,1378306710,1,NULL,NULL
50862,120848,1378265110,0,NULL,NULL
50864,121598,1377957192,0,NULL,NULL
50866,123718,1377894707,0,NULL,NULL
50866,120312,1377894707,1,NULL,NULL
50866,120087,1377894707,-1,NULL,NULL
50866,123527,1377894707,0,NULL,NULL
50866,128918,1377894707,-1,NULL,NULL
50866,127890,1377894707,0,NULL,NULL
50866,123389,1377894707,1,NULL,NULL
50866,128907,1377894707,-1,NULL,NULL
50866,123582,1377894707,0,NULL,NULL
50866,127903,1377894707,-1,0.0,0.0
50866,121375,1377894707,0,NULL,NULL
50866,120123,1377894707,-1,NULL,NULL
50866,120717,1377894707,-1,NULL,NULL
50866,120120,1377894707,0,NULL,NULL
50866,120063,1377894707,-1,NULL,NULL
50866,123586,1377894707,0,NULL,NULL
50866,123936,1377894707,0,NULL,NULL
50866,120582,1377894707,0,NULL,NULL
50866,127513,1377894707,-1,NULL,NULL
50866,123720,1377894707,-1,NULL,NULL
50866,127997,1377894707,0,NULL,NULL
50866,128658,1377894707,0,0.0,0.0
50866,127956,1377894707,1,NULL,NULL
50866,120195,1377894707,0,NULL,NULL
50866,123418,1377894707,0,NULL,NULL
50866,126669,1377894707,-1,NULL,NULL
50866,124940,1377894707,-1,NULL,NULL
50866,121641,1377894707,-1,NULL,NULL
50866,120048,1377894707,0,NULL,NULL
50866,123579,1377894707,0,NULL,NULL
50866,121611,1377894707,-1,NULL,NULL
50866,120769,1377894707,0,0.0,0.0
50866,127220,1377894707,0,NULL,NULL
50866,120726,1377894707,-1,0.0,0.0
50866,120088,1377894707,0,NULL,NULL
50866,123565,1377894707,0,NULL,NULL
50866,128921,1377894707,-1,NULL,NULL
50866,123564,1377894707,0,NULL,NULL
50866,123578,1377894707,0,NULL,NULL
50866,127873,1377894707,0,NULL,NULL
50866,120070,1377894707,-1,NULL,NULL
50866,120709,1377894707,-1,NULL,NULL
50866,120666,1377894707,1,NULL,NULL
50866,127992,1377894707,0,NULL,NULL
50866,121182,1377894707,1,NULL,NULL
50866,128542,1377894707,0,NULL,NULL
50866,123771,1377894707,0,NULL,NULL
50866,127974,1377894707,-1,NULL,NULL
50866,126698,1377894707,0,NULL,NULL
50866,123722,1377894707,-1,NULL,NULL
50866,121135,1377894707,0,NULL,NULL
50866,123584,1377894707,0,NULL,NULL
50866,120127,1377894707,-1,NULL,NULL
50866,128916,1377894707,0,NULL,NULL
50866,128923,1377894707,0,NULL,NULL
50866,120585,1377894707,-1,NULL,NULL
50866,125083,1377894707,0,NULL,NULL
50866,127965,1377894707,-1,NULL,NULL
50866,121391,1377894707,0,NULL,NULL
50866,125036,1377894707,0,NULL,NULL
50868,121598,1377886055,1,NULL,NULL
50869,120100,1377883850,1,NULL,NULL
50869,120793,1377883850,0,NULL,NULL
50869,120549,1377883850,-1,NULL,NULL
50869,127054,1377883850,0,NULL,NULL
50869,126835,1377883850,0,NULL,NULL
50869,128463,1377883850,0,NULL,NULL
50870,121356,1377880120,0,NULL,NULL
50870,129289,1377880120,-1,NULL,NULL
50871,120545,1377879097,0,NULL,NULL
50873,120545,1377811245,1,NULL,NULL
50874,128348,1377809104,0,NULL,NULL
50874,128806,1377809104,0,NULL,NULL
50874,128975,1377809104,0,NULL,NULL
50874,128851,1377809104,0,NULL,NULL
50874,128839,1377809104,0,NULL,NULL
50874,127380,1377809104,0,NULL,NULL
50874,128847,1377809104,0,NULL,NULL
50874,128815,1377809104,0,NULL,NULL
50874,128816,1377809104,0,NULL,NULL
50874,128747,1377809104,0,NULL,NULL
50874,129211,1377809104,1,NULL,NULL
50874,128849,1377809104,0,NULL,NULL
50874,128658,1377809104,0,0.0,0.0
50874,128848,1377809104,0,NULL,NULL
50874,128817,1377809104,0,NULL,NULL
50874,126890,1377809104,0,NULL,NULL
50874,121536,1377809104,0,NULL,NULL
50874,121523,1377809104,0,NULL,NULL
50874,127295,1377809104,0,NULL,NULL
50874,121787,1377809104,0,NULL,NULL
50874,123875,1377809104,-1,NULL,NULL
50874,123113,1377809104,0,NULL,NULL
50874,124940,1377809104,-1,NULL,NULL
50874,120323,1377809104,0,NULL,NULL
50874,120856,1377809104,0,NULL,NULL
50874,120662,1377809104,0,NULL,NULL
50874,120870,1377809104,0,0.0,0.0
50874,120879,1377809104,-1,NULL,NULL
50874,120851,1377809104,-1,NULL,NULL
50874,121153,1377809104,1,NULL,NULL
50874,120853,1377809104,0,NULL,NULL
50874,120881,1377809104,0,NULL,NULL
50874,120857,1377809104,0,NULL,NULL
50874,120862,1377809104,0,NULL,NULL
50874,120854,1377809104,0,NULL,NULL
50874,120882,1377809104,1,NULL,NULL
50874,120869,1377809104,1,NULL,NULL
50874,120876,1377809104,0,NULL,NULL
50874,120878,1377809104,0,NULL,NULL
50874,121522,1377809104,0,NULL,NULL
50875,129124,1377798776,0,NULL,NULL
50876,123395,1377793687,0,NULL,NULL
50876,120154,1377793687,0,NULL,NULL
50876,120471,1377793687,-1,NULL,NULL
50876,120310,1377793687,-1,NULL,NULL
50876,128143,1377793687,0,NULL,NULL
50876,128922,1377793687,0,NULL,NULL
50876,128919,1377793687,0,NULL,NULL
50876,128843,1377793687,0,NULL,NULL
50876,128993,1377793687,1,NULL,NULL
50876,128918,1377793687,-1,NULL,NULL
50876,128912,1377793687,0,NULL,NULL
50876,128924,1377793687,-1,NULL,NULL
50876,128138,1377793687,-1,NULL,NULL
50876,128923,1377793687,0,NULL,NULL
50876,128910,1377793687,-1,0.0,0.0
50876,129218,1377793687,1,NULL,NULL
50876,128911,1377793687,1,NULL,NULL
50877,129094,1377751274,0,NULL,NULL
50877,129094,1377751343,0,NULL,NULL
50877,129094,1377751365,0,NULL,NULL
50878,121045,1377750570,0,NULL,NULL
50878,120495,1377750570,0,0.0,0.0
50878,120549,1377750570,0,NULL,NULL
50878,120590,1377750570,0,NULL,NULL
50878,121576,1377750570,1,NULL,NULL
50878,127057,1377750570,-1,NULL,NULL
50878,126847,1377750570,0,NULL,NULL
50879,126008,1377736588,1,NULL,NULL
50879,121598,1377736588,0,NULL,NULL
50879,120176,1377736588,0,NULL,NULL
50880,120309,1377732597,0,0.0,0.0
50881,121484,1377730752,0,NULL,NULL
50881,121486,1377730752,0,NULL,NULL
50881,121497,1377730752,1,NULL,NULL
50881,121480,1377730752,1,NULL,NULL
50882,120851,1377726388,0,NULL,NULL
50882,125546,1377726388,1,NULL,NULL
50882,128470,1377726388,1,NULL,NULL
50884,123395,1377719949,0,NULL,NULL
50884,123368,1377719949,1,NULL,NULL
50884,120635,1377719949,0,NULL,NULL
50884,120471,1377719949,1,0.0,0.0
50884,121182,1377719949,0,NULL,NULL
50884,121167,1377719949,1,NULL,NULL
50884,120321,1377719949,0,NULL,NULL
50884,120310,1377719949,1,NULL,NULL
50884,120312,1377719949,0,NULL,NULL
50884,120070,1377719949,0,NULL,NULL
50884,120088,1377719949,0,NULL,NULL
50884,128843,1377719949,0,NULL,NULL
50884,129130,1377719949,0,NULL,NULL
50884,128124,1377719949,-1,NULL,NULL
50884,129124,1377719949,0,NULL,NULL
50884,128635,1377719949,1,NULL,NULL
50884,128510,1377719949,1,NULL,NULL
50884,128639,1377719949,0,NULL,NULL
50884,128138,1377719949,0,NULL,NULL
50884,129098,1377719949,0,NULL,NULL
50885,127946,1377719215,1,NULL,NULL
50886,120127,1377718320,0,NULL,NULL
50886,120331,1377718320,0,NULL,NULL
50886,120584,1377718320,1,NULL,NULL
50886,121176,1377718320,-1,NULL,NULL
50886,121637,1377718320,-1,NULL,NULL
50886,121408,1377718320,0,NULL,NULL
50886,121173,1377718320,0,NULL,NULL
50886,128143,1377718320,1,NULL,NULL
50886,127903,1377718320,0,0.0,0.0
50886,128981,1377718320,0,NULL,NULL
50886,125111,1377718320,0,NULL,NULL
50886,123502,1377718320,1,NULL,NULL
50886,128470,1377718320,1,NULL,NULL
50886,128472,1377718320,0,NULL,NULL
50886,128901,1377718320,0,NULL,NULL
50886,129164,1377718320,0,NULL,NULL
50886,128899,1377718320,0,0.0,0.0
50887,123385,1377717414,1,NULL,NULL
50888,126347,1377717387,0,0.0,0.0
50890,127165,1377714724,0,NULL,NULL
50890,121219,1377714724,1,NULL,NULL
50890,127167,1377714724,0,NULL,NULL
50891,128461,1377641541,1,NULL,NULL
50891,128352,1377641541,1,NULL,NULL
50891,128462,1377641541,1,NULL,NULL
50891,128509,1377641541,0,NULL,NULL
50891,128121,1377641541,1,NULL,NULL
50891,120312,1377641541,1,NULL,NULL
50891,120321,1377641541,0,NULL,NULL
50891,120100,1377641541,1,NULL,NULL
50891,120549,1377641541,1,NULL,NULL
50892,121522,1377637229,0,NULL,NULL
50893,123172,1377633192,0,NULL,NULL
50895,123271,1377621354,1,NULL,NULL
50896,127168,1377619569,0,NULL,NULL
50896,123262,1377619569,0,NULL,NULL
50897,121224,1377546218,0,NULL,NULL
50897,127677,1377546218,0,NULL,NULL
50897,125693,1377546218,0,NULL,NULL
50898,121384,1377544882,0,NULL,NULL
50899,123044,1377536923,1,NULL,NULL
50900,120471,1377323697,0,NULL,NULL
50901,126355,1377306583,1,NULL,NULL
50901,126820,1377306583,0,NULL,NULL
50903,123017,1377294398,0,NULL,NULL
50906,120128,1377286047,0,NULL,NULL
50907,129102,1377272412,0,NULL,NULL
50908,120471,1377271783,0,NULL,NULL
50909,128776,1377211574,0,NULL,NULL
50909,128026,1377211574,0,NULL,NULL
50909,128895,1377211574,0,NULL,NULL
50909,129102,1377211574,0,NULL,NULL
50910,129231,1377209877,0,NULL,NULL
50911,120762,1377207389,0,NULL,NULL
50911,120763,1377207389,0,NULL,NULL
50911,120768,1377207389,0,NULL,NULL
50911,120717,1377207389,1,NULL,NULL
50911,120713,1377207389,1,NULL,NULL
50911,120495,1377207389,0,NULL,NULL
50911,120657,1377207389,0,NULL,NULL
50911,120404,1377207389,-1,0.0,0.0
50911,120062,1377207389,-1,0.0,0.0
50911,120117,1377207389,1,NULL,NULL
50911,120080,1377207389,1,0.0,0.0
50911,120063,1377207389,1,NULL,NULL
50911,120078,1377207389,0,NULL,NULL
50911,120120,1377207389,1,NULL,NULL
50911,120139,1377207389,1,NULL,NULL
50911,120769,1377207389,0,0.0,0.0
50911,120765,1377207389,0,0.0,0.0
50911,129099,1377207389,0,NULL,NULL
50911,129107,1377207389,1,1.0,1.0
50911,129211,1377207389,0,NULL,NULL
50911,129106,1377207389,-1,NULL,NULL
50912,129158,1377206584,0,NULL,NULL
50912,128640,1377206584,0,NULL,NULL
50912,127302,1377206584,0,NULL,NULL
50912,127334,1377206584,0,NULL,NULL
50912,127294,1377206584,0,NULL,NULL
50912,125058,1377206584,0,NULL,NULL
50912,124940,1377206584,0,NULL,NULL
50913,120048,1377206130,1,NULL,NULL
50913,120046,1377206130,-1,NULL,NULL
50915,120176,1377184057,1,NULL,NULL
50916,121176,1377150134,0,NULL,NULL
50916,120590,1377150134,0,NULL,NULL
50916,120284,1377150134,0,NULL,NULL
50916,121593,1377150134,1,NULL,NULL
50916,128024,1377150134,0,NULL,NULL
50916,128018,1377150134,1,NULL,NULL
50916,126877,1377150134,0,NULL,NULL
50916,123537,1377150134,0,NULL,NULL
50916,128014,1377150134,0,NULL,NULL
50916,127941,1377150134,0,NULL,NULL
50916,128025,1377150134,1,NULL,NULL
50917,123936,1377131871,0,NULL,NULL
50919,127194,1374103762,1,NULL,NULL
50919,127194,1375165638,-1,NULL,NULL
50919,127194,1375237096,-1,NULL,NULL
50919,127194,1376937533,1,NULL,NULL
50919,127194,1377110129,1,NULL,NULL
50919,127194,1377127188,-1,NULL,NULL
50920,120176,1377121323,0,NULL,NULL
50920,121146,1377121323,1,NULL,NULL
50921,129127,1377116473,1,0.0,0.0
50922,123172,1377113121,0,NULL,NULL
50922,124369,1377113121,0,NULL,NULL
50922,123130,1377113121,0,NULL,NULL
50922,123010,1377113121,0,NULL,NULL
50922,123363,1377113121,0,0.0,0.0
50922,120312,1377113121,0,NULL,NULL
50922,129082,1377113121,0,NULL,NULL
50922,123343,1377116000,0,NULL,NULL
50922,123172,1377116000,1,NULL,NULL
50923,128958,1365612148,0,NULL,NULL
50923,128521,1377061460,1,NULL,NULL
50923,128961,1377061460,1,NULL,NULL
50923,128865,1365652307,-1,NULL,NULL
50923,120274,1377061460,0,NULL,NULL
50923,128129,1377061460,1,NULL,NULL
50923,129233,1365652307,0,NULL,NULL
50923,128133,1365612148,1,NULL,NULL
50923,128954,1365612148,0,NULL,NULL
50923,128129,1365612148,0,NULL,NULL
50923,120331,1365652307,0,NULL,NULL
50923,128523,1365652307,-1,NULL,NULL
50923,128665,1365612148,0,NULL,NULL
50923,128134,1365652307,-1,NULL,NULL
50923,128960,1377061460,1,NULL,NULL
50923,128133,1365652307,-1,NULL,NULL
50923,128954,1377061460,1,NULL,NULL
50923,128959,1365652307,-1,NULL,NULL
50923,128954,1365652307,-1,NULL,NULL
50923,128124,1365612148,1,NULL,NULL
50923,128523,1365612148,0,NULL,NULL
50923,120610,1377061460,1,NULL,NULL
50923,128133,1377061460,1,NULL,NULL
50923,129471,1365612148,1,NULL,NULL
50923,128122,1365612148,0,NULL,NULL
50923,129291,1365612148,0,NULL,NULL
50923,128139,1365652307,-1,NULL,NULL
50923,128130,1377061460,1,NULL,NULL
50923,128528,1365652307,-1,NULL,NULL
50923,128734,1377061460,1,NULL,NULL
50923,128528,1365612148,0,NULL,NULL
50923,128130,1365652307,-1,NULL,NULL
50923,128956,1365612148,0,NULL,NULL
50923,128955,1365652307,-1,NULL,NULL
50923,129290,1365652307,-1,NULL,NULL
50923,129232,1377061460,1,NULL,NULL
50923,128120,1365652307,-1,NULL,NULL
50923,128865,1365612148,0,NULL,NULL
50923,128962,1377061460,1,NULL,NULL
50923,128665,1365652307,-1,NULL,NULL
50923,128509,1365612148,0,NULL,NULL
50923,128958,1377061460,1,NULL,NULL
50923,128134,1377061460,1,NULL,NULL
50923,128669,1377061460,1,NULL,NULL
50923,128120,1377061460,1,NULL,NULL
50923,128959,1377061460,1,NULL,NULL
50923,129291,1377061460,1,NULL,NULL
50923,128523,1377061460,1,NULL,NULL
50923,128134,1365612148,0,NULL,NULL
50923,128131,1365652307,-1,NULL,NULL
50923,128125,1377061460,1,NULL,NULL
50923,128139,1377061460,1,NULL,NULL
50923,128135,1377061460,1,NULL,NULL
50923,128865,1377061460,1,NULL,NULL
50923,128955,1365612148,0,NULL,NULL
50923,120331,1365612148,0,NULL,NULL
50923,128957,1365612148,1,NULL,NULL
50923,128124,1377061460,1,NULL,NULL
50923,128125,1365612148,0,NULL,NULL
50923,128529,1365612148,0,NULL,NULL
50924,123936,1377058010,0,NULL,NULL
50925,129247,1377047386,-1,NULL,NULL
50926,128917,1377046711,-1,NULL,NULL
50927,120176,1377045736,1,NULL,NULL
50928,120333,1377042791,0,NULL,NULL
50928,120034,1377042791,-1,NULL,NULL
50928,120176,1377042791,1,NULL,NULL
50928,123046,1377042791,1,NULL,NULL
50928,123363,1377042791,0,NULL,NULL
50928,121310,1377042791,1,NULL,NULL
50928,128781,1377042791,1,NULL,NULL
50928,128951,1377042791,1,NULL,NULL
50928,127194,1377042791,1,NULL,NULL
50928,128352,1377042791,1,NULL,NULL
50929,128707,1377031724,0,NULL,NULL
50929,128710,1377031724,1,NULL,NULL
50929,127943,1377031724,0,NULL,NULL
50929,129124,1377031724,0,0.0,0.0
50929,125079,1377031724,-1,NULL,NULL
50929,125050,1377031724,-1,0.0,0.0
50929,128709,1377031724,-1,NULL,NULL
50929,123043,1377031724,1,NULL,NULL
50929,121787,1377031724,-1,NULL,NULL
50929,121893,1377031724,1,NULL,NULL
50929,121309,1377031724,-1,NULL,NULL
50929,123177,1377031724,0,NULL,NULL
50929,123265,1377031724,1,NULL,NULL
50929,120547,1377031724,0,NULL,NULL
50929,120331,1377031724,1,NULL,NULL
50930,121641,1377027566,0,NULL,NULL
50931,125889,1376963669,1,NULL,NULL
50932,128843,1376944202,0,NULL,NULL
50932,128975,1376944202,-1,NULL,NULL
50932,128851,1376944202,-1,NULL,NULL
50932,128848,1376944202,0,NULL,NULL
50932,124940,1376944202,-1,NULL,NULL
50932,127867,1376944202,0,NULL,NULL
50932,123566,1376944202,0,NULL,NULL
50932,123113,1376944202,0,NULL,NULL
50932,120087,1376944202,-1,NULL,NULL
50932,120154,1376944202,0,NULL,NULL
50932,120851,1376944202,1,NULL,NULL
50932,120662,1376944202,-1,NULL,NULL
50932,120870,1376944202,0,0.0,0.0
50932,120879,1376944202,-1,NULL,NULL
50932,121536,1376944202,-1,NULL,NULL
50932,120882,1376944202,-1,NULL,NULL
50932,120881,1376944202,-1,NULL,NULL
50932,121534,1376944202,-1,NULL,NULL
50932,121142,1376944202,0,NULL,NULL
50932,128747,1376944202,0,NULL,NULL
50933,121489,1376857794,0,NULL,NULL
50933,121480,1376857794,0,NULL,NULL
50933,123496,1376857794,0,NULL,NULL
50933,121733,1376857794,0,NULL,NULL
50933,124418,1376857794,0,NULL,NULL
50933,121497,1376857794,0,NULL,NULL
50933,121641,1376857794,0,NULL,NULL
50933,121125,1376857794,0,NULL,NULL
50933,120046,1376857794,1,NULL,NULL
50933,120048,1376857794,0,NULL,NULL
50933,120043,1376857794,0,NULL,NULL
50933,121479,1376857794,0,NULL,NULL
50933,125931,1376857794,0,NULL,NULL
50934,121526,1376850338,1,NULL,NULL
50935,120331,1376608763,1,NULL,NULL
50935,123819,1376849191,0,NULL,NULL
50938,120851,1376840004,0,NULL,NULL
50938,128352,1376840004,1,NULL,NULL
50940,123393,1376765193,0,NULL,NULL
50941,128708,1376689395,1,NULL,NULL
50941,128843,1376689395,1,NULL,NULL
50942,121547,1376689263,0,NULL,NULL
50943,121733,1376681788,0,NULL,NULL
50943,121393,1376681788,0,NULL,NULL
50943,120048,1376681788,0,NULL,NULL
50943,120046,1376681788,0,NULL,NULL
50943,126897,1376681788,0,NULL,NULL
50944,129145,1376669764,1,NULL,NULL
50945,128352,1376666456,-1,NULL,NULL
50945,121883,1376666456,-1,NULL,NULL
50945,120346,1376666456,0,NULL,NULL
50945,128357,1376666456,0,NULL,NULL
50945,128708,1376666456,1,NULL,NULL
50947,128910,1376593666,0,NULL,NULL
50948,120312,1376591158,0,NULL,NULL
50948,120471,1376591158,1,NULL,NULL
50949,123148,1376591121,0,NULL,NULL
50950,123146,1376588977,0,NULL,NULL
50953,120046,1376545496,1,NULL,NULL
50953,120048,1376545496,1,NULL,NULL
50953,121641,1376545496,-1,NULL,NULL
50953,121125,1376545496,0,NULL,NULL
50953,121730,1376545496,0,NULL,NULL
50953,124418,1376545496,0,NULL,NULL
50953,123496,1376545496,0,NULL,NULL
50953,125931,1376545496,0,NULL,NULL
50953,128008,1376545496,0,NULL,NULL
50954,127542,1376544881,0,NULL,NULL
50954,121706,1376544881,1,NULL,NULL
50954,120549,1376544881,1,NULL,NULL
50957,123602,1376527073,-1,NULL,NULL
50957,120300,1376527073,1,NULL,NULL
50958,120310,1376524574,1,NULL,NULL
50959,120310,1376522451,0,NULL,NULL
50959,120176,1376522451,0,NULL,NULL
50959,120312,1376522451,1,NULL,NULL
50959,120331,1376522451,0,NULL,NULL
50959,120471,1376522451,0,NULL,NULL
50959,120785,1376522451,-1,0.0,0.0
50959,121366,1376522451,1,NULL,NULL
50959,121173,1376522451,1,NULL,NULL
50959,124418,1376522451,1,NULL,NULL
50959,128849,1376522451,1,0.0,0.0
50959,123343,1376522451,1,NULL,NULL
50959,127233,1376522451,0,NULL,NULL
50959,128853,1376522451,1,NULL,NULL
50959,128676,1376522451,0,NULL,NULL
50959,127230,1376522451,1,NULL,NULL
50959,125323,1376522451,0,NULL,NULL
50959,129158,1376522451,0,NULL,NULL
50959,128675,1376522451,0,0.0,0.0
50962,121547,1376502089,1,NULL,NULL
50963,127295,1376499645,0,NULL,NULL
50963,123291,1376499645,0,NULL,NULL
50963,124940,1376499645,-1,NULL,NULL
50963,128658,1376499645,0,NULL,NULL
50963,128849,1376499645,0,0.0,0.0
50963,128851,1376499645,0,NULL,NULL
50963,120331,1376499645,0,NULL,NULL
50963,120127,1376499645,0,NULL,NULL
50963,121153,1376499645,-1,NULL,NULL
50963,120853,1376499645,0,NULL,NULL
50963,120774,1376499645,0,NULL,NULL
50963,121659,1376499645,0,NULL,NULL
50963,125727,1376499645,-1,NULL,NULL
50963,127870,1376499645,0,NULL,NULL
50963,129211,1376499645,-1,NULL,NULL
50964,129292,1376440470,0,NULL,NULL
50964,129231,1376440470,1,NULL,NULL
50964,120176,1376440470,1,NULL,NULL
50964,120218,1376440470,0,NULL,NULL
50964,120274,1376440470,1,NULL,NULL
50964,120676,1376440470,0,NULL,NULL
50964,128843,1376440470,1,NULL,NULL
50964,129232,1376440470,1,NULL,NULL
50964,125062,1376440470,0,NULL,NULL
50964,123361,1376440470,1,NULL,NULL
50964,120176,1376492615,0,NULL,NULL
50965,120309,1376461190,0,0.0,0.0
50965,120218,1376461190,0,NULL,NULL
50965,129102,1376461190,1,NULL,NULL
50965,128895,1376461190,1,NULL,NULL
50965,128984,1376461190,0,NULL,NULL
50968,121526,1376431519,-1,NULL,NULL
50969,123936,1376430596,1,NULL,NULL
50969,123939,1376430596,1,NULL,NULL
50969,125431,1376430596,1,NULL,NULL
50969,123020,1376430596,0,NULL,NULL
50969,128120,1376430596,1,NULL,NULL
50969,128101,1376430596,0,NULL,NULL
50969,125084,1376430596,1,NULL,NULL
50969,124404,1376430596,1,NULL,NULL
50969,124405,1376430596,0,NULL,NULL
50969,120742,1376430596,1,NULL,NULL
50969,120195,1376430596,1,NULL,NULL
50969,120274,1376430596,1,NULL,NULL
50969,120309,1376430596,0,0.0,0.0
50969,120154,1376430596,1,NULL,NULL
50969,120226,1376430596,1,NULL,NULL
50969,129102,1376430596,0,NULL,NULL
50969,128895,1376430596,1,NULL,NULL
50969,129252,1376430596,0,NULL,NULL
50969,128510,1376430596,0,NULL,NULL
50969,127984,1376430596,1,NULL,NULL
50969,127983,1376430596,1,NULL,NULL
50969,128509,1376430596,1,0.0,0.0
50970,128542,1376427711,0,NULL,NULL
50970,120583,1376427711,0,NULL,NULL
50972,120471,1376411262,1,NULL,NULL
50973,129284,1376367543,0,NULL,NULL
50975,121310,1376352755,-1,NULL,NULL
50976,129113,1376351878,-1,NULL,NULL
50977,128362,1376350538,1,NULL,NULL
50977,128352,1376350538,-1,NULL,NULL
50977,129098,1376350538,1,NULL,NULL
50978,129301,1376347779,1,NULL,NULL
50979,126825,1376343658,1,NULL,NULL
50979,126370,1376343658,0,NULL,NULL
50980,121637,1376327703,0,NULL,NULL
50981,121219,1376264245,0,NULL,NULL
50983,127340,1376227940,0,NULL,NULL
50983,127343,1376227940,0,NULL,NULL
50983,127305,1376227940,0,NULL,NULL
50983,127326,1376227940,0,NULL,NULL
50983,127317,1376227940,0,NULL,NULL
50983,127320,1376227940,0,NULL,NULL
50983,127335,1376227940,0,NULL,NULL
50983,127337,1376227940,0,NULL,NULL
50983,127311,1376227940,0,NULL,NULL
50983,127342,1376227940,0,NULL,NULL
50983,123689,1376227940,0,NULL,NULL
50985,128008,1376160826,1,NULL,NULL
50985,123515,1376160826,-1,NULL,NULL
50985,123202,1376160826,1,NULL,NULL
50985,120043,1376160826,0,NULL,NULL
50985,129295,1376160826,1,NULL,NULL
50985,127095,1376160826,-1,0.0,0.0
50985,129217,1376160826,0,NULL,NULL
50986,121310,1376111524,0,NULL,NULL
50989,128509,1376088573,0,NULL,NULL
50989,125062,1376088573,0,NULL,NULL
50989,120549,1376088573,0,NULL,NULL
50989,123361,1376088573,0,NULL,NULL
50990,128543,1376085708,-1,NULL,NULL
50991,120331,1376085038,0,NULL,NULL
50993,129302,1376072467,1,NULL,NULL
50993,129296,1376072467,0,NULL,NULL
50993,129297,1376072467,0,NULL,NULL
50993,129301,1376072467,0,NULL,NULL
50995,128362,1376021614,0,NULL,NULL
50997,121607,1376005828,0,NULL,NULL
50997,123363,1376005828,0,NULL,NULL
50997,120274,1376005828,0,NULL,NULL
50997,120195,1376005828,0,NULL,NULL
50997,120582,1376005828,0,NULL,NULL
50997,120070,1376005828,0,NULL,NULL
50997,120331,1376005828,0,NULL,NULL
50997,120585,1376005828,0,NULL,NULL
50997,120584,1376005828,1,NULL,NULL
50997,120583,1376005828,0,NULL,NULL
50997,120338,1376005828,0,NULL,NULL
50997,128933,1376005828,0,NULL,NULL
50997,127917,1376005828,0,NULL,NULL
50997,128981,1376005828,0,NULL,NULL
50997,126681,1376005828,0,NULL,NULL
50997,127916,1376005828,0,NULL,NULL
50997,129264,1376005828,0,NULL,NULL
50997,126779,1376005828,0,NULL,NULL
50997,127271,1376005828,0,NULL,NULL
50999,121310,1376002158,-1,NULL,NULL
51000,123571,1375993638,0,NULL,NULL
51000,120652,1375993638,1,NULL,NULL
51001,129154,1375935589,1,NULL,NULL
51001,128994,1375935589,1,NULL,NULL
51001,120366,1375935589,0,NULL,NULL
51001,120221,1375935589,0,NULL,NULL
51001,129211,1375935589,1,NULL,NULL
51001,120067,1375935589,0,NULL,NULL
51001,128549,1375935589,0,NULL,NULL
51001,121557,1375935589,0,NULL,NULL
51001,120701,1375935589,0,NULL,NULL
51001,123721,1375935589,0,NULL,NULL
51001,120077,1375935589,0,NULL,NULL
51001,124420,1375935589,0,NULL,NULL
51001,127939,1375935589,1,NULL,NULL
51001,127188,1375935589,0,NULL,NULL
51001,128452,1375935589,1,NULL,NULL
51001,123498,1375935589,0,NULL,NULL
51001,129019,1375935589,0,NULL,NULL
51001,125431,1375935589,1,NULL,NULL
51001,120070,1375935589,1,NULL,NULL
51001,120078,1375935589,-1,NULL,NULL
51001,128708,1375935589,0,NULL,NULL
51001,128376,1375935589,0,NULL,NULL
51001,120294,1375935589,0,NULL,NULL
51001,128405,1375935589,0,NULL,NULL
51001,121176,1375935589,1,NULL,NULL
51001,120127,1375935589,-1,NULL,NULL
51001,120300,1375935589,0,NULL,NULL
51001,129111,1375935589,0,NULL,NULL
51001,129113,1375935589,0,NULL,NULL
51001,124767,1375935589,0,NULL,NULL
51001,128695,1375935589,0,NULL,NULL
51001,129285,1375935589,0,NULL,NULL
51001,124405,1375935589,0,NULL,NULL
51001,128999,1375935589,0,NULL,NULL
51001,128529,1375935589,1,NULL,NULL
51001,127904,1375935589,0,NULL,NULL
51001,129006,1375935589,0,NULL,NULL
51001,128901,1375935589,-1,NULL,NULL
51001,123138,1375935589,0,0.0,0.0
51001,121142,1375935589,0,NULL,NULL
51001,128951,1375935589,0,NULL,NULL
51001,120666,1375935589,-1,NULL,NULL
51001,126825,1375935589,0,NULL,NULL
51001,123092,1375935589,0,NULL,NULL
51001,123170,1375935589,0,NULL,NULL
51001,120295,1375935589,0,NULL,NULL
51001,123091,1375935589,0,NULL,NULL
51001,128553,1375935589,0,NULL,NULL
51001,129164,1375935589,0,NULL,NULL
51001,120168,1375935589,0,0.0,0.0
51001,121136,1375935589,0,NULL,NULL
51001,128952,1375935589,0,NULL,NULL
51001,121169,1375935589,1,NULL,NULL
51001,123363,1375935589,0,NULL,NULL
51001,121551,1375935589,0,NULL,NULL
51001,123502,1375935589,0,NULL,NULL
51001,126347,1375935589,0,NULL,NULL
51001,125162,1375935589,1,NULL,NULL
51001,128858,1375935589,1,NULL,NULL
51001,126676,1375935589,0,NULL,NULL
51004,123395,1375919885,0,NULL,NULL
51004,120070,1375919885,1,NULL,NULL
51004,126856,1375919885,1,NULL,NULL
51004,128843,1375919885,1,NULL,NULL
51004,129292,1375919885,1,NULL,NULL
51004,129112,1375919885,0,NULL,NULL
51005,120312,1375917318,1,NULL,NULL
51006,121176,1375895533,1,NULL,NULL
51007,121176,1375892981,1,NULL,NULL
51008,123389,1375819837,0,NULL,NULL
51008,120274,1375819837,0,NULL,NULL
51008,120331,1375819837,0,NULL,NULL
51008,120519,1375819837,0,NULL,NULL
51008,120312,1375819837,1,NULL,NULL
51008,120075,1375819837,-1,NULL,NULL
51008,120576,1375819837,-1,NULL,NULL
51008,120225,1375819837,0,NULL,NULL
51008,123010,1375819837,-1,NULL,NULL
51008,123353,1375819837,-1,NULL,NULL
51008,128124,1375819837,-1,NULL,NULL
51008,128557,1375819837,0,NULL,NULL
51009,121383,1375816731,-1,NULL,NULL
51009,128781,1375816731,1,NULL,NULL
51010,126547,1375809544,0,NULL,NULL
51010,121182,1375809544,1,NULL,NULL
51011,126890,1375806697,-1,NULL,NULL
51011,120870,1375806697,0,NULL,NULL
51011,120869,1375806697,-1,NULL,NULL
51011,120878,1375806697,-1,NULL,NULL
51012,123044,1375800189,0,NULL,NULL
51012,123622,1375800189,0,NULL,NULL
51012,123177,1375800189,0,NULL,NULL
51012,123045,1375800189,0,NULL,NULL
51012,121383,1375800189,-1,NULL,NULL
51012,125317,1375800189,0,NULL,NULL
51012,120848,1375800189,1,NULL,NULL
51012,120897,1375800189,1,NULL,NULL
51012,120549,1375800189,0,NULL,NULL
51012,120616,1375800189,-1,NULL,NULL
51012,121898,1375800189,0,NULL,NULL
51012,125050,1375800189,0,0.0,0.0
51012,128456,1375800189,0,NULL,NULL
51012,129166,1375800189,0,NULL,NULL
51012,128781,1375800189,0,NULL,NULL
51012,128452,1375800189,-1,0.0,0.0
51012,127942,1375800189,0,NULL,NULL
51012,128457,1375800189,0,NULL,NULL
51012,128451,1375800189,-1,NULL,NULL
51012,128695,1375800189,0,NULL,NULL
51012,128707,1375800189,0,NULL,NULL
51013,128352,1375744205,1,NULL,NULL
51013,129100,1375744205,-1,NULL,NULL
51013,120098,1375744205,-1,NULL,NULL
51015,128814,1375723693,-1,NULL,NULL
51015,128813,1375723693,-1,NULL,NULL
51015,128352,1375723693,0,NULL,NULL
51016,120581,1375476437,1,NULL,NULL
51016,120070,1375476437,0,NULL,NULL
51016,120331,1375658240,1,NULL,NULL
51016,120581,1375658240,-1,NULL,NULL
51017,120331,1375600145,0,NULL,NULL
51020,120545,1375481223,0,NULL,NULL
51021,120584,1375233610,0,NULL,NULL
51021,120584,1375476547,0,NULL,NULL
51022,120370,1374174304,0,0.0,0.0
51022,120393,1374174304,0,NULL,NULL
51022,128843,1374174304,0,NULL,NULL
51022,120370,1374186176,0,0.0,0.0
51022,120393,1374186176,-1,NULL,NULL
51022,128843,1374186176,0,NULL,NULL
51022,120370,1375474953,0,0.0,0.0
51022,128843,1375474953,0,NULL,NULL
51023,123085,1375474110,0,NULL,NULL
51025,120771,1375470094,-1,NULL,NULL
51025,127028,1375470094,0,NULL,NULL
51025,129240,1375470094,0,NULL,NULL
51026,121730,1375418523,1,NULL,NULL
51027,127220,1375418092,1,NULL,NULL
51028,128357,1375383343,0,NULL,NULL
51028,128362,1375383343,1,NULL,NULL
51028,128352,1375383343,0,NULL,NULL
51032,127975,1375285926,1,NULL,NULL
51032,127904,1375285926,1,NULL,NULL
51032,128774,1375285926,0,NULL,NULL
51032,127974,1375285926,1,NULL,NULL
51033,120087,1375282725,0,NULL,NULL
51033,120338,1375282725,-1,NULL,NULL
51034,121898,1375265785,1,NULL,NULL
51034,120746,1375265785,-1,NULL,NULL
51034,120295,1375265785,-1,NULL,NULL
51034,120077,1375265785,0,NULL,NULL
51034,123045,1375265785,-1,NULL,NULL
51034,125152,1375265785,-1,NULL,NULL
51034,123178,1375265785,0,NULL,NULL
51034,125162,1375265785,-1,NULL,NULL
51034,128002,1375265785,0,NULL,NULL
51035,127732,1375214224,0,NULL,NULL
51035,120681,1375214224,0,NULL,NULL
51035,121866,1375214224,1,NULL,NULL
51035,120681,1375218471,0,0.0,0.0
51036,123178,1375198087,-1,0.0,0.0
51036,123045,1375198087,0,NULL,NULL
51036,120495,1375198087,0,NULL,NULL
51036,120078,1375198087,0,NULL,NULL
51036,120077,1375198087,0,NULL,NULL
51037,126153,1374526590,1,NULL,NULL
51037,126153,1375175447,1,NULL,NULL
51038,128846,1375161272,0,NULL,NULL
51038,123966,1375161272,0,0.0,0.0
51038,123138,1375161272,0,0.0,0.0
51038,120379,1375161272,0,NULL,NULL
51038,129098,1375161272,0,NULL,NULL
51038,120526,1375161272,0,NULL,NULL
51038,123044,1375161272,0,NULL,NULL
51038,120771,1375161272,0,NULL,NULL
51038,120195,1375161272,0,NULL,NULL
51038,120764,1375161272,0,NULL,NULL
51038,123489,1375161272,0,NULL,NULL
51038,120083,1375161272,0,NULL,NULL
51038,120346,1375161272,0,NULL,NULL
51038,125518,1375161272,0,NULL,NULL
51038,127238,1375161272,0,NULL,NULL
51038,121730,1375161272,0,NULL,NULL
51038,129356,1375161272,0,NULL,NULL
51038,123225,1375161272,0,0.0,0.0
51038,120063,1375161272,0,NULL,NULL
51038,120545,1375161272,0,NULL,NULL
51038,121681,1375161272,0,NULL,NULL
51038,120713,1375161272,0,NULL,NULL
51038,121375,1375161272,0,NULL,NULL
51038,128922,1375161272,0,NULL,NULL
51038,125012,1375161272,0,NULL,NULL
51038,124767,1375161272,0,NULL,NULL
51038,123156,1375161272,0,NULL,NULL
51038,125953,1375161272,0,NULL,NULL
51038,128843,1375161272,0,NULL,NULL
51038,125050,1375161272,0,NULL,NULL
51038,121310,1375161272,0,NULL,NULL
51038,120321,1375161272,0,NULL,NULL
51038,127020,1375161272,0,NULL,NULL
51038,129238,1375161272,0,NULL,NULL
51038,123375,1375161272,0,NULL,NULL
51038,123178,1375161272,0,NULL,NULL
51038,127997,1375161272,0,NULL,NULL
51038,120094,1375161272,0,NULL,NULL
51038,128698,1375161272,0,NULL,NULL
51038,125162,1375161272,0,NULL,NULL
51038,128924,1375161272,0,NULL,NULL
51038,120127,1375161272,0,NULL,NULL
51038,128901,1375161272,0,NULL,NULL
51038,128913,1375161272,0,NULL,NULL
51038,126811,1375161272,0,NULL,NULL
51038,121173,1375161272,0,NULL,NULL
51038,129099,1375161272,-1,NULL,NULL
51038,123389,1375161272,0,NULL,NULL
51038,125483,1375161272,0,NULL,NULL
51038,120676,1375161272,0,NULL,NULL
51038,129247,1375161272,0,NULL,NULL
51038,120070,1375161272,0,NULL,NULL
51038,128675,1375161272,0,0.0,0.0
51038,121176,1375161272,0,NULL,NULL
51038,123385,1375161272,0,NULL,NULL
51038,120295,1375161272,0,NULL,NULL
51038,120079,1375161272,0,NULL,NULL
51038,120549,1375161272,0,NULL,NULL
51038,123395,1375161272,0,NULL,NULL
51038,127955,1375161272,-1,NULL,NULL
51039,128678,1375148526,0,NULL,NULL
51040,120284,1375143061,0,NULL,NULL
51040,121611,1375143061,1,NULL,NULL
51041,121453,1375142069,0,NULL,NULL
51041,120346,1375142069,1,NULL,NULL
51041,123080,1375142069,1,NULL,NULL
51041,128357,1375142069,1,NULL,NULL
51041,128352,1375142069,0,NULL,NULL
51041,129098,1375142069,1,NULL,NULL
51041,128675,1375142069,0,NULL,NULL
51041,128822,1375142069,0,NULL,NULL
51042,129247,1375140544,1,NULL,NULL
51042,129260,1375140544,1,NULL,NULL
51042,129261,1375140544,1,NULL,NULL
51042,129283,1375140544,1,NULL,NULL
51042,129248,1375140544,0,NULL,NULL
51043,121310,1375136132,1,NULL,NULL
51046,127917,1375114888,0,NULL,NULL
51046,127916,1375114888,1,NULL,NULL
51047,126856,1375111222,0,NULL,NULL
51048,129150,1375062830,0,NULL,NULL
51048,121310,1375062830,1,NULL,NULL
51050,128858,1374991411,0,NULL,NULL
51050,128913,1374991411,0,NULL,NULL
51050,121169,1374991411,0,NULL,NULL
51050,128843,1374991411,0,NULL,NULL
51050,128846,1374991411,0,NULL,NULL
51050,123966,1374991411,0,NULL,NULL
51050,123562,1374991411,0,NULL,NULL
51050,123361,1374991411,1,NULL,NULL
51050,123363,1374991411,0,NULL,NULL
51051,123492,1374989690,0,NULL,NULL
51052,121787,1374987918,0,NULL,NULL
51053,123045,1374965620,-1,NULL,NULL
51055,123045,1374767241,1,NULL,NULL
51055,123045,1374937503,0,NULL,NULL
51055,123045,1374941674,1,NULL,NULL
51056,128778,1374883077,0,NULL,NULL
51057,121560,1374878555,1,NULL,NULL
51057,128026,1374878555,1,NULL,NULL
51057,128024,1374878555,0,NULL,NULL
51057,123537,1374878555,1,NULL,NULL
51057,126877,1374878555,0,NULL,NULL
51057,121594,1374878555,0,NULL,NULL
51057,121176,1374878555,1,NULL,NULL
51057,121593,1374878555,1,-1.0,-1.0
51057,120590,1374878555,0,NULL,NULL
51057,120595,1374878555,0,NULL,NULL
51057,120284,1374878555,1,NULL,NULL
51057,127903,1374878555,0,NULL,NULL
51057,127941,1374878555,0,NULL,NULL
51057,126878,1374878555,1,NULL,NULL
51057,121593,1374882786,0,NULL,NULL
51058,128843,1374879461,0,NULL,NULL
51059,123361,1374879043,0,NULL,NULL
51059,123080,1374879043,1,NULL,NULL
51059,120176,1374879043,1,NULL,NULL
51059,128678,1374879043,-1,NULL,NULL
51060,128506,1374878295,-1,NULL,NULL
51060,128984,1374878295,1,NULL,NULL
51060,129292,1374878295,0,NULL,NULL
51060,127286,1374878295,-1,NULL,NULL
51060,123353,1374878295,1,NULL,NULL
51060,128843,1374878295,-1,NULL,NULL
51060,123393,1374878295,0,NULL,NULL
51060,123225,1374878295,0,NULL,NULL
51060,123363,1374878295,1,NULL,NULL
51060,123368,1374878295,1,NULL,NULL
51060,123389,1374878295,1,NULL,NULL
51060,123010,1374878295,1,NULL,NULL
51060,123335,1374878295,0,NULL,NULL
51060,123498,1374878295,1,NULL,NULL
51060,123343,1374878295,0,NULL,NULL
51060,123361,1374878295,-1,NULL,NULL
51060,121365,1374878295,0,NULL,NULL
51060,121142,1374878295,1,0.0,0.0
51061,128988,1374710141,0,NULL,NULL
51061,128901,1374710141,0,NULL,NULL
51061,128988,1374728287,1,NULL,NULL
51061,128901,1374782614,1,NULL,NULL
51061,128901,1374865661,0,NULL,NULL
51062,129268,1374773888,1,NULL,NULL
51062,129285,1374773888,1,NULL,NULL
51062,129264,1374773888,0,NULL,NULL
51062,129275,1374773888,1,NULL,NULL
51062,129277,1374773888,1,NULL,NULL
51062,129277,1374780519,-1,NULL,NULL
51062,129285,1374780519,-1,NULL,NULL
51062,129268,1374780519,-1,NULL,NULL
51062,129264,1374780519,0,NULL,NULL
51062,129275,1374780519,-1,NULL,NULL
51062,129275,1374823939,1,NULL,NULL
51062,129264,1374823939,0,NULL,NULL
51062,129268,1374823939,1,NULL,NULL
51062,129285,1374823939,1,NULL,NULL
51062,129277,1374823939,1,NULL,NULL
51064,121176,1374687600,-1,NULL,NULL
51064,123602,1374687600,1,NULL,NULL
51065,127194,1374612193,1,NULL,NULL
51066,123602,1374609028,0,NULL,NULL
51066,123603,1374609028,0,NULL,NULL
51066,121176,1374609028,0,NULL,NULL
51070,123205,1373929833,0,NULL,NULL
51070,125012,1373929833,1,NULL,NULL
51070,127732,1373929833,0,NULL,NULL
51070,123205,1374548872,0,NULL,NULL
51070,125012,1374548872,1,NULL,NULL
51071,120331,1374532286,-1,NULL,NULL
51072,128988,1374527159,-1,NULL,NULL
51073,123599,1374377425,0,NULL,NULL
51073,123599,1374526354,0,NULL,NULL
51073,123603,1374526354,0,NULL,NULL
51074,120033,1374526197,0,NULL,NULL
51077,129285,1374393697,1,NULL,NULL
51077,129262,1374393697,1,NULL,NULL
51077,129272,1374393697,1,NULL,NULL
51078,120310,1374381818,0,NULL,NULL
51079,127994,1374380768,0,NULL,NULL
51079,127964,1374380768,0,NULL,NULL
51079,127968,1374380768,0,NULL,NULL
51079,128551,1374380768,0,NULL,NULL
51079,128549,1374380768,0,NULL,NULL
51081,129302,1374331107,1,NULL,NULL
51082,120034,1374273631,0,NULL,NULL
51082,128361,1374273631,1,NULL,NULL
51083,125048,1374258240,1,NULL,NULL
51084,128402,1374251316,0,NULL,NULL
51084,126820,1374251316,-1,NULL,NULL
51084,123016,1374251316,1,NULL,NULL
51085,126856,1374205474,0,NULL,NULL
51086,120128,1374188259,1,NULL,NULL
51088,125889,1374184098,0,NULL,NULL
51088,125446,1374184098,1,NULL,NULL
51089,121176,1374181783,1,NULL,NULL
51089,121593,1374181783,1,NULL,NULL
51090,129172,1374180458,0,NULL,NULL
51090,128984,1374180458,0,NULL,NULL
51090,128786,1374180458,0,NULL,NULL
51090,120077,1374180458,0,NULL,NULL
51090,120639,1374180458,0,NULL,NULL
51090,123045,1374180458,0,NULL,NULL
51090,121383,1374180458,0,NULL,NULL
51090,128988,1374180458,0,NULL,NULL
51090,128002,1374180458,0,NULL,NULL
51090,123178,1374180458,0,NULL,NULL
51091,121866,1374180155,0,-1.0,-1.0
51091,127253,1374180155,0,NULL,NULL
51091,121607,1374180155,-1,NULL,NULL
51091,121173,1374180155,-1,NULL,NULL
51091,120848,1374180155,-1,NULL,NULL
51091,120309,1374180155,0,0.0,0.0
51091,120681,1374180155,0,NULL,NULL
51091,125483,1374180155,-1,NULL,NULL
51091,128781,1374180155,-1,NULL,NULL
51091,128988,1374180155,-1,NULL,NULL
51091,127194,1374180155,-1,NULL,NULL
51091,128986,1374180155,-1,NULL,NULL
51091,128901,1374180155,-1,NULL,NULL
51091,128984,1374180155,-1,NULL,NULL
51093,121866,1374175086,1,1.0,1.0
51094,128008,1374175007,0,NULL,NULL
51094,129302,1374175007,0,NULL,NULL
51095,120274,1374172673,1,0.0,0.0
51095,120519,1374172673,1,NULL,NULL
51096,120310,1374171964,-1,NULL,NULL
51096,120674,1374171964,0,NULL,NULL
51096,120176,1374171964,0,NULL,NULL
51096,120404,1374171964,0,0.0,0.0
51096,120309,1374171964,0,0.0,0.0
51096,120312,1374171964,0,NULL,NULL
51096,124800,1374171964,0,NULL,NULL
51096,128733,1374171964,0,NULL,NULL
51096,128635,1374171964,0,NULL,NULL
51097,120471,1374171910,0,NULL,NULL
51098,126856,1374170633,0,NULL,NULL
51098,128865,1374170633,0,NULL,NULL
51099,120475,1374166904,1,NULL,NULL
51100,129302,1374165527,1,NULL,NULL
51100,129296,1374165527,0,NULL,NULL
51100,120046,1374165527,-1,NULL,NULL
51100,129301,1374165527,1,NULL,NULL
51100,129297,1374165527,0,NULL,NULL
51100,129295,1374165527,0,NULL,NULL
51103,129361,1374039207,0,NULL,NULL
51103,129361,1374099661,0,NULL,NULL
51104,128660,1374100334,0,NULL,NULL
51104,128659,1374100334,0,NULL,NULL
51104,128656,1374100334,-1,NULL,NULL
51106,121611,1374098756,-1,NULL,NULL
51106,121524,1374098756,1,NULL,NULL
51106,120300,1374098756,0,NULL,NULL
51107,120312,1374094170,0,NULL,NULL
51107,125910,1374094170,0,NULL,NULL
51108,128708,1374092738,0,NULL,NULL
51109,129262,1374091465,-1,NULL,NULL
51109,129285,1374091465,1,NULL,NULL
51109,129264,1374091465,1,NULL,NULL
51109,129272,1374091465,1,NULL,NULL
51110,128410,1374039240,0,NULL,NULL
51110,123627,1374039240,-1,NULL,NULL
51110,121383,1374039240,0,NULL,NULL
51110,120117,1374039240,-1,NULL,NULL
51110,120127,1374039240,-1,NULL,NULL
51110,120132,1374039240,0,NULL,NULL
51110,120312,1374039240,0,NULL,NULL
51110,120331,1374039240,-1,NULL,NULL
51110,120333,1374039240,0,NULL,NULL
51110,120338,1374039240,0,NULL,NULL
51111,120154,1374014772,-1,NULL,NULL
51111,120154,1374022296,1,NULL,NULL
51111,120154,1374022451,0,NULL,NULL
51112,127929,1373932383,0,NULL,NULL
51112,120312,1373932383,0,NULL,NULL
51112,120046,1373932383,1,NULL,NULL
51113,120312,1373927140,0,NULL,NULL
51113,120471,1373927140,0,NULL,NULL
51113,128452,1373927140,0,NULL,NULL
51114,120549,1373927127,0,NULL,NULL
51114,126700,1373927127,0,NULL,NULL
51115,120312,1373924317,0,NULL,NULL
51115,120309,1373924317,0,0.0,0.0
51115,120365,1373924317,0,NULL,NULL
51115,123353,1373924317,0,NULL,NULL
51116,121680,1373924181,0,NULL,NULL
51117,120310,1373922227,0,NULL,NULL
51118,128678,1373921955,1,NULL,NULL
51119,120070,1373918729,0,NULL,NULL
51120,120310,1373907310,1,NULL,NULL
51120,120154,1373907310,0,NULL,NULL
51120,120471,1373907310,1,NULL,NULL
51120,128910,1373907310,1,NULL,NULL
51120,128138,1373907310,1,NULL,NULL
51120,128911,1373907310,1,NULL,NULL
51120,120154,1373909551,0,NULL,NULL
51120,120063,1373909551,-1,NULL,NULL
51120,120063,1373911677,-1,NULL,NULL
51121,120063,1373845347,1,NULL,NULL
51121,121681,1373845347,1,0.0,0.0
51123,120063,1373649958,0,NULL,NULL
51123,120639,1373649958,0,NULL,NULL
51123,121136,1373649958,0,NULL,NULL
51123,123821,1373649958,0,NULL,NULL
51123,121310,1373649958,1,NULL,NULL
51123,126348,1373649958,0,NULL,NULL
51123,126357,1373649958,0,NULL,NULL
51123,121310,1373654290,0,NULL,NULL
51123,123821,1373654290,0,NULL,NULL
51124,129277,1373609077,1,NULL,NULL
51124,129285,1373609077,1,NULL,NULL
51124,129280,1373609077,1,NULL,NULL
51124,129268,1373609077,1,NULL,NULL
51124,129272,1373609077,0,NULL,NULL
51124,129271,1373609077,1,NULL,NULL
51124,129275,1373609077,1,NULL,NULL
51124,129264,1373609077,0,NULL,NULL
51125,120063,1373599382,-1,NULL,NULL
51125,121730,1373599382,-1,NULL,NULL
51126,120346,1373586168,1,NULL,NULL
51127,120545,1373580365,0,NULL,NULL
51128,121641,1373571227,0,NULL,NULL
51129,120312,1373396909,1,NULL,NULL
51129,120392,1373396909,1,NULL,NULL
51129,120312,1373566737,1,NULL,NULL
51131,129246,1373533054,0,NULL,NULL
51132,129302,1373530202,0,NULL,NULL
51132,124418,1373530202,0,NULL,NULL
51133,128357,1373526806,0,NULL,NULL
51133,128352,1373526806,0,NULL,NULL
51133,129100,1373526806,1,NULL,NULL
51135,124421,1373512993,0,NULL,NULL
51136,128972,1373504522,0,1.0,1.0
51136,120034,1373504522,0,NULL,NULL
51136,120127,1373504522,1,NULL,NULL
51136,120331,1373504522,1,NULL,NULL
51137,121310,1373492110,0,NULL,NULL
51137,128357,1373492110,0,NULL,NULL
51137,129100,1373492110,1,NULL,NULL
51137,128352,1373492110,0,NULL,NULL
51137,121310,1373492153,0,NULL,NULL
51137,128357,1373492153,0,NULL,NULL
51137,129100,1373492153,-1,NULL,NULL
51137,128352,1373492153,0,NULL,NULL
51137,121310,1373492188,0,NULL,NULL
51139,129263,1373488124,1,NULL,NULL
51140,121176,1373484128,0,NULL,NULL
51140,120284,1373484128,0,NULL,NULL
51141,124738,1373479195,1,NULL,NULL
51142,120176,1373477441,0,NULL,NULL
51143,120310,1373474304,0,NULL,NULL
51143,127566,1373474304,0,NULL,NULL
51143,124664,1373474304,0,NULL,NULL
51143,127860,1373474304,-1,NULL,NULL
51146,126659,1373435327,1,NULL,NULL
51146,123395,1373435327,1,NULL,NULL
51146,123400,1373435327,0,NULL,NULL
51146,120309,1373435327,0,0.0,0.0
51146,126856,1373435327,0,NULL,NULL
51146,129359,1373435327,0,NULL,NULL
51147,124418,1373413554,1,NULL,NULL
51148,123819,1373405241,1,NULL,NULL
51151,129263,1373371534,1,NULL,NULL
51151,129285,1373371534,0,NULL,NULL
51153,128649,1373334279,0,NULL,NULL
51153,129298,1373334279,0,NULL,NULL
51153,129302,1373334279,1,NULL,NULL
51153,124418,1373344655,0,NULL,NULL
51154,120585,1373344634,0,NULL,NULL
51154,121637,1373344634,0,NULL,NULL
51155,129297,1373333860,-1,NULL,NULL
51156,129129,1373321883,0,NULL,NULL
51156,127992,1373321883,1,NULL,NULL
51156,128394,1373321883,0,NULL,NULL
51156,128557,1373321883,0,NULL,NULL
51156,127974,1373321883,0,1.0,1.0
51156,127956,1373321883,0,NULL,NULL
51156,127230,1373321883,1,NULL,NULL
51156,129235,1373321883,0,NULL,NULL
51156,123178,1373321883,0,NULL,NULL
51156,123361,1373321883,0,NULL,NULL
51156,123400,1373321883,0,NULL,NULL
51156,125162,1373321883,0,NULL,NULL
51156,125363,1373321883,0,NULL,NULL
51156,128002,1373321883,-1,NULL,NULL
51156,125152,1373321883,0,NULL,NULL
51156,127981,1373321883,0,NULL,NULL
51156,120654,1373321883,0,NULL,NULL
51156,123045,1373321883,0,NULL,NULL
51156,120746,1373321883,0,NULL,NULL
51156,120077,1373321883,0,NULL,NULL
51156,120094,1373321883,0,NULL,NULL
51156,120078,1373321883,0,NULL,NULL
51156,120300,1373321883,0,NULL,NULL
51156,120126,1373321883,0,NULL,NULL
51156,120295,1373321883,0,NULL,NULL
51156,120495,1373321883,0,NULL,NULL
51156,127230,1373324012,-1,NULL,NULL
51157,121310,1373312870,-1,NULL,NULL
51158,123353,1373307930,0,NULL,NULL
51159,123699,1373300828,0,NULL,NULL
51159,123045,1373300828,0,NULL,NULL
51159,121310,1373300828,0,NULL,NULL
51159,120063,1373300828,1,NULL,NULL
51159,126348,1373300828,0,NULL,NULL
51159,126347,1373300828,0,NULL,NULL
51159,128982,1373300828,0,NULL,NULL
51160,128657,1373295120,1,NULL,NULL
51160,121787,1373295120,0,NULL,NULL
51160,124940,1373295120,1,0.0,0.0
51160,123291,1373295120,1,NULL,NULL
51160,128124,1373295120,0,NULL,NULL
51160,128662,1373295120,1,NULL,NULL
51160,128658,1373295120,0,NULL,NULL
51160,120582,1373295120,0,NULL,NULL
51160,120274,1373295120,0,0.0,0.0
51160,120070,1373295120,1,NULL,NULL
51162,120713,1372694120,1,NULL,NULL
51162,128658,1372694120,0,NULL,NULL
51162,128658,1373095869,0,NULL,NULL
51162,120070,1373095869,1,NULL,NULL
51162,120713,1373100955,1,NULL,NULL
51163,120154,1372283372,0,NULL,NULL
51163,120154,1372353043,0,NULL,NULL
51163,120154,1373048217,0,NULL,NULL
51165,128984,1373009700,1,NULL,NULL
51165,128902,1373009700,-1,NULL,NULL
51166,128772,1373009319,0,NULL,NULL
51166,120312,1373009319,0,NULL,NULL
51167,120652,1372967964,1,NULL,NULL
51167,123569,1372967964,0,NULL,NULL
51167,123571,1372967964,1,NULL,NULL
51168,127480,1372956464,0,NULL,NULL
51169,123085,1372956181,0,NULL,NULL
51170,120346,1372829081,1,NULL,NULL
51170,120323,1372829081,1,NULL,NULL
51170,120346,1372955470,1,NULL,NULL
51171,123100,1372891897,0,NULL,NULL
51172,128443,1372891663,0,NULL,NULL
51174,120471,1372845713,1,NULL,NULL
51174,128843,1372845713,0,NULL,NULL
51174,126856,1372845713,1,NULL,NULL
51174,126896,1372845713,0,NULL,NULL
51175,123361,1372805185,0,NULL,NULL
51177,120404,1372790689,0,NULL,NULL
51177,123503,1372804383,-1,NULL,NULL
51178,128509,1372800930,0,NULL,NULL
51178,120312,1372800930,0,NULL,NULL
51178,120284,1372800930,0,NULL,NULL
51178,120585,1372800930,0,NULL,NULL
51178,120582,1372800930,0,NULL,NULL
51178,121408,1372800930,1,NULL,NULL
51178,121637,1372800930,1,NULL,NULL
51178,121182,1372800930,0,NULL,NULL
51178,121167,1372800930,1,NULL,NULL
51178,121176,1372800930,0,NULL,NULL
51178,124940,1372800930,0,NULL,NULL
51178,128121,1372800930,1,NULL,NULL
51178,124738,1372800930,0,NULL,NULL
51178,121611,1372800930,1,NULL,NULL
51179,125446,1372790113,0,NULL,NULL
51179,123819,1372790113,0,NULL,NULL
51180,123187,1370889296,0,NULL,NULL
51180,125493,1370889296,-1,NULL,NULL
51180,125493,1372789989,-1,NULL,NULL
51182,127255,1372743025,0,NULL,NULL
51182,127254,1372743025,-1,NULL,NULL
51182,127230,1372743025,0,NULL,NULL
51183,120091,1372694505,1,NULL,NULL
51183,123567,1372694505,0,NULL,NULL
51184,121554,1372664525,1,NULL,NULL
51184,121177,1372664525,0,NULL,NULL
51184,121178,1372664525,0,NULL,NULL
51185,128858,1372450856,0,NULL,NULL
51186,123363,1372099315,1,NULL,NULL
51186,127553,1372099315,0,NULL,NULL
51186,129359,1372099315,1,NULL,NULL
51186,125518,1372099315,0,NULL,NULL
51186,128843,1372099315,-1,NULL,NULL
51186,126856,1372099315,-1,NULL,NULL
51186,124767,1372431591,0,NULL,NULL
51186,123343,1372431591,0,NULL,NULL
51186,120312,1372431591,0,NULL,NULL
51186,123361,1372431591,0,NULL,NULL
51186,123363,1372431591,0,NULL,NULL
51187,129218,1372309521,1,NULL,NULL
51187,128918,1372309521,1,NULL,NULL
51188,120312,1372294687,0,NULL,NULL
51189,120774,1372275075,0,NULL,NULL
51191,127254,1372184893,0,NULL,NULL
51192,129262,1372182019,0,NULL,NULL
51194,128843,1372112493,1,NULL,NULL
51194,123361,1372112493,0,NULL,NULL
51194,120176,1372112493,1,NULL,NULL
51194,120084,1372112493,1,NULL,NULL
51194,120195,1372112493,1,NULL,NULL
51194,120154,1372112493,1,NULL,NULL
51194,120194,1372112493,1,NULL,NULL
51194,128409,1372112493,0,0.0,0.0
51194,128509,1372112493,0,NULL,NULL
51196,120367,1372105747,0,NULL,NULL
51196,120176,1372105747,1,NULL,NULL
51196,121554,1372105747,1,NULL,NULL
51196,125048,1372105747,1,NULL,NULL
51198,125636,1372061756,0,NULL,NULL
51198,128402,1372061756,0,NULL,NULL
51198,121837,1372061756,0,NULL,NULL
51198,125910,1372061756,-1,NULL,NULL
51198,123194,1372061756,0,NULL,NULL
51198,123019,1372061756,1,NULL,NULL
51200,128455,1371915549,1,NULL,NULL
51200,128393,1371915549,-1,NULL,NULL
51201,128352,1371901089,1,NULL,NULL
51203,126382,1371776386,0,NULL,NULL
51203,126139,1371776386,-1,NULL,NULL
51204,120331,1371685018,1,NULL,NULL
51204,120309,1371685018,0,0.0,0.0
51204,127194,1371685018,1,NULL,NULL
51206,129361,1371656970,-1,NULL,NULL
51207,123363,1371619706,1,NULL,NULL
51208,125798,1371617906,1,NULL,NULL
51210,128945,1371614818,0,NULL,NULL
51211,120063,1367273455,0,NULL,NULL
51211,127970,1367273455,1,NULL,NULL
51211,127970,1367286674,-1,-1.0,-1.0
51211,120063,1367286674,0,NULL,NULL
51211,127974,1367286674,-1,NULL,NULL
51211,127970,1371581654,1,NULL,NULL
51211,120063,1371581654,0,NULL,NULL
51211,127970,1371595120,-1,NULL,NULL
51211,120063,1371595120,0,NULL,NULL
51212,127238,1371520936,0,NULL,NULL
51213,120549,1371455899,0,NULL,NULL
51214,120154,1371270783,1,NULL,NULL
51216,121893,1371248994,1,NULL,NULL
51216,120034,1371248994,1,NULL,NULL
51218,121598,1371068098,1,NULL,NULL
51218,125058,1371068098,0,NULL,NULL
51218,125385,1371068098,1,NULL,NULL
51219,126355,1371066600,0,NULL,NULL
51219,123044,1371066600,-1,NULL,NULL
51219,123194,1371066600,0,NULL,NULL
51219,123017,1371066600,0,NULL,NULL
51219,126356,1371066600,0,NULL,NULL
51219,126023,1371066600,0,NULL,NULL
51219,123016,1371066600,1,NULL,NULL
51219,123019,1371066600,0,NULL,NULL
51219,123265,1371066600,0,NULL,NULL
51220,120046,1371002279,1,NULL,NULL
51222,128361,1370910261,1,NULL,NULL
51222,121366,1370910261,0,NULL,NULL
51222,120312,1370910261,-1,NULL,NULL
51222,120123,1370910261,1,NULL,NULL
51223,120063,1370909694,1,NULL,NULL
51223,121643,1370909694,0,NULL,NULL
51223,128774,1370909694,1,NULL,NULL
51224,120309,1370907771,0,0.0,0.0
51226,129301,1370892733,0,NULL,NULL
51227,120312,1370749755,0,NULL,NULL
51228,120590,1370651371,1,NULL,NULL
51228,120495,1370651371,0,NULL,NULL
51228,121576,1370651371,1,NULL,NULL
51228,123058,1370651371,1,NULL,NULL
51228,123155,1370651371,1,NULL,NULL
51228,125708,1370651371,1,NULL,NULL
51228,121603,1370651371,1,NULL,NULL
51228,125071,1370651371,0,NULL,NULL
51228,126849,1370651371,-1,NULL,NULL
51228,128785,1370651371,1,NULL,NULL
51228,127058,1370651371,-1,NULL,NULL
51228,127057,1370651371,1,NULL,NULL
51228,128786,1370651371,0,NULL,NULL
51229,120549,1370648949,0,NULL,NULL
51230,129359,1370624029,0,NULL,NULL
51231,123353,1370479440,0,NULL,NULL
51231,120070,1370479440,0,NULL,NULL
51233,120176,1370474180,0,NULL,NULL
51233,120312,1370474180,0,NULL,NULL
51233,120284,1370474180,1,NULL,NULL
51233,120475,1370474180,0,NULL,NULL
51233,121366,1370474180,0,NULL,NULL
51233,125398,1370474180,0,NULL,NULL
51233,128865,1370474180,1,NULL,NULL
51234,127965,1370103835,0,NULL,NULL
51234,127867,1370103835,-1,NULL,NULL
51234,127970,1370103835,1,NULL,NULL
51234,127998,1370103835,0,NULL,NULL
51234,127982,1370103835,0,NULL,NULL
51234,127994,1370440609,0,NULL,NULL
51235,128901,1370394779,1,NULL,NULL
51235,128357,1370394779,1,NULL,NULL
51235,123205,1370394779,0,NULL,NULL
51235,125012,1370394779,1,NULL,NULL
51235,120312,1370394779,1,NULL,NULL
51236,120176,1370379665,1,NULL,NULL
51236,120848,1370379665,0,NULL,NULL
51236,121866,1370379665,0,NULL,NULL
51237,128910,1370296101,1,NULL,NULL
51239,128988,1370019921,0,NULL,NULL
51241,120323,1369939348,0,NULL,NULL
51242,126139,1369936504,1,NULL,NULL
51242,128361,1369936504,1,NULL,NULL
51242,120353,1369936504,1,NULL,NULL
51243,120309,1369935075,0,0.0,0.0
51243,123353,1369935075,0,NULL,NULL
51243,128846,1369935075,0,NULL,NULL
51243,125518,1369935075,0,NULL,NULL
51243,128843,1369935075,1,NULL,NULL
51243,129296,1369935075,0,NULL,NULL
51243,129302,1369935075,0,NULL,NULL
51243,129359,1369935075,-1,NULL,NULL
51243,127095,1369935075,0,NULL,NULL
51244,129295,1369934444,0,NULL,NULL
51244,129297,1369934444,0,NULL,NULL
51244,128901,1369934444,0,NULL,NULL
51244,129359,1369934444,0,NULL,NULL
51244,127194,1369934444,1,NULL,NULL
51244,128902,1369934444,-1,NULL,NULL
51244,125012,1369934444,1,NULL,NULL
51244,121866,1369934444,1,NULL,NULL
51244,120848,1369934444,0,NULL,NULL
51245,123630,1369930325,0,NULL,NULL
51246,120545,1369878653,0,NULL,NULL
51247,123389,1369850245,0,NULL,NULL
51248,120312,1369844493,0,NULL,NULL
51248,128442,1369844493,0,NULL,NULL
51249,127892,1369765454,1,NULL,NULL
51250,120310,1369414973,-1,NULL,NULL
51250,120312,1369414973,0,NULL,NULL
51250,120046,1369414973,1,NULL,NULL
51250,120312,1369415160,0,NULL,NULL
51250,120046,1369415160,-1,NULL,NULL
51250,120310,1369415160,1,NULL,NULL
51250,125399,1369440592,0,NULL,NULL
51250,120046,1369440592,1,NULL,NULL
51250,120312,1369440592,0,NULL,NULL
51251,128357,1369513904,0,NULL,NULL
51252,125048,1369502307,0,NULL,NULL
51253,128436,1369461907,0,NULL,NULL
51253,123353,1369461907,1,NULL,NULL
51253,128707,1369461907,0,NULL,NULL
51253,120549,1369461907,-1,NULL,NULL
51253,120547,1369461907,0,NULL,NULL
51253,121169,1369461907,0,NULL,NULL
51253,121173,1369461907,1,NULL,NULL
51253,121146,1369461907,1,NULL,NULL
51254,120312,1369456888,0,NULL,NULL
51255,121680,1369441379,1,NULL,NULL
51255,120294,1369441379,1,NULL,NULL
51255,120685,1369441379,0,NULL,NULL
51255,121146,1369441379,1,NULL,NULL
51255,121384,1369441379,1,NULL,NULL
51257,129289,1369433135,1,NULL,NULL
51257,120274,1369433135,1,NULL,NULL
51257,120310,1369433135,-1,NULL,NULL
51257,121167,1369433135,-1,NULL,NULL
51257,120471,1369433135,0,NULL,NULL
51260,125446,1369412416,-1,NULL,NULL
51261,128361,1369412244,0,NULL,NULL
51263,120849,1369360309,1,NULL,NULL
51264,121787,1369354260,1,NULL,NULL
51264,125385,1369354260,0,NULL,NULL
51264,126045,1369354260,0,NULL,NULL
51264,128817,1369354260,0,NULL,NULL
51264,128441,1369354260,0,NULL,NULL
51264,128851,1369354260,0,NULL,NULL
51264,121173,1369354260,0,NULL,NULL
51264,120549,1369354260,0,NULL,NULL
51264,120331,1369354260,0,NULL,NULL
51266,120591,1367013933,-1,NULL,NULL
51266,120331,1367013933,1,NULL,NULL
51266,120370,1367013933,1,NULL,NULL
51266,120274,1367013933,0,NULL,NULL
51266,120127,1367013933,1,NULL,NULL
51266,120063,1367013933,0,NULL,NULL
51266,120545,1367013933,1,NULL,NULL
51266,121173,1367013933,0,NULL,NULL
51266,127854,1367013933,0,NULL,NULL
51266,128902,1367013933,1,NULL,NULL
51266,128899,1367013933,0,0.0,0.0
51266,128557,1367013933,0,NULL,NULL
51266,127939,1367013933,0,NULL,NULL
51266,128902,1369347484,0,NULL,NULL
51268,120312,1369346558,0,NULL,NULL
51269,128899,1369346350,0,0.0,0.0
51269,128984,1369346350,1,NULL,NULL
51269,128472,1369346350,0,NULL,NULL
51269,125385,1369346350,1,NULL,NULL
51269,128143,1369346350,0,NULL,NULL
51269,128988,1369346350,1,NULL,NULL
51269,121598,1369346350,1,NULL,NULL
51269,128476,1369346350,0,NULL,NULL
51269,125546,1369346350,0,NULL,NULL
51270,127946,1369328742,1,NULL,NULL
51270,128008,1369328742,1,NULL,NULL
51271,128848,1369288887,0,NULL,NULL
51271,121787,1369288887,1,NULL,NULL
51271,120312,1369288887,0,NULL,NULL
51271,120321,1369288887,1,NULL,NULL
51271,120549,1369288887,1,NULL,NULL
51271,120323,1369288887,0,NULL,NULL
51271,120870,1369288887,1,NULL,NULL
51271,123184,1369288887,0,NULL,NULL
51271,120545,1369288887,1,NULL,NULL
51271,129294,1369288887,1,NULL,NULL
51271,128851,1369288887,0,NULL,NULL
51272,126138,1369282272,0,NULL,NULL
51272,127970,1369282272,0,1.0,1.0
51272,129285,1369282272,0,NULL,NULL
51272,128978,1369282272,0,NULL,NULL
51272,129012,1369282272,0,NULL,NULL
51272,120063,1369282272,0,NULL,NULL
51272,120091,1369282272,0,NULL,NULL
51272,120127,1369282272,0,NULL,NULL
51272,120070,1369282272,0,NULL,NULL
51272,120033,1369282272,0,NULL,NULL
51272,120120,1369282272,-1,NULL,NULL
51272,120034,1369282272,0,NULL,NULL
51272,120065,1369282272,0,NULL,NULL
51272,120655,1369282272,0,NULL,NULL
51272,120769,1369282272,0,0.0,0.0
51272,120657,1369282272,1,NULL,NULL
51272,120300,1369282272,0,NULL,NULL
51272,121135,1369282272,0,NULL,NULL
51273,123363,1369275390,0,NULL,NULL
51274,129295,1365122421,0,NULL,NULL
51274,126856,1365122421,0,NULL,NULL
51274,128843,1365122421,1,NULL,NULL
51274,129298,1365122421,1,NULL,NULL
51274,128843,1369266852,0,NULL,NULL
51275,129113,1369254087,1,NULL,NULL
51275,129112,1369254087,1,NULL,NULL
51277,121176,1369245606,1,NULL,NULL
51278,120652,1369244638,0,NULL,NULL
51278,123571,1369244638,1,NULL,NULL
51278,120092,1369244638,1,NULL,NULL
51281,126856,1369166570,0,NULL,NULL
51282,127194,1369160232,-1,NULL,NULL
51285,128733,1369082968,0,NULL,NULL
51285,120471,1369082968,0,NULL,NULL
51286,120312,1369067755,0,NULL,NULL
51286,120331,1369067755,0,NULL,NULL
51287,120639,1363021292,0,NULL,NULL
51287,128822,1363021292,0,NULL,NULL
51287,120639,1363477363,1,NULL,NULL
51287,120639,1369064654,-1,NULL,NULL
51289,125446,1368998486,1,NULL,NULL
51289,128901,1368998486,1,NULL,NULL
51290,125960,1368750530,0,NULL,NULL
51290,125047,1368750530,1,NULL,NULL
51290,121334,1368750530,-1,NULL,NULL
51290,125661,1368750530,-1,NULL,NULL
51290,129209,1368847393,0,NULL,NULL
51290,125678,1368847393,0,NULL,NULL
51290,120370,1368847393,0,NULL,NULL
51290,125047,1368847393,-1,NULL,NULL
51291,120288,1368563888,1,NULL,NULL
51291,120176,1368563888,0,NULL,NULL
51291,127238,1368563888,0,NULL,NULL
51291,120176,1368841248,1,NULL,NULL
51291,120288,1368841248,-1,NULL,NULL
51291,127238,1368841248,-1,NULL,NULL
51292,126783,1368601057,0,NULL,NULL
51292,123130,1368601057,-1,NULL,NULL
51292,123271,1368601057,-1,NULL,NULL
51292,123130,1368602908,0,NULL,NULL
51292,123130,1368726898,1,NULL,NULL
51292,123130,1368835428,0,NULL,NULL
51292,123271,1368835428,-1,NULL,NULL
51293,121593,1368835220,0,NULL,NULL
51293,121560,1368835220,0,NULL,NULL
51293,127231,1368835220,0,NULL,NULL
51293,120590,1368835220,0,NULL,NULL
51293,121176,1368835220,0,NULL,NULL
51293,128026,1368835220,1,NULL,NULL
51293,126877,1368835220,1,NULL,NULL
51293,128014,1368835220,0,NULL,NULL
51293,128025,1368835220,-1,NULL,NULL
51293,129380,1368835220,0,NULL,NULL
51293,129358,1368835220,0,NULL,NULL
51293,129357,1368835220,-1,NULL,NULL
51293,126878,1368835220,-1,NULL,NULL
51293,127233,1368835220,0,NULL,NULL
51293,127941,1368835220,-1,NULL,NULL
51293,127903,1368835220,-1,NULL,NULL
51294,129360,1368591842,-1,NULL,NULL
51294,129179,1368591842,1,NULL,NULL
51294,127055,1368591842,0,NULL,NULL
51294,127233,1368591842,1,NULL,NULL
51294,127238,1368591842,1,NULL,NULL
51294,127194,1368591842,1,NULL,NULL
51294,129359,1368591842,1,NULL,NULL
51294,129294,1368591842,0,NULL,NULL
51294,129357,1368591842,1,NULL,NULL
51294,129186,1368591842,1,NULL,NULL
51294,128901,1368591842,1,NULL,NULL
51294,128813,1368591842,1,NULL,NULL
51294,128814,1368591842,1,NULL,NULL
51294,128352,1368591842,1,NULL,NULL
51294,125339,1368591842,1,NULL,NULL
51294,124675,1368591842,0,NULL,NULL
51294,123819,1368591842,1,NULL,NULL
51294,128121,1368591842,1,NULL,NULL
51294,123172,1368591842,1,NULL,NULL
51294,127854,1368591842,1,NULL,NULL
51294,128988,1368591842,0,NULL,NULL
51294,129149,1368591842,1,NULL,NULL
51294,128132,1368591842,1,NULL,NULL
51294,128902,1368591842,1,NULL,NULL
51294,126347,1368591842,0,NULL,NULL
51294,120782,1368591842,0,NULL,NULL
51294,120676,1368591842,0,NULL,NULL
51294,120771,1368591842,0,NULL,NULL
51294,120526,1368591842,0,NULL,NULL
51294,120309,1368591842,0,0.0,0.0
51294,120331,1368591842,1,NULL,NULL
51294,120584,1368591842,0,NULL,NULL
51294,120312,1368591842,1,NULL,NULL
51294,120176,1368591842,1,NULL,NULL
51294,120321,1368591842,0,0.0,0.0
51294,121866,1368591842,1,-1.0,-1.0
51294,125317,1368591842,0,NULL,NULL
51294,121173,1368591842,0,NULL,NULL
51294,121334,1368591842,0,NULL,NULL
51294,123284,1368591842,1,NULL,NULL
51294,125012,1368591842,1,NULL,NULL
51294,120848,1368591842,-1,NULL,NULL
51294,129359,1368644526,1,NULL,NULL
51294,120309,1368830916,0,0.0,0.0
51294,124675,1368830916,1,NULL,NULL
51296,127194,1368830485,0,NULL,NULL
51297,127194,1368823191,1,NULL,NULL
51298,123361,1368806071,0,NULL,NULL
51298,128834,1368806071,1,NULL,NULL
51299,123178,1368739865,1,NULL,NULL
51299,123361,1368739865,1,NULL,NULL
51301,120176,1368736099,0,NULL,NULL
51302,128858,1368727215,1,NULL,NULL
51302,129124,1368727215,0,NULL,NULL
51302,121169,1368727215,-1,NULL,NULL
51302,120676,1368727215,1,NULL,NULL
51302,128846,1368727215,0,NULL,NULL
51302,123113,1368727215,0,NULL,NULL
51304,127277,1368658339,0,NULL,NULL
51304,128843,1368658339,0,NULL,NULL
51304,126856,1368658339,1,NULL,NULL
51305,128410,1368652907,0,NULL,NULL
51307,123702,1368645931,1,NULL,NULL
51308,121173,1368643940,1,NULL,NULL
51308,123699,1368643940,0,NULL,NULL
51310,126856,1368632039,0,NULL,NULL
51311,129359,1368590896,1,NULL,NULL
51311,123353,1368590896,1,NULL,NULL
51311,123389,1368590896,0,NULL,NULL
51311,128846,1368590896,1,NULL,NULL
51311,128843,1368590896,1,NULL,NULL
51311,120288,1368590896,-1,NULL,NULL
51311,120312,1368590896,1,NULL,NULL
51311,123395,1368630577,0,NULL,NULL
51311,123389,1368630577,0,NULL,NULL
51311,123353,1368630577,1,NULL,NULL
51313,128865,1368572111,-1,NULL,NULL
51313,120176,1368572111,-1,NULL,NULL
51313,120526,1368572111,0,NULL,NULL
51313,120771,1368572111,1,NULL,NULL
51315,120063,1368563231,0,NULL,NULL
51317,128436,1368548861,1,NULL,NULL
51321,125483,1366912217,0,NULL,NULL
51321,121366,1366912217,0,NULL,NULL
51321,125727,1366912217,1,NULL,NULL
51321,120545,1366912217,0,NULL,NULL
51321,120331,1366912217,1,NULL,NULL
51321,120312,1366912217,1,NULL,NULL
51321,127095,1366912217,0,NULL,NULL
51321,127095,1366925293,0,NULL,NULL
51321,120331,1368492928,0,NULL,NULL
51321,129211,1368492928,1,NULL,NULL
51323,128352,1368377089,1,NULL,NULL
51323,128362,1368377089,1,NULL,NULL
51324,120312,1368341259,1,NULL,NULL
51324,120233,1368341259,0,NULL,NULL
51324,120274,1368341259,0,NULL,NULL
51324,120392,1368341259,0,NULL,NULL
51324,120526,1368341259,0,NULL,NULL
51324,120771,1368341259,0,NULL,NULL
51324,128132,1368341259,1,1.0,1.0
51324,128121,1368341259,1,NULL,NULL
51324,128865,1368341259,0,NULL,NULL
51324,129098,1368341259,0,NULL,NULL
51324,128352,1368341259,1,NULL,NULL
51324,128509,1368341259,0,NULL,NULL
51324,129124,1368341259,0,NULL,NULL
51326,123819,1368225650,0,NULL,NULL
51329,127233,1368106114,0,NULL,NULL
51329,120288,1368106114,0,NULL,NULL
51330,128710,1368096320,0,NULL,NULL
51330,123043,1368096320,0,NULL,NULL
51330,125043,1368096320,0,NULL,NULL
51330,128709,1368096320,0,NULL,NULL
51330,125079,1368096320,0,NULL,NULL
51330,120176,1368096320,1,NULL,NULL
51330,120295,1368096320,1,NULL,NULL
51330,123045,1368096320,1,NULL,NULL
51330,123265,1368096320,0,NULL,NULL
51330,123044,1368096320,-1,NULL,NULL
51331,124940,1368061382,0,NULL,NULL
51331,127023,1368061382,1,NULL,NULL
51331,121598,1368061382,0,NULL,NULL
51333,127238,1368046170,1,NULL,NULL
51333,127903,1368046170,1,NULL,NULL
51333,128843,1368046170,0,NULL,NULL
51333,120346,1368046170,-1,NULL,NULL
51333,126065,1368057917,-1,NULL,NULL
51335,124940,1368043317,0,NULL,NULL
51335,128640,1368043317,1,NULL,NULL
51335,127302,1368043317,0,NULL,NULL
51337,128843,1367951948,0,NULL,NULL
51337,126856,1367951948,1,0.0,0.0
51339,120366,1351692400,0,NULL,NULL
51339,120176,1351692400,1,NULL,NULL
51339,120475,1351692400,0,NULL,NULL
51339,127056,1351692400,0,NULL,NULL
51339,120176,1367943007,-1,NULL,NULL
51339,120475,1367943007,0,NULL,NULL
51339,120366,1367943007,0,NULL,NULL
51339,127056,1367943007,0,NULL,NULL
51340,120127,1367881975,-1,NULL,NULL
51340,120549,1367881975,0,NULL,NULL
51341,121564,1366853789,1,NULL,NULL
51341,121564,1367881675,-1,NULL,NULL
51342,123138,1367732504,0,0.0,0.0
51344,120659,1367613106,0,NULL,NULL
51344,120860,1367613106,0,NULL,NULL
51344,120871,1367613106,1,NULL,NULL
51344,121524,1367613106,0,NULL,NULL
51344,120660,1367613106,1,NULL,NULL
51344,120869,1367613106,0,NULL,NULL
51344,121787,1367613106,1,NULL,NULL
51344,121391,1367613106,0,NULL,NULL
51344,127752,1367613106,0,NULL,NULL
51344,125036,1367613106,1,NULL,NULL
51344,128714,1367613106,0,NULL,NULL
51345,123130,1367613090,0,NULL,NULL
51346,128900,1367601567,1,NULL,NULL
51346,128988,1367601567,1,NULL,NULL
51347,125543,1367566905,0,NULL,NULL
51349,128640,1367563213,0,NULL,NULL
51349,128635,1367563213,1,NULL,NULL
51349,127360,1367563213,0,NULL,NULL
51349,127641,1367563213,0,NULL,NULL
51349,127361,1367563213,0,NULL,NULL
51349,126941,1367563213,0,NULL,NULL
51349,127023,1367563213,-1,NULL,NULL
51349,123361,1367563213,0,NULL,NULL
51349,126667,1367563213,0,NULL,NULL
51349,120346,1367563213,0,NULL,NULL
51349,121182,1367563213,0,NULL,NULL
51349,120176,1367563213,0,NULL,NULL
51349,120274,1367563213,0,0.0,0.0
51350,129232,1367553135,1,NULL,NULL
51350,123498,1367553135,0,NULL,NULL
51350,120367,1367553135,0,NULL,NULL
51350,128506,1367553135,0,NULL,NULL
51350,127977,1367553135,1,0.0,0.0
51350,123363,1367553135,0,NULL,NULL
51350,123045,1367553135,0,NULL,NULL
51350,128733,1367553135,1,NULL,NULL
51350,120176,1367553135,1,NULL,NULL
51350,120312,1367553135,1,NULL,NULL
51350,128846,1367553135,-1,NULL,NULL
51350,120310,1367553135,0,NULL,NULL
51350,126008,1367553135,0,NULL,NULL
51350,128635,1367553135,1,NULL,NULL
51350,121176,1367553135,0,NULL,NULL
51350,121142,1367553135,0,0.0,0.0
51350,120848,1367553135,0,NULL,NULL
51350,120654,1367553135,0,NULL,NULL
51350,121866,1367553135,0,NULL,NULL
51350,124800,1367553135,0,NULL,NULL
51350,120676,1367553135,0,NULL,NULL
51350,120309,1367553135,0,0.0,0.0
51350,129231,1367553135,1,1.0,1.0
51350,120773,1367553135,0,NULL,NULL
51350,125629,1367553135,0,NULL,NULL
51350,120274,1367553135,0,NULL,NULL
51350,120331,1367553135,0,NULL,NULL
51350,121136,1367553135,0,NULL,NULL
51350,123368,1367553135,0,NULL,NULL
51350,123400,1367553135,0,NULL,NULL
51350,120370,1367553135,0,NULL,NULL
51350,129121,1367553135,0,NULL,NULL
51350,121408,1367553135,0,NULL,NULL
51350,128451,1367553135,0,NULL,NULL
51350,128734,1367553135,1,NULL,NULL
51350,123361,1367553135,0,NULL,NULL
51350,123389,1367553135,0,NULL,NULL
51350,128138,1367553135,-1,NULL,NULL
51350,129129,1367553135,0,NULL,NULL
51350,123418,1367553135,0,NULL,NULL
51350,120526,1367553135,0,NULL,NULL
51350,121024,1367553135,0,NULL,NULL
51350,121734,1367553135,0,NULL,NULL
51350,121833,1367553135,0,NULL,NULL
51350,129127,1367553135,0,NULL,NULL
51350,129446,1367553135,0,NULL,NULL
51350,129294,1367553135,0,NULL,NULL
51350,121173,1367553135,1,NULL,NULL
51350,128476,1367553135,0,NULL,NULL
51350,123966,1367553135,0,NULL,NULL
51350,127233,1367553135,0,NULL,NULL
51350,128853,1367553135,0,NULL,NULL
51350,120070,1367553135,0,NULL,NULL
51350,129108,1367553135,0,NULL,NULL
51350,121730,1367553135,0,NULL,NULL
51350,128781,1367553135,0,NULL,NULL
51350,120404,1367553135,1,NULL,NULL
51350,128843,1367553135,1,NULL,NULL
51350,129359,1367553135,0,NULL,NULL
51350,121167,1367553135,1,NULL,NULL
51351,128843,1367531769,0,NULL,NULL
51352,128781,1367529211,0,NULL,NULL
51352,128864,1367529211,0,NULL,NULL
51354,128002,1367482748,1,NULL,NULL
51354,127943,1367482748,0,NULL,NULL
51355,127991,1367476142,0,NULL,NULL
51358,128025,1367429545,0,NULL,NULL
51358,126878,1367429545,0,NULL,NULL
51358,126877,1367429545,0,NULL,NULL
51359,123496,1367365325,0,NULL,NULL
51360,121408,1367346880,0,NULL,NULL
51360,121173,1367346880,-1,1.0,1.0
51360,121610,1367346880,0,NULL,NULL
51360,121176,1367346880,1,NULL,NULL
51360,120545,1367346880,0,NULL,NULL
51360,120331,1367346880,0,NULL,NULL
51360,120284,1367346880,0,NULL,NULL
51360,120274,1367346880,0,0.0,0.0
51360,120127,1367346880,0,NULL,NULL
51360,121560,1367346880,1,NULL,NULL
51360,127854,1367346880,1,NULL,NULL
51360,128121,1367346880,-1,NULL,NULL
51360,125483,1367346880,0,NULL,NULL
51360,128379,1367346880,0,NULL,NULL
51360,128988,1367346880,0,NULL,NULL
51360,128132,1367346880,1,NULL,NULL
51360,128902,1367346880,0,NULL,NULL
51360,128474,1367346880,1,NULL,NULL
51360,128472,1367346880,-1,NULL,NULL
51360,128470,1367346880,1,NULL,NULL
51360,128899,1367346880,0,NULL,NULL
51360,128984,1367346880,1,NULL,NULL
51360,128983,1367346880,0,NULL,NULL
51360,126970,1367346880,1,NULL,NULL
51360,128475,1367346880,0,NULL,NULL
51360,128900,1367346880,1,NULL,NULL
51362,120312,1367281951,1,NULL,NULL
51362,120545,1367281951,1,NULL,NULL
51363,126139,1367275016,-1,NULL,NULL
51363,120353,1367275016,1,NULL,NULL
51364,127974,1367273819,1,NULL,NULL
51366,127946,1367260012,-1,NULL,NULL
51368,127380,1367136685,0,NULL,NULL
51368,127296,1367136685,0,NULL,NULL
51369,128890,1367118739,0,NULL,NULL
51372,129361,1366942688,1,NULL,NULL
51372,128932,1366942688,1,NULL,NULL
51373,120584,1366941595,0,NULL,NULL
51373,123269,1366941595,0,NULL,NULL
51375,125931,1366930181,1,NULL,NULL
51375,128649,1366930181,1,NULL,NULL
51378,126139,1366925068,1,NULL,NULL
51378,126382,1366925068,1,NULL,NULL
51378,127510,1366925068,0,NULL,NULL
51378,126840,1366925068,-1,NULL,NULL
51378,120545,1366925068,0,NULL,NULL
51378,120353,1366925068,0,NULL,NULL
51381,127513,1366912141,0,NULL,NULL
51381,125483,1366912141,-1,NULL,NULL
51381,126739,1366912141,1,NULL,NULL
51381,127510,1366912141,1,NULL,NULL
51381,125727,1366912141,0,NULL,NULL
51381,127511,1366912141,1,NULL,NULL
51381,121659,1366912141,0,NULL,NULL
51381,120545,1366912141,-1,NULL,NULL
51381,120331,1366912141,0,NULL,NULL
51382,127975,1366860051,0,NULL,NULL
51382,128640,1366860051,0,NULL,NULL
51382,127386,1366860051,0,NULL,NULL
51382,126637,1366860051,0,NULL,NULL
51382,121611,1366860051,0,NULL,NULL
51382,121337,1366860051,0,NULL,NULL
51385,123496,1366844201,0,NULL,NULL
51386,126931,1366843796,0,NULL,NULL
51386,126932,1366843796,0,NULL,NULL
51386,128552,1366843796,1,NULL,NULL
51388,126560,1366816188,0,NULL,NULL
51388,121200,1366816188,0,NULL,NULL
51388,123100,1366816188,0,NULL,NULL
51388,120797,1366816188,-1,NULL,NULL
51388,128552,1366816188,-1,NULL,NULL
51389,127246,1366816136,0,NULL,NULL
51391,125050,1366795642,0,NULL,NULL
51392,129463,1366788415,0,NULL,NULL
51393,120070,1366782462,-1,NULL,NULL
51395,123498,1366735217,1,NULL,NULL
51395,127867,1366735217,1,NULL,NULL
51395,127867,1366750336,-1,NULL,NULL
51395,123498,1366750336,-1,NULL,NULL
51395,127867,1366778649,1,NULL,NULL
51395,123498,1366778649,1,1.0,1.0
51395,123498,1366778744,-1,NULL,NULL
51395,127867,1366778744,-1,NULL,NULL
51395,129263,1366778744,0,NULL,NULL
51395,129266,1366778744,0,NULL,NULL
51395,129273,1366778744,0,NULL,NULL
51395,129267,1366778744,0,NULL,NULL
51395,129278,1366778744,0,NULL,NULL
51395,129277,1366778744,0,NULL,NULL
51395,129377,1366778744,0,NULL,NULL
51395,129281,1366778744,0,NULL,NULL
51395,129262,1366778744,0,NULL,NULL
51395,129274,1366778744,0,NULL,NULL
51395,129285,1366778744,0,NULL,NULL
51395,129264,1366778744,0,NULL,NULL
51395,129271,1366778744,0,NULL,NULL
51395,129275,1366778744,0,NULL,NULL
51395,129280,1366778744,0,NULL,NULL
51395,129265,1366778744,0,NULL,NULL
51395,129268,1366778744,0,NULL,NULL
51395,129272,1366778744,0,NULL,NULL
51395,127867,1366778815,1,NULL,NULL
51395,123498,1366778815,1,NULL,NULL
51397,120659,1366768963,1,NULL,NULL
51399,128972,1366737336,1,NULL,NULL
51399,120034,1366737336,-1,NULL,NULL
51399,120033,1366737336,0,NULL,NULL
51399,128971,1366737336,1,NULL,NULL
51399,128971,1366737424,-1,NULL,NULL
51399,128972,1366737424,-1,NULL,NULL
51399,120033,1366737424,0,NULL,NULL
51399,120034,1366737424,1,NULL,NULL
51399,120034,1366737468,-1,NULL,NULL
51399,120033,1366737468,0,NULL,NULL
51399,128972,1366737468,1,NULL,NULL
51399,128971,1366737468,1,NULL,NULL
51399,120033,1366750092,0,NULL,NULL
51399,120034,1366750092,1,NULL,NULL
51399,128972,1366750092,-1,NULL,NULL
51399,128971,1366750092,-1,NULL,NULL
51400,125927,1366746729,-1,NULL,NULL
51400,126544,1366746729,1,NULL,NULL
51401,126687,1366739450,1,NULL,NULL
51401,128131,1366739450,1,NULL,NULL
51401,120092,1366739450,1,NULL,NULL
51401,123564,1366739450,0,NULL,NULL
51403,121146,1366737291,1,NULL,NULL
51403,121384,1366737291,-1,NULL,NULL
51403,129288,1366737291,-1,NULL,NULL
51405,120545,1366681692,0,NULL,NULL
51405,126143,1366681692,0,NULL,NULL
51405,125753,1366681692,0,NULL,NULL
51406,120545,1366674318,-1,NULL,NULL
51408,123363,1366598364,-1,NULL,NULL
51409,127345,1366447097,0,NULL,NULL
51409,127301,1366447097,0,NULL,NULL
51410,120046,1366407120,0,NULL,NULL
51411,127946,1366395653,1,NULL,NULL
51412,121146,1366391280,1,NULL,NULL
51412,121384,1366391280,0,NULL,NULL
51413,128843,1366391202,-1,NULL,NULL
51413,129463,1366391202,1,NULL,NULL
51414,121375,1366338594,1,NULL,NULL
51416,121564,1366316900,1,NULL,NULL
51417,128843,1366270078,1,NULL,NULL
51418,128900,1366212851,0,NULL,NULL
51418,128901,1366212851,1,NULL,NULL
51418,128984,1366212851,0,NULL,NULL
51418,127194,1366212851,0,NULL,NULL
51418,121643,1366212851,0,NULL,NULL
51418,128988,1366212851,1,NULL,NULL
51418,126101,1366212851,0,NULL,NULL
51418,125446,1366212851,1,NULL,NULL
51418,120549,1366212851,0,NULL,NULL
51418,125012,1366212851,1,NULL,NULL
51419,120747,1366154440,0,NULL,NULL
51419,120309,1366154440,0,0.0,0.0
51419,128002,1366154440,0,NULL,NULL
51419,123400,1366154440,0,NULL,NULL
51419,123044,1366154440,1,NULL,NULL
51420,129261,1366150654,1,NULL,NULL
51420,129247,1366150654,1,NULL,NULL
51421,127924,1366059368,1,NULL,NULL
51421,127924,1366145752,-1,NULL,NULL
51422,123699,1366139342,0,NULL,NULL
51423,123113,1366079129,0,NULL,NULL
51425,123044,1366066183,0,NULL,NULL
51425,123265,1366066183,1,NULL,NULL
51425,128710,1366066183,0,NULL,NULL
51425,128698,1366066183,1,0.0,0.0
51426,129359,1366058550,1,NULL,NULL
51426,128843,1366058550,1,NULL,NULL
51427,129528,1366053536,0,NULL,NULL
51428,128900,1365953024,1,NULL,NULL
51428,128901,1365953024,0,NULL,NULL
51428,128988,1365953024,1,NULL,NULL
51429,121176,1365872834,1,NULL,NULL
51429,121611,1365872834,0,NULL,NULL
51429,128903,1365872834,1,NULL,NULL
51431,120331,1365819131,0,NULL,NULL
51432,120144,1365786420,0,NULL,NULL
51432,123363,1365786420,0,NULL,NULL
51432,129003,1365786420,0,NULL,NULL
51432,120087,1365786420,0,0.0,0.0
51432,128452,1365786420,0,NULL,NULL
51432,120584,1365786420,0,NULL,NULL
51432,120117,1365786420,0,0.0,0.0
51432,120135,1365786420,-1,NULL,NULL
51432,120338,1365786420,0,NULL,NULL
51432,120717,1365786420,0,NULL,NULL
51432,120127,1365786420,0,NULL,NULL
51432,128549,1365786420,0,NULL,NULL
51432,120120,1365786420,0,NULL,NULL
51432,121136,1365786420,0,NULL,NULL
51432,129100,1365786420,0,NULL,NULL
51432,120139,1365786420,0,NULL,NULL
51432,126351,1365786420,0,NULL,NULL
51432,120769,1365786420,0,NULL,NULL
51432,128781,1365786420,0,NULL,NULL
51432,120701,1365786420,0,NULL,NULL
51432,125111,1365786420,0,NULL,NULL
51432,126347,1365786420,0,NULL,NULL
51432,125162,1365786420,0,NULL,NULL
51432,120582,1365786420,0,NULL,NULL
51432,120519,1365786420,0,NULL,NULL
51432,128551,1365786420,0,NULL,NULL
51432,120584,1365811400,0,NULL,NULL
51432,129007,1365786420,0,NULL,NULL
51432,129112,1365786420,0,NULL,NULL
51432,120713,1365786420,0,NULL,NULL
51432,123722,1365786420,0,NULL,NULL
51432,128456,1365786420,0,NULL,NULL
51432,120797,1365786420,0,NULL,NULL
51432,127997,1365786420,0,NULL,NULL
51432,123828,1365786420,0,NULL,NULL
51432,120063,1365786420,0,NULL,NULL
51432,123721,1365786420,0,NULL,NULL
51432,120070,1365786420,0,NULL,NULL
51432,120655,1365786420,0,NULL,NULL
51432,120312,1365786420,-1,NULL,NULL
51432,127946,1365786420,0,NULL,NULL
51432,120331,1365786420,0,NULL,NULL
51432,127911,1365786420,0,NULL,NULL
51432,128509,1365786420,0,NULL,NULL
51432,128000,1365786420,0,NULL,NULL
51432,120274,1365786420,0,NULL,NULL
51432,128455,1365786420,0,NULL,NULL
51432,120062,1365786420,0,NULL,NULL
51432,128410,1365786420,0,NULL,NULL
51432,123720,1365786420,0,NULL,NULL
51432,120225,1365786420,0,0.0,0.0
51432,129247,1365786420,1,NULL,NULL
51432,127050,1365786420,0,NULL,NULL
51432,120585,1365786420,0,NULL,NULL
51432,120709,1365786420,0,NULL,NULL
51432,121135,1365786420,0,NULL,NULL
51432,120333,1365786420,0,NULL,NULL
51432,123502,1365786420,0,NULL,NULL
51432,129264,1365786420,1,NULL,NULL
51432,126681,1365786420,0,NULL,NULL
51433,121384,1365810197,1,NULL,NULL
51435,120323,1365808303,1,NULL,NULL
51437,121333,1365803239,0,NULL,NULL
51437,125798,1365803239,-1,NULL,NULL
51437,120225,1365803239,1,NULL,NULL
51437,120087,1365803239,-1,0.0,0.0
51437,120080,1365803239,0,NULL,NULL
51437,120331,1365803239,1,NULL,NULL
51437,121375,1365803239,-1,NULL,NULL
51437,121210,1365803239,1,NULL,NULL
51437,129187,1365803239,1,NULL,NULL
51438,121384,1365717571,-1,NULL,NULL
51438,120782,1365717571,1,NULL,NULL
51438,121146,1365717571,1,NULL,NULL
51438,120176,1365717571,1,NULL,NULL
51438,120294,1365717571,0,NULL,NULL
51438,121680,1365717571,0,NULL,NULL
51438,121384,1365803186,0,NULL,NULL
51439,127194,1365794062,0,NULL,NULL
51442,120129,1365778265,0,NULL,NULL
51443,120168,1365722248,0,0.0,0.0
51445,120274,1365715147,1,NULL,NULL
51445,123100,1365715147,1,NULL,NULL
51446,120331,1365632121,0,NULL,NULL
51447,123936,1365617004,0,NULL,NULL
51448,128708,1365613179,0,NULL,NULL
51448,128676,1365613179,1,NULL,NULL
51448,129149,1365613179,0,NULL,NULL
51448,128707,1365613179,0,NULL,NULL
51450,120063,1365588524,1,NULL,NULL
51450,121787,1365588524,0,NULL,NULL
51450,128778,1365588524,-1,NULL,NULL
51451,126357,1365575180,0,NULL,NULL
51452,125943,1365546044,0,NULL,NULL
51452,120545,1365546044,0,NULL,NULL
51453,120063,1341472949,0,NULL,NULL
51453,127970,1341472949,0,NULL,NULL
51453,126838,1341472949,0,NULL,NULL
51453,126838,1341518177,1,NULL,NULL
51453,127970,1341518177,0,NULL,NULL
51453,120063,1341518177,1,NULL,NULL
51453,127895,1365544414,0,NULL,NULL
51453,127970,1365544414,-1,NULL,NULL
51453,120063,1365544414,0,NULL,NULL
51455,128443,1365538519,0,NULL,NULL
51456,120782,1365530702,0,NULL,NULL
51456,121730,1365530702,0,NULL,NULL
51456,129302,1365530702,0,NULL,NULL
51456,129296,1365530702,0,NULL,NULL
51457,125317,1365528345,1,NULL,NULL
51459,127233,1365526187,0,NULL,NULL
51459,128843,1365526187,0,NULL,NULL
51459,128846,1365526187,0,NULL,NULL
51459,120782,1365526187,0,NULL,NULL
51459,121609,1365526187,0,NULL,NULL
51459,121310,1365526187,0,NULL,NULL
51459,120176,1365526187,-1,NULL,NULL
51459,129463,1365526187,0,NULL,NULL
51461,128393,1365499891,0,NULL,NULL
51461,120331,1365499891,-1,NULL,NULL
51462,123172,1365491541,1,NULL,NULL
51462,129082,1365491541,0,NULL,NULL
51464,126343,1365491270,0,NULL,NULL
51465,120176,1365487330,0,NULL,NULL
51465,129125,1365487330,-1,NULL,NULL
51465,129128,1365487330,0,NULL,NULL
51467,128352,1365453612,0,NULL,NULL
51467,129098,1365453612,-1,NULL,NULL
51467,120312,1365453612,0,NULL,NULL
51467,121384,1365453612,-1,NULL,NULL
51468,127924,1365450567,1,NULL,NULL
51469,121532,1365444822,1,NULL,NULL
51470,128678,1365388184,0,NULL,NULL
51471,120331,1365180157,0,NULL,NULL
51471,120331,1365318256,-1,NULL,NULL
51473,120331,1365218307,0,NULL,NULL
51473,121173,1365218307,0,NULL,NULL
51474,120123,1365196882,0,NULL,NULL
51474,126840,1365196882,0,NULL,NULL
51474,127511,1365196882,0,NULL,NULL
51474,126382,1365196882,0,NULL,NULL
51474,127510,1365196882,0,NULL,NULL
51474,126739,1365196882,0,NULL,NULL
51474,126139,1365206169,0,NULL,NULL
51478,125188,1365158555,-1,NULL,NULL
51478,120610,1365158555,-1,NULL,NULL
51478,127028,1365158555,1,NULL,NULL
51481,125927,1365100702,0,NULL,NULL
51481,126544,1365100702,0,NULL,NULL
51482,120346,1365089486,1,NULL,NULL
51482,120549,1365089486,1,NULL,NULL
51483,128709,1365073856,1,NULL,NULL
51483,125339,1365073856,1,NULL,NULL
51483,125043,1365073856,1,NULL,NULL
51483,125079,1365073856,0,NULL,NULL
51483,123043,1365073856,0,NULL,NULL
51483,123177,1365073856,1,NULL,NULL
51483,123044,1365073856,1,NULL,NULL
51483,123265,1365073856,1,NULL,NULL
51483,120176,1365073856,0,NULL,NULL
51483,128710,1365073856,1,NULL,NULL
51483,127055,1365073856,0,NULL,NULL
51483,129179,1365073856,1,NULL,NULL
51484,123265,1365072617,1,NULL,NULL
51484,125079,1365072617,0,NULL,NULL
51484,128709,1365072617,1,NULL,NULL
51484,121893,1365072617,1,NULL,NULL
51484,123622,1365072617,0,NULL,NULL
51484,128698,1365072617,0,NULL,NULL
51484,128710,1365072617,1,NULL,NULL
51486,121375,1365050255,0,-1.0,-1.0
51487,120284,1365047614,0,NULL,NULL
51488,120590,1365047492,1,NULL,NULL
51488,120284,1365047492,1,NULL,NULL
51488,121593,1365047492,-1,NULL,NULL
51488,123539,1365047492,-1,NULL,NULL
51488,121560,1365047492,0,NULL,NULL
51488,129380,1365047492,0,NULL,NULL
51488,129357,1365047492,-1,NULL,NULL
51490,121176,1365047457,1,NULL,NULL
51491,129179,1365044741,0,NULL,NULL
51491,125339,1365044741,0,NULL,NULL
51493,120549,1365012054,0,NULL,NULL
51495,127903,1365011684,0,NULL,NULL
51496,125661,1364997061,0,NULL,NULL
51496,129184,1364997061,0,NULL,NULL
51497,121176,1364573211,1,NULL,NULL
51497,121560,1364573211,1,NULL,NULL
51497,129357,1364573211,0,NULL,NULL
51497,121176,1364578323,0,NULL,NULL
51497,125446,1364991734,-1,NULL,NULL
51497,128984,1364991734,-1,NULL,NULL
51498,120331,1364928630,0,NULL,NULL
51498,127867,1364928630,1,0.0,0.0
51500,123045,1364925311,-1,NULL,NULL
51501,127895,1364924476,0,NULL,NULL
51502,120331,1364610390,0,NULL,NULL
51502,120063,1364610390,0,NULL,NULL
51502,127970,1364610390,0,NULL,NULL
51502,120063,1364616966,0,NULL,NULL
51502,120331,1364855373,0,NULL,NULL
51502,120063,1364855373,0,NULL,NULL
51502,127970,1364855373,0,NULL,NULL
51503,120284,1364847398,0,NULL,NULL
51504,128443,1364410561,-1,NULL,NULL
51504,120063,1364410561,1,NULL,NULL
51504,128443,1364597570,0,NULL,NULL
51504,128443,1364833922,1,NULL,NULL
51504,120063,1364833922,1,NULL,NULL
51506,124769,1364777834,0,NULL,NULL
51506,128985,1364777834,0,NULL,NULL
51506,126348,1364777834,0,NULL,NULL
51506,126351,1364777834,0,NULL,NULL
51506,126347,1364777834,0,NULL,NULL
51506,120063,1364777834,-1,NULL,NULL
51506,120084,1364777834,0,NULL,NULL
51506,120168,1364777834,0,NULL,NULL
51506,128553,1364777834,0,NULL,NULL
51508,120154,1364745451,0,NULL,NULL
51509,126764,1364599434,1,NULL,NULL
51509,129222,1364599434,0,NULL,NULL
51512,127473,1364525188,0,NULL,NULL
51513,128348,1364500219,-1,NULL,NULL
51513,120323,1364500219,1,NULL,NULL
51515,121787,1363186025,1,NULL,NULL
51515,123291,1363186025,0,NULL,NULL
51515,121522,1364492951,0,NULL,NULL
51515,121787,1364492951,0,NULL,NULL
51516,128352,1364490120,1,NULL,NULL
51516,128362,1364490120,1,NULL,NULL
51516,128357,1364490120,1,NULL,NULL
51517,125727,1364354261,1,NULL,NULL
51517,121366,1364354261,0,NULL,NULL
51517,126152,1364354261,1,NULL,NULL
51520,123496,1364330839,1,NULL,NULL
51521,128781,1363648393,1,NULL,NULL
51521,128781,1364316983,-1,NULL,NULL
51524,123361,1364234226,0,NULL,NULL
51524,120098,1364234226,1,NULL,NULL
51524,120176,1364234226,1,NULL,NULL
51524,120346,1364234226,0,NULL,NULL
51525,123361,1364120781,1,NULL,NULL
51525,128445,1364120781,1,NULL,NULL
51525,128121,1364120781,0,NULL,NULL
51525,120063,1364120781,1,NULL,NULL
51525,120312,1364120781,1,NULL,NULL
51525,120309,1364120781,0,0.0,0.0
51525,120331,1364120781,1,NULL,NULL
51525,120274,1364120781,0,NULL,NULL
51525,120526,1364120781,1,NULL,NULL
51525,120176,1364120781,1,NULL,NULL
51525,120321,1364120781,0,0.0,0.0
51525,120323,1364120781,1,NULL,NULL
51525,120782,1364120781,1,NULL,NULL
51525,121169,1364120781,1,NULL,NULL
51525,120676,1364120781,0,NULL,NULL
51525,128361,1364120781,1,NULL,NULL
51525,128352,1364120781,1,NULL,NULL
51525,128509,1364120781,0,NULL,NULL
51525,129231,1364120781,1,-1.0,-1.0
51525,129124,1364120781,1,0.0,0.0
51525,129122,1364120781,0,NULL,NULL
51526,121167,1364074661,0,NULL,NULL
51527,128747,1364073176,1,NULL,NULL
51527,128851,1364073176,1,NULL,NULL
51527,120309,1364073176,0,0.0,0.0
51527,120701,1364073176,0,NULL,NULL
51527,121153,1364073176,1,NULL,NULL
51527,120853,1364073176,0,NULL,NULL
51527,128849,1364073176,0,NULL,NULL
51527,124940,1364073176,1,NULL,NULL
51527,123291,1364073176,0,NULL,NULL
51527,121523,1364073176,0,NULL,NULL
51528,120545,1364007856,1,NULL,NULL
51528,121366,1364007856,-1,NULL,NULL
51528,125943,1364007856,0,NULL,NULL
51529,125079,1364003237,0,NULL,NULL
51529,123265,1364003237,1,NULL,NULL
51529,123043,1364003237,0,NULL,NULL
51529,123044,1364003237,1,NULL,NULL
51530,125446,1361977171,1,NULL,NULL
51530,128984,1361977171,1,1.0,1.0
51530,125446,1361992597,-1,NULL,NULL
51530,128984,1362023519,-1,-1.0,-1.0
51530,125446,1362023519,-1,NULL,NULL
51530,128988,1363731473,1,NULL,NULL
51530,125446,1363731473,1,NULL,NULL
51530,128901,1363731473,1,NULL,NULL
51530,128984,1363731473,1,NULL,NULL
51530,125446,1363741768,-1,NULL,NULL
51530,128988,1363741768,-1,NULL,NULL
51530,128984,1363741768,-1,NULL,NULL
51530,128901,1363741768,-1,NULL,NULL
51530,125446,1363961527,1,NULL,NULL
51530,128988,1363961527,1,NULL,NULL
51530,128901,1363961527,1,NULL,NULL
51530,128984,1363961527,1,NULL,NULL
51530,128988,1363995891,0,NULL,NULL
51531,124632,1363982527,0,NULL,NULL
51531,121787,1363982527,1,NULL,NULL
51531,127513,1363982527,0,NULL,NULL
51531,129111,1363982527,0,NULL,NULL
51531,128851,1363982527,0,NULL,NULL
51531,120774,1363982527,1,NULL,NULL
51531,120545,1363982527,0,NULL,NULL
51531,120870,1363982527,1,NULL,NULL
51531,120702,1363982527,0,NULL,NULL
51532,120875,1363970544,0,NULL,NULL
51534,120300,1363968717,0,NULL,NULL
51535,123361,1363968325,1,NULL,NULL
51535,121310,1363968325,1,NULL,NULL
51536,120176,1363909910,0,NULL,NULL
51536,120312,1363909910,0,NULL,NULL
51537,120176,1363908469,-1,NULL,NULL
51537,120098,1363908469,1,NULL,NULL
51539,128849,1363889610,1,0.0,0.0
51540,129097,1363883382,1,NULL,NULL
51540,128675,1363883382,0,NULL,NULL
51540,128352,1363883382,1,NULL,NULL
51540,129098,1363883382,1,NULL,NULL
51540,128822,1363883382,1,NULL,NULL
51540,128362,1363883382,1,NULL,NULL
51540,128126,1363883382,0,NULL,NULL
51540,128357,1363883382,1,NULL,NULL
51540,121453,1363883382,0,NULL,NULL
51540,120176,1363883382,0,NULL,NULL
51542,121551,1363825579,1,NULL,NULL
51542,120312,1363825579,1,NULL,NULL
51542,120321,1363825579,0,0.0,0.0
51542,128441,1363825579,0,NULL,NULL
51542,129294,1363825579,0,NULL,NULL
51542,128443,1363825579,1,NULL,NULL
51544,120312,1363808206,-1,NULL,NULL
51544,120274,1363808206,1,NULL,NULL
51544,120519,1363808206,0,NULL,NULL
51544,120129,1363808206,0,NULL,NULL
51544,120309,1363808206,0,0.0,0.0
51544,120070,1363808206,0,NULL,NULL
51544,120357,1363808206,0,NULL,NULL
51544,120475,1363808206,1,0.0,0.0
51544,120674,1363808206,1,NULL,NULL
51544,123363,1363808206,0,NULL,NULL
51544,125762,1363808206,0,NULL,NULL
51544,125910,1363808206,-1,NULL,NULL
51544,126659,1363808206,0,NULL,NULL
51544,123418,1363808206,0,NULL,NULL
51544,123007,1363808206,0,NULL,NULL
51544,121556,1363808206,1,NULL,NULL
51544,121310,1363808206,0,NULL,NULL
51544,121706,1363808206,0,NULL,NULL
51544,123045,1363808206,0,NULL,NULL
51544,120654,1363808206,0,NULL,NULL
51544,128132,1363808206,1,NULL,NULL
51544,129473,1363808206,-1,NULL,NULL
51544,128843,1363808206,-1,NULL,NULL
51544,127915,1363808206,0,NULL,NULL
51544,128733,1363808206,0,NULL,NULL
51544,129284,1363808206,0,NULL,NULL
51544,129471,1363808206,1,NULL,NULL
51544,127906,1363808206,0,NULL,NULL
51544,128138,1363808206,1,NULL,NULL
51544,129242,1363808206,0,NULL,NULL
51544,128509,1363808206,0,NULL,NULL
51544,128635,1363808206,1,NULL,NULL
51544,129124,1363808206,0,0.0,0.0
51544,129463,1363808206,1,NULL,NULL
51544,129465,1363808206,1,NULL,NULL
51544,127270,1363808206,0,NULL,NULL
51544,128510,1363808206,0,NULL,NULL
51544,129283,1363808206,1,NULL,NULL
51544,129290,1363808206,0,NULL,NULL
51544,126856,1363808206,0,NULL,NULL
51544,128124,1363808206,-1,NULL,NULL
51545,128707,1363796723,0,NULL,NULL
51545,129149,1363796723,0,NULL,NULL
51545,128709,1363796723,0,NULL,NULL
51546,127924,1363738742,1,NULL,NULL
51546,120046,1363738742,0,NULL,NULL
51547,128923,1363738090,1,NULL,NULL
51547,128957,1363738090,0,NULL,NULL
51547,128922,1363738090,0,NULL,NULL
51547,129018,1363738090,0,NULL,NULL
51547,128945,1363738090,1,NULL,NULL
51548,123585,1363733275,0,NULL,NULL
51548,126694,1363733275,0,NULL,NULL
51548,128658,1363733275,0,NULL,NULL
51548,123569,1363733275,0,NULL,NULL
51548,123570,1363733275,0,NULL,NULL
51548,123571,1363733275,0,NULL,NULL
51548,123588,1363733275,0,NULL,NULL
51548,120331,1363733275,0,NULL,NULL
51548,120274,1363733275,0,NULL,NULL
51548,120092,1363733275,1,NULL,NULL
51548,120080,1363733275,0,NULL,NULL
51548,127395,1363733275,0,NULL,NULL
51548,127903,1363733275,0,NULL,NULL
51549,127924,1363730040,-1,NULL,NULL
51549,128976,1363731415,0,NULL,NULL
51551,128131,1363725830,1,NULL,NULL
51552,125753,1363714205,0,NULL,NULL
51552,120583,1363714205,0,NULL,NULL
51552,120584,1363714205,0,NULL,NULL
51552,120585,1363714205,0,NULL,NULL
51552,123269,1363714205,-1,NULL,NULL
51553,123225,1363685041,0,NULL,NULL
51553,120654,1363685041,0,NULL,NULL
51553,123022,1363685041,0,NULL,NULL
51553,121366,1363685041,-1,NULL,NULL
51553,121310,1363685041,0,NULL,NULL
51553,123361,1363685041,0,NULL,NULL
51553,121177,1363685041,0,NULL,NULL
51553,120526,1363685041,0,NULL,NULL
51553,120176,1363685041,1,NULL,NULL
51553,120063,1363685041,0,NULL,NULL
51553,120094,1363685041,0,NULL,NULL
51553,120309,1363685041,0,0.0,0.0
51553,120065,1363685041,0,NULL,NULL
51553,129359,1363685041,1,NULL,NULL
51553,127230,1363685041,0,NULL,NULL
51553,127997,1363685041,1,NULL,NULL
51553,126856,1363685041,1,NULL,NULL
51553,128352,1363685041,0,NULL,NULL
51553,128864,1363685041,0,NULL,NULL
51553,129465,1363685041,0,NULL,NULL
51553,129463,1363685041,1,NULL,NULL
51553,129464,1363685041,0,NULL,NULL
51553,129242,1363685041,0,NULL,NULL
51553,128843,1363685041,-1,NULL,NULL
51553,129130,1363685041,0,NULL,NULL
51553,125363,1363685041,0,NULL,NULL
51553,121734,1363685041,0,NULL,NULL
51554,127233,1363662654,0,NULL,NULL
51556,120774,1363646039,1,NULL,NULL
51556,121787,1363646039,0,NULL,NULL
51556,124632,1363646039,-1,NULL,NULL
51557,127337,1363641093,0,NULL,NULL
51557,120662,1363641093,0,NULL,NULL
51557,128733,1363641093,1,NULL,NULL
51558,128813,1363635431,1,NULL,NULL
51558,120526,1363635431,0,NULL,NULL
51558,121177,1363635431,0,NULL,NULL
51559,128409,1363625044,0,0.0,0.0
51559,120176,1363625044,0,NULL,NULL
51559,120194,1363625044,1,-1.0,-1.0
51559,120154,1363625044,1,NULL,NULL
51559,120195,1363625044,0,NULL,NULL
51559,120084,1363625044,1,NULL,NULL
51561,123363,1363600141,-1,NULL,NULL
51562,127904,1363579457,0,NULL,NULL
51563,120176,1363539301,0,NULL,NULL
51567,125699,1363385974,1,NULL,NULL
51567,128448,1363385974,-1,NULL,NULL
51567,126782,1363385974,0,NULL,NULL
51567,121787,1363385974,-1,NULL,NULL
51567,121903,1363385974,1,NULL,NULL
51567,123059,1363385974,0,NULL,NULL
51567,125483,1363385974,1,NULL,NULL
51567,128445,1363385974,-1,NULL,NULL
51567,128348,1363385974,-1,NULL,NULL
51567,120710,1363385974,0,NULL,NULL
51567,120127,1363385974,1,NULL,NULL
51567,120331,1363385974,1,NULL,NULL
51567,120323,1363385974,1,NULL,NULL
51567,121383,1363385974,1,NULL,NULL
51567,121169,1363385974,-1,NULL,NULL
51567,120639,1363385974,1,NULL,NULL
51567,121551,1363385974,-1,NULL,NULL
51567,121419,1363385974,-1,NULL,NULL
51567,121643,1363385974,1,NULL,NULL
51567,121893,1363385974,0,NULL,NULL
51567,121421,1363385974,0,0.0,0.0
51567,123622,1363385974,0,NULL,NULL
51568,123170,1363380053,0,NULL,NULL
51568,121383,1363380053,1,NULL,NULL
51568,128781,1363380053,1,NULL,NULL
51569,120154,1363378297,1,NULL,NULL
51572,120309,1363371695,0,0.0,0.0
51574,129211,1363367492,0,NULL,NULL
51574,129242,1363367492,0,NULL,NULL
51574,129129,1363367492,0,NULL,NULL
51574,129194,1363367492,0,NULL,NULL
51574,128822,1363367492,0,NULL,NULL
51574,127904,1363367492,0,NULL,NULL
51574,129471,1363367492,0,NULL,NULL
51574,129187,1363367492,1,NULL,NULL
51574,129121,1363367492,0,NULL,NULL
51574,123146,1363367492,-1,NULL,NULL
51574,125762,1363367492,1,NULL,NULL
51574,123361,1363367492,0,NULL,NULL
51574,123269,1363367492,0,NULL,NULL
51574,123100,1363367492,0,NULL,NULL
51574,123097,1363367492,0,NULL,NULL
51574,120862,1363367492,0,NULL,NULL
51574,120288,1363367492,1,NULL,NULL
51574,120331,1363367492,0,NULL,NULL
51574,120584,1363367492,0,NULL,NULL
51574,120583,1363367492,1,NULL,NULL
51574,120582,1363367492,0,NULL,NULL
51574,120070,1363367492,1,NULL,NULL
51574,120080,1363367492,1,NULL,NULL
51574,120071,1363367492,1,1.0,1.0
51574,120856,1363367492,0,NULL,NULL
51574,121210,1363367492,1,NULL,NULL
51574,120849,1363367492,0,NULL,NULL
51574,120581,1363367492,0,NULL,NULL
51574,120225,1363367492,0,NULL,NULL
51574,120585,1363367492,0,NULL,NULL
51574,123718,1363367492,0,NULL,NULL
51574,124940,1363367492,-1,NULL,NULL
51574,123113,1363367492,0,NULL,NULL
51574,123562,1363367492,0,NULL,NULL
51574,127023,1363367492,0,NULL,NULL
51574,127620,1363367492,0,NULL,NULL
51574,127553,1363367492,-1,NULL,NULL
51574,125666,1363367492,0,NULL,NULL
51574,127233,1363367492,0,NULL,NULL
51574,127907,1363367492,0,NULL,NULL
51574,127641,1363367492,0,NULL,NULL
51574,127870,1363367492,0,NULL,NULL
51574,126111,1363367492,0,NULL,NULL
51574,124769,1363367492,0,NULL,NULL
51575,120226,1363353713,0,NULL,NULL
51577,127974,1363300088,1,NULL,NULL
51577,120063,1363300088,1,NULL,NULL
51578,123361,1363042538,0,NULL,NULL
51578,123361,1363285915,0,NULL,NULL
51579,128445,1363281026,1,0.0,0.0
51579,120346,1363281026,-1,1.0,1.0
51580,121593,1363279236,1,NULL,NULL
51580,129357,1363279236,0,NULL,NULL
51582,128843,1363185233,1,NULL,NULL
51582,123361,1363185233,0,NULL,NULL
51582,121310,1363185233,1,NULL,NULL
51582,123361,1363231131,0,NULL,NULL
51583,129528,1363219421,0,NULL,NULL
51584,121375,1363199911,1,NULL,NULL
51584,128661,1363199911,1,NULL,NULL
51584,128658,1363199911,1,NULL,NULL
51587,123291,1363187637,-1,NULL,NULL
51587,128348,1363187637,1,NULL,NULL
51589,120309,1363135099,0,0.0,0.0
51589,120312,1363135099,1,NULL,NULL
51589,120404,1363135099,-1,NULL,NULL
51589,120674,1363135099,0,NULL,NULL
51589,120764,1363135099,0,NULL,NULL
51589,121706,1363135099,0,NULL,NULL
51589,128843,1363135099,-1,NULL,NULL
51589,127927,1363135099,0,NULL,NULL
51589,129475,1363135099,0,NULL,NULL
51589,127924,1363135099,1,NULL,NULL
51589,128733,1363135099,0,NULL,NULL
51589,128635,1363135099,0,NULL,NULL
51589,129463,1363135099,0,NULL,NULL
51589,129465,1363135099,0,NULL,NULL
51590,127151,1363115254,0,NULL,NULL
51592,123023,1363101986,0,NULL,NULL
51594,120746,1363046573,1,NULL,NULL
51595,128984,1363045572,0,-1.0,-1.0
51596,120099,1363035960,0,NULL,NULL
51598,127904,1363028483,-1,NULL,NULL
51598,127974,1363028483,1,NULL,NULL
51599,129247,1363023565,0,NULL,NULL
51600,123113,1363018980,1,NULL,NULL
51600,120623,1363018980,1,NULL,NULL
51602,121383,1362782239,-1,NULL,NULL
51602,125317,1362782239,0,NULL,NULL
51602,121310,1362782239,-1,NULL,NULL
51602,120848,1362782239,-1,NULL,NULL
51602,120782,1362782239,0,NULL,NULL
51602,120771,1362782239,-1,NULL,NULL
51602,121384,1362782239,0,NULL,NULL
51602,120062,1362782239,-1,NULL,NULL
51602,120066,1362782239,0,NULL,NULL
51602,120221,1362782239,0,NULL,NULL
51602,120321,1362782239,0,0.0,0.0
51602,120223,1362782239,-1,NULL,NULL
51602,120222,1362782239,0,NULL,NULL
51602,120312,1362782239,-1,NULL,NULL
51602,120195,1362782239,-1,NULL,NULL
51602,120331,1362782239,-1,NULL,NULL
51602,120176,1362782239,-1,NULL,NULL
51602,120526,1362782239,-1,0.0,0.0
51602,120549,1362782239,0,NULL,NULL
51602,121554,1362782239,-1,NULL,NULL
51602,128357,1362782239,0,0.0,0.0
51602,121903,1362782239,-1,NULL,NULL
51602,123172,1362782239,0,NULL,NULL
51602,125048,1362782239,-1,NULL,NULL
51602,129125,1362782239,0,NULL,NULL
51602,129122,1362782239,0,NULL,NULL
51602,129093,1362782239,0,NULL,NULL
51602,129092,1362782239,0,NULL,NULL
51602,128781,1362782239,1,NULL,NULL
51602,128843,1362782239,-1,NULL,NULL
51602,129129,1362782239,-1,NULL,NULL
51602,129124,1362782239,0,0.0,0.0
51602,129121,1362782239,0,NULL,NULL
51602,128452,1362782239,-1,NULL,NULL
51602,128352,1362782239,0,NULL,NULL
51602,128451,1362782239,-1,0.0,0.0
51602,128457,1362782239,0,NULL,NULL
51602,128394,1362782239,-1,NULL,NULL
51602,129145,1362782239,-1,NULL,NULL
51602,129096,1362782239,0,NULL,NULL
51602,129128,1362782239,0,NULL,NULL
51602,128814,1362782239,0,NULL,NULL
51602,128813,1362782239,0,NULL,NULL
51602,127238,1362782239,0,NULL,NULL
51602,127233,1362782239,0,NULL,NULL
51602,129006,1362782239,-1,NULL,NULL
51602,127194,1362782239,0,NULL,NULL
51602,129360,1362782239,-1,NULL,NULL
51602,129127,1362782239,-1,0.0,0.0
51603,128781,1362777536,0,NULL,NULL
51606,123936,1362762854,0,NULL,NULL
51607,121534,1362717259,1,NULL,NULL
51607,121534,1362717757,0,NULL,NULL
51609,125152,1362702001,-1,NULL,NULL
51610,123187,1362692522,0,NULL,NULL
51610,125493,1362692522,0,NULL,NULL
51612,128514,1362680018,0,NULL,NULL
51612,128513,1362680018,0,NULL,NULL
51612,126065,1362680018,0,NULL,NULL
51613,128352,1362650937,1,NULL,NULL
51613,123172,1362650937,1,NULL,NULL
51613,120176,1362650937,0,NULL,NULL
51614,127910,1362642159,0,NULL,NULL
51615,120346,1362641638,1,1.0,1.0
51616,123184,1362639714,1,NULL,NULL
51616,120549,1362639714,1,NULL,NULL
51616,120312,1362639714,1,NULL,NULL
51616,128901,1362639714,1,0.0,0.0
51618,127478,1362607098,0,NULL,NULL
51618,127511,1362607098,-1,NULL,NULL
51618,127510,1362607098,0,NULL,NULL
51618,126382,1362607098,1,NULL,NULL
51618,120123,1362607098,1,NULL,NULL
51618,120545,1362607098,1,NULL,NULL
51618,127513,1362607098,1,NULL,NULL
51619,127946,1362600210,-1,NULL,NULL
51619,128781,1362600210,1,NULL,NULL
51619,128988,1362600210,-1,NULL,NULL
51619,123059,1362600210,-1,NULL,NULL
51619,127860,1362600210,-1,NULL,NULL
51619,125483,1362600210,-1,NULL,NULL
51619,120312,1362600210,0,NULL,NULL
51619,120062,1362600210,0,NULL,NULL
51619,120063,1362600210,-1,NULL,NULL
51619,120676,1362600210,-1,NULL,NULL
51619,121143,1362600210,1,NULL,NULL
51619,120549,1362600210,0,NULL,NULL
51619,120848,1362600210,0,NULL,NULL
51619,123045,1362600210,-1,NULL,NULL
51619,123165,1362600210,0,NULL,NULL
51619,120771,1362600210,-1,0.0,0.0
51619,121607,1362600210,0,NULL,NULL
51619,121526,1362600210,0,NULL,NULL
51619,121383,1362600210,-1,NULL,NULL
51619,123180,1362600210,-1,NULL,NULL
51619,125317,1362600210,-1,NULL,NULL
51619,121173,1362600210,-1,NULL,NULL
51619,126153,1362600210,0,NULL,NULL
51619,121643,1362600210,-1,NULL,NULL
51619,128457,1362600210,-1,NULL,NULL
51619,128984,1362600210,1,1.0,1.0
51619,128901,1362600210,0,0.0,0.0
51620,120549,1362594291,-1,NULL,NULL
51620,123176,1362594291,-1,NULL,NULL
51621,120309,1362155877,0,0.0,0.0
51621,121310,1362155877,1,NULL,NULL
51621,123363,1362155877,1,NULL,NULL
51621,121310,1362553766,-1,NULL,NULL
51621,123363,1362553766,-1,NULL,NULL
51621,120309,1362553766,0,0.0,0.0
51625,121176,1361989741,0,NULL,NULL
51625,128903,1361989741,0,NULL,NULL
51625,121176,1362523705,1,NULL,NULL
51625,128903,1362523705,0,NULL,NULL
51626,120346,1362517436,-1,NULL,NULL
51627,120346,1362259701,-1,NULL,NULL
51627,120346,1362509346,1,NULL,NULL
51629,123010,1362504711,0,NULL,NULL
51630,128911,1362487618,0,NULL,NULL
51634,125012,1362433377,0,NULL,NULL
51634,120549,1362433377,1,NULL,NULL
51634,121866,1362433377,-1,NULL,NULL
51635,120545,1362423703,0,NULL,NULL
51635,126138,1362423703,-1,NULL,NULL
51635,127479,1362423703,0,NULL,NULL
51635,125943,1362423703,0,NULL,NULL
51635,129549,1362423703,0,NULL,NULL
51637,127151,1362160467,0,NULL,NULL
51637,127924,1362179012,-1,NULL,NULL
51638,120123,1362177483,1,NULL,NULL
51641,121173,1362093875,0,NULL,NULL
51641,120331,1362093875,1,NULL,NULL
51642,120120,1362092697,-1,NULL,NULL
51643,123702,1362087490,1,NULL,NULL
51644,129111,1362080784,0,NULL,NULL
51644,129549,1362080784,0,NULL,NULL
51644,126779,1362080784,0,NULL,NULL
51644,125957,1362080784,0,NULL,NULL
51644,127386,1362080784,0,NULL,NULL
51644,128658,1362080784,0,NULL,NULL
51644,124632,1362080784,0,NULL,NULL
51644,120154,1362080784,0,NULL,NULL
51644,120545,1362080784,0,NULL,NULL
51644,120726,1362080784,0,NULL,NULL
51646,128506,1362079496,0,NULL,NULL
51647,128709,1362079353,0,NULL,NULL
51647,123044,1362079353,0,NULL,NULL
51649,127942,1362006685,1,NULL,NULL
51649,128781,1362006685,0,NULL,NULL
51649,120127,1362006685,0,NULL,NULL
51649,120331,1362006685,-1,NULL,NULL
51649,123045,1362006685,0,NULL,NULL
51649,120639,1362006685,0,NULL,NULL
51649,121898,1362006685,0,NULL,NULL
51649,121143,1362006685,0,NULL,NULL
51649,121383,1362006685,0,NULL,NULL
51649,121903,1362006685,0,NULL,NULL
51649,121893,1362006685,0,NULL,NULL
51649,125483,1362006685,-1,NULL,NULL
51649,128445,1362006685,0,NULL,NULL
51649,125050,1362006685,0,NULL,NULL
51649,125079,1362006685,1,NULL,NULL
51650,123187,1361996101,0,NULL,NULL
51650,125493,1361996101,1,NULL,NULL
51650,128884,1361996101,0,NULL,NULL
51652,120583,1361992854,1,NULL,NULL
51653,120338,1361914276,1,NULL,NULL
51653,120331,1361914276,0,NULL,NULL
51653,120087,1361914276,0,0.0,0.0
51653,120333,1361914276,1,0.0,0.0
51653,128410,1361914276,1,NULL,NULL
51653,126963,1361937982,0,NULL,NULL
51653,126743,1361937982,0,NULL,NULL
51655,127924,1361931373,1,NULL,NULL
51655,127904,1361931373,0,NULL,NULL
51655,127974,1361931373,0,NULL,NULL
51655,127992,1361931373,0,NULL,NULL
51658,127924,1361922869,0,NULL,NULL
51659,128410,1361911919,-1,NULL,NULL
51659,127480,1361911919,-1,NULL,NULL
51659,129549,1361911919,-1,NULL,NULL
51659,128361,1361911919,1,NULL,NULL
51659,127942,1361911919,0,NULL,NULL
51659,120333,1361911919,0,0.0,0.0
51659,120545,1361911919,-1,NULL,NULL
51659,120123,1361911919,1,-1.0,-1.0
51659,120331,1361911919,1,NULL,NULL
51659,120774,1361911919,0,NULL,NULL
51659,126840,1361911919,-1,NULL,NULL
51659,127479,1361911919,0,NULL,NULL
51659,127511,1361911919,0,NULL,NULL
51659,126382,1361911919,-1,NULL,NULL
51659,127513,1361911919,-1,NULL,NULL
51660,129107,1361896867,1,NULL,NULL
51660,129294,1361896867,1,0.0,0.0
51660,123172,1361896867,-1,NULL,NULL
51660,129107,1361903028,-1,NULL,NULL
51661,126681,1361860086,0,NULL,NULL
51661,128933,1361860086,0,NULL,NULL
51661,125928,1361860086,0,NULL,NULL
51661,124940,1361860086,0,NULL,NULL
51661,127917,1361860086,0,NULL,NULL
51661,123875,1361860086,0,NULL,NULL
51661,123363,1361860086,0,NULL,NULL
51661,120545,1361860086,0,NULL,NULL
51661,120765,1361860086,0,0.0,0.0
51661,123689,1361860086,0,NULL,NULL
51661,121607,1361860086,-1,NULL,NULL
51661,125727,1361860086,0,NULL,NULL
51661,120331,1361860086,0,NULL,NULL
51661,120195,1361860086,0,NULL,NULL
51661,120127,1361860086,0,NULL,NULL
51661,120120,1361860086,0,NULL,NULL
51661,120581,1361860086,0,NULL,NULL
51661,120585,1361860086,0,NULL,NULL
51661,120338,1361860086,0,NULL,NULL
51661,120584,1361860086,0,NULL,NULL
51661,120582,1361860086,0,NULL,NULL
51661,120583,1361860086,0,NULL,NULL
51661,120274,1361860086,0,NULL,NULL
51661,129666,1361860086,0,NULL,NULL
51661,128981,1361860086,0,NULL,NULL
51661,127271,1361860086,0,NULL,NULL
51661,126779,1361860086,0,NULL,NULL
51661,129652,1361860086,0,NULL,NULL
51661,129608,1361860086,0,NULL,NULL
51661,129610,1361860086,0,NULL,NULL
51661,129604,1361860086,0,NULL,NULL
51661,129653,1361860086,0,NULL,NULL
51661,129211,1361860086,0,NULL,NULL
51661,129609,1361860086,0,NULL,NULL
51661,129618,1361860086,0,NULL,NULL
51661,129655,1361860086,0,NULL,NULL
51661,129264,1361860086,0,NULL,NULL
51663,129264,1361853216,1,NULL,NULL
51663,129211,1361853216,0,NULL,NULL
51663,129729,1361853216,0,NULL,NULL
51663,127566,1361853216,0,NULL,NULL
51663,126779,1361853216,0,-1.0,-1.0
51663,127271,1361853216,0,NULL,NULL
51663,128981,1361853216,-1,NULL,NULL
51663,129737,1361853216,0,NULL,NULL
51663,129359,1361853216,0,NULL,NULL
51663,120274,1361853216,0,NULL,NULL
51663,120583,1361853216,0,NULL,NULL
51663,120584,1361853216,0,NULL,NULL
51663,120582,1361853216,0,NULL,NULL
51663,120338,1361853216,0,NULL,NULL
51663,120585,1361853216,0,NULL,NULL
51663,120581,1361853216,0,NULL,NULL
51663,120070,1361853216,0,NULL,NULL
51663,120127,1361853216,0,NULL,NULL
51663,120195,1361853216,1,NULL,NULL
51663,120331,1361853216,1,NULL,NULL
51663,125727,1361853216,1,NULL,NULL
51663,121607,1361853216,1,NULL,NULL
51663,123689,1361853216,0,NULL,NULL
51663,120545,1361853216,0,NULL,NULL
51663,123363,1361853216,0,NULL,NULL
51663,123367,1361853216,0,NULL,NULL
51663,123389,1361853216,0,NULL,NULL
51663,127013,1361853216,0,NULL,NULL
51663,125762,1361853216,0,NULL,NULL
51663,123875,1361853216,0,NULL,NULL
51663,127917,1361853216,0,NULL,NULL
51663,127553,1361853216,0,NULL,NULL
51663,123718,1361853216,0,NULL,NULL
51663,128933,1361853216,1,NULL,NULL
51663,126681,1361853216,0,NULL,NULL
51664,128839,1361835290,1,NULL,NULL
51665,120545,1361832617,0,NULL,NULL
51665,123966,1361832617,0,NULL,NULL
51665,120676,1361832617,0,NULL,NULL
51665,123172,1361832617,0,NULL,NULL
51665,128971,1361832617,0,NULL,NULL
51665,129093,1361832617,0,NULL,NULL
51665,123489,1361832617,0,NULL,NULL
51665,128923,1361832617,0,NULL,NULL
51665,127283,1361832617,0,NULL,NULL
51665,123045,1361832617,0,NULL,NULL
51665,126811,1361832617,0,NULL,NULL
51665,120742,1361832617,0,NULL,NULL
51665,128451,1361832617,0,0.0,0.0
51665,128922,1361832617,0,NULL,NULL
51665,129097,1361832617,0,NULL,NULL
51665,120127,1361832617,0,NULL,NULL
51665,121681,1361832617,0,NULL,NULL
51665,121898,1361832617,0,NULL,NULL
51665,123019,1361832617,0,NULL,NULL
51665,125084,1361832617,0,NULL,NULL
51665,128561,1361832617,0,NULL,NULL
51665,120063,1361832617,0,NULL,NULL
51665,128008,1361832617,0,NULL,NULL
51665,125012,1361832617,0,NULL,NULL
51665,123498,1361832617,0,NULL,NULL
51665,125083,1361832617,0,NULL,NULL
51665,125483,1361832617,0,NULL,NULL
51665,121288,1361832617,0,NULL,NULL
51665,128714,1361832617,0,NULL,NULL
51665,120797,1361832617,0,NULL,NULL
51665,123493,1361832617,0,NULL,NULL
51665,120346,1361832617,0,NULL,NULL
51665,121176,1361832617,0,NULL,NULL
51665,128710,1361832617,0,NULL,NULL
51665,129092,1361832617,0,NULL,NULL
51665,129107,1361832617,0,NULL,NULL
51665,127077,1361832617,0,NULL,NULL
51665,120713,1361832617,0,NULL,NULL
51665,120176,1361832617,0,NULL,NULL
51665,128924,1361832617,0,NULL,NULL
51665,121375,1361832617,0,NULL,NULL
51665,123562,1361832617,0,NULL,NULL
51665,120154,1361832617,0,NULL,NULL
51665,121578,1361832617,1,NULL,NULL
51665,129154,1361832617,0,NULL,NULL
51665,121730,1361832617,0,NULL,NULL
51665,123138,1361832617,0,0.0,0.0
51665,129124,1361832617,0,0.0,0.0
51665,126348,1361832617,0,NULL,NULL
51665,120295,1361832617,0,NULL,NULL
51665,120746,1361832617,0,NULL,NULL
51665,120367,1361832617,0,NULL,NULL
51665,120139,1361832617,0,NULL,NULL
51665,120771,1361832617,0,0.0,0.0
51665,121173,1361832617,0,NULL,NULL
51665,129471,1361832617,1,NULL,NULL
51665,120083,1361832617,0,NULL,NULL
51665,123043,1361832617,0,NULL,NULL
51665,121024,1361832617,0,NULL,NULL
51665,120195,1361832617,0,NULL,NULL
51668,120331,1361821029,0,NULL,NULL
51668,120545,1361821029,0,NULL,NULL
51668,125483,1361821029,1,NULL,NULL
51671,129666,1361659138,0,NULL,NULL
51671,127028,1361659138,0,NULL,NULL
51671,127869,1361659138,0,NULL,NULL
51671,123085,1361659138,0,NULL,NULL
51671,124940,1361659138,-1,NULL,NULL
51671,123113,1361659138,0,NULL,NULL
51671,123295,1361659138,0,NULL,NULL
51671,125928,1361659138,0,NULL,NULL
51671,120120,1361659138,0,NULL,NULL
51671,120127,1361659138,0,NULL,NULL
51671,120765,1361659138,0,0.0,0.0
51671,129609,1361659138,0,NULL,NULL
51671,129604,1361659138,0,NULL,NULL
51671,129608,1361659138,0,NULL,NULL
51671,129610,1361659138,0,NULL,NULL
51671,129653,1361659138,0,NULL,NULL
51671,129603,1361659138,0,NULL,NULL
51671,129618,1361659138,0,NULL,NULL
51671,129655,1361659138,0,NULL,NULL
51671,129652,1361659138,0,NULL,NULL
51671,127870,1361659138,0,NULL,NULL
51671,128144,1361659138,1,NULL,NULL
51672,128707,1361649772,-1,NULL,NULL
51672,121883,1361649772,-1,NULL,NULL
51673,129298,1361599654,0,NULL,NULL
51675,127513,1361553052,-1,NULL,NULL
51676,120346,1361550276,1,NULL,NULL
51679,120312,1361474784,0,NULL,NULL
51680,129803,1361400055,0,0.0,0.0
51680,129818,1361400055,0,NULL,NULL
51680,129816,1361400055,0,NULL,NULL
51680,126782,1361400055,0,NULL,NULL
51680,128972,1361400055,-1,-1.0,-1.0
51680,127480,1361400055,1,NULL,NULL
51680,130032,1361400055,-1,NULL,NULL
51680,128410,1361400055,1,0.0,0.0
51680,128707,1361400055,-1,-1.0,-1.0
51680,128361,1361400055,0,NULL,NULL
51680,128409,1361400055,0,NULL,NULL
51680,128899,1361400055,0,0.0,0.0
51680,128698,1361400055,0,NULL,NULL
51680,128348,1361400055,-1,NULL,NULL
51680,128675,1361400055,0,NULL,NULL
51680,128822,1361400055,-1,NULL,NULL
51680,129969,1361400055,0,NULL,NULL
51680,129124,1361400055,0,0.0,0.0
51680,129815,1361400055,-1,NULL,NULL
51680,129968,1361400055,0,NULL,NULL
51680,129860,1361400055,-1,NULL,NULL
51680,129231,1361400055,-1,NULL,NULL
51680,121522,1361400055,0,NULL,NULL
51680,121419,1361400055,-1,-1.0,-1.0
51680,120848,1361400055,-1,NULL,NULL
51680,120545,1361400055,-1,NULL,NULL
51680,120475,1361400055,0,0.0,0.0
51680,120785,1361400055,0,0.0,0.0
51680,120639,1361400055,1,NULL,NULL
51680,120774,1361400055,0,NULL,NULL
51680,120676,1361400055,0,0.0,0.0
51680,120331,1361400055,-1,NULL,NULL
51680,120309,1361400055,0,0.0,0.0
51680,120312,1361400055,-1,NULL,NULL
51680,120195,1361400055,0,NULL,NULL
51680,120123,1361400055,1,NULL,NULL
51680,120154,1361400055,-1,NULL,NULL
51680,120194,1361400055,-1,1.0,1.0
51680,120084,1361400055,-1,NULL,NULL
51680,120063,1361400055,-1,NULL,NULL
51680,120549,1361400055,-1,NULL,NULL
51680,120616,1361400055,0,NULL,NULL
51680,120333,1361400055,0,NULL,NULL
51680,120176,1361400055,-1,NULL,NULL
51680,124632,1361400055,0,NULL,NULL
51680,128132,1361400055,-1,NULL,NULL
51680,123059,1361400055,0,NULL,NULL
51680,121787,1361400055,-1,NULL,NULL
51680,121421,1361400055,0,NULL,NULL
51680,121309,1361400055,-1,NULL,NULL
51680,124632,1361474506,0,NULL,NULL
51680,120774,1361474506,0,NULL,NULL
51682,129849,1360846692,0,NULL,NULL
51682,128972,1360846692,1,NULL,NULL
51682,127732,1360846692,-1,NULL,NULL
51682,125944,1360848954,1,NULL,NULL
51682,127895,1360842071,1,NULL,NULL
51682,127869,1360846692,1,NULL,NULL
51682,123172,1360848954,1,NULL,NULL
51682,127479,1360848954,0,NULL,NULL
51682,127479,1360850346,0,NULL,NULL
51682,125727,1361415992,0,NULL,NULL
51682,120701,1360846692,0,NULL,NULL
51682,120773,1360842071,-1,NULL,NULL
51682,128348,1360842071,1,NULL,NULL
51682,121177,1360842071,1,NULL,NULL
51682,120070,1360846692,-1,NULL,NULL
51682,129955,1360842071,0,NULL,NULL
51682,129816,1360842071,1,NULL,NULL
51682,120666,1360846692,1,NULL,NULL
51682,123806,1360846692,-1,NULL,NULL
51682,129944,1360842071,0,NULL,NULL
51682,128933,1360846692,-1,NULL,NULL
51682,129248,1360846692,0,NULL,NULL
51682,121576,1360842071,-1,NULL,NULL
51682,129211,1360842071,-1,NULL,NULL
51682,128946,1360846692,0,NULL,NULL
51682,121309,1360842071,1,NULL,NULL
51682,124369,1360846692,1,NULL,NULL
51682,120123,1360848954,-1,NULL,NULL
51682,130025,1360842071,0,NULL,NULL
51682,129880,1360842071,0,NULL,NULL
51682,129993,1360846692,1,NULL,NULL
51682,121142,1361382499,0,NULL,NULL
51682,123146,1360842071,1,NULL,NULL
51682,120067,1360846692,-1,NULL,NULL
51682,126782,1360842071,0,NULL,NULL
51682,129130,1360846692,0,NULL,NULL
51682,120762,1360846692,0,NULL,NULL
51682,129127,1360846692,0,0.0,0.0
51682,130034,1360842071,0,NULL,NULL
51682,120132,1360842071,0,NULL,NULL
51682,127068,1360846692,0,NULL,NULL
51682,129863,1360842071,-1,NULL,NULL
51682,128905,1360846692,1,NULL,NULL
51682,120078,1360846692,0,NULL,NULL
51682,120666,1360842071,-1,NULL,NULL
51682,128451,1360842071,0,NULL,NULL
51682,128658,1360850346,0,NULL,NULL
51682,120771,1360846692,0,NULL,NULL
51682,129858,1360842071,0,NULL,NULL
51682,128457,1360846692,0,NULL,NULL
51682,127939,1360842071,0,NULL,NULL
51682,129002,1360842071,-1,NULL,NULL
51682,128131,1360842071,1,NULL,NULL
51682,120713,1360846692,0,NULL,NULL
51682,128120,1360846692,-1,NULL,NULL
51682,120659,1360846692,-1,NULL,NULL
51682,120702,1360846692,1,NULL,NULL
51682,120763,1360846692,0,NULL,NULL
51682,129263,1360848954,1,NULL,NULL
51682,129938,1360846692,-1,NULL,NULL
51683,128675,1361409525,0,NULL,NULL
51683,129860,1361409525,1,NULL,NULL
51683,129231,1361409525,1,NULL,NULL
51683,128899,1361409525,0,0.0,0.0
51683,128822,1361409525,1,NULL,NULL
51683,128698,1361409525,0,NULL,NULL
51683,129211,1361409525,-1,NULL,NULL
51683,129124,1361409525,0,0.0,0.0
51683,129815,1361409525,1,NULL,NULL
51683,129968,1361409525,0,NULL,NULL
51683,127480,1361409525,-1,NULL,NULL
51683,130032,1361409525,1,NULL,NULL
51683,128972,1361409525,1,1.0,1.0
51683,128410,1361409525,-1,NULL,NULL
51683,128361,1361409525,0,NULL,NULL
51683,128409,1361409525,0,NULL,NULL
51683,128707,1361409525,1,1.0,1.0
51683,128348,1361409525,1,NULL,NULL
51683,121309,1361409525,1,1.0,1.0
51683,121421,1361409525,0,NULL,NULL
51683,121787,1361409525,1,NULL,NULL
51683,123059,1361409525,0,NULL,NULL
51683,129803,1361409525,0,0.0,0.0
51683,129818,1361409525,0,NULL,NULL
51683,126782,1361409525,0,NULL,NULL
51683,124632,1361409525,0,NULL,NULL
51683,128132,1361409525,1,NULL,NULL
51683,129816,1361409525,0,0.0,0.0
51683,120676,1361409525,0,0.0,0.0
51683,120774,1361409525,0,NULL,NULL
51683,120639,1361409525,-1,NULL,NULL
51683,121419,1361409525,1,1.0,1.0
51683,121522,1361409525,0,NULL,NULL
51683,120848,1361409525,1,NULL,NULL
51683,125727,1361409525,0,NULL,NULL
51683,120312,1361409525,1,NULL,NULL
51683,120333,1361409525,0,NULL,NULL
51683,120195,1361409525,0,NULL,NULL
51683,120331,1361409525,1,NULL,NULL
51683,120309,1361409525,0,0.0,0.0
51683,120154,1361409525,1,NULL,NULL
51683,120194,1361409525,1,-1.0,-1.0
51683,120123,1361409525,-1,NULL,NULL
51683,120084,1361409525,1,NULL,NULL
51683,120063,1361409525,1,NULL,NULL
51683,120545,1361409525,1,NULL,NULL
51683,120475,1361409525,0,NULL,NULL
51683,120785,1361409525,0,0.0,0.0
51683,120176,1361409525,1,NULL,NULL
51683,120549,1361409525,1,NULL,NULL
51683,120616,1361409525,0,NULL,NULL
51683,123176,1361415574,0,NULL,NULL
51683,129167,1361415574,0,NULL,NULL
51684,129211,1361406358,1,NULL,NULL
51684,125727,1361406358,0,NULL,NULL
51686,127479,1361380221,1,NULL,NULL
51686,127867,1361380221,0,NULL,NULL
51686,128899,1361380221,0,0.0,0.0
51686,124632,1361380221,1,NULL,NULL
51686,120194,1361380221,1,NULL,NULL
51686,121522,1361380221,0,NULL,NULL
51686,128778,1361380221,0,NULL,NULL
51686,120616,1361380221,0,NULL,NULL
51686,128822,1361380221,1,NULL,NULL
51686,121142,1361380221,0,NULL,NULL
51686,121176,1361380221,1,NULL,NULL
51686,126856,1361380221,1,NULL,NULL
51686,129862,1361380221,1,NULL,NULL
51686,129892,1361380221,0,0.0,0.0
51686,120321,1361380221,0,NULL,NULL
51686,129832,1361380221,-1,NULL,NULL
51686,123225,1361380221,1,NULL,NULL
51686,128675,1361380221,0,NULL,NULL
51686,120526,1361380221,0,NULL,NULL
51686,120312,1361380221,1,NULL,NULL
51686,129860,1361380221,1,NULL,NULL
51686,120639,1361380221,-1,NULL,NULL
51686,128352,1361380221,0,NULL,NULL
51686,129130,1361380221,1,NULL,NULL
51686,120309,1361380221,0,0.0,0.0
51686,126779,1361380221,-1,-1.0,-1.0
51686,128552,1361380221,0,NULL,NULL
51686,120176,1361380221,1,NULL,NULL
51686,120063,1361380221,1,NULL,NULL
51686,120774,1361380221,0,NULL,NULL
51686,120545,1361380221,1,NULL,NULL
51686,121460,1361380221,0,NULL,NULL
51686,120676,1361380221,0,NULL,NULL
51686,120226,1361380221,0,NULL,NULL
51686,120848,1361380221,1,NULL,NULL
51686,129968,1361380221,0,NULL,NULL
51686,123550,1361380221,0,NULL,NULL
51686,123059,1361380221,0,NULL,NULL
51686,120549,1361380221,1,NULL,NULL
51686,121419,1361380221,1,NULL,NULL
51686,121383,1361380221,0,NULL,NULL
51686,121787,1361380221,1,NULL,NULL
51686,120195,1361380221,0,NULL,NULL
51686,120742,1361380221,0,NULL,NULL
51686,120071,1361380221,1,NULL,NULL
51686,129815,1361380221,1,NULL,NULL
51686,120123,1361380221,1,NULL,NULL
51686,128972,1361380221,1,NULL,NULL
51686,120475,1361380221,0,NULL,NULL
51686,128132,1361380221,1,NULL,NULL
51686,121421,1361380221,0,NULL,NULL
51686,129816,1361380221,0,NULL,NULL
51686,129294,1361380221,0,NULL,NULL
51686,128781,1361380221,0,NULL,NULL
51686,123966,1361380221,0,NULL,NULL
51686,121375,1361380221,-1,NULL,NULL
51686,121730,1361380221,1,NULL,NULL
51686,123138,1361380221,0,NULL,NULL
51686,127977,1361380221,0,NULL,NULL
51686,120154,1361380221,1,NULL,NULL
51688,123966,1361371077,0,NULL,NULL
51688,120549,1361371077,-1,NULL,NULL
51688,128513,1361371077,1,NULL,NULL
51688,128707,1361371077,-1,-1.0,-1.0
51688,128352,1361371077,0,NULL,NULL
51688,128552,1361371077,0,NULL,NULL
51688,120545,1361371077,-1,NULL,NULL
51688,120321,1361371077,0,NULL,NULL
51688,120194,1361371077,-1,NULL,NULL
51688,121419,1361371077,-1,NULL,NULL
51688,120123,1361371077,-1,NULL,NULL
51688,126782,1361371077,0,NULL,NULL
51688,120676,1361371077,0,NULL,NULL
51688,127977,1361371077,0,NULL,NULL
51688,121383,1361371077,0,NULL,NULL
51688,121787,1361371077,-1,NULL,NULL
51688,120848,1361371077,-1,NULL,NULL
51688,123138,1361371077,0,NULL,NULL
51688,120195,1361371077,0,NULL,NULL
51688,129803,1361371077,0,NULL,NULL
51688,129968,1361371077,0,NULL,NULL
51688,129862,1361371077,-1,NULL,NULL
51688,129860,1361371077,-1,NULL,NULL
51688,127867,1361371077,0,NULL,NULL
51688,129848,1361371077,0,NULL,NULL
51688,120063,1361371077,-1,NULL,NULL
51688,120084,1361371077,-1,NULL,NULL
51688,129124,1361371077,0,0.0,0.0
51688,121176,1361371077,-1,NULL,NULL
51688,129231,1361371077,-1,NULL,NULL
51688,123418,1361371077,0,NULL,NULL
51688,128781,1361371077,0,NULL,NULL
51688,121142,1361371077,0,NULL,NULL
51688,121460,1361371077,0,NULL,NULL
51688,129892,1361371077,0,0.0,0.0
51688,126382,1361371077,0,NULL,NULL
51688,120785,1361371077,0,0.0,0.0
51688,129816,1361371077,0,NULL,NULL
51688,130032,1361371077,-1,1.0,1.0
51688,121375,1361371077,1,NULL,NULL
51688,128778,1361371077,0,NULL,NULL
51688,120331,1361371077,-1,NULL,NULL
51688,120726,1361371077,0,NULL,NULL
51688,120312,1361371077,-1,NULL,NULL
51688,120154,1361371077,-1,NULL,NULL
51688,128409,1361371077,0,NULL,NULL
51688,123550,1361371077,0,NULL,NULL
51688,129832,1361371077,1,NULL,NULL
51688,123225,1361371077,-1,NULL,NULL
51688,120176,1361371077,-1,NULL,NULL
51688,121730,1361371077,-1,NULL,NULL
51688,123059,1361371077,0,NULL,NULL
51688,129969,1361371077,0,NULL,NULL
51688,128698,1361371077,0,NULL,NULL
51688,129818,1361371077,0,NULL,NULL
51688,120309,1361371077,0,0.0,0.0
51688,121309,1361371077,-1,NULL,NULL
51688,128348,1361371077,-1,NULL,NULL
51688,129815,1361371077,-1,NULL,NULL
51688,120226,1361371077,0,NULL,NULL
51690,128348,1361317235,1,NULL,NULL
51690,120676,1361317235,0,NULL,NULL
51690,127983,1361317235,0,NULL,NULL
51690,120848,1361317235,1,NULL,NULL
51690,129231,1361317235,1,NULL,NULL
51690,121375,1361317235,-1,NULL,NULL
51690,126856,1361317235,1,NULL,NULL
51690,127248,1361317235,0,NULL,NULL
51690,129892,1361317235,0,NULL,NULL
51690,126782,1361317235,0,NULL,NULL
51690,129816,1361317235,0,NULL,NULL
51690,128822,1361317235,1,NULL,NULL
51690,129803,1361317235,0,NULL,NULL
51690,130032,1361317235,1,-1.0,-1.0
51690,120309,1361317235,0,0.0,0.0
51690,128132,1361317235,1,NULL,NULL
51690,121142,1361317235,0,NULL,NULL
51690,129127,1361317235,0,0.0,0.0
51690,121421,1361317235,0,NULL,NULL
51690,128899,1361317235,0,0.0,0.0
51690,123966,1361317235,0,NULL,NULL
51690,121460,1361317235,0,NULL,NULL
51690,129832,1361317235,-1,NULL,NULL
51690,129818,1361317235,0,NULL,NULL
51690,120063,1361317235,1,NULL,NULL
51690,129817,1361317235,0,NULL,NULL
51690,128707,1361317235,1,1.0,1.0
51690,128778,1361317235,0,NULL,NULL
51690,121730,1361317235,1,NULL,NULL
51690,120312,1361317235,1,NULL,NULL
51690,120526,1361317235,0,NULL,NULL
51690,123550,1361317235,0,NULL,NULL
51690,121309,1361317235,1,NULL,NULL
51690,120742,1361317235,0,NULL,NULL
51690,120154,1361317235,1,NULL,NULL
51690,127867,1361317235,0,NULL,NULL
51690,120549,1361317235,1,NULL,NULL
51690,127984,1361317235,0,NULL,NULL
51690,126779,1361317235,-1,NULL,NULL
51690,121522,1361317235,0,NULL,NULL
51690,128552,1361317235,0,NULL,NULL
51690,123418,1361317235,0,NULL,NULL
51690,120616,1361317235,0,NULL,NULL
51690,121383,1361317235,0,NULL,NULL
51690,127977,1361317235,0,NULL,NULL
51690,129130,1361317235,1,NULL,NULL
51690,128972,1361317235,1,NULL,NULL
51690,120726,1361317235,0,NULL,NULL
51690,129124,1361317235,0,NULL,NULL
51690,123138,1361317235,0,NULL,NULL
51690,129862,1361317235,1,NULL,NULL
51690,120195,1361317235,0,NULL,NULL
51690,120226,1361317235,0,NULL,NULL
51690,129815,1361317235,1,NULL,NULL
51690,129848,1361317235,0,NULL,NULL
51690,123225,1361317235,1,NULL,NULL
51690,128513,1361317235,-1,NULL,NULL
51690,120071,1361317235,1,NULL,NULL
51690,129860,1361317235,1,NULL,NULL
51690,120475,1361317235,0,NULL,NULL
51691,128513,1361285465,0,NULL,NULL
51691,129294,1361285465,0,NULL,NULL
51691,121460,1361285465,0,NULL,NULL
51691,120726,1361285465,0,NULL,NULL
51691,121375,1361285465,1,NULL,NULL
51691,120785,1361285465,0,0.0,0.0
51691,120312,1361285465,0,NULL,NULL
51691,120321,1361285465,0,NULL,NULL
51691,126779,1361285465,1,NULL,NULL
51692,127248,1361145257,0,NULL,NULL
51694,128552,1361024417,0,NULL,NULL
51694,127984,1361024417,0,NULL,NULL
51694,127983,1361024417,0,NULL,NULL
51694,128778,1361024417,0,NULL,NULL
51694,123966,1361024417,0,NULL,NULL
51694,123418,1361024417,0,NULL,NULL
51694,127867,1361024417,0,NULL,NULL
51694,120063,1361024417,0,NULL,NULL
51694,120154,1361024417,0,NULL,NULL
51694,120226,1361024417,0,NULL,NULL
51694,120742,1361024417,0,NULL,NULL
51695,129817,1361024026,0,NULL,NULL
51695,128781,1361024026,0,NULL,NULL
51695,129127,1361024026,0,0.0,0.0
51695,127977,1361024026,0,NULL,NULL
51695,126856,1361024026,-1,NULL,NULL
51695,129848,1361024026,0,NULL,NULL
51695,129832,1361024026,1,NULL,NULL
51695,129892,1361024026,0,NULL,NULL
51695,129860,1361024026,-1,NULL,NULL
51695,123138,1361024026,0,NULL,NULL
51695,121383,1361024026,0,NULL,NULL
51695,121730,1361024026,-1,NULL,NULL
51695,121142,1361024026,0,NULL,NULL
51695,121176,1361024026,-1,NULL,NULL
51695,120526,1361024026,0,NULL,NULL
51695,120071,1361024026,-1,NULL,NULL
51695,120312,1361024026,-1,NULL,NULL
51695,129130,1361024026,-1,NULL,NULL
51695,129862,1361024026,-1,NULL,NULL
51695,123225,1361024026,-1,NULL,NULL
51695,123550,1361024026,0,NULL,NULL
51696,128352,1360964271,0,NULL,NULL
51697,120312,1360882517,-1,NULL,NULL
51697,120309,1360882517,0,0.0,0.0
51697,120195,1360882517,0,NULL,NULL
51697,120154,1360882517,-1,NULL,NULL
51697,120194,1360882517,-1,NULL,NULL
51697,120063,1360882517,-1,NULL,NULL
51697,120084,1360882517,-1,NULL,NULL
51697,120331,1360882517,-1,NULL,NULL
51697,120176,1360882517,-1,NULL,NULL
51697,120616,1360882517,0,NULL,NULL
51697,120549,1360882517,-1,NULL,NULL
51697,120785,1360882517,0,0.0,0.0
51697,120475,1360882517,0,NULL,NULL
51697,120639,1360882517,1,NULL,NULL
51697,120676,1360882517,0,NULL,NULL
51697,120848,1360882517,-1,NULL,NULL
51697,121419,1360882517,-1,NULL,NULL
51697,121309,1360882517,-1,NULL,NULL
51697,121522,1360882517,0,NULL,NULL
51697,123059,1360882517,0,NULL,NULL
51697,121787,1360882517,-1,0.0,0.0
51697,121421,1360882517,0,NULL,NULL
51697,128132,1360882517,-1,NULL,NULL
51697,129816,1360882517,0,NULL,NULL
51697,126782,1360882517,0,NULL,NULL
51697,128972,1360882517,-1,NULL,NULL
51697,129803,1360882517,0,NULL,NULL
51697,129818,1360882517,0,NULL,NULL
51697,130032,1360882517,-1,NULL,NULL
51697,129969,1360882517,0,NULL,NULL
51697,128675,1360882517,0,NULL,NULL
51697,128707,1360882517,-1,-1.0,-1.0
51697,128698,1360882517,0,NULL,NULL
51697,128822,1360882517,-1,NULL,NULL
51697,128899,1360882517,0,NULL,NULL
51697,128348,1360882517,-1,NULL,NULL
51697,128409,1360882517,0,NULL,NULL
51697,129124,1360882517,0,NULL,NULL
51697,129815,1360882517,-1,NULL,NULL
51697,129968,1360882517,0,NULL,NULL
51697,129231,1360882517,-1,NULL,NULL
51697,129860,1360882517,-1,NULL,NULL
51701,123045,1360847255,1,NULL,NULL
51701,123178,1360847255,0,NULL,NULL
51702,120077,1360847215,0,NULL,NULL
51703,121419,1360847177,1,NULL,NULL
51705,120475,1360847088,0,NULL,NULL
51707,120312,1360846911,0,NULL,NULL
51707,120331,1360846911,0,NULL,NULL
51707,129968,1360846911,0,NULL,NULL
51709,121419,1360846872,0,1.0,1.0
51709,120848,1360846872,0,NULL,NULL
51709,120639,1360846872,0,NULL,NULL
51709,120331,1360846872,0,NULL,NULL
51709,128822,1360846872,-1,NULL,NULL
51710,120295,1360846822,0,NULL,NULL
51712,130026,1360838060,1,NULL,NULL
51713,129007,1360788959,1,NULL,NULL
51713,120768,1360788959,-1,NULL,NULL
51713,129358,1360788959,0,NULL,NULL
51713,120127,1360788959,1,NULL,NULL
51713,130021,1360788959,0,NULL,NULL
51713,127220,1360788959,0,NULL,NULL
51713,126782,1360788959,0,NULL,NULL
51713,129940,1360788959,0,NULL,NULL
51713,128445,1360788959,-1,NULL,NULL
51713,121522,1360788959,0,NULL,NULL
51713,120549,1360788959,0,NULL,NULL
51713,128933,1360788959,-1,NULL,NULL
51713,120590,1360788959,0,NULL,NULL
51713,125944,1360788959,1,NULL,NULL
51713,123809,1360788959,0,NULL,NULL
51713,129921,1360788959,-1,NULL,NULL
51713,123172,1360788959,1,NULL,NULL
51713,120379,1360788959,1,NULL,NULL
51713,120764,1360788959,0,NULL,NULL
51713,120785,1360788959,0,0.0,0.0
51713,129503,1360788959,1,NULL,NULL
51713,127058,1360788959,0,NULL,NULL
51713,124652,1360788959,-1,NULL,NULL
51713,121375,1360788959,1,NULL,NULL
51713,129294,1360788959,1,NULL,NULL
51713,128849,1360788959,0,NULL,NULL
51713,120742,1360788959,-1,NULL,NULL
51713,128352,1360788959,1,NULL,NULL
51713,129231,1360788959,-1,NULL,NULL
51713,120288,1360788959,-1,NULL,NULL
51713,130025,1360788959,0,NULL,NULL
51713,127760,1360788959,-1,NULL,NULL
51713,127194,1360788959,0,NULL,NULL
51713,120309,1360788959,0,0.0,0.0
51713,120226,1360788959,1,NULL,NULL
51713,129305,1360788959,0,NULL,NULL
51713,125048,1360788959,1,NULL,NULL
51713,125495,1360788959,-1,NULL,NULL
51713,129003,1360788959,1,NULL,NULL
51713,128813,1360788959,1,NULL,NULL
51713,120701,1360788959,0,NULL,NULL
51713,123515,1360788959,0,NULL,NULL
51713,129918,1360788959,0,NULL,NULL
51713,129863,1360788959,1,NULL,NULL
51713,128733,1360788959,-1,NULL,NULL
51713,120765,1360788959,0,NULL,NULL
51713,129992,1360788959,1,NULL,NULL
51713,129899,1360788959,-1,NULL,NULL
51713,120154,1360788959,1,NULL,NULL
51713,126681,1360788959,-1,NULL,NULL
51713,126008,1360788959,0,NULL,NULL
51713,120225,1360788959,0,NULL,NULL
51713,120616,1360788959,0,NULL,NULL
51713,129904,1360788959,0,NULL,NULL
51713,128448,1360788959,-1,NULL,NULL
51713,127024,1360788959,0,NULL,NULL
51713,128924,1360788959,1,NULL,NULL
51713,120706,1360788959,0,NULL,NULL
51713,129849,1360788959,0,NULL,NULL
51713,128675,1360788959,0,NULL,NULL
51715,126820,1360782883,0,NULL,NULL
51715,123194,1360782883,0,NULL,NULL
51716,123016,1360782855,0,NULL,NULL
51716,123017,1360782855,0,NULL,NULL
51716,123044,1360782855,1,NULL,NULL
51716,126820,1360782855,0,NULL,NULL
51717,123019,1360782818,0,NULL,NULL
51718,128709,1360782759,0,NULL,NULL
51718,128707,1360782759,1,NULL,NULL
51719,126820,1360782404,0,NULL,NULL
51719,123017,1360782404,1,NULL,NULL
51719,125910,1360782404,0,NULL,NULL
51719,126023,1360782404,0,NULL,NULL
51719,125636,1360782404,0,NULL,NULL
51720,123019,1360782355,1,NULL,NULL
51720,127077,1360782355,0,NULL,NULL
51721,120639,1359237560,1,NULL,NULL
51721,121419,1359237560,1,NULL,NULL
51721,121419,1360782308,1,NULL,NULL
51721,120639,1360782308,1,NULL,NULL
51725,120746,1360782116,0,NULL,NULL
51729,121419,1360781999,0,NULL,NULL
51729,120848,1360781999,0,NULL,NULL
51729,120331,1360781999,0,NULL,NULL
51729,128709,1360781999,0,NULL,NULL
51729,125079,1360781999,0,NULL,NULL
51729,125050,1360781999,0,NULL,NULL
51729,121309,1360781999,0,NULL,NULL
51729,121893,1360781999,0,NULL,NULL
51729,123044,1360781999,0,NULL,NULL
51729,128710,1360781999,1,NULL,NULL
51729,128822,1360781999,0,NULL,NULL
51731,120176,1360781898,0,NULL,NULL
51731,123176,1360781898,0,NULL,NULL
51731,123265,1360781898,0,NULL,NULL
51731,128709,1360781898,0,NULL,NULL
51731,129166,1360781898,0,NULL,NULL
51731,125079,1360781898,0,NULL,NULL
51731,123044,1360781898,1,NULL,NULL
51731,128710,1360781898,0,NULL,NULL
51732,121646,1358196048,0,NULL,NULL
51732,121646,1360781858,0,NULL,NULL
51733,121351,1360781804,0,NULL,NULL
51733,123019,1360781804,0,NULL,NULL
51733,120331,1360781804,0,NULL,NULL
51733,120176,1360781804,0,NULL,NULL
51733,120312,1360781804,0,NULL,NULL
51733,121893,1360781804,0,NULL,NULL
51733,123017,1360781804,0,NULL,NULL
51733,126945,1360781804,0,NULL,NULL
51733,126820,1360781804,0,NULL,NULL
51733,123016,1360781804,0,NULL,NULL
51733,127052,1360781804,0,NULL,NULL
51733,125079,1360781804,0,NULL,NULL
51733,125050,1360781804,0,NULL,NULL
51733,126023,1360781804,0,NULL,NULL
51733,125636,1360781804,0,NULL,NULL
51733,129860,1360781804,0,NULL,NULL
51733,129968,1360781804,0,NULL,NULL
51733,128402,1360781804,0,NULL,NULL
51733,129969,1360781804,0,NULL,NULL
51735,128710,1360781711,1,NULL,NULL
51735,128707,1360781711,-1,NULL,NULL
51735,121893,1360781711,1,NULL,NULL
51735,121309,1360781711,1,NULL,NULL
51735,123622,1360781711,0,NULL,NULL
51735,128709,1360781711,1,NULL,NULL
51735,121883,1360781711,0,NULL,NULL
51736,129124,1360781647,0,NULL,NULL
51737,121883,1360781606,1,NULL,NULL
51737,121419,1360781606,0,NULL,NULL
51737,120848,1360781606,1,NULL,NULL
51737,120309,1360781606,0,0.0,0.0
51737,121421,1360781606,0,NULL,NULL
51737,128707,1360781606,1,NULL,NULL
51737,128822,1360781606,1,NULL,NULL
51737,129124,1360781606,0,NULL,NULL
51737,126782,1360781606,0,NULL,NULL
51738,121309,1360781541,0,NULL,NULL
51738,121787,1360781541,0,NULL,NULL
51738,121893,1360781541,1,NULL,NULL
51738,128348,1360781541,0,NULL,NULL
51739,121893,1360781434,0,NULL,NULL
51739,121883,1360781434,0,NULL,NULL
51740,120639,1357157474,0,NULL,NULL
51740,121419,1357157474,0,NULL,NULL
51740,120848,1357157474,0,NULL,NULL
51740,121169,1357157474,0,NULL,NULL
51740,120676,1357157474,0,NULL,NULL
51740,120545,1357157474,0,NULL,NULL
51740,120331,1357157474,0,NULL,NULL
51740,121419,1360781384,0,NULL,NULL
51740,120639,1360781384,0,NULL,NULL
51740,120545,1360781384,0,NULL,NULL
51740,120676,1360781384,0,NULL,NULL
51740,121169,1360781384,0,NULL,NULL
51740,120848,1360781384,0,NULL,NULL
51740,120331,1360781384,0,NULL,NULL
51741,120063,1360781353,1,NULL,NULL
51741,121893,1360781353,1,NULL,NULL
51741,125152,1360781353,1,NULL,NULL
51742,123178,1360781313,1,NULL,NULL
51742,123176,1360781313,0,NULL,NULL
51746,123821,1357928900,0,NULL,NULL
51746,123821,1360781142,0,NULL,NULL
51747,123194,1360781097,0,NULL,NULL
51748,123019,1360781071,0,NULL,NULL
51748,120331,1360781071,1,NULL,NULL
51749,123178,1360781024,0,NULL,NULL
51749,123044,1360781024,1,NULL,NULL
51749,123176,1360781024,-1,NULL,NULL
51749,125043,1360781024,0,NULL,NULL
51749,125050,1360781024,0,NULL,NULL
51749,128132,1360781024,-1,NULL,NULL
51749,120747,1360781024,-1,NULL,NULL
51749,123265,1360781024,0,NULL,NULL
51749,120312,1360781024,1,NULL,NULL
51749,129167,1360781024,0,NULL,NULL
51749,129860,1360781024,0,NULL,NULL
51753,129860,1360780888,0,NULL,NULL
51754,127943,1360780847,0,NULL,NULL
51756,130032,1360780791,1,NULL,NULL
51758,129860,1360780652,0,NULL,NULL
51758,128710,1360780652,0,NULL,NULL
51758,123178,1360780652,0,NULL,NULL
51758,125152,1360780652,0,NULL,NULL
51758,128709,1360780652,0,NULL,NULL
51758,125050,1360780652,0,NULL,NULL
51758,125079,1360780652,0,NULL,NULL
51758,128785,1360780652,0,NULL,NULL
51758,120295,1360780652,0,NULL,NULL
51758,120331,1360780652,0,NULL,NULL
51758,120176,1360780652,0,NULL,NULL
51758,123265,1360780652,0,NULL,NULL
51758,123176,1360780652,0,NULL,NULL
51758,121898,1360780652,0,NULL,NULL
51758,120692,1360780652,0,NULL,NULL
51761,121309,1360780252,0,NULL,NULL
51761,121787,1360780252,1,NULL,NULL
51761,128348,1360780252,0,NULL,NULL
51762,128348,1360780213,1,NULL,NULL
51762,128972,1360780213,1,NULL,NULL
51762,129818,1360780213,0,NULL,NULL
51762,121787,1360780213,1,NULL,NULL
51762,121522,1360780213,0,NULL,NULL
51764,128348,1360779988,0,NULL,NULL
51764,123059,1360779988,0,NULL,NULL
51765,123188,1360779762,0,NULL,NULL
51765,126683,1360779926,0,NULL,NULL
51768,120295,1360779645,0,NULL,NULL
51769,130152,1360779597,0,NULL,NULL
51769,130132,1360779597,0,NULL,NULL
51770,121351,1360779515,0,NULL,NULL
51770,120692,1360779515,0,NULL,NULL
51770,125152,1360779515,0,NULL,NULL
51770,128785,1360779515,0,NULL,NULL
51770,123702,1360779515,0,NULL,NULL
51770,125708,1360779515,0,NULL,NULL
51770,129803,1360779515,0,NULL,NULL
51771,128409,1360779304,0,NULL,NULL
51771,120176,1360779304,1,NULL,NULL
51771,120195,1360779304,0,NULL,NULL
51771,120194,1360779304,1,NULL,NULL
51771,120154,1360779304,1,NULL,NULL
51771,120084,1360779304,1,NULL,NULL
51771,120676,1360779304,0,NULL,NULL
51772,123176,1360779143,0,NULL,NULL
51772,120176,1360779143,0,NULL,NULL
51772,130108,1360779143,1,NULL,NULL
51773,123176,1360779098,0,NULL,NULL
51774,120176,1360779058,1,NULL,NULL
51774,120785,1360779058,0,NULL,NULL
51774,121419,1360779058,1,NULL,NULL
51774,121309,1360779058,1,NULL,NULL
51774,123176,1360779058,0,NULL,NULL
51774,128707,1360779058,-1,NULL,NULL
51774,128899,1360779058,0,NULL,NULL
51774,128698,1360779058,0,NULL,NULL
51774,130108,1360779058,0,NULL,NULL
51774,129231,1360779058,-1,NULL,NULL
51777,130109,1360778836,0,NULL,NULL
51777,120176,1360778836,0,NULL,NULL
51777,121898,1360778836,0,NULL,NULL
51777,123176,1360778836,0,NULL,NULL
51778,129231,1360778753,0,NULL,NULL
51778,130145,1360778753,0,NULL,NULL
51778,129860,1360778753,-1,NULL,NULL
51778,123176,1360778753,0,NULL,NULL
51778,120785,1360778753,0,NULL,NULL
51778,120616,1360778753,0,NULL,NULL
51778,120176,1360778753,1,NULL,NULL
51778,120331,1360778753,0,NULL,NULL
51778,120309,1360778753,0,0.0,0.0
51778,128132,1360778753,1,NULL,NULL
51779,120176,1360778006,1,NULL,NULL
51779,128132,1360778006,1,NULL,NULL
51779,129860,1360778006,1,NULL,NULL
51779,129231,1360778006,0,NULL,NULL
51779,129860,1360778514,0,NULL,NULL
51780,129815,1360778463,0,NULL,NULL
51780,120549,1360778463,1,NULL,NULL
51782,125957,1360774830,1,NULL,NULL
51782,121646,1360774830,0,NULL,NULL
51782,128933,1360774830,1,NULL,NULL
51782,120139,1360774830,0,NULL,NULL
51782,123271,1360774830,0,NULL,NULL
51782,127151,1360774830,0,NULL,NULL
51782,129480,1360774830,-1,NULL,NULL
51782,126856,1360774830,-1,NULL,NULL
51782,120309,1360774830,0,0.0,0.0
51782,128984,1360774830,1,NULL,NULL
51782,128946,1360774830,0,NULL,NULL
51782,129960,1360774830,0,NULL,NULL
51782,130035,1360774830,1,NULL,NULL
51782,126008,1360774830,0,NULL,NULL
51782,128542,1360774830,-1,NULL,NULL
51782,123113,1360774830,-1,NULL,NULL
51782,129983,1360774830,-1,NULL,NULL
51782,126890,1360774830,0,NULL,NULL
51782,129005,1360774830,-1,NULL,NULL
51782,129817,1360774830,0,NULL,NULL
51782,129475,1360774830,1,NULL,NULL
51782,130025,1360774830,0,NULL,NULL
51782,120591,1360774830,0,NULL,NULL
51782,129111,1360774830,1,NULL,NULL
51782,120848,1360774830,-1,NULL,NULL
51782,120674,1360774830,-1,NULL,NULL
51782,126779,1360774830,1,NULL,NULL
51782,129920,1360774830,0,NULL,NULL
51782,129877,1360774830,1,NULL,NULL
51782,120063,1360774830,-1,NULL,NULL
51782,129969,1360774830,-1,NULL,NULL
51782,121833,1360774830,-1,NULL,NULL
51782,127760,1360774830,1,NULL,NULL
51782,127480,1360774830,1,NULL,NULL
51782,129503,1360774830,-1,NULL,NULL
51782,129720,1360774830,0,NULL,NULL
51782,127024,1360774830,0,NULL,NULL
51782,129989,1360774830,1,NULL,NULL
51782,123809,1360774830,0,NULL,NULL
51782,120223,1360774830,0,NULL,NULL
51782,121419,1360774830,-1,NULL,NULL
51782,120087,1360774830,0,NULL,NULL
51782,129128,1360774830,0,NULL,NULL
51782,120092,1360774830,0,NULL,NULL
51782,128978,1360774830,0,NULL,NULL
51782,129246,1360774830,-1,NULL,NULL
51782,129892,1360774830,0,NULL,NULL
51782,127903,1360774830,-1,NULL,NULL
51782,129358,1360774830,0,NULL,NULL
51782,129096,1360774830,-1,NULL,NULL
51782,120713,1360774830,0,NULL,NULL
51782,129929,1360774830,-1,NULL,NULL
51782,128124,1360774830,1,NULL,NULL
51782,127942,1360774830,0,NULL,NULL
51782,125363,1360774830,0,NULL,NULL
51782,120653,1360774830,0,NULL,NULL
51782,130032,1360774830,-1,NULL,NULL
51782,127058,1360774830,0,NULL,NULL
51782,127977,1360774830,0,NULL,NULL
51782,120067,1360774830,1,NULL,NULL
51785,120331,1360770978,1,NULL,NULL
51785,120312,1360770978,0,NULL,NULL
51785,120545,1360770978,1,NULL,NULL
51785,126840,1360770978,0,NULL,NULL
51785,127479,1360770978,0,NULL,NULL
51785,126382,1360770978,0,NULL,NULL
51785,126357,1360770978,0,NULL,NULL
51785,126138,1360770978,-1,NULL,NULL
51785,129549,1360770978,-1,NULL,NULL
51785,127480,1360770978,-1,NULL,NULL
51785,129721,1360770978,-1,NULL,NULL
51786,129211,1360714127,1,NULL,NULL
51786,128410,1360714127,0,NULL,NULL
51786,126779,1360714127,-1,NULL,NULL
51786,127513,1360714127,0,NULL,NULL
51786,120333,1360714127,0,NULL,NULL
51786,120123,1360714127,0,NULL,NULL
51786,120195,1360714127,0,NULL,NULL
51786,120080,1360714127,0,NULL,NULL
51786,120087,1360714127,0,NULL,NULL
51786,121375,1360714127,1,NULL,NULL
51786,120338,1360714127,0,NULL,NULL
51786,120545,1360714127,-1,NULL,NULL
51786,120726,1360714127,1,NULL,NULL
51786,125957,1360714127,-1,NULL,NULL
51786,128658,1360714127,0,NULL,NULL
51786,127386,1360714127,-1,NULL,NULL
51786,128661,1360714127,0,NULL,NULL
51786,124632,1360714127,0,NULL,NULL
51792,129721,1360626809,-1,NULL,NULL
51793,121787,1360619696,0,NULL,NULL
51793,128348,1360619696,1,NULL,NULL
51795,125727,1360614765,0,NULL,NULL
51796,121383,1360374276,1,1.0,1.0
51796,123562,1360374276,1,NULL,NULL
51796,128781,1360374276,1,NULL,NULL
51797,121366,1360369616,0,NULL,NULL
51797,120545,1360369616,-1,NULL,NULL
51797,127479,1360369616,0,NULL,NULL
51797,126138,1360369616,1,NULL,NULL
51797,129549,1360369616,1,NULL,NULL
51798,129549,1360362128,0,NULL,NULL
51798,121787,1360362128,1,NULL,NULL
51798,127867,1360362128,0,NULL,NULL
51798,127479,1360362128,0,NULL,NULL
51798,125944,1360362128,0,NULL,NULL
51798,128448,1360362128,-1,NULL,NULL
51798,127513,1360362128,0,NULL,NULL
51798,120666,1360362128,1,NULL,NULL
51798,120545,1360362128,-1,NULL,NULL
51798,121375,1360362128,0,NULL,NULL
51798,120127,1360362128,0,NULL,NULL
51798,120070,1360362128,0,NULL,NULL
51798,120123,1360362128,-1,NULL,NULL
51798,120331,1360362128,-1,NULL,NULL
51799,120331,1360354442,1,NULL,NULL
51799,120062,1360354442,0,NULL,NULL
51799,120080,1360354442,1,NULL,NULL
51799,121607,1360354442,1,NULL,NULL
51799,128445,1360354442,-1,0.0,0.0
51799,125483,1360354442,1,NULL,NULL
51799,128448,1360354442,0,NULL,NULL
51799,128451,1360354442,0,NULL,NULL
51801,128901,1360271789,0,NULL,NULL
51801,128988,1360271789,0,NULL,NULL
51803,123172,1360260476,1,NULL,NULL
51803,129107,1360260476,1,NULL,NULL
51804,128355,1360258307,1,NULL,NULL
51804,128352,1360258307,1,NULL,NULL
51805,130049,1360197384,0,NULL,NULL
51805,129305,1360197384,0,NULL,NULL
51805,127870,1360197384,0,NULL,NULL
51805,127946,1360197384,1,NULL,NULL
51805,127151,1360197384,0,NULL,NULL
51805,123113,1360197384,1,NULL,NULL
51805,120657,1360197384,0,NULL,NULL
51806,127946,1360188317,0,NULL,NULL
51806,125363,1360188317,0,NULL,NULL
51810,129246,1360170115,1,NULL,NULL
51810,128910,1360170115,1,NULL,NULL
51810,129263,1360170115,1,NULL,NULL
51811,124704,1360116735,0,NULL,NULL
51811,130032,1360116735,-1,NULL,NULL
51811,130034,1360116735,0,NULL,NULL
51811,130035,1360116735,-1,NULL,NULL
51812,125495,1360085199,-1,NULL,NULL
51815,127068,1360017050,1,NULL,NULL
51815,126748,1360017050,1,NULL,NULL
51816,129302,1360016692,0,NULL,NULL
51816,121730,1360016692,0,NULL,NULL
51818,120331,1359771661,1,NULL,NULL
51819,121173,1359753194,1,NULL,NULL
51820,120331,1359746921,0,NULL,NULL
51820,120127,1359746921,1,NULL,NULL
51821,129098,1359742517,1,NULL,NULL
51821,128814,1359742517,1,-1.0,-1.0
51821,128352,1359742517,1,NULL,NULL
51821,128357,1359742517,0,NULL,NULL
51822,121866,1359701954,0,NULL,NULL
51823,129720,1359672224,0,NULL,NULL
51824,120346,1359599103,0,NULL,NULL
51824,120346,1359660288,1,NULL,NULL
51825,120331,1359652139,1,NULL,NULL
51826,120331,1359590022,0,NULL,NULL
51826,120123,1359590022,1,NULL,NULL
51826,120545,1359590022,-1,NULL,NULL
51826,126382,1359590022,-1,NULL,NULL
51826,129111,1359590022,0,NULL,NULL
51826,121787,1359590022,0,NULL,NULL
51826,127479,1359590022,0,NULL,NULL
51826,127513,1359590022,0,NULL,NULL
51826,127942,1359590022,0,NULL,NULL
51830,128552,1359579013,0,NULL,NULL
51831,120549,1359574216,1,NULL,NULL
51832,129818,1359571617,0,NULL,NULL
51833,120797,1359558640,1,NULL,NULL
51833,120321,1359558640,1,NULL,NULL
51833,120071,1359558640,1,NULL,NULL
51833,120312,1359558640,1,NULL,NULL
51833,128933,1359558640,0,NULL,NULL
51833,129868,1359558640,0,NULL,NULL
51833,128124,1359558640,1,NULL,NULL
51833,129863,1359558640,1,NULL,NULL
51833,129969,1359558640,0,NULL,NULL
51840,128714,1359439439,-1,NULL,NULL
51840,128348,1359439439,-1,NULL,NULL
51840,120763,1359439439,0,NULL,NULL
51840,120870,1359439439,0,NULL,NULL
51840,120871,1359439439,-1,NULL,NULL
51840,120659,1359439439,-1,NULL,NULL
51840,121787,1359439439,0,NULL,NULL
51840,128448,1359439439,-1,NULL,NULL
51841,129983,1359435876,1,NULL,NULL
51841,121593,1359435876,1,NULL,NULL
51843,120549,1359428975,0,NULL,NULL
51844,120176,1359415557,0,NULL,NULL
51844,128553,1359415557,1,NULL,NULL
51845,129983,1359407266,1,NULL,NULL
51845,129358,1359407266,0,NULL,NULL
51845,121593,1359407266,0,NULL,NULL
51846,121236,1359401894,-1,NULL,NULL
51847,127923,1359397910,0,NULL,NULL
51848,120331,1359392098,-1,NULL,NULL
51849,129127,1359320834,0,NULL,NULL
51851,129284,1359245873,0,NULL,NULL
51851,125493,1359245873,0,NULL,NULL
51851,127974,1359245873,-1,NULL,NULL
51851,120338,1359245873,-1,NULL,NULL
51851,120681,1359245873,0,NULL,NULL
51851,120168,1359245873,0,NULL,NULL
51851,121310,1359245873,1,NULL,NULL
51851,123271,1359245873,0,NULL,NULL
51851,123205,1359245873,0,NULL,NULL
51851,120225,1359265248,0,NULL,NULL
51852,120331,1359237782,-1,NULL,NULL
51853,120312,1359171963,0,NULL,NULL
51853,121556,1359178094,0,NULL,NULL
51854,128972,1359159644,1,NULL,NULL
51854,129818,1359159644,1,NULL,NULL
51856,128971,1359123105,0,NULL,NULL
51856,128132,1359123105,1,NULL,NULL
51856,120309,1359123105,0,0.0,0.0
51856,120059,1359123105,0,NULL,NULL
51856,120331,1359123105,0,NULL,NULL
51856,120545,1359123105,0,NULL,NULL
51856,129818,1359123105,1,NULL,NULL
51856,127513,1359123105,1,NULL,NULL
51856,128972,1359123105,0,NULL,NULL
51856,129815,1359123105,1,NULL,NULL
51857,129862,1359093885,0,NULL,NULL
51861,120312,1358798845,1,NULL,NULL
51861,120331,1358798845,0,NULL,NULL
51861,120321,1358798845,0,NULL,NULL
51861,120309,1358798845,0,0.0,0.0
51861,121173,1358798845,1,NULL,NULL
51861,123550,1358798845,0,NULL,NULL
51861,124369,1358798845,0,NULL,NULL
51861,128445,1358798845,0,0.0,0.0
51861,129886,1358798845,1,NULL,NULL
51861,129817,1358798845,0,NULL,NULL
51861,127095,1358798845,1,NULL,NULL
51861,129816,1358798845,1,NULL,NULL
51861,129862,1358798845,1,NULL,NULL
51861,129124,1358798845,0,NULL,NULL
51861,128899,1358798845,0,NULL,NULL
51861,128814,1358798845,0,NULL,NULL
51861,129294,1358798845,1,NULL,NULL
51861,129832,1358798845,0,NULL,NULL
51861,129127,1358798845,0,NULL,NULL
51861,126856,1358798845,1,NULL,NULL
51861,126856,1358997569,0,NULL,NULL
51861,129862,1358997569,0,NULL,NULL
51863,120331,1358982110,1,NULL,NULL
51863,120333,1358982110,1,NULL,NULL
51863,128410,1358982110,0,NULL,NULL
51864,129128,1358972771,0,NULL,NULL
51865,125312,1358970446,0,NULL,NULL
51865,120879,1358970446,-1,NULL,NULL
51865,120063,1358970446,1,NULL,NULL
51865,120869,1358970446,1,NULL,NULL
51866,126382,1358969835,0,NULL,NULL
51866,120702,1358969835,1,NULL,NULL
51870,127220,1358958136,0,NULL,NULL
51871,121176,1358899039,1,NULL,NULL
51872,121366,1358883750,1,NULL,NULL
51872,121366,1358883824,-1,NULL,NULL
51872,121366,1358887540,1,NULL,NULL
51874,127939,1358804017,0,NULL,NULL
51874,128984,1358804017,-1,NULL,NULL
51874,128899,1358804017,0,NULL,NULL
51874,129480,1358804017,1,NULL,NULL
51874,128902,1358804017,-1,NULL,NULL
51874,125483,1358804017,-1,NULL,NULL
51874,121173,1358804017,1,NULL,NULL
51874,121610,1358804017,0,NULL,NULL
51874,120331,1358804017,1,NULL,NULL
51874,129480,1358804185,-1,NULL,NULL
51874,128899,1358804185,0,NULL,NULL
51874,128984,1358804185,1,NULL,NULL
51874,127939,1358804185,0,NULL,NULL
51874,120331,1358804185,-1,NULL,NULL
51874,121173,1358804185,-1,NULL,NULL
51874,121610,1358804185,0,NULL,NULL
51874,128902,1358804185,1,NULL,NULL
51874,125483,1358804185,1,NULL,NULL
51874,120331,1358809089,1,NULL,NULL
51874,121610,1358809089,0,NULL,NULL
51874,121173,1358809089,1,NULL,NULL
51874,128902,1358809089,-1,NULL,NULL
51874,125483,1358809089,-1,NULL,NULL
51874,127939,1358809089,0,NULL,NULL
51874,129480,1358809089,1,NULL,NULL
51874,128984,1358809089,-1,NULL,NULL
51874,128899,1358809089,0,NULL,NULL
51874,126367,1358809333,0,NULL,NULL
51874,126368,1358809333,0,NULL,NULL
51875,126008,1358800174,0,NULL,NULL
51877,129889,1358799102,1,NULL,NULL
51877,120331,1358799102,0,NULL,NULL
51877,120071,1358799102,1,NULL,NULL
51878,120765,1358783946,0,NULL,NULL
51878,120120,1358783946,0,NULL,NULL
51878,120127,1358783946,0,NULL,NULL
51878,124940,1358783946,0,NULL,NULL
51878,125928,1358783946,0,NULL,NULL
51879,120545,1358735036,1,NULL,NULL
51879,120309,1358735036,0,0.0,0.0
51880,129098,1358722575,0,NULL,NULL
51880,130035,1358722575,0,NULL,NULL
51880,127208,1358722575,0,NULL,NULL
51881,120135,1358635511,0,NULL,NULL
51881,120062,1358635511,0,NULL,NULL
51881,120067,1358635511,-1,NULL,NULL
51881,120080,1358635511,0,NULL,NULL
51881,120117,1358635511,0,NULL,NULL
51881,120127,1358635511,-1,NULL,NULL
51881,120070,1358635511,0,NULL,NULL
51881,120065,1358635511,0,NULL,NULL
51881,120089,1358635511,-1,NULL,NULL
51881,120312,1358635511,-1,NULL,NULL
51881,120123,1358635511,0,NULL,NULL
51881,120092,1358635511,0,NULL,NULL
51881,120132,1358635511,0,NULL,NULL
51881,120331,1358635511,-1,NULL,NULL
51881,120139,1358635511,0,NULL,NULL
51881,120321,1358635511,-1,NULL,NULL
51881,120657,1358635511,0,NULL,NULL
51881,120717,1358635511,0,NULL,NULL
51881,120713,1358635511,0,NULL,NULL
51881,120763,1358635511,0,NULL,NULL
51881,120701,1358635511,0,NULL,NULL
51881,120709,1358635511,0,NULL,NULL
51881,120765,1358635511,0,NULL,NULL
51881,120769,1358635511,0,NULL,NULL
51881,120797,1358635511,-1,NULL,NULL
51881,127970,1358635511,0,NULL,NULL
51881,125483,1358635511,0,NULL,NULL
51881,123720,1358635511,0,NULL,NULL
51881,128933,1358635511,0,NULL,NULL
51881,129859,1358635511,0,NULL,NULL
51881,129868,1358635511,0,NULL,NULL
51881,123627,1358635511,0,NULL,NULL
51881,129968,1358635511,-1,NULL,NULL
51881,129863,1358635511,-1,NULL,NULL
51881,129881,1358635511,0,NULL,NULL
51881,129264,1358635511,0,NULL,NULL
51881,129247,1358635511,0,NULL,NULL
51881,128978,1358635511,0,NULL,NULL
51881,129858,1358635511,0,NULL,NULL
51881,129870,1358635511,-1,NULL,NULL
51881,129877,1358635511,-1,NULL,NULL
51881,128124,1358635511,-1,NULL,NULL
51881,128452,1358635511,0,NULL,NULL
51881,128457,1358635511,0,NULL,NULL
51881,128394,1358635511,0,NULL,NULL
51881,128451,1358635511,0,NULL,NULL
51881,129969,1358635511,0,NULL,NULL
51881,129503,1358635511,0,NULL,NULL
51881,128918,1358635511,0,NULL,NULL
51883,125913,1358571950,1,NULL,NULL
51883,127888,1358571950,1,NULL,NULL
51883,129859,1358571950,0,NULL,NULL
51883,129870,1358571950,1,NULL,NULL
51883,129851,1358571950,0,NULL,NULL
51883,129929,1358571950,1,NULL,NULL
51883,127480,1358571950,0,NULL,NULL
51883,127745,1358571950,0,NULL,NULL
51884,127188,1358551959,0,NULL,NULL
51884,120312,1358551959,1,NULL,NULL
51884,120070,1358551959,0,NULL,NULL
51884,120379,1358551959,0,NULL,NULL
51884,120404,1358551959,0,NULL,NULL
51884,120676,1358551959,0,NULL,NULL
51884,120370,1358551959,0,NULL,NULL
51884,120764,1358551959,0,NULL,NULL
51884,120590,1358551959,0,NULL,NULL
51884,121143,1358551959,0,NULL,NULL
51884,120674,1358551959,1,NULL,NULL
51884,129862,1358551959,-1,NULL,NULL
51884,129958,1358551959,-1,NULL,NULL
51884,126856,1358551959,0,NULL,NULL
51884,129475,1358551959,0,NULL,NULL
51884,129127,1358551959,0,NULL,NULL
51884,129130,1358551959,0,NULL,NULL
51884,129961,1358551959,0,NULL,NULL
51884,129959,1358551959,-1,NULL,NULL
51884,128733,1358551959,1,NULL,NULL
51886,129938,1358535890,-1,NULL,NULL
51886,128131,1358535890,0,NULL,NULL
51886,129939,1358535890,-1,NULL,NULL
51886,120653,1358535890,0,NULL,NULL
51890,128837,1358467840,0,NULL,NULL
51890,128836,1358467840,0,NULL,NULL
51890,128835,1358467840,0,NULL,NULL
51891,120070,1358448154,-1,NULL,NULL
51892,120154,1358446970,-1,NULL,NULL
51894,121593,1358401162,1,NULL,NULL
51896,128124,1358399199,1,NULL,NULL
51896,129890,1358399199,1,NULL,NULL
51896,120312,1358399199,1,NULL,NULL
51897,120545,1358389463,0,NULL,NULL
51897,120331,1358389463,0,NULL,NULL
51897,126748,1358389463,0,NULL,NULL
51899,120331,1358372217,-1,NULL,NULL
51899,120312,1358372217,0,NULL,NULL
51901,128918,1358368983,-1,NULL,NULL
51902,129921,1358367923,-1,NULL,NULL
51902,129856,1358367923,-1,NULL,NULL
51903,130035,1358361861,0,NULL,NULL
51904,120154,1358360851,0,NULL,NULL
51905,129885,1358357262,1,NULL,NULL
51905,120154,1358357262,1,NULL,NULL
51906,126357,1358356405,0,NULL,NULL
51907,120309,1358352857,0,0.0,0.0
51907,120549,1358352857,0,NULL,NULL
51909,128900,1357893083,0,NULL,NULL
51909,129294,1357893083,0,NULL,NULL
51909,128899,1357893083,0,NULL,NULL
51909,128814,1357893083,-1,NULL,NULL
51909,128813,1357893083,1,NULL,NULL
51909,128901,1357893083,0,NULL,NULL
51909,120848,1357893083,1,NULL,NULL
51909,121288,1357893083,1,NULL,NULL
51909,121173,1357893083,1,NULL,NULL
51909,120321,1357893083,0,NULL,NULL
51909,120176,1357893083,0,NULL,NULL
51909,120312,1357893083,1,NULL,NULL
51909,123172,1357893083,0,NULL,NULL
51909,121866,1357893083,0,NULL,NULL
51909,128902,1357893083,1,NULL,NULL
51909,120312,1357931302,-1,NULL,NULL
51909,120176,1357931302,0,NULL,NULL
51909,120321,1357931302,0,NULL,NULL
51909,121866,1357931302,0,NULL,NULL
51909,120848,1357931302,-1,NULL,NULL
51909,121173,1357931302,-1,NULL,NULL
51909,121288,1357931302,-1,NULL,NULL
51909,128901,1357931302,0,NULL,NULL
51909,129294,1357931302,0,NULL,NULL
51909,128900,1357931302,0,NULL,NULL
51909,128899,1357931302,0,NULL,NULL
51909,128813,1357931302,-1,NULL,NULL
51909,128814,1357931302,1,NULL,NULL
51909,128902,1357931302,-1,NULL,NULL
51909,123172,1357931302,0,NULL,NULL
51909,128814,1358199811,-1,NULL,NULL
51909,128813,1358199811,1,NULL,NULL
51909,128899,1358199811,0,NULL,NULL
51909,128901,1358199811,0,0.0,0.0
51909,129294,1358199811,0,NULL,NULL
51909,128900,1358199811,0,NULL,NULL
51909,128902,1358199811,1,NULL,NULL
51909,120321,1358199811,0,NULL,NULL
51909,120176,1358199811,0,NULL,NULL
51909,120312,1358199811,1,NULL,NULL
51909,121866,1358199811,0,NULL,NULL
51909,123172,1358199811,0,NULL,NULL
51909,120848,1358199811,1,NULL,NULL
51909,121288,1358199811,1,NULL,NULL
51909,121173,1358199811,1,NULL,NULL
51909,120312,1358315113,1,NULL,NULL
51912,120309,1358291405,0,0.0,0.0
51912,129815,1358291405,0,NULL,NULL
51912,129818,1358291405,0,NULL,NULL
51913,128352,1358288063,1,NULL,NULL
51914,120331,1358268704,0,NULL,NULL
51914,120127,1358268704,1,NULL,NULL
51916,121310,1358239996,-1,NULL,NULL
51917,129815,1358226476,-1,NULL,NULL
51917,128132,1358226476,-1,NULL,NULL
51917,129818,1358226476,-1,NULL,NULL
51918,120331,1358225953,-1,NULL,NULL
51919,130032,1358211083,1,NULL,NULL
51921,128561,1358186637,1,NULL,NULL
51922,120288,1358179576,-1,NULL,NULL
51923,120871,1358136497,1,NULL,NULL
51923,120773,1358136497,1,NULL,NULL
51923,123279,1358136497,0,NULL,NULL
51923,124663,1358136497,0,NULL,NULL
51923,126892,1358136497,0,NULL,NULL
51923,123271,1358136497,0,NULL,NULL
51923,123130,1358136497,1,NULL,NULL
51923,123270,1358136497,0,NULL,NULL
51926,130032,1357931433,1,NULL,NULL
51927,121375,1357887921,1,NULL,NULL
51928,128352,1357883238,0,NULL,NULL
51928,128814,1357883238,0,NULL,NULL
51929,129886,1357882057,0,NULL,NULL
51929,129862,1357882057,1,0.0,0.0
51930,120785,1357870979,0,NULL,NULL
51931,130090,1357865608,0,NULL,NULL
51931,120063,1357865608,0,NULL,NULL
51931,121176,1357865608,1,NULL,NULL
51932,121383,1357851539,0,0.0,0.0
51933,128814,1357807010,1,NULL,NULL
51934,120195,1357778072,0,NULL,NULL
51935,128733,1357705382,-1,NULL,NULL
51935,129471,1357705382,0,NULL,NULL
51935,128138,1357705382,0,NULL,NULL
51935,129959,1357705382,0,NULL,NULL
51935,129472,1357705382,0,NULL,NULL
51935,129961,1357705382,-1,NULL,NULL
51935,129294,1357705382,0,NULL,NULL
51935,128635,1357705382,0,NULL,NULL
51935,129958,1357705382,-1,NULL,NULL
51935,128853,1357705382,0,NULL,NULL
51935,129475,1357705382,-1,NULL,NULL
51935,129473,1357705382,-1,NULL,NULL
51935,129862,1357705382,0,0.0,0.0
51935,120063,1357705382,-1,NULL,NULL
51935,120312,1357705382,0,NULL,NULL
51935,120321,1357705382,0,NULL,NULL
51935,120176,1357705382,-1,NULL,NULL
51935,120674,1357705382,0,NULL,NULL
51935,120764,1357705382,0,NULL,NULL
51935,120404,1357705382,0,NULL,NULL
51935,129862,1357773785,0,0.0,0.0
51936,129940,1357767455,0,NULL,NULL
51936,126698,1357767455,1,NULL,NULL
51936,124940,1357767455,0,NULL,NULL
51936,120312,1357767455,1,NULL,NULL
51936,120127,1357767455,1,NULL,NULL
51936,120331,1357767455,1,NULL,NULL
51936,121444,1357767455,0,NULL,NULL
51936,129939,1357767455,0,NULL,NULL
51936,129918,1357767455,0,NULL,NULL
51936,129920,1357767455,0,NULL,NULL
51936,128124,1357767455,1,NULL,NULL
51936,129944,1357767455,0,NULL,NULL
51936,129938,1357767455,0,NULL,NULL
51936,129919,1357767455,0,NULL,NULL
51936,129889,1357767455,1,NULL,NULL
51936,129968,1357767455,0,NULL,NULL
51937,120333,1357765986,0,NULL,NULL
51937,120194,1357765986,0,NULL,NULL
51937,120063,1357765986,0,NULL,NULL
51937,120797,1357765986,1,NULL,NULL
51937,128552,1357765986,-1,NULL,NULL
51939,120545,1357763569,1,NULL,NULL
51939,121787,1357763569,1,NULL,NULL
51940,128361,1357724721,0,NULL,NULL
51944,127731,1357681838,-1,NULL,NULL
51945,125399,1357669624,0,NULL,NULL
51946,128469,1357633871,-1,NULL,NULL
51946,129880,1357633871,0,NULL,NULL
51946,129889,1357633871,0,NULL,NULL
51946,129989,1357633871,0,NULL,NULL
51946,129837,1357633871,0,NULL,NULL
51946,130020,1357633871,0,NULL,NULL
51946,127028,1357633871,0,NULL,NULL
51946,129228,1357633871,0,NULL,NULL
51946,127068,1357633871,0,NULL,NULL
51946,125957,1357633871,0,NULL,NULL
51946,123146,1357633871,0,NULL,NULL
51946,126003,1357633871,0,NULL,NULL
51946,123498,1357633871,-1,NULL,NULL
51946,128542,1357633871,0,NULL,NULL
51946,124940,1357633871,0,NULL,NULL
51946,123130,1357633871,1,NULL,NULL
51946,120785,1357633871,0,NULL,NULL
51947,120869,1357607705,1,NULL,NULL
51947,128133,1357607705,0,NULL,NULL
51947,128849,1357607705,0,NULL,NULL
51949,129862,1357492287,0,0.0,0.0
51949,126856,1357492287,1,NULL,NULL
51950,123821,1357441931,0,NULL,NULL
51951,128910,1357414300,0,NULL,NULL
51952,128132,1357392124,1,NULL,NULL
51952,128542,1357392124,1,NULL,NULL
51952,129899,1357392124,-1,NULL,NULL
51952,128549,1357392124,0,NULL,NULL
51952,129968,1357392124,1,NULL,NULL
51952,129897,1357392124,0,NULL,NULL
51953,129958,1357323699,1,NULL,NULL
51956,126856,1357301642,1,NULL,NULL
51957,120475,1357295383,1,NULL,NULL
51957,128361,1357295383,0,NULL,NULL
51957,130087,1357295383,0,NULL,NULL
51957,129818,1357295383,-1,NULL,NULL
51958,127895,1357293529,-1,NULL,NULL
51958,127970,1357293529,1,NULL,NULL
51960,120309,1357179144,0,0.0,0.0
51960,120312,1357179144,1,NULL,NULL
51960,120176,1357179144,1,NULL,NULL
51961,128917,1357143510,0,NULL,NULL
51961,128922,1357143510,0,NULL,NULL
51961,128921,1357143510,0,NULL,NULL
51961,128907,1357143510,0,NULL,NULL
51961,128925,1357143510,0,NULL,NULL
51961,129000,1357143510,1,NULL,NULL
51961,129006,1357143510,1,NULL,NULL
51961,129218,1357143510,1,NULL,NULL
51961,129003,1357143510,1,NULL,NULL
51961,129007,1357143510,1,NULL,NULL
51961,129009,1357143510,1,NULL,NULL
51961,128924,1357143510,0,NULL,NULL
51961,128929,1357143510,0,NULL,NULL
51961,128918,1357143510,0,NULL,NULL
51961,128905,1357143510,0,NULL,NULL
51961,129002,1357143510,1,NULL,NULL
51961,129005,1357143510,1,NULL,NULL
51961,128913,1357143510,0,NULL,NULL
51961,128965,1357143510,0,NULL,NULL
51961,128967,1357143510,0,NULL,NULL
51962,129096,1357124772,1,NULL,NULL
51964,120610,1357009651,0,NULL,NULL
51964,123058,1357009651,0,NULL,NULL
51964,121576,1357009651,1,NULL,NULL
51965,128917,1356981146,1,NULL,NULL
51965,128927,1356981146,1,NULL,NULL
51965,128925,1356981146,1,NULL,NULL
51965,128924,1356981146,1,NULL,NULL
51965,128911,1356981146,0,NULL,NULL
51965,128926,1356981146,1,NULL,NULL
51966,124369,1356947427,1,NULL,NULL
51966,123172,1356947427,1,NULL,NULL
51966,120312,1356947427,-1,NULL,NULL
51966,120321,1356947427,0,NULL,NULL
51966,130026,1356947427,1,NULL,NULL
51966,129107,1356947427,0,NULL,NULL
51966,129863,1356947427,0,NULL,NULL
51966,129294,1356947427,0,NULL,NULL
51966,130032,1356947427,0,NULL,NULL
51966,128352,1356947427,0,NULL,NULL
51971,129983,1356754572,0,NULL,NULL
51972,120331,1356736332,0,NULL,NULL
51972,121310,1356736332,0,NULL,NULL
51972,129818,1356736332,-1,NULL,NULL
51972,128972,1356736332,1,NULL,NULL
51972,126825,1356736332,-1,NULL,NULL
51972,123806,1356736332,-1,NULL,NULL
51972,120639,1356744136,0,NULL,NULL
51975,129910,1356702975,0,NULL,NULL
51975,128946,1356702975,0,NULL,NULL
51975,129915,1356702975,0,NULL,NULL
51975,129849,1356702975,0,NULL,NULL
51975,128774,1356702975,0,NULL,NULL
51975,128352,1356702975,0,NULL,NULL
51975,129958,1356702975,0,NULL,NULL
51975,129916,1356702975,0,NULL,NULL
51975,129862,1356702975,0,NULL,NULL
51975,129816,1356702975,0,NULL,NULL
51975,126955,1356702975,1,NULL,NULL
51975,121681,1356702975,0,NULL,NULL
51975,120195,1356702975,-1,NULL,NULL
51975,120526,1356702975,-1,NULL,NULL
51976,128774,1356672222,1,NULL,NULL
51976,128774,1356673308,0,NULL,NULL
51978,129863,1356620848,0,NULL,NULL
51979,120346,1356561074,1,NULL,NULL
51980,123295,1356454743,0,NULL,NULL
51981,120063,1356314991,1,NULL,NULL
51981,120346,1356314991,1,NULL,NULL
51983,120869,1356183821,0,NULL,NULL
51983,121833,1356183821,0,NULL,NULL
51983,121840,1356183821,0,NULL,NULL
51983,120195,1356183821,0,NULL,NULL
51983,128903,1356183821,0,NULL,NULL
51983,129969,1356183821,0,NULL,NULL
51983,129922,1356183821,0,NULL,NULL
51984,123291,1356133170,0,NULL,NULL
51984,124652,1356133170,-1,NULL,NULL
51984,125036,1356133170,0,NULL,NULL
51984,126890,1356133170,0,NULL,NULL
51984,123936,1356133170,0,NULL,NULL
51984,127867,1356133170,0,NULL,NULL
51984,123195,1356133170,0,NULL,NULL
51984,121787,1356133170,0,NULL,NULL
51984,121903,1356133170,0,NULL,NULL
51984,123498,1356133170,0,NULL,NULL
51984,120765,1356133170,0,NULL,NULL
51984,120769,1356133170,0,NULL,NULL
51984,120762,1356133170,0,NULL,NULL
51984,120127,1356133170,0,NULL,NULL
51984,120063,1356133170,-1,NULL,NULL
51984,120312,1356133170,0,NULL,NULL
51984,120331,1356133170,0,NULL,NULL
51984,120126,1356133170,0,NULL,NULL
51984,120706,1356133170,0,NULL,NULL
51984,120763,1356133170,0,NULL,NULL
51984,120674,1356133170,0,NULL,NULL
51984,120701,1356133170,0,NULL,NULL
51984,120702,1356133170,0,NULL,NULL
51984,120768,1356133170,-1,NULL,NULL
51984,120764,1356133170,0,NULL,NULL
51984,120176,1356133170,0,NULL,NULL
51984,120404,1356133170,0,NULL,NULL
51984,129815,1356133170,-1,NULL,NULL
51984,129922,1356133170,0,NULL,NULL
51984,130086,1356133170,-1,NULL,NULL
51984,128733,1356133170,0,NULL,NULL
51984,129892,1356133170,-1,NULL,NULL
51984,128348,1356133170,1,NULL,NULL
51984,129475,1356133170,0,NULL,NULL
51984,130067,1356133170,0,NULL,NULL
51984,129816,1356133170,-1,NULL,NULL
51984,128971,1356133170,0,NULL,NULL
51984,129862,1356133170,0,NULL,NULL
51984,128008,1356133170,-1,NULL,NULL
51984,128448,1356133170,0,NULL,NULL
51984,129958,1356133170,0,NULL,NULL
51984,129248,1356133170,0,NULL,NULL
51984,129111,1356133170,-1,NULL,NULL
51985,121603,1356118823,0,NULL,NULL
51986,120519,1356107823,0,NULL,NULL
51986,120333,1356107823,0,NULL,NULL
51986,120312,1356107823,-1,NULL,NULL
51986,120331,1356107823,-1,NULL,NULL
51986,120321,1356107823,0,NULL,NULL
51986,120797,1356107823,0,NULL,NULL
51986,128933,1356107823,-1,NULL,NULL
51986,129868,1356107823,-1,NULL,NULL
51986,129862,1356107823,-1,NULL,NULL
51986,130067,1356107823,0,NULL,NULL
51986,128124,1356107823,-1,NULL,NULL
51986,130086,1356107823,-1,NULL,NULL
51986,129863,1356107823,-1,NULL,NULL
51986,129968,1356107823,-1,NULL,NULL
51986,129969,1356107823,-1,NULL,NULL
51987,120519,1356064183,-1,NULL,NULL
51987,120797,1356064183,0,NULL,NULL
51987,120312,1356064183,0,NULL,NULL
51987,120082,1356064183,0,NULL,NULL
51987,120331,1356064183,0,NULL,NULL
51987,120333,1356064183,0,NULL,NULL
51987,129968,1356064183,0,NULL,NULL
51987,128561,1356064183,1,NULL,NULL
51987,128553,1356064183,-1,NULL,NULL
51987,128545,1356064183,1,NULL,NULL
51987,128552,1356064183,0,NULL,NULL
51987,130065,1356064183,0,NULL,NULL
51987,129868,1356064183,0,NULL,NULL
51987,128933,1356064183,0,NULL,NULL
51990,129863,1355975754,0,NULL,NULL
51990,128553,1355975754,1,NULL,NULL
51993,129992,1355952156,0,NULL,NULL
51993,129965,1355952156,0,NULL,NULL
51993,129993,1355952156,0,NULL,NULL
51993,129968,1355952156,1,NULL,NULL
51993,120404,1355952156,0,NULL,NULL
51993,120411,1355952156,0,NULL,NULL
51993,121833,1355952156,1,NULL,NULL
51994,127028,1355949265,0,NULL,NULL
51994,125188,1355949265,0,NULL,NULL
51994,127024,1355949265,0,NULL,NULL
51995,121375,1355942974,0,NULL,NULL
51997,129968,1355937409,1,NULL,NULL
51997,129969,1355937409,1,0.0,0.0
51997,120195,1355937409,1,NULL,NULL
51997,120154,1355937409,-1,NULL,NULL
51997,120742,1355937409,0,NULL,NULL
51998,120195,1355903544,0,NULL,NULL
51999,129503,1355866432,1,NULL,NULL
52000,121646,1355771282,0,NULL,NULL
52000,120871,1355771282,0,NULL,NULL
52000,121309,1355771282,0,NULL,NULL
52000,126811,1355771282,0,NULL,NULL
52000,121444,1355771282,0,NULL,NULL
52000,123130,1355771282,0,NULL,NULL
52000,129938,1355771282,0,NULL,NULL
52000,129860,1355771282,0,NULL,NULL
52000,129910,1355771282,0,NULL,NULL
52000,129922,1355771282,0,NULL,NULL
52000,129928,1355771282,0,NULL,NULL
52000,129930,1355771282,0,NULL,NULL
52000,129934,1355771282,0,NULL,NULL
52000,129944,1355771282,0,NULL,NULL
52000,130068,1355771282,0,NULL,NULL
52000,129929,1355771282,0,NULL,NULL
52000,129851,1355771282,0,NULL,NULL
52000,129863,1355771282,0,NULL,NULL
52000,129912,1355771282,0,NULL,NULL
52000,129914,1355771282,0,NULL,NULL
52000,129937,1355771282,0,NULL,NULL
52000,129471,1355771282,0,NULL,NULL
52000,129924,1355771282,0,NULL,NULL
52000,129892,1355771282,0,NULL,NULL
52000,129921,1355771282,0,NULL,NULL
52000,126008,1355771282,0,NULL,NULL
52000,127914,1355771282,0,NULL,NULL
52000,129936,1355771282,0,NULL,NULL
52000,129943,1355771282,0,NULL,NULL
52000,129940,1355771282,0,NULL,NULL
52000,129942,1355771282,0,NULL,NULL
52000,129908,1355771282,0,NULL,NULL
52000,129916,1355771282,0,NULL,NULL
52000,129933,1355771282,0,NULL,NULL
52000,129958,1355771282,0,0.0,0.0
52000,129907,1355771282,0,NULL,NULL
52000,129909,1355771282,0,NULL,NULL
52000,129917,1355771282,0,NULL,NULL
52000,129927,1355771282,0,NULL,NULL
52000,129941,1355771282,0,NULL,NULL
52000,129818,1355771282,0,NULL,NULL
52000,129911,1355771282,0,NULL,NULL
52000,129913,1355771282,0,NULL,NULL
52000,129939,1355771282,0,NULL,NULL
52000,129918,1355771282,0,NULL,NULL
52000,129920,1355771282,0,NULL,NULL
52000,129923,1355771282,0,NULL,NULL
52000,129935,1355771282,0,NULL,NULL
52000,129471,1355865585,0,NULL,NULL
52000,129958,1355865585,0,NULL,NULL
52003,120070,1355839069,0,NULL,NULL
52003,128132,1355839069,1,NULL,NULL
52003,129890,1355839069,0,NULL,NULL
52003,129968,1355839069,1,NULL,NULL
52003,129856,1355839069,1,NULL,NULL
52003,129902,1355839069,0,NULL,NULL
52003,127929,1355839069,1,NULL,NULL
52004,120659,1355811919,0,NULL,NULL
52005,130032,1355792103,1,NULL,NULL
52005,130021,1355792103,1,NULL,NULL
52005,125363,1355792103,0,NULL,NULL
52005,120312,1355792103,0,NULL,NULL
52005,120176,1355792103,0,NULL,NULL
52006,121523,1355773296,0,NULL,NULL
52008,128994,1355529294,-1,NULL,NULL
52008,128933,1355529294,-1,NULL,NULL
52008,129012,1355529294,0,NULL,NULL
52009,129012,1355527385,0,NULL,NULL
52009,128933,1355527385,1,NULL,NULL
52010,127661,1355524675,0,NULL,NULL
52010,130048,1355524675,0,NULL,NULL
52010,124940,1355524675,0,NULL,NULL
52010,123272,1355524675,0,NULL,NULL
52011,120333,1355519556,0,NULL,NULL
52011,120195,1355519556,1,NULL,NULL
52011,120312,1355519556,1,NULL,NULL
52011,120154,1355519556,1,NULL,NULL
52011,120797,1355519556,0,NULL,NULL
52011,128410,1355519556,0,NULL,NULL
52012,129806,1355519013,1,NULL,NULL
52013,125913,1355433103,0,NULL,NULL
52013,128409,1355433103,0,NULL,NULL
52013,120194,1355433103,0,NULL,NULL
52013,120176,1355433103,0,NULL,NULL
52013,120195,1355433103,0,NULL,NULL
52013,120084,1355433103,0,NULL,NULL
52014,120066,1355427606,0,NULL,NULL
52015,120871,1355427266,1,NULL,NULL
52020,120797,1355267980,1,NULL,NULL
52020,129504,1355267980,1,NULL,NULL
52020,128552,1355267980,1,NULL,NULL
52021,120312,1355204787,1,NULL,NULL
52021,120080,1355204787,0,NULL,NULL
52021,120331,1355204787,1,NULL,NULL
52023,120346,1355202591,1,NULL,NULL
52023,129849,1355202591,0,NULL,NULL
52027,128352,1355139286,1,NULL,NULL
52028,120063,1355132764,1,NULL,NULL
52029,121213,1355090799,1,NULL,NULL
52029,120331,1355090799,1,NULL,NULL
52030,130028,1355006517,1,NULL,NULL
52030,120309,1355006517,0,0.0,0.0
52034,121375,1354753556,1,NULL,NULL
52034,120331,1354753556,1,NULL,NULL
52034,128658,1354753556,1,NULL,NULL
52034,128661,1354753556,1,NULL,NULL
52034,124940,1354753556,-1,NULL,NULL
52035,120176,1354749210,0,NULL,NULL
52036,128357,1354644863,0,NULL,NULL
52036,120127,1354644863,1,NULL,NULL
52036,120331,1354644863,1,NULL,NULL
52036,120331,1354665821,0,NULL,NULL
52038,120070,1354662514,1,NULL,NULL
52038,120309,1354662514,0,0.0,0.0
52038,123821,1354662514,0,NULL,NULL
52038,129471,1354662514,0,NULL,NULL
52038,129863,1354662514,0,NULL,NULL
52038,129856,1354662514,0,NULL,NULL
52038,129958,1354662514,0,NULL,NULL
52039,127107,1354661778,0,NULL,NULL
52039,125931,1354661778,1,NULL,NULL
52041,130090,1354579789,0,NULL,NULL
52041,120284,1354579789,1,NULL,NULL
52041,121594,1354579789,0,NULL,NULL
52041,120781,1354579789,0,NULL,NULL
52041,121593,1354579789,-1,NULL,NULL
52041,121637,1354579789,1,NULL,NULL
52041,121176,1354579789,1,NULL,NULL
52046,121310,1354297844,-1,NULL,NULL
52046,121143,1354297844,0,NULL,NULL
52046,120070,1354297844,-1,NULL,NULL
52046,120154,1354297844,0,NULL,NULL
52046,129862,1354297844,-1,0.0,0.0
52046,128778,1354297844,1,NULL,NULL
52046,123562,1354297844,0,NULL,NULL
52046,123554,1354297844,0,NULL,NULL
52046,121643,1354297844,-1,NULL,NULL
52046,127924,1354297844,-1,NULL,NULL
52046,129849,1354297844,1,NULL,NULL
52046,129007,1354297844,-1,NULL,NULL
52046,127923,1354297844,-1,NULL,NULL
52046,130067,1354297844,0,NULL,NULL
52046,127882,1354297844,-1,NULL,NULL
52046,129886,1354297844,0,NULL,NULL
52046,129817,1354297844,0,NULL,NULL
52046,129863,1354297844,-1,NULL,NULL
52046,129890,1354297844,-1,NULL,NULL
52046,130086,1354297844,-1,NULL,NULL
52047,120067,1354256841,0,NULL,NULL
52047,120871,1354256841,-1,NULL,NULL
52047,120870,1354256841,1,NULL,NULL
52047,121523,1354256841,-1,NULL,NULL
52047,128848,1354256841,0,NULL,NULL
52047,128817,1354256841,-1,NULL,NULL
52047,128849,1354256841,0,NULL,NULL
52047,128851,1354256841,0,NULL,NULL
52047,130088,1354256841,0,NULL,NULL
52047,130069,1354256841,-1,NULL,NULL
52047,130086,1354256841,-1,NULL,NULL
52047,130068,1354256841,0,NULL,NULL
52047,128847,1354256841,0,NULL,NULL
52047,128747,1354256841,1,NULL,NULL
52047,129968,1354256841,0,NULL,NULL
52047,127882,1354256841,0,NULL,NULL
52047,130067,1354256841,0,NULL,NULL
52047,127924,1354256841,0,NULL,NULL
52050,129194,1354151575,0,NULL,NULL
52050,125666,1354151575,0,NULL,NULL
52050,120331,1354151575,1,NULL,NULL
52051,120084,1354147977,0,NULL,NULL
52052,120681,1354142280,-1,NULL,NULL
52052,121866,1354142280,1,NULL,NULL
52053,127107,1354129104,0,NULL,NULL
52053,121236,1354129104,0,NULL,NULL
52053,121233,1354129104,0,NULL,NULL
52054,129302,1354086913,0,NULL,NULL
52054,128008,1354086913,1,NULL,NULL
52054,129297,1354086913,0,NULL,NULL
52056,121576,1354030901,1,NULL,NULL
52056,127058,1354030901,0,NULL,NULL
52058,121383,1353953414,1,NULL,NULL
52058,128781,1353953414,1,0.0,0.0
52060,129262,1353599929,0,NULL,NULL
52060,129264,1353599929,0,NULL,NULL
52061,129897,1353539514,1,NULL,NULL
52061,127271,1353539514,0,NULL,NULL
52061,128557,1353539514,1,NULL,NULL
52061,126811,1353539514,0,NULL,NULL
52061,125111,1353539514,0,NULL,NULL
52061,120331,1353539514,0,NULL,NULL
52063,125931,1353538407,0,NULL,NULL
52063,120063,1353538407,-1,NULL,NULL
52063,120635,1353538407,-1,NULL,NULL
52065,121173,1353505456,0,NULL,NULL
52068,129193,1353348293,0,NULL,NULL
52068,125664,1353348293,0,NULL,NULL
52068,125663,1353348293,0,NULL,NULL
52068,125656,1353348293,0,NULL,NULL
52068,125339,1353348293,0,NULL,NULL
52068,128899,1353348293,0,NULL,NULL
52068,129182,1353348293,0,NULL,NULL
52068,129191,1353348293,0,NULL,NULL
52068,129186,1353348293,0,NULL,NULL
52068,129179,1353348293,0,NULL,NULL
52068,121173,1353348293,-1,NULL,NULL
52068,123284,1353348293,0,NULL,NULL
52068,120127,1353348293,-1,NULL,NULL
52069,121142,1353115011,0,NULL,NULL
52069,121603,1353115011,0,NULL,NULL
52069,127867,1353115011,0,NULL,NULL
52069,120063,1353115011,1,NULL,NULL
52069,120087,1353115011,0,NULL,NULL
52069,128984,1353115011,0,NULL,NULL
52069,127977,1353115011,0,NULL,NULL
52069,128778,1353115011,1,NULL,NULL
52070,128988,1351830774,-1,NULL,NULL
52070,128988,1353110040,1,NULL,NULL
52070,128988,1353112395,0,NULL,NULL
52072,129947,1353048803,0,NULL,NULL
52072,129950,1353048803,0,NULL,NULL
52072,129953,1353048803,0,NULL,NULL
52072,129954,1353048803,0,NULL,NULL
52072,128563,1353048803,0,NULL,NULL
52072,127869,1353048803,0,NULL,NULL
52072,123113,1353048803,1,NULL,NULL
52072,124940,1353048803,-1,NULL,NULL
52072,120660,1353048803,0,NULL,NULL
52072,120876,1353048803,0,NULL,NULL
52072,120657,1353048803,1,NULL,NULL
52072,120871,1353048803,0,NULL,NULL
52072,120623,1353048803,0,NULL,NULL
52073,130309,1353043257,0,NULL,NULL
52075,120346,1353018007,-1,NULL,NULL
52076,120333,1353010352,-1,NULL,NULL
52077,120309,1352818324,0,0.0,0.0
52077,120123,1352818324,-1,NULL,NULL
52077,120139,1352818324,-1,NULL,NULL
52077,127956,1352818324,1,NULL,NULL
52077,127992,1352818324,1,NULL,NULL
52077,129211,1352818324,0,NULL,NULL
52077,127981,1352818324,1,NULL,NULL
52077,127896,1352818324,-1,NULL,NULL
52077,127873,1352818324,-1,NULL,NULL
52077,123113,1352818324,0,NULL,NULL
52077,128902,1352818324,0,NULL,NULL
52077,126695,1352818324,0,NULL,NULL
52077,129936,1352818324,0,NULL,NULL
52077,120062,1352998353,0,NULL,NULL
52078,120681,1352957342,0,NULL,NULL
52079,130075,1352951723,0,NULL,NULL
52079,130075,1352957177,1,NULL,NULL
52083,120623,1352890684,1,NULL,NULL
52083,123113,1352890684,1,NULL,NULL
52084,125188,1352882572,1,NULL,NULL
52085,127946,1352844943,1,NULL,NULL
52086,125317,1352828657,1,NULL,NULL
52087,120549,1352828131,0,NULL,NULL
52088,120762,1352789642,0,NULL,NULL
52088,120702,1352789642,0,NULL,NULL
52088,120660,1352789642,0,NULL,NULL
52088,123270,1352789642,0,NULL,NULL
52088,123271,1352789642,0,NULL,NULL
52088,123130,1352789642,0,NULL,NULL
52088,129134,1352789642,0,NULL,NULL
52088,128849,1352789642,1,NULL,NULL
52088,129131,1352789642,0,NULL,NULL
52088,129132,1352789642,0,NULL,NULL
52088,128847,1352789642,0,NULL,NULL
52088,129155,1352789642,0,NULL,NULL
52088,130068,1352789642,0,NULL,NULL
52089,120312,1352762393,1,NULL,NULL
52090,128445,1352749300,0,NULL,NULL
52090,120346,1352749300,1,NULL,NULL
52091,129128,1352644522,-1,NULL,NULL
52093,120331,1352521687,1,NULL,NULL
52093,120117,1352521687,1,NULL,NULL
52093,120545,1352521687,0,NULL,NULL
52093,125727,1352521687,1,NULL,NULL
52094,120070,1352504732,1,0.0,0.0
52094,128542,1352504732,1,NULL,NULL
52094,129859,1352504732,0,NULL,NULL
52094,130037,1352504732,1,NULL,NULL
52094,130040,1352504732,1,NULL,NULL
52094,128549,1352504732,0,NULL,NULL
52094,129968,1352504732,1,NULL,NULL
52094,129889,1352504732,0,NULL,NULL
52096,120063,1352413514,0,1.0,1.0
52097,126722,1352413330,0,NULL,NULL
52098,123821,1352412799,1,NULL,NULL
52099,128448,1352412670,0,NULL,NULL
52101,127248,1352412560,1,NULL,NULL
52102,127248,1352412457,1,NULL,NULL
52103,120070,1352412353,1,NULL,NULL
52104,120312,1352402578,1,NULL,NULL
52104,121142,1352402578,0,NULL,NULL
52104,126357,1352402578,1,NULL,NULL
52104,130312,1352402578,1,NULL,NULL
52104,129860,1352402578,0,NULL,NULL
52104,129969,1352402578,0,NULL,NULL
52105,121213,1352401773,0,NULL,NULL
52105,121425,1352401773,0,NULL,NULL
52106,127057,1352330254,0,NULL,NULL
52106,121419,1352330254,0,NULL,NULL
52106,121576,1352330254,0,NULL,NULL
52106,123154,1352330254,0,NULL,NULL
52106,121646,1352330254,0,NULL,NULL
52107,129818,1352322032,1,NULL,NULL
52108,128999,1352321152,1,NULL,NULL
52109,129098,1352305243,0,NULL,NULL
52110,129196,1352244121,0,NULL,NULL
52110,128348,1352244121,1,NULL,NULL
52110,121526,1352244121,-1,NULL,NULL
52110,125669,1352244121,0,NULL,NULL
52110,129195,1352244121,1,NULL,NULL
52110,120765,1352244121,0,NULL,NULL
52110,123279,1352244121,0,NULL,NULL
52110,125668,1352244121,0,NULL,NULL
52110,129497,1352244121,0,NULL,NULL
52110,120545,1352244121,-1,NULL,NULL
52110,129211,1352244121,0,NULL,NULL
52110,120312,1352244121,-1,NULL,NULL
52110,120660,1352244121,-1,NULL,NULL
52110,128977,1352244121,0,NULL,NULL
52110,121524,1352244121,0,NULL,NULL
52110,129197,1352244121,0,NULL,NULL
52110,129198,1352244121,0,NULL,NULL
52110,123271,1352244121,-1,NULL,NULL
52110,120762,1352244121,0,NULL,NULL
52110,121176,1352244121,0,NULL,NULL
52110,120225,1352244121,-1,NULL,NULL
52110,120221,1352244121,0,NULL,NULL
52110,120870,1352244121,0,NULL,NULL
52110,120127,1352244121,0,NULL,NULL
52110,128352,1352244121,0,NULL,NULL
52110,123130,1352244121,-1,NULL,NULL
52110,125960,1352244121,0,NULL,NULL
52110,120118,1352244121,0,NULL,NULL
52110,129209,1352244121,0,NULL,NULL
52110,127480,1352244121,-1,NULL,NULL
52110,123269,1352244121,0,NULL,NULL
52110,121557,1352244121,-1,NULL,NULL
52110,128849,1352244121,-1,NULL,NULL
52110,130069,1352244121,0,NULL,NULL
52110,121523,1352244121,0,NULL,NULL
52110,129245,1352244121,0,NULL,NULL
52110,121366,1352244121,-1,NULL,NULL
52110,120848,1352244121,0,NULL,NULL
52110,120331,1352244121,-1,NULL,NULL
52110,120176,1352244121,1,NULL,NULL
52110,128911,1352244121,0,NULL,NULL
52110,129495,1352244121,0,NULL,NULL
52110,120666,1352244121,-1,NULL,NULL
52110,120702,1352244121,0,NULL,NULL
52110,128848,1352244121,0,NULL,NULL
52110,128723,1352244121,0,NULL,NULL
52110,121637,1352244121,-1,NULL,NULL
52110,128847,1352244121,0,NULL,NULL
52110,129496,1352244121,0,NULL,NULL
52110,120726,1352244121,1,NULL,NULL
52110,121375,1352244121,-1,NULL,NULL
52110,120763,1352244121,-1,NULL,NULL
52110,121551,1352244121,0,NULL,NULL
52110,125678,1352244121,0,NULL,NULL
52110,121787,1352244121,-1,NULL,NULL
52110,120871,1352244121,0,NULL,NULL
52110,130068,1352244121,-1,NULL,NULL
52110,123270,1352244121,0,NULL,NULL
52110,121320,1352244121,0,NULL,NULL
52110,130088,1352244121,-1,NULL,NULL
52113,123113,1352232466,0,NULL,NULL
52113,120659,1352232466,0,NULL,NULL
52113,120623,1352232466,1,NULL,NULL
52113,128714,1352232466,0,NULL,NULL
52114,129927,1352068624,1,NULL,NULL
52116,129951,1351885878,0,NULL,NULL
52116,130079,1351885878,0,NULL,NULL
52116,129815,1351885878,0,NULL,NULL
52116,129947,1351885878,0,NULL,NULL
52116,129893,1351885878,0,NULL,NULL
52116,130335,1351885878,0,NULL,NULL
52116,128747,1351885878,0,NULL,NULL
52116,128847,1351885878,0,NULL,NULL
52116,130334,1351885878,0,NULL,NULL
52116,130088,1351885878,0,NULL,NULL
52116,130069,1351885878,0,NULL,NULL
52116,128714,1351885878,0,NULL,NULL
52116,127946,1351885878,0,NULL,NULL
52116,128774,1351885878,0,NULL,NULL
52116,128008,1351885878,0,NULL,NULL
52116,128778,1351885878,0,NULL,NULL
52116,128848,1351885878,0,NULL,NULL
52116,125938,1351885878,0,NULL,NULL
52116,127752,1351885878,0,NULL,NULL
52116,128851,1351885878,0,NULL,NULL
52116,129248,1351885878,0,NULL,NULL
52116,129111,1351885878,0,NULL,NULL
52116,128971,1351885878,0,NULL,NULL
52116,126776,1351885878,0,NULL,NULL
52116,121787,1351885878,0,NULL,NULL
52116,121532,1351885878,0,NULL,NULL
52116,123298,1351885878,0,NULL,NULL
52116,123936,1351885878,0,NULL,NULL
52116,127867,1351885878,0,NULL,NULL
52116,123498,1351885878,0,NULL,NULL
52116,121536,1351885878,0,NULL,NULL
52116,125036,1351885878,0,NULL,NULL
52116,124652,1351885878,0,NULL,NULL
52116,120168,1351885878,0,NULL,NULL
52116,120063,1351885878,0,0.0,0.0
52116,120118,1351885878,0,NULL,NULL
52116,120144,1351885878,0,NULL,NULL
52116,120545,1351885878,0,NULL,NULL
52116,120870,1351885878,0,NULL,NULL
52116,120768,1351885878,0,NULL,NULL
52116,120871,1351885878,0,NULL,NULL
52116,120879,1351885878,0,NULL,NULL
52116,120763,1351885878,0,NULL,NULL
52116,120762,1351885878,0,NULL,NULL
52116,120765,1351885878,0,NULL,NULL
52116,120769,1351885878,0,NULL,NULL
52116,120657,1351885878,0,NULL,NULL
52116,121524,1351885878,0,NULL,NULL
52116,121142,1351885878,0,NULL,NULL
52116,120660,1351885878,0,NULL,NULL
52116,120875,1351885878,0,NULL,NULL
52116,121535,1351885878,0,NULL,NULL
52116,120659,1351885878,0,NULL,NULL
52116,120876,1351885878,0,NULL,NULL
52116,120869,1351885878,0,NULL,NULL
52117,120063,1342226413,0,NULL,NULL
52117,120526,1342226413,0,NULL,NULL
52117,129360,1342226413,1,NULL,NULL
52117,129360,1342655485,-1,NULL,NULL
52117,120063,1342655485,0,NULL,NULL
52117,120526,1342655485,0,NULL,NULL
52117,129360,1351884052,1,NULL,NULL
52117,120526,1351884052,1,NULL,NULL
52117,120288,1351884052,0,NULL,NULL
52117,120063,1351884052,1,NULL,NULL
52117,120771,1351884052,0,NULL,NULL
52117,125317,1351884052,0,NULL,NULL
52120,128814,1351829516,0,NULL,NULL
52121,129471,1351806075,0,NULL,NULL
52122,129098,1351803022,1,1.0,1.0
52122,128814,1351803022,-1,NULL,NULL
52122,128352,1351803022,1,NULL,NULL
52122,129967,1351803022,0,NULL,NULL
52122,128357,1351803022,-1,NULL,NULL
52123,121603,1351795715,1,NULL,NULL
52124,120127,1351721368,0,NULL,NULL
52124,129503,1351783428,0,NULL,NULL
52126,130024,1351722108,0,NULL,NULL
52127,120331,1351720929,0,NULL,NULL
52128,128778,1351714076,0,NULL,NULL
52129,120545,1351628041,-1,NULL,NULL
52129,120331,1351628041,0,NULL,NULL
52129,120123,1351628041,1,NULL,NULL
52129,120365,1351628041,0,NULL,NULL
52129,121787,1351628041,1,NULL,NULL
52129,129721,1351628041,-1,NULL,NULL
52129,128774,1351628041,0,NULL,NULL
52129,130079,1351628041,1,NULL,NULL
52129,127480,1351628041,0,NULL,NULL
52129,127513,1351628041,0,NULL,NULL
52129,120545,1351634681,1,NULL,NULL
52129,120331,1351634681,0,NULL,NULL
52129,120365,1351634681,0,NULL,NULL
52129,127480,1351634681,0,NULL,NULL
52129,130079,1351634681,-1,NULL,NULL
52129,129721,1351634681,1,NULL,NULL
52129,128774,1351634681,0,NULL,NULL
52129,121787,1351634681,-1,NULL,NULL
52129,120123,1351635079,-1,NULL,NULL
52129,127513,1351635079,0,NULL,NULL
52130,129288,1351627702,0,NULL,NULL
52131,129983,1351554296,0,NULL,NULL
52132,121576,1346989391,0,NULL,NULL
52132,123155,1346989391,0,NULL,NULL
52132,120495,1346989391,-1,NULL,NULL
52132,120495,1346995376,1,NULL,NULL
52132,121576,1346995376,0,NULL,NULL
52132,123155,1346995376,0,NULL,NULL
52132,120495,1347834681,-1,NULL,NULL
52132,121576,1347834681,0,NULL,NULL
52132,123155,1347834681,0,NULL,NULL
52132,121576,1347904038,0,NULL,NULL
52132,123155,1347904038,0,NULL,NULL
52132,120495,1347904038,1,NULL,NULL
52132,123155,1349217684,0,NULL,NULL
52132,121576,1349217684,0,NULL,NULL
52132,121421,1349217684,0,NULL,NULL
52132,120495,1349217684,-1,NULL,NULL
52132,123155,1351460959,-1,NULL,NULL
52132,120495,1351546395,0,NULL,NULL
52133,128352,1351543965,0,NULL,NULL
52135,129909,1351373040,0,NULL,NULL
52135,126686,1351373040,0,NULL,NULL
52137,127924,1351292925,0,NULL,NULL
52137,127882,1351292925,0,NULL,NULL
52140,120475,1351183402,1,NULL,NULL
52140,120312,1351183402,1,NULL,NULL
52140,130314,1351183402,1,NULL,NULL
52140,129969,1351183402,0,NULL,NULL
52140,129890,1351183402,1,NULL,NULL
52140,129856,1351183402,1,NULL,NULL
52141,128658,1351182726,1,NULL,NULL
52141,120092,1351182726,0,NULL,NULL
52141,120652,1351182726,1,NULL,NULL
52141,129911,1351182726,0,NULL,NULL
52141,129918,1351182726,0,NULL,NULL
52141,129920,1351182726,1,NULL,NULL
52141,126687,1351182726,0,NULL,NULL
52141,129912,1351182726,0,NULL,NULL
52143,128795,1351119670,0,NULL,NULL
52144,128352,1351093855,1,NULL,NULL
52145,129980,1351058946,0,NULL,NULL
52146,129504,1351054048,0,NULL,NULL
52147,120676,1351040804,0,NULL,NULL
52147,120616,1351040804,1,NULL,NULL
52148,129836,1351024761,0,NULL,NULL
52148,130320,1351024761,1,NULL,NULL
52148,120312,1351024761,0,NULL,NULL
52149,120117,1351024117,-1,NULL,NULL
52149,120127,1351024117,-1,NULL,NULL
52149,120331,1351024117,-1,NULL,NULL
52151,121366,1350934452,0,NULL,NULL
52152,129860,1350933163,-1,NULL,NULL
52153,130399,1350932639,1,NULL,NULL
52153,129471,1350932639,1,NULL,NULL
52153,120312,1350932639,1,NULL,NULL
52153,120312,1350932903,-1,NULL,NULL
52153,129471,1350932903,-1,NULL,NULL
52153,130399,1350932903,-1,NULL,NULL
52156,129968,1350705469,1,NULL,NULL
52156,129440,1350705469,0,NULL,NULL
52156,129967,1350705469,0,NULL,NULL
52156,130329,1350705469,-1,NULL,NULL
52156,128352,1350705469,-1,NULL,NULL
52156,129098,1350705469,1,NULL,NULL
52156,129106,1350705469,1,NULL,NULL
52156,130026,1350705469,-1,NULL,NULL
52156,129107,1350705469,1,NULL,NULL
52156,129969,1350705469,1,NULL,NULL
52156,129834,1350705469,0,NULL,NULL
52156,129970,1350705469,0,NULL,NULL
52156,129093,1350705469,-1,NULL,NULL
52156,130312,1350705469,0,NULL,NULL
52156,128676,1350705469,0,NULL,NULL
52156,120526,1350705469,0,NULL,NULL
52156,120312,1350705469,-1,NULL,NULL
52156,120176,1350705469,0,NULL,NULL
52156,128351,1350705469,0,NULL,NULL
52156,128355,1350705469,0,NULL,NULL
52156,128357,1350705469,-1,NULL,NULL
52156,123172,1350705469,1,NULL,NULL
52159,129266,1350675776,0,NULL,NULL
52159,129273,1350675776,0,NULL,NULL
52159,129254,1350675776,0,NULL,NULL
52159,129258,1350675776,0,NULL,NULL
52159,129250,1350675776,0,NULL,NULL
52159,129271,1350675776,0,NULL,NULL
52159,129275,1350675776,0,NULL,NULL
52159,129253,1350675776,0,NULL,NULL
52159,129265,1350675776,0,NULL,NULL
52159,129268,1350675776,0,NULL,NULL
52159,129272,1350675776,0,NULL,NULL
52159,129280,1350675776,0,NULL,NULL
52159,129252,1350675776,-1,NULL,NULL
52159,129259,1350675776,0,NULL,NULL
52159,129281,1350675776,0,NULL,NULL
52159,129256,1350675776,0,NULL,NULL
52159,129260,1350675776,0,NULL,NULL
52159,129261,1350675776,0,NULL,NULL
52159,129274,1350675776,0,NULL,NULL
52159,129249,1350675776,0,NULL,NULL
52159,129251,1350675776,0,NULL,NULL
52159,129277,1350675776,0,NULL,NULL
52159,129255,1350675776,0,NULL,NULL
52159,129267,1350675776,0,NULL,NULL
52159,129278,1350675776,0,NULL,NULL
52160,128008,1350669507,-1,NULL,NULL
52161,128707,1350663615,1,NULL,NULL
52162,120331,1350597518,1,NULL,NULL
52162,120312,1350597518,1,NULL,NULL
52162,121366,1350597518,1,NULL,NULL
52162,130401,1350597518,1,NULL,NULL
52163,120070,1350542313,0,0.0,0.0
52163,127270,1350542313,0,NULL,NULL
52163,129968,1350542313,0,NULL,NULL
52163,120070,1350583265,0,NULL,NULL
52163,127270,1350583265,0,NULL,NULL
52163,130325,1350583265,0,NULL,NULL
52167,129471,1350534872,-1,NULL,NULL
52167,129860,1350534872,0,NULL,NULL
52167,129242,1350534872,0,NULL,NULL
52167,121384,1350534872,0,NULL,NULL
52168,128988,1350494485,1,NULL,NULL
52168,128901,1350494485,0,NULL,NULL
52169,130024,1348264322,0,NULL,NULL
52169,130024,1348269805,0,NULL,NULL
52169,130024,1350413214,1,NULL,NULL
52170,129899,1350268329,0,NULL,NULL
52170,129897,1350268329,1,NULL,NULL
52170,128542,1350268329,1,NULL,NULL
52171,120623,1350071329,0,NULL,NULL
52173,121176,1350019023,0,NULL,NULL
52174,120848,1349938687,-1,NULL,NULL
52175,120070,1349931509,1,NULL,NULL
52175,129870,1349931509,1,NULL,NULL
52175,129863,1349931509,1,NULL,NULL
52176,120549,1349904573,0,NULL,NULL
52177,121176,1349842078,1,NULL,NULL
52178,125919,1349827679,0,NULL,NULL
52180,128774,1349821621,0,NULL,NULL
52181,121603,1349484584,1,NULL,NULL
52181,127058,1349484584,0,NULL,NULL
52182,127250,1349466961,0,NULL,NULL
52183,121375,1349418532,0,NULL,NULL
52183,120127,1349418532,1,NULL,NULL
52184,127220,1349395425,1,NULL,NULL
52185,129860,1349385484,-1,0.0,0.0
52186,120063,1349336191,0,NULL,NULL
52187,128348,1349237421,0,NULL,NULL
52187,128348,1349329611,0,NULL,NULL
52188,120495,1349326887,0,NULL,NULL
52188,120309,1349326887,0,0.0,0.0
52188,121603,1349326887,0,NULL,NULL
52188,120897,1349326887,0,NULL,NULL
52188,126782,1349326887,0,NULL,NULL
52188,121309,1349326887,0,NULL,NULL
52188,121421,1349326887,-1,NULL,NULL
52189,120331,1349311125,-1,NULL,NULL
52189,120070,1349311125,1,NULL,NULL
52190,120848,1349277901,0,NULL,NULL
52190,121866,1349277901,1,NULL,NULL
52190,120681,1349277901,1,NULL,NULL
52191,129816,1349219638,1,NULL,NULL
52193,120127,1349206159,-1,NULL,NULL
52193,120312,1349206159,0,NULL,NULL
52193,120702,1349206159,0,NULL,NULL
52193,120834,1349206159,0,NULL,NULL
52193,120331,1349206159,-1,NULL,NULL
52193,120495,1349206159,-1,NULL,NULL
52193,121176,1349206159,0,NULL,NULL
52193,121607,1349206159,1,NULL,NULL
52193,121045,1349206159,0,NULL,NULL
52193,123699,1349206159,0,NULL,NULL
52193,121610,1349206159,0,NULL,NULL
52193,121609,1349206159,-1,NULL,NULL
52193,120848,1349206159,0,NULL,NULL
52193,121383,1349206159,0,NULL,NULL
52193,126153,1349206159,0,NULL,NULL
52193,123155,1349206159,0,NULL,NULL
52193,121560,1349206159,0,NULL,NULL
52193,121421,1349206159,0,NULL,NULL
52193,121576,1349206159,0,NULL,NULL
52193,125483,1349206159,-1,0.0,0.0
52193,127860,1349206159,0,NULL,NULL
52193,128981,1349206159,1,NULL,NULL
52193,128986,1349206159,1,NULL,NULL
52193,128448,1349206159,0,NULL,NULL
52193,128988,1349206159,-1,NULL,NULL
52193,126008,1349206159,0,NULL,NULL
52193,125743,1349206159,-1,NULL,NULL
52193,126076,1349206159,0,NULL,NULL
52193,128557,1349206159,0,NULL,NULL
52193,128394,1349206159,0,NULL,NULL
52193,128451,1349206159,0,NULL,NULL
52193,128457,1349206159,0,NULL,NULL
52193,128474,1349206159,0,NULL,NULL
52193,128472,1349206159,0,NULL,NULL
52193,128469,1349206159,0,NULL,NULL
52193,129480,1349206159,0,NULL,NULL
52193,128899,1349206159,-1,NULL,NULL
52193,128901,1349206159,0,NULL,NULL
52193,128984,1349206159,-1,NULL,NULL
52193,128982,1349206159,0,NULL,NULL
52193,127513,1349206159,0,NULL,NULL
52193,127194,1349206159,-1,NULL,NULL
52193,126970,1349206159,0,NULL,NULL
52193,127939,1349206159,0,NULL,NULL
52193,129968,1349206159,0,NULL,NULL
52193,130301,1349206159,1,NULL,NULL
52193,130401,1349206159,0,NULL,NULL
52193,128475,1349206159,1,NULL,NULL
52193,120495,1349217501,1,NULL,NULL
52193,121421,1349217501,0,NULL,NULL
52193,123155,1349217501,0,NULL,NULL
52193,121576,1349217501,0,NULL,NULL
52195,129816,1349210575,0,NULL,NULL
52195,129818,1349210575,0,NULL,NULL
52195,125668,1349210575,0,NULL,NULL
52195,124940,1349210575,0,NULL,NULL
52195,120309,1349210575,0,NULL,NULL
52195,130265,1349210575,0,NULL,NULL
52195,129860,1349210575,0,NULL,NULL
52195,129834,1349210575,0,NULL,NULL
52195,129805,1349210575,0,NULL,NULL
52195,129815,1349210575,0,NULL,NULL
52195,130371,1349210575,0,NULL,NULL
52197,123269,1349200594,1,NULL,NULL
52197,125753,1349200594,0,NULL,NULL
52199,129098,1349169588,1,NULL,NULL
52199,128676,1349169588,1,NULL,NULL
52200,123269,1349158189,1,NULL,NULL
52201,125753,1349151233,0,NULL,NULL
52203,128352,1349113504,1,NULL,NULL
52204,128781,1349112810,1,1.0,1.0
52205,128778,1349112083,1,NULL,NULL
52205,120545,1349112083,0,NULL,NULL
52207,121547,1348876231,0,NULL,NULL
52207,128361,1348876231,0,NULL,NULL
52207,120797,1348941469,0,NULL,NULL
52207,123172,1348941469,0,NULL,NULL
52207,128822,1348941469,0,NULL,NULL
52207,128357,1348876231,0,NULL,NULL
52207,129958,1348876231,0,NULL,NULL
52207,126956,1348941469,0,NULL,NULL
52207,121288,1348876231,0,NULL,NULL
52207,121383,1348876231,0,NULL,NULL
52207,129874,1348876231,0,NULL,NULL
52207,127904,1348876231,0,NULL,NULL
52207,121146,1348941469,0,NULL,NULL
52207,127904,1348941469,0,NULL,NULL
52207,127885,1348941469,0,NULL,NULL
52207,128452,1348941469,0,NULL,NULL
52207,130075,1348941469,0,NULL,NULL
52207,120549,1348876231,0,NULL,NULL
52207,130401,1348876231,1,NULL,NULL
52207,130401,1348941469,-1,NULL,NULL
52207,128394,1348876231,0,NULL,NULL
52207,128891,1348876231,0,NULL,NULL
52207,128445,1348876231,0,NULL,NULL
52207,127248,1348941469,0,NULL,NULL
52207,127885,1348876231,0,NULL,NULL
52207,128352,1348876231,0,NULL,NULL
52207,125012,1348876231,0,NULL,NULL
52207,130073,1348941469,0,NULL,NULL
52207,130035,1348941469,0,NULL,NULL
52207,128452,1348876231,0,NULL,NULL
52207,121643,1348876231,0,NULL,NULL
52207,128355,1348876231,0,NULL,NULL
52207,121366,1348876231,0,NULL,NULL
52207,130265,1348941469,0,NULL,NULL
52207,128445,1348941469,0,NULL,NULL
52207,123172,1348876231,0,NULL,NULL
52207,128774,1348876231,0,NULL,NULL
52207,129288,1348876231,0,NULL,NULL
52207,128930,1348876231,0,NULL,NULL
52207,128774,1348941469,0,NULL,NULL
52207,128451,1348941469,0,NULL,NULL
52207,128352,1348941469,0,NULL,NULL
52207,128891,1348941469,0,NULL,NULL
52207,128355,1348941469,0,NULL,NULL
52207,128676,1348941469,0,NULL,NULL
52207,123007,1348941469,0,NULL,NULL
52207,129848,1348876231,0,NULL,NULL
52207,130075,1348876231,0,NULL,NULL
52207,129816,1348876231,0,NULL,NULL
52207,120797,1348876231,0,NULL,NULL
52207,129858,1348941469,0,NULL,NULL
52207,125446,1348941469,0,NULL,NULL
52207,120526,1348941469,0,NULL,NULL
52207,129890,1348876231,0,NULL,NULL
52207,129244,1348876231,0,NULL,NULL
52207,129471,1348876231,0,NULL,NULL
52207,129848,1348941469,0,NULL,NULL
52207,129862,1348941469,0,NULL,NULL
52207,128923,1348876231,0,NULL,NULL
52207,129892,1348941469,0,NULL,NULL
52208,128445,1348900947,1,NULL,NULL
52208,120346,1348900947,1,NULL,NULL
52209,121523,1348890769,1,NULL,NULL
52209,121631,1348890769,0,NULL,NULL
52211,127970,1348855716,1,NULL,NULL
52212,128348,1348813664,1,NULL,NULL
52212,120870,1348813664,1,NULL,NULL
52212,120549,1348813664,0,NULL,NULL
52212,120545,1348813664,0,NULL,NULL
52212,121421,1348813664,0,NULL,NULL
52212,121787,1348813664,1,NULL,NULL
52212,121576,1348813664,0,NULL,NULL
52214,127883,1348810554,0,NULL,NULL
52215,130403,1348778700,0,NULL,NULL
52215,130404,1348778700,0,NULL,NULL
52217,121523,1348724315,1,NULL,NULL
52217,120176,1348724315,0,NULL,NULL
52217,120367,1348724315,1,NULL,NULL
52217,129862,1348724315,0,NULL,NULL
52217,130024,1348724315,0,NULL,NULL
52217,129471,1348724315,0,NULL,NULL
52217,130253,1348724315,0,NULL,NULL
52217,120367,1348724383,-1,NULL,NULL
52217,120176,1348724383,0,NULL,NULL
52217,121523,1348724383,-1,NULL,NULL
52217,130024,1348724383,0,NULL,NULL
52217,129862,1348724383,0,NULL,NULL
52217,130253,1348724383,0,NULL,NULL
52217,129471,1348724383,0,NULL,NULL
52217,120176,1348724409,0,NULL,NULL
52217,120367,1348724409,1,NULL,NULL
52217,129862,1348724409,0,NULL,NULL
52217,130024,1348724409,0,NULL,NULL
52217,129471,1348724409,0,NULL,NULL
52217,130253,1348724409,0,NULL,NULL
52218,120545,1348705024,0,NULL,NULL
52222,129863,1348597052,0,NULL,NULL
52222,126856,1348597052,0,NULL,NULL
52222,120070,1348597052,0,NULL,NULL
52222,121637,1348597052,0,NULL,NULL
52224,126008,1348594694,0,NULL,NULL
52224,120312,1348594694,0,NULL,NULL
52225,126779,1348524225,0,NULL,NULL
52226,120526,1348518799,1,NULL,NULL
52226,120176,1348518799,0,NULL,NULL
52226,120288,1348518799,0,NULL,NULL
52226,120312,1348518799,0,NULL,NULL
52226,125317,1348518799,0,NULL,NULL
52226,129098,1348518799,1,NULL,NULL
52226,128814,1348518799,1,NULL,NULL
52226,128707,1348518799,-1,NULL,NULL
52226,128352,1348518799,-1,NULL,NULL
52226,130090,1348518799,0,NULL,NULL
52226,126856,1348518799,0,NULL,NULL
52226,130030,1348518799,1,NULL,NULL
52226,128676,1348518799,0,NULL,NULL
52226,128781,1348518799,1,NULL,NULL
52226,126347,1348518799,0,NULL,NULL
52226,128357,1348518799,0,NULL,NULL
52227,125084,1348346128,1,NULL,NULL
52227,120226,1348346128,1,NULL,NULL
52229,121637,1348263730,0,NULL,NULL
52230,120150,1348254035,0,NULL,NULL
52231,121460,1348249930,0,NULL,NULL
52232,120063,1348216823,0,NULL,NULL
52232,120126,1348216823,0,NULL,NULL
52233,130414,1348200377,0,NULL,NULL
52234,128357,1348183340,0,NULL,NULL
52234,120233,1348183340,0,NULL,NULL
52236,125960,1348181490,0,NULL,NULL
52236,125959,1348181490,0,NULL,NULL
52236,125671,1348181490,0,NULL,NULL
52236,130382,1348181490,0,NULL,NULL
52236,130370,1348181490,0,NULL,NULL
52236,130383,1348181490,-1,NULL,NULL
52236,130371,1348181490,-1,NULL,NULL
52236,129200,1348181490,0,NULL,NULL
52237,121176,1348167577,1,NULL,NULL
52239,127248,1348162621,0,NULL,NULL
52240,121384,1348121101,1,NULL,NULL
52240,120176,1348121101,0,NULL,NULL
52241,120331,1348120002,1,NULL,NULL
52242,120797,1348119634,-1,NULL,NULL
52243,125678,1348098299,0,NULL,NULL
52243,130382,1348098299,-1,NULL,NULL
52243,130370,1348098299,-1,NULL,NULL
52243,129209,1348098299,0,NULL,NULL
52245,120312,1348087222,1,NULL,NULL
52245,120225,1348087222,1,NULL,NULL
52245,120331,1348087222,1,NULL,NULL
52245,130401,1348087222,0,NULL,NULL
52247,120312,1348077126,1,NULL,NULL
52248,121564,1348033917,0,NULL,NULL
52251,128891,1348001906,0,NULL,NULL
52251,128889,1348001906,0,NULL,NULL
52251,129448,1348001906,0,NULL,NULL
52251,129449,1348001906,0,NULL,NULL
52251,128892,1348001906,0,NULL,NULL
52251,128893,1348001906,0,NULL,NULL
52251,128890,1348001906,0,NULL,NULL
52251,128894,1348001906,0,NULL,NULL
52252,125668,1348001646,1,NULL,NULL
52252,130382,1348001646,1,NULL,NULL
52252,130371,1348001646,1,NULL,NULL
52252,130370,1348001646,1,NULL,NULL
52252,129195,1348001646,1,NULL,NULL
52252,130383,1348001646,1,NULL,NULL
52252,130393,1348001646,0,NULL,NULL
52253,120635,1347995403,1,NULL,NULL
52253,125668,1347995403,0,NULL,NULL
52253,129263,1347995403,0,NULL,NULL
52253,129245,1347995403,0,NULL,NULL
52253,129282,1347995403,0,NULL,NULL
52253,130383,1347995403,0,NULL,NULL
52253,130407,1347995403,-1,NULL,NULL
52253,130370,1347995403,1,NULL,NULL
52253,129195,1347995403,0,NULL,NULL
52253,129247,1347995403,0,NULL,NULL
52253,129285,1347995403,-1,NULL,NULL
52253,130371,1347995403,0,NULL,NULL
52253,129218,1347995403,1,NULL,NULL
52253,129283,1347995403,-1,NULL,NULL
52253,130382,1347995403,1,NULL,NULL
52255,128352,1347764005,1,NULL,NULL
52255,128352,1347976385,0,NULL,NULL
52256,130314,1347949977,1,NULL,NULL
52256,129970,1347949977,0,NULL,NULL
52256,128553,1347949977,1,NULL,NULL
52256,128545,1347949977,-1,NULL,NULL
52256,129968,1347949977,1,NULL,NULL
52256,130064,1347949977,0,NULL,NULL
52256,129863,1347949977,1,NULL,NULL
52256,130311,1347949977,0,NULL,NULL
52256,130063,1347949977,0,NULL,NULL
52256,130072,1347949977,0,NULL,NULL
52256,128933,1347949977,1,NULL,NULL
52256,129862,1347949977,0,NULL,NULL
52256,129868,1347949977,1,NULL,NULL
52256,120312,1347949977,1,NULL,NULL
52256,120321,1347949977,0,NULL,NULL
52256,120333,1347949977,0,NULL,NULL
52256,120331,1347949977,1,NULL,NULL
52256,120154,1347949977,1,NULL,NULL
52256,120195,1347949977,1,0.0,0.0
52256,120797,1347949977,1,NULL,NULL
52257,129919,1347916327,0,NULL,NULL
52258,128945,1347913843,0,NULL,NULL
52260,120635,1347692475,0,NULL,NULL
52260,120370,1347692475,1,NULL,NULL
52260,120063,1347692475,1,1.0,1.0
52260,125317,1347692475,0,NULL,NULL
52260,123562,1347692475,-1,NULL,NULL
52260,128649,1347692475,0,NULL,NULL
52260,125938,1347692475,0,NULL,NULL
52260,128008,1347692475,0,NULL,NULL
52260,130462,1347692475,0,NULL,NULL
52261,130030,1347669225,-1,NULL,NULL
52261,129862,1347669225,0,NULL,NULL
52261,121310,1347669225,0,NULL,NULL
52261,121383,1347669225,0,NULL,NULL
52264,120309,1347551061,0,NULL,NULL
52264,120070,1347551061,1,NULL,NULL
52264,120127,1347551061,1,NULL,NULL
52264,120331,1347551061,0,NULL,NULL
52264,120312,1347551061,1,0.0,0.0
52265,129907,1347504065,0,NULL,NULL
52265,129909,1347504065,0,NULL,NULL
52265,129917,1347504065,0,NULL,NULL
52265,129941,1347504065,0,NULL,NULL
52265,130067,1347504065,0,NULL,NULL
52265,129918,1347504065,0,NULL,NULL
52265,129939,1347504065,0,NULL,NULL
52265,128410,1347504065,0,NULL,NULL
52265,129915,1347504065,0,NULL,NULL
52265,129929,1347504065,0,NULL,NULL
52265,130445,1347504065,0,NULL,NULL
52265,130314,1347504065,0,NULL,NULL
52265,129932,1347504065,0,NULL,NULL
52265,129938,1347504065,0,NULL,NULL
52265,129969,1347504065,0,NULL,NULL
52265,128945,1347504065,0,NULL,NULL
52265,129934,1347504065,0,NULL,NULL
52265,130086,1347504065,0,NULL,NULL
52265,129937,1347504065,0,NULL,NULL
52265,129968,1347504065,0,NULL,NULL
52265,120331,1347504065,0,NULL,NULL
52265,120333,1347504065,0,NULL,NULL
52265,120312,1347504065,0,NULL,NULL
52265,120195,1347504065,0,NULL,NULL
52265,129908,1347504065,0,NULL,NULL
52265,129916,1347504065,0,NULL,NULL
52265,129936,1347504065,0,NULL,NULL
52265,129943,1347504065,0,NULL,NULL
52267,123113,1347479479,-1,NULL,NULL
52267,120623,1347479479,0,NULL,NULL
52269,120545,1345940973,-1,NULL,NULL
52269,121522,1345940973,0,NULL,NULL
52269,121534,1345940973,0,NULL,NULL
52269,120545,1346007565,1,NULL,NULL
52269,121522,1346007565,-1,NULL,NULL
52269,121534,1346007565,0,NULL,NULL
52269,121534,1347428852,0,NULL,NULL
52269,121522,1347428852,1,NULL,NULL
52269,120545,1347428852,-1,NULL,NULL
52274,123498,1347135448,0,NULL,NULL
52275,123498,1347135201,1,NULL,NULL
52275,121787,1347135201,1,NULL,NULL
52275,127867,1347135201,1,NULL,NULL
52275,125483,1347135201,0,NULL,NULL
52275,120312,1347135201,0,1.0,1.0
52275,120123,1347135201,0,NULL,NULL
52275,120331,1347135201,1,NULL,NULL
52275,121142,1347135201,0,NULL,NULL
52275,120545,1347135201,0,NULL,NULL
52275,129968,1347135201,0,NULL,NULL
52275,129969,1347135201,0,NULL,NULL
52275,130314,1347135201,1,NULL,NULL
52275,128899,1347135201,0,NULL,NULL
52275,128348,1347135201,0,NULL,NULL
52276,120312,1347050161,1,NULL,NULL
52277,120312,1347000454,0,NULL,NULL
52278,128774,1346995711,-1,NULL,NULL
52278,128778,1346995711,-1,NULL,NULL
52279,130327,1346257412,0,NULL,NULL
52279,129969,1346257412,0,NULL,NULL
52279,129970,1346257412,0,NULL,NULL
52279,128901,1346257412,1,NULL,NULL
52279,129831,1346257412,0,NULL,NULL
52279,130320,1346257412,1,NULL,NULL
52279,128988,1346257412,0,NULL,NULL
52279,125483,1346257412,0,NULL,NULL
52279,120331,1346257412,1,NULL,NULL
52279,120312,1346257412,1,NULL,NULL
52279,120526,1346257412,0,NULL,NULL
52279,120176,1346257412,1,NULL,NULL
52279,120676,1346257412,0,NULL,NULL
52279,125012,1346257412,0,NULL,NULL
52279,120312,1346277531,-1,NULL,NULL
52279,120176,1346277531,-1,NULL,NULL
52279,120331,1346277531,-1,NULL,NULL
52279,120526,1346277531,0,NULL,NULL
52279,120676,1346277531,0,NULL,NULL
52279,125012,1346277531,0,NULL,NULL
52279,128988,1346277531,0,NULL,NULL
52279,125483,1346277531,0,NULL,NULL
52279,129969,1346277531,0,NULL,NULL
52279,129831,1346277531,0,NULL,NULL
52279,130320,1346277531,-1,NULL,NULL
52279,130327,1346277531,-1,NULL,NULL
52279,128901,1346277531,-1,NULL,NULL
52279,129970,1346277531,0,NULL,NULL
52279,128901,1346952121,1,NULL,NULL
52279,129970,1346952121,0,NULL,NULL
52279,130327,1346952121,1,NULL,NULL
52279,129969,1346952121,0,NULL,NULL
52279,129831,1346952121,0,NULL,NULL
52279,130320,1346952121,1,NULL,NULL
52279,128988,1346952121,0,NULL,NULL
52279,125012,1346952121,0,NULL,NULL
52279,120176,1346952121,1,NULL,NULL
52279,120331,1346952121,1,NULL,NULL
52279,120312,1346952121,1,NULL,NULL
52279,120526,1346952121,1,NULL,NULL
52280,120070,1346949517,1,NULL,NULL
52281,120623,1346949427,0,NULL,NULL
52281,123113,1346949427,0,NULL,NULL
52282,129862,1346907661,0,NULL,NULL
52282,129860,1346907661,0,NULL,NULL
52283,121176,1346870798,-1,NULL,NULL
52285,130382,1346107163,0,NULL,NULL
52285,130370,1346107163,0,NULL,NULL
52285,130473,1346107163,0,NULL,NULL
52285,130383,1346107163,1,NULL,NULL
52285,130371,1346107163,1,NULL,NULL
52285,130476,1346107163,0,NULL,NULL
52285,130393,1346107163,0,NULL,NULL
52285,120176,1346107163,-1,NULL,NULL
52285,130383,1346824683,0,NULL,NULL
52285,130370,1346824683,0,NULL,NULL
52285,130371,1346824683,0,NULL,NULL
52285,130382,1346824683,0,NULL,NULL
52289,121375,1346790893,1,NULL,NULL
52290,126008,1346783188,1,NULL,NULL
52291,121383,1346781178,-1,NULL,NULL
52291,120616,1346781178,0,NULL,NULL
52291,128781,1346781178,1,NULL,NULL
52292,121556,1346487096,0,NULL,NULL
52293,120676,1346459766,1,NULL,NULL
52293,121169,1346459766,0,NULL,NULL
52293,125699,1346459766,0,NULL,NULL
52294,129818,1346451462,1,NULL,NULL
52295,121866,1346446736,0,NULL,NULL
52296,129897,1346446154,0,NULL,NULL
52297,128899,1346389142,0,NULL,NULL
52297,129983,1346389142,1,NULL,NULL
52297,120331,1346389142,0,NULL,NULL
52297,121176,1346389142,0,NULL,NULL
52298,120657,1346388812,0,NULL,NULL
52298,127095,1346388812,0,NULL,NULL
52298,123515,1346388812,0,NULL,NULL
52299,121556,1346371536,0,NULL,NULL
52299,120309,1346371536,0,NULL,NULL
52299,120312,1346371536,0,NULL,NULL
52299,129471,1346371536,1,NULL,NULL
52299,130253,1346371536,0,NULL,NULL
52300,120284,1346369843,0,NULL,NULL
52300,121637,1346369843,1,NULL,NULL
52303,120127,1346361187,0,NULL,NULL
52303,120331,1346361187,0,NULL,NULL
52304,120331,1346352598,1,NULL,NULL
52304,120070,1346352598,1,NULL,NULL
52305,130075,1346314559,0,NULL,NULL
52306,120176,1345585500,1,NULL,NULL
52306,120785,1345585500,1,NULL,NULL
52306,128676,1345585500,0,NULL,NULL
52306,129958,1345585500,1,NULL,NULL
52306,128675,1345585500,0,NULL,NULL
52306,129471,1345585500,1,NULL,NULL
52306,130319,1345585500,0,NULL,NULL
52306,130326,1345585500,1,NULL,NULL
52306,130319,1345698420,0,NULL,NULL
52306,130326,1345698420,-1,NULL,NULL
52306,128675,1345698420,0,NULL,NULL
52306,129471,1345698420,-1,NULL,NULL
52306,129958,1345698420,-1,NULL,NULL
52306,128676,1345698420,0,NULL,NULL
52306,120785,1345698420,-1,NULL,NULL
52306,120176,1345698420,-1,NULL,NULL
52306,120176,1346305898,1,NULL,NULL
52306,120785,1346305898,1,NULL,NULL
52306,128676,1346305898,0,NULL,NULL
52306,129958,1346305898,1,NULL,NULL
52306,129471,1346305898,1,NULL,NULL
52306,128675,1346305898,0,NULL,NULL
52306,130326,1346305898,1,NULL,NULL
52308,129860,1346303294,0,NULL,NULL
52312,120063,1346259871,1,NULL,NULL
52312,120848,1346259871,1,NULL,NULL
52312,128836,1346259871,0,NULL,NULL
52314,121833,1346162745,0,NULL,NULL
52315,128452,1346125247,-1,NULL,NULL
52315,130019,1346125247,0,NULL,NULL
52315,129127,1346125247,0,NULL,NULL
52315,129098,1346125247,0,NULL,NULL
52315,129849,1346125247,-1,NULL,NULL
52315,129874,1346125247,0,NULL,NULL
52315,128814,1346125247,1,NULL,NULL
52315,128352,1346125247,0,NULL,NULL
52315,128451,1346125247,0,NULL,NULL
52315,128394,1346125247,0,NULL,NULL
52315,129883,1346125247,0,NULL,NULL
52315,129247,1346125247,-1,NULL,NULL
52315,129860,1346125247,-1,NULL,NULL
52315,129863,1346125247,1,NULL,NULL
52315,129124,1346125247,0,NULL,NULL
52315,129097,1346125247,0,NULL,NULL
52315,129100,1346125247,0,NULL,NULL
52315,128781,1346125247,-1,NULL,NULL
52315,129862,1346125247,1,NULL,NULL
52315,129130,1346125247,0,NULL,NULL
52315,129816,1346125247,1,NULL,NULL
52315,128362,1346125247,0,NULL,NULL
52315,126351,1346125247,0,NULL,NULL
52315,128445,1346125247,0,NULL,NULL
52315,120176,1346125247,0,NULL,NULL
52315,120139,1346125247,1,NULL,NULL
52315,120331,1346125247,1,0.0,0.0
52315,120309,1346125247,0,NULL,NULL
52315,120063,1346125247,0,NULL,NULL
52315,120067,1346125247,1,NULL,NULL
52315,120676,1346125247,0,NULL,NULL
52315,120771,1346125247,0,NULL,NULL
52315,121143,1346125247,0,NULL,NULL
52315,123562,1346125247,0,NULL,NULL
52315,120709,1346125247,1,NULL,NULL
52315,123138,1346125247,0,NULL,NULL
52315,121169,1346125247,1,NULL,NULL
52315,121383,1346125247,-1,NULL,NULL
52316,120549,1346118921,1,NULL,NULL
52316,120870,1346118921,0,NULL,NULL
52316,120879,1346118921,1,NULL,NULL
52316,120869,1346118921,0,NULL,NULL
52316,120878,1346118921,0,NULL,NULL
52316,121383,1346118921,1,NULL,NULL
52316,123170,1346118921,1,NULL,NULL
52316,128781,1346118921,1,NULL,NULL
52316,128901,1346118921,0,NULL,NULL
52317,129860,1346101538,1,NULL,NULL
52317,121310,1346101538,1,NULL,NULL
52318,129938,1345852311,0,NULL,NULL
52318,129930,1345852311,1,NULL,NULL
52318,129920,1345852311,1,NULL,NULL
52318,120312,1345852311,0,NULL,NULL
52318,129916,1345852311,0,NULL,NULL
52318,123823,1345852311,0,NULL,NULL
52318,126692,1345852311,0,NULL,NULL
52318,129914,1345852311,0,NULL,NULL
52318,120652,1345852311,-1,NULL,NULL
52318,129968,1345852311,1,NULL,NULL
52318,129927,1345852311,0,NULL,NULL
52318,126696,1345852311,0,NULL,NULL
52318,129940,1345852311,1,NULL,NULL
52318,128553,1345852311,0,NULL,NULL
52318,129968,1346093269,-1,NULL,NULL
52318,129969,1345852311,0,NULL,NULL
52318,130314,1345852311,1,NULL,NULL
52318,129912,1345852311,0,NULL,NULL
52318,129919,1345852311,0,NULL,NULL
52318,129918,1345852311,0,NULL,NULL
52318,129933,1345852311,0,NULL,NULL
52318,129941,1345852311,0,NULL,NULL
52318,130086,1345852311,1,NULL,NULL
52318,129934,1345852311,0,NULL,NULL
52318,129907,1345852311,0,NULL,NULL
52318,130319,1345852311,1,NULL,NULL
52318,120067,1345852311,1,NULL,NULL
52318,129888,1345852311,0,NULL,NULL
52318,126695,1345852311,0,NULL,NULL
52318,129915,1345852311,0,NULL,NULL
52318,129939,1345852311,1,NULL,NULL
52318,130489,1345852311,0,NULL,NULL
52318,129853,1345852311,0,NULL,NULL
52318,129936,1345852311,0,NULL,NULL
52318,129859,1345852311,-1,NULL,NULL
52318,129889,1345852311,-1,NULL,NULL
52318,129911,1345852311,0,NULL,NULL
52318,130067,1346093269,1,NULL,NULL
52318,129935,1345852311,1,NULL,NULL
52318,129929,1345852311,0,NULL,NULL
52318,129909,1345852311,0,NULL,NULL
52318,125083,1345852311,0,NULL,NULL
52318,129924,1345852311,0,NULL,NULL
52318,127924,1345852311,0,NULL,NULL
52318,129943,1345852311,0,NULL,NULL
52318,129921,1345852311,1,NULL,NULL
52318,130036,1345852311,0,NULL,NULL
52318,126694,1345852311,0,NULL,NULL
52318,120092,1345852311,1,NULL,NULL
52318,130037,1345852311,0,NULL,NULL
52318,129937,1345852311,0,NULL,NULL
52318,129913,1345852311,0,NULL,NULL
52318,130320,1345852311,1,NULL,NULL
52318,129917,1345852311,0,NULL,NULL
52318,130040,1345852311,0,NULL,NULL
52318,126687,1345852311,0,NULL,NULL
52318,121444,1345852311,0,NULL,NULL
52318,129942,1345852311,0,NULL,NULL
52318,129944,1345852311,1,NULL,NULL
52318,129922,1345852311,0,NULL,NULL
52322,130309,1345858956,0,NULL,NULL
52323,123936,1345848199,1,NULL,NULL
52323,121176,1345848199,0,NULL,NULL
52323,120195,1345848199,0,0.0,0.0
52323,120226,1345848199,0,NULL,NULL
52323,125084,1345848199,1,NULL,NULL
52323,129968,1345848199,1,NULL,NULL
52323,129990,1345848199,0,NULL,NULL
52323,121176,1345848365,0,NULL,NULL
52325,129886,1345844251,0,NULL,NULL
52326,121176,1345833893,0,NULL,NULL
52331,129098,1345817015,1,NULL,NULL
52332,120331,1345051424,0,NULL,NULL
52332,120331,1345771170,0,NULL,NULL
52334,120070,1345758291,1,NULL,NULL
52335,129860,1345753586,0,NULL,NULL
52336,129263,1345729926,0,NULL,NULL
52336,129247,1345729926,0,NULL,NULL
52336,129246,1345729926,0,NULL,NULL
52337,120312,1345729719,1,NULL,NULL
52338,127923,1345729406,0,NULL,NULL
52338,127970,1345729406,1,NULL,NULL
52339,121310,1345611914,1,NULL,NULL
52340,120764,1345591195,0,NULL,NULL
52342,120176,1345569927,1,NULL,NULL
52343,128849,1345568717,0,NULL,NULL
52343,124940,1345568717,0,NULL,NULL
52345,120370,1345542425,0,NULL,NULL
52345,120063,1345542425,1,NULL,NULL
52345,120848,1345542425,0,NULL,NULL
52345,129837,1345542425,0,NULL,NULL
52345,126008,1345542425,0,NULL,NULL
52345,128899,1345542425,1,NULL,NULL
52345,128984,1345542425,0,NULL,NULL
52346,121375,1345505056,1,NULL,NULL
52347,120549,1345498238,1,NULL,NULL
52347,121383,1345498238,1,NULL,NULL
52349,130030,1345494164,0,NULL,NULL
52350,130326,1345412841,1,NULL,NULL
52350,130075,1345412841,0,NULL,NULL
52350,129471,1345412841,-1,NULL,NULL
52350,130073,1345412841,0,NULL,NULL
52350,128733,1345412841,0,NULL,NULL
52350,129958,1345412841,1,NULL,NULL
52350,130070,1345412841,0,NULL,NULL
52350,123007,1345412841,0,NULL,NULL
52350,120312,1345412841,1,0.0,0.0
52350,120764,1345412841,1,NULL,NULL
52354,127058,1345246219,0,NULL,NULL
52354,121576,1345246219,0,NULL,NULL
52354,123155,1345246219,0,NULL,NULL
52355,128357,1345235312,0,NULL,NULL
52355,120176,1345235312,1,NULL,NULL
52355,120176,1345240454,-1,NULL,NULL
52355,128357,1345240454,0,NULL,NULL
52359,120365,1345138313,0,NULL,NULL
52359,120333,1345146367,-1,NULL,NULL
52359,120365,1345157577,0,NULL,NULL
52360,121310,1345151138,0,NULL,NULL
52361,129863,1345141957,0,NULL,NULL
52362,125727,1345138859,1,NULL,NULL
52362,120309,1345138859,0,NULL,NULL
52362,130079,1345138859,0,NULL,NULL
52362,126079,1345138859,0,NULL,NULL
52365,128352,1345124393,1,NULL,NULL
52366,120331,1345068177,1,0.0,0.0
52366,124940,1345068177,0,NULL,NULL
52367,129247,1345058541,1,NULL,NULL
52368,121375,1345052269,-1,NULL,NULL
52369,120063,1345048420,1,NULL,NULL
52369,128552,1345048420,0,NULL,NULL
52370,128933,1345045486,0,NULL,NULL
52370,120797,1345045486,0,NULL,NULL
52371,121366,1344983658,0,NULL,NULL
52371,125727,1344983658,0,NULL,NULL
52371,120312,1344983658,0,NULL,NULL
52371,120331,1344983658,0,NULL,NULL
52371,120070,1344983658,0,NULL,NULL
52371,120123,1344983658,0,NULL,NULL
52371,120225,1344983658,0,NULL,NULL
52371,120127,1344983658,-1,NULL,NULL
52371,120117,1344983658,0,NULL,NULL
52371,120495,1344983658,0,NULL,NULL
52371,126079,1344983658,0,NULL,NULL
52371,123806,1344983658,0,NULL,NULL
52371,130262,1344983658,0,NULL,NULL
52371,126825,1344983658,0,NULL,NULL
52371,125483,1344983658,0,NULL,NULL
52371,126370,1344983658,0,NULL,NULL
52371,125699,1344983658,0,NULL,NULL
52371,128361,1344983658,0,NULL,NULL
52373,129860,1344977177,1,NULL,NULL
52374,129863,1344962524,-1,NULL,NULL
52374,126856,1344962524,0,NULL,NULL
52374,120070,1344962524,0,NULL,NULL
52375,128552,1344886260,1,NULL,NULL
52375,120797,1344886260,-1,NULL,NULL
52376,126079,1344846847,0,NULL,NULL
52377,123180,1344552052,-1,NULL,NULL
52378,120070,1344549992,0,NULL,NULL
52381,120312,1344473819,0,NULL,NULL
52381,120321,1344473819,0,NULL,NULL
52381,120331,1344473819,0,NULL,NULL
52381,120338,1344473819,1,NULL,NULL
52381,129294,1344473819,0,NULL,NULL
52382,130320,1344436654,1,NULL,NULL
52382,130319,1344436654,0,NULL,NULL
52383,120331,1344418391,1,NULL,NULL
52383,120127,1344418391,1,NULL,NULL
52384,128933,1344393144,0,NULL,NULL
52384,128930,1344393144,0,NULL,NULL
52385,131102,1329893462,1,NULL,NULL
52385,131080,1329893462,0,NULL,NULL
52385,121551,1344380165,0,NULL,NULL
52385,130401,1344380165,0,NULL,NULL
52387,120080,1344134255,1,NULL,NULL
52387,120333,1344134255,1,NULL,NULL
52387,120797,1344134255,0,NULL,NULL
52390,124940,1344002523,0,NULL,NULL
52391,121383,1343939063,0,NULL,NULL
52392,127919,1343930606,0,NULL,NULL
52392,129921,1343930606,0,NULL,NULL
52393,130371,1343926715,0,NULL,NULL
52393,130476,1343926715,0,NULL,NULL
52393,130473,1343926715,0,NULL,NULL
52393,130393,1343926715,-1,NULL,NULL
52393,130405,1343926715,0,NULL,NULL
52393,130383,1343926715,0,NULL,NULL
52393,130406,1343926715,0,NULL,NULL
52393,130522,1343926715,-1,NULL,NULL
52393,120176,1343926715,0,NULL,NULL
52397,129211,1343690061,0,NULL,NULL
52397,130079,1343690061,1,NULL,NULL
52397,129111,1343690061,0,NULL,NULL
52397,128410,1343690061,1,NULL,NULL
52397,128658,1343690061,0,NULL,NULL
52397,126079,1343690061,1,NULL,NULL
52397,121375,1343690061,0,NULL,NULL
52397,120726,1343690061,0,NULL,NULL
52397,120338,1343690061,1,NULL,NULL
52397,120333,1343690061,1,NULL,NULL
52397,120370,1343690061,0,NULL,NULL
52397,120331,1343690061,0,NULL,NULL
52397,120063,1343690061,0,NULL,NULL
52397,120070,1343690061,0,NULL,NULL
52398,130074,1343632037,0,NULL,NULL
52398,129958,1343632037,-1,NULL,NULL
52398,123007,1343632037,0,NULL,NULL
52398,120312,1343632037,0,NULL,NULL
52398,120176,1343632037,0,0.0,0.0
52398,130326,1343632037,0,NULL,NULL
52398,129471,1343632037,-1,NULL,NULL
52398,130528,1343632037,-1,NULL,NULL
52398,130073,1343632037,0,NULL,NULL
52399,120331,1342919496,0,NULL,NULL
52399,120176,1342919496,1,NULL,NULL
52399,120309,1342919496,0,NULL,NULL
52399,120063,1342919496,0,NULL,NULL
52399,120590,1342919496,0,NULL,NULL
52399,120549,1342919496,1,NULL,NULL
52399,121169,1342919496,0,NULL,NULL
52399,120676,1342919496,1,NULL,NULL
52399,120848,1342919496,0,NULL,NULL
52399,121787,1342919496,0,NULL,NULL
52399,128899,1342919496,0,NULL,NULL
52399,129803,1342919496,0,NULL,NULL
52399,126079,1342919496,-1,NULL,NULL
52399,120495,1343018679,0,NULL,NULL
52399,123156,1343018679,0,NULL,NULL
52399,121576,1343416800,0,NULL,NULL
52400,121554,1343406872,1,NULL,NULL
52400,125483,1343406872,0,NULL,NULL
52400,130522,1343406872,0,NULL,NULL
52400,129092,1343406872,0,NULL,NULL
52400,129093,1343406872,0,NULL,NULL
52400,128676,1343406872,1,NULL,NULL
52400,128781,1343406872,1,NULL,NULL
52400,128778,1343406872,0,NULL,NULL
52400,125346,1343406872,1,NULL,NULL
52400,120346,1343406872,1,NULL,NULL
52400,120176,1343406872,1,NULL,NULL
52400,120312,1343406872,-1,NULL,NULL
52400,120063,1343406872,1,NULL,NULL
52400,120066,1343406872,0,NULL,NULL
52400,120084,1343406872,1,NULL,NULL
52400,125317,1343406872,1,NULL,NULL
52400,121310,1343406872,1,NULL,NULL
52400,123138,1343406872,0,NULL,NULL
52400,128675,1343406872,1,NULL,NULL
52400,129860,1343406872,0,NULL,NULL
52400,129097,1343406872,1,NULL,NULL
52400,130552,1343406872,1,NULL,NULL
52400,129098,1343406872,1,NULL,NULL
52400,129096,1343406872,1,NULL,NULL
52400,128814,1343406872,1,NULL,NULL
52400,128822,1343406872,0,NULL,NULL
52400,129806,1343406872,-1,NULL,NULL
52400,129968,1343406872,0,NULL,NULL
52400,128352,1343406872,-1,NULL,NULL
52400,128354,1343406872,0,NULL,NULL
52400,128707,1343406872,1,NULL,NULL
52400,129099,1343406872,1,NULL,NULL
52400,126856,1343406872,1,NULL,NULL
52401,120652,1343335997,0,NULL,NULL
52401,129920,1343335997,0,NULL,NULL
52402,127946,1343315543,0,NULL,NULL
52405,120117,1343021066,0,NULL,NULL
52405,121375,1343021066,0,NULL,NULL
52405,120117,1343107170,0,NULL,NULL
52406,120331,1343050744,0,NULL,NULL
52406,128707,1343050744,-1,NULL,NULL
52407,129127,1343027912,0,NULL,NULL
52408,120848,1343020319,0,NULL,NULL
52409,121866,1342993148,0,NULL,NULL
52410,120288,1342920216,1,NULL,NULL
52412,120365,1342891408,0,NULL,NULL
52413,129970,1342890423,0,NULL,NULL
52413,129969,1342890423,0,NULL,NULL
52413,130322,1342890423,0,NULL,NULL
52413,129860,1342890423,1,NULL,NULL
52413,121169,1342890423,1,NULL,NULL
52413,120176,1342890423,0,NULL,NULL
52413,125048,1342890423,0,NULL,NULL
52415,121593,1342738404,0,NULL,NULL
52416,129883,1342729904,0,NULL,NULL
52417,129131,1342723132,0,NULL,NULL
52417,120773,1342723132,0,NULL,NULL
52417,123130,1342723132,0,NULL,NULL
52417,123271,1342723132,0,NULL,NULL
52419,121383,1342657436,1,NULL,NULL
52419,128781,1342657436,1,NULL,NULL
52420,120195,1342656628,1,NULL,NULL
52421,128899,1342656040,1,NULL,NULL
52422,130401,1342630677,0,NULL,NULL
52423,129862,1342629300,-1,NULL,NULL
52424,121176,1342562526,0,NULL,NULL
52424,121637,1342562526,0,NULL,NULL
52425,126079,1342497367,0,NULL,NULL
52426,121383,1342471498,1,NULL,NULL
52427,127941,1342232475,0,NULL,NULL
52428,126079,1342185964,1,NULL,NULL
52429,120176,1342164025,1,NULL,NULL
52430,121383,1342149147,0,NULL,NULL
52431,130401,1342141164,-1,NULL,NULL
52432,128352,1342128601,0,NULL,NULL
52434,120127,1342126289,1,NULL,NULL
52434,120176,1342126289,1,NULL,NULL
52434,120176,1342126389,-1,NULL,NULL
52435,120309,1342014609,0,NULL,NULL
52435,120331,1342038985,0,NULL,NULL
52437,129897,1342013969,0,NULL,NULL
52438,125012,1341965273,0,NULL,NULL
52438,121866,1341965273,0,NULL,NULL
52438,127253,1341965273,0,NULL,NULL
52438,125483,1341965273,0,NULL,NULL
52438,128988,1341965273,0,NULL,NULL
52438,128901,1341965273,-1,NULL,NULL
52439,121866,1341941829,0,NULL,NULL
52440,120331,1341825267,0,NULL,NULL
52440,126079,1341825267,0,NULL,NULL
52441,128781,1341819949,1,NULL,NULL
52441,121383,1341819949,1,NULL,NULL
52441,123168,1341819949,0,NULL,NULL
52442,121551,1341775290,0,NULL,NULL
52442,120312,1341775290,0,NULL,NULL
52442,128445,1341775290,1,NULL,NULL
52442,123562,1341775290,0,NULL,NULL
52443,129862,1341610804,0,NULL,NULL
52444,129958,1341608031,0,NULL,NULL
52445,128901,1341598718,0,NULL,NULL
52446,130393,1341595230,0,NULL,NULL
52446,130401,1341595230,0,NULL,NULL
52448,125727,1341563099,0,NULL,NULL
52449,120154,1341543723,1,NULL,NULL
52449,120195,1341543723,1,NULL,NULL
52450,129134,1341527292,0,NULL,NULL
52451,120848,1341509819,0,NULL,NULL
52452,129862,1341509724,1,NULL,NULL
52454,125446,1341483001,0,NULL,NULL
52456,121460,1341435517,0,NULL,NULL
52456,120785,1341435517,0,NULL,NULL
52457,128352,1341425331,1,NULL,NULL
52458,123184,1341407611,1,NULL,NULL
52459,130397,1341287591,0,NULL,NULL
52459,127271,1341287591,0,NULL,NULL
52459,120127,1341287591,0,NULL,NULL
52459,120312,1341287591,-1,NULL,NULL
52459,120331,1341287591,1,NULL,NULL
52459,120331,1341372514,0,NULL,NULL
52460,128405,1341354980,0,NULL,NULL
52460,129968,1341354980,0,NULL,NULL
52460,129889,1341354980,0,NULL,NULL
52460,130314,1341354980,0,NULL,NULL
52460,129859,1341354980,1,NULL,NULL
52460,121375,1341354980,0,NULL,NULL
52461,120549,1341350575,0,NULL,NULL
52462,129862,1341347390,1,NULL,NULL
52462,130074,1341347390,0,NULL,NULL
52462,120176,1341347390,1,NULL,NULL
52462,120764,1341347390,0,NULL,NULL
52462,130324,1341347390,-1,NULL,NULL
52462,130067,1341347390,0,NULL,NULL
52462,130253,1341347390,0,NULL,NULL
52462,128561,1341347390,0,NULL,NULL
52462,129860,1341347390,1,NULL,NULL
52462,129969,1341347390,0,NULL,NULL
52462,129968,1341347390,0,NULL,NULL
52463,130334,1341300864,0,NULL,NULL
52463,120871,1341300864,0,NULL,NULL
52465,129815,1341271654,1,NULL,NULL
52465,129815,1341290199,1,NULL,NULL
52466,128352,1341239064,0,NULL,NULL
52467,124940,1341217591,0,NULL,NULL
52467,130504,1341217591,0,NULL,NULL
52468,120195,1341091575,0,NULL,NULL
52468,120154,1341091575,1,NULL,NULL
52468,120333,1341091575,1,NULL,NULL
52468,121366,1341091575,0,NULL,NULL
52468,126079,1341091575,0,NULL,NULL
52468,128410,1341091575,0,NULL,NULL
52468,128361,1341091575,0,NULL,NULL
52470,120312,1340773167,1,NULL,NULL
52470,120309,1340773167,0,NULL,NULL
52470,120127,1340773167,1,NULL,NULL
52470,120080,1340773167,1,NULL,NULL
52470,121547,1340773167,0,NULL,NULL
52470,123821,1340773167,0,NULL,NULL
52470,129856,1340773167,0,NULL,NULL
52470,129856,1340987907,0,NULL,NULL
52471,120127,1340827850,1,NULL,NULL
52471,125798,1340827850,0,NULL,NULL
52472,128352,1340817249,1,NULL,NULL
52473,130504,1340754041,0,NULL,NULL
52473,124940,1340754041,0,NULL,NULL
52474,128552,1340748116,1,NULL,NULL
52474,128552,1340749642,0,NULL,NULL
52475,120771,1340728296,0,NULL,NULL
52475,129806,1340728296,0,NULL,NULL
52475,129836,1340728296,0,NULL,NULL
52476,126079,1340684694,0,NULL,NULL
52476,120666,1340684694,0,NULL,NULL
52477,128552,1340657885,1,NULL,NULL
52477,130067,1340657885,0,NULL,NULL
52477,129836,1340657885,1,NULL,NULL
52477,130320,1340657885,0,NULL,NULL
52477,129806,1340657885,0,NULL,NULL
52477,130086,1340657885,-1,NULL,NULL
52477,130531,1340657885,0,NULL,NULL
52477,120526,1340657885,0,NULL,NULL
52477,120312,1340657885,1,NULL,NULL
52477,120067,1340657885,0,NULL,NULL
52477,120771,1340657885,0,NULL,NULL
52477,121384,1340657885,0,NULL,NULL
52477,128925,1340657885,0,NULL,NULL
52477,123028,1340657885,0,NULL,NULL
52479,121383,1339968010,1,NULL,NULL
52479,128781,1339968010,1,NULL,NULL
52479,128781,1340643816,0,NULL,NULL
52481,121383,1340394593,-1,NULL,NULL
52481,123180,1340394593,0,NULL,NULL
52481,123180,1340395251,-1,NULL,NULL
52481,121383,1340395251,1,NULL,NULL
52481,121383,1340425558,1,NULL,NULL
52481,123180,1340425558,1,NULL,NULL
52481,120309,1340425558,0,NULL,NULL
52482,128410,1340412851,0,NULL,NULL
52482,123291,1340412851,0,NULL,NULL
52482,121787,1340412851,0,NULL,NULL
52482,120333,1340412851,1,NULL,NULL
52482,120087,1340412851,0,NULL,NULL
52482,120312,1340412851,1,NULL,NULL
52482,120338,1340412851,0,NULL,NULL
52483,120176,1340411925,0,NULL,NULL
52483,120346,1340411925,0,NULL,NULL
52483,121383,1340411925,0,NULL,NULL
52483,126856,1340411925,0,NULL,NULL
52483,129096,1340411925,0,NULL,NULL
52483,129860,1340411925,0,NULL,NULL
52483,129969,1340411925,0,NULL,NULL
52485,129859,1340382965,0,NULL,NULL
52485,129889,1340382965,0,NULL,NULL
52485,129968,1340382965,0,NULL,NULL
52486,127946,1340334577,0,NULL,NULL
52487,129857,1340314017,0,NULL,NULL
52488,129806,1340313631,1,NULL,NULL
52488,130316,1340313631,0,NULL,NULL
52488,120176,1340313631,0,NULL,NULL
52489,120195,1340303385,0,NULL,NULL
52489,120154,1340303385,0,NULL,NULL
52490,128969,1340245105,0,NULL,NULL
52491,123936,1340231626,0,NULL,NULL
52492,120195,1340231079,0,NULL,NULL
52492,120154,1340231079,1,NULL,NULL
52494,128919,1340226883,0,NULL,NULL
52494,128923,1340226883,0,NULL,NULL
52495,128352,1340217923,0,NULL,NULL
52496,120176,1340206420,0,NULL,NULL
52497,128894,1340129085,0,NULL,NULL
52497,128890,1340129085,0,NULL,NULL
52497,129497,1340129085,0,NULL,NULL
52498,120226,1340073274,0,NULL,NULL
52499,129818,1340072673,0,NULL,NULL
52499,120195,1340072673,-1,NULL,NULL
52499,120154,1340072673,0,NULL,NULL
52499,123936,1340072673,0,NULL,NULL
52501,130577,1339815384,0,NULL,NULL
52501,120879,1339815384,0,NULL,NULL
52503,123806,1339705945,0,NULL,NULL
52503,126370,1339705945,0,NULL,NULL
52505,120083,1339656858,0,NULL,NULL
52505,120797,1339656858,0,NULL,NULL
52505,129862,1339656858,-1,NULL,NULL
52505,126347,1339656858,0,NULL,NULL
52505,128933,1339656858,0,NULL,NULL
52505,126856,1339656858,1,NULL,NULL
52505,129863,1339656858,0,NULL,NULL
52506,120127,1339654173,1,NULL,NULL
52506,120331,1339654173,1,NULL,NULL
52507,127194,1339562043,0,NULL,NULL
52507,128901,1339562043,-1,NULL,NULL
52510,129968,1339512479,0,NULL,NULL
52510,129970,1339512479,0,NULL,NULL
52510,129098,1339512479,1,NULL,NULL
52510,128814,1339512479,0,NULL,NULL
52510,128352,1339512479,-1,NULL,NULL
52510,120312,1339512479,1,NULL,NULL
52510,120526,1339512479,0,NULL,NULL
52511,120154,1339265986,0,NULL,NULL
52511,125084,1339265986,0,NULL,NULL
52513,121383,1339122734,1,NULL,NULL
52513,123170,1339122734,0,NULL,NULL
52513,128781,1339122734,1,NULL,NULL
52514,120346,1339117645,1,NULL,NULL
52516,120709,1339045133,0,NULL,NULL
52516,128348,1339045133,0,NULL,NULL
52516,129849,1339045133,0,NULL,NULL
52516,128806,1339045133,0,NULL,NULL
52516,129816,1339045133,0,NULL,NULL
52516,120709,1339047448,0,NULL,NULL
52516,129816,1339047448,0,NULL,NULL
52516,129849,1339047448,0,NULL,NULL
52516,128806,1339047448,0,NULL,NULL
52516,128348,1339047448,0,NULL,NULL
52516,128348,1339047481,0,NULL,NULL
52517,129816,1338963982,0,NULL,NULL
52517,128781,1338963982,-1,NULL,NULL
52517,130579,1338963982,0,NULL,NULL
52517,128352,1338963982,1,NULL,NULL
52517,129860,1338963982,1,NULL,NULL
52517,129969,1338963982,1,NULL,NULL
52517,129806,1338963982,0,NULL,NULL
52517,130324,1338963982,1,NULL,NULL
52517,121383,1338963982,-1,NULL,NULL
52517,120176,1338963982,1,NULL,NULL
52517,120526,1338963982,0,NULL,NULL
52519,120676,1338914344,0,NULL,NULL
52519,120848,1338914344,0,NULL,NULL
52519,120176,1338914344,1,NULL,NULL
52519,120288,1338914344,0,NULL,NULL
52519,121866,1338914344,0,NULL,NULL
52521,129877,1338914331,0,NULL,NULL
52521,129859,1338914331,0,NULL,NULL
52521,130036,1338914331,0,NULL,NULL
52521,129880,1338914331,0,NULL,NULL
52521,129889,1338914331,0,NULL,NULL
52522,129247,1338869191,0,NULL,NULL
52523,120331,1338837392,0,NULL,NULL
52523,128445,1338837392,0,NULL,NULL
52524,128899,1338746422,0,NULL,NULL
52524,128899,1338832493,1,NULL,NULL
52525,121383,1338804414,1,NULL,NULL
52525,128452,1338804414,0,NULL,NULL
52527,129818,1338407642,0,NULL,NULL
52527,130324,1338407642,0,NULL,NULL
52527,129968,1338407642,0,NULL,NULL
52527,129815,1338407642,0,NULL,NULL
52527,129860,1338407642,0,NULL,NULL
52527,129969,1338407642,0,NULL,NULL
52527,120176,1338407642,1,NULL,NULL
52527,129862,1338407642,0,NULL,NULL
52527,120176,1338409596,-1,NULL,NULL
52527,130324,1338409596,-1,NULL,NULL
52527,129818,1338409596,0,NULL,NULL
52527,129969,1338409596,-1,NULL,NULL
52527,129860,1338409596,-1,NULL,NULL
52527,129968,1338409596,-1,NULL,NULL
52527,129815,1338409596,0,NULL,NULL
52527,129862,1338409596,-1,NULL,NULL
52527,128781,1338592700,0,NULL,NULL
52527,129818,1338592700,0,NULL,NULL
52527,130324,1338592700,1,NULL,NULL
52527,130074,1338592700,0,NULL,NULL
52527,129862,1338592700,1,NULL,NULL
52527,130528,1338592700,0,NULL,NULL
52527,129860,1338592700,1,NULL,NULL
52527,129969,1338592700,1,NULL,NULL
52527,129968,1338592700,1,NULL,NULL
52527,129815,1338592700,0,NULL,NULL
52527,120176,1338592700,1,NULL,NULL
52527,121383,1338592700,-1,NULL,NULL
52527,120764,1338613980,0,NULL,NULL
52529,123184,1338583413,0,NULL,NULL
52530,128352,1338483959,0,NULL,NULL
52530,120176,1338483959,0,NULL,NULL
52530,120848,1338483959,0,NULL,NULL
52531,130552,1338482087,0,NULL,NULL
52531,129097,1338482087,0,NULL,NULL
52531,129096,1338482087,0,NULL,NULL
52531,129098,1338482087,-1,NULL,NULL
52531,126856,1338482087,0,NULL,NULL
52531,128352,1338482087,-1,NULL,NULL
52531,125346,1338482087,0,NULL,NULL
52531,120084,1338482087,0,NULL,NULL
52531,120176,1338482087,0,NULL,NULL
52531,125317,1338482087,0,NULL,NULL
52531,121554,1338482087,0,NULL,NULL
52531,120771,1338482087,0,NULL,NULL
52532,128352,1338443276,1,NULL,NULL
52533,128774,1338438398,0,NULL,NULL
52534,128352,1338421904,0,NULL,NULL
52534,130596,1338438200,0,NULL,NULL
52536,120331,1338435987,0,NULL,NULL
52536,120127,1338435987,1,NULL,NULL
52536,130079,1338435987,0,NULL,NULL
52536,127513,1338435987,0,NULL,NULL
52536,126079,1338435987,0,NULL,NULL
52536,125483,1338435987,1,NULL,NULL
52537,128814,1338422380,0,NULL,NULL
52538,120195,1338416909,0,NULL,NULL
52538,120154,1338416909,0,NULL,NULL
52539,120312,1338414753,0,NULL,NULL
52540,128707,1338414157,0,NULL,NULL
52540,128675,1338414157,0,NULL,NULL
52540,128676,1338414157,0,NULL,NULL
52541,129098,1338411195,0,NULL,NULL
52541,125913,1338411195,0,NULL,NULL
52541,120066,1338411195,0,NULL,NULL
52541,120176,1338411195,0,NULL,NULL
52542,130032,1338410783,0,NULL,NULL
52544,130253,1338407379,0,NULL,NULL
52544,120176,1338407379,0,NULL,NULL
52544,120312,1338407379,0,NULL,NULL
52544,130074,1338407379,0,NULL,NULL
52545,131158,1327425599,1,NULL,NULL
52545,131143,1327425599,0,NULL,NULL
52545,131643,1327425599,1,NULL,NULL
52545,131643,1327429043,-1,NULL,NULL
52545,131158,1327429043,-1,NULL,NULL
52545,131143,1327429043,0,NULL,NULL
52545,128933,1338403100,0,NULL,NULL
52545,128927,1338403100,0,NULL,NULL
52545,128918,1338403100,0,NULL,NULL
52545,129218,1338403100,0,NULL,NULL
52546,130086,1338400558,0,NULL,NULL
52546,130067,1338400558,0,NULL,NULL
52548,126696,1338356667,0,NULL,NULL
52548,126687,1338356667,0,NULL,NULL
52548,120652,1338356667,0,NULL,NULL
52548,120092,1338356667,0,NULL,NULL
52548,120091,1338356667,-1,NULL,NULL
52548,126686,1338356667,0,NULL,NULL
52548,126698,1338356667,0,NULL,NULL
52548,126692,1338356667,0,NULL,NULL
52548,123823,1338356667,0,NULL,NULL
52548,126694,1338356667,0,NULL,NULL
52548,126695,1338356667,0,NULL,NULL
52549,129815,1338355575,0,NULL,NULL
52549,120871,1338355575,0,NULL,NULL
52549,120773,1338355575,0,NULL,NULL
52551,129248,1338330714,0,NULL,NULL
52551,129283,1338330714,0,NULL,NULL
52551,129252,1338330714,0,NULL,NULL
52551,129260,1338330714,0,NULL,NULL
52551,129247,1338330714,0,NULL,NULL
52551,129242,1338348471,0,NULL,NULL
52553,121866,1338333079,0,NULL,NULL
52555,129836,1338328963,0,NULL,NULL
52556,125483,1338311529,-1,NULL,NULL
52556,129099,1338311529,0,NULL,NULL
52556,128448,1338311529,0,NULL,NULL
52556,128456,1338311529,0,NULL,NULL
52556,120769,1338311529,0,NULL,NULL
52556,120848,1338311529,-1,NULL,NULL
52556,121383,1338311529,0,NULL,NULL
52556,121135,1338311529,0,NULL,NULL
52556,120139,1338311529,0,NULL,NULL
52556,120120,1338311529,0,NULL,NULL
52556,120062,1338311529,-1,NULL,NULL
52556,120135,1338311529,0,NULL,NULL
52556,120144,1338311529,0,NULL,NULL
52556,120127,1338311529,0,NULL,NULL
52556,120080,1338311529,0,NULL,NULL
52556,120091,1338311529,0,NULL,NULL
52556,120768,1338311529,0,NULL,NULL
52556,120713,1338311529,0,NULL,NULL
52556,120717,1338311529,0,NULL,NULL
52556,120655,1338311529,0,NULL,NULL
52556,120765,1338311529,0,NULL,NULL
52556,128457,1338311529,0,NULL,NULL
52557,120346,1338308329,0,NULL,NULL
52557,128445,1338308329,0,NULL,NULL
52558,120062,1338245034,0,NULL,NULL
52558,121523,1338245034,0,NULL,NULL
52558,120882,1338245034,0,NULL,NULL
52558,120881,1338245034,0,NULL,NULL
52558,130598,1338245034,0,NULL,NULL
52558,128849,1338245034,0,NULL,NULL
52558,121536,1338245034,0,NULL,NULL
52559,125483,1338227482,0,NULL,NULL
52561,128901,1338054764,1,NULL,NULL
52562,128901,1338052397,0,NULL,NULL
52568,130976,1337964849,1,NULL,NULL
52568,131525,1337964849,1,NULL,NULL
52568,130943,1337964849,-1,NULL,NULL
52568,131007,1337964849,0,NULL,NULL
52568,131523,1337964849,0,NULL,NULL
52569,131008,1337839550,-1,NULL,NULL
52569,131023,1337839550,0,NULL,NULL
52569,131034,1337839550,1,NULL,NULL
52569,131091,1337839550,1,NULL,NULL
52569,130691,1337839550,1,NULL,NULL
52569,131010,1337839550,1,NULL,NULL
52569,131082,1337839550,0,NULL,NULL
52569,131566,1337857890,0,NULL,NULL
52571,131400,1337819628,0,NULL,NULL
52571,131008,1337819628,0,NULL,NULL
52571,131604,1337819628,0,NULL,NULL
52571,130691,1337819628,1,NULL,NULL
52571,130949,1337819628,0,NULL,NULL
52571,131015,1337819628,0,NULL,NULL
52571,130693,1337819628,1,NULL,NULL
52571,131290,1337819628,0,NULL,NULL
52571,131531,1337819628,0,NULL,NULL
52572,130691,1337818703,0,NULL,NULL
52572,130703,1337818703,1,NULL,NULL
52572,130678,1337818703,0,0.0,0.0
52572,131290,1337818703,0,NULL,NULL
52572,130693,1337818703,0,NULL,NULL
52572,130949,1337818703,0,NULL,NULL
52572,131101,1337818703,0,NULL,NULL
52572,130694,1337818703,-1,NULL,NULL
52572,131569,1337818703,1,NULL,NULL
52575,131113,1337804264,1,NULL,NULL
52576,130926,1337788828,0,NULL,NULL
52578,131206,1337642466,0,NULL,NULL
52580,130907,1337633784,-1,NULL,NULL
52582,131525,1337420745,1,NULL,NULL
52582,130943,1337420745,1,NULL,NULL
52582,130943,1337428932,-1,NULL,NULL
52582,131525,1337428932,-1,NULL,NULL
52582,130943,1337620053,1,NULL,NULL
52582,131525,1337620053,1,NULL,NULL
52583,130635,1337404676,-1,NULL,NULL
52584,131227,1337385675,1,NULL,NULL
52585,131565,1337378924,1,NULL,NULL
52585,131023,1337378924,1,NULL,NULL
52585,131034,1337378924,1,NULL,NULL
52585,131082,1337378924,1,NULL,NULL
52586,130950,1337363044,0,NULL,NULL
52586,130941,1337363044,0,NULL,NULL
52586,131335,1337363044,1,NULL,NULL
52586,131034,1337363044,-1,NULL,NULL
52586,131724,1337363044,1,NULL,NULL
52587,130943,1337363432,0,NULL,NULL
52587,131525,1337363432,1,NULL,NULL
52588,130648,1337294116,1,NULL,NULL
52588,130648,1337358220,0,NULL,NULL
52590,130876,1337295583,0,NULL,NULL
52591,130976,1337295464,1,NULL,NULL
52591,130943,1337295464,0,NULL,NULL
52591,131525,1337295464,1,NULL,NULL
52593,131696,1337291592,0,NULL,NULL
52593,131290,1337291592,0,NULL,NULL
52595,130722,1337282128,1,NULL,NULL
52595,130902,1337282128,1,NULL,NULL
52595,130932,1337282128,1,NULL,NULL
52596,131290,1337272066,0,NULL,NULL
52598,131008,1337231175,1,NULL,NULL
52598,131439,1337231175,0,NULL,NULL
52598,130949,1337231175,1,NULL,NULL
52598,131373,1337231175,0,NULL,NULL
52598,130691,1337231175,1,NULL,NULL
52599,131034,1337119008,1,NULL,NULL
52600,131082,1337104446,0,NULL,NULL
52600,131023,1337104446,-1,NULL,NULL
52602,130943,1337019277,1,NULL,NULL
52602,130648,1337019277,-1,NULL,NULL
52602,131604,1337019277,1,NULL,NULL
52602,130976,1337019277,1,NULL,NULL
52602,130949,1337019277,0,NULL,NULL
52603,131625,1336858715,1,NULL,NULL
52604,130654,1336858452,0,NULL,NULL
52606,131205,1336820999,1,NULL,NULL
52606,131206,1336820999,1,NULL,NULL
52607,131666,1336818322,0,NULL,NULL
52607,131206,1336818322,0,NULL,NULL
52607,131211,1336818322,0,NULL,NULL
52607,131205,1336818322,0,NULL,NULL
52607,131209,1336818322,0,NULL,NULL
52607,131667,1336818322,0,NULL,NULL
52607,131668,1336818322,0,NULL,NULL
52607,131212,1336818322,0,NULL,NULL
52609,131354,1336801684,1,NULL,NULL
52610,130889,1336774017,1,NULL,NULL
52610,131203,1336774017,-1,NULL,NULL
52610,130871,1336774017,1,NULL,NULL
52610,131016,1336774017,1,NULL,NULL
52610,130876,1336774017,1,NULL,NULL
52611,130807,1336778680,0,NULL,NULL
52611,131463,1336778680,1,NULL,NULL
52612,131408,1336744652,1,NULL,NULL
52613,131078,1336680916,-1,NULL,NULL
52614,131502,1336668468,0,NULL,NULL
52614,130876,1336668468,1,NULL,NULL
52614,131033,1336668468,1,NULL,NULL
52614,131453,1336668468,-1,NULL,NULL
52615,130803,1336589247,1,NULL,NULL
52616,131078,1336588421,-1,NULL,NULL
52617,131525,1336584560,1,NULL,NULL
52617,130943,1336584560,1,NULL,NULL
52617,130976,1336584560,1,NULL,NULL
52621,131052,1336507924,1,NULL,NULL
52623,130691,1336242054,1,NULL,NULL
52624,131400,1336191772,-1,NULL,NULL
52624,131439,1336191772,-1,NULL,NULL
52624,131543,1336191772,-1,NULL,NULL
52624,131569,1336191772,0,NULL,NULL
52624,131011,1336191772,-1,NULL,NULL
52624,131009,1336191772,0,NULL,NULL
52624,131016,1336191772,-1,NULL,NULL
52624,131034,1336191772,1,NULL,NULL
52624,131410,1336191772,-1,NULL,NULL
52624,131513,1336191772,-1,NULL,NULL
52624,131545,1336191772,-1,NULL,NULL
52624,131376,1336191772,0,NULL,NULL
52624,131590,1336191772,-1,NULL,NULL
52624,131036,1336191772,0,NULL,NULL
52624,130638,1336191772,0,0.0,0.0
52624,131008,1336191772,0,NULL,NULL
52624,131592,1336191772,-1,NULL,NULL
52624,131007,1336191772,1,NULL,NULL
52624,131394,1336191772,0,NULL,NULL
52624,131398,1336191772,0,NULL,NULL
52624,131441,1336191772,-1,NULL,NULL
52624,131535,1336191772,-1,NULL,NULL
52624,131387,1336191772,0,NULL,NULL
52624,130691,1336191772,0,NULL,NULL
52624,130930,1336191772,0,NULL,NULL
52624,130946,1336191772,0,NULL,NULL
52624,131010,1336191772,1,NULL,NULL
52624,131696,1336191772,-1,NULL,NULL
52624,131537,1336191772,-1,NULL,NULL
52624,131373,1336191772,-1,NULL,NULL
52624,131530,1336191772,-1,NULL,NULL
52624,130964,1336191772,0,NULL,NULL
52624,130875,1336191772,0,NULL,NULL
52624,131604,1336191772,-1,NULL,NULL
52624,131014,1336191772,-1,NULL,NULL
52624,131018,1336191772,-1,NULL,NULL
52625,131034,1335212985,1,NULL,NULL
52625,131034,1335461413,-1,NULL,NULL
52625,131034,1336144787,1,NULL,NULL
52626,131369,1336115723,1,NULL,NULL
52627,131354,1336115298,0,NULL,NULL
52627,131506,1336115298,0,NULL,NULL
52627,131510,1336115298,1,NULL,NULL
52629,130693,1336090285,0,NULL,NULL
52629,131290,1336090285,0,NULL,NULL
52630,131034,1336086070,1,NULL,NULL
52630,131102,1336086070,1,NULL,NULL
52630,131033,1336086070,1,NULL,NULL
52632,130872,1336062404,1,NULL,NULL
52632,130677,1336062404,1,NULL,NULL
52634,131110,1336018466,0,NULL,NULL
52634,131268,1336018466,0,NULL,NULL
52634,130965,1336018466,0,NULL,NULL
52635,130680,1336008384,1,NULL,NULL
52636,131384,1335986341,0,NULL,NULL
52636,131414,1335986341,1,NULL,NULL
52636,130714,1335986341,1,NULL,NULL
52636,130647,1335986341,1,NULL,NULL
52637,131573,1335980443,1,NULL,NULL
52637,131033,1335980443,-1,NULL,NULL
52638,131033,1335822534,-1,NULL,NULL
52638,131573,1335822534,1,NULL,NULL
52638,131573,1335979573,-1,NULL,NULL
52638,131033,1335979573,1,NULL,NULL
52640,131014,1335979464,1,NULL,NULL
52640,131018,1335979464,1,NULL,NULL
52640,131007,1335979464,0,NULL,NULL
52640,131033,1335979464,1,NULL,NULL
52640,131769,1335979464,1,NULL,NULL
52640,130687,1335979464,0,NULL,NULL
52640,131010,1335979464,1,NULL,NULL
52640,130721,1335979464,1,NULL,NULL
52640,131016,1335979464,0,NULL,NULL
52640,131011,1335979464,1,NULL,NULL
52640,131034,1335979464,0,NULL,NULL
52640,131436,1335979464,0,NULL,NULL
52641,131018,1335975996,1,NULL,NULL
52641,130959,1335975996,0,NULL,NULL
52641,131523,1335975996,0,NULL,NULL
52641,131007,1335975996,0,NULL,NULL
52641,130949,1335975996,0,NULL,NULL
52641,131113,1335975996,0,NULL,NULL
52641,131535,1335975996,1,NULL,NULL
52641,131396,1335975996,0,NULL,NULL
52641,131388,1335975996,-1,NULL,NULL
52641,131530,1335975996,-1,NULL,NULL
52641,131696,1335975996,0,NULL,NULL
52641,130965,1335975996,1,NULL,NULL
52641,131079,1335975996,1,NULL,NULL
52641,131544,1335975996,-1,-1.0,-1.0
52641,131602,1335975996,-1,NULL,NULL
52641,131604,1335975996,0,NULL,NULL
52641,131610,1335975996,1,NULL,NULL
52641,131611,1335975996,0,0.0,0.0
52641,130943,1335975996,-1,NULL,NULL
52641,131110,1335975996,0,NULL,NULL
52641,131525,1335975996,1,NULL,NULL
52641,131340,1335975996,0,NULL,NULL
52641,131341,1335975996,0,0.0,0.0
52641,131536,1335975996,0,NULL,NULL
52641,131390,1335975996,0,NULL,NULL
52641,131446,1335975996,-1,NULL,NULL
52641,131335,1335975996,0,NULL,NULL
52641,131346,1335975996,-1,NULL,NULL
52641,131354,1335975996,0,NULL,NULL
52641,131348,1335975996,-1,NULL,NULL
52641,131081,1335975996,1,NULL,NULL
52641,130659,1335975996,1,NULL,NULL
52641,130941,1335975996,0,NULL,NULL
52641,131034,1335975996,0,NULL,NULL
52641,130764,1335975996,0,NULL,NULL
52641,130765,1335975996,0,NULL,NULL
52642,131008,1335914102,1,NULL,NULL
52642,131011,1335914102,0,NULL,NULL
52642,131769,1335914102,-1,NULL,NULL
52643,131008,1335906141,-1,NULL,NULL
52643,131007,1335906141,1,NULL,NULL
52644,131033,1335905317,1,NULL,NULL
52650,131696,1335767639,0,NULL,NULL
52650,131290,1335767639,1,NULL,NULL
52651,131033,1335586515,0,NULL,NULL
52651,131096,1335586515,1,NULL,NULL
52651,131066,1335586515,1,NULL,NULL
52652,130803,1335585576,0,NULL,NULL
52652,131483,1335585576,0,NULL,NULL
52653,130752,1335570861,0,NULL,NULL
52654,130847,1335470903,-1,NULL,NULL
52654,131489,1335470903,0,NULL,NULL
52654,131494,1335470903,-1,NULL,NULL
52654,130853,1335470903,0,NULL,NULL
52654,130848,1335470903,1,NULL,NULL
52655,131033,1335463198,0,NULL,NULL
52655,131099,1335463198,0,NULL,NULL
52655,131592,1335463198,1,NULL,NULL
52655,131034,1335463198,-1,NULL,NULL
52655,131100,1335463198,1,NULL,NULL
52655,131098,1335463198,0,NULL,NULL
52658,130859,1335459831,0,NULL,NULL
52658,131495,1335459831,1,NULL,NULL
52659,131033,1335405538,1,NULL,NULL
52659,131047,1335405538,0,NULL,NULL
52659,131052,1335405538,0,NULL,NULL
52659,131110,1335405538,0,NULL,NULL
52660,131506,1335388776,1,NULL,NULL
52660,131354,1335388776,-1,NULL,NULL
52662,131400,1335284062,1,NULL,NULL
52662,130691,1335284062,0,NULL,NULL
52662,131506,1335330435,0,NULL,NULL
52662,131354,1335330435,-1,NULL,NULL
52662,131387,1335368147,0,NULL,NULL
52662,130943,1335368147,1,NULL,NULL
52663,131034,1335232274,-1,NULL,NULL
52663,131034,1335246955,1,NULL,NULL
52663,131371,1335332778,0,NULL,NULL
52663,131034,1335332778,-1,NULL,NULL
52664,131509,1335312460,0,NULL,NULL
52668,131708,1335220540,1,NULL,NULL
52670,131118,1335215109,-1,1.0,1.0
52671,131450,1335210013,1,NULL,NULL
52671,131541,1335210013,-1,NULL,NULL
52671,131353,1335210013,0,0.0,0.0
52671,131299,1335210013,1,NULL,NULL
52671,131573,1335210013,1,NULL,NULL
52671,130859,1335210013,1,0.0,0.0
52671,131628,1335210013,1,NULL,NULL
52671,131603,1335210013,1,1.0,1.0
52671,131562,1335210013,1,NULL,NULL
52671,131585,1335210013,-1,NULL,NULL
52671,131564,1335210013,0,NULL,NULL
52671,131610,1335210013,0,NULL,NULL
52671,131611,1335210013,0,1.0,1.0
52671,131033,1335210013,1,NULL,NULL
52671,130992,1335210013,0,NULL,NULL
52671,131535,1335210013,-1,NULL,NULL
52671,131703,1335210013,1,0.0,0.0
52671,131563,1335210013,1,NULL,NULL
52671,131594,1335210013,-1,NULL,NULL
52671,131575,1335211291,0,NULL,NULL
52672,131394,1335204736,0,NULL,NULL
52672,131046,1334348901,0,NULL,NULL
52672,130943,1335204736,-1,NULL,NULL
52672,131291,1335204736,-1,NULL,NULL
52672,131400,1335204736,1,NULL,NULL
52672,131034,1335204736,-1,NULL,NULL
52672,131398,1334348901,1,NULL,NULL
52672,131128,1335204736,-1,NULL,NULL
52672,131323,1335204736,0,NULL,NULL
52672,131009,1335204736,0,NULL,NULL
52672,131525,1334348901,-1,NULL,NULL
52672,130677,1335204736,0,NULL,NULL
52672,130813,1334348901,0,NULL,NULL
52672,131769,1335204736,1,NULL,NULL
52672,130964,1335204736,-1,NULL,NULL
52672,130691,1335204736,1,NULL,NULL
52672,131036,1334348901,1,NULL,NULL
52672,131525,1335204736,0,1.0,1.0
52672,130680,1334348901,-1,NULL,NULL
52672,130693,1335204736,-1,NULL,NULL
52672,131739,1335204736,0,NULL,NULL
52672,131014,1334348901,0,NULL,NULL
52672,131464,1334348901,1,NULL,NULL
52672,131036,1335204736,-1,NULL,NULL
52672,131522,1335204736,-1,NULL,NULL
52672,131007,1335204736,1,NULL,NULL
52672,131397,1334348901,-1,NULL,NULL
52672,130878,1335204736,0,NULL,NULL
52672,131394,1334348901,1,NULL,NULL
52672,131407,1335204736,0,NULL,NULL
52672,130724,1334348901,0,NULL,NULL
52672,130809,1334348901,0,NULL,NULL
52672,131526,1334348901,0,0.0,0.0
52672,131526,1335204736,0,0.0,0.0
52672,131522,1334348901,1,NULL,NULL
52672,131290,1335204736,-1,NULL,NULL
52672,130870,1335204736,-1,NULL,NULL
52672,131573,1335204736,0,NULL,NULL
52672,131738,1335204736,1,NULL,NULL
52672,131576,1335204736,1,NULL,NULL
52672,131398,1335204736,1,NULL,NULL
52672,131010,1335204736,0,NULL,NULL
52672,130870,1334348901,1,NULL,NULL
52672,131560,1334348901,0,NULL,NULL
52672,130687,1334348901,1,NULL,NULL
52672,130913,1333143524,0,NULL,NULL
52672,130919,1334348901,1,NULL,NULL
52672,131696,1335204736,-1,NULL,NULL
52672,131534,1335204736,0,NULL,NULL
52672,131576,1334348901,1,NULL,NULL
52672,131034,1334348901,-1,NULL,NULL
52672,130694,1334348901,1,NULL,NULL
52672,131397,1335204736,0,NULL,NULL
52672,130878,1334348901,0,NULL,NULL
52672,131536,1334348901,0,NULL,NULL
52672,130693,1334348901,1,NULL,NULL
52672,130889,1335204736,1,NULL,NULL
52672,131008,1335204736,0,NULL,NULL
52672,131007,1334348901,0,NULL,NULL
52672,130694,1335204736,-1,NULL,NULL
52675,130943,1335170802,0,NULL,NULL
52675,130859,1335170802,0,NULL,NULL
52675,131037,1335170802,0,NULL,NULL
52675,131053,1335170802,-1,NULL,NULL
52675,131277,1335170802,0,NULL,NULL
52675,131278,1335170802,-1,NULL,NULL
52675,130889,1335170802,0,NULL,NULL
52675,131265,1335170802,0,NULL,NULL
52675,131313,1335170802,0,NULL,NULL
52675,131352,1335170802,0,NULL,NULL
52675,131283,1335170802,-1,NULL,NULL
52675,130847,1335170802,0,NULL,NULL
52675,130644,1335170802,-1,NULL,NULL
52675,130778,1335170802,-1,NULL,NULL
52675,130830,1335170802,-1,NULL,NULL
52675,131033,1335170802,0,NULL,NULL
52675,131090,1335170802,0,NULL,NULL
52675,131083,1335170802,0,NULL,NULL
52675,131316,1335170802,-1,NULL,NULL
52676,131400,1334943362,1,NULL,NULL
52676,130949,1334943362,0,NULL,NULL
52676,131439,1334991646,0,NULL,NULL
52677,131033,1334875770,0,NULL,NULL
52677,130694,1334875770,1,NULL,NULL
52677,131444,1334884049,1,NULL,NULL
52677,130694,1334884049,0,NULL,NULL
52677,131424,1334884049,-1,NULL,NULL
52677,131444,1334943362,-1,NULL,NULL
52677,130694,1334943362,-1,NULL,NULL
52677,131424,1334943362,1,NULL,NULL
52678,131033,1334875530,-1,NULL,NULL
52678,131105,1334875530,1,NULL,NULL
52678,131592,1334875530,1,NULL,NULL
52679,130943,1334858731,1,NULL,NULL
52679,131525,1334858731,0,NULL,NULL
52679,130949,1334858731,0,NULL,NULL
52680,130729,1334852396,0,NULL,NULL
52680,130744,1334852396,0,NULL,NULL
52682,131113,1334786364,-1,NULL,NULL
52683,131472,1334786243,0,NULL,NULL
52683,130943,1334786243,0,NULL,NULL
52684,131503,1334784660,0,NULL,NULL
52684,131546,1334784660,0,NULL,NULL
52684,131581,1334784660,0,NULL,NULL
52684,131547,1334784660,0,NULL,NULL
52684,131589,1334784660,0,NULL,NULL
52684,131445,1334784660,0,NULL,NULL
52684,131525,1334784660,0,NULL,NULL
52684,131502,1334784660,0,NULL,NULL
52684,131536,1334784660,0,NULL,NULL
52684,131548,1334784660,0,NULL,NULL
52684,131533,1334784660,0,NULL,NULL
52684,131708,1334784660,0,NULL,NULL
52685,131619,1334784097,0,NULL,NULL
52685,131615,1334784097,1,NULL,NULL
52686,131695,1334782499,1,NULL,NULL
52686,131286,1334782499,0,NULL,NULL
52686,131033,1334782499,0,NULL,NULL
52687,131619,1334781501,0,NULL,NULL
52687,131110,1334781501,1,NULL,NULL
52688,130637,1334780750,0,NULL,NULL
52689,131497,1334780384,0,NULL,NULL
52690,131290,1334777488,1,NULL,NULL
52691,131738,1334775210,0,NULL,NULL
52691,130724,1334775210,1,NULL,NULL
52691,130872,1334775210,1,NULL,NULL
52691,130870,1334775210,0,NULL,NULL
52691,130889,1334775210,1,NULL,NULL
52691,130722,1334775210,0,NULL,NULL
52691,130878,1334775210,0,NULL,NULL
52692,131747,1334773246,1,NULL,NULL
52692,131763,1334773246,0,NULL,NULL
52693,131525,1334718924,1,NULL,NULL
52693,130943,1334718924,0,NULL,NULL
52695,130917,1334709148,1,NULL,NULL
52695,131511,1334709148,1,NULL,NULL
52696,131571,1334708574,1,NULL,NULL
52696,131362,1334708574,1,NULL,NULL
52697,131615,1334705009,1,NULL,NULL
52698,131592,1334703690,0,NULL,NULL
52698,131100,1334703690,0,NULL,NULL
52698,131105,1334703690,0,NULL,NULL
52698,131034,1334703690,0,NULL,NULL
52698,131769,1334703690,0,NULL,NULL
52698,131033,1334703690,-1,NULL,NULL
52698,131086,1334703690,0,NULL,NULL
52699,131615,1334697180,1,NULL,NULL
52701,131615,1334635038,0,NULL,NULL
52702,131351,1334613357,0,NULL,NULL
52703,130644,1334609042,1,NULL,NULL
52703,131388,1334609042,1,NULL,NULL
52704,131033,1334609003,0,NULL,NULL
52705,131696,1334529831,0,NULL,NULL
52706,131291,1334480351,-1,NULL,NULL
52707,131034,1334366727,0,NULL,NULL
52707,130638,1334366727,0,0.0,0.0
52707,131354,1334366727,1,NULL,NULL
52707,131685,1334366727,0,NULL,NULL
52707,131599,1334366727,0,NULL,NULL
52707,130949,1334366727,0,NULL,NULL
52707,131686,1334366727,-1,NULL,NULL
52707,131530,1334366727,0,NULL,NULL
52707,131696,1334366727,0,NULL,NULL
52707,131383,1334366727,0,NULL,NULL
52707,130959,1334366727,0,NULL,NULL
52708,131520,1334290394,0,NULL,NULL
52708,131520,1334357349,-1,NULL,NULL
52709,131519,1334357125,0,NULL,NULL
52709,131544,1334357125,1,NULL,NULL
52709,131375,1334357125,1,NULL,NULL
52709,131484,1334357125,0,NULL,NULL
52709,130638,1334357125,0,0.0,0.0
52709,131354,1334357125,1,NULL,NULL
52709,131706,1334357125,0,NULL,NULL
52709,131720,1334357125,0,NULL,NULL
52709,131493,1334357125,0,NULL,NULL
52709,131508,1334357125,-1,NULL,NULL
52709,131619,1334357125,0,NULL,NULL
52709,131353,1334357125,0,0.0,0.0
52709,131377,1334357125,0,NULL,NULL
52709,131390,1334357125,1,NULL,NULL
52709,131486,1334357125,-1,NULL,NULL
52709,130965,1334357125,1,NULL,NULL
52709,131497,1334357125,-1,NULL,NULL
52709,131434,1334357125,0,NULL,NULL
52709,131606,1334357125,-1,NULL,NULL
52709,131490,1334357125,0,NULL,NULL
52709,131435,1334357125,0,NULL,NULL
52711,131328,1334299476,1,NULL,NULL
52712,131348,1334267634,0,NULL,NULL
52712,131390,1334267634,1,NULL,NULL
52713,131033,1334252799,-1,NULL,NULL
52713,131402,1334252799,1,NULL,NULL
52714,131709,1334252692,1,NULL,NULL
52714,131315,1334252692,1,NULL,NULL
52714,131290,1334252692,1,NULL,NULL
52715,130964,1334251225,1,NULL,NULL
52715,131527,1334251225,1,NULL,NULL
52716,130698,1334249900,0,NULL,NULL
52717,131402,1334247025,1,NULL,NULL
52717,130687,1334247025,1,NULL,NULL
52718,131286,1334174652,0,NULL,NULL
52718,131299,1334174652,0,NULL,NULL
52718,131053,1334174652,0,NULL,NULL
52718,130943,1334174652,0,NULL,NULL
52718,131313,1334174652,0,NULL,NULL
52718,130846,1334174652,0,NULL,NULL
52718,131128,1334174652,-1,NULL,NULL
52718,131285,1334174652,0,NULL,NULL
52718,130949,1334174652,1,NULL,NULL
52718,130906,1334174652,0,NULL,NULL
52718,130948,1334174652,0,NULL,NULL
52718,130964,1334174652,0,NULL,NULL
52718,131083,1334174652,0,NULL,NULL
52721,131447,1334118986,0,NULL,NULL
52721,130965,1334118986,0,NULL,NULL
52721,131126,1334118986,0,NULL,NULL
52721,130865,1334118986,-1,NULL,NULL
52721,130863,1334118986,0,NULL,NULL
52721,130765,1334118986,-1,NULL,NULL
52721,130948,1334118986,0,NULL,NULL
52721,130986,1334118986,-1,NULL,NULL
52721,131127,1334118986,0,NULL,NULL
52721,130889,1334118986,-1,NULL,NULL
52721,130717,1334118986,0,NULL,NULL
52721,130921,1334118986,-1,NULL,NULL
52721,131110,1334118986,-1,NULL,NULL
52722,131441,1334100785,1,NULL,NULL
52722,131436,1334100785,1,NULL,NULL
52722,131508,1334100785,0,NULL,NULL
52722,131442,1334100785,0,NULL,NULL
52722,131354,1334100785,1,NULL,NULL
52724,131034,1334082571,1,NULL,NULL
52724,131335,1334082571,0,NULL,NULL
52725,130871,1334081725,1,NULL,NULL
52726,131034,1334074458,0,NULL,NULL
52726,131324,1334074458,0,NULL,NULL
52726,131334,1334074458,0,NULL,NULL
52726,130949,1334074458,0,NULL,NULL
52727,131033,1334027196,0,NULL,NULL
52728,131739,1333659537,1,NULL,NULL
52728,131348,1333986244,0,NULL,NULL
52728,131736,1333986244,0,NULL,NULL
52728,131747,1334016327,-1,NULL,NULL
52730,131033,1334012299,0,NULL,NULL
52730,131025,1334012299,0,NULL,NULL
52731,131434,1334010475,1,NULL,NULL
52731,130752,1334010475,1,0.0,0.0
52732,131033,1333983292,0,NULL,NULL
52732,130645,1333983292,-1,0.0,0.0
52732,131081,1333983292,0,NULL,NULL
52732,131353,1333983292,0,0.0,0.0
52732,131603,1333983292,0,NULL,NULL
52732,131436,1333983292,0,NULL,NULL
52732,130637,1333983292,1,0.0,0.0
52732,130638,1333983292,0,0.0,0.0
52732,131082,1333983292,0,NULL,NULL
52733,131223,1333962011,0,NULL,NULL
52733,131225,1333962011,0,NULL,NULL
52733,131673,1333962011,1,NULL,NULL
52734,130919,1333920859,1,NULL,NULL
52735,130965,1333841548,0,NULL,NULL
52736,131739,1333840540,0,NULL,NULL
52737,131033,1333812659,-1,NULL,NULL
52737,131113,1333812659,-1,NULL,NULL
52737,131573,1333812659,1,NULL,NULL
52738,131674,1333755421,0,NULL,NULL
52738,131673,1333755421,0,NULL,NULL
52738,131227,1333755421,-1,NULL,NULL
52739,131290,1333752070,0,NULL,NULL
52741,131331,1333743310,0,NULL,NULL
52741,131843,1333743310,1,NULL,NULL
52741,131340,1333743310,0,NULL,NULL
52741,130693,1333743310,0,NULL,NULL
52741,131018,1333743310,1,NULL,NULL
52742,131340,1333739142,-1,NULL,NULL
52742,131524,1333739142,0,NULL,NULL
52742,131034,1333739142,0,NULL,NULL
52742,130941,1333739142,1,NULL,NULL
52742,131590,1333739142,0,NULL,NULL
52742,131348,1333739142,1,NULL,NULL
52742,131352,1333739142,0,NULL,NULL
52742,131582,1333739142,0,NULL,NULL
52742,130949,1333739142,0,NULL,NULL
52742,131018,1333739142,1,NULL,NULL
52742,130693,1333739142,0,NULL,NULL
52743,130949,1333728222,1,NULL,NULL
52744,130943,1332717720,1,NULL,NULL
52744,130943,1333719783,-1,NULL,NULL
52745,131525,1333683964,0,NULL,NULL
52745,130943,1333683964,1,NULL,NULL
52745,130638,1333683964,0,0.0,0.0
52745,130983,1333683964,1,NULL,NULL
52745,130949,1333683964,1,NULL,NULL
52746,130694,1333667107,0,NULL,NULL
52746,131082,1333667107,0,NULL,NULL
52746,131078,1333667107,1,NULL,NULL
52746,131033,1333667107,1,NULL,NULL
52746,130906,1333667107,0,NULL,NULL
52746,131306,1333667107,-1,NULL,NULL
52746,131083,1333667107,0,NULL,NULL
52746,131104,1333667107,0,NULL,NULL
52747,131390,1333663781,0,NULL,NULL
52747,131348,1333663781,1,NULL,NULL
52748,131354,1333657255,0,NULL,NULL
52748,131348,1333663358,1,NULL,NULL
52748,131354,1333663358,0,NULL,NULL
52748,131390,1333663358,0,NULL,NULL
52748,131390,1333663466,0,NULL,NULL
52748,131354,1333663466,0,NULL,NULL
52748,131348,1333663466,-1,NULL,NULL
52748,131354,1333663565,0,NULL,NULL
52750,130647,1333658858,1,NULL,NULL
52750,131384,1333658858,0,NULL,NULL
52751,130949,1333652229,-1,NULL,NULL
52751,130978,1333652229,0,NULL,NULL
52751,130974,1333652229,0,NULL,NULL
52751,131526,1333652229,0,0.0,0.0
52751,131522,1333652229,0,NULL,NULL
52751,130959,1333652229,0,NULL,NULL
52751,130970,1333652229,0,NULL,NULL
52751,130979,1333652229,0,NULL,NULL
52751,130980,1333652229,-1,NULL,NULL
52751,131034,1333652229,-1,NULL,NULL
52751,130764,1333652229,0,NULL,NULL
52751,130943,1333652229,0,NULL,NULL
52751,130981,1333652229,0,NULL,NULL
52751,131023,1333652229,-1,NULL,NULL
52751,131680,1333652229,0,NULL,NULL
52751,131352,1333652229,-1,NULL,NULL
52751,130648,1333652229,1,NULL,NULL
52751,130964,1333652229,0,NULL,NULL
52752,130949,1333576392,0,NULL,NULL
52752,130980,1333576392,1,NULL,NULL
52752,130943,1333576392,0,NULL,NULL
52753,130846,1333553788,-1,NULL,NULL
52754,130965,1333490685,1,NULL,NULL
52755,130805,1333470410,0,NULL,NULL
52755,130871,1333470410,1,NULL,NULL
52755,130876,1333470410,-1,NULL,NULL
52755,131203,1333470410,1,NULL,NULL
52756,131101,1333465718,0,NULL,NULL
52757,130913,1333465038,0,NULL,NULL
52760,131112,1333407776,1,NULL,NULL
52761,131081,1333399702,0,NULL,NULL
52761,131603,1333399702,1,NULL,NULL
52761,131034,1333399702,-1,NULL,NULL
52761,131033,1333399702,0,NULL,NULL
52762,131033,1333398627,-1,NULL,NULL
52762,130969,1333398627,0,NULL,NULL
52763,131227,1333389588,0,NULL,NULL
52765,130694,1333153582,1,NULL,NULL
52765,131405,1333153582,1,NULL,NULL
52766,130792,1333136007,0,NULL,NULL
52766,131462,1333136007,1,NULL,NULL
52767,131033,1332354318,-1,NULL,NULL
52767,131033,1332358113,1,NULL,NULL
52767,131033,1332438572,-1,NULL,NULL
52767,131079,1332438572,-1,NULL,NULL
52768,130737,1333129557,1,NULL,NULL
52768,131604,1333129557,-1,NULL,NULL
52768,131405,1333129557,1,NULL,NULL
52768,131390,1333129557,-1,NULL,NULL
52768,131348,1333129557,0,NULL,NULL
52768,131354,1333129557,1,NULL,NULL
52768,131290,1333129557,-1,NULL,NULL
52770,130913,1333056203,0,NULL,NULL
52772,131034,1333046042,0,NULL,NULL
52773,131158,1333038101,0,NULL,NULL
52773,130694,1333038101,0,NULL,NULL
52773,130708,1333038101,0,NULL,NULL
52773,130712,1333038101,0,NULL,NULL
52773,130689,1333038101,0,NULL,NULL
52773,130684,1333038101,0,NULL,NULL
52773,130752,1333038101,0,0.0,0.0
52773,130698,1333038101,0,NULL,NULL
52774,131445,1332979157,0,NULL,NULL
52774,131019,1332979157,0,NULL,NULL
52774,131033,1332979157,1,NULL,NULL
52775,130964,1332880813,0,NULL,NULL
52776,130992,1332819291,0,NULL,NULL
52777,130629,1332803162,0,NULL,NULL
52777,130941,1332803162,0,NULL,NULL
52777,130659,1332803162,0,NULL,NULL
52777,130949,1332803162,1,NULL,NULL
52778,131118,1332794566,1,NULL,NULL
52778,131110,1332794566,1,NULL,NULL
52779,131325,1332789702,0,NULL,NULL
52779,131034,1332789702,1,NULL,NULL
52779,131102,1332789702,1,NULL,NULL
52779,131110,1332789702,0,NULL,NULL
52779,130852,1332789702,-1,NULL,NULL
52779,130846,1332789702,1,NULL,NULL
52779,130853,1332789702,-1,NULL,NULL
52779,130855,1332789702,-1,NULL,NULL
52779,130856,1332789702,-1,NULL,NULL
52780,130876,1332541951,1,NULL,NULL
52780,131739,1332783576,0,NULL,NULL
52781,131338,1332626561,-1,NULL,NULL
52781,131317,1332626561,0,NULL,NULL
52782,130638,1332623740,0,0.0,0.0
52782,131343,1332623740,0,NULL,NULL
52784,131716,1332546835,0,NULL,NULL
52784,131717,1332546835,0,NULL,NULL
52784,131718,1332546835,0,NULL,NULL
52784,130943,1332546835,0,NULL,NULL
52784,131697,1332546835,-1,NULL,NULL
52784,131291,1332546835,1,NULL,NULL
52784,131354,1332546835,0,NULL,NULL
52784,131714,1332546835,0,NULL,NULL
52784,131328,1332546835,1,NULL,NULL
52784,130949,1332546835,0,NULL,NULL
52784,130846,1332546835,0,NULL,NULL
52784,131696,1332546835,1,NULL,NULL
52784,131290,1332546835,1,NULL,NULL
52785,130850,1332540173,0,NULL,NULL
52785,131470,1332540173,0,NULL,NULL
52785,130815,1332540173,-1,NULL,NULL
52785,130823,1332540173,0,NULL,NULL
52785,130820,1332540173,0,NULL,NULL
52785,130847,1332540173,0,NULL,NULL
52785,131556,1332540173,1,NULL,NULL
52785,131487,1332540173,0,NULL,NULL
52785,131557,1332540173,0,NULL,NULL
52785,130828,1332540173,0,NULL,NULL
52785,130817,1332540173,0,NULL,NULL
52785,130821,1332540173,1,NULL,NULL
52788,131081,1332537521,0,NULL,NULL
52789,131673,1332537350,1,NULL,NULL
52789,131227,1332537350,1,NULL,NULL
52791,131227,1332449035,-1,NULL,NULL
52791,131036,1332449035,0,NULL,NULL
52792,131123,1332439992,0,NULL,NULL
52794,131136,1332359291,1,NULL,NULL
52794,131152,1332359291,1,NULL,NULL
52794,131144,1332359291,1,NULL,NULL
52794,131147,1332359291,1,NULL,NULL
52794,131151,1332359291,1,NULL,NULL
52794,131150,1332359291,1,NULL,NULL
52794,131143,1332359291,1,NULL,NULL
52794,131148,1332359291,1,NULL,NULL
52794,131139,1332359291,1,NULL,NULL
52794,131154,1332359291,1,NULL,NULL
52794,131165,1332359291,1,NULL,NULL
52795,130949,1332358254,1,NULL,NULL
52796,130876,1332357479,1,NULL,NULL
52797,131076,1331837191,0,NULL,NULL
52797,131561,1331837191,-1,NULL,NULL
52797,131561,1331967571,1,NULL,NULL
52797,131076,1331967571,0,NULL,NULL
52797,131565,1332287873,0,0.0,0.0
52797,131384,1332287873,0,NULL,NULL
52797,130647,1332287873,0,NULL,NULL
52797,131076,1332287873,0,NULL,NULL
52797,131561,1332287873,-1,NULL,NULL
52798,131082,1332277478,0,NULL,NULL
52799,131033,1332263450,0,NULL,NULL
52799,131436,1332263450,0,NULL,NULL
52799,131453,1332263450,1,NULL,NULL
52800,130828,1332184339,0,NULL,NULL
52800,130843,1332184339,1,NULL,NULL
52800,131488,1332184339,0,NULL,NULL
52800,130819,1332184339,0,NULL,NULL
52800,130820,1332184339,0,NULL,NULL
52800,131556,1332184339,0,NULL,NULL
52800,131487,1332184339,1,NULL,NULL
52800,130815,1332184339,1,NULL,NULL
52800,130823,1332184339,0,NULL,NULL
52800,131470,1332184339,0,NULL,NULL
52800,130856,1332184339,0,NULL,NULL
52800,130847,1332184339,-1,NULL,NULL
52800,130850,1332184339,1,NULL,NULL
52800,130817,1332184339,0,NULL,NULL
52800,130821,1332184339,-1,NULL,NULL
52800,130860,1332184339,1,NULL,NULL
52800,131490,1332184339,-1,NULL,NULL
52804,130640,1331934605,1,NULL,NULL
52804,130943,1331934605,0,NULL,NULL
52804,131574,1331934605,0,NULL,NULL
52805,131530,1331933447,0,NULL,NULL
52805,131633,1331933447,1,NULL,NULL
52805,130949,1331933447,1,NULL,NULL
52805,131338,1331933447,1,NULL,NULL
52805,131352,1331933447,0,NULL,NULL
52805,131354,1331933447,1,NULL,NULL
52805,130941,1331933447,1,NULL,NULL
52805,131390,1331933447,1,NULL,NULL
52805,131604,1331933447,0,NULL,NULL
52805,131634,1331933447,1,NULL,NULL
52807,131605,1331915984,0,NULL,NULL
52807,131033,1331915984,0,NULL,NULL
52808,131565,1331841827,0,0.0,0.0
52808,131596,1331841827,1,NULL,NULL
52808,131075,1331841827,1,NULL,NULL
52810,130638,1331665481,0,0.0,0.0
52812,131122,1331587233,0,NULL,NULL
52812,131123,1331587233,0,NULL,NULL
52812,131338,1331587233,0,NULL,NULL
52812,131348,1331587233,1,NULL,NULL
52812,131352,1331587233,1,NULL,NULL
52812,131354,1331587233,1,NULL,NULL
52812,131351,1331587233,1,NULL,NULL
52812,131390,1331587233,-1,NULL,NULL
52812,131543,1331587233,0,NULL,NULL
52812,131400,1331587233,1,NULL,NULL
52812,131340,1331587233,0,NULL,NULL
52812,130694,1331587233,0,NULL,NULL
52812,130940,1331587233,1,NULL,NULL
52812,131402,1331587233,1,NULL,NULL
52812,131702,1331587233,0,NULL,NULL
52812,131651,1331587233,-1,NULL,NULL
52812,130691,1331587233,-1,NULL,NULL
52812,130693,1331587233,1,NULL,NULL
52812,131290,1331587233,-1,NULL,NULL
52812,131306,1331587233,0,NULL,NULL
52812,131703,1331587233,0,0.0,0.0
52812,131634,1331587233,0,NULL,NULL
52813,131436,1331346425,0,NULL,NULL
52813,131041,1331346425,1,NULL,NULL
52813,131034,1331346425,0,NULL,NULL
52813,131592,1331346425,1,NULL,NULL
52813,131441,1331346425,1,NULL,NULL
52813,131086,1331346425,1,NULL,NULL
52813,131033,1331346425,1,NULL,NULL
52814,131005,1331333274,0,NULL,NULL
52816,130721,1331324066,0,NULL,NULL
52816,130796,1331324066,0,NULL,NULL
52816,130798,1331324066,0,NULL,NULL
52816,131412,1331324066,1,NULL,NULL
52816,130786,1331324066,0,NULL,NULL
52816,130770,1331324066,0,NULL,NULL
52816,130780,1331324066,0,NULL,NULL
52816,130795,1331324066,0,NULL,NULL
52816,130690,1331324066,0,NULL,NULL
52816,130769,1331324066,0,NULL,NULL
52816,130771,1331324066,0,NULL,NULL
52816,130772,1331324066,0,NULL,NULL
52816,130778,1331324066,0,NULL,NULL
52816,130774,1331324066,0,NULL,NULL
52816,130784,1331324066,0,NULL,NULL
52816,130789,1331324066,0,NULL,NULL
52816,130800,1331324066,0,NULL,NULL
52816,130773,1331324066,0,NULL,NULL
52817,130874,1331312053,0,NULL,NULL
52817,131034,1331312053,0,NULL,NULL
52817,130986,1331312053,0,NULL,NULL
52817,130949,1331312053,0,NULL,NULL
52818,130949,1331304436,0,NULL,NULL
52818,130941,1331304436,1,0.0,0.0
52818,131524,1331304436,1,NULL,NULL
52819,131033,1331254345,1,NULL,NULL
52820,131033,1331251097,0,NULL,NULL
52820,130830,1331251097,-1,NULL,NULL
52820,130638,1331251097,0,0.0,0.0
52820,131286,1331251097,1,NULL,NULL
52820,131695,1331251097,1,NULL,NULL
52821,130855,1331247349,1,NULL,NULL
52821,130860,1331247349,0,NULL,NULL
52821,131481,1331247349,0,NULL,NULL
52821,131490,1331247349,1,NULL,NULL
52821,131083,1331247349,1,NULL,NULL
52821,131606,1331247349,0,NULL,NULL
52821,131033,1331247349,1,NULL,NULL
52821,131474,1331247349,1,NULL,NULL
52821,131275,1331247349,1,NULL,NULL
52821,130845,1331247349,1,NULL,NULL
52821,130853,1331247349,1,NULL,NULL
52821,130846,1331247349,1,NULL,NULL
52821,131567,1331247349,0,NULL,NULL
52821,131555,1331247349,0,NULL,NULL
52821,131082,1331247349,1,NULL,NULL
52821,130850,1331247349,0,NULL,NULL
52821,130856,1331247349,1,NULL,NULL
52821,130919,1331247349,0,NULL,NULL
52821,130638,1331247349,0,0.0,0.0
52821,131494,1331247349,0,NULL,NULL
52821,131610,1331247349,0,NULL,NULL
52821,130852,1331247349,0,0.0,0.0
52821,131354,1331247349,0,NULL,NULL
52821,131571,1331247349,1,NULL,NULL
52821,131489,1331247349,0,NULL,NULL
52821,131492,1331247349,0,NULL,NULL
52821,131484,1331247349,0,NULL,NULL
52821,131680,1331247349,1,NULL,NULL
52821,131034,1331247349,1,NULL,NULL
52821,131487,1331247349,1,NULL,NULL
52821,131558,1331247349,0,NULL,NULL
52821,131573,1331247349,0,NULL,NULL
52821,130847,1331247349,1,NULL,NULL
52821,130829,1331247349,1,NULL,NULL
52821,131102,1331247349,1,NULL,NULL
52822,131033,1331235627,1,NULL,NULL
52823,131621,1331229488,1,NULL,NULL
52823,131619,1331229488,1,0.0,0.0
52825,130921,1331173719,0,NULL,NULL
52826,130965,1331066762,1,NULL,NULL
52828,131036,1330992036,0,NULL,NULL
52828,131227,1330992036,1,NULL,NULL
52828,131673,1330992036,1,NULL,NULL
52828,131674,1330992036,-1,NULL,NULL
52829,131597,1324928031,0,NULL,NULL
52829,131567,1324928031,0,NULL,NULL
52829,131570,1324928031,0,NULL,NULL
52829,131583,1324928031,0,NULL,NULL
52829,131030,1324928031,0,NULL,NULL
52829,131082,1324928031,0,NULL,NULL
52829,131076,1324928031,0,NULL,NULL
52829,131086,1324928031,1,NULL,NULL
52829,131588,1324928031,0,NULL,NULL
52829,131608,1324928031,0,NULL,NULL
52829,130859,1324928031,0,NULL,NULL
52829,131565,1324928031,0,NULL,NULL
52829,131084,1324928031,0,NULL,NULL
52829,131077,1324928031,0,NULL,NULL
52829,131585,1324928031,0,NULL,NULL
52829,131051,1324928031,0,NULL,NULL
52829,131083,1324928031,0,NULL,NULL
52829,131606,1324928031,1,NULL,NULL
52829,131087,1324928031,0,NULL,NULL
52829,130943,1330972863,0,NULL,NULL
52829,130948,1330972863,0,NULL,NULL
52830,131747,1329329608,1,NULL,NULL
52830,131763,1329329608,0,NULL,NULL
52830,131747,1330811333,0,NULL,NULL
52832,130638,1330722963,0,0.0,0.0
52832,130694,1330722963,0,NULL,NULL
52833,131673,1330713027,1,NULL,NULL
52833,131227,1330713027,0,NULL,NULL
52833,131674,1330713027,0,NULL,NULL
52834,131402,1330627409,1,NULL,NULL
52834,130694,1330627409,1,NULL,NULL
52834,130694,1330647985,0,NULL,NULL
52835,131150,1330624383,0,NULL,NULL
52835,131843,1330624383,0,NULL,NULL
52835,130845,1330624383,0,NULL,NULL
52835,131157,1330624383,0,NULL,NULL
52835,130969,1330624383,0,NULL,NULL
52835,130975,1330624383,0,NULL,NULL
52835,130906,1330624383,0,NULL,NULL
52835,131290,1330624383,0,NULL,NULL
52835,131070,1330624383,0,NULL,NULL
52835,130950,1330624383,0,NULL,NULL
52835,131158,1330624383,0,NULL,NULL
52835,130779,1330624383,0,NULL,NULL
52835,130882,1330624383,0,NULL,NULL
52835,131305,1330624383,0,NULL,NULL
52835,131341,1330624383,0,NULL,NULL
52835,131117,1330624383,0,NULL,NULL
52835,131036,1330624383,0,NULL,NULL
52835,131077,1330624383,0,NULL,NULL
52835,131286,1330624383,0,NULL,NULL
52835,130732,1330624383,0,NULL,NULL
52835,131222,1330624383,0,NULL,NULL
52835,131224,1330624383,0,NULL,NULL
52835,130659,1330624383,0,NULL,NULL
52835,130881,1330624383,0,NULL,NULL
52835,131846,1330624383,0,NULL,NULL
52835,130841,1330624383,0,NULL,NULL
52835,131140,1330624383,0,NULL,NULL
52835,131225,1330624383,0,NULL,NULL
52835,131138,1330624383,0,NULL,NULL
52835,130878,1330624383,0,NULL,NULL
52835,130840,1330624383,0,NULL,NULL
52835,131089,1330624383,0,NULL,NULL
52835,131277,1330624383,0,NULL,NULL
52835,130990,1330624383,0,NULL,NULL
52835,131325,1330624383,0,NULL,NULL
52835,130963,1330624383,0,NULL,NULL
52835,131080,1330624383,0,NULL,NULL
52835,130925,1330624383,0,NULL,NULL
52835,131223,1330624383,0,NULL,NULL
52835,130786,1330624383,0,NULL,NULL
52835,130836,1330624383,0,NULL,NULL
52835,130968,1330624383,0,0.0,0.0
52835,130684,1330624383,0,NULL,NULL
52835,131005,1330624383,0,NULL,NULL
52835,131165,1330624383,0,NULL,NULL
52835,130931,1330624383,0,NULL,NULL
52835,131276,1330624383,0,NULL,NULL
52835,131298,1330624383,0,NULL,NULL
52835,130844,1330624383,0,NULL,NULL
52835,130947,1330624383,0,NULL,NULL
52835,130775,1330624383,0,NULL,NULL
52835,131296,1330624383,0,NULL,NULL
52835,130848,1330624383,0,NULL,NULL
52835,131312,1330624383,0,NULL,NULL
52835,131337,1330624383,0,NULL,NULL
52835,131273,1330624383,0,NULL,NULL
52835,131035,1330624383,0,NULL,NULL
52835,130865,1330624383,0,NULL,NULL
52835,130682,1330624383,0,NULL,NULL
52835,131100,1330624383,0,NULL,NULL
52837,130731,1330584599,-1,NULL,NULL
52837,131435,1330584599,0,NULL,NULL
52838,130899,1330555357,0,NULL,NULL
52839,131227,1330538315,1,NULL,NULL
52840,130953,1330457973,0,NULL,NULL
52841,130950,1330455706,0,NULL,NULL
52842,131135,1330362064,1,NULL,NULL
52843,130677,1330361486,1,NULL,NULL
52845,130961,1330127977,0,NULL,NULL
52845,131539,1330127977,0,NULL,NULL
52845,131061,1330127977,0,NULL,NULL
52845,131590,1330127977,-1,NULL,NULL
52846,130919,1330126827,-1,NULL,NULL
52846,130691,1330126827,0,NULL,NULL
52847,130809,1330122580,1,NULL,NULL
52847,131464,1330122580,1,NULL,NULL
52850,131593,1330065697,1,NULL,NULL
52850,130638,1330065697,0,0.0,0.0
52850,130645,1330065697,0,NULL,NULL
52850,131070,1330065697,0,NULL,NULL
52850,131033,1330065697,0,NULL,NULL
52850,131040,1330065697,0,NULL,NULL
52852,130919,1330063613,0,NULL,NULL
52852,131355,1330063613,1,NULL,NULL
52852,131512,1330063613,0,NULL,NULL
52852,131494,1330063613,0,NULL,NULL
52852,130856,1330063613,-1,NULL,NULL
52852,131278,1330063613,1,NULL,NULL
52852,131491,1330063613,1,NULL,NULL
52852,131493,1330063613,1,NULL,NULL
52852,131486,1330063613,1,NULL,NULL
52852,131558,1330063613,0,NULL,NULL
52852,131489,1330063613,1,NULL,NULL
52852,131571,1330063613,-1,0.0,0.0
52852,131576,1330063613,0,NULL,NULL
52852,131605,1330063613,0,NULL,NULL
52852,131628,1330063613,1,0.0,0.0
52852,130911,1330063613,1,NULL,NULL
52852,131496,1330063613,1,NULL,NULL
52852,131555,1330063613,0,NULL,NULL
52852,131567,1330063613,-1,NULL,NULL
52852,131082,1330063613,0,NULL,NULL
52852,130846,1330063613,1,NULL,NULL
52852,131498,1330063613,1,NULL,NULL
52852,131481,1330063613,-1,NULL,NULL
52852,131463,1330063613,1,0.0,0.0
52852,131606,1330063613,-1,NULL,NULL
52852,130855,1330063613,0,NULL,NULL
52852,131083,1330063613,1,NULL,NULL
52853,131036,1330062493,0,NULL,NULL
52853,131227,1330062493,1,NULL,NULL
52854,131556,1330049017,0,NULL,NULL
52855,131408,1330045623,0,NULL,NULL
52855,130927,1330045623,1,NULL,NULL
52855,131354,1330045623,0,NULL,NULL
52855,130911,1330045623,0,NULL,NULL
52856,130703,1330044958,1,NULL,NULL
52859,131240,1330037922,-1,NULL,NULL
52859,131223,1330037922,0,NULL,NULL
52859,131225,1330037922,0,NULL,NULL
52860,130927,1329975896,0,NULL,NULL
52861,131034,1329973530,1,NULL,NULL
52862,130694,1329972209,-1,NULL,NULL
52862,130694,1329973289,1,NULL,NULL
52864,130943,1329931766,0,NULL,NULL
52864,130945,1329931766,0,NULL,NULL
52865,130865,1329894044,0,NULL,NULL
52865,130917,1329894044,0,NULL,NULL
52865,130965,1329894044,0,NULL,NULL
52865,131118,1329894044,0,NULL,NULL
52865,131845,1329894044,0,NULL,NULL
52865,130948,1329894044,0,NULL,NULL
52866,130711,1329774364,0,NULL,NULL
52867,130689,1329630716,0,NULL,NULL
52867,130916,1329630716,0,NULL,NULL
52869,130959,1329600762,0,NULL,NULL
52869,130638,1329600762,0,0.0,0.0
52869,131286,1329600762,0,NULL,NULL
52871,131158,1326517184,0,NULL,NULL
52871,131034,1326517184,1,NULL,NULL
52871,130694,1326517184,1,NULL,NULL
52871,131402,1326517184,1,NULL,NULL
52871,131441,1326517184,1,0.0,0.0
52871,131033,1326517184,1,NULL,NULL
52871,131561,1326517184,1,NULL,NULL
52871,130809,1326517184,0,NULL,NULL
52871,130752,1326517184,0,NULL,NULL
52871,130752,1329519481,0,NULL,NULL
52871,131441,1329519481,0,NULL,NULL
52871,131402,1329519481,0,NULL,NULL
52871,131033,1329519481,0,NULL,NULL
52871,130809,1329519481,0,NULL,NULL
52871,131561,1329519481,0,NULL,NULL
52871,131158,1329519481,0,NULL,NULL
52871,130694,1329519481,0,NULL,NULL
52871,131034,1329519481,0,NULL,NULL
52872,131511,1329519757,0,NULL,NULL
52873,131458,1329514770,1,NULL,NULL
52873,130788,1329514770,0,NULL,NULL
52873,131673,1329514770,1,NULL,NULL
52873,131227,1329514770,1,NULL,NULL
52874,131033,1329514486,0,NULL,NULL
52875,130680,1329513861,1,NULL,NULL
52875,130943,1329513861,1,NULL,NULL
52875,131033,1329513983,-1,NULL,NULL
52876,130943,1329509037,0,NULL,NULL
52878,131052,1329507945,1,NULL,NULL
52879,130972,1329499726,0,NULL,NULL
52880,131508,1329440821,0,NULL,NULL
52881,131225,1329400600,1,NULL,NULL
52881,131227,1329400600,1,NULL,NULL
52882,131763,1329339975,0,NULL,NULL
52882,131765,1329339975,0,NULL,NULL
52882,131766,1329339975,0,NULL,NULL
52882,131764,1329339975,0,NULL,NULL
52882,131762,1329339975,0,NULL,NULL
52882,131490,1329339975,0,NULL,NULL
52882,131767,1329339975,0,NULL,NULL
52883,130809,1329331506,1,NULL,NULL
52885,130907,1329182013,0,NULL,NULL
52886,131128,1329174775,1,0.0,0.0
52887,130843,1329162118,0,NULL,NULL
52887,131487,1329162118,1,NULL,NULL
52887,130847,1329162118,0,NULL,NULL
52888,130959,1329158824,0,NULL,NULL
52889,131089,1328977776,1,NULL,NULL
52889,131605,1328977776,1,0.0,0.0
52889,131082,1328977776,0,NULL,NULL
52889,131402,1328977776,0,NULL,NULL
52889,131083,1328977776,0,NULL,NULL
52890,131593,1328916772,0,NULL,NULL
52891,131510,1328904456,0,NULL,NULL
52891,131423,1328904456,0,NULL,NULL
52892,131354,1328902049,0,NULL,NULL
52894,131564,1328811209,-1,0.0,0.0
52895,131561,1328725837,1,NULL,NULL
52895,131033,1328725837,0,NULL,NULL
52895,131402,1328725837,1,NULL,NULL
52895,131034,1328725837,0,NULL,NULL
52896,131240,1328720591,1,NULL,NULL
52896,131241,1328720591,0,NULL,NULL
52896,131675,1328720591,1,NULL,NULL
52896,131224,1328720591,1,NULL,NULL
52896,131225,1328720591,0,NULL,NULL
52896,131227,1328720591,-1,NULL,NULL
52896,131672,1328720591,0,NULL,NULL
52896,131673,1328720591,0,1.0,1.0
52897,131573,1328720116,0,NULL,NULL
52897,131033,1328720116,1,NULL,NULL
52898,130742,1328658577,0,NULL,NULL
52898,131422,1328658577,0,NULL,NULL
52898,131425,1328658577,0,NULL,NULL
52899,131034,1328653425,1,NULL,NULL
52900,130836,1328650905,0,NULL,NULL
52901,131673,1328295733,0,0.0,0.0
52901,131227,1328295733,0,NULL,NULL
52901,131036,1328295733,0,NULL,NULL
52901,131232,1328295733,1,NULL,NULL
52902,131027,1328223606,0,NULL,NULL
52902,131593,1328223606,1,NULL,NULL
52902,131070,1328223606,0,NULL,NULL
52902,130645,1328223606,0,NULL,NULL
52902,131033,1328223606,0,NULL,NULL
52903,131036,1328203813,0,NULL,NULL
52903,131224,1328203813,0,NULL,NULL
52903,131673,1328203813,1,NULL,NULL
52903,131227,1328203813,0,NULL,NULL
52904,131110,1328122594,0,NULL,NULL
52904,131625,1328122594,1,NULL,NULL
52904,131354,1328122594,0,NULL,NULL
52905,131232,1328119446,1,NULL,NULL
52905,131252,1328119446,0,NULL,NULL
52905,131255,1328119446,0,NULL,NULL
52905,131230,1328119446,0,NULL,NULL
52905,131235,1328119446,1,NULL,NULL
52905,131253,1328119446,0,NULL,NULL
52905,131246,1328119446,1,NULL,NULL
52905,131227,1328119446,0,NULL,NULL
52905,131238,1328119446,0,NULL,NULL
52905,131254,1328119446,0,NULL,NULL
52905,131673,1328119446,0,NULL,NULL
52905,131242,1328119446,0,NULL,NULL
52905,131248,1328119446,0,NULL,NULL
52905,131249,1328119446,1,NULL,NULL
52905,131239,1328119446,0,NULL,NULL
52906,130724,1328117644,-1,NULL,NULL
52906,130693,1328117644,-1,NULL,NULL
52907,130644,1328108180,0,NULL,NULL
52908,130644,1328055156,0,NULL,NULL
52910,131089,1328028771,0,NULL,NULL
52911,130875,1327970249,-1,NULL,NULL
52911,130876,1327970249,1,NULL,NULL
52912,131105,1327627417,0,NULL,NULL
52912,131565,1327627417,0,NULL,NULL
52912,131086,1327627417,1,NULL,NULL
52912,131497,1327627417,0,NULL,NULL
52912,131082,1327627417,0,NULL,NULL
52915,131474,1327546737,0,NULL,NULL
52915,131463,1324761639,0,NULL,NULL
52915,131084,1327546737,0,NULL,NULL
52915,130859,1327546737,0,NULL,NULL
52915,130647,1327546737,1,NULL,NULL
52915,130848,1327546737,1,NULL,NULL
52915,131481,1324761639,1,NULL,NULL
52915,130807,1324761639,0,NULL,NULL
52915,131084,1324761639,0,NULL,NULL
52915,131679,1324761639,0,NULL,NULL
52915,130647,1324761639,1,NULL,NULL
52915,131486,1327546737,0,NULL,NULL
52915,131487,1324761639,1,NULL,NULL
52915,131489,1327546737,0,NULL,NULL
52915,130856,1327546737,0,NULL,NULL
52915,131353,1327546737,0,0.0,0.0
52915,131706,1327546737,0,NULL,NULL
52915,130851,1324781386,0,NULL,NULL
52915,131567,1327546737,0,NULL,NULL
52915,131586,1327546737,-1,NULL,NULL
52915,131598,1327546737,0,NULL,NULL
52915,130852,1324761639,1,NULL,NULL
52915,131481,1324781386,-1,NULL,NULL
52915,130853,1324781386,-1,1.0,1.0
52915,130833,1327546737,0,NULL,NULL
52915,130847,1327546737,1,NULL,NULL
52915,131033,1327546737,0,NULL,NULL
52915,131083,1324761639,1,NULL,NULL
52915,131402,1324761639,0,NULL,NULL
52915,130848,1324781386,-1,NULL,NULL
52915,131051,1324781386,0,NULL,NULL
52915,131489,1324781386,0,NULL,NULL
52915,131487,1327546737,1,NULL,NULL
52915,131023,1327546737,0,NULL,NULL
52915,130830,1324781386,-1,NULL,NULL
52915,131465,1324781386,0,NULL,NULL
52915,131565,1324761639,1,NULL,NULL
52915,131354,1327546737,0,NULL,NULL
52915,131355,1324761639,0,NULL,NULL
52915,131571,1324761639,0,NULL,NULL
52915,131555,1327546737,0,NULL,NULL
52915,130859,1324761639,0,NULL,NULL
52915,130846,1324781386,0,NULL,NULL
52915,131571,1327546737,0,NULL,NULL
52915,130855,1324761639,0,NULL,NULL
52915,131355,1327546737,0,NULL,NULL
52915,130847,1324761639,1,NULL,NULL
52915,131051,1324761639,0,NULL,NULL
52915,131678,1327546737,0,NULL,NULL
52915,131567,1324761639,0,NULL,NULL
52915,131510,1324781386,0,NULL,NULL
52915,130848,1324761639,1,NULL,NULL
52915,130855,1327546737,0,NULL,NULL
52915,130853,1324761639,1,NULL,NULL
52915,131463,1327546737,0,NULL,NULL
52915,130919,1324781386,0,NULL,NULL
52915,131679,1327546737,1,NULL,NULL
52915,130852,1324781386,-1,NULL,NULL
52915,130829,1327546737,1,NULL,NULL
52915,131104,1324761639,0,NULL,NULL
52916,130859,1327520467,1,NULL,NULL
52916,131105,1327520467,0,NULL,NULL
52916,130856,1327520467,-1,NULL,NULL
52916,131481,1327520467,1,NULL,NULL
52916,131402,1327520467,-1,NULL,NULL
52916,130853,1327520467,0,NULL,NULL
52916,131082,1327520467,0,NULL,NULL
52917,131033,1327355805,0,NULL,NULL
52917,131059,1327355805,0,NULL,NULL
52918,131433,1326309888,0,NULL,NULL
52918,130744,1326309888,1,NULL,NULL
52918,130729,1326309888,1,NULL,NULL
52918,130729,1327338465,-1,NULL,NULL
52920,131113,1327238415,1,NULL,NULL
52921,131237,1327197169,1,NULL,NULL
52921,131252,1327197169,0,NULL,NULL
52921,131255,1327197169,0,NULL,NULL
52921,131232,1327197169,1,NULL,NULL
52921,131230,1327197169,1,NULL,NULL
52921,131231,1327197169,1,NULL,NULL
52921,131235,1327197169,1,NULL,NULL
52921,131236,1327197169,1,NULL,NULL
52921,131253,1327197169,0,NULL,NULL
52921,131229,1327197169,1,NULL,NULL
52921,131233,1327197169,1,NULL,NULL
52921,131250,1327197169,0,NULL,NULL
52921,131238,1327197169,1,NULL,NULL
52921,131243,1327197169,0,NULL,NULL
52921,131244,1327197169,0,NULL,NULL
52921,131245,1327197169,0,NULL,NULL
52921,131254,1327197169,0,NULL,NULL
52921,131234,1327197169,1,NULL,NULL
52921,131248,1327197169,0,NULL,NULL
52921,131249,1327197169,0,NULL,NULL
52921,131246,1327197169,0,NULL,NULL
52921,131251,1327197169,0,NULL,NULL
52921,131256,1327197169,0,NULL,NULL
52921,131239,1327197169,1,NULL,NULL
52922,130943,1327168028,0,NULL,NULL
52923,131136,1327082794,0,NULL,NULL
52923,131144,1327082794,-1,NULL,NULL
52923,131153,1327082794,-1,NULL,NULL
52924,131396,1326926635,0,NULL,NULL
52925,131516,1326921769,1,NULL,NULL
52925,130925,1326921769,1,NULL,NULL
52926,130943,1326832826,0,NULL,NULL
52928,131036,1326821938,-1,NULL,NULL
52928,131226,1326821938,-1,NULL,NULL
52928,131674,1326821938,-1,NULL,NULL
52928,131673,1326821938,0,NULL,NULL
52929,131290,1326773190,0,NULL,NULL
52929,131438,1326773190,0,NULL,NULL
52929,130693,1326773190,1,NULL,NULL
52929,131443,1326773190,0,NULL,NULL
52929,130677,1326773190,0,NULL,NULL
52929,131437,1326773190,0,NULL,NULL
52929,131846,1326773190,0,NULL,NULL
52929,130691,1326773190,0,NULL,NULL
52929,131402,1326773190,1,NULL,NULL
52929,130949,1326773190,0,NULL,NULL
52929,131123,1326773190,0,NULL,NULL
52929,131352,1326773190,0,NULL,NULL
52929,131582,1326773190,0,NULL,NULL
52929,131845,1326773190,0,NULL,NULL
52929,131724,1326773190,0,NULL,NULL
52929,131034,1326773190,0,NULL,NULL
52929,131351,1326773190,0,NULL,NULL
52929,131402,1326820523,-1,NULL,NULL
52929,130949,1326820523,0,NULL,NULL
52929,131290,1326820523,0,NULL,NULL
52929,131438,1326820523,0,NULL,NULL
52929,130693,1326820523,-1,NULL,NULL
52929,131437,1326820523,0,NULL,NULL
52929,131846,1326820523,0,NULL,NULL
52929,130691,1326820523,0,NULL,NULL
52929,131443,1326820523,0,NULL,NULL
52929,130677,1326820523,0,NULL,NULL
52929,131724,1326820523,0,NULL,NULL
52929,131034,1326820523,0,NULL,NULL
52929,131351,1326820523,0,NULL,NULL
52929,131352,1326820523,0,NULL,NULL
52929,131123,1326820523,0,NULL,NULL
52929,131582,1326820523,0,NULL,NULL
52929,131845,1326820523,0,NULL,NULL
52930,130809,1326719334,0,NULL,NULL
52930,130878,1326719334,1,NULL,NULL
52930,130876,1326719334,0,NULL,NULL
52931,131544,1326494643,-1,NULL,NULL
52931,130965,1326494643,0,NULL,NULL
52931,131530,1326494643,1,NULL,NULL
52933,130976,1326489450,0,NULL,NULL
52933,131080,1326489450,0,NULL,NULL
52933,130949,1326489450,1,NULL,NULL
52934,130952,1326485260,0,NULL,NULL
52934,130638,1326485260,0,0.0,0.0
52935,131402,1326397592,1,NULL,NULL
52935,130694,1326397592,0,NULL,NULL
52936,131325,1326331166,0,NULL,NULL
52936,130638,1326331166,0,0.0,0.0
52936,131033,1326331166,1,NULL,NULL
52936,131082,1326331166,1,NULL,NULL
52937,131224,1326322377,0,NULL,NULL
52938,131110,1326308548,0,NULL,NULL
52938,131102,1326308548,1,NULL,NULL
52939,131625,1326293926,-1,NULL,NULL
52940,131041,1326238797,0,NULL,NULL
52940,131086,1326238797,1,NULL,NULL
52940,131599,1326238797,1,NULL,NULL
52941,130694,1326223300,0,NULL,NULL
52942,130703,1326221563,0,NULL,NULL
52942,130687,1326221563,0,NULL,NULL
52942,131394,1326221563,1,0.0,0.0
52942,131398,1326221563,1,NULL,NULL
52942,130693,1326221563,-1,NULL,NULL
52942,131526,1326221563,0,NULL,NULL
52942,130694,1326221563,0,NULL,NULL
52942,130677,1326221563,0,NULL,NULL
52942,130976,1326221563,-1,NULL,NULL
52942,131513,1326221563,1,NULL,NULL
52942,130943,1326221563,0,NULL,NULL
52942,131525,1326221563,1,NULL,NULL
52942,130724,1326221563,1,NULL,NULL
52942,130968,1326221563,0,NULL,NULL
52942,131576,1326221563,0,NULL,NULL
52942,130919,1326221563,0,NULL,NULL
52942,130870,1326221563,0,NULL,NULL
52942,130635,1326221563,1,NULL,NULL
52943,130959,1326216829,1,NULL,NULL
52944,131033,1326151357,0,NULL,NULL
52946,131322,1325900407,1,NULL,NULL
52946,130693,1325900407,0,NULL,NULL
52946,131322,1325985533,0,NULL,NULL
52946,130693,1325985533,0,NULL,NULL
52947,131001,1325974571,0,NULL,NULL
52947,130976,1325974571,-1,NULL,NULL
52947,130968,1325974571,0,NULL,NULL
52947,131525,1325974571,1,NULL,NULL
52947,130876,1325974571,0,NULL,NULL
52947,130943,1325974571,0,NULL,NULL
52947,130943,1325976391,0,NULL,NULL
52947,130876,1325976391,0,NULL,NULL
52947,131525,1325976391,-1,NULL,NULL
52947,130968,1325976391,0,NULL,NULL
52947,130976,1325976391,1,NULL,NULL
52947,131001,1325976391,-1,NULL,NULL
52947,131001,1325976476,1,NULL,NULL
52947,130876,1325976476,0,NULL,NULL
52948,131063,1325974845,0,NULL,NULL
52949,131400,1325895041,1,NULL,NULL
52949,130691,1325895041,0,NULL,NULL
52950,131525,1325890536,0,NULL,NULL
52950,131680,1325890536,0,NULL,NULL
52950,131096,1325890536,0,NULL,NULL
52950,131034,1325890536,0,NULL,NULL
52950,130943,1325890536,1,NULL,NULL
52950,131093,1325890536,-1,NULL,NULL
52950,130964,1325890536,0,NULL,NULL
52950,131610,1325890536,1,NULL,NULL
52951,131544,1324515840,1,NULL,NULL
52951,130965,1324515840,1,NULL,NULL
52951,131544,1324516143,-1,NULL,NULL
52951,130965,1324516143,-1,NULL,NULL
52951,130965,1324532525,1,NULL,NULL
52951,131544,1324532525,1,NULL,NULL
52951,131544,1324532669,-1,NULL,NULL
52951,130965,1324532669,-1,NULL,NULL
52951,130959,1325822038,0,NULL,NULL
52951,131544,1325822038,1,NULL,NULL
52951,131530,1325822038,-1,NULL,NULL
52951,130965,1325822038,1,NULL,NULL
52951,131113,1325822038,1,0.0,0.0
52951,131346,1325822038,0,NULL,NULL
52952,131387,1325802139,1,NULL,NULL
52952,130949,1325802139,-1,NULL,NULL
52952,130943,1325802139,1,NULL,NULL
52953,130721,1325726248,0,NULL,NULL
52954,131410,1325719014,0,NULL,NULL
52954,131034,1325719014,1,NULL,NULL
52954,130684,1325719014,0,NULL,NULL
52954,130700,1325719014,0,NULL,NULL
52955,131396,1325440013,1,NULL,NULL
52955,131400,1325440013,-1,NULL,NULL
52956,131435,1325436667,0,NULL,NULL
52957,131354,1325338528,-1,NULL,NULL
52957,131519,1325338528,-1,NULL,NULL
52957,131354,1325345158,1,NULL,NULL
52957,131519,1325345158,1,NULL,NULL
52957,131519,1325431363,-1,NULL,NULL
52957,131354,1325431363,-1,NULL,NULL
52958,131034,1325356628,1,NULL,NULL
52959,130943,1325346199,1,NULL,NULL
52961,131373,1325338915,1,NULL,NULL
52962,131633,1325307829,-1,NULL,NULL
52963,131081,1325299518,1,NULL,NULL
52965,131348,1325185718,0,NULL,NULL
52965,130941,1325185718,1,NULL,NULL
52966,130812,1325066851,0,NULL,NULL
52966,131081,1325066851,0,NULL,NULL
52967,131126,1324950254,0,NULL,NULL
52967,131633,1324950254,1,NULL,NULL
52968,130742,1324762951,0,NULL,NULL
52968,131422,1324762951,0,NULL,NULL
52969,130721,1324684675,0,NULL,NULL
52969,131033,1324684675,0,NULL,NULL
52970,130694,1324613786,-1,NULL,NULL
52971,130851,1324447205,1,NULL,NULL
52971,131113,1324447205,0,0.0,0.0
52971,131113,1324447286,0,1.0,1.0
52972,131113,1324440737,0,0.0,0.0
52973,131113,1324440047,1,NULL,NULL
52974,131034,1324425775,0,NULL,NULL
52974,131573,1324425775,1,NULL,NULL
52974,131145,1324425775,0,NULL,NULL
52974,130638,1324425775,0,0.0,0.0
52974,131033,1324425775,1,NULL,NULL
52974,131033,1324439502,0,NULL,NULL
52975,131592,1324406531,0,NULL,NULL
52975,131105,1324406531,1,NULL,NULL
52976,131535,1324363577,1,NULL,NULL
52976,131034,1324363577,-1,NULL,NULL
52977,131117,1324080542,-1,NULL,NULL
52977,131117,1324339802,1,NULL,NULL
52978,131530,1324082453,0,NULL,NULL
52978,131530,1324320670,0,NULL,NULL
52978,131530,1324322357,0,NULL,NULL
52978,131118,1324335855,1,NULL,NULL
52978,131530,1324335855,0,NULL,NULL
52979,131402,1324335686,0,NULL,NULL
52979,130691,1324335686,0,NULL,NULL
52979,130693,1324335686,1,NULL,NULL
52981,130677,1324315461,1,NULL,NULL
52982,131135,1324311982,0,NULL,NULL
52982,131324,1324311982,0,NULL,NULL
52982,131226,1324311982,0,NULL,NULL
52983,130694,1324277828,0,NULL,NULL
52984,131034,1324166663,-1,NULL,NULL
52984,130949,1324166663,1,NULL,NULL
52985,131110,1324082914,0,NULL,NULL
52986,131605,1324080808,0,NULL,NULL
52990,130645,1323971099,1,NULL,NULL
52991,131398,1323969214,1,NULL,NULL
52991,131400,1323969214,-1,NULL,NULL
52991,131366,1323969214,1,NULL,NULL
52992,131405,1323966041,1,NULL,NULL
52992,131607,1323966041,1,NULL,NULL
52992,131696,1323966041,0,-1.0,-1.0
52992,131316,1323966041,-1,NULL,NULL
52992,131463,1323966041,0,NULL,NULL
52993,131489,1323903165,-1,NULL,NULL
52993,131491,1323903165,1,NULL,NULL
52993,131508,1323903165,0,NULL,NULL
52993,131496,1323903165,1,NULL,NULL
52993,131512,1323903165,0,NULL,NULL
52993,131498,1323903165,0,NULL,NULL
52993,131463,1323903165,1,NULL,NULL
52994,131034,1323892662,1,NULL,NULL
52995,131535,1323891563,-1,NULL,NULL
52995,130964,1323891563,-1,NULL,NULL
52995,131354,1323891563,0,NULL,NULL
52996,130635,1323883844,0,NULL,NULL
52997,130865,1323821104,1,NULL,NULL
52997,131474,1323821104,0,NULL,NULL
52997,131482,1323821104,1,NULL,NULL
52997,131495,1323821104,0,NULL,NULL
52997,130844,1323821104,0,NULL,NULL
52997,130846,1323821104,-1,NULL,NULL
52997,130853,1323821104,0,NULL,NULL
52997,130863,1323821104,1,NULL,NULL
52997,130840,1323821104,-1,NULL,NULL
52997,130859,1323821104,0,NULL,NULL
52997,130852,1323821104,0,NULL,NULL
52997,131489,1323821104,0,NULL,NULL
52997,131481,1323821104,0,NULL,NULL
52997,130862,1323821104,0,NULL,NULL
52998,131083,1323813336,0,NULL,NULL
52998,130949,1323813336,0,NULL,NULL
52998,130846,1323813336,1,NULL,NULL
52998,130836,1323813336,0,NULL,NULL
52998,130638,1323813336,0,0.0,0.0
52998,130635,1323813336,0,NULL,NULL
52999,131635,1323810104,0,NULL,NULL
52999,131605,1323810104,0,NULL,NULL
52999,131110,1323810104,0,NULL,NULL
52999,131573,1323810104,0,NULL,NULL
53000,131573,1323800493,1,NULL,NULL
53000,131849,1323800493,1,NULL,NULL
53000,131376,1323800493,1,NULL,NULL
53000,131390,1323800493,0,NULL,NULL
53000,131377,1323800493,1,NULL,NULL
53000,131545,1323800493,-1,NULL,NULL
53000,131848,1323800493,1,NULL,NULL
53000,131534,1323800493,1,NULL,NULL
53000,131543,1323800493,1,NULL,NULL
53000,131569,1323800493,1,NULL,NULL
53000,131439,1323800493,1,NULL,NULL
53000,131366,1323800493,0,NULL,NULL
53000,131407,1323800493,1,NULL,NULL
53000,131444,1323800493,1,NULL,NULL
53000,131375,1323800493,1,NULL,NULL
53000,131410,1323800493,1,NULL,NULL
53000,131386,1323800493,0,NULL,NULL
53000,131405,1323800493,1,NULL,NULL
53000,131416,1323800493,0,NULL,NULL
53000,131418,1323800493,1,NULL,NULL
53000,131409,1323800493,0,NULL,NULL
53000,131443,1323800493,1,NULL,NULL
53000,131364,1323800493,0,NULL,NULL
53000,131847,1323800493,1,NULL,NULL
53000,131433,1323800493,1,NULL,NULL
53000,131441,1323800493,0,0.0,0.0
53000,131540,1323800493,-1,NULL,NULL
53000,131387,1323800493,0,0.0,0.0
53000,131537,1323800493,1,NULL,NULL
53000,131530,1323800493,1,NULL,NULL
53000,131396,1323800493,1,1.0,1.0
53000,131411,1323800493,1,NULL,NULL
53000,131435,1323800493,1,NULL,NULL
53000,131440,1323800493,0,NULL,NULL
53000,131383,1323800493,0,NULL,NULL
53000,131408,1323800493,-1,NULL,NULL
53001,131034,1323730731,1,NULL,NULL
53001,131033,1323730731,1,NULL,NULL
53002,130965,1323729993,0,NULL,NULL
53003,131609,1323726509,0,NULL,NULL
53003,131409,1323726509,0,NULL,NULL
53003,131517,1323726509,0,NULL,NULL
53003,131561,1323726509,0,NULL,NULL
53003,131390,1323726509,0,0.0,0.0
53003,131460,1323726509,0,NULL,NULL
53003,131563,1323726509,0,NULL,NULL
53003,131404,1323726509,0,NULL,NULL
53003,131545,1323726509,0,NULL,NULL
53003,131464,1323726509,0,NULL,NULL
53003,131721,1323726509,0,NULL,NULL
53003,131663,1323726509,0,NULL,NULL
53003,131577,1323726509,0,NULL,NULL
53003,131446,1323726509,0,NULL,NULL
53003,131565,1323726509,0,NULL,NULL
53003,131652,1323726509,0,NULL,NULL
53003,131847,1323726509,0,NULL,NULL
53003,131601,1323726509,0,NULL,NULL
53003,131535,1323726509,0,NULL,NULL
53003,131433,1323726509,0,NULL,NULL
53003,131495,1323726509,0,NULL,NULL
53003,131584,1323726509,0,NULL,NULL
53003,131654,1323726509,0,NULL,NULL
53003,131717,1323726509,0,NULL,NULL
53003,131502,1323726509,0,NULL,NULL
53003,131500,1323726509,0,NULL,NULL
53003,131540,1323726509,0,NULL,NULL
53003,131530,1323726509,0,NULL,NULL
53003,131658,1323726509,0,NULL,NULL
53003,131379,1323726509,0,NULL,NULL
53003,131625,1323726509,0,NULL,NULL
53003,131598,1323726509,0,NULL,NULL
53003,131498,1323726509,0,NULL,NULL
53003,131720,1323726509,0,NULL,NULL
53003,131662,1323726509,0,NULL,NULL
53003,131491,1323726509,0,NULL,NULL
53003,131713,1323726509,0,NULL,NULL
53003,131691,1323726509,0,NULL,NULL
53003,131707,1323726509,0,NULL,NULL
53003,131542,1323726509,0,NULL,NULL
53003,131415,1323726509,0,NULL,NULL
53003,131673,1323726509,0,NULL,NULL
53003,131447,1323726509,0,NULL,NULL
53003,131461,1323726509,0,NULL,NULL
53003,131418,1323726509,0,NULL,NULL
53003,131603,1323726509,0,NULL,NULL
53003,131587,1323726509,0,NULL,NULL
53003,131655,1323726509,0,NULL,NULL
53003,131481,1323726509,0,NULL,NULL
53003,131454,1323726509,0,NULL,NULL
53003,131458,1323726509,0,NULL,NULL
53003,131650,1323726509,0,NULL,NULL
53003,131494,1323726509,0,NULL,NULL
53003,131602,1323726509,0,NULL,NULL
53003,131620,1323726509,0,NULL,NULL
53003,131716,1323726509,0,NULL,NULL
53003,131595,1323726509,0,NULL,NULL
53003,131642,1323726509,0,NULL,NULL
53003,131449,1323726509,0,NULL,NULL
53003,131539,1323726509,0,NULL,NULL
53004,131081,1323717868,1,NULL,NULL
53005,131033,1323715429,0,NULL,NULL
53007,131411,1323645429,0,NULL,NULL
53007,131418,1323645429,0,NULL,NULL
53009,130637,1323498079,0,NULL,NULL
53010,131290,1323477601,-1,NULL,NULL
53011,131400,1323473616,1,NULL,NULL
53011,131645,1323473616,1,NULL,NULL
53011,131354,1323473616,1,NULL,NULL
53011,131526,1323473616,1,NULL,NULL
53012,130907,1323470342,1,NULL,NULL
53013,130911,1323457691,0,NULL,NULL
53014,130638,1323456243,0,0.0,0.0
53016,130640,1323413091,0,1.0,1.0
53017,130965,1323411363,-1,NULL,NULL
53019,131435,1323410285,0,NULL,NULL
53019,131033,1323410285,1,NULL,NULL
53019,130731,1323410285,1,NULL,NULL
53020,130916,1323386215,0,NULL,NULL
53020,130721,1323386215,0,NULL,NULL
53020,130689,1323386215,0,NULL,NULL
53020,130909,1323386215,0,NULL,NULL
53023,131117,1323311907,1,NULL,NULL
53023,131023,1323311907,0,NULL,NULL
53023,131436,1323311907,0,NULL,NULL
53023,131400,1323311907,0,NULL,NULL
53023,131508,1323311907,0,NULL,NULL
53023,130638,1323311907,0,0.0,0.0
53023,131625,1323311907,0,NULL,NULL
53023,131593,1323311907,0,NULL,NULL
53023,131573,1323311907,0,NULL,NULL
53023,131690,1323311907,0,NULL,NULL
53023,131268,1323311907,0,NULL,NULL
53023,131354,1323311907,1,NULL,NULL
53023,131292,1323311907,0,NULL,NULL
53023,131348,1323311907,1,NULL,NULL
53023,131034,1323311907,0,NULL,NULL
53023,130911,1323311907,0,NULL,NULL
53023,131702,1323311907,0,NULL,NULL
53023,131343,1323311907,0,NULL,NULL
53023,131303,1323311907,0,NULL,NULL
53023,131316,1323311907,0,NULL,NULL
53023,130693,1323311907,0,NULL,NULL
53023,131027,1323311907,0,NULL,NULL
53024,131034,1323303086,0,NULL,NULL
53026,131574,1323209711,0,NULL,NULL
53026,130640,1323209711,1,0.0,0.0
53026,130946,1323209711,1,NULL,NULL
53026,131526,1323209711,-1,NULL,NULL
53026,130640,1323291959,1,NULL,NULL
53026,130946,1323291959,1,NULL,NULL
53027,130677,1323215293,0,NULL,NULL
53028,131081,1323208930,0,NULL,NULL
53028,131347,1323208930,0,NULL,NULL
53028,130943,1323208930,1,NULL,NULL
53029,131364,1323138840,1,NULL,NULL
53030,131316,1323126871,1,NULL,NULL
53031,130911,1323126108,0,NULL,NULL
53031,131278,1323126108,0,NULL,NULL
53031,131355,1323126108,0,NULL,NULL
53031,131491,1323126108,0,NULL,NULL
53031,131493,1323126108,0,NULL,NULL
53031,131628,1323126108,0,NULL,NULL
53031,130846,1323126108,0,NULL,NULL
53031,131498,1323126108,0,NULL,NULL
53032,131600,1323120004,1,NULL,NULL
53032,131456,1323120004,1,NULL,NULL
53032,131608,1323120004,0,NULL,NULL
53032,131598,1323120004,1,NULL,NULL
53032,131605,1323120004,0,0.0,0.0
53032,131586,1323120004,1,NULL,NULL
53032,131452,1323120004,1,NULL,NULL
53032,131603,1323120004,1,NULL,NULL
53032,131694,1323120004,0,0.0,0.0
53032,131450,1323120004,1,NULL,NULL
53032,131502,1323120004,1,NULL,NULL
53032,131353,1323120004,0,NULL,NULL
53032,131573,1323120004,1,NULL,NULL
53032,131577,1323120004,1,NULL,NULL
53032,131453,1323120004,1,NULL,NULL
53032,131563,1323120004,1,NULL,NULL
53032,131594,1323120004,1,NULL,NULL
53033,131082,1323051655,1,NULL,NULL
53034,130852,1323047470,0,NULL,NULL
53035,131033,1323032077,1,NULL,NULL
53036,130976,1322805325,1,NULL,NULL
53038,130698,1322768693,0,NULL,NULL
53040,130959,1322688516,0,NULL,NULL
53040,131113,1322688516,0,1.0,1.0
53040,131530,1322688516,0,NULL,NULL
53040,130965,1322688516,0,NULL,NULL
53040,130943,1322688516,0,NULL,NULL
53040,131544,1322688516,0,NULL,NULL
53040,131079,1322688516,0,NULL,NULL
53041,131565,1322598717,0,NULL,NULL
53041,131077,1322598717,0,NULL,NULL
53041,131608,1322598717,0,NULL,NULL
53041,131086,1322598717,0,NULL,NULL
53041,131076,1322598717,1,NULL,NULL
53041,131588,1322598717,0,NULL,NULL
53041,131583,1322598717,0,NULL,NULL
53041,131082,1322598717,1,NULL,NULL
53042,131530,1322591371,-1,NULL,NULL
53042,130640,1322591371,0,NULL,NULL
53042,130943,1322591371,-1,NULL,NULL
53042,131541,1322591371,-1,NULL,NULL
53042,131400,1322591371,0,NULL,NULL
53042,131439,1322591371,-1,NULL,NULL
53042,130975,1322591371,0,NULL,NULL
53042,131574,1322591371,1,NULL,NULL
53042,131290,1322591371,0,NULL,NULL
53043,131508,1322546657,-1,NULL,NULL
53044,131394,1322516998,0,0.0,0.0
53046,131405,1322504538,1,NULL,NULL
53048,131113,1322447735,1,NULL,NULL
53048,131621,1322447735,1,NULL,NULL
53048,131110,1322447735,1,NULL,NULL
53050,131034,1322326235,0,NULL,NULL
53051,131443,1322322378,1,NULL,NULL
53052,131325,1322242000,1,NULL,NULL
53052,131226,1322242000,1,NULL,NULL
53052,131354,1322242000,1,NULL,NULL
53052,131673,1322242000,1,NULL,NULL
53052,131713,1322262327,0,NULL,NULL
53053,130965,1322161426,1,NULL,NULL
53054,131439,1322147858,0,NULL,NULL
53055,131034,1322115190,0,NULL,NULL
53055,131263,1322115190,0,NULL,NULL
53055,131081,1322115190,0,NULL,NULL
53055,130853,1322115190,1,NULL,NULL
53055,130640,1322115190,0,NULL,NULL
53055,130977,1322115190,0,NULL,NULL
53055,130693,1322115190,0,NULL,NULL
53055,130678,1322115190,0,NULL,NULL
53055,130848,1322115190,0,NULL,NULL
53056,131110,1322107989,0,NULL,NULL
53056,131376,1322107989,1,NULL,NULL
53056,131033,1322107989,-1,NULL,NULL
53056,131033,1322108525,1,NULL,NULL
53056,131376,1322108525,-1,NULL,NULL
53056,131110,1322108525,0,NULL,NULL
53056,131033,1322108696,-1,NULL,NULL
53056,131110,1322108696,0,NULL,NULL
53056,131376,1322108696,1,NULL,NULL
53057,131535,1322100549,1,NULL,NULL
53057,130967,1322100549,0,NULL,NULL
53057,130943,1322100549,-1,NULL,NULL
53057,131341,1322100549,0,NULL,NULL
53057,130764,1322100549,0,NULL,NULL
53057,131783,1322100549,0,NULL,NULL
53058,130694,1322095565,0,NULL,NULL
53059,131083,1322091249,0,NULL,NULL
53060,131322,1322090507,0,NULL,NULL
53060,130693,1322090507,1,0.0,NULL
53061,131756,1322090294,0,NULL,NULL
53062,130975,1322071390,1,NULL,NULL
53062,130943,1322071390,1,NULL,NULL
53064,131573,1322025825,1,NULL,NULL
53064,131033,1322025825,1,NULL,NULL
53066,131394,1321983065,0,NULL,NULL
53067,131394,1321982760,0,NULL,NULL
53067,131722,1321982760,0,NULL,NULL
53067,131720,1321982760,0,NULL,NULL
53067,131592,1321982760,0,NULL,NULL
53067,131394,1321982886,0,NULL,NULL
53068,131599,1321981707,0,NULL,NULL
53070,131465,1321933738,1,NULL,NULL
53070,131105,1321933738,0,NULL,NULL
53070,131612,1321933738,0,NULL,NULL
53070,131613,1321933738,0,NULL,NULL
53070,131608,1321933738,0,NULL,NULL
53070,131033,1321933738,1,NULL,NULL
53070,131086,1321933738,1,NULL,NULL
53070,131583,1321933738,0,NULL,NULL
53071,131395,1321923880,1,NULL,NULL
53071,131387,1321923880,0,NULL,NULL
53071,130949,1321923880,1,NULL,NULL
53071,131034,1321923880,1,NULL,NULL
53071,130943,1321923880,0,NULL,NULL
53071,131694,1321923880,0,NULL,NULL
53071,131321,1321923880,0,NULL,NULL
53071,131354,1321923880,0,NULL,NULL
53071,131362,1321923880,0,NULL,NULL
53071,131542,1321923880,0,NULL,NULL
53071,131351,1321923880,-1,NULL,NULL
53071,131299,1321923880,1,NULL,NULL
53071,131619,1321923880,0,NULL,NULL
53073,131337,1321818381,-1,NULL,NULL
53073,131354,1321818381,0,NULL,NULL
53073,131348,1321818381,1,NULL,NULL
53073,131352,1321818381,1,NULL,NULL
53074,131400,1321741007,0,NULL,NULL
53075,131286,1321740677,0,NULL,NULL
53075,130925,1321740677,0,NULL,NULL
53075,130881,1321740677,0,NULL,NULL
53075,131344,1321740677,0,NULL,NULL
53075,131348,1321740677,0,NULL,NULL
53075,130677,1321740677,0,NULL,NULL
53075,131203,1321740677,0,NULL,NULL
53075,130714,1321740677,0,NULL,NULL
53076,131417,1321739305,1,NULL,NULL
53077,131033,1321727271,0,NULL,NULL
53077,131047,1321727271,0,NULL,NULL
53077,131110,1321727271,0,NULL,NULL
53078,131400,1321662419,1,NULL,NULL
53078,130980,1321662419,0,NULL,NULL
53078,131400,1321702152,1,NULL,NULL
53079,131348,1321661727,0,NULL,NULL
53079,130645,1321661727,0,NULL,NULL
53079,130748,1321661727,0,NULL,NULL
53081,131080,1321646490,0,NULL,NULL
53081,131034,1321646490,1,NULL,NULL
53082,130856,1321582777,0,NULL,NULL
53082,131084,1321582777,0,NULL,NULL
53082,131354,1321582777,0,NULL,NULL
53082,131591,1321582777,0,NULL,NULL
53082,131573,1321582777,0,NULL,NULL
53082,131051,1321582777,0,NULL,NULL
53082,131082,1321582777,0,NULL,NULL
53082,131583,1321582777,0,NULL,NULL
53082,131033,1321582777,0,NULL,NULL
53083,131597,1321582773,0,NULL,NULL
53083,131907,1321582773,-1,NULL,NULL
53083,131084,1321582773,1,NULL,NULL
53083,131077,1321582773,0,NULL,NULL
53083,131571,1321582773,0,NULL,NULL
53083,130856,1321582773,0,NULL,NULL
53083,131033,1321582773,0,NULL,NULL
53083,131076,1321582773,-1,NULL,NULL
53083,131086,1321582773,0,NULL,NULL
53083,131083,1321582773,0,NULL,NULL
53083,130853,1321582773,-1,NULL,NULL
53083,131082,1321582773,1,NULL,NULL
53083,131030,1321582773,0,NULL,NULL
53083,131570,1321582773,0,NULL,NULL
53084,131082,1321582768,1,NULL,NULL
53084,131086,1321582768,1,NULL,NULL
53084,131051,1321582768,1,NULL,NULL
53086,130693,1321574337,0,NULL,NULL
53086,131398,1321574337,0,NULL,NULL
53086,130694,1321574337,1,NULL,NULL
53086,131405,1321574337,1,NULL,NULL
53089,130809,1321550283,-1,NULL,NULL
53090,130977,1321486829,1,NULL,NULL
53091,131414,1321468692,1,NULL,NULL
53091,130714,1321468692,0,NULL,NULL
53092,131272,1321412650,1,NULL,NULL
53092,130847,1321412650,0,NULL,NULL
53092,131487,1321412650,0,NULL,NULL
53092,131104,1321412650,0,NULL,NULL
53093,130977,1321404172,0,NULL,NULL
53093,131341,1321404172,0,NULL,NULL
53094,131083,1321320365,-1,NULL,NULL
53094,131606,1321320365,1,NULL,NULL
53094,131033,1321320365,1,NULL,NULL
53094,130848,1321320365,0,NULL,NULL
53094,130855,1321320365,0,NULL,NULL
53094,131474,1321320365,0,NULL,NULL
53094,130846,1321320365,0,NULL,NULL
53094,130853,1321320365,1,NULL,NULL
53094,130830,1321320365,-1,NULL,NULL
53094,131082,1321320365,1,NULL,NULL
53094,131495,1321320365,1,NULL,NULL
53094,131482,1321320365,0,NULL,NULL
53094,131487,1321320365,0,NULL,NULL
53094,131486,1321320365,1,NULL,NULL
53094,131573,1321320365,0,NULL,NULL
53094,131354,1321320365,1,NULL,NULL
53094,131492,1321320365,1,NULL,NULL
53094,131586,1321320365,1,NULL,NULL
53094,130852,1321320365,-1,NULL,NULL
53094,130847,1321320365,-1,NULL,NULL
53094,131034,1321320365,1,NULL,NULL
53094,130829,1321320365,-1,NULL,NULL
53094,130859,1321320365,-1,NULL,NULL
53094,130856,1321320365,0,NULL,NULL
53094,131487,1321390655,0,NULL,NULL
53096,131530,1321377304,1,NULL,NULL
53097,131400,1321334299,0,NULL,NULL
53098,131034,1321311010,1,NULL,NULL
53098,130964,1321311010,1,NULL,NULL
53099,131082,1321309743,-1,NULL,NULL
53100,130841,1321219055,0,NULL,NULL
53100,130859,1321219055,1,NULL,NULL
53100,131482,1321219055,-1,NULL,NULL
53101,131406,1321199204,0,NULL,NULL
53101,131598,1321199204,-1,NULL,NULL
53101,131709,1321199204,0,NULL,NULL
53101,131605,1321199204,0,NULL,NULL
53101,131389,1321199204,0,NULL,NULL
53101,131707,1321199204,0,NULL,NULL
53103,130943,1321072841,1,NULL,NULL
53104,130830,1321054829,0,NULL,NULL
53104,130856,1321054829,0,NULL,NULL
53105,130677,1321054607,0,NULL,NULL
53105,130949,1321054607,1,NULL,NULL
53105,130680,1321054607,1,NULL,NULL
53106,130677,1321053667,0,NULL,NULL
53107,131086,1295591076,0,NULL,NULL
53107,130647,1295591076,0,NULL,NULL
53107,130778,1321053568,1,NULL,NULL
53107,131086,1321053568,0,NULL,NULL
53107,131076,1321053568,-1,NULL,NULL
53107,130800,1321053568,0,NULL,NULL
53107,130647,1321053568,0,NULL,NULL
53107,131384,1321053568,-1,NULL,NULL
53107,130796,1321053568,0,NULL,NULL
53107,130783,1321053568,0,NULL,NULL
53108,130919,1321031352,0,NULL,NULL
53109,131034,1320971626,1,NULL,NULL
53110,130981,1320971044,-1,NULL,NULL
53110,131400,1320971044,1,NULL,NULL
53110,130979,1320971044,-1,NULL,NULL
53110,130980,1320971044,0,NULL,NULL
53110,130970,1320971044,0,NULL,NULL
53110,130691,1320971044,0,NULL,NULL
53110,130974,1320971044,0,NULL,NULL
53110,130978,1320971044,-1,NULL,NULL
53111,130677,1320969486,0,NULL,NULL
53111,131394,1320969486,1,NULL,NULL
53112,131082,1320967873,0,NULL,NULL
53112,131083,1320967873,1,0.0,0.0
53112,131508,1320967873,1,NULL,NULL
53112,130911,1320967873,1,NULL,NULL
53113,131102,1320967756,1,0.0,0.0
53113,131110,1320967756,1,NULL,NULL
53113,131573,1320967756,1,NULL,NULL
53113,130846,1320967756,0,NULL,NULL
53115,131657,1320878252,0,NULL,NULL
53115,131591,1320878252,0,NULL,NULL
53115,131433,1320809890,0,NULL,NULL
53115,131570,1320878252,0,NULL,NULL
53115,131573,1320809890,0,NULL,NULL
53115,131379,1320878252,0,NULL,NULL
53115,131576,1320809890,0,NULL,NULL
53115,131702,1320809890,0,NULL,NULL
53115,131535,1320809890,-1,NULL,NULL
53115,131402,1320809890,0,NULL,NULL
53115,131519,1320809890,0,NULL,NULL
53115,131405,1320809890,0,NULL,NULL
53115,131718,1320809890,0,NULL,NULL
53115,131601,1320809890,0,NULL,NULL
53115,131442,1320878252,0,NULL,NULL
53115,131690,1320878252,0,NULL,NULL
53115,131584,1320878252,0,NULL,NULL
53115,131586,1320878252,-1,NULL,NULL
53115,131397,1320809890,0,NULL,NULL
53115,131394,1320809890,0,NULL,NULL
53115,131721,1320809890,0,NULL,NULL
53115,131707,1320878252,0,NULL,NULL
53115,131564,1320878252,0,NULL,NULL
53115,131700,1320878252,0,NULL,NULL
53115,131658,1320878252,0,NULL,NULL
53115,131448,1320878252,0,NULL,NULL
53115,131446,1320809890,-1,NULL,NULL
53115,131611,1320809890,0,NULL,NULL
53115,131628,1320809890,0,NULL,NULL
53115,131604,1320809890,-1,NULL,NULL
53115,131537,1320809890,0,NULL,NULL
53115,131590,1320878252,0,NULL,NULL
53115,131498,1320878252,0,NULL,NULL
53115,131609,1320878252,0,NULL,NULL
53115,131393,1320878252,0,NULL,NULL
53115,131596,1320878252,-1,NULL,NULL
53115,131436,1320878252,0,NULL,NULL
53115,131610,1320878252,0,NULL,NULL
53115,131595,1320809890,0,NULL,NULL
53115,131466,1320878252,0,NULL,NULL
53115,131619,1320809890,0,NULL,NULL
53115,131654,1320878252,0,NULL,NULL
53115,131607,1320809890,0,NULL,NULL
53115,131562,1320809890,0,NULL,NULL
53115,131585,1320878252,0,NULL,NULL
53115,131401,1320878252,0,NULL,NULL
53115,131377,1320809890,0,NULL,NULL
53115,131513,1320809890,0,NULL,NULL
53115,131625,1320809890,0,NULL,NULL
53115,131655,1320878252,0,NULL,NULL
53115,131693,1320809890,0,NULL,NULL
53115,131675,1320809890,-1,NULL,NULL
53115,131594,1320878252,0,NULL,NULL
53115,131633,1320809890,-1,NULL,NULL
53115,131450,1320878252,0,NULL,NULL
53115,131712,1320878252,0,NULL,NULL
53115,131480,1320878252,0,NULL,NULL
53115,131493,1320878252,0,NULL,NULL
53115,131572,1320878252,0,NULL,NULL
53115,131441,1320809890,0,NULL,NULL
53117,131033,1320702028,0,NULL,NULL
53117,131083,1320702028,0,NULL,NULL
53117,130959,1320702028,0,NULL,NULL
53117,130965,1320702028,0,NULL,NULL
53117,130946,1320702028,0,0.0,0.0
53117,131082,1320702028,0,NULL,NULL
53117,131285,1320702028,0,NULL,NULL
53117,131110,1320702028,0,NULL,NULL
53117,131286,1320702028,1,NULL,NULL
53117,130953,1320702028,0,NULL,NULL
53119,131285,1320619637,-1,NULL,NULL
53120,130889,1320616111,1,NULL,NULL
53120,131034,1320616111,0,NULL,NULL
53120,130876,1320616111,1,NULL,NULL
53120,130871,1320616111,1,NULL,NULL
53120,131502,1320616111,1,NULL,NULL
53120,131601,1320616111,0,NULL,NULL
53120,130744,1320616111,0,NULL,NULL
53120,130949,1320616111,1,NULL,NULL
53120,130878,1320616111,1,NULL,NULL
53120,130746,1320616111,0,NULL,NULL
53121,131400,1320519229,0,NULL,NULL
53122,131535,1320518724,1,NULL,NULL
53122,130949,1320518724,0,NULL,NULL
53123,130859,1320457725,0,NULL,NULL
53124,130943,1320448208,1,NULL,NULL
53125,130638,1320447809,0,0.0,0.0
53125,131694,1320447809,1,NULL,NULL
53125,131286,1320447809,-1,NULL,NULL
53125,130969,1320447809,0,NULL,NULL
53125,131292,1320447809,0,NULL,NULL
53125,131354,1320447809,0,NULL,NULL
53125,131574,1320447809,0,NULL,NULL
53125,131695,1320447809,0,NULL,NULL
53125,131535,1320447809,0,NULL,NULL
53125,131702,1320447809,0,NULL,NULL
53125,131373,1320447809,0,NULL,NULL
53125,131285,1320447809,1,NULL,NULL
53125,131306,1320447809,0,NULL,NULL
53125,130959,1320447809,1,NULL,NULL
53125,131703,1320447809,0,0.0,0.0
53126,131376,1320214358,1,NULL,NULL
53126,131376,1320363588,1,NULL,NULL
53126,131033,1320363588,1,NULL,NULL
53128,131601,1320299856,0,NULL,NULL
53129,131226,1320277702,0,NULL,NULL
53130,130976,1320261863,1,NULL,NULL
53130,131621,1320261863,1,NULL,NULL
53130,131113,1320261863,0,NULL,NULL
53130,131128,1320261863,1,1.0,1.0
53130,131110,1320261863,1,NULL,NULL
53130,131118,1320261863,1,NULL,NULL
53130,130959,1320261863,1,NULL,NULL
53132,131033,1320251289,1,NULL,NULL
53132,131033,1320258952,0,NULL,NULL
53133,131400,1320248239,0,NULL,NULL
53134,130693,1320243354,0,NULL,NULL
53135,131675,1320228744,0,NULL,NULL
53136,131110,1297200874,1,NULL,NULL
53136,131110,1300408800,-1,NULL,NULL
53136,131633,1300408800,0,NULL,NULL
53136,131130,1320191042,0,NULL,NULL
53136,131123,1320191042,0,NULL,NULL
53136,131125,1320192355,0,NULL,NULL
53137,131051,1320175973,0,NULL,NULL
53137,131051,1320176360,0,NULL,NULL
53137,131584,1320176360,1,NULL,NULL
53137,131053,1320176360,0,NULL,NULL
53137,131034,1320176360,-1,NULL,NULL
53137,131102,1320176360,0,NULL,NULL
53137,131051,1320189599,0,NULL,NULL
53139,131036,1320178482,0,NULL,NULL
53141,130872,1320171311,0,NULL,NULL
53142,131694,1320165878,1,NULL,NULL
53142,130969,1320165878,0,NULL,NULL
53142,131286,1320165878,-1,NULL,NULL
53142,130638,1320165878,0,0.0,0.0
53142,131695,1320165878,0,NULL,NULL
53142,131574,1320165878,0,NULL,NULL
53142,131292,1320165878,0,NULL,NULL
53142,131702,1320165878,0,NULL,NULL
53142,131535,1320165878,0,NULL,NULL
53142,131703,1320165878,0,NULL,NULL
53142,131285,1320165878,1,NULL,NULL
53142,131306,1320165878,0,NULL,NULL
53142,130959,1320165878,1,1.0,1.0
53142,130638,1320165931,0,0.0,0.0
53142,130969,1320165931,0,NULL,NULL
53142,131694,1320165931,-1,NULL,NULL
53142,131286,1320165931,1,NULL,NULL
53142,131574,1320165931,0,NULL,NULL
53142,131292,1320165931,0,NULL,NULL
53142,131695,1320165931,0,NULL,NULL
53142,131535,1320165931,0,NULL,NULL
53142,131702,1320165931,0,NULL,NULL
53142,131285,1320165931,-1,NULL,NULL
53142,131306,1320165931,0,NULL,NULL
53142,130959,1320165931,-1,0.0,0.0
53142,131703,1320165931,0,NULL,NULL
53145,131286,1319819134,0,NULL,NULL
53145,131286,1320084557,0,NULL,NULL
53146,131628,1320082002,0,NULL,NULL
53146,131034,1320082002,0,NULL,NULL
53146,131033,1320082002,1,NULL,NULL
53146,131082,1320082002,0,NULL,NULL
53146,130919,1320082002,1,NULL,NULL
53147,131354,1320009450,0,NULL,NULL
53148,131325,1319925719,-1,NULL,NULL
53149,131439,1319900610,1,NULL,NULL
53149,130659,1319900610,0,NULL,NULL
53149,131604,1319922235,0,NULL,NULL
53150,131118,1319844014,0,NULL,NULL
53150,131091,1319844014,0,NULL,NULL
53150,131263,1319844014,0,NULL,NULL
53150,131052,1319844014,0,0.0,0.0
53150,131047,1319844014,0,NULL,NULL
53150,131110,1319844014,0,NULL,NULL
53150,130948,1319844014,-1,NULL,NULL
53150,130856,1319844014,0,NULL,NULL
53150,130848,1319844014,0,NULL,NULL
53150,130853,1319844014,0,NULL,NULL
53150,130846,1319844014,0,NULL,NULL
53150,131082,1319844014,1,NULL,NULL
53150,130948,1319859305,1,NULL,NULL
53151,130644,1319843157,0,NULL,NULL
53153,131033,1319838870,1,NULL,NULL
53154,131606,1319479837,1,NULL,NULL
53154,131083,1319479837,1,NULL,NULL
53154,130846,1319479837,0,NULL,NULL
53154,130853,1319479837,1,NULL,NULL
53154,131567,1319479837,0,NULL,NULL
53154,130855,1319479837,0,NULL,NULL
53154,130647,1319479837,0,0.0,0.0
53154,131086,1319479837,0,NULL,NULL
53154,131076,1319479837,1,NULL,NULL
53154,130852,1319479837,0,NULL,NULL
53154,131562,1319479837,1,NULL,NULL
53154,130851,1319479837,1,NULL,NULL
53154,131263,1319479837,1,NULL,NULL
53154,130847,1319479837,0,NULL,NULL
53154,131084,1319479837,1,NULL,NULL
53154,130856,1319479837,1,NULL,NULL
53154,131084,1319838586,0,NULL,NULL
53155,131625,1319838578,1,NULL,NULL
53155,131110,1319838578,0,NULL,NULL
53155,131605,1319838578,0,NULL,NULL
53155,131907,1319838578,-1,NULL,NULL
53155,131082,1319838578,1,NULL,NULL
53155,131043,1319838578,0,NULL,NULL
53155,131033,1319838578,1,NULL,NULL
53155,131051,1319838578,1,NULL,NULL
53156,130949,1319838238,0,NULL,NULL
53157,130941,1319785187,0,NULL,NULL
53157,130659,1319785187,0,NULL,NULL
53157,131389,1319785187,0,NULL,NULL
53157,131524,1319785187,0,NULL,NULL
53157,131259,1319785187,0,NULL,NULL
53158,131034,1319782172,0,NULL,NULL
53158,131102,1319782172,0,1.0,1.0
53158,131549,1319782172,0,NULL,NULL
53158,130988,1319782172,0,NULL,NULL
53159,131226,1319772592,1,NULL,NULL
53159,131673,1319772592,1,NULL,NULL
53161,131530,1319752051,0,NULL,NULL
53162,131354,1319749555,-1,NULL,NULL
53162,130638,1319749555,0,0.0,0.0
53162,131327,1319749555,0,NULL,NULL
53162,130680,1319749555,0,NULL,NULL
53162,130640,1319749555,-1,NULL,NULL
53162,130679,1319749555,-1,NULL,NULL
53162,131033,1319749555,0,NULL,NULL
53162,130959,1319749555,0,NULL,NULL
53162,130678,1319749555,0,NULL,NULL
53163,131364,1319742824,0,NULL,NULL
53164,130853,1319664763,0,NULL,NULL
53166,131690,1319652302,1,NULL,NULL
53166,131268,1319652302,0,NULL,NULL
53168,130949,1319528425,0,NULL,NULL
53168,131046,1319528425,0,NULL,NULL
53168,130865,1319528425,0,NULL,NULL
53168,130965,1319528425,0,NULL,NULL
53168,131081,1319528425,0,NULL,NULL
53168,131299,1319528425,1,NULL,NULL
53168,130859,1319528425,0,NULL,NULL
53168,131110,1319528425,0,NULL,NULL
53168,131052,1319528425,0,NULL,NULL
53168,130943,1319528425,0,NULL,NULL
53168,131047,1319528425,0,NULL,NULL
53168,131034,1319528425,0,NULL,NULL
53168,130626,1319528425,0,NULL,NULL
53169,131033,1319525488,0,NULL,NULL
53169,131276,1319525488,0,NULL,NULL
53169,131310,1319525488,0,NULL,NULL
53169,130949,1319525488,0,NULL,NULL
53169,131083,1319525488,0,NULL,NULL
53169,131063,1319525488,0,NULL,NULL
53169,130959,1319525488,0,NULL,NULL
53169,130848,1319525488,0,NULL,NULL
53169,130793,1319525488,0,NULL,NULL
53169,130865,1319525488,0,NULL,NULL
53169,130647,1319525488,0,NULL,NULL
53169,130693,1319525488,0,NULL,NULL
53169,130643,1319525488,0,NULL,NULL
53169,130698,1319525488,0,NULL,NULL
53169,131339,1319525488,0,NULL,NULL
53169,130965,1319525488,0,NULL,NULL
53169,130952,1319525488,0,NULL,NULL
53169,130680,1319525488,0,NULL,NULL
53169,130679,1319525488,0,NULL,NULL
53169,130846,1319525488,0,NULL,NULL
53169,130853,1319525488,0,NULL,NULL
53169,130768,1319525488,0,NULL,NULL
53169,131110,1319525488,-1,NULL,NULL
53169,131286,1319525488,0,NULL,NULL
53169,131351,1319525488,0,NULL,NULL
53169,131268,1319525488,0,NULL,NULL
53169,131006,1319525488,0,NULL,NULL
53169,130876,1319525488,0,NULL,NULL
53169,131263,1319525488,0,NULL,NULL
53169,130677,1319525488,0,NULL,NULL
53169,130659,1319525488,0,NULL,NULL
53169,130717,1319525488,0,NULL,NULL
53169,130829,1319525488,0,NULL,NULL
53169,130847,1319525488,0,NULL,NULL
53169,131783,1319525488,0,NULL,NULL
53169,131111,1319525488,0,NULL,NULL
53169,131265,1319525488,0,NULL,NULL
53169,131338,1319525488,0,NULL,NULL
53169,130852,1319525488,0,NULL,NULL
53169,130788,1319525488,-1,NULL,NULL
53169,130733,1319525488,0,NULL,NULL
53169,130708,1319525488,0,NULL,NULL
53169,130645,1319525488,0,NULL,NULL
53169,131081,1319525488,0,NULL,NULL
53169,130937,1319525488,0,NULL,NULL
53169,130638,1319525488,0,0.0,0.0
53169,130637,1319525488,0,NULL,NULL
53169,130964,1319525488,0,NULL,NULL
53169,131079,1319525488,0,NULL,NULL
53169,131100,1319525488,0,NULL,NULL
53169,130684,1319525488,0,NULL,NULL
53169,130642,1319525488,0,NULL,NULL
53169,130729,1319525488,0,NULL,NULL
53169,130807,1319525488,0,NULL,NULL
53170,130949,1319498284,1,NULL,NULL
53170,130752,1319498284,1,NULL,NULL
53170,130691,1319498284,1,NULL,NULL
53170,131434,1319498284,1,NULL,NULL
53170,130629,1319498284,1,NULL,NULL
53170,130644,1319498284,1,NULL,NULL
53170,131034,1319498284,1,NULL,NULL
53171,130980,1319497981,0,NULL,NULL
53172,130966,1319491440,1,NULL,NULL
53172,131532,1319493749,1,NULL,NULL
53173,131405,1319478759,-1,NULL,NULL
53174,130935,1319404763,0,NULL,NULL
53174,131381,1319404763,0,NULL,NULL
53174,130798,1319404763,0,NULL,NULL
53174,131419,1319404763,0,NULL,NULL
53174,131450,1319404763,0,NULL,NULL
53174,130962,1319404763,0,NULL,NULL
53174,130963,1319404763,0,NULL,NULL
53174,131624,1319404763,0,NULL,NULL
53175,130635,1319232432,0,NULL,NULL
53177,130851,1319222731,1,NULL,NULL
53178,131495,1318969408,0,NULL,NULL
53178,131082,1318969408,0,NULL,NULL
53178,130853,1318969408,1,NULL,NULL
53178,130846,1318969408,0,NULL,NULL
53178,130830,1318969408,1,NULL,NULL
53178,131033,1318969408,1,NULL,NULL
53178,131086,1318969408,0,NULL,NULL
53178,130855,1318969408,1,NULL,NULL
53178,131083,1318969408,1,NULL,NULL
53178,130852,1318969408,1,NULL,NULL
53178,130847,1318969408,1,NULL,NULL
53178,130829,1318969408,1,NULL,NULL
53178,131034,1318969408,1,NULL,NULL
53178,131084,1318969408,0,NULL,NULL
53178,130840,1318969408,0,NULL,NULL
53178,130859,1318969408,1,NULL,NULL
53178,130807,1318969408,0,NULL,NULL
53178,130856,1318969408,1,NULL,NULL
53178,130919,1318969408,0,NULL,NULL
53178,130847,1319191873,0,NULL,NULL
53179,130795,1319166928,0,NULL,NULL
53179,130801,1319166928,0,NULL,NULL
53179,130797,1319166928,0,NULL,NULL
53179,130792,1319166928,0,NULL,NULL
53179,130768,1319166928,0,NULL,NULL
53179,130773,1319166928,0,NULL,NULL
53180,130949,1319139600,0,NULL,NULL
53180,130943,1319139600,1,NULL,NULL
53181,130851,1319138738,0,NULL,NULL
53182,131406,1319138020,1,NULL,NULL
53183,131286,1319137436,-1,NULL,NULL
53183,131283,1319137436,0,NULL,NULL
53185,130809,1319134784,-1,0.0,0.0
53185,131464,1319134784,1,NULL,NULL
53186,131290,1319132169,1,NULL,NULL
53186,131696,1319132169,1,0.0,0.0
53187,131226,1319071377,0,NULL,NULL
53187,131034,1319071377,1,NULL,NULL
53188,131316,1319069397,1,NULL,NULL
53189,130645,1319066000,1,NULL,NULL
53189,130959,1319066000,0,NULL,NULL
53190,131392,1319061937,1,NULL,NULL
53191,130882,1319044401,0,NULL,NULL
53193,131076,1318960326,1,NULL,NULL
53193,131596,1318960326,0,NULL,NULL
53193,131075,1318960326,0,NULL,NULL
53193,131562,1318960326,0,NULL,NULL
53194,130871,1318940401,1,NULL,NULL
53194,130876,1318940401,1,NULL,NULL
53195,131081,1318891053,1,NULL,NULL
53196,130693,1318878109,0,NULL,NULL
53197,131052,1318875558,0,NULL,NULL
53197,131082,1318875558,0,NULL,NULL
53199,131081,1318828129,1,0.0,0.0
53200,131082,1318632105,0,NULL,NULL
53200,130853,1318632105,0,NULL,NULL
53200,130846,1318632105,0,NULL,NULL
53200,131567,1318632105,0,NULL,NULL
53200,130852,1318632105,0,NULL,NULL
53200,131571,1318632105,0,NULL,NULL
53200,130919,1318632105,0,NULL,NULL
53200,130856,1318632105,1,NULL,NULL
53200,131083,1318632105,0,NULL,NULL
53200,131606,1318632105,0,NULL,NULL
53201,131625,1318552841,1,NULL,NULL
53201,131110,1318552841,1,NULL,NULL
53202,131348,1318549755,0,NULL,NULL
53202,131338,1318549755,-1,NULL,NULL
53202,131317,1318549755,0,NULL,NULL
53203,131290,1318547550,0,NULL,NULL
53203,131526,1318547550,-1,NULL,NULL
53203,130678,1318547550,-1,NULL,NULL
53203,130693,1318547550,0,NULL,NULL
53203,130724,1318547550,0,NULL,NULL
53203,131336,1318547550,0,NULL,NULL
53203,131534,1318547550,0,NULL,NULL
53203,131226,1318547550,0,NULL,NULL
53203,131405,1318547550,0,NULL,NULL
53203,131034,1318547550,0,NULL,NULL
53203,130638,1318547550,0,0.0,0.0
53203,130943,1318547550,0,NULL,NULL
53203,130972,1318547550,0,NULL,NULL
53203,130976,1318547550,0,NULL,NULL
53203,130677,1318547550,-1,NULL,NULL
53203,130694,1318547550,0,NULL,NULL
53203,130714,1318547550,0,NULL,NULL
53203,130716,1318547550,0,NULL,NULL
53203,130648,1318547550,0,NULL,NULL
53203,131530,1318547550,1,NULL,NULL
53203,131396,1318547550,1,NULL,NULL
53203,130680,1318547550,1,NULL,NULL
53203,130691,1318547550,1,NULL,NULL
53203,130703,1318547550,0,0.0,0.0
53203,130722,1318547550,0,NULL,NULL
53203,131394,1318547550,1,NULL,NULL
53203,131535,1318547550,-1,NULL,NULL
53203,131911,1318547550,-1,NULL,NULL
53203,131702,1318547550,0,NULL,NULL
53203,131387,1318547550,-1,NULL,NULL
53203,131033,1318547550,0,NULL,NULL
53203,130647,1318547550,0,NULL,NULL
53203,130949,1318547550,-1,NULL,NULL
53204,131084,1318546578,1,NULL,NULL
53204,131076,1318546578,0,NULL,NULL
53204,131086,1318546578,0,NULL,NULL
53205,131621,1318546275,0,NULL,NULL
53205,131628,1318546275,0,NULL,NULL
53205,131619,1318546275,0,NULL,NULL
53205,131446,1318546275,0,NULL,NULL
53205,131354,1318546275,-1,NULL,NULL
53206,130836,1318544460,0,NULL,NULL
53206,131402,1318544460,1,NULL,NULL
53206,131082,1318544460,1,NULL,NULL
53206,130830,1318544460,0,NULL,NULL
53206,131083,1318544460,-1,NULL,NULL
53207,131082,1318537503,1,NULL,NULL
53207,131565,1318537503,1,NULL,NULL
53208,131292,1318529224,0,NULL,NULL
53208,131082,1318529224,1,NULL,NULL
53209,131541,1318483363,0,NULL,NULL
53209,131354,1318483363,0,NULL,NULL
53209,131611,1318483363,1,NULL,NULL
53209,131610,1318483363,0,NULL,NULL
53209,131535,1318491310,1,NULL,NULL
53210,130708,1318455740,0,NULL,NULL
53210,131158,1318455740,0,NULL,NULL
53210,130694,1318455740,1,NULL,NULL
53210,130712,1318455740,0,NULL,NULL
53210,131034,1318455740,1,NULL,NULL
53210,130748,1318455740,0,NULL,NULL
53210,131402,1318455740,1,NULL,NULL
53210,131033,1318455740,1,NULL,NULL
53210,130647,1318455740,1,0.0,0.0
53210,130809,1318455740,0,0.0,0.0
53210,130752,1318455740,0,NULL,NULL
53210,131063,1318455740,1,NULL,NULL
53211,131082,1318446530,-1,NULL,NULL
53211,131083,1318446530,-1,NULL,NULL
53212,131481,1318392930,1,NULL,NULL
53212,131463,1318392930,0,NULL,NULL
53212,131606,1318392930,-1,NULL,NULL
53212,130862,1318392930,0,NULL,NULL
53212,131083,1318392930,-1,0.0,0.0
53212,131082,1318392930,1,NULL,NULL
53212,130853,1318392930,1,NULL,NULL
53212,130846,1318392930,1,NULL,NULL
53212,130844,1318392930,0,NULL,NULL
53212,130830,1318392930,0,NULL,NULL
53212,131567,1318392930,0,NULL,NULL
53212,131498,1318392930,-1,NULL,NULL
53212,131479,1318392930,0,NULL,NULL
53212,130855,1318392930,0,NULL,NULL
53212,130865,1318392930,0,NULL,NULL
53212,131033,1318392930,-1,NULL,NULL
53212,130852,1318392930,1,NULL,NULL
53212,131562,1318392930,1,NULL,NULL
53212,131571,1318392930,0,NULL,NULL
53212,131492,1318392930,0,NULL,NULL
53212,131489,1318392930,0,NULL,NULL
53212,131605,1318392930,-1,NULL,NULL
53212,131508,1318392930,-1,NULL,NULL
53212,131493,1318392930,-1,NULL,NULL
53212,131491,1318392930,0,NULL,NULL
53212,131607,1318392930,0,NULL,NULL
53212,131628,1318392930,0,NULL,NULL
53212,131486,1318392930,0,NULL,NULL
53212,130911,1318392930,0,NULL,NULL
53212,131034,1318392930,1,NULL,NULL
53212,130829,1318392930,-1,NULL,NULL
53212,131278,1318392930,-1,NULL,NULL
53212,131263,1318392930,0,NULL,NULL
53212,130851,1318392930,0,NULL,NULL
53212,130859,1318392930,0,NULL,NULL
53212,131496,1318392930,0,NULL,NULL
53212,131564,1318392930,0,NULL,NULL
53212,131512,1318392930,-1,NULL,NULL
53212,131494,1318392930,0,NULL,NULL
53212,131355,1318392930,0,NULL,NULL
53212,130863,1318392930,0,NULL,NULL
53212,130856,1318392930,0,NULL,NULL
53212,130807,1318392930,0,NULL,NULL
53212,130919,1318392930,-1,NULL,NULL
53214,131348,1318142146,0,NULL,NULL
53214,130943,1318142146,0,NULL,NULL
53214,130975,1318142146,1,0.0,0.0
53214,131341,1318142146,0,NULL,NULL
53215,131286,1317938520,1,NULL,NULL
53215,131286,1318003470,0,NULL,NULL
53216,131501,1317937187,1,NULL,NULL
53216,131474,1317937187,0,NULL,NULL
53216,130865,1317937187,1,NULL,NULL
53216,131499,1317937187,-1,NULL,NULL
53216,130863,1317937187,-1,NULL,NULL
53216,131083,1317937187,0,NULL,NULL
53217,131529,1317931808,1,NULL,NULL
53217,130943,1317931808,0,NULL,NULL
53217,130948,1317931808,0,NULL,NULL
53218,131354,1317880919,0,1.0,1.0
53218,131619,1317880919,-1,NULL,NULL
53219,131005,1317860205,-1,NULL,NULL
53220,131084,1317849290,1,NULL,NULL
53220,131041,1317849290,1,NULL,NULL
53220,131021,1317849290,0,NULL,NULL
53220,131562,1317849290,0,NULL,NULL
53220,131274,1317849290,0,NULL,NULL
53220,130647,1317849290,0,0.0,0.0
53220,131086,1317849290,-1,NULL,NULL
53220,131076,1317849290,-1,NULL,NULL
53220,131583,1317849290,0,NULL,NULL
53220,131051,1317849290,0,NULL,NULL
53220,131083,1317849290,0,1.0,1.0
53221,130797,1317846545,0,NULL,NULL
53222,131130,1317836218,1,NULL,NULL
53223,131703,1317831080,0,NULL,NULL
53224,130943,1317789785,0,NULL,NULL
53225,130676,1317773208,0,NULL,NULL
53226,131664,1317769833,0,NULL,NULL
53228,131083,1317752874,1,1.0,1.0
53229,131034,1317681292,1,NULL,NULL
53229,131573,1317681292,1,NULL,NULL
53229,131033,1317681292,0,NULL,NULL
53230,131447,1317668903,1,NULL,NULL
53230,130765,1317668903,-1,NULL,NULL
53232,131696,1317443084,1,NULL,NULL
53232,131290,1317443084,1,NULL,NULL
53233,131290,1317442693,0,NULL,NULL
53233,131696,1317442693,0,NULL,NULL
53234,131664,1317433479,1,NULL,NULL
53234,131203,1317433479,0,NULL,NULL
53235,131299,1317419120,1,NULL,NULL
53235,130648,1317419120,0,NULL,NULL
53235,131078,1317419120,0,NULL,NULL
53239,131051,1317407727,0,NULL,NULL
53239,131083,1317407727,1,1.0,1.0
53239,131586,1317407727,0,NULL,NULL
53239,130829,1317407727,0,NULL,NULL
53239,131084,1317407727,0,NULL,NULL
53239,131274,1317407727,0,NULL,NULL
53239,131578,1317407727,0,NULL,NULL
53239,131041,1317407727,0,NULL,NULL
53239,130846,1317407727,0,NULL,NULL
53239,130647,1317407727,0,0.0,0.0
53239,131033,1317407727,1,NULL,NULL
53239,131076,1317407727,1,NULL,NULL
53239,131086,1317407727,1,NULL,NULL
53240,131504,1317356434,0,NULL,NULL
53240,130694,1317356434,1,NULL,NULL
53240,130932,1317356434,1,NULL,NULL
53240,130926,1317356434,0,NULL,NULL
53240,130721,1317356434,0,NULL,NULL
53240,131402,1317356434,1,NULL,NULL
53240,130703,1317356434,0,NULL,NULL
53240,130722,1317356434,1,NULL,NULL
53240,130931,1317356434,0,NULL,NULL
53242,130949,1317352118,0,NULL,NULL
53243,131128,1317339219,1,NULL,NULL
53243,131122,1317339219,-1,NULL,NULL
53243,131354,1317339219,1,1.0,1.0
53243,131123,1317339219,1,NULL,NULL
53244,130748,1317330024,0,NULL,NULL
53244,131442,1317330024,0,NULL,NULL
53244,131631,1317330024,0,NULL,NULL
53244,130708,1317330024,-1,NULL,NULL
53244,131444,1317330024,0,NULL,NULL
53244,131033,1317330024,1,NULL,NULL
53244,131443,1317330024,0,NULL,NULL
53244,131063,1317330024,0,NULL,NULL
53244,131432,1317330024,1,NULL,NULL
53244,131440,1317330024,0,NULL,NULL
53246,130943,1317277756,0,NULL,NULL
53246,131543,1317277756,1,NULL,NULL
53247,131034,1316805521,1,NULL,NULL
53247,131125,1316805521,1,NULL,NULL
53247,130638,1316805521,0,0.0,0.0
53247,130638,1316815741,0,0.0,0.0
53247,131125,1316815741,-1,NULL,NULL
53247,131034,1316815741,-1,NULL,NULL
53247,130638,1317225382,0,0.0,0.0
53247,131125,1317225382,1,NULL,NULL
53247,131034,1317225382,1,NULL,NULL
53248,131082,1317225046,0,NULL,NULL
53249,131034,1317156544,0,NULL,NULL
53249,131340,1317156544,0,NULL,NULL
53249,130973,1317156544,0,NULL,NULL
53249,130976,1317156544,1,NULL,NULL
53249,131724,1317156544,0,NULL,NULL
53249,131351,1317156544,1,NULL,NULL
53249,131096,1317156544,0,NULL,NULL
53249,130943,1317156544,1,NULL,NULL
53249,130975,1317156544,0,NULL,NULL
53249,130677,1317156544,1,0.0,0.0
53249,131123,1317156544,0,NULL,NULL
53249,131093,1317156544,0,NULL,NULL
53249,130964,1317156544,-1,NULL,NULL
53251,130949,1316873465,1,NULL,NULL
53251,130957,1316873465,1,NULL,NULL
53251,131034,1316873465,0,NULL,NULL
53251,131063,1316873465,1,NULL,NULL
53251,130752,1316873465,1,NULL,NULL
53251,131034,1316875589,0,NULL,NULL
53251,131063,1316875589,-1,NULL,NULL
53251,130752,1316875589,-1,NULL,NULL
53251,130957,1316875589,-1,NULL,NULL
53251,130949,1316875589,-1,NULL,NULL
53251,130949,1316922413,1,NULL,NULL
53251,130957,1316922413,1,NULL,NULL
53251,131034,1316922413,0,NULL,NULL
53251,130752,1316922413,1,NULL,NULL
53251,131063,1316922413,1,NULL,NULL
53252,131627,1316802917,1,NULL,NULL
53252,131125,1316802917,1,NULL,NULL
53252,131047,1316802917,1,NULL,NULL
53252,131110,1316802917,1,NULL,NULL
53252,131625,1316802917,1,NULL,NULL
53252,131619,1316802917,0,NULL,NULL
53252,131625,1316842037,0,NULL,NULL
53252,131625,1316858803,0,NULL,NULL
53252,131625,1316906466,0,NULL,NULL
53253,131226,1316890384,1,NULL,NULL
53253,131232,1316890384,1,NULL,NULL
53253,131237,1316890384,1,NULL,NULL
53256,131084,1316807665,0,NULL,NULL
53256,131562,1316807665,0,NULL,NULL
53259,130895,1316800246,-1,NULL,NULL
53259,130923,1316800246,0,NULL,NULL
53261,130943,1316796394,1,NULL,NULL
53262,131096,1316732897,1,NULL,NULL
53265,131377,1316624858,1,NULL,NULL
53265,131633,1316624858,0,NULL,NULL
53267,131083,1316464180,0,0.0,0.0
53269,131290,1316368830,0,NULL,NULL
53271,131535,1316291220,1,NULL,NULL
53271,130943,1316291220,0,NULL,NULL
53271,131354,1316291220,1,NULL,NULL
53271,131354,1316291921,0,NULL,NULL
53271,131354,1316292753,1,1.0,1.0
53274,131526,1316222259,0,NULL,NULL
53275,130916,1316219901,0,NULL,NULL
53275,130907,1316219901,0,NULL,NULL
53276,131034,1316217596,0,NULL,NULL
53276,131916,1316217596,0,NULL,NULL
53277,131439,1316207456,0,NULL,NULL
53277,130747,1316207456,0,NULL,NULL
53277,130957,1316207456,0,NULL,NULL
53277,130949,1316207456,1,NULL,NULL
53278,131573,1316201859,1,NULL,NULL
53278,131051,1316201859,-1,NULL,NULL
53279,131400,1316199852,1,NULL,NULL
53279,130691,1316199852,1,NULL,NULL
53280,130957,1316195942,0,NULL,NULL
53280,130949,1316195942,0,NULL,NULL
53280,130691,1316195942,1,NULL,NULL
53280,131439,1316195942,0,NULL,NULL
53280,130747,1316195942,0,NULL,NULL
53280,131291,1316195942,0,NULL,NULL
53281,131290,1316189417,1,-1.0,-1.0
53281,131696,1316189417,1,NULL,NULL
53281,131290,1316189794,0,NULL,NULL
53281,131290,1316190326,0,NULL,NULL
53284,131128,1316126485,0,NULL,NULL
53285,131128,1316123339,0,NULL,NULL
53286,131638,1316060213,1,NULL,NULL
53286,130737,1316060213,0,NULL,NULL
53286,131130,1316060213,1,NULL,NULL
53286,131128,1316060213,0,NULL,NULL
53286,131123,1316060213,0,NULL,NULL
53286,131130,1316082876,0,NULL,NULL
53286,131419,1316082876,0,NULL,NULL
53286,131130,1316109408,0,NULL,NULL
53286,131419,1316109408,0,NULL,NULL
53288,131499,1316053504,0,NULL,NULL
53288,130863,1316053504,0,NULL,NULL
53288,130865,1316053504,0,NULL,NULL
53288,131474,1316053504,0,NULL,NULL
53288,131501,1316053504,0,NULL,NULL
53289,130847,1316044041,-1,NULL,NULL
53289,131499,1316044041,0,NULL,NULL
53289,131500,1316044041,0,NULL,NULL
53289,130863,1316044041,-1,NULL,NULL
53289,131501,1316044041,0,NULL,NULL
53289,131474,1316044041,1,NULL,NULL
53289,130864,1316044041,-1,NULL,NULL
53289,130865,1316044041,0,NULL,NULL
53291,131611,1316028510,1,NULL,NULL
53292,131611,1315982734,1,NULL,NULL
53292,130765,1315982734,0,NULL,NULL
53292,130764,1315982734,0,NULL,NULL
53292,130943,1315982734,1,NULL,NULL
53292,131096,1315982734,-1,NULL,NULL
53293,130778,1315970336,1,NULL,NULL
53293,131454,1315970336,0,NULL,NULL
53295,131093,1315948241,0,NULL,NULL
53296,130946,1315939014,-1,NULL,NULL
53296,131081,1315939014,0,NULL,NULL
53296,130976,1315939014,0,NULL,NULL
53296,131526,1315939014,1,NULL,NULL
53297,130689,1315677439,-1,NULL,NULL
53297,130690,1315677439,-1,NULL,NULL
53297,130721,1315677439,-1,NULL,NULL
53297,130712,1315677439,-1,NULL,NULL
53297,130708,1315886208,0,NULL,NULL
53297,130638,1315886208,0,NULL,NULL
53299,131290,1315876517,1,NULL,NULL
53300,130647,1315860082,0,0.0,0.0
53300,131384,1315860082,0,NULL,NULL
53301,131203,1315857557,1,NULL,NULL
53301,131273,1315857557,0,NULL,NULL
53302,130876,1315680285,1,NULL,NULL
53302,131552,1315680285,0,NULL,NULL
53302,131061,1315680285,0,NULL,NULL
53302,131003,1315680285,0,NULL,NULL
53302,130961,1315680285,0,NULL,NULL
53302,131005,1315680285,1,NULL,NULL
53302,130889,1315680285,1,NULL,NULL
53304,130976,1315629294,1,NULL,NULL
53305,131033,1315612506,0,NULL,NULL
53306,131285,1315545924,1,NULL,NULL
53306,130680,1315545924,-1,NULL,NULL
53306,130949,1315545924,0,NULL,NULL
53306,131286,1315545924,0,NULL,NULL
53306,130959,1315545924,1,NULL,NULL
53306,130693,1315545924,0,NULL,NULL
53306,130678,1315545924,1,NULL,NULL
53307,131075,1315540020,-1,NULL,NULL
53307,131083,1315540020,0,0.0,0.0
53308,131696,1315543984,-1,NULL,NULL
53309,131544,1315541126,1,NULL,NULL
53309,131346,1315541126,0,NULL,NULL
53309,130965,1315541126,1,NULL,NULL
53309,130959,1315541126,1,NULL,NULL
53310,130689,1315519390,0,NULL,NULL
53310,130712,1315519390,0,NULL,NULL
53310,131637,1315519390,0,NULL,NULL
53310,131573,1315519390,0,NULL,NULL
53310,131110,1315519390,0,NULL,NULL
53310,130638,1315519390,0,NULL,NULL
53310,131123,1315519390,-1,NULL,NULL
53310,131111,1315519390,1,NULL,NULL
53310,131620,1315519390,0,NULL,NULL
53310,131126,1315519390,1,NULL,NULL
53310,131128,1315519390,1,NULL,NULL
53310,131621,1315519390,0,NULL,NULL
53310,131635,1315519390,0,NULL,NULL
53310,131638,1315519390,0,NULL,NULL
53310,130737,1315519390,-1,NULL,NULL
53310,131033,1315519390,1,NULL,NULL
53310,131627,1315519390,0,NULL,NULL
53311,131641,1311447848,1,NULL,NULL
53311,131163,1311447848,0,NULL,NULL
53311,130949,1315507826,0,NULL,NULL
53311,130943,1315507826,-1,NULL,NULL
53311,131034,1315507826,0,NULL,NULL
53311,130964,1315507826,1,NULL,NULL
53311,131341,1315507826,1,NULL,NULL
53311,131096,1315507826,1,NULL,NULL
53313,130927,1315497145,0,NULL,NULL
53313,130635,1315497145,0,NULL,NULL
53314,131034,1315496284,1,NULL,NULL
53315,131400,1315455762,1,NULL,NULL
53315,131034,1315455762,1,NULL,NULL
53315,130691,1315455762,1,NULL,NULL
53316,130691,1315464575,1,NULL,NULL
53316,130949,1315464575,1,NULL,NULL
53316,130957,1315464575,0,NULL,NULL
53316,130747,1315464575,0,NULL,NULL
53316,130943,1315464575,0,NULL,NULL
53316,131439,1315464575,1,NULL,NULL
53318,131238,1315435485,0,NULL,NULL
53318,131239,1315435485,1,NULL,NULL
53318,131234,1315435485,0,NULL,NULL
53318,131230,1315435485,0,NULL,NULL
53318,131231,1315435485,0,NULL,NULL
53318,131235,1315435485,0,NULL,NULL
53318,131236,1315435485,0,NULL,NULL
53318,131229,1315435485,0,NULL,NULL
53318,131233,1315435485,0,NULL,NULL
53318,131237,1315435485,0,NULL,NULL
53318,131232,1315435485,1,NULL,NULL
53319,131691,1315421871,1,NULL,NULL
53320,130875,1315411045,0,NULL,NULL
53320,130889,1315411045,0,NULL,NULL
53321,131436,1315336867,0,NULL,NULL
53321,130748,1315336867,0,NULL,NULL
53321,131441,1315336867,1,NULL,NULL
53321,131434,1315336867,0,NULL,NULL
53321,131082,1315336867,1,NULL,NULL
53321,131432,1315336867,1,NULL,NULL
53321,131033,1315336867,-1,NULL,NULL
53321,131063,1315336867,1,NULL,NULL
53324,131400,1315018529,1,NULL,NULL
53324,130943,1315018529,1,NULL,NULL
53324,130968,1315018529,0,NULL,NULL
53324,130764,1315018529,0,NULL,NULL
53324,130949,1315018529,0,NULL,NULL
53324,130978,1315018529,-1,NULL,NULL
53324,130691,1315018529,1,NULL,NULL
53324,130980,1315018529,1,NULL,NULL
53325,130675,1315006297,0,NULL,NULL
53327,130862,1314384780,0,NULL,NULL
53327,131083,1314384780,1,0.0,0.0
53327,131606,1314384780,0,NULL,NULL
53327,131482,1314384780,0,NULL,NULL
53327,131495,1314384780,0,NULL,NULL
53327,131034,1314384780,0,NULL,NULL
53327,130847,1314384780,0,NULL,NULL
53327,130859,1314384780,0,NULL,NULL
53327,130840,1314384780,0,NULL,NULL
53327,131584,1314384780,0,NULL,NULL
53327,131083,1314991024,0,1.0,1.0
53327,130844,1314991024,0,NULL,NULL
53328,130865,1314798361,0,NULL,NULL
53328,130863,1314937204,1,NULL,NULL
53328,131501,1314937204,0,NULL,NULL
53328,130865,1314937204,-1,NULL,NULL
53328,131501,1314973889,0,NULL,NULL
53329,130943,1314936867,-1,NULL,NULL
53329,131400,1314936867,0,NULL,NULL
53329,131347,1314936867,1,NULL,NULL
53329,130972,1314936867,0,NULL,NULL
53329,130949,1314936867,0,NULL,NULL
53329,131646,1314936867,-1,NULL,NULL
53329,130971,1314936867,0,NULL,NULL
53329,130691,1314936867,0,NULL,NULL
53329,131392,1314936867,0,NULL,NULL
53331,130752,1314855470,0,NULL,NULL
53331,131063,1314855470,0,NULL,NULL
53334,131474,1314759905,0,NULL,NULL
53336,130943,1314739733,0,NULL,NULL
53336,130975,1314739733,0,NULL,NULL
53336,130976,1314740047,0,NULL,NULL
53336,130976,1314740233,0,NULL,NULL
53336,130975,1314740327,0,NULL,NULL
53336,130943,1314740327,0,NULL,NULL
53336,130975,1314741082,0,NULL,NULL
53336,130943,1314741082,0,NULL,NULL
53337,131113,1314739494,0,NULL,NULL
53338,130976,1314738685,0,NULL,NULL
53339,130949,1314738484,0,NULL,NULL
53339,131005,1314738484,0,NULL,NULL
53339,131326,1314738484,0,NULL,NULL
53339,131034,1314738484,0,NULL,NULL
53341,130765,1314732291,1,NULL,NULL
53341,130764,1314732291,0,NULL,NULL
53341,130976,1314732291,1,NULL,NULL
53341,131447,1314732291,1,NULL,NULL
53343,131113,1314727825,0,NULL,NULL
53344,130864,1314712858,1,NULL,NULL
53344,130863,1314712858,0,NULL,NULL
53345,130932,1314666784,1,NULL,NULL
53345,130902,1314666784,1,NULL,NULL
53346,130943,1314640304,1,NULL,NULL
53347,130864,1314633647,0,NULL,NULL
53348,131082,1314419163,1,NULL,NULL
53348,131034,1314419163,1,NULL,NULL
53348,131565,1314419163,0,NULL,NULL
53348,130644,1314419163,1,NULL,NULL
53348,131091,1314419163,0,NULL,NULL
53348,131082,1314439049,0,NULL,NULL
53348,130644,1314494829,0,NULL,NULL
53349,131625,1314473012,0,NULL,NULL
53350,130712,1314417678,1,NULL,NULL
53350,130889,1314417678,1,NULL,NULL
53350,130689,1314417678,1,NULL,NULL
53350,130721,1314417678,1,NULL,NULL
53350,130690,1314417678,1,NULL,NULL
53350,130876,1314417678,-1,NULL,NULL
53350,130704,1314417678,0,NULL,NULL
53350,130647,1314417678,0,0.0,0.0
53350,130705,1314417678,0,NULL,NULL
53351,131034,1314293394,0,NULL,NULL
53351,131400,1314293394,1,NULL,NULL
53351,130691,1314293394,1,NULL,NULL
53351,131400,1314415446,-1,NULL,NULL
53352,131110,1314229267,1,NULL,NULL
53352,131047,1314229267,0,NULL,NULL
53352,131625,1314229267,1,NULL,NULL
53352,131625,1314243454,0,NULL,NULL
53352,131625,1314413084,1,NULL,NULL
53353,130788,1314385420,-1,NULL,NULL
53354,130949,1314385166,-1,NULL,NULL
53354,130691,1314385166,0,NULL,NULL
53354,131347,1314385166,0,NULL,NULL
53354,130765,1314385166,0,NULL,NULL
53354,130764,1314385166,0,NULL,NULL
53354,131400,1314385166,1,NULL,NULL
53354,130972,1314385166,0,NULL,NULL
53355,130644,1314383222,1,NULL,NULL
53355,131034,1314383222,0,NULL,NULL
53355,131102,1314383222,0,NULL,NULL
53355,130949,1314383222,0,NULL,NULL
53356,131082,1314290115,0,NULL,NULL
53356,131559,1314290115,0,NULL,NULL
53356,131578,1314290115,0,NULL,NULL
53356,131579,1314290115,0,NULL,NULL
53356,131605,1314290115,0,NULL,NULL
53356,131585,1314290115,0,NULL,NULL
53357,131416,1314282800,0,NULL,NULL
53357,131406,1314282800,0,NULL,NULL
53358,130637,1314162937,1,NULL,NULL
53358,131077,1314162937,0,NULL,NULL
53358,131353,1314162937,0,NULL,NULL
53358,131082,1314162937,-1,NULL,NULL
53358,131030,1314162937,1,NULL,NULL
53358,131570,1314162937,0,NULL,NULL
53358,131033,1314162937,0,NULL,NULL
53358,131086,1314162937,0,NULL,NULL
53358,131076,1314162937,-1,NULL,NULL
53358,131597,1314162937,0,NULL,NULL
53358,131082,1314216797,0,NULL,NULL
53359,131394,1311947171,0,NULL,NULL
53359,131633,1311947171,0,NULL,NULL
53359,130949,1311947171,0,NULL,NULL
53359,131351,1311947171,1,NULL,NULL
53359,131542,1311947171,0,NULL,NULL
53359,131352,1311947171,-1,NULL,NULL
53359,131034,1311947171,1,NULL,NULL
53359,131340,1311947171,1,NULL,NULL
53359,131611,1311947171,0,NULL,NULL
53359,131721,1311947171,0,NULL,NULL
53359,130693,1311947171,1,NULL,NULL
53359,131351,1314195057,0,NULL,NULL
53359,131348,1314197606,0,NULL,NULL
53360,130641,1314164260,0,NULL,NULL
53360,130926,1314164260,-1,NULL,NULL
53360,130897,1314164260,-1,NULL,NULL
53360,130724,1314164260,-1,NULL,NULL
53360,131316,1314164260,0,NULL,NULL
53360,130693,1314164260,0,NULL,NULL
53361,130872,1314139673,1,NULL,NULL
53361,131354,1314139673,1,0.0,0.0
53361,131619,1314139673,0,NULL,NULL
53361,131502,1314139673,1,NULL,NULL
53361,131625,1314139673,0,NULL,NULL
53361,131508,1314139673,0,NULL,NULL
53361,130871,1314139673,1,NULL,NULL
53361,130875,1314139673,1,NULL,NULL
53361,130876,1314139673,1,NULL,NULL
53361,130889,1314139673,1,NULL,NULL
53361,130746,1314139673,0,NULL,NULL
53361,131601,1314139673,0,NULL,NULL
53361,130693,1314139673,0,NULL,NULL
53362,130717,1314138736,1,NULL,NULL
53362,131033,1314138736,0,NULL,NULL
53362,131573,1314138736,0,NULL,NULL
53362,131034,1314138736,1,NULL,NULL
53363,131188,1314138863,0,NULL,NULL
53363,131190,1314138863,0,NULL,NULL
53363,131182,1314138863,0,NULL,NULL
53363,131189,1314138863,0,NULL,NULL
53363,131191,1314138863,0,NULL,NULL
53363,131183,1314138863,0,NULL,NULL
53363,131185,1314138863,0,NULL,NULL
53363,131192,1314138863,0,NULL,NULL
53363,131186,1314138863,0,NULL,NULL
53364,131112,1314135452,0,NULL,NULL
53365,130943,1314133538,1,NULL,NULL
53365,130949,1314133538,1,NULL,NULL
53365,131535,1314133538,1,NULL,NULL
53366,131268,1314056593,0,NULL,NULL
53367,131034,1314053919,0,NULL,NULL
53367,131286,1314053919,1,NULL,NULL
53367,130859,1314053919,1,NULL,NULL
53367,130862,1314053919,0,NULL,NULL
53369,130871,1314046985,0,NULL,NULL
53370,130871,1314038720,-1,NULL,NULL
53371,130930,1314036214,1,NULL,NULL
53374,130645,1313735174,1,NULL,NULL
53374,130637,1313735174,1,NULL,NULL
53375,131110,1311052294,1,NULL,NULL
53375,131110,1311158122,0,NULL,NULL
53375,131625,1311158122,0,NULL,NULL
53375,131110,1311161304,0,NULL,NULL
53375,131110,1311164103,-1,NULL,NULL
53375,131625,1311164103,0,NULL,NULL
53375,131110,1313726268,1,NULL,NULL
53375,131625,1313726268,1,NULL,NULL
53376,130950,1313725061,1,NULL,NULL
53376,130949,1313725061,0,NULL,NULL
53377,131286,1313696507,1,NULL,NULL
53377,130959,1313696507,0,NULL,NULL
53378,130770,1313652684,0,NULL,NULL
53378,130780,1313652684,0,NULL,NULL
53378,130788,1313652684,0,NULL,NULL
53378,130795,1313652684,1,NULL,NULL
53378,130775,1313652684,1,NULL,NULL
53378,130799,1313652684,1,NULL,NULL
53378,130786,1313652684,0,NULL,NULL
53378,131458,1313652684,0,NULL,NULL
53378,131226,1313652684,1,NULL,NULL
53378,131232,1313652684,-1,NULL,NULL
53378,130798,1313652684,0,NULL,NULL
53378,130794,1313652684,1,NULL,NULL
53378,130793,1313652684,1,NULL,NULL
53378,130769,1313652684,0,NULL,NULL
53378,130771,1313652684,0,NULL,NULL
53378,130772,1313652684,1,NULL,NULL
53378,130779,1313652684,0,NULL,NULL
53378,130790,1313652684,1,NULL,NULL
53378,131239,1313652684,0,NULL,NULL
53378,130773,1313652684,1,NULL,NULL
53378,130774,1313652684,1,NULL,NULL
53378,130783,1313652684,0,NULL,NULL
53378,130784,1313652684,1,NULL,NULL
53378,130789,1313652684,0,NULL,NULL
53379,130659,1313558034,0,NULL,NULL
53380,130752,1313532906,0,NULL,NULL
53380,131063,1313532906,1,NULL,NULL
53380,131441,1313532906,0,NULL,NULL
53380,131434,1313532906,0,NULL,NULL
53380,130746,1313532906,0,NULL,NULL
53380,130757,1313532906,0,NULL,NULL
53380,131120,1313532906,0,NULL,NULL
53380,130748,1313532906,0,NULL,NULL
53380,131446,1313532906,0,NULL,NULL
53380,130638,1313532906,0,NULL,NULL
53380,131442,1313532906,0,NULL,NULL
53380,131436,1313532906,0,NULL,NULL
53380,131439,1313532906,0,NULL,NULL
53380,130747,1313532906,0,NULL,NULL
53380,130645,1313532906,0,NULL,NULL
53380,131619,1313532906,0,NULL,NULL
53381,130694,1313511973,0,NULL,NULL
53382,131609,1313449812,0,NULL,NULL
53382,131034,1313449812,-1,NULL,NULL
53382,131573,1313449812,0,NULL,NULL
53382,130748,1313449812,0,NULL,NULL
53382,131033,1313449812,0,NULL,NULL
53382,131063,1313449812,0,NULL,NULL
53382,131432,1313449812,0,NULL,NULL
53382,131436,1313452665,1,NULL,NULL
53382,131034,1313458909,0,NULL,NULL
53383,131033,1313457403,1,NULL,NULL
53383,131400,1313457403,-1,NULL,NULL
53383,131354,1313457403,1,1.0,1.0
53384,131316,1313239700,1,NULL,NULL
53385,130691,1313213791,0,NULL,NULL
53387,131313,1312478654,0,NULL,NULL
53387,131313,1312480422,0,NULL,NULL
53387,131313,1312498723,0,NULL,NULL
53387,130871,1312498723,0,NULL,NULL
53387,131707,1312498723,0,NULL,NULL
53387,130871,1313203322,0,NULL,NULL
53387,131313,1313203322,-1,NULL,NULL
53390,131102,1313014590,1,NULL,NULL
53390,131034,1313014590,1,NULL,NULL
53390,130951,1313014590,1,NULL,NULL
53390,131354,1313014590,1,1.0,1.0
53390,131695,1313014590,1,NULL,NULL
53390,131286,1313014590,0,NULL,NULL
53390,131573,1313014590,1,NULL,NULL
53390,130949,1313014590,0,NULL,NULL
53390,131033,1313014590,1,NULL,NULL
53390,131083,1313014590,1,1.0,1.0
53391,130677,1313012756,0,NULL,NULL
53392,130946,1313012217,-1,NULL,NULL
53393,130859,1313005350,0,NULL,NULL
53393,131102,1313005350,0,NULL,NULL
53393,130644,1313005350,0,NULL,NULL
53394,130795,1312932536,1,NULL,NULL
53394,130770,1312932536,1,NULL,NULL
53394,130780,1312932536,0,NULL,NULL
53394,130775,1312932536,0,NULL,NULL
53394,130799,1312932536,0,NULL,NULL
53394,130786,1312932536,0,NULL,NULL
53394,130798,1312932536,0,NULL,NULL
53394,131719,1312932536,1,NULL,NULL
53394,130769,1312932536,0,NULL,NULL
53394,130771,1312932536,1,NULL,NULL
53394,130772,1312932536,1,NULL,NULL
53394,130779,1312932536,0,NULL,NULL
53394,130790,1312932536,1,NULL,NULL
53394,130793,1312932536,0,NULL,NULL
53394,130778,1312932536,1,NULL,NULL
53394,130794,1312932536,0,NULL,NULL
53394,131343,1312932536,0,NULL,NULL
53394,130773,1312932536,0,NULL,NULL
53394,130774,1312932536,1,NULL,NULL
53394,130783,1312932536,0,NULL,NULL
53394,130784,1312932536,0,NULL,NULL
53394,130789,1312932536,0,NULL,NULL
53394,130793,1312932611,-1,NULL,NULL
53394,131343,1312932611,0,NULL,NULL
53394,130778,1312932611,-1,NULL,NULL
53394,130794,1312932611,-1,NULL,NULL
53394,130775,1312932611,-1,NULL,NULL
53394,131719,1312932611,-1,NULL,NULL
53394,130798,1312932611,0,NULL,NULL
53394,130769,1312932611,-1,NULL,NULL
53394,130771,1312932611,-1,NULL,NULL
53394,130772,1312932611,-1,NULL,NULL
53394,130779,1312932611,0,NULL,NULL
53394,130790,1312932611,-1,NULL,NULL
53394,130795,1312932611,-1,NULL,NULL
53394,130770,1312932611,-1,NULL,NULL
53394,130780,1312932611,-1,NULL,NULL
53394,130786,1312932611,-1,NULL,NULL
53394,130773,1312932611,-1,NULL,NULL
53394,130774,1312932611,-1,NULL,NULL
53394,130783,1312932611,0,NULL,NULL
53394,130784,1312932611,-1,NULL,NULL
53394,130789,1312932611,-1,NULL,NULL
53394,131719,1312932690,1,NULL,NULL
53394,131343,1312932690,0,NULL,NULL
53395,131316,1312847354,1,NULL,NULL
53395,131113,1312847354,1,NULL,NULL
53395,131286,1312847354,-1,NULL,NULL
53395,131619,1312847354,1,NULL,NULL
53395,131619,1312848350,-1,NULL,NULL
53395,131286,1312848350,1,NULL,NULL
53395,131113,1312848350,-1,NULL,NULL
53395,131316,1312848350,-1,NULL,NULL
53395,131316,1312861665,1,NULL,NULL
53395,131113,1312861665,1,NULL,NULL
53395,131286,1312861665,-1,NULL,NULL
53395,131283,1312861665,0,NULL,NULL
53395,131619,1312861665,1,NULL,NULL
53395,131284,1312911629,0,NULL,NULL
53397,130927,1312869894,0,NULL,NULL
53399,130890,1312864294,0,NULL,NULL
53399,130908,1312864294,0,NULL,NULL
53400,131574,1312696374,0,NULL,NULL
53400,131286,1312696374,1,NULL,NULL
53401,130876,1306208860,1,NULL,NULL
53401,130876,1307216760,-1,NULL,NULL
53401,130876,1311712257,1,NULL,NULL
53401,131502,1312574709,0,NULL,NULL
53401,130876,1312574709,1,NULL,NULL
53402,130876,1312508655,0,NULL,NULL
53403,131535,1312423089,0,NULL,NULL
53404,130840,1312401588,0,NULL,NULL
53404,131102,1312401588,1,NULL,NULL
53404,131493,1312401588,1,NULL,NULL
53404,131491,1312401588,1,NULL,NULL
53404,131278,1312401588,1,NULL,NULL
53404,131034,1312401588,1,NULL,NULL
53404,131508,1312401588,1,NULL,NULL
53404,131496,1312401588,1,NULL,NULL
53404,131628,1312401588,1,NULL,NULL
53404,131690,1312401588,0,NULL,NULL
53404,131268,1312401588,0,NULL,NULL
53404,131294,1312401588,0,NULL,NULL
53404,131486,1312401588,1,NULL,NULL
53404,130859,1312401588,1,NULL,NULL
53404,130644,1312401588,1,NULL,NULL
53404,131265,1312401588,1,NULL,NULL
53404,131338,1312401588,0,NULL,NULL
53404,131571,1312401588,0,NULL,NULL
53404,131354,1312401588,0,0.0,0.0
53404,131605,1312401588,0,NULL,NULL
53404,131688,1312401588,0,NULL,NULL
53404,130911,1312401588,1,NULL,NULL
53404,131355,1312401588,0,NULL,NULL
53404,131512,1312401588,1,NULL,NULL
53404,130919,1312401588,1,NULL,NULL
53404,131482,1312401588,0,NULL,NULL
53404,131495,1312401588,-1,NULL,NULL
53404,131082,1312401588,1,NULL,NULL
53404,130846,1312401588,-1,NULL,NULL
53404,131479,1312401588,1,NULL,NULL
53404,131498,1312401588,1,NULL,NULL
53404,130862,1312401588,0,NULL,NULL
53404,131083,1312401588,1,NULL,NULL
53404,131463,1312401588,1,NULL,NULL
53404,131606,1312401588,0,NULL,NULL
53404,131487,1312420849,0,NULL,NULL
53405,130871,1308805709,1,NULL,NULL
53405,130871,1310503986,-1,NULL,NULL
53405,130871,1312395990,1,NULL,NULL
53406,130795,1312383547,0,NULL,NULL
53408,130693,1311835467,0,NULL,NULL
53408,130943,1311835467,0,NULL,NULL
53408,131268,1311835467,0,NULL,NULL
53408,131034,1311835467,0,NULL,NULL
53408,131390,1311835467,1,NULL,NULL
53408,131354,1311835467,1,NULL,NULL
53408,131348,1311835467,1,NULL,NULL
53408,131352,1311835467,-1,NULL,NULL
53408,131602,1311835467,0,NULL,NULL
53408,131604,1311835467,0,NULL,NULL
53408,131544,1311835467,0,NULL,NULL
53408,131079,1311835467,0,NULL,NULL
53408,130965,1311835467,0,NULL,NULL
53408,130949,1311835467,0,NULL,NULL
53408,131079,1311887570,0,NULL,NULL
53408,131602,1311887570,1,NULL,NULL
53408,131346,1311887570,0,NULL,NULL
53408,130965,1311946107,0,NULL,NULL
53408,131079,1312324553,1,NULL,NULL
53408,131410,1312324553,0,NULL,NULL
53408,131338,1312326063,0,NULL,NULL
53410,131508,1312235592,1,NULL,NULL
53410,130911,1312235592,1,NULL,NULL
53410,131083,1312235592,0,NULL,NULL
53411,131574,1312074362,0,NULL,NULL
53411,130640,1312074362,1,NULL,NULL
53412,131619,1311704079,0,NULL,NULL
53412,131110,1311704079,1,NULL,NULL
53412,131628,1311704079,0,NULL,NULL
53412,131033,1311704079,0,NULL,NULL
53412,131110,1312025804,-1,NULL,NULL
53413,131034,1311921731,0,NULL,NULL
53414,130694,1311812651,1,NULL,NULL
53414,130694,1311899036,-1,NULL,NULL
53415,131043,1311789036,0,NULL,NULL
53415,131051,1311789036,0,NULL,NULL
53415,131051,1311805288,0,NULL,NULL
53416,131034,1311746143,1,NULL,NULL
53416,131096,1311746143,1,NULL,NULL
53416,130943,1311746143,1,NULL,NULL
53416,130809,1311746143,0,0.0,0.0
53416,130964,1311746143,1,NULL,NULL
53419,130946,1311480201,1,NULL,NULL
53420,131146,1311450619,1,NULL,NULL
53420,131643,1311450619,1,NULL,NULL
53421,130974,1311377938,0,NULL,NULL
53422,130943,1311365912,0,NULL,NULL
53423,131051,1311203088,0,NULL,NULL
53424,131091,1311087166,0,NULL,NULL
53425,130976,1311052802,1,NULL,NULL
53426,130691,1311046733,0,NULL,NULL
53427,131033,1308681086,1,NULL,NULL
53427,131694,1310772131,0,NULL,NULL
53427,130943,1308681086,-1,NULL,NULL
53427,131081,1308681086,0,NULL,NULL
53427,131391,1308030032,0,NULL,NULL
53427,131594,1308030032,0,NULL,NULL
53427,131605,1308681086,0,NULL,NULL
53427,131411,1308030032,1,NULL,NULL
53427,131082,1308030032,1,NULL,NULL
53427,131922,1308030032,0,NULL,NULL
53427,131286,1311001203,-1,NULL,NULL
53427,131034,1310593632,0,NULL,NULL
53427,131611,1308030032,1,NULL,NULL
53427,131535,1310593632,0,NULL,NULL
53427,130968,1308030032,0,NULL,NULL
53427,130978,1308681086,-1,NULL,NULL
53427,130981,1308030032,1,NULL,NULL
53427,131307,1308681086,-1,NULL,NULL
53427,131286,1310720501,0,NULL,NULL
53427,131442,1308030032,0,NULL,NULL
53427,131327,1308030032,0,NULL,NULL
53427,131353,1308030032,0,NULL,NULL
53427,131702,1308030032,0,NULL,NULL
53427,131436,1308030032,0,NULL,NULL
53427,130675,1308772540,0,NULL,NULL
53427,130640,1308030032,1,NULL,NULL
53427,131392,1308772540,0,NULL,NULL
53427,131572,1308030032,-1,NULL,NULL
53427,130680,1308030032,1,NULL,NULL
53427,131590,1308030032,0,NULL,NULL
53427,131564,1308030032,0,NULL,NULL
53427,131563,1308030032,0,NULL,NULL
53427,131535,1308030032,1,NULL,NULL
53427,131292,1308681086,1,NULL,NULL
53427,131125,1308030032,-1,NULL,NULL
53427,130809,1308030032,0,0.0,0.0
53427,131922,1310584138,0,NULL,NULL
53427,130678,1308030032,1,NULL,NULL
53427,131436,1308681086,0,NULL,NULL
53427,130970,1308030032,1,NULL,NULL
53427,131564,1308681086,0,NULL,NULL
53427,130703,1308030032,-1,NULL,NULL
53427,131306,1308681086,-1,NULL,NULL
53427,131452,1308030032,0,NULL,NULL
53427,131696,1308030032,0,NULL,NULL
53427,131081,1308030032,0,NULL,NULL
53427,131450,1308030032,0,NULL,NULL
53427,131290,1308030032,-1,NULL,NULL
53427,131096,1308681086,1,NULL,NULL
53427,131286,1308681086,1,NULL,NULL
53427,130965,1308681086,0,NULL,NULL
53427,131628,1308681086,0,NULL,NULL
53427,131574,1308030032,0,NULL,NULL
53427,130691,1308030032,0,NULL,NULL
53427,131110,1308030032,-1,NULL,NULL
53427,131638,1308030032,0,NULL,NULL
53427,131453,1308030032,0,NULL,NULL
53427,130979,1308681086,-1,NULL,NULL
53427,131416,1308030032,1,NULL,NULL
53427,131599,1308030032,-1,NULL,NULL
53428,130943,1310779771,1,NULL,NULL
53428,131537,1310783456,0,NULL,NULL
53428,130943,1310989505,1,NULL,NULL
53429,130691,1310779116,1,NULL,NULL
53429,130693,1310779116,0,NULL,NULL
53431,131526,1310603234,1,NULL,NULL
53431,130946,1310603234,1,NULL,NULL
53431,131394,1310603234,-1,NULL,NULL
53431,131603,1310603234,1,NULL,NULL
53431,131034,1310603234,0,NULL,NULL
53431,130976,1310603234,0,NULL,NULL
53431,131081,1310603234,1,NULL,NULL
53431,131080,1310603234,0,NULL,NULL
53431,131081,1310603298,0,NULL,NULL
53431,131081,1310619954,0,NULL,NULL
53432,131545,1310549036,0,NULL,NULL
53433,130691,1309977064,1,NULL,NULL
53433,130691,1310526790,1,NULL,NULL
53433,130691,1310546022,-1,NULL,NULL
53433,130691,1310546861,-1,NULL,NULL
53433,130691,1310547470,1,NULL,NULL
53434,130976,1310530730,0,NULL,NULL
53435,131406,1310075915,1,NULL,NULL
53435,130698,1310075915,1,NULL,NULL
53435,130698,1310103838,1,NULL,NULL
53435,131406,1310490108,1,NULL,NULL
53436,130843,1307658872,1,NULL,NULL
53436,130919,1310447758,1,NULL,NULL
53437,131144,1310183641,1,NULL,NULL
53437,131034,1310183641,0,NULL,NULL
53437,131479,1310183641,0,NULL,NULL
53437,130862,1310183641,0,NULL,NULL
53439,131033,1310075541,1,NULL,NULL
53439,131033,1310084856,0,NULL,NULL
53440,131033,1310074391,0,NULL,NULL
53440,131033,1310074614,0,NULL,NULL
53441,130943,1310068707,0,NULL,NULL
53443,130677,1309991257,0,0.0,0.0
53444,131346,1309985027,0,NULL,NULL
53444,131286,1309985027,1,NULL,NULL
53444,130638,1309985027,0,NULL,NULL
53444,131352,1309985027,0,NULL,NULL
53446,130976,1309972772,0,NULL,NULL
53447,130917,1309910995,0,NULL,NULL
53448,131034,1309565020,-1,NULL,NULL
53450,131063,1309541994,1,NULL,NULL
53450,131434,1309541994,0,NULL,NULL
53450,131441,1309541994,0,NULL,NULL
53450,130957,1309541994,0,NULL,NULL
53450,130752,1309541994,1,NULL,NULL
53450,131436,1309541994,0,NULL,NULL
53450,131442,1309541994,0,NULL,NULL
53450,131120,1309541994,0,NULL,NULL
53451,131063,1309490767,0,NULL,NULL
53452,131123,1309388898,-1,NULL,NULL
53453,131604,1309211269,0,NULL,NULL
53453,131530,1309211269,-1,NULL,NULL
53453,131375,1309388081,0,NULL,NULL
53458,130752,1309286276,0,NULL,NULL
53459,130682,1309236549,0,NULL,NULL
53459,130693,1309236549,0,NULL,NULL
53460,131082,1309233301,0,NULL,NULL
53461,131285,1309015280,0,NULL,NULL
53461,131286,1309015280,-1,NULL,NULL
53461,130638,1309015280,0,NULL,NULL
53462,131113,1309002099,0,NULL,NULL
53463,131034,1309000791,0,NULL,NULL
53464,131573,1308959160,-1,NULL,NULL
53465,131349,1308890615,0,NULL,NULL
53466,131034,1308800963,1,NULL,NULL
53467,131400,1308793133,1,NULL,NULL
53467,130691,1308793133,1,NULL,NULL
53468,130949,1308725308,1,NULL,NULL
53468,131033,1308725308,1,NULL,NULL
53468,130678,1308725308,1,NULL,NULL
53469,131034,1308720373,1,NULL,NULL
53469,131034,1308720428,-1,NULL,NULL
53471,130693,1308694953,0,NULL,NULL
53472,130943,1308689774,0,NULL,NULL
53472,131034,1308689774,0,NULL,NULL
53472,131046,1308689774,1,NULL,NULL
53473,130957,1308615629,1,NULL,NULL
53473,130949,1308615629,0,NULL,NULL
53473,131439,1308615629,1,NULL,NULL
53473,130747,1308615629,0,NULL,NULL
53474,130941,1308261358,1,NULL,NULL
53475,131083,1308259497,0,NULL,NULL
53476,131083,1308259088,0,NULL,NULL
53476,130691,1308259088,0,0.0,0.0
53476,130846,1308259088,0,NULL,NULL
53476,131082,1308259088,1,NULL,NULL
53476,131113,1308259088,0,NULL,NULL
53476,130644,1308259088,1,NULL,NULL
53476,131034,1308259088,0,NULL,NULL
53478,130951,1308253894,1,NULL,NULL
53481,130943,1308162074,0,NULL,NULL
53481,131291,1308162074,0,NULL,NULL
53481,131341,1308162074,-1,NULL,NULL
53481,131081,1308162074,1,NULL,NULL
53481,131348,1308162074,-1,NULL,NULL
53481,131352,1308162074,-1,NULL,NULL
53481,131362,1308162074,0,NULL,NULL
53481,131604,1308162074,-1,NULL,NULL
53481,131093,1308162074,0,NULL,NULL
53481,131339,1308162074,0,NULL,NULL
53481,131696,1308162074,1,NULL,NULL
53481,131290,1308162074,1,NULL,NULL
53482,131082,1307736692,0,NULL,NULL
53482,131082,1308093832,0,NULL,NULL
53482,131082,1308095257,0,NULL,NULL
53484,131493,1308071820,1,NULL,NULL
53485,130965,1308003183,-1,NULL,NULL
53485,130959,1308003183,1,NULL,NULL
53485,130959,1308029831,0,NULL,NULL
53487,131033,1308008629,0,NULL,NULL
53487,131402,1308008629,1,NULL,NULL
53488,130693,1308003311,0,NULL,NULL
53488,130647,1308003311,-1,NULL,NULL
53488,130680,1308003311,0,NULL,NULL
53488,130846,1308003311,0,-1.0,-1.0
53488,131033,1308003311,0,NULL,NULL
53488,131075,1308003311,0,NULL,NULL
53488,131268,1308003311,-1,NULL,NULL
53489,131034,1307894831,1,NULL,NULL
53490,131595,1303862028,1,NULL,NULL
53490,130694,1307748278,1,NULL,NULL
53491,131063,1307743653,0,NULL,NULL
53491,130693,1307743653,-1,NULL,NULL
53491,130965,1307743653,0,NULL,NULL
53493,131034,1307546829,-1,NULL,NULL
53493,130689,1307546829,1,NULL,NULL
53494,131125,1307491434,-1,NULL,NULL
53494,131442,1307491487,0,NULL,NULL
53494,131442,1307491434,0,NULL,NULL
53494,130975,1307491434,-1,NULL,NULL
53494,131953,1307491487,0,NULL,NULL
53494,131702,1307491487,0,NULL,NULL
53494,130647,1307491434,0,NULL,NULL
53494,130949,1307491434,0,NULL,NULL
53494,131539,1307491434,1,NULL,NULL
53494,130978,1307491434,0,NULL,NULL
53494,131702,1307491434,0,NULL,NULL
53494,130976,1307491434,-1,NULL,NULL
53494,131957,1307491487,0,NULL,NULL
53494,130693,1307491434,-1,NULL,NULL
53494,131605,1307491434,0,NULL,NULL
53494,131033,1307491434,-1,NULL,NULL
53494,131292,1307491487,1,NULL,NULL
53494,131391,1307491434,0,NULL,NULL
53494,131573,1307491487,0,NULL,NULL
53494,130691,1307491487,0,NULL,NULL
53494,131391,1307491487,0,NULL,NULL
53494,130943,1307491434,1,NULL,NULL
53494,131450,1307491487,0,NULL,NULL
53494,131603,1307491434,0,NULL,NULL
53494,131609,1307491434,0,NULL,NULL
53494,130968,1307491487,0,NULL,NULL
53494,131354,1307491487,-1,NULL,NULL
53494,131599,1307491487,1,NULL,NULL
53494,130640,1307491434,1,NULL,NULL
53494,131703,1307491434,1,NULL,NULL
53494,131539,1307491487,-1,NULL,NULL
53494,131450,1307491434,0,NULL,NULL
53494,131953,1307491434,0,NULL,NULL
53494,131441,1307491434,-1,NULL,NULL
53494,131564,1307491487,0,NULL,NULL
53494,130981,1307491487,0,NULL,NULL
53494,131096,1307491487,-1,NULL,NULL
53494,130974,1307491487,-1,NULL,NULL
53494,131619,1307491487,1,NULL,NULL
53494,131411,1307491434,0,NULL,NULL
53494,131125,1307491487,1,NULL,NULL
53494,131034,1307491487,0,NULL,NULL
53494,131034,1307491434,0,NULL,NULL
53494,131535,1307491487,-1,NULL,NULL
53494,130974,1307491434,1,NULL,NULL
53494,131526,1307491434,1,NULL,NULL
53494,131590,1307491434,0,NULL,NULL
53494,131096,1307491434,1,NULL,NULL
53494,130979,1307491487,0,NULL,NULL
53494,130946,1307491487,1,NULL,NULL
53494,130638,1307491487,0,NULL,NULL
53494,130680,1307491487,-1,NULL,NULL
53494,130959,1307491434,1,NULL,NULL
53494,131416,1307491487,-1,NULL,NULL
53494,131082,1307491487,-1,NULL,NULL
53494,131416,1307491434,1,NULL,NULL
53494,130809,1307491434,0,NULL,NULL
53494,131292,1307491434,-1,NULL,NULL
53494,131316,1307491487,0,NULL,NULL
53494,131327,1307491487,0,NULL,NULL
53495,131691,1307402169,0,NULL,NULL
53496,130973,1307296954,0,NULL,NULL
53496,130976,1307296954,1,NULL,NULL
53496,130765,1307296954,1,NULL,NULL
53496,130974,1307296954,0,NULL,NULL
53496,130978,1307296954,0,NULL,NULL
53496,130970,1307296954,1,NULL,NULL
53496,130979,1307296954,0,NULL,NULL
53496,130981,1307296954,0,NULL,NULL
53496,130975,1307296954,1,NULL,NULL
53496,130972,1307296954,1,NULL,NULL
53496,130968,1307296954,1,NULL,NULL
53496,130971,1307296954,1,NULL,NULL
53496,130977,1307296954,1,NULL,NULL
53497,130693,1307144978,0,NULL,NULL
53499,131232,1306957812,1,NULL,NULL
53499,131226,1306957812,1,NULL,NULL
53500,131052,1306808182,1,NULL,NULL
53501,130690,1306717801,1,NULL,NULL
53502,130689,1306383642,1,NULL,NULL
53502,130712,1306383642,1,NULL,NULL
53502,130712,1306688531,1,NULL,NULL
53502,130712,1306688792,0,NULL,NULL
53503,130693,1306356632,0,NULL,NULL
53503,130638,1306356632,0,NULL,NULL
53503,130694,1306356632,0,NULL,NULL
53503,130872,1306356632,1,NULL,NULL
53503,130871,1306356632,1,NULL,NULL
53503,130724,1306356632,0,NULL,NULL
53503,131313,1306356632,0,NULL,NULL
53504,130694,1306356251,0,NULL,NULL
53506,131292,1306300030,0,NULL,NULL
53506,131081,1306300030,0,NULL,NULL
53506,131783,1306300030,0,NULL,NULL
53506,131110,1306300030,0,NULL,NULL
53506,131052,1306300030,0,NULL,NULL
53506,130677,1306300030,0,NULL,NULL
53506,130714,1306300030,0,NULL,NULL
53506,130689,1306300030,0,NULL,NULL
53506,130690,1306300030,0,NULL,NULL
53506,130712,1306300030,0,NULL,NULL
53506,130807,1306300030,0,NULL,NULL
53506,130924,1306300030,0,NULL,NULL
53506,131306,1306300030,0,NULL,NULL
53506,130678,1306300030,0,NULL,NULL
53506,130700,1306300030,0,NULL,NULL
53506,130949,1306300030,0,NULL,NULL
53506,131307,1306300030,0,NULL,NULL
53506,130691,1306300030,0,NULL,NULL
53506,130703,1306300030,0,NULL,NULL
53506,131033,1306300030,0,NULL,NULL
53507,131446,1306298919,0,NULL,NULL
53507,131619,1306298919,-1,NULL,NULL
53507,131628,1306298919,-1,NULL,NULL
53507,131110,1306298919,-1,NULL,NULL
53507,131375,1306298919,-1,NULL,NULL
53507,131621,1306298919,-1,NULL,NULL
53508,131907,1306297092,0,NULL,NULL
53508,131033,1306297092,1,NULL,NULL
53509,130976,1306257942,1,NULL,NULL
53510,131645,1289009103,0,NULL,NULL
53510,131643,1289009103,0,NULL,NULL
53510,131649,1289009103,0,NULL,NULL
53510,131644,1289009103,0,NULL,NULL
53510,131135,1289009103,0,NULL,NULL
53510,131138,1289009103,0,NULL,NULL
53510,131650,1289009103,0,NULL,NULL
53510,131651,1289009103,0,NULL,NULL
53510,131889,1289009103,0,NULL,NULL
53510,131639,1289009103,0,NULL,NULL
53510,131646,1289009103,0,NULL,NULL
53510,131647,1289009103,-1,NULL,NULL
53510,131648,1289009103,0,NULL,NULL
53510,131889,1289019016,0,NULL,NULL
53510,130949,1306214360,1,NULL,NULL
53510,130943,1306214360,0,NULL,NULL
53510,131348,1306214360,0,NULL,NULL
53510,131783,1306214360,0,NULL,NULL
53510,131290,1306214360,1,NULL,NULL
53511,130934,1306170823,0,NULL,NULL
53513,131406,1305921658,1,NULL,NULL
53513,131313,1305921658,0,NULL,NULL
53513,130698,1305921658,-1,NULL,NULL
53514,130691,1305866740,-1,NULL,NULL
53516,131034,1305842427,0,NULL,NULL
53517,131286,1305839818,1,NULL,NULL
53517,131268,1305839818,0,NULL,NULL
53517,130959,1305839818,0,NULL,NULL
53518,131268,1305838935,1,NULL,NULL
53519,130917,1305830230,0,NULL,NULL
53520,131080,1305783218,0,NULL,NULL
53520,131604,1305783218,1,NULL,NULL
53520,131023,1305830072,0,NULL,NULL
53520,131081,1305830072,0,NULL,NULL
53521,131511,1305784117,1,NULL,NULL
53521,130917,1305784117,-1,NULL,NULL
53521,131521,1305784789,0,NULL,NULL
53522,130943,1305764658,0,NULL,NULL
53524,130693,1305226026,1,NULL,NULL
53525,131023,1305150637,0,NULL,NULL
53526,131034,1305069664,1,NULL,NULL
53526,131052,1305069664,0,NULL,NULL
53526,131023,1305069664,-1,NULL,NULL
53526,131082,1305069664,1,NULL,NULL
53526,131033,1305069664,1,NULL,NULL
53526,131091,1305069664,1,NULL,NULL
53527,131102,1305069645,0,NULL,NULL
53527,131605,1305069645,1,NULL,NULL
53527,131034,1305069645,1,NULL,NULL
53527,131023,1305069645,1,NULL,NULL
53527,131091,1305069645,1,NULL,NULL
53527,131564,1305069645,0,NULL,NULL
53527,131033,1305069645,0,NULL,NULL
53527,131082,1305069645,-1,NULL,NULL
53528,131696,1304663129,0,NULL,NULL
53528,130703,1304663129,0,NULL,NULL
53528,131291,1304663129,1,NULL,NULL
53528,131390,1304731954,1,NULL,NULL
53529,130911,1304719929,0,NULL,NULL
53530,131337,1304703782,0,NULL,NULL
53530,131354,1304703782,0,NULL,NULL
53530,131337,1304718271,0,NULL,NULL
53530,131354,1304718271,0,NULL,NULL
53531,131628,1304715820,0,NULL,NULL
53532,131051,1304693047,1,NULL,NULL
53532,131051,1304705542,0,NULL,NULL
53533,130919,1304656018,1,NULL,NULL
53534,130729,1304655868,0,NULL,NULL
53535,131110,1304635724,0,NULL,NULL
53537,131290,1304537325,1,NULL,NULL
53537,131696,1304537325,1,NULL,NULL
53537,131354,1304537325,0,NULL,NULL
53538,131383,1304531690,0,NULL,NULL
53539,131081,1304481119,0,NULL,NULL
53539,131023,1304481119,0,NULL,NULL
53540,131128,1304468431,0,NULL,NULL
53540,131131,1304468431,1,NULL,NULL
53542,131034,1304449620,-1,NULL,NULL
53542,130949,1304449620,0,NULL,NULL
53543,131033,1304444758,0,NULL,NULL
53543,130943,1304444758,0,NULL,NULL
53545,130964,1304401717,0,NULL,NULL
53546,131290,1304397833,-1,NULL,NULL
53546,130698,1304397833,0,NULL,NULL
53546,130693,1304397833,1,NULL,NULL
53546,130949,1304397833,-1,NULL,NULL
53546,130703,1304397833,-1,NULL,NULL
53546,130737,1304397833,1,NULL,NULL
53546,130930,1304397833,0,NULL,NULL
53546,130691,1304397833,0,NULL,NULL
53546,131396,1304397833,0,NULL,NULL
53546,131128,1304397833,-1,NULL,NULL
53546,131527,1304397833,0,NULL,NULL
53546,131387,1304397833,0,NULL,NULL
53546,131394,1304397833,0,NULL,NULL
53546,131124,1304397833,0,NULL,NULL
53546,131702,1304397833,0,NULL,NULL
53546,131291,1304397833,1,NULL,NULL
53546,131348,1304397833,0,NULL,NULL
53546,131292,1304397833,1,NULL,NULL
53546,131352,1304397833,0,NULL,NULL
53546,130694,1304397833,-1,NULL,NULL
53546,130677,1304397833,1,NULL,NULL
53546,130638,1304397833,0,NULL,NULL
53546,131034,1304397833,-1,NULL,NULL
53546,130900,1304397833,0,NULL,NULL
53546,131405,1304397833,1,NULL,NULL
53546,131517,1304397833,-1,NULL,NULL
53546,130964,1304397833,1,NULL,NULL
53546,130940,1304397833,-1,NULL,NULL
53547,130870,1304379474,0,NULL,NULL
53547,130889,1304379474,-1,NULL,NULL
53548,131063,1304360045,0,NULL,NULL
53550,131034,1304359459,0,NULL,NULL
53551,131023,1304118472,1,NULL,NULL
53551,131033,1304118472,-1,NULL,NULL
53551,131082,1304118472,0,NULL,NULL
53551,131960,1304118472,-1,NULL,NULL
53551,131961,1304118472,1,NULL,NULL
53551,131091,1304194302,0,NULL,NULL
53552,131346,1304119518,0,NULL,NULL
53552,130943,1304119518,0,NULL,NULL
53552,131079,1304119518,0,NULL,NULL
53552,130889,1304119518,-1,NULL,NULL
53553,131531,1303945962,1,NULL,NULL
53553,131535,1303945962,-1,NULL,NULL
53553,131696,1303945962,0,NULL,NULL
53553,130965,1303945962,0,NULL,NULL
53553,130959,1303945962,0,NULL,NULL
53553,131532,1303945962,1,NULL,NULL
53553,130951,1303945962,-1,NULL,NULL
53553,131534,1303945962,0,NULL,NULL
53553,130694,1303945962,0,NULL,NULL
53553,130644,1303945962,1,NULL,NULL
53553,130876,1303945962,0,NULL,NULL
53553,131033,1303945962,0,NULL,NULL
53553,131394,1303945962,0,NULL,NULL
53553,131582,1303945962,0,NULL,NULL
53553,130964,1303945962,-1,NULL,NULL
53553,130676,1303945962,1,NULL,NULL
53553,131604,1303945962,1,NULL,NULL
53553,131405,1303967000,1,NULL,NULL
53553,131079,1303945962,0,NULL,NULL
53553,131953,1303945962,-1,NULL,NULL
53553,131638,1303971315,0,NULL,NULL
53553,131110,1303945962,-1,NULL,NULL
53553,131543,1303945962,0,NULL,NULL
53553,131081,1303945962,0,NULL,NULL
53553,130889,1303945962,0,NULL,NULL
53553,131526,1303945962,1,NULL,NULL
53553,130809,1303945962,0,NULL,NULL
53553,131291,1303945962,-1,NULL,NULL
53553,131638,1303945962,0,NULL,NULL
53553,131388,1303945962,0,NULL,NULL
53553,131395,1303945962,0,NULL,NULL
53553,131402,1303945962,1,NULL,NULL
53553,130977,1303945962,0,NULL,NULL
53553,131783,1303945962,-1,NULL,NULL
53553,130641,1303969925,-1,NULL,NULL
53553,131545,1303947825,1,NULL,NULL
53553,131410,1303969925,0,NULL,NULL
53553,130947,1303945962,-1,NULL,NULL
53553,131530,1303945962,0,NULL,NULL
53553,130764,1303945962,0,NULL,NULL
53553,130747,1303945962,0,NULL,NULL
53553,130976,1303945962,0,NULL,NULL
53553,130941,1303945962,-1,NULL,NULL
53553,131439,1303945962,1,NULL,NULL
53553,131348,1303965691,0,NULL,NULL
53553,130648,1303945962,-1,NULL,NULL
53553,131599,1303945962,0,NULL,NULL
53553,130642,1303945962,-1,NULL,NULL
53553,131122,1303945962,0,NULL,NULL
53553,130629,1303945962,1,NULL,NULL
53553,130691,1303945962,1,NULL,NULL
53553,131151,1303945962,-1,NULL,NULL
53553,131339,1303945962,0,NULL,NULL
53553,131396,1303945962,0,NULL,NULL
53553,131379,1304009220,0,NULL,NULL
53553,130943,1303947825,0,NULL,NULL
53553,131034,1303945962,1,NULL,NULL
53553,131123,1303945962,1,NULL,NULL
53553,131524,1303945962,0,NULL,NULL
53553,131850,1303945962,0,NULL,NULL
53554,131034,1304048007,-1,NULL,NULL
53555,130964,1304020285,0,NULL,NULL
53555,131034,1304020285,0,NULL,NULL
53555,131340,1304020285,0,NULL,NULL
53555,130659,1304020285,0,NULL,NULL
53555,130941,1304020285,0,NULL,NULL
53555,130949,1304020285,1,NULL,NULL
53556,131545,1303944178,0,NULL,NULL
53556,131096,1303944178,0,NULL,NULL
53556,131034,1303944178,0,NULL,NULL
53556,131362,1303944178,0,NULL,NULL
53556,131093,1303944178,1,NULL,NULL
53556,131611,1303944178,1,NULL,NULL
53557,130943,1303862491,0,NULL,NULL
53557,131390,1303862491,-1,NULL,NULL
53557,130949,1303862491,0,NULL,NULL
53558,130943,1303860214,0,NULL,NULL
53559,130729,1303858757,0,NULL,NULL
53559,130732,1303858757,0,NULL,NULL
53560,131238,1303857625,1,NULL,NULL
53560,131234,1303857625,1,NULL,NULL
53560,131232,1303857625,1,NULL,NULL
53560,131237,1303857625,1,NULL,NULL
53560,131226,1303857625,0,NULL,NULL
53560,131230,1303857625,1,NULL,NULL
53560,131231,1303857625,1,NULL,NULL
53560,131235,1303857625,1,NULL,NULL
53560,131236,1303857625,1,NULL,NULL
53560,131229,1303857625,1,NULL,NULL
53560,131233,1303857625,1,NULL,NULL
53562,131113,1300759441,0,NULL,NULL
53562,131113,1303842931,1,NULL,NULL
53563,130693,1303839538,0,NULL,NULL
53564,130949,1303773221,-1,NULL,NULL
53565,131442,1303759277,0,NULL,NULL
53565,131436,1303759277,0,NULL,NULL
53565,130747,1303759277,0,NULL,NULL
53565,131431,1303759277,0,NULL,NULL
53565,131432,1303759277,0,NULL,NULL
53567,131346,1303370903,0,NULL,NULL
53567,130943,1303370903,-1,NULL,NULL
53567,131079,1303370903,0,NULL,NULL
53567,131544,1303370903,0,NULL,NULL
53567,131602,1303370903,0,NULL,NULL
53567,130965,1303370903,0,NULL,NULL
53568,130643,1303336720,0,NULL,NULL
53568,130947,1303336720,1,NULL,NULL
53568,130964,1303336720,0,NULL,NULL
53569,131286,1303326463,1,NULL,NULL
53574,130693,1303160948,-1,NULL,NULL
53575,130951,1303150324,1,NULL,NULL
53575,131953,1303150324,-1,NULL,NULL
53576,131034,1303146975,1,NULL,NULL
53576,131352,1303146975,1,NULL,NULL
53576,131348,1303146975,0,NULL,NULL
53576,131113,1303146975,1,NULL,NULL
53576,131621,1303146975,1,NULL,NULL
53576,130949,1303146975,0,NULL,NULL
53576,130959,1303146975,1,NULL,NULL
53577,130732,1302919928,0,NULL,NULL
53577,131601,1302919928,1,NULL,NULL
53578,131432,1302908702,1,NULL,NULL
53578,131033,1302908702,-1,NULL,NULL
53578,131441,1302908702,0,NULL,NULL
53578,131034,1302908702,1,NULL,NULL
53579,130859,1302841904,0,NULL,NULL
53580,131526,1302841720,0,NULL,NULL
53580,131611,1302841720,0,NULL,NULL
53580,131034,1302841720,0,NULL,NULL
53581,131348,1302755988,1,NULL,NULL
53581,131348,1302822842,0,NULL,NULL
53582,130693,1302806119,1,NULL,NULL
53583,131418,1302755065,0,NULL,NULL
53583,131030,1302755065,0,NULL,NULL
53584,131431,1302673285,0,NULL,NULL
53584,131965,1302673285,0,NULL,NULL
53584,130747,1302673285,0,NULL,NULL
53584,131442,1302673285,0,NULL,NULL
53584,131439,1302673285,0,NULL,NULL
53584,131436,1302673285,0,NULL,NULL
53584,130957,1302673285,1,NULL,NULL
53584,131120,1302673285,1,NULL,NULL
53584,130752,1302673285,-1,NULL,NULL
53584,131432,1302673285,1,NULL,NULL
53584,131063,1302673285,1,NULL,NULL
53585,130959,1302670385,0,NULL,NULL
53586,130927,1302668996,0,NULL,NULL
53587,130778,1302668625,0,NULL,NULL
53588,130695,1302547182,0,NULL,NULL
53588,131144,1302547182,1,NULL,NULL
53588,130675,1302547182,1,NULL,NULL
53588,130698,1302547182,0,NULL,NULL
53588,131406,1302549767,0,NULL,NULL
53589,130698,1302422317,0,NULL,NULL
53589,130698,1302459895,0,NULL,NULL
53591,130949,1302307736,0,NULL,NULL
53591,130944,1302307736,0,NULL,NULL
53591,130951,1302307736,0,NULL,NULL
53591,130943,1302307736,1,NULL,NULL
53592,131290,1302304564,1,NULL,NULL
53593,130943,1302285894,0,NULL,NULL
53594,130971,1302281348,0,NULL,NULL
53594,130764,1302281348,1,NULL,NULL
53594,130972,1302281348,0,NULL,NULL
53594,131447,1302281348,1,NULL,NULL
53594,131633,1302281348,0,NULL,NULL
53594,130970,1302281348,0,NULL,NULL
53595,130691,1302218628,-1,NULL,NULL
53596,131082,1302149181,0,NULL,NULL
53598,130957,1302134374,0,NULL,NULL
53598,131120,1302134374,0,NULL,NULL
53598,131063,1302134374,-1,NULL,NULL
53598,130752,1302134374,-1,NULL,NULL
53601,130949,1302048118,1,NULL,NULL
53603,130908,1301944761,0,NULL,NULL
53604,131611,1301942035,0,NULL,NULL
53604,131034,1301942035,-1,NULL,NULL
53604,131052,1301942035,1,NULL,NULL
53604,131033,1301942035,0,NULL,NULL
53605,130698,1301939895,-1,NULL,NULL
53606,131390,1301755270,0,NULL,NULL
53606,131348,1301755270,1,NULL,NULL
53609,130917,1301636091,1,NULL,NULL
53610,130694,1301635597,0,NULL,NULL
53611,131387,1301596417,0,NULL,NULL
53611,130949,1301596417,0,NULL,NULL
53612,130694,1301550643,0,NULL,NULL
53613,130917,1301430412,1,NULL,NULL
53613,130917,1301432988,0,NULL,NULL
53614,130843,1301384814,-1,NULL,NULL
53614,130843,1301386400,-1,NULL,NULL
53615,130731,1301177271,0,NULL,NULL
53615,131601,1301177271,1,NULL,NULL
53616,131605,1301087113,1,NULL,NULL
53616,131082,1301087113,-1,NULL,NULL
53616,131083,1301087113,1,NULL,NULL
53618,130694,1301082888,-1,1.0,1.0
53618,131416,1301082888,1,NULL,NULL
53619,130951,1301013655,1,NULL,NULL
53619,130949,1301013655,-1,NULL,NULL
53619,131953,1301013655,1,NULL,NULL
53621,130635,1301009796,1,NULL,NULL
53622,131337,1300747727,1,NULL,NULL
53622,131377,1300747727,0,NULL,NULL
53622,131354,1300747727,1,NULL,NULL
53622,131377,1300750494,0,NULL,NULL
53622,131354,1300750494,-1,NULL,NULL
53622,131337,1300750494,-1,NULL,NULL
53622,131354,1301008824,1,NULL,NULL
53622,131377,1301008824,1,NULL,NULL
53622,130950,1301008824,0,NULL,NULL
53622,131337,1301008824,1,NULL,NULL
53623,130645,1301008375,0,NULL,NULL
53625,130698,1301005706,1,NULL,NULL
53629,131096,1300993310,0,NULL,NULL
53629,131341,1300993310,0,NULL,NULL
53629,130943,1300993310,1,NULL,NULL
53629,131348,1300993310,0,NULL,NULL
53629,130677,1300993310,0,NULL,NULL
53629,130680,1300993310,-1,NULL,NULL
53630,131341,1300991736,0,NULL,NULL
53631,131965,1300948043,0,NULL,NULL
53631,131034,1300948043,1,NULL,NULL
53631,131432,1300948043,-1,NULL,NULL
53631,131033,1300948043,-1,NULL,NULL
53631,131063,1300948043,0,NULL,NULL
53631,131441,1300948043,-1,NULL,NULL
53632,130691,1300941234,1,NULL,NULL
53633,131130,1300919034,1,NULL,NULL
53634,130809,1300915567,0,NULL,NULL
53634,131063,1300915567,-1,NULL,NULL
53634,131033,1300915567,1,NULL,NULL
53634,131034,1300915567,1,NULL,NULL
53634,130790,1300915567,0,NULL,NULL
53634,131965,1300915567,0,NULL,NULL
53634,131573,1300915567,0,NULL,NULL
53635,130677,1300832417,-1,NULL,NULL
53637,130943,1300822556,1,NULL,NULL
53637,130943,1300830564,0,NULL,NULL
53638,130943,1300763491,0,NULL,NULL
53639,131034,1300753324,-1,NULL,NULL
53639,131052,1300753324,-1,NULL,NULL
53639,131033,1300753324,0,NULL,NULL
53640,131151,1300745618,0,NULL,NULL
53640,130644,1300745618,-1,NULL,NULL
53640,130964,1300745618,1,NULL,NULL
53640,130676,1300745618,1,NULL,NULL
53641,130859,1300745290,0,NULL,NULL
53642,130949,1300588872,1,NULL,NULL
53643,130975,1300565822,0,NULL,NULL
53643,130975,1300566237,0,NULL,NULL
53643,130975,1300585963,0,NULL,NULL
53644,131135,1290622379,0,NULL,NULL
53644,131164,1300413523,0,NULL,NULL
53644,131641,1300413523,0,NULL,NULL
53645,131130,1300405538,0,NULL,NULL
53646,131148,1300399148,0,NULL,NULL
53647,130949,1300394817,0,NULL,NULL
53647,131953,1300394817,-1,NULL,NULL
53647,130943,1300394817,0,NULL,NULL
53647,130951,1300394817,0,NULL,NULL
53649,130693,1300388930,-1,0.0,0.0
53650,131619,1300341569,1,NULL,NULL
53651,130846,1298509151,1,NULL,NULL
53651,130846,1298534547,-1,NULL,NULL
53651,130846,1299054729,1,NULL,NULL
53651,130876,1299054729,0,NULL,NULL
53651,131354,1299091502,0,NULL,NULL
53651,131388,1299110957,0,NULL,NULL
53651,131907,1299110957,0,NULL,NULL
53651,131353,1299110957,0,NULL,NULL
53651,131573,1299110957,0,NULL,NULL
53651,130876,1299199699,0,NULL,NULL
53651,130846,1299199699,-1,NULL,NULL
53651,130846,1300226519,1,NULL,NULL
53651,130876,1300226519,0,NULL,NULL
53651,131606,1300317531,0,NULL,NULL
53651,131266,1300317531,0,NULL,NULL
53652,130644,1300145937,0,NULL,NULL
53652,131102,1300145937,1,NULL,NULL
53652,131034,1300145937,1,NULL,NULL
53652,131081,1300145937,1,NULL,NULL
53652,131033,1300145937,1,NULL,NULL
53652,131033,1300308679,0,NULL,NULL
53653,131512,1300299941,1,NULL,NULL
53653,130919,1300299941,1,NULL,NULL
53654,130680,1300294502,-1,NULL,NULL
53654,130691,1300294502,-1,0.0,0.0
53654,131396,1300294502,1,NULL,NULL
53656,131052,1300230275,0,NULL,NULL
53658,130909,1300213532,1,NULL,NULL
53660,131573,1300139647,1,NULL,NULL
53660,130647,1300139647,0,NULL,NULL
53661,131316,1300137428,0,NULL,NULL
53662,130623,1300118320,1,NULL,NULL
53663,130691,1300118011,0,NULL,NULL
53665,130637,1299911666,1,NULL,NULL
53665,131400,1299911666,1,NULL,NULL
53666,130623,1299911440,0,NULL,NULL
53668,130917,1299818671,0,NULL,NULL
53668,131511,1299818671,1,NULL,NULL
53669,130693,1299800488,1,NULL,NULL
53670,131286,1299613194,-1,NULL,NULL
53670,130959,1299613194,0,NULL,NULL
53670,130959,1299795152,0,NULL,NULL
53670,131286,1299795152,0,NULL,NULL
53671,130951,1299253867,1,NULL,NULL
53671,130951,1299541048,0,NULL,NULL
53671,131953,1299541048,1,NULL,NULL
53671,131953,1299546245,0,NULL,NULL
53674,131268,1299288864,0,NULL,NULL
53674,131236,1299288864,0,NULL,NULL
53674,131230,1299288864,0,NULL,NULL
53674,131226,1299288864,0,NULL,NULL
53674,131235,1299288864,0,NULL,NULL
53674,131231,1299288864,0,NULL,NULL
53674,131232,1299288864,1,NULL,NULL
53674,131237,1299288864,0,NULL,NULL
53674,131228,1299288864,0,NULL,NULL
53674,131229,1299288864,0,NULL,NULL
53674,131233,1299288864,0,NULL,NULL
53674,131673,1299288864,0,NULL,NULL
53674,131234,1299288864,0,NULL,NULL
53674,131238,1299288864,0,NULL,NULL
53675,130949,1299287407,0,NULL,NULL
53675,131203,1299287407,1,NULL,NULL
53675,131034,1299287407,0,NULL,NULL
53675,131664,1299287407,0,NULL,NULL
53676,130951,1299262102,0,NULL,NULL
53677,130949,1299198676,0,NULL,NULL
53678,130919,1299175227,0,NULL,NULL
53679,130964,1299012765,-1,NULL,NULL
53679,130943,1299012765,1,NULL,NULL
53679,131034,1299012765,-1,NULL,NULL
53679,131962,1299012765,0,NULL,NULL
53679,130645,1299012765,0,NULL,NULL
53679,131388,1299012765,0,NULL,NULL
53679,130640,1299012765,0,NULL,NULL
53680,131081,1298939964,1,NULL,NULL
53680,131362,1298939964,0,NULL,NULL
53680,131968,1298939964,0,NULL,NULL
53680,131783,1298939964,1,NULL,NULL
53680,131573,1298939964,0,NULL,NULL
53680,131962,1298939964,0,NULL,NULL
53680,131436,1298939964,0,NULL,NULL
53680,131341,1298939964,0,NULL,NULL
53680,131023,1298939964,1,NULL,NULL
53680,131034,1298939964,0,NULL,NULL
53680,130976,1298939964,0,NULL,NULL
53680,130765,1298939964,0,NULL,NULL
53680,130764,1298939964,0,NULL,NULL
53680,130943,1298939964,1,NULL,NULL
53680,131603,1298939964,0,NULL,NULL
53680,130964,1298939964,0,NULL,NULL
53680,131327,1298939964,0,NULL,NULL
53680,131604,1298939964,1,NULL,NULL
53680,131388,1298939964,0,NULL,NULL
53680,131432,1298939964,0,NULL,NULL
53681,130927,1298914447,0,NULL,NULL
53681,130927,1298927102,0,NULL,NULL
53684,130752,1298748436,1,NULL,NULL
53685,130700,1298747430,1,NULL,NULL
53686,130635,1298613800,0,NULL,NULL
53687,131410,1298586884,1,NULL,NULL
53687,130694,1298586884,0,NULL,NULL
53688,131226,1298502130,0,NULL,NULL
53688,131232,1298502130,0,NULL,NULL
53689,131450,1298170248,0,NULL,NULL
53689,130778,1298170248,0,NULL,NULL
53690,131034,1297964818,1,NULL,NULL
53691,131052,1297730206,1,NULL,NULL
53693,130693,1297368739,0,NULL,NULL
53693,131531,1297368739,0,NULL,NULL
53693,131601,1297368739,0,NULL,NULL
53693,131034,1297368739,0,NULL,NULL
53693,130949,1297368739,0,NULL,NULL
53693,130746,1297368739,0,NULL,NULL
53693,130875,1297368739,0,NULL,NULL
53694,130635,1297278728,-1,NULL,NULL
53697,131033,1297119688,1,NULL,NULL
53697,131110,1297119688,1,0.0,0.0
53697,131965,1297119688,0,NULL,NULL
53697,131619,1297119688,1,NULL,NULL
53697,131432,1297119688,1,NULL,NULL
53697,130752,1297119688,0,NULL,NULL
53697,131063,1297119688,0,NULL,NULL
53698,131034,1297117612,0,NULL,NULL
53698,131052,1297117612,0,NULL,NULL
53698,131102,1297117612,1,NULL,NULL
53699,130876,1297116136,0,NULL,NULL
53700,131051,1297114748,1,NULL,NULL
53700,131583,1297114748,0,NULL,NULL
53700,131082,1297114748,0,NULL,NULL
53702,131498,1296916656,1,NULL,NULL
53702,130846,1296916656,1,NULL,NULL
53704,130732,1296843940,0,NULL,NULL
53704,131435,1296843940,1,NULL,NULL
53704,130878,1296843940,0,NULL,NULL
53704,130731,1296843940,0,NULL,NULL
53705,130809,1296840722,0,NULL,NULL
53705,131460,1296840951,0,NULL,NULL
53706,130691,1296733742,1,NULL,NULL
53707,131605,1296733207,0,NULL,NULL
53707,131082,1296733207,-1,NULL,NULL
53708,131086,1296718937,1,NULL,NULL
53708,131609,1296718937,0,NULL,NULL
53709,131573,1296587719,1,NULL,NULL
53709,131033,1296587719,1,NULL,NULL
53710,131052,1296541221,0,NULL,NULL
53711,130943,1296505437,0,NULL,NULL
53712,130949,1296257899,0,NULL,NULL
53712,130943,1296257899,1,NULL,NULL
53712,131400,1296257899,1,NULL,NULL
53712,130951,1296257899,1,NULL,NULL
53714,130846,1296118460,0,NULL,NULL
53715,130677,1295565120,0,NULL,NULL
53715,131354,1295565180,1,NULL,NULL
53716,130694,1295587052,0,NULL,NULL
53717,130871,1295575707,0,NULL,NULL
53720,130691,1294772634,0,NULL,NULL
53720,131082,1294772634,1,NULL,NULL
53723,131034,1294340452,0,NULL,NULL
53723,130876,1294340452,0,NULL,NULL
53723,130875,1294340452,0,NULL,NULL
53723,131595,1294366134,0,NULL,NULL
53724,131033,1294354385,0,NULL,NULL
53726,131290,1294342352,1,NULL,NULL
53726,131696,1294342352,1,NULL,NULL
53727,130943,1294261640,1,NULL,NULL
53728,131286,1294250759,1,NULL,NULL
53728,131113,1294250759,1,NULL,NULL
53728,131621,1294250759,1,NULL,NULL
53729,130959,1294188522,0,NULL,NULL
53730,130943,1294185716,0,NULL,NULL
53731,130937,1294102326,0,NULL,NULL
53733,130675,1293600326,0,NULL,NULL
53733,130676,1293600326,0,NULL,NULL
53734,131082,1293493107,1,NULL,NULL
53734,131033,1293493107,0,NULL,NULL
53735,130943,1293049737,-1,NULL,NULL
53736,130926,1293047651,0,NULL,NULL
53737,130976,1292977071,1,NULL,NULL
53737,131096,1292977071,0,NULL,NULL
53737,131290,1292977071,1,NULL,NULL
53737,131096,1292980421,0,NULL,NULL
53737,131096,1293040723,1,NULL,NULL
53738,131110,1292877341,0,NULL,NULL
53738,131628,1292877341,0,NULL,NULL
53738,131111,1292877341,0,NULL,NULL
53738,131619,1292877341,0,NULL,NULL
53738,131113,1292877341,1,NULL,NULL
53738,130959,1292877341,0,NULL,NULL
53738,131121,1292877341,0,NULL,NULL
53738,131621,1292877341,1,NULL,NULL
53738,131620,1292877341,1,NULL,NULL
53738,131113,1292977154,0,NULL,NULL
53740,130677,1292909542,1,NULL,NULL
53740,131034,1292909542,0,NULL,NULL
53740,131096,1292909542,1,NULL,NULL
53742,130809,1292866209,0,NULL,NULL
53743,130946,1292564885,0,NULL,NULL
53743,130946,1292736353,0,NULL,NULL
53744,131034,1292631193,1,NULL,NULL
53744,131110,1292631193,0,NULL,NULL
53744,131354,1292631193,1,NULL,NULL
53744,130959,1292631193,1,NULL,NULL
53744,131128,1292631193,1,NULL,NULL
53744,131113,1292631193,0,NULL,NULL
53744,131621,1292631193,0,NULL,NULL
53744,131633,1292631193,1,NULL,NULL
53745,131082,1291264855,1,NULL,NULL
53745,131083,1291264855,1,NULL,NULL
53745,130943,1291423643,0,NULL,NULL
53745,131082,1291530168,-1,NULL,NULL
53745,131564,1291530168,0,NULL,NULL
53745,131564,1292629498,1,NULL,NULL
53745,131082,1292629498,1,NULL,NULL
53746,131432,1292619034,1,NULL,NULL
53746,131965,1292619034,0,NULL,NULL
53746,131436,1292619034,0,NULL,NULL
53746,130746,1292619034,0,NULL,NULL
53746,131971,1292619034,-1,NULL,NULL
53747,131096,1292564298,1,NULL,NULL
53750,130949,1292442429,0,NULL,NULL
53750,131125,1292442429,1,NULL,NULL
53750,130953,1292442429,0,NULL,NULL
53751,131034,1292407919,1,NULL,NULL
53751,131442,1292407919,0,NULL,NULL
53751,131965,1292407919,0,NULL,NULL
53751,131971,1292407919,0,NULL,NULL
53751,131432,1292407919,0,NULL,NULL
53751,131033,1292407919,1,NULL,NULL
53752,131033,1292377446,1,NULL,NULL
53752,131082,1292377446,0,NULL,NULL
53752,130691,1292377446,1,NULL,NULL
53752,131400,1292377446,1,NULL,NULL
53752,131034,1292377446,0,NULL,NULL
53753,131034,1292372414,0,NULL,NULL
53753,131128,1292372414,0,NULL,NULL
53754,131130,1292358390,0,NULL,NULL
53754,131123,1292358390,1,NULL,NULL
53754,130950,1292358390,1,NULL,NULL
53756,131347,1292356688,0,NULL,NULL
53756,131291,1292356688,0,NULL,NULL
53756,130943,1292356688,1,NULL,NULL
53756,131696,1292356688,0,NULL,NULL
53756,131290,1292356688,1,NULL,NULL
53757,130737,1292300442,0,NULL,NULL
53757,131124,1292300442,0,NULL,NULL
53757,130940,1292300442,0,NULL,NULL
53757,130953,1292300442,0,NULL,NULL
53757,131123,1292300442,1,NULL,NULL
53758,131298,1292299227,0,NULL,NULL
53759,131125,1292284373,0,NULL,NULL
53760,130693,1292279615,0,NULL,NULL
53761,131081,1291844305,1,NULL,NULL
53761,131033,1291844305,0,NULL,NULL
53761,131081,1292017574,-1,NULL,NULL
53762,131508,1291790226,1,NULL,NULL
53762,130911,1291790226,1,NULL,NULL
53762,130922,1291790226,0,NULL,NULL
53763,130647,1291761366,-1,NULL,NULL
53764,131268,1291760221,0,NULL,NULL
53766,131464,1291751218,1,NULL,NULL
53766,130809,1291751218,1,NULL,NULL
53767,130951,1291062222,0,NULL,NULL
53767,130951,1291699599,0,NULL,NULL
53767,131953,1291699599,0,NULL,NULL
53768,130951,1291683485,1,NULL,NULL
53769,131619,1291669133,0,NULL,NULL
53769,131110,1291669133,-1,NULL,NULL
53770,130964,1291524583,1,NULL,NULL
53770,130949,1291524583,-1,NULL,NULL
53770,131535,1291524583,-1,NULL,NULL
53770,130943,1291524583,0,NULL,NULL
53770,130941,1291524583,0,NULL,NULL
53770,131352,1291524583,0,NULL,NULL
53771,131081,1291416543,1,NULL,NULL
53771,131341,1291416543,0,NULL,NULL
53771,131093,1291416543,0,NULL,NULL
53771,130943,1291416543,1,NULL,NULL
53771,130949,1291416543,0,NULL,NULL
53771,131033,1291416543,1,NULL,NULL
53771,131033,1291444092,0,NULL,NULL
53771,131033,1291486810,0,NULL,NULL
53776,130949,1291352047,0,NULL,NULL
53776,131034,1291352047,0,NULL,NULL
53776,130949,1291352277,0,NULL,NULL
53776,131034,1291352277,0,NULL,NULL
53777,130949,1291321109,1,NULL,NULL
53778,130943,1291316548,1,NULL,NULL
53778,130680,1291316548,1,NULL,NULL
53779,130949,1291315640,0,NULL,NULL
53779,130691,1291315640,1,NULL,NULL
53782,131082,1291237540,0,NULL,NULL
53782,130678,1291237540,0,NULL,NULL
53783,131290,1291236896,0,NULL,NULL
53786,130943,1291074259,1,NULL,NULL
53786,130943,1291077723,1,NULL,NULL
53786,130943,1291078373,0,NULL,NULL
53787,131034,1291069600,0,NULL,NULL
53788,130943,1291065521,1,NULL,NULL
53789,130911,1290541629,0,NULL,NULL
53789,130927,1290541629,0,NULL,NULL
53789,130917,1290541629,0,NULL,NULL
53789,131517,1290570585,-1,NULL,NULL
53789,131517,1291065176,1,NULL,NULL
53790,130943,1291064762,0,NULL,NULL
53790,130640,1291064762,1,NULL,NULL
53792,130987,1291062662,0,NULL,NULL
53792,130983,1291063543,0,NULL,NULL
53792,131102,1291063543,0,NULL,NULL
53792,130987,1291063543,0,NULL,NULL
53794,131034,1291054811,1,NULL,NULL
53795,131135,1290795409,0,NULL,NULL
53795,131159,1290795409,0,NULL,NULL
53795,131639,1290795409,0,NULL,NULL
53796,131348,1290641336,0,NULL,NULL
53798,130950,1290578695,0,NULL,NULL
53798,131348,1290578695,0,NULL,NULL
53798,130949,1290578695,0,NULL,NULL
53798,131334,1290578695,1,NULL,NULL
53799,131052,1290554027,0,NULL,NULL
53799,130871,1290554027,0,NULL,NULL
53799,131034,1290554027,0,NULL,NULL
53799,130949,1290554027,0,NULL,NULL
53799,131083,1290554027,0,NULL,NULL
53799,130691,1290554027,0,NULL,NULL
53799,131633,1290554027,0,NULL,NULL
53799,131540,1290554027,0,NULL,NULL
53799,131387,1290554027,0,NULL,NULL
53799,131082,1290554027,0,NULL,NULL
53799,131135,1290554027,0,NULL,NULL
53800,131531,1290549189,0,NULL,NULL
53802,131081,1290216219,1,NULL,NULL
53802,131096,1290216219,0,NULL,NULL
53802,131034,1290216219,1,NULL,NULL
53802,131033,1290216219,1,NULL,NULL
53803,131719,1290205269,0,NULL,NULL
53803,131334,1290205269,0,NULL,NULL
53804,131033,1290201245,1,NULL,NULL
53804,130949,1290201245,0,NULL,NULL
53804,130682,1290201245,0,NULL,NULL
53804,130704,1290201245,0,NULL,NULL
53804,130809,1290201245,0,NULL,NULL
53804,130693,1290201245,1,NULL,NULL
53804,131034,1290201245,1,0.0,0.0
53804,131158,1290201245,0,NULL,NULL
53804,130876,1290201245,1,NULL,NULL
53804,130694,1290201245,1,NULL,NULL
53804,130871,1290201245,1,NULL,NULL
53804,130872,1290201245,-1,NULL,NULL
53804,130707,1290201245,1,NULL,NULL
53806,131110,1290041615,1,NULL,NULL
53808,130807,1289524976,0,NULL,NULL
53809,131384,1289790631,-1,NULL,NULL
53809,131402,1289790631,1,NULL,NULL
53809,130783,1289790631,0,NULL,NULL
53809,131086,1289790631,0,NULL,NULL
53809,131453,1289790631,1,NULL,NULL
53809,130647,1289790631,0,NULL,NULL
53811,131023,1289541899,0,NULL,NULL
53811,131033,1289541899,0,NULL,NULL
53811,131082,1289541899,-1,NULL,NULL
53811,130693,1289541899,0,NULL,NULL
53813,130943,1289456194,1,NULL,NULL
53814,130972,1289434792,0,NULL,NULL
53814,130943,1289434792,0,NULL,NULL
53814,130680,1289434792,1,NULL,NULL
53815,130809,1289432109,0,NULL,NULL
53815,130647,1289432109,0,NULL,NULL
53815,131453,1289432109,1,NULL,NULL
53815,131384,1289432109,0,NULL,NULL
53817,131400,1289425574,-1,NULL,NULL
53818,131147,1289412743,0,NULL,NULL
53818,131150,1289412743,1,NULL,NULL
53818,131144,1289412743,1,NULL,NULL
53818,131643,1289412743,1,NULL,NULL
53818,131644,1289412743,1,NULL,NULL
53818,131138,1289412743,1,NULL,NULL
53818,131135,1289412743,1,NULL,NULL
53818,131148,1289412743,0,NULL,NULL
53818,131646,1289412743,1,NULL,NULL
53819,131362,1289411688,-1,NULL,NULL
53819,130648,1289411688,0,NULL,NULL
53820,130949,1289367351,1,NULL,NULL
53821,130691,1289365836,0,NULL,NULL
53822,130949,1289364800,1,NULL,NULL
53822,130964,1289364800,0,NULL,NULL
53822,131034,1289364800,0,NULL,NULL
53823,131543,1289359777,0,NULL,NULL
53824,131034,1289354053,-1,NULL,NULL
53824,131158,1289354053,0,NULL,NULL
53824,131410,1289354053,1,NULL,NULL
53824,130694,1289354053,1,NULL,NULL
53824,130707,1289354053,1,NULL,NULL
53824,130693,1289354053,-1,NULL,NULL
53826,130975,1289348280,0,NULL,NULL
53826,130968,1289348280,0,NULL,NULL
53826,130949,1289348280,0,NULL,NULL
53826,130949,1289348384,0,NULL,NULL
53827,131392,1287082077,0,NULL,NULL
53827,130691,1289338089,0,NULL,NULL
53827,130640,1289338089,0,NULL,NULL
53827,131535,1289338089,0,NULL,NULL
53827,131033,1289338089,0,NULL,NULL
53827,130949,1289338089,1,0.0,0.0
53827,130970,1289338089,1,NULL,NULL
53827,130980,1289338089,0,NULL,NULL
53827,131400,1289338089,-1,NULL,NULL
53827,130972,1289338089,1,NULL,NULL
53827,130975,1289338089,0,NULL,NULL
53827,130943,1289338089,-1,NULL,NULL
53827,130968,1289338089,0,NULL,NULL
53827,131348,1289338089,0,NULL,NULL
53827,130951,1289338089,0,NULL,NULL
53827,130976,1289338089,1,NULL,NULL
53827,130971,1289338089,1,NULL,NULL
53827,130693,1289338089,-1,NULL,NULL
53827,131347,1289339555,0,NULL,NULL
53827,131081,1289339555,0,NULL,NULL
53827,131081,1289339582,0,NULL,NULL
53827,130691,1289343066,0,NULL,NULL
53828,130714,1289342426,0,NULL,NULL
53828,130876,1289342426,1,NULL,NULL
53828,130809,1289342426,1,NULL,NULL
53829,131093,1289340325,0,NULL,NULL
53831,130949,1289268147,0,0.0,0.0
53831,130876,1289268147,0,NULL,NULL
53833,130932,1289254238,0,NULL,NULL
53834,131082,1289238598,1,NULL,NULL
53835,131565,1289233144,1,NULL,NULL
53835,131082,1289233144,-1,NULL,NULL
53835,131086,1289233144,0,NULL,NULL
53835,131076,1289233144,0,NULL,NULL
53836,130680,1289081479,1,NULL,NULL
53836,131953,1289081479,1,NULL,NULL
53836,130943,1289081479,1,NULL,NULL
53836,130951,1289081479,1,NULL,NULL
53837,130645,1289000254,0,NULL,NULL
53837,131110,1289000254,1,NULL,NULL
53838,130964,1288997989,0,NULL,NULL
53838,131034,1288997989,0,NULL,NULL
53838,131081,1288997989,0,NULL,NULL
53838,131096,1288997989,0,NULL,NULL
53839,131110,1288996139,0,NULL,NULL
53839,131619,1288996139,1,NULL,NULL
53841,130943,1288995065,1,NULL,NULL
53842,131973,1288992212,1,NULL,NULL
53842,130680,1288992212,0,NULL,NULL
53843,130703,1288981243,0,NULL,NULL
53843,130691,1288981243,1,NULL,NULL
53843,130680,1288981243,0,NULL,NULL
53843,131973,1288981243,0,NULL,NULL
53843,130949,1288981243,0,0.0,0.0
53843,131362,1288981243,0,NULL,NULL
53843,130943,1288981243,1,NULL,NULL
53843,131400,1288981243,0,NULL,NULL
53843,131034,1288981243,-1,NULL,NULL
53845,131621,1288913971,-1,NULL,NULL
53845,131110,1288913971,1,NULL,NULL
53845,131117,1288913971,0,NULL,NULL
53846,131082,1288735607,1,NULL,NULL
53846,131082,1288913594,0,NULL,NULL
53847,131352,1288899446,0,NULL,NULL
53847,131390,1288899446,1,NULL,NULL
53847,130693,1288899446,1,0.0,0.0
53848,131619,1288827738,-1,NULL,NULL
53848,131628,1288827738,1,NULL,NULL
53848,131621,1288827738,1,NULL,NULL
53848,131113,1288827738,0,NULL,NULL
53850,130778,1288818998,0,NULL,NULL
53850,131453,1288818998,0,NULL,NULL
53851,130678,1288741714,0,NULL,NULL
53851,130680,1288741714,0,NULL,NULL
53851,130703,1288741714,0,NULL,NULL
53851,130946,1288741714,0,NULL,NULL
53851,130943,1288741714,1,NULL,NULL
53852,130946,1288671416,0,NULL,NULL
53852,130951,1288671416,0,NULL,NULL
53852,130964,1288671416,-1,NULL,NULL
53853,131153,1288656032,1,NULL,NULL
53853,131144,1288656032,1,NULL,NULL
53853,131150,1288656032,0,NULL,NULL
53853,131134,1288656032,0,NULL,NULL
53853,131139,1288656032,0,NULL,NULL
53853,131148,1288656032,0,NULL,NULL
53853,131153,1288671064,1,NULL,NULL
53854,131034,1288663640,-1,NULL,NULL
53855,131341,1288663449,0,NULL,NULL
53855,130972,1288663449,0,NULL,NULL
53855,130975,1288663449,0,NULL,NULL
53855,130964,1288663449,0,NULL,NULL
53855,131543,1288663449,0,NULL,NULL
53855,130943,1288663449,-1,0.0,0.0
53855,130968,1288663449,-1,NULL,NULL
53855,130976,1288663449,1,NULL,NULL
53855,131535,1288663449,1,NULL,NULL
53855,130680,1288663449,0,NULL,NULL
53855,130949,1288663449,0,NULL,NULL
53856,131124,1288657290,0,NULL,NULL
53856,131532,1288657290,-1,NULL,NULL
53857,130693,1288634517,0,NULL,NULL
53857,131034,1288634517,0,NULL,NULL
53857,130872,1288634517,0,NULL,NULL
53857,130871,1288634517,1,NULL,NULL
53858,131082,1288594113,0,NULL,NULL
53859,131034,1288469499,0,NULL,NULL
53860,131034,1288459245,1,NULL,NULL
53860,130859,1288459245,0,NULL,NULL
53860,131102,1288459245,1,NULL,NULL
53860,130846,1288459245,0,NULL,NULL
53860,131495,1288459245,0,NULL,NULL
53860,130862,1288459245,0,NULL,NULL
53861,130678,1288458246,-1,NULL,NULL
53862,130943,1288458138,1,1.0,1.0
53863,131033,1288457924,1,NULL,NULL
53863,130700,1288457924,0,NULL,NULL
53865,131352,1288387931,1,NULL,NULL
53865,130949,1288387931,0,NULL,NULL
53866,130943,1288377272,0,0.0,0.0
53868,131082,1288327690,1,NULL,NULL
53868,130949,1288327690,1,NULL,NULL
53868,130983,1288327690,0,NULL,NULL
53868,131033,1288327690,1,NULL,NULL
53868,131113,1288327690,1,NULL,NULL
53868,131023,1288327690,1,NULL,NULL
53868,131102,1288327690,0,NULL,NULL
53868,131052,1288327690,1,NULL,NULL
53868,131110,1288327690,0,NULL,NULL
53868,130964,1288327690,0,NULL,NULL
53868,130959,1288327690,1,NULL,NULL
53868,131526,1288327690,0,NULL,NULL
53869,131633,1288310996,1,NULL,NULL
53869,130908,1288310996,0,NULL,NULL
53869,131123,1288310996,0,NULL,NULL
53869,130714,1288310996,1,NULL,NULL
53870,130909,1288309247,0,NULL,NULL
53871,130968,1288301518,0,NULL,NULL
53871,131354,1288301518,1,NULL,NULL
53871,131348,1288301518,1,NULL,NULL
53871,130943,1288301518,1,NULL,NULL
53871,131034,1288301518,0,NULL,NULL
53871,130975,1288301518,0,NULL,NULL
53871,130677,1288301518,1,NULL,NULL
53871,131341,1288301518,1,NULL,NULL
53871,130648,1288301518,1,NULL,NULL
53871,130964,1288301518,0,NULL,NULL
53871,130949,1288301518,0,NULL,NULL
53872,130907,1288221450,0,NULL,NULL
53872,131390,1288221450,1,NULL,NULL
53872,131123,1288221450,-1,NULL,NULL
53872,131348,1288221450,1,NULL,NULL
53872,130927,1288221450,-1,NULL,NULL
53872,130930,1288221450,0,NULL,NULL
53873,130846,1288187070,1,NULL,NULL
53874,131265,1288152926,0,NULL,NULL
53874,131083,1288152926,0,NULL,NULL
53874,131606,1288152926,0,NULL,NULL
53875,131033,1288119013,1,NULL,NULL
53875,131402,1288119013,1,NULL,NULL
53875,131051,1288119013,0,NULL,NULL
53875,131034,1288119013,1,NULL,NULL
53875,130694,1288119013,1,NULL,NULL
53875,131158,1288119013,0,NULL,NULL
53875,130809,1288119013,0,NULL,NULL
53875,131082,1288119013,0,NULL,NULL
53877,130714,1285976890,0,NULL,NULL
53877,130714,1288047407,-1,NULL,NULL
53878,131086,1287959787,0,NULL,NULL
53878,131033,1287959787,1,NULL,NULL
53880,131034,1287815522,0,NULL,NULL
53880,130765,1287815522,-1,NULL,NULL
53880,130949,1287815522,0,NULL,NULL
53880,131447,1287815522,0,NULL,NULL
53881,131278,1287794354,0,NULL,NULL
53881,131034,1287794354,0,0.0,0.0
53881,130846,1287794354,0,NULL,NULL
53881,130843,1287794354,0,NULL,NULL
53881,131033,1287794354,1,NULL,NULL
53882,130677,1287777261,1,NULL,NULL
53882,130975,1287777261,0,NULL,NULL
53882,130765,1287777261,0,NULL,NULL
53882,131341,1287777261,1,NULL,NULL
53882,130943,1287777261,1,NULL,NULL
53882,131096,1287777261,0,NULL,NULL
53882,131348,1287777261,1,NULL,NULL
53882,131352,1287777261,0,NULL,NULL
53882,130949,1287777261,0,NULL,NULL
53882,131345,1287777261,0,NULL,NULL
53882,130949,1287791142,0,NULL,NULL
53882,130765,1287791142,-1,NULL,NULL
53882,131034,1287791142,0,NULL,NULL
53882,130949,1287791208,0,NULL,NULL
53882,131034,1287791208,0,NULL,NULL
53882,130765,1287791208,1,NULL,NULL
53883,130917,1287779099,0,NULL,NULL
53883,131511,1287779099,0,NULL,NULL
53884,131150,1287698234,0,NULL,NULL
53885,131661,1287693357,0,NULL,NULL
53885,131177,1287693357,0,NULL,NULL
53885,130645,1287693357,0,NULL,NULL
53885,131648,1287693357,0,NULL,NULL
53885,131307,1287693357,0,NULL,NULL
53885,130640,1287693357,0,NULL,NULL
53885,130964,1287693357,0,NULL,NULL
53887,131023,1287595511,0,NULL,NULL
53888,130943,1287551539,-1,NULL,NULL
53888,130964,1287551539,-1,NULL,NULL
53890,131402,1287524915,-1,NULL,NULL
53891,130907,1287509814,0,NULL,NULL
53892,130899,1287506646,0,NULL,NULL
53892,130927,1287506646,1,NULL,NULL
53894,130930,1287446301,0,NULL,NULL
53894,130691,1287446301,1,NULL,NULL
53894,131348,1287446301,0,NULL,NULL
53894,131292,1287446301,0,NULL,NULL
53894,131352,1287446301,0,NULL,NULL
53894,130950,1287446301,0,NULL,NULL
53894,130943,1287446301,0,NULL,NULL
53894,131034,1287446301,0,NULL,NULL
53894,130694,1287446301,0,NULL,NULL
53894,130953,1287446301,0,NULL,NULL
53894,131124,1287446301,1,NULL,NULL
53894,130966,1287446301,0,NULL,NULL
53894,130693,1287446301,0,NULL,NULL
53894,130698,1287446301,0,NULL,NULL
53894,131406,1287461123,0,NULL,NULL
53894,130698,1287461123,0,NULL,NULL
53895,130707,1287450112,0,NULL,NULL
53895,130694,1287450112,0,NULL,NULL
53895,131410,1287450112,0,NULL,NULL
53895,131034,1287450112,1,NULL,NULL
53895,130693,1287450112,0,NULL,NULL
53896,131144,1287442596,-1,NULL,NULL
53896,131150,1287442596,0,NULL,NULL
53896,131138,1287442596,-1,NULL,NULL
53897,131299,1287428930,0,NULL,NULL
53897,130968,1287428930,0,NULL,NULL
53897,131354,1287428930,1,NULL,NULL
53897,131362,1287428930,1,NULL,NULL
53897,130943,1287428930,1,NULL,NULL
53897,130964,1287428930,-1,NULL,NULL
53897,130975,1287428930,1,NULL,NULL
53897,131341,1287428930,0,NULL,NULL
53897,130976,1287428930,-1,NULL,NULL
53897,131535,1287428930,0,NULL,NULL
53897,130680,1287428930,1,NULL,NULL
53897,130949,1287428930,0,NULL,NULL
53898,131453,1287208393,0,NULL,NULL
53899,131033,1287207327,-1,NULL,NULL
53899,131113,1287207327,1,NULL,NULL
53900,131033,1287206877,1,NULL,NULL
53901,131354,1287206055,1,NULL,NULL
53901,131352,1287206055,1,NULL,NULL
53901,131377,1287206055,0,NULL,NULL
53901,131633,1287206055,0,NULL,NULL
53902,130943,1287097809,0,NULL,NULL
53902,130943,1287175573,1,NULL,NULL
53902,131034,1287175573,0,NULL,NULL
53902,131034,1287177758,0,NULL,NULL
53902,130964,1287177758,0,NULL,NULL
53902,130964,1287205670,0,NULL,NULL
53902,130943,1287205670,0,NULL,NULL
53903,131980,1286906111,0,NULL,NULL
53904,130927,1287035934,0,NULL,NULL
53904,130927,1287120791,0,NULL,NULL
53904,130930,1287120791,0,NULL,NULL
53904,130926,1287120791,0,NULL,NULL
53904,130925,1287120791,0,NULL,NULL
53904,131348,1287120791,0,NULL,NULL
53906,131637,1287029515,0,NULL,NULL
53907,131292,1286652216,0,NULL,NULL
53907,131354,1286652216,0,NULL,NULL
53907,130677,1286652216,0,NULL,NULL
53907,131702,1286652216,1,NULL,NULL
53907,130693,1286652216,0,NULL,NULL
53907,131702,1286948351,1,NULL,NULL
53907,130964,1286948351,0,NULL,NULL
53907,130943,1286948351,1,NULL,NULL
53907,130975,1286948351,-1,NULL,NULL
53907,131702,1286989493,1,NULL,NULL
53908,130721,1286914692,0,NULL,NULL
53909,131982,1285884569,0,NULL,NULL
53909,131125,1286820048,-1,NULL,NULL
53909,131123,1286820048,0,NULL,NULL
53909,131348,1286820048,1,NULL,NULL
53909,131633,1286820048,0,NULL,NULL
53909,131635,1286820048,0,NULL,NULL
53909,131124,1286820048,0,NULL,NULL
53909,131130,1286820048,-1,NULL,NULL
53909,131126,1286820048,0,NULL,NULL
53909,131128,1286820048,0,NULL,NULL
53910,131396,1286596012,1,NULL,NULL
53910,130677,1286596012,1,NULL,NULL
53910,131724,1286690699,0,NULL,NULL
53910,131096,1286690699,0,NULL,NULL
53910,131351,1286690699,1,NULL,NULL
53910,131517,1286690699,0,NULL,NULL
53910,131034,1286690699,0,NULL,NULL
53910,130677,1286690699,0,NULL,NULL
53910,130949,1286690699,0,NULL,NULL
53910,131394,1286690699,1,NULL,NULL
53910,130691,1286690699,1,NULL,NULL
53910,130693,1286690699,0,NULL,NULL
53910,131920,1286693328,0,NULL,NULL
53911,131034,1286646933,1,NULL,NULL
53911,131352,1286646933,1,NULL,NULL
53912,131138,1286492068,0,NULL,NULL
53912,131651,1286492068,0,NULL,NULL
53912,131978,1286492068,0,NULL,NULL
53912,130946,1286578240,0,NULL,NULL
53912,131702,1286578240,0,NULL,NULL
53912,131416,1286578240,0,NULL,NULL
53913,131354,1286567111,0,NULL,NULL
53913,131081,1286567111,1,NULL,NULL
53913,131362,1286567111,1,NULL,NULL
53913,131573,1286567111,0,NULL,NULL
53913,130677,1286567111,1,NULL,NULL
53913,131416,1286567111,-1,NULL,NULL
53913,131526,1286567111,0,NULL,NULL
53913,130946,1286567111,0,NULL,NULL
53913,131402,1286567111,0,NULL,NULL
53913,131920,1286567111,0,NULL,NULL
53913,131923,1286567111,0,NULL,NULL
53913,131953,1286567111,0,NULL,NULL
53914,131573,1286560983,1,NULL,NULL
53914,131360,1286560983,0,NULL,NULL
53914,130892,1286560983,0,NULL,NULL
53914,130896,1286560983,0,NULL,NULL
53914,131353,1286560983,0,NULL,NULL
53914,130897,1286560983,0,NULL,NULL
53914,130900,1286560983,0,NULL,NULL
53914,130926,1286560983,0,NULL,NULL
53914,130895,1286560983,0,NULL,NULL
53914,130899,1286560983,0,NULL,NULL
53914,131519,1286560983,0,NULL,NULL
53914,131464,1286560983,0,NULL,NULL
53915,130976,1286063280,0,NULL,NULL
53915,131034,1286063280,0,NULL,NULL
53915,130677,1286063280,0,NULL,NULL
53915,130641,1286063280,0,NULL,NULL
53915,130693,1286063280,1,NULL,NULL
53915,130693,1286500435,1,NULL,NULL
53915,131390,1286500435,1,NULL,NULL
53915,131352,1286500435,1,NULL,NULL
53915,131396,1286517875,0,NULL,NULL
53915,130691,1286517875,0,NULL,NULL
53915,130964,1286517875,-1,NULL,NULL
53915,131390,1286517875,0,NULL,NULL
53915,131354,1286517875,1,NULL,NULL
53915,131542,1286517875,0,NULL,NULL
53915,130693,1286517875,0,NULL,NULL
53915,131396,1286517977,-1,NULL,NULL
53917,130970,1286475184,0,NULL,NULL
53917,131392,1286475184,0,NULL,NULL
53919,131034,1286401151,1,NULL,NULL
53919,131299,1286401151,0,NULL,NULL
53919,131354,1286401151,1,NULL,NULL
53919,131352,1286401151,0,NULL,NULL
53919,131362,1286401151,0,NULL,NULL
53919,130950,1286401151,0,NULL,NULL
53919,130949,1286401151,0,NULL,NULL
53919,130648,1286401151,0,NULL,NULL
53920,131605,1286400436,0,NULL,NULL
53920,131573,1286400436,0,NULL,NULL
53920,130647,1286400436,0,NULL,NULL
53921,131155,1286385692,0,NULL,NULL
53921,131146,1286385692,0,NULL,NULL
53921,131643,1286385692,0,NULL,NULL
53921,131144,1286385692,0,NULL,NULL
53921,131153,1286385692,0,NULL,NULL
53924,131113,1286323342,0,NULL,NULL
53924,131110,1286323342,0,NULL,NULL
53924,130943,1286323342,1,NULL,NULL
53924,130972,1286323342,0,NULL,NULL
53924,130971,1286323342,0,NULL,NULL
53925,130943,1286255002,1,NULL,NULL
53925,130972,1286255002,0,NULL,NULL
53925,130971,1286255002,0,NULL,NULL
53926,131117,1285651582,1,NULL,NULL
53926,131023,1285651582,0,NULL,NULL
53926,131052,1285651582,0,NULL,NULL
53926,131117,1285651769,-1,NULL,NULL
53926,131960,1286220342,0,NULL,NULL
53926,131961,1286220342,0,NULL,NULL
53927,131565,1286215178,1,NULL,NULL
53927,131023,1286215178,1,NULL,NULL
53927,131033,1286215178,1,NULL,NULL
53927,131082,1286215178,1,NULL,NULL
53928,131113,1286162366,0,NULL,NULL
53928,130622,1286162366,0,NULL,NULL
53928,130621,1286162366,0,NULL,NULL
53929,130970,1286082366,0,NULL,NULL
53929,131673,1286082366,0,NULL,NULL
53929,130943,1286082366,0,NULL,NULL
53929,131093,1286082366,0,NULL,NULL
53930,130693,1285976626,1,NULL,NULL
53931,130691,1285974938,1,NULL,NULL
53931,130693,1285974938,0,NULL,NULL
53932,130943,1285974138,1,NULL,NULL
53934,131034,1285965876,-1,NULL,NULL
53935,130964,1285888376,1,NULL,NULL
53935,131532,1285888376,0,NULL,NULL
53935,130943,1285888376,1,NULL,NULL
53935,130975,1285888376,0,NULL,NULL
53935,131034,1285888376,0,NULL,NULL
53937,131093,1285872800,0,NULL,NULL
53938,131352,1285870948,0,NULL,NULL
53940,131351,1285799870,0,NULL,NULL
53940,130943,1285799870,-1,NULL,NULL
53940,130677,1285799870,0,NULL,NULL
53940,130964,1285799870,1,NULL,NULL
53940,131034,1285799870,0,NULL,NULL
53940,130976,1285799870,0,NULL,NULL
53940,130656,1285799870,0,NULL,NULL
53940,131394,1285799870,0,NULL,NULL
53940,131046,1285799870,0,NULL,NULL
53940,130949,1285799870,0,NULL,NULL
53940,130959,1285799870,0,NULL,NULL
53941,131117,1285653351,1,NULL,NULL
53941,131117,1285706292,0,NULL,NULL
53942,130846,1285628006,0,NULL,NULL
53942,130846,1285698593,0,NULL,NULL
53943,131628,1285624943,0,NULL,NULL
53943,131619,1285624943,0,NULL,NULL
53943,131118,1285624943,0,NULL,NULL
53943,131125,1285624943,0,NULL,NULL
53943,131117,1285624943,0,NULL,NULL
53943,131047,1285624943,0,NULL,NULL
53943,131110,1285624943,-1,NULL,NULL
53943,131081,1285624943,0,NULL,NULL
53943,131617,1285624943,0,NULL,NULL
53943,131620,1285624943,0,NULL,NULL
53943,131957,1285624943,0,NULL,NULL
53943,131621,1285624943,1,NULL,NULL
53943,131033,1285624943,0,NULL,NULL
53943,130959,1285624943,0,NULL,NULL
53943,130689,1285631566,0,NULL,NULL
53944,131082,1285628572,0,NULL,NULL
53944,131113,1285628572,0,NULL,NULL
53944,131033,1285628572,1,NULL,NULL
53944,131110,1285628572,1,NULL,NULL
53945,131405,1285625908,0,NULL,NULL
53945,130909,1285625908,0,NULL,NULL
53948,130943,1285395882,0,NULL,NULL
53948,130949,1285395882,0,NULL,NULL
53948,130691,1285395882,0,NULL,NULL
53948,130964,1285395882,1,NULL,NULL
53949,131392,1285360841,0,NULL,NULL
53949,130675,1285360841,0,NULL,NULL
53951,131131,1285353282,0,NULL,NULL
53952,131130,1285353146,0,NULL,NULL
