49990,121445,1401298450,0,NULL,NULL
49990,123083,1401298450,0,NULL,NULL
49990,120200,1401298450,-1,NULL,NULL
49990,120485,1401298450,1,NULL,NULL
49990,131713,1401298450,1,NULL,NULL
49991,127022,1401297315,0,NULL,NULL
49992,128840,1401266828,1,NULL,NULL
49992,129383,1401266828,1,NULL,NULL
49995,125379,1401212215,0,NULL,NULL
49995,121540,1401212215,0,NULL,NULL
49997,122264,1400821030,1,NULL,NULL
49997,129904,1400821030,0,NULL,NULL
49997,131146,1400821030,0,NULL,NULL
49997,126776,1401201507,0,NULL,NULL
50001,120218,1401128887,-1,NULL,NULL
50001,131578,1401128887,0,NULL,NULL
50009,120263,1400583431,0,NULL,NULL
50009,127443,1400583431,1,NULL,NULL
50009,125761,1400583431,0,NULL,NULL
50009,128559,1400583431,0,NULL,NULL
50009,123368,1400583431,1,NULL,NULL
50011,120663,1400842991,0,NULL,NULL
50011,126982,1400842991,0,NULL,NULL
50011,128364,1400842991,0,NULL,NULL
50011,127085,1400842991,0,NULL,NULL
50011,124404,1400842991,0,NULL,NULL
50014,121169,1400783870,0,NULL,NULL
50014,129236,1400823339,0,NULL,NULL
50016,124699,1400809754,1,NULL,NULL
50016,126713,1400809754,0,NULL,NULL
50024,126753,1400615657,0,NULL,NULL
50029,131537,1400514786,0,NULL,NULL
50029,129609,1400514786,1,NULL,NULL
50029,131767,1400514786,0,NULL,NULL
50029,121610,1400514786,0,NULL,NULL
50030,126845,1400358993,0,NULL,NULL
50030,131134,1400358993,0,NULL,NULL
50030,121347,1400358993,0,NULL,NULL
50030,126552,1400358993,0,NULL,NULL
50030,131319,1400358993,0,NULL,NULL
50031,125098,1400286746,0,NULL,NULL
50031,125102,1400286746,0,NULL,NULL
50034,130641,1400275781,0,NULL,NULL
50034,128260,1400275781,1,NULL,NULL
50034,128776,1400275781,0,NULL,NULL
50038,129193,1400118422,0,NULL,NULL
50049,121334,1399587901,0,NULL,NULL
50049,124589,1399587901,1,NULL,NULL
50049,131491,1399587901,0,NULL,NULL
50049,131334,1399587901,0,NULL,NULL
50049,131314,1399587901,0,NULL,NULL
50050,127813,1399569832,1,NULL,NULL
50050,127005,1399569832,1,NULL,NULL
50055,120659,1399051925,0,1.0,1.0
50055,127784,1399051925,1,NULL,NULL
50055,127063,1399051925,-1,NULL,NULL
50057,120190,1398816519,0,NULL,NULL
50057,126866,1398816519,1,NULL,NULL
50060,128858,1398783086,0,NULL,NULL
50066,123629,1398460975,1,NULL,NULL
50066,120238,1398460975,1,NULL,NULL
50066,131603,1398460975,0,NULL,NULL
50066,126712,1398460975,0,NULL,NULL
50069,127885,1398459791,1,NULL,NULL
50069,120139,1398459791,0,NULL,NULL
50069,126675,1398459791,1,NULL,NULL
50069,130861,1398459791,-1,NULL,NULL
50069,124799,1398459791,1,NULL,NULL
50070,123486,1398456021,0,NULL,NULL
50070,123836,1398456021,0,NULL,NULL
50072,121470,1398443125,1,NULL,NULL
50072,125407,1398443125,1,NULL,NULL
50072,125439,1398443125,-1,NULL,NULL
50072,126525,1398443125,1,NULL,NULL
50072,129265,1398443125,0,NULL,NULL
50076,130917,1398348377,1,NULL,NULL
50077,131657,1398318362,1,NULL,NULL
50077,120342,1398318362,1,NULL,NULL
50077,128504,1398318362,0,NULL,NULL
50081,130909,1398269600,1,NULL,NULL
50081,130768,1398269600,1,NULL,NULL
50082,123271,1398267446,-1,NULL,NULL
50082,121198,1398267446,-1,NULL,NULL
50082,131245,1398267446,-1,NULL,NULL
50082,127478,1398267446,0,NULL,NULL
50082,123820,1398267446,-1,NULL,NULL
50083,123072,1398226154,0,NULL,NULL
50084,130647,1398220465,0,NULL,NULL
50084,125318,1398220465,1,NULL,NULL
50084,123843,1398220465,1,NULL,NULL
50084,128188,1398220465,1,NULL,NULL
50084,127294,1398220465,-1,NULL,NULL
50085,131369,1398219360,-1,NULL,NULL
50086,127681,1398211386,0,NULL,NULL
50086,125667,1398211386,0,NULL,NULL
50086,123143,1398211386,1,NULL,NULL
50086,126954,1398211386,0,NULL,NULL
50086,127275,1398211386,0,NULL,NULL
50092,125934,1397971879,0,NULL,NULL
50092,121497,1397971879,0,NULL,NULL
50094,129908,1397885327,0,NULL,NULL
50095,129277,1397884903,-1,NULL,NULL
50099,120500,1397770404,0,NULL,NULL
50105,131447,1397612575,-1,NULL,NULL
50105,128680,1397612575,0,NULL,NULL
50105,129167,1397612575,1,NULL,NULL
50108,121591,1397584110,0,NULL,NULL
50108,125085,1397584110,0,NULL,NULL
50108,123657,1397584110,1,NULL,NULL
50108,120360,1397584110,0,NULL,NULL
50109,130415,1397583351,0,NULL,NULL
50109,121281,1397583351,0,NULL,NULL
50110,129111,1397576048,1,-1.0,-1.0
50110,121575,1397576048,0,NULL,NULL
50112,128967,1397538207,0,NULL,NULL
50114,124683,1397411761,1,NULL,NULL
50119,128265,1396457427,0,NULL,NULL
50119,128510,1397231966,-1,NULL,NULL
50119,128962,1397231966,-1,NULL,NULL
50119,126002,1397231966,0,NULL,NULL
50119,123341,1397231966,1,NULL,NULL
50122,128295,1397061202,0,NULL,NULL
50122,131532,1397061202,0,NULL,NULL
50122,123135,1397061202,0,NULL,NULL
50122,120578,1397061202,0,NULL,NULL
50123,129078,1397059866,-1,NULL,NULL
50123,120323,1397059866,0,NULL,NULL
50123,123938,1397059866,-1,NULL,NULL
50124,120706,1397044644,1,NULL,NULL
50124,129008,1397044644,0,NULL,NULL
50124,128432,1397044644,0,NULL,NULL
50124,125508,1397044644,0,NULL,NULL
50124,130803,1397044644,0,NULL,NULL
50126,128975,1396900570,-1,NULL,NULL
50126,130945,1396900570,-1,NULL,NULL
50132,120624,1396580384,1,NULL,NULL
50132,128019,1396580384,0,NULL,NULL
50132,120093,1396580384,0,NULL,NULL
50132,127243,1396580384,1,NULL,NULL
50132,131153,1396580384,0,NULL,NULL
50133,124997,1396569532,0,NULL,NULL
50134,123042,1396565853,-1,NULL,NULL
50135,124883,1396560851,1,NULL,NULL
50135,131438,1396560851,1,NULL,NULL
50138,128896,1396520012,1,NULL,NULL
50138,120623,1396520012,0,NULL,NULL
50139,131674,1396517296,1,NULL,NULL
50139,123608,1396517296,1,NULL,NULL
50139,130643,1396517296,1,NULL,NULL
50142,130040,1396382035,0,NULL,NULL
50142,127810,1396382035,0,NULL,NULL
50142,124635,1396382035,1,NULL,NULL
50142,129129,1396382035,0,NULL,NULL
50142,128929,1396382035,-1,NULL,NULL
50143,120921,1396318273,1,NULL,NULL
50143,129007,1396373133,-1,NULL,NULL
50145,126605,1396347160,0,NULL,NULL
50146,127789,1396317181,1,NULL,NULL
50146,121064,1396317181,0,NULL,NULL
50148,123281,1396113536,1,NULL,NULL
50148,120467,1396113536,0,NULL,NULL
50148,120369,1396113536,1,NULL,NULL
50148,126803,1396113536,0,NULL,NULL
50148,131738,1396113536,1,NULL,NULL
50151,128556,1396064410,0,NULL,NULL
50151,126639,1396064410,0,NULL,NULL
50151,129857,1396064410,0,NULL,NULL
50151,127911,1396064410,0,NULL,NULL
50154,127846,1396028310,0,NULL,NULL
50154,130335,1396028310,0,NULL,NULL
50154,130402,1396028310,0,NULL,NULL
50155,128029,1396026534,0,NULL,NULL
50155,131191,1396026534,0,NULL,NULL
50159,125889,1395956696,0,NULL,NULL
50163,129016,1395878710,0,NULL,NULL
50164,123679,1395875709,1,NULL,NULL
50165,125365,1395854496,-1,NULL,NULL
50165,120117,1395854496,1,NULL,NULL
50167,123774,1395851000,1,NULL,NULL
50167,127534,1395851000,1,NULL,NULL
50169,131233,1395781432,0,NULL,NULL
50170,127935,1395776092,1,NULL,NULL
50170,131583,1395776092,1,NULL,NULL
50170,129291,1395776092,0,NULL,NULL
50170,120380,1395776092,-1,NULL,NULL
50170,127196,1395776092,0,NULL,NULL
50177,128299,1395686835,0,NULL,NULL
50180,120639,1395350165,1,NULL,NULL
50180,129818,1395350165,-1,NULL,NULL
50180,129305,1395350165,-1,NULL,NULL
50180,127180,1395350165,0,NULL,NULL
50180,129120,1395350165,0,NULL,NULL
50181,131121,1395344776,0,NULL,NULL
50188,120138,1395095845,0,NULL,NULL
50191,129937,1395072888,1,NULL,NULL
50193,129191,1389669543,0,NULL,NULL
50193,129908,1394925866,1,NULL,NULL
50193,128889,1394925866,0,NULL,NULL
50193,131035,1394925866,1,NULL,NULL
50193,130641,1389669543,1,NULL,NULL
50195,131240,1394905911,0,NULL,NULL
50195,120609,1394905911,0,NULL,NULL
50196,131657,1394857339,0,NULL,NULL
50196,128160,1394857339,0,NULL,NULL
50196,123570,1394857339,0,NULL,NULL
50196,131238,1394857339,0,NULL,NULL
50196,126681,1394857339,0,0.0,0.0
50197,131305,1394822811,1,NULL,NULL
50197,125670,1394822811,1,NULL,NULL
50197,126774,1394856258,0,NULL,NULL
50202,123258,1394824604,1,NULL,NULL
50206,131520,1394766392,1,NULL,NULL
50206,126823,1394766392,-1,NULL,NULL
50210,127731,1394748712,1,NULL,NULL
50210,120780,1394748712,0,NULL,NULL
50211,126616,1394741040,0,NULL,NULL
50211,127915,1394741040,0,NULL,NULL
50211,123496,1394741040,-1,NULL,NULL
50211,121485,1394741040,1,NULL,NULL
50214,126344,1394660035,1,NULL,NULL
50216,131766,1394639817,1,NULL,NULL
50216,124688,1394639817,1,NULL,NULL
50216,130038,1394639817,0,NULL,NULL
50216,128967,1394639817,1,NULL,NULL
50216,131494,1394639817,0,NULL,NULL
50217,125131,1394633784,0,NULL,NULL
50217,131715,1394633784,1,NULL,NULL
50225,128990,1394311292,1,NULL,NULL
50226,125322,1394304535,1,NULL,NULL
50226,126543,1394304535,-1,NULL,NULL
50226,122338,1394304535,1,NULL,NULL
50227,121260,1394301870,0,NULL,NULL
50228,120526,1394254897,0,NULL,NULL
50232,128847,1394207461,0,NULL,NULL
50233,131325,1394142619,0,NULL,NULL
50233,128786,1394142619,0,NULL,NULL
50237,128132,1394127333,1,NULL,NULL
50237,120993,1394127333,1,NULL,NULL
50237,121592,1394127333,0,NULL,NULL
50239,128907,1394085064,0,NULL,NULL
50239,131653,1394085064,1,NULL,NULL
50239,131566,1394085064,-1,NULL,NULL
50240,120769,1394084571,1,0.0,0.0
50241,128473,1394070152,1,NULL,NULL
50243,123137,1394068174,1,NULL,NULL
50249,129653,1393943637,0,NULL,NULL
50249,121884,1393943637,0,NULL,NULL
50252,129922,1393923962,0,NULL,NULL
50252,125447,1393923962,0,NULL,NULL
50254,131338,1393922715,1,NULL,NULL
50259,123501,1393634694,1,NULL,NULL
50261,127025,1393578838,0,NULL,NULL
50266,127878,1393453460,0,NULL,NULL
50266,120474,1393453460,1,NULL,NULL
50266,123625,1393453460,1,NULL,NULL
50266,127744,1393453460,0,NULL,NULL
50266,128343,1393453460,0,NULL,NULL
50270,125434,1393345737,0,NULL,NULL
50270,120253,1393345737,0,NULL,NULL
50270,120036,1393345737,0,NULL,NULL
50270,120409,1393345737,1,NULL,NULL
50270,126062,1393345737,1,NULL,NULL
50272,123241,1393382671,1,NULL,NULL
50272,128227,1393382671,1,NULL,NULL
50275,129968,1393309870,1,NULL,NULL
50276,126107,1393293481,1,NULL,NULL
50276,125090,1393293481,1,NULL,NULL
50277,120437,1393291851,0,NULL,NULL
50278,129250,1393289936,0,NULL,NULL
50280,130988,1393261803,1,NULL,NULL
50280,128946,1393261803,1,NULL,NULL
50283,131619,1393029152,0,NULL,NULL
50289,126638,1392980207,0,NULL,NULL
50289,121712,1392980207,1,NULL,NULL
50289,130035,1392980207,-1,NULL,NULL
50289,127878,1392980207,1,NULL,NULL
50289,127395,1392980207,1,NULL,NULL
50291,127090,1392952786,0,NULL,NULL
50296,129078,1392908305,0,NULL,NULL
50299,129902,1392815596,0,NULL,NULL
50299,121533,1392815596,1,NULL,NULL
50299,120226,1392815596,-1,NULL,NULL
50312,129296,1392344476,0,NULL,NULL
50312,120617,1392344476,0,NULL,NULL
50314,123228,1392299498,-1,NULL,NULL
50314,129285,1392299498,-1,NULL,NULL
50314,120763,1392299498,-1,NULL,NULL
50314,124941,1392299498,-1,NULL,NULL
50315,126762,1392282553,0,NULL,NULL
50318,128649,1392234147,1,NULL,NULL
50318,128977,1392234147,1,NULL,NULL
50318,128971,1392234147,1,NULL,NULL
50320,121241,1392170790,0,NULL,NULL
50323,121442,1392091122,-1,NULL,NULL
50323,125120,1392091122,1,NULL,NULL
50327,128070,1392009597,0,NULL,NULL
50327,123821,1392009597,0,NULL,NULL
50328,129163,1392005794,0,NULL,NULL
50328,125415,1392005794,0,NULL,NULL
50328,129942,1392005794,0,NULL,NULL
50328,126774,1392005794,0,NULL,NULL
50328,128461,1392005794,0,NULL,NULL
50330,120544,1391804862,1,NULL,NULL
50330,121492,1391804862,0,NULL,NULL
50330,121074,1391804862,0,NULL,NULL
50330,120539,1391804862,1,NULL,NULL
50330,128941,1391804862,1,NULL,NULL
50334,128138,1391620113,0,NULL,NULL
50334,126757,1391620113,1,NULL,NULL
50334,123384,1391649162,0,NULL,NULL
50334,126926,1391620113,0,NULL,NULL
50334,131564,1391620113,0,NULL,NULL
50335,127720,1391644564,0,NULL,NULL
50335,125416,1391644564,0,NULL,NULL
50339,127342,1391623209,0,NULL,NULL
50339,127755,1391623209,0,NULL,NULL
50339,126137,1391623209,0,NULL,NULL
50339,123480,1391623209,-1,NULL,NULL
50339,121223,1391624569,0,NULL,NULL
50342,125300,1391541524,1,NULL,NULL
50346,127136,1391508361,-1,NULL,NULL
50351,131152,1391332581,0,NULL,NULL
50351,131482,1391332581,0,NULL,NULL
50351,126740,1391332581,0,NULL,NULL
50354,126551,1391051406,1,NULL,NULL
50354,124369,1391051406,0,NULL,NULL
50354,129236,1391051406,1,NULL,NULL
50356,125548,1391027643,0,NULL,NULL
50360,126898,1390990086,0,NULL,NULL
50361,125300,1390975576,0,NULL,NULL
50364,123190,1390952550,1,NULL,NULL
50366,131355,1390840001,0,NULL,NULL
50368,123856,1390711299,0,NULL,NULL
50368,120300,1390711299,0,NULL,NULL
50368,131078,1390711299,0,NULL,NULL
50368,126942,1390711299,1,NULL,NULL
50368,121318,1390711299,0,NULL,NULL
50370,131498,1390606842,0,NULL,NULL
50370,120414,1390606842,1,NULL,NULL
50370,121407,1390606842,-1,NULL,NULL
50372,120566,1390509563,0,NULL,NULL
50372,129221,1390541241,0,NULL,NULL
50376,126733,1390438445,0,NULL,NULL
50379,128407,1390411689,-1,NULL,NULL
50383,123419,1390354969,1,NULL,NULL
50383,130957,1390354969,1,0.0,0.0
50383,120191,1390354969,0,NULL,NULL
50383,131491,1390354969,1,NULL,NULL
50383,123456,1390354969,1,NULL,NULL
50387,123756,1390262015,1,NULL,NULL
50387,123550,1390262015,-1,0.0,0.0
50390,123792,1390157563,1,NULL,NULL
50390,121650,1390157563,0,NULL,NULL
50392,124690,1390002431,0,NULL,NULL
50396,123654,1389925860,1,NULL,NULL
50396,127939,1389925860,1,NULL,NULL
50396,129127,1389925860,1,NULL,NULL
50396,128658,1389925860,0,NULL,NULL
50396,125068,1389925860,1,NULL,NULL
50399,131520,1389917000,-1,NULL,NULL
50399,128514,1389917000,0,NULL,NULL
50400,121785,1389912271,0,NULL,NULL
50401,127571,1389896731,1,NULL,NULL
50401,131407,1389896731,0,NULL,NULL
50401,120028,1389896731,0,NULL,NULL
50401,125359,1389896731,0,NULL,NULL
50401,129305,1389896731,-1,NULL,NULL
50403,123995,1389765431,0,NULL,NULL
50404,129097,1389751821,0,NULL,NULL
50406,127301,1389723412,1,NULL,NULL
50407,124414,1389706014,0,NULL,NULL
50407,120513,1389706014,0,NULL,NULL
50411,120668,1389649867,1,NULL,NULL
50418,131472,1389379499,0,NULL,NULL
50419,123583,1389293452,0,NULL,NULL
50420,128342,1389285926,0,NULL,NULL
50420,120120,1389285926,-1,NULL,NULL
50420,130757,1389285926,1,NULL,NULL
50420,120043,1389285926,0,NULL,NULL
50420,130819,1389285926,0,NULL,NULL
50423,125556,1389236315,1,NULL,NULL
50423,127107,1389236315,1,NULL,NULL
50431,129267,1388790524,0,NULL,NULL
50431,131387,1388790524,1,NULL,NULL
50431,120087,1388790524,0,NULL,NULL
50431,131479,1388790524,0,NULL,NULL
50434,120412,1388725562,-1,NULL,NULL
50438,129968,1388453677,0,NULL,NULL
50438,129025,1388453677,0,NULL,NULL
50438,131503,1388458742,0,NULL,NULL
50438,128528,1388458742,0,NULL,NULL
50441,129950,1388205602,0,NULL,NULL
50441,127437,1388205602,0,NULL,NULL
50441,127548,1388205602,0,NULL,NULL
50441,123623,1388205602,0,NULL,NULL
50441,123567,1388205602,0,NULL,NULL
50446,121596,1387916354,1,NULL,NULL
50446,129471,1387916354,-1,NULL,NULL
50446,128286,1387916354,1,NULL,NULL
50448,128318,1387908199,0,NULL,NULL
50448,129932,1387908199,1,NULL,NULL
50448,128783,1387908199,0,NULL,NULL
50449,126944,1387897977,1,NULL,NULL
50450,123107,1387782183,0,NULL,NULL
50450,128441,1387782183,0,NULL,NULL
50450,126698,1387782183,0,NULL,NULL
50450,131344,1387782183,0,NULL,NULL
50456,126697,1387578061,0,NULL,NULL
50456,128634,1387578061,0,NULL,NULL
50456,131516,1387578061,0,NULL,NULL
50456,123560,1387578061,1,NULL,NULL
50456,129123,1387578061,1,NULL,NULL
50457,128791,1387567313,1,NULL,NULL
50458,127981,1387560295,1,NULL,NULL
50460,123112,1387556214,1,NULL,NULL
50460,128052,1387556214,-1,NULL,NULL
50462,120735,1387495676,0,NULL,NULL
50462,124998,1387495676,0,NULL,NULL
50462,120757,1387495676,0,NULL,NULL
50462,120370,1387495676,0,0.0,0.0
50462,131209,1387495676,0,NULL,NULL
50463,121187,1387476315,1,NULL,NULL
50463,120381,1387476315,-1,NULL,NULL
50466,120303,1387429736,0,NULL,NULL
50467,123025,1387408344,0,NULL,NULL
50469,120109,1387385718,1,NULL,NULL
50469,123472,1387385718,-1,NULL,NULL
50472,130779,1387330529,0,NULL,NULL
50472,120119,1387330529,0,NULL,NULL
50472,122885,1387330529,0,NULL,NULL
50472,127678,1387330529,-1,NULL,NULL
50472,122338,1387330529,0,NULL,NULL
50473,127245,1387330161,0,NULL,NULL
50474,130640,1387328131,0,NULL,NULL
50477,126649,1387275113,0,NULL,NULL
50479,125505,1387254959,0,NULL,NULL
50479,120372,1387254959,0,NULL,NULL
50479,130817,1387254959,1,NULL,NULL
50479,121048,1387254959,1,NULL,NULL
50479,129296,1387254959,1,NULL,NULL
50482,123150,1387237166,0,NULL,NULL
50486,120532,1386990071,0,NULL,NULL
50489,123732,1386908596,1,NULL,NULL
50489,123146,1386908596,0,NULL,NULL
50491,123731,1386888683,0,NULL,NULL
50495,120778,1386800400,0,NULL,NULL
50495,121603,1386800400,0,NULL,NULL
50495,120524,1386800400,0,NULL,NULL
50495,123304,1386800400,0,NULL,NULL
50495,124435,1386800400,0,NULL,NULL
50496,125959,1386787513,0,NULL,NULL
50498,127679,1386745420,1,NULL,NULL
50498,120756,1386745420,1,NULL,NULL
50498,128815,1386745420,0,NULL,NULL
50498,121441,1386745420,0,NULL,NULL
50498,123196,1386745420,0,NULL,NULL
50499,131458,1386701637,0,NULL,NULL
50499,131234,1386716325,0,NULL,NULL
50502,120157,1386700892,0,NULL,NULL
50503,127548,1386699875,1,NULL,NULL
50504,128420,1386696192,0,NULL,NULL
50505,123489,1386675817,0,NULL,NULL
50505,128128,1386675817,0,NULL,NULL
50505,129170,1386675817,1,NULL,NULL
50505,126097,1386675817,0,NULL,NULL
50505,131397,1386675817,1,NULL,NULL
50506,128402,1386640528,0,NULL,NULL
50507,127483,1386636939,-1,NULL,NULL
50517,120333,1386360445,0,NULL,NULL
50517,127070,1386360445,-1,NULL,NULL
50518,120887,1386224190,1,NULL,NULL
50518,123197,1386224190,0,NULL,NULL
50518,125743,1386267642,0,NULL,NULL
50527,121866,1385982569,1,NULL,NULL
50530,127480,1385955959,1,NULL,NULL
50530,131228,1385955959,0,NULL,NULL
50534,127968,1385657352,0,NULL,NULL
50534,125346,1385657352,-1,NULL,NULL
50534,131532,1385661147,0,NULL,NULL
50534,130895,1385661147,0,NULL,NULL
50536,124433,1385596643,0,NULL,NULL
50536,131353,1385596643,0,0.0,0.0
50536,126865,1385596643,0,NULL,NULL
50536,123466,1385596643,0,NULL,NULL
50536,130981,1385596643,0,NULL,NULL
50537,120450,1385508811,1,NULL,NULL
50537,120744,1385508811,1,NULL,NULL
50537,128119,1385508811,-1,NULL,NULL
50537,131351,1385508811,-1,NULL,NULL
50537,120199,1385508811,1,NULL,NULL
50541,121424,1385505233,0,NULL,NULL
50546,128991,1385500015,1,NULL,NULL
50554,130033,1385385651,0,NULL,NULL
50554,125371,1385385651,-1,NULL,NULL
50554,121251,1385385651,0,NULL,NULL
50554,129136,1385385651,0,NULL,NULL
50554,128495,1385385651,0,NULL,NULL
50555,125491,1385385173,0,NULL,NULL
50558,131061,1385320914,0,NULL,NULL
50558,120492,1385320914,0,NULL,NULL
50558,126614,1385320914,0,NULL,NULL
50558,128662,1385320914,1,NULL,NULL
50558,128425,1385320914,1,NULL,NULL
50564,129102,1384977745,0,NULL,NULL
50564,128695,1384977745,0,NULL,NULL
50564,131164,1384977745,0,NULL,NULL
50564,121365,1384977745,1,NULL,NULL
50564,120764,1384977745,0,0.0,0.0
50567,120585,1384916031,0,NULL,NULL
50567,126540,1384916031,1,NULL,NULL
50569,128291,1384906149,1,NULL,NULL
50569,130735,1384906149,0,NULL,NULL
50569,128037,1384906149,0,NULL,NULL
50571,131291,1384881032,0,NULL,NULL
50571,127226,1384881032,0,NULL,NULL
50572,123261,1384875575,0,NULL,NULL
50572,131501,1384875575,1,NULL,NULL
50572,123146,1384875575,1,NULL,NULL
50572,127819,1384875575,0,NULL,NULL
50572,120099,1384875575,1,NULL,NULL
50575,128853,1384839587,1,NULL,NULL
50575,128910,1384839587,1,NULL,NULL
50575,121329,1384839587,0,NULL,NULL
50575,123184,1384839587,0,NULL,NULL
50575,130832,1384839587,0,NULL,NULL
50577,120044,1384834466,0,NULL,NULL
50577,131244,1384834466,-1,NULL,NULL
50577,123386,1384613644,1,NULL,NULL
50577,130990,1384613644,-1,NULL,NULL
50577,123070,1384834466,-1,NULL,NULL
50581,127904,1384787283,1,NULL,NULL
50582,121587,1384786963,-1,NULL,NULL
50584,131558,1384682956,-1,NULL,NULL
50586,131596,1384587651,0,NULL,NULL
50586,131116,1384587651,0,NULL,NULL
50587,123153,1384573517,1,NULL,NULL
50592,125195,1384427780,0,NULL,NULL
50592,125701,1384427780,0,NULL,NULL
50592,131593,1384427780,-1,NULL,NULL
50592,121557,1384427780,0,NULL,NULL
50593,126531,1384405289,1,NULL,NULL
50594,125414,1384403853,0,NULL,NULL
50594,131575,1384403853,-1,NULL,NULL
50600,126111,1384366134,1,NULL,NULL
50600,120921,1384366134,1,NULL,NULL
50602,123708,1384300817,0,NULL,NULL
50602,128354,1384300817,0,NULL,NULL
50602,126699,1384300817,0,NULL,NULL
50602,128393,1384300817,0,NULL,NULL
50602,120421,1384300817,0,NULL,NULL
50606,127856,1384282977,1,NULL,NULL
50607,130038,1384270978,1,NULL,NULL
50607,123502,1384270978,0,NULL,NULL
50608,131488,1384232130,0,NULL,NULL
50609,127392,1384226071,1,NULL,NULL
50609,129214,1384226071,0,NULL,NULL
50610,131260,1384224279,1,NULL,NULL
50610,127248,1384224279,0,NULL,NULL
50610,126571,1384224279,1,NULL,NULL
50611,128379,1384218762,1,NULL,NULL
50612,131117,1384213237,1,NULL,NULL
50612,125799,1384213237,1,NULL,NULL
50613,126948,1384189684,0,NULL,NULL
50613,126023,1384189684,0,NULL,NULL
50613,121046,1384189684,0,NULL,NULL
50613,131311,1384189684,-1,NULL,NULL
50613,131161,1384189684,0,NULL,NULL
50616,125432,1383952671,-1,NULL,NULL
50616,128036,1383952671,0,NULL,NULL
50616,128296,1383952671,0,NULL,NULL
50616,126620,1383952671,0,NULL,NULL
50616,130026,1383952671,0,NULL,NULL
50620,126588,1383851425,1,NULL,NULL
50625,123542,1383707518,1,NULL,NULL
50625,125660,1383707518,1,NULL,NULL
50625,120529,1383707518,1,NULL,NULL
50625,123366,1383707518,0,NULL,NULL
50625,123528,1383707518,0,NULL,NULL
50630,131691,1383584377,-1,NULL,NULL
50631,123042,1383456694,-1,NULL,NULL
50631,129149,1383456694,-1,NULL,NULL
50633,131554,1383325837,0,NULL,NULL
50633,123495,1383325837,1,NULL,NULL
50633,120142,1383325837,1,NULL,NULL
50633,120143,1383325837,0,NULL,NULL
50633,128794,1383325837,1,NULL,NULL
50635,120461,1383260394,0,NULL,NULL
50635,129885,1383260394,0,NULL,NULL
50635,123676,1383260394,0,NULL,NULL
50635,130924,1383260394,0,NULL,NULL
50635,126549,1383260394,0,NULL,NULL
50641,128890,1383215370,1,NULL,NULL
50641,131241,1383215370,-1,NULL,NULL
50641,127689,1383215370,1,NULL,NULL
50646,120709,1383091372,1,NULL,NULL
50646,126823,1383091372,1,NULL,NULL
50646,128709,1383091372,0,NULL,NULL
50646,131134,1383091372,1,NULL,NULL
50646,127167,1383092429,0,NULL,NULL
50647,131340,1383084225,0,0.0,0.0
50647,128037,1383084225,0,NULL,NULL
50647,124388,1383084225,1,NULL,NULL
50647,125059,1383084225,0,NULL,NULL
50647,126956,1383084225,0,NULL,NULL
50648,125189,1383007222,0,NULL,NULL
50648,126019,1383007222,0,NULL,NULL
50648,131764,1383007222,1,NULL,NULL
50648,123788,1383007222,1,NULL,NULL
50648,123261,1383078468,0,NULL,NULL
50650,126965,1383015049,1,NULL,NULL
50651,120083,1383007342,1,NULL,NULL
50651,129928,1383007342,0,NULL,NULL
50652,126821,1383007050,0,NULL,NULL
50652,127497,1383007050,-1,NULL,NULL
50652,123487,1383007050,0,NULL,NULL
50652,130341,1383007050,-1,NULL,NULL
50652,126981,1383007050,0,NULL,NULL
50658,121481,1382731370,1,NULL,NULL
50662,120631,1382711589,1,NULL,NULL
50665,127068,1382639202,0,NULL,NULL
50667,125434,1382577270,1,NULL,NULL
50667,120137,1382577270,0,NULL,NULL
50668,127941,1382567220,0,NULL,NULL
50668,126944,1382567220,1,NULL,NULL
50668,126798,1382567220,0,NULL,NULL
50668,126350,1382567220,1,NULL,NULL
50668,131570,1382567220,0,NULL,NULL
50669,127343,1382566722,0,NULL,NULL
50669,129729,1382566722,0,NULL,NULL
50670,130680,1382561378,0,NULL,NULL
50672,128779,1382553718,0,NULL,NULL
50680,130458,1382124858,0,NULL,NULL
50680,123225,1382124858,1,0.0,0.0
50686,126760,1381918265,0,NULL,NULL
50687,129227,1381916971,-1,NULL,NULL
50692,125104,1381856587,1,NULL,NULL
50694,121575,1379452912,1,NULL,NULL
50694,123114,1381783740,-1,NULL,NULL
50695,130049,1381781105,1,NULL,NULL
50698,124500,1381527974,1,NULL,NULL
50698,126022,1381527974,-1,NULL,NULL
50698,124630,1381527974,1,NULL,NULL
50698,131405,1381527974,0,NULL,NULL
50698,120763,1381527974,0,NULL,NULL
50706,128907,1381317663,0,NULL,NULL
50706,123626,1381317663,0,NULL,NULL
50706,124726,1381317663,0,NULL,NULL
50706,125018,1381317663,0,NULL,NULL
50706,125873,1381317663,0,NULL,NULL
50714,123450,1380831118,1,NULL,NULL
50714,121465,1380831118,0,NULL,NULL
50714,130850,1380831118,0,NULL,NULL
50714,128512,1380831118,1,NULL,NULL
50715,125398,1380829629,1,NULL,NULL
50715,123281,1380829629,-1,NULL,NULL
50715,121616,1380829629,0,NULL,NULL
50715,121663,1380829629,0,NULL,NULL
50715,130637,1380829629,1,0.0,0.0
50717,120644,1380790261,1,NULL,NULL
50719,120872,1380734819,0,NULL,NULL
50719,128403,1380734819,0,NULL,NULL
50719,121399,1380734819,0,NULL,NULL
50719,120747,1380734819,0,NULL,NULL
50719,130945,1380734819,1,NULL,NULL
50721,131564,1380734507,1,NULL,NULL
50721,128099,1380734507,1,NULL,NULL
50723,126342,1380701316,1,NULL,NULL
50723,120447,1380701316,1,NULL,NULL
50724,127314,1380699927,0,NULL,NULL
50725,123092,1380664921,0,NULL,NULL
50725,130647,1380664921,1,NULL,NULL
50725,123752,1380664921,0,NULL,NULL
50725,128529,1380664921,1,NULL,NULL
50725,120740,1380664921,1,NULL,NULL
50726,131112,1380650684,0,NULL,NULL
50729,127133,1380567958,1,NULL,NULL
50729,130890,1380567958,0,NULL,NULL
50729,126520,1380567958,0,NULL,NULL
50729,124417,1380567958,1,NULL,NULL
50729,120143,1380567958,0,NULL,NULL
50731,130717,1380546339,0,NULL,NULL
50731,130805,1380546339,0,NULL,NULL
50731,131140,1380546339,0,NULL,NULL
50734,128271,1380314337,1,NULL,NULL
50735,123798,1380306418,1,NULL,NULL
50735,120725,1380306418,-1,NULL,NULL
50735,128100,1380306418,-1,NULL,NULL
50736,128057,1380303107,1,NULL,NULL
50736,128475,1380303107,1,NULL,NULL
50736,121608,1380303107,-1,NULL,NULL
50738,129816,1380240243,1,0.0,0.0
50738,131353,1380240243,0,0.0,0.0
50739,131646,1380236119,1,NULL,NULL
50740,120611,1379814020,0,NULL,NULL
50740,121070,1379965886,0,NULL,NULL
50740,131170,1380139729,1,NULL,NULL
50740,123941,1380223233,-1,NULL,NULL
50741,127245,1380216950,0,NULL,NULL
50741,120301,1380216950,0,NULL,NULL
50742,123011,1380207040,0,NULL,NULL
50743,126742,1380196730,0,NULL,NULL
50747,131394,1380145265,0,NULL,NULL
50747,130694,1380145265,0,NULL,NULL
50747,123814,1380145265,0,NULL,NULL
50747,126929,1380145265,0,NULL,NULL
50747,120895,1380145265,1,NULL,NULL
50750,123682,1380061568,1,NULL,NULL
50750,123362,1380061568,0,NULL,NULL
50754,130011,1379975035,0,NULL,NULL
50759,123765,1379952330,0,NULL,NULL
50759,124692,1379952330,0,NULL,NULL
50761,128443,1379852528,0,NULL,NULL
50761,127660,1379852528,0,NULL,NULL
50762,128014,1379720017,0,NULL,NULL
50762,120343,1379720017,0,NULL,NULL
50762,123537,1379720017,0,NULL,NULL
50764,125370,1379709862,-1,NULL,NULL
50765,124500,1379696979,0,NULL,NULL
50765,131393,1379696979,0,NULL,NULL
50765,130628,1379696979,0,NULL,NULL
50765,123459,1379696979,0,NULL,NULL
50765,121391,1379696979,0,NULL,NULL
50766,125946,1379683337,1,NULL,NULL
50767,121709,1379682174,-1,NULL,NULL
50770,131978,1379648839,0,NULL,NULL
50770,131719,1379648839,1,NULL,NULL
50770,128825,1379648839,0,NULL,NULL
50770,124633,1379648839,1,NULL,NULL
50770,120429,1379648839,-1,NULL,NULL
50775,131189,1379543232,-1,NULL,NULL
50775,123090,1379543232,1,NULL,NULL
50775,125659,1379543232,1,NULL,NULL
50775,124404,1379543232,0,NULL,NULL
50778,127474,1379512430,-1,NULL,NULL
50780,131098,1379480939,1,NULL,NULL
50780,121072,1379480939,0,NULL,NULL
50787,129362,1379397785,0,NULL,NULL
50787,127884,1379397785,0,NULL,NULL
50787,123417,1379397785,0,NULL,NULL
50787,131917,1379399685,0,NULL,NULL
50789,120246,1379388891,-1,NULL,NULL
50789,120561,1379388891,1,NULL,NULL
50792,121320,1379376536,0,NULL,NULL
50797,128942,1379366554,-1,NULL,NULL
50798,123486,1379365535,-1,NULL,NULL
50798,120475,1379365535,0,NULL,NULL
50798,127103,1379365535,0,NULL,NULL
50801,123169,1379308707,0,NULL,NULL
50801,121840,1379308707,0,NULL,NULL
50801,129993,1379308707,0,NULL,NULL
50801,125914,1379308707,0,NULL,NULL
50801,125077,1379308707,0,NULL,NULL
50802,126345,1379295672,-1,NULL,NULL
50802,131432,1379295672,0,1.0,1.0
50802,121349,1379295672,1,NULL,NULL
50802,127566,1379295672,-1,NULL,NULL
50802,121244,1379295672,-1,NULL,NULL
50804,120460,1379225602,0,NULL,NULL
50804,131432,1379225602,1,1.0,1.0
50804,120692,1379225602,0,NULL,NULL
50805,127292,1379223198,0,NULL,NULL
50805,120409,1379223198,0,NULL,NULL
50806,131221,1379211826,0,NULL,NULL
50806,122874,1379211826,0,NULL,NULL
50806,130131,1379211826,-1,NULL,NULL
50806,123027,1379211826,0,NULL,NULL
50806,130946,1379211826,0,NULL,NULL
50808,131921,1379114100,0,NULL,NULL
50808,130410,1379114100,0,NULL,NULL
50808,125070,1379114100,0,NULL,NULL
50808,129281,1379114100,0,NULL,NULL
50808,126103,1379114100,0,NULL,NULL
50809,125092,1379109892,0,NULL,NULL
50810,129222,1379107122,0,NULL,NULL
50810,131043,1379107122,0,NULL,NULL
50810,128620,1379107122,0,NULL,NULL
50810,123791,1379107122,0,NULL,NULL
50810,130635,1379107122,0,NULL,NULL
50812,127393,1379104138,0,NULL,NULL
50812,123860,1379104138,1,NULL,NULL
50812,126521,1379104138,0,NULL,NULL
50812,131390,1379104138,0,NULL,NULL
50812,127473,1379104138,1,NULL,NULL
50815,131140,1379082560,0,NULL,NULL
50815,130003,1379082560,0,NULL,NULL
50816,128136,1379068513,-1,NULL,NULL
50817,120457,1379017210,0,NULL,NULL
50817,129121,1379017210,0,NULL,NULL
50818,120894,1379013992,0,NULL,NULL
50819,125308,1379010941,0,NULL,NULL
50819,128137,1379010941,0,NULL,NULL
50819,129957,1379010941,0,NULL,NULL
50819,130972,1379010941,0,NULL,NULL
50819,125032,1379010941,0,NULL,NULL
50821,120547,1378995587,0,NULL,NULL
50821,125921,1378995587,1,NULL,NULL
50822,124434,1378938137,-1,NULL,NULL
50822,126854,1378938137,0,NULL,NULL
50822,124487,1378938137,1,NULL,NULL
50825,121678,1378921423,-1,NULL,NULL
50826,131982,1378913213,0,NULL,NULL
50830,131472,1378845547,0,NULL,NULL
50830,128936,1378845547,0,NULL,NULL
50830,123632,1378845547,0,NULL,NULL
50830,125079,1378845547,0,NULL,NULL
50830,123220,1378845547,0,NULL,NULL
50831,120157,1378837352,1,NULL,NULL
50833,131126,1378824237,1,NULL,NULL
50835,123368,1378768873,0,NULL,NULL
50835,131104,1378768873,0,NULL,NULL
50835,120189,1378768873,0,NULL,NULL
50835,121408,1378768873,0,NULL,NULL
50835,121485,1378768873,0,NULL,NULL
50837,131010,1378758315,0,NULL,NULL
50837,124671,1378758315,1,NULL,NULL
50838,124436,1378757169,0,NULL,NULL
50842,123569,1378503300,0,NULL,NULL
50844,120992,1378495854,1,NULL,NULL
50847,123241,1378427388,0,NULL,NULL
50847,128832,1378427388,0,NULL,NULL
50847,127016,1378427388,0,NULL,NULL
50847,121193,1378427388,0,NULL,NULL
50847,127055,1378427388,0,NULL,NULL
50848,120281,1378421808,0,NULL,NULL
50849,129122,1378421093,-1,NULL,NULL
50850,120078,1378419176,1,NULL,NULL
50852,123824,1378415147,0,NULL,NULL
50854,125344,1378397177,0,NULL,NULL
50855,126559,1378341897,1,NULL,NULL
50858,125637,1378319734,0,NULL,NULL
50859,121548,1378314793,0,NULL,NULL
50860,126692,1378310644,1,NULL,NULL
50860,131488,1378310644,0,NULL,NULL
50860,130727,1378310644,0,NULL,NULL
50860,124436,1378310644,0,NULL,NULL
50862,128846,1378265110,0,NULL,NULL
50863,121396,1378230908,1,NULL,NULL
50865,126941,1377948992,-1,NULL,NULL
50866,120243,1377894707,-1,NULL,NULL
50866,126998,1377894707,0,NULL,NULL
50866,123623,1377894707,0,NULL,NULL
50866,129806,1377894707,1,NULL,NULL
50866,124753,1377894707,1,NULL,NULL
50867,121281,1377886247,0,NULL,NULL
50868,128911,1377886055,1,NULL,NULL
50869,126663,1377883850,1,NULL,NULL
50869,125399,1377883850,0,NULL,NULL
50869,120160,1377883850,-1,NULL,NULL
50869,125701,1377883850,0,NULL,NULL
50869,120273,1377883850,0,NULL,NULL
50871,123225,1377879097,0,0.0,0.0
50873,128797,1377811245,1,NULL,NULL
50874,131712,1377809104,0,NULL,NULL
50874,126516,1377809104,0,NULL,NULL
50874,126546,1377809104,0,NULL,NULL
50874,123481,1377809104,0,NULL,NULL
50874,127062,1377809104,0,NULL,NULL
50876,127366,1377793687,-1,NULL,NULL
50876,126739,1377793687,-1,NULL,NULL
50876,129951,1377793687,0,NULL,NULL
50876,120577,1377793687,1,NULL,NULL
50876,131763,1377793687,0,NULL,NULL
50877,120455,1377751274,0,NULL,NULL
50877,126908,1377751343,0,NULL,NULL
50877,123539,1377751365,0,NULL,NULL
50879,125638,1377736588,1,NULL,NULL
50879,120097,1377736588,0,NULL,NULL
50879,129194,1377736588,0,NULL,NULL
50881,120366,1377730752,0,NULL,NULL
50881,124369,1377730752,0,NULL,NULL
50881,131641,1377730752,1,NULL,NULL
50881,129244,1377730752,1,NULL,NULL
50883,131192,1377726623,0,NULL,NULL
50883,126873,1377726623,0,NULL,NULL
50883,123394,1377726623,0,NULL,NULL
50887,127399,1377717414,1,NULL,NULL
50888,128684,1377717387,0,NULL,NULL
50892,129077,1377637229,0,NULL,NULL
50898,120602,1377544882,0,NULL,NULL
50900,120460,1377323697,0,NULL,NULL
50902,129232,1377298972,-1,NULL,NULL
50904,130312,1377289828,1,NULL,NULL
50908,120594,1377271783,0,NULL,NULL
50909,128135,1377211574,0,NULL,NULL
50909,127172,1377211574,0,NULL,NULL
50909,131277,1377211574,0,NULL,NULL
50909,131172,1377211574,0,NULL,NULL
50912,120341,1377206584,0,NULL,NULL
50912,120674,1377206584,0,NULL,NULL
50912,125762,1377206584,0,NULL,NULL
50912,130932,1377206584,0,NULL,NULL
50912,123577,1377206584,0,NULL,NULL
50914,126639,1377200777,0,NULL,NULL
50914,131156,1377200777,0,NULL,NULL
50914,120236,1377200777,-1,NULL,NULL
50914,131662,1377200777,0,NULL,NULL
50914,120556,1377200777,0,NULL,NULL
50915,127248,1377184057,1,NULL,NULL
50916,123105,1377150134,0,NULL,NULL
50916,121581,1377150134,0,NULL,NULL
50916,125391,1377150134,0,NULL,NULL
50916,121389,1377150134,0,NULL,NULL
50916,120390,1377150134,1,NULL,NULL
50917,127082,1377131871,0,NULL,NULL
50919,131236,1376937533,1,NULL,NULL
50919,127776,1377110129,1,NULL,NULL
50919,121477,1375165638,-1,NULL,NULL
50919,127781,1377127188,-1,NULL,NULL
50919,128639,1374103762,1,NULL,NULL
50920,127199,1377121323,0,NULL,NULL
50920,121162,1377121323,1,NULL,NULL
50921,120353,1377116473,1,NULL,NULL
50927,130780,1377045736,1,NULL,NULL
50934,127441,1376850338,1,NULL,NULL
50941,125027,1376689395,1,NULL,NULL
50941,127884,1376689395,1,NULL,NULL
50942,125052,1376689263,0,NULL,NULL
50944,121407,1376669764,1,NULL,NULL
50945,129360,1376666456,0,NULL,NULL
50945,127386,1376666456,1,NULL,NULL
50945,130012,1376666456,-1,NULL,NULL
50945,130309,1376666456,0,NULL,NULL
50945,120653,1376666456,-1,NULL,NULL
50947,123845,1376593666,0,NULL,NULL
50951,128737,1376588946,1,NULL,NULL
50951,129004,1376588946,0,NULL,NULL
50951,128124,1376588946,1,NULL,NULL
50951,130843,1376588946,0,NULL,NULL
50951,123409,1376588946,0,NULL,NULL
50957,129913,1376527073,-1,NULL,NULL
50957,125700,1376527073,1,NULL,NULL
50963,128454,1376499645,0,NULL,NULL
50963,131657,1376499645,-1,NULL,NULL
50963,127819,1376499645,-1,NULL,NULL
50963,131434,1376499645,0,NULL,NULL
50963,131848,1376499645,0,NULL,NULL
50965,131222,1376461190,1,NULL,NULL
50965,130999,1376461190,0,NULL,NULL
50965,120334,1376461190,0,NULL,NULL
50965,120264,1376461190,1,NULL,NULL
50965,120913,1376461190,0,NULL,NULL
50966,122886,1376460620,1,NULL,NULL
50967,125493,1376433113,0,NULL,NULL
50967,123611,1376433113,1,NULL,NULL
50967,123875,1376433113,0,NULL,NULL
50967,126683,1376433113,0,NULL,NULL
50967,121539,1376433113,0,NULL,NULL
50972,126898,1376411262,1,NULL,NULL
50977,127232,1376350538,1,NULL,NULL
50977,126892,1376350538,-1,NULL,NULL
50977,127936,1376350538,1,NULL,NULL
50981,131138,1376264245,0,NULL,NULL
50986,125077,1376111524,0,NULL,NULL
50987,131685,1375596991,0,NULL,NULL
50987,128349,1375596991,1,NULL,NULL
50987,127508,1375596991,1,NULL,NULL
50987,131415,1375596991,-1,NULL,NULL
50987,120347,1375596991,1,NULL,NULL
50988,130852,1376089329,0,NULL,NULL
50990,123145,1376085708,-1,NULL,NULL
50991,131579,1376085038,0,NULL,NULL
50993,120539,1376072467,1,NULL,NULL
50993,129034,1376072467,0,NULL,NULL
50993,131557,1376072467,0,NULL,NULL
50993,128506,1376072467,0,NULL,NULL
50995,123081,1376021614,0,NULL,NULL
51000,127270,1375993638,0,NULL,NULL
51000,120166,1375993638,1,NULL,NULL
51004,120521,1375919885,1,NULL,NULL
51004,127376,1375919885,0,NULL,NULL
51004,127905,1375919885,1,NULL,NULL
51004,120884,1375919885,1,NULL,NULL
51004,130977,1375919885,0,NULL,NULL
51005,120866,1375917318,1,NULL,NULL
51006,125952,1375895533,1,NULL,NULL
51009,129009,1375816731,-1,NULL,NULL
51009,124694,1375816731,1,NULL,NULL
51010,125392,1375809544,0,NULL,NULL
51010,120996,1375809544,1,NULL,NULL
51017,127434,1375600145,0,NULL,NULL
51021,121553,1375233610,0,NULL,NULL
51021,120353,1375476547,0,NULL,NULL
51023,128636,1375474110,0,NULL,NULL
51024,123070,1375472741,1,NULL,NULL
51025,130478,1375470094,-1,NULL,NULL
51025,125500,1375470094,0,NULL,NULL
51025,129915,1375470094,0,NULL,NULL
51026,120656,1375418523,1,NULL,NULL
51028,123960,1375383343,0,NULL,NULL
51028,123584,1375383343,1,NULL,NULL
51028,126866,1375383343,0,NULL,NULL
51030,125654,1375376632,-1,NULL,NULL
51030,130312,1375376632,0,NULL,NULL
51030,128408,1375376632,1,NULL,NULL
51033,128955,1375282725,0,NULL,NULL
51033,121300,1375282725,-1,NULL,NULL
51035,123169,1375214224,0,NULL,NULL
51035,126643,1375214224,0,NULL,NULL
51035,123489,1375214224,1,NULL,NULL
51035,127731,1375218471,0,NULL,NULL
51038,127956,1375161272,0,NULL,NULL
51038,120284,1375161272,0,NULL,NULL
51038,120694,1375161272,0,NULL,NULL
51038,128309,1375161272,0,NULL,NULL
51038,128546,1375161272,0,NULL,NULL
51040,120299,1375143061,0,NULL,NULL
51040,125406,1375143061,1,NULL,NULL
51041,120213,1375142069,1,NULL,NULL
51041,129863,1375142069,1,NULL,NULL
51041,121413,1375142069,1,NULL,NULL
51041,127303,1375142069,0,NULL,NULL
51041,127474,1375142069,0,NULL,NULL
51042,127269,1375140544,1,NULL,NULL
51042,125061,1375140544,1,NULL,NULL
51042,127548,1375140544,0,NULL,NULL
51042,130899,1375140544,1,NULL,NULL
51042,131063,1375140544,1,NULL,NULL
51043,121329,1375136132,1,NULL,NULL
51045,131066,1375119243,0,NULL,NULL
51048,121610,1375062830,0,0.0,0.0
51048,125074,1375062830,1,NULL,NULL
51049,126678,1375013830,1,NULL,NULL
51051,120394,1374989690,0,NULL,NULL
51053,129073,1374965620,-1,NULL,NULL
51058,123788,1374879461,0,NULL,NULL
51059,120921,1374879043,0,NULL,NULL
51059,125537,1374879043,1,NULL,NULL
51059,131005,1374879043,1,NULL,NULL
51059,125083,1374879043,-1,NULL,NULL
51061,125351,1374782614,1,NULL,NULL
51061,127879,1374865661,0,NULL,NULL
51061,121207,1374728287,1,NULL,NULL
51061,125509,1374710141,0,NULL,NULL
51061,125933,1374710141,0,NULL,NULL
51062,127859,1374823939,1,NULL,NULL
51062,120879,1374780519,-1,NULL,NULL
51062,129922,1374773888,1,NULL,NULL
51062,120329,1374773888,1,NULL,NULL
51062,128708,1374780519,-1,NULL,NULL
51069,125191,1374549154,-1,NULL,NULL
51069,121558,1374549154,0,NULL,NULL
51070,131401,1374548872,0,NULL,NULL
51070,120387,1374548872,1,NULL,NULL
51070,121434,1373929833,1,NULL,NULL
51070,123503,1373929833,0,NULL,NULL
51070,121585,1373929833,0,NULL,NULL
51071,127136,1374532286,-1,NULL,NULL
51072,121459,1374527159,-1,NULL,NULL
51075,128696,1374524094,1,NULL,NULL
51076,130892,1374399052,0,NULL,NULL
51078,131007,1374381818,0,NULL,NULL
51079,129112,1374380768,0,NULL,NULL
51079,127399,1374380768,0,NULL,NULL
51079,120239,1374380768,0,NULL,NULL
51079,127781,1374380768,0,NULL,NULL
51079,124402,1374380768,0,NULL,NULL
51081,127287,1374331107,1,NULL,NULL
51082,131547,1374273631,0,NULL,NULL
51082,129960,1374273631,1,NULL,NULL
51083,128451,1374258240,1,NULL,NULL
51088,128233,1374184098,0,NULL,NULL
51088,126632,1374184098,1,NULL,NULL
51090,128318,1374180458,0,NULL,NULL
51090,129287,1374180458,0,NULL,NULL
51090,123007,1374180458,0,NULL,NULL
51090,123676,1374180458,0,NULL,NULL
51090,123222,1374180458,0,NULL,NULL
51091,126033,1374180155,0,NULL,NULL
51091,120109,1374180155,-1,NULL,NULL
51091,130069,1374180155,0,NULL,NULL
51091,128306,1374180155,-1,NULL,NULL
51091,120251,1374180155,-1,NULL,NULL
51093,123450,1374175086,1,NULL,NULL
51094,126009,1374175007,0,NULL,NULL
51094,126522,1374175007,0,NULL,NULL
51096,126613,1374171964,0,NULL,NULL
51096,125670,1374171964,0,NULL,NULL
51096,128057,1374171964,-1,NULL,NULL
51096,129916,1374171964,0,NULL,NULL
51096,120540,1374171964,0,NULL,NULL
51098,130812,1374170633,0,NULL,NULL
51098,131191,1374170633,0,NULL,NULL
51099,123887,1374166904,1,NULL,NULL
51105,125642,1374039402,0,NULL,NULL
51105,123285,1374099872,0,NULL,NULL
51105,121143,1374039402,0,NULL,NULL
51105,128078,1374099872,1,NULL,NULL
51105,121787,1374039402,0,NULL,NULL
51110,123960,1374039240,0,NULL,NULL
51110,121853,1374039240,0,NULL,NULL
51110,121440,1374039240,-1,NULL,NULL
51110,131546,1374039240,-1,NULL,NULL
51110,120515,1374039240,-1,NULL,NULL
51112,123817,1373932383,0,NULL,NULL
51112,129196,1373932383,0,NULL,NULL
51112,123103,1373932383,1,NULL,NULL
51113,121661,1373927140,0,NULL,NULL
51113,120154,1373927140,0,NULL,NULL
51113,129125,1373927140,0,NULL,NULL
51116,129870,1373924181,0,NULL,NULL
51117,126545,1373922227,0,NULL,NULL
51118,128837,1373921955,1,NULL,NULL
51123,120737,1373649958,0,NULL,NULL
51123,128003,1373649958,0,NULL,NULL
51123,129980,1373649958,0,NULL,NULL
51123,129000,1373654290,0,NULL,NULL
51123,125655,1373649958,0,NULL,NULL
51124,129143,1373609077,1,NULL,NULL
51124,120528,1373609077,0,NULL,NULL
51124,120729,1373609077,1,NULL,NULL
51124,124262,1373609077,1,NULL,NULL
51124,131128,1373609077,1,NULL,NULL
51126,131453,1373586168,1,NULL,NULL
51128,120656,1373571227,0,NULL,NULL
51129,126924,1373396909,1,NULL,NULL
51129,126133,1373396909,1,NULL,NULL
51129,120916,1373566737,1,NULL,NULL
51131,127089,1373533054,0,NULL,NULL
51135,128840,1373512993,0,NULL,NULL
51136,124845,1373504522,0,NULL,NULL
51136,123585,1373504522,0,NULL,NULL
51136,125074,1373504522,1,NULL,NULL
51136,128395,1373504522,1,NULL,NULL
51138,128010,1373489188,0,NULL,NULL
51147,125431,1373413554,1,NULL,NULL
51150,131531,1373394311,0,NULL,NULL
51150,121254,1373394311,1,NULL,NULL
51153,126524,1373334279,0,NULL,NULL
51153,131782,1373334279,0,NULL,NULL
51153,126764,1373334279,1,NULL,NULL
51153,131144,1373344655,0,NULL,NULL
51157,121303,1373312870,-1,NULL,NULL
51160,130972,1373295120,1,NULL,NULL
51160,121081,1373295120,0,NULL,NULL
51160,120396,1373295120,1,NULL,NULL
51160,131619,1373295120,0,NULL,NULL
51160,121882,1373295120,1,NULL,NULL
51163,127453,1372283372,0,NULL,NULL
51163,123383,1372353043,0,NULL,NULL
51163,120655,1373048217,0,NULL,NULL
51165,130301,1373009700,1,NULL,NULL
51165,120876,1373009700,-1,NULL,NULL
51170,126920,1372829081,1,NULL,NULL
51170,120301,1372829081,1,NULL,NULL
51170,131559,1372955470,1,NULL,NULL
51171,123416,1372891897,0,NULL,NULL
51172,128509,1372891663,0,NULL,NULL
51174,120124,1372845713,1,NULL,NULL
51174,125035,1372845713,0,NULL,NULL
51174,127207,1372845713,1,NULL,NULL
51174,127578,1372845713,0,NULL,NULL
51176,127873,1372804715,0,NULL,NULL
51177,127012,1372790689,0,NULL,NULL
51177,131667,1372804383,-1,NULL,NULL
51178,128779,1372800930,1,NULL,NULL
51178,127337,1372800930,1,NULL,NULL
51178,129361,1372800930,0,NULL,NULL
51178,127254,1372800930,0,NULL,NULL
51178,120635,1372800930,0,NULL,NULL
51179,120160,1372790113,0,NULL,NULL
51179,126617,1372790113,0,NULL,NULL
51183,127557,1372694505,1,NULL,NULL
51183,128914,1372694505,0,NULL,NULL
51184,127168,1372664525,1,NULL,NULL
51184,123137,1372664525,0,NULL,NULL
51184,126120,1372664525,0,NULL,NULL
51185,125940,1372450856,0,NULL,NULL
51186,128561,1372099315,1,NULL,NULL
51186,128905,1372099315,-1,NULL,NULL
51186,127220,1372431591,0,NULL,NULL
51186,125339,1372099315,0,NULL,NULL
51186,130089,1372099315,0,NULL,NULL
51187,127924,1372309521,1,NULL,NULL
51187,130722,1372309521,1,NULL,NULL
51188,131006,1372294687,0,NULL,NULL
51193,121605,1372122491,0,NULL,NULL
51203,125938,1371776386,0,NULL,NULL
51203,121391,1371776386,-1,NULL,NULL
51207,123371,1371619706,1,NULL,NULL
51208,121256,1371617906,1,NULL,NULL
51211,127037,1371581654,0,NULL,NULL
51211,127896,1371581654,1,NULL,NULL
51211,123513,1371595120,0,NULL,NULL
51211,128281,1367286674,0,NULL,NULL
51211,127802,1367286674,-1,NULL,NULL
51217,125303,1371240189,0,NULL,NULL
51223,120555,1370909694,1,NULL,NULL
51223,127471,1370909694,0,NULL,NULL
51223,131532,1370909694,1,NULL,NULL
51228,123083,1370651371,-1,NULL,NULL
51228,131227,1370651371,1,NULL,NULL
51228,128052,1370651371,1,NULL,NULL
51228,126752,1370651371,1,NULL,NULL
51228,124266,1370651371,1,NULL,NULL
51229,127301,1370648949,0,NULL,NULL
51236,126721,1370379665,1,NULL,NULL
51236,129099,1370379665,0,NULL,NULL
51236,126946,1370379665,0,NULL,NULL
51237,129946,1370296101,1,NULL,NULL
51244,129294,1369934444,0,NULL,NULL
51244,123847,1369934444,-1,NULL,NULL
51244,129993,1369934444,0,NULL,NULL
51244,130835,1369934444,0,NULL,NULL
51244,123146,1369934444,1,NULL,NULL
51246,125168,1369878653,0,NULL,NULL
51248,131555,1369844493,0,NULL,NULL
51248,131480,1369844493,0,NULL,NULL
51251,121412,1369513904,0,NULL,NULL
51252,120347,1369502307,0,NULL,NULL
51257,126668,1369433135,0,NULL,NULL
51257,123418,1369433135,1,NULL,NULL
51257,130068,1369433135,-1,NULL,NULL
51257,131481,1369433135,1,NULL,NULL
51257,131690,1369433135,-1,NULL,NULL
51258,126159,1369430312,1,NULL,NULL
51258,125056,1369430312,0,NULL,NULL
51258,131331,1369430312,-1,NULL,NULL
51258,125420,1369430312,1,NULL,NULL
51258,121238,1369430312,1,NULL,NULL
51261,125409,1369412244,0,NULL,NULL
51262,129857,1369366509,1,NULL,NULL
51266,120647,1367013933,1,NULL,NULL
51266,130064,1367013933,1,NULL,NULL
51266,120047,1367013933,0,NULL,NULL
51266,126552,1367013933,0,NULL,NULL
51266,128349,1367013933,0,NULL,NULL
51269,121255,1369346350,0,NULL,NULL
51269,126778,1369346350,1,NULL,NULL
51269,120448,1369346350,1,NULL,NULL
51269,130128,1369346350,0,NULL,NULL
51269,127228,1369346350,0,NULL,NULL
51271,127946,1369288887,1,NULL,NULL
51271,120799,1369288887,1,NULL,NULL
51271,130267,1369288887,1,NULL,NULL
51271,131560,1369288887,0,NULL,NULL
51271,121203,1369288887,0,NULL,NULL
51273,131592,1369275390,0,NULL,NULL
51274,125664,1369266852,0,NULL,NULL
51274,127066,1365122421,1,NULL,NULL
51274,126663,1365122421,0,NULL,NULL
51274,125314,1365122421,1,NULL,NULL
51274,128057,1365122421,0,NULL,NULL
51277,127915,1369245606,1,NULL,NULL
51278,120366,1369244638,0,NULL,NULL
51278,130965,1369244638,1,NULL,NULL
51278,129859,1369244638,1,0.0,0.0
51281,127296,1369166570,0,NULL,NULL
51283,131061,1369156742,1,NULL,NULL
51283,121506,1369156742,1,NULL,NULL
51283,121536,1369156742,0,NULL,NULL
51283,120283,1369156742,0,NULL,NULL
51285,126574,1369082968,0,NULL,NULL
51285,125495,1369082968,0,NULL,NULL
51289,128314,1368998486,1,NULL,NULL
51289,120638,1368998486,1,NULL,NULL
51292,127304,1368601057,0,NULL,NULL
51292,128380,1368835428,-1,NULL,NULL
51292,129109,1368601057,-1,NULL,NULL
51292,131494,1368726898,1,NULL,NULL
51292,125943,1368602908,0,NULL,NULL
51298,123546,1368806071,0,NULL,NULL
51298,123790,1368806071,1,NULL,NULL
51302,130324,1368727215,1,NULL,NULL
51302,131443,1368727215,-1,NULL,NULL
51302,131249,1368727215,0,NULL,NULL
51302,121628,1368727215,0,NULL,NULL
51302,131183,1368727215,0,NULL,NULL
51304,131163,1368658339,0,NULL,NULL
51304,126000,1368658339,0,NULL,NULL
51304,130828,1368658339,1,NULL,NULL
51305,127013,1368652907,0,NULL,NULL
51309,123580,1368640470,0,NULL,NULL
51309,127049,1368640470,1,NULL,NULL
51309,123371,1368640470,0,NULL,NULL
51313,129140,1368572111,-1,NULL,NULL
51313,124426,1368572111,-1,NULL,NULL
51313,127480,1368572111,0,NULL,NULL
51313,121140,1368572111,1,NULL,NULL
51315,127911,1368563231,0,NULL,NULL
51317,126159,1368548861,1,NULL,NULL
51319,125092,1368493477,1,NULL,NULL
51319,126732,1368493477,0,NULL,NULL
51323,123146,1368377089,1,NULL,NULL
51323,120568,1368377089,1,NULL,NULL
51325,130648,1368303414,0,NULL,NULL
51328,121176,1368140142,1,NULL,NULL
51328,127487,1368140142,0,NULL,NULL
51328,126902,1368140142,0,NULL,NULL
51328,127020,1368140142,-1,NULL,NULL
51331,128682,1368061382,0,NULL,NULL
51331,124733,1368061382,1,NULL,NULL
51331,120413,1368061382,0,NULL,NULL
51333,120276,1368046170,0,NULL,NULL
51333,125940,1368046170,1,NULL,NULL
51333,127169,1368046170,-1,NULL,NULL
51333,120266,1368046170,1,NULL,NULL
51333,128651,1368057917,-1,NULL,NULL
51334,120132,1368053478,0,NULL,NULL
51335,129503,1368043317,0,NULL,NULL
51335,126958,1368043317,1,NULL,NULL
51335,129011,1368043317,0,NULL,NULL
51337,124254,1367951948,0,NULL,NULL
51337,124663,1367951948,1,NULL,NULL
51342,129950,1367732504,0,NULL,NULL
51345,126769,1367613090,0,NULL,NULL
51352,131588,1367529211,0,NULL,NULL
51352,123347,1367529211,0,NULL,NULL
51354,129913,1367482748,1,NULL,NULL
51354,127232,1367482748,0,NULL,NULL
51355,126158,1367476142,0,NULL,NULL
51359,130453,1367365325,0,NULL,NULL
51360,121075,1367346880,0,NULL,NULL
51360,131494,1367346880,1,NULL,NULL
51360,121044,1367346880,0,NULL,NULL
51360,127440,1367346880,-1,NULL,NULL
51360,128290,1367346880,0,NULL,NULL
51362,126803,1367281951,1,NULL,NULL
51362,121472,1367281951,1,NULL,NULL
51364,120194,1367273819,1,NULL,NULL
51368,127343,1367136685,0,NULL,NULL
51368,131354,1367136685,0,NULL,NULL
51369,121257,1367118739,0,NULL,NULL
51370,131323,1367098483,-1,NULL,NULL
51370,130075,1367098483,-1,NULL,NULL
51370,120690,1367098483,0,NULL,NULL
51370,123315,1367098483,-1,NULL,NULL
51370,123046,1367098483,0,NULL,NULL
51386,131131,1366843796,0,NULL,NULL
51386,131638,1366843796,0,NULL,NULL
51386,127052,1366843796,1,NULL,NULL
51389,121216,1366816136,0,NULL,NULL
51399,130791,1366737424,-1,NULL,NULL
51399,123655,1366737468,-1,NULL,NULL
51399,123566,1366750092,-1,NULL,NULL
51399,128807,1366750092,-1,NULL,NULL
51399,120412,1366737336,0,NULL,NULL
51400,121336,1366746729,-1,NULL,NULL
51400,127073,1366746729,1,NULL,NULL
51409,125708,1366447097,0,NULL,NULL
51409,127891,1366447097,0,NULL,NULL
51411,128003,1366395653,1,NULL,NULL
51412,123450,1366391280,1,NULL,NULL
51412,131675,1366391280,0,NULL,NULL
51413,124709,1366391202,-1,NULL,NULL
51413,130700,1366391202,1,NULL,NULL
51415,127211,1366334128,1,NULL,NULL
51415,121534,1366334128,0,NULL,NULL
51416,131439,1366316900,1,NULL,NULL
51419,127148,1366154440,0,NULL,NULL
51419,127726,1366154440,1,NULL,NULL
51419,128911,1366154440,0,NULL,NULL
51419,122803,1366154440,0,NULL,NULL
51419,127438,1366154440,0,NULL,NULL
51426,131353,1366058550,1,0.0,0.0
51426,120377,1366058550,1,NULL,NULL
51427,128343,1366053536,0,NULL,NULL
51429,128450,1365872834,1,NULL,NULL
51429,120264,1365872834,0,NULL,NULL
51429,129293,1365872834,1,NULL,NULL
51431,123809,1365819131,0,NULL,NULL
51435,127909,1365808303,1,NULL,NULL
51436,120188,1365805847,1,NULL,NULL
51436,127254,1365805847,1,NULL,NULL
51436,124651,1365805847,0,NULL,NULL
51436,127091,1365805847,0,NULL,NULL
51436,126930,1365805847,1,NULL,NULL
51442,123583,1365778265,0,NULL,NULL
51443,124842,1365722248,0,NULL,NULL
51450,127920,1365588524,1,NULL,NULL
51450,121463,1365588524,0,NULL,NULL
51450,126521,1365588524,-1,NULL,NULL
51451,124643,1365575180,0,NULL,NULL
51459,120690,1365526187,0,NULL,NULL
51459,125300,1365526187,0,NULL,NULL
51459,131762,1365526187,0,NULL,NULL
51459,126551,1365526187,0,NULL,NULL
51459,129235,1365526187,0,NULL,NULL
51461,130957,1365499891,0,0.0,0.0
51461,120722,1365499891,-1,NULL,NULL
51463,123329,1365491412,-1,NULL,NULL
51471,130989,1365180157,0,NULL,NULL
51471,120392,1365318256,-1,NULL,NULL
51473,125414,1365218307,0,NULL,NULL
51473,121257,1365218307,0,NULL,NULL
51478,129961,1365158555,-1,NULL,NULL
51478,128774,1365158555,-1,NULL,NULL
51478,121898,1365158555,1,NULL,NULL
51482,127870,1365089486,1,NULL,NULL
51482,120329,1365089486,1,NULL,NULL
51487,129237,1365047614,0,NULL,NULL
51492,130770,1365031004,1,NULL,NULL
51493,131627,1365012054,0,NULL,NULL
51495,126079,1365011684,0,NULL,NULL
51496,129305,1364997061,0,NULL,NULL
51496,130934,1364997061,0,NULL,NULL
51500,123189,1364925311,-1,NULL,NULL
51506,120595,1364777834,0,NULL,NULL
51506,130958,1364777834,0,NULL,NULL
51506,123417,1364777834,0,NULL,NULL
51506,128300,1364777834,0,NULL,NULL
51506,128063,1364777834,0,NULL,NULL
51510,129153,1364590211,0,NULL,NULL
51510,131537,1364584284,0,NULL,NULL
51510,123281,1364590211,0,NULL,NULL
51510,127943,1364584284,1,NULL,NULL
51510,120524,1364584284,0,NULL,NULL
51515,120926,1363186025,1,NULL,NULL
51515,126807,1363186025,0,NULL,NULL
51515,131242,1364492951,0,NULL,NULL
51515,121419,1364492951,0,NULL,NULL
51517,123561,1364354261,1,NULL,NULL
51517,120172,1364354261,0,NULL,NULL
51517,127845,1364354261,1,NULL,NULL
51519,128143,1364336090,1,NULL,NULL
51519,130935,1364336090,0,NULL,NULL
51521,127887,1363648393,1,NULL,NULL
51521,123579,1364316983,-1,NULL,NULL
51524,126895,1364234226,0,NULL,NULL
51524,131617,1364234226,1,NULL,NULL
51524,128314,1364234226,1,NULL,NULL
51524,129246,1364234226,0,NULL,NULL
51528,120050,1364007856,1,NULL,NULL
51528,123301,1364007856,-1,NULL,NULL
51528,131522,1364007856,0,NULL,NULL
51529,123015,1364003237,0,NULL,NULL
51529,120372,1364003237,1,NULL,NULL
51529,129860,1364003237,0,NULL,NULL
51529,131645,1364003237,1,NULL,NULL
51535,123102,1363968325,1,NULL,NULL
51535,120790,1363968325,1,NULL,NULL
51537,130772,1363908469,-1,NULL,NULL
51537,131102,1363908469,1,NULL,NULL
51539,128542,1363889610,1,NULL,NULL
51541,126716,1363831447,1,NULL,NULL
51541,131587,1363831447,1,NULL,NULL
51541,127495,1363831447,0,NULL,NULL
51541,128911,1363831447,0,NULL,NULL
51541,130712,1363831447,0,NULL,NULL
51542,129006,1363825579,1,NULL,NULL
51542,128316,1363825579,1,NULL,NULL
51542,121779,1363825579,1,NULL,NULL
51542,126838,1363825579,0,NULL,NULL
51542,127221,1363825579,0,NULL,NULL
51544,120460,1363808206,0,NULL,NULL
51544,120713,1363808206,0,NULL,NULL
51544,123562,1363808206,1,NULL,NULL
51544,128546,1363808206,0,NULL,NULL
51544,125130,1363808206,1,NULL,NULL
51548,123141,1363733275,0,NULL,NULL
51548,120196,1363733275,0,NULL,NULL
51548,123631,1363733275,0,NULL,NULL
51548,131083,1363733275,0,NULL,NULL
51548,121126,1363733275,0,NULL,NULL
51549,124403,1363730040,-1,NULL,NULL
51549,120898,1363731415,0,NULL,NULL
51553,124404,1363685041,0,NULL,NULL
51553,121666,1363685041,0,NULL,NULL
51553,125920,1363685041,0,NULL,NULL
51553,131491,1363685041,0,NULL,NULL
51553,129252,1363685041,0,NULL,NULL
51554,128736,1363662654,0,NULL,NULL
51556,130870,1363646039,1,NULL,NULL
51556,126998,1363646039,0,NULL,NULL
51556,130975,1363646039,-1,NULL,NULL
51557,130112,1363641093,0,NULL,NULL
51557,120250,1363641093,0,NULL,NULL
51557,127795,1363641093,1,NULL,NULL
51558,129907,1363635431,1,NULL,NULL
51558,126872,1363635431,0,NULL,NULL
51558,129195,1363635431,0,NULL,NULL
51559,126970,1363625044,1,NULL,NULL
51559,130874,1363625044,0,NULL,NULL
51559,126035,1363625044,1,NULL,NULL
51559,123186,1363625044,1,NULL,NULL
51559,131500,1363625044,0,NULL,NULL
51562,131194,1363579457,0,NULL,NULL
51564,130265,1363418476,1,NULL,NULL
51565,120668,1363311705,0,NULL,NULL
51565,129465,1363311705,1,NULL,NULL
51565,127189,1363400174,0,NULL,NULL
51565,125380,1363311705,0,NULL,NULL
51565,129280,1363400174,0,NULL,NULL
51571,128509,1363376709,0,NULL,NULL
51571,128899,1363376709,1,0.0,0.0
51572,128442,1363371695,0,NULL,NULL
51582,125370,1363185233,1,NULL,NULL
51582,120619,1363185233,0,NULL,NULL
51582,127181,1363185233,1,NULL,NULL
51582,126778,1363231131,0,NULL,NULL
51583,120333,1363219421,0,NULL,NULL
51589,125145,1363135099,-1,NULL,NULL
51589,131578,1363135099,0,NULL,NULL
51589,129251,1363135099,0,NULL,NULL
51589,131004,1363135099,1,NULL,NULL
51589,131483,1363135099,-1,NULL,NULL
51590,127437,1363115254,0,NULL,NULL
51594,129149,1363046573,1,NULL,NULL
51595,121360,1363045572,0,NULL,NULL
51598,121613,1363028483,-1,NULL,NULL
51598,130030,1363028483,1,NULL,NULL
51599,131697,1363023565,0,NULL,NULL
51602,131532,1362782239,-1,NULL,NULL
51602,128889,1362782239,-1,NULL,NULL
51602,127744,1362782239,-1,NULL,NULL
51602,126622,1362782239,0,NULL,NULL
51602,123576,1362782239,0,NULL,NULL
51606,123580,1362762854,0,NULL,NULL
51609,120883,1362702001,-1,NULL,NULL
51612,120625,1362680018,0,NULL,NULL
51612,129119,1362680018,0,NULL,NULL
51612,131048,1362680018,0,NULL,NULL
51613,129932,1362650937,1,NULL,NULL
51613,129167,1362650937,1,NULL,NULL
51613,131286,1362650937,0,NULL,NULL
51614,125952,1362642159,0,NULL,NULL
51616,127723,1362639714,1,NULL,NULL
51616,125502,1362639714,1,NULL,NULL
51616,127169,1362639714,1,NULL,NULL
51616,131166,1362639714,1,NULL,NULL
51618,124415,1362607098,-1,NULL,NULL
51618,120421,1362607098,0,NULL,NULL
51618,131718,1362607098,1,NULL,NULL
51618,124254,1362607098,1,NULL,NULL
51618,128136,1362607098,0,NULL,NULL
51621,129803,1362155877,1,0.0,0.0
51621,127993,1362155877,1,NULL,NULL
51621,123536,1362155877,0,NULL,NULL
51621,121196,1362553766,0,NULL,NULL
51621,123419,1362553766,-1,NULL,NULL
51627,120419,1362259701,-1,NULL,NULL
51627,131510,1362509346,1,NULL,NULL
51632,128273,1362358410,0,NULL,NULL
51632,126607,1362358410,-1,NULL,NULL
51632,125030,1362458383,-1,NULL,NULL
51637,126028,1362160467,0,NULL,NULL
51637,131565,1362179012,-1,NULL,NULL
51640,127938,1362153537,0,NULL,NULL
51640,127816,1362153537,0,NULL,NULL
51640,120471,1362153537,0,NULL,NULL
51640,127376,1362153537,0,NULL,NULL
51641,127378,1362093875,0,NULL,NULL
51641,121787,1362093875,1,NULL,NULL
51644,126521,1362080784,0,NULL,NULL
51644,131653,1362080784,0,NULL,NULL
51644,124829,1362080784,0,NULL,NULL
51644,128119,1362080784,0,NULL,NULL
51644,120901,1362080784,0,NULL,NULL
51646,128391,1362079496,0,NULL,NULL
51647,129221,1362079353,0,NULL,NULL
51647,125084,1362079353,0,NULL,NULL
51648,130779,1362008261,1,NULL,NULL
51649,121202,1362006685,0,NULL,NULL
51649,120914,1362006685,0,NULL,NULL
51649,131531,1362006685,0,NULL,NULL
51649,123477,1362006685,-1,NULL,NULL
51649,130815,1362006685,0,NULL,NULL
51658,128445,1361922869,0,NULL,NULL
51659,131539,1361911919,-1,NULL,NULL
51659,126901,1361911919,-1,NULL,NULL
51659,121140,1361911919,0,NULL,NULL
51659,125928,1361911919,-1,NULL,NULL
51659,125933,1361911919,-1,NULL,NULL
51661,121393,1361860086,0,NULL,NULL
51661,131529,1361860086,0,NULL,NULL
51661,127723,1361860086,0,NULL,NULL
51661,130698,1361860086,0,0.0,0.0
51661,128776,1361860086,-1,NULL,NULL
51663,123845,1361853216,0,NULL,NULL
51663,121542,1361853216,0,NULL,NULL
51663,120555,1361853216,1,NULL,NULL
51663,123485,1361853216,0,NULL,NULL
51663,121199,1361853216,0,NULL,NULL
51669,123865,1361820151,-1,NULL,NULL
51669,123142,1361820151,0,NULL,NULL
51671,126751,1361659138,0,NULL,NULL
51671,120561,1361659138,0,NULL,NULL
51671,121459,1361659138,0,NULL,NULL
51671,123090,1361659138,1,NULL,NULL
51671,127431,1361659138,0,NULL,NULL
51673,123513,1361599654,0,NULL,NULL
51674,126019,1361586409,0,NULL,NULL
51676,120641,1361550276,1,NULL,NULL
51678,123440,1361492152,0,NULL,NULL
51678,120531,1361492152,1,NULL,NULL
51678,121893,1361492152,1,NULL,NULL
51678,131237,1361492152,1,NULL,NULL
51678,121225,1361492152,0,NULL,NULL
51681,129265,1361471672,1,NULL,NULL
51683,131461,1361409525,1,NULL,NULL
51683,127674,1361409525,1,NULL,NULL
51683,120044,1361415574,0,NULL,NULL
51683,121300,1361409525,1,NULL,NULL
51683,131445,1361409525,0,NULL,NULL
51684,126831,1361406358,1,NULL,NULL
51684,129803,1361406358,0,0.0,0.0
51697,127969,1360882517,-1,NULL,NULL
51697,121883,1360882517,0,NULL,NULL
51697,131289,1360882517,0,NULL,NULL
51697,127140,1360882517,0,NULL,NULL
51697,126741,1360882517,0,NULL,NULL
51699,128788,1360847304,0,NULL,NULL
51699,120692,1360847304,0,NULL,NULL
51701,121414,1360847255,1,NULL,NULL
51701,120397,1360847255,0,NULL,NULL
51702,122266,1360847215,0,NULL,NULL
51703,131625,1360847177,1,NULL,NULL
51706,131926,1360846957,0,NULL,NULL
51712,125912,1360838060,1,NULL,NULL
51715,130775,1360782883,0,NULL,NULL
51715,128094,1360782883,0,NULL,NULL
51716,127986,1360782855,0,NULL,NULL
51716,121168,1360782855,0,NULL,NULL
51716,121075,1360782855,1,NULL,NULL
51716,125430,1360782855,0,NULL,NULL
51718,123876,1360782759,0,NULL,NULL
51718,128951,1360782759,1,NULL,NULL
51721,127289,1359237560,1,NULL,NULL
51721,130940,1359237560,1,NULL,NULL
51721,120587,1360782308,1,NULL,NULL
51721,126727,1360782308,1,NULL,NULL
51723,123457,1360782235,1,NULL,NULL
51725,125991,1360782116,0,NULL,NULL
51726,128673,1360782081,0,NULL,NULL
51726,131541,1360782081,-1,NULL,NULL
51726,121292,1360782081,0,NULL,NULL
51727,131177,1360782036,0,NULL,NULL
51727,123168,1360782036,-1,NULL,NULL
51730,120264,1360781924,0,NULL,NULL
51733,120333,1360781804,0,NULL,NULL
51733,131469,1360781804,0,NULL,NULL
51733,130968,1360781804,0,NULL,NULL
51733,127896,1360781804,0,NULL,NULL
51733,128673,1360781804,0,NULL,NULL
51735,129026,1360781711,1,NULL,NULL
51735,131917,1360781711,1,NULL,NULL
51735,128167,1360781711,-1,NULL,NULL
51735,123468,1360781711,1,NULL,NULL
51735,127133,1360781711,0,NULL,NULL
51739,131144,1360781434,0,NULL,NULL
51739,121472,1360781434,0,NULL,NULL
51740,130459,1360781384,0,NULL,NULL
51740,131643,1357157474,0,NULL,NULL
51740,131529,1357157474,0,NULL,NULL
51740,126787,1360781384,0,NULL,NULL
51740,126527,1357157474,0,NULL,NULL
51742,120454,1360781313,1,NULL,NULL
51742,120788,1360781313,0,NULL,NULL
51746,127346,1357928900,0,NULL,NULL
51746,129924,1360781142,0,NULL,NULL
51752,123542,1360780923,0,NULL,NULL
51752,126877,1360780923,0,NULL,NULL
51752,129001,1360780923,0,NULL,NULL
51752,129109,1360780923,0,NULL,NULL
51752,120234,1360780923,0,NULL,NULL
51755,121179,1356801374,0,NULL,NULL
51755,124506,1360780818,0,NULL,NULL
51758,120265,1360780652,0,NULL,NULL
51758,126128,1360780652,0,NULL,NULL
51758,124885,1360780652,0,NULL,NULL
51758,124431,1360780652,0,NULL,NULL
51758,120162,1360780652,0,NULL,NULL
51761,121557,1360780252,0,NULL,NULL
51761,126836,1360780252,1,NULL,NULL
51761,129150,1360780252,0,NULL,NULL
51762,121301,1360780213,1,NULL,NULL
51762,130393,1360780213,1,NULL,NULL
51762,123196,1360780213,1,NULL,NULL
51762,128924,1360780213,0,NULL,NULL
51762,130970,1360780213,0,NULL,NULL
51764,129533,1360779988,0,NULL,NULL
51764,127103,1360779988,0,NULL,NULL
51771,130682,1360779304,0,NULL,NULL
51771,126108,1360779304,0,NULL,NULL
51771,123138,1360779304,1,NULL,NULL
51771,120253,1360779304,1,NULL,NULL
51771,129125,1360779304,0,NULL,NULL
51772,120789,1360779143,0,NULL,NULL
51772,129293,1360779143,0,NULL,NULL
51772,129448,1360779143,1,NULL,NULL
51776,120396,1360778877,0,NULL,NULL
51776,129356,1360778877,1,NULL,NULL
51776,123768,1360778877,1,NULL,NULL
51777,131410,1360778836,0,NULL,NULL
51777,129149,1360778836,0,NULL,NULL
51777,128389,1360778836,0,NULL,NULL
51777,121327,1360778836,0,NULL,NULL
51778,126850,1360778753,1,NULL,NULL
51778,129277,1360778753,0,NULL,NULL
51778,130075,1360778753,0,NULL,NULL
51778,124487,1360778753,0,NULL,NULL
51778,130837,1360778753,0,NULL,NULL
51782,128141,1360774830,0,NULL,NULL
51782,120393,1360774830,0,NULL,NULL
51782,131563,1360774830,-1,NULL,NULL
51782,120114,1360774830,0,NULL,NULL
51782,121280,1360774830,-1,NULL,NULL
51789,129959,1360664434,0,NULL,NULL
51789,125094,1360664434,0,NULL,NULL
51789,125049,1360664434,1,NULL,NULL
51789,120546,1360664434,-1,NULL,NULL
51789,131609,1360664434,0,NULL,NULL
51790,129934,1360661937,1,NULL,NULL
51790,127571,1360661937,1,NULL,NULL
51790,121587,1360661937,1,NULL,NULL
51790,127024,1360661937,0,NULL,NULL
51790,131312,1360661937,-1,NULL,NULL
51797,127921,1360369616,-1,NULL,NULL
51797,126349,1360369616,1,NULL,NULL
51797,120664,1360369616,1,NULL,NULL
51797,131447,1360369616,0,NULL,NULL
51797,120492,1360369616,0,NULL,NULL
51806,130014,1360188317,0,NULL,NULL
51806,125113,1360188317,0,NULL,NULL
51807,126876,1360185830,0,NULL,NULL
51809,127015,1360179898,0,NULL,NULL
51809,131112,1360179898,0,NULL,NULL
51810,130319,1360170115,1,NULL,NULL
51810,123622,1360170115,1,NULL,NULL
51810,129076,1360170115,1,NULL,NULL
51811,128634,1360116735,0,NULL,NULL
51811,120240,1360116735,-1,NULL,NULL
51811,129837,1360116735,0,NULL,NULL
51811,127915,1360116735,-1,NULL,NULL
51812,120051,1360085199,-1,NULL,NULL
51815,131376,1360017050,1,NULL,NULL
51815,123198,1360017050,1,NULL,NULL
51816,127234,1360016692,0,NULL,NULL
51816,125665,1360016692,0,NULL,NULL
51819,123570,1359753194,1,NULL,NULL
51823,123937,1359672224,0,NULL,NULL
51825,131630,1359652139,1,NULL,NULL
51835,130957,1359512302,0,0.0,0.0
51835,123838,1359512302,0,NULL,NULL
51835,120533,1359512302,0,NULL,NULL
51835,128961,1359512302,0,NULL,NULL
51835,127335,1359512302,0,NULL,NULL
51839,127451,1358190702,1,NULL,NULL
51839,125463,1358190702,0,NULL,NULL
51839,131571,1359495484,0,NULL,NULL
51839,125113,1358190702,0,NULL,NULL
51839,123065,1358190702,0,NULL,NULL
51844,130741,1359415557,0,NULL,NULL
51844,125063,1359415557,1,NULL,NULL
51848,131366,1359392098,-1,NULL,NULL
51861,124804,1358798845,1,NULL,NULL
51861,123634,1358798845,0,NULL,NULL
51861,123013,1358798845,1,NULL,NULL
51861,131601,1358798845,0,NULL,NULL
51861,125347,1358798845,1,NULL,NULL
51865,128973,1358970446,0,NULL,NULL
51865,129238,1358970446,-1,NULL,NULL
51865,127846,1358970446,1,NULL,NULL
51865,127945,1358970446,1,NULL,NULL
51866,122340,1358969835,0,NULL,NULL
51866,127066,1358969835,1,NULL,NULL
51875,126667,1358800174,0,NULL,NULL
51877,126674,1358799102,1,NULL,NULL
51877,122264,1358799102,0,NULL,NULL
51877,121391,1358799102,1,NULL,NULL
51878,129472,1358783946,0,NULL,NULL
51878,129889,1358783946,0,NULL,NULL
51878,120665,1358783946,0,NULL,NULL
51878,124790,1358783946,0,NULL,NULL
51878,123262,1358783946,0,NULL,NULL
51881,127008,1358635511,0,NULL,NULL
51881,124676,1358635511,0,NULL,NULL
51881,129356,1358635511,0,NULL,NULL
51881,126674,1358635511,-1,NULL,NULL
51881,125636,1358635511,0,NULL,NULL
51883,121202,1358571950,0,NULL,NULL
51883,127332,1358571950,1,NULL,NULL
51883,120371,1358571950,1,NULL,NULL
51883,124837,1358571950,0,NULL,NULL
51883,128362,1358571950,0,NULL,NULL
51885,123676,1358537725,0,NULL,NULL
51886,130801,1358535890,-1,NULL,NULL
51886,131654,1358535890,0,NULL,NULL
51886,121085,1358535890,-1,NULL,NULL
51886,121651,1358535890,0,NULL,NULL
51887,121787,1356886853,1,NULL,NULL
51887,121394,1357009935,1,NULL,NULL
51887,128787,1357772734,1,NULL,NULL
51887,120424,1358534982,1,NULL,NULL
51888,125948,1358528548,0,NULL,NULL
51888,125391,1358528548,0,NULL,NULL
51888,127555,1358528548,-1,NULL,NULL
51891,127015,1358448154,-1,NULL,NULL
51892,126633,1358446970,-1,NULL,NULL
51897,120187,1358389463,0,NULL,NULL
51897,124698,1358389463,0,NULL,NULL
51897,131212,1358389463,0,NULL,NULL
51898,120106,1358374246,0,NULL,NULL
51898,129495,1358374246,0,NULL,NULL
51898,128983,1358374246,0,NULL,NULL
51898,127319,1358374246,0,NULL,NULL
51898,129170,1358374246,-1,NULL,NULL
51905,120041,1358357262,1,NULL,NULL
51905,127189,1358357262,1,NULL,NULL
51906,127277,1358356405,0,NULL,NULL
51909,121650,1357893083,0,NULL,NULL
51909,128311,1358199811,0,NULL,NULL
51909,120233,1357893083,1,NULL,NULL
51909,126676,1357931302,-1,NULL,NULL
51909,123800,1357931302,0,NULL,NULL
51911,120699,1358291936,0,NULL,NULL
51911,124702,1358291936,-1,NULL,NULL
51913,130966,1358288063,1,NULL,NULL
51926,128078,1357931433,1,NULL,NULL
51927,126993,1357887921,1,NULL,NULL
51928,120671,1357883238,0,NULL,NULL
51928,131668,1357883238,0,NULL,NULL
51932,128781,1357851539,0,NULL,NULL
51933,120371,1357807010,1,NULL,NULL
51939,128842,1357763569,1,NULL,NULL
51939,130031,1357763569,1,NULL,NULL
51944,130924,1357681838,-1,NULL,NULL
51949,127746,1357492287,0,NULL,NULL
51949,120533,1357492287,1,NULL,NULL
51953,126977,1357323699,1,NULL,NULL
51956,120393,1357301642,1,NULL,NULL
51958,129232,1357293529,-1,NULL,NULL
51958,125077,1357293529,1,NULL,NULL
51960,123368,1357179144,0,NULL,NULL
51960,123610,1357179144,1,NULL,NULL
51960,129917,1357179144,1,NULL,NULL
51964,120597,1357009651,0,NULL,NULL
51964,123612,1357009651,0,NULL,NULL
51964,128973,1357009651,1,NULL,NULL
51972,130322,1356736332,0,NULL,NULL
51972,120193,1356736332,0,NULL,NULL
51972,128198,1356744136,0,NULL,NULL
51972,121249,1356736332,-1,NULL,NULL
51972,120381,1356736332,1,NULL,NULL
51976,126636,1356672222,1,NULL,NULL
51976,130987,1356673308,0,NULL,NULL
51979,120267,1356561074,1,NULL,NULL
51980,123564,1356454743,0,NULL,NULL
51984,120039,1356133170,0,NULL,NULL
51984,127531,1356133170,0,NULL,NULL
51984,127285,1356133170,0,NULL,NULL
51984,130836,1356133170,0,NULL,NULL
51984,128937,1356133170,0,NULL,NULL
51985,121311,1356118823,0,NULL,NULL
51990,130937,1355975754,0,NULL,NULL
51990,130707,1355975754,1,NULL,NULL
51993,120319,1355952156,0,NULL,NULL
51993,121273,1355952156,0,NULL,NULL
51993,126028,1355952156,1,NULL,NULL
51993,131135,1355952156,0,NULL,NULL
51993,123027,1355952156,0,NULL,NULL
51997,129078,1355937409,0,NULL,NULL
51997,120730,1355937409,1,NULL,NULL
51997,126716,1355937409,1,NULL,NULL
51997,127724,1355937409,1,NULL,NULL
51997,128958,1355937409,-1,NULL,NULL
51999,131369,1355866432,1,NULL,NULL
52000,125317,1355771282,0,NULL,NULL
52000,120745,1355771282,0,NULL,NULL
52000,128771,1355771282,0,NULL,NULL
52000,129272,1355771282,0,NULL,NULL
52000,131435,1355771282,0,NULL,NULL
52004,123804,1355811919,0,NULL,NULL
52006,127389,1355773296,0,NULL,NULL
52007,131251,1355544395,0,NULL,NULL
52007,121266,1355544395,-1,NULL,NULL
52007,129853,1355544395,0,NULL,NULL
52007,130132,1355544395,0,NULL,NULL
52009,120367,1355527385,0,NULL,NULL
52009,120068,1355527385,1,NULL,NULL
52011,128461,1355519556,0,NULL,NULL
52011,123472,1355519556,1,NULL,NULL
52011,127846,1355519556,0,NULL,NULL
52011,131230,1355519556,1,NULL,NULL
52011,127307,1355519556,1,NULL,NULL
52012,129608,1355519013,1,NULL,NULL
52020,121561,1355267980,1,NULL,NULL
52020,123165,1355267980,1,NULL,NULL
52020,128561,1355267980,1,NULL,NULL
52022,127934,1355204753,0,NULL,NULL
52029,125432,1355090799,1,NULL,NULL
52029,120992,1355090799,1,NULL,NULL
52030,123582,1355006517,1,NULL,NULL
52030,129860,1355006517,0,NULL,NULL
52031,123099,1354927616,0,NULL,NULL
52047,124704,1354256841,0,NULL,NULL
52047,130916,1354256841,1,NULL,NULL
52047,130805,1354256841,-1,NULL,NULL
52047,120377,1354256841,-1,NULL,NULL
52047,121676,1354256841,0,NULL,NULL
52053,121710,1354129104,0,NULL,NULL
52053,120190,1354129104,0,NULL,NULL
52053,127661,1354129104,0,NULL,NULL
52058,131585,1353953414,1,NULL,NULL
52058,131174,1353953414,1,NULL,NULL
52060,121279,1353599929,0,NULL,NULL
52060,121064,1353599929,0,NULL,NULL
52061,120897,1353539514,0,NULL,NULL
52061,125485,1353539514,0,NULL,NULL
52061,127248,1353539514,0,NULL,NULL
52061,131596,1353539514,0,NULL,NULL
52061,123471,1353539514,1,NULL,NULL
52064,130971,1353529172,1,NULL,NULL
52064,121355,1353529172,0,NULL,NULL
52064,127422,1353529172,0,NULL,NULL
52065,120693,1353505456,0,NULL,NULL
52069,129377,1353115011,0,NULL,NULL
52069,123578,1353115011,0,NULL,NULL
52069,121065,1353115011,0,NULL,NULL
52069,123138,1353115011,1,NULL,NULL
52069,129025,1353115011,0,NULL,NULL
52075,131558,1353018007,-1,NULL,NULL
52076,121032,1353010352,-1,NULL,NULL
52077,123107,1352818324,1,NULL,NULL
52077,123564,1352818324,0,NULL,NULL
52077,121255,1352998353,0,NULL,NULL
52077,126933,1352818324,0,NULL,NULL
52077,126651,1352818324,0,NULL,NULL
52078,126520,1352957342,0,NULL,NULL
52081,121290,1352912586,0,NULL,NULL
52081,129205,1352912586,1,NULL,NULL
52081,130733,1352912586,0,NULL,NULL
52081,126768,1352912586,1,NULL,NULL
52081,128101,1352912586,0,NULL,NULL
52094,123808,1352504732,0,NULL,NULL
52094,125069,1352504732,1,NULL,NULL
52094,125673,1352504732,0,NULL,NULL
52094,130680,1352504732,1,NULL,NULL
52094,121074,1352504732,1,NULL,NULL
52095,128832,1352438512,1,NULL,NULL
52098,127172,1352412799,1,NULL,NULL
52103,128300,1352412353,1,NULL,NULL
52104,124266,1352402578,1,NULL,NULL
52104,120390,1352402578,1,NULL,NULL
52104,123465,1352402578,1,NULL,NULL
52104,120882,1352402578,0,NULL,NULL
52104,131005,1352402578,0,NULL,NULL
52106,120219,1352330254,0,NULL,NULL
52106,128445,1352330254,0,NULL,NULL
52106,131469,1352330254,0,NULL,NULL
52106,120291,1352330254,0,NULL,NULL
52106,127933,1352330254,0,NULL,NULL
52108,123110,1352321152,1,NULL,NULL
52110,120354,1352244121,0,NULL,NULL
52110,127671,1352244121,-1,NULL,NULL
52110,120657,1352244121,0,NULL,NULL
52110,123282,1352244121,0,NULL,NULL
52110,123737,1352244121,-1,NULL,NULL
52113,130720,1352232466,0,NULL,NULL
52113,120081,1352232466,0,NULL,NULL
52113,121614,1352232466,1,NULL,NULL
52113,129127,1352232466,0,NULL,NULL
52114,121506,1352068624,1,NULL,NULL
52124,128521,1351721368,0,NULL,NULL
52124,129504,1351783428,0,NULL,NULL
52126,122339,1351722108,0,NULL,NULL
52127,126622,1351720929,0,NULL,NULL
52128,125070,1351714076,0,NULL,NULL
52129,127572,1351628041,0,NULL,NULL
52129,120195,1351628041,0,NULL,NULL
52129,125661,1351628041,0,NULL,NULL
52129,126975,1351628041,1,NULL,NULL
52129,125302,1351634681,1,NULL,NULL
52131,125701,1351554296,0,NULL,NULL
52137,120336,1351292925,0,NULL,NULL
52137,123552,1351292925,0,NULL,NULL
52140,121189,1351183402,1,NULL,NULL
52140,129242,1351183402,0,NULL,NULL
52140,120045,1351183402,1,NULL,NULL
52140,127302,1351183402,1,NULL,NULL
52140,128382,1351183402,1,NULL,NULL
52141,128951,1351182726,1,NULL,NULL
52141,125665,1351182726,0,NULL,NULL
52141,126730,1351182726,0,NULL,NULL
52141,128424,1351182726,0,NULL,NULL
52141,120157,1351182726,0,NULL,NULL
52142,128031,1351181101,1,NULL,NULL
52145,126574,1351058946,0,NULL,NULL
52146,120207,1351054048,0,NULL,NULL
52154,123083,1350925798,1,NULL,NULL
52156,126968,1350705469,0,NULL,NULL
52156,127860,1350705469,0,NULL,NULL
52156,123219,1350705469,-1,NULL,NULL
52156,130778,1350705469,0,NULL,NULL
52156,120281,1350705469,1,NULL,NULL
52157,120684,1350680521,1,NULL,NULL
52160,128491,1350669507,-1,NULL,NULL
52163,125098,1350542313,0,NULL,NULL
52163,126808,1350583265,0,NULL,NULL
52163,126872,1350583265,0,NULL,NULL
52163,126981,1350542313,0,NULL,NULL
52163,131714,1350583265,0,NULL,NULL
52166,123540,1350535939,0,NULL,NULL
52166,123739,1350535939,0,NULL,NULL
52166,128172,1350535939,0,NULL,NULL
52166,121257,1350535939,1,NULL,NULL
52166,120078,1350535939,1,NULL,NULL
52167,126158,1350534872,-1,NULL,NULL
52167,120029,1350534872,0,NULL,NULL
52167,123328,1350534872,0,NULL,NULL
52167,126780,1350534872,0,NULL,NULL
52168,131099,1350494485,1,NULL,NULL
52168,123834,1350494485,0,NULL,NULL
52169,131343,1348264322,0,NULL,NULL
52169,127181,1348269805,0,NULL,NULL
52169,131028,1350413214,1,NULL,NULL
52170,130922,1350268329,0,NULL,NULL
52170,130409,1350268329,1,NULL,NULL
52170,126833,1350268329,1,NULL,NULL
52171,127271,1350071329,0,NULL,NULL
52173,127286,1350019023,0,NULL,NULL
52174,121575,1349938687,-1,NULL,NULL
52176,121475,1349904573,0,NULL,NULL
52177,121524,1349842078,1,NULL,NULL
52178,130259,1349827679,0,NULL,NULL
52183,123568,1349418532,0,NULL,NULL
52183,131373,1349418532,1,NULL,NULL
52185,126579,1349385484,-1,NULL,NULL
52186,127680,1349336191,0,NULL,NULL
52189,123165,1349311125,-1,NULL,NULL
52189,130921,1349311125,1,NULL,NULL
52193,120180,1349206159,0,NULL,NULL
52193,125636,1349206159,0,NULL,NULL
52193,121032,1349206159,0,NULL,NULL
52193,127773,1349206159,0,NULL,NULL
52193,128945,1349206159,-1,NULL,NULL
52194,129950,1349213361,1,NULL,NULL
52194,126382,1349213361,-1,NULL,NULL
52194,126006,1349213361,0,NULL,NULL
52196,127235,1349210349,0,NULL,NULL
52196,123763,1349210349,-1,NULL,NULL
52200,127917,1349158189,1,NULL,NULL
52202,130958,1349126422,1,NULL,NULL
52204,121438,1349112810,1,NULL,NULL
52208,127578,1348900947,1,NULL,NULL
52208,125764,1348900947,1,NULL,NULL
52211,123291,1348855716,1,NULL,NULL
52220,123353,1348662223,0,NULL,NULL
52220,131158,1348662223,0,NULL,NULL
52220,125764,1348662223,0,NULL,NULL
52220,120760,1348662223,0,NULL,NULL
52220,127279,1348662223,0,NULL,NULL
52227,126823,1348346128,1,NULL,NULL
52227,128987,1348346128,1,NULL,NULL
52229,123739,1348263730,0,NULL,NULL
52230,131303,1348254035,0,NULL,NULL
52236,129860,1348181490,0,NULL,NULL
52236,129471,1348181490,-1,NULL,NULL
52236,126531,1348181490,-1,NULL,NULL
52236,120901,1348181490,0,NULL,NULL
52236,123447,1348181490,0,NULL,NULL
52241,120199,1348120002,1,NULL,NULL
52242,127077,1348119634,-1,NULL,NULL
52247,123027,1348077126,1,NULL,NULL
52251,127094,1348001906,0,NULL,NULL
52251,123045,1348001906,0,NULL,NULL
52251,128010,1348001906,0,NULL,NULL
52251,123241,1348001906,0,NULL,NULL
52251,128942,1348001906,0,NULL,NULL
52255,120411,1347764005,1,NULL,NULL
52255,130445,1347976385,0,NULL,NULL
52256,121412,1347949977,1,NULL,NULL
52256,125444,1347949977,1,NULL,NULL
52256,123502,1347949977,1,NULL,NULL
52256,131536,1347949977,1,NULL,NULL
52256,120107,1347949977,0,NULL,NULL
52260,125448,1347692475,0,NULL,NULL
52260,129205,1347692475,1,NULL,NULL
52260,121140,1347692475,0,NULL,NULL
52260,121233,1347692475,0,NULL,NULL
52260,126716,1347692475,0,NULL,NULL
52261,126679,1347669225,-1,NULL,NULL
52261,121552,1347669225,0,NULL,NULL
52261,131602,1347669225,0,NULL,NULL
52261,124692,1347669225,0,NULL,NULL
52263,128056,1347598048,0,NULL,NULL
52267,120618,1347479479,-1,NULL,NULL
52267,128181,1347479479,0,NULL,NULL
52268,127967,1347431081,-1,NULL,NULL
52269,121559,1345940973,0,NULL,NULL
52269,131395,1345940973,-1,NULL,NULL
52269,121382,1346007565,0,NULL,NULL
52269,120590,1346007565,-1,NULL,NULL
52269,129603,1347428852,1,NULL,NULL
52274,121257,1347135448,0,NULL,NULL
52275,125390,1347135201,0,NULL,NULL
52275,131209,1347135201,1,NULL,NULL
52275,129196,1347135201,0,NULL,NULL
52275,131179,1347135201,1,NULL,NULL
52275,125051,1347135201,1,NULL,NULL
52281,121125,1346949427,0,NULL,NULL
52281,126743,1346949427,0,NULL,NULL
52283,127359,1346870798,-1,NULL,NULL
52290,125421,1346783188,1,NULL,NULL
52291,130029,1346781178,-1,NULL,NULL
52291,131317,1346781178,0,NULL,NULL
52291,123602,1346781178,1,NULL,NULL
52295,129297,1346446736,0,NULL,NULL
52303,120405,1346361187,0,NULL,NULL
52303,131585,1346361187,0,NULL,NULL
52304,120292,1346352598,1,NULL,NULL
52304,131149,1346352598,1,NULL,NULL
52311,121458,1346273282,0,NULL,NULL
52311,127313,1346273282,0,NULL,NULL
52311,126591,1346273282,0,NULL,NULL
52311,123579,1346273282,0,NULL,NULL
52311,123573,1346273282,0,NULL,NULL
52313,123398,1346248519,0,NULL,NULL
52313,131718,1346248519,1,NULL,NULL
52322,127848,1345858956,0,NULL,NULL
52323,131341,1345848199,0,0.0,0.0
52323,126724,1345848199,0,NULL,NULL
52323,123147,1345848199,1,NULL,NULL
52323,121304,1345848199,0,NULL,NULL
52323,126678,1345848199,1,NULL,NULL
52325,131339,1345844251,0,NULL,NULL
52327,120546,1345833813,1,NULL,NULL
52327,128192,1345833813,1,NULL,NULL
52327,127999,1345833813,0,NULL,NULL
52327,126031,1345833813,1,NULL,NULL
52327,121165,1345833813,0,NULL,NULL
52329,120498,1345833352,0,NULL,NULL
52330,131634,1345820566,0,NULL,NULL
52331,120756,1345817015,1,NULL,NULL
52332,121542,1345051424,0,NULL,NULL
52332,128993,1345771170,0,NULL,NULL
52334,123682,1345758291,1,NULL,NULL
52338,123535,1345729406,0,NULL,NULL
52338,128784,1345729406,1,NULL,NULL
52342,120070,1345569927,1,NULL,NULL
52343,130892,1345568717,0,NULL,NULL
52343,130922,1345568717,0,NULL,NULL
52351,127856,1345332857,0,NULL,NULL
52351,123561,1345332857,1,NULL,NULL
52354,128963,1345246219,0,NULL,NULL
52354,130645,1345246219,0,NULL,NULL
52354,131393,1345246219,0,NULL,NULL
52355,123631,1345235312,0,NULL,NULL
52355,120571,1345235312,1,NULL,NULL
52355,127444,1345240454,-1,NULL,NULL
52355,131756,1345240454,0,NULL,NULL
52362,127004,1345138859,1,NULL,NULL
52362,128467,1345138859,0,NULL,NULL
52362,127768,1345138859,0,NULL,NULL
52362,123014,1345138859,0,NULL,NULL
52365,124709,1345124393,1,NULL,NULL
52373,121505,1344977177,1,NULL,NULL
52375,124434,1344886260,1,NULL,NULL
52375,131132,1344886260,-1,NULL,NULL
52376,121177,1344846847,0,NULL,NULL
52377,120744,1344552052,-1,NULL,NULL
52384,123626,1344393144,0,NULL,NULL
52384,120691,1344393144,0,NULL,NULL
52391,123570,1343939063,0,NULL,NULL
52392,131765,1343930606,0,NULL,NULL
52392,123589,1343930606,0,NULL,NULL
52395,126603,1343885335,0,NULL,NULL
52397,120543,1343690061,0,NULL,NULL
52397,124735,1343690061,1,NULL,NULL
52397,126378,1343690061,0,NULL,NULL
52397,124690,1343690061,0,NULL,NULL
52397,127990,1343690061,1,NULL,NULL
52398,123530,1343632037,-1,NULL,NULL
52398,123205,1343632037,0,NULL,NULL
52398,131060,1343632037,0,NULL,NULL
52398,130733,1343632037,-1,NULL,NULL
52398,120238,1343632037,-1,NULL,NULL
52405,125463,1343021066,0,NULL,NULL
52405,129832,1343021066,0,NULL,NULL
52405,126872,1343107170,0,NULL,NULL
52406,120068,1343050744,0,NULL,NULL
52406,120102,1343050744,-1,NULL,NULL
52412,126596,1342891408,0,NULL,NULL
52413,125421,1342890423,0,NULL,NULL
52413,126518,1342890423,1,NULL,NULL
52413,128911,1342890423,0,NULL,NULL
52413,127441,1342890423,0,NULL,NULL
52413,123114,1342890423,0,NULL,NULL
52415,128667,1342738404,0,NULL,NULL
52417,125408,1342723132,0,NULL,NULL
52417,131921,1342723132,0,NULL,NULL
52417,131354,1342723132,0,NULL,NULL
52417,121065,1342723132,0,NULL,NULL
52420,126922,1342656628,1,NULL,NULL
52424,120701,1342562526,0,NULL,NULL
52424,128946,1342562526,0,NULL,NULL
52425,128390,1342497367,0,NULL,NULL
52426,123061,1342471498,1,NULL,NULL
52427,128999,1342232475,0,NULL,NULL
52430,128652,1342149147,0,NULL,NULL
52431,127669,1342141164,-1,NULL,NULL
52435,126667,1342014609,0,NULL,NULL
52435,127270,1342038985,0,NULL,NULL
52436,126833,1342015580,1,NULL,NULL
52436,130882,1342015580,0,NULL,NULL
52436,125301,1342015580,1,NULL,NULL
52436,128410,1342015580,0,NULL,NULL
52437,123311,1342013969,0,NULL,NULL
52449,123571,1341543723,1,NULL,NULL
52449,120304,1341543723,1,NULL,NULL
52452,123305,1341509724,1,NULL,NULL
52453,120683,1341508895,0,NULL,NULL
52456,120898,1341435517,0,NULL,NULL
52456,131406,1341435517,0,NULL,NULL
52457,125401,1341425331,1,NULL,NULL
52458,128948,1341407611,1,NULL,NULL
52460,128921,1341354980,0,NULL,NULL
52460,126545,1341354980,0,NULL,NULL
52460,120698,1341354980,1,NULL,NULL
52460,125085,1341354980,0,NULL,NULL
52460,127398,1341354980,0,NULL,NULL
52463,120621,1341300864,0,NULL,NULL
52463,128448,1341300864,0,NULL,NULL
52466,123348,1341239064,0,NULL,NULL
52468,120875,1341091575,0,NULL,NULL
52468,127510,1341091575,0,NULL,NULL
52468,121541,1341091575,1,NULL,NULL
52468,120661,1341091575,1,NULL,NULL
52468,126714,1341091575,0,NULL,NULL
52470,120388,1340987907,0,NULL,NULL
52470,130016,1340773167,1,NULL,NULL
52470,129533,1340773167,0,NULL,NULL
52470,129805,1340773167,1,NULL,NULL
52470,125627,1340773167,0,NULL,NULL
52471,123844,1340827850,1,NULL,NULL
52471,129301,1340827850,0,NULL,NULL
52473,121279,1340754041,0,NULL,NULL
52473,126768,1340754041,0,NULL,NULL
52474,130909,1340748116,1,NULL,NULL
52474,123170,1340749642,0,NULL,NULL
52477,126650,1340657885,1,NULL,NULL
52477,121023,1340657885,0,NULL,NULL
52477,128482,1340657885,1,NULL,NULL
52477,131150,1340657885,-1,NULL,NULL
52477,121237,1340657885,0,NULL,NULL
52482,131555,1340412851,0,NULL,NULL
52482,121423,1340412851,0,NULL,NULL
52482,124751,1340412851,1,NULL,NULL
52482,123281,1340412851,0,NULL,NULL
52482,120368,1340412851,0,NULL,NULL
52483,121573,1340411925,0,NULL,NULL
52483,124842,1340411925,0,NULL,NULL
52483,131151,1340411925,0,NULL,NULL
52483,128277,1340411925,0,NULL,NULL
52483,126745,1340411925,0,NULL,NULL
52485,128024,1340382965,0,NULL,NULL
52485,121662,1340382965,0,NULL,NULL
52485,121587,1340382965,0,NULL,NULL
52486,129463,1340334577,0,NULL,NULL
52487,128409,1340314017,0,NULL,NULL
52490,125547,1340245105,0,NULL,NULL
52492,128482,1340231079,0,NULL,NULL
52492,127140,1340231079,1,NULL,NULL
52494,123519,1340226883,0,NULL,NULL
52494,128424,1340226883,0,NULL,NULL
52497,126629,1340129085,0,NULL,NULL
52497,120057,1340129085,0,NULL,NULL
52497,120738,1340129085,0,NULL,NULL
52500,128392,1340041666,0,NULL,NULL
52500,121065,1340041666,0,NULL,NULL
52500,120511,1340041666,0,NULL,NULL
52500,128290,1340041666,-1,NULL,NULL
52500,123263,1340041666,0,NULL,NULL
52502,131701,1333034626,1,NULL,NULL
52502,131973,1333143848,-1,NULL,NULL
52502,120998,1333143848,1,NULL,NULL
52502,129023,1339779107,0,NULL,NULL
52502,129358,1339779107,0,NULL,NULL
52508,120413,1339525867,1,NULL,NULL
52508,120993,1339525867,1,NULL,NULL
52508,121233,1339555897,0,NULL,NULL
52509,127756,1339546633,1,NULL,NULL
52509,127286,1339546633,0,NULL,NULL
52509,129914,1339546633,0,NULL,NULL
52509,123107,1339546633,0,NULL,NULL
52511,123954,1339265986,0,NULL,NULL
52511,127949,1339265986,0,NULL,NULL
52513,128631,1339122734,1,NULL,NULL
52513,128994,1339122734,0,NULL,NULL
52513,131051,1339122734,1,NULL,NULL
52515,121480,1339089922,0,NULL,NULL
52515,130729,1339089922,0,NULL,NULL
52516,123211,1339047481,0,NULL,NULL
52516,127572,1339045133,0,NULL,NULL
52516,128892,1339047448,0,NULL,NULL
52516,126632,1339047448,0,NULL,NULL
52516,125391,1339045133,0,NULL,NULL
52518,131402,1338919354,0,NULL,NULL
52518,124508,1338919354,1,NULL,NULL
52519,129236,1338914344,0,NULL,NULL
52519,125371,1338914344,0,NULL,NULL
52519,125928,1338914344,0,NULL,NULL
52519,130937,1338914344,1,NULL,NULL
52519,131157,1338914344,0,NULL,NULL
52521,131523,1338914331,0,NULL,NULL
52521,131205,1338914331,0,NULL,NULL
52521,127681,1338914331,0,NULL,NULL
52521,128090,1338914331,0,NULL,NULL
52521,126772,1338914331,0,NULL,NULL
52524,129198,1338746422,0,NULL,NULL
52524,126865,1338832493,1,NULL,NULL
52525,127086,1338804414,1,NULL,NULL
52525,125447,1338804414,0,NULL,NULL
52527,128523,1338409596,-1,NULL,NULL
52527,130694,1338592700,0,NULL,NULL
52527,125364,1338592700,1,NULL,NULL
52527,129156,1338407642,0,NULL,NULL
52527,120916,1338409596,-1,NULL,NULL
52529,126804,1338583413,0,NULL,NULL
52533,130808,1338438398,0,NULL,NULL
52536,125300,1338435987,0,NULL,NULL
52536,120560,1338435987,1,NULL,NULL
52536,131502,1338435987,0,NULL,NULL
52536,123144,1338435987,0,NULL,NULL
52536,128316,1338435987,0,NULL,NULL
52537,121161,1338422380,0,NULL,NULL
52538,126864,1338416909,0,NULL,NULL
52538,130807,1338416909,0,0.0,0.0
52540,131235,1338414157,0,NULL,NULL
52540,128522,1338414157,0,NULL,NULL
52540,120282,1338414157,0,NULL,NULL
52541,131907,1338411195,0,NULL,NULL
52541,127695,1338411195,0,NULL,NULL
52541,127824,1338411195,0,NULL,NULL
52541,131255,1338411195,0,NULL,NULL
52544,128436,1338407379,0,NULL,NULL
52544,129026,1338407379,0,NULL,NULL
52544,123316,1338407379,0,NULL,NULL
52544,126581,1338407379,0,NULL,NULL
52546,126647,1338400558,0,NULL,NULL
52546,123762,1338400558,0,NULL,NULL
52551,123135,1338330714,0,NULL,NULL
52551,123310,1338348471,0,NULL,NULL
52551,129134,1338330714,0,NULL,NULL
52551,120565,1338330714,0,NULL,NULL
52551,130338,1338330714,0,NULL,NULL
52553,127020,1338333079,0,NULL,NULL
52556,126753,1338311529,-1,NULL,NULL
52556,127708,1338311529,0,NULL,NULL
52556,125937,1338311529,0,NULL,NULL
52556,126528,1338311529,0,NULL,NULL
52556,131259,1338311529,0,NULL,NULL
52558,128984,1338245034,0,NULL,NULL
52558,128559,1338245034,0,NULL,NULL
52558,121409,1338245034,0,NULL,NULL
52558,123837,1338245034,0,NULL,NULL
52558,127299,1338245034,0,NULL,NULL
52559,128353,1338227482,0,NULL,NULL
52560,127082,1338225296,0,NULL,NULL
52560,127016,1338225296,0,NULL,NULL
52560,126004,1338225296,0,NULL,NULL
52560,121128,1338225296,0,NULL,NULL
52560,121578,1338225296,0,NULL,NULL
52575,121247,1337804264,1,NULL,NULL
52581,120235,1337623434,0,NULL,NULL
52581,123650,1337623434,-1,NULL,NULL
52581,123538,1337623434,-1,NULL,NULL
52585,120674,1337378924,1,NULL,NULL
52585,121837,1337378924,1,NULL,NULL
52585,123348,1337378924,1,NULL,NULL
52585,127936,1337378924,1,NULL,NULL
52587,126614,1337363432,0,NULL,NULL
52587,121377,1337363432,1,NULL,NULL
52588,131134,1337294116,1,NULL,NULL
52588,129092,1337358220,0,NULL,NULL
52591,131019,1337295464,1,NULL,NULL
52591,125761,1337295464,0,NULL,NULL
52591,123723,1337295464,1,NULL,NULL
52593,126670,1337291592,0,NULL,NULL
52593,128146,1337291592,0,NULL,NULL
52596,126387,1337272066,0,NULL,NULL
52597,128120,1337270289,0,NULL,NULL
52597,125099,1337270159,0,NULL,NULL
52597,128889,1337270159,1,NULL,NULL
52597,120527,1337270159,0,NULL,NULL
52597,120650,1337270289,0,NULL,NULL
52598,124841,1337231175,1,NULL,NULL
52598,128139,1337231175,0,NULL,NULL
52598,128403,1337231175,1,NULL,NULL
52598,126540,1337231175,1,NULL,NULL
52598,120914,1337231175,0,NULL,NULL
52599,121410,1337119008,1,NULL,NULL
52600,128318,1337104446,0,NULL,NULL
52600,131968,1337104446,-1,NULL,NULL
52602,124747,1337019277,1,NULL,NULL
52602,127862,1337019277,0,NULL,NULL
52602,125958,1337019277,-1,NULL,NULL
52602,130031,1337019277,1,NULL,NULL
52602,120713,1337019277,1,NULL,NULL
52603,122260,1336858715,1,NULL,NULL
52606,131486,1336820999,1,NULL,NULL
52606,125098,1336820999,1,NULL,NULL
52608,126073,1336804455,0,NULL,NULL
52610,128146,1336774017,1,NULL,NULL
52610,123771,1336774017,1,NULL,NULL
52610,125677,1336774017,1,NULL,NULL
52610,131271,1336774017,-1,NULL,NULL
52610,127334,1336774017,1,NULL,NULL
52624,123675,1336191772,-1,NULL,NULL
52624,125340,1336191772,0,NULL,NULL
52624,127678,1336191772,0,NULL,NULL
52624,131310,1336191772,0,NULL,NULL
52624,127251,1336191772,-1,NULL,NULL
52625,121709,1335212985,1,NULL,NULL
52625,126798,1335461413,-1,NULL,NULL
52625,121273,1336144787,1,NULL,NULL
52626,131033,1336115723,1,NULL,NULL
52627,129934,1336115298,0,NULL,NULL
52627,123073,1336115298,0,NULL,NULL
52627,126108,1336115298,1,NULL,NULL
52633,128407,1336026026,0,NULL,NULL
52633,120735,1336026026,1,NULL,NULL
52633,125066,1336026026,1,NULL,NULL
52633,127073,1336026026,0,NULL,NULL
52633,126579,1336026026,-1,NULL,NULL
52635,125375,1336008384,1,NULL,NULL
52636,125470,1335986341,0,NULL,NULL
52636,120131,1335986341,1,NULL,NULL
52636,123797,1335986341,1,NULL,NULL
52636,128894,1335986341,1,NULL,NULL
52637,125685,1335980443,1,NULL,NULL
52637,127043,1335980443,-1,NULL,NULL
52638,128546,1335822534,-1,NULL,NULL
52638,120232,1335822534,1,NULL,NULL
52638,128959,1335979573,-1,NULL,NULL
52638,120175,1335979573,1,NULL,NULL
52643,125555,1335906141,-1,NULL,NULL
52643,131314,1335906141,1,NULL,NULL
52644,123684,1335905317,1,NULL,NULL
52654,123112,1335470903,0,NULL,NULL
52654,120122,1335470903,0,NULL,NULL
52654,131066,1335470903,1,NULL,NULL
52654,121540,1335470903,-1,NULL,NULL
52654,130111,1335470903,-1,NULL,NULL
52655,120576,1335463198,1,NULL,NULL
52655,121220,1335463198,0,NULL,NULL
52655,129356,1335463198,1,NULL,NULL
52655,128008,1335463198,0,NULL,NULL
52655,128492,1335463198,0,NULL,NULL
52658,127950,1335459831,0,NULL,NULL
52658,131573,1335459831,1,NULL,NULL
52659,124633,1335405538,1,NULL,NULL
52659,127891,1335405538,0,NULL,NULL
52659,127883,1335405538,0,NULL,NULL
52659,123837,1335405538,0,NULL,NULL
52663,127012,1335232274,-1,NULL,NULL
52663,130974,1335246955,1,NULL,NULL
52663,121587,1335332778,0,NULL,NULL
52663,129009,1335332778,-1,NULL,NULL
52672,127047,1333143524,0,NULL,NULL
52672,128123,1334348901,-1,NULL,NULL
52672,128141,1334348901,0,NULL,NULL
52672,129912,1334348901,1,NULL,NULL
52672,126520,1334348901,0,NULL,NULL
52674,124827,1335199624,1,NULL,NULL
52676,126357,1334943362,1,NULL,NULL
52676,131147,1334943362,0,NULL,NULL
52676,127948,1334991646,0,NULL,NULL
52678,131647,1334875530,-1,NULL,NULL
52678,131148,1334875530,1,NULL,NULL
52678,127485,1334875530,1,NULL,NULL
52679,131460,1334858731,1,NULL,NULL
52679,121575,1334858731,0,NULL,NULL
52679,128349,1334858731,0,NULL,NULL
52682,120366,1334786364,-1,NULL,NULL
52685,121228,1334784097,0,NULL,NULL
52685,121424,1334784097,1,NULL,NULL
52687,123712,1334781501,0,NULL,NULL
52687,120251,1334781501,1,NULL,NULL
52688,124428,1334780750,0,NULL,NULL
52689,126001,1334780384,0,NULL,NULL
52690,131121,1334777488,1,NULL,NULL
52692,120680,1334773246,1,NULL,NULL
52692,129107,1334773246,0,NULL,NULL
52695,120920,1334709148,1,NULL,NULL
52695,130015,1334709148,1,NULL,NULL
52698,130999,1334703690,-1,NULL,NULL
52698,129158,1334703690,0,NULL,NULL
52698,120592,1334703690,0,NULL,NULL
52698,125197,1334703690,0,NULL,NULL
52698,128796,1334703690,0,NULL,NULL
52702,124591,1334613357,0,NULL,NULL
52703,121221,1334609042,1,NULL,NULL
52703,131466,1334609042,1,NULL,NULL
52704,120784,1334609003,0,NULL,NULL
52707,127095,1334366727,0,NULL,NULL
52707,131152,1334366727,0,NULL,NULL
52707,121729,1334366727,0,NULL,NULL
52707,124690,1334366727,-1,NULL,NULL
52707,128076,1334366727,0,NULL,NULL
52711,120530,1334299476,1,NULL,NULL
52713,131346,1334252799,-1,NULL,NULL
52713,126973,1334252799,1,NULL,NULL
52716,131431,1334249900,0,NULL,NULL
52718,120555,1334174652,0,NULL,NULL
52718,128317,1334174652,1,NULL,NULL
52718,126107,1334174652,0,NULL,NULL
52718,128115,1334174652,0,NULL,NULL
52718,126733,1334174652,0,NULL,NULL
52720,131576,1334164819,0,NULL,NULL
52720,128396,1334164819,0,NULL,NULL
52720,129187,1334164819,1,NULL,NULL
52720,121632,1334164819,1,NULL,NULL
52721,126601,1334118986,0,NULL,NULL
52721,125132,1334118986,-1,NULL,NULL
52721,126603,1334118986,-1,NULL,NULL
52721,128389,1334118986,-1,NULL,NULL
52721,126629,1334118986,0,NULL,NULL
52722,126977,1334100785,0,NULL,NULL
52722,120274,1334100785,1,NULL,NULL
52722,128413,1334100785,0,NULL,NULL
52722,131501,1334100785,1,NULL,NULL
52722,129272,1334100785,1,NULL,NULL
52723,121306,1334085818,1,NULL,NULL
52727,121885,1334027196,0,NULL,NULL
52728,129895,1333659537,1,NULL,NULL
52728,120062,1333986244,0,NULL,NULL
52728,126070,1333986244,0,NULL,NULL
52728,120090,1334016327,-1,NULL,NULL
52731,131539,1334010475,1,NULL,NULL
52731,129967,1334010475,1,NULL,NULL
52732,121212,1333983292,0,NULL,NULL
52732,131980,1333983292,0,NULL,NULL
52732,122876,1333983292,0,NULL,NULL
52732,129182,1333983292,0,NULL,NULL
52732,128411,1333983292,0,NULL,NULL
52735,131206,1333841548,0,NULL,NULL
52737,123223,1333812659,-1,NULL,NULL
52737,129078,1333812659,-1,NULL,NULL
52737,127745,1333812659,1,NULL,NULL
52739,126077,1333752070,0,NULL,NULL
52750,120860,1333658858,1,NULL,NULL
52750,131552,1333658858,0,NULL,NULL
52751,130859,1333652229,0,NULL,NULL
52751,128918,1333652229,0,NULL,NULL
52751,127087,1333652229,-1,NULL,NULL
52751,127882,1333652229,0,NULL,NULL
52751,125449,1333652229,0,NULL,NULL
52755,128548,1333470410,0,NULL,NULL
52755,126917,1333470410,1,NULL,NULL
52755,120296,1333470410,-1,NULL,NULL
52755,121217,1333470410,1,NULL,NULL
52758,127413,1333400447,0,NULL,NULL
52758,120256,1333400447,0,NULL,NULL
52758,130110,1333400447,0,NULL,NULL
52758,120873,1333400447,1,NULL,NULL
52758,127811,1333428174,0,NULL,NULL
52772,130959,1333046042,0,NULL,NULL
52773,123820,1333038101,0,NULL,NULL
52773,131169,1333038101,0,NULL,NULL
52773,120044,1333038101,0,NULL,NULL
52773,128635,1333038101,0,NULL,NULL
52773,120921,1333038101,0,NULL,NULL
52776,123792,1332819291,0,NULL,NULL
52777,121489,1332803162,0,NULL,NULL
52777,123887,1332803162,0,NULL,NULL
52777,120748,1332803162,0,NULL,NULL
52777,123629,1332803162,1,NULL,NULL
52778,121593,1332794566,1,NULL,NULL
52778,120158,1332794566,1,NULL,NULL
52780,120106,1332541951,1,NULL,NULL
52780,127674,1332783576,0,NULL,NULL
52782,131295,1332623740,0,NULL,NULL
52782,130694,1332623740,0,NULL,NULL
52784,124487,1332546835,0,NULL,NULL
52784,127181,1332546835,0,NULL,NULL
52784,127529,1332546835,1,NULL,NULL
52784,121663,1332546835,0,NULL,NULL
52784,125693,1332546835,1,NULL,NULL
52788,127961,1332537521,0,NULL,NULL
52789,123375,1332537350,1,NULL,NULL
52789,127241,1332537350,1,NULL,NULL
52791,129849,1332449035,-1,NULL,NULL
52791,123397,1332449035,0,NULL,NULL
52794,128696,1332359291,1,NULL,NULL
52794,127233,1332359291,1,NULL,NULL
52794,121496,1332359291,1,NULL,NULL
52794,128406,1332359291,1,NULL,NULL
52794,131615,1332359291,1,NULL,NULL
52796,123565,1332357479,1,NULL,NULL
52798,125959,1332277478,0,NULL,NULL
52808,130932,1331841827,0,NULL,NULL
52808,128424,1331841827,1,NULL,NULL
52808,123632,1331841827,1,NULL,NULL
52809,126549,1331839921,1,NULL,NULL
52809,123008,1331839921,0,NULL,NULL
52809,125313,1331839921,1,NULL,NULL
52809,127377,1331839921,1,NULL,NULL
52809,124665,1331839921,0,NULL,NULL
52810,124401,1331665481,0,NULL,NULL
52811,128778,1331652954,0,NULL,NULL
52811,127241,1331652954,0,NULL,NULL
52811,121443,1331652954,1,NULL,NULL
52811,123468,1331652954,0,NULL,NULL
52811,123603,1331652954,0,NULL,NULL
52817,127548,1331312053,0,NULL,NULL
52817,123619,1331312053,0,NULL,NULL
52817,126993,1331312053,0,NULL,NULL
52817,123790,1331312053,0,NULL,NULL
52818,121182,1331304436,0,NULL,NULL
52818,130680,1331304436,1,NULL,NULL
52818,120397,1331304436,1,NULL,NULL
52819,131412,1331254345,1,NULL,NULL
52821,128444,1331247349,1,NULL,NULL
52821,121384,1331247349,1,NULL,NULL
52821,121903,1331247349,1,NULL,NULL
52821,130710,1331247349,1,NULL,NULL
52821,126813,1331247349,0,NULL,NULL
52822,120875,1331235627,1,NULL,NULL
52823,121706,1331229488,1,NULL,NULL
52823,123229,1331229488,1,NULL,NULL
52824,125673,1331182801,1,NULL,NULL
52825,120367,1331173719,0,NULL,NULL
52828,126845,1330992036,0,NULL,NULL
52828,125447,1330992036,1,NULL,NULL
52828,128659,1330992036,1,NULL,NULL
52828,131190,1330992036,-1,NULL,NULL
52833,128314,1330713027,1,NULL,NULL
52833,126554,1330713027,0,NULL,NULL
52833,130907,1330713027,0,NULL,NULL
52834,120395,1330627409,1,NULL,NULL
52834,121589,1330627409,1,NULL,NULL
52834,128091,1330647985,0,NULL,NULL
52835,128639,1330624383,0,NULL,NULL
52835,120781,1330624383,0,NULL,NULL
52835,123136,1330624383,0,NULL,NULL
52835,128192,1330624383,0,NULL,NULL
52835,120274,1330624383,0,NULL,NULL
52838,120482,1330555357,0,NULL,NULL
52839,120589,1330538315,1,NULL,NULL
52840,131658,1330457973,0,NULL,NULL
52848,128205,1330117572,1,NULL,NULL
52848,120033,1330117572,0,NULL,NULL
52848,120392,1330117572,1,NULL,NULL
52849,121663,1330066049,0,NULL,NULL
52850,126895,1330065697,1,NULL,NULL
52850,127056,1330065697,0,NULL,NULL
52850,126687,1330065697,0,NULL,NULL
52850,130414,1330065697,0,NULL,NULL
52850,131025,1330065697,0,NULL,NULL
52858,131337,1330039107,0,NULL,NULL
52858,121425,1330039107,0,NULL,NULL
52858,124268,1330039107,0,NULL,NULL
52858,123039,1330039107,0,NULL,NULL
52858,123612,1330039107,0,NULL,NULL
52859,122883,1330037922,-1,NULL,NULL
52859,127012,1330037922,0,NULL,NULL
52859,120143,1330037922,0,NULL,NULL
52862,126786,1329972209,-1,NULL,NULL
52862,128348,1329973289,1,NULL,NULL
52863,128088,1329942999,0,NULL,NULL
52863,131687,1329942999,0,NULL,NULL
52863,120425,1329942999,1,NULL,NULL
52864,120764,1329931766,0,NULL,NULL
52864,121031,1329931766,0,NULL,NULL
52875,131053,1329513861,1,NULL,NULL
52875,123401,1329513861,1,NULL,NULL
52875,121226,1329513983,-1,NULL,NULL
52880,123560,1329440821,0,NULL,NULL
52882,125027,1329339975,0,NULL,NULL
52882,130371,1329339975,0,NULL,NULL
52882,126034,1329339975,0,NULL,NULL
52882,125304,1329339975,0,NULL,NULL
52882,129251,1329339975,0,NULL,NULL
52884,127476,1329233339,-1,NULL,NULL
52884,125960,1329233339,1,NULL,NULL
52888,125053,1329158824,0,NULL,NULL
52889,124697,1328977776,0,NULL,NULL
52889,125084,1328977776,1,NULL,NULL
52889,124424,1328977776,0,NULL,NULL
52889,123223,1328977776,1,NULL,NULL
52889,128052,1328977776,0,NULL,NULL
52894,127198,1328811209,-1,NULL,NULL
52895,128229,1328725837,1,NULL,NULL
52895,127275,1328725837,0,NULL,NULL
52895,120917,1328725837,1,NULL,NULL
52895,127141,1328725837,0,NULL,NULL
52902,124734,1328223606,1,NULL,NULL
52902,128936,1328223606,0,NULL,NULL
52902,126516,1328223606,0,NULL,NULL
52902,130778,1328223606,0,NULL,NULL
52902,130806,1328223606,0,NULL,NULL
52903,129254,1328203813,0,NULL,NULL
52903,120279,1328203813,0,NULL,NULL
52903,127109,1328203813,1,NULL,NULL
52903,123083,1328203813,0,NULL,NULL
52904,127431,1328122594,0,NULL,NULL
52904,123266,1328122594,1,NULL,NULL
52904,130067,1328122594,0,NULL,NULL
52905,120151,1328119446,0,NULL,NULL
52905,125113,1328119446,0,NULL,NULL
52905,125096,1328119446,0,NULL,NULL
52905,123732,1328119446,1,NULL,NULL
52905,123458,1328119446,1,NULL,NULL
52908,121318,1328055156,0,NULL,NULL
52917,127023,1327355805,0,NULL,NULL
52917,123828,1327355805,0,NULL,NULL
52918,121607,1326309888,0,NULL,NULL
52918,121555,1326309888,1,NULL,NULL
52918,123193,1326309888,1,NULL,NULL
52918,126524,1327338465,-1,NULL,NULL
52922,125676,1327168028,0,NULL,NULL
52923,131480,1327082794,0,NULL,NULL
52923,130735,1327082794,-1,NULL,NULL
52923,123611,1327082794,-1,NULL,NULL
52925,127033,1326921769,1,NULL,NULL
52925,127698,1326921769,1,NULL,NULL
52928,125694,1326821938,-1,NULL,NULL
52928,128190,1326821938,-1,NULL,NULL
52928,130371,1326821938,-1,NULL,NULL
52928,128119,1326821938,0,NULL,NULL
52929,131686,1326773190,0,NULL,NULL
52929,123066,1326820523,0,NULL,NULL
52929,125700,1326820523,0,NULL,NULL
52929,121900,1326820523,0,NULL,NULL
52929,120530,1326820523,0,NULL,NULL
52930,123039,1326719334,0,NULL,NULL
52930,127708,1326719334,1,NULL,NULL
52930,126852,1326719334,0,NULL,NULL
52931,127957,1326494643,-1,NULL,NULL
52931,125930,1326494643,0,NULL,NULL
52931,127207,1326494643,1,NULL,NULL
52932,129156,1326493432,0,NULL,NULL
52933,123623,1326489450,0,NULL,NULL
52933,131438,1326489450,0,NULL,NULL
52933,129857,1326489450,1,NULL,NULL
52934,128119,1326485260,0,NULL,NULL
52934,123437,1326485260,0,NULL,NULL
52936,125483,1326331166,0,NULL,NULL
52936,124668,1326331166,0,NULL,NULL
52936,128928,1326331166,1,NULL,NULL
52936,123071,1326331166,1,NULL,NULL
52937,126550,1326322377,0,NULL,NULL
52939,127790,1326293926,-1,NULL,NULL
52940,125447,1326238797,0,NULL,NULL
52940,129193,1326238797,1,NULL,NULL
52940,123572,1326238797,1,NULL,NULL
52942,127256,1326221563,1,NULL,NULL
52942,128444,1326221563,1,NULL,NULL
52942,121666,1326221563,0,NULL,NULL
52942,121536,1326221563,1,NULL,NULL
52942,124508,1326221563,-1,NULL,NULL
52945,126766,1326087820,0,NULL,NULL
52945,123676,1326087820,1,NULL,NULL
52951,126660,1324516143,-1,NULL,NULL
52951,123590,1325822038,1,NULL,NULL
52951,129182,1324532525,1,NULL,NULL
52951,131102,1324532525,1,NULL,NULL
52951,120893,1324515840,1,NULL,NULL
52956,130680,1325436667,0,NULL,NULL
52957,123486,1325338528,-1,NULL,NULL
52957,123584,1325345158,1,NULL,NULL
52957,127091,1325338528,-1,NULL,NULL
52957,120054,1325431363,-1,NULL,NULL
52957,128052,1325345158,1,NULL,NULL
52959,126677,1325346199,1,NULL,NULL
52967,123091,1324950254,0,NULL,NULL
52967,127226,1324950254,1,NULL,NULL
52969,123619,1324684675,0,NULL,NULL
52969,131243,1324684675,0,NULL,NULL
52970,125401,1324613786,-1,NULL,NULL
52971,125546,1324447205,1,NULL,NULL
52971,126638,1324447205,0,NULL,NULL
52971,131364,1324447286,0,NULL,NULL
52972,128813,1324440737,0,NULL,NULL
52973,120587,1324440047,1,NULL,NULL
52975,120416,1324406531,0,NULL,NULL
52975,123769,1324406531,1,NULL,NULL
52977,130642,1324080542,-1,NULL,NULL
52977,125545,1324339802,1,NULL,NULL
52981,123850,1324315461,1,NULL,NULL
52982,127404,1324311982,0,NULL,NULL
52982,125350,1324311982,0,NULL,NULL
52982,120618,1324311982,0,NULL,NULL
52983,127041,1324277828,0,NULL,NULL
52984,125657,1324166663,-1,NULL,NULL
52984,123538,1324166663,1,NULL,NULL
52989,125959,1323973595,0,NULL,NULL
52989,120632,1323973595,1,NULL,NULL
52989,129497,1323973595,1,NULL,NULL
52989,123453,1323973595,0,NULL,NULL
52989,131174,1323973595,1,NULL,NULL
52990,120588,1323971099,1,NULL,NULL
52992,131362,1323966041,-1,NULL,NULL
52992,130966,1323966041,0,NULL,NULL
52992,121508,1323966041,1,NULL,NULL
52992,120699,1323966041,1,NULL,NULL
52992,126403,1323966041,0,NULL,NULL
52996,128291,1323883844,0,NULL,NULL
52997,120602,1323821104,0,NULL,NULL
52997,130942,1323821104,0,NULL,NULL
52997,126649,1323821104,1,NULL,NULL
52997,126700,1323821104,-1,NULL,NULL
52997,120429,1323821104,1,NULL,NULL
52998,129983,1323813336,0,NULL,NULL
52998,128052,1323813336,0,NULL,NULL
52998,121152,1323813336,0,NULL,NULL
52998,125669,1323813336,0,NULL,NULL
52998,123097,1323813336,1,NULL,NULL
53003,127823,1323726509,0,NULL,NULL
53003,131096,1323726509,0,NULL,NULL
53003,131960,1323726509,0,NULL,NULL
53003,121499,1323726509,0,NULL,NULL
53003,126347,1323726509,0,NULL,NULL
53005,120733,1323715429,0,NULL,NULL
53012,131449,1323470342,1,NULL,NULL
53017,131079,1323411363,-1,NULL,NULL
53018,130030,1323410374,0,NULL,NULL
53018,129892,1323410374,0,NULL,NULL
53018,126896,1323410374,1,NULL,NULL
53018,131387,1323410374,0,NULL,NULL
53023,121364,1323311907,0,NULL,NULL
53023,128814,1323311907,1,NULL,NULL
53023,121491,1323311907,0,NULL,NULL
53023,123464,1323311907,0,NULL,NULL
53023,120275,1323311907,0,NULL,NULL
53026,125936,1323291959,1,NULL,NULL
53026,131503,1323209711,-1,NULL,NULL
53026,128891,1323209711,1,NULL,NULL
53026,130895,1323209711,0,NULL,NULL
53026,125439,1323291959,1,NULL,NULL
53027,125628,1323215293,0,NULL,NULL
53028,131650,1323208930,0,NULL,NULL
53028,120723,1323208930,0,NULL,NULL
53028,130940,1323208930,1,NULL,NULL
53029,123136,1323138840,1,NULL,NULL
53030,121785,1323126871,1,NULL,NULL
53033,120429,1323051655,1,NULL,NULL
53034,120384,1323047470,0,NULL,NULL
53035,125364,1323032077,1,NULL,NULL
53036,121157,1322805325,1,NULL,NULL
53039,129248,1322696541,1,NULL,NULL
53039,126867,1322696541,1,NULL,NULL
53039,124837,1322696541,1,NULL,NULL
53039,130641,1322696541,1,NULL,NULL
53040,123512,1322688516,0,NULL,NULL
53040,130694,1322688516,0,NULL,NULL
53040,121044,1322688516,0,NULL,NULL
53040,129382,1322688516,0,NULL,NULL
53040,123250,1322688516,0,NULL,NULL
53041,129097,1322598717,0,NULL,NULL
53041,121498,1322598717,0,NULL,NULL
53041,128498,1322598717,0,NULL,NULL
53041,126989,1322598717,0,NULL,NULL
53041,126605,1322598717,1,NULL,NULL
53052,120859,1322242000,1,NULL,NULL
53052,129955,1322242000,1,NULL,NULL
53052,131519,1322262327,0,NULL,NULL
53052,123615,1322242000,1,NULL,NULL
53052,126868,1322242000,1,NULL,NULL
53053,127173,1322161426,1,NULL,NULL
53057,120983,1322100549,-1,NULL,NULL
53057,125346,1322100549,0,NULL,NULL
53057,127064,1322100549,1,NULL,NULL
53057,121243,1322100549,0,NULL,NULL
53057,127318,1322100549,0,NULL,NULL
53060,128271,1322090507,0,NULL,NULL
53060,120530,1322090507,1,NULL,NULL
53061,128334,1322090294,0,NULL,NULL
53063,123568,1322070506,1,NULL,NULL
53063,131283,1322070506,-1,NULL,NULL
53065,127343,1321983679,1,NULL,NULL
53066,126636,1321983065,0,NULL,NULL
53067,131343,1321982886,0,NULL,NULL
53067,131659,1321982760,0,NULL,NULL
53067,120499,1321982760,0,NULL,NULL
53067,127137,1321982760,0,NULL,NULL
53067,128346,1321982760,0,NULL,NULL
53068,131593,1321981707,0,NULL,NULL
53071,121202,1321923880,1,NULL,NULL
53071,127848,1321923880,0,NULL,NULL
53071,125101,1321923880,0,NULL,NULL
53071,129286,1321923880,0,NULL,NULL
53071,128305,1321923880,0,NULL,NULL
53072,127172,1321896572,1,NULL,NULL
53072,128707,1321896572,0,NULL,NULL
53072,123083,1321896572,0,NULL,NULL
53072,130793,1321896572,1,NULL,NULL
53072,120555,1321904724,0,NULL,NULL
53080,121048,1321601683,0,NULL,NULL
53080,131251,1321650518,0,NULL,NULL
53080,131546,1321601683,0,NULL,NULL
53080,127398,1321601683,-1,NULL,NULL
53080,130973,1321601683,0,NULL,NULL
53083,121244,1321582773,1,NULL,NULL
53083,126579,1321582773,0,NULL,NULL
53083,125043,1321582773,0,NULL,NULL
53083,128105,1321582773,-1,NULL,NULL
53083,127061,1321582773,0,NULL,NULL
53087,128390,1321570919,0,NULL,NULL
53088,129920,1321553790,-1,NULL,NULL
53088,121472,1321553790,0,NULL,NULL
53091,129122,1321468692,1,NULL,NULL
53091,128734,1321468692,0,NULL,NULL
53100,120067,1321219055,0,NULL,NULL
53100,125463,1321219055,1,NULL,NULL
53100,123537,1321219055,-1,NULL,NULL
53103,121471,1321072841,1,NULL,NULL
53106,127813,1321053667,0,NULL,NULL
53107,131569,1321053568,0,NULL,NULL
53107,131156,1321053568,1,NULL,NULL
53107,123320,1295591076,0,NULL,NULL
53107,126070,1321053568,0,NULL,NULL
53107,127395,1321053568,-1,NULL,NULL
53113,121853,1320967756,1,NULL,NULL
53113,123032,1320967756,1,NULL,NULL
53113,131916,1320967756,1,NULL,NULL
53113,129259,1320967756,0,NULL,NULL
53115,120337,1320809890,0,NULL,NULL
53115,120639,1320809890,0,NULL,NULL
53115,128548,1320878252,0,NULL,NULL
53115,129154,1320809890,-1,NULL,NULL
53115,128123,1320809890,0,NULL,NULL
53117,123820,1320702028,0,NULL,NULL
53117,131412,1320702028,0,NULL,NULL
53117,129111,1320702028,0,NULL,NULL
53117,123773,1320702028,0,NULL,NULL
53117,126965,1320702028,0,NULL,NULL
53118,131474,1320690177,0,NULL,NULL
53118,127107,1320690177,0,NULL,NULL
53118,124701,1320690177,0,NULL,NULL
53118,123683,1320690177,0,NULL,NULL
53118,126630,1320690177,0,NULL,NULL
53122,121071,1320518724,1,NULL,NULL
53122,127947,1320518724,0,NULL,NULL
53123,123479,1320457725,0,NULL,NULL
53124,123821,1320448208,1,NULL,NULL
53126,131236,1320214358,1,NULL,NULL
53126,121391,1320363588,1,NULL,NULL
53126,120291,1320363588,1,NULL,NULL
53127,131713,1320345281,1,NULL,NULL
53127,120189,1320345281,1,NULL,NULL
53127,122262,1320345281,1,NULL,NULL
53127,129266,1320345281,1,NULL,NULL
53129,126521,1320277702,0,NULL,NULL
53136,129237,1320192355,0,NULL,NULL
53136,120883,1320191042,0,NULL,NULL
53136,120352,1300408800,0,NULL,NULL
53136,130999,1320191042,0,NULL,NULL
53136,120749,1297200874,1,NULL,NULL
53137,127397,1320176360,0,NULL,NULL
53137,120246,1320176360,-1,NULL,NULL
53137,123626,1320175973,0,NULL,NULL
53137,123469,1320176360,0,NULL,NULL
53137,120287,1320176360,0,NULL,NULL
53138,131491,1320185410,1,NULL,NULL
53141,120421,1320171311,0,NULL,NULL
53142,120534,1320165878,1,NULL,NULL
53142,127251,1320165878,0,NULL,NULL
53142,126553,1320165878,0,NULL,NULL
53142,127978,1320165878,0,NULL,NULL
53142,127242,1320165931,1,NULL,NULL
53143,129288,1320125772,0,NULL,NULL
53143,123569,1320125772,1,NULL,NULL
53143,121573,1320125772,0,NULL,NULL
53143,131463,1320125772,0,NULL,NULL
53143,121550,1320125772,0,NULL,NULL
53147,120772,1320009450,0,NULL,NULL
53152,128938,1319840989,1,NULL,NULL
53152,131161,1319840989,-1,NULL,NULL
53152,120612,1319840989,0,NULL,NULL
53152,124749,1319840989,1,NULL,NULL
53153,120081,1319838870,1,NULL,NULL
53155,123634,1319838578,1,NULL,NULL
53155,123226,1319838578,0,NULL,NULL
53155,128487,1319838578,1,NULL,NULL
53155,131767,1319838578,0,NULL,NULL
53155,131479,1319838578,-1,NULL,NULL
53156,125185,1319838238,0,NULL,NULL
53160,121224,1319754002,0,NULL,NULL
53160,123628,1319754002,0,NULL,NULL
53160,128944,1319754002,0,NULL,NULL
53160,120695,1319754002,1,NULL,NULL
53160,123856,1319754002,0,NULL,NULL
53166,127485,1319652302,1,NULL,NULL
53166,120558,1319652302,0,NULL,NULL
53167,123195,1319645471,1,NULL,NULL
53167,127198,1319645471,0,NULL,NULL
53171,131447,1319497981,0,NULL,NULL
53172,127786,1319491440,1,NULL,NULL
53172,121501,1319493749,1,NULL,NULL
53173,126841,1319478759,-1,NULL,NULL
53177,120601,1319222731,1,NULL,NULL
53178,127157,1318969408,0,NULL,NULL
53178,120135,1318969408,1,NULL,NULL
53178,130922,1318969408,0,NULL,NULL
53178,120710,1318969408,0,NULL,NULL
53178,120596,1318969408,0,NULL,NULL
53179,129273,1319166928,0,NULL,NULL
53179,124790,1319166928,0,NULL,NULL
53179,130710,1319166928,0,NULL,NULL
53179,129463,1319166928,0,NULL,NULL
53179,126002,1319166928,0,NULL,NULL
53183,131484,1319137436,-1,NULL,NULL
53183,120581,1319137436,0,NULL,NULL
53186,120521,1319132169,1,NULL,NULL
53186,123323,1319132169,1,NULL,NULL
53187,125448,1319071377,0,NULL,NULL
53187,120115,1319071377,1,NULL,NULL
53190,120383,1319061937,1,NULL,NULL
53191,127528,1319044401,0,NULL,NULL
53196,120550,1318878109,0,NULL,NULL
53199,131158,1318828129,1,NULL,NULL
53200,120275,1318632105,0,NULL,NULL
53200,121207,1318632105,1,NULL,NULL
53200,126559,1318632105,0,NULL,NULL
53200,123580,1318632105,0,NULL,NULL
53200,126133,1318632105,0,NULL,NULL
53203,125483,1318547550,-1,NULL,NULL
53203,131601,1318547550,0,NULL,NULL
53203,127920,1318547550,0,NULL,NULL
53203,129888,1318547550,0,NULL,NULL
53203,131154,1318547550,0,NULL,NULL
53204,121471,1318546578,1,NULL,NULL
53204,131274,1318546578,0,NULL,NULL
53204,124666,1318546578,0,NULL,NULL
53206,125120,1318544460,0,NULL,NULL
53206,127871,1318544460,0,NULL,NULL
53206,131036,1318544460,1,NULL,NULL
53206,129217,1318544460,-1,NULL,NULL
53206,128975,1318544460,1,NULL,NULL
53209,123752,1318483363,1,NULL,NULL
53209,120349,1318483363,0,NULL,NULL
53209,129890,1318491310,1,NULL,NULL
53209,124264,1318483363,0,NULL,NULL
53209,125045,1318483363,0,NULL,NULL
53210,124656,1318455740,0,NULL,NULL
53210,121681,1318455740,0,NULL,NULL
53210,129138,1318455740,0,NULL,NULL
53210,120511,1318455740,0,NULL,NULL
53210,120218,1318455740,1,NULL,NULL
53212,120283,1318392930,-1,NULL,NULL
53212,129288,1318392930,-1,NULL,NULL
53212,131584,1318392930,-1,NULL,NULL
53212,131407,1318392930,0,NULL,NULL
53212,120784,1318392930,0,NULL,NULL
53213,123005,1318368039,0,NULL,NULL
53213,131258,1318368039,1,NULL,NULL
53214,121520,1318142146,0,NULL,NULL
53214,120313,1318142146,0,NULL,NULL
53214,120228,1318142146,1,NULL,NULL
53214,128957,1318142146,0,NULL,NULL
53215,128031,1317938520,1,NULL,NULL
53215,128966,1318003470,0,NULL,NULL
53217,123154,1317931808,1,NULL,NULL
53217,127054,1317931808,0,NULL,NULL
53217,131566,1317931808,0,NULL,NULL
53218,128835,1317880919,0,NULL,NULL
53218,120422,1317880919,-1,NULL,NULL
53220,123005,1317849290,0,NULL,NULL
53220,123502,1317849290,0,NULL,NULL
53220,127435,1317849290,-1,NULL,NULL
53220,120225,1317849290,0,NULL,NULL
53220,120499,1317849290,0,NULL,NULL
53224,124660,1317789785,0,NULL,NULL
53229,124694,1317681292,1,NULL,NULL
53229,123568,1317681292,1,NULL,NULL
53229,129113,1317681292,0,NULL,NULL
53234,131077,1317433479,1,NULL,NULL
53234,125631,1317433479,0,NULL,NULL
53237,121551,1317417624,0,NULL,NULL
53237,130415,1317417624,0,NULL,NULL
53237,123358,1317417624,-1,NULL,NULL
53237,130979,1317417624,0,NULL,NULL
53237,120434,1317417624,1,NULL,NULL
53242,125444,1317352118,0,NULL,NULL
53246,127150,1317277756,0,NULL,NULL
53246,127345,1317277756,1,NULL,NULL
53248,126662,1317225046,0,NULL,NULL
53249,121884,1317156544,0,NULL,NULL
53249,131698,1317156544,1,NULL,NULL
53249,131673,1317156544,0,NULL,NULL
53249,126539,1317156544,1,NULL,NULL
53249,128134,1317156544,0,NULL,NULL
53250,125912,1317101397,0,NULL,NULL
53250,129263,1317101397,0,NULL,NULL
53250,120649,1317101397,0,NULL,NULL
53250,123833,1317101397,1,NULL,NULL
53250,126704,1317101397,0,NULL,NULL
53253,121390,1316890384,1,NULL,NULL
53253,121238,1316890384,1,NULL,NULL
53253,128072,1316890384,1,NULL,NULL
53258,127953,1316806572,0,NULL,NULL
53261,123266,1316796394,1,NULL,NULL
53262,127581,1316732897,1,NULL,NULL
53263,121033,1316634518,0,NULL,NULL
53263,121383,1316625272,0,NULL,NULL
53263,130944,1316625272,1,NULL,NULL
53263,126334,1316634518,0,NULL,NULL
53263,127253,1316634518,0,NULL,NULL
53267,130030,1316464180,0,NULL,NULL
53268,123727,1316452892,0,NULL,NULL
53270,131762,1316287569,0,NULL,NULL
53270,125015,1316315280,0,NULL,NULL
53270,129133,1316315280,0,NULL,NULL
53271,130940,1316291220,1,NULL,NULL
53271,126947,1316291220,1,NULL,NULL
53271,127695,1316291220,0,NULL,NULL
53271,127056,1316292753,1,NULL,NULL
53271,131353,1316291921,0,NULL,NULL
53272,125409,1316283963,0,NULL,NULL
53272,129197,1316283963,0,NULL,NULL
53272,123222,1316283963,0,NULL,NULL
53272,121518,1316283963,1,NULL,NULL
53272,129143,1316283963,1,NULL,NULL
53275,120997,1316219901,0,NULL,NULL
53275,131847,1316219901,0,NULL,NULL
53276,124702,1316217596,0,NULL,NULL
53276,126531,1316217596,0,NULL,NULL
53279,129826,1316199852,1,NULL,NULL
53279,120702,1316199852,1,NULL,NULL
53280,123284,1316195942,0,NULL,NULL
53280,121146,1316195942,0,NULL,NULL
53280,131523,1316195942,0,NULL,NULL
53280,128524,1316195942,0,NULL,NULL
53280,121238,1316195942,1,NULL,NULL
53287,129915,1316054798,0,NULL,NULL
53287,123596,1316054798,0,NULL,NULL
53290,120541,1315987653,-1,NULL,NULL
53290,127088,1315987653,0,NULL,NULL
53290,120049,1315987653,0,NULL,NULL
53290,131545,1315987653,-1,NULL,NULL
53290,123760,1316028866,0,NULL,NULL
53293,127166,1315970336,1,NULL,NULL
53293,121882,1315970336,0,NULL,NULL
53294,128914,1315968855,0,NULL,NULL
53294,126003,1315968855,1,NULL,NULL
53301,126701,1315857557,1,NULL,NULL
53301,127312,1315857557,0,NULL,NULL
53302,126724,1315680285,1,NULL,NULL
53302,120354,1315680285,0,NULL,NULL
53302,131294,1315680285,1,NULL,NULL
53302,130403,1315680285,1,NULL,NULL
53302,128487,1315680285,0,NULL,NULL
53307,127038,1315540020,-1,NULL,NULL
53307,125641,1315540020,0,NULL,NULL
53308,123032,1315543984,-1,NULL,NULL
53320,127025,1315411045,0,NULL,NULL
53320,128397,1315411045,0,NULL,NULL
53327,121627,1314384780,0,NULL,NULL
53327,127689,1314384780,0,NULL,NULL
53327,131585,1314384780,0,NULL,NULL
53327,131008,1314384780,1,NULL,NULL
53327,131539,1314384780,0,NULL,NULL
53333,127436,1314813033,-1,NULL,NULL
53333,126771,1314813033,0,NULL,NULL
53338,130640,1314738685,0,NULL,NULL
53339,125944,1314738484,0,NULL,NULL
53339,130152,1314738484,0,NULL,NULL
53339,121445,1314738484,0,NULL,NULL
53339,127272,1314738484,0,NULL,NULL
53340,126989,1314732444,1,NULL,NULL
53340,125131,1314732444,1,NULL,NULL
53341,121400,1314732291,1,NULL,NULL
53341,126956,1314732291,0,NULL,NULL
53341,127096,1314732291,1,NULL,NULL
53341,123844,1314732291,1,NULL,NULL
53342,129941,1314728406,0,NULL,NULL
53343,123075,1314727825,0,NULL,NULL
53345,131845,1314666784,1,NULL,NULL
53345,121612,1314666784,1,NULL,NULL
53350,129016,1314417678,0,NULL,NULL
53350,126649,1314417678,0,NULL,NULL
53350,121419,1314417678,1,NULL,NULL
53350,131409,1314417678,-1,NULL,NULL
53350,131532,1314417678,1,NULL,NULL
53352,123127,1314229267,1,NULL,NULL
53352,121044,1314243454,0,NULL,NULL
53352,130959,1314229267,1,NULL,NULL
53352,129295,1314229267,0,NULL,NULL
53352,125727,1314413084,1,NULL,NULL
53353,127883,1314385420,-1,NULL,NULL
53354,123457,1314385166,-1,NULL,NULL
53354,120776,1314385166,0,NULL,NULL
53354,128459,1314385166,1,NULL,NULL
53354,131683,1314385166,0,NULL,NULL
53354,131295,1314385166,0,NULL,NULL
53355,123181,1314383222,1,NULL,NULL
53355,129879,1314383222,0,NULL,NULL
53355,123443,1314383222,0,NULL,NULL
53355,123490,1314383222,0,NULL,NULL
53357,124733,1314282800,0,NULL,NULL
53357,126022,1314282800,0,NULL,NULL
53359,121151,1311947171,1,NULL,NULL
53359,121295,1311947171,1,NULL,NULL
53359,126822,1311947171,0,NULL,NULL
53359,127148,1311947171,0,NULL,NULL
53359,131194,1314197606,0,NULL,NULL
53361,127723,1314139673,1,NULL,NULL
53361,129211,1314139673,0,NULL,NULL
53361,128125,1314139673,0,NULL,NULL
53361,125099,1314139673,1,NULL,NULL
53361,120086,1314139673,0,NULL,NULL
53362,126939,1314138736,1,NULL,NULL
53362,123453,1314138736,0,NULL,NULL
53362,127058,1314138736,0,NULL,NULL
53362,126941,1314138736,1,NULL,NULL
53363,125889,1314138863,0,NULL,NULL
53363,130267,1314138863,0,NULL,NULL
53363,127253,1314138863,0,NULL,NULL
53363,125089,1314138863,0,NULL,NULL
53363,126103,1314138863,0,NULL,NULL
53364,128016,1314135452,0,NULL,NULL
53367,120731,1314053919,0,NULL,NULL
53367,128960,1314053919,1,NULL,NULL
53367,120914,1314053919,1,NULL,NULL
53367,120792,1314053919,0,NULL,NULL
53372,126851,1313873299,1,NULL,NULL
53377,120394,1313696507,1,NULL,NULL
53377,123466,1313696507,0,NULL,NULL
53380,128299,1313532906,1,NULL,NULL
53380,128673,1313532906,0,NULL,NULL
53380,129968,1313532906,0,NULL,NULL
53380,120662,1313532906,0,NULL,NULL
53380,126870,1313532906,0,NULL,NULL
53383,128468,1313457403,1,NULL,NULL
53383,120761,1313457403,-1,NULL,NULL
53383,125068,1313457403,1,NULL,NULL
53384,131151,1313239700,1,NULL,NULL
53386,121219,1313212898,0,NULL,NULL
53386,131363,1313212898,0,NULL,NULL
53391,120743,1313012756,0,NULL,NULL
53393,130309,1313005350,0,NULL,NULL
53393,120153,1313005350,0,NULL,NULL
53393,129163,1313005350,0,NULL,NULL
53397,121186,1312869894,0,NULL,NULL
53399,126980,1312864294,0,NULL,NULL
53399,127197,1312864294,0,NULL,NULL
53400,130034,1312696374,0,NULL,NULL
53400,123046,1312696374,1,NULL,NULL
53401,126924,1312574709,0,NULL,NULL
53401,123528,1311712257,1,NULL,NULL
53401,123513,1312574709,1,NULL,NULL
53401,120553,1307216760,-1,NULL,NULL
53401,128443,1306208860,1,NULL,NULL
53402,121394,1312508655,0,NULL,NULL
53403,129032,1312423089,0,NULL,NULL
53404,123614,1312401588,1,NULL,NULL
53404,125324,1312401588,1,NULL,NULL
53404,126804,1312401588,1,NULL,NULL
53404,121273,1312401588,1,NULL,NULL
53404,129092,1312401588,0,NULL,NULL
53405,128934,1308805709,1,NULL,NULL
53405,125416,1310503986,-1,NULL,NULL
53405,120042,1312395990,1,NULL,NULL
53407,127176,1312373839,0,NULL,NULL
53408,130128,1311835467,0,NULL,NULL
53408,131255,1311835467,1,NULL,NULL
53408,121048,1311835467,0,NULL,NULL
53408,131098,1311835467,0,NULL,NULL
53408,120031,1311835467,-1,NULL,NULL
53409,131566,1312265887,1,NULL,NULL
53409,131396,1312265887,1,NULL,NULL
53409,125012,1312265887,1,NULL,NULL
53410,128424,1312235592,1,NULL,NULL
53410,131046,1312235592,1,NULL,NULL
53410,126065,1312235592,0,NULL,NULL
53413,127954,1311921731,0,NULL,NULL
53414,130932,1311812651,1,NULL,NULL
53414,131540,1311899036,-1,NULL,NULL
53417,131400,1311717150,1,NULL,NULL
53417,126963,1311717150,1,NULL,NULL
53417,131536,1311717150,0,NULL,NULL
53417,126551,1311717150,0,NULL,NULL
53417,131541,1311717150,0,NULL,NULL
53422,131244,1311365912,0,NULL,NULL
53423,128016,1311203088,0,NULL,NULL
53425,120714,1311052802,1,NULL,NULL
53426,127440,1311046733,0,NULL,NULL
53427,121191,1308030032,1,NULL,NULL
53427,126074,1310720501,0,NULL,NULL
53427,129301,1308030032,-1,NULL,NULL
53427,121130,1308030032,-1,NULL,NULL
53427,126661,1308030032,0,NULL,NULL
53429,121186,1310779116,1,NULL,NULL
53429,124769,1310779116,0,NULL,NULL
53431,121329,1310603234,1,NULL,NULL
53431,120234,1310603298,0,NULL,NULL
53431,128393,1310603234,-1,NULL,NULL
53431,130892,1310603234,0,NULL,NULL
53431,120651,1310603234,0,NULL,NULL
53433,125303,1310526790,1,NULL,NULL
53433,120506,1309977064,1,NULL,NULL
53433,126973,1310547470,1,NULL,NULL
53433,128188,1310546861,-1,NULL,NULL
53433,126917,1310546022,-1,NULL,NULL
53436,125762,1307658872,1,NULL,NULL
53436,126133,1310447758,1,NULL,NULL
53437,131343,1310183641,1,NULL,NULL
53437,131334,1310183641,0,NULL,NULL
53437,120620,1310183641,0,NULL,NULL
53437,130068,1310183641,0,NULL,NULL
53439,123166,1310075541,1,NULL,NULL
53439,127990,1310084856,0,NULL,NULL
53443,123867,1309991257,0,NULL,NULL
53444,125085,1309985027,0,NULL,NULL
53444,120749,1309985027,1,NULL,NULL
53444,126796,1309985027,0,NULL,NULL
53444,131698,1309985027,0,NULL,NULL
53446,121448,1309972772,0,NULL,NULL
53448,128791,1309565020,-1,NULL,NULL
53449,126335,1309555994,0,NULL,NULL
53449,125322,1309556111,0,NULL,NULL
53449,129361,1309556111,0,NULL,NULL
53449,129218,1309556111,1,NULL,NULL
53449,123448,1309555994,1,NULL,NULL
53450,120153,1309541994,1,NULL,NULL
53450,131519,1309541994,0,NULL,NULL
53450,129260,1309541994,0,NULL,NULL
53450,125508,1309541994,0,NULL,NULL
53450,123516,1309541994,0,NULL,NULL
53451,129169,1309490767,0,NULL,NULL
53452,130638,1309388898,-1,NULL,NULL
53454,121898,1309386099,0,NULL,NULL
53454,123166,1309386099,0,NULL,NULL
53454,121237,1309386099,0,NULL,NULL
53454,123544,1309386099,0,NULL,NULL
53454,127914,1309386099,0,NULL,NULL
53457,126856,1309304223,1,NULL,NULL
53457,120723,1309304223,0,NULL,NULL
53457,131386,1309304223,1,NULL,NULL
53459,131311,1309236549,0,NULL,NULL
53459,123597,1309236549,0,NULL,NULL
53460,127389,1309233301,0,NULL,NULL
53468,131394,1308725308,1,NULL,NULL
53468,120437,1308725308,1,NULL,NULL
53468,120378,1308725308,1,NULL,NULL
53470,126150,1308698968,-1,NULL,NULL
53471,126003,1308694953,0,NULL,NULL
53472,131285,1308689774,0,NULL,NULL
53472,131035,1308689774,0,NULL,NULL
53472,123832,1308689774,1,NULL,NULL
53477,120621,1308257008,1,NULL,NULL
53477,127296,1308257008,1,NULL,NULL
53478,130027,1308253894,1,NULL,NULL
53479,131712,1308248939,0,NULL,NULL
53479,128105,1308248939,1,NULL,NULL
53479,128392,1308248939,1,NULL,NULL
53483,123228,1308086414,0,NULL,NULL
53483,121573,1308086414,0,NULL,NULL
53483,130821,1308086414,0,NULL,NULL
53483,123612,1308086414,0,NULL,NULL
53483,121612,1308086414,0,NULL,NULL
53485,120221,1308003183,-1,NULL,NULL
53485,131491,1308003183,1,NULL,NULL
53485,126841,1308029831,0,NULL,NULL
53487,125349,1308008629,0,NULL,NULL
53487,127757,1308008629,1,NULL,NULL
53488,128070,1308003311,0,NULL,NULL
53488,123820,1308003311,0,NULL,NULL
53488,123407,1308003311,0,NULL,NULL
53488,128458,1308003311,0,NULL,NULL
53488,128355,1308003311,0,NULL,NULL
53490,125940,1303862028,1,NULL,NULL
53490,123614,1307748278,1,NULL,NULL
53493,120755,1307546829,-1,NULL,NULL
53493,125633,1307546829,1,NULL,NULL
53497,127716,1307144978,0,NULL,NULL
53501,127340,1306717801,1,NULL,NULL
53502,127440,1306383642,1,NULL,NULL
53502,127034,1306383642,1,NULL,NULL
53502,127948,1306688531,1,NULL,NULL
53502,126525,1306688792,0,NULL,NULL
53503,128865,1306356632,0,NULL,NULL
53503,123148,1306356632,0,NULL,NULL
53503,125934,1306356632,1,NULL,NULL
53503,129094,1306356632,1,NULL,NULL
53503,130111,1306356632,0,NULL,NULL
53504,131148,1306356251,0,NULL,NULL
53505,129301,1306356080,1,NULL,NULL
53506,121198,1306300030,0,NULL,NULL
53506,123634,1306300030,0,NULL,NULL
53506,127194,1306300030,0,NULL,NULL
53506,128144,1306300030,0,NULL,NULL
53506,120701,1306300030,0,NULL,NULL
53507,121854,1306298919,-1,NULL,NULL
53507,124696,1306298919,0,NULL,NULL
53507,123110,1306298919,-1,NULL,NULL
53507,123720,1306298919,-1,NULL,NULL
53507,120176,1306298919,-1,NULL,NULL
53508,125018,1306297092,0,NULL,NULL
53508,128355,1306297092,1,NULL,NULL
53509,120713,1306257942,1,NULL,NULL
53510,121166,1306214360,0,NULL,NULL
53510,127043,1289009103,0,NULL,NULL
53510,120644,1289009103,0,NULL,NULL
53510,126934,1289019016,0,NULL,NULL
53510,123072,1289009103,0,NULL,NULL
53512,131266,1306163221,0,NULL,NULL
53512,127468,1306166335,0,NULL,NULL
53516,125316,1305842427,0,NULL,NULL
53518,129124,1305838935,1,NULL,NULL
53520,123204,1305783218,0,NULL,NULL
53520,124664,1305783218,1,NULL,NULL
53520,128472,1305830072,0,NULL,NULL
53520,131647,1305830072,0,NULL,NULL
53523,131253,1305307027,-1,NULL,NULL
53528,123519,1304663129,0,NULL,NULL
53528,123849,1304663129,0,NULL,NULL
53528,120580,1304663129,1,NULL,NULL
53528,121235,1304731954,1,NULL,NULL
53534,129910,1304655868,0,NULL,NULL
53535,130639,1304635724,0,NULL,NULL
53536,123760,1304575676,0,NULL,NULL
53537,131782,1304537325,1,NULL,NULL
53537,131560,1304537325,1,NULL,NULL
53537,129618,1304537325,0,NULL,NULL
53542,124591,1304449620,-1,NULL,NULL
53542,130742,1304449620,0,NULL,NULL
53544,120579,1304403066,0,NULL,NULL
53544,120197,1304403066,1,NULL,NULL
53544,126987,1304403066,0,NULL,NULL
53544,124591,1304403066,1,NULL,NULL
53544,127220,1304403066,1,NULL,NULL
53547,123071,1304379474,0,NULL,NULL
53547,128700,1304379474,-1,NULL,NULL
53548,124741,1304360045,0,NULL,NULL
53550,121388,1304359459,0,NULL,NULL
53553,130919,1303969925,0,NULL,NULL
53553,128019,1303945962,0,NULL,NULL
53553,127980,1303945962,-1,NULL,NULL
53553,127677,1303945962,1,NULL,NULL
53553,129132,1303945962,-1,NULL,NULL
53554,129196,1304048007,-1,NULL,NULL
53555,123501,1304020285,0,NULL,NULL
53555,131142,1304020285,0,NULL,NULL
53555,124423,1304020285,0,NULL,NULL
53555,120120,1304020285,0,NULL,NULL
53555,126871,1304020285,1,NULL,NULL
53556,125678,1303944178,0,NULL,NULL
53556,129836,1303944178,1,NULL,NULL
53556,127721,1303944178,0,NULL,NULL
53556,129815,1303944178,1,NULL,NULL
53556,123846,1303944178,0,NULL,NULL
53557,126354,1303862491,0,NULL,NULL
53557,123463,1303862491,-1,NULL,NULL
53557,121048,1303862491,0,NULL,NULL
53562,126633,1300759441,0,NULL,NULL
53562,123814,1303842931,1,NULL,NULL
53564,120676,1303773221,-1,NULL,NULL
53567,127106,1303370903,0,NULL,NULL
53567,123623,1303370903,0,NULL,NULL
53567,130819,1303370903,0,NULL,NULL
53567,126933,1303370903,-1,NULL,NULL
53567,129737,1303370903,0,NULL,NULL
53573,120665,1303160322,0,NULL,NULL
53573,127316,1303162891,1,NULL,NULL
53573,127043,1303160322,1,NULL,NULL
53573,130958,1303162891,1,NULL,NULL
53573,126845,1303162891,0,NULL,NULL
53574,123312,1303160948,-1,NULL,NULL
53576,128680,1303146975,0,NULL,NULL
53576,131721,1303146975,1,NULL,NULL
53576,129015,1303146975,1,NULL,NULL
53576,120656,1303146975,1,NULL,NULL
53576,129099,1303146975,1,NULL,NULL
53578,130712,1302908702,1,NULL,NULL
53578,129297,1302908702,-1,NULL,NULL
53578,128396,1302908702,0,NULL,NULL
53578,130944,1302908702,1,NULL,NULL
53580,129093,1302841720,0,NULL,NULL
53580,123070,1302841720,0,NULL,NULL
53580,120041,1302841720,0,NULL,NULL
53582,125547,1302806119,1,NULL,NULL
53584,125501,1302673285,1,NULL,NULL
53584,120251,1302673285,0,NULL,NULL
53584,123352,1302673285,1,NULL,NULL
53584,126591,1302673285,0,NULL,NULL
53584,123144,1302673285,-1,NULL,NULL
53585,130976,1302670385,0,NULL,NULL
53587,127449,1302668625,0,NULL,NULL
53588,131278,1302547182,0,NULL,NULL
53588,130320,1302549767,0,NULL,NULL
53588,120091,1302547182,1,NULL,NULL
53588,130267,1302547182,0,NULL,NULL
53588,120547,1302547182,1,NULL,NULL
53590,120850,1302310119,0,NULL,NULL
53590,124732,1302310119,1,NULL,NULL
53590,128905,1302310119,0,NULL,NULL
53590,126546,1302310119,0,NULL,NULL
53598,121667,1302134374,0,NULL,NULL
53598,123599,1302134374,0,NULL,NULL
53598,131300,1302134374,-1,NULL,NULL
53598,126755,1302134374,-1,NULL,NULL
53599,126698,1302134330,-1,NULL,NULL
53603,126642,1301944761,0,NULL,NULL
53606,120080,1301755270,0,NULL,NULL
53606,120248,1301755270,1,NULL,NULL
53609,120602,1301636091,1,NULL,NULL
53610,125321,1301635597,0,NULL,NULL
53613,129955,1301430412,1,NULL,NULL
53613,127677,1301432988,0,NULL,NULL
53615,120692,1301177271,0,NULL,NULL
53615,131306,1301177271,1,NULL,NULL
53616,120052,1301087113,1,NULL,NULL
53616,120712,1301087113,-1,NULL,NULL
53616,120467,1301087113,1,NULL,NULL
53619,121630,1301013655,1,NULL,NULL
53619,127075,1301013655,-1,NULL,NULL
53619,125458,1301013655,1,NULL,NULL
53620,130837,1301007968,0,NULL,NULL
53620,120544,1301013314,0,NULL,NULL
53620,121645,1301013314,0,NULL,NULL
53621,127387,1301009796,1,NULL,NULL
53622,125947,1300747727,0,NULL,NULL
53622,128312,1300750494,-1,NULL,NULL
53622,131373,1300750494,-1,NULL,NULL
53622,128347,1301008824,1,NULL,NULL
53622,129261,1301008824,1,NULL,NULL
53623,123875,1301008375,0,NULL,NULL
53626,127380,1301000365,-1,NULL,NULL
53627,120278,1300999676,0,NULL,NULL
53627,123508,1300999676,0,NULL,NULL
53629,121136,1300993310,0,NULL,NULL
53629,123813,1300993310,-1,NULL,NULL
53629,131701,1300993310,0,NULL,NULL
53629,120044,1300993310,0,NULL,NULL
53629,131533,1300993310,1,NULL,NULL
53632,127731,1300941234,1,NULL,NULL
53634,128496,1300915567,0,NULL,NULL
53634,120034,1300915567,0,NULL,NULL
53634,131006,1300915567,0,NULL,NULL
53634,120449,1300915567,-1,NULL,NULL
53634,131038,1300915567,1,NULL,NULL
53635,126940,1300832417,-1,NULL,NULL
53638,126749,1300763491,0,NULL,NULL
53639,126365,1300753324,-1,NULL,NULL
53639,128668,1300753324,-1,NULL,NULL
53639,131265,1300753324,0,NULL,NULL
53641,131980,1300745290,0,NULL,NULL
53643,129937,1300565822,0,NULL,NULL
53643,125678,1300566237,0,NULL,NULL
53643,129153,1300585963,0,NULL,NULL
53648,131300,1300390011,1,NULL,NULL
53651,123686,1298509151,1,NULL,NULL
53651,126719,1300317531,0,NULL,NULL
53651,121159,1300226519,0,NULL,NULL
53651,121152,1299199699,-1,NULL,NULL
53651,131712,1299091502,0,NULL,NULL
53656,126963,1300230275,0,NULL,NULL
53659,127481,1300148759,0,NULL,NULL
53659,123477,1300148759,0,NULL,NULL
53664,123115,1300117234,0,NULL,NULL
53665,127768,1299911666,1,NULL,NULL
53665,123210,1299911666,1,NULL,NULL
53678,123798,1299175227,0,NULL,NULL
53681,121559,1298914447,0,NULL,NULL
53681,121865,1298927102,0,NULL,NULL
53682,123841,1298920611,0,NULL,NULL
53683,126543,1298748644,0,NULL,NULL
53684,120035,1298748436,1,NULL,NULL
53685,126542,1298747430,1,NULL,NULL
53687,127898,1298586884,1,NULL,NULL
53687,130403,1298586884,0,NULL,NULL
53688,131530,1298502130,0,NULL,NULL
53688,130890,1298502130,0,NULL,NULL
53689,120195,1298170248,0,NULL,NULL
53689,123597,1298170248,0,NULL,NULL
53691,128196,1297730206,1,NULL,NULL
53694,127330,1297278728,-1,NULL,NULL
53702,120061,1296916656,1,NULL,NULL
53702,125999,1296916656,1,NULL,NULL
53705,128834,1296840722,0,NULL,NULL
53705,131179,1296840951,0,NULL,NULL
53706,120305,1296733742,1,NULL,NULL
53708,121376,1296718937,1,NULL,NULL
53708,121180,1296718937,0,NULL,NULL
53710,120860,1296541221,0,NULL,NULL
53711,128391,1296505437,0,NULL,NULL
53712,123867,1296257899,0,NULL,NULL
53712,123166,1296257899,1,NULL,NULL
53712,127395,1296257899,1,NULL,NULL
53712,120576,1296257899,1,NULL,NULL
53714,130408,1296118460,0,NULL,NULL
53715,121524,1295565120,0,NULL,NULL
53715,124649,1295565180,1,NULL,NULL
53716,126153,1295587052,0,NULL,NULL
53717,131206,1295575707,0,NULL,NULL
53719,120916,1293581072,0,NULL,NULL
53719,130752,1295484449,-1,NULL,NULL
53722,123812,1294439604,1,NULL,NULL
53722,128468,1294439604,0,NULL,NULL
53722,121065,1294448820,-1,NULL,NULL
53722,125070,1294448820,0,NULL,NULL
53723,127342,1294340452,0,NULL,NULL
53723,128400,1294340452,0,NULL,NULL
53723,124263,1294340452,0,NULL,NULL
53723,123730,1294366134,0,NULL,NULL
53727,128916,1294261640,1,NULL,NULL
53728,123610,1294250759,1,NULL,NULL
53728,126536,1294250759,1,NULL,NULL
53728,120850,1294250759,1,NULL,NULL
53729,120747,1294188522,0,NULL,NULL
53730,131159,1294185716,0,NULL,NULL
53732,131341,1294099839,0,NULL,NULL
53734,123480,1293493107,1,NULL,NULL
53734,121574,1293493107,0,NULL,NULL
53735,127226,1293049737,-1,NULL,NULL
53736,124995,1293047651,0,NULL,NULL
53738,127974,1292877341,0,NULL,NULL
53738,131591,1292877341,1,NULL,NULL
53738,126786,1292877341,0,NULL,NULL
53738,127227,1292877341,0,NULL,NULL
53738,128318,1292877341,0,NULL,NULL
53739,120127,1292963966,0,NULL,NULL
53739,125083,1292963966,0,NULL,NULL
53739,126847,1292963966,0,NULL,NULL
53739,126620,1292963966,0,NULL,NULL
53739,120098,1292963966,0,NULL,NULL
53742,120050,1292866209,0,NULL,NULL
53750,123148,1292442429,0,NULL,NULL
53750,128981,1292442429,1,NULL,NULL
53750,120320,1292442429,0,NULL,NULL
53751,131926,1292407919,0,NULL,NULL
53751,125640,1292407919,0,NULL,NULL
53751,121251,1292407919,0,NULL,NULL
53751,130451,1292407919,1,NULL,NULL
53751,131603,1292407919,0,NULL,NULL
53752,123652,1292377446,0,NULL,NULL
53752,123380,1292377446,0,NULL,NULL
53752,127670,1292377446,1,NULL,NULL
53752,130016,1292377446,1,NULL,NULL
53752,129618,1292377446,1,NULL,NULL
53755,120196,1292356863,0,NULL,NULL
53755,125362,1292356863,1,NULL,NULL
53761,128202,1291844305,1,NULL,NULL
53761,127984,1291844305,0,NULL,NULL
53761,120046,1292017574,-1,NULL,NULL
53763,126879,1291761366,-1,NULL,NULL
53767,127674,1291062222,0,NULL,NULL
53767,124791,1291699599,0,NULL,NULL
53767,120078,1291699599,0,NULL,NULL
53768,125119,1291683485,1,NULL,NULL
53769,123412,1291669133,0,NULL,NULL
53769,121225,1291669133,-1,NULL,NULL
53770,127557,1291524583,-1,NULL,NULL
53770,120607,1291524583,1,NULL,NULL
53770,130846,1291524583,0,NULL,NULL
53770,128939,1291524583,0,NULL,NULL
53770,121135,1291524583,0,NULL,NULL
53772,126902,1291423816,0,NULL,NULL
53775,120235,1291352311,0,NULL,NULL
53775,125022,1291352311,0,NULL,NULL
53781,120742,1291244187,0,NULL,NULL
53784,120560,1291167172,1,NULL,NULL
53784,121495,1291167172,0,NULL,NULL
53784,127006,1291167172,1,NULL,NULL
53784,129989,1291167172,0,NULL,NULL
53785,128996,1291148870,0,NULL,NULL
53785,126837,1291148870,0,NULL,NULL
53785,121486,1291148870,0,NULL,NULL
53785,129196,1291148870,0,NULL,NULL
53785,125390,1291148870,1,NULL,NULL
53787,126143,1291069600,0,NULL,NULL
53791,127038,1291064512,0,NULL,NULL
53791,131632,1291064512,0,NULL,NULL
53791,130152,1291064512,1,NULL,NULL
53791,128392,1291064512,0,NULL,NULL
53791,121483,1291064512,0,NULL,NULL
53792,123196,1291062662,0,NULL,NULL
53792,120416,1291063543,0,NULL,NULL
53792,123811,1291063543,0,NULL,NULL
53792,120509,1291063543,0,NULL,NULL
53796,120658,1290641336,0,NULL,NULL
53800,131550,1290549189,0,NULL,NULL
53801,128088,1290547878,0,NULL,NULL
53801,120676,1290547878,0,NULL,NULL
53801,130971,1290547878,0,NULL,NULL
53803,127301,1290205269,0,NULL,NULL
53803,127465,1290205269,0,NULL,NULL
53806,125399,1290041615,1,NULL,NULL
53808,121885,1289524976,0,NULL,NULL
53813,128345,1289456194,1,NULL,NULL
53816,121261,1289426800,0,NULL,NULL
53818,131152,1289412743,1,NULL,NULL
53818,131273,1289412743,1,NULL,NULL
53818,121207,1289412743,1,NULL,NULL
53818,127080,1289412743,1,NULL,NULL
53818,126688,1289412743,1,NULL,NULL
53824,121049,1289354053,-1,NULL,NULL
53824,129081,1289354053,1,NULL,NULL
53824,121650,1289354053,1,NULL,NULL
53824,131164,1289354053,-1,NULL,NULL
53824,128376,1289354053,1,NULL,NULL
53826,124747,1289348280,0,NULL,NULL
53826,127092,1289348280,0,NULL,NULL
53826,126588,1289348280,0,NULL,NULL
53826,125120,1289348384,0,NULL,NULL
53827,125099,1287082077,0,NULL,NULL
53827,123245,1289338089,0,NULL,NULL
53827,128844,1289338089,0,NULL,NULL
53827,123841,1289338089,-1,NULL,NULL
53827,120449,1289338089,1,NULL,NULL
53829,120556,1289340325,0,NULL,NULL
53831,121131,1289268147,0,NULL,NULL
53831,121199,1289268147,0,NULL,NULL
53835,120080,1289233144,1,NULL,NULL
53835,131846,1289233144,-1,NULL,NULL
53835,126352,1289233144,0,NULL,NULL
53835,128939,1289233144,0,NULL,NULL
53838,127935,1288997989,0,NULL,NULL
53838,128708,1288997989,0,NULL,NULL
53838,121445,1288997989,0,NULL,NULL
53838,129232,1288997989,0,NULL,NULL
53839,131161,1288996139,0,NULL,NULL
53839,127571,1288996139,1,NULL,NULL
53845,125668,1288913971,-1,NULL,NULL
53845,129989,1288913971,1,NULL,NULL
53845,120578,1288913971,0,NULL,NULL
53846,125933,1288735607,1,NULL,NULL
53846,124643,1288913594,0,NULL,NULL
53849,123107,1288819307,-1,NULL,NULL
53849,129946,1288824359,0,NULL,NULL
53853,131185,1288656032,0,NULL,NULL
53853,128658,1288671064,1,NULL,NULL
53853,121667,1288656032,0,NULL,NULL
53853,129226,1288656032,0,NULL,NULL
53853,126776,1288656032,1,NULL,NULL
53858,126026,1288594113,0,NULL,NULL
53860,127343,1288459245,0,NULL,NULL
53860,122264,1288459245,0,NULL,NULL
53860,120712,1288459245,0,NULL,NULL
53860,131051,1288459245,0,NULL,NULL
53860,128459,1288459245,1,NULL,NULL
53862,120697,1288458138,1,NULL,NULL
53864,121211,1288454467,0,NULL,NULL
53866,128363,1288377272,0,NULL,NULL
53867,120286,1288332524,1,NULL,NULL
53867,121533,1288332524,0,NULL,NULL
53867,123824,1288332524,0,NULL,NULL
53867,123626,1288333252,0,NULL,NULL
53867,129826,1288332524,0,NULL,NULL
53868,125048,1288327690,1,NULL,NULL
53868,126065,1288327690,0,NULL,NULL
53868,129877,1288327690,1,NULL,NULL
53868,130308,1288327690,0,NULL,NULL
53868,127962,1288327690,0,NULL,NULL
53872,121164,1288221450,-1,NULL,NULL
53872,129889,1288221450,0,NULL,NULL
53872,129153,1288221450,-1,NULL,NULL
53872,128774,1288221450,1,NULL,NULL
53872,123846,1288221450,1,NULL,NULL
53875,123147,1288119013,0,NULL,NULL
53875,131572,1288119013,1,NULL,NULL
53875,123102,1288119013,1,NULL,NULL
53875,120557,1288119013,0,NULL,NULL
53875,120774,1288119013,1,NULL,NULL
53876,128139,1288114075,0,NULL,NULL
53876,128265,1288111951,1,NULL,NULL
53876,121204,1288111951,1,NULL,NULL
53876,131709,1288111951,1,NULL,NULL
53876,131454,1288111951,0,NULL,NULL
53877,127850,1285976890,0,NULL,NULL
53877,120109,1288047407,-1,NULL,NULL
53878,123328,1287959787,0,NULL,NULL
53878,127155,1287959787,1,NULL,NULL
53879,131124,1287959506,0,NULL,NULL
53879,126353,1287959506,0,NULL,NULL
53880,125991,1287815522,0,NULL,NULL
53880,125753,1287815522,-1,NULL,NULL
53880,124369,1287815522,0,NULL,NULL
53880,127318,1287815522,0,NULL,NULL
53882,126766,1287777261,0,NULL,NULL
53882,130644,1287777261,1,NULL,NULL
53882,124657,1287791142,0,NULL,NULL
53882,120867,1287777261,0,NULL,NULL
53882,126760,1287777261,1,NULL,NULL
53883,129113,1287779099,0,NULL,NULL
53883,126563,1287779099,0,NULL,NULL
53884,125434,1287698234,0,NULL,NULL
53887,120597,1287595511,0,NULL,NULL
53893,127985,1287468205,0,NULL,NULL
53896,131297,1287442596,-1,NULL,NULL
53896,127417,1287442596,0,NULL,NULL
53896,130622,1287442596,-1,NULL,NULL
53897,121893,1287428930,1,NULL,NULL
53897,130800,1287428930,0,NULL,NULL
53897,120485,1287428930,1,NULL,NULL
53897,121330,1287428930,1,NULL,NULL
53897,128395,1287428930,0,NULL,NULL
53901,130942,1287206055,1,NULL,NULL
53901,120050,1287206055,1,NULL,NULL
53901,129019,1287206055,0,NULL,NULL
53901,123069,1287206055,0,NULL,NULL
53902,123585,1287175573,1,NULL,NULL
53902,131324,1287177758,0,NULL,NULL
53902,126969,1287097809,0,NULL,NULL
53902,123416,1287175573,0,NULL,NULL
53902,127905,1287177758,0,NULL,NULL
53905,127134,1287100369,1,NULL,NULL
53905,121050,1287100369,1,NULL,NULL
53910,125299,1286690699,0,NULL,NULL
53910,131178,1286690699,1,NULL,NULL
53910,120295,1286690699,0,NULL,NULL
53910,123827,1286690699,0,NULL,NULL
53910,129534,1286690699,0,NULL,NULL
53912,120224,1286578240,0,NULL,NULL
53912,127485,1286492068,0,NULL,NULL
53912,130308,1286578240,0,NULL,NULL
53912,128943,1286492068,0,NULL,NULL
53912,121274,1286578240,0,NULL,NULL
53913,120864,1286567111,1,NULL,NULL
53913,126647,1286567111,0,NULL,NULL
53913,121523,1286567111,0,NULL,NULL
53913,126820,1286567111,0,NULL,NULL
53913,127299,1286567111,0,NULL,NULL
53917,123317,1286475184,0,NULL,NULL
53917,127548,1286475184,0,NULL,NULL
53918,125058,1286404138,0,NULL,NULL
53918,125363,1286404138,0,NULL,NULL
53923,123110,1286326747,0,NULL,NULL
53925,124383,1286255002,1,NULL,NULL
53925,128560,1286255002,0,NULL,NULL
53925,131101,1286255002,0,NULL,NULL
53926,127034,1286220342,0,NULL,NULL
53926,130621,1285651769,-1,NULL,NULL
53926,128982,1285651582,0,NULL,NULL
53926,121186,1285651582,1,NULL,NULL
53926,120109,1286220342,0,NULL,NULL
53928,123280,1286162366,0,NULL,NULL
53928,123073,1286162366,0,NULL,NULL
53928,126942,1286162366,0,NULL,NULL
53934,128496,1285965876,-1,NULL,NULL
53947,121064,1285621324,0,NULL,NULL
53947,131260,1285621324,0,NULL,NULL
53947,128305,1285621324,0,NULL,NULL
53947,120237,1285621324,0,NULL,NULL
53947,121167,1285621324,1,NULL,NULL
53948,121126,1285395882,0,NULL,NULL
53948,126700,1285395882,0,NULL,NULL
53948,123381,1285395882,0,NULL,NULL
53948,120730,1285395882,1,NULL,NULL
53951,130863,1285353282,0,NULL,NULL
53953,121228,1285307201,0,NULL,NULL
53953,120207,1285307201,1,NULL,NULL
53953,131192,1285307201,0,NULL,NULL
53953,127109,1285307201,0,NULL,NULL
53953,130852,1285307201,0,NULL,NULL
41737,120135,1583149803,0,NULL,NULL
41737,120088,1583149803,0,0.0,NULL
41737,120073,1583149803,0,0.0,0.0
41737,120053,1583149803,0,NULL,NULL
41737,120158,1583149803,0,NULL,NULL
41754,120189,1583135020,0,NULL,NULL
41754,120199,1583135020,0,NULL,NULL
41754,120191,1583135020,0,NULL,NULL
41754,120198,1583135020,0,NULL,NULL
41754,120193,1583135020,0,0.0,0.0
41757,120198,1583135020,0,NULL,NULL
41763,120212,1583135020,0,NULL,NULL
41763,120216,1583135020,1,NULL,NULL
41763,120194,1583135020,-1,NULL,NULL
41763,120200,1583135020,0,0.0,0.0
41763,120176,1583135020,1,NULL,NULL
41771,120223,1583135020,0,NULL,NULL
41771,120227,1583135020,0,NULL,NULL
41771,120220,1583135020,0,NULL,NULL
41771,120218,1583135020,0,NULL,NULL
41771,120224,1583135020,0,NULL,NULL
41783,120180,1568085238,0,NULL,NULL
41783,120243,1568085238,0,NULL,NULL
41783,120214,1583135020,-1,NULL,NULL
41783,120215,1568085238,0,NULL,NULL
41783,120216,1568083664,0,NULL,NULL
41787,120196,1568085250,0,NULL,NULL
41787,120196,1568083664,0,NULL,NULL
41787,120196,1583135020,1,NULL,NULL
41787,120213,1568083664,0,NULL,NULL
41787,120207,1568083664,0,NULL,NULL
41790,120176,1568083664,0,NULL,NULL
41790,120240,1568085257,-1,NULL,NULL
41790,120197,1568085257,1,NULL,NULL
41790,120176,1568085257,0,NULL,NULL
41790,120209,1568085257,-1,NULL,NULL
41799,120273,1568085277,0,NULL,NULL
41799,120275,1568083664,1,NULL,NULL
41799,120251,1583135020,0,NULL,NULL
41799,120274,1568085277,-1,NULL,NULL
41799,120270,1568085277,0,0.0,0.0
41802,120171,1583065010,1,NULL,NULL
41811,120305,1582914915,0,NULL,NULL
41814,120313,1582899479,1,NULL,NULL
41814,120275,1582899479,1,NULL,NULL
41814,120320,1582899479,0,NULL,NULL
41814,120068,1582899479,0,NULL,NULL
41814,120310,1582899479,1,NULL,NULL
41818,120323,1582719741,1,NULL,NULL
41821,120210,1582672144,-1,NULL,NULL
41821,120338,1582672144,1,NULL,NULL
41821,120313,1582672144,1,NULL,NULL
41821,120339,1582672144,0,NULL,NULL
41821,120325,1582672144,0,0.0,0.0
41832,120231,1582107612,1,NULL,NULL
41832,120176,1582107612,0,NULL,NULL
41832,120562,1582107612,0,NULL,NULL
41832,120176,1582553501,1,NULL,NULL
41832,120231,1582553501,0,NULL,NULL
41839,120312,1582171817,0,NULL,NULL
41839,120351,1582171817,1,NULL,NULL
41839,120356,1582171817,0,NULL,NULL
41839,120355,1582171817,0,NULL,NULL
41839,120350,1582171817,0,NULL,NULL
41843,120357,1582171817,0,0.0,NULL
41843,120359,1582171817,0,NULL,NULL
41848,120367,1582171817,1,NULL,NULL
41848,120402,1582171817,0,NULL,NULL
41848,120300,1582171817,1,NULL,NULL
41848,120388,1582171817,0,NULL,NULL
41848,120375,1582171817,0,NULL,NULL
41852,120419,1582171817,0,NULL,NULL
41852,120449,1582171817,0,NULL,NULL
41852,120451,1582171817,0,NULL,NULL
41852,120445,1582171817,0,NULL,NULL
41852,120409,1582171817,0,NULL,NULL
41859,120192,1582171817,1,NULL,NULL
41863,120489,1582171817,0,NULL,NULL
41863,120192,1582171817,-1,NULL,NULL
41863,120493,1582171817,0,NULL,NULL
41863,120502,1582171817,0,NULL,NULL
41863,120494,1582171817,0,NULL,NULL
41865,120177,1582171817,1,NULL,NULL
41865,120275,1582171817,1,NULL,NULL
41868,120509,1582171817,0,NULL,NULL
41868,120176,1582171817,-1,NULL,NULL
41868,120513,1582171817,0,NULL,NULL
41868,120507,1582171817,0,NULL,NULL
41868,120516,1582171817,0,NULL,NULL
41871,120367,1582171817,0,NULL,NULL
41871,120176,1582171817,-1,NULL,NULL
41871,120524,1582171817,1,NULL,NULL
41876,120526,1582156113,0,NULL,NULL
41876,120305,1582156113,1,NULL,NULL
41886,120564,1582094434,0,NULL,NULL
41889,120570,1582089081,1,NULL,NULL
41889,120305,1582089081,0,NULL,NULL
41889,120569,1582089081,0,NULL,NULL
41889,120290,1582089081,0,NULL,NULL
41889,120377,1582089081,-1,NULL,NULL
41905,120549,1581797991,0,NULL,NULL
41905,120033,1581797991,0,NULL,NULL
41910,120190,1581633646,0,0.0,0.0
41910,120188,1581633646,0,NULL,NULL
41913,120176,1581631335,0,NULL,NULL
41913,120577,1581631335,1,NULL,NULL
41918,120580,1581354410,0,NULL,NULL
41921,120585,1581357815,0,NULL,NULL
41921,120582,1581357815,0,NULL,NULL
41921,120584,1581357815,1,0.0,NULL
41921,120583,1581357815,0,NULL,NULL
41921,120581,1581357815,0,NULL,NULL
41927,120588,1581356405,1,NULL,NULL
41931,120589,1581354276,-1,NULL,NULL
41937,120593,1581353516,0,NULL,NULL
41937,120592,1581353516,0,NULL,NULL
41937,120590,1581353516,0,NULL,NULL
41937,120591,1581353516,1,NULL,NULL
41937,120595,1581353516,0,NULL,NULL
41946,120252,1581153000,0,NULL,NULL
41946,120599,1581153000,1,NULL,NULL
41946,120599,1581173168,-1,NULL,NULL
41957,120602,1581065464,-1,NULL,NULL
41957,120122,1581065464,-1,NULL,NULL
41957,120063,1581065464,0,NULL,NULL
41957,120601,1581065464,-1,NULL,NULL
41985,120618,1580772358,0,NULL,NULL
41988,120670,1580754499,0,NULL,NULL
41988,120698,1580754499,0,NULL,NULL
41988,120619,1580754499,0,NULL,NULL
41988,120690,1580754499,0,NULL,NULL
41988,120686,1580754499,0,0.0,0.0
41995,120097,1580599705,0,NULL,NULL
41995,120763,1580599705,0,NULL,NULL
41995,120705,1580599705,0,NULL,NULL
41995,120123,1580599705,0,NULL,NULL
41995,120767,1580599705,0,NULL,NULL
41997,120772,1580597871,0,NULL,NULL
41997,120771,1580597871,0,NULL,NULL
41997,120757,1580597871,0,NULL,NULL
41997,120501,1580597871,0,NULL,NULL
42004,120346,1580488558,-1,NULL,NULL
42008,120147,1580450711,1,NULL,NULL
42008,120070,1580450711,0,NULL,NULL
42008,120762,1580450711,1,NULL,NULL
42008,120146,1580450711,1,NULL,NULL
42008,120773,1580450711,1,NULL,NULL
42013,120611,1580333815,0,NULL,NULL
42013,120176,1580333815,0,NULL,NULL
42013,120779,1580333815,0,NULL,NULL
42013,120776,1580333815,0,NULL,NULL
42013,120778,1580333815,1,NULL,NULL
42019,120781,1580313729,0,0.0,0.0
42022,120783,1580266475,1,NULL,NULL
42022,120785,1580266475,-1,NULL,NULL
42022,120274,1580266475,0,NULL,NULL
42022,120786,1580266475,-1,NULL,NULL
42022,120782,1580266475,-1,NULL,NULL
42029,120063,1580211600,0,NULL,NULL
42029,120790,1580211600,0,NULL,NULL
42042,120507,1579918893,1,NULL,NULL
42044,120177,1579896020,0,NULL,NULL
42061,120799,1579813321,0,NULL,NULL
42081,120799,1579684326,0,NULL,NULL
42085,120717,1579680435,1,0.0,0.0
42090,120192,1578763037,-1,NULL,NULL
42090,121067,1578615916,0,NULL,NULL
42090,120893,1579647760,-1,NULL,NULL
42090,120501,1578763037,-1,NULL,NULL
42090,120896,1579647760,0,NULL,NULL
42093,120993,1579188448,0,NULL,NULL
42093,121023,1579188448,-1,NULL,NULL
42093,120995,1579188448,-1,NULL,NULL
42093,120998,1579188448,0,NULL,NULL
42093,121024,1579188448,-1,NULL,NULL
42099,120904,1579453591,-1,NULL,NULL
42099,120902,1579453591,1,NULL,NULL
42099,120903,1579453591,1,NULL,NULL
42102,120913,1579377029,0,NULL,NULL
42102,120917,1579377029,0,NULL,NULL
42102,120918,1579377029,0,0.0,0.0
42102,120915,1579377029,0,NULL,NULL
42102,120916,1579377029,0,NULL,NULL
42108,120985,1579193199,1,NULL,NULL
42108,120063,1579193199,-1,NULL,NULL
42108,120035,1579193199,0,NULL,NULL
42108,120926,1579336401,0,NULL,NULL
42120,120983,1579243588,0,NULL,NULL
42132,120922,1579155157,0,NULL,NULL
42138,120749,1579108588,0,NULL,NULL
42138,121033,1579108588,-1,NULL,NULL
42138,120157,1579108588,0,NULL,NULL
42138,120161,1579108588,0,NULL,NULL
42138,120158,1579108588,0,NULL,NULL
42141,120587,1579088909,0,NULL,NULL
42151,121048,1578962042,1,NULL,NULL
42151,121049,1578962042,-1,NULL,NULL
42156,121143,1578717741,0,NULL,NULL
42156,120688,1578717741,-1,NULL,NULL
42156,120218,1578717741,1,NULL,NULL
42156,121141,1578717741,1,NULL,NULL
42156,121126,1578717741,1,NULL,NULL
42167,121073,1578744367,0,NULL,NULL
42167,121075,1578744367,0,NULL,NULL
42167,121074,1578744367,0,NULL,NULL
42167,121081,1578744367,0,NULL,NULL
42167,121076,1578744367,0,NULL,NULL
42174,120922,1578680884,0,NULL,NULL
42174,120331,1578680884,1,NULL,NULL
42174,120921,1578680884,1,NULL,NULL
42174,120921,1578700742,-1,NULL,NULL
42183,120549,1578602832,0,NULL,NULL
42185,121149,1578599388,-1,NULL,NULL
42193,120267,1578567042,0,NULL,NULL
42196,121152,1578562292,0,NULL,NULL
42196,121151,1578562292,0,NULL,NULL
42199,120295,1578551932,-1,NULL,NULL
42204,120176,1578481282,0,NULL,NULL
42214,120545,1577977439,0,NULL,NULL
42214,120070,1577977439,0,NULL,NULL
42214,120762,1577977439,1,NULL,NULL
42214,120702,1577977439,1,NULL,NULL
42214,120545,1578291543,1,NULL,NULL
42218,120526,1578075918,0,NULL,NULL
42218,120176,1578075918,0,NULL,NULL
42218,120277,1578075918,0,NULL,NULL
42218,121170,1578075918,0,NULL,NULL
42218,120312,1578075918,1,NULL,NULL
42220,121166,1578078535,1,NULL,NULL
42220,120992,1578078535,1,NULL,NULL
42220,120994,1578078535,0,NULL,NULL
42220,121167,1578078535,0,NULL,NULL
42220,121168,1578078535,0,NULL,NULL
42226,120557,1578028241,1,NULL,NULL
42226,121176,1578028241,1,NULL,NULL
42226,120300,1578028241,0,NULL,NULL
42228,120526,1578025518,0,NULL,NULL
42228,121179,1578025518,-1,NULL,NULL
42228,121178,1578025518,0,NULL,NULL
42228,121177,1578025518,-1,NULL,NULL
42228,121157,1578025518,0,NULL,NULL
42231,120887,1578004434,0,NULL,NULL
42231,120063,1578004434,-1,NULL,NULL
42231,121180,1578004434,1,NULL,NULL
42231,121179,1578004434,0,NULL,NULL
42231,120277,1578004434,1,NULL,NULL
42251,121213,1577897214,0,NULL,NULL
42251,121215,1577897214,0,0.0,0.0
42251,121212,1577897214,0,NULL,NULL
42251,121214,1577897214,0,NULL,NULL
42251,121206,1577897214,0,NULL,NULL
42253,121216,1577757781,0,NULL,NULL
42253,120597,1577757781,1,NULL,NULL
42253,121217,1577757781,0,NULL,NULL
42254,121223,1577655549,-1,NULL,NULL
42254,121218,1577655549,0,NULL,NULL
42254,121219,1577655549,-1,NULL,NULL
42254,121225,1577655549,0,0.0,0.0
42254,121220,1577655549,-1,0.0,0.0
42257,120922,1577627030,0,NULL,NULL
42257,121227,1577627030,-1,NULL,NULL
42257,121184,1577628751,0,NULL,NULL
42261,120850,1577559838,0,NULL,NULL
42261,120904,1577559838,0,NULL,NULL
42261,121231,1577559838,0,NULL,NULL
42261,121230,1577559838,0,NULL,NULL
42261,120902,1577559838,-1,NULL,NULL
42265,121239,1577554385,0,NULL,NULL
42265,121236,1577554385,-1,NULL,NULL
42265,121238,1577554385,0,NULL,NULL
42265,121242,1577554385,0,NULL,NULL
42265,121235,1577554385,0,NULL,NULL
42269,121245,1577456892,0,0.0,0.0
42269,121047,1577456892,0,NULL,NULL
42269,121243,1577456892,-1,NULL,NULL
42269,120922,1577456892,0,NULL,NULL
42269,121244,1577456892,0,NULL,NULL
42273,121250,1577439586,0,NULL,NULL
42273,120523,1577439586,0,NULL,NULL
42273,121247,1577439586,0,NULL,NULL
42273,120898,1577439586,0,0.0,0.0
42273,120522,1577439586,0,NULL,NULL
42279,120075,1572610541,1,NULL,NULL
42279,120075,1577387439,1,NULL,NULL
42283,121259,1577306282,0,NULL,NULL
42283,121260,1577306282,0,NULL,NULL
42292,120331,1577187426,0,NULL,NULL
42295,120072,1577186191,1,NULL,NULL
42295,121295,1577186191,0,NULL,NULL
42295,120331,1577186191,0,NULL,NULL
42303,120176,1576825227,0,NULL,NULL
42303,120349,1576825227,1,NULL,NULL
42307,121157,1576820439,1,NULL,NULL
42310,121299,1576739464,0,NULL,NULL
42318,121309,1576522097,0,0.0,0.0
42318,121307,1576522097,0,NULL,NULL
42324,121332,1576507445,0,NULL,NULL
42324,120312,1576507445,1,NULL,NULL
42324,121207,1576507445,1,NULL,NULL
42324,121330,1576507445,-1,NULL,NULL
42324,121327,1576507445,0,NULL,NULL
42329,120038,1576488914,1,NULL,NULL
42329,120035,1576488914,0,NULL,NULL
42335,120549,1576276338,0,NULL,NULL
42341,121338,1576198264,0,NULL,NULL
42344,121349,1576189946,0,NULL,NULL
42348,120698,1576095793,1,NULL,NULL
42348,121350,1576095793,-1,NULL,NULL
42352,120782,1576083479,0,NULL,NULL
42352,120068,1576090979,1,NULL,NULL
42352,120275,1576083479,1,NULL,NULL
42352,120177,1576083479,1,NULL,NULL
42352,120068,1576083479,1,NULL,NULL
42362,121352,1576027871,1,NULL,NULL
42362,121351,1576027871,1,NULL,NULL
42362,120312,1576027871,0,NULL,NULL
42364,121353,1576016411,-1,0.0,0.0
42368,120549,1576011413,0,NULL,NULL
42371,120046,1576003048,0,NULL,NULL
42383,120675,1575879095,1,NULL,NULL
42383,121355,1575879095,1,NULL,NULL
42383,120513,1575879095,0,NULL,NULL
42383,121356,1575879095,0,NULL,NULL
42386,121357,1575810400,0,NULL,NULL
42386,120776,1575810400,0,NULL,NULL
42386,121360,1575810400,0,NULL,NULL
42390,121363,1575675669,0,NULL,NULL
42390,121364,1575675669,1,NULL,NULL
42394,121365,1575659158,1,0.0,0.0
42397,120605,1575599141,0,NULL,NULL
42405,121366,1575511954,0,NULL,NULL
42407,121295,1575460882,0,NULL,NULL
42407,120072,1575460882,0,NULL,NULL
42410,121227,1575453813,1,NULL,NULL
42415,120545,1575426847,1,NULL,NULL
42415,121375,1575426847,0,NULL,NULL
42420,121382,1575351323,0,NULL,NULL
42420,120891,1575351323,0,NULL,NULL
42420,120892,1575351323,0,NULL,NULL
42420,121380,1575351323,0,NULL,NULL
42420,121377,1575351323,0,NULL,NULL
42427,121388,1575264647,0,NULL,NULL
42427,121256,1575264647,-1,NULL,NULL
42427,121254,1575264647,0,NULL,NULL
42427,121258,1575264647,1,NULL,NULL
42427,121390,1575264647,0,NULL,NULL
42434,121394,1575253746,0,NULL,NULL
42434,121393,1575253746,1,NULL,NULL
42440,120419,1574769166,0,NULL,NULL
42440,121400,1574769166,0,NULL,NULL
42440,120445,1574769166,0,NULL,NULL
42440,120417,1574769166,0,NULL,NULL
42440,120460,1574769166,0,NULL,NULL
42444,121398,1574844083,0,NULL,NULL
42444,121397,1574844083,1,NULL,NULL
42444,121399,1574844083,1,-1.0,-1.0
42444,120210,1574844083,0,NULL,NULL
42444,120177,1574844083,1,NULL,NULL
42445,120578,1574791862,0,NULL,NULL
42445,120887,1574791862,0,NULL,NULL
42445,120063,1574791862,0,NULL,NULL
42456,120639,1574521436,1,NULL,NULL
42456,120127,1574521436,1,NULL,NULL
42456,121421,1574521436,0,NULL,NULL
42456,121419,1574521436,1,NULL,NULL
42456,120331,1574521436,0,NULL,NULL
42459,121564,1573047780,1,NULL,NULL
42459,121571,1573047780,0,0.0,NULL
42459,121572,1573047780,0,NULL,NULL
42459,121573,1573047780,0,NULL,NULL
42459,121575,1573047780,0,NULL,NULL
42464,120217,1574440555,0,0.0,0.0
42464,120176,1574440555,0,NULL,NULL
42464,120211,1574440555,0,NULL,NULL
42464,121423,1574440555,1,NULL,NULL
42464,121424,1574440555,0,NULL,NULL
42475,121425,1574392438,1,NULL,NULL
42475,120312,1574392438,1,NULL,NULL
42482,120886,1574325598,0,NULL,NULL
42482,121428,1574325598,-1,NULL,NULL
42482,121427,1574325598,0,NULL,NULL
42484,121434,1574314024,0,NULL,NULL
42484,121435,1574314024,0,NULL,NULL
42484,120507,1574314024,0,NULL,NULL
42484,120349,1574314024,0,NULL,NULL
42484,120231,1574314024,0,NULL,NULL
42485,120615,1574273743,1,NULL,NULL
42485,120366,1574273743,0,NULL,NULL
42485,120309,1574273743,0,0.0,0.0
42487,121049,1574269618,1,NULL,NULL
42487,121048,1574269618,0,NULL,NULL
42490,120580,1574264866,0,NULL,NULL
42494,120296,1574116135,0,NULL,NULL
42494,121157,1574116135,1,NULL,NULL
42494,120526,1574116135,-1,NULL,NULL
42494,121177,1574116135,0,NULL,NULL
42494,120177,1574116135,1,NULL,NULL
42495,120033,1574096287,0,NULL,NULL
42495,121454,1574096287,0,NULL,NULL
42495,121248,1574096287,0,NULL,NULL
42506,121472,1573815591,1,NULL,NULL
42506,121424,1573815591,1,NULL,NULL
42512,121353,1573785130,0,0.0,0.0
42523,120871,1573460323,0,NULL,NULL
42523,120659,1573460323,0,NULL,NULL
42523,120867,1573460323,1,NULL,NULL
42523,120527,1573460323,0,0.0,0.0
42523,120879,1573460323,1,NULL,NULL
42528,121482,1573235781,0,NULL,NULL
42528,121495,1573235781,0,NULL,NULL
42528,121488,1573235781,0,NULL,NULL
42528,121511,1573235781,0,NULL,NULL
42528,121489,1573235781,0,NULL,NULL
42537,121126,1573192493,1,NULL,NULL
42537,121537,1573192493,-1,NULL,NULL
42537,121383,1573192493,-1,NULL,NULL
42537,120546,1573192493,1,NULL,NULL
42537,121534,1573192493,-1,NULL,NULL
42545,120176,1573180364,1,NULL,NULL
42553,120873,1573176898,-1,NULL,NULL
42564,121562,1573049264,0,NULL,NULL
42564,121563,1573049264,1,NULL,NULL
42564,121561,1573049264,0,NULL,NULL
42573,121576,1572981676,0,NULL,NULL
42577,121212,1572896198,0,NULL,NULL
42577,120176,1572896198,1,NULL,NULL
42577,120309,1572896198,0,0.0,0.0
42589,121133,1572669682,-1,NULL,NULL
42589,121133,1572712515,0,NULL,NULL
42600,121588,1572519124,0,NULL,NULL
42600,121582,1572519124,0,NULL,NULL
42600,121584,1572519124,0,NULL,NULL
42600,121172,1572519124,0,NULL,NULL
42600,121579,1572519124,0,NULL,NULL
42605,121591,1572515604,0,NULL,NULL
42605,121425,1572515604,0,NULL,NULL
42619,121596,1572467281,1,NULL,NULL
42619,121146,1572467281,1,NULL,NULL
42634,120312,1572449563,0,NULL,NULL
42640,121599,1572362338,0,NULL,NULL
42643,120411,1571991726,-1,NULL,NULL
42643,120411,1572342692,1,NULL,NULL
42655,120539,1572271141,0,NULL,NULL
42655,120543,1572271141,1,NULL,NULL
42655,121603,1572271141,1,NULL,NULL
42669,120192,1571964214,0,NULL,NULL
42669,120188,1571964214,0,NULL,NULL
42669,120189,1571964214,0,NULL,NULL
42669,120200,1571964214,0,0.0,0.0
42669,121310,1571964214,1,NULL,NULL
42673,121384,1571903194,0,NULL,NULL
42676,120331,1571876226,1,NULL,NULL
42690,120596,1571673741,-1,NULL,NULL
42690,121133,1571673741,-1,NULL,NULL
42698,120331,1570700262,0,NULL,NULL
42698,120557,1570801529,-1,NULL,NULL
42698,120275,1570801529,0,NULL,NULL
42698,120493,1570801529,0,NULL,NULL
42698,120493,1570700262,0,NULL,NULL
42716,120547,1571254346,0,NULL,NULL
42716,121646,1571254346,0,NULL,NULL
42716,121309,1571254346,0,0.0,0.0
42716,121540,1571254346,1,0.0,0.0
42720,121651,1571229687,0,NULL,NULL
42720,121650,1571229687,1,NULL,NULL
42720,121652,1571229687,1,0.0,0.0
42724,121425,1571207114,0,NULL,NULL
42727,121299,1571109403,0,NULL,NULL
42727,120497,1571109403,1,NULL,NULL
42734,120545,1570934682,0,NULL,NULL
42738,121384,1570911253,0,NULL,NULL
42743,120192,1570896500,0,NULL,NULL
42743,120550,1570896500,1,NULL,NULL
42751,121460,1570820753,-1,NULL,NULL
42751,120312,1570820753,1,NULL,NULL
42751,120309,1570820753,0,0.0,0.0
42755,121659,1570818236,0,NULL,NULL
42772,121665,1570775880,0,NULL,NULL
42772,121666,1570775880,1,NULL,NULL
42772,121667,1570775880,0,NULL,NULL
42772,121427,1570775880,1,NULL,NULL
42793,121675,1570587249,0,0.0,0.0
42796,120868,1570578174,0,NULL,NULL
42796,121126,1570578174,1,NULL,NULL
42801,120267,1570577482,1,NULL,NULL
42801,120231,1570577482,1,NULL,NULL
42801,121676,1570577482,0,NULL,NULL
42824,121149,1570458051,0,NULL,NULL
42839,121680,1570208869,0,NULL,NULL
42839,121384,1570208869,1,NULL,NULL
42843,121458,1570194783,0,NULL,NULL
42843,121626,1570194783,0,NULL,NULL
42861,121712,1569815330,1,NULL,NULL
42865,120863,1569806227,0,NULL,NULL
42865,120527,1569806227,0,0.0,0.0
42865,120871,1569806227,1,NULL,NULL
42865,120879,1569806227,1,NULL,NULL
42865,121713,1569806227,0,NULL,NULL
42875,120493,1569720400,0,NULL,NULL
42888,121353,1569614475,0,0.0,0.0
42888,120176,1569614475,0,NULL,NULL
42928,120331,1569214285,1,NULL,NULL
42928,121763,1569214285,0,NULL,NULL
42928,121334,1569214285,1,NULL,NULL
42928,121761,1569214285,0,NULL,NULL
42932,121772,1567612026,0,0.0,0.0
42932,121772,1567613908,0,-1.0,-1.0
42932,121772,1569147902,0,0.0,0.0
42950,121726,1569001858,1,NULL,NULL
42950,121782,1569001858,0,NULL,NULL
42950,121781,1569001858,0,NULL,NULL
42981,121840,1568903523,1,NULL,NULL
42998,121853,1568739757,0,0.0,0.0
42998,121854,1568739757,1,NULL,NULL
42998,121661,1568739757,1,NULL,NULL
42998,121853,1568892082,0,0.0,0.0
42998,121661,1568892082,-1,NULL,NULL
43010,121169,1568861941,1,NULL,NULL
43010,121423,1568861941,0,NULL,NULL
43016,121865,1568851729,1,NULL,NULL
43016,120277,1568851729,-1,NULL,NULL
43020,121387,1568814245,0,NULL,NULL
43020,121257,1568814245,1,NULL,NULL
43020,121866,1568814245,0,NULL,NULL
43031,121884,1568713846,-1,NULL,NULL
43031,121885,1568713846,0,NULL,NULL
43031,121129,1568713846,1,NULL,NULL
43034,121681,1568657727,1,NULL,NULL
43034,120596,1568657727,1,NULL,NULL
43040,121375,1568349106,0,NULL,NULL
43040,120141,1568349106,0,NULL,NULL
43040,121900,1568349106,-1,NULL,NULL
43042,121169,1568221645,1,NULL,NULL
43042,120783,1568221645,0,NULL,NULL
43042,121448,1568221645,1,NULL,NULL
43042,121423,1568221645,1,NULL,NULL
43042,121903,1568221645,-1,NULL,NULL
43043,120257,1568171446,-1,NULL,NULL
43043,120253,1568171446,-1,NULL,NULL
43064,121531,1568044050,-1,NULL,NULL
43068,122260,1568021913,-1,NULL,NULL
43068,121427,1568021913,1,NULL,NULL
43068,122264,1568021913,0,NULL,NULL
43068,120661,1568021913,-1,NULL,NULL
43068,122261,1568021913,1,NULL,NULL
43070,122338,1567992804,0,NULL,NULL
43070,122340,1567992804,0,NULL,NULL
43070,121329,1567992804,0,NULL,NULL
43070,122341,1567992804,0,NULL,NULL
43070,121075,1567992804,0,NULL,NULL
43072,121531,1567988886,0,NULL,NULL
43072,121640,1567988886,0,NULL,NULL
43073,120467,1567950849,0,NULL,NULL
43073,120380,1567950849,1,NULL,NULL
43079,121200,1567618481,1,NULL,NULL
43085,120783,1567547284,0,NULL,NULL
43085,121903,1567547284,1,NULL,NULL
43087,121383,1567533997,0,NULL,NULL
43087,120549,1567533997,0,NULL,NULL
43095,120177,1567407009,-1,NULL,NULL
43097,121167,1567400496,0,NULL,NULL
43097,120992,1567400496,1,0.0,0.0
43101,121726,1567348967,1,NULL,NULL
43101,122803,1567348967,1,NULL,NULL
43108,120563,1567104370,-1,NULL,NULL
43108,123006,1567104370,-1,NULL,NULL
43108,120889,1567104370,-1,NULL,NULL
43108,120890,1567104370,-1,NULL,NULL
43109,120127,1566244740,0,NULL,NULL
43109,120127,1566962489,0,NULL,NULL
43110,121149,1566960609,-1,NULL,NULL
43111,123008,1566953396,1,NULL,NULL
43111,123007,1566953396,0,0.0,0.0
43112,123021,1566944842,0,NULL,NULL
43112,123009,1566944842,0,NULL,NULL
43112,123016,1566944842,0,0.0,NULL
43112,123019,1566944842,0,0.0,NULL
43112,123020,1566944842,0,NULL,NULL
43113,123029,1564568959,-1,NULL,NULL
43113,123025,1564483242,0,0.0,0.0
43113,123026,1564483242,1,NULL,NULL
43113,123026,1564568959,-1,NULL,NULL
43113,120370,1564483242,-1,NULL,NULL
43118,120127,1566711743,-1,NULL,NULL
43119,120177,1566705380,-1,NULL,NULL
43120,120070,1566693976,1,NULL,NULL
43120,120239,1566693976,0,NULL,NULL
43122,122248,1566639735,1,NULL,NULL
43124,120726,1566605996,0,NULL,NULL
43128,120992,1566588701,0,0.0,0.0
43129,123042,1566586579,0,NULL,NULL
43129,121256,1566586579,1,NULL,NULL
43129,120585,1566586579,0,NULL,NULL
43129,120584,1566586579,0,0.0,NULL
43129,123041,1566586579,0,NULL,NULL
43131,121576,1566474121,1,NULL,NULL
43131,123015,1566474121,0,NULL,NULL
43132,121578,1565837862,1,NULL,NULL
43132,123044,1566444831,0,NULL,NULL
43132,120176,1565837862,0,NULL,NULL
43132,123043,1566444831,0,NULL,NULL
43132,120309,1565837862,0,0.0,0.0
43133,121176,1566395570,0,NULL,NULL
43136,121681,1565903346,0,NULL,NULL
43136,121681,1566319597,0,NULL,NULL
43137,123045,1566244744,0,NULL,NULL
43137,123016,1566244744,0,0.0,NULL
43137,123045,1566250110,-1,NULL,NULL
43138,120312,1566092826,1,NULL,NULL
43139,121384,1566066352,1,NULL,NULL
43139,121680,1566066352,1,NULL,NULL
43140,121576,1566056104,-1,NULL,NULL
43140,120920,1566056104,-1,NULL,NULL
43140,120595,1566056104,0,NULL,NULL
43140,123058,1566056104,0,NULL,NULL
43140,120639,1566056104,-1,NULL,NULL
43141,120070,1566006094,1,NULL,NULL
43141,123060,1566006094,1,NULL,NULL
43142,123061,1565920741,1,NULL,NULL
43142,123062,1565920741,1,NULL,NULL
43142,120569,1565920741,1,NULL,NULL
43142,120576,1565920741,-1,NULL,NULL
43145,120277,1565720781,0,NULL,NULL
43146,121853,1565596641,0,NULL,NULL
43146,121853,1565686446,0,0.0,0.0
43148,120546,1565564775,0,NULL,NULL
43148,120355,1565564775,0,NULL,NULL
43149,120321,1565552888,0,0.0,0.0
43149,123045,1565552888,0,NULL,NULL
43149,120327,1565552888,0,NULL,NULL
43149,121170,1565552888,0,NULL,NULL
43149,123066,1565552888,0,NULL,NULL
43150,120868,1565552573,0,NULL,NULL
43150,121126,1565552573,0,NULL,NULL
43152,123069,1565552454,-1,NULL,NULL
43154,120087,1565386052,1,NULL,NULL
43154,120330,1565386052,0,NULL,NULL
43154,123071,1565386052,0,NULL,NULL
43154,120333,1565386052,0,NULL,NULL
43154,123070,1565386052,0,NULL,NULL
43159,121448,1565334434,0,NULL,NULL
43159,121423,1565334434,1,NULL,NULL
43164,121423,1565254637,1,NULL,NULL
43164,121448,1565254637,1,NULL,NULL
43164,121169,1565254637,0,NULL,NULL
43166,123072,1565251262,0,NULL,NULL
43166,120588,1565251262,1,NULL,NULL
43166,123073,1565251262,1,NULL,NULL
43166,123044,1565251262,1,NULL,NULL
43168,121423,1565223446,0,NULL,NULL
43168,123074,1565223446,0,NULL,NULL
43168,121448,1565223446,0,NULL,NULL
43172,120177,1565168790,1,NULL,NULL
43173,120587,1565104084,1,NULL,NULL
43173,121176,1565104084,0,NULL,NULL
43174,121651,1565095221,0,NULL,NULL
43175,121397,1565068111,0,NULL,NULL
43175,121597,1565068111,-1,NULL,NULL
43175,121398,1565068111,0,NULL,NULL
43175,120177,1565068111,0,NULL,NULL
43175,121049,1565068829,0,NULL,NULL
43176,123085,1565020666,0,0.0,0.0
43180,123113,1564996350,-1,NULL,NULL
43182,121591,1564988386,0,NULL,NULL
43188,121865,1564674597,1,NULL,NULL
43188,120277,1564674597,1,NULL,NULL
43188,120887,1564674597,0,NULL,NULL
43188,120177,1564674597,0,NULL,NULL
43188,123127,1564674597,1,NULL,NULL
43191,121427,1564557197,0,NULL,NULL
43191,123130,1564557197,0,NULL,NULL
43192,120063,1564553251,0,NULL,NULL
43200,120252,1564469740,0,NULL,NULL
43212,123139,1564391899,1,0.0,0.0
43214,120583,1564384251,0,NULL,NULL
43215,123141,1564384200,0,0.0,NULL
43215,123143,1564384200,0,NULL,NULL
43215,123142,1564384200,0,0.0,0.0
43219,120581,1564233596,0,NULL,NULL
43219,123150,1564233596,0,1.0,1.0
43221,120177,1564201511,1,NULL,NULL
43224,120346,1564078147,1,NULL,NULL
43225,120253,1564067620,0,NULL,NULL
43228,123156,1564032944,-1,0.0,0.0
43228,123154,1564032944,0,0.0,0.0
43228,123155,1564032944,0,0.0,0.0
43228,123157,1564032944,0,NULL,NULL
43228,120495,1564032944,0,NULL,NULL
43230,120675,1563994624,0,NULL,NULL
43230,121355,1563994624,-1,NULL,NULL
43234,121576,1563952496,-1,NULL,NULL
43244,123174,1563849632,0,NULL,NULL
43244,123174,1563851053,0,NULL,NULL
43244,123174,1563852422,0,NULL,NULL
43249,120275,1563833024,1,NULL,NULL
43249,120188,1563833024,1,NULL,NULL
43249,120176,1563833024,1,NULL,NULL
43249,123176,1563833024,1,NULL,NULL
43249,123178,1563833024,0,NULL,NULL
43251,121383,1563803853,-1,NULL,NULL
43258,121398,1563494586,0,NULL,NULL
43258,121397,1563494586,0,NULL,NULL
43258,120177,1563494586,-1,NULL,NULL
43258,121399,1563494586,-1,NULL,NULL
43258,120210,1563494586,-1,NULL,NULL
43260,121140,1563411737,-1,NULL,NULL
43261,120231,1563409392,1,NULL,NULL
43262,123184,1563375041,-1,NULL,NULL
43262,120549,1563375041,0,NULL,NULL
43264,120639,1563269124,1,NULL,NULL
43264,121419,1563269124,0,NULL,NULL
43267,120263,1563182151,1,NULL,NULL
43267,120265,1563182151,1,NULL,NULL
43267,120252,1563182151,0,NULL,NULL
43268,123185,1563036630,-1,NULL,NULL
43268,120304,1563036630,-1,NULL,NULL
43268,120898,1563036630,-1,NULL,NULL
43268,121248,1563036630,-1,NULL,NULL
43268,121249,1563036630,-1,NULL,NULL
43271,121172,1563027099,1,NULL,NULL
43272,123197,1563017688,0,NULL,NULL
43272,123199,1563017688,0,NULL,NULL
43272,120638,1563017688,0,NULL,NULL
43272,123177,1563017688,0,NULL,NULL
43272,123201,1563017688,0,NULL,NULL
43275,120667,1562670739,1,NULL,NULL
43276,121334,1562512881,0,NULL,NULL
43277,120527,1562221641,0,0.0,0.0
43277,120531,1562221641,0,0.0,0.0
43277,121375,1562221641,0,NULL,NULL
43277,120774,1562221641,0,NULL,NULL
43278,120176,1562201268,-1,NULL,NULL
43278,120252,1562201268,-1,NULL,NULL
43278,120211,1562201268,0,NULL,NULL
43278,120217,1562201268,0,0.0,0.0
43280,120688,1562126065,0,NULL,NULL
43280,120072,1562126065,0,NULL,NULL
43280,123215,1562126065,0,NULL,NULL
43280,121193,1562126065,0,NULL,NULL
43280,121629,1562126065,-1,NULL,NULL
43282,120649,1562052943,-1,NULL,NULL
43283,123219,1562040900,0,NULL,NULL
43283,123222,1562040900,0,NULL,NULL
43283,121242,1562040900,0,NULL,NULL
43283,123220,1562040900,0,NULL,NULL
43283,123226,1562040900,0,0.0,0.0
43284,120331,1562014500,1,NULL,NULL
43284,123228,1562014500,0,NULL,NULL
43284,120127,1562014500,1,NULL,NULL
43287,123229,1561726950,0,NULL,NULL
43288,120562,1561643693,-1,NULL,NULL
43288,120563,1561643693,-1,NULL,NULL
43290,120562,1561450884,-1,NULL,NULL
43290,123137,1561450884,1,NULL,NULL
43290,120331,1561450884,1,NULL,NULL
43290,120563,1561450884,-1,NULL,NULL
43290,121256,1561450884,0,NULL,NULL
43292,120863,1561410845,-1,NULL,NULL
43293,123245,1561408338,0,0.0,0.0
43293,123248,1561408338,0,0.0,0.0
43293,121219,1561408338,0,NULL,NULL
43293,123258,1561408338,0,0.0,0.0
43293,123260,1561408338,-1,0.0,0.0
43297,121591,1561343134,0,NULL,NULL
43297,123183,1561343134,0,NULL,NULL
43300,120871,1561343133,1,NULL,NULL
43300,120660,1561343133,0,NULL,NULL
43300,121535,1561343133,1,NULL,NULL
43300,123130,1561343133,-1,NULL,NULL
43300,120292,1561343133,0,NULL,NULL
43302,121591,1561343133,0,NULL,NULL
43305,120871,1561343133,-1,NULL,NULL
43305,123269,1561343133,0,NULL,NULL
43305,120866,1561343133,0,0.0,NULL
43306,123183,1561343133,1,NULL,NULL
43306,121425,1561343133,0,NULL,NULL
43306,123284,1561343133,0,NULL,NULL
43306,123285,1561343133,0,0.0,0.0
43306,121591,1561343133,0,NULL,NULL
43309,121557,1561343133,1,NULL,NULL
43309,121425,1561343133,1,NULL,NULL
43309,123285,1561343133,0,0.0,0.0
43309,121591,1561343133,1,NULL,NULL
43309,120659,1561343133,0,NULL,NULL
43310,123288,1561343132,1,NULL,NULL
43310,123289,1561343132,1,NULL,NULL
43310,123290,1561343132,1,NULL,NULL
43310,123294,1561343132,1,NULL,NULL
43310,123293,1561343132,1,NULL,NULL
43313,123304,1561343132,0,NULL,NULL
43313,122261,1561343132,0,NULL,NULL
43313,123270,1561343132,-1,NULL,NULL
43313,123306,1561343132,-1,0.0,0.0
43313,123264,1561343132,0,NULL,NULL
43314,122265,1561343132,-1,NULL,NULL
43314,121666,1561343132,0,NULL,NULL
43314,123304,1561343132,-1,NULL,NULL
43314,122264,1561343132,0,NULL,NULL
43314,123277,1561343132,0,NULL,NULL
43315,120873,1561343132,0,NULL,NULL
43315,121537,1561343132,0,NULL,NULL
43315,120879,1561343132,1,NULL,NULL
43315,121536,1561343132,0,NULL,NULL
43315,120871,1561343132,1,NULL,NULL
43316,123270,1561343131,0,NULL,NULL
43316,123271,1561343131,0,NULL,NULL
43316,120879,1561343131,1,NULL,NULL
43316,120871,1561343131,1,NULL,NULL
43316,120660,1561343131,1,NULL,NULL
43319,121840,1561343131,0,NULL,NULL
43319,121535,1561343131,-1,NULL,NULL
43319,121840,1561343131,1,NULL,NULL
43319,120871,1561343131,-1,NULL,NULL
43321,120619,1561180030,0,NULL,NULL
43326,121526,1560928476,1,NULL,NULL
43331,121663,1560818615,-1,NULL,NULL
43333,120405,1560818615,-1,NULL,NULL
43333,120380,1560818615,0,NULL,NULL
43333,123335,1560818615,-1,NULL,NULL
43333,120328,1560818615,1,NULL,NULL
43333,120407,1560818615,1,NULL,NULL
43334,120328,1560818615,-1,NULL,NULL
43336,123341,1560818615,1,NULL,NULL
43337,121854,1560818615,-1,NULL,NULL
43337,123416,1560818615,-1,NULL,NULL
43337,121310,1560818615,1,NULL,NULL
43337,123225,1560818615,-1,NULL,NULL
43337,123407,1560818615,0,NULL,NULL
43341,120720,1560818615,-1,NULL,NULL
43343,121411,1560818615,0,NULL,NULL
43346,123080,1560818615,-1,NULL,NULL
43346,120346,1560818615,0,NULL,NULL
43354,123435,1560818615,-1,NULL,NULL
43356,123066,1560818615,0,NULL,NULL
43356,120407,1560818615,1,NULL,NULL
43359,121413,1560818612,0,NULL,NULL
43359,123440,1560818612,0,NULL,NULL
43359,120099,1560818612,0,NULL,NULL
43359,120293,1560818612,0,NULL,NULL
43359,120428,1560818612,1,NULL,NULL
43365,120493,1560818270,0,NULL,NULL
43365,123503,1560818270,0,NULL,NULL
43365,121562,1560818270,0,NULL,NULL
43365,121142,1560818270,-1,NULL,NULL
43365,123448,1560818270,0,NULL,NULL
43370,123517,1560818158,0,NULL,NULL
43370,120526,1560818158,-1,NULL,NULL
43370,123138,1560818158,1,0.0,NULL
43372,123522,1560818158,0,NULL,NULL
43372,120312,1560818158,1,NULL,NULL
43372,120192,1560818158,1,NULL,NULL
43372,121408,1560818158,1,NULL,NULL
43372,120405,1560818158,0,NULL,NULL
43373,123523,1560818158,-1,0.0,0.0
43373,123519,1560818158,0,NULL,NULL
43373,120587,1560818158,-1,NULL,NULL
43373,120786,1560818158,0,NULL,NULL
43373,121408,1560818158,0,NULL,NULL
43374,123524,1560818158,0,NULL,NULL
43374,120405,1560818158,-1,NULL,NULL
43374,123525,1560818158,0,NULL,NULL
43374,120526,1560818158,0,NULL,NULL
43374,120176,1560818158,1,NULL,NULL
43376,121834,1560818158,0,NULL,NULL
43376,120275,1560818158,0,NULL,NULL
43376,120312,1560818158,-1,NULL,NULL
43376,120274,1560818158,0,NULL,NULL
43376,121050,1560818158,1,NULL,NULL
43378,120405,1560818158,0,NULL,NULL
43378,121587,1560818158,0,NULL,NULL
43378,120595,1560818158,0,NULL,NULL
43378,120492,1560818158,0,NULL,NULL
43378,120500,1560818158,0,NULL,NULL
43379,120034,1560801743,0,NULL,NULL
43379,120851,1560801743,0,0.0,NULL
43379,120033,1560801743,0,NULL,NULL
43379,121675,1560801743,0,NULL,NULL
43379,120365,1560801743,0,NULL,NULL
43382,120151,1560694804,1,NULL,NULL
43382,120150,1560694804,1,NULL,NULL
43382,121413,1560694804,0,NULL,NULL
43382,120152,1560694804,1,NULL,NULL
43382,120074,1560694804,1,NULL,NULL
43384,123555,1560494290,0,NULL,NULL
43386,121206,1560472946,0,NULL,NULL
43386,123556,1560472946,1,NULL,NULL
43388,123557,1560456259,0,NULL,NULL
43388,123558,1560456259,0,NULL,NULL
43388,123326,1560456259,-1,NULL,NULL
43389,121236,1560432668,0,NULL,NULL
43389,121233,1560432668,-1,NULL,NULL
43393,120613,1560277680,1,NULL,NULL
43394,120526,1560208552,0,NULL,NULL
43394,120231,1560208552,1,NULL,NULL
43394,123561,1560208552,0,NULL,NULL
43394,123560,1560208552,1,NULL,NULL
43394,120349,1560208552,0,NULL,NULL
43398,120387,1560124119,0,NULL,NULL
43404,123590,1560115983,0,NULL,NULL
43405,120556,1560115303,0,NULL,NULL
43407,120159,1560114834,0,NULL,NULL
43413,120485,1559973998,0,NULL,NULL
43414,123147,1559972351,1,NULL,NULL
43416,121522,1559861016,1,NULL,NULL
43418,120356,1559793316,1,NULL,NULL
43421,121235,1559675437,1,NULL,NULL
43422,123594,1559666996,1,0.0,0.0
43423,120190,1559664866,0,0.0,NULL
43423,120188,1559664866,0,NULL,NULL
43424,120250,1559662444,0,NULL,NULL
43426,123199,1559562958,0,NULL,NULL
43426,121676,1559562958,0,NULL,NULL
43427,120698,1559552123,0,NULL,NULL
43427,123612,1559552123,1,NULL,NULL
43430,120349,1559481686,1,NULL,NULL
43430,120176,1559481686,0,NULL,NULL
43436,121210,1559253856,0,NULL,NULL
43436,121215,1559253856,0,NULL,NULL
43436,121211,1559253856,0,0.0,0.0
43436,121206,1559253856,1,NULL,NULL
43436,123023,1559253856,0,0.0,NULL
43437,120312,1559233945,0,NULL,NULL
43442,123614,1559192164,0,NULL,NULL
43447,123615,1559182059,0,0.0,0.0
43453,123619,1559098690,1,NULL,NULL
43454,123622,1559098600,0,NULL,NULL
43454,121390,1559098600,0,NULL,NULL
43454,120313,1559098600,1,NULL,NULL
43454,123620,1559098600,0,NULL,NULL
43454,120887,1559098600,0,NULL,NULL
43455,120507,1559097597,0,NULL,NULL
43456,120252,1559093589,-1,NULL,NULL
43457,121151,1559075561,0,NULL,NULL
43457,121338,1559075561,0,NULL,NULL
43459,121182,1559063910,0,NULL,NULL
43462,123596,1559035373,0,NULL,NULL
43463,123625,1558990141,1,NULL,NULL
43463,122878,1558990141,-1,NULL,NULL
43463,122881,1558990141,-1,NULL,NULL
43463,122880,1558990141,-1,NULL,NULL
43464,123628,1558987899,0,NULL,NULL
43464,123146,1558987899,0,NULL,NULL
43464,123630,1558987899,0,0.0,0.0
43464,123631,1558987899,0,NULL,NULL
43464,123627,1558987899,0,0.0,NULL
43469,123281,1558948482,0,NULL,NULL
43470,123636,1558915312,0,NULL,NULL
43472,120300,1558766575,1,NULL,NULL
43472,120301,1558766575,-1,NULL,NULL
43475,120346,1558575790,-1,NULL,NULL
43476,120873,1558526926,1,NULL,NULL
43477,121427,1558513148,-1,NULL,NULL
43481,120605,1553201708,1,NULL,NULL
43481,120649,1553201708,1,NULL,NULL
43481,120603,1553201708,1,NULL,NULL
43481,120605,1558073378,0,NULL,NULL
43487,123649,1557969055,0,NULL,NULL
43487,123655,1557969055,1,NULL,NULL
43487,123657,1557969055,0,NULL,NULL
43487,123652,1557969055,0,NULL,NULL
43487,121459,1557969055,0,NULL,NULL
43488,120071,1557934121,-1,NULL,NULL
43488,120070,1557934121,-1,NULL,NULL
43491,123399,1557823520,-1,NULL,NULL
43492,123660,1557537720,1,0.0,0.0
43492,120504,1557537720,0,NULL,NULL
43492,120501,1557792756,1,NULL,NULL
43492,120485,1557792756,0,NULL,NULL
43492,120501,1557537720,0,NULL,NULL
43494,120231,1557729747,1,NULL,NULL
43494,121712,1557729747,1,NULL,NULL
43494,121171,1557729747,0,NULL,NULL
43494,123648,1557729747,0,NULL,NULL
43494,123649,1557729747,-1,NULL,NULL
43495,120545,1557689036,0,NULL,NULL
43495,120331,1557689036,0,NULL,NULL
43495,123500,1557689036,0,NULL,NULL
43497,123500,1557474831,0,NULL,NULL
43498,120070,1557459254,0,NULL,NULL
43498,120331,1557459254,0,NULL,NULL
43500,123675,1557389352,0,NULL,NULL
43500,123676,1557389352,0,NULL,NULL
43501,123677,1557364451,0,NULL,NULL
43503,123326,1557254251,0,NULL,NULL
43503,123326,1557334750,1,NULL,NULL
43506,120312,1557269339,1,NULL,NULL
43509,120692,1557168728,1,NULL,NULL
43511,123679,1557130460,0,NULL,NULL
43522,121598,1556788648,-1,0.0,NULL
43522,123689,1556788648,1,NULL,NULL
43524,123700,1556757746,1,NULL,NULL
43524,121583,1556757746,0,NULL,NULL
43524,121173,1556757746,0,NULL,NULL
43524,121244,1556757746,1,NULL,NULL
43524,121172,1556757746,-1,NULL,NULL
43531,123712,1556670568,0,NULL,NULL
43531,123708,1556670568,1,NULL,NULL
43531,123710,1556670568,0,NULL,NULL
43531,123706,1556670568,0,NULL,NULL
43533,120131,1556666753,0,NULL,NULL
43533,120465,1556666753,0,NULL,NULL
43533,120169,1556666753,0,NULL,NULL
43533,123722,1556666753,0,NULL,NULL
43533,123721,1556666753,0,NULL,NULL
43539,123727,1556608355,0,NULL,NULL
43544,121338,1556569451,1,NULL,NULL
43544,120776,1556569451,0,NULL,NULL
43547,123744,1556568193,0,NULL,NULL
43549,120699,1556244002,-1,NULL,NULL
43549,123746,1556520250,1,NULL,NULL
43549,120699,1556061638,1,NULL,NULL
43549,123747,1556061638,1,NULL,NULL
43549,123747,1556520250,1,NULL,NULL
43551,120501,1556437619,0,NULL,NULL
43551,120382,1556437619,-1,NULL,NULL
43551,120372,1556437619,0,NULL,NULL
43551,123413,1556437619,1,NULL,NULL
43551,120373,1556437619,-1,NULL,NULL
43560,120331,1556241078,0,NULL,NULL
43565,120309,1556173198,0,0.0,0.0
43565,123752,1556182475,0,NULL,NULL
43568,123071,1556134994,0,NULL,NULL
43570,123756,1556124564,0,NULL,NULL
43579,123763,1556079854,0,NULL,NULL
43579,120176,1556079854,0,NULL,NULL
43579,120312,1556079854,0,NULL,NULL
43579,123762,1556079854,0,NULL,NULL
43582,120070,1556071177,-1,NULL,NULL
43590,123765,1556030702,0,NULL,NULL
43592,123353,1555434209,0,NULL,NULL
43592,123353,1556025523,0,NULL,NULL
43595,120058,1556022843,1,NULL,NULL
43595,123769,1556022843,1,NULL,NULL
43595,123768,1556022843,-1,NULL,NULL
43612,120329,1555929443,0,NULL,NULL
43612,120324,1555929443,0,0.0,0.0
43612,120502,1555929443,0,NULL,NULL
43612,120326,1555929443,1,NULL,NULL
43612,120325,1555929443,0,NULL,NULL
43616,120192,1555855441,0,NULL,NULL
43619,120479,1555855423,1,NULL,NULL
43619,120405,1555855423,1,NULL,NULL
43619,123345,1555855423,1,0.0,0.0
43619,121299,1555855423,1,NULL,NULL
43626,123335,1555835509,1,NULL,NULL
43626,120405,1555835509,1,NULL,NULL
43626,120326,1555835509,0,NULL,NULL
43626,123393,1555835509,0,NULL,NULL
43626,123412,1555835509,-1,NULL,NULL
43628,123792,1555790612,0,NULL,NULL
43628,123831,1555790612,0,NULL,NULL
43628,123824,1555790612,0,NULL,NULL
43628,121522,1555790612,0,NULL,NULL
43628,123832,1555790612,0,NULL,NULL
43631,123323,1555231822,1,NULL,NULL
43631,121661,1555721771,1,NULL,NULL
43631,121299,1555721771,0,NULL,NULL
43631,120985,1555721771,1,NULL,NULL
43641,120405,1555596807,1,NULL,NULL
43641,123101,1555596807,-1,NULL,NULL
43641,121661,1555596807,0,NULL,NULL
43641,120326,1555596807,0,NULL,NULL
43641,123335,1555596807,1,NULL,NULL
43648,120312,1555525680,1,NULL,NULL
43650,123861,1555524636,0,NULL,NULL
43650,123301,1555524636,1,NULL,NULL
43650,120097,1555524636,0,NULL,NULL
43650,121427,1475583351,0,NULL,NULL
43650,120658,1475583351,0,NULL,NULL
43657,121132,1555488805,0,NULL,NULL
43657,121126,1555488805,-1,NULL,NULL
43657,120329,1555488805,0,NULL,NULL
43657,123146,1555488805,0,NULL,NULL
43657,121165,1555488805,0,NULL,NULL
43659,123865,1555488572,-1,NULL,NULL
43659,123866,1555488572,-1,0.0,0.0
43660,123868,1555488441,0,NULL,NULL
43664,123044,1555398114,0,NULL,NULL
43664,123176,1555398114,0,NULL,NULL
43666,123873,1555352601,1,NULL,NULL
43671,123876,1555310718,-1,NULL,NULL
43675,123677,1555248905,0,NULL,NULL
43675,123655,1555248905,0,NULL,NULL
43675,123880,1555248905,0,NULL,NULL
43675,123656,1555248905,0,NULL,NULL
43675,121301,1555248905,0,NULL,NULL
43683,123887,1555145319,0,NULL,NULL
43685,120231,1555124892,0,NULL,NULL
43685,121171,1555055345,1,NULL,NULL
43685,120231,1555123262,0,NULL,NULL
43685,121171,1555124940,1,1.0,1.0
43685,120231,1555124940,0,NULL,NULL
43689,123127,1555081639,0,NULL,NULL
43694,123146,1555053349,0,NULL,NULL
43696,123929,1555050565,0,NULL,NULL
43696,120353,1555050565,0,NULL,NULL
43696,123930,1555050565,0,NULL,NULL
43696,121419,1555050565,1,NULL,NULL
43696,123931,1555050565,0,NULL,NULL
43701,123062,1555019379,1,NULL,NULL
43701,120569,1555019379,1,NULL,NULL
43705,123960,1554980144,0,NULL,NULL
43705,123625,1554980144,0,NULL,NULL
43705,123954,1554980144,0,NULL,NULL
43705,120778,1554980144,0,NULL,NULL
43705,122881,1554980144,0,NULL,NULL
43711,123323,1554902504,1,NULL,NULL
43716,123361,1554828019,0,NULL,NULL
43718,120177,1553245910,1,NULL,NULL
43718,120323,1554810978,-1,NULL,NULL
43718,120210,1553406694,-1,NULL,NULL
43718,120563,1553245910,0,NULL,NULL
43718,121397,1553245910,0,NULL,NULL
43720,121786,1554805103,0,NULL,NULL
43727,123966,1554709632,-1,NULL,NULL
43734,120192,1554597104,0,NULL,NULL
43736,120192,1554597031,0,NULL,NULL
43740,120192,1554473676,1,NULL,NULL
43746,120192,1554345914,0,NULL,NULL
43748,124264,1554210797,0,NULL,NULL
43748,120087,1554210797,-1,NULL,NULL
43748,124262,1554210797,0,NULL,NULL
43748,121496,1554210797,0,NULL,NULL
43748,120098,1554210797,0,NULL,NULL
43751,120374,1554126678,1,NULL,NULL
43751,120550,1554126678,1,NULL,NULL
43751,124268,1554126678,1,NULL,NULL
43752,120405,1554081823,-1,NULL,NULL
43752,120479,1554081823,-1,NULL,NULL
43752,123733,1554081823,0,NULL,NULL
43752,123335,1554081823,1,NULL,NULL
43761,121651,1553891975,1,NULL,NULL
43761,121366,1553891975,1,NULL,NULL
43763,120911,1553801114,1,NULL,NULL
43773,120898,1553708991,1,NULL,NULL
43773,123112,1553708991,-1,NULL,NULL
43773,121248,1553708991,1,NULL,NULL
43776,120331,1553700851,0,NULL,NULL
43777,120550,1553688852,1,NULL,NULL
43777,120192,1553688852,0,NULL,NULL
43777,120190,1553688852,0,NULL,NULL
43785,121384,1553625741,0,NULL,NULL
43787,123525,1553595239,-1,NULL,NULL
43787,121435,1553595239,0,NULL,NULL
43787,124369,1553595239,0,NULL,NULL
43787,123650,1553595239,-1,NULL,NULL
43787,120312,1553595239,1,NULL,NULL
43790,124376,1553564570,1,NULL,NULL
43790,122468,1553564570,0,NULL,NULL
43790,121350,1553564570,1,NULL,NULL
43791,123500,1553540292,0,-1.0,-1.0
43798,124388,1553404387,-1,NULL,NULL
43798,123721,1553404387,0,NULL,NULL
43798,123844,1553404387,-1,NULL,NULL
43801,120747,1553402870,1,0.0,0.0
43801,123265,1553402870,1,NULL,NULL
43801,123176,1553402870,0,NULL,NULL
43817,124394,1553177624,1,NULL,NULL
43818,120563,1553062329,1,NULL,NULL
43822,120190,1552977682,0,NULL,NULL
43822,120226,1552977682,1,NULL,NULL
43822,120192,1552977682,0,NULL,NULL
43822,120154,1552977682,-1,NULL,NULL
43822,120160,1552977682,0,NULL,NULL
43823,123485,1552938869,0,NULL,NULL
43826,120273,1552931321,-1,NULL,NULL
43836,121153,1552678466,1,NULL,NULL
43836,123689,1552678466,0,NULL,NULL
43847,121321,1552439181,0,NULL,NULL
43848,124445,1552397083,0,0.0,0.0
43848,123622,1552397083,1,NULL,NULL
43848,120331,1552397083,1,NULL,NULL
43851,120465,1552288612,1,NULL,NULL
43851,121633,1552288612,0,NULL,NULL
43857,120273,1552079367,0,NULL,NULL
43860,124487,1552065497,-1,NULL,NULL
43863,124500,1552039380,-1,NULL,NULL
43863,120190,1552039380,0,NULL,NULL
43863,120191,1552039380,0,NULL,NULL
43863,120192,1552039380,0,NULL,NULL
43868,120312,1551970253,-1,NULL,NULL
43873,120190,1551921481,0,NULL,NULL
43875,124576,1551882464,1,NULL,NULL
43875,120300,1551882464,1,NULL,NULL
43875,123596,1551882464,1,NULL,NULL
43876,120615,1551866457,0,NULL,NULL
43883,125303,1535581260,1,NULL,NULL
43883,121213,1535581260,0,NULL,NULL
43883,121211,1535581260,0,0.0,0.0
43883,120545,1535581260,1,NULL,NULL
43883,123284,1535581260,0,NULL,NULL
43886,123735,1551611303,0,0.0,0.0
43901,123127,1551445693,1,NULL,NULL
43901,123561,1551445693,0,NULL,NULL
43901,123648,1551445693,1,NULL,NULL
43901,123560,1551445693,1,NULL,NULL
43901,124591,1551445693,0,NULL,NULL
43904,120273,1551420301,0,NULL,NULL
43906,121459,1551409207,1,0.0,0.0
43906,121712,1551409207,1,NULL,NULL
43906,123652,1551409207,0,NULL,NULL
43906,123651,1551409207,0,NULL,NULL
43906,123653,1551409207,-1,NULL,NULL
43913,124635,1551253542,0,NULL,NULL
43913,120548,1551253542,1,NULL,NULL
43913,124633,1551253542,0,0.0,0.0
43913,120545,1551253542,0,NULL,NULL
43913,121530,1551253542,-1,NULL,NULL
43916,121066,1551236897,0,NULL,NULL
43916,121127,1551236897,1,0.0,0.0
43916,124637,1551236897,0,0.0,0.0
43916,124638,1551236897,1,NULL,NULL
43916,121064,1551236897,-1,NULL,NULL
43924,123335,1551010791,0,NULL,NULL
43924,124643,1551010791,1,NULL,NULL
43924,120326,1551010791,1,NULL,NULL
43924,120335,1551010791,1,NULL,NULL
43931,120451,1550935501,0,NULL,NULL
43931,124651,1550935501,0,NULL,NULL
43931,120442,1550935501,0,NULL,NULL
43931,120424,1550935501,0,NULL,NULL
43931,120420,1550935501,0,NULL,NULL
43935,120384,1550926614,0,NULL,NULL
43943,124665,1550823891,-1,NULL,NULL
43943,123130,1550823891,-1,NULL,NULL
43943,120051,1550823891,0,NULL,NULL
43943,124661,1550823891,0,NULL,NULL
43943,122876,1550823891,0,NULL,NULL
43946,120312,1550657202,0,NULL,NULL
43946,121410,1550544665,-1,NULL,NULL
43946,123865,1550544665,0,NULL,NULL
43946,121593,1550544665,1,NULL,NULL
43946,123856,1550657202,-1,NULL,NULL
43948,120176,1550803311,0,NULL,NULL
43948,121710,1550803311,1,NULL,NULL
43948,123026,1550803311,1,NULL,NULL
43948,121709,1550803311,0,NULL,NULL
43948,120636,1550803311,1,NULL,NULL
43956,123083,1550712394,1,NULL,NULL
43956,123081,1550712394,1,NULL,NULL
43956,121419,1550712394,1,NULL,NULL
43956,120848,1550712394,0,NULL,NULL
43956,120639,1550712394,1,0.0,0.0
43963,120312,1550649014,0,NULL,NULL
43967,123335,1550643400,0,NULL,NULL
43967,121356,1550643400,0,NULL,NULL
43967,120489,1550643400,0,NULL,NULL
43967,120492,1550643400,0,NULL,NULL
43967,120309,1550643400,0,0.0,0.0
43970,123735,1550631836,0,NULL,NULL
43970,123727,1550631836,1,NULL,NULL
43986,120312,1550486910,0,NULL,NULL
43989,120326,1550310458,1,NULL,NULL
43989,123349,1550310458,0,NULL,NULL
43989,124685,1550310458,0,NULL,NULL
43989,124684,1550310458,-1,NULL,NULL
43989,123342,1550310458,0,NULL,NULL
43996,120706,1550163769,0,NULL,NULL
43996,121537,1550250689,0,NULL,NULL
43996,120766,1550163769,1,NULL,NULL
43996,120348,1550250689,0,NULL,NULL
43996,121536,1550250689,1,NULL,NULL
44000,120326,1550233474,1,NULL,NULL
44000,124708,1550233474,1,NULL,NULL
44006,123127,1550199901,1,NULL,NULL
44006,121435,1550199901,1,NULL,NULL
44006,124709,1550199901,0,NULL,NULL
44006,123525,1550199901,-1,NULL,NULL
44010,123660,1550145002,0,0.0,0.0
44010,123524,1550145002,0,NULL,NULL
44010,120479,1550145002,0,NULL,NULL
44016,120335,1550115676,0,NULL,NULL
44016,120405,1550115676,1,NULL,NULL
44020,120312,1550102808,0,NULL,NULL
44020,123199,1550102808,0,NULL,NULL
44020,124726,1550102808,0,NULL,NULL
44023,121050,1550087486,1,NULL,NULL
44029,123560,1550004797,0,NULL,NULL
44029,121170,1550004797,-1,NULL,NULL
44029,120231,1550004797,0,NULL,NULL
44034,124576,1549939372,0,NULL,NULL
44034,120331,1549939372,0,NULL,NULL
44034,124730,1549939372,0,NULL,NULL
44043,121380,1549850814,0,NULL,NULL
44043,120363,1549626457,0,NULL,NULL
44043,121380,1549626457,1,NULL,NULL
44043,123539,1549850814,0,NULL,NULL
44043,123408,1549626457,1,NULL,NULL
44065,120231,1549284609,0,NULL,NULL
44065,120068,1549284609,1,NULL,NULL
44073,121662,1549178694,0,NULL,NULL
44073,121172,1549178694,-1,NULL,NULL
44073,121660,1549178694,-1,0.0,0.0
44073,123524,1549178694,1,NULL,NULL
44073,120325,1549178694,0,NULL,NULL
44076,120127,1549177195,0,NULL,NULL
44081,124751,1549100371,1,NULL,NULL
44081,121712,1549100371,-1,NULL,NULL
44081,120313,1549100371,-1,NULL,NULL
44084,123621,1548986494,0,NULL,NULL
44084,120143,1548986494,-1,NULL,NULL
44084,124753,1548986494,0,NULL,NULL
44084,120149,1548986494,1,NULL,NULL
44084,120122,1548986494,1,NULL,NULL
44087,120429,1548924189,1,NULL,NULL
44090,121244,1548895422,1,NULL,NULL
44090,121173,1548895422,1,NULL,NULL
44090,121650,1548895422,0,0.0,0.0
44090,121172,1548895422,1,NULL,NULL
44095,122248,1548841885,1,NULL,NULL
44095,123747,1548841885,0,NULL,NULL
44095,120699,1548841885,1,NULL,NULL
44097,123994,1548818217,1,NULL,NULL
44097,120160,1548818217,1,NULL,NULL
44097,120193,1548818217,0,0.0,0.0
44097,120192,1548818217,0,NULL,NULL
44097,120177,1548818217,1,NULL,NULL
44101,120455,1548763596,1,NULL,NULL
44101,120459,1548763596,1,NULL,NULL
44101,120421,1548763596,1,0.0,0.0
44101,120460,1548763596,1,NULL,NULL
44101,120454,1548763596,1,NULL,NULL
44102,123419,1548724082,0,NULL,NULL
44105,120063,1548560218,0,NULL,NULL
44105,120277,1548560218,-1,NULL,NULL
44107,123466,1548422024,0,NULL,NULL
44107,120502,1548422024,0,NULL,NULL
44107,120063,1548422024,1,NULL,NULL
44107,120408,1548422024,0,NULL,NULL
44107,120409,1548422024,0,NULL,NULL
44110,124776,1548395442,1,NULL,NULL
44110,122803,1548395442,0,NULL,NULL
44110,120195,1548395442,0,NULL,NULL
44110,124779,1548395442,0,NULL,NULL
44110,124775,1548395442,1,NULL,NULL
44115,120372,1548385251,0,NULL,NULL
44115,124790,1548385251,1,NULL,NULL
44115,124791,1548385251,1,NULL,NULL
44115,123362,1548385251,-1,NULL,NULL
44116,120405,1548314471,0,NULL,NULL
44116,124793,1548314471,0,NULL,NULL
44116,123524,1548314471,-1,NULL,NULL
44116,120482,1548314471,1,NULL,NULL
44116,124790,1548314471,0,NULL,NULL
44117,123361,1548312912,1,NULL,NULL
44119,123219,1548294778,1,NULL,NULL
44119,120467,1548294778,1,NULL,NULL
44122,120086,1548291448,1,NULL,NULL
44122,120331,1548291448,0,NULL,NULL
44127,120070,1548238179,1,NULL,NULL
44127,123363,1548238179,0,NULL,NULL
44127,123362,1548238179,-1,0.0,0.0
44127,124793,1548238179,0,NULL,NULL
44128,121244,1547506344,1,NULL,NULL
44128,121581,1547506344,1,NULL,NULL
44128,124995,1547506344,0,NULL,NULL
44128,121244,1548198938,0,NULL,NULL
44131,123572,1548128437,-1,NULL,NULL
44131,123574,1548128437,0,NULL,NULL
44134,124835,1548060769,1,NULL,NULL
44134,124841,1548060769,-1,NULL,NULL
44134,123311,1548060769,0,0.0,0.0
44134,124839,1548060769,0,NULL,NULL
44134,121252,1548060769,0,NULL,NULL
44137,124703,1547945821,-1,NULL,NULL
44137,121642,1547945821,1,NULL,NULL
44138,123524,1547867675,0,NULL,NULL
44138,120482,1547867675,1,NULL,NULL
44142,121637,1547656780,-1,NULL,NULL
44146,120047,1547643558,1,NULL,NULL
44149,121585,1547602862,0,NULL,NULL
44149,120865,1547602862,0,0.0,0.0
44149,120331,1547602862,0,NULL,NULL
44149,120637,1547602862,1,0.0,0.0
44149,123335,1547602862,0,NULL,NULL
44151,121171,1547599117,1,NULL,NULL
44151,121157,1547599117,1,NULL,NULL
44151,123684,1547599117,0,NULL,NULL
44154,121138,1547513742,1,NULL,NULL
44154,124376,1547513742,1,NULL,NULL
44154,124777,1547513742,0,NULL,NULL
44155,120253,1547437810,0,NULL,NULL
44155,120262,1547437810,0,NULL,NULL
44155,120264,1547437810,0,NULL,NULL
44155,120257,1547437810,0,NULL,NULL
44155,120252,1547437810,0,NULL,NULL
44156,121072,1547358052,1,NULL,NULL
44156,121660,1547358052,0,NULL,NULL
44156,120192,1547358052,1,NULL,NULL
44157,121734,1547213656,0,NULL,NULL
44157,121730,1547213656,-1,NULL,NULL
44161,120405,1547177204,1,NULL,NULL
44161,121397,1547177204,0,NULL,NULL
44161,121399,1547177204,1,NULL,NULL
44161,123357,1547177204,0,NULL,NULL
44164,124997,1547089426,0,NULL,NULL
44164,124997,1546416837,-1,NULL,NULL
44164,121396,1546416837,1,NULL,NULL
44164,120428,1546416837,-1,NULL,NULL
44164,125016,1546416837,1,NULL,NULL
44165,120258,1547088612,0,NULL,NULL
44165,120257,1547088612,0,NULL,NULL
44165,120273,1547088612,-1,NULL,NULL
44166,121586,1547086005,1,NULL,NULL
44170,121170,1547035417,0,NULL,NULL
44170,120231,1547035417,1,NULL,NULL
44170,121453,1547035417,1,NULL,NULL
44170,121157,1547035417,0,NULL,NULL
44180,123966,1546847895,1,NULL,NULL
44180,123204,1546847895,0,NULL,NULL
44180,123205,1546847895,0,NULL,NULL
44180,125012,1546847895,0,NULL,NULL
44180,121157,1546847895,1,NULL,NULL
44181,120192,1546842101,0,NULL,NULL
44181,120312,1546842101,0,NULL,NULL
44181,120154,1546842101,1,NULL,NULL
44181,120191,1546842101,0,NULL,NULL
44181,120190,1546842101,0,NULL,NULL
44183,121299,1546475900,1,NULL,NULL
44183,120500,1546475900,0,NULL,NULL
44183,123734,1546475900,1,NULL,NULL
44183,120377,1546475900,-1,NULL,NULL
44183,120497,1546475900,1,NULL,NULL
44185,120797,1546396896,0,NULL,NULL
44186,120331,1546335164,1,NULL,NULL
44189,120195,1545906426,1,NULL,NULL
44189,120331,1545906426,-1,NULL,NULL
44189,120330,1545906426,1,NULL,NULL
44189,120333,1545906426,0,NULL,NULL
44189,120061,1545906426,0,NULL,NULL
44190,120331,1545906174,0,NULL,NULL
44190,123497,1545906174,1,NULL,NULL
44190,124445,1545906174,0,0.0,0.0
44190,124693,1545906174,1,NULL,NULL
44196,121375,1545434513,0,NULL,NULL
44196,120652,1545434513,1,NULL,NULL
44196,123773,1545434513,1,NULL,NULL
44196,123574,1545434513,-1,NULL,NULL
44197,120865,1541678824,0,0.0,0.0
44197,121153,1541678824,1,NULL,NULL
44197,123689,1541678824,1,NULL,NULL
44197,120545,1545386495,-1,NULL,NULL
44197,121223,1541993866,-1,NULL,NULL
44198,120075,1545356964,1,NULL,NULL
44198,120275,1545356964,0,NULL,NULL
44198,123110,1545356964,0,NULL,NULL
44198,120274,1545356964,0,NULL,NULL
44198,120519,1545356964,0,NULL,NULL
44200,120118,1545111810,1,0.0,0.0
44200,120873,1545198913,-1,NULL,NULL
44200,120544,1545111810,-1,NULL,NULL
44200,120545,1545111810,0,NULL,NULL
44200,120702,1545111810,1,NULL,NULL
44201,120176,1545195061,0,NULL,NULL
44202,123966,1545123431,1,NULL,NULL
44202,120526,1545123431,1,NULL,NULL
44202,121157,1545123431,0,NULL,NULL
44202,124621,1545123431,1,NULL,NULL
44202,120063,1545123431,0,NULL,NULL
44204,121350,1545120951,1,NULL,NULL
44204,120313,1545120951,1,NULL,NULL
44206,124264,1545067919,0,NULL,NULL
44208,121375,1544731036,1,NULL,NULL
44208,121375,1544828902,0,NULL,NULL
44209,125042,1544782667,0,NULL,NULL
44209,125041,1544782667,0,NULL,NULL
44211,121366,1544734031,-1,NULL,NULL
44212,120295,1544668520,1,NULL,NULL
44212,125043,1544668520,1,0.0,NULL
44212,123044,1544668520,1,NULL,NULL
44214,123165,1544540538,0,0.0,NULL
44214,121532,1544540538,0,NULL,NULL
44214,120868,1544540538,0,NULL,NULL
44214,123500,1544540538,0,NULL,NULL
44214,120870,1544540538,0,NULL,NULL
44215,123660,1544512682,0,NULL,NULL
44220,124254,1544160101,0,NULL,NULL
44220,121157,1544160101,0,NULL,NULL
44226,120084,1544056232,1,NULL,NULL
44226,120176,1544056232,1,NULL,NULL
44226,120194,1544056232,0,NULL,NULL
44226,120193,1544056232,0,0.0,0.0
44228,120217,1543934016,0,0.0,0.0
44228,123493,1543934016,0,NULL,NULL
44228,121603,1543934016,0,NULL,NULL
44228,125048,1543934016,-1,0.0,0.0
44228,120524,1543934016,0,NULL,NULL
44230,121435,1543668071,0,NULL,NULL
44230,121435,1543796361,1,NULL,NULL
44234,120475,1543565526,1,NULL,NULL
44235,125054,1543542786,1,NULL,NULL
44235,125055,1543542786,1,NULL,NULL
44237,120063,1543527470,1,NULL,NULL
44237,120615,1543527470,1,NULL,NULL
44239,123357,1543509606,-1,NULL,NULL
44240,123006,1543461825,1,NULL,NULL
44240,123622,1543461825,1,NULL,NULL
44240,125056,1543461825,1,NULL,NULL
44240,121893,1543461825,0,NULL,NULL
44240,120539,1543461825,1,NULL,NULL
44241,120176,1543369227,-1,NULL,NULL
44241,120098,1543369227,1,NULL,NULL
44242,121579,1543337826,1,NULL,NULL
44242,125058,1543337826,1,NULL,NULL
44242,125057,1543337826,1,NULL,NULL
44242,125059,1543337826,0,0.0,0.0
44244,124630,1543321867,-1,NULL,NULL
44244,124630,1543323304,1,NULL,NULL
44244,124630,1543323383,-1,NULL,NULL
44247,125068,1543215116,1,NULL,NULL
44247,123683,1543215116,1,NULL,NULL
44247,125063,1543215116,-1,NULL,NULL
44247,120235,1543215116,-1,NULL,NULL
44247,120222,1543215116,0,NULL,NULL
44249,120231,1543213934,-1,NULL,NULL
44249,120068,1543213934,1,NULL,NULL
44249,125049,1543213934,0,NULL,NULL
44249,121157,1543213934,-1,NULL,NULL
44249,121171,1543213934,0,NULL,NULL
44250,125071,1543198800,0,NULL,NULL
44250,120692,1543198800,-1,NULL,NULL
44250,123702,1543198800,-1,NULL,NULL
44253,123265,1542943897,-1,NULL,NULL
44253,123702,1543050008,0,NULL,NULL
44253,125071,1542943897,0,NULL,NULL
44253,123176,1542943897,0,NULL,NULL
44253,123044,1542943897,0,NULL,NULL
44255,124256,1542791694,1,NULL,NULL
44258,121267,1542644488,0,NULL,NULL
44258,121278,1542644488,1,NULL,NULL
44258,121274,1542644488,0,NULL,NULL
44261,120176,1542591318,0,NULL,NULL
44261,125077,1542591318,1,NULL,NULL
44261,125078,1542591318,0,NULL,NULL
44263,123044,1542546442,0,NULL,NULL
44263,120562,1542546442,1,NULL,NULL
44263,123043,1542546442,0,NULL,NULL
44263,123265,1542546442,1,NULL,NULL
44263,125079,1542546442,0,NULL,NULL
44264,120030,1542402445,1,NULL,NULL
44265,125082,1542349859,0,NULL,NULL
44265,125081,1542349859,0,NULL,NULL
44265,120176,1542349859,0,NULL,NULL
44265,120313,1542349859,1,NULL,NULL
44267,121712,1542246098,1,NULL,NULL
44267,123648,1542246098,0,NULL,NULL
44267,123649,1542246098,0,NULL,NULL
44268,120876,1542207612,1,NULL,NULL
44268,120865,1542207612,0,0.0,0.0
44270,120515,1542092360,0,NULL,NULL
44270,120515,1542119090,0,NULL,NULL
44270,121435,1542080962,0,NULL,NULL
44270,121171,1542080962,1,NULL,NULL
44270,121435,1542192513,1,NULL,NULL
44272,120029,1542123607,1,NULL,NULL
44272,122874,1542123607,0,NULL,NULL
44275,120889,1542079863,-1,NULL,NULL
44275,120896,1542079863,-1,NULL,NULL
44275,120597,1542079863,-1,NULL,NULL
44275,120579,1542079863,-1,NULL,NULL
44275,120176,1542079863,0,NULL,NULL
44276,125086,1542070937,1,NULL,NULL
44276,121278,1542070937,0,NULL,NULL
44276,125085,1542070937,1,NULL,NULL
44278,125088,1541858969,1,NULL,NULL
44278,120772,1541858969,1,NULL,NULL
44280,123497,1541816281,0,NULL,NULL
44282,120597,1541775799,1,NULL,NULL
44282,125089,1541775799,1,NULL,NULL
44282,121216,1541775799,0,NULL,NULL
44283,121560,1541746413,1,NULL,NULL
44283,121593,1541746413,-1,NULL,NULL
44285,120784,1541707174,0,NULL,NULL
44285,121384,1541707174,0,NULL,NULL
44285,121680,1541707174,0,NULL,NULL
44285,120258,1541714870,0,NULL,NULL
44291,120231,1541487515,0,NULL,NULL
44291,124428,1541487515,0,NULL,NULL
44293,121281,1541467185,0,NULL,NULL
44293,121263,1541467185,1,NULL,NULL
44294,125101,1541466944,0,NULL,NULL
44296,121290,1539273624,-1,NULL,NULL
44296,125102,1539185236,1,0.0,0.0
44296,124741,1539185236,0,NULL,NULL
44296,121290,1539185236,1,NULL,NULL
44296,121615,1539185236,1,NULL,NULL
44297,123834,1541425398,0,NULL,NULL
44297,123654,1541425398,0,NULL,NULL
44297,125103,1541425398,0,NULL,NULL
44297,123687,1541425398,-1,NULL,NULL
44297,125077,1541425398,0,NULL,NULL
44298,120886,1541263579,0,NULL,NULL
44298,120176,1541263579,0,NULL,NULL
44298,120231,1541263579,0,NULL,NULL
44303,121146,1541087471,0,NULL,NULL
44303,123190,1541087471,0,NULL,NULL
44303,120549,1541087471,0,NULL,NULL
44307,120891,1540894280,-1,NULL,NULL
44307,123687,1540894280,0,NULL,NULL
44307,125104,1540894280,1,NULL,NULL
44310,121280,1540814209,0,NULL,NULL
44310,125114,1540814209,1,NULL,NULL
44310,125120,1540814209,0,NULL,NULL
44310,125119,1540814209,0,0.0,0.0
44310,125067,1540814209,1,0.0,0.0
44313,120920,1540597473,1,NULL,NULL
44313,120639,1540597473,0,0.0,0.0
44316,123653,1540561496,0,NULL,NULL
44320,125114,1540448616,0,NULL,NULL
44320,123837,1540448616,0,NULL,NULL
44320,120597,1540448616,0,NULL,NULL
44321,120597,1540440328,0,NULL,NULL
44321,123837,1540440328,0,NULL,NULL
44321,123834,1540440328,0,NULL,NULL
44323,123633,1540401432,-1,NULL,NULL
44323,123626,1540401432,1,NULL,NULL
44326,121274,1540361659,0,NULL,NULL
44326,125126,1540361659,0,NULL,NULL
44326,121278,1540361659,1,NULL,NULL
44326,121275,1540361659,0,NULL,NULL
44326,121267,1540361659,1,NULL,NULL
44328,121050,1540327906,1,NULL,NULL
44334,120597,1540171975,-1,NULL,NULL
44334,120063,1540171975,0,NULL,NULL
44334,121275,1540043986,1,NULL,NULL
44334,120634,1540171975,0,NULL,NULL
44334,120283,1540171975,1,NULL,NULL
44335,120545,1540172594,1,NULL,NULL
44335,120068,1540172594,1,NULL,NULL
44335,120545,1540207733,0,NULL,NULL
44339,120063,1540048227,0,NULL,NULL
44339,120554,1540048227,0,NULL,NULL
44339,125128,1540048227,0,NULL,NULL
44339,124693,1540048227,1,NULL,NULL
44341,120127,1539992063,1,NULL,NULL
44341,125129,1539992063,0,NULL,NULL
44342,125107,1539898930,1,NULL,NULL
44346,120597,1539843874,1,NULL,NULL
44346,125110,1539843874,0,NULL,NULL
44347,125132,1539842668,1,0.0,NULL
44349,123272,1539835467,1,NULL,NULL
44349,123113,1539835467,1,NULL,NULL
44349,123576,1539835467,0,NULL,NULL
44353,125032,1539794565,0,NULL,NULL
44353,121046,1539794565,0,NULL,NULL
44353,121384,1539794565,1,NULL,NULL
44355,120596,1539753600,1,NULL,NULL
44355,120309,1539753600,0,0.0,0.0
44355,121681,1539753600,-1,NULL,NULL
44356,120545,1539718691,0,NULL,NULL
44356,120659,1539718691,-1,NULL,NULL
44356,121535,1539718691,0,NULL,NULL
44356,120774,1539718691,0,NULL,NULL
44356,124652,1539718691,1,NULL,NULL
44358,121280,1539700018,1,NULL,NULL
44358,120597,1539700018,0,NULL,NULL
44358,125089,1539700018,0,NULL,NULL
44359,121267,1539675721,0,NULL,NULL
44359,121263,1539675721,1,NULL,NULL
44359,121282,1539675721,0,NULL,NULL
44360,123491,1539673969,1,NULL,NULL
44360,125137,1539673969,0,NULL,NULL
44360,125068,1539673969,0,NULL,NULL
44360,125139,1539673969,0,0.0,0.0
44360,123213,1539673969,0,NULL,NULL
44367,120773,1539595277,1,NULL,NULL
44367,120312,1539595277,0,NULL,NULL
44367,120098,1539595277,1,NULL,NULL
44369,125172,1539583240,0,NULL,NULL
44369,120635,1539583240,0,0.0,0.0
44371,123341,1539477978,0,NULL,NULL
44372,123361,1539368396,0,NULL,NULL
44373,121244,1539347230,-1,NULL,NULL
44374,121266,1539313513,0,NULL,NULL
44374,121278,1539313513,0,NULL,NULL
44374,121282,1539313513,0,NULL,NULL
44374,120896,1539313513,0,NULL,NULL
44374,120597,1539313513,1,NULL,NULL
44378,120475,1539268984,-1,NULL,NULL
44380,121642,1539155457,-1,NULL,NULL
44382,122874,1539012281,1,NULL,NULL
44383,125090,1539009362,0,NULL,NULL
44384,120063,1538903349,0,NULL,NULL
44384,120283,1538903349,0,NULL,NULL
44384,125176,1538903349,0,NULL,NULL
44384,121276,1538903349,0,NULL,NULL
44384,121275,1538903349,-1,NULL,NULL
44395,120692,1538439120,-1,NULL,NULL
44400,123347,1538177746,0,NULL,NULL
44401,121146,1538176335,0,NULL,NULL
44401,125184,1538176335,1,0.0,0.0
44401,125186,1538176335,0,NULL,NULL
44401,120177,1538176335,1,NULL,NULL
44401,125185,1538176335,0,NULL,NULL
44407,121171,1538140943,0,NULL,NULL
44407,121624,1538140943,0,NULL,NULL
44412,121244,1538036657,1,NULL,NULL
44413,124576,1537998748,0,NULL,NULL
44414,123655,1537966436,0,NULL,NULL
44414,123656,1537966436,0,NULL,NULL
44414,125189,1537966436,1,0.0,NULL
44416,123623,1537932057,0,NULL,NULL
44416,120219,1537932057,1,NULL,NULL
44416,120887,1537932057,-1,NULL,NULL
44416,125191,1537932057,-1,NULL,NULL
44416,121257,1537932057,-1,NULL,NULL
44418,120190,1537900155,0,NULL,NULL
44418,120188,1537900155,0,NULL,NULL
44421,120623,1537841976,1,NULL,NULL
44421,123113,1537841976,0,NULL,NULL
44424,121445,1537571199,0,NULL,NULL
44424,120768,1537571199,0,0.0,0.0
44424,120769,1537571199,1,0.0,0.0
44424,120546,1537571199,0,NULL,NULL
44424,120765,1537571199,1,0.0,0.0
44426,120177,1537571099,-1,NULL,NULL
44427,120304,1537569414,0,NULL,NULL
44430,120075,1537451870,1,NULL,NULL
44431,120177,1537395496,1,NULL,NULL
44431,120597,1537395496,0,NULL,NULL
44431,121397,1537395496,1,NULL,NULL
44431,121399,1537395496,1,NULL,NULL
44432,120177,1537376776,1,NULL,NULL
44432,120231,1537376776,1,NULL,NULL
44432,120176,1537376776,0,NULL,NULL
44432,121397,1537376776,0,NULL,NULL
44432,121399,1537376776,0,NULL,NULL
44434,120349,1536565322,-1,NULL,NULL
44434,121146,1537250303,1,NULL,NULL
44434,124621,1536565322,1,NULL,NULL
44434,121146,1536566033,1,NULL,NULL
44434,120349,1537250303,1,NULL,NULL
44438,120731,1535050107,0,NULL,NULL
44438,120731,1537006835,1,NULL,NULL
44442,120706,1536763905,0,NULL,NULL
44442,124649,1536763905,1,NULL,NULL
44445,120747,1536708196,0,0.0,0.0
44445,120572,1536708196,1,NULL,NULL
44445,121678,1536708196,1,NULL,NULL
44445,123044,1536708196,-1,NULL,NULL
44445,125071,1536708196,0,NULL,NULL
44447,121278,1536705171,-1,NULL,NULL
44447,120283,1536705171,1,NULL,NULL
44448,120117,1536702232,1,NULL,NULL
44449,123837,1536650038,0,NULL,NULL
44449,121624,1536650038,1,NULL,NULL
44449,121262,1536650038,1,NULL,NULL
44449,123682,1536650038,1,NULL,NULL
44449,121171,1536650038,0,NULL,NULL
44451,123582,1536586366,-1,0.0,NULL
44455,123361,1536456230,1,NULL,NULL
44455,125152,1536456230,0,NULL,NULL
44456,120063,1536052071,-1,NULL,NULL
44456,120550,1536052071,1,NULL,NULL
44456,120290,1536052071,-1,NULL,NULL
44456,125049,1536368276,0,NULL,NULL
44456,120346,1536052071,-1,NULL,NULL
44458,124648,1536358149,1,NULL,NULL
44459,120127,1536334922,1,NULL,NULL
44459,120312,1536334922,-1,NULL,NULL
44459,120331,1536334922,1,NULL,NULL
44465,120127,1536231584,-1,NULL,NULL
44467,124800,1536188665,0,NULL,NULL
44467,125217,1536188665,1,NULL,NULL
44467,124799,1536188665,1,NULL,NULL
44469,123486,1536059289,-1,NULL,NULL
44469,123486,1536040131,0,NULL,NULL
44469,120562,1536040131,0,NULL,NULL
44469,120231,1536040131,1,NULL,NULL
44469,121146,1536040131,-1,NULL,NULL
44471,120596,1536028043,1,NULL,NULL
44471,121681,1536028043,1,NULL,NULL
44472,120715,1535884545,1,NULL,NULL
44472,125303,1535884545,1,NULL,NULL
44472,124579,1535884545,0,NULL,NULL
44476,121262,1535657004,0,NULL,NULL
44476,120597,1535657004,1,NULL,NULL
44476,125107,1535657004,0,NULL,NULL
44476,123837,1535657004,1,NULL,NULL
44476,123850,1535657004,0,0.0,0.0
44477,120550,1535594984,-1,NULL,NULL
44479,120310,1535468509,1,NULL,NULL
44481,123006,1535259464,1,0.0,0.0
44481,125162,1535259464,1,NULL,NULL
44481,125311,1535438041,0,NULL,NULL
44482,120063,1535397112,0,NULL,NULL
44482,120221,1535397112,0,NULL,NULL
44482,120210,1535397112,0,NULL,NULL
44482,120177,1535397112,1,NULL,NULL
44482,123357,1535397112,1,NULL,NULL
44483,121142,1535390431,1,NULL,NULL
44483,125317,1535390431,1,NULL,NULL
44483,123080,1535390431,1,NULL,NULL
44483,120223,1535390431,1,NULL,NULL
44483,123405,1535390431,0,NULL,NULL
44485,121383,1535128003,1,NULL,NULL
44485,120098,1535128003,1,NULL,NULL
44485,120176,1535128003,1,NULL,NULL
44485,120227,1535375012,1,NULL,NULL
44487,120051,1535355329,0,NULL,NULL
44490,120231,1535076451,1,NULL,NULL
44490,121157,1535076451,1,NULL,NULL
44490,121171,1535076451,0,NULL,NULL
44490,124263,1535076451,0,NULL,NULL
44492,123565,1535041342,1,0.0,0.0
44492,123583,1535041342,1,0.0,0.0
44492,123574,1535041342,1,NULL,NULL
44492,123573,1535041342,1,NULL,NULL
44492,123579,1535041342,0,0.0,NULL
44493,120691,1535018763,0,0.0,0.0
44495,121189,1534979280,1,NULL,NULL
44495,123880,1534979280,1,NULL,NULL
44497,124667,1530604034,0,NULL,NULL
44497,120312,1530604034,1,NULL,NULL
44497,120618,1530604034,1,NULL,NULL
44497,123213,1534978865,-1,NULL,NULL
44497,121176,1530604034,1,NULL,NULL
44500,120176,1530008814,1,NULL,NULL
44500,120691,1534919231,0,NULL,NULL
44500,120691,1534955405,0,NULL,NULL
44503,123172,1534948921,-1,0.0,NULL
44503,120331,1534948921,0,NULL,NULL
44503,120545,1534948921,0,NULL,NULL
44503,125344,1534948921,-1,NULL,NULL
44504,124433,1534919195,0,NULL,NULL
44504,124433,1534945683,0,NULL,NULL
44506,120236,1534902876,1,NULL,NULL
44506,125178,1534902876,1,NULL,NULL
44507,120030,1534886852,0,NULL,NULL
44507,120029,1534886852,0,NULL,NULL
44507,125004,1534886852,0,NULL,NULL
44510,123547,1534861071,-1,NULL,NULL
44510,123547,1534861569,0,NULL,NULL
44515,121427,1534559372,0,NULL,NULL
44518,123291,1534444935,0,NULL,NULL
44518,120711,1534444935,1,NULL,NULL
44518,121530,1534444935,0,NULL,NULL
44520,121138,1534432057,0,NULL,NULL
44521,121290,1534429383,0,NULL,NULL
44521,121615,1534429383,1,NULL,NULL
44521,121290,1534430147,0,NULL,NULL
44525,125363,1534346994,0,NULL,NULL
44525,124576,1534346994,0,NULL,NULL
44525,120366,1534346994,1,NULL,NULL
44525,121227,1534346994,0,0.0,0.0
44525,124690,1534346994,1,NULL,NULL
44528,120526,1534201194,0,NULL,NULL
44528,120231,1534201194,1,NULL,NULL
44530,120597,1534162984,-1,NULL,NULL
44533,121431,1533906700,0,NULL,NULL
44533,120886,1534128827,1,NULL,NULL
44533,120886,1533906700,1,NULL,NULL
44533,121427,1533906700,0,NULL,NULL
44533,121067,1533906700,-1,NULL,NULL
44537,121181,1533956021,1,NULL,NULL
44538,125036,1533870950,1,0.0,0.0
44538,121391,1533870950,1,0.0,NULL
44541,120171,1533674057,1,NULL,NULL
44541,120446,1533674057,1,-1.0,NULL
44541,120457,1533674057,1,NULL,NULL
44541,120459,1533674057,1,NULL,NULL
44541,121633,1533674057,0,NULL,NULL
44549,121564,1533211191,0,NULL,NULL
44549,121479,1533211191,1,NULL,NULL
44549,121498,1533211191,0,NULL,NULL
44549,121730,1533211191,0,NULL,NULL
44549,121734,1533211191,0,NULL,NULL
44554,120888,1533147659,0,NULL,NULL
44554,125191,1533147659,0,NULL,NULL
44554,120597,1533147659,0,NULL,NULL
44554,123347,1533147659,0,NULL,NULL
44554,123081,1533147659,-1,NULL,NULL
44555,120177,1533146678,1,NULL,NULL
44560,123933,1533069377,-1,NULL,NULL
44560,125382,1533069377,-1,NULL,NULL
44560,123763,1533069377,1,NULL,NULL
44560,120305,1533069377,-1,NULL,NULL
44560,121193,1533069377,0,NULL,NULL
44570,125114,1532616194,0,NULL,NULL
44570,121046,1532616194,0,NULL,NULL
44570,125114,1532652046,0,NULL,NULL
44570,121046,1532652046,0,NULL,NULL
44571,120265,1532624329,1,NULL,NULL
44571,120251,1532624329,1,NULL,NULL
44576,125389,1532527200,0,NULL,NULL
44576,125390,1532527200,0,NULL,NULL
44578,121216,1532500646,0,NULL,NULL
44578,125085,1532500646,0,NULL,NULL
44578,125049,1532500646,0,NULL,NULL
44578,125117,1532500646,0,NULL,NULL
44578,120236,1532500646,0,NULL,NULL
44582,120562,1532397628,1,NULL,NULL
44582,120563,1532397628,0,NULL,NULL
44589,125399,1532060241,1,NULL,NULL
44589,120063,1532060241,0,NULL,NULL
44594,123361,1532006444,1,NULL,NULL
44594,120331,1532006444,0,NULL,NULL
44594,120191,1532006444,0,NULL,NULL
44594,120123,1532006444,1,NULL,NULL
44594,120188,1532006444,0,NULL,NULL
44595,123933,1532003395,1,NULL,NULL
44595,125401,1532003395,0,0.0,0.0
44596,120327,1532000323,1,NULL,NULL
44597,120312,1531995978,0,NULL,NULL
44598,123341,1531972855,0,NULL,NULL
44600,121900,1531971679,1,NULL,NULL
44607,120236,1531379726,0,NULL,NULL
44607,123213,1531379726,1,NULL,NULL
44613,122874,1531353399,0,NULL,NULL
44613,121126,1531353399,1,NULL,NULL
44613,120868,1531353399,1,NULL,NULL
44613,120309,1531353399,0,0.0,0.0
44616,124753,1530448291,1,NULL,NULL
44616,124842,1530448291,0,NULL,NULL
44616,125414,1530448291,0,NULL,NULL
44616,120704,1530448291,1,NULL,NULL
44616,124840,1530448291,0,NULL,NULL
44618,120070,1531277526,1,NULL,NULL
44618,120985,1531277526,1,NULL,NULL
44618,123362,1531277526,0,0.0,0.0
44621,125417,1531152036,0,NULL,NULL
44621,125416,1531152036,0,NULL,NULL
44621,125390,1531152036,0,NULL,NULL
44621,125415,1531152036,0,NULL,NULL
44628,123654,1531013745,0,NULL,NULL
44629,120312,1530848103,0,NULL,NULL
44629,120176,1530848103,0,NULL,NULL
44629,120312,1530893830,0,NULL,NULL
44631,120309,1530683028,0,0.0,0.0
44631,121244,1530683028,0,NULL,NULL
44631,123184,1530683028,1,NULL,NULL
44631,120904,1530683028,1,NULL,NULL
44631,121278,1530683028,0,NULL,NULL
44634,121172,1530671364,0,NULL,NULL
44634,121290,1530671364,-1,NULL,NULL
44634,125420,1530671364,1,NULL,NULL
44635,121181,1530627318,1,NULL,NULL
44636,120667,1530611794,1,NULL,NULL
44636,121427,1530611794,1,NULL,NULL
44636,123130,1530611794,1,NULL,NULL
44636,123281,1530611794,0,NULL,NULL
44638,125429,1530440050,0,NULL,NULL
44638,121046,1530603800,0,NULL,NULL
44639,120310,1530584074,1,NULL,NULL
44646,120251,1530251338,0,NULL,NULL
44646,123936,1530251338,1,NULL,NULL
44646,123994,1530251338,1,NULL,NULL
44646,125432,1530251338,0,NULL,NULL
44646,120195,1530251338,1,NULL,NULL
44649,120349,1530241840,0,NULL,NULL
44649,120887,1530241840,0,NULL,NULL
44652,121376,1530180523,0,NULL,NULL
44652,120192,1530180523,0,NULL,NULL
44652,120331,1530180523,1,NULL,NULL
44652,125433,1530180523,0,NULL,NULL
44653,121411,1530180523,0,NULL,NULL
44653,125436,1530180523,1,NULL,NULL
44653,125437,1530180523,1,NULL,NULL
44653,125434,1530180523,0,NULL,NULL
44653,125434,1530180523,0,NULL,NULL
44656,123688,1530180523,-1,NULL,NULL
44658,125445,1530180523,1,NULL,NULL
44658,125447,1530180523,1,NULL,NULL
44658,125380,1530180523,1,NULL,NULL
44658,121172,1530180523,1,NULL,NULL
44658,125446,1530180523,0,NULL,NULL
44660,121380,1530180523,1,NULL,NULL
44660,123539,1530180523,0,NULL,NULL
44660,123688,1530180523,1,NULL,NULL
44661,123597,1530180523,1,NULL,NULL
44661,120300,1530180523,1,NULL,NULL
44664,121411,1530180523,0,NULL,NULL
44664,125439,1530180523,1,NULL,NULL
44664,125447,1530180523,-1,NULL,NULL
44664,125433,1530180523,0,NULL,NULL
44664,125440,1530180523,0,NULL,NULL
44665,121588,1530180523,1,NULL,NULL
44665,121288,1530180523,0,NULL,NULL
44665,121244,1530180523,1,NULL,NULL
44667,123688,1530180523,-1,NULL,NULL
44667,121378,1530180523,-1,NULL,NULL
44667,121560,1530180523,1,NULL,NULL
44667,125380,1530180523,-1,NULL,NULL
44667,121176,1530180523,0,NULL,NULL
44668,124256,1530180523,0,NULL,NULL
44668,121172,1530180523,1,NULL,NULL
44668,121560,1530180523,-1,NULL,NULL
44668,121410,1530180523,1,NULL,NULL
44668,123192,1530180523,0,NULL,NULL
44670,125447,1530180523,1,NULL,NULL
44672,120331,1530180523,1,NULL,NULL
44672,125461,1530180523,0,NULL,NULL
44672,125447,1530180523,0,NULL,NULL
44672,125448,1530180523,0,NULL,NULL
44672,120502,1530180523,0,NULL,NULL
44673,125380,1530180523,1,NULL,NULL
44673,121410,1530180523,-1,NULL,NULL
44673,121593,1530180523,-1,NULL,NULL
44673,121378,1530180523,1,NULL,NULL
44673,121592,1530180523,1,NULL,NULL
44675,120321,1530180523,0,0.0,0.0
44675,120331,1530180523,-1,NULL,NULL
44675,121553,1530180523,0,NULL,NULL
44675,120312,1530180523,0,NULL,NULL
44675,121550,1530180523,0,0.0,0.0
44676,121380,1530180523,-1,NULL,NULL
44676,125442,1530180523,-1,NULL,NULL
44676,124256,1530180523,0,NULL,NULL
44676,125445,1530180523,0,NULL,NULL
44676,125448,1530180523,0,NULL,NULL
44678,125452,1530180464,0,NULL,NULL
44678,125463,1530180464,0,NULL,NULL
44678,125444,1530180464,0,NULL,NULL
44678,121290,1530180464,1,NULL,NULL
44678,120312,1530180464,1,NULL,NULL
44679,120217,1530180464,0,0.0,0.0
44679,125448,1530180464,0,NULL,NULL
44679,125113,1530180464,0,NULL,NULL
44679,120312,1530180464,0,NULL,NULL
44679,120176,1530180464,1,NULL,NULL
44681,125463,1530180464,1,NULL,NULL
44681,125380,1530180464,0,NULL,NULL
44681,123539,1530180464,1,NULL,NULL
44681,121380,1530180464,1,NULL,NULL
44682,121287,1530180464,0,NULL,NULL
44682,120848,1530180464,1,NULL,NULL
44682,125463,1530180464,0,NULL,NULL
44682,121378,1530180464,0,NULL,NULL
44682,123688,1530180464,1,NULL,NULL
44683,125448,1530180464,0,NULL,NULL
44683,125380,1530180464,0,NULL,NULL
44683,120309,1530180464,0,0.0,0.0
44683,121290,1530180464,1,NULL,NULL
44683,121378,1530180464,0,NULL,NULL
44691,121380,1530180464,1,NULL,NULL
44691,125452,1530180464,-1,NULL,NULL
44691,125449,1530180464,0,NULL,NULL
44691,121376,1530180464,0,NULL,NULL
44691,123539,1530180464,1,NULL,NULL
44696,120210,1530180464,-1,NULL,NULL
44696,121560,1530180464,0,NULL,NULL
44696,125436,1530180464,0,NULL,NULL
44696,125434,1530180464,0,NULL,NULL
44696,120363,1530180464,1,NULL,NULL
44698,125472,1530180464,-1,NULL,NULL
44698,121560,1530180464,1,NULL,NULL
44698,125470,1530180464,-1,NULL,NULL
44698,121290,1530180464,-1,NULL,NULL
44702,123071,1530180464,0,NULL,NULL
44702,124741,1530180464,1,NULL,NULL
44702,125102,1530180464,0,0.0,0.0
44702,123115,1530180464,0,NULL,NULL
44702,121172,1530180464,0,NULL,NULL
44703,120363,1530180464,-1,NULL,NULL
44703,121376,1530180464,1,NULL,NULL
44703,121380,1530180464,-1,NULL,NULL
44703,123539,1530180464,-1,NULL,NULL
44705,125485,1530180464,-1,NULL,NULL
44705,121172,1530180464,0,NULL,NULL
44705,120734,1530180464,-1,NULL,NULL
44708,121613,1530162297,0,NULL,NULL
44708,121590,1530162297,0,NULL,NULL
44708,121585,1530162297,1,NULL,NULL
44708,121607,1530162297,0,NULL,NULL
44708,121580,1530162297,0,0.0,NULL
44719,120051,1530126615,1,NULL,NULL
44721,121588,1530113656,0,NULL,NULL
44721,123538,1530113656,0,NULL,NULL
44721,120161,1530113656,0,NULL,NULL
44721,125494,1530113656,0,NULL,NULL
44721,120556,1530113656,0,NULL,NULL
44723,125496,1530081560,0,NULL,NULL
44723,125496,1530081552,0,NULL,NULL
44723,125496,1529997889,0,NULL,NULL
44723,125023,1529997889,1,NULL,NULL
44723,125023,1530081552,-1,NULL,NULL
44733,121023,1529970191,-1,NULL,NULL
44736,124420,1529953984,0,NULL,NULL
44736,120997,1529953984,0,NULL,NULL
44736,120920,1529953984,0,NULL,NULL
44736,121576,1529953984,-1,NULL,NULL
44736,120998,1529953984,0,NULL,NULL
44737,120664,1529952892,1,NULL,NULL
44737,120873,1529952892,0,NULL,NULL
44739,123317,1529907315,0,NULL,NULL
44755,123357,1529674327,1,NULL,NULL
44755,123418,1529746730,-1,NULL,NULL
44768,123717,1529597401,-1,NULL,NULL
44769,120063,1529586079,1,NULL,NULL
44770,120176,1529531770,0,NULL,NULL
44770,120688,1529531770,1,NULL,NULL
44770,123361,1529531770,0,NULL,NULL
44770,123491,1529531770,0,NULL,NULL
44774,120239,1529529568,0,NULL,NULL
44774,120349,1529529568,1,0.0,0.0
44774,120688,1529529568,1,0.0,0.0
44782,125118,1529479027,0,NULL,NULL
44782,121046,1529479027,1,NULL,NULL
44782,125517,1529479027,0,NULL,NULL
44782,125011,1529479027,0,NULL,NULL
44782,120237,1529479027,0,NULL,NULL
44785,125543,1529090742,0,NULL,NULL
44785,125518,1529476896,0,0.0,0.0
44788,120231,1529463231,0,NULL,NULL
44788,121278,1529463231,-1,NULL,NULL
44788,120597,1529463231,0,NULL,NULL
44794,123127,1529391730,-1,NULL,NULL
44794,125191,1529391730,0,NULL,NULL
44794,120526,1529391730,-1,NULL,NULL
44794,121046,1529391730,0,NULL,NULL
44794,125537,1529391730,0,NULL,NULL
44797,120176,1529372747,0,NULL,NULL
44797,120098,1529372747,1,NULL,NULL
44797,120526,1529372747,1,NULL,NULL
44805,121615,1529116848,0,NULL,NULL
44805,121257,1529116848,1,NULL,NULL
44805,121258,1529116848,0,NULL,NULL
44805,123817,1529116848,0,NULL,NULL
44815,123832,1528976221,-1,NULL,NULL
44815,121408,1528976221,-1,0.0,NULL
44815,121300,1528976221,0,0.0,0.0
44815,123071,1528976221,-1,NULL,NULL
44815,125057,1528976221,0,NULL,NULL
44819,121437,1528940808,0,NULL,NULL
44819,125550,1528940808,1,NULL,NULL
44819,123760,1528940808,1,NULL,NULL
44820,120526,1528936597,0,NULL,NULL
44820,123199,1528936597,0,NULL,NULL
44820,120176,1528936597,-1,NULL,NULL
44820,120771,1528936597,-1,NULL,NULL
44820,120509,1528936597,0,NULL,NULL
44824,121176,1528883939,1,NULL,NULL
44824,121593,1528883939,1,NULL,NULL
44824,120523,1528883939,0,NULL,NULL
44829,123215,1528735939,0,NULL,NULL
44829,125018,1528735939,-1,NULL,NULL
44829,121415,1528735939,1,NULL,NULL
44829,123214,1528735939,-1,NULL,NULL
44829,121396,1528735939,0,NULL,NULL
44830,121442,1528730818,0,NULL,NULL
44830,125390,1528730818,-1,NULL,NULL
44832,123127,1528729070,0,NULL,NULL
44832,125555,1528729070,0,0.0,0.0
44832,125557,1528729070,0,0.0,0.0
44832,125556,1528729070,0,0.0,0.0
44832,120677,1528729070,0,0.0,0.0
44847,120887,1528390497,0,NULL,NULL
44847,120231,1528390497,0,NULL,NULL
44855,120778,1526530896,1,NULL,NULL
44855,120778,1528318379,0,NULL,NULL
44858,120576,1528207071,0,NULL,NULL
44862,120176,1528150787,0,NULL,NULL
44862,120177,1528150787,-1,NULL,NULL
44864,125178,1528147804,1,NULL,NULL
44866,125347,1528129616,1,NULL,NULL
44866,120349,1528129616,0,NULL,NULL
44866,120526,1528129616,0,NULL,NULL
44866,123650,1528129616,1,NULL,NULL
44866,121032,1528129616,-1,NULL,NULL
44869,125610,1528131047,0,NULL,NULL
44869,124836,1528131047,0,NULL,NULL
44869,125611,1528131047,0,0.0,0.0
44871,125625,1528101679,1,NULL,NULL
44882,120572,1527888891,1,NULL,NULL
44886,121176,1527876947,0,NULL,NULL
44886,124667,1527801732,1,NULL,NULL
44886,125649,1527876947,-1,NULL,NULL
44886,124667,1527876947,1,NULL,NULL
44886,124667,1527805708,-1,NULL,NULL
44892,125661,1527843587,0,NULL,NULL
44892,123560,1527843587,0,NULL,NULL
44892,121210,1527843587,0,NULL,NULL
44892,125664,1527843587,0,NULL,NULL
44892,125656,1527843587,0,NULL,NULL
44897,121415,1527811345,1,NULL,NULL
44915,125086,1527716670,0,NULL,NULL
44918,124778,1527690859,0,NULL,NULL
44921,123842,1527681805,0,NULL,NULL
44921,120892,1527681805,-1,NULL,NULL
44931,125637,1527119182,1,0.0,0.0
44931,125637,1527618251,-1,NULL,NULL
44931,125637,1527618545,0,NULL,NULL
44936,120210,1527606751,0,NULL,NULL
44936,125693,1527606751,0,NULL,NULL
44936,123225,1527606751,0,NULL,NULL
44936,125083,1527606751,0,0.0,0.0
44936,125697,1527606751,0,0.0,0.0
44937,124753,1527364648,0,NULL,NULL
44937,125701,1527364648,0,NULL,NULL
44937,120704,1527364648,1,NULL,NULL
44937,120127,1527513053,0,NULL,NULL
44937,120127,1527600440,0,NULL,NULL
44939,120251,1527567052,0,NULL,NULL
44939,125045,1527567052,0,NULL,NULL
44939,120162,1527567052,0,0.0,0.0
44939,120154,1527567052,0,NULL,NULL
44939,120084,1527567052,0,NULL,NULL
44941,121032,1527557927,0,NULL,NULL
44941,123212,1527557927,1,NULL,NULL
44951,121381,1527230176,1,NULL,NULL
44954,120691,1527200190,1,0.0,0.0
44954,123082,1527200190,1,NULL,NULL
44974,120251,1527115864,1,NULL,NULL
44974,120252,1527115864,-1,NULL,NULL
44974,125178,1527115864,1,NULL,NULL
44975,123272,1527106847,0,NULL,NULL
44975,123113,1527106847,0,NULL,NULL
44975,121900,1527106847,0,NULL,NULL
44975,121196,1527106847,-1,NULL,NULL
44975,120870,1527106847,0,NULL,NULL
44982,125708,1526952998,0,NULL,NULL
44982,120639,1526952998,0,0.0,0.0
44991,120051,1526550964,0,NULL,NULL
44995,121126,1526505680,0,0.0,0.0
44995,120868,1526505680,1,NULL,NULL
44995,120030,1526505680,0,NULL,NULL
44995,120029,1526505680,0,NULL,NULL
44997,125712,1526500568,1,NULL,NULL
44997,125707,1526307506,1,NULL,NULL
44997,121625,1526307506,0,0.0,0.0
44997,120850,1526488996,0,NULL,NULL
44997,120850,1526307506,1,NULL,NULL
45013,122874,1526489719,0,NULL,NULL
45013,124687,1526489719,1,NULL,NULL
45021,125057,1526487564,0,NULL,NULL
45021,121173,1526487564,0,NULL,NULL
45021,121172,1526487564,0,NULL,NULL
45021,121290,1526487564,0,NULL,NULL
45021,121244,1526487564,1,NULL,NULL
45025,121046,1526431589,1,NULL,NULL
45028,123388,1526388980,1,NULL,NULL
45028,120728,1526388980,1,NULL,NULL
45028,121375,1526388980,0,NULL,NULL
45028,123744,1526388980,1,NULL,NULL
45034,125177,1525934120,1,NULL,NULL
45034,125177,1526312948,1,NULL,NULL
45034,120615,1525934120,1,NULL,NULL
45034,120370,1525934120,0,NULL,NULL
45034,120366,1525934120,1,NULL,NULL
45040,120400,1526296363,1,NULL,NULL
45040,120300,1526296363,1,NULL,NULL
45040,120394,1526296363,-1,NULL,NULL
45053,121146,1525920507,1,NULL,NULL
45056,121576,1525918115,1,NULL,NULL
45064,123103,1525855197,1,NULL,NULL
45064,125631,1525855197,0,NULL,NULL
45064,120576,1525855197,0,NULL,NULL
45068,125730,1525836012,0,NULL,NULL
45071,123214,1525834209,0,NULL,NULL
45075,120265,1525791541,1,NULL,NULL
45075,120252,1525791541,1,NULL,NULL
45090,123448,1525657004,0,NULL,NULL
45097,120051,1525479857,1,NULL,NULL
45108,125457,1525415501,0,NULL,NULL
45108,121593,1525415501,-1,NULL,NULL
45108,121176,1525415501,0,NULL,NULL
45108,121594,1525415501,0,NULL,NULL
45111,123647,1525228015,-1,NULL,NULL
45111,125735,1525375813,0,NULL,NULL
45113,125112,1521576717,0,NULL,NULL
45113,125350,1521576717,1,NULL,NULL
45113,123212,1521576717,0,NULL,NULL
45113,120597,1525302898,-1,NULL,NULL
45113,120920,1521576717,0,NULL,NULL
45117,120231,1525288704,0,NULL,NULL
45120,120686,1525268391,0,0.0,0.0
45137,121356,1525099352,0,NULL,NULL
45137,123555,1525099352,1,NULL,NULL
45140,125458,1524919830,1,NULL,NULL
45165,123572,1524731523,0,NULL,NULL
45178,125018,1524474353,1,NULL,NULL
45182,125177,1524436716,0,NULL,NULL
45186,124837,1524436405,0,NULL,NULL
45186,120133,1524436405,0,NULL,NULL
45186,120330,1524436405,0,NULL,NULL
45195,123214,1524282123,1,NULL,NULL
45195,125018,1524282123,0,NULL,NULL
45195,120779,1524282123,1,NULL,NULL
45212,125323,1518756392,0,NULL,NULL
45212,125944,1518756392,0,NULL,NULL
45212,124384,1524239471,0,NULL,NULL
45212,120563,1518756392,0,NULL,NULL
45212,121533,1524239471,1,NULL,NULL
45216,120313,1524227434,0,NULL,NULL
45216,121375,1524227434,0,NULL,NULL
45216,120331,1524227434,0,NULL,NULL
45216,121257,1524227434,0,NULL,NULL
45216,121580,1524227434,0,NULL,NULL
45222,125765,1524227363,0,NULL,NULL
45222,120902,1524227363,0,NULL,NULL
45222,123710,1524227363,0,NULL,NULL
45222,125764,1524227363,0,NULL,NULL
45222,121461,1524227363,0,NULL,NULL
45223,125787,1524227238,0,NULL,NULL
45223,125633,1524227238,0,NULL,NULL
45223,125785,1524227238,0,NULL,NULL
45223,121463,1524227238,0,NULL,NULL
45223,125786,1524227238,0,NULL,NULL
45229,125799,1524105488,0,NULL,NULL
45229,123676,1524105488,0,NULL,NULL
45229,124841,1524105488,0,NULL,NULL
45229,124836,1524105488,0,0.0,0.0
45229,124753,1524105488,0,NULL,NULL
45231,121383,1524090159,1,NULL,NULL
45231,121676,1524090159,-1,NULL,NULL
45238,121149,1524066352,1,NULL,NULL
45245,120400,1523933781,0,NULL,NULL
45245,123502,1523933781,0,NULL,NULL
45245,121611,1523933781,1,NULL,NULL
45245,123599,1523933781,0,0.0,0.0
45245,123603,1523933781,0,0.0,0.0
45247,125889,1523898017,0,0.0,NULL
45248,121612,1523887653,1,NULL,NULL
45248,121410,1523887653,-1,NULL,NULL
45248,124667,1523887653,0,NULL,NULL
45253,123433,1523779920,0,NULL,NULL
45254,121472,1523688978,0,NULL,NULL
45254,121424,1523688978,0,NULL,NULL
45257,125911,1523622809,0,NULL,NULL
45257,120739,1523622809,1,NULL,NULL
45257,120892,1523622809,-1,NULL,NULL
45257,120888,1523622809,0,NULL,NULL
45258,121278,1523568835,1,NULL,NULL
45262,121393,1523532996,0,NULL,NULL
45265,120283,1523488062,1,NULL,NULL
45265,121278,1523488062,-1,NULL,NULL
45266,125798,1523482497,-1,NULL,NULL
45268,124997,1523472424,-1,NULL,NULL
45268,121396,1523472424,-1,0.0,NULL
45269,120129,1523465985,-1,NULL,NULL
45270,120174,1523465407,0,NULL,NULL
45271,121579,1523464375,1,NULL,NULL
45272,120887,1523460954,1,NULL,NULL
45272,120231,1523460954,0,NULL,NULL
45272,125913,1523460954,0,0.0,NULL
45279,128543,1457049577,1,NULL,NULL
45279,128543,1456908557,-1,NULL,NULL
45279,121050,1469152307,-1,NULL,NULL
45279,121050,1523428288,1,NULL,NULL
45279,128543,1456236699,1,NULL,NULL
45286,120188,1523174990,0,NULL,NULL
45286,120577,1523174990,-1,NULL,NULL
45288,120595,1522086511,0,NULL,NULL
45288,121576,1522949077,0,NULL,NULL
45288,120495,1522086511,0,NULL,NULL
45288,123059,1522086511,0,NULL,NULL
45288,123058,1522086511,1,NULL,NULL
45289,121375,1522876339,0,NULL,NULL
45289,120313,1522876339,0,NULL,NULL
45289,121580,1522876339,0,NULL,NULL
45289,123229,1522876339,0,NULL,NULL
45289,125762,1522876339,0,0.0,0.0
45291,123873,1522870698,1,NULL,NULL
45291,121163,1522870698,1,NULL,NULL
45292,120329,1522816869,0,NULL,NULL
45292,120058,1522816869,1,NULL,NULL
45293,120786,1522815881,-1,NULL,NULL
45293,123523,1522815881,0,0.0,0.0
45297,120871,1522687992,-1,NULL,NULL
45297,120035,1522687992,0,NULL,NULL
45297,125414,1522687992,0,NULL,NULL
45297,120545,1522687992,1,NULL,NULL
45297,125915,1522687992,0,NULL,NULL
45298,120892,1522588471,1,NULL,NULL
45298,123229,1522588471,1,NULL,NULL
45298,125174,1522588471,0,NULL,NULL
45298,120069,1522588471,0,0.0,0.0
45298,120277,1522588471,-1,NULL,NULL
45299,121681,1522580632,0,NULL,NULL
45301,121637,1522262246,0,NULL,NULL
45301,120290,1522419587,0,NULL,NULL
45301,120523,1522262246,0,NULL,NULL
45301,125088,1522262246,0,NULL,NULL
45301,123660,1522262246,0,NULL,NULL
45302,125730,1522418865,0,NULL,NULL
45305,120554,1522349234,-1,NULL,NULL
45314,121666,1522194781,1,NULL,NULL
45318,123005,1522190569,1,NULL,NULL
45318,120563,1522190569,0,NULL,NULL
45318,120313,1522190569,1,NULL,NULL
45332,124394,1522104390,1,NULL,NULL
45332,124415,1522104390,0,NULL,NULL
45334,123357,1522102160,0,NULL,NULL
45334,123413,1522102160,1,NULL,NULL
45343,123229,1522069642,1,NULL,NULL
45343,123125,1522069642,1,NULL,NULL
45343,120898,1522069642,1,NULL,NULL
45343,125923,1522069642,1,NULL,NULL
45343,125480,1522069642,0,NULL,NULL
45344,121559,1522066562,0,NULL,NULL
45344,125926,1522066562,-1,NULL,NULL
45348,120335,1521898040,0,NULL,NULL
45352,120581,1521821558,0,NULL,NULL
45352,120519,1521821558,1,NULL,NULL
45352,120313,1521821558,1,NULL,NULL
45352,120127,1521821558,0,NULL,NULL
45352,120331,1521821558,1,NULL,NULL
45356,125947,1521786680,0,NULL,NULL
45356,121593,1521786680,-1,NULL,NULL
45356,120892,1521786680,1,NULL,NULL
45356,125174,1521786680,1,NULL,NULL
45356,121378,1521786680,0,NULL,NULL
45368,125923,1521613495,0,NULL,NULL
45368,125923,1521723705,0,NULL,NULL
45368,123229,1521723705,0,NULL,NULL
45368,125480,1521613495,0,NULL,NULL
45368,123229,1521613495,0,NULL,NULL
45369,123402,1521713423,0,NULL,NULL
45369,121662,1521713423,0,NULL,NULL
45369,126017,1521713423,0,0.0,0.0
45369,123953,1521713423,0,NULL,NULL
45369,126007,1521713423,0,0.0,0.0
45371,120313,1521694285,1,NULL,NULL
45373,120331,1521679356,0,NULL,NULL
45375,125926,1521605279,0,NULL,NULL
45375,123191,1521605279,0,NULL,NULL
45375,121589,1521605279,0,NULL,NULL
45375,125102,1521605279,0,NULL,NULL
45375,121584,1521605279,0,NULL,NULL
45378,124420,1521241780,-1,NULL,NULL
45378,124420,1521503547,1,NULL,NULL
45381,121366,1521472239,0,NULL,NULL
45381,120312,1521472239,1,NULL,NULL
45383,121644,1521134498,0,NULL,NULL
45383,123029,1521134498,0,NULL,NULL
45383,124643,1521134498,0,NULL,NULL
45383,120724,1521134498,0,0.0,0.0
45383,120725,1521134498,0,NULL,NULL
45384,125436,1521013336,0,NULL,NULL
45384,125436,1521289527,0,NULL,NULL
45384,121560,1521013336,0,NULL,NULL
45384,121560,1521289527,0,NULL,NULL
45384,121378,1521013336,0,NULL,NULL
45389,120886,1521135242,0,NULL,NULL
45390,121583,1520601016,1,0.0,0.0
45390,121583,1521080010,0,NULL,NULL
45395,126075,1521051305,1,NULL,NULL
45395,121176,1521051305,1,NULL,NULL
45395,126076,1521051305,1,NULL,NULL
45395,120333,1521051305,1,NULL,NULL
45395,126000,1521051305,0,NULL,NULL
45396,120253,1521044598,1,NULL,NULL
45397,123044,1521034339,0,NULL,NULL
45397,123805,1521034339,0,0.0,0.0
45397,124688,1521034339,0,NULL,NULL
45397,125051,1521034339,0,NULL,NULL
45397,120313,1521034339,0,NULL,NULL
45398,120545,1521023117,1,NULL,NULL
45398,120545,1521023887,-1,NULL,NULL
45398,120331,1521023913,1,NULL,NULL
45398,120309,1521023887,0,0.0,0.0
45398,120331,1521023887,-1,NULL,NULL
45403,121382,1521000495,-1,NULL,NULL
45403,121380,1521000495,1,NULL,NULL
45403,123041,1521000495,0,NULL,NULL
45403,121378,1521000495,1,NULL,NULL
45403,120277,1521000495,0,NULL,NULL
45412,121419,1520872316,0,NULL,NULL
45425,124667,1520838856,-1,NULL,NULL
45425,121176,1520838856,1,NULL,NULL
45425,125457,1520838856,1,0.0,0.0
45425,125458,1520838856,-1,NULL,NULL
45425,121410,1520838856,-1,NULL,NULL
45429,126095,1520703475,0,NULL,NULL
45429,123760,1520703475,1,NULL,NULL
45429,126097,1520703475,1,NULL,NULL
45429,126096,1520703475,0,NULL,NULL
45429,122874,1520703475,0,NULL,NULL
45431,120253,1520694585,-1,NULL,NULL
45433,121176,1520643884,1,NULL,NULL
45433,121582,1520643884,-1,NULL,NULL
45433,121376,1520643884,1,NULL,NULL
45433,121378,1520643884,0,NULL,NULL
45433,120034,1520643884,0,NULL,NULL
45435,123081,1519153707,0,NULL,NULL
45435,121046,1519153707,0,NULL,NULL
45435,120597,1519153707,0,NULL,NULL
45435,123491,1519153707,0,NULL,NULL
45435,123491,1520628339,1,NULL,NULL
45436,125099,1520611230,0,NULL,NULL
45436,125090,1520611230,0,NULL,NULL
45437,120526,1519889994,0,NULL,NULL
45437,121146,1519885524,1,NULL,NULL
45437,121866,1519885524,0,NULL,NULL
45437,120176,1519885524,0,NULL,NULL
45437,125322,1519889994,0,NULL,NULL
45438,123966,1520564924,-1,NULL,NULL
45439,121606,1520551707,1,NULL,NULL
45441,123212,1520492757,-1,NULL,NULL
45441,120526,1520492757,0,NULL,NULL
45442,120584,1520451051,0,NULL,NULL
45442,126108,1520451051,0,0.0,0.0
45442,126106,1520451051,0,NULL,NULL
45442,123024,1520451051,0,NULL,NULL
45442,126107,1520451051,0,0.0,0.0
45443,123650,1520362540,0,NULL,NULL
45443,123127,1520443581,-1,NULL,NULL
45443,120526,1520443581,0,NULL,NULL
45443,123127,1520362540,1,NULL,NULL
45443,121032,1520443581,1,NULL,NULL
45444,124667,1520405543,1,NULL,NULL
