8,34323,1582174125,1
8,9856,1582174125,0
8,23406,1582174125,-1
8,19783,1582174125,1
8,5474,1582174125,1
8,20332,1582174464,0
8,2026,1582175750,0
8,27446,1582175750,1
8,16983,1582175750,1
8,2270,1582175750,0
8,26288,1582175750,1
8,36607,1582175750,0
8,24968,1582175949,1
9,13338,1582148042,0
9,21190,1582174558,0
9,2374,1582174558,0
12,30825,1582140106,-1
12,7048,1582140106,-1
14,20819,1581940107,0
14,12484,1581940107,0
14,18043,1581940107,0
14,33972,1581940107,0
14,8934,1581940107,-1
14,9232,1581940107,0
14,17788,1581940107,0
14,36708,1581946177,0
14,10649,1581946177,1
14,33955,1581946177,0
14,15631,1581946322,0
14,32283,1581951246,0
14,1411,1582103456,0
14,2860,1582103456,0
14,23368,1582103456,0
14,28463,1582103456,0
14,5024,1582103456,-1
14,10001,1582103456,0
14,15757,1582103456,0
14,32610,1582103456,0
14,16744,1582117537,0
14,4931,1582117537,0
14,23130,1582117537,0
14,28687,1582117537,0
14,23818,1582117537,0
14,12782,1582117537,0
14,5486,1582117537,0
24,35997,1581924082,0
24,13426,1581924082,1
24,5682,1581924082,1
24,33551,1581924082,0
24,10246,1581924082,1
24,22204,1581924082,0
32,11404,1581630069,0
32,8768,1581638163,0
32,32656,1581638163,0
32,9075,1581638163,0
32,23266,1581638163,0
32,10599,1581638163,0
32,18837,1581630086,0
32,31734,1581630069,0
32,6042,1581638163,0
32,31554,1581630078,0
32,11083,1581630076,0
32,17765,1581638163,0
32,37286,1581638163,0
32,17275,1581638163,0
32,27073,1581638163,0
32,34065,1581638163,0
32,4685,1581638163,0
32,13823,1581630071,0
32,9482,1581630082,0
32,36695,1581638163,0
32,17979,1581630086,0
32,25208,1581638163,0
32,5128,1581638163,0
32,1997,1581638163,0
32,32183,1581630076,0
32,14259,1581638163,0
32,2292,1581638163,0
32,20592,1581638163,0
32,13558,1581630061,0
32,17848,1581638163,0
32,22412,1581630079,0
32,4878,1581638163,0
32,10012,1581638163,0
32,13175,1581638163,0
32,28229,1581638163,0
32,2169,1581630068,0
32,5007,1581638163,0
32,14569,1581638163,0
32,10602,1581630083,0
32,17016,1581630079,0
32,2547,1581638163,0
32,8181,1581638163,0
32,17200,1581638163,0
32,5818,1581638163,0
32,31982,1581630072,0
32,162,1581630079,0
32,9139,1581638163,0
32,23887,1581630070,0
32,17321,1581630076,0
32,30890,1581638163,0
32,30271,1581630078,0
32,16742,1581638163,0
32,4446,1581630082,0
32,10711,1581638163,0
32,21103,1581630086,0
32,23876,1581630085,0
32,29146,1581638163,0
32,8460,1581630085,0
32,21974,1581638163,0
32,10376,1581638163,0
38,36703,1581598156,0
38,27326,1581598156,0
38,15382,1581598156,1
38,34820,1581598156,0
38,12709,1581598156,0
38,24674,1581598156,-1
38,16958,1581598156,0
38,22453,1581598156,0
38,28336,1581598156,0
38,16610,1581598156,-1
38,8773,1581598156,0
38,13504,1581598156,0
38,4287,1581598156,0
38,12920,1581598156,0
38,11918,1581598156,0
38,12007,1581598156,0
38,22659,1581598156,0
38,2148,1581598156,0
38,4050,1581598156,0
38,20543,1581598156,0
38,1906,1581598156,0
38,5833,1581598156,-1
38,16660,1581598156,1
38,17949,1581598156,0
38,22543,1581598156,-1
38,27646,1581598156,0
38,4898,1581598156,0
38,15715,1581598156,0
38,28430,1581598156,0
38,24212,1581598156,0
38,34238,1581598156,0
38,22661,1581598156,0
38,28587,1581598156,0
38,21192,1581598156,0
38,4512,1581598156,1
38,37113,1581598156,1
38,7106,1581598156,0
38,36831,1581598156,0
38,10807,1581598156,0
38,33527,1581598156,0
38,17767,1581598156,0
38,13446,1581598156,1
38,22350,1581598156,0
38,33206,1581598156,0
38,7002,1581598156,0
38,16883,1581598156,0
38,27078,1581598156,-1
38,24178,1581598156,0
38,10550,1581598156,1
38,34982,1581598156,1
38,13775,1581598156,1
38,4432,1581598156,0
38,33561,1581598156,0
38,1828,1581598156,0
38,7440,1581598156,0
38,6246,1581598156,0
38,32726,1581598156,0
38,5960,1581598156,0
38,31016,1581598156,1
38,30612,1581598156,0
44,2362,1581454300,1
44,34710,1581454300,-1
44,28780,1581454300,0
44,22279,1581454300,0
44,13089,1581454300,1
44,33436,1581454300,-1
44,15736,1581454300,0
44,4840,1581454300,0
44,23322,1581454300,0
44,16121,1581454300,0
44,12211,1581454300,0
44,8282,1581475089,0
44,23201,1581475089,0
44,33407,1581475089,0
44,31852,1581475089,0
44,15223,1581475089,0
44,285,1581475089,-1
44,79,1581475089,0
44,12918,1581475089,0
44,15654,1581475089,0
44,33885,1581475089,0
44,5296,1581475089,-1
44,12100,1581475089,-1
44,1735,1581475089,0
44,13372,1581475089,0
44,23905,1581475089,0
45,12988,1579255238,0
45,17253,1579255442,-1
45,27517,1579256497,0
45,2146,1579256497,0
45,32585,1579258648,0
45,33537,1581434035,0
45,8185,1581436796,0
52,20655,1581290552,1
52,29644,1581290552,0
52,25758,1581290552,1
52,33705,1581290552,1
52,4894,1581290552,1
52,11779,1581290552,0
52,8429,1581405660,1
52,23860,1581290552,1
52,26209,1581290552,0
52,30833,1581290552,1
52,37361,1581290552,1
52,32979,1581290552,1
52,13154,1581290552,1
52,4665,1581290552,1
52,23212,1581290552,0
52,33181,1581405660,1
52,36475,1581405660,-1
52,20730,1581290552,0
52,17132,1581290552,1
52,18467,1581290552,1
52,5181,1581290552,0
52,11860,1581290552,-1
52,4729,1581290552,1
52,14079,1581290552,1
52,18121,1581290552,1
52,8932,1581290552,1
52,17256,1581290552,0
52,15852,1581405660,0
52,10061,1581290552,1
52,34568,1581290552,1
52,27780,1581290552,0
52,34320,1581290552,-1
52,28069,1581290552,1
52,26690,1581290552,1
52,31734,1581405660,0
52,27706,1581290552,1
52,23023,1581290552,0
52,1390,1581290552,1
52,30029,1581290552,0
52,9809,1581290552,1
52,33207,1581290552,1
52,27677,1581405660,0
52,33775,1581290552,1
52,8327,1581290552,1
52,20958,1581290552,1
52,6431,1581290552,1
52,8030,1581290552,0
52,20302,1581290552,1
52,28159,1581290552,0
52,16640,1581290552,-1
52,19402,1581290552,1
52,11746,1581290552,0
52,7558,1581290552,1
52,7538,1581290552,0
52,4161,1581290552,1
52,36802,1581290552,0
52,30661,1581290552,0
52,14786,1581290552,1
52,23303,1581405660,0
52,31563,1581290552,1
54,16381,1581349889,0
54,20817,1581349889,0
54,31750,1581349889,0
54,719,1581349889,1
54,9381,1581356335,0
59,14436,1581090003,0
59,15844,1581090003,0
59,5780,1581090003,0
59,20292,1581090003,0
59,16303,1581090003,0
59,9479,1581090003,0
59,7030,1581090003,0
59,5975,1581090003,0
59,6242,1581090003,0
59,27278,1581090003,0
59,34443,1581090003,0
59,11704,1581090003,0
59,21013,1581090003,0
59,27419,1581090003,0
59,16631,1581090003,0
59,32737,1581090003,0
59,34968,1581090003,0
59,28453,1581090003,0
59,34206,1581090003,0
59,10290,1581090003,0
59,68,1581090003,0
59,35510,1581090003,0
59,4347,1581090003,0
59,32150,1581090003,0
59,24909,1581090003,0
59,26100,1581090003,0
59,15687,1581090003,0
59,23186,1581090003,0
59,20495,1581090003,0
59,9361,1581090003,0
59,7457,1581090003,0
59,4039,1581090003,0
59,9133,1581090003,0
59,3067,1581090003,0
59,25897,1581090003,0
59,8760,1581090003,0
59,6813,1581090003,0
59,28467,1581090003,0
59,1274,1581090003,0
59,29630,1581090003,0
59,7714,1581090003,0
59,10502,1581090003,0
59,20761,1581090003,0
59,2739,1581090003,0
59,19473,1581090003,0
59,32423,1581090003,0
59,24757,1581090003,0
59,11786,1581090003,0
59,439,1581090003,0
59,1280,1581090003,0
59,17203,1581090003,0
59,28739,1581090003,0
59,9140,1581090003,0
59,34214,1581090003,0
59,35205,1581090003,0
59,8705,1581090003,0
59,6349,1581090003,0
59,12033,1581090003,0
59,28215,1581090003,0
59,9268,1581090003,0
60,17259,1581090001,0
60,17806,1581090001,0
60,57,1581090001,0
60,30888,1581090001,0
60,28514,1581090001,1
60,9174,1581090001,0
61,11943,1581081887,-1
61,13413,1581081887,0
61,6181,1581081887,-1
61,37182,1581081887,-1
61,34703,1581081887,0
61,8408,1581081887,-1
61,6374,1581081887,1
61,1171,1581081887,-1
61,2240,1581081887,0
61,1239,1581081887,0
61,20032,1581081887,-1
61,8050,1581081887,0
61,8212,1581081887,0
61,19738,1581081887,0
61,33328,1581081887,0
61,16995,1581081887,-1
61,25659,1581081887,0
61,19334,1581081887,0
61,33448,1581081887,-1
61,33582,1581081887,0
61,22126,1581081887,-1
61,37168,1581081887,0
61,2746,1581081887,-1
61,5833,1581081887,0
61,20140,1581081887,0
61,8958,1581081887,0
61,12473,1581081887,0
61,33196,1581081887,0
61,7104,1581081887,-1
61,17290,1581081887,0
61,19407,1581081887,-1
61,23093,1581081887,0
61,11843,1581081887,-1
61,12059,1581081887,0
61,17475,1581081887,0
61,5218,1581081887,0
61,24410,1581081887,0
61,19363,1581081887,0
61,36589,1581081887,0
61,4073,1581081887,-1
61,12908,1581081887,0
61,6783,1581081887,0
61,9756,1581081887,-1
61,11955,1581081887,-1
61,9243,1581081887,0
61,33292,1581087729,0
61,14353,1581081887,0
61,22978,1581081887,1
61,28716,1581081887,0
61,18172,1581081887,-1
61,11064,1581081887,0
61,36685,1581081887,0
61,5973,1581081887,-1
61,8825,1581081887,-1
61,4261,1581081887,0
61,33561,1581081887,0
61,20209,1581081887,-1
61,9215,1581081887,0
61,37337,1581081887,-1
61,29148,1581081887,0
73,21144,1580984524,1
73,14191,1580984524,0
79,2013,1580886764,-1
79,17022,1580886764,-1
79,1810,1580886764,1
79,5322,1580886764,0
84,22328,1580811385,0
84,15520,1580811385,1
87,33538,1580730120,0
87,19891,1580730120,1
87,34636,1580730120,0
87,28766,1580730120,0
87,2248,1580730120,0
87,22427,1580730120,0
87,8623,1580730120,1
87,20756,1580730120,0
87,26205,1580730120,0
87,17029,1580730120,-1
87,310,1580730120,0
87,24587,1580730120,0
87,22210,1580730120,1
87,208,1580730120,1
87,28050,1580730120,-1
87,614,1580730120,-1
87,18933,1580730120,-1
87,35450,1580730120,0
87,5676,1580730120,0
87,5734,1580730120,0
87,31686,1580730120,0
87,52,1580730120,-1
87,21906,1580730120,1
87,5328,1580730120,1
87,2047,1580730120,0
87,12842,1580730120,1
87,4740,1580730120,0
87,10236,1580730120,0
87,24137,1580730120,0
87,371,1580730120,0
87,26552,1580730120,-1
87,33468,1580730120,0
87,26005,1580730120,1
87,7619,1580730120,1
87,1989,1580730120,1
87,12356,1580730120,0
87,31929,1580730120,0
87,22021,1580730120,0
87,8348,1580730121,0
87,5982,1580730121,0
87,18703,1580730121,0
87,23171,1580730121,0
87,33959,1580741899,0
87,34702,1580741899,0
87,36793,1580741899,0
87,165,1580741899,0
87,5606,1580741899,0
87,1019,1580741899,0
87,9452,1580741899,0
87,28224,1580741899,0
87,28311,1580741899,0
87,27422,1580741899,0
97,27437,1580396064,-1
97,5287,1580414621,0
97,5183,1580414621,0
97,2384,1580414621,0
97,16226,1580414621,0
97,13108,1580416588,1
97,7132,1580416588,0
97,15362,1580416588,1
97,6717,1580416588,-1
97,1733,1580416588,1
99,9388,1580343866,0
106,28584,1580158245,0
106,15552,1580158245,-1
106,2289,1580158245,0
106,15788,1580158245,-1
106,31537,1580158245,-1
106,24534,1580158245,-1
106,31634,1580158245,-1
106,29560,1580158245,1
106,30711,1580158245,1
106,4929,1580158245,0
106,24638,1580158245,1
106,7514,1580158245,1
106,34258,1580158245,-1
106,4300,1580158245,-1
106,3903,1580158245,0
106,24319,1580158245,1
106,10994,1580158245,-1
106,28276,1580158245,-1
106,9836,1580158245,1
106,6006,1580158245,0
106,23721,1580158245,-1
106,21722,1580158245,1
106,5000,1580158245,1
106,18441,1580158245,0
106,9114,1580158245,0
106,26572,1580158245,1
106,27355,1580158245,0
106,8678,1580158245,0
106,7953,1580158245,0
106,9813,1580158245,1
106,22267,1580158245,1
106,10194,1580158245,-1
106,7885,1580158245,-1
106,15674,1580158245,1
106,4086,1580158245,-1
106,31909,1580158245,0
106,34682,1580158245,-1
106,7626,1580158245,1
106,8934,1580158245,-1
106,21418,1580158245,1
106,6938,1580158245,0
106,24365,1580158245,-1
106,12757,1580158245,1
106,15199,1580158245,0
106,34418,1580158245,1
106,6311,1580158245,0
106,24167,1580158245,-1
106,3922,1580158245,-1
106,35008,1580158245,0
106,18780,1580158245,-1
106,13089,1580158245,1
106,35678,1580158245,1
112,27780,1579882075,1
116,10746,1576134972,1
116,1723,1576056047,0
116,20074,1576050024,0
116,33332,1575993976,0
116,22481,1576073502,1
116,22364,1576065038,-1
116,15502,1576056047,0
116,6776,1576073502,1
116,5165,1576059265,-1
116,27093,1576151228,-1
116,21222,1576056992,0
116,12580,1576141694,1
116,22448,1576060933,0
116,12438,1576074940,1
116,1363,1576060528,1
116,16850,1575986127,1
116,15217,1575993177,0
116,15115,1576145871,1
116,27737,1576063343,0
116,481,1576139968,1
116,18912,1576063343,0
116,34651,1576056992,0
116,14035,1576152817,1
116,26467,1576145190,0
116,22350,1576143904,0
116,21602,1576151312,1
116,27297,1576051967,0
116,8764,1576060055,0
116,28404,1576061605,1
116,37428,1575982715,1
116,33319,1576151228,-1
116,11721,1576051967,0
116,27156,1576063343,-1
116,10641,1575980364,0
116,17450,1576056504,0
116,11866,1576061605,0
116,4475,1576080563,-1
116,631,1576061942,0
116,8672,1576051967,1
116,18813,1576060055,-1
116,19543,1576154717,-1
116,19330,1576050024,1
116,32247,1576145871,0
116,6828,1575988236,0
116,28341,1575980364,0
116,9124,1576061942,1
116,17985,1576151805,1
116,5457,1576068451,-1
116,27581,1576065655,-1
116,10821,1576063343,1
116,28483,1575982715,0
116,1864,1576151228,0
116,343,1575993976,0
116,4824,1576060528,-1
116,23432,1576080033,1
116,35070,1576060055,0
116,26733,1576151228,0
116,14922,1576065038,0
116,31375,1576080033,-1
116,9872,1576060528,1
124,430,1579524899,0
124,33415,1579524899,-1
124,22693,1579524899,0
128,27784,1579260165,0
133,20138,1579096301,0
133,31753,1579096301,0
133,26057,1579096301,0
133,29681,1579096301,0
133,32191,1579096301,0
133,13522,1579096301,0
133,23324,1579096301,0
133,24095,1579096301,0
133,15117,1579096301,0
133,23014,1579096301,0
133,28295,1579096301,0
133,17483,1579096301,0
133,26293,1579096301,0
133,27908,1579096301,0
133,23490,1579096301,0
133,5795,1579096301,0
133,17455,1579096301,0
133,28533,1579096301,0
133,18717,1579096301,0
133,6101,1579096301,0
133,18754,1579096301,0
133,30979,1579096301,0
133,28125,1579096301,0
133,11920,1579096301,0
133,417,1579096301,0
133,6943,1579096301,0
133,33334,1579096301,0
133,30083,1579096301,0
133,27685,1579096301,0
133,29533,1579096301,0
133,13442,1579096301,0
133,6689,1579096301,0
133,30341,1579096301,0
133,21682,1579096301,0
133,30910,1579096301,0
133,5322,1579096301,0
133,17543,1579096301,0
133,36016,1579096301,0
133,7427,1579096301,0
133,7748,1579096301,0
133,30213,1579096301,0
133,35045,1579096301,0
133,218,1579096301,0
133,37489,1579096301,0
133,25721,1579096301,0
133,18220,1579096301,0
133,14920,1579096301,0
133,5325,1579096301,0
133,18248,1579096301,0
133,26965,1579096301,0
133,9832,1579096301,0
133,28168,1579096301,0
133,6033,1579096301,0
133,24971,1579096301,0
133,30962,1579096301,0
133,1521,1579096301,0
133,12704,1579096301,0
133,33710,1579096301,0
133,13341,1579096301,0
133,35462,1579096301,0
144,14354,1578737851,1
149,27780,1578587531,0
150,1165,1578582637,1
158,8049,1578495293,0
162,21544,1578486470,0
162,4279,1578486470,0
162,13414,1578486470,0
162,19517,1578486470,0
162,23602,1578486470,0
162,7520,1578486470,-1
162,13333,1578486470,0
162,7824,1578486470,0
162,18228,1578486470,0
162,13127,1578486470,0
162,21306,1578486470,0
162,5899,1578486470,0
162,24838,1578486470,0
162,34624,1578486470,0
162,16478,1578486470,0
162,31995,1578486470,0
162,2284,1578486470,1
162,11339,1578486470,0
162,28680,1578486470,0
162,32703,1578486470,0
162,25929,1578486470,0
162,17862,1578486470,0
162,26739,1578486470,0
162,21982,1578486470,0
162,8687,1578486470,0
162,12650,1578486470,0
162,13490,1578486470,0
162,27971,1578486470,0
162,17678,1578486470,0
162,5246,1578486470,0
162,34324,1578486470,0
162,16807,1578486470,0
162,32579,1578486470,0
162,30905,1578486470,0
162,26429,1578486470,0
162,13532,1578486470,0
162,18412,1578486470,0
162,9825,1578486470,0
164,23094,1578410687,0
164,20299,1578410687,0
164,6631,1578410687,0
164,37088,1578410687,0
164,12998,1578410687,0
164,1567,1578410687,0
164,20561,1578410687,0
164,4243,1578410687,0
164,21193,1578410687,0
164,13818,1578410687,0
164,12149,1578410687,0
164,35580,1578410687,0
164,10580,1578410687,0
164,232,1578410687,0
164,1674,1578410687,0
164,10990,1578410687,0
164,22576,1578410687,0
164,19520,1578410687,1
164,31618,1578410687,0
164,15401,1578410687,0
164,33692,1578410687,0
164,7799,1578410687,0
164,6912,1578410687,0
164,9690,1578410687,0
164,14851,1578410687,0
164,14782,1578410687,0
164,1092,1578410687,0
164,1832,1578410687,0
164,4382,1578410687,0
164,9806,1578410687,0
164,7212,1578410687,0
164,265,1578410687,0
164,36941,1578410687,0
164,14049,1578410687,0
164,17042,1578410687,0
164,22988,1578410687,0
164,20701,1578410687,0
164,9424,1578410687,0
164,12749,1578410687,0
164,19852,1578410687,0
164,19921,1578410687,0
164,13818,1578410687,0
164,22835,1578410687,0
164,14922,1578410687,0
164,1847,1578410687,0
164,14568,1578410687,0
164,28497,1578410687,0
164,17625,1578410687,0
164,28223,1578410687,0
164,36534,1578410687,0
164,15725,1578410687,0
164,4562,1578410687,0
164,5077,1578410687,0
164,19272,1578410687,0
164,9280,1578410687,0
164,4482,1578410687,0
164,7310,1578410687,0
164,21045,1578410687,0
164,96,1578410687,0
164,23804,1578410687,0
178,17159,1577954652,0
178,16070,1577954652,0
181,1803,1577770372,0
193,36584,1577097126,1
195,8626,1576926382,1
195,10652,1576926382,0
195,33456,1576926382,0
195,32608,1576926999,1
195,339,1576927064,0
195,18893,1576927064,0
195,33630,1576927064,0
199,33769,1576506509,0
199,13843,1576506509,0
199,1070,1576696324,-1
199,1195,1576763249,-1
199,712,1576763249,0
199,19748,1576831311,0
199,24235,1576831311,-1
199,8064,1576831311,0
199,20552,1576831311,0
199,7243,1576831311,0
199,244,1576831312,0
199,18331,1576831312,-1
199,13199,1576831312,-1
199,36462,1576831312,0
199,18373,1576831313,0
199,18396,1576831313,0
199,7611,1576831313,0
199,5618,1576831313,0
199,31827,1576831313,0
199,7783,1576831313,0
202,33217,1576740893,1
204,5809,1575477486,0
204,5527,1575479095,0
204,30658,1575479095,0
204,22653,1575479095,0
204,28127,1575479095,0
204,22733,1575479095,0
204,13447,1575479095,0
204,8156,1575479095,0
204,20872,1575479095,0
204,23141,1575479095,0
204,35827,1575479095,0
204,14086,1575479095,0
204,8522,1575559239,1
204,10366,1575559239,0
204,22282,1575559239,0
204,14519,1575559239,0
204,13977,1575559239,0
204,32568,1575559412,0
209,13822,1576576474,0
209,28373,1576576474,1
209,27358,1576576474,0
209,10160,1576576474,0
209,21777,1576576474,1
219,11398,1576146397,0
221,37555,1576050024,0
231,13818,1575889270,0
236,13291,1575364737,0
236,26630,1575364737,0
236,34681,1575364737,0
236,26800,1575364737,0
236,6296,1575375914,0
236,9005,1575375914,0
236,36527,1575375914,0
236,16518,1575375914,0
236,2754,1575376064,0
236,5202,1575611269,0
239,4885,1575476544,1
239,20426,1575476544,0
239,23257,1575476544,-1
239,26624,1575476544,-1
239,22055,1575476544,-1
239,28461,1575476544,0
239,11330,1575476544,-1
239,27989,1575476544,1
239,6643,1575476544,1
239,15546,1575476544,-1
239,16554,1575476544,0
239,8487,1575476544,0
239,19368,1575476544,0
239,30662,1575476544,0
239,30901,1575476544,0
239,32581,1575476544,0
239,6530,1575476544,0
239,1060,1575476544,0
239,16013,1575476544,0
239,20900,1575476544,0
239,33950,1575476544,-1
239,18117,1575476544,0
239,5921,1575476544,-1
239,13795,1575476544,0
239,8749,1575476544,0
239,35543,1575476544,0
239,20180,1575476544,0
239,34334,1575476544,0
239,14242,1575476544,0
239,2402,1575476544,0
239,26400,1575476544,0
239,14291,1575476544,0
239,18307,1575476544,0
239,28378,1575476544,0
239,6913,1575476544,0
239,24449,1575476544,0
239,7865,1575476544,-1
239,32411,1575476544,-1
239,35078,1575476544,0
239,30952,1575476544,0
239,25680,1575476544,0
239,5790,1575476544,0
239,18598,1575476544,0
239,35111,1575476544,0
239,24347,1575476544,0
239,12959,1575476544,-1
239,10636,1575476544,0
239,32242,1575476544,0
239,12697,1575476544,0
239,2626,1575476544,0
239,21013,1575476544,-1
239,5523,1575476544,-1
239,16331,1575476544,0
239,19270,1575534535,1
239,13915,1575534535,0
241,7131,1575460076,1
256,10272,1575037356,0
265,2203,1574495531,0
267,4876,1574406850,0
267,29612,1574406850,0
268,26587,1574362213,1
268,17819,1574362213,-1
277,13301,1574257767,0
277,12439,1574257926,0
285,28761,1574084204,1
285,28712,1574084204,0
285,22885,1574084204,0
285,20266,1574084204,0
285,21112,1574084204,0
285,19186,1574084204,0
285,32854,1574084204,0
285,13423,1574084204,0
285,25029,1574084204,0
285,33714,1574084204,0
285,12873,1574084204,0
285,16338,1574084204,0
285,26720,1574084204,0
285,17298,1574084204,0
285,1105,1574084204,0
286,12584,1574070057,0
286,400,1574070057,0
286,5512,1574070057,0
286,28146,1574070057,0
286,4003,1574070057,0
286,31151,1574070057,1
286,23178,1574070057,0
286,24867,1574070057,0
286,5905,1574070057,0
286,6972,1574070057,0
286,23691,1574070057,1
286,1061,1574070057,0
286,8973,1574070057,0
286,12152,1574070057,1
286,11938,1574070057,1
286,5028,1574070057,1
286,22928,1574070057,0
286,10475,1574070057,0
286,5277,1574070057,1
286,6098,1574070057,0
286,7172,1574070057,0
286,7937,1574070057,0
286,16212,1574070057,0
286,24791,1574070057,0
286,446,1574070057,0
286,16252,1574070057,0
286,4611,1574070057,0
286,30257,1574070057,0
286,33431,1574070057,0
286,6435,1574070057,0
286,14350,1574070057,1
286,34547,1574070057,0
286,14269,1574070057,0
286,26116,1574070057,0
286,33885,1574076394,0
294,19880,1573708416,1
294,25750,1573708416,0
294,34630,1573708416,0
294,8020,1573708416,0
294,8481,1573709131,0
294,1201,1573709131,0
300,4408,1573552111,1
301,12474,1573485297,-1
301,11139,1573485297,0
301,10994,1573485297,-1
301,23804,1573485297,-1
301,20870,1573485297,0
309,26307,1573225568,1
314,18469,1573136638,0
316,25989,1573048474,0
317,21304,1573039342,0
323,9640,1572954429,1
323,24758,1572952725,0
323,7881,1572958341,0
323,11748,1572953473,0
323,2096,1572960543,0
323,18313,1572950037,0
323,15340,1572957786,1
323,456,1572954868,0
323,28241,1572960543,0
323,12142,1572952725,1
323,36612,1572953473,0
323,27859,1572954702,1
323,9314,1572952725,0
323,34345,1572953473,1
323,4192,1572955377,0
323,8809,1572953057,0
323,31183,1572958039,1
323,9325,1572954454,0
323,1279,1572954868,0
323,16079,1572953473,1
323,26275,1572958039,1
323,9508,1572957786,0
323,26811,1572954868,1
323,23210,1572953473,0
323,4092,1572952725,0
323,33843,1572953057,0
323,32746,1572955377,0
323,24299,1572958341,1
323,19339,1572958039,0
323,36501,1572952162,0
323,31242,1572955377,0
323,4166,1572954868,0
323,16074,1572960543,0
323,2148,1572950877,0
323,20289,1572950877,0
323,3895,1572957786,0
323,5805,1572954429,0
323,13540,1572957786,0
323,21640,1572954429,0
323,13427,1572954702,0
323,17183,1572950037,1
323,26466,1572954429,0
323,1251,1572950037,0
323,17030,1572958039,0
323,18787,1572954702,0
323,6200,1572954454,0
323,4038,1572951839,0
323,4430,1572953473,0
323,15115,1572950877,1
323,5146,1572954868,0
323,11028,1572957786,0
323,34656,1572951839,0
323,16891,1572958039,0
323,8514,1572950877,0
323,26442,1572951284,0
323,6173,1572950877,0
323,12535,1572954454,0
323,16685,1572958341,0
323,19273,1572960543,0
323,28243,1572958341,0
325,21943,1572947807,0
325,16737,1572947807,0
325,23827,1572947807,0
325,31200,1572947807,0
325,9634,1572947807,0
325,7801,1572947807,0
328,28704,1572853731,-1
328,1868,1572853731,-1
328,14390,1572853731,0
328,17092,1572853731,0
328,13429,1572853731,1
328,21461,1572853731,0
328,1345,1572853731,1
328,34144,1572853731,0
328,27645,1572853731,0
328,30121,1572853731,0
328,22626,1572853731,0
330,18426,1572843134,0
330,25202,1572843134,1
337,7350,1572523100,0
337,27838,1572523100,1
341,16120,1572434321,0
341,25696,1572434321,1
341,4642,1572434321,0
352,31440,1571976968,0
352,27302,1572232434,0
354,9043,1571975227,1
354,15918,1571975227,0
354,36062,1571975227,1
357,30108,1571197732,1
357,13227,1571197732,-1
357,7308,1571197732,1
357,11719,1571197762,0
357,36894,1571197762,0
357,23753,1571197762,1
357,36352,1571197762,-1
357,9525,1571197762,0
357,27474,1571725050,1
357,1375,1571725050,0
357,7788,1571725262,0
362,19815,1571508447,0
362,1834,1571508447,0
362,37506,1571508447,0
362,16638,1571508447,0
369,30581,1571339678,1
369,20908,1571339678,1
369,31615,1571339678,-1
370,8985,1571282277,0
370,15247,1571282277,0
370,20473,1571282277,0
370,10962,1571282277,0
370,492,1571282277,0
370,14792,1571282277,0
370,14946,1571282277,0
370,28012,1571282277,0
370,9452,1571282277,0
370,19105,1571282277,0
370,22150,1571282277,0
370,32991,1571282277,1
370,16752,1571282277,1
370,14488,1571282277,1
370,26431,1571282277,1
370,2098,1571282277,0
370,6098,1571282277,0
370,15818,1571282277,0
370,6914,1571282277,1
370,7113,1571282277,0
370,31339,1571282277,0
372,36105,1570822525,0
372,1350,1571234023,0
372,4401,1571234023,0
372,30608,1571234023,0
372,7344,1571234023,0
372,26223,1571234023,0
372,25844,1571234023,0
372,13165,1571234023,0
372,16276,1571234023,0
372,6545,1571236540,0
378,16644,1571047286,1
378,690,1571047466,1
379,31037,1571046520,0
379,13874,1571046520,0
379,7822,1571046520,0
379,37219,1571046520,-1
379,7381,1571046520,-1
379,9389,1571046520,0
379,31305,1571046520,0
379,5534,1571046520,-1
379,5586,1571046520,0
383,26365,1570797610,1
384,11824,1570796620,0
387,191,1570706835,0
387,12844,1570706835,0
387,13229,1570706835,0
387,27406,1570706835,0
387,28556,1570706835,0
387,8743,1570706835,1
387,22779,1570706835,0
387,21796,1570706835,0
387,20613,1570706835,0
387,32959,1570706835,-1
387,28291,1570706835,0
387,27210,1570706835,0
387,5077,1570709435,1
387,30280,1570709435,0
387,22245,1570709435,0
387,30029,1570787031,0
387,14134,1570787031,0
387,4997,1570787031,1
387,37338,1570787031,-1
387,10415,1570787031,-1
387,28263,1570787031,1
387,29056,1570787031,0
387,35452,1570787031,1
387,10550,1570787031,1
387,605,1570787031,1
387,17749,1570787031,1
387,31424,1570787031,1
387,16655,1570787031,-1
388,9651,1570764161,1
397,1580,1570505716,0
397,30927,1570505716,0
397,31355,1570505716,0
397,6565,1570505716,0
397,30941,1570505716,0
397,32071,1570505716,1
397,27314,1570505716,0
397,12198,1570505716,0
397,13475,1570505716,1
397,32806,1570505716,0
397,24605,1570505716,0
397,35491,1570505716,0
397,31360,1570505716,0
397,28247,1570505716,0
397,15657,1570505716,0
397,17179,1570505716,0
397,1938,1570505716,0
397,23035,1570505716,0
397,12890,1570505716,0
397,30878,1570505716,0
397,27882,1570505716,0
397,1199,1570505716,0
397,8639,1570505716,0
397,12512,1570505716,0
397,10913,1570505716,0
397,9222,1570505716,0
397,16046,1570505716,0
397,8211,1570505716,0
397,4724,1570505716,0
397,4752,1570505716,0
397,12056,1570505716,0
397,23019,1570505716,0
397,31889,1570505716,0
397,16320,1570505716,0
397,133,1570505716,0
397,21019,1570505716,0
397,33870,1570505716,0
397,33313,1570505716,0
397,32016,1570505716,0
397,13515,1570505716,0
397,24662,1570505716,0
397,16492,1570505716,0
397,30941,1570505716,0
397,740,1570505716,0
397,10392,1570505716,0
397,5685,1570505716,1
397,14953,1570505716,1
397,10150,1570505716,0
397,22222,1570505716,0
397,17968,1570505716,0
397,6182,1570505716,1
409,6439,1569925226,1
409,15710,1569925226,1
409,12747,1569925226,-1
409,13458,1569925226,-1
409,26470,1569925226,-1
409,23093,1569925604,0
409,24463,1569925604,0
409,31989,1569925604,0
410,1945,1569856012,0
411,16085,1569233222,0
411,31299,1569416369,1
411,8452,1569854471,1
412,16860,1569832709,0
415,28168,1569814862,1
415,24063,1569814862,1
415,32837,1569814862,0
415,22558,1569814862,-1
415,1399,1569814862,0
415,31952,1569814862,0
415,21809,1569814862,0
415,15365,1569814862,1
415,17484,1569814862,0
416,28603,1569814491,1
416,1880,1569814491,0
416,33840,1569814491,-1
416,12743,1569814491,-1
416,12828,1569814491,0
416,142,1569814491,-1
416,13160,1569814491,-1
416,7393,1569814491,1
416,13419,1569814491,0
417,28678,1569767083,1
417,22318,1569767083,1
417,11891,1569767268,0
417,13556,1569767268,1
420,24219,1569226262,0
420,35808,1569226262,0
420,9098,1569226262,0
420,22084,1569231081,0
420,18306,1569231081,0
420,24972,1569231081,0
420,27617,1569231081,0
420,6607,1569231081,0
420,12965,1569231081,0
420,8498,1569231081,0
420,3952,1569231081,0
420,12142,1569231081,1
420,15714,1569231081,0
420,27970,1569231081,0
420,27201,1569231081,0
420,33330,1569231081,0
420,23685,1569231081,0
420,18708,1569231081,0
420,28280,1569422672,0
420,10996,1569422672,0
420,27928,1569422672,0
420,12673,1569422672,0
420,20538,1569422672,0
420,26259,1569422672,0
420,17092,1569422672,0
420,25722,1569422672,0
420,30076,1569422672,0
420,14809,1569422672,0
426,36117,1568640878,0
426,3882,1568640878,0
426,27454,1568640878,0
426,14783,1568640878,0
426,28548,1568640878,0
426,5855,1568640878,0
426,8450,1568974769,1
429,35520,1568960158,0
429,5968,1568960158,0
429,1751,1568960158,0
429,33450,1568960158,0
429,26948,1568960158,0
429,14473,1568960158,0
429,33679,1568960158,0
429,28196,1568960158,0
429,10807,1568960158,0
429,24845,1568960158,0
429,2089,1568960158,0
429,16945,1568960158,0
429,28313,1568960158,0
429,559,1568960158,0
432,9004,1568794873,0
432,15231,1568794873,1
432,12675,1568882033,0
432,25072,1568882033,0
442,4860,1568693166,0
444,24396,1568642506,1
444,6222,1568642506,1
444,30058,1568645884,-1
444,8011,1568645884,1
444,6340,1568645884,0
444,5908,1568646557,-1
465,18847,1567786897,0
484,33551,1567434478,1
488,17812,1566996084,0
488,21720,1566996084,0
488,22272,1566996084,0
488,16912,1567054509,0
488,23839,1566996098,0
488,8744,1566996084,0
488,16072,1566996084,0
488,2072,1566996084,0
488,5006,1566996084,0
488,448,1566996084,0
488,6036,1566996084,0
488,7234,1566996084,0
488,21950,1566996098,0
488,16282,1566996084,0
488,16490,1566996084,0
488,4484,1566996098,0
488,27227,1566996084,0
488,20274,1566996084,0
488,23862,1567054509,-1
488,37237,1566996084,0
488,27372,1566996084,0
488,30346,1566996084,0
488,5078,1566996084,0
488,22517,1566996098,0
488,20799,1566996098,0
488,20661,1566996084,0
488,426,1566996098,0
488,36899,1566996098,0
488,7398,1566996084,0
488,24766,1566996084,0
488,35629,1566996084,0
488,32093,1566996084,0
488,26611,1566996084,0
488,16243,1566996084,0
488,12626,1566996084,0
488,31626,1566996098,0
488,9896,1566996084,0
488,5244,1566996084,0
488,13380,1566996084,0
488,34276,1566996084,0
488,11702,1566996084,0
488,1718,1566996084,0
488,25688,1566996084,0
488,22106,1566996098,0
488,28662,1566996098,0
488,24622,1566996084,0
488,18470,1566996098,0
488,5185,1566996084,0
488,16883,1566996084,0
488,22318,1566996084,0
488,17323,1566996084,0
488,9461,1566996084,0
488,16501,1566996084,0
488,4382,1566996098,0
488,1815,1566996098,0
488,14333,1566996084,0
488,10910,1566996084,0
488,5183,1567054509,0
488,25730,1566996098,0
488,6226,1566996084,0
508,7521,1565603839,0
508,12762,1565603839,0
508,430,1565603839,0
508,37358,1565603839,1
520,14950,1565288034,-1
520,7088,1565288034,1
520,22533,1565288034,1
520,33417,1565288034,1
520,32246,1565288034,0
520,16037,1565288034,-1
520,8886,1565288034,1
520,14172,1565288034,1
520,4590,1565288034,1
520,9346,1565288034,1
520,8535,1565288034,1
520,8818,1565288034,-1
520,15857,1565288034,0
520,9784,1565288034,1
520,7557,1565288034,1
520,36943,1565288034,1
520,15375,1565288034,1
520,7255,1565288034,0
520,7618,1565288034,1
520,25761,1565288034,1
520,14880,1565288034,1
520,23725,1565288034,1
520,21179,1565288034,-1
520,5453,1565288034,-1
520,7166,1565288034,1
520,16271,1565288034,1
520,2364,1565288034,1
520,11874,1565288034,1
522,7284,1565203519,1
524,294,1564911410,0
524,22839,1564911410,1
524,23262,1564911410,0
524,18947,1564911410,0
524,32440,1564911876,0
524,4897,1565175335,1
524,18514,1565177621,-1
524,28250,1565177621,1
533,28174,1565096879,-1
533,26437,1565096879,0
533,457,1565096879,0
533,9795,1565100895,1
533,13981,1565100895,0
533,4022,1565101404,-1
533,18318,1565101404,0
533,1653,1565101404,-1
534,10065,1565086527,0
534,35593,1565086527,1
534,730,1565086527,0
534,32109,1565086527,0
534,9320,1565086527,0
534,16646,1565086527,0
534,24675,1565086527,1
534,27405,1565086527,0
534,15790,1565086527,0
534,36520,1565086527,0
534,4860,1565086527,0
534,6221,1565086527,0
534,17915,1565086527,0
534,25097,1565086527,0
534,26923,1565086527,1
534,35079,1565086527,0
534,496,1565086527,0
536,26934,1565080492,0
536,6311,1565080492,0
536,35376,1565080492,0
536,31059,1565080492,-1
536,36077,1565080492,0
536,35394,1565080492,0
536,4894,1565080492,0
540,12539,1565068095,0
540,6807,1565068095,0
540,10114,1565068095,1
542,7707,1565007406,0
542,21736,1565007406,1
542,21789,1565007406,0
542,14470,1565007406,1
548,20664,1558620452,-1
548,7198,1558620452,-1
548,16076,1558620452,0
548,9204,1558620452,0
548,32228,1558620452,-1
548,2753,1558620452,0
548,1722,1558620452,-1
548,27252,1558620452,0
548,17166,1558620452,0
548,36232,1558620452,0
548,10025,1558620452,0
548,6130,1558620452,0
548,34429,1558684841,0
548,23246,1558684841,0
548,35110,1558684841,0
548,28364,1558684841,0
548,1863,1558684841,0
548,33946,1558684841,1
548,8047,1558684841,0
548,11704,1558684841,1
548,27058,1558684841,0
548,8852,1558684841,0
548,31731,1558684841,1
548,27780,1558684841,1
548,9685,1560253901,-1
548,20727,1560253901,0
548,9476,1560253901,0
548,12877,1560253901,-1
548,2356,1560253901,-1
548,14788,1560253901,0
548,2701,1560253901,0
548,5593,1560253901,0
548,32991,1560253901,0
548,34975,1560253901,0
548,30596,1560253901,-1
548,28673,1560253901,0
548,11349,1564753127,0
548,28577,1564753127,1
549,13488,1564699835,0
549,12585,1564699835,0
549,5276,1564699835,0
549,16538,1564699835,0
549,2316,1564699835,0
549,6149,1564699835,0
553,34226,1564641420,0
553,9039,1564641420,1
560,4649,1564564063,0
560,27523,1564564063,0
567,31029,1564379056,1
567,5220,1564379056,1
567,27405,1564379056,0
567,5586,1564379056,0
567,27364,1564379056,0
567,26717,1564379056,1
567,19087,1564379056,0
567,15804,1564379056,0
567,34192,1564379056,0
567,19108,1564379056,0
567,22458,1564379056,0
567,1752,1564379056,1
567,9746,1564379056,0
567,35814,1564379056,0
567,24116,1564379056,0
567,500,1564379056,0
567,23846,1564379056,1
567,33043,1564379056,0
567,2068,1564379056,1
567,3882,1564379056,0
567,5945,1564379056,0
567,14129,1564379056,0
567,28757,1564379056,0
567,27138,1564379056,0
567,17774,1564379056,0
567,29627,1564379056,0
567,33805,1564379056,0
573,13861,1564133544,-1
578,20414,1564038278,0
578,20446,1564038278,0
580,410,1563916544,0
580,8858,1563916544,0
580,35693,1563916544,0
580,14259,1563916544,0
580,26747,1563916544,-1
580,9102,1563916544,0
580,5507,1563916544,-1
580,19494,1563916544,-1
580,7270,1563916544,0
580,32520,1563916544,-1
580,22193,1563916544,-1
580,30860,1563916544,-1
580,4907,1563916544,-1
580,4602,1563916544,-1
580,14080,1563916544,0
582,36784,1562142403,0
582,36531,1562142403,0
582,14059,1562142403,0
582,33674,1563205697,0
582,27560,1563824707,0
582,1746,1563824707,0
582,3995,1563824707,0
582,4027,1563824707,0
582,10584,1563824707,0
585,12911,1563463956,0
585,12753,1563463956,0
585,16469,1563463957,0
585,13441,1563464160,0
594,26797,1563173844,0
594,14362,1563173844,1
594,18261,1563173844,0
594,27892,1563173844,0
595,16124,1563172293,-1
595,14544,1563172293,1
595,16689,1563172293,1
595,4662,1563172293,-1
595,28468,1563172293,0
595,11935,1563172591,0
597,24050,1562835632,0
597,5514,1562835632,1
597,31338,1562934560,0
597,1781,1562934560,-1
604,16201,1562654394,0
604,22635,1562654394,-1
604,15188,1562654395,0
605,27730,1562055956,1
605,194,1562652962,-1
609,16640,1562347892,0
609,27389,1562347892,0
609,6208,1562347892,0
609,28407,1562347892,0
609,24602,1562347892,0
609,8074,1562347892,0
609,9649,1562347892,0
609,4269,1562347892,0
609,5923,1562347892,0
609,9184,1562347892,0
609,14527,1562347892,0
609,23739,1562347892,0
609,29564,1562347892,0
609,15651,1562347892,0
609,17523,1562347892,0
609,19712,1562347892,0
609,17703,1562347892,0
609,10574,1562347892,0
609,21175,1562347892,0
609,18300,1562347892,0
609,6387,1562347892,0
609,8040,1562347892,0
609,8618,1562347892,0
609,1619,1562347892,0
609,14188,1562347892,0
609,464,1562347892,0
609,33736,1562347892,0
609,8,1562347892,0
609,31530,1562347892,0
609,19091,1562347892,0
609,9572,1562347892,0
609,17210,1562347892,0
609,31091,1562347892,0
609,11414,1562347892,0
609,1601,1562347892,0
609,26201,1562347892,0
609,16970,1562347892,0
609,21662,1562347892,0
609,35425,1562347892,0
609,27343,1562347892,0
609,13927,1562347892,0
609,5198,1562347892,0
609,16900,1562347892,0
609,11343,1562347892,0
609,30783,1562347892,0
609,18776,1562347892,1
609,33423,1562347892,0
609,20439,1562347892,0
613,24062,1562319687,0
613,33463,1562320634,0
613,22347,1562320634,0
613,2126,1562320634,0
613,26489,1562320634,0
613,9574,1562319687,0
613,37234,1562319687,0
613,9194,1562319687,0
613,8981,1562320634,0
613,21547,1562320634,0
613,9143,1562319687,0
613,64,1562319687,0
613,16215,1562319687,0
613,1863,1562320634,0
613,20691,1562319687,0
613,15104,1562320634,0
613,14231,1562320634,0
613,22371,1562319687,-1
613,14160,1562319687,0
613,12641,1562319687,0
613,24091,1562319687,0
613,1399,1562320634,0
613,4197,1562320634,0
613,13094,1562319687,0
613,27636,1562319687,0
613,6205,1562320634,0
613,32157,1562320634,0
613,7956,1562320634,0
613,12075,1562319687,-1
613,27603,1562319687,0
613,19501,1562319687,0
613,28099,1562319687,0
613,30046,1562320634,0
613,24856,1562319687,0
613,23157,1562319687,0
613,9862,1562320634,0
613,26446,1562320634,0
613,10589,1562320634,0
613,22741,1562319687,0
613,10447,1562319687,0
613,27410,1562320634,0
613,11009,1562320634,0
613,31445,1562320634,0
613,10960,1562320634,0
613,24226,1562319687,0
613,16321,1562320634,0
613,34039,1562319687,-1
613,22864,1562320634,0
613,24565,1562319687,-1
613,12692,1562320634,0
613,9777,1562319687,0
613,15515,1562319687,-1
613,10437,1562320634,0
613,6756,1562319687,0
613,18735,1562319687,0
613,12429,1562320634,0
613,22465,1562319687,-1
613,14282,1562320634,0
613,7067,1562320634,0
613,22463,1562320634,0
620,13767,1562073387,0
620,15728,1562073387,0
620,25222,1562077220,0
630,6987,1561962318,1
635,10171,1561699773,1
635,23749,1561700988,0
635,25787,1561705886,0
635,37131,1561705886,1
640,14291,1561649363,0
640,27489,1561649363,1
646,9923,1561433637,1
646,17411,1561433637,0
652,10829,1560943660,0
652,16822,1560943660,-1
652,29653,1560943660,1
652,31560,1560943660,0
652,18904,1560944212,0
652,12680,1560944212,0
652,31330,1560944212,0
652,6651,1560944626,0
652,22367,1560948360,1
652,35101,1560948360,1
652,687,1561012266,0
652,21140,1561022901,-1
652,8971,1561022901,-1
652,27804,1561022901,1
652,15866,1561085943,-1
652,21493,1561100783,1
652,6962,1561100783,1
652,11889,1561101678,-1
652,2152,1561101678,-1
652,13674,1561101678,1
652,9376,1561103455,0
652,400,1561103455,0
652,6140,1561103455,0
652,14165,1561105500,0
652,7941,1561106615,1
652,22128,1561108644,-1
652,13509,1561108644,1
652,19811,1561108644,0
652,27724,1561108644,1
652,34309,1561108644,1
652,23715,1561108644,0
652,4183,1561117081,-1
652,1265,1561117081,1
652,31032,1561117081,0
652,33813,1561117081,1
652,5173,1561121650,1
652,23497,1561121650,0
652,331,1561123564,1
652,11796,1561192155,1
652,36618,1561192683,1
652,32045,1561194600,1
652,15402,1561194600,0
652,10069,1561194600,0
652,22836,1561194600,0
652,28027,1561194600,0
652,21288,1561195252,1
652,24050,1561195252,1
652,269,1561195252,0
656,26209,1560953182,0
656,17609,1560953182,1
660,30816,1560764350,0
660,36546,1560844608,0
660,35963,1560844608,0
660,21426,1560844608,0
663,33847,1560496668,1
663,34556,1560496668,0
663,34161,1560496668,1
663,17085,1560496668,1
663,19269,1560496668,0
663,36373,1560496668,1
663,13757,1560496668,1
663,31799,1560496668,0
663,31061,1560496668,0
663,10286,1560496668,1
663,8982,1560496668,0
663,5002,1560496668,1
663,25666,1560496668,-1
663,13838,1560496668,0
663,14534,1560496668,-1
663,32818,1560496668,0
663,21406,1560496668,0
663,9106,1560496668,1
663,10114,1560496668,0
663,7986,1560496668,1
663,24764,1560496668,1
663,36616,1560496668,0
663,13597,1560496668,0
663,4624,1560496668,0
663,12227,1560496668,0
663,8255,1560496668,0
663,18316,1560496668,0
663,14065,1560496668,1
663,29681,1560496668,1
663,22737,1560798075,0
663,4800,1560798075,0
663,1237,1560798075,-1
663,22589,1560798075,0
663,9719,1560798075,0
663,17305,1560798075,0
663,18636,1560798075,0
664,9419,1560776031,0
664,22743,1560776031,0
664,23783,1560776031,0
664,4562,1560776031,0
664,24541,1560776031,0
664,30416,1560776031,0
664,23015,1560776031,0
664,33490,1560776031,0
664,18911,1560776031,-1
664,10550,1560776031,0
664,26518,1560776031,0
664,16927,1560776031,0
664,15109,1560776031,0
664,29714,1560776031,0
664,9642,1560776031,0
664,28436,1560776031,0
664,28607,1560776031,0
664,13069,1560776031,0
664,29558,1560776031,0
664,1903,1560776031,0
664,7301,1560776031,0
664,22730,1560776031,0
664,21332,1560776031,0
664,19298,1560776031,0
664,8169,1560776031,0
664,26974,1560776031,0
664,4279,1560776031,0
664,10159,1560776031,0
664,26843,1560776031,0
664,29146,1560776031,0
664,5598,1560776031,0
664,25801,1560776031,0
664,34446,1560776031,0
664,31544,1560776031,0
664,1898,1560776031,0
664,31225,1560776031,-1
664,27344,1560776031,0
664,26878,1560776031,0
664,4351,1560776031,0
664,24171,1560776031,0
664,1131,1560776031,0
664,4756,1560776031,0
664,22995,1560776031,0
664,22029,1560776031,0
664,32179,1560776031,0
664,26267,1560776031,0
664,8729,1560776031,0
664,15875,1560776031,0
664,23895,1560776031,0
664,37067,1560776031,0
664,12564,1560776031,0
664,4308,1560776031,0
664,7645,1560776031,0
664,22958,1560776031,0
664,26704,1560776031,0
664,14543,1560776031,0
664,16722,1560776031,0
664,18519,1560776031,0
664,8702,1560776031,0
664,647,1560776031,0
665,26262,1560774355,0
668,7940,1560410122,0
671,34467,1560363251,0
691,22919,1559727149,-1
691,3928,1559727149,-1
691,16594,1559727149,0
691,19090,1559727149,0
691,36232,1559727149,0
694,33448,1559636309,-1
694,12031,1559636309,-1
694,273,1559636310,0
694,20683,1559636310,0
694,19798,1559636310,0
694,31520,1559636310,1
694,9469,1559636310,1
694,31101,1559636310,1
694,18909,1559636310,1
694,2094,1559636310,0
694,1170,1559636310,1
694,2405,1559636310,0
694,26103,1559636310,0
694,28510,1559636310,0
694,18600,1559636310,-1
694,15901,1559636310,0
694,36905,1559636310,0
694,4574,1559636310,1
694,5422,1559636310,1
694,10440,1559636310,1
694,35613,1559642566,-1
698,5054,1559570965,1
700,7567,1559551967,0
700,14854,1559551967,0
700,28816,1559551967,0
700,7366,1559551967,0
700,2407,1559551967,0
701,19856,1559546458,0
701,13098,1559546458,1
701,21070,1559546458,1
703,17048,1559245752,0
703,30053,1559245752,1
703,13331,1559245752,0
703,15785,1559245752,0
710,33630,1559045150,0
712,20902,1559014879,0
712,22329,1559014879,1
712,13411,1559015117,0
712,16417,1559015117,0
712,37556,1559015117,0
713,17182,1558978059,-1
713,18663,1558978059,0
715,20692,1558963503,0
715,29725,1558102986,0
715,12412,1558102986,0
715,28639,1558102986,0
715,31027,1558102986,0
715,14512,1558102986,0
715,18776,1558102986,0
715,2329,1558427655,-1
715,4828,1558102986,0
715,14926,1558427655,0
715,29931,1558427655,0
715,24293,1558963503,0
715,9092,1558102986,0
715,2401,1558102986,0
715,26926,1558427655,0
715,18121,1558427655,0
715,24639,1558102986,0
715,17640,1558102986,0
715,26887,1558427655,0
715,17078,1558963503,0
715,10641,1558427655,1
715,14421,1558102986,1
715,1888,1558102986,0
715,9097,1558963503,0
715,8466,1558427655,0
715,29581,1558102986,0
715,21132,1558102986,0
715,1116,1558427655,0
715,11951,1558102986,0
715,28196,1558963503,-1
715,9571,1558963503,0
715,19088,1558427655,0
715,16085,1558102986,0
715,12979,1558435680,1
715,19872,1558427655,1
715,23505,1558963503,0
715,22096,1558963503,0
715,13504,1558427654,-1
715,28344,1558427655,1
715,24567,1558427655,-1
715,20861,1558102986,1
715,23688,1558102986,0
715,32206,1558102986,0
715,12249,1558427655,0
715,4256,1558427655,0
715,20922,1558102986,-1
715,18397,1558102986,0
715,28804,1558963503,0
715,31419,1558102986,0
715,20603,1558102986,0
715,22427,1558102986,0
715,6431,1558427655,1
715,22940,1558427654,-1
715,3970,1558963503,0
715,26188,1558509988,1
715,18384,1558427654,1
715,16294,1558102986,0
715,6715,1558102986,1
715,1952,1558102986,0
715,4776,1558427654,-1
726,12469,1558516468,-1
726,21385,1558520064,1
726,4409,1558520064,1
726,25153,1558520064,-1
727,16775,1558515048,0
727,6796,1558515048,1
731,25091,1558436441,1
731,35180,1558436441,-1
731,18659,1558441477,0
731,21425,1558441477,0
733,26406,1558426405,0
735,6334,1558424087,1
741,27135,1558273823,0
743,30030,1557758201,-1
743,32584,1557758201,0
743,12025,1557758201,0
743,2296,1557758201,-1
743,12694,1557758201,-1
743,36228,1557758201,0
743,33919,1557758201,0
743,5039,1557758201,0
743,9801,1557758201,0
743,8336,1557758201,0
743,10252,1557758201,0
743,28079,1557758201,0
743,20481,1557758201,0
743,23131,1557758201,0
743,10010,1557758201,0
743,20588,1557758201,0
743,19655,1557758201,0
743,11938,1557758201,0
743,28327,1557758201,0
743,4655,1557758201,-1
743,28750,1557758201,0
743,12831,1557758201,0
743,9510,1557758201,0
743,21919,1557758201,0
743,36780,1557758201,0
743,10873,1557758201,0
743,35397,1557758201,0
743,25903,1557758201,-1
743,2970,1557758201,0
743,6702,1557758201,-1
743,1610,1557758201,0
743,14027,1557758201,0
743,20285,1557758201,-1
743,23801,1557758201,0
743,30179,1557758201,0
743,15891,1557818333,1
743,24274,1557818333,0
743,22806,1557818333,0
743,28701,1557818333,-1
743,21789,1557818333,1
743,16198,1557818333,1
743,10841,1557818333,0
743,16515,1557818333,0
743,20761,1557818333,0
743,493,1557818333,1
743,28072,1557818333,0
743,1184,1557818333,0
743,17429,1557818333,-1
743,105,1557818333,1
743,293,1557818333,0
743,20969,1558097288,0
749,9792,1558001351,-1
752,14331,1557990499,0
752,27135,1557990499,0
757,28266,1557913808,1
757,17473,1557913808,1
757,24183,1557913808,1
757,16522,1557913808,0
757,18721,1557913808,0
757,32721,1557913808,-1
757,30583,1557913808,0
757,21267,1557913808,1
757,28004,1557913808,1
757,13586,1557913808,0
757,10452,1557913808,0
757,17902,1557913808,1
757,35562,1557913808,-1
757,14116,1557913808,1
757,31314,1557913808,1
757,26662,1557913808,0
757,1220,1557913808,1
757,12261,1557913808,1
757,9102,1557913808,1
757,34114,1557913808,1
757,33221,1557913808,-1
757,6046,1557913808,0
757,16366,1557913808,1
757,15633,1557913808,1
757,20173,1557913808,1
757,33546,1557913808,0
757,19936,1557913808,0
757,21985,1557913808,0
757,22066,1557913808,-1
757,18778,1557913808,0
757,21061,1557913808,1
757,27483,1557913808,0
757,7523,1557913808,1
757,27732,1557913808,-1
757,28758,1557913808,-1
757,7007,1557913808,1
757,5128,1557913808,1
757,24171,1557913808,-1
757,4853,1557913808,1
757,4493,1557913808,0
757,22609,1557913808,0
757,13183,1557913808,-1
757,24476,1557913808,0
757,9363,1557913808,0
757,28099,1557913808,1
757,22470,1557913808,-1
757,21751,1557913808,-1
757,6364,1557913808,0
757,13940,1557913808,1
757,14868,1557913808,0
757,19135,1557913808,1
757,22684,1557913808,1
757,36738,1557913808,-1
757,16935,1557913808,1
757,20366,1557913808,0
757,18815,1557913808,-1
757,17437,1557913808,-1
757,273,1557913808,-1
757,17585,1557913808,1
757,5209,1557913808,1
766,11336,1557801832,0
766,7823,1557801832,0
766,21809,1557801833,0
766,13628,1557801833,-1
766,13899,1557801833,0
766,36693,1557801833,1
766,6676,1557801833,1
766,1772,1557801833,0
766,7621,1557801833,0
766,23759,1557801833,1
766,7426,1557806683,1
766,9651,1557806683,1
766,19748,1557806683,1
766,20017,1557807672,0
766,29715,1557807672,-1
766,25823,1557808110,1
766,31166,1557808110,1
767,21186,1557758201,0
767,33177,1557758201,-1
767,9107,1557758201,-1
767,5278,1557758201,0
767,27112,1557758201,0
767,14795,1557758201,-1
767,12943,1557758201,1
767,23294,1557758201,-1
767,20515,1557758201,-1
767,14206,1557758201,0
770,32555,1557652275,1
770,714,1557652275,0
770,8365,1557652275,0
770,28274,1557653918,0
775,24921,1557405087,0
775,34104,1557405087,0
775,6787,1557405087,0
775,11784,1557405087,0
775,7567,1557405087,0
775,15227,1557405087,0
775,17611,1557405087,0
775,21264,1557405087,0
775,11775,1557405087,0
775,13531,1557405087,0
775,12551,1557405087,0
775,24525,1557405087,0
775,13003,1557405087,0
775,22563,1557405087,0
775,30928,1557405087,0
775,32621,1557405087,0
775,20282,1557405087,0
775,4389,1557405087,0
775,15934,1557405087,0
775,8097,1557405087,0
777,30264,1557384986,0
777,15197,1557385072,0
777,32515,1557386331,0
778,23197,1556632579,1
778,5321,1556632579,1
778,7917,1556632579,0
778,17849,1556632579,1
778,32413,1556632579,1
778,31803,1556875314,1
778,13955,1556875314,0
778,14922,1556875314,1
778,9230,1556875314,1
778,26874,1556881142,0
778,17781,1556881142,-1
778,21790,1557244806,0
778,2584,1557244806,0
778,36957,1557244806,0
780,1877,1557228331,1
780,8957,1557228331,1
780,33606,1557228331,1
783,36340,1556697912,-1
783,25681,1556697912,-1
783,18408,1556697912,0
783,30259,1556697912,0
783,2217,1556697912,-1
783,20974,1556697912,0
783,22806,1556697912,0
783,5071,1556697912,-1
783,25696,1556697912,-1
783,6874,1556697912,-1
783,10734,1556697912,0
783,24251,1556697912,0
783,21171,1556697912,0
783,36542,1556697912,-1
783,15998,1556701968,-1
783,8037,1556701968,0
783,20627,1556701968,0
783,27540,1556701968,0
783,13186,1556701968,0
783,36068,1556701968,-1
783,5084,1556701968,-1
783,22381,1556701968,0
783,16443,1556701968,-1
783,31594,1556701968,0
783,2312,1556701968,0
783,12758,1556701968,-1
783,18923,1556701968,0
783,1626,1556701968,0
783,9470,1556701968,-1
783,28025,1556701968,-1
783,27443,1556702925,0
783,15836,1556702925,0
783,31360,1556702925,0
783,34097,1556702925,0
783,10886,1556702925,0
783,13213,1556702925,0
783,23916,1556702925,0
783,6746,1556705847,-1
783,21443,1556705847,0
783,15769,1556705847,-1
783,4265,1556777219,0
783,21267,1556777277,0
783,27057,1556777277,0
783,25707,1556777277,0
783,2305,1556795929,1
783,650,1556795929,0
783,9044,1556860497,0
785,20283,1556693640,0
785,15691,1556693640,0
785,618,1556693640,0
785,18336,1556693640,0
796,6246,1556271728,0
796,6220,1556271728,0
796,4905,1556271728,0
796,17327,1556271728,-1
796,4016,1556271728,1
796,9824,1556271728,0
796,35481,1556271728,1
796,26079,1556271728,0
796,31222,1556271728,0
796,33531,1556271728,0
796,27498,1556271728,1
796,2294,1556271728,-1
796,1883,1556271729,0
796,3880,1556271729,1
796,16139,1556271729,-1
796,24956,1556271729,-1
796,31729,1556271729,-1
796,2670,1556271729,0
796,12626,1556271729,0
796,1861,1556271729,0
796,30390,1556271758,-1
796,9317,1556271758,0
796,9710,1556271759,0
796,32902,1556271759,1
796,13231,1556271759,0
796,20701,1556271759,0
796,13512,1556271759,0
796,1938,1556271759,0
796,37040,1556271759,0
796,25924,1556271759,0
796,4759,1556271759,0
796,12,1556271759,-1
796,9931,1556271759,0
796,16980,1556271792,0
796,6456,1556271792,0
796,264,1556271792,1
796,36339,1556271792,1
796,37275,1556271814,-1
796,32893,1556271814,0
796,12533,1556271814,-1
796,15824,1556271814,1
796,19769,1556271815,1
796,28617,1556271815,0
796,21548,1556271815,1
796,21273,1556271815,1
796,28740,1556271815,0
796,20241,1556271816,0
796,36690,1556271878,0
796,28415,1556271878,0
796,6584,1556271879,-1
796,15189,1556271879,0
796,652,1556373122,0
800,32148,1556221808,1
800,34254,1556221808,1
800,2209,1556222222,0
801,8284,1552893606,0
801,4406,1552893606,0
801,2280,1552893606,0
801,1472,1552893606,0
801,13988,1556121765,0
801,9716,1556121765,1
801,5962,1556121765,0
802,19686,1556104775,-1
802,18126,1556104775,0
802,37108,1556104775,0
802,5230,1556104775,-1
802,11825,1556104775,-1
802,27097,1556104775,0
802,11730,1556104775,0
802,19461,1556104775,-1
802,16569,1556104775,-1
802,14946,1556104775,1
802,9390,1556104775,0
802,2329,1556104775,-1
802,26858,1556104775,-1
802,26765,1556104775,-1
802,30918,1556104775,0
802,31480,1556104775,0
802,33875,1556104775,-1
802,2143,1556104775,-1
802,8805,1556104775,0
802,8556,1556104775,0
802,1231,1556104775,-1
802,18110,1556104775,0
802,18950,1556104775,-1
802,271,1556104775,-1
802,23725,1556104775,-1
802,19690,1556104775,-1
802,8620,1556104775,-1
802,16330,1556104775,0
802,10163,1556104775,0
802,27477,1556104775,-1
802,20164,1556104775,0
802,33020,1556104775,0
802,21240,1556104775,-1
802,35079,1556104775,0
802,500,1556104775,0
802,33020,1556104775,1
802,12055,1556104775,1
806,9811,1555945393,0
806,8250,1555945393,0
806,27834,1555945393,0
806,22530,1555945393,0
806,533,1555945393,0
806,19617,1555945393,0
806,19091,1555945393,0
806,599,1555945393,0
813,35587,1555933259,0
819,464,1555503110,0
819,5291,1555503110,0
819,6996,1555503110,0
819,4783,1555503110,0
819,33524,1555503110,0
819,11995,1555503110,0
819,19496,1555503110,0
819,9612,1555503110,-1
819,16035,1555503110,-1
819,5542,1555503110,0
819,23932,1555503110,0
819,25934,1555503110,0
819,20384,1555503110,0
819,15493,1555503110,0
819,1834,1555503110,0
819,27464,1555503110,0
819,740,1555503110,0
819,13658,1555503110,1
819,27400,1555503110,0
819,31419,1555503110,0
819,22656,1555503110,0
819,25798,1555503110,1
819,8637,1555503110,-1
819,26894,1555503110,0
819,28836,1555503110,0
819,7696,1555503110,0
819,12279,1555503110,1
819,4019,1555503110,-1
819,21026,1555503110,-1
819,13703,1555503110,-1
819,4537,1555503110,0
819,4225,1555503110,0
819,425,1555503110,1
819,28590,1555503110,0
819,6922,1555503110,0
819,26204,1555503110,0
819,26890,1555503110,0
819,16101,1555503110,0
819,11005,1555503110,-1
819,19343,1555503110,0
819,8692,1555503110,1
819,28082,1555503110,0
819,4192,1555503110,0
819,27636,1555503110,-1
819,27544,1555503110,0
819,19977,1555503110,0
819,34690,1555503110,1
819,18915,1555503110,0
819,27282,1555503110,0
819,30850,1555503110,0
819,7824,1555503110,1
819,14213,1555503110,0
819,10555,1555503110,0
819,9450,1555503110,0
819,13845,1555503110,-1
819,10868,1555503110,-1
819,17061,1555503110,0
819,22632,1555503110,1
819,37110,1555503110,1
819,9337,1555503110,0
822,525,1555316760,-1
822,37398,1555316760,0
822,15932,1555316760,0
822,9663,1555316760,0
822,21225,1555316760,0
822,2044,1555316760,0
829,23081,1554996274,0
829,17270,1554996274,0
829,36904,1554996274,0
829,4021,1554996274,0
829,27800,1554996274,0
829,11855,1554996274,0
829,26100,1554996274,0
829,12394,1554996274,0
829,12232,1554996274,0
829,23251,1554996274,0
829,28357,1554996274,0
830,19652,1554733215,1
830,30114,1554733215,0
830,23905,1554733313,0
830,37057,1554733313,0
830,5956,1554733313,0
830,23096,1554794080,0
830,9265,1554794080,1
830,48,1554794368,1
830,9411,1554794567,0
830,17157,1554794567,0
830,1846,1554794567,0
830,22596,1554801031,0
830,3916,1554801031,0
830,9553,1554801031,0
830,13352,1554801031,0
830,2612,1554801031,1
830,16092,1554801031,1
830,26799,1554801031,0
830,16312,1554801032,0
830,1801,1554812743,1
830,24898,1554890321,1
830,12635,1554892697,0
830,8728,1554892697,0
830,22268,1554892697,1
830,22438,1554893217,1
830,31846,1554893796,1
830,31254,1554894131,0
830,1254,1554903262,1
830,4102,1554907936,1
830,8315,1554907936,1
830,19816,1554908071,0
830,5373,1554908071,0
830,23246,1554964113,1
830,24472,1554964489,0
830,9393,1554964489,0
830,4133,1554964996,1
830,22914,1554965057,0
830,11347,1554965956,1
830,10410,1554966471,0
830,156,1554969587,1
830,4846,1554974892,1
830,22196,1554976609,1
830,31757,1554976609,0
830,13964,1554976609,0
830,28017,1554976609,0
830,22200,1554976610,0
831,7163,1554876363,0
831,9822,1554876363,0
831,16527,1554876363,0
831,7632,1554876363,0
831,27609,1554876363,0
831,36374,1554876363,0
831,18690,1554876363,0
831,21918,1554876363,1
831,16171,1554877625,-1
831,16167,1554877625,0
831,14905,1554877625,0
831,11398,1554877625,0
831,8570,1554877625,0
831,33410,1554877625,0
831,5052,1554877625,0
831,12809,1554877625,0
831,28642,1554880756,0
831,12208,1554880756,0
831,8233,1554880756,-1
831,20870,1554880756,0
831,30131,1554880756,0
831,28472,1554880756,0
831,22666,1554880756,0
831,21339,1554880756,0
831,27538,1554880756,0
831,14575,1554880756,-1
831,3961,1554880756,0
831,8301,1554880756,0
831,37137,1554880756,0
831,5641,1554880756,0
831,16045,1554880756,0
831,11073,1554880756,-1
831,4091,1554880756,0
831,27694,1554880756,0
831,12494,1554880756,0
831,30034,1554880756,0
831,8953,1554880756,0
831,21613,1554880756,0
831,16420,1554882012,0
831,5060,1554882012,0
831,8037,1554882012,0
831,8695,1554882012,0
831,14512,1554975583,0
831,9223,1554975583,-1
839,20922,1554714574,-1
842,26613,1554437411,0
842,36415,1554541346,0
847,20999,1554188540,1
849,35335,1553894321,0
849,4109,1553894321,1
849,32172,1553894321,1
849,26285,1553894321,0
849,2924,1553894321,-1
849,4528,1553894321,-1
849,27856,1553894321,0
849,18128,1553894321,0
849,15220,1553894321,0
849,14140,1553894321,1
849,13899,1553894321,0
849,22696,1553894321,-1
849,4000,1553894321,0
849,12153,1553894321,0
849,6521,1553894321,0
849,23268,1553894321,0
849,26966,1553894321,0
849,27867,1553894321,0
849,12544,1553894321,0
849,6209,1553894321,0
853,7764,1553848700,0
853,27686,1553848844,0
853,21930,1553849078,-1
855,7091,1553776177,1
856,16474,1553770076,1
856,15833,1553770076,1
856,18502,1553770076,1
856,37457,1553770076,1
856,20007,1553773488,0
856,24396,1553773488,-1
856,35047,1553773488,1
856,21094,1553773488,-1
856,4404,1553773488,0
859,6949,1553600745,0
859,36604,1553600745,1
859,2061,1553600745,0
859,11752,1553600745,0
859,1079,1553600745,0
864,8506,1553507155,0
864,9799,1553507155,0
864,4706,1553507155,0
865,15352,1553419930,1
865,10658,1553419930,0
865,12582,1553419930,0
865,35027,1553419930,0
873,24164,1553091850,1
873,416,1553091850,1
873,11338,1553091850,1
873,33686,1553091850,1
873,8904,1553092012,0
880,26817,1552987657,1
880,33337,1552987657,0
881,12752,1552920500,0
888,25787,1534859348,1
899,14326,1552397902,0
905,28609,1552298879,1
905,28710,1552298879,0
905,10348,1552298879,0
905,23187,1552298879,0
905,2289,1552298879,0
905,8310,1552298879,0
905,18370,1552298879,0
905,15729,1552298879,0
905,18248,1552298879,1
905,14405,1552298879,0
905,1956,1552298879,1
905,107,1552298879,0
905,32105,1552298879,0
905,27754,1552298879,1
909,15387,1552023688,0
909,18776,1552023688,0
909,1625,1552023688,1
909,33060,1552023688,0
909,8363,1552023688,0
909,35685,1552023689,0
909,10312,1552023689,0
909,2068,1552023689,-1
909,28400,1552023689,0
909,26701,1552023689,0
909,8028,1552023689,1
909,27532,1552023689,0
909,15542,1552023689,0
909,20998,1552023689,0
909,23861,1552023689,0
909,16162,1552023689,0
909,6685,1552023689,0
909,9522,1552023689,0
909,8665,1552025860,0
909,18822,1552025860,0
909,34082,1552025860,0
909,37080,1552025860,0
909,5459,1552025860,0
909,734,1552025860,0
909,4870,1552025860,1
909,13546,1552030011,0
909,37072,1552030011,1
909,27581,1552030011,0
909,9493,1552030011,0
909,12640,1552036673,1
909,5943,1552036673,0
909,25182,1552037573,1
909,30246,1552037573,-1
909,11406,1552039604,0
914,17413,1551967256,0
924,26680,1551349551,0
924,4659,1551349551,1
924,8389,1551349551,-1
924,25821,1551349551,0
924,13841,1551349551,0
924,22262,1551349551,-1
924,18918,1551349551,1
924,2866,1551349551,1
924,26434,1551349551,-1
924,28257,1551354339,1
924,15238,1551354339,1
924,21808,1551354339,1
924,15932,1551355142,-1
924,31572,1551359412,1
924,26685,1551359412,0
924,36904,1551425862,0
924,2667,1551681701,1
924,7051,1551681701,0
924,25683,1551681701,0
924,7707,1551681701,0
924,4993,1551681701,0
927,6947,1551361075,0
927,6642,1551361075,0
927,24836,1551361075,0
927,30865,1551361075,0
927,5383,1551361075,0
927,27978,1551361075,0
927,27357,1551361075,0
951,27477,1550388345,1
951,16236,1550388945,0
951,8442,1550388945,0
958,28097,1550128562,0
958,635,1550128562,0
958,31202,1550128562,0
958,26538,1550128562,0
958,1623,1550128562,0
958,2039,1550128562,0
958,27683,1550128562,0
958,18373,1550128562,0
958,7651,1550128562,0
959,6307,1550119479,0
959,13456,1550119479,0
965,6099,1550040622,1
966,22739,1549910857,0
966,9047,1549910857,0
966,25958,1549910857,0
966,33642,1549910857,0
966,33632,1549910857,0
966,16466,1549910857,0
966,26011,1549910857,0
966,28101,1549910857,0
966,4346,1549911461,-1
966,10458,1549911461,-1
966,18673,1550038320,0
966,6653,1550038320,0
969,18419,1549973739,0
969,28069,1549973739,0
971,28710,1549965717,-1
971,7090,1549965717,-1
971,11094,1549965717,0
971,5063,1549965717,-1
971,15680,1549965717,-1
971,36612,1549965717,1
971,30976,1549965717,-1
971,8440,1549965717,1
971,14848,1549965717,1
971,22945,1549965717,-1
971,18524,1549965717,1
971,36467,1549965717,0
971,7388,1549965717,0
971,28178,1549965717,0
971,6204,1549965717,1
971,4257,1549965717,-1
972,8895,1549879447,0
977,5496,1549524023,0
987,27911,1549291542,0
1004,14305,1548168986,0
1004,7059,1548404516,0
1006,2022,1548273403,1
1007,16768,1548272246,1
1007,5812,1548272246,0
1007,19501,1548272246,0
1007,8230,1548272246,0
1007,14284,1548272246,-1
1007,12590,1548272246,0
1007,33429,1548272246,1
1017,13819,1548175016,0
1017,23001,1548175016,0
1017,8222,1548175016,1
1017,10466,1548175016,0
1017,4390,1548175016,0
1017,7520,1548175016,-1
1021,22950,1547819809,0
1021,12652,1547819809,0
1021,24232,1547819809,0
1021,9853,1547819809,0
1021,8986,1547819809,0
1021,21988,1547819809,0
1021,13316,1547819809,0
1021,12010,1547819809,0
1021,27493,1547819809,1
1021,35844,1547819809,0
1021,5614,1547819809,0
1021,22245,1547819809,0
1021,36971,1547819809,0
1021,21818,1547819809,0
1021,23458,1547819809,0
1021,21791,1547819809,0
1021,12257,1547819809,-1
1021,5160,1547819809,0
1021,27220,1547819809,0
1021,16859,1547819809,-1
1022,31476,1547818875,0
1024,24536,1547804199,0
1035,27678,1547545214,0
1036,21696,1547541816,0
1039,5088,1547211423,0
1049,4099,1546934815,1
1049,651,1546934815,0
1049,7515,1546934815,0
1049,16044,1546934815,1
1053,37262,1546432869,0
1053,24956,1546432869,0
1064,8842,1545388498,0
1064,35522,1545388498,0
1064,14067,1545388498,1
1064,31625,1545388498,1
1064,10713,1545388498,0
1064,23075,1545388498,0
1064,12873,1545388498,0
1071,12004,1545204040,0
1071,7912,1545204051,0
1071,10156,1545204061,0
1071,24317,1545204424,0
1071,20849,1545204562,0
1071,30227,1545204562,0
1072,11937,1545122444,0
1072,22820,1545122444,0
1072,37182,1545122444,0
1072,28679,1545122444,0
1076,20965,1544809157,0
1076,17820,1544809157,0
1076,22225,1544809157,0
1108,1575,1543569464,0
1118,1165,1541500975,0
1118,16462,1541500975,0
1118,5821,1541500975,0
1118,24751,1541500975,0
1118,33777,1541500975,0
1118,16863,1541500975,0
1118,1046,1541500975,0
1118,21544,1541500975,0
1118,1717,1541500975,0
1118,12245,1541500975,0
1118,12137,1541500975,-1
1118,2297,1541500975,0
1119,7677,1541421705,1
1120,6715,1541168222,1
1125,27762,1540457018,0
1130,24093,1540187096,0
1130,10498,1540187096,0
1130,10703,1540187096,0
1130,12549,1540187096,0
1130,27824,1540187096,0
1130,16861,1540187096,0
1130,12876,1540187096,0
1130,22083,1540187096,-1
1130,15868,1540187096,0
1130,19449,1540187096,-1
1130,30231,1540187096,0
1130,24238,1540187096,0
1130,19346,1540187096,0
1130,6859,1540187096,0
1130,33932,1540187096,-1
1130,19396,1540187096,0
1130,27193,1540187096,0
1130,15869,1540187096,0
1130,2686,1540187096,0
1130,11966,1540187096,0
1130,36556,1540187096,0
1130,23254,1540187096,0
1130,27973,1540187096,0
1130,26523,1540187096,0
1130,11957,1540187096,0
1130,6822,1540187096,0
1130,13038,1540187096,0
1130,35395,1540187096,0
1130,19016,1540187096,0
1130,7742,1540187096,0
1130,31989,1540187096,0
1130,7369,1540187096,0
1130,32740,1540187096,0
1130,9822,1540187096,0
1130,8134,1540187096,0
1130,4067,1540187096,0
1130,12743,1540187096,1
1130,3976,1540187096,0
1130,33790,1540187096,0
1130,33387,1540187096,0
1130,11838,1540187096,0
1130,13481,1540187096,0
1130,24781,1540187096,0
1130,9258,1540187096,0
1130,14937,1540187096,0
1130,7264,1540187096,0
1130,11813,1540187096,0
1130,33517,1540187096,0
1130,6628,1540187096,0
1130,34158,1540187096,0
1130,32226,1540187096,0
1130,23793,1540187096,0
1130,18893,1540187096,0
1130,4001,1540187096,0
1130,7981,1540187096,0
1130,6805,1540187096,0
1130,32902,1540187096,0
1130,3020,1540187096,0
1130,33671,1540187096,0
1130,22464,1540187096,0
1131,8463,1540108161,0
1131,21541,1540108161,0
1131,4232,1540108161,0
1131,22241,1540108161,0
1131,2124,1540108161,0
1131,33438,1540108161,0
1131,8986,1540108161,0
1131,17511,1540108161,0
1131,1839,1540108161,0
1131,31852,1540108161,0
1131,13499,1540108161,0
1131,22884,1540108161,0
1131,10774,1540108161,0
1131,18072,1540108161,0
1131,8557,1540108161,0
1131,6718,1540108161,0
1131,37156,1540108161,0
1131,21714,1540108161,0
1131,8637,1540108161,0
1131,1520,1540108161,0
1131,19117,1540108161,0
1131,10215,1540108161,0
1131,22320,1540108161,0
1131,36897,1540108161,0
1131,33514,1540108161,0
1131,35462,1540108161,0
1131,14315,1540108161,0
1131,11072,1540108161,0
1131,20413,1540108161,0
1131,23858,1540108161,0
1131,37358,1540108161,0
1131,32659,1540108161,0
1131,16225,1540108161,0
1131,31089,1540108161,0
1131,32560,1540108161,0
1131,13739,1540108161,0
1131,33189,1540108161,0
1131,24532,1540108161,0
1131,9699,1540108161,0
1131,7803,1540108161,0
1131,13058,1540108161,0
1131,4985,1540108161,0
1131,7177,1540108161,0
1131,17399,1540108161,0
1131,8392,1540108161,0
1131,19461,1540108161,0
1131,7927,1540108161,0
1131,13066,1540108161,0
1131,10054,1540108161,0
1131,6616,1540108161,0
1131,2131,1540108161,0
1131,5789,1540108161,0
1131,22913,1540108161,0
1131,12682,1540108161,0
1131,14227,1540108161,0
1131,14893,1540108161,0
1131,23356,1540108161,0
1131,15200,1540108161,0
1131,22349,1540108161,0
1131,489,1540108161,0
1139,25652,1539797350,0
1139,33425,1539891124,-1
1139,20839,1539891124,0
1139,25719,1539891124,0
1139,9529,1539891124,0
1139,3892,1539891124,0
1139,4446,1539891124,0
1139,26162,1539891124,-1
1139,23046,1539891124,-1
1139,16186,1539891124,0
1139,20080,1539891124,-1
1139,28454,1539891124,0
1139,14783,1539891124,0
1139,2337,1539891124,1
1148,17752,1539047067,0
1148,12664,1539047067,0
1151,2195,1538768076,0
1151,15781,1538768076,0
1151,15670,1538768076,1
1151,27378,1538823640,0
1155,35813,1538727068,0
1158,4971,1538548280,-1
1158,18030,1538548280,-1
1158,8312,1538548280,0
1166,7134,1538392717,0
1167,17441,1538209871,0
1167,6890,1538209871,0
1167,10816,1538209871,0
1167,437,1538209871,0
1167,25996,1538209871,0
1167,19379,1538209871,0
1167,1045,1538209871,0
1167,18015,1538238093,0
1175,9367,1537696635,1
1175,13845,1537696635,1
1181,15171,1537276637,1
1181,14148,1537276637,1
1190,16214,1534496950,-1
1190,35993,1534496950,1
1190,20855,1536420929,1
1196,1785,1536149440,0
1197,19846,1536142116,0
1197,37242,1536142116,0
1197,13162,1536142116,0
1197,15887,1536142116,0
1201,6186,1536071791,1
1201,31055,1536071791,0
1201,35036,1536071791,-1
1205,26432,1535969451,0
1239,35051,1533891822,0
1239,6830,1533891822,1
1239,24312,1533892543,0
1240,24368,1532072563,-1
1240,9495,1531910376,0
1240,28527,1531921124,0
1240,17407,1532017746,0
1240,2165,1531910376,0
1240,13606,1531921124,0
1240,13055,1531910376,0
1240,14082,1531921124,0
1240,23205,1531910376,0
1240,8583,1531910376,0
1240,34272,1531921124,0
1240,33125,1531910376,0
1240,23508,1531910376,0
1240,475,1531910376,0
1240,35455,1531921124,0
1240,14176,1531910376,0
1240,32826,1531910376,0
1240,23881,1533888081,0
1240,20202,1531910376,1
1240,33404,1532008155,1
1240,1251,1531910376,0
1240,17442,1531910376,0
1240,16025,1531910376,0
1240,28200,1531921124,0
1240,9438,1531910376,0
1240,31454,1531910376,0
1240,18950,1531923630,0
1240,31728,1531921124,0
1240,23043,1531910376,0
1240,30062,1531910376,0
1240,20909,1531910376,0
1240,22948,1532008155,0
1240,14485,1531921124,0
1240,1188,1531910376,0
1240,18173,1531910376,0
1240,6582,1531910376,0
1240,26704,1531910376,0
1240,36091,1531921124,0
1240,14854,1531910376,0
1240,10587,1531910376,0
1240,9663,1531910376,0
1240,17471,1531910376,0
1240,2867,1531921124,1
1240,22473,1532008155,0
1240,6455,1531921124,0
1240,36603,1531910376,0
1240,26504,1531910376,0
1240,12740,1531910376,0
1240,22685,1531910376,0
1240,36918,1531910376,0
1240,24703,1531910376,0
1240,9387,1531910376,0
1240,9808,1531921124,0
1240,21478,1531921124,0
1240,8068,1531910376,0
1240,15905,1531910376,0
1240,1974,1531921124,0
1240,11126,1531910376,0
1240,5659,1531910376,0
1240,13812,1531923630,0
1258,5209,1532706286,0
1258,1903,1532706286,0
1258,12838,1532706286,1
1258,19633,1532706286,0
1258,27964,1532706286,0
1258,12639,1532706286,0
1258,27581,1532706286,0
1258,23241,1532706286,0
1258,21342,1532706286,0
1258,19830,1532706286,0
1258,262,1532727961,0
1258,16868,1532727961,0
1258,19008,1532727961,0
1258,14054,1532727961,0
1258,15829,1532727961,0
1258,5886,1532727961,0
1258,23935,1532727961,0
1260,12490,1532620952,0
1260,37248,1532620952,0
1260,15120,1532620952,0
1260,20875,1532620952,0
1260,12957,1532621613,0
1260,22738,1532620952,0
1260,12207,1532620952,0
1260,3050,1532621595,1
1260,28576,1532620952,-1
1260,22359,1532620952,0
1260,33056,1532620952,0
1260,12546,1532620952,0
1260,8568,1532621595,1
1260,17007,1532620952,1
1260,5599,1532620952,0
1260,10291,1532620952,0
1260,13201,1532620952,0
1260,32929,1532620952,0
1260,11987,1532621595,0
1260,30756,1532620952,1
1260,7599,1532621595,0
1260,5698,1532620952,0
1260,2236,1532621595,0
1260,27746,1532621618,-1
1260,27951,1532620952,0
1260,10601,1532620952,0
1260,6753,1532620952,0
1260,15225,1532620952,0
1260,5137,1532621613,-1
1260,13430,1532620952,0
1260,35260,1532620952,0
1260,15331,1532620952,0
1260,8562,1532621595,1
1260,11913,1532620952,0
1260,15173,1532620952,0
1260,7651,1532620952,0
1260,8436,1532620952,0
1260,6594,1532621613,0
1260,12681,1532621595,0
1260,6217,1532620952,0
1260,20989,1532620952,0
1260,15853,1532620952,0
1260,6058,1532620952,0
1260,20598,1532621613,-1
1260,3981,1532620952,0
1260,7764,1532621595,0
1260,7579,1532621595,0
1260,35367,1532620952,0
1260,10470,1532620952,0
1260,5463,1532621613,-1
1260,30349,1532621613,1
1260,14439,1532620952,0
1260,1303,1532620952,0
1260,35464,1532620952,0
1260,17432,1532620952,0
1260,4112,1532620952,0
1260,32056,1532621595,1
1260,24111,1532620952,0
1260,23018,1532620952,0
1260,8997,1532621595,0
1266,347,1532434813,0
1267,12265,1532430683,1
1267,24268,1532430683,1
1267,14050,1532430683,1
1274,12348,1532003978,0
1274,9736,1532003978,0
1274,8542,1532003978,0
1274,13504,1532080770,-1
1274,24565,1532086029,1
1274,10612,1532093448,0
1276,5262,1532005536,0
1276,16450,1532005536,0
1276,27624,1532005536,1
1276,27065,1532005536,0
1276,21159,1532005536,0
1276,20749,1532005536,0
1276,19991,1532005536,0
1276,35409,1532005536,0
1276,22042,1532005536,0
1276,15819,1532005536,0
1276,10077,1532005536,0
1276,28585,1532005536,0
1276,31135,1532005536,0
1276,13909,1532005536,0
1276,15783,1532005536,0
1276,13986,1532005536,0
1276,5913,1532005536,0
1276,26870,1532005536,0
1279,6601,1531918621,1
1279,16864,1531918621,1
1281,25761,1531912995,0
1285,7954,1531314584,0
1285,27886,1531314584,0
1285,33359,1531769439,0
1294,6223,1525689100,1
1294,28197,1525689100,0
1294,28266,1531460422,-1
1299,17282,1531293869,1
1299,27552,1531293869,0
1299,27480,1531294222,0
1299,24731,1531294222,0
1299,12699,1531294561,0
1299,19075,1531294561,1
1313,9766,1530792480,0
1313,30302,1530792480,0
1313,30289,1530792543,0
1317,34420,1530628706,1
1322,13509,1529417378,0
1322,35338,1529498729,0
1322,13490,1530251787,1
1333,13419,1529923498,1
1333,29653,1529923498,1
1336,32975,1528290977,0
1336,8748,1528290977,0
1336,26228,1528290977,0
1336,21262,1528290977,0
1336,16776,1528290977,0
1336,27868,1528290977,0
1336,36889,1528290977,0
1336,22495,1528290977,0
1336,13792,1528295342,1
1336,15989,1528297072,0
1336,6720,1529404802,0
1336,10108,1529404802,0
1336,17949,1529404802,0
1337,5133,1528757269,0
1337,21661,1528757269,0
1337,233,1528757269,0
1337,6234,1528757269,-1
1337,16900,1528757269,0
1337,8796,1528757269,0
1337,9412,1528757269,0
1337,11952,1528757269,0
1337,27922,1529332032,0
1337,21063,1529332032,0
1347,18114,1528868033,0
1347,33549,1528868033,0
1347,10066,1528868444,0
1347,27769,1528868444,0
1353,4127,1528476588,0
1353,13565,1528476588,-1
1353,28488,1528476588,0
1364,24751,1528030669,1
1364,24589,1528030669,0
1364,27171,1528030669,0
1364,22913,1528030669,0
1368,13529,1527674663,1
1368,28617,1527674663,0
1368,34208,1527674663,1
1368,10727,1527674663,1
1368,8042,1527674663,0
1368,13540,1527674663,0
1368,13143,1527674663,0
1368,4752,1527674664,-1
1368,21120,1527674664,0
1368,15159,1527674664,-1
1368,15860,1527674664,0
1368,6115,1527674664,0
1368,2790,1527674664,0
1368,13766,1527674664,0
1368,7021,1527674664,1
1368,27933,1527674664,0
1368,30237,1527674664,0
1368,27016,1527674664,0
1368,35452,1527674664,0
1371,36049,1527674662,1
1384,8067,1526890332,-1
1384,9704,1526890332,0
1384,33502,1526890332,0
1385,19131,1526601610,1
1385,24696,1526601610,0
1385,13674,1526601610,1
1385,5305,1526601610,1
1385,16855,1526601610,1
1386,30808,1526549251,0
1386,30680,1526549250,0
1386,13544,1526549250,0
1386,8004,1526549250,0
1386,7950,1526549250,0
1386,18500,1526549250,0
1386,16776,1526549250,0
1386,27042,1526549250,0
1386,20362,1526549251,0
1386,9145,1526549251,0
1386,7511,1526549251,0
1386,12516,1526549251,0
1386,7023,1526549250,0
1386,18854,1526549251,0
1386,4238,1526549251,1
1386,9053,1526549250,0
1386,2819,1526549251,0
1386,26923,1526549251,0
1386,4486,1526549251,0
1386,32227,1526549250,0
1386,27562,1526549250,0
1386,9813,1526549250,0
1386,10913,1526549251,0
1386,18710,1526549250,0
1386,3924,1526549251,0
1386,10819,1526549250,0
1386,22623,1526549251,0
1386,16484,1526549251,-1
1386,30901,1526549251,0
1386,27296,1526549250,0
1386,7385,1526549251,0
1386,13099,1526549251,-1
1386,20430,1526549251,0
1386,15830,1526549251,-1
1386,34106,1526549250,0
1386,22474,1526549251,-1
1386,9876,1526549251,0
1386,16427,1526549250,0
1386,9224,1526549250,0
1386,10421,1526549250,0
1386,22941,1526549250,0
1386,30713,1526549251,0
1386,1235,1526549251,0
1386,35074,1526549251,0
1386,19515,1526549251,0
1386,6309,1526549251,0
1386,8029,1526549251,1
1386,28012,1526549251,0
1386,34267,1526549250,0
1386,6767,1526549250,0
1386,33880,1526549251,0
1386,325,1526549251,0
1386,10449,1526549250,0
1386,31408,1526549251,0
1386,32406,1526549250,0
1386,28202,1526549250,0
1386,8047,1526549251,0
1386,9825,1526549251,-1
1386,21604,1526549251,-1
1386,20473,1526549251,0
1388,37529,1526464574,0
1388,27030,1526464574,0
1388,8932,1526464715,0
1388,13428,1526464772,0
1392,13087,1526384589,1
1392,30716,1526384589,0
1392,35549,1526384589,0
1392,2469,1526384589,1
1392,8931,1526384589,1
1392,5620,1526384589,1
1392,27677,1526385010,0
1400,12341,1525873089,0
1405,23853,1525674219,1
1405,7037,1525674219,0
1405,15856,1525674219,1
1405,25687,1525674219,0
1413,21052,1524748339,0
1413,17603,1524748339,1
1418,25801,1524122598,0
1436,24181,1523538813,1
1436,22456,1523538813,0
1436,16783,1523538813,0
1442,18219,1523434408,0
1442,21949,1523434408,0
1442,28680,1523434408,1
1442,16956,1523434408,1
1457,13581,1521816266,1
1457,12774,1521816266,0
1457,34406,1521816266,0
1457,24045,1521816266,0
1457,17095,1521816274,1
1457,28133,1521816274,1
1457,35594,1521816274,0
1457,9526,1521816274,0
1457,27770,1521816280,0
1457,33358,1521816280,-1
1457,31010,1521816280,0
1457,28000,1521816280,-1
1457,17860,1521816280,0
1457,6155,1521816280,0
1457,14552,1521816280,0
1457,6791,1521816280,0
1457,26848,1521816280,1
1457,31162,1521816280,0
1457,12626,1521816280,0
1457,28607,1521816280,0
1457,24277,1521816280,0
1457,21602,1521816280,0
1457,12838,1521816280,0
1457,9101,1521816280,0
1457,4825,1521816280,0
1457,17064,1521816280,0
1457,16116,1521816280,0
1457,16850,1521816286,0
1457,32924,1521816286,1
1457,27077,1521816286,0
1457,20322,1521816867,0
1457,26638,1521816867,0
1457,21120,1521816867,0
1457,10746,1521816867,0
1457,19768,1521816867,0
1457,5138,1521816867,-1
1457,17159,1521978682,1
1457,15995,1522050772,0
1474,7266,1521530280,1
1474,27185,1521530280,1
1474,34432,1521530280,1
1474,7091,1521530280,1
1474,21664,1521530280,1
1474,22013,1521530281,1
1474,7872,1521530281,1
1474,5627,1521530281,1
1474,23956,1521530281,1
1474,32194,1521530281,1
1474,1808,1521530281,1
1474,16461,1521530281,1
1474,17519,1521530281,1
1474,9800,1521530281,1
1476,81,1521466146,1
1476,5683,1521466146,1
1480,4363,1521292051,0
1486,19390,1520674832,0
1486,15866,1520674832,1
1486,4173,1520674832,1
1486,28049,1520866188,1
1486,27460,1520866188,1
1488,6659,1520499997,0
1488,28659,1520500960,1
1488,22239,1520500960,-1
1488,17127,1520500960,0
1488,37685,1520500960,0
1488,12582,1520501308,0
1488,4925,1520501308,0
1488,36035,1520501308,0
1488,1194,1520501308,0
1488,6856,1520505901,0
1488,20856,1520505901,0
1488,2886,1520505901,0
1488,36675,1520505901,1
1488,12261,1520505901,0
1488,35212,1520594175,0
1488,12262,1520594175,1
1488,5690,1520594175,1
1488,202,1520672951,0
1488,19646,1520672951,1
1488,16242,1520672951,1
1493,31958,1520437429,0
1493,16270,1520437429,0
1493,1576,1520437429,0
1493,37528,1520437429,1
1493,5604,1520437429,0
1493,15411,1520437429,0
1493,18765,1520494486,0
1495,15817,1520448382,1
1502,22228,1520263875,1
1502,37156,1520263875,1
1502,27756,1520263875,1
1502,23198,1520263875,1
1519,24877,1519738664,1
1519,36803,1519738664,1
1520,35828,1519735741,0
1520,24273,1519735741,0
1520,16049,1519735741,1
1521,12856,1519732831,1
1525,28463,1519649755,1
1535,385,1519051007,-1
1549,25168,1518532045,1
1549,16170,1518532203,0
1553,27942,1518443540,0
1553,640,1518443540,1
1553,23472,1518443540,1
1553,19967,1518443540,0
1554,8854,1518352442,1
1554,31260,1518352442,1
1556,28169,1518264301,0
1556,37260,1518264301,1
1556,12701,1518264301,1
1564,23270,1518079045,0
1564,247,1518079045,0
1564,117,1518079045,0
1567,36340,1517992694,0
1567,27358,1517992694,0
1567,3969,1517992694,0
1567,9566,1517992890,0
1567,16222,1517992890,0
1567,18989,1517992890,0
1567,26722,1517993391,0
1567,34549,1517993391,0
1567,249,1517993391,0
1567,31347,1517993391,0
1567,28478,1517993391,0
1567,19473,1517994025,0
1567,36521,1517994025,0
1567,28767,1517994025,0
1567,7580,1517994633,0
1567,31571,1517994633,-1
1567,9610,1517994633,0
1567,33578,1517994633,0
1567,31634,1517994880,0
1567,31333,1517994880,-1
1567,6579,1517994880,0
1567,12147,1517995079,-1
1567,13367,1517995079,0
1567,34465,1517995079,0
1567,13987,1517995079,0
1567,21276,1517995935,0
1567,10290,1517995935,-1
1567,6592,1517995935,0
1567,30986,1517995935,0
1567,32124,1517996299,0
1567,35492,1517996299,-1
1567,284,1517996299,0
1567,9615,1517996299,-1
1584,37429,1517307033,1
1584,9332,1517307033,0
1584,12888,1517307033,1
1584,4687,1517307033,1
1585,16567,1517301566,1
1585,35315,1517301571,0
1586,23711,1517266680,1
1586,13033,1517266680,0
1586,6324,1517266680,0
1586,5596,1517266680,0
1586,14131,1517266680,0
1586,16696,1517266680,0
1586,9685,1517266680,0
1586,29715,1517266680,0
1586,18712,1517266680,0
1586,26546,1517266680,0
1586,34447,1517266680,0
1586,1166,1517266680,0
1586,30692,1517266680,0
1587,26427,1517245483,0
1587,24951,1517245483,-1
1587,24902,1517245483,0
1587,7924,1517245483,0
1589,35632,1517222798,0
1589,1192,1517222798,0
1590,11126,1517220367,0
1590,6491,1517220367,1
1590,22109,1517220367,1
1590,12801,1517220367,0
1590,6228,1517221483,1
1590,7037,1517221483,0
1590,16547,1517221483,0
1590,13884,1517221483,0
1590,16702,1517222207,0
1590,6154,1517222207,0
1590,34028,1517222207,1
1590,9198,1517222207,1
1590,32534,1517222680,0
1590,16838,1517222680,0
1590,14026,1517222680,0
1590,28014,1517222680,1
1597,32450,1516949042,-1
1597,27196,1516949042,0
1597,33383,1516949042,0
1597,21962,1516950103,0
1597,21871,1516950103,0
1609,37304,1516700787,-1
1609,15121,1516700787,-1
1615,6370,1516359021,1
1615,8370,1516359021,0
1615,13083,1516359021,0
1615,19009,1516359021,0
1615,4306,1516368013,0
1615,69,1516368411,0
1615,14883,1516368411,0
1615,12726,1516368411,-1
1615,22497,1516368411,-1
1626,11907,1516184134,0
1626,1015,1516184134,1
1626,33386,1516184134,0
1626,140,1516184134,0
1628,16417,1516119682,1
1628,5286,1516119682,1
1628,19612,1516177172,0
1641,20469,1515764832,1
1641,28345,1515765000,0
1648,8728,1503382762,0
1648,25013,1503382762,0
1648,4663,1503382762,0
1648,34107,1515659746,0
1648,13552,1515659746,1
1648,1793,1515659746,0
1648,28806,1515659746,1
1648,13281,1515659746,0
1648,28175,1515659746,0
1648,28130,1515659769,0
1649,24824,1513528548,1
1649,21790,1513528548,0
1649,9581,1515595388,1
1650,12366,1515592830,0
1650,36342,1515592830,0
1650,9951,1515592830,0
1654,6683,1515500239,0
1654,13156,1515500239,0
1654,30266,1515500239,0
1654,13376,1515500239,1
1654,8251,1515501797,1
1654,15196,1515533434,0
1654,35035,1515573155,1
1654,19108,1515573155,-1
1654,20358,1515573155,0
1660,26021,1515080311,1
1660,7323,1515080311,0
1660,246,1515080311,0
1661,21109,1515056941,1
1661,6592,1515057581,0
1661,10308,1515059012,1
1661,206,1515061701,0
1674,10743,1513838656,0
1675,19020,1513779503,0
1675,21917,1513779503,0
1675,23030,1513779503,0
1680,31553,1513601019,0
1680,1932,1513601019,0
1683,21592,1513331520,1
1686,13240,1513243724,1
1693,20691,1512655542,1
1693,5457,1512655542,-1
1693,20850,1512655542,1
1693,25776,1512655543,1
1712,24672,1511512144,1
1712,8109,1511512144,1
1735,32919,1510301416,0
1735,19930,1510301416,0
1735,27476,1510301416,0
1735,22047,1510301416,0
1735,31762,1510301416,0
1742,13737,1509786856,0
1749,8331,1509650356,0
1751,12404,1509646363,1
1751,28195,1509646363,0
1751,26125,1509646363,1
1751,5774,1509646363,0
1751,6233,1509646363,0
1751,4666,1509646363,0
1755,4361,1509563091,0
1758,29648,1509540222,0
1765,3974,1509403510,1
1765,673,1509403510,1
1765,16964,1509403510,0
1765,34323,1509403510,1
1765,5455,1509403510,0
1769,13090,1509177273,1
1769,16237,1509177273,1
1769,28545,1509178242,0
1769,12480,1509178242,0
1778,11742,1508488554,0
1778,18088,1508488554,1
1778,23093,1508488554,0
1778,22627,1508488554,0
1778,23248,1508488554,0
1778,33221,1509047754,-1
1783,21073,1508925737,1
1783,20801,1508925737,1
1784,20925,1508921878,0
1784,15907,1508921878,0
1784,5840,1508921878,1
1784,25029,1508921878,1
1784,23825,1508921878,0
1784,9456,1508921878,-1
1785,19911,1508834404,-1
1785,27166,1508834404,0
1785,7978,1508834404,-1
1785,4970,1508834404,0
1794,30026,1508485839,0
1796,6537,1508307277,0
1799,28249,1508230014,0
1799,17810,1508230014,0
1799,26671,1508230014,0
1811,33598,1507815388,1
1812,5642,1507813609,0
1812,24918,1507813609,0
1815,2366,1507573143,-1
1815,16694,1507573143,1
1822,30231,1507203437,0
1822,21077,1507203437,0
1822,17478,1507203437,0
1822,7653,1507203437,-1
1822,26519,1507203437,1
1822,10218,1507203437,-1
1822,23795,1507203437,1
1822,9966,1507203437,1
1822,7967,1507203437,-1
1822,4200,1507203437,0
1822,28046,1507219991,1
1823,13025,1507212220,0
1823,21790,1507212220,0
1823,11144,1507212220,0
1823,36971,1507212220,0
1823,4263,1507212220,1
1827,6142,1504860232,-1
1827,28260,1504860232,1
1827,31850,1504860232,0
1827,9618,1504860232,1
1827,12695,1504860232,1
1827,15111,1504860232,1
1827,19415,1507128920,1
1827,28719,1507128920,0
1827,33199,1507128920,0
1827,27826,1507128920,0
1827,11960,1507128920,0
1854,9557,1506410459,1
1854,7759,1506410459,0
1854,36189,1506410459,0
1854,5734,1506410459,0
1854,2227,1506410459,1
1854,28068,1506410459,0
1854,9070,1506410459,1
1854,6874,1506410459,0
1854,427,1506434206,0
1856,8083,1506431717,0
1858,17626,1506429311,1
1858,16565,1506429311,1
1861,25019,1506407330,0
1861,2073,1506407330,0
1861,33626,1506407330,1
1861,6479,1506407330,1
1861,30662,1506407330,1
1861,26635,1506407330,0
1861,33115,1506407493,0
1863,17637,1506349875,-1
1876,8936,1506150963,0
1882,24997,1505978836,0
1883,50,1505934294,1
1883,6854,1505934294,0
1883,23252,1505934294,0
1883,22243,1505934294,0
1883,15882,1505934294,0
1883,8866,1505934294,0
1885,5799,1505920678,1
1885,31140,1505920678,-1
1887,13789,1505897400,0
1891,10382,1505824556,1
1894,27940,1505734869,1
1894,13853,1505734869,0
1894,11920,1505734869,0
1894,16405,1505734869,1
1894,4203,1505736552,0
1894,21174,1505806136,0
1899,15518,1505228084,0
1899,19918,1505244994,0
1906,7964,1505197224,0
1907,5600,1505137039,0
1911,24418,1504019286,0
1911,31245,1504019286,0
1911,28814,1504019286,-1
1911,5798,1504019286,1
1911,28679,1504019286,0
1911,20698,1504019286,1
1911,21500,1504019286,1
1911,200,1504019286,-1
1911,44,1504884812,0
1911,21359,1504884812,0
1911,20509,1504884812,1
1913,1395,1504877578,0
1915,6987,1504796507,1
1915,34200,1504796507,0
1915,4366,1504796507,0
1917,13634,1504788970,1
1917,33693,1504788970,0
1920,25990,1504722046,1
1920,16797,1504722046,1
1920,37222,1504722046,0
1920,21801,1504722374,0
1923,371,1504687544,-1
1932,28465,1228920698,1
1932,7606,1504524447,0
1933,14267,1504462804,-1
1941,6342,1504100648,0
1941,16944,1504100648,0
1941,9687,1504100648,1
1941,12299,1504100648,1
1941,21285,1504160948,0
1943,6492,1504080988,0
1953,31021,1503827484,0
1956,6052,1503646409,1
1956,28035,1503646409,1
1956,15364,1503646409,1
1956,28177,1503646409,1
1956,8657,1503646409,1
1956,2819,1503646409,0
1956,5528,1503646409,1
1956,26043,1503646409,1
1956,19389,1503646409,1
1960,9602,1503494543,1
1960,20495,1503494543,0
1960,6115,1503555979,0
1960,5388,1503555979,0
1963,21,1503478323,1
1964,9941,1503476804,0
1964,16583,1503476804,1
1964,17261,1503476804,1
1964,24570,1503477350,1
1964,6735,1503477350,1
1967,7502,1503384044,-1
1967,19852,1503384044,0
1967,19910,1503384044,0
1967,20697,1503384044,0
1967,27757,1503384044,-1
1967,28446,1503384044,-1
1967,36068,1503384044,1
1967,34320,1503384044,0
1967,36334,1503384044,0
1967,37053,1503384044,0
1967,23695,1503384044,0
1967,13175,1503384044,0
1968,16855,1502282326,0
1968,154,1502282326,1
1968,37203,1502282326,0
1968,34328,1503381860,-1
1968,31346,1503381860,0
1968,34150,1503381860,0
1969,7293,1503319014,1
1969,9676,1503319014,1
1969,12168,1503319014,0
1971,6688,1503304387,0
1971,674,1503304387,0
1978,33721,1502581946,1
1980,31432,1502273087,-1
1980,462,1502273087,0
1997,4607,1502099816,0
1997,20660,1502099816,1
1997,20423,1502099816,1
1997,27443,1502099816,0
2009,8133,1501835186,0
2009,26679,1501835186,0
2009,9309,1501835186,0
2009,9138,1501835186,0
2009,9687,1501835187,-1
2009,3991,1501835187,1
2009,26857,1501835187,0
2009,34404,1501835187,0
2009,1345,1501835187,0
2009,7954,1501835187,0
2011,22658,1501746232,0
2011,285,1501746232,0
2011,20589,1501746232,1
2011,6282,1501746232,0
2011,36931,1501746233,0
2011,4727,1501746233,0
2011,7411,1501746233,1
2011,4655,1501746233,0
2011,22416,1501746233,-1
2011,16343,1501746233,0
2011,25857,1501746233,0
2011,22159,1501746233,0
2011,7266,1501746234,1
2011,11130,1501746234,1
2014,19484,1501743167,0
2023,7545,1501164628,0
2024,2907,1501148914,0
2024,9105,1501148914,0
2024,521,1501148914,0
2024,21886,1501148914,0
2024,16013,1501148914,0
2024,12536,1501148914,0
2024,30874,1501148914,0
2028,7153,1501093391,0
2028,24702,1501093391,0
2028,8067,1501093391,0
2028,27545,1501093391,1
2028,24187,1501093391,0
2028,12407,1501093391,0
2028,7869,1501094218,0
2028,9550,1501094218,1
2028,31701,1501094218,1
2028,10421,1501094218,0
2034,9223,1500973292,0
2034,8621,1500973292,0
2034,15638,1500973292,0
2034,4234,1500973292,0
2034,33025,1500973292,0
2034,31027,1500973292,0
2041,7425,1500732773,0
2045,608,1500541802,0
2045,21242,1500541802,0
2045,4722,1500615113,0
2046,20310,1500562101,1
2046,13838,1500562101,1
2046,6128,1500562101,0
2046,22103,1500562101,0
2046,17798,1500562101,1
2046,4307,1500562101,0
2046,18762,1500562101,0
2046,21441,1500562101,0
2046,16060,1500562101,0
2046,649,1500562101,1
2046,31882,1500562101,0
2046,1385,1500562101,0
2046,27487,1500562101,0
2046,6471,1500562101,1
2046,21942,1500562101,0
2046,9205,1500562101,0
2046,23393,1500562101,0
2046,35211,1500562101,1
2046,34973,1500562101,-1
2046,1063,1500562101,1
2046,9941,1500562101,0
2046,243,1500562101,1
2046,9171,1500562101,1
2046,27722,1500562101,0
2046,383,1500562101,0
2046,27693,1500562101,1
2046,8844,1500562101,1
2046,17155,1500562101,0
2046,37309,1500562101,1
2046,31601,1500562101,0
2046,4349,1500562101,0
2046,8684,1500562101,0
2046,28166,1500562101,0
2053,31375,1500476885,0
2053,4260,1500476885,0
2053,27862,1500476885,1
2053,18530,1500476885,0
2053,27681,1500476885,0
2053,5185,1500476885,1
2053,36535,1500476885,0
2056,28593,1500386902,0
2056,22666,1500386902,1
2056,36114,1500446254,-1
2056,26655,1500446254,0
2060,16059,1500266338,0
2060,1750,1500266338,1
2063,32444,1500074866,1
2064,15690,1499934492,0
2064,34549,1499934492,0
2064,33033,1499934492,0
2064,28287,1499934492,1
2064,18207,1499934492,1
2073,22660,1499717153,1
2079,24632,1499279248,0
2079,10030,1499279248,0
2085,27595,1495051098,0
2085,20051,1495051098,-1
2085,6412,1495051098,0
2085,218,1495051098,1
2085,9570,1495051098,0
2085,12376,1495051098,-1
2085,16032,1495051098,1
2085,14321,1495051098,1
2085,14932,1495051098,0
2085,21876,1495051098,1
2085,17657,1495051098,1
2085,9341,1495051098,0
2085,20860,1495051098,1
2085,20019,1495051098,1
2085,4403,1495051098,-1
2085,8699,1495051098,0
2085,30884,1495051098,0
2085,10673,1495051800,0
2085,21038,1495051800,0
2085,20429,1495052680,0
2085,19015,1495058655,0
2085,7051,1495096149,0
2085,17851,1495134808,1
2085,16208,1495134808,0
2085,13895,1495134891,0
2085,5941,1495134891,0
2085,11877,1495134891,-1
2085,27040,1495134891,0
2085,20056,1495141903,0
2085,4994,1495141903,0
2085,25993,1495235986,0
2085,28369,1495235986,-1
2085,34021,1499025668,0
2086,9674,1498986487,0
2086,17658,1498986487,1
2086,32444,1498986487,1
2086,21902,1498986487,1
2086,22121,1498986487,1
2086,13370,1498986487,1
2086,12563,1498986487,0
2086,12728,1498986487,1
2086,13208,1498986487,0
2086,6580,1498986487,0
2086,6900,1498986487,0
2088,28613,1498915154,0
2088,27812,1498915154,1
2093,4970,1498305342,-1
2093,4409,1498305342,0
2093,30706,1498305342,0
2093,19480,1498305342,1
2093,35041,1498326110,1
2093,28184,1498326110,1
2093,7067,1498326110,1
2093,8232,1498326110,0
2093,5214,1498326110,0
2093,30924,1498326110,0
2093,31329,1498331788,0
2093,4556,1498340302,1
2093,35019,1498411577,0
2093,2176,1498420645,0
2093,26134,1498737962,0
2093,17529,1498737962,0
2093,22891,1498738509,1
2093,7012,1498738826,0
2093,21666,1498738826,0
2093,2793,1498744371,0
2098,12054,1498668012,0
2098,27862,1498668012,-1
2101,22743,1498664699,1
2101,30968,1498664699,-1
2101,12933,1498664699,-1
2111,24861,1497944928,1
2111,14508,1497944928,1
2111,29695,1498543733,1
2119,23172,1498225275,0
2119,26983,1498225275,0
2131,12997,1498109526,0
2131,12043,1498109526,0
2131,12715,1498108972,0
2131,35613,1498109526,1
2131,23195,1498052703,0
2131,9218,1498109526,0
2131,23490,1498108972,-1
2131,37022,1498108972,-1
2131,21211,1498109526,0
2131,27031,1498108972,0
2131,9112,1498109526,0
2131,20376,1498052703,0
2131,30147,1498052703,0
2131,36381,1498109526,-1
2131,14256,1498052703,0
2131,20344,1498052703,0
2131,20832,1498052703,0
2131,23602,1498052703,1
2131,13931,1498109526,0
2131,8047,1498108972,0
2131,27267,1498109526,-1
2131,33024,1498052703,1
2131,5113,1498108972,0
2131,16365,1498108972,0
2131,3921,1498108972,0
2131,8042,1498109526,1
2131,9139,1498108972,1
2131,25787,1498052703,0
2131,32383,1498109526,-1
2131,18717,1498108972,1
2131,21456,1498109526,0
2131,13593,1498108972,1
2131,15985,1498052703,1
2131,5182,1498108972,0
2131,6701,1498108972,0
2131,9245,1498108972,-1
2131,36446,1498109526,0
2131,28218,1498052703,0
2131,5786,1498109526,0
2131,4815,1498052703,-1
2131,19348,1498109526,0
2131,35421,1498052703,0
2131,13497,1498109526,0
2131,1191,1498109526,-1
2131,28305,1498109526,1
2131,36077,1498109526,0
2131,27408,1498108972,0
2131,30462,1498109526,1
2131,17108,1498052703,0
2131,4470,1498108972,0
2131,35197,1498052703,-1
2131,12206,1498052703,-1
2131,35327,1498052703,0
2131,33570,1498108972,1
2131,13158,1498109526,0
2131,30869,1498108972,-1
2131,24993,1498109526,1
2131,13956,1498109526,1
2131,1335,1498108972,0
2131,12182,1498052703,-1
2132,27092,1497627473,0
2132,1687,1497627474,-1
2132,270,1497627474,0
2132,22855,1497627474,0
2132,28338,1497627474,0
2132,28466,1497627474,-1
2132,30402,1497627474,-1
2132,23871,1497627475,0
2132,12952,1497627475,0
2132,16897,1497627475,1
2132,34097,1497627475,0
2132,9918,1497627475,0
2132,4985,1497627475,0
2132,8706,1497627475,0
2132,28373,1497627475,0
2132,26120,1497627475,0
2132,36544,1497627475,0
2132,19288,1497627475,1
2132,34440,1497689412,0
2132,14163,1497689412,0
2132,27613,1497689412,0
2132,9845,1497689412,0
2132,1830,1497689412,0
2132,2769,1498062395,0
2132,9187,1498062395,1
2132,17514,1498062395,0
2132,20051,1498062395,-1
2132,35545,1498062395,1
2132,9742,1498062395,0
2132,14281,1498062395,1
2132,25865,1498062395,-1
2132,26506,1498062395,1
2132,8826,1498062395,1
2132,10929,1498062395,0
2132,6078,1498062395,1
2132,15540,1498062395,1
2132,34989,1498062395,1
2132,23899,1498062395,1
2132,33456,1498062395,0
2132,8695,1498062395,-1
2132,1371,1498062395,0
2132,28090,1498062395,-1
2132,23915,1498062395,0
2132,27803,1498062395,0
2132,28839,1498062395,0
2132,14015,1498062395,0
2132,28161,1498062395,0
2132,15515,1498062395,0
2132,14338,1498062395,-1
2132,14445,1498062395,0
2132,22668,1498062395,0
2132,20915,1498062395,0
2132,12167,1498062395,1
2132,10965,1498062395,0
2132,13939,1498062395,0
2133,14170,1497947150,0
2141,11888,1497446716,0
2141,5820,1497446716,0
2141,23920,1497446716,0
2141,13896,1497448867,0
2141,19285,1497448867,1
2143,33118,1497434197,0
2143,37224,1497434197,1
2143,13958,1497434197,0
2143,24416,1497434197,0
2143,17955,1497434197,0
2143,10667,1497434517,0
2146,12293,1497079220,0
2146,16293,1497079220,1
2146,17756,1497079220,0
2146,21860,1497079220,0
2146,19001,1497079220,0
2146,36106,1497079220,1
2146,11885,1497079220,0
2146,8355,1497079220,0
2146,30269,1497079220,1
2146,2927,1497079220,0
2146,35965,1497079220,1
2146,14400,1497079220,1
2146,19844,1497119891,1
2146,13029,1497119891,1
2146,1627,1497119891,1
2146,27043,1497119891,0
2146,4186,1497119891,1
2152,17557,1496926974,0
2158,22587,1496401130,0
2158,13831,1496401130,0
2158,33712,1496401130,0
2158,9344,1496401130,0
2158,20134,1496401130,0
2158,33719,1496401130,0
2174,27180,1496067028,-1
2174,4090,1496067028,0
2174,12683,1496067028,0
2174,14114,1496067028,0
2174,18766,1496067028,0
2174,25903,1496067028,0
2174,17079,1496067028,-1
2174,22243,1496067028,-1
2174,10054,1496070320,0
2174,28683,1496070320,0
2174,10496,1496070320,0
2174,6328,1496070320,0
2174,33599,1496070320,0
2174,4932,1496070320,0
2174,20911,1496070320,0
2174,10086,1496070320,0
2174,20437,1496070320,0
2174,14453,1496070320,0
2174,9492,1496070320,0
2174,35514,1496070320,0
2174,9056,1496070320,0
2174,37042,1496070320,0
2174,9906,1496070320,0
2174,19081,1496070320,0
2174,27978,1496070320,0
2174,22285,1496070320,0
2177,13029,1496058221,0
2181,9942,1495988841,0
2181,8255,1495988841,0
2181,27958,1495988841,0
2181,27619,1495990878,1
2181,22016,1495990878,0
2181,34034,1495992008,0
2181,7457,1495992008,0
2186,37326,1495871278,0
2193,28342,1495793376,0
2193,21194,1495793376,0
2193,31618,1495793376,0
2193,13585,1495793376,0
2193,27319,1495793376,0
2195,26103,1495785197,1
2195,7747,1495785197,0
2200,5218,1495637688,1
2200,22976,1495637688,1
2200,23017,1495637688,0
2200,7526,1495637688,0
2200,33586,1495637688,-1
2204,4131,1495624263,0
2204,19422,1495624263,0
2204,13758,1495624263,0
2204,7686,1495624263,0
2204,5292,1495624263,1
2204,12709,1495624263,-1
2204,19018,1495624263,0
2204,33335,1495624263,-1
2204,5832,1495624263,0
2204,7684,1495624263,0
2204,8002,1495624263,1
2204,17635,1495624263,0
2204,32709,1495624263,-1
2204,6326,1495624263,0
2204,23731,1495624263,0
2204,28807,1495624263,0
2204,22222,1495624263,0
2204,2084,1495624263,0
2204,26784,1495624263,0
2204,6708,1495624263,0
2204,24235,1495624263,0
2204,4173,1495624264,0
2204,17289,1495625683,0
2207,27246,1495620730,0
2207,21413,1495620730,1
2207,31615,1495620730,0
2207,22570,1495620730,0
2210,452,1495613444,0
2210,13323,1495613444,1
2214,23497,1495544718,0
2214,33908,1495544718,-1
2215,30329,1495541549,1
2215,10879,1495541549,1
2215,23200,1495541549,1
2229,33642,1495006305,1
2229,16039,1495006305,0
2240,36242,1494602406,1
2240,34303,1494844453,1
2240,13067,1494844453,1
2240,13424,1494844453,1
2240,11033,1494844453,-1
2240,35400,1494844453,1
2240,13554,1494844453,1
2240,4394,1494844453,1
2240,17918,1494844453,1
2240,5891,1494845216,0
2240,3903,1494845216,-1
2240,257,1494845216,0
2240,14407,1494845216,0
2245,12771,1494748969,0
2245,16159,1494748969,0
2247,13960,1494595244,0
2247,18408,1494595244,-1
2247,31355,1494595244,0
2247,23602,1494595244,0
2247,26550,1494595244,0
2247,23849,1494595244,0
2247,26124,1494595244,0
2247,9117,1494595244,0
2247,13137,1494595244,0
2247,12612,1494595244,0
2247,29645,1494596056,0
2247,5005,1494596056,0
2247,21051,1494596056,0
2247,13394,1494596056,0
2247,9303,1494596056,0
2247,11808,1494596056,0
2248,18114,1494535325,0
2258,13023,1494248177,1
2258,21069,1494248813,0
2259,15767,1494247361,0
2264,20905,1493982607,0
2264,9716,1493982607,1
2264,20429,1493982607,-1
2264,14161,1493982607,0
2264,33539,1493982607,0
2264,31644,1493982607,0
2276,15519,1493233047,-1
2279,12964,1493211271,1
2284,7299,1229570220,1
2284,7196,1229570220,0
2284,679,1493032481,1
2284,30947,1493032481,1
2284,33042,1493032481,0
2286,6492,1492796142,-1
2286,27204,1492796142,-1
2286,16629,1492796142,1
2286,27201,1492796142,-1
2286,35187,1492796142,-1
2291,27566,1492674242,0
2291,5302,1492674242,1
2307,655,1492023262,0
2307,14266,1492023461,0
2307,22523,1492023461,0
2312,36807,1491985578,1
2313,6839,1491982999,0
2313,21020,1491982999,0
2313,8826,1491982999,0
2313,16893,1491982999,0
2313,18830,1491982999,0
2313,6803,1491982999,0
2313,8566,1491982999,1
2313,5691,1491982999,0
2313,4030,1491982999,1
2313,28255,1491982999,1
2313,14545,1491982999,0
2313,26776,1491982999,0
2313,33522,1491982999,0
2313,11086,1491982999,0
2313,16363,1491982999,0
2313,33635,1491982999,0
2313,16878,1491982999,0
2313,7620,1491982999,1
2313,9020,1491982999,1
2313,10505,1491982999,0
2313,26693,1491982999,1
2313,13455,1491982999,1
2313,5299,1491982999,0
2313,6944,1491982999,0
2318,28710,1491832307,0
2318,30857,1491832307,0
2318,22453,1491832307,0
2323,8619,1491724487,1
2324,16886,1491658900,-1
2324,1536,1491658900,0
2324,13457,1491658900,-1
2324,16612,1491658900,1
2324,26959,1491658900,1
2324,20844,1491658900,0
2324,23754,1491658900,0
2324,18957,1491658900,1
2324,10194,1491658900,1
2324,7984,1491658900,1
2324,22645,1491658900,-1
2324,28594,1491724432,1
2331,8712,1491469249,1
2331,50,1491469249,1
2331,3931,1491469249,1
2331,6675,1491469249,1
2331,8553,1491469249,0
2331,22396,1491469249,1
2341,16362,1491224689,0
2341,14788,1491224689,1
2341,21420,1491224689,0
2341,36307,1491224689,0
2341,16700,1491224689,1
2341,7258,1491224689,0
2341,30620,1491224689,0
2341,7216,1491224689,1
2349,8141,1490862642,-1
2349,26101,1490862642,-1
2354,17985,1490713608,1
2354,4376,1490713608,-1
2358,27999,1490620327,1
2358,26924,1490620335,1
2358,1983,1490693303,1
2370,1858,1490388603,1
2370,15510,1490388603,0
2370,12682,1490388603,-1
2370,24950,1490388603,0
2370,30355,1490388603,0
2370,17582,1490388603,0
2370,19322,1490388603,0
2374,34419,1490361254,1
2390,14447,1487350965,0
2390,6718,1487350965,0
2390,27402,1487350965,-1
2390,2949,1487350965,0
2390,6697,1487350965,0
2390,22464,1490197929,1
2390,13241,1490197929,1
2394,6383,1489913868,0
2394,26216,1489913868,0
2394,22774,1489913868,0
2394,32200,1489913868,0
2394,11341,1489913868,0
2402,678,1489666707,0
2402,31063,1489666707,1
2409,9288,1489572803,-1
2409,4049,1489572803,-1
2426,14591,1489421046,0
2426,13654,1489421046,1
2433,26791,1489308902,0
2452,14504,1488995840,-1
2452,37234,1488995840,0
2452,16127,1488997102,0
2452,7881,1488997102,0
2453,17027,1488968031,0
2453,28835,1488968031,0
2453,12050,1488968031,0
2453,14462,1488968031,0
2453,31001,1488968031,0
2453,12580,1488968031,0
2453,25798,1488968031,0
2453,26460,1488968031,0
2457,9876,1488903523,1
2457,12548,1488903523,0
2457,20628,1488903523,0
2457,1792,1488903523,0
2457,32053,1488903523,1
2457,10301,1488903523,0
2467,28242,1488736178,0
2467,14908,1488736178,1
2467,18934,1488736365,0
2469,14467,1488643011,-1
2469,12048,1488643011,0
2473,16204,1488568581,0
2478,1891,1488540178,1
2487,34167,1488370720,1
2487,56,1488440961,1
2492,21737,1488361180,0
2495,15921,1488288263,1
2495,33053,1488288263,0
2504,22538,1488050758,0
2504,13941,1488050758,0
2504,31470,1488050758,0
2504,17995,1488050758,0
2509,6627,1487939460,0
2517,12503,1487795032,0
2517,35040,1487795032,1
2517,27584,1487795032,-1
2524,2144,1487683072,1
2524,13420,1487683072,0
2525,28620,1487672768,0
2525,12477,1487672768,0
2525,14240,1487672768,0
2525,392,1487672768,0
2525,31633,1487672768,1
2525,20907,1487672768,0
2525,20976,1487672768,0
2525,11861,1487679681,1
2525,21803,1487679681,0
2528,19984,1487583096,0
2528,30132,1487583317,0
2530,1953,1487581661,0
2530,15327,1487581661,1
2530,5240,1487581661,0
2532,13868,1487504836,0
2534,4323,1468568814,0
2540,13155,1487328771,1
2540,19920,1487328771,0
2546,7708,1487190316,0
2551,30717,1487149900,1
2551,30949,1487149900,1
2556,14145,1487002502,1
2556,17286,1487003527,0
2556,17403,1487003527,1
2559,5371,1485776994,0
2559,27368,1485776994,0
2559,25822,1485776994,0
2559,28598,1485776994,1
2559,12681,1485776994,1
2559,4238,1485776994,0
2559,18777,1486980059,0
2559,17487,1486980059,0
2559,30965,1486980059,1
2559,28542,1486980059,1
2559,34542,1486980059,1
2559,1756,1486980059,0
2564,35644,1486725737,0
2564,33337,1486725737,0
2564,8643,1486725737,1
2564,7069,1486725737,0
2564,18255,1486725737,0
2564,8515,1486725737,0
2564,14866,1486725737,0
2564,11786,1486725737,0
2565,8795,1486722159,1
2580,6537,1486150413,1
2583,23808,1485974480,0
2583,31160,1486048238,0
2583,34202,1485974480,0
2583,12331,1485947385,0
2583,5520,1485941651,0
2583,10406,1485947385,0
2583,10377,1485974480,0
2583,12919,1485947385,0
2583,35392,1485947385,0
2583,33527,1486028039,0
2583,18953,1486055628,0
2583,20359,1486028039,0
2583,27047,1486028039,0
2583,5414,1485947385,0
2583,1576,1486028039,0
2583,9599,1485947385,0
2583,22210,1485974480,0
2583,5524,1485947385,0
2583,24320,1485974480,0
2583,26033,1485947385,0
2583,17539,1485947385,0
2583,20413,1485942931,0
2583,11065,1485947385,0
2583,16115,1486057020,0
2583,26177,1485947385,0
2583,2208,1485974480,0
2583,16965,1485947385,0
2583,27097,1485974480,0
2583,8211,1486048238,0
2583,34267,1486028039,1
2583,34980,1486028039,0
2583,27578,1485947385,0
2583,2290,1485968451,0
2583,4479,1486028039,0
2583,4729,1485974480,0
2583,14195,1485947385,0
2583,5823,1485968451,0
2583,14249,1485941651,1
2583,7812,1486048238,0
2583,305,1486028039,0
2583,14406,1485974480,0
2583,8890,1485974480,0
2583,28249,1485974480,0
2583,21876,1486048238,0
2583,26489,1485968451,0
2583,22974,1486048238,0
2583,20251,1486048238,0
2583,15715,1486048238,0
2583,28278,1485947385,0
2583,8751,1485968451,0
2583,7596,1485968451,0
2583,19988,1485947385,0
2583,37244,1486055628,0
2583,20962,1485968451,0
2583,12094,1486055628,0
2583,19296,1486028039,0
2583,14165,1486048238,0
2583,25980,1485974480,0
2583,22377,1485968451,0
2583,25679,1486028039,0
2584,2052,1486026270,0
2584,22527,1486026270,0
2584,8985,1486026270,0
2584,21376,1486026270,0
2584,13072,1486026270,0
2584,33476,1486026270,0
2584,26059,1486026270,0
2584,7147,1486026270,0
2584,27619,1486026270,0
2584,7545,1486026270,0
2584,32806,1486026270,0
2588,7384,1485858999,0
2588,2129,1485858999,0
2588,10729,1485858999,0
2591,10002,1485801271,0
2591,8903,1485801271,1
2591,31975,1485801271,1
2591,32376,1485801271,0
2591,8687,1485801271,1
2591,14514,1485801271,0
2591,23219,1485801271,0
2591,4848,1485801271,0
2591,21130,1485801271,0
2591,363,1485801271,-1
2591,12844,1485801271,0
2591,2954,1485801271,0
2591,12729,1485801271,0
2597,22086,1485521779,0
2597,37684,1485521779,0
2597,7361,1485521779,0
2601,8815,1485111959,1
2601,26881,1485111959,0
2601,729,1485111959,0
2601,13979,1485111959,0
2601,4742,1485111959,0
2601,5526,1485111959,1
2601,27235,1485111959,0
2603,10289,1484644262,0
2603,5988,1484644262,0
2603,5398,1484644262,0
2603,1674,1484644262,0
2603,4685,1484644262,0
2603,2892,1484644262,0
2603,20472,1484644262,0
2603,20248,1484644262,0
2603,33026,1484644262,0
2603,36921,1484644262,0
2603,16321,1484644262,0
2603,9163,1484644262,0
2603,31644,1484644262,0
2603,34159,1484644262,0
2603,19883,1484644262,0
2603,12052,1484644262,0
2603,8380,1484644262,0
2603,1180,1484644262,0
2603,17448,1484644262,0
2603,33665,1484644262,0
2603,18173,1484644262,0
2603,1161,1484644262,0
2603,22489,1484644262,0
2603,16863,1484644262,0
2603,18722,1484644262,0
2603,34324,1484644262,0
2603,17449,1484644262,0
2603,4908,1484644262,0
2603,433,1484644262,0
2603,6915,1484644262,0
2603,1390,1484644262,0
2603,35451,1484644262,0
2603,575,1484644262,0
2603,7491,1484644262,0
2603,13570,1485104803,0
2603,30218,1485104803,0
2603,22181,1485104803,0
2603,28644,1485104803,0
2603,17589,1485104803,0
2603,23806,1485104803,0
2603,25984,1485104803,1
2603,23801,1485104803,1
2603,18252,1485104803,0
2603,16926,1485104803,0
2603,25812,1485104803,0
2603,12315,1485104803,0
2603,5606,1485104803,0
2603,26985,1485104803,0
2603,33337,1485108299,0
2603,16625,1485108742,0
2603,1670,1485108742,0
2616,27520,1484727843,0
2617,32214,1484656014,0
2617,30127,1484656014,1
2617,22801,1484658190,-1
2618,13714,1484651259,0
2628,8106,1484311630,0
2634,29590,1484211192,1
2634,7813,1484211192,0
2634,28720,1484211192,1
2636,31662,1484144610,-1
2636,5659,1484144610,0
2636,36628,1484144610,0
2645,328,1483966724,0
2666,26542,1482487407,1
2666,20773,1482487407,0
2666,23466,1482487407,0
2684,7223,1481882152,1
2684,34293,1481882152,1
2684,15857,1482063951,0
2696,2501,1481717353,0
2696,16515,1481717353,0
2696,8299,1481717353,0
2696,35201,1481717353,0
2696,20430,1481717353,0
2696,23516,1481717353,0
2706,12045,1481545277,0
2706,16877,1481545277,0
2706,34177,1481545277,0
2706,9948,1481545277,0
2706,22232,1481545277,0
2706,33336,1481545277,0
2706,23820,1481545277,0
2706,23933,1481545277,0
2706,11755,1481545277,0
2706,25688,1481545277,0
2710,7257,1481305939,1
2710,28472,1481305939,1
2710,8280,1481305939,1
2710,16384,1481305939,1
2710,2396,1481305939,1
2710,9395,1481305939,1
2710,32045,1481305939,1
2710,6450,1481305939,1
2710,12640,1481305939,1
2710,30868,1481305939,1
2710,9942,1481305939,1
2710,29627,1481305939,1
2710,9671,1481305939,1
2710,19972,1481305939,1
2710,27989,1481305939,1
2710,28563,1481305939,1
2710,30737,1481305939,1
2710,9056,1481305939,1
2710,32720,1481305939,1
2710,16648,1481305939,1
2710,11961,1481305939,1
2710,17509,1481305939,1
2710,15995,1481305939,1
2710,23588,1481305939,1
2710,9359,1481305939,1
2710,34599,1481305939,1
2710,16925,1481305939,1
2710,1423,1481305939,1
2710,22102,1481305939,1
2710,26737,1481305939,1
2710,20449,1481305939,1
2710,2001,1481305939,1
2710,30341,1481305939,1
2710,5520,1481305939,1
2710,7808,1481305939,1
2710,8459,1481305939,1
2710,8274,1481305939,1
2710,558,1481305939,1
2710,24249,1481305939,1
2710,28320,1481305939,0
2710,28257,1481305939,1
2710,37055,1481305939,1
2710,13559,1481305939,1
2710,1618,1481305939,1
2710,30126,1481305939,1
2710,32992,1481305939,1
2710,33538,1481305939,1
2710,12043,1481305939,1
2710,18024,1481305939,1
2710,28501,1481305939,1
2710,28571,1481305939,1
2710,33504,1481305939,1
2710,15639,1481305939,1
2710,22736,1481305939,1
2710,472,1481305939,1
2710,2201,1481305939,1
2710,16559,1481305939,1
2710,5833,1481305939,1
2710,9660,1481305939,1
2710,13219,1481305939,1
2721,4044,1481026358,1
2721,21252,1481026358,0
2721,24933,1481026358,0
2721,27458,1481026358,1
2721,25847,1481026358,1
2721,11005,1481026358,0
2721,26997,1481026358,1
2721,14324,1481026358,1
2721,13506,1481026358,0
2721,555,1481026358,0
2721,20141,1481026358,0
2721,10220,1481026358,0
2721,26630,1481026358,1
2721,17544,1481026358,1
2721,11812,1481026358,1
2721,3990,1481026358,0
2721,28229,1481026358,1
2721,12979,1481026358,1
2721,4819,1481026358,0
2721,35427,1481026358,0
2721,29712,1481026358,1
2721,37461,1481026358,0
2721,14234,1481026358,1
2721,9182,1481026358,1
2721,1487,1481026358,0
2721,8637,1481026358,1
2721,35834,1481026358,1
2721,36229,1481026358,0
2721,26454,1481026358,1
2721,15886,1481026358,1
2721,22983,1481026358,0
2721,19110,1481026358,0
2721,26298,1481026358,0
2721,35303,1481026358,0
2721,8476,1481026358,1
2721,27916,1481026358,1
2721,25822,1481026358,1
2721,23915,1481026358,0
2721,22193,1481026358,1
2721,22541,1481026358,1
2721,23834,1481026358,0
2721,31000,1481026358,1
2721,20833,1481026358,0
2721,10235,1481026358,0
2721,19712,1481026358,0
2721,283,1481026358,0
2721,24803,1481026358,1
2721,14392,1481026358,1
2721,21063,1481026358,0
2721,9133,1481026358,0
2721,23804,1481026358,1
2721,11940,1481026358,0
2721,25759,1481026358,1
2721,17275,1481026358,0
2721,35427,1481026358,1
2721,9407,1481026358,0
2721,20067,1481026358,1
2721,21213,1481026358,1
2721,21142,1481026358,1
2721,5503,1481026358,0
2724,20542,1480860362,1
2727,16807,1480606132,1
2730,18953,1480586011,0
2730,21608,1480586011,-1
2736,29006,1480329153,0
2744,22949,1479927192,0
2751,17831,1479813422,0
2751,28318,1479813422,0
2751,16697,1479813422,0
2751,33456,1479813422,0
2752,33390,1479806518,1
2752,12709,1479806518,1
2752,20143,1479806518,1
2752,22693,1479806518,0
2759,35558,1479376751,0
2759,31958,1479376751,0
2759,26404,1479376751,1
2759,30775,1479376751,1
2762,30264,1479289236,1
2762,32159,1479289236,1
2773,22745,1478689782,0
2773,33836,1478689782,0
2773,35363,1478689782,-1
2773,18025,1478689782,1
2773,23094,1478689782,-1
2776,27835,1478609418,-1
2776,2132,1478609418,-1
2776,36591,1478609745,1
2777,4036,1478599377,1
2777,2186,1478599377,0
2779,8753,1478524969,0
2779,25740,1478524969,0
2779,18852,1478524969,0
2779,27150,1478524969,-1
2779,22611,1478528220,0
2779,16156,1478528220,-1
2779,9979,1478528370,0
2779,9123,1478531118,0
2779,31462,1478531118,0
2779,31172,1478531118,0
2779,31597,1478531118,0
2779,23712,1478531118,0
2779,5159,1478531118,0
2779,10235,1478551173,1
2785,19655,1478332141,0
2785,19532,1478332141,0
2785,15578,1478332141,0
2785,16222,1478332141,-1
2785,11094,1478332141,-1
2785,28282,1478332141,-1
2785,1028,1478332141,-1
2792,8894,1478169269,0
2792,1911,1478169269,0
2795,29678,1478016532,1
2795,32359,1478016532,0
2797,27384,1477999747,0
2797,11337,1477999747,1
2799,1616,1477840976,0
2799,620,1477840976,-1
2799,37083,1477840976,0
2799,22857,1477840976,0
2799,6372,1477840976,0
2799,9245,1477840976,0
2804,30617,1477737075,1
2807,4396,1477640340,1
2807,7121,1477640340,1
2823,28730,1476946116,0
2823,459,1476946116,1
2823,11949,1476946116,1
2823,32899,1476946116,1
2823,5464,1476946116,0
2823,2369,1476946116,1
2823,14340,1476946116,0
2823,11120,1476946116,1
2823,581,1476946116,1
2823,12798,1476946116,0
2823,3975,1476946116,1
2823,5885,1476946116,1
2823,9649,1476946116,1
2823,32858,1476946116,0
2823,37064,1476946116,1
2823,17048,1476946116,1
2823,20172,1476946116,0
2823,24706,1476946116,1
2823,35310,1476946116,1
2823,5496,1476946116,1
2824,8461,1476889523,1
2824,5731,1476889523,0
2824,37319,1476889523,0
2824,16568,1476889523,1
2824,12441,1476889523,1
2824,23477,1476889523,0
2824,5796,1476918150,0
2824,10603,1476918150,0
2824,23813,1476918150,0
2824,35042,1476918150,0
2824,26831,1476918150,0
2824,27898,1476918150,0
2824,2104,1476918150,0
2824,14392,1476918413,0
2824,19494,1476918413,0
2827,15,1476863151,0
2828,33201,1476797752,1
2828,19858,1476797752,-1
2828,19076,1476797752,1
2828,18690,1476797752,-1
2828,9214,1476797752,1
2828,11897,1476797752,0
2832,17074,1476695909,0
2852,27710,1475203292,0
2855,23759,1475050363,0
2860,25808,1474456776,1
2860,21225,1474457926,0
2864,125,1474187231,1
2864,5436,1474187231,1
2866,12591,1474020259,1
2866,13727,1474020259,1
2872,7105,1473841373,0
2872,5618,1473841373,0
2872,31207,1473841373,0
2872,22566,1473841373,0
2872,9774,1473841373,0
2872,27971,1473841373,0
2872,5849,1473841373,0
2877,18790,1473411242,1
2877,19339,1473411242,1
2882,10220,1473315360,-1
2882,7785,1473315456,0
2882,745,1473315467,0
2882,11877,1473315467,1
2886,8445,1473189753,1
2886,8982,1473189753,1
2886,11974,1473189753,0
2886,4185,1473189753,0
2886,7566,1473189753,0
2886,12867,1473189753,1
2893,12681,1473083511,-1
2899,28289,1472665438,0
2899,27644,1472665438,0
2899,17539,1472749529,0
2900,30387,1472719251,1
2903,5651,1472412510,0
2903,9417,1472412510,0
2910,13573,1288256049,0
2910,36943,1472209582,-1
2911,22350,1472203598,0
2911,32805,1472203598,0
2911,7191,1472203631,0
2916,33785,1471881865,0
2917,16567,1471334588,0
2917,7539,1471336002,1
2917,5737,1471339013,0
2917,8968,1471344421,1
2917,10724,1471345888,0
2917,4525,1471424772,1
2917,10547,1471427805,1
2917,26211,1471427805,1
2917,116,1471427805,0
2917,10494,1471427805,1
2917,5027,1471505313,1
2917,4663,1471505313,1
2917,31326,1471512451,0
2917,22751,1471512451,0
2917,6981,1471523013,1
2917,21100,1471523013,1
2917,33610,1471523013,0
2917,9255,1471523013,0
2917,9861,1471523013,1
2917,7814,1471523744,1
2917,36827,1471523744,1
2917,4075,1471523744,0
2917,7652,1471523744,1
2917,23359,1471528753,0
2917,31401,1471528753,0
2917,20872,1471532015,0
2917,14483,1471532427,1
2917,24567,1471532427,0
2917,17181,1471533633,1
2917,17413,1471593898,1
2917,7186,1471594116,0
2917,36253,1471594116,0
2917,8695,1471594116,0
2917,35056,1471598051,0
2917,28642,1471598051,0
2917,26999,1471598051,0
2917,24543,1471598051,0
2917,8180,1471598051,0
2917,2216,1471600671,0
2917,18852,1471600671,0
2917,16619,1471600671,0
2917,27547,1471622387,1
2917,6922,1471868173,1
2920,5927,1471773057,-1
2925,8847,1471375366,0
2925,26172,1471375366,1
2930,13006,1471250282,1
2930,18915,1471330668,0
2931,6985,1471266867,0
2931,524,1471266867,1
2931,17191,1471266867,0
2931,13666,1471266867,0
2931,14211,1471266867,1
2942,1546,1470636053,1
2942,5856,1470637106,0
2942,12953,1470637106,0
2942,4292,1470637106,1
2942,6719,1470637106,1
2943,18476,1470578961,1
2943,31297,1470578961,-1
2943,16629,1470578961,-1
2945,17866,1470387875,1
2945,30253,1470387875,0
2952,19154,1470140271,0
2952,35413,1470140271,1
2952,9059,1470142377,0
2952,12928,1470142377,-1
2953,10396,1470131415,0
2953,30375,1470131415,0
2973,9603,1469450013,0
2973,24228,1469450013,-1
2977,20160,1467032151,1
2977,2923,1469430078,0
2981,2062,1469102579,0
2981,20065,1469102579,1
2984,28531,1469094460,1
2997,31164,1468565967,0
2997,17446,1468565967,0
2997,13831,1468565967,0
2997,21874,1468595067,1
3003,8013,1462301730,1
3003,20517,1464766518,1
3003,32598,1468479391,1
3003,17842,1468479391,1
3003,23133,1468479391,1
3004,13576,1468466219,0
3004,30668,1468466219,0
3004,16851,1468466219,0
3020,18683,1467637845,0
3021,5162,1467635057,0
3021,19835,1467635057,1
3021,20719,1467635057,0
3027,15985,1467380784,1
3031,11405,1467355948,0
3031,2025,1467355948,0
3031,24699,1467355948,1
3031,15,1467356125,0
3031,6268,1467356125,0
3035,16208,1467134546,-1
3035,17400,1467134546,0
3035,37364,1467134546,0
3035,36086,1467134546,0
3035,1091,1467134546,0
3035,18738,1467134546,0
3035,23185,1467134546,0
3035,21120,1467134546,0
3035,20485,1467134546,0
3035,5278,1467134546,0
3035,4761,1467134546,0
3035,4089,1467134546,0
3035,29616,1467134546,0
3035,35607,1467134546,0
3035,3989,1467134546,0
3035,16843,1467134546,1
3035,16871,1467134546,-1
3035,14895,1467134546,0
3035,26505,1467134546,0
3035,5486,1467134546,0
3035,37048,1467134546,-1
3035,4835,1467134546,0
3035,4613,1467134546,0
3035,35536,1467134546,0
3035,7085,1467134546,0
3035,8116,1467134546,0
3035,13047,1467134546,0
3035,24536,1467134546,0
3035,27737,1467134546,0
3035,21527,1467134546,0
3035,16974,1467134546,0
3035,21276,1467134546,0
3035,10244,1467134546,0
3035,16116,1467134546,0
3035,34457,1467134546,0
3041,11717,1466622440,0
3041,745,1466622440,1
3041,7998,1466622440,0
3041,33002,1466712816,0
3041,4465,1466712816,0
3041,17532,1466712816,0
3041,30840,1466712816,-1
3041,17611,1466712816,1
3041,9558,1466712816,0
3041,22724,1466788550,0
3041,23839,1466788550,0
3041,28558,1466788550,-1
3041,22973,1466788550,-1
3041,9207,1466788550,0
3041,26034,1466788550,-1
3041,15629,1466788550,0
3041,7799,1466788550,0
3041,11784,1466788550,0
3041,30912,1466788550,0
3041,7648,1466788550,0
3041,2412,1466788550,0
3041,9631,1466788550,1
3041,1247,1466788550,0
3041,25667,1466788550,0
3041,9144,1466796196,0
3041,8964,1466796196,1
3041,27874,1466796196,0
3041,17607,1466796196,0
3041,37571,1466796196,0
3041,26778,1466796196,0
3041,19770,1466796196,0
3041,36115,1466796196,0
3041,17103,1466796196,1
3041,30268,1466796196,1
3041,21020,1466796196,0
3041,11739,1466796196,0
3042,4856,1466775572,0
3042,16246,1466775572,1
3042,27730,1466775572,0
3042,481,1466776733,0
3042,13739,1466776733,0
3045,664,1466549661,0
3045,21978,1466549661,1
3045,5722,1466549661,1
3045,17550,1466549661,1
3045,15730,1466549661,0
3059,51,1465978890,1
3066,1330,1465722608,-1
3066,5225,1465724386,0
3071,2197,1465563177,0
3071,12388,1465563177,1
3071,7254,1465564623,0
3080,28405,1465309843,0
3080,15179,1465309843,0
3080,27483,1465309843,0
3080,16181,1465309843,0
3080,28490,1465309843,0
3080,22162,1465309843,1
3080,18167,1465309843,-1
3080,5310,1465309843,0
3080,22001,1465309843,0
3080,27466,1465309843,0
3080,28288,1465309843,0
3080,160,1465309843,0
3080,35459,1465309843,0
3082,5100,1465309843,1
3082,1248,1465309843,0
3082,12249,1465309843,0
3082,36906,1465309843,0
3082,12765,1465309843,0
3082,6595,1465309843,0
3082,25766,1465309843,0
3082,20684,1465309843,0
3082,13189,1465309843,0
3082,29724,1465309843,0
3082,16035,1465309843,0
3082,741,1465309843,0
3082,5453,1465309843,0
3082,16631,1465309843,-1
3082,22747,1465309843,0
3082,9480,1465309843,0
3092,13022,1464878849,0
3112,16087,1464075276,0
3112,16591,1464075276,0
3112,24774,1464075276,0
3112,20228,1464075276,0
3112,27719,1464075276,0
3112,4317,1464075276,0
3112,10452,1464075276,0
3112,7136,1464075276,0
3113,23108,1464073947,1
3113,16905,1464073947,1
3123,12853,1463819765,0
3123,8346,1463819765,0
3123,8371,1463819765,0
3123,37336,1463819765,0
3123,13217,1463819765,0
3134,4211,1463054134,1
3140,9256,1462450468,1
3140,33874,1462796536,1
3150,15551,1462297794,0
3150,4326,1462297794,0
3150,20522,1462297794,0
3150,12247,1462297794,0
3150,21663,1462459967,0
3150,16588,1462459967,0
3152,14568,1462436281,0
3153,21533,1462366561,0
3153,7763,1462366561,0
3155,6840,1462363676,1
3155,24141,1462363676,1
3159,28133,1456317940,1
3159,5977,1462266584,1
3159,32275,1462266584,0
3159,28217,1462266584,0
3163,32747,1462172870,0
3164,8883,1462116676,0
3164,28325,1462116676,0
3167,6157,1461830111,1
3167,8896,1462006351,1
3169,22756,1461854716,0
3169,13305,1461854716,0
3169,21749,1461854716,1
3169,6180,1461854716,0
3169,2217,1461934099,0
3172,28270,1461919896,0
3174,20709,1461898025,1
3174,1546,1461898025,0
3174,9346,1461898025,-1
3174,1858,1461898025,1
3174,30903,1461898025,0
3174,18330,1461898025,0
3174,2288,1461898025,-1
3174,31553,1461898025,0
3174,663,1461898025,1
3174,17103,1461898025,-1
3174,27504,1461898025,1
3174,8836,1461898025,-1
3174,14398,1461898025,0
3174,20858,1461898025,0
3174,32413,1461898025,0
3174,13743,1461898025,1
3174,2063,1461898025,0
3174,6342,1461898025,0
3174,6785,1461898025,0
3174,14146,1461898025,0
3174,27686,1461898025,0
3174,22082,1461898025,0
3174,35824,1461898025,1
3174,7369,1461898025,1
3174,31019,1461908941,0
3174,22786,1461908941,0
3174,21287,1461908941,0
3174,26873,1461908941,0
3174,9393,1461908941,0
3174,1802,1461908941,-1
3175,16092,1461852299,1
3177,21863,1461847536,0
3184,35100,1461771088,1
3184,30891,1461771088,1
3184,13668,1461771088,1
3187,4482,1461768124,1
3196,5941,1461488828,1
3196,1805,1461488828,1
3196,7258,1461490514,0
3196,26021,1461490514,1
3196,36820,1461490514,0
3196,6972,1461490514,0
3200,16447,1461232404,0
3200,26549,1461086827,0
3200,18632,1461082605,-1
3200,8928,1461128032,0
3200,7301,1461082605,0
3200,13001,1461082605,0
3200,27632,1461082605,0
3200,8709,1461146059,1
3200,10391,1461082605,0
3200,2061,1461082605,-1
3200,11893,1461128032,0
3200,17502,1461082605,1
3200,16674,1461401301,0
3200,28433,1461082605,0
3200,7258,1461082605,1
3200,21916,1461232404,1
3200,13594,1461082605,-1
3200,4209,1461086827,-1
3200,21231,1461082605,0
3200,33959,1461086827,-1
3200,27169,1461082605,0
3200,22679,1461082605,0
3200,1619,1461401301,0
3200,10923,1461082605,1
3200,16667,1461082605,-1
3200,13940,1461082605,1
3200,6103,1461232404,0
3200,27666,1461401301,0
3200,23477,1461082605,1
3200,13115,1461232404,0
3200,16577,1461082605,0
3200,3875,1461139809,1
3200,31877,1461086827,-1
3200,17842,1461232404,0
3200,27962,1461082605,1
3200,1837,1461082605,0
3200,6251,1461082605,0
3200,21442,1461082605,-1
3200,24784,1461401301,1
3200,22115,1461401301,0
3200,8975,1461128032,0
3200,16555,1461082605,0
3200,25659,1461130594,-1
3200,19056,1461141163,1
3200,23590,1461232404,1
3200,21991,1461128032,1
3200,31855,1461082605,-1
3200,9271,1461084995,-1
3200,31541,1461146059,0
3200,12997,1461082605,-1
3200,33931,1461232404,0
3200,9748,1461082605,0
3200,15809,1461082605,0
3200,9790,1461082605,0
3200,24068,1461082605,0
3200,21357,1461082605,0
3200,27682,1461082605,-1
3200,10606,1461082605,0
3200,18230,1461143359,0
3200,10518,1461082605,0
3207,31212,1461275508,0
3207,13197,1461275508,0
3207,4112,1461275508,1
3207,19904,1461275508,1
3207,33568,1461275508,0
3207,25794,1461275508,0
3207,15795,1461275508,1
3210,5842,1459839626,0
3210,1849,1459839626,0
3210,456,1459839626,0
3210,6689,1459840863,1
3210,8283,1459844536,1
3210,12594,1459844536,0
3210,13012,1459844536,0
3210,5179,1459844536,0
3210,1784,1459844536,0
3210,5176,1459844536,0
3210,27164,1459855249,1
3210,30955,1459855249,0
3210,9727,1459855249,1
3210,30111,1459855249,1
3210,23339,1459855249,1
3210,26530,1459855249,0
3210,16571,1459855249,-1
3210,16560,1459855249,1
3210,8173,1459855249,1
3210,29692,1459855249,1
3210,26037,1459855249,-1
3210,28231,1459855249,0
3210,1549,1459856854,0
3210,23011,1459856854,1
3210,10083,1460357834,0
3210,14345,1460360637,0
3210,28516,1461247746,0
3214,13039,1461132411,-1
3214,30296,1461132411,0
3215,11960,1460966546,1
3215,461,1460966546,0
3215,6078,1460966546,1
3215,17624,1460966546,0
3215,15226,1460966546,1
3215,2264,1460966546,0
3215,7596,1460966546,0
3215,337,1460966546,0
3215,20681,1460966546,0
3215,20954,1460966546,0
3215,2216,1460966546,0
3215,21208,1460966546,0
3215,8302,1460966546,0
3215,35663,1460966546,0
3215,28697,1460966546,0
3215,36256,1460966546,0
3215,9625,1460966546,0
3215,422,1460966546,0
3215,13879,1460966546,0
3215,18307,1460966546,0
3215,16650,1460966546,0
3215,152,1460966546,0
3215,23185,1460966546,0
3215,14365,1460966546,0
3215,37117,1460966546,1
3215,35069,1460966546,0
3215,2221,1460966546,0
3215,25831,1460966546,0
3215,4637,1460966546,0
3215,34972,1460966546,0
3215,31989,1460966546,1
3218,18889,1460729441,0
3218,16283,1460729441,1
3218,17828,1460729441,0
3218,37007,1460729441,0
3218,9636,1460729441,0
3221,34102,1460700556,0
3221,11723,1460700556,0
3221,30137,1460703091,1
3221,24771,1460703091,0
3222,26664,1460635929,1
3222,35193,1460635929,0
3222,25019,1460635929,0
3222,24872,1460635929,0
3222,33754,1460635929,0
3222,17440,1460635929,0
3222,19516,1460635929,1
3222,3919,1460635929,1
3222,14503,1460635929,0
3222,15534,1460636484,0
3222,8456,1460636484,0
3222,24507,1460636484,0
3222,13986,1460636484,0
3222,33041,1460636484,0
3222,18654,1460636484,0
3225,4897,1460612302,1
3230,22653,1459781851,0
3230,20406,1460454834,0
3230,1046,1460454834,1
3230,19917,1460454834,-1
3234,15215,1460354639,1
3235,12683,1460298039,1
3244,28618,1460125521,1
3249,23504,1460025205,0
3250,22577,1460018538,1
3251,28365,1460017615,1
3251,28229,1460017615,0
3262,4123,1459771555,1
3262,21678,1459771555,1
3266,17513,1459678794,0
3266,26162,1459678794,0
3266,2146,1459678794,0
3266,19654,1459678794,0
3266,10411,1459678794,0
3266,7162,1459678794,0
3266,29603,1459678794,0
3266,15640,1459678794,0
3266,16128,1459684776,0
3272,22754,1459580649,0
3272,35953,1459580649,0
3272,12585,1459580649,1
3276,26873,1459418923,1
3276,27127,1459418923,1
3277,10238,1459352124,0
3277,10527,1459352124,0
3277,18370,1459352124,0
3277,5118,1459352124,0
3277,17927,1459352124,0
3277,14472,1459352124,0
3277,37546,1459403610,0
3277,6553,1459403610,0
3283,23190,1459325398,-1
3283,561,1459325398,0
3284,16980,1459164420,0
3284,33390,1459164420,1
3288,12443,1458923236,-1
3288,22567,1458923236,-1
3292,7956,1458812538,0
3292,11804,1458812538,0
3292,5254,1458812538,0
3295,8250,1458723307,0
3295,6800,1458723307,-1
3295,36407,1458723307,0
3295,36386,1458723307,0
3295,8655,1458723307,0
3295,21501,1458723307,-1
3295,31831,1458723307,0
3295,13294,1458723307,1
3295,20297,1458723307,1
3295,4360,1458723307,1
3300,10861,1458650200,-1
3314,4802,1458046153,0
3314,35480,1458046153,0
3314,28711,1458046153,0
3314,9112,1458046153,0
3314,30904,1458046153,0
3314,21682,1458046153,0
3314,15710,1458046153,0
3314,2296,1458046153,0
3314,29710,1458046153,0
3314,12533,1458046153,0
3314,32557,1458046153,0
3314,9775,1458046153,0
3314,18380,1458046153,0
3314,4271,1458046153,0
3314,34247,1458046153,0
3314,13109,1458046153,0
3314,15551,1458046153,0
3314,16680,1458046153,0
3314,33947,1458046153,0
3314,25740,1458046153,0
3314,24785,1458046153,0
3314,20564,1458046153,0
3314,21380,1458046153,0
3314,15833,1458046153,0
3314,9673,1458046153,0
3314,26406,1458046153,0
3314,34320,1458046153,0
3314,19671,1458046153,0
3314,21386,1458046153,0
3314,16913,1458046153,0
3314,4868,1458046153,0
3314,6460,1458046153,0
3314,143,1458115287,0
3314,36416,1458115287,0
3314,35567,1458115287,1
3315,18769,1458114780,0
3315,9449,1458114780,1
3323,9566,1457683447,0
3323,13187,1457683447,1
3323,3018,1457683447,1
3323,13469,1457763659,0
3324,13629,1457701916,0
3324,21038,1457701916,1
3338,15748,1457425354,0
3338,16228,1457425354,0
3338,18597,1457425354,1
3345,33317,1457100623,1
3352,12487,1457077984,0
3352,33519,1457077984,0
3352,35404,1457077984,0
3359,31525,1456659801,1
3363,26068,1456416872,0
3363,7397,1456416872,0
3363,12229,1456416872,-1
3363,9910,1456416872,0
3363,24094,1456416872,0
3363,16370,1456416872,1
3363,435,1456416872,1
3363,12029,1456416872,0
3363,22701,1456416872,1
3363,27597,1456416872,0
3363,7655,1456416872,0
3363,12392,1456416872,1
3363,13072,1456416872,0
3368,24881,1456383650,0
3372,21730,1456319262,1
3372,21008,1456319262,-1
3374,22244,1385904644,0
3374,25094,1385904644,-1
3374,15863,1385904644,-1
3374,18689,1385904644,0
3374,20771,1385904644,0
3374,8053,1409903401,0
3374,14229,1409903401,0
3374,13790,1409904787,0
3374,22010,1409904787,0
3374,22777,1456304833,1
3376,26810,1441959768,0
3376,4927,1441959768,0
3376,32305,1456211394,0
3376,34292,1456211394,0
3376,13115,1456211394,0
3376,9588,1456211394,0
3376,20892,1456211394,0
3376,1056,1456211394,0
3376,33352,1456211394,0
3376,36614,1456211394,0
3376,21426,1456211394,0
3376,27686,1456211394,0
3376,16705,1456211633,0
3376,35217,1456211633,0
3376,32906,1456211633,0
3376,19088,1456211633,0
3376,2097,1456213031,-1
3376,12753,1456213031,0
3376,20840,1456213031,1
3376,14882,1456213031,-1
3376,12935,1456213031,0
3376,23957,1456213031,-1
3376,728,1456213031,0
3376,14847,1456213031,0
3376,635,1456224703,1
3376,8037,1456224703,1
3376,7051,1456224703,1
3376,18825,1456224703,1
3376,6577,1456224703,0
3376,2217,1456224703,1
3376,16548,1456224703,1
3376,5013,1456224703,1
3376,21304,1456224703,1
3376,13673,1456224703,-1
3376,1235,1456224703,0
3376,15996,1456224703,-1
3381,10665,1456049903,0
3382,27468,1455987988,1
3384,30304,1455524843,0
3384,18678,1455524843,-1
3384,3065,1455524843,-1
3384,23514,1455524843,-1
3384,5926,1455524843,0
3384,2128,1455524843,-1
3384,26314,1455524843,-1
3384,10687,1455524843,0
3384,24067,1455524843,-1
3384,28084,1455524843,1
3384,36305,1455524843,-1
3384,11113,1455524843,0
3384,17500,1455524843,0
3384,35102,1455526149,-1
3384,5148,1455972228,-1
3384,36584,1455972228,0
3384,28464,1455972228,1
3388,23029,1455907501,1
3390,16360,1455897931,1
3392,14156,1455881258,0
3392,20466,1455881258,1
3392,12428,1455881258,0
3392,28749,1455881258,0
3392,13021,1455881258,1
3392,25044,1455881258,0
3392,17765,1455881258,0
3392,22052,1455881258,0
3392,614,1455881258,0
3392,28442,1455881258,1
3392,21007,1455881258,1
3392,6441,1455881258,1
3392,9251,1455881258,0
3392,27462,1455881258,0
3392,5084,1455884812,0
3392,9002,1455884812,1
3392,4197,1455886182,0
3392,9624,1455886182,1
3393,28000,1455872279,1
3407,13239,1455382473,0
3408,28518,1455366140,-1
3408,25964,1455366140,0
3423,22524,1454949920,0
3423,693,1454949920,0
3423,26200,1454949920,0
3423,37280,1454949920,0
3423,19379,1454949920,0
3423,30839,1454949920,0
3423,32231,1454949920,0
3423,13590,1454949920,0
3423,30319,1454949920,0
3423,15931,1454949920,0
3423,27123,1454949920,0
3423,19370,1454949920,0
3423,13169,1454949920,0
3423,13628,1454949920,0
3423,31437,1454949920,0
3423,16008,1454949920,0
3423,7534,1454949920,0
3423,5489,1454949920,0
3423,27204,1454949920,-1
3423,9267,1454949920,0
3423,8223,1454949920,-1
3423,29598,1454949920,-1
3423,18268,1454949920,0
3423,32163,1454949921,0
3423,34103,1454949921,0
3423,17763,1454949921,0
3423,9562,1454949921,0
3423,16267,1454949921,0
3423,32863,1454949921,1
3432,31326,1454484721,0
3434,35760,1454405235,1
3434,31212,1454405235,0
3436,26634,1454315654,0
3436,28262,1454315654,1
3436,15725,1454315654,0
3446,9259,1453951425,-1
3455,18412,1453652943,0
3455,470,1453652943,0
3455,26734,1453652943,0
3455,18719,1453652943,0
3455,34184,1453652943,0
3455,17415,1453652943,0
3462,8442,1453212658,1
3465,16417,1452860853,0
3465,33431,1452860853,1
3465,35094,1452860853,0
3465,30936,1452860853,0
3465,12664,1452860853,0
3465,14197,1452860853,0
3465,14527,1452860853,0
3465,26163,1452860853,0
3465,27945,1452860853,0
3465,14580,1452860853,0
3465,2259,1452860853,0
3465,12984,1452860853,0
3465,1031,1452860853,0
3465,4619,1452860853,0
3465,17803,1452860853,0
3465,7163,1452860853,0
3465,32802,1452860853,0
3465,7983,1452860853,0
3465,30217,1452860853,0
3465,8185,1452860853,1
3465,6807,1452860853,0
3465,10845,1452860854,-1
3469,10676,1452333585,1
3469,12758,1452333585,1
3469,33679,1452334566,0
3469,26470,1452334566,0
3469,24437,1452334566,0
3469,35542,1452334566,0
3469,17657,1452334566,0
3469,9726,1452334566,0
3469,30269,1452334566,0
3469,10236,1452334566,1
3469,25989,1452334566,0
3469,17044,1452334566,0
3469,15538,1452334566,0
3469,25847,1452334566,1
3469,16406,1452334566,0
3469,28803,1452334566,0
3469,10918,1452334886,-1
3469,14819,1452334886,0
3469,27947,1452334886,-1
3469,25015,1452334886,0
3469,4548,1452334886,0
3469,37239,1452334886,0
3469,21756,1452336209,-1
3469,20104,1452336209,0
3469,4185,1452336209,-1
3469,11080,1452336209,0
3469,5823,1452336209,0
3469,10674,1452336209,-1
3469,164,1452789249,0
3469,12679,1452789249,0
3469,4783,1452789249,1
3469,431,1452789249,1
3469,15215,1452789249,0
3469,19266,1452789249,0
3469,26252,1452789249,0
3469,32147,1452789249,0
3469,6120,1452789249,1
3469,6838,1452789249,1
3469,30027,1452789249,0
3469,16633,1452789249,1
3469,13477,1452843062,1
3469,28270,1452843062,0
3469,37056,1452843062,0
3469,29724,1452843062,1
3469,14879,1452843062,0
3469,24977,1452843062,0
3469,12762,1452843062,0
3469,15689,1452843062,1
3469,34196,1452843062,0
3469,13346,1452843062,-1
3475,27489,1452593186,0
3478,23478,1452351081,0
3480,13998,1452103577,0
3480,19760,1452327978,0
3484,23110,1452094918,1
3484,24901,1452094918,0
3484,10758,1452094918,1
3484,33959,1452094918,0
3484,16238,1452094918,0
3484,12169,1452094918,0
3484,20089,1452094918,1
3484,7378,1452095898,0
3484,7092,1452095898,0
3484,31445,1452095898,0
3484,15247,1452095898,1
3484,11732,1452095898,1
3484,35333,1452095898,0
3485,26258,1451906534,1
3485,1013,1451906534,1
3485,21378,1451906534,0
3485,9296,1451906534,1
3485,10505,1451906534,1
3485,1158,1451906534,0
3485,2188,1451906534,0
3485,1976,1451906534,0
3485,12056,1451906534,1
3485,12100,1451910300,0
3485,31114,1451910300,0
3485,334,1451917457,1
3485,30847,1451917457,0
3485,28298,1451917458,-1
3485,12305,1451917458,0
3485,2949,1451917458,0
3485,30715,1451925761,0
3485,6970,1451925761,0
3485,20187,1451926419,0
3485,19777,1451926419,0
3485,6323,1451926419,0
3485,27980,1451926419,0
3485,34908,1451926419,0
3485,12264,1451927048,0
3485,17678,1451927048,0
3485,37341,1451927048,-1
3485,11853,1451928385,0
3485,22929,1451929012,0
3485,9526,1452004991,0
3485,20004,1452004991,0
3489,19930,1451909786,0
3489,36034,1451909786,0
3489,31054,1451909786,1
3489,28674,1451909786,0
3489,17907,1451909786,0
3489,21109,1451909786,0
3489,22012,1451909786,0
3489,1928,1451909786,0
3495,16319,1451816051,0
3506,35456,1451129855,1
3506,2233,1451129855,0
3506,14886,1451129855,0
3506,1764,1451129855,1
3506,6153,1451129914,0
3506,12935,1451237125,0
3507,14333,1451206218,1
3507,31480,1451206218,1
3508,14216,1348824192,1
3508,33408,1451121248,1
3511,17487,1451037299,0
3511,5735,1451037299,1
3515,8624,1450785480,1
3515,15707,1450785480,1
3515,4926,1450786452,0
3515,6039,1450798349,1
3515,35368,1450798349,0
3523,23245,1448566537,0
3523,6244,1448566537,-1
3523,37234,1450380326,1
3532,3953,1450077069,0
3536,6103,1449755947,1
3536,27786,1449755947,1
3536,36609,1449756944,1
3536,26429,1449756944,1
3536,22650,1449756944,0
3543,14171,1449424098,0
3543,12691,1449424098,-1
3543,21980,1449424098,0
3543,29505,1449424098,0
3543,10459,1449424098,0
3543,7745,1449424098,0
3543,31714,1449424098,0
3543,15358,1449424098,0
3543,24534,1449424098,-1
3543,16381,1449430916,0
3543,68,1449430916,0
3543,33575,1449430916,0
3543,17140,1449430916,0
3543,18909,1449430916,0
3543,8124,1449430916,0
3543,1395,1449430916,0
3543,16214,1449430916,0
3543,16917,1449430916,0
3543,17087,1449430916,0
3543,6893,1449430916,0
3543,21793,1449430916,0
3548,19264,1449316657,-1
3548,14337,1449316657,0
3559,9788,1448792732,0
3560,23810,1448700449,0
3566,15543,1448538140,0
3566,33886,1448538140,1
3573,18126,1448388476,0
3574,7227,1448354548,1
3576,9870,1448271205,1
3579,20894,1448203767,1
3583,7838,1446027749,0
3583,21274,1446027749,1
3583,19327,1446027749,0
3583,24740,1446027749,0
3583,33949,1446027749,0
3583,6360,1446027749,0
3583,5908,1447917076,0
3583,4635,1447917076,1
3584,2211,1447836001,0
3584,8415,1447836001,0
3597,20487,1447239893,0
3597,20501,1447239893,0
3597,14144,1447239893,1
3597,10237,1447239893,0
3597,20152,1447239893,0
3597,11434,1447239893,0
3597,32252,1447239893,0
3597,1904,1447424244,0
3597,634,1447424244,0
3597,14369,1447424244,0
3597,16353,1447424244,0
3597,32755,1447424244,0
3597,1611,1447424244,1
3597,36237,1447424244,0
3597,23257,1447424244,0
3597,28847,1447424244,0
3599,16711,1447336365,0
3599,10640,1447336365,0
3599,27987,1447336365,1
3599,11916,1447336365,0
3599,31860,1447336365,0
3599,36016,1447336365,0
3599,35440,1447336365,1
3599,5596,1447336365,1
3599,26718,1447336366,1
3599,20778,1447336366,1
3599,8863,1447336366,1
3599,2713,1447336366,1
3599,28705,1447336366,1
3599,19567,1447336366,0
3599,16929,1447336366,1
3599,9103,1447336366,1
3599,35388,1447336366,-1
3599,7822,1447336366,0
3599,16918,1447336366,1
3599,10246,1447336366,1
3599,9189,1447336366,0
3599,8114,1447336366,0
3599,13836,1447337192,1
3599,18078,1447337192,1
3599,31515,1447356963,0
3599,6611,1447356963,0
3599,10413,1447357291,1
3599,5214,1447357291,0
3600,4046,1447340203,1
3605,5224,1447225335,0
3605,13155,1447225335,0
3605,9360,1447225335,0
3605,23930,1447225335,0
3605,33566,1447225335,0
3605,20357,1447225335,0
3605,2047,1447225335,0
3605,16037,1447225335,0
3605,17685,1447225335,0
3605,19976,1447225335,0
3605,14809,1447225335,0
3605,17300,1447225335,0
3605,22111,1447225335,0
3605,6479,1447225335,0
3605,21576,1447225335,0
3605,17186,1447225335,0
3605,5230,1447225335,0
3605,423,1447225335,0
3617,27273,1446108250,0
3619,19151,1445946225,0
3619,18963,1445946225,1
3629,8975,1445683402,1
3629,26931,1445683402,1
3629,8145,1445683402,1
3630,21995,1445674940,-1
3637,13575,1445155399,0
3637,36675,1445157927,0
3637,16882,1445157927,0
3637,27131,1445157927,0
3637,11945,1445157927,0
3637,24075,1445157927,0
3637,3939,1445157927,0
3637,27411,1445157927,0
3637,6242,1445157927,0
3637,9984,1445157927,0
3642,27126,1445064110,-1
3642,24090,1445064674,0
3642,22881,1445064674,0
3642,35555,1445064674,0
3647,20772,1444716183,1
3649,37034,1425474091,1
3649,10574,1444576740,1
3652,17173,1444463376,0
3652,7146,1444464118,0
3652,24888,1444464118,0
3652,20360,1444464118,0
3671,30931,1443434133,0
3675,1070,1443424378,0
3683,34188,1443105032,0
3683,21073,1443105032,-1
3683,34631,1443105032,1
3683,9539,1443172643,-1
3684,28550,1443082274,1
3684,7001,1443082274,1
3684,18012,1443083055,1
3684,1420,1443083055,1
3684,8543,1443085179,0
3684,37333,1443085179,0
3684,28312,1443085179,1
3684,28701,1443085179,0
3684,33705,1443085555,0
3684,1046,1443100260,1
3684,6853,1443100260,-1
3684,27825,1443100260,1
3684,27597,1443100260,0
3684,18838,1443100260,0
3684,6656,1443100640,0
3697,208,1442188751,0
3697,24228,1442188751,0
3699,6815,1442344137,0
3699,32283,1442344137,1
3699,5610,1442344137,0
3699,11858,1442388368,1
3700,32034,1442344854,0
3700,52,1442344854,0
3700,27736,1442344854,0
3701,15695,1442343416,1
3701,22418,1442343416,0
3701,11414,1442343416,0
3709,28295,1441776248,1
3711,10039,1441627189,-1
3711,6493,1441698466,1
3711,8135,1441698466,-1
3711,12625,1441699651,1
3711,30362,1441699651,1
3711,16263,1441699651,-1
3716,37022,1441611090,-1
3716,28748,1441611090,0
3716,6798,1441617001,-1
3716,16673,1441617001,1
3716,15397,1441617001,-1
3716,19086,1441617001,1
3716,1343,1441617001,0
3716,18651,1441617001,1
3716,9769,1441617001,-1
3716,8114,1441617001,-1
3716,13653,1441617001,1
3716,4566,1441617001,0
3716,14155,1441617001,0
3716,8520,1441617001,0
3716,9194,1441617486,0
3716,215,1441617894,0
3716,6530,1441617894,-1
3717,7103,1441524187,0
3717,16855,1441524187,-1
3719,12658,1441443892,0
3724,31522,1440773498,1
3736,5928,1439393281,1
3736,8237,1439393281,1
3736,17974,1439393281,0
3739,2068,1439384060,0
3739,24807,1439384060,1
3740,26313,1439220587,1
3740,17515,1439220587,1
3740,36618,1439220587,-1
3740,11713,1439220587,0
3740,34810,1439224233,1
3740,14494,1439224233,1
3740,13690,1439224233,-1
3740,16855,1439224233,0
3740,12184,1439224233,1
3740,35987,1439225552,1
3740,30875,1439225552,1
3740,12814,1439225552,1
3740,20848,1439226083,0
3740,21080,1439226083,0
3740,33812,1439226083,1
3740,6962,1439226083,0
3740,711,1439226083,0
3740,4384,1439228699,0
3740,15367,1439231328,0
3740,16012,1439231328,1
3740,30058,1439231328,0
3740,13387,1439299841,0
3740,33323,1439299841,0
3743,6830,1439044413,1
3743,33740,1439044716,0
3743,28680,1439044716,1
3743,12835,1439045263,1
3743,240,1439045263,1
3743,27529,1439046310,1
3743,9133,1439046310,0
3743,26947,1439046310,0
3743,2146,1439046310,0
3743,16669,1439046310,0
3743,23180,1439105359,0
3743,20693,1439105359,1
3745,22301,1439030710,0
3745,572,1439030710,0
3745,17626,1439030710,1
3745,488,1439030710,1
3746,24496,1438938347,0
3746,25766,1438938347,0
3746,24774,1438938304,0
3746,17684,1438938304,0
3746,4103,1438938347,0
3746,14391,1438938347,1
3746,28275,1438938304,0
3746,7657,1438938304,0
3746,28062,1438938347,1
3746,23576,1438938304,0
3746,17997,1438938348,0
3746,23075,1438938348,0
3746,11767,1438938304,0
3746,24971,1438938304,-1
3746,32473,1438938304,1
3746,8754,1438938348,0
3746,22263,1438938347,0
3746,16293,1438938304,0
3746,27753,1438938347,-1
3746,4797,1438938346,-1
3746,13726,1438938304,0
3746,25982,1438938346,-1
3746,9610,1438938347,0
3746,6173,1438938346,0
3746,21905,1438938346,1
3746,16237,1438938348,0
3746,13160,1438938304,0
3746,23899,1438938347,1
3746,24716,1438938346,0
3746,8788,1438938304,0
3746,13326,1438938346,0
3746,19680,1438938304,0
3746,6073,1438938304,-1
3746,5564,1438938347,0
3746,18379,1438938347,0
3746,23365,1438938304,-1
3746,17655,1438938347,0
3746,647,1438938304,-1
3746,33710,1438938347,1
3746,9937,1438938347,1
3746,23019,1438938304,1
3746,35593,1438938304,0
3746,36195,1438938304,0
3746,8743,1438938347,1
3746,28524,1438938304,0
3746,26688,1438938304,0
3746,9687,1438938347,0
3746,19675,1438938347,0
3746,14886,1438938304,1
3746,17123,1438938304,0
3746,3965,1438938347,0
3746,29613,1438938304,0
3746,14566,1438938347,1
3746,22824,1438938304,0
3746,18618,1438938348,-1
3746,10875,1438938304,0
3746,7574,1438938304,0
3746,16464,1438938304,0
3746,1894,1438938348,0
3746,23203,1438938304,0
3749,18058,1438957298,-1
3749,21018,1438957298,0
3754,6101,1438697721,1
3754,35048,1438760845,-1
3754,5233,1438761883,0
3754,18789,1438790005,0
3758,10395,1438771778,1
3758,27150,1438773964,0
3761,31056,1438761832,0
3761,4894,1438761832,0
3761,24537,1438761832,0
3761,16996,1438761832,0
3765,32006,1438328655,0
3765,24093,1438328655,1
3765,9835,1438328655,0
3765,8796,1438414986,0
3765,4446,1438414986,1
3775,24586,1438157468,0
3775,14031,1438158901,1
3778,8417,1437825579,1
3778,12396,1437825578,1
3778,12946,1437825578,1
3778,34026,1437825578,1
3778,33508,1437910453,0
3778,10713,1438073609,0
3778,32411,1437910453,0
3778,4902,1437986493,0
3778,6353,1438073609,1
3778,6641,1437910453,0
3778,28217,1437935595,-1
3778,32156,1437912628,0
3778,7734,1437910453,0
3778,4888,1437915588,0
3778,4639,1437985833,0
3778,9706,1437915794,0
3778,33847,1437910453,0
3778,28832,1437910453,0
3778,13765,1437825578,1
3778,34043,1437935930,0
3778,8257,1437912628,0
3778,22863,1437825578,0
3778,6307,1437912628,0
3778,10581,1437991475,1
3778,5552,1437912628,0
3778,30223,1437910988,0
3778,12594,1437825579,1
3778,13992,1437825579,1
3778,9431,1437825578,0
3778,20798,1437935595,0
3778,7910,1437935930,1
3778,17709,1437991475,1
3778,7105,1437910988,1
3778,10548,1437910453,0
3778,30929,1437825578,0
3778,2652,1437935595,-1
3778,33549,1437915588,1
3778,27618,1437825578,1
3778,29055,1437910453,0
3778,26757,1437985833,0
3778,9730,1437910453,0
3778,8040,1437825579,-1
3778,35316,1437825579,1
3778,9296,1437912628,0
3778,5075,1437825578,1
3778,20625,1437825578,0
3778,27519,1437910988,1
3778,18664,1437912628,0
3778,14170,1437985833,1
3778,7135,1437912628,0
3778,19450,1438073609,-1
3778,26632,1437910988,0
3778,75,1437825578,0
3778,34192,1437912628,1
3778,4643,1437825579,1
3778,8769,1437825578,1
3778,29147,1437910453,0
3778,34081,1437825579,1
3778,35799,1437825579,0
3778,13204,1437910453,0
3782,1396,1438002156,-1
3782,9013,1438002156,1
3794,7557,1437727511,1
3798,34537,1437655933,1
3798,26709,1437655933,1
3798,25844,1437674028,-1
3798,26574,1437674028,-1
3798,26516,1437674028,1
3798,34465,1437674028,-1
3798,33428,1437674028,1
3798,14373,1437674028,0
3798,16037,1437674028,1
3798,21045,1437674028,-1
3808,9068,1437425647,-1
3808,6899,1437425647,0
3808,30963,1437425647,0
3808,4107,1437425647,-1
3808,21749,1437425647,0
3808,23001,1437425647,0
3808,5873,1437425647,1
3808,13112,1437425647,-1
3808,16737,1437425647,0
3808,23149,1437425647,0
3808,17878,1437425647,-1
3808,7554,1437425648,0
3808,23259,1437425648,0
3808,33377,1437425648,0
3808,5082,1437425648,0
3808,12049,1437425648,1
3808,32782,1437425648,0
3808,30282,1437425648,0
3808,31816,1437425648,1
3808,35323,1437425648,0
3808,9216,1437425648,0
3808,33370,1437425648,1
3808,30991,1437425648,-1
3808,25769,1437425648,0
3808,24695,1437425648,0
3808,31439,1437425648,-1
3808,7130,1437425648,1
3808,23464,1437425648,-1
3808,10423,1437425648,-1
3808,6710,1437425648,0
3808,24114,1437425648,0
3808,203,1437425648,-1
3808,9834,1437425649,1
3808,8253,1437425649,0
3808,16505,1437425649,0
3809,27621,1437421232,0
3809,9212,1437421232,1
3810,26295,1437419400,1
3824,26859,1437116263,1
3824,13369,1437116263,1
3824,4986,1437116263,1
3824,24788,1437116263,1
3825,36682,1437072273,1
3825,10012,1437072273,0
3825,25214,1437072273,0
3831,22075,1436861550,1
3831,17571,1436861550,1
3831,21180,1436863514,0
3835,16165,1436782228,0
3838,12871,1436724975,0
3839,16114,1436709446,0
3839,16781,1436709446,0
3839,32959,1436709446,1
3843,30811,1436627349,1
3843,7638,1436627349,0
3843,7651,1436627987,0
3843,22954,1436627987,-1
3849,24806,1436529895,0
3849,18050,1436538115,1
3849,37255,1436538115,1
3849,24380,1436538115,-1
3849,19931,1436538115,0
3849,1676,1436538115,0
3849,9582,1436538115,1
3849,12202,1436538115,1
3849,2395,1436538115,1
3849,2756,1436538115,1
3849,35197,1436538115,1
3849,1827,1436538115,0
3849,37256,1436538115,0
3849,26783,1436538115,1
3849,30844,1436538115,1
3849,14558,1436595348,0
3867,19617,1436436666,0
3867,26251,1436436838,1
3869,26240,1436430407,1
3869,1808,1436430407,-1
3869,34094,1436430407,0
3869,27691,1436430407,1
3869,10423,1436430407,1
3869,13904,1436430407,-1
3869,27382,1436430407,-1
3882,32250,1435741626,1
3882,26295,1435741626,1
3882,20191,1435741626,0
3882,10611,1435741868,0
3882,11759,1435755894,0
3882,15655,1435755894,0
3882,13344,1435755894,0
3882,21613,1435755894,0
3882,30357,1435755894,1
3882,28459,1435755894,0
3882,22567,1435755894,0
3886,18637,1435678019,0
3886,4762,1435678019,1
3886,34416,1435678029,1
3886,26079,1435678029,0
3886,6359,1435678035,0
3886,12097,1435678035,1
3886,26775,1435678040,0
3886,36974,1435678040,1
3886,18320,1435678046,1
3886,532,1435678046,0
3886,10532,1435678052,1
3886,17606,1435678052,0
3886,32933,1435678052,1
3886,18417,1435678058,0
3886,22663,1435678058,1
3886,22641,1435678063,0
3886,33736,1435678063,1
3893,9132,1435320118,1
3893,24901,1435320118,1
3893,34384,1435320118,0
3894,33944,1435245141,1
3894,7528,1435245141,1
3917,2780,1434052447,1
3917,22456,1434052447,1
3917,36,1434053960,-1
3920,20205,1433926791,1
3920,28502,1433926791,1
3920,4201,1433926791,1
3920,27485,1433926791,1
3920,24102,1433926791,1
3985,17524,1424727517,0
3985,16497,1424727517,1
3985,21694,1424727517,0
3985,19769,1424727517,1
3985,21608,1424727517,0
3985,7022,1424727517,0
3985,15754,1424727517,0
3985,8353,1424727517,-1
3985,8195,1424727517,1
3985,27282,1424727517,0
3985,18516,1424727517,0
3985,11350,1424727517,1
3985,731,1424727517,0
3985,1015,1424727517,0
3985,15584,1424727517,1
3985,24436,1424727517,0
3985,29533,1424727517,0
3985,6098,1424727517,0
3985,27185,1424727517,0
3985,10770,1424727517,0
3985,15528,1424727517,0
3985,12253,1424727517,0
4069,11400,1428393110,0
4074,12140,1428156439,0
4090,28170,1427678442,1
4090,14368,1427679100,0
4096,27129,1426693994,1
4096,19020,1426693994,0
4096,2161,1426758613,1
4096,10489,1426758613,1
4096,21443,1426758613,0
4096,4740,1426758613,1
4096,33862,1426759405,1
4096,22654,1426759405,-1
4096,9307,1426853621,1
4096,22774,1426853621,1
4096,11690,1427359705,0
4096,7941,1427359705,0
4096,2294,1427387394,1
4096,22463,1427387394,1
4105,8945,1427182883,1
4105,424,1427182883,1
4105,10238,1427182883,1
4105,4255,1427182883,1
4105,19135,1427182883,1
4105,27718,1427182883,-1
4105,16224,1427182883,1
4105,15816,1427182883,1
4105,24195,1427182884,1
4105,15695,1427182884,1
4112,21030,1426931392,1
4112,31470,1426931392,0
4112,21919,1426931392,0
4112,6569,1426931392,0
4112,34560,1426931392,0
4112,33454,1426931392,0
4112,6235,1426931392,0
4112,16509,1426931392,0
4112,15735,1426931392,0
4119,18718,1426835039,0
4120,19070,1426834438,0
4120,12059,1426834438,0
4120,13737,1426834438,0
4121,8918,1423147883,1
4121,21786,1423147883,0
4121,10746,1423147883,1
4121,28122,1423147884,0
4121,8793,1426708532,1
4121,22580,1426831985,0
4124,20859,1426507208,0
4124,11022,1426507208,0
4124,13105,1426507208,1
4124,9664,1426507208,0
4124,194,1426507208,1
4124,7906,1426510074,0
4124,23279,1426663798,0
4124,17764,1426663798,0
4124,7767,1426767936,0
4125,26216,1426750198,1
4125,31151,1426750198,1
4125,1336,1426750198,0
4127,16493,1426747679,1
4127,20589,1426747679,0
4127,10683,1426747679,0
4127,20602,1426748084,0
4127,18230,1426748084,0
4127,6992,1426748084,0
4127,28404,1426748084,0
4127,18846,1426748084,0
4127,21119,1426748084,0
4127,13374,1426748084,0
4128,307,1426746696,0
4134,20953,1420741773,0
4134,26657,1420741773,0
4134,36685,1420741773,0
4134,16614,1426603042,0
4143,21201,1426315276,0
4143,6446,1426315276,1
4143,6300,1426315276,1
4143,17054,1426315276,0
4143,8478,1426317377,0
4145,24909,1426224151,0
4145,4500,1426224151,0
4145,7895,1426224151,1
4152,33834,1425952592,-1
4153,19971,1425896999,-1
4160,16454,1425660581,-1
4160,7929,1425660581,0
4160,19496,1425660581,0
4160,19018,1425690940,0
4161,450,1425611707,0
4161,8154,1425611707,0
4161,8537,1425689646,0
4173,34154,1425453979,0
4173,21429,1425454101,0
4173,8663,1425454101,0
4173,16410,1425454438,0
4173,18344,1425454438,0
4173,22740,1425454438,0
4173,10495,1425454438,0
4173,8768,1425454438,0
4173,21788,1425454438,0
4178,2931,1425370765,0
4178,8377,1425375612,0
4178,31459,1425375612,1
4187,13650,1425085644,0
4187,30829,1425274724,0
4187,6124,1425274724,0
4187,25111,1425274724,1
4187,22756,1425274744,0
4193,10246,1424955463,0
4193,7945,1424955463,-1
4199,15383,1424846798,1
4199,17994,1424867619,0
4209,4089,1424428389,1
4209,19917,1424428389,0
4209,26101,1424428389,-1
4209,18374,1424428389,0
4209,28063,1424516327,-1
4220,16393,1424243629,0
4220,23695,1424243629,0
4220,17260,1424243629,0
4233,19160,1424002520,-1
4233,32731,1424002520,0
4237,35644,1423989621,1
4237,4499,1423989621,0
4237,30116,1423989844,0
4242,33768,1423793974,0
4242,27346,1423793974,0
4242,12248,1423793974,0
4243,28181,1423753530,1
4243,33622,1423753531,0
4247,43,1423648091,0
4247,11398,1423648091,0
4247,16151,1423660459,0
4247,27312,1423660459,0
4247,36462,1423660773,0
4247,33271,1423661130,0
4247,13233,1423704317,0
4247,371,1423745827,0
4247,12720,1423745827,1
4247,17286,1423745827,0
4247,1241,1423745827,1
4248,28114,1423734012,1
4249,18758,1423721720,0
4249,6247,1423721720,1
4249,31561,1423721720,1
4249,37316,1423721720,1
4249,20362,1423721720,0
4249,29725,1423721720,1
4251,12964,1423676806,0
4251,22651,1423676806,0
4256,8676,1423556327,0
4256,34091,1423557047,1
4256,31647,1423557047,0
4263,9120,1423224022,0
4263,6960,1423224022,0
4263,4752,1423224022,0
4263,15909,1423224022,0
4263,5154,1423224022,0
4263,21350,1423224022,0
4263,28416,1423224022,0
4263,9750,1423224022,0
4263,9403,1423224022,0
4263,20698,1423224022,0
4263,21376,1423224022,0
4263,18380,1423224022,0
4263,4717,1423224022,0
4263,7445,1423224022,0
4263,24635,1423224022,0
4263,30405,1423224022,0
4263,20537,1423224022,0
4263,24646,1423224022,0
4263,2724,1423224022,0
4263,1142,1423224022,0
4263,21612,1423224022,0
4263,7411,1423224022,0
4263,9726,1423224022,0
4263,1071,1423224022,0
4263,7932,1423224022,0
4263,13901,1423224022,0
4263,8173,1423224022,0
4263,9546,1423224022,0
4263,2405,1423224022,0
4263,1220,1423224022,0
4263,28735,1423224022,0
4263,10395,1423224022,0
4263,21037,1423224022,0
4264,36318,1423222473,0
4264,26858,1423222473,1
4272,6247,1422899200,1
4273,18522,1422877506,0
4276,222,1422539238,1
4276,4859,1422539238,-1
4282,739,1422160402,1
4282,8815,1422160402,1
4282,32818,1422160402,0
4282,9282,1422340705,0
4285,28170,1422007385,0
4289,412,1421405687,0
4289,21142,1421405687,0
4289,37159,1421837723,1
4289,14441,1421769650,0
4289,576,1421769650,0
4289,11728,1421681109,0
4289,26206,1421691265,0
4289,21266,1421405687,0
4289,27285,1421405687,0
4289,31446,1421405687,0
4289,18001,1421838222,-1
4289,28122,1421769650,0
4289,2819,1421405687,0
4289,20862,1421405687,0
4289,2166,1421837723,0
4289,2814,1421681109,0
4289,6104,1421748662,0
4289,35591,1421405687,0
4289,32056,1421762153,0
4289,9025,1421762153,0
4289,5606,1421691265,0
4289,17964,1421769650,0
4289,28005,1421405687,0
4289,27318,1421405687,0
4289,15495,1421674096,0
4289,21966,1421405687,0
4289,2296,1421405687,0
4289,10561,1421693707,0
4289,15553,1421405687,0
4289,7937,1421405687,0
4289,644,1421405687,0
4289,32200,1421762153,0
4289,18689,1421405687,0
4289,8507,1421837723,1
4289,27856,1421844855,0
4289,9752,1421744039,0
4289,21673,1421674096,0
4289,14176,1421769650,0
4289,29678,1421405687,0
4289,1239,1421405687,0
4289,21269,1421405687,0
4289,14788,1421405687,0
4289,17432,1421837723,1
4289,9303,1421405687,0
4289,1142,1421762153,0
4289,6286,1421405687,0
4289,33587,1421748662,0
4289,20040,1421769650,0
4289,11424,1421769650,0
4289,5412,1421748662,0
4289,31181,1421769650,0
4289,16145,1421681109,0
4289,5804,1421674096,0
4289,18659,1421837723,1
4289,9700,1421769650,0
4289,8610,1421693707,0
4289,20581,1421405687,0
4289,19502,1421744039,0
4289,8959,1421837723,1
4289,12618,1421744039,0
4295,20244,1421595637,0
4295,17444,1421595637,0
4295,35401,1421595637,1
4295,26943,1421595637,0
4295,16033,1421595637,1
4297,17551,1421551183,1
4297,14045,1421551183,1
4297,31661,1421551183,0
4299,2100,1421498072,0
4299,6919,1421498072,0
4302,1762,1421422782,1
4302,17464,1421426684,-1
4302,4723,1421426684,0
4302,8887,1421426684,0
4302,28624,1421426684,0
4302,19857,1421426684,-1
4302,20963,1421426684,1
4302,20066,1421426684,0
4302,34624,1421426684,0
4307,33408,1421292396,-1
4311,9056,1420759898,1
4311,9278,1420759898,1
4311,21829,1420759898,-1
4311,23504,1421166808,0
4315,31187,1421130357,0
4315,7126,1421130357,-1
4315,4203,1421130660,0
4315,13738,1421130660,0
4315,5527,1421130660,0
4315,25982,1421130660,0
4315,34709,1421130660,0
4315,7123,1421130660,0
4315,33388,1421130660,0
4315,17541,1421130660,0
4315,4297,1421130660,0
4315,25752,1421130660,0
4315,25703,1421130660,0
4317,34967,1421077938,0
4322,20795,1420972169,1
4322,18056,1420972169,1
4322,20414,1420972169,1
4324,28061,1420700447,0
4324,9348,1420700447,0
4324,18397,1420700447,1
4324,8909,1420701041,0
4325,30918,1420699628,1
4327,2107,1420656418,0
4327,22035,1420656418,0
4327,16696,1420656418,0
4327,31897,1420656418,0
4335,13816,1420351395,0
4339,24295,1419210510,1
4339,8928,1419210510,0
4339,8488,1419210510,1
4339,31881,1419386109,0
4339,28597,1419978070,0
4347,27662,1419334724,0
4347,11348,1419334724,0
4347,5505,1419334724,1
4347,22926,1419334724,-1
4347,6566,1419334724,0
4347,28397,1419334948,0
4347,24803,1419334948,0
4349,12972,1419328683,1
4349,7834,1419328683,-1
4349,28108,1419329147,-1
4349,1712,1419329147,0
4349,15399,1419329147,0
4351,22965,1419167895,1
4351,7359,1419167895,1
4351,27117,1419167895,1
4354,21182,1315611519,1
4354,7912,1315611519,0
4354,10963,1315611519,0
4354,7087,1315611519,0
4354,15988,1315611519,-1
4354,34628,1315611519,0
4354,28361,1315611519,1
4354,17203,1315611519,0
4354,22745,1315611519,0
4354,7487,1315611519,0
4354,748,1419148883,0
4360,19778,1418724994,0
4360,6734,1418224456,-1
4360,12341,1418724994,0
4360,14525,1418234208,0
4360,12582,1418660494,0
4360,28457,1418726235,1
4360,18466,1418230972,1
4360,22824,1418289305,1
4360,12017,1418225494,-1
4360,33676,1418291305,-1
4360,30298,1418724994,0
4360,28547,1418285352,1
4360,36628,1418281647,0
4360,16326,1418230481,0
4360,6599,1418233447,0
4360,20359,1418756609,1
4360,28359,1418291620,-1
4360,28219,1418233125,1
4360,12228,1418230481,-1
4360,32598,1418320570,-1
4360,24746,1418281647,-1
4360,22631,1418740575,0
4360,24101,1418291305,0
4360,26613,1418230972,0
4360,14250,1418741654,1
4360,5439,1418291305,1
4360,19928,1418225494,0
4360,25974,1418756609,1
4360,9568,1418381030,1
4360,15844,1418233125,0
4360,24294,1418216024,1
4360,6971,1418221265,1
4360,4534,1418725345,0
4360,291,1418224456,-1
4360,15855,1418726235,0
4360,15590,1418289305,-1
4360,2170,1418807147,0
4360,11803,1418289305,0
4360,30943,1418815047,0
4360,36086,1418232359,1
4360,31840,1418320570,-1
4360,9080,1418806008,0
4360,24811,1418660494,0
4360,7474,1418234208,0
4360,33434,1418291305,0
4360,23344,1418214435,1
4360,9961,1418281647,0
4360,11808,1418756609,1
4360,8088,1418220489,-1
4360,6004,1418281647,0
4360,3065,1418291305,0
4360,20039,1418289305,1
4360,18681,1418291305,0
4360,15242,1418815047,0
4360,26968,1418740575,-1
4360,8803,1418742591,1
4360,5192,1418233447,0
4360,13323,1418214830,1
4360,10414,1418220489,-1
4360,34158,1418726235,-1
4366,30698,1417345569,0
4366,13489,1417345569,-1
4366,7192,1417345569,-1
4366,31532,1417345569,-1
4366,1931,1417409787,0
4366,30902,1417409787,0
4366,9491,1417409787,1
4366,14520,1417488816,0
4366,34348,1418657591,0
4367,5967,1418494750,0
4371,16193,1418304585,0
4371,7316,1418304585,0
4383,12648,1417623623,1
4383,31227,1417623623,1
4383,25803,1417623623,1
4383,4403,1417623623,0
4383,35658,1417784345,0
4384,19984,1417588545,0
4384,15917,1417588545,1
4384,12069,1417588545,0
4384,29856,1417588545,1
4384,20511,1417588599,0
4384,35592,1417748526,0
4384,12210,1417748526,0
4387,5184,1417683087,1
4391,13525,1417674549,1
4391,30773,1417674549,0
4391,23932,1417674880,0
4391,15740,1417674880,0
4391,4547,1417674880,0
4391,20682,1417675423,1
4391,23414,1417675423,0
4392,26312,1417660674,1
4393,14899,1417112786,1
4393,14016,1417112786,0
4393,23914,1417112786,0
4393,27533,1417634509,0
4393,33047,1417634509,0
4395,23952,1417633300,0
4395,30853,1417633300,0
4399,185,1417615072,1
4407,32680,1417522481,0
4407,4818,1417522481,1
4407,16620,1417522481,1
4407,5283,1417522481,1
4407,26193,1417522481,0
4407,10958,1417522481,1
4407,19291,1417530423,-1
4409,31136,1417515760,0
4410,4407,1417488674,0
4410,23456,1417488674,0
4410,31390,1417488674,1
4410,25218,1417488764,-1
4410,14198,1417488790,0
4410,31707,1417488790,0
4410,28503,1417488790,0
4410,27007,1417488817,0
4410,27751,1417488817,0
4410,2242,1417488817,0
4410,18649,1417488817,0
4410,8405,1417488817,0
4410,21020,1417488817,0
4410,5603,1417488817,0
4410,37612,1417491602,0
4410,6711,1417491602,0
4410,4525,1417491602,0
4410,6559,1417491602,0
4412,20254,1417432562,0
4412,26292,1417432967,0
4413,12572,1417428144,0
4415,14463,1415665301,0
4415,23689,1415665301,0
4415,7696,1415665301,0
4415,17123,1415665301,0
4415,19669,1415665301,0
4415,5534,1415665301,0
4415,16060,1417380782,0
4418,17438,1417361384,1
4419,17319,1417360778,0
4419,9488,1417360993,0
4422,14846,1415877369,-1
4422,5694,1417352784,0
4422,28554,1417352784,0
4429,6300,1417163900,-1
4429,9195,1417163900,0
4432,1938,1417074067,0
4432,34681,1417081470,0
4433,31718,1417072578,-1
4434,4044,1417072577,0
4434,20589,1417072577,0
4437,4773,1416797412,0
4437,15937,1416797412,0
4437,18728,1416797412,0
4437,143,1416797412,0
4437,7173,1416797412,0
4437,26635,1416797412,0
4437,23953,1416797412,0
4437,16451,1416797412,0
4437,12713,1416797412,0
4440,8338,1416559441,1
4440,30928,1416559441,1
4440,35080,1416559479,1
4440,33757,1416579384,0
4440,32705,1416579384,-1
4440,33546,1416579384,0
4441,30079,1416561667,0
4441,8866,1416561570,0
4441,2395,1416561667,-1
4441,15652,1416561667,0
4441,21237,1416561570,0
4441,13169,1416561570,-1
4441,14046,1416561667,0
4441,24189,1416561570,-1
4441,30707,1416561570,0
4441,4737,1416561570,0
4441,16399,1416561667,0
4441,30623,1416561667,1
4441,12387,1416561570,0
4441,36685,1416561667,0
4441,26500,1416561667,1
4441,28047,1416561667,0
4441,33616,1416561570,0
4441,10873,1416561667,0
4441,28495,1416561667,0
4441,28440,1416561667,0
4441,33961,1416561667,0
4441,24381,1416561570,0
4441,15152,1416561667,0
4441,7174,1416561667,0
4441,31554,1416561570,0
4441,5220,1416561667,1
4441,1861,1416561570,0
4441,2293,1416561667,1
4441,27093,1416561570,0
4441,18935,1416561570,0
4441,17402,1416561667,0
4441,5289,1416561570,-1
4441,31539,1416561667,0
4441,572,1416561570,0
4441,20384,1416561570,0
4441,34218,1416561667,0
4441,15707,1416561667,0
4441,9027,1416561667,0
4441,30974,1416561570,0
4441,13172,1416561570,-1
4441,7547,1416561570,0
4441,4649,1416561667,0
4441,25652,1416561570,0
4441,12886,1416561570,0
4441,6293,1416561570,0
4441,31555,1416561667,0
4441,31111,1416561570,0
4441,35814,1416561570,0
4441,20566,1416561667,0
4441,5511,1416561570,0
4441,5501,1416561667,1
4441,28753,1416561667,0
4441,10767,1416561570,0
4441,25662,1416561667,0
4441,2966,1416561667,0
4441,16498,1416561667,0
4441,24321,1416561570,1
4441,1474,1416561667,0
4441,21069,1416561667,0
4441,33367,1416561570,0
4442,3999,1416491787,0
4442,6595,1416491787,0
4442,19065,1416494327,0
4443,12193,1416482646,0
4448,5708,1416380597,0
4448,18641,1416380597,0
4452,4217,1416131850,0
4452,30620,1416197239,0
4458,29740,1415869454,-1
4458,7903,1415874672,0
4458,24658,1415874672,0
4458,18828,1415874672,0
4458,21709,1415862401,0
4458,4104,1415874672,0
4458,21812,1415873742,-1
4458,32473,1415862401,0
4458,733,1415874672,0
4458,16039,1415869454,0
4458,8576,1415874672,0
4458,17515,1415874672,0
4458,7017,1415869454,-1
4458,27524,1415874672,0
4458,23344,1415868166,0
4458,27702,1415874672,0
4458,10069,1415868166,0
4458,22019,1415869454,-1
4458,21804,1415861084,0
4458,6683,1415874672,0
4458,151,1415872687,0
4458,9784,1415874672,0
4458,13582,1415871531,-1
4458,11085,1415868166,-1
4458,28049,1415869454,0
4458,1603,1415872687,0
4458,6928,1415874672,0
4458,20146,1415874672,0
4458,6964,1415874672,0
4458,23212,1415870491,0
4458,9705,1415873742,0
4458,12617,1415874672,0
4458,37685,1415874672,0
4458,13404,1415874672,0
4458,12409,1415868166,0
4458,12073,1415869454,0
4458,30940,1415868166,-1
4458,24299,1415874672,0
4458,6370,1415870491,-1
4458,1205,1415874672,0
4458,1765,1415862401,-1
4458,8999,1415874672,0
4458,26762,1415872687,0
4458,6126,1415872687,0
4458,27463,1415874672,0
4458,30597,1415874672,0
4458,9841,1415861084,0
4458,10494,1415871531,-1
4458,1277,1415871531,-1
4458,4195,1415874672,0
4458,23804,1415870491,-1
4458,14193,1415874672,0
4458,27151,1415874672,0
4458,8662,1415874672,0
4458,28177,1415874672,0
4458,6968,1415872687,-1
4458,19857,1415873742,1
4458,7146,1415870491,-1
4458,22628,1415861084,0
4458,1578,1415874672,0
4470,35832,1415702710,0
4471,8867,1415693541,1
4471,3936,1415693541,1
4471,13671,1415693541,1
4471,19760,1415693541,1
4474,449,1415391503,0
4474,10646,1415391503,0
4474,19933,1415391503,-1
4474,36326,1415391503,0
4474,8804,1415391503,0
4474,20796,1415391503,0
4475,32124,1415367795,0
4475,10080,1415367795,0
4475,34068,1415367795,1
4479,17848,1415068933,1
4479,15520,1415068933,1
4479,2738,1415068933,-1
4479,15939,1415069694,0
4479,15768,1415324064,0
4503,9483,1414556849,0
4503,3905,1414556849,1
4503,22026,1414556849,0
4506,26532,1414410987,0
4506,1378,1414410987,0
4506,31111,1414420856,0
4506,11840,1414420856,0
4506,36341,1414420856,0
4506,16086,1414420856,0
4506,14203,1414420856,0
4506,2282,1414421964,1
4506,2358,1414421964,1
4506,9355,1414439695,0
4506,33525,1414439695,0
4507,25190,1414412511,0
4511,5284,1414238378,0
4512,21917,1414186996,0
4512,29571,1414186996,0
4518,8574,1414152820,1
4518,8141,1414152820,1
4518,16416,1414152820,1
4518,24247,1414152820,1
4518,36163,1414153074,0
4518,28652,1414153074,0
4518,14242,1414153074,0
4522,11754,1413920951,0
4529,2038,1413771539,-1
4529,7110,1413772394,0
4531,25983,1413533357,-1
4531,1231,1413533357,-1
4531,1666,1413533357,-1
4531,18238,1413533357,-1
4536,7704,1413254513,1
4536,26740,1413254513,1
4536,15783,1413254513,1
4536,9896,1413254513,1
4536,12915,1413254513,0
4536,261,1413254514,1
4536,228,1413254514,1
4536,26071,1413254514,0
4536,22377,1413254514,1
4536,6960,1413254514,1
4543,36251,1412842277,1
4546,24447,1412777799,1
4557,37231,1411818953,0
4576,29603,1410922136,1
4583,425,1410534929,0
4583,16592,1410534929,0
4583,33680,1410534929,0
4583,17081,1410534929,0
4583,17625,1410534929,0
4583,10527,1410534929,0
4583,18625,1410535061,0
4583,6680,1410535061,0
4583,1412,1410535061,0
4594,32610,1410164713,0
4596,8895,1410074052,0
4596,1832,1410074052,0
4596,1336,1410074052,0
4596,20411,1410074052,0
4596,4639,1410074052,0
4596,10015,1410074052,0
4596,2269,1410074052,0
4596,1540,1410074052,0
4596,34432,1410074052,0
4596,9947,1410074052,0
4596,15534,1410074052,0
4596,17623,1410074052,0
4596,5795,1410074052,0
4596,23248,1410074052,0
4596,12813,1410074052,0
4596,20187,1410074052,0
4596,10716,1410074554,0
4596,23444,1410074554,0
4611,2116,1409465067,0
4611,20452,1409465067,0
4611,16766,1409465067,0
4611,22909,1409465067,-1
4611,673,1409465067,0
4611,16124,1409465067,0
4611,32598,1409465067,0
4611,8720,1409465067,-1
4611,6103,1409465067,-1
4611,32463,1409465067,0
4611,16617,1409465067,0
4611,9358,1409465067,-1
4611,6101,1409465067,0
4611,1734,1409465067,0
4611,14106,1409465067,0
4611,14088,1409466344,0
4611,24821,1409466344,0
4611,2939,1409466344,0
4611,21255,1409466344,0
4611,27666,1409466344,0
4611,15218,1409466344,1
4611,12705,1409466344,0
4611,18369,1409466344,0
4611,4035,1409466344,0
4611,26764,1409466344,0
4611,10574,1409466344,1
4611,14310,1409466344,0
4611,13335,1409466344,1
4611,13062,1409466344,0
4611,28139,1409466344,1
4612,654,1409390406,0
4612,15158,1409390406,0
4612,1251,1409390406,0
4612,13061,1409390406,0
4615,3948,1409381522,1
4615,31085,1409381522,-1
4615,16613,1409381522,1
4615,9250,1409381522,1
4615,26173,1409381522,-1
4615,13691,1409381522,1
4615,30926,1409381522,0
4615,11136,1409381522,1
4615,26773,1409381522,1
4615,30403,1409381522,1
4620,12430,1409229761,1
4621,1940,1409216658,1
4622,36229,1409208593,1
4624,8054,1409130730,0
4624,10538,1409130730,0
4624,31504,1409140378,-1
4624,23591,1409140378,0
4624,5690,1409140378,1
4624,15504,1409140378,-1
4624,9914,1409140378,-1
4624,1189,1409141227,0
4626,9428,1409133250,1
4626,5791,1409135222,1
4631,33255,1409084908,0
4634,19750,1409058901,0
4634,19362,1409061027,0
4639,11727,1408971395,-1
4639,27724,1408971395,1
4639,13046,1408971395,1
4640,20452,1408959180,0
4640,6693,1408959180,0
4640,22545,1408959180,0
4640,6163,1408959180,0
4640,12777,1408959180,0
4640,18126,1408959180,0
4640,5006,1408959180,0
4640,9885,1408959180,0
4640,11890,1408959180,0
4640,12514,1408959180,0
4640,4793,1408959180,0
4640,1396,1408959180,0
4640,9966,1408959180,0
4640,12661,1408959180,0
4640,26674,1408959180,0
4640,27668,1408959180,0
4640,23325,1408959180,0
4640,7977,1408959180,0
4640,7002,1408959180,0
4640,18213,1408959180,0
4640,18249,1408959180,0
4640,1727,1408959180,0
4640,4118,1408959180,0
4640,26667,1408959180,0
4640,2368,1408959180,0
4640,5113,1408959180,0
4640,12862,1408959180,0
4640,21070,1408959180,0
4640,14181,1408959180,0
4640,26280,1408959180,0
4640,6491,1408959180,0
4640,4487,1408959180,0
4640,27942,1408959180,0
4640,15114,1408959180,0
4640,5918,1408959180,0
4640,6306,1408959180,0
4640,34907,1408959180,0
4640,14870,1408959180,0
4640,21424,1408959180,0
4640,19098,1408959180,0
4640,416,1408959180,0
4640,13265,1408959180,0
4640,22797,1408959180,0
4640,14343,1408959180,0
4640,32836,1408959180,0
4640,21841,1408959180,0
4640,12409,1408959180,0
4640,4538,1408959180,0
4640,4555,1408959180,0
4640,5298,1408959180,0
4640,1564,1408959180,0
4641,20647,1408953663,0
4641,4802,1408953663,-1
4641,12361,1408953663,1
4641,26486,1408953663,0
4641,28471,1408953663,1
4647,35166,1408631937,1
4647,8169,1408631937,0
4647,10989,1408631937,-1
4647,31055,1408631937,1
4647,31189,1408631937,-1
4647,37395,1408631937,-1
4647,32301,1408631937,-1
4647,12477,1408631937,0
4647,13069,1408631937,0
4647,6439,1408631937,0
4647,18221,1408631937,1
4647,13637,1408631937,0
4647,21980,1408631937,0
4647,28210,1408631937,0
4647,6410,1408631937,1
4647,6416,1408631937,0
4647,21358,1408631937,0
4647,10055,1408631937,0
4647,16739,1408631937,-1
4647,683,1408631937,1
4647,20121,1408631937,0
4647,6177,1408631937,0
4647,33321,1408631937,0
4647,31809,1408631937,0
4647,26524,1408631937,0
4647,13748,1408631937,-1
4647,34548,1408685842,-1
4647,13857,1408685842,0
4647,25763,1408685842,1
4647,4138,1408685842,-1
4647,26974,1408685842,-1
4647,15242,1408685842,-1
4647,15762,1408685842,0
4647,29055,1408685842,0
4647,243,1408685842,1
4647,21007,1408685842,1
4647,6580,1408687866,0
4647,24960,1408687866,0
4657,4751,1408443847,1
4657,4015,1408443847,1
4663,30340,1408366514,1
4666,18249,1408341187,0
4666,8114,1408341187,0
4666,18018,1408341187,1
4666,14568,1408341187,1
4666,13989,1408341187,1
4672,36168,1408011644,0
4688,15855,1407237639,-1
4688,22421,1407237639,1
4688,21966,1407237639,0
4688,34370,1407237639,1
4688,35754,1407237639,1
4688,1186,1407237639,1
4688,36940,1407237639,0
4688,34143,1407237639,0
4688,4179,1407237639,1
4688,14899,1407324947,1
4688,6697,1407237639,0
4688,9305,1407237639,0
4688,4349,1407237639,1
4688,18381,1407237639,1
4688,11337,1407237639,1
4688,13658,1407237639,1
4688,34292,1407252459,0
4688,9395,1407394721,0
4688,32304,1407237639,0
4688,20321,1407237639,1
4688,26433,1407331810,0
4688,16318,1407237639,0
4688,37492,1407237639,1
4688,8719,1407237639,0
4688,33690,1407237639,0
4688,35383,1407394721,0
4688,5147,1407237639,-1
4688,21266,1407237639,0
4688,34663,1407324947,0
4688,34268,1407230306,0
4688,10451,1407237639,0
4688,12073,1407237639,1
4688,23416,1407237639,1
4688,19994,1407252459,0
4688,31033,1407324947,1
4688,15783,1407481678,1
4688,8609,1407237639,1
4688,1296,1407237639,0
4688,21680,1407237639,1
4688,28510,1407252459,0
4688,1657,1407237639,1
4688,26901,1407324947,0
4688,16743,1407237639,0
4688,34384,1407237639,1
4688,18723,1406730134,0
4688,16518,1407237639,1
4688,323,1407324947,0
4688,22539,1407324947,0
4688,12748,1407237639,0
4688,28324,1407237639,0
4688,24810,1407237639,0
4688,9302,1407237639,0
4688,15511,1407237639,0
4688,5013,1407237639,1
4688,10184,1407328943,0
4688,16268,1407481678,1
4688,31063,1407237639,1
4688,24368,1407237639,0
4688,34085,1407237639,0
4688,33378,1407237639,0
4694,13994,1407159653,1
4695,16737,1407158835,-1
4697,6022,1407137049,1
4702,14226,1406537449,1
4702,34178,1406537449,1
4702,4906,1406537449,0
4702,35460,1406537449,1
4702,31667,1406537449,1
4702,29056,1406537449,1
4703,10574,1406035518,1
4703,26974,1406533375,0
4703,33686,1406035518,1
4703,18946,1406035517,0
4703,1332,1406035518,0
4703,1983,1406035517,0
4703,4408,1406035517,0
4703,11748,1406035517,0
4703,25106,1406035518,0
4703,28173,1406035520,0
4703,27780,1406035518,0
4703,31588,1406035518,1
4703,20859,1406533375,0
4703,11938,1406035517,-1
4703,24712,1406035517,0
4703,5161,1406035517,0
4703,19502,1406035519,1
4703,35811,1406035520,-1
4703,9533,1406035517,0
4703,37362,1406035518,0
4703,15861,1406035518,0
4703,9614,1406035520,0
4703,9104,1406035517,0
4703,4457,1406035518,-1
4703,13456,1406035518,0
4703,14252,1406035517,0
4703,28080,1406035518,0
4703,24797,1406035518,0
4703,7356,1406035518,0
4703,10943,1406035518,0
4703,12859,1406035518,-1
4703,22849,1406035518,0
4703,5707,1406035518,0
4703,8849,1406035519,0
4703,37432,1406035518,0
4703,8515,1406035519,0
4703,20559,1406035518,0
4703,6774,1406035518,0
4703,33788,1406035518,0
4703,17485,1406035517,0
4703,21987,1406035518,0
4703,13433,1406035517,0
4703,32737,1406193328,1
4703,10933,1406035517,0
4703,9351,1406035518,0
4703,8352,1406035518,0
4703,13877,1406035518,0
4703,5180,1406035517,0
4703,16134,1406035518,0
4703,6984,1406035517,0
4703,23412,1406035518,1
4703,8671,1406035520,-1
4703,18651,1406035517,0
4703,13157,1406035518,1
4703,24326,1406035518,0
4703,12750,1406035518,0
4703,11772,1406035518,0
4703,1926,1406035518,0
4703,9821,1406035517,0
4703,20537,1406035518,0
4712,28740,1406108279,1
4712,35193,1406108279,0
4712,11078,1406108279,1
4734,9147,1401207966,-1
4734,2136,1401207966,0
4734,1068,1401207966,1
4734,6599,1401207966,0
4734,35461,1401697171,0
4734,22093,1401697171,1
4734,8112,1401697171,-1
4734,23728,1401697171,0
4734,19744,1401697171,1
4734,12511,1401697171,-1
4734,27100,1401697171,0
4734,7700,1401697171,0
4734,4910,1401697171,0
4734,2043,1401697171,0
4734,30166,1401697171,0
4734,8304,1401697171,0
4734,4505,1402065956,1
4734,19150,1404206378,-1
4734,14910,1404206378,1
4734,13891,1404234679,0
4734,29904,1404234679,1
4734,26922,1404464183,0
4734,9725,1404464183,1
4734,27349,1405088987,0
4734,13566,1405088987,0
4734,15927,1405088987,-1
4736,2073,1405073171,1
4736,19587,1405073171,1
4736,13901,1405073171,0
4738,12786,1405069428,0
4738,10061,1405069428,0
4745,1183,1404770346,0
4745,8728,1404770346,0
4745,26537,1404770346,0
4745,16525,1404770346,0
4745,21303,1404770346,-1
4745,16631,1404809679,0
4749,12376,1404482904,0
4749,12594,1404482904,1
4750,36226,1404478527,1
4750,6853,1404478527,1
4750,14894,1404478527,0
4750,32923,1404478527,0
4750,18096,1404478527,0
4750,7150,1404478527,0
4750,7522,1404478527,1
4750,15146,1404478785,0
4750,22192,1404478785,0
4750,19236,1404478785,0
4750,27605,1404479017,0
4750,14199,1404479017,0
4757,6160,1404377348,0
4763,14324,1404219431,1
4763,9066,1404219431,0
4763,1625,1404219431,0
4772,14047,1403805125,-1
4772,2304,1403805125,0
4772,17857,1403805125,1
4774,12415,1403791680,0
4776,14491,1403755392,0
4776,34587,1403755392,0
4776,27343,1403763231,0
4778,3989,1403755391,1
4778,36614,1403755391,1
4782,16843,1403689085,0
4794,13608,1403009559,0
4794,35451,1403009559,0
4794,33683,1403009559,0
4794,22208,1403009559,0
4794,20615,1403010983,0
4794,26292,1403010983,0
4797,1239,1402933689,0
4797,20319,1402933689,0
4797,7121,1402933689,0
4797,30131,1402944125,0
4797,12196,1402944125,0
4797,14062,1402944125,0
4802,8624,1402674336,0
4802,2125,1402674336,0
4802,16294,1402674336,0
4802,4996,1402674336,0
4802,10069,1402729800,0
4802,5919,1402729800,0
4822,8841,1401886918,-1
4822,8851,1401886918,0
4822,33042,1401886918,0
4822,4854,1401946784,-1
4823,17618,1401943691,0
4823,22401,1401943691,0
4824,5092,1401852938,0
4824,24073,1401852938,0
4824,35402,1401853466,0
4824,30143,1401853466,0
4825,12912,1401308986,1
4825,28651,1401308986,1
4825,33664,1401312180,0
4825,34030,1401401683,0
4826,27913,1401369911,1
4831,16997,1401076547,0
4831,32131,1401078227,0
4831,5251,1401085917,-1
4831,18814,1401171121,0
4832,6619,1400752434,-1
4832,21473,1400752434,0
4832,28808,1400752434,0
4832,21958,1400752434,-1
4832,5544,1400752434,-1
4832,4481,1400752434,0
4832,28304,1400752434,-1
4832,15632,1400752434,-1
4832,20872,1400752434,0
4832,14494,1400752434,-1
4832,27459,1401168645,-1
4832,5442,1401170632,0
4832,33617,1401170632,0
4839,23189,1400681864,0
4844,26078,1399984197,0
4845,12473,1399965460,0
4845,2204,1399965460,1
4845,1681,1399965460,1
4851,7189,1399543231,-1
4851,24570,1399543231,1
4861,12979,1398869056,0
4861,28204,1398869056,0
4861,30956,1398869056,0
4861,27132,1398869056,0
4861,27474,1398869056,0
4861,23751,1398869056,0
4861,23430,1398869056,1
4861,28113,1398869056,1
4861,23197,1398869056,0
4861,12613,1398869056,-1
4861,13107,1398869056,1
4861,14485,1398869056,0
4861,27706,1398869056,0
4861,6778,1398869056,0
4861,34425,1398869056,0
4861,12795,1398869056,0
4861,18513,1398869056,-1
4861,14953,1398869056,1
4861,1865,1398869056,1
4861,21791,1398869056,0
4861,27958,1398869056,0
4861,18241,1398869056,-1
4861,6711,1398869056,0
4861,37702,1398869056,0
4861,26247,1398869056,1
4861,7272,1398869056,0
4863,35662,1398782164,0
4864,37155,1398761166,0
4864,18246,1398761166,0
4864,12443,1398761166,0
4877,28339,1398004819,0
4879,22608,1397631363,1
4879,37120,1397644883,0
4879,15176,1397726308,1
4887,27895,1397122540,-1
4888,7951,1397113632,-1
4889,22007,1397032918,-1
4889,16626,1397032918,1
4904,7828,1396337407,1
4904,64,1396337407,1
4904,30254,1396337407,1
4904,10027,1396337407,0
4911,6433,1395995534,1
4912,15407,1395757200,0
4927,1472,1395067510,1
4927,8247,1395067510,0
4927,10886,1395067510,-1
4927,9395,1395067510,-1
4927,4539,1395067510,0
4927,15881,1395067510,0
4945,16058,1394352254,-1
4954,23851,1393912834,0
4954,31182,1393912834,1
4954,6989,1393912834,1
4971,27323,1393217192,0
4971,35100,1393217192,1
4979,17007,1392750024,0
4979,35109,1392750024,0
4979,32175,1392750024,0
4979,12435,1392750024,0
4979,4537,1392750024,0
4983,18315,1392701870,1
4983,28436,1392701870,-1
4983,21652,1392701870,0
4983,28332,1392701870,-1
4983,23472,1392701870,-1
4983,35043,1392701870,1
4983,29613,1392701870,1
4983,7666,1392701870,1
4984,21080,1392618586,-1
4984,19094,1392618586,1
4985,30794,1392614665,1
4985,6213,1392614665,0
4985,5083,1392617265,1
4988,12554,1392465472,1
4988,16487,1392465814,0
4995,10996,1392219422,0
4995,4426,1392219422,0
4995,1106,1392219422,-1
4995,18029,1392219422,0
4995,22938,1392277239,0
4995,20329,1392277239,-1
4995,16326,1392277239,1
4995,11000,1392278965,-1
4995,27176,1392278965,0
4995,15901,1392278965,0
4995,16823,1392278965,1
4995,25679,1392278965,0
4995,5277,1392278965,0
4995,6624,1392279404,0
4995,6338,1392279404,0
4995,28480,1392279404,1
4999,16741,1392038989,1
4999,16708,1392038989,0
5004,16173,1391825866,0
5004,4399,1391825866,0
5004,17193,1391825866,0
5004,2343,1391825866,0
5004,30954,1391825866,0
5004,23177,1391825866,0
5004,10607,1391825866,0
5004,21601,1391825866,0
5004,35326,1391825866,0
5004,2270,1391847922,0
5004,8058,1391847922,-1
5004,6952,1391847922,0
5004,15735,1391847922,1
5004,28802,1391847922,0
5004,8284,1391847922,-1
5004,24200,1391847922,0
5004,33056,1391847922,1
5004,9367,1391847922,0
5007,7575,1391803769,1
5007,16923,1391803769,1
5007,24265,1391803769,1
5009,6183,1391789362,0
5009,30348,1391789362,1
5009,16236,1391789362,0
5015,422,1391597028,0
5025,31478,1391185478,1
5025,6444,1391185478,-1
5033,27579,1389601129,0
5033,22183,1390377443,-1
5033,666,1390377443,0
5033,12670,1390377443,0
5033,32502,1390542885,0
5033,26932,1390542885,1
5033,23227,1390542885,0
5033,14843,1390544936,1
5034,16328,1390361350,1
5037,8564,1389966549,0
5038,8628,1389960824,0
5038,11749,1389960824,0
5044,17798,1389582168,0
5044,6899,1389582168,-1
5048,1129,1389347927,-1
5058,25176,1388999531,0
5058,21952,1388999531,1
5058,10773,1388999580,0
5058,7716,1388999752,0
5063,31225,1388752157,1
5063,22965,1388752157,1
5063,6497,1388752157,1
5063,12869,1388752157,1
5063,8883,1388753595,1
5063,5504,1388753595,1
5063,9657,1388753595,1
5063,35639,1388753595,1
5069,33868,1388364787,0
5069,26126,1388364787,0
5069,28472,1388364787,0
5069,19338,1388364787,0
5069,24542,1388364787,1
5069,4503,1388364787,0
5069,15366,1388364787,1
5069,457,1388364787,0
5069,5473,1388364787,0
5069,19447,1388364787,0
5069,8270,1388364787,0
5069,9875,1388364787,0
5069,25713,1388364787,0
5069,4611,1388364787,0
5069,33676,1388364787,0
5069,12941,1388364787,0
5069,14586,1388364787,0
5074,32587,1388070191,0
5074,20376,1388070191,1
5077,6118,1387561398,1
5077,7942,1387899021,0
5077,9614,1387899021,0
5078,12057,1387681386,0
5078,35039,1387681386,0
5083,16581,1387538999,1
5083,30387,1387538999,1
5083,28152,1387538999,0
5096,14318,1386867808,0
5096,357,1386867808,0
5096,12725,1386867808,0
5096,12502,1386867808,-1
5096,5801,1386867808,0
5096,13421,1386867808,-1
5096,11417,1386867808,0
5096,15770,1386867808,0
5096,16509,1386867808,0
5096,19566,1386867808,-1
5096,32519,1386867808,1
5096,12229,1386867808,1
5096,32122,1386867808,0
5096,508,1386867808,0
5096,34039,1386867808,0
5096,17421,1386867808,-1
5096,28568,1386867808,0
5096,16437,1386867808,0
5096,35939,1386867808,0
5096,2231,1386867808,0
5096,21418,1386867808,-1
5096,31302,1386867808,0
5096,14264,1386867808,0
5096,17303,1386867808,1
5096,8467,1386867808,0
5096,18516,1386874945,0
5099,26157,1386846246,1
5103,483,1386660778,1
5103,10361,1386660778,1
5103,12868,1386660778,1
5103,28560,1386660778,1
5103,27006,1386660778,0
5103,32675,1386660778,1
5103,26699,1386660778,1
5103,20717,1386660778,0
5103,31860,1386660778,0
5103,2258,1386660778,0
5103,30076,1386660778,0
5103,22553,1386660778,1
5103,9638,1386660778,0
5103,10346,1386660778,0
5103,30097,1386661183,0
5103,9129,1386661183,0
5103,15592,1386661183,0
5103,21480,1386661183,0
5103,21197,1386661183,0
5103,30153,1386661183,0
5116,15849,1386017060,0
5116,8341,1386017060,1
5120,16909,1385732364,1
5124,12198,1385575474,0
5124,10927,1385575474,-1
5124,13454,1385575474,-1
5124,6657,1385575474,0
5133,22995,1381056150,0
5133,11866,1381056150,0
5133,12121,1381056150,0
5133,24909,1381056150,0
5133,25969,1381056150,0
5133,10055,1381069726,0
5133,6704,1381069726,0
5133,35193,1381070270,0
5133,7201,1381070270,0
5133,29163,1381070807,0
5133,20857,1381070807,0
5133,28511,1381070807,0
5133,26027,1381070807,0
5133,6910,1385286711,0
5133,15362,1385286711,0
5133,15930,1385286711,0
5135,31008,1385210385,0
5135,28033,1385210385,1
5137,8582,1385161580,0
5137,7638,1385161580,1
5137,27018,1385161580,1
5140,13806,1385063863,0
5151,12801,1384853066,0
5151,15717,1384853066,1
5151,17824,1384853066,0
5151,23853,1384866507,1
5151,15789,1384867650,-1
5151,31219,1384878085,1
5159,1631,1384450797,1
5159,11765,1384450797,1
5159,18828,1384450797,0
5159,30180,1384450797,1
5159,23130,1384450797,1
5160,32537,1380364571,1
5160,30134,1384445183,1
5165,13451,1384338240,1
5166,2064,1384327348,0
5168,7047,1384250566,1
5168,27253,1384250566,0
5169,34318,1384249027,0
5169,37219,1384249027,1
5169,22754,1384249027,1
5169,28118,1384249027,1
5169,5334,1384250493,1
5169,17575,1384250493,1
5169,19749,1384250493,1
5169,30308,1384250493,0
5169,1671,1384250493,1
5169,9383,1384250493,1
5173,8718,1384088167,0
5173,1984,1384088167,0
5173,27073,1384114511,0
5177,20203,1383922352,1
5180,5706,1383888998,0
5180,14584,1383888998,0
5180,18113,1383888998,0
5180,19087,1383888998,-1
5180,26865,1383888998,0
5185,30787,1383745768,0
5190,4308,1383251616,1
5193,5613,1383124776,0
5193,4684,1383124776,1
5193,35007,1383124776,1
5193,33242,1383124776,0
5196,7406,1383017950,1
5196,31345,1383017950,1
5199,14434,1382962715,0
5199,6765,1382962715,0
5205,24214,1382675988,0
5205,30025,1382706297,1
5206,6394,1382698041,0
5206,445,1382698041,-1
5206,26716,1382698041,-1
5206,5099,1382698041,1
5209,2169,1382560934,0
5209,36404,1382560934,0
5209,8546,1382560934,0
5209,33690,1382560934,0
5219,10423,1382329789,0
5223,17959,1382131552,0
5223,2217,1382131552,1
5223,4102,1382131552,0
5223,12490,1382131552,-1
5225,4333,1382016800,0
5225,16637,1382016800,0
5225,4747,1382016800,0
5225,16659,1382016800,0
5229,8264,1381757089,1
5229,6755,1381757089,0
5245,19898,1381393310,1
5246,17536,1381264532,1
5246,20789,1381264532,-1
5246,13359,1381264532,1
5246,10292,1381264532,1
5246,1833,1381264532,1
5246,19997,1381295702,1
5246,35566,1381295702,1
5246,24961,1381295702,0
5246,37008,1381295702,1
5246,19946,1381295702,1
5246,24861,1381295702,0
5246,14918,1381295702,1
5246,36887,1381295702,0
5246,11806,1381375024,-1
5246,26429,1381375024,1
5246,1971,1381375024,1
5246,5640,1381375024,0
5253,23080,1381213584,0
5253,16076,1381213584,0
5259,28252,1380876998,0
5263,12330,1380724828,-1
5263,31197,1380724828,-1
5263,118,1380724828,-1
5263,2780,1380724828,-1
5263,22,1380724828,1
5263,26900,1380724828,1
5263,10268,1380724828,0
5264,12211,1375893213,-1
5264,22306,1375893213,1
5264,31046,1380690880,1
5264,16056,1380690880,1
5264,31685,1380690880,0
5267,31709,1380620839,1
5278,4776,1380449845,0
5280,30928,1380366092,0
5293,20034,1379509253,0
5293,5907,1379509253,1
5293,16725,1379510934,1
5293,17421,1379510934,0
5294,385,1378804096,0
5294,16329,1378804096,1
5294,6919,1378804096,0
5294,15512,1379502551,0
5294,21960,1379502551,0
5298,5711,1379491484,0
5298,2008,1379491484,0
5298,33614,1379491484,0
5298,715,1379491484,1
5298,34366,1379491484,1
5298,10379,1379491484,0
5298,4271,1379491484,-1
5317,2000,1379071291,1
5317,22106,1379071291,1
5317,22825,1379071291,-1
5317,35466,1379071291,1
5317,34710,1379071291,1
5317,9542,1379071291,1
5317,31815,1379071291,1
5317,30982,1379071291,0
5318,18113,1379062104,-1
5325,11884,1378826017,1
5325,36256,1378826017,0
5325,17812,1378826017,0
5336,17573,1378286521,1
5336,4818,1378286521,1
5345,8026,1378026518,-1
5346,28347,1377950282,1
5346,11812,1377950282,0
5351,33215,1377849839,1
5360,24104,1377540098,1
5363,19731,1377530058,-1
5371,4935,1377253979,-1
5372,2093,1377250188,0
5393,9702,1377011702,1
5393,17905,1377011702,0
5395,4038,1376659055,1
5395,22756,1376659055,1
5395,19370,1376659055,1
5395,6029,1376659055,0
5395,16644,1376659055,0
5395,37463,1376659055,0
5398,11954,1376633730,0
5398,5444,1376633730,0
5414,2188,1376026161,-1
5414,21482,1376026161,0
5414,20537,1376026161,1
5414,8587,1376026161,0
5414,27541,1376026161,1
5414,35797,1376026161,1
5414,20518,1376329511,0
5414,26790,1376329511,1
5414,3911,1376329511,0
5422,4119,1375962325,0
5422,8488,1375962325,1
5422,18300,1375962325,0
5422,25877,1375962325,1
5424,4430,1375893213,0
5438,30918,1375414413,0
5438,33620,1375414413,0
5438,27670,1375414413,1
5438,31390,1375414413,-1
5438,11995,1375414413,0
5438,11041,1375414413,0
5438,32192,1375414413,0
5451,15889,1368888505,0
5451,27609,1369126273,0
5451,2264,1374999415,-1
5451,9146,1369581709,0
5451,12021,1368888505,0
5451,7796,1369730665,1
5451,9403,1369746347,1
5451,37492,1368888505,0
5451,34104,1369746347,-1
5451,24771,1369115018,-1
5451,7913,1369041940,0
5451,480,1375018729,1
5451,8524,1369730665,1
5451,37160,1368888505,0
5451,21166,1369581709,-1
5451,4920,1369581709,0
5451,5833,1369038382,0
5451,25176,1368888505,0
5451,6234,1369038382,0
5451,20375,1369038382,-1
5451,2285,1369737481,0
5451,8040,1369746347,1
5451,13024,1369038382,1
5451,628,1369557665,1
5451,21398,1369115018,0
5451,16213,1369917378,0
5451,37287,1369574980,0
5451,35237,1369557665,1
5451,25695,1369917378,0
5451,1380,1369746347,1
5451,9217,1369587906,0
5451,21100,1369588172,1
5451,6569,1369115018,-1
5451,14521,1369574980,0
5451,36942,1369562941,0
5451,26225,1369115018,0
5451,13825,1374999415,0
5451,20340,1369730665,0
5451,16751,1369038382,0
5451,30058,1369746347,1
5451,33375,1369581709,0
5451,4796,1369562941,1
5451,24896,1369746347,1
5451,15777,1369746347,1
5451,26931,1369038382,0
5451,13102,1369038382,1
5451,7391,1369141652,-1
5451,552,1369746347,1
5451,16692,1369581709,0
5451,19388,1369746347,1
5451,13994,1374999415,0
5451,26534,1369115018,0
5451,20361,1369746347,0
5451,1901,1369562941,0
5451,14453,1369595768,1
5451,23255,1369581709,0
5451,9268,1369038382,0
5451,32222,1369038382,1
5451,13543,1369126273,0
5451,13316,1369746347,1
5459,7889,1374615334,1
5459,5382,1374615334,1
5459,27470,1374615334,1
5459,6273,1374682271,1
5459,5829,1374682271,0
5459,30815,1374682271,1
5467,5418,1374507067,0
5467,12210,1374507067,1
5477,22327,1373957116,0
5478,30944,1373942124,1
5479,28811,1373900164,-1
5480,15548,1363503946,0
5480,19394,1373873235,0
5480,18517,1373873235,0
5484,4315,1371720388,0
5484,6506,1371720388,0
5484,36942,1371720388,0
5484,27850,1371720980,0
5486,31337,1373576444,0
5490,33301,1372446488,0
5490,20255,1372446488,0
5490,4577,1372449235,1
5490,5073,1373046647,-1
5490,13706,1373046647,0
5490,16867,1373046647,0
5490,1879,1373046647,0
5490,22714,1373046647,0
5490,35366,1373423690,0
5490,28212,1373423690,0
5490,28400,1373477765,0
5490,22415,1373477765,0
5490,27095,1373482170,0
5490,8071,1373482170,0
5490,25658,1373482170,0
5490,27761,1373482170,0
5490,97,1373482170,0
5490,4535,1373482170,0
5500,22839,1373271222,-1
5500,7630,1373271222,1
5500,13935,1373271222,0
5500,8051,1373271222,1
5500,30294,1373271222,0
5500,16416,1373271222,0
5504,27706,1372817674,1
5507,8832,1372665042,0
5507,36808,1372665042,0
5508,12410,1372068677,1
5508,33837,1372068677,-1
5508,34959,1372499681,0
5515,22313,1372144345,1
5515,23704,1372144345,0
5522,25176,1371973139,-1
5528,11725,1371728896,0
5528,12984,1371728896,-1
5531,31032,1370497734,0
5531,15660,1370497734,0
5531,35260,1370497734,0
5531,480,1370497734,0
5531,18811,1370498398,0
5531,411,1370498398,0
5531,30119,1371048352,1
5534,6343,1370340825,1
5534,15885,1370340825,0
5534,31175,1370590987,0
5534,34248,1370593582,0
5534,23753,1370593582,0
5534,6651,1370593582,0
5541,1192,1370357160,-1
5541,14585,1370357160,1
5541,15648,1370357160,0
5541,35557,1370357160,0
5550,28253,1370188250,0
5550,21343,1370188250,1
5552,23919,1370166143,0
5552,9481,1370166143,0
5552,15862,1370166143,0
5555,26232,1369947956,-1
5555,5834,1369947956,1
5555,21783,1369947956,1
5555,5279,1369947956,1
5555,20830,1369947956,0
5555,27919,1369947956,1
5555,4497,1369947956,0
5555,9224,1369947956,-1
5557,28184,1369905093,1
5559,28658,1369689038,1
5559,28074,1369689038,0
5560,9524,1369656487,0
5560,4760,1369656487,0
5560,21988,1369656487,1
5560,19398,1369656487,1
5564,577,1369471235,0
5564,33390,1369471235,0
5566,7931,1369469229,0
5575,2007,1369131096,0
5575,32465,1369131096,0
5575,15360,1369131096,0
5575,32304,1369131096,0
5575,6806,1369131096,0
5575,8806,1369131096,0
5575,17970,1369131096,1
5576,16164,1368800012,0
5581,28355,1368790382,-1
5581,4196,1368790382,0
5581,31982,1368790382,0
5581,12511,1368790382,0
5581,26239,1368790382,1
5581,24073,1368790382,0
5581,24082,1368790382,-1
5581,1380,1368790382,0
5581,9979,1368790382,0
5581,4174,1368790382,1
5581,16984,1368790382,-1
5581,21614,1368790382,-1
5584,33653,1368774795,-1
5584,37041,1368774795,-1
5584,32308,1368774795,-1
5584,2352,1368774795,0
5584,20019,1368774795,0
5585,33229,1363882314,1
5585,8749,1363882314,1
5585,13966,1368770633,1
5585,16451,1368770633,1
5594,27208,1368357854,-1
5594,34656,1368357854,-1
5594,25650,1368359599,0
5594,30375,1368359599,1
5594,1444,1368359599,0
5594,15238,1368359599,0
5594,17977,1368359599,0
5594,17513,1368359599,0
5603,17989,1368004799,-1
5603,11761,1368004799,0
5603,20398,1368004799,1
5603,8841,1368004799,0
5603,2158,1368004799,1
5603,20102,1368005408,0
5603,24383,1368005408,0
5604,26999,1368003177,0
5604,28447,1368003177,1
5609,16269,1367388523,1
5609,7973,1367388523,1
5616,1471,1366899100,0
5616,18593,1366895015,0
5616,18648,1366895015,0
5616,18906,1366899100,0
5616,11334,1366899100,0
5616,33407,1366899100,1
5616,23316,1366899100,0
5616,35939,1366895015,1
5616,22087,1366899100,0
5616,2220,1366899100,0
5616,22443,1366899100,0
5616,17478,1366895015,0
5616,11808,1366899100,0
5616,13692,1366899100,0
5616,6716,1366899100,0
5616,35985,1366899100,0
5616,29661,1366899100,0
5616,20630,1366895015,0
5616,15626,1366899100,0
5616,7777,1366895015,0
5616,12346,1366899100,0
5616,8479,1366899100,-1
5616,6459,1366899100,0
5616,2278,1366899100,0
5616,16764,1366899100,0
5616,36830,1366899100,0
5616,24653,1366899100,0
5616,36573,1366899100,0
5616,24309,1366899100,0
5616,33394,1366895015,0
5616,22867,1366899100,0
5616,8079,1366899100,0
5616,36074,1366899100,0
5616,33952,1366895015,0
5616,6445,1366899100,0
5616,8453,1366899100,0
5616,17763,1366899100,0
5616,19126,1366899100,0
5616,35995,1366899100,0
5616,18630,1366899100,0
5616,27743,1366899100,1
5616,25851,1366899100,0
5616,25783,1366899100,0
5616,9138,1366899100,0
5616,21221,1366899100,0
5616,639,1366899100,0
5616,2230,1366895015,0
5616,16152,1366899100,0
5616,8239,1366899100,0
5616,30927,1366895015,0
5616,4683,1366899100,0
5616,23355,1366899100,0
5616,9451,1366899100,0
5616,18608,1366899100,0
5616,30265,1366899100,0
5616,27413,1366899100,0
5616,21077,1366899100,0
5616,16344,1366899100,0
5616,34987,1366899100,0
5616,37628,1366899100,0
5618,7315,1366876390,-1
5618,16672,1366876390,0
5618,7871,1366876390,-1
5618,63,1366876390,0
5618,32747,1366876390,0
5618,23498,1366876390,0
5618,16871,1366876390,-1
5618,29148,1366876390,0
5618,4395,1366876390,0
5619,20965,1366823714,1
5619,24363,1366823714,1
5619,7055,1366823714,1
5619,6671,1366823714,0
5619,2042,1366823714,0
5620,12556,1366810445,1
5620,1953,1366810445,1
5621,32376,1366810405,0
5639,13769,1365973090,0
5643,36984,1365838536,1
5648,24696,1365234322,0
5650,33847,1365167344,0
5650,5616,1365167344,0
5650,15121,1365167344,1
5650,30731,1365167344,0
5650,477,1365167344,1
5650,31086,1365167344,0
5650,26535,1365167344,0
5656,31048,1364966014,1
5659,30235,1364904686,0
5659,24402,1364904686,0
5665,12006,1364431776,1
5670,28802,1364381870,1
5670,27983,1364381870,0
5670,1080,1364381870,1
5670,20074,1364381870,1
5685,7261,1363857420,-1
5692,1955,1356056314,1
5692,4576,1356056314,1
5692,2129,1356094721,1
5692,19058,1356094721,-1
5692,23416,1356101320,0
5692,26661,1363510495,1
5692,26638,1363750774,1
5695,27805,1363690110,0
5696,9255,1363645171,0
5696,7152,1363645171,0
5696,24822,1363645171,0
5696,29581,1363645171,0
5696,2196,1363645171,0
5696,10650,1363645171,0
5696,18660,1363645171,0
5696,18397,1363645171,0
5696,24059,1363645171,0
5696,13239,1363645171,0
5696,32166,1363645171,0
5696,8858,1363645171,0
5700,2227,1363515466,0
5701,32991,1363427293,1
5705,20674,1363229638,0
5709,33595,1363121513,0
5709,1432,1363121513,0
5709,2005,1363121513,1
5709,20180,1363121513,0
5709,4365,1363121513,0
5711,6066,1363075373,0
5711,18738,1363075373,0
5717,16435,1362661376,0
5717,7330,1362661376,1
5718,33793,1362552862,0
5718,12429,1362552862,0
5718,20419,1362640045,0
5718,4690,1362640045,0
5724,30404,1362471088,0
5724,27395,1362471088,0
5724,8111,1362471088,1
5724,32353,1362471088,1
5726,16167,1362288391,0
5726,16430,1362288391,1
5726,23171,1362288391,0
5726,37135,1362288391,1
5726,6182,1362288391,1
5727,27665,1362131271,1
5732,26485,1361867101,0
5738,18664,1361302684,1
5738,15111,1361302684,1
5751,13121,1360660735,1
5751,12400,1360660735,1
5752,15668,1360660072,0
5752,28667,1360660072,0
5755,26998,1360226385,1
5755,26804,1360293338,0
5756,27117,1360263605,0
5768,31416,1359988324,0
5768,33435,1359988324,0
5768,26019,1359988324,0
5768,28089,1359988324,0
5777,4332,1359736831,-1
5777,8712,1359736831,0
5777,16867,1359736831,1
5777,37256,1359736831,1
5777,12160,1359736831,-1
5778,27074,1359717266,1
5778,36675,1359717266,0
5778,36358,1359717266,-1
5778,21887,1359717266,0
5778,21600,1359717266,1
5778,14093,1359717266,0
5778,17111,1359718080,1
5778,17971,1359718080,1
5779,37169,1359704533,0
5779,34575,1359704533,1
5779,28260,1359704533,1
5779,11803,1359704533,1
5783,23940,1359540894,0
5783,28598,1359547452,1
5783,340,1359547452,1
5784,16112,1359523562,0
5785,21681,1359096908,0
5785,9867,1359096908,-1
5785,15851,1359523536,1
5786,16403,1358885309,0
5786,6883,1358885309,0
5786,18724,1358885309,0
5786,11002,1358885309,0
5786,12774,1358885309,0
5786,33959,1358885309,0
5786,33143,1358885309,0
5786,4656,1358885309,-1
5786,4603,1358885309,0
5786,23318,1358885309,0
5786,29879,1358885309,0
5786,9616,1358885309,0
5786,26517,1358885309,0
5786,2374,1358885309,0
5786,15230,1358885309,0
5786,31548,1358885309,0
5786,9471,1358885309,0
5786,23846,1358885309,0
5786,15115,1358885309,0
5786,36486,1358885309,0
5786,17493,1358885309,0
5786,13806,1358885309,0
5786,29594,1358885309,0
5786,28345,1358885309,0
5786,22224,1358885309,0
5786,16601,1358885309,0
5786,23830,1358885309,0
5786,25153,1358885309,0
5786,24261,1358885309,0
5786,1846,1358885309,0
5786,12296,1358885309,0
5786,23734,1358885309,0
5786,23086,1358885309,0
5786,18766,1358885309,0
5786,12725,1358885309,0
5786,24279,1358885309,0
5786,37161,1358885309,0
5786,654,1358885309,0
5786,4427,1358885309,0
5786,12746,1359389300,0
5786,23219,1359389300,0
5786,18398,1359389300,0
5786,23325,1359389300,0
5786,23457,1359389300,0
5787,7284,1359205518,1
5787,4239,1359205518,0
5787,29453,1359205518,1
5800,6779,1358762241,0
5800,10455,1358762241,1
5800,13210,1358762241,-1
5800,15864,1358762241,1
5806,16474,1357871170,0
5806,8068,1358577433,0
5812,2282,1358474253,0
5812,8450,1358474253,1
5812,7221,1358474253,1
5812,2145,1358498734,0
5812,33418,1358498734,0
5821,360,1358001172,1
5821,14164,1358001172,1
5821,25859,1358001172,1
5821,12821,1358001172,1
5824,18249,1357868171,1
5824,23445,1357892873,1
5830,31499,1357720420,0
5830,741,1357720420,1
5830,5057,1357816666,1
5830,22012,1357816666,0
5839,17064,1357371465,0
5840,20646,1357306875,0
5840,34709,1357306875,-1
5840,30738,1357306875,-1
5840,18053,1357306875,0
5840,27578,1357306875,0
5840,16266,1357306875,1
5840,13473,1357306875,0
5840,29618,1357306875,1
5845,8162,1357134361,0
5845,13286,1357134361,0
5849,22143,1356614321,1
5849,5530,1356614321,1
5849,31898,1356614321,0
5849,21213,1356614321,1
5849,22066,1356614321,1
5849,10408,1356614321,1
5849,9499,1356614321,-1
5849,14526,1356615200,0
5849,12258,1356615544,0
5849,25202,1356615544,0
5849,31961,1356616478,0
5849,35378,1356616478,0
5849,16794,1356616478,0
5849,12735,1356616478,0
5849,6469,1356616478,1
5849,33663,1356616478,0
5849,27160,1356616478,0
5849,4405,1356616478,0
5849,33221,1356687197,0
5849,33589,1356687197,0
5849,36255,1356694393,0
5849,12211,1356694393,0
5849,22817,1356694393,0
5849,34266,1356694393,0
5849,15815,1356694393,0
5849,24406,1356694393,0
5849,33464,1356694393,0
5849,22939,1356694393,0
5849,8015,1356694393,1
5849,4218,1356694393,1
5849,25688,1356694393,1
5849,21896,1356694393,-1
5849,8863,1356694393,1
5849,31304,1356694393,0
5849,28113,1356694393,1
5849,13656,1356694393,0
5849,20415,1356694393,1
5849,9045,1356694393,0
5849,1448,1356695198,1
5849,4569,1356695198,1
5849,672,1356699340,0
5849,21968,1356700876,0
5851,21101,1347005541,1
5851,12689,1347005541,1
5851,19933,1347005603,1
5851,4160,1347005603,0
5851,29614,1356514957,1
5852,23185,1356420575,1
5852,23262,1356420575,1
5860,4485,1356000482,0
5860,1461,1356000482,1
5875,30789,1355571298,0
5875,20294,1355571298,1
5875,13142,1355571298,-1
5876,9892,1355165137,0
5876,1936,1355165137,0
5876,4180,1355165137,1
5876,23141,1355165137,-1
5876,27546,1355165137,0
5876,26433,1355165137,-1
5876,30332,1355165137,0
5876,16522,1355165137,-1
5876,7283,1355165137,0
5876,28513,1355165137,0
5876,6826,1355171344,0
5876,22557,1355216561,1
5876,2954,1355489969,1
5876,27568,1355489969,0
5876,22621,1355493597,0
5880,17911,1354953200,0
5880,909,1354953200,0
5880,24786,1354986671,0
5880,13510,1355172962,0
5880,36417,1355294031,0
5883,24195,1353683167,1
5883,8861,1353683167,0
5883,36695,1355227245,0
5883,27232,1355227245,0
5883,18905,1355227245,0
5888,20316,1354934332,1
5889,16414,1354711707,1
5889,29686,1354711707,1
5889,33670,1354711707,0
5890,7934,1354697952,1
5890,26870,1354697952,1
5890,5841,1354699796,0
5909,9638,1353506042,1
5909,36784,1353510560,0
5912,9399,1352454309,0
5912,2293,1353078230,0
5912,577,1353078230,0
5912,9732,1353078230,0
5912,27642,1353395806,0
5912,16014,1353395806,0
5912,17409,1353395806,0
5912,18192,1353395806,0
5913,8961,1353320279,1
5913,12217,1353320279,1
5915,14215,1353263961,0
5919,30369,1352874816,1
5919,37039,1352874816,0
5919,33460,1352874816,-1
5919,238,1352874816,1
5929,12808,1352546588,1
5929,12859,1352546588,1
5929,21108,1352546588,1
5929,20901,1352546588,0
5930,27683,1352545120,1
5938,24304,1351857976,0
5941,74,1351761992,0
5941,9900,1351761992,0
5941,35056,1351761992,0
5956,5167,1351066210,0
5956,21679,1351066210,0
5956,18131,1351083037,1
5956,25020,1351083037,0
5956,1120,1351083037,1
5956,8708,1351083531,0
5956,28617,1351083531,0
5956,12736,1351083531,0
5961,24955,1350971892,1
5964,22217,1350912849,-1
5965,17789,1350909645,-1
5966,30149,1350901504,0
5966,10717,1350901504,0
5966,16358,1350901504,-1
5971,421,1350745064,-1
5971,14829,1350745064,0
5971,4980,1350745064,1
5971,2776,1350745064,0
5971,6054,1350745064,0
5971,4054,1350745064,0
5971,5025,1350745064,-1
5978,28816,1350491993,0
5978,36620,1350491993,0
5978,221,1350491993,1
5987,22541,1349714461,0
5987,30947,1349714461,0
5987,9293,1349714461,0
5987,12608,1349714461,0
5987,8813,1349714461,-1
5987,9135,1349714461,0
5987,13746,1349714461,0
5987,11340,1349714461,-1
5987,3067,1349714461,0
5987,25166,1349714461,0
5987,684,1349714461,1
5987,3879,1349714461,0
5987,5513,1349714461,1
5987,29147,1349714461,0
5989,7903,1349426530,0
5989,10998,1349426530,0
5989,6347,1349426530,0
5989,5321,1349591607,0
5989,10107,1349591607,0
5989,698,1349591607,0
5990,29664,1349535786,0
5990,33468,1349535786,0
5990,28211,1349535786,0
5990,35653,1349535786,1
5990,7649,1349535786,0
5990,22706,1349535786,0
5990,28142,1349535786,-1
5990,2158,1349535786,0
6002,20340,1348989706,0
6002,12982,1348989706,1
6002,17416,1348989706,0
6002,32044,1348989706,0
6002,25176,1348989706,0
6002,16714,1348989706,1
6002,28501,1348989706,0
6002,33422,1348989706,-1
6002,34145,1348989706,0
6004,27632,1348837347,1
6004,28053,1348837347,0
6005,10308,1348825863,1
6014,11133,1348655065,-1
6014,19870,1348655065,0
6020,7327,1348486804,0
6020,32601,1348489089,0
6025,16874,1348306627,-1
6025,16582,1348306627,1
6025,24204,1348306627,0
6038,27724,1347897118,0
6038,9451,1347897118,0
6043,13553,1347629337,0
6043,28039,1347629337,0
6043,23940,1347669696,-1
6045,8888,1347621219,1
6045,30129,1347621219,0
6045,14476,1347621219,0
6045,7277,1347621219,1
6045,18772,1347621219,0
6046,13093,1347483667,-1
6046,649,1347483667,0
6046,4211,1347559787,-1
6061,17283,1347180027,1
6061,17294,1347180027,0
6061,33742,1347180027,1
6061,21314,1347180027,0
6063,34630,1346834691,1
6063,11821,1346834691,1
6063,1440,1346834691,0
6063,33616,1346834691,0
6063,23946,1346834691,0
6063,28503,1346834691,0
6063,21122,1346834691,0
6063,1459,1346834691,0
6063,13075,1346834691,1
6063,30730,1346834691,1
6063,25660,1346834691,0
6063,16983,1346834691,0
6063,2122,1346834691,0
6063,30861,1346834691,0
6063,22964,1346834691,0
6063,20429,1346834691,0
6063,8539,1346834691,0
6063,19136,1346834691,0
6063,14894,1346834691,0
6063,24764,1346834691,1
6063,9121,1346834691,0
6063,8247,1346834691,0
6063,23437,1346834691,0
6063,34703,1346834691,0
6063,7011,1346834691,0
6063,17524,1346834691,0
6063,33597,1346834691,0
6063,3987,1346834691,-1
6063,5504,1346842738,0
6063,13816,1347004291,0
6063,22579,1347004291,-1
6063,22194,1347009881,0
6063,15595,1347009881,0
6063,24921,1347009881,0
6063,26184,1347009881,0
6063,26075,1347009881,0
6063,9646,1347009881,0
6063,17866,1347009881,0
6063,27097,1347009881,0
6063,29614,1347009881,0
6063,5973,1347009881,0
6063,21845,1347009881,0
6063,36069,1347009881,0
6063,19064,1347009881,0
6063,1113,1347009881,0
6063,6177,1347009881,0
6063,6050,1347009881,0
6063,17635,1347009881,0
6074,30914,1346679679,1
6074,2336,1346679679,0
6074,14109,1346679679,1
6077,7794,1345099814,-1
6077,30165,1345099814,0
6077,15627,1345099814,0
6077,22239,1346495356,0
6086,9443,1346241813,-1
6096,33232,1345973264,0
6096,2017,1345973264,0
6096,1923,1345973264,0
6100,21378,1345799440,1
6100,19673,1345799440,0
6109,6948,1345218798,0
6109,19398,1345470544,0
6109,13814,1345470544,0
6109,12890,1345470544,0
6109,32161,1345471244,1
6124,374,1344940846,0
6124,4279,1344940846,0
6124,34824,1344940846,0
6124,13567,1344940846,0
6124,18722,1344948775,0
6124,4497,1344948775,0
6124,25647,1344948775,0
6124,13230,1344948775,0
6150,6264,1343133896,0
6150,15180,1343133896,1
6152,20057,1342647791,1
6152,5712,1342647791,0
6152,21061,1342647791,1
6152,16437,1342647791,0
6152,33734,1342647791,-1
6152,23108,1342647791,0
6152,35610,1342647791,1
6152,25096,1342647791,0
6167,37166,1342106539,-1
6167,6884,1342106539,-1
6167,13521,1342106539,0
6167,10077,1342106539,-1
6167,27735,1342106539,-1
6167,1264,1342106539,-1
6167,37170,1342106539,0
6167,19773,1342106539,-1
6167,22670,1342106539,-1
6167,7616,1342106539,1
6169,7015,1342083080,0
6169,16935,1342083080,0
6169,21189,1342083080,1
6169,15491,1342083080,0
6169,7323,1342083080,1
6169,31619,1342083080,0
6175,18001,1341729557,1
6175,2258,1341729557,1
6177,10728,1341575620,0
6184,5520,1340981825,1
6190,14888,1340481063,0
6191,26791,1338124385,0
6191,4777,1338124385,0
6191,7992,1338124385,1
6191,33628,1338201058,0
6191,31470,1338201058,0
6191,31111,1338201058,0
6191,18783,1338203547,0
6191,12097,1340219781,0
6191,10487,1340219781,1
6191,11423,1340219781,1
6191,2754,1340219781,0
6191,12235,1340219781,0
6191,17866,1340219781,1
6191,6291,1340219781,1
6191,19655,1340219781,1
6191,1302,1340219781,1
6191,16154,1340288449,-1
6192,19469,1340178811,0
6192,26884,1340200878,0
6192,15846,1340200878,0
6193,10497,1340111803,0
6193,4974,1340111803,1
6208,3900,1339587418,-1
6208,16263,1339587418,-1
6208,19625,1339587418,1
6209,28485,1339169292,0
6209,11891,1339169292,0
6209,28229,1339169292,0
6209,14068,1339169292,0
6209,26140,1339169292,1
6209,2131,1339169292,1
6209,26587,1339579516,1
6209,6887,1339579516,0
6209,11705,1339579516,0
6209,13246,1339579516,0
6209,15385,1339579516,0
6209,15508,1339579516,0
6218,35013,1339246630,1
6218,10177,1339246630,0
6218,10889,1339246630,1
6218,14527,1339246630,1
6218,17136,1339246630,1
6229,18325,1338975194,1
6238,30709,1338793615,1
6238,6452,1338793615,-1
6238,5084,1338793615,0
6238,22775,1338793615,1
6238,10795,1338793615,0
6246,21361,1335616638,0
6246,8358,1335621187,-1
6246,4348,1335621187,-1
6246,16064,1338639236,0
6246,4847,1338639236,0
6248,9691,1338045466,1
6248,18174,1338045466,0
6248,27793,1338045466,1
6248,18059,1338045466,1
6248,17409,1338055955,0
6248,10317,1338055955,1
6248,8801,1338312998,0
6248,9572,1338312998,0
6263,19974,1337266008,1
6263,5812,1337266008,1
6263,27676,1337266008,0
6263,16461,1337266008,1
6263,35168,1337266008,0
6263,14836,1337793117,1
6263,5886,1337793117,1
6263,26709,1337793117,1
6266,2334,1337310815,0
6266,13864,1337608768,1
6288,34043,1336211001,1
6288,10561,1336211001,0
6292,13524,1335885915,0
6292,10655,1335885915,-1
6292,24470,1335885915,0
6292,10172,1335885915,0
6292,26135,1335885915,0
6292,30734,1335885915,0
6292,353,1335885915,0
6292,29546,1335885915,0
6292,9671,1335885915,0
6292,1887,1335885915,1
6305,17557,1335524493,0
6320,15836,1334235350,-1
6320,32864,1334235498,1
6320,22396,1334243189,0
6320,27099,1334243189,1
6320,14547,1334243189,0
6320,21482,1334243189,0
6320,31048,1334249092,1
6320,8696,1334664842,0
6320,30263,1334671144,0
6320,17862,1334671144,-1
6320,4936,1334671144,0
6320,35579,1334671144,0
6320,16759,1335275812,0
6330,31108,1335019897,0
6330,27737,1335019897,-1
6334,22861,1312308291,0
6334,28713,1312308291,1
6334,250,1312308291,1
6334,22910,1312308291,0
6334,24433,1312308291,1
6334,19587,1334891631,0
6334,9420,1334891631,-1
6334,22645,1334891631,-1
6336,36170,1334753702,1
6338,17665,1334743157,0
6338,6827,1334743157,1
6338,5159,1334743157,0
6349,490,1334181651,0
6352,7669,1334128451,0
6363,18307,1333785315,1
6369,8840,1333645444,1
6369,27339,1333645444,1
6378,7926,1332836754,-1
6378,2178,1332836754,0
6378,27774,1332836754,-1
6378,16164,1332836754,0
6378,5210,1332836754,-1
6400,35647,1331815141,0
6402,19931,1331780440,1
6415,24665,1331299072,0
6415,28031,1331299072,0
6415,24715,1331299072,0
6415,24761,1331299072,1
6415,11789,1331299072,1
6416,644,1331293941,0
6416,5316,1331293941,0
6427,17678,1330939391,1
6427,36169,1330939391,0
6427,26172,1330939391,0
6427,1188,1330939391,-1
6430,27976,1330858285,1
6430,534,1330858285,0
6430,11856,1330864073,0
6430,18975,1330864073,0
6430,20542,1330864073,0
6430,21403,1330864073,0
6430,27207,1330865312,0
6430,24260,1330865312,0
6430,9889,1330865312,0
6430,13232,1330865312,0
6432,26572,1330790570,1
6432,10670,1330790570,1
6436,30696,1330617019,1
6436,36075,1330617019,1
6436,10218,1330617019,1
6436,7484,1330617019,1
6436,12783,1330617019,0
6436,31421,1330617019,0
6451,6673,1330271005,1
6452,31952,1330270199,0
6452,28179,1330270199,1
6452,28398,1330270199,0
6452,12546,1330270199,1
6457,15530,1330093894,0
6470,24976,1329892631,0
6470,6456,1329892631,0
6470,12839,1329892631,0
6471,8028,1329880784,1
6471,5907,1329880784,0
6473,11976,1329837132,0
6482,20140,1329317802,0
6482,12530,1329317802,0
6482,30546,1329317802,0
6482,36074,1329317802,0
6482,24190,1329317802,0
6485,11761,1328963432,-1
6485,2804,1328963432,0
6485,9058,1328963432,0
6503,20895,1328006903,1
6503,30783,1328006903,1
6509,37429,1327751403,0
6510,20015,1327671718,0
6522,19310,1327014862,0
6522,17475,1327014862,0
6522,36903,1327014862,0
6522,33734,1327014862,0
6522,31042,1327014862,0
6522,18849,1327014862,0
6522,21255,1327014862,0
6522,4524,1327014862,0
6522,4230,1327014862,0
6522,21937,1327014862,0
6522,7927,1327014862,0
6522,5936,1327014862,0
6522,2073,1327014862,0
6522,5067,1327014862,0
6522,14835,1327014862,0
6522,1729,1327014862,0
6522,25733,1327014862,0
6522,34383,1327014862,0
6522,4891,1327014862,0
6522,4379,1327014862,0
6522,377,1327014862,0
6522,33622,1327014862,0
6522,31350,1327014862,0
6522,19357,1327014862,0
6522,16124,1327014862,0
6522,27540,1327014862,0
6522,8911,1327014862,0
6522,2154,1327014862,0
6522,7978,1327014862,0
6522,31002,1327014862,0
6522,12462,1327014862,0
6522,17589,1327014862,0
6522,36122,1327014862,0
6522,26993,1327014862,0
6522,6451,1327014862,0
6522,27028,1327014862,0
6522,29630,1327014862,0
6522,15895,1327231940,0
6522,11335,1327231940,0
6522,4553,1327231940,0
6522,1824,1327231940,0
6522,21265,1327231940,0
6532,21946,1326863193,-1
6532,12763,1326863193,0
6532,2237,1326863193,0
6534,14291,1326812949,0
6544,2255,1326340199,0
6544,16459,1326340199,-1
6544,621,1326466133,0
6544,5031,1326466133,0
6545,18501,1326379908,0
6545,21827,1326379908,0
6545,14810,1326379908,0
6548,7065,1326206805,0
6548,24226,1326206805,0
6550,26082,1325832119,0
6550,304,1325832119,0
6550,30918,1325832119,0
6550,23754,1326041544,0
6550,30092,1326041544,1
6550,9580,1326041544,-1
6550,10498,1326041544,1
6557,12049,1325664894,1
6557,33562,1325664894,0
6557,23920,1325664894,1
6557,8086,1325664894,1
6557,5193,1325664894,0
6557,22433,1325743578,0
6557,30317,1325743578,0
6557,35069,1325743578,1
6558,33616,1322057976,0
6558,8487,1325728566,1
6570,18993,1325232896,0
6570,14074,1325232896,0
6570,27111,1325232896,0
6570,35044,1325233016,0
6570,18411,1325233016,0
6570,331,1325233016,1
6570,22134,1325233016,0
6570,13287,1325236348,0
6570,24181,1325236348,0
6570,4548,1325236348,0
6570,26877,1325239325,0
6570,4415,1325239325,1
6570,5132,1325239325,0
6570,9033,1325239325,0
6570,30137,1325239325,0
6570,32598,1325239325,0
6570,18924,1325239325,0
6570,12691,1325239325,0
6570,4228,1325250728,1
6570,8762,1325250728,0
6570,34328,1325250728,0
6570,8347,1325250728,0
6570,8558,1325250728,1
6570,27519,1325250728,0
6570,27452,1325250728,0
6570,27897,1325250728,0
6570,16086,1325250728,0
6570,24416,1325250728,0
6575,9043,1324871517,0
6585,32869,1324377024,0
6585,23895,1324392701,0
6585,12825,1324397839,0
6585,16663,1324398015,0
6586,5571,1324366937,0
6586,9774,1324366937,0
6586,20844,1324366937,1
6586,29662,1324366937,1
6586,10931,1324366937,0
6599,6913,1323856372,0
6599,4832,1323856372,0
6600,15362,1323786427,0
6600,8035,1323786427,0
6602,13824,1323691244,0
6605,30656,1323448711,0
6605,19331,1323448711,-1
6605,2052,1323448711,0
6605,34292,1323448711,0
6605,20118,1323448711,0
6605,10278,1323448711,0
6605,22631,1323448711,0
6605,7434,1323448711,0
6605,16181,1323448711,0
6605,7135,1323448711,0
6605,31805,1323448711,0
6605,10056,1323448711,0
6605,498,1323448711,0
6605,22460,1323448711,0
6605,8391,1323448711,0
6605,23080,1323448711,0
6605,13342,1323448711,0
6605,14436,1323448711,0
6605,17572,1323448711,0
6605,6122,1323448711,1
6605,5185,1323448711,0
6605,1401,1323448711,0
6605,22652,1323448711,0
6605,26093,1323448711,0
6605,13851,1323448711,0
6605,5525,1323448711,0
6605,17787,1323448711,0
6605,7506,1323448711,0
6605,22415,1323448711,0
6605,30866,1323448711,1
6605,15138,1323448711,0
6605,10643,1323448711,0
6610,32850,1323340789,0
6611,20465,1323261225,0
6615,8704,1323157353,1
6615,26701,1323157353,1
6615,2067,1323157353,0
6615,15713,1323157353,1
6615,30889,1323157353,1
6621,1607,1323006999,0
6621,16280,1323006999,0
6621,27998,1323006999,1
6626,13706,1322823682,0
6626,7262,1322823682,1
6626,24355,1322823682,0
6626,28044,1322823682,0
6628,10462,1322809197,0
6631,2254,1322698410,0
6631,28501,1322698410,0
6631,20180,1322698410,0
6631,11943,1322698410,0
6631,4673,1322698410,0
6631,24541,1322698410,0
6631,19952,1322698410,0
6631,1885,1322698410,1
6631,30402,1322698410,0
6638,12856,1322307614,0
6638,26405,1322307614,0
6638,5622,1322307614,0
6638,19392,1322307614,0
6640,14854,1322301280,0
6640,31339,1322301280,0
6642,34659,1322174633,0
6642,6831,1322174633,1
6642,8690,1322174633,1
6642,35045,1322174633,0
6642,24670,1322174633,1
6642,20470,1322174633,0
6645,7485,1322003861,0
6645,1423,1322003861,1
6645,27525,1322003861,0
6657,13647,1321368485,0
6657,12211,1321368485,1
6660,13060,1321358484,0
6661,23883,1321294148,-1
6664,25847,1321110017,0
6664,36914,1321110017,1
6671,16378,1320921996,0
6674,30308,1320853228,1
6674,5913,1320853228,0
6676,13654,1320839524,0
6684,14509,1320649236,0
6684,13998,1320649236,1
6684,8194,1320649236,-1
6684,14498,1320649236,0
6684,6274,1320649236,0
6684,12565,1320649236,0
6684,9004,1320649236,0
6686,9588,1320578802,1
6689,1254,1320492214,1
6701,24262,1319970043,0
6701,4401,1319970043,1
6702,13367,1319969553,0
6702,18227,1319969553,0
6702,26695,1319969553,1
6703,13739,1319891841,1
6703,35492,1319891841,1
6703,16103,1319891841,0
6703,1570,1319891841,0
6703,485,1319891841,1
6703,6512,1319891841,0
6703,16790,1319903608,0
6703,15520,1319903608,0
6703,355,1319903608,0
6706,15834,1319720929,1
6709,28632,1319688083,1
6715,17906,1319569692,-1
6718,6499,1319529466,0
6718,23031,1319529466,0
6718,12910,1319529466,1
6718,6895,1319529466,1
6718,13887,1319529466,-1
6718,37197,1319529466,0
6718,17147,1319529466,0
6719,13450,1319467872,-1
6721,31215,1319450006,0
6721,12033,1319451492,0
6721,1612,1319451492,0
6721,2138,1319452662,0
6721,27193,1319452662,0
6732,8626,1319187699,1
6733,25824,1319187631,1
6739,23199,1318993782,1
6741,1188,1318963599,-1
6753,25746,1318161449,0
6753,27932,1318161449,-1
6753,16034,1318161449,0
6753,32084,1318161449,0
6753,3928,1318161449,0
6756,26446,1317940966,1
6759,28412,1317807753,1
6759,6881,1317807753,0
6770,26026,1317208928,1
6770,35601,1317208928,1
6770,9972,1317208928,1
6772,5247,1317198215,0
6776,19382,1316972059,0
6778,16968,1316937978,1
6778,26850,1316937978,1
6788,16424,1316418844,0
6788,16210,1316418844,1
6788,8249,1316418844,0
6788,31007,1316418844,1
6788,22009,1316418844,0
6788,1461,1316418844,1
6788,33806,1316687758,1
6788,22085,1316687758,0
6788,27594,1316687758,1
6788,19991,1316687758,1
6792,16532,1316620083,0
6798,18627,1316401886,1
6798,20818,1316401886,1
6798,26780,1316401886,1
6798,21893,1316401886,0
6800,9691,1316258550,1
6800,28106,1316258550,1
6808,20045,1316102464,0
6808,28121,1316102464,0
6817,15744,1315913565,1
6818,21333,1315902079,1
6818,18831,1315902079,-1
6819,13710,1315901888,1
6824,10732,1315580431,1
6830,33244,1315126165,-1
6830,28336,1315138020,0
6830,20910,1315191001,-1
6830,33038,1315363754,0
6833,31141,1315126101,1
6836,19372,1314935242,1
6836,37075,1314935242,1
6837,12293,1314935197,0
6837,7993,1314935197,1
6837,33647,1314935197,1
6841,28187,1314320837,0
6841,5230,1314320837,0
6841,1560,1314320837,0
6841,33370,1314320837,0
6841,12229,1314320837,1
6841,13368,1314320837,1
6841,648,1314320837,0
6841,20255,1314320837,0
6841,9629,1314320837,-1
6841,2095,1314320837,-1
6841,24306,1314320837,0
6841,29616,1314320837,0
6841,12630,1314320837,0
6841,20440,1314320837,0
6841,10663,1314320837,0
6841,2094,1314320837,0
6841,30918,1314320837,0
6841,28432,1314320837,0
6841,1135,1314320837,0
6841,19240,1314320837,0
6841,20180,1314320837,0
6841,12435,1314320837,0
6841,27240,1314320837,0
6841,7027,1314320837,-1
6841,23957,1314320837,0
6841,18624,1314320837,-1
6841,29828,1314320837,0
6841,32301,1314825422,0
6841,4401,1314825422,0
6841,18698,1314825422,0
6852,33454,1314251544,0
6852,17773,1314251544,0
6852,14359,1314251544,0
6852,28738,1314251544,0
6852,7745,1314251544,0
6852,26689,1314251544,0
6852,5142,1314251544,0
6852,6392,1314255651,0
6852,23739,1314255651,0
6852,19078,1314255651,0
6852,16398,1314429477,0
6852,31223,1314429477,0
6852,23147,1314429477,0
6852,33020,1314429477,0
6852,34406,1314429477,0
6852,30057,1314429477,0
6869,33426,1313772831,-1
6869,21684,1313772831,0
6869,2074,1313772831,1
6869,1039,1313773522,0
6872,20898,1312238424,0
6872,33805,1311842375,-1
6872,4772,1312238424,1
6872,26790,1311842375,0
6872,2166,1311842375,0
6872,19356,1311842375,0
6872,12728,1312238424,0
6872,27448,1311842375,0
6872,25111,1312238424,1
6872,15159,1311842375,0
6872,34412,1311842375,0
6872,24984,1311842375,0
6872,16350,1312238424,0
6872,28559,1311842375,-1
6872,6983,1311842375,0
6872,27199,1311842375,0
6872,8544,1311842375,0
6872,1136,1311842375,0
6872,7304,1311842375,0
6872,18503,1311842375,0
6872,16567,1311842375,0
6872,28573,1311842375,0
6872,20624,1311842375,0
6872,23180,1311842375,0
6872,33280,1311842375,0
6872,7681,1311842375,0
6872,10612,1311842375,0
6872,21738,1311842375,0
6872,17166,1311842375,0
6872,21422,1311842375,0
6872,8685,1311842375,0
6872,20130,1311842375,0
6872,17693,1311842375,0
6872,7545,1311842375,0
6872,13430,1311842375,0
6872,20129,1311842375,0
6872,4052,1311842375,0
6872,8566,1311842375,0
6872,15727,1311842375,0
6872,11344,1311842375,1
6872,33960,1311842375,0
6872,30947,1311842375,0
6872,27591,1311842375,0
6872,1356,1311842375,0
6872,10483,1311842375,0
6872,33447,1311842375,0
6872,13386,1311842375,0
6872,27572,1311842375,0
6872,27364,1311842375,0
6872,9025,1311842375,0
6872,27312,1313691575,1
6872,6218,1311842375,0
6872,6379,1311842375,0
6872,24306,1311842375,0
6872,27367,1311842375,0
6872,9232,1311842375,0
6872,380,1311842375,0
6872,5519,1311842375,0
6872,30259,1311842375,0
6872,741,1311842375,0
6873,1124,1313740365,0
6887,29717,1313481945,1
6892,14978,1313322664,1
6892,16689,1313322664,1
6896,22573,1312994934,-1
6898,16668,1312872961,1
6898,28184,1312881644,0
6898,8530,1312891651,0
6899,7624,1312883905,0
6899,21443,1312883905,1
6899,30959,1312883905,0
6900,18775,1312881688,1
6910,14487,1312297824,0
6910,12061,1312300054,0
6910,23398,1312300054,0
6910,13569,1312300054,0
6910,8164,1312300054,0
6918,7082,1312140826,0
6918,33528,1312140826,0
6918,20443,1312140826,0
6918,21152,1312140826,0
6921,13784,1312113354,0
6921,8514,1312113354,1
6925,30303,1309353898,1
6925,28446,1311938228,0
6925,28401,1311734181,0
6925,9520,1311734181,1
6925,6699,1311734181,0
6925,35451,1309353898,0
6925,24237,1311734181,0
6925,13978,1311734181,0
6925,22095,1309353898,0
6925,2576,1309353898,0
6925,33116,1311734181,0
6925,9679,1311734181,0
6925,14876,1311938228,0
6925,19536,1311938228,0
6925,3989,1311938228,0
6925,24846,1311734181,0
6925,17999,1311938228,0
6925,14499,1309353898,1
6925,22185,1311938228,0
6925,6041,1311734181,1
6925,10011,1311938228,0
6925,9224,1311938228,0
6925,13558,1311938228,0
6925,25669,1311734181,0
6925,6675,1311896704,0
6925,9853,1311734181,0
6925,28218,1309353898,1
6925,12600,1309353898,1
6925,31164,1311734181,0
6925,8296,1309353898,1
6925,34786,1311734181,1
6925,9342,1311734181,-1
6925,26691,1309353898,1
6925,2254,1311734181,0
6925,27127,1311734181,0
6925,31309,1309353898,0
6925,21732,1311734181,0
6925,9490,1309353898,1
6925,29730,1311734181,0
6925,16709,1311938228,0
6925,33527,1311734181,0
6925,28171,1309353898,0
6925,36573,1311734181,0
6925,8875,1311734181,0
6925,26312,1309353898,0
6925,2115,1311896704,1
6925,6617,1311734181,0
6925,26961,1311734181,1
6925,1237,1311734181,0
6925,12075,1311896704,1
6925,35803,1311734181,0
6925,6112,1311734181,0
6925,11948,1311734181,1
6925,14225,1309353898,0
6925,16984,1309353898,0
6925,6969,1309353898,1
6925,16810,1309353898,0
6925,15519,1309353898,0
6925,452,1311734181,0
6925,10234,1311734181,0
6927,1538,1311838731,-1
6927,684,1311838731,-1
6927,19477,1311838731,0
6927,16283,1311838731,0
6927,27088,1311838731,0
6927,8925,1311838731,0
6927,2107,1311838731,0
6927,35522,1311838731,0
6927,9976,1311838731,0
6927,6719,1311838731,0
6927,17128,1311838731,0
6927,18780,1311838731,0
6931,15816,1311692742,0
6931,26402,1311692742,1
6933,21000,1311686727,0
6942,15672,1311319728,1
6942,28825,1311319728,1
6954,34252,1310732873,1
6954,6745,1310732873,1
6954,5245,1310732873,1
6954,11053,1310732873,0
6954,5833,1310732873,0
6954,25732,1310732873,0
6954,28435,1310732873,1
6960,5020,1310562804,0
6960,1855,1310562804,0
6964,14083,1310462526,0
6964,13061,1310462526,1
6964,20970,1310466806,0
6978,21021,1309727185,1
6978,7393,1309727185,1
6978,28779,1309727185,1
6978,6701,1309727185,1
6978,1160,1309795666,1
6978,27961,1309948833,1
6978,13627,1309948833,0
6982,665,1309796137,1
6994,35828,1308719219,-1
6994,20186,1308719219,0
6994,17211,1308719219,1
6994,9136,1308719219,1
6994,33637,1308719219,1
6994,10736,1308719219,0
6998,35526,1309080951,1
6998,27852,1309080951,1
7010,10705,1308228809,-1
7010,665,1308710460,0
7010,739,1308710460,0
7016,11064,1308349813,0
7024,8441,1308142589,0
7029,26068,1307876483,-1
7029,23373,1307876483,1
7029,15624,1307876483,0
7033,11708,1307730039,0
7033,13813,1307730039,0
7033,18466,1307808709,0
7034,14198,1307798144,0
7050,28514,1307539863,0
7050,13809,1307539863,0
7050,11023,1307539863,-1
7050,24132,1307539863,-1
7050,34705,1307539863,-1
7050,9647,1307539863,-1
7050,16912,1307539863,-1
7050,7669,1307539863,0
7050,18049,1307539863,0
7050,16083,1307539863,0
7050,21845,1307539863,0
7050,16641,1307539863,0
7050,16939,1307539863,-1
7050,33569,1307539863,-1
7050,26400,1307539863,-1
7050,14105,1307539863,0
7050,16019,1307539863,-1
7050,20703,1307539863,0
7050,14800,1307539863,-1
7050,30143,1307539863,-1
7050,37238,1307539863,-1
7050,28672,1307539863,0
7050,26296,1307539863,0
7050,30948,1307539863,0
7050,23281,1307539863,-1
7050,5376,1307539863,0
7050,14178,1307539863,-1
7050,13460,1307539863,0
7050,12346,1307539863,-1
7050,11689,1307539863,-1
7050,545,1307539863,-1
7050,14560,1307539863,-1
7050,6296,1307539863,0
7050,24401,1307539863,0
7050,6890,1307539863,-1
7050,16907,1307539863,-1
7050,17032,1307539863,0
7050,1886,1307539863,0
7050,735,1307539863,0
7050,13949,1307539863,0
7050,5455,1307539863,0
7050,13411,1307539863,-1
7050,21225,1307539863,-1
7050,25071,1307539863,0
7050,32904,1307539863,0
7050,10388,1307539863,-1
7050,446,1307539863,-1
7050,2275,1307539863,-1
7050,18021,1307539863,0
7050,37124,1307539863,-1
7050,33793,1307539863,-1
7050,20513,1307539863,0
7050,5553,1307539863,0
7050,10981,1307539863,-1
7050,16110,1307539863,-1
7052,9237,1307463477,0
7052,26086,1307463477,0
7052,20620,1307463477,1
7061,7781,1307184009,0
7061,8435,1307184009,0
7061,15518,1307184009,0
7061,17464,1307184009,0
7061,23703,1307184009,0
7061,7673,1307184009,0
7061,36486,1307184009,0
7061,33734,1307184009,0
7061,33632,1307184009,0
7061,15201,1307195931,0
7062,15350,1307140384,0
7062,14548,1307140384,0
7062,7433,1307140384,0
7062,19655,1307140384,0
7062,25092,1307140384,0
7062,721,1307179668,0
7062,7436,1307179668,0
7062,7688,1307179668,0
7062,1659,1307179668,0
7066,2921,1307028372,1
7066,33000,1307028372,0
7066,6193,1307028372,1
7066,26581,1307028372,0
7066,5865,1307028372,1
7066,5591,1307028372,1
7066,7988,1307028372,0
7066,17091,1307028372,0
7066,14401,1307028372,0
7066,24542,1307028372,0
7066,27938,1307028372,1
7066,20702,1307034930,0
7066,31460,1307034930,0
7066,33738,1307034930,0
7066,7415,1307034930,0
7066,374,1307034930,0
7066,32957,1307034930,0
7066,4669,1307034930,0
7066,7838,1307034930,0
7066,6469,1307034930,0
7066,24639,1307034930,0
7066,31599,1307034930,0
7070,33777,1306943610,1
7070,21553,1306943610,1
7075,12330,1306745891,1
7075,7445,1306745891,0
7075,12419,1306745891,0
7078,18301,1306669676,0
7078,34252,1306669676,0
7080,27481,1306659919,1
7080,12776,1306659919,1
7081,651,1303699964,1
7081,8880,1303700087,1
7081,34402,1303700087,1
7081,5494,1303700087,0
7081,19359,1303700087,1
7081,4267,1303700151,0
7081,9174,1305595151,0
7081,2173,1305595151,0
7081,28669,1305595151,0
7081,24637,1306598071,1
7081,17614,1306598071,0
7081,15581,1306598071,-1
7081,33024,1306598071,0
7081,26788,1306598071,0
7081,30960,1306598071,0
7081,27142,1306598071,0
7081,32150,1306598071,0
7081,28537,1306598071,0
7081,20554,1306598071,0
7081,5800,1306598071,0
7081,24738,1306598071,0
7081,33595,1306598071,0
7081,1930,1306598071,0
7081,18925,1306598071,0
7081,492,1306598071,0
7081,4223,1306598071,0
7081,28469,1306598071,0
7081,19355,1306598071,0
7081,608,1306598071,0
7081,1911,1306598071,0
7081,8773,1306598071,0
7081,18957,1306598071,0
7081,18050,1306598071,0
7081,23699,1306598071,1
7081,34710,1306598071,0
7081,19647,1306598071,0
7081,26819,1306598071,1
7081,20800,1306598071,0
7081,14276,1306598071,1
7081,6987,1306598071,0
7089,20043,1306227708,0
7089,7631,1306227708,0
7089,33627,1306227708,1
7094,19090,1305822622,0
7094,37277,1305822622,0
7109,704,1305284099,0
7109,27080,1305284099,1
7109,8506,1305284099,-1
7109,26814,1305284099,1
7109,4714,1305284099,-1
7109,8659,1305284099,0
7116,18836,1305012594,0
7116,31431,1305012594,0
7116,18239,1305012594,0
7116,33312,1305012594,1
7116,10661,1305027330,0
7116,4150,1305027330,1
7116,10867,1305027330,1
7116,18331,1305027330,1
7116,552,1305033252,-1
7116,2051,1305033252,0
7118,36242,1304946235,0
7127,23735,1304584088,-1
7127,10017,1304584088,0
7127,13944,1304584088,1
7127,623,1304584088,0
7127,2239,1304584088,0
7127,18736,1304584088,0
7127,9541,1304584088,0
7127,24400,1304584088,0
7127,4037,1304584088,-1
7127,13246,1304584110,0
7128,28432,1304508270,0
7128,33612,1304508270,0
7128,1428,1304508270,1
7128,19520,1304508270,0
7128,22082,1304508270,0
7141,19126,1304102631,0
7141,2147,1304102631,0
7146,5009,1304073373,-1
7148,30800,1303938483,0
7149,20856,1303847897,0
7149,37701,1303847897,0
7149,13149,1303847897,1
7149,15196,1303847897,0
7149,19130,1303847897,1
7149,3933,1303937346,1
7149,36069,1303937346,1
7151,2285,1303664445,1
7151,9557,1303664445,0
7152,10067,1303650089,0
7155,1810,1303422898,0
7155,20662,1303422898,0
7155,21913,1303422898,1
7157,23860,1303372229,0
7157,65,1303372229,0
7157,30056,1303372229,1
7157,30049,1303372229,0
7157,17713,1303372229,0
7157,4399,1303372229,0
7157,2082,1303372229,0
7157,5176,1303372229,0
7157,28825,1303372229,0
7157,7814,1303372229,0
7159,11771,1303334319,0
7159,25127,1303334319,0
7163,33588,1303295098,0
7167,30716,1303067631,0
7167,28295,1303067631,0
7167,9888,1303067631,1
7167,6338,1303067631,0
7167,4322,1303067631,0
7167,36887,1303067631,0
7167,15724,1303067631,0
7167,328,1303067631,0
7167,32836,1303067631,1
7183,26927,1302767320,1
7183,16,1302767320,1
7192,5525,1302357285,0
7192,27710,1302357285,0
7192,16129,1302357285,1
7192,161,1302357285,1
7192,30793,1302357285,1
7192,25649,1302357285,1
7192,6285,1302357285,1
7192,19882,1302357285,1
7192,26501,1302357285,0
7192,9034,1302431455,0
7192,10589,1302431455,1
7192,30680,1302431455,1
7192,23365,1302431455,1
7192,11945,1302431455,1
7192,17575,1302446296,1
7192,33584,1302446296,0
7197,6981,1302261937,0
7197,24854,1302261937,0
7201,6385,1301833917,0
7201,22983,1301833917,0
7201,19376,1301833917,1
7201,7952,1301833917,0
7201,4288,1301833917,0
7201,6674,1301833917,0
7201,33540,1301833917,0
7201,28819,1301833917,0
7201,11,1301833917,0
7201,2065,1301833917,1
7212,5790,1301391250,1
7219,13982,1301084808,1
7219,28219,1301084808,0
7219,7697,1301084808,0
7220,26957,1301083001,1
7220,21959,1301083001,1
7227,16391,1300748700,-1
7227,20913,1300748700,-1
7229,32176,1300702339,0
7229,14287,1300702380,0
7233,655,1299919876,0
7233,16257,1299919876,0
7234,13424,1299662510,-1
7239,19924,1299334563,0
7239,14480,1299334563,1
7239,17623,1299334563,-1
7239,11739,1299335011,0
7242,22427,1299311939,0
7247,10525,1299080522,1
7247,27247,1299080522,1
7248,16126,1298999403,0
7248,6836,1298999403,1
7248,26462,1298999403,0
7258,22984,1298805713,1
7258,27320,1298805713,1
7264,2116,1298617062,0
7269,7450,1298524805,0
7269,27377,1298532152,0
7269,26799,1298532152,1
7269,26113,1298532152,0
7269,16831,1298532152,0
7269,31656,1298532152,0
7269,12891,1298534350,0
7269,22832,1298534350,0
7286,10686,1298306414,-1
7286,8707,1298306414,-1
7292,26113,1298012260,0
7292,21242,1298012260,0
7293,37400,1297950799,0
7293,12467,1297950799,0
7294,33373,1297928733,0
7294,6306,1297928733,0
7304,9074,1297435135,0
7304,36077,1297435135,0
7304,33380,1297435135,0
7304,33839,1297435135,0
7304,12919,1297435135,0
7304,10492,1297435135,0
7304,11819,1297435135,0
7304,23176,1297435135,0
7304,30804,1297435135,0
7304,26962,1297435135,0
7304,16389,1297435135,0
7304,6124,1297435135,0
7304,10904,1297435135,0
7307,4350,1297404551,1
7309,7270,1297402135,0
7309,8996,1297402135,0
7309,26956,1297402135,1
7311,21959,1297377495,-1
7311,160,1297377495,0
7311,12725,1297377495,1
7311,31764,1297377495,0
7311,19502,1297377495,1
7311,34154,1297377495,1
7311,7448,1297377495,0
7311,29584,1297377495,0
7311,8964,1297377495,0
7311,13413,1297377495,0
7311,22233,1297377495,0
7311,37457,1297377495,1
7311,21974,1297377495,0
7314,35750,1297278501,1
7314,19929,1297278501,0
7317,551,1297255329,0
7318,23795,1297245740,0
7327,32213,1294410128,1
7327,27089,1294410128,1
7327,27857,1296982158,1
7327,4850,1296982158,0
7343,35092,1296408582,0
7343,37109,1296408582,0
7343,28408,1296408582,0
7343,18904,1296408582,0
7343,23299,1296408582,0
7343,12416,1296408582,-1
7343,18387,1296408582,0
7343,28112,1296408582,0
7343,16411,1296408582,0
7343,11920,1296408582,0
7343,15911,1296408582,-1
7343,17068,1296408582,1
7343,36795,1296408582,0
7343,33324,1296408582,0
7343,15650,1296408582,-1
7343,19646,1296420691,1
7345,29661,1296390904,-1
7345,26081,1296390904,1
7345,28160,1296390904,0
7345,24949,1296390904,-1
7345,6875,1296390904,1
7345,13200,1296390904,-1
7345,22128,1296390904,0
7345,15864,1296390904,0
7350,9980,1296200008,1
7353,2161,1295525367,1
7353,24772,1295525367,0
7353,8661,1295525367,0
7353,28442,1295627811,1
7378,9340,1294836240,0
7382,13510,1294730651,1
7382,19967,1294730651,1
7382,31169,1294730651,0
7382,14184,1294730651,0
7382,16604,1294730651,1
7382,12639,1294730651,0
7389,24410,1294570274,-1
7389,10734,1294570274,1
7389,10386,1294572214,0
7394,10431,1294318175,0
7394,33596,1294318175,0
7404,5619,1294209481,0
7406,1864,1294161580,0
7406,4481,1294161580,1
7416,13811,1293442484,1
7416,15527,1293442484,1
7416,8395,1293442484,1
7416,4675,1293442484,1
7416,10809,1293443624,0
7416,8806,1293443624,1
7416,30720,1293443624,1
7416,15876,1293443624,1
7416,23400,1293639665,1
7416,19834,1293639665,0
7416,6326,1293639665,1
7416,23741,1293639665,1
7416,9378,1293639665,0
7416,10640,1293639665,0
7416,22113,1293639665,1
7416,14128,1293639665,1
7416,12740,1293639665,1
7416,5487,1293639665,0
7416,19802,1293639665,-1
7416,14403,1293640856,1
7416,8157,1293640856,1
7416,27995,1293640856,1
7416,26890,1293640856,0
7416,21871,1293640856,1
7419,35201,1293528768,0
7419,28254,1293528768,0
7419,27545,1293528768,0
7419,32991,1293528768,0
7419,15668,1293528768,0
7423,18594,1293121457,0
7423,9587,1293121457,0
7423,20858,1293121457,0
7423,2263,1293121457,0
7423,7318,1293121457,0
7428,34023,1292854392,-1
7428,35083,1292854392,1
7429,24305,1292838513,0
7429,3950,1292838513,0
7430,5535,1292750222,-1
7430,6813,1292750222,-1
7430,13328,1292834245,0
7430,2670,1292834245,0
7431,26275,1292820916,0
7431,5005,1292820916,0
7431,6717,1292820916,1
7431,15219,1292820916,-1
7431,16781,1292820988,1
7431,32621,1292821748,0
7431,33657,1292821748,-1
7433,21593,1292665224,1
7433,17576,1292665224,1
7433,5254,1292665224,0
7433,21080,1292665224,0
7433,27482,1292665224,1
7433,25812,1292665224,1
7433,12547,1292665224,0
7433,32113,1292665224,1
7433,8645,1292665224,0
7433,1117,1292665224,0
7433,12428,1292665224,1
7433,4551,1292665224,1
7433,13726,1292665224,-1
7433,493,1292665676,0
7433,31849,1292665676,0
7433,9287,1292665676,0
7433,31762,1292665676,0
7433,18,1292669284,-1
7433,19353,1292669284,-1
7435,34666,1292578472,0
7435,22208,1292578472,0
7435,22948,1292578472,1
7438,16818,1292430524,-1
7438,7664,1292430524,1
7440,9218,1292402354,0
7440,7743,1292402354,0
7443,37571,1292352139,0
7443,19822,1292352139,1
7456,5301,1291812328,-1
7461,14512,1291622544,0
7461,8174,1291622544,0
7461,20209,1291622544,1
7461,13192,1291622544,0
7461,31394,1291622544,0
7461,28102,1291622544,0
7461,17016,1291622544,0
7461,6248,1291622544,0
7461,7053,1291622544,1
7461,21603,1291622544,1
7461,5507,1291622544,-1
7461,5454,1291622544,-1
7461,27874,1291741701,0
7461,19296,1291741701,0
7461,24223,1291741701,0
7461,30213,1291741701,1
7461,34116,1291741701,0
7463,31476,1291733089,0
7463,22990,1291733089,0
7463,23744,1291733089,1
7463,465,1291733089,1
7463,24214,1291733089,-1
7474,27187,1291020821,0
7474,10242,1291020821,0
7474,691,1291020953,0
7476,23483,1291011777,-1
7476,31919,1291011777,0
7476,9571,1291011777,0
7476,8903,1291011777,1
7476,9262,1291011777,1
7476,34146,1291011777,-1
7479,18235,1290874292,0
7479,19262,1290874292,1
7479,6123,1290874292,0
7479,5666,1290874292,0
7479,16692,1290874292,0
7480,14387,1290870745,1
7480,37317,1290870745,0
7488,8183,1290513563,0
7493,1677,1290069885,0
7498,25878,1289726410,0
7498,1600,1289726410,0
7498,35493,1289740024,0
7498,32048,1289740024,0
7498,31862,1289740024,0
7498,14489,1289740024,0
7498,7096,1289740024,0
7512,5881,1289066889,0
7512,22432,1289066889,0
7512,1998,1289066889,0
7512,13693,1289066889,0
7512,22225,1289068983,0
7512,35337,1289068983,0
7512,12229,1289068983,0
7513,35103,1289058732,1
7513,9778,1289058732,0
7514,5465,1289053767,1
7514,23001,1289053767,1
7514,18476,1289053767,1
7514,6012,1289053767,0
7529,20699,1288179441,0
7529,9998,1288179441,1
7529,4608,1288179441,0
7539,35542,1287494578,-1
7539,12867,1287494578,0
7543,32979,1287086900,-1
7547,21760,1286941245,0
7547,1668,1286941245,0
7550,30753,1286812659,1
7550,12671,1286812659,0
7550,28494,1286857368,1
7551,23561,1286795639,0
7551,417,1286795670,0
7551,12628,1286795670,0
7552,8326,1286724627,1
7563,27208,1286104048,1
7568,2921,1285922093,1
7571,28258,1285707753,1
7571,6231,1285707753,0
7571,25908,1285707753,0
7571,9120,1285707753,0
7571,16987,1285707753,1
7572,9779,1285675268,1
7572,29605,1285675268,0
7572,4744,1285675268,0
7574,15364,1285511447,1
7574,26160,1285511447,0
7574,14045,1285656222,0
7574,13146,1285656337,0
7577,1792,1285591075,1
7577,37392,1285591075,1
7577,7970,1285591075,-1
7582,24275,1285265997,0
7582,5316,1285265997,0
7583,11112,1285248687,0
7583,15518,1285248687,0
7583,17084,1285248687,0
7583,11726,1285248687,0
7583,1660,1285248687,0
7585,13500,1285136489,1
7585,14156,1285139207,0
7585,13059,1285139207,-1
7585,26206,1285139207,0
7585,25866,1285139258,0
7585,30938,1285139258,0
7585,17092,1285139258,0
7585,13744,1285139494,0
7585,21785,1285139494,0
7589,12960,1285060151,1
7589,32891,1285060255,0
7591,35163,1284967248,0
7592,32164,1284928790,0
7594,33645,1284906401,1
7594,11945,1284906401,-1
7596,4076,1284880202,0
7596,7105,1284880202,0
7600,27360,1284658097,0
7600,4858,1284658097,1
7612,28672,1283605545,0
7612,26943,1283607453,1
7612,22223,1283612805,0
7612,22474,1283612805,1
7612,6770,1283612805,0
7612,37319,1283612805,0
7612,32733,1283678563,0
7612,27774,1283845378,0
7614,7049,1283769151,1
7614,1876,1283769151,1
7614,32165,1283769151,1
7615,4227,1283529391,1
7616,8449,1283522226,0
7616,16361,1283522999,0
7616,1667,1283524351,0
7625,34935,1283221917,0
7625,25770,1283221917,0
7625,33964,1283221917,1
7625,18224,1283223234,1
7625,36807,1283262288,1
7625,6933,1283262288,-1
7625,13769,1283262288,0
7625,5375,1283262288,1
7636,672,1282742349,0
7645,5418,1282291374,0
7645,7101,1282291374,1
7650,20241,1282209786,1
7650,8385,1282209786,1
7650,26896,1282209786,-1
7656,15835,1281709177,1
7656,6295,1281709177,1
7656,8321,1281709177,0
7656,20852,1281709177,1
7656,31859,1281709177,1
7658,6101,1281690243,0
7659,13091,1281621048,1
7661,21606,1281605129,0
7661,6512,1281605129,0
7662,37435,1281536818,0
7662,18266,1281536818,1
7669,26766,1281349510,1
7669,34915,1281349510,1
7679,15870,1280923816,1
7679,36556,1280923816,0
7688,27382,1280483130,1
7692,11685,1280397655,0
7692,24294,1280397655,1
7692,6958,1280397655,1
7692,29670,1280397655,0
7692,16534,1280397655,0
7697,33800,1280281132,1
7701,7690,1279698877,-1
7701,5919,1279698877,1
7701,8564,1279698877,0
7701,21340,1280043089,-1
7701,16078,1280043089,-1
7701,28490,1280043089,0
7701,30856,1280043089,0
7701,16110,1280043089,-1
7701,17279,1280043089,1
7701,17411,1280043089,-1
7701,24038,1280043089,-1
7701,8433,1280043089,0
7701,9770,1280043089,1
7701,30934,1280043089,0
7701,28632,1280046005,0
7701,33973,1280220692,0
7701,8664,1280220692,0
7701,11426,1280220692,0
7701,7181,1280220692,0
7702,7721,1280151162,0
7702,16486,1280151162,0
7702,21679,1280151162,1
7702,7895,1280151314,0
7704,8104,1280150740,0
7704,31464,1280150740,1
7704,5371,1280150740,1
7704,8278,1280150740,0
7722,2068,1279530707,0
7724,31030,1279523365,0
7724,20736,1279523365,1
7724,8707,1279523365,-1
7724,5289,1279523365,0
7727,148,1279255165,1
7727,8222,1279255242,1
7727,16834,1279255242,0
7727,2028,1279255242,0
7727,28657,1279263136,-1
7727,34380,1279263136,-1
7737,11787,1278668826,0
7737,28727,1278850849,0
7737,16907,1278850849,0
7738,8820,1278795352,0
7738,28070,1278795352,1
7738,7672,1278795352,-1
7738,16173,1278795352,1
7738,9555,1278795352,-1
7738,12627,1278795352,0
7738,30774,1278795352,1
7738,16608,1278795352,0
7738,9271,1278795352,1
7741,4768,1278691152,0
7746,4376,1278406828,0
7746,33238,1278406828,0
7746,14271,1278611554,0
7746,17459,1278611588,0
7755,20530,1278395387,0
7755,12645,1278395387,-1
7755,19760,1278395387,1
7755,17996,1278395387,1
7755,6062,1278395387,1
7755,23863,1278395387,0
7755,20317,1278395387,0
7755,28225,1278395678,0
7757,34210,1278323545,1
7757,37402,1278323545,0
7764,4552,1278053836,1
7781,2086,1277803114,-1
7781,21392,1277803114,0
7781,27069,1277803114,0
7781,4446,1277803114,1
7781,30388,1277803114,0
7781,28196,1277803114,0
7781,23030,1277803114,1
7781,21606,1277803114,1
7781,9378,1277803114,0
7781,33445,1277803114,0
7781,14433,1277803114,0
7781,17766,1277803114,0
7784,9217,1277671287,0
7784,433,1277671287,-1
7784,4114,1277735909,0
7785,34444,1277721471,1
7795,31499,1277517072,0
7798,11419,1277443661,0
7798,32578,1277449347,0
7798,12906,1277449347,-1
7798,5409,1277449347,1
7798,16640,1277449347,1
7798,23878,1277459054,0
7798,17460,1277459054,1
7798,25774,1277459054,0
7798,1847,1277459054,0
7798,35798,1277459054,0
7799,5884,1277456764,0
7799,35855,1277456764,0
7800,34629,1277455883,1
7801,35195,1277454758,1
7801,33058,1277454758,0
7802,35286,1277356668,0
7802,15931,1277356668,0
7802,8378,1277356668,1
7802,16799,1277356668,1
7802,2341,1277356668,0
7802,35834,1277356668,1
7802,24416,1277356969,0
7802,23057,1277442424,0
7802,8534,1277442424,0
7802,2034,1277444304,1
7802,22861,1277444822,0
7811,34349,1277280917,1
7811,7387,1277280917,1
7811,36683,1277280917,0
7811,27251,1277280917,1
7812,7069,1259743123,0
7812,7909,1277237998,0
7832,7741,1276465706,-1
7832,15547,1276465706,0
7832,2192,1276465706,1
7832,34966,1276465706,0
7832,14295,1276465706,1
7832,7595,1276465706,1
7833,28263,1276431904,0
7833,33641,1276431904,0
7833,7632,1276431904,1
7833,19398,1276431904,0
7833,15204,1276431904,1
7833,30359,1276431904,0
7833,1106,1276431904,0
7833,25796,1276431904,0
7833,24619,1276431904,1
7838,22230,1276160079,0
7850,20622,1275627671,1
7852,13355,1275549124,0
7860,8511,1275365614,1
7860,212,1275365614,-1
7865,21716,1275033182,0
7865,6210,1275033182,0
7868,30852,1275027307,1
7868,25833,1275027307,1
7869,9471,1274967020,0
7869,22806,1274967020,1
7884,8855,1274242835,0
7884,1120,1274242835,0
7902,6559,1273541802,0
7905,3879,1273137463,0
7908,7299,1272703260,1
7908,15561,1272703260,1
7908,18916,1272703260,0
7908,6211,1272703260,0
7908,28372,1272703260,0
7908,13664,1272703260,0
7909,8461,1272619729,1
7909,28215,1272620911,0
7909,27582,1272620911,0
7909,18433,1272624378,0
7912,10081,1272429493,-1
7912,6890,1272429493,-1
7912,249,1272447801,0
7912,24324,1272527672,-1
7912,27089,1272527672,0
7912,33357,1272527672,1
7914,27937,1272444259,0
7914,30075,1272444259,1
7914,35321,1272444259,0
7914,730,1272444259,1
7914,15991,1272444259,0
7914,9489,1272444259,0
7914,34430,1272444259,0
7914,27792,1272444259,1
7914,10862,1272444259,0
7914,13167,1272444259,1
7915,26847,1272425771,0
7915,17287,1272425771,0
7915,1739,1272425771,0
7915,19021,1272425771,0
7915,5290,1272425771,0
7915,19613,1272425771,0
7920,27305,1272290517,1
7923,22241,1272251499,0
7923,19946,1272251499,-1
7927,14478,1271918351,1
7927,7688,1271918351,1
7928,2371,1271840844,0
7928,31292,1271840844,0
7928,17094,1271840844,0
7928,18124,1271840844,1
7929,37155,1271470812,1
7929,34967,1271470812,0
7929,23011,1271470812,0
7929,10220,1271498447,1
7929,9590,1271831527,-1
7934,9837,1271663938,1
7934,7899,1271663938,1
7934,7094,1271663938,1
7934,18112,1271663938,0
7934,5334,1271663938,0
7935,26690,1271521260,0
7935,9452,1271521260,0
7935,21349,1271521260,0
7935,10220,1271521260,0
7935,22740,1271521260,0
7935,27610,1271521260,0
7938,14928,1271413339,1
7938,6368,1271413339,1
7938,8983,1271413339,1
7938,27025,1271491902,0
7940,33051,1271421890,-1
7940,34433,1271421890,1
7940,30052,1271421890,-1
7941,23576,1271252586,1
7941,7092,1271252586,0
7941,5609,1271252586,1
7941,516,1271252586,1
7941,37567,1271252586,1
7941,30837,1271252586,-1
7941,4527,1271322240,0
7941,37366,1271322240,1
7941,8848,1271322240,1
7941,20503,1271322240,0
7941,18983,1271401995,0
7941,12699,1271401995,0
7941,18728,1271401995,0
7941,21284,1271402696,0
7941,1875,1271402696,0
7954,17410,1270970143,-1
7954,20015,1270970143,1
7956,8436,1270899956,0
7956,13620,1270899956,0
7956,4680,1270899956,0
7956,11345,1270899956,0
7956,15342,1270899956,-1
7956,9527,1270899956,-1
7956,19976,1270899956,1
7956,33835,1270899956,0
7956,4716,1270899956,0
7956,10943,1270899956,0
7956,30808,1270899956,0
7956,11073,1270899956,0
7956,15910,1270899956,0
7956,5704,1270899956,0
7956,8660,1270899956,0
7956,31374,1270901317,0
7972,31454,1270033500,1
7972,33664,1270033500,1
7987,508,1269419206,0
7987,19768,1269419206,0
7987,502,1269419228,0
7994,14077,1268924895,0
7994,2769,1269174525,0
7994,30135,1269174525,1
7994,26053,1269174525,1
7994,9271,1269174525,0
7994,20347,1269174525,1
7994,6619,1269174525,0
8011,79,1268298492,0
8011,15522,1268298492,0
8011,2310,1268298492,0
8011,32108,1268298492,0
8011,22449,1268298492,0
8037,21677,1267190070,1
8037,21165,1267190070,0
8037,26507,1267190070,0
8038,500,1267165860,0
8038,21051,1267165860,-1
8038,662,1267165860,0
8038,24187,1267165860,0
8050,2392,1266395245,0
8050,34166,1266409701,0
8050,28072,1266414282,-1
8050,1021,1266401466,0
8050,32079,1266395245,-1
8050,6964,1266417236,1
8050,31134,1266401466,1
8050,27398,1266395245,0
8050,7380,1266257114,0
8050,31170,1266395245,-1
8050,19517,1266395245,-1
8050,16341,1266395245,0
8050,13580,1266246311,0
8050,26655,1266395245,0
8050,19967,1266395245,0
8050,22011,1266417236,0
8050,4720,1266395245,0
8050,33168,1266395245,0
8050,18734,1266395245,-1
8050,2079,1266395245,-1
8050,15664,1266395245,0
8050,1211,1266409701,-1
8050,22092,1266395245,0
8050,18264,1266409701,0
8050,34091,1266395245,0
8050,7701,1266401466,0
8050,30798,1266417236,0
8050,26422,1266395245,-1
8050,12200,1266395245,0
8050,28690,1266395245,0
8050,14061,1266401466,1
8050,28558,1266401466,0
8050,5081,1266395245,0
8050,4304,1266395245,0
8050,36148,1266417236,0
8050,21187,1266414282,1
8050,27440,1266409701,-1
8050,20901,1266395245,1
8050,37114,1266395245,0
8050,37547,1266395245,0
8050,8363,1266257114,0
8050,428,1266395245,-1
8050,36534,1266259915,1
8050,26789,1266395245,-1
8050,22349,1266395245,0
8050,23273,1266395245,-1
8050,26778,1266395245,0
8050,11077,1266141552,0
8050,23026,1266246311,1
8050,27872,1266395245,0
8050,26857,1266395245,0
8050,21974,1266395245,0
8050,7460,1266141552,1
8050,20706,1266395245,1
8050,27898,1266395245,0
8050,34333,1266395245,0
8050,32806,1266141552,0
8050,14442,1266259915,1
8050,33731,1266395245,0
8050,5391,1266395245,0
8052,679,1266476146,1
8052,20746,1266476146,1
8052,15911,1266476146,1
8052,21349,1266476146,0
8067,13947,1265635061,0
8067,21248,1265635061,1
8067,19271,1265635061,0
8067,27572,1265635061,1
8067,13631,1265635061,1
8067,22635,1265635061,1
8067,17192,1265790530,0
8067,28490,1265790530,0
8072,10484,1265361254,1
8073,5660,1265276226,1
8073,16473,1265276226,0
8083,16286,1265035447,1
8083,15160,1265035447,1
8083,22806,1265035447,1
8083,24365,1265035637,1
8083,5455,1265035637,1
8087,30690,1264990491,0
8091,28316,1264660377,1
8091,31818,1264660377,0
8091,16198,1264660377,0
8091,22367,1264660377,0
8091,35670,1264758934,0
8091,25758,1264759399,0
8091,26999,1264759399,1
8091,36371,1264759399,0
8091,34197,1264759399,0
8091,9531,1264759399,0
8094,23284,1264672894,0
8095,9939,1264628084,0
8100,8831,1264388451,1
8100,21738,1264388451,1
8100,356,1264388451,1
8101,34347,1264350190,1
8101,18232,1264351014,0
8102,32402,1264173590,1
8102,23865,1264173590,0
8102,30121,1264173590,0
8102,31324,1264173590,1
8102,35023,1264173590,-1
8102,36899,1264173590,0
8102,13280,1264336793,1
8104,2066,1264074273,0
8105,27999,1264068894,1
8105,15496,1264068894,1
8110,1687,1263882773,-1
8115,34467,1263646178,1
8115,31124,1263646178,0
8115,28418,1263646178,0
8115,27012,1263646178,0
8115,14440,1263646178,0
8122,19732,1263460987,0
8143,34079,1262259388,1
8143,11785,1262259388,1
8143,24246,1262259388,0
8143,20877,1262259388,1
8143,16884,1262259388,1
8143,13337,1262259388,0
8144,4680,1262156464,1
8146,23497,1262062790,0
8146,8842,1262062790,0
8146,24371,1262062790,0
8146,18044,1262062790,1
8147,4333,1262007260,0
8149,21314,1261748447,0
8149,33604,1261748447,1
8149,4856,1261748447,0
8149,17758,1261748447,0
8149,6783,1261748447,0
8149,22693,1261748447,0
8149,30420,1261748447,0
8149,14362,1261748524,0
8155,12585,1261480212,0
8158,33580,1261102332,0
8158,8500,1261130070,0
8158,12670,1261137216,0
8158,6789,1261137216,0
8158,30783,1261137216,0
8158,35165,1261373223,-1
8158,6013,1261384355,0
8160,7282,1261299387,1
8160,2950,1261316363,1
8162,9842,1261141941,0
8162,15791,1261141941,0
8162,3878,1261141941,0
8166,20802,1261037404,0
8166,17428,1261037404,-1
8168,20127,1260972684,1
8169,15708,1260954721,1
8169,32906,1260954721,1
8169,26832,1260965393,0
8176,3878,1260699502,-1
8176,514,1260699502,0
8176,6057,1260699502,-1
8176,14067,1260699502,1
8176,28218,1260699502,-1
8176,26576,1260699502,-1
8176,15186,1260699502,1
8178,654,1260372509,1
8178,28294,1260448932,0
8178,19341,1260448932,0
8178,35489,1260448932,0
8178,10577,1260448932,1
8178,16404,1260448932,0
8178,5118,1260448932,-1
8178,19373,1260448932,0
8178,1897,1260448932,0
8178,2166,1260448932,0
8185,33533,1260344390,1
8188,520,1260190212,1
8188,6037,1260190212,0
8192,9957,1259834348,1
8194,26734,1259766162,0
8194,8312,1259766162,0
8194,9690,1259766162,0
8194,18301,1259766162,0
8194,12601,1259766162,0
8194,22656,1259766162,0
8194,2151,1259766162,0
8194,635,1259766162,0
8194,14499,1259766162,0
8194,10429,1259766162,0
8194,5118,1259766162,0
8194,9805,1259766162,0
8194,4319,1259766162,0
8194,24396,1259766162,0
8194,30942,1259766162,0
8194,35417,1259766162,0
8194,8786,1259766162,0
8203,31630,1259329563,0
8203,26988,1259329563,0
8206,4389,1259234335,1
8211,27502,1259052856,1
8211,27680,1259052856,1
8211,28661,1259052856,1
8211,28059,1259052856,1
8211,27732,1259119224,0
8211,15347,1259119224,-1
8211,21502,1259119224,-1
8211,225,1259119224,-1
8212,1350,1259074530,0
8213,5927,1259074495,0
8223,34061,1258714146,0
8223,26079,1258714146,0
8223,8659,1258714146,0
8223,6600,1258714146,1
8223,1167,1258714146,1
8223,32193,1258714146,-1
8223,279,1258714146,1
8223,17005,1258714146,0
8223,27342,1258714146,1
8223,26271,1258714146,0
8234,28075,1258453522,-1
8237,15371,1258390388,0
8237,1607,1258390388,1
8238,8266,1257837753,1
8238,30100,1257837753,0
8238,4141,1257837753,0
8238,2501,1257837753,1
8238,12389,1258102428,0
8252,13000,1257790779,1
8252,36189,1257790779,0
8252,30061,1257790779,-1
8252,31656,1257790779,0
8252,13503,1257790779,0
8252,18327,1257790779,0
8252,15813,1257790779,1
8252,16259,1257790779,0
8252,7186,1257790779,0
8252,24774,1257790779,0
8252,36992,1257790779,0
8252,31678,1257790779,0
8252,23254,1257845285,0
8252,1821,1257845285,0
8252,17261,1257845285,0
8252,16705,1257845285,1
8252,26285,1257845285,0
8252,11928,1257849646,0
8252,2768,1257849646,0
8252,1205,1257849646,0
8252,33217,1257849646,0
8252,21912,1257851586,-1
8252,18657,1257851586,1
8252,37069,1257853752,0
8260,17618,1257508021,1
8260,17854,1257508021,1
8270,36204,1257243786,-1
8270,7644,1257243786,0
8270,35006,1257243786,1
8278,13395,1256653263,0
8278,36894,1256653263,0
8278,30177,1256653263,0
8278,16925,1256653263,0
8278,7046,1256653263,0
8278,34425,1256653263,0
8278,5501,1256653263,0
8278,15159,1256653263,0
8282,13865,1256553377,1
8282,24866,1256553377,0
8282,23422,1256553377,0
8282,16594,1256553377,1
8282,18514,1256553377,0
8282,7932,1256553377,0
8284,712,1256494479,-1
8284,611,1256494479,0
8284,202,1256494479,-1
8285,27277,1256482915,-1
8285,26962,1256482915,1
8285,12293,1256482915,1
8285,570,1256482915,0
8285,24690,1256482915,0
8286,7527,1256382495,0
8286,27730,1256382495,0
8286,28628,1256382495,1
8289,27516,1256217046,1
8289,20990,1256217046,0
8289,22579,1256217046,1
8294,432,1256195867,-1
8300,535,1256119647,0
8300,11068,1256119647,1
8300,6940,1256119647,-1
8300,17086,1256119647,0
8300,4697,1256119647,0
8305,19140,1255951266,-1
8313,26986,1254995174,0
8313,490,1255668431,1
8313,31800,1255668431,0
8314,30779,1255666927,0
8325,1818,1255014885,1
8334,1993,1253877007,0
8334,12510,1253877007,1
8334,12625,1253877007,0
8334,37358,1253877007,1
8334,13773,1253877007,0
8337,16397,1253689624,1
8337,5328,1253689624,0
8337,27046,1253689624,0
8350,8284,1253245380,1
8350,2390,1253245380,1
8355,16765,1253030105,1
8355,4422,1253030105,1
8355,26703,1253030105,1
8358,16318,1252986761,1
8358,21293,1252986761,0
8358,28674,1252986761,1
8358,7777,1252986761,1
8358,21508,1252986761,1
8358,34701,1252986761,0
8362,8945,1252924461,0
8367,13513,1252666690,1
8367,4758,1252666690,0
8367,12619,1252666690,1
8367,34298,1252666690,1
8377,36675,1252325081,0
8377,1213,1252325081,1
8377,7619,1252325081,0
8377,26883,1252325081,0
8377,18399,1252325081,1
8377,27774,1252325081,1
8380,16508,1252157126,0
8380,12312,1252157126,0
8380,10929,1252157126,0
8380,1666,1252157126,0
8386,9277,1251913575,1
8396,6173,1251531323,1
8401,19092,1251339805,0
8401,1278,1251339805,1
8401,34421,1251339805,0
8401,428,1251339805,1
8402,7621,1251260727,-1
8402,37301,1251260727,1
8402,20180,1251336756,0
8429,15369,1249646133,0
8429,15692,1249646133,0
8429,27176,1249646133,0
8429,381,1249646133,0
8429,16104,1249646133,-1
8429,18110,1249646133,1
8429,3921,1249646133,-1
8429,6671,1249646133,0
8431,28220,1249285547,1
8431,9366,1249285547,1
8431,12533,1249296311,0
8431,2236,1249296311,0
8431,8976,1249372471,-1
8431,19859,1249372471,1
8431,13714,1249372471,0
8431,21110,1249621703,0
8431,22799,1249621703,1
8432,1134,1249617483,1
8432,10289,1249617483,0
8432,12544,1249617483,1
8432,16744,1249617483,1
8432,6967,1249617483,-1
8438,16309,1249393625,0
8438,24437,1249393625,0
8438,23515,1249393625,0
8438,8832,1249393625,0
8438,20129,1249393625,0
8438,33761,1249393946,1
8438,1824,1249393946,1
8438,33717,1249393946,1
8438,5889,1249397986,0
8438,1405,1249452418,1
8438,1992,1249453088,0
8441,5601,1249304191,1
8441,24904,1249304191,0
8441,27200,1249304191,1
8441,33637,1249304191,1
8441,31770,1249304191,0
8441,22215,1249308562,1
8441,24722,1249308562,0
8441,14483,1249308562,0
8444,14085,1247239458,0
8444,32202,1247239458,0
8444,666,1247239458,0
8444,8658,1247239458,0
8444,9966,1247239458,0
8444,27368,1249097647,-1
8444,21929,1249097647,-1
8444,23279,1249097647,0
8444,7632,1249134977,-1
8444,32233,1249134977,0
8444,5474,1249134977,0
8444,21089,1249134977,-1
8444,23518,1249146920,0
8444,22076,1249146920,-1
8444,5659,1249146920,0
8444,2075,1249146920,0
8444,1843,1249146920,0
8444,20901,1249146920,0
8444,12073,1249146920,1
8446,18372,1248943880,0
8446,35512,1248943880,0
8446,6671,1248943880,0
8446,28591,1248943880,0
8446,6502,1248943880,1
8446,8843,1248943880,0
8446,7444,1248943880,0
8446,14412,1249020283,0
8446,24095,1249020283,1
8447,499,1248967940,0
8449,18904,1248874559,0
8449,7069,1248874559,0
8449,36188,1248874559,0
8449,36012,1248874559,0
8449,10695,1248874559,0
8449,34288,1248874559,0
8449,14542,1248874559,0
8449,9624,1248874559,0
8449,30709,1248879855,0
8457,1066,1248594214,-1
8457,14354,1248594214,0
8457,7751,1248607794,1
8457,20373,1248607794,-1
8457,218,1248607794,1
8457,24675,1248607794,-1
8457,27346,1248607794,0
8457,416,1248607794,1
8457,1665,1248607794,-1
8457,30726,1248607794,0
8457,24267,1248607794,1
8457,28188,1248611664,1
8457,8289,1248611664,0
8457,19775,1248611664,0
8465,34181,1247747524,1
8465,15760,1247747524,1
8465,2328,1247754444,1
8465,33022,1247754444,1
8467,16486,1247737505,0
8467,15535,1247737505,0
8467,28314,1247737505,0
8472,3950,1247410600,0
8472,33015,1247410600,1
8472,27911,1247410600,-1
8472,26518,1247410600,0
8472,17307,1247410600,0
8473,27329,1247386269,0
8473,12195,1247386269,0
8473,5283,1247386269,0
8473,20607,1247386269,-1
8473,16593,1247386269,0
8480,138,1247029994,0
8480,5695,1247029994,0
8480,13055,1247029994,-1
8480,1137,1247031977,0
8480,21782,1247031977,0
8484,6287,1246886325,1
8487,7457,1246789076,0
8487,17654,1246789076,0
8487,32456,1246789076,0
8487,8649,1246789076,0
8487,31958,1246789076,0
8487,9601,1246789076,0
8487,8307,1246789076,1
8487,128,1246789076,1
8487,30413,1246789076,0
8497,37503,1246526096,1
8497,28522,1246526096,0
8500,13546,1246447208,1
8500,733,1246447208,1
8501,5051,1246439997,0
8506,27163,1246275818,0
8506,17545,1246275818,0
8506,16007,1246275818,0
8512,29564,1245920470,0
8512,75,1245920470,1
8512,34375,1245920470,1
8512,26576,1245920470,1
8517,7472,1245833882,0
8523,12928,1245744411,0
8523,13811,1245744411,0
8527,6905,1245670418,0
8528,4408,1245665393,0
8528,28275,1245665393,0
8528,12487,1245665393,0
8528,16839,1245665393,0
8528,12323,1245665393,-1
8528,23307,1245665393,1
8528,13033,1245665393,0
8528,14144,1245665393,0
8528,32106,1245665393,0
8528,24381,1245665393,0
8528,18824,1245665393,0
8531,36365,1245150115,0
8531,11814,1245137201,0
8531,18911,1245150115,0
8531,2752,1245070655,0
8531,26532,1245326071,0
8531,16554,1245073233,0
8531,4432,1245136990,0
8531,682,1245136990,0
8531,4917,1245296359,0
8531,5805,1245326071,0
8531,6941,1245150115,0
8531,5933,1245162589,-1
8531,16650,1245326071,0
8531,19985,1245296359,0
8531,20893,1245150115,0
8531,10567,1245150115,0
8531,16678,1245150115,0
8531,28232,1245326071,0
8531,8424,1245136990,0
8531,30314,1245150115,0
8531,35328,1245249693,0
8531,6210,1245249693,0
8531,36404,1245326071,0
8531,24169,1245299380,0
8531,10446,1245142949,0
8531,23197,1245071904,1
8531,37547,1245301773,0
8531,23751,1245150115,0
8531,17030,1245299380,0
8531,2011,1245301685,0
8531,36621,1245326071,0
8531,417,1245070655,0
8531,16323,1245326071,0
8531,34101,1245309121,0
8531,12771,1245326071,0
8531,28023,1245326071,0
8531,33935,1245296359,-1
8531,13493,1245326071,0
8531,4274,1245137201,-1
8531,7468,1245136990,0
8531,21423,1245296359,0
8531,27236,1245249693,0
8531,17632,1245136990,0
8531,14513,1245150115,0
8531,32440,1245326071,0
8531,30840,1245249693,0
8531,6123,1245141148,0
8531,24187,1245326071,0
8531,15907,1245136990,0
8531,17445,1245300203,0
8531,33607,1245141731,0
8531,27563,1245299380,0
8531,29633,1245137201,0
8531,6867,1245150115,0
8531,32440,1245137263,0
8531,27421,1245150115,0
8531,33022,1245296901,0
8531,9361,1245142949,0
8531,8440,1245296359,0
8531,24416,1245326071,0
8532,27162,1245317632,0
8532,547,1245317632,0
8532,33044,1245317632,0
8533,692,1245313748,0
8533,27193,1245313748,-1
8533,20562,1245313748,1
8533,19796,1245313748,0
8533,24889,1245313748,-1
8533,4490,1245313748,-1
8533,24164,1245313748,-1
8533,12726,1245313748,0
8533,9629,1245313748,0
8533,36326,1245316115,0
8533,17328,1245316115,0
8533,28429,1245316115,0
8533,15769,1245316115,0
8537,30413,1245239665,0
8537,2226,1245239665,0
8537,30956,1245239665,0
8539,14485,1245232723,0
8542,5499,1245158680,1
8548,31493,1244960074,-1
8548,12070,1244960074,0
8548,31206,1244960074,0
8548,2361,1244960074,0
8548,31460,1244960074,0
8548,23704,1244960074,0
8548,26519,1244960074,0
8548,27940,1244960074,-1
8548,4406,1244960074,-1
8548,2280,1244960074,0
8548,19084,1244960074,0
8548,14016,1244960074,0
8548,28521,1244960074,0
8548,34808,1244960074,0
8548,13486,1244960074,0
8548,13144,1244960074,0
8548,4288,1244960074,0
8548,16552,1244960074,0
8548,22216,1244960074,0
8548,10992,1244960074,0
8548,21888,1244960074,1
8548,9179,1244960074,0
8548,340,1244960074,0
8548,32961,1244960074,0
8548,1947,1244960074,0
8548,7963,1244960074,0
8548,4930,1244960074,0
8548,20131,1244960074,-1
8548,30955,1244960074,0
8548,33448,1244960074,0
8548,27889,1244960074,0
8548,23224,1244960074,0
8548,36890,1244960074,-1
8548,5216,1244960074,0
8548,1691,1244960074,0
8548,7444,1244960074,0
8548,32308,1244960074,0
8548,10863,1244960074,0
8548,6642,1244960074,1
8548,25648,1244960074,0
8548,34153,1244960074,0
8548,15716,1244960074,0
8548,1560,1244960074,0
8548,19916,1244960074,0
8550,1064,1244811042,1
8550,33358,1244811042,1
8550,10183,1244812193,0
8558,8927,1244537702,1
8558,25985,1244538398,0
8558,29673,1244538398,0
8560,6396,1244362865,-1
8560,31073,1244362865,1
8560,18897,1244444585,1
8560,8263,1244444585,-1
8560,6798,1244444585,0
8560,24373,1244444585,0
8560,30987,1244450919,1
8560,5046,1244450919,0
8560,27766,1244450919,0
8560,18322,1244450919,0
8560,27466,1244450919,0
8560,31012,1244450919,0
8560,9730,1244450919,0
8560,30794,1244450919,0
8560,5179,1244450919,1
8560,27102,1244450919,1
8563,30725,1244460314,-1
8569,19358,1244193714,0
8569,26183,1244193714,0
8569,20771,1244193851,0
8572,14428,1244098002,0
8572,2046,1244098002,0
8572,112,1244098002,0
8572,12344,1244098002,0
8576,9803,1243757143,1
8576,9504,1243757143,1
8595,21501,1242744277,1
8604,35401,1242637761,0
8604,27209,1242637761,0
8604,22129,1242637761,-1
8604,7310,1242637761,0
8604,33634,1242637761,1
8606,31079,1242497724,0
8606,12325,1242497724,0
8606,11898,1242497724,0
8606,17637,1242497724,0
8606,14270,1242546974,-1
8606,27285,1242546974,0
8606,7922,1242546974,0
8606,10220,1242546974,0
8606,11755,1242546974,-1
8606,28670,1242547202,0
8606,15868,1242547542,0
8606,19025,1242547542,0
8606,6167,1242547542,0
8606,20786,1242547542,0
8606,17297,1242547542,0
8606,9471,1242547542,0
8606,25087,1242557736,0
8615,26297,1242116272,0
8615,16301,1242116272,0
8615,23478,1242116272,0
8615,37702,1242116272,0
8615,26535,1242116272,0
8616,28517,1242104293,0
8616,33568,1242104293,0
8616,10695,1242104293,0
8622,8779,1241778670,0
8622,32075,1241778670,-1
8622,13165,1241778670,0
8622,33816,1241778670,-1
8622,22867,1241778670,1
8622,28101,1241778670,0
8623,15207,1241772609,0
8623,14038,1241772609,0
8623,4276,1241772609,1
8623,35405,1241772609,0
8623,17787,1241772609,0
8623,25844,1241772609,0
8623,1087,1241772609,0
8623,10570,1241772609,0
8623,13873,1241772609,1
8625,25877,1241768755,-1
8625,35841,1241768755,0
8634,16362,1241250876,1
8634,37161,1241250876,0
8634,33468,1241250876,0
8634,8357,1241250876,0
8634,24905,1241250876,0
8634,31707,1241250876,0
8634,24778,1241250876,0
8634,24867,1241250876,0
8634,497,1241250876,0
8634,6048,1241250876,1
8634,11408,1241250876,1
8634,32181,1241250876,0
8634,9113,1241250876,-1
8634,19937,1241250876,0
8634,16191,1241341091,0
8634,5533,1241341091,0
8634,25127,1241341091,-1
8634,13986,1241341091,0
8634,26988,1241341091,0
8634,20833,1241341091,0
8634,7057,1241341091,0
8634,32060,1241341091,-1
8634,2293,1241341091,0
8634,6440,1241341246,0
8634,26208,1241423509,-1
8634,376,1241423509,0
8634,30829,1241423509,-1
8634,22386,1241423509,0
8634,7818,1241423509,0
8634,12398,1241423509,0
8634,13501,1241423509,0
8634,1866,1241423509,1
8634,20878,1241423509,0
8634,4810,1241423509,-1
8634,26895,1241423509,0
8634,1960,1241423509,1
8636,36990,1241197351,0
8636,517,1241197351,0
8636,17819,1241197351,0
8636,28632,1241197351,-1
8636,19567,1241197351,-1
8636,12125,1241197351,0
8636,10994,1241197351,0
8636,21340,1241199901,1
8636,30970,1241199901,0
8636,15751,1241199901,1
8636,28017,1241199901,0
8636,26221,1241199901,0
8638,15786,1241093474,-1
8638,26537,1241099662,0
8638,14511,1241099662,0
8645,22801,1240556095,0
8645,36777,1240556095,0
8645,27764,1240556095,0
8645,7337,1240556095,1
8645,4980,1240556095,1
8645,19597,1240556095,1
8645,14568,1240556095,0
8645,4623,1240556095,0
8645,5035,1240556095,-1
8645,12667,1240556095,1
8645,20589,1240556095,1
8645,35521,1240556095,1
8645,6164,1240556095,1
8645,11925,1240556095,0
8645,19005,1240556095,0
8645,5003,1240556095,0
8645,24463,1240556095,-1
8645,32948,1240556095,1
8645,22853,1240556095,0
8645,30926,1240556095,-1
8645,386,1240556095,0
8645,31634,1240556095,0
8645,18409,1240556095,0
8645,30389,1240556095,1
8645,15190,1240571088,0
8645,21252,1240571088,0
8645,2233,1240571088,0
8645,16591,1240571088,0
8645,1338,1240571088,1
8645,13937,1240571088,0
8645,31406,1240571088,0
8645,22746,1240571088,0
8645,8079,1240908646,0
8645,13259,1240908646,0
8645,20565,1240908646,0
8645,23474,1240908646,0
8645,31808,1240908646,0
8645,7552,1240908646,-1
8645,23170,1240908646,0
8645,9790,1240908646,1
8645,13584,1240908646,0
8645,16417,1240908646,-1
8645,21498,1240908646,0
8645,28148,1240908646,0
8645,16798,1240908646,0
8645,16120,1240908646,0
8645,30825,1240908646,0
8645,29578,1240908646,0
8645,1308,1240908646,0
8645,10997,1240908646,0
8645,16995,1240908646,1
8645,14158,1240908646,0
8645,5597,1240908646,-1
8646,22010,1240897517,0
8646,7147,1240897517,1
8649,13044,1239958287,1
8649,13838,1240587167,1
8649,6671,1240587167,1
8649,22082,1240587167,0
8649,7891,1240587167,1
8649,31612,1240587167,0
8654,18948,1240463055,0
8661,37413,1240196971,1
8661,4263,1240196971,-1
8662,31560,1239982698,0
8662,36105,1239982698,0
8662,13213,1239982698,0
8662,10235,1239982698,0
8662,31638,1239982698,0
8662,19571,1239982698,1
8662,11849,1239982698,0
8662,7517,1239982698,0
8662,26568,1239982698,0
8662,22485,1239982698,0
8662,1851,1239982698,0
8662,20871,1239982698,0
8662,13421,1239982698,0
8662,6676,1239982698,0
8662,22495,1239982698,0
8662,8370,1239982698,0
8662,15856,1239982698,0
8662,13705,1240126071,0
8667,37302,1239087668,1
8667,6268,1239087668,1
8667,4061,1239087668,0
8667,4319,1239087668,0
8667,18219,1239087668,0
8667,9936,1239087668,0
8667,22085,1239091580,0
8667,4466,1239091580,0
8667,14088,1239091580,1
8667,9467,1239689417,-1
8667,18985,1239689417,0
8667,6902,1239689417,1
8667,2548,1239689417,0
8667,24897,1239689417,0
8667,9482,1239689417,0
8667,31665,1239689417,0
8667,35806,1239689417,0
8667,19547,1239689417,0
8667,16093,1239689417,0
8667,18647,1239689417,0
8667,32447,1239689417,0
8667,7547,1239689417,0
8667,21140,1239689417,0
8667,34174,1239689417,0
8667,1810,1239689417,0
8667,30716,1239689417,0
8667,28599,1239689417,0
8667,28437,1239689417,0
8667,34494,1239689417,0
8667,5781,1239689417,0
8667,36807,1239694340,-1
8667,28415,1239696375,-1
8667,27653,1239960779,1
8667,27185,1239960779,1
8667,27206,1239960779,1
8667,7636,1239960779,0
8667,9871,1239960779,0
8667,6698,1239960779,0
8667,23584,1239960779,-1
8667,6632,1239960779,0
8667,1661,1239960779,0
8667,6590,1239960779,-1
8667,19786,1239960779,0
8667,16471,1239960779,1
8667,16318,1239960779,0
8667,28345,1239960779,0
8667,1174,1239960779,0
8667,24716,1239960779,0
8667,20628,1239960779,0
8667,26003,1239960779,1
8667,28708,1239960779,1
8667,22748,1239960779,0
8667,33579,1239960779,0
8667,19405,1239960779,0
8667,21161,1239960779,0
8677,23865,1238659011,0
8677,21174,1239084793,1
8677,28555,1239084793,0
8677,19068,1239084793,0
8677,351,1239092852,0
8680,5936,1237887389,1
8680,23741,1237887389,0
8680,30685,1237893393,0
8680,19125,1238072329,-1
8680,9690,1238072329,1
8680,1250,1238914366,-1
8696,27247,1238404726,1
8696,8951,1238404726,1
8696,13390,1238404726,0
8701,23129,1238145728,0
8701,9233,1238145728,0
8701,4228,1238145728,1
8705,20859,1236962793,1
8705,36695,1236962793,0
8705,17151,1238066890,1
8705,7416,1238067290,0
8705,24868,1238082052,1
8714,27376,1237883610,0
8714,26455,1237883610,-1
8714,24653,1237883610,-1
8716,8280,1221393895,1
8716,10823,1221393895,0
8716,24954,1237813243,0
8716,9246,1237813243,0
8716,21171,1237813243,-1
8716,28215,1237813243,1
8716,8056,1237813243,1
8718,15655,1237741207,0
8718,14295,1237743794,0
8718,33580,1237743794,0
8718,9793,1237743794,0
8729,8856,1237211133,1
8729,26664,1237211133,0
8729,5069,1237211133,1
8729,9423,1237211133,-1
8729,17639,1237211133,0
8732,21001,1236955010,1
8732,9435,1236955010,0
8732,33497,1236955010,1
8732,33749,1236955010,1
8732,22825,1236955010,0
8732,13789,1236955010,1
8732,12361,1236955010,-1
8732,26894,1236955010,0
8732,16028,1236955010,0
8732,15559,1236955010,0
8739,20255,1236835446,0
8739,10051,1236835446,1
8739,18110,1236835446,0
8739,1034,1236835446,0
8739,7435,1236835446,0
8739,12023,1236835446,1
8739,14551,1236835446,0
8739,5298,1236835446,0
8739,10669,1236835446,0
8739,27524,1236835446,0
8739,8496,1236835446,1
8739,7132,1236835446,0
8739,8656,1236835446,-1
8739,28394,1236835446,-1
8739,6663,1236835446,0
8741,16736,1236694777,0
8741,24820,1236694777,1
8741,12952,1236694777,1
8741,15844,1236830138,1
8741,26608,1236830138,-1
8741,26280,1236830138,0
8745,5053,1236756666,1
8745,28645,1236756666,0
8745,10958,1236756666,0
8745,23734,1236756666,0
8746,28035,1236683908,1
8746,3939,1236683908,1
8746,4345,1236683908,0
8746,5902,1236683908,0
8746,8485,1236683908,-1
8746,27598,1236683908,1
8746,36992,1236683908,-1
8755,12234,1236356968,0
8755,14799,1236356968,0
8755,14309,1236356968,0
8755,36242,1236356968,-1
8755,33957,1236356968,0
8755,14201,1236356968,0
8755,7895,1236356968,0
8755,18088,1236356968,1
8755,16410,1236356968,-1
8755,4785,1236356968,1
8755,16153,1236356968,-1
8755,13015,1236356968,0
8755,7017,1236356968,1
8755,13050,1236356968,0
8755,4458,1236356968,-1
8755,10998,1236356968,1
8755,19092,1236356968,-1
8755,16026,1236356968,-1
8755,12641,1236356968,1
8758,22273,1236176414,0
8758,2368,1236235467,1
8758,28206,1236235467,0
8760,9588,1236199124,1
8760,1041,1236199124,0
8762,27748,1236154231,1
8762,14030,1236154231,1
8762,15522,1236154231,1
8762,36829,1236154231,1
8762,12772,1236154231,0
8762,14297,1236154231,0
8762,37372,1236154231,1
8762,24037,1236154231,1
8766,14474,1236074674,1
8769,8948,1235903684,0
8769,31808,1235903684,1
8769,10669,1235903684,0
8771,30238,1235833832,0
8771,22233,1235833832,-1
8771,10750,1235833832,0
8771,18651,1235833832,0
8771,2108,1235833832,1
8771,14272,1235837997,1
8780,26171,1235652242,0
8780,8952,1235652242,-1
8780,4846,1235652242,0
8780,15883,1235655414,0
8780,16845,1235655414,0
8781,4772,1235582158,1
8781,18779,1235582158,0
8781,6965,1235582158,0
8781,9786,1235582158,0
8781,8946,1235582158,1
8781,8806,1235582158,1
8781,16532,1235582158,0
8781,28203,1235586006,0
8781,1600,1235586006,1
8781,26966,1235586437,0
8781,33042,1235642270,0
8781,16145,1235642270,-1
8789,14315,1235361163,1
8789,8082,1235361163,0
8789,12947,1235361163,1
8789,31238,1235361163,1
8789,31504,1235369810,0
8791,13803,1235152489,0
8791,24904,1235152489,0
8791,28823,1235152489,0
8792,28595,1235142170,1
8799,30116,1234926246,1
8799,20963,1234926246,0
8806,36154,1234492108,0
8806,14324,1234492108,0
8806,17544,1234492108,1
8806,27338,1234492551,0
8813,35047,1234329500,1
8814,31944,1234287782,1
8814,23716,1234287782,0
8814,7750,1234287782,1
8821,11333,1234098794,-1
8821,32248,1234098794,0
8821,18043,1234098794,0
8821,15342,1234098794,0
8821,10013,1234098794,0
8821,18227,1234098794,0
8821,20513,1234098794,-1
8821,25854,1234098794,0
8821,26052,1234098794,0
8821,32438,1234098794,0
8821,2112,1234098794,-1
8821,23152,1234098794,0
8821,33177,1234098794,0
8821,25742,1234098794,0
8821,7255,1234098794,0
8821,5331,1234098794,0
8821,27822,1234098794,0
8821,16064,1234098794,0
8821,4992,1234098794,-1
8821,2302,1234098794,0
8821,9405,1234098794,-1
8821,34302,1234098794,-1
8821,18116,1234098794,0
8821,34495,1234098794,0
8831,17764,1233722586,0
8831,15337,1233722586,0
8831,16577,1233722586,0
8831,9462,1233725176,0
8831,14251,1233722586,-1
8831,13757,1233722586,0
8831,21978,1233725176,0
8831,27063,1233722586,0
8831,24974,1233725176,-1
8831,19324,1233722586,0
8831,9142,1233722586,0
8831,35425,1233722586,0
8831,7007,1233722586,0
8831,13509,1233725176,0
8831,17785,1233725176,0
8831,1603,1233722586,0
8831,5685,1233722586,0
8831,12072,1233722586,0
8831,8332,1233722586,0
8831,1994,1233722586,0
8831,9109,1233722586,-1
8831,20517,1233722586,0
8831,2792,1233725176,0
8831,10647,1233722586,0
8831,9092,1233722586,0
8831,18806,1233722586,0
8831,1824,1233725176,0
8831,8053,1233722586,0
8831,12171,1233722586,0
8831,7533,1233725176,-1
8831,1424,1233722586,0
8831,6757,1233722586,0
8831,17611,1233725176,-1
8831,7500,1233725176,0
8831,8926,1233725176,0
8831,24617,1233722586,0
8831,14922,1233722586,0
8831,2289,1233725176,0
8831,6723,1233722586,0
8831,9267,1233722586,0
8831,27360,1233725176,0
8831,28160,1233722586,-1
8831,13224,1233722586,0
8831,11811,1233725176,0
8831,21082,1233725176,0
8831,20655,1233722586,0
8831,14319,1233722586,0
8831,18853,1233722586,0
8831,31574,1233722586,0
8831,16876,1233722586,0
8831,16783,1233725176,0
8831,37248,1233725176,0
8831,6040,1233725176,0
8831,19399,1233725176,0
8831,6637,1233725176,0
8831,30830,1233722586,0
8831,32694,1233722586,0
8831,7744,1233722586,0
8831,25828,1233722586,0
8831,13352,1233722586,-1
8839,5862,1233476804,0
8839,11413,1233476804,0
8839,20266,1233476804,1
8839,13687,1233476836,0
8839,28513,1233476836,0
8839,686,1233476836,0
8839,13936,1233476836,1
8839,22004,1233476836,1
8839,30275,1233476836,0
8839,33700,1233480577,0
8848,3953,1232782057,0
8848,1902,1232782057,0
8848,17099,1232782057,0
8848,34541,1232782057,0
8848,36232,1232782057,1
8848,12153,1232782057,0
8848,26518,1232870413,1
8848,6728,1232870413,-1
8848,10425,1232870413,0
8852,12602,1232600323,0
8852,7867,1232600323,0
8854,26633,1232550406,0
8854,14082,1232550406,0
8854,32052,1232550406,0
8854,1071,1232550406,-1
8854,7141,1232550406,-1
8854,9444,1232550406,-1
8854,33464,1232550406,0
8854,31311,1232550406,-1
8854,31162,1232550406,0
8854,28300,1232550406,0
8855,33105,1221063587,0
8855,13766,1221063587,0
8855,20240,1221063587,0
8855,7489,1221139861,0
8855,22851,1221139861,0
8855,12270,1221139861,0
8855,26870,1221139861,1
8855,15554,1232046700,1
8855,4591,1232046700,1
8855,19988,1232046700,1
8855,36825,1232046700,0
8855,6198,1232046700,0
8855,10746,1232047391,0
8855,35404,1232047391,0
8855,11982,1232050954,0
8855,30412,1232050954,1
8855,36542,1232050954,0
8855,33205,1232523094,0
8855,15414,1232523094,0
8862,8877,1231941979,0
8862,16400,1231941979,0
8862,8518,1231941979,0
8862,562,1231941979,0
8862,2038,1231941979,0
8862,22406,1231941979,0
8862,13786,1231941979,0
8862,1987,1231941979,1
8862,18947,1231941979,1
8862,28034,1231941979,0
8862,6165,1231944482,0
8862,30862,1232100831,0
8862,13947,1232100831,0
8862,24454,1232100831,0
8862,36894,1232379943,0
8862,16582,1232379943,1
8862,31573,1232379943,1
8862,13198,1232379943,1
8864,23945,1232329721,0
8864,2133,1232329721,0
8864,22157,1232329721,-1
8864,1744,1232329721,-1
8864,33528,1232329721,-1
8864,4137,1232329721,0
8864,11022,1232329721,0
8864,13322,1232329721,0
8864,17268,1232329721,0
8864,33727,1232329721,0
8864,5209,1232329721,0
8864,27899,1232329721,0
8864,36276,1232329721,0
8864,20911,1232329721,-1
8864,9508,1232329721,0
8864,6654,1232329721,0
8864,16915,1232329721,1
8864,7329,1232329721,-1
8864,9271,1232329721,-1
8864,24048,1232329721,0
8864,33392,1232329721,0
8864,26504,1232329721,0
8864,7748,1232329721,1
8864,13788,1232329721,-1
8864,34206,1232329721,1
8864,4790,1232329721,1
8864,28608,1232329721,-1
8864,24675,1232329721,1
8864,10643,1232329721,1
8864,15891,1232329721,-1
8864,35227,1232329721,0
8864,6554,1232329721,0
8864,8981,1232329721,1
8864,13453,1232353420,0
8866,3935,1232273690,1
8872,2294,1232031208,0
8874,7508,1231915198,0
8874,7388,1231915198,0
8874,33408,1231915198,0
8874,4462,1231915198,0
8874,21380,1231915198,1
8874,31570,1231915198,0
8875,30059,1231912903,1
8885,5467,1231379567,0
8885,16443,1231379567,0
8892,12854,1230645556,1
8892,19719,1230645556,1
8892,15629,1230652285,0
8892,37506,1231143267,1
8892,36851,1231143267,0
8897,30723,1230909431,0
8897,3899,1230909431,0
8897,33143,1230909431,0
8897,15399,1230909431,0
8897,1973,1230909431,0
8897,21222,1230909431,0
8897,10885,1230913222,0
8900,31032,1230682308,0
8900,9626,1230682308,0
8900,6625,1230693478,0
8900,37135,1230693478,0
8900,34156,1230693478,0
8900,5507,1230777350,0
8900,8034,1230777350,-1
8900,28716,1230777350,-1
8900,25710,1230841275,0
8900,8106,1230841275,0
8900,21738,1230841275,0
8903,29118,1230665763,1
8904,10290,1230559749,0
8904,21493,1230625428,0
8905,13116,1230458809,0
8905,27006,1230458809,0
8905,14963,1230458809,-1
8905,1849,1230458809,0
8905,16932,1230458809,1
8920,21290,1229010139,0
8920,22262,1229010139,0
8920,32543,1229010139,0
8920,1261,1229045713,0
8920,2050,1229045713,0
8920,7610,1229045713,0
8920,31421,1229222647,0
8932,32657,1228758710,0
8932,33319,1228758710,1
8932,655,1228758710,0
8949,8161,1228113969,0
8949,17893,1228113969,0
8949,13194,1228113969,0
8950,19658,1227838776,0
8950,20008,1227838776,0
8950,18629,1227838776,0
8950,22325,1227838776,0
8950,27110,1227838776,0
8950,1640,1227838776,0
8950,5553,1227838776,0
8950,34663,1227838776,0
8950,9636,1227838776,0
8950,19599,1227838776,0
8950,5943,1227838776,0
8950,15713,1227838776,0
8950,19048,1227838776,0
8950,27142,1227838776,0
8950,16715,1227838776,0
8950,25742,1227838776,0
8950,8042,1227838776,0
8950,7141,1227838776,0
8950,25702,1227838776,0
8950,4929,1227838776,0
8950,2356,1227838776,0
8950,34376,1227838776,0
8950,22578,1227838776,0
8950,16897,1227838776,0
8950,33449,1228012144,0
8950,8221,1228012144,0
8950,14101,1228012144,0
8950,6237,1228099073,0
8950,27685,1228099073,0
8950,8609,1228099073,0
8950,14477,1228099073,0
8950,9489,1228099073,0
8950,19087,1228099073,0
8950,24051,1228099073,0
8953,23051,1228024615,0
8953,7417,1228024615,1
8953,10911,1228024615,0
8954,29671,1227972822,1
8954,19398,1227972822,-1
8956,10494,1227958340,0
8956,4528,1227958340,1
8956,31672,1227958340,1
8956,26483,1227958340,1
8956,23026,1227958340,0
8956,26140,1227959828,0
8956,35336,1227959828,0
8960,11755,1227818662,0
8965,9169,1227362690,1
8965,26988,1227362690,0
8965,1197,1227697670,0
8965,30798,1227697670,0
8965,13254,1227697670,0
8968,22056,1227634593,0
8968,8383,1227634593,1
8968,26834,1227634593,1
8970,27956,1227439243,0
8970,28296,1227439243,0
8970,9265,1227439243,1
8970,12431,1227439243,0
8970,32499,1227439243,0
8970,7630,1227439243,0
8970,27233,1227439243,1
8970,4844,1227440403,0
8970,9126,1227440403,0
8970,7277,1227440403,0
8970,34669,1227440403,0
8970,27468,1227440403,0
8971,23158,1227290957,-1
8971,31339,1227290957,0
8971,11946,1227290957,0
8971,7573,1227290957,0
8971,23281,1227290957,0
8971,588,1227290957,1
8973,37260,1225793313,1
8973,18922,1225793313,0
8973,13637,1227252702,-1
8973,15881,1227252702,1
8974,7719,1227209733,-1
8974,32463,1227209733,1
8974,28492,1227209733,0
8974,16216,1227209733,0
8975,22559,1222965223,1
8975,35619,1227157394,0
8975,8113,1227157394,0
8975,13357,1227163778,0
8975,22803,1227163778,0
9000,30989,1226063471,0
9004,36256,1225934488,0
9004,20819,1225934488,1
9004,9583,1225934488,0
9004,20576,1225934488,1
9004,17975,1225934488,1
9004,36924,1225934488,1
9013,27758,1225476234,0
9013,36452,1225476234,0
9013,8803,1225476234,0
9013,6188,1225476234,1
9013,16588,1225476795,0
9017,1996,1225204004,0
9019,27967,1225116460,1
9023,5900,1224821062,1
9023,7026,1224821062,1
9023,31664,1224821062,0
9023,26846,1224821062,0
9025,31562,1224733014,0
9025,13529,1224733014,0
9025,27650,1224733014,0
9028,33400,1224016167,0
9028,3936,1224016167,0
9028,16571,1224650062,1
9028,17474,1224650062,0
9028,1900,1224650062,-1
9032,13017,1224610510,1
9032,23443,1224632823,0
9033,13828,1224599541,1
9033,7333,1224610081,1
9037,14426,1224445499,0
9037,20254,1224445499,0
9038,30109,1206051143,1
9038,10935,1219746973,0
9038,4787,1219746973,0
9038,17985,1219747483,0
9038,16887,1219800240,0
9038,34183,1224424089,0
9038,33886,1224424089,0
9038,8252,1224424089,1
9038,36702,1224424089,0
9038,23477,1224424089,0
9039,257,1224422179,1
9039,22102,1224422179,0
9039,15142,1224422179,1
9039,1082,1224422179,0
9042,16307,1224317801,0
9042,8150,1224317801,0
9042,35,1224317801,0
9045,12804,1224162931,0
9045,35402,1224162931,1
9047,1610,1224087956,0
9047,21181,1224087956,0
9047,13419,1224087956,-1
9048,7343,1223890611,1
9048,12576,1223890611,0
9048,21090,1223891816,0
9063,9252,1223444692,0
9063,4334,1223444692,0
9063,30412,1223444692,0
9063,11813,1223444692,1
9063,7679,1223444692,0
9063,18844,1223444692,1
9063,5502,1223444692,0
9066,30110,1222967691,0
9066,17869,1222967691,1
9066,28368,1222967691,0
9066,9827,1223217887,1
9066,10918,1223217887,1
9073,19425,1222690567,1
9073,32818,1222690567,0
9073,19768,1222710593,0
9073,12600,1222710593,0
9073,33208,1222710593,0
9075,28371,1222626290,1
9075,31065,1222626290,0
9075,6481,1222626290,-1
9075,21379,1222626290,0
9075,17486,1222626290,0
9075,18472,1222626290,0
9075,19932,1222626290,0
9075,22039,1222626290,0
9075,24820,1222626290,1
9075,19812,1222626290,1
9075,1465,1222626290,1
9075,5420,1222676593,0
9077,1746,1222073810,0
9077,35040,1222590908,-1
9077,20747,1222590908,0
9084,21407,1222335380,-1
9084,17263,1222335380,1
9097,5245,1221778581,1
9113,15385,1221340119,1
9113,17317,1221340119,0
9113,27342,1221340119,0
9113,31591,1221340119,1
9113,21580,1221340119,0
9113,27082,1221340119,0
9124,5467,1220795598,0
9124,35855,1220795598,0
9124,16571,1220795598,-1
9130,22319,1220445004,1
9130,24696,1220445004,1
9130,569,1220445004,0
9136,28388,1220187742,1
9138,4020,1219989073,1
9138,19962,1220003999,-1
9138,19785,1220003999,0
9138,9158,1220003999,0
9138,9342,1220003999,1
9138,4795,1220003999,0
9138,4681,1220003999,0
9138,6705,1220008338,0
9138,1740,1220008338,-1
9138,6394,1220008338,0
9138,11126,1220008338,-1
9138,33297,1220008338,-1
9139,32740,1219864895,1
9155,21611,1219277581,0
9155,18624,1219277581,0
9155,26222,1219277581,1
9155,13744,1219277581,1
9155,5735,1219277581,0
9155,27151,1219277581,1
9155,516,1219277581,0
9155,30414,1219277581,0
9155,8212,1219277581,0
9155,9218,1219277581,0
9155,7501,1219277581,0
9155,7659,1219277581,0
9155,4076,1219277581,0
9155,27934,1219277581,0
9155,8515,1219277581,0
9155,20128,1219277581,0
9155,17948,1219277581,0
9155,12203,1219277581,0
9158,19850,1219109870,0
9158,676,1219212782,0
9158,25750,1219214513,0
9162,27515,1218985876,-1
9162,35855,1218985876,0
9162,14220,1218985876,1
9162,16384,1218985876,0
9164,11837,1218979025,0
9164,36129,1218979025,0
9164,31598,1218979025,0
9164,8090,1218979025,1
9164,30979,1218979025,0
9167,26737,1218787861,0
9167,15734,1218787861,0
9167,20609,1218787861,0
9167,8496,1218787861,0
9167,31855,1218787861,0
9167,7307,1218787861,0
9167,510,1218787861,1
9167,26032,1218787861,0
9180,8845,1218443532,0
9180,10591,1218443532,0
9180,28288,1218443532,0
9180,2193,1218443532,0
9180,26103,1218443532,1
9180,10519,1218443532,0
9180,17998,1218443532,0
9193,9983,1218168435,-1
9199,28522,1218042554,-1
9199,9464,1218042554,1
9199,37124,1218042554,1
9199,12874,1218042554,0
9199,22148,1218042554,0
9206,35591,1217575053,-1
9207,6240,1217484189,1
9207,21674,1217484189,0
9207,7439,1217484189,0
9207,14041,1217527526,0
9207,12123,1217527526,1
9207,6811,1217527526,1
9207,76,1217527526,1
9209,7789,1217431903,0
9211,22486,1217394575,0
9211,6227,1217394575,0
9211,32520,1217394575,0
9211,1231,1217394575,0
9211,24672,1217394575,0
9211,8153,1217394575,0
9211,18751,1217394575,0
9211,34154,1217394575,-1
9211,7825,1217394575,0
9218,9542,1216924624,1
9218,13843,1216924624,0
9218,22302,1216924624,0
9218,14266,1216924624,0
9218,25208,1216924624,-1
9218,25953,1216924624,-1
9218,14244,1217007008,0
9218,34713,1217007008,0
9218,27053,1217007008,0
9218,22404,1217007008,0
9218,15169,1217007008,0
9218,24881,1217007008,0
9218,572,1217007008,0
9218,4853,1217007008,0
9218,12999,1217007008,0
9218,6704,1217007008,0
9218,1017,1217007008,0
9218,20804,1217007008,0
9230,8247,1216405552,0
9230,27346,1216405552,0
9230,32101,1216405552,0
9233,21969,1216287924,-1
9233,37059,1216287924,0
9233,711,1216287924,0
9233,15764,1216291245,1
9236,5929,1216177458,-1
9236,479,1216177458,0
9236,4494,1216177458,0
9249,6939,1215835266,1
9254,7702,1215768223,1
9257,28259,1215750782,1
9258,28454,1215675979,0
9258,32173,1215675979,1
9258,13468,1215675979,0
9258,18523,1215675979,0
9258,12472,1215675979,0
9258,1686,1215675979,0
9258,33182,1215675979,0
9258,19388,1215675979,1
9258,31359,1215675979,0
9258,15993,1215675979,0
9258,12315,1215675979,0
9258,20510,1215675979,0
9258,23008,1215675979,0
9258,5567,1215675979,0
9258,30167,1215675979,0
9258,33829,1215675979,0
9258,21890,1215675979,1
9258,27409,1215685197,1
9261,14420,1215613182,0
9266,14561,1215518767,1
9274,22214,1215259497,0
9274,27297,1215260336,0
9275,15209,1215176106,0
9275,16593,1215176106,1
9275,16408,1215203209,0
9275,24499,1215203209,1
9275,33414,1215203209,0
9275,9916,1215203209,1
9275,26199,1215203209,0
9283,9436,1215028243,0
9283,22517,1215028243,0
9283,14485,1215028243,0
9283,15654,1215028243,0
9283,22439,1215028243,0
9283,20317,1215028243,0
9283,6146,1215028243,0
9283,538,1215028243,0
9283,1113,1215028243,0
9283,16384,1215028243,0
9286,30784,1214893967,1
9286,20691,1214893967,1
9286,31672,1214893967,1
9286,27228,1214893967,1
9286,9096,1214893967,1
9286,6573,1214893967,1
9287,7317,1214817671,0
9290,30565,1214508741,1
9290,13008,1214508741,1
9290,9570,1214508741,-1
9290,6415,1214508741,-1
9290,19616,1214508741,-1
9290,34106,1214508741,-1
9290,7133,1214529141,0
9298,26666,1214224480,0
9304,21802,1213838473,1
9304,23478,1213838473,-1
9304,33365,1213838473,1
9304,8742,1213838473,1
9308,25984,1213348718,0
9308,91,1213348718,0
9308,19804,1213348718,0
9308,34690,1213348718,0
9308,11821,1213348718,0
9308,20910,1213560131,1
9308,13442,1213647567,0
9308,8479,1213647567,0
9308,16349,1213647567,0
9308,1982,1213647567,-1
9308,24387,1213647567,0
9308,490,1213647567,0
9308,10592,1213677436,-1
9308,14,1213677436,0
9308,104,1213677436,0
9308,35303,1213677436,0
9308,8688,1213677436,0
9308,10971,1213677436,0
9308,13285,1213677436,0
9308,17948,1213677436,0
9308,12213,1213677436,1
9308,231,1213677436,0
9308,27151,1213677436,-1
9315,16351,1212987523,0
9315,6809,1212987523,0
9315,23197,1212987523,0
9315,8387,1212987523,0
9316,28229,1212986156,0
9316,8906,1212986156,0
9316,4861,1212986156,-1
9316,6700,1212986156,0
9316,4328,1212986156,0
9316,4200,1212986156,0
9316,20719,1212986156,0
9316,33327,1212986156,-1
9316,28725,1212986156,-1
9317,22349,1212936023,1
9317,7053,1212936023,0
9317,9413,1212936023,0
9318,33050,1212913949,-1
9318,18333,1212913949,0
9318,23783,1212913949,1
9318,7664,1212913949,0
9318,12097,1212913949,0
9318,10740,1212913949,0
9318,30408,1212913949,0
9318,7983,1212913949,0
9334,5133,1212517728,0
9339,13086,1212331313,1
9345,27904,1211968072,0
9351,33617,1211718058,1
9351,8950,1211718058,1
9356,19927,1211490942,0
9359,12219,1211390293,1
9365,24136,1211265214,0
9365,20723,1211265214,0
9365,19308,1211265214,0
9372,26860,1189236308,0
9372,23942,1210914164,0
9372,10521,1210914164,0
9372,20727,1210914164,0
9376,13632,1208353276,1
9376,4010,1208353276,1
9376,1869,1208353276,0
9376,10893,1210659528,0
9376,34165,1210659528,1
9376,16971,1210659528,1
9391,18037,1209872500,1
9391,24656,1209872500,0
9391,26238,1209872500,1
9391,16271,1209872500,1
9401,18302,1208201479,1
9424,26260,1207135946,-1
9424,24997,1207135946,1
9424,9157,1207135946,1
9424,5688,1207135946,1
9424,28656,1207135946,0
9435,30231,1206688201,-1
9435,22034,1206688201,0
9435,5560,1206688201,0
9446,8208,1205730963,0
9446,5553,1205730963,0
9446,26235,1205730963,0
9446,8227,1205730963,0
9446,15135,1205730963,0
9446,21257,1205730963,0
9446,22212,1205730963,0
9446,30092,1205730963,-1
9446,28416,1205730963,-1
9446,16234,1205730963,0
9446,7869,1205730963,0
9452,18377,1205116068,1
9452,18915,1205116068,1
9452,25084,1205116068,0
9452,5545,1205116068,-1
9452,14909,1205116068,0
9464,13060,1204632682,1
9464,17270,1204632682,-1
9464,28476,1204632682,0
9465,22629,1204555276,0
9474,4542,1203223878,1
9474,26716,1203223878,0
9474,33053,1203223878,0
9474,19765,1203223878,0
9474,10735,1203223878,0
9474,22642,1203223878,0
9474,32920,1203223878,0
9474,9363,1203223878,0
9474,6389,1203223878,0
9474,15513,1203223878,1
9474,22222,1203223878,0
9474,21697,1203342521,0
9474,10507,1203342521,0
9474,11105,1203342521,0
9474,2921,1203342521,1
9474,9475,1203342521,0
9474,27229,1203342521,0
9474,5789,1203342521,0
9474,12246,1203342521,0
9474,21843,1203342521,0
9474,17612,1203342521,0
9474,15580,1203342521,0
9474,36673,1203342521,0
9474,13616,1203342521,0
9474,4131,1203342521,0
9474,19868,1203342521,-1
9474,487,1203342521,0
9474,12859,1203342521,0
9474,33761,1203342521,0
9474,3933,1203342521,0
9477,23703,1202894962,-1
9484,1054,1202413642,0
9488,17444,1201933309,0
9488,5210,1201933309,-1
9488,32216,1201933309,1
9488,15815,1201933309,-1
9492,22593,1200962817,0
9492,22011,1200962817,1
9492,14259,1200964082,0
9492,7229,1200964082,0
9493,15888,1200960955,1
9493,4779,1200960955,0
9496,3939,1200893593,-1
9518,33539,1196744249,1
9522,28573,1196354343,0
9522,4111,1196354343,0
9522,5710,1196354343,1
9522,7130,1196354343,0
9522,36700,1196354343,0
9527,34967,1195648777,0
9529,1128,1195507068,0
9532,10953,1195297340,0
9532,25821,1195297340,1
9532,14494,1195297340,0
9544,36591,1195064179,0
9544,10051,1195064179,0
9544,34116,1195064179,0
9544,31665,1195064179,0
9544,16525,1195064179,0
9546,149,1195046084,0
9553,2793,1194265817,-1
9553,34029,1194265817,0
9555,27848,1193847910,1
9562,7357,1192445243,1
9562,21715,1192445243,0
9562,18222,1192445243,1
9562,24591,1192445243,1
9562,17144,1192445243,-1
9562,33604,1192445243,0
9562,21845,1192445243,1
9562,30976,1192445243,1
9562,33950,1192464785,0
9562,15788,1192464785,-1
9562,29642,1192464785,0
9562,32611,1192464785,-1
9562,22063,1192528446,1
9562,23506,1192528446,0
9562,26797,1192528446,0
9562,16144,1192528446,0
9584,30142,1188901726,0
9584,4647,1188901726,0
9584,30917,1188901726,-1
9584,16741,1188901726,0
9584,25831,1188901726,0
9584,21908,1188901726,0
9584,21321,1188901726,0
9584,16101,1188901726,0
9584,8491,1188901726,0
9584,27566,1188901726,0
9584,16865,1188905603,0
9584,23863,1188905603,-1
9584,1760,1188905603,0
9584,31089,1188905603,0
9584,6132,1188905603,1
9584,8484,1188905603,0
9584,28619,1188905603,0
9584,25864,1188905603,0
9584,24868,1188905603,0
9584,31293,1188905603,0
9584,21658,1188905603,0
9584,13981,1188905603,0
9584,30672,1188905603,0
9584,11792,1188905603,0
9584,5365,1188905603,0
9584,9481,1188905603,0
9584,7685,1188905603,0
9584,9623,1188905603,0
9584,19629,1188905603,0
9584,18768,1188905603,0
9584,16960,1188905603,0
9584,9724,1188905603,0
9584,13192,1188905603,0
9584,13368,1188905603,0
9584,5170,1188905603,0
9584,24120,1188905603,0
9584,29570,1188905603,0
9584,4064,1188905603,0
9584,6344,1188905603,0
9584,21963,1188905603,0
9584,2250,1188905603,0
9584,8979,1188905603,0
9584,16855,1188905603,0
9584,17681,1188905603,0
9584,11015,1188905603,0
9584,15832,1188919353,0
9584,13925,1188919353,-1
9584,33450,1188919353,1
9584,12167,1188919353,0
9584,7777,1190267515,1
9584,10470,1190267515,1
9597,12980,1189171779,1
9597,22650,1189171779,-1
9597,37164,1189171779,1
9597,24300,1189171779,0
9597,30869,1189171779,1
9597,29559,1189171779,0
9597,18591,1189171779,0
9607,2010,1188306789,0
9607,37439,1188306789,0
9607,5122,1188306789,-1
9607,12001,1188306789,1
9608,17423,1188300863,1
9608,23946,1188300863,-1
9608,26597,1188300863,1
9610,28410,1186732557,1
9610,23319,1187633115,0
9617,8508,1187324501,1
9617,8553,1187324501,0
9617,36415,1187324501,0
9617,15796,1187324501,0
9640,34291,1185474187,1
9640,20894,1185474187,1
9640,20472,1185474187,0
9652,35671,1183483658,0
9652,27244,1183483658,0
9652,13025,1183483658,1
9652,9039,1183483658,1
9653,21527,1183472183,0
9653,15110,1183472183,1
9653,33784,1183472183,-1
9654,12919,1183391396,1
9654,9340,1183391396,0
9654,13762,1183391396,1
9654,9458,1183391396,0
9654,34795,1183391396,1
9654,9181,1183391396,0
9654,33417,1183391396,-1
9654,32014,1183391396,0
9654,20801,1183391396,0
9657,13624,1183021806,1
1,2,1582392860,1
1,2,1582394536,0
1,1,1582483410,0
1,2,1582483410,1
1,3,1582483410,1
1,4,1582483410,0
2,7688,1574776870,0
2,7686,1574776870,0
2,7687,1574776870,0
2,7432,1575129178,0
2,7629,1575129178,0
2,7449,1575129178,0
2,7569,1575129178,0
2,7808,1574150812,0
2,5799,1576341055,0
2,7444,1575129178,0
2,7816,1574150812,0
2,7539,1575129178,0
2,7558,1575129178,0
2,7662,1575129178,0
2,7672,1574776870,0
2,7653,1575129178,0
2,7495,1575129178,0
2,7818,1574150812,0
2,7506,1575129178,0
2,7572,1575129178,0
2,7513,1575129178,0
2,7677,1574776870,0
2,7579,1575129178,0
2,20,1582298986,1
2,5792,1576341055,0
2,7548,1575129178,0
2,7464,1575129178,0
2,7698,1574776870,0
2,7661,1575129178,0
2,44,1582298986,0
2,7597,1575129178,0
2,7604,1575129178,0
2,257,1574150812,0
2,7544,1575129178,0
2,5797,1576341055,0
2,5424,1578581554,0
2,7543,1575129178,0
2,7465,1575129178,0
2,7486,1575129178,0
2,5790,1576341055,0
2,7654,1575129178,0
2,7528,1575129178,0
2,7520,1575129178,0
2,7576,1575129178,0
2,247,1574150812,0
2,7648,1575129178,0
2,7797,1574150812,0
2,8,1582298986,0
2,5417,1578581554,-1
2,7599,1575129178,0
2,7671,1574776870,0
2,4539,1576341055,0
2,7462,1575129178,0
2,7610,1575129178,0
2,7693,1574776870,0
2,7474,1575129178,0
2,7565,1575129178,0
2,7588,1575129178,0
2,5794,1576341055,0
2,29,1582298986,1
3,19,1582298763,-1
3,20,1582298763,-1
3,30,1582298763,-1
3,40,1582298763,-1
3,41,1582298763,-1
3,44,1582298763,0
3,33,1582298763,-1
3,45,1582298763,-1
3,29,1582298763,-1
3,47,1582298763,0
3,48,1582298763,0
3,50,1582298763,0
3,46,1582298763,-1
3,49,1582298763,0
3,52,1582298763,0
3,21,1582298763,-1
3,23,1582298763,-1
3,31,1582298763,-1
3,35,1582298763,-1
3,22,1582298763,-1
3,32,1582298763,0
3,34,1582298763,-1
3,53,1582298763,-1
4,52,1582286652,1
4,47,1582286652,0
4,50,1582286652,0
4,48,1582286652,0
4,30,1582286652,1
4,44,1582286652,0
4,46,1582286652,1
4,45,1582286652,1
4,31,1582286652,1
4,53,1582286652,0
4,53,1582286652,1
4,52,1582286652,-1
4,29,1582286652,1
4,35,1582286652,1
4,40,1582286652,0
4,33,1582286652,1
4,32,1582286652,0
4,40,1582286652,1
4,41,1582286652,1
4,34,1582286652,1
4,36,1582286653,0
4,43,1582286653,0
5,49,1582294639,0
6,67,1582202233,0
6,69,1582202233,0
6,70,1582202233,0
6,63,1582202233,0
6,68,1582202233,0
6,56,1582202233,0
6,60,1582202233,0
6,57,1582202233,0
6,58,1582202233,0
6,64,1582202233,0
6,66,1582202233,0
6,59,1582202233,0
6,65,1582202233,0
6,57,1582202234,0
6,56,1582202234,0
7,74,1582176894,1
10,32,1582110116,0
10,110,1582110116,0
10,95,1582110116,0
10,111,1582110116,1
10,40,1582110116,1
10,95,1582140185,1
10,33,1582140185,0
10,93,1582140185,0
10,96,1582140185,0
10,97,1582140185,0
10,94,1582140185,0
11,98,1582140164,0
11,99,1582140164,-1
13,29,1582140092,0
15,122,1582029141,1
15,113,1582030117,1
15,114,1582030117,0
15,121,1582030117,1
15,113,1582031246,1
15,119,1582032071,0
15,117,1582032071,0
15,120,1582032071,0
15,115,1582032071,0
15,118,1582032071,0
15,116,1582032071,0
15,114,1582033325,0
15,113,1582033325,-1
16,30,1582021318,0
16,40,1582021318,1
16,35,1582021318,1
16,32,1582021318,0
16,34,1582021318,0
16,82,1582021318,0
17,124,1581966181,-1
18,127,1581951289,-1
18,126,1581952465,-1
18,125,1581952465,0
19,139,1581947597,0
19,141,1581947597,1
19,143,1581947597,1
19,138,1581947597,0
19,134,1581947597,0
19,136,1581947597,0
19,128,1581947597,0
19,137,1581947597,-1
19,140,1581947597,1
19,129,1581947597,0
19,132,1581947597,-1
19,133,1581947597,-1
19,142,1581947597,0
19,135,1581947597,-1
20,147,1581941082,0
20,145,1581941082,0
20,146,1581941082,0
20,147,1581941082,0
20,148,1581941082,0
20,149,1581941082,0
20,156,1581941082,0
20,157,1581941082,0
20,158,1581941082,0
20,162,1581941082,0
20,163,1581941082,0
20,146,1581941082,0
20,150,1581941082,0
20,154,1581941082,0
20,155,1581941082,0
20,160,1581941082,0
20,164,1581941082,0
20,151,1581941082,0
20,165,1581941082,0
20,161,1581941082,0
20,145,1581941082,0
20,153,1581941082,0
20,159,1581941082,0
20,152,1581941082,0
21,188,1581940908,1
21,183,1581940908,0
21,184,1581940908,-1
21,185,1581940908,0
22,317,1581690160,1
22,306,1581691042,0
22,311,1581691042,0
22,219,1581839376,0
22,215,1581839995,-1
22,234,1581775408,1
22,268,1581693498,1
22,195,1581933129,-1
22,242,1581759942,0
22,220,1581839995,-1
22,318,1581690160,1
22,231,1581775408,1
22,224,1581839995,-1
22,218,1581839995,-1
22,244,1581759243,0
22,221,1581772354,0
22,324,1581681036,1
22,239,1581773550,0
22,269,1581693498,1
22,225,1581775408,1
22,216,1581839376,1
22,307,1581691042,0
22,245,1581759243,0
22,303,1581691042,0
22,219,1581839995,1
22,216,1581839995,-1
22,243,1581759523,1
22,308,1581691042,0
22,220,1581772354,1
22,224,1581839376,1
22,221,1581839995,0
22,193,1581933129,1
22,319,1581690160,0
22,238,1581773550,0
22,241,1581772354,0
22,302,1581691042,0
22,299,1581691042,0
22,222,1581772354,0
22,220,1581839376,0
22,300,1581691042,1
22,196,1581933129,0
22,305,1581691042,0
22,223,1581839995,0
22,230,1581775408,1
22,267,1581693498,0
22,229,1581775408,0
22,222,1581839995,0
22,219,1581772354,-1
22,218,1581772354,1
22,215,1581839376,1
22,226,1581775408,1
22,194,1581933129,1
22,325,1581681036,0
22,233,1581775408,1
22,240,1581772354,0
22,236,1581774043,0
22,223,1581772354,0
22,98,1581759523,-1
22,309,1581691042,0
22,246,1581759243,0
23,197,1581929991,0
25,214,1581859292,0
25,206,1581859292,-1
25,29,1581859292,1
25,209,1581859292,0
25,212,1581859292,0
25,210,1581859292,0
25,213,1581859292,1
25,207,1581859292,1
25,208,1581866481,1
25,207,1581868558,0
25,206,1581868558,0
26,248,1581753194,0
26,250,1581753194,-1
26,247,1581753194,0
26,249,1581753194,0
26,255,1581753194,-1
26,256,1581753194,0
26,258,1581753194,-1
26,253,1581753194,1
26,257,1581753194,0
27,275,1581692767,0
27,271,1581692767,0
27,278,1581692767,-1
27,276,1581692767,0
27,274,1581692767,0
27,279,1581692767,0
27,277,1581692767,0
27,270,1581692767,-1
27,273,1581692767,0
28,280,1581691242,0
28,282,1581691242,0
28,283,1581691242,0
28,284,1581691242,0
28,289,1581691242,0
28,291,1581691242,0
28,294,1581691242,0
28,295,1581691242,0
28,288,1581691242,0
28,290,1581691242,0
28,280,1581691242,0
28,285,1581691242,0
28,282,1581691242,0
28,283,1581691242,0
28,287,1581691242,0
28,293,1581691242,0
28,292,1581691242,0
29,1570,1580118183,-1
29,2872,1580118183,1
29,4521,1580118183,-1
29,2872,1580140141,1
29,2871,1580186588,0
29,2858,1580480449,0
29,2858,1580901987,0
29,326,1581671838,0
29,330,1581671838,0
29,329,1581671838,0
29,327,1581671838,0
29,328,1581671838,0
29,331,1581671838,0
30,220,1581675586,0
30,218,1581675586,0
30,218,1581681258,0
30,323,1581681258,1
31,333,1581671838,0
31,334,1581671838,0
31,332,1581671838,1
33,608,1581615466,0
35,613,1581602563,0
35,614,1581602563,0
35,618,1581602563,0
35,615,1581602563,0
35,622,1581602563,0
35,619,1581602563,0
35,620,1581602563,0
35,617,1581602563,0
35,621,1581602563,0
35,610,1581602563,0
35,611,1581602563,0
35,623,1581602563,0
35,610,1581605158,0
35,611,1581605158,0
36,631,1581600971,1
36,635,1581600971,0
36,634,1581600971,1
36,628,1581600971,0
36,632,1581600971,1
36,630,1581600971,0
36,633,1581600971,1
36,627,1581600971,-1
37,638,1581600948,-1
37,645,1581600948,-1
37,639,1581600948,0
37,644,1581600948,-1
39,736,1581597014,1
39,670,1581597014,0
39,679,1581597014,0
39,742,1581597014,-1
39,731,1581597014,-1
39,715,1581597014,0
39,652,1581597014,0
39,696,1581597014,-1
39,646,1581597014,0
39,680,1581597014,0
39,741,1581597014,1
39,687,1581597014,0
39,665,1581597014,0
39,738,1581597014,1
39,655,1581597014,0
39,660,1581597014,0
39,746,1581597014,1
39,659,1581597014,0
39,114,1581597014,0
39,667,1581597014,0
39,721,1581597014,-1
39,703,1581597014,0
39,698,1581597014,0
39,709,1581597014,1
39,49,1581597014,1
39,693,1581597014,1
39,711,1581597014,0
39,48,1581597014,0
39,699,1581597014,0
39,712,1581597014,-1
39,674,1581597014,0
39,668,1581597014,0
39,648,1581597014,0
39,719,1581597014,0
39,740,1581597014,1
39,669,1581597014,0
39,685,1581597014,0
39,708,1581597014,0
39,737,1581597014,1
39,654,1581597014,0
39,653,1581597014,0
39,672,1581597014,-1
39,733,1581597014,-1
39,578,1581597014,0
39,710,1581597014,0
39,701,1581597014,-1
39,650,1581597014,0
39,661,1581597014,0
39,695,1581597014,-1
39,702,1581597014,0
39,734,1581597014,0
39,683,1581597014,0
39,747,1581597014,0
39,113,1581597014,0
39,684,1581597014,1
39,681,1581597014,-1
39,663,1581597014,0
39,752,1581597014,1
39,750,1581597014,0
39,671,1581597014,0
41,191,1581499551,0
41,29,1581499551,0
41,213,1581500665,0
41,1014,1581570058,1
41,1013,1581570200,1
42,1019,1581503456,0
42,630,1581503456,-1
42,1028,1581503456,0
42,627,1581503456,-1
42,1021,1581503456,0
42,1031,1581503456,0
42,628,1581503456,-1
42,1029,1581503456,0
42,408,1581503456,0
43,1016,1581514044,1
48,1418,1581423710,0
48,1404,1581423710,0
48,602,1581423710,-1
48,451,1581423710,-1
48,1406,1581423710,1
48,1438,1581423710,1
48,1538,1581423710,0
48,104,1581423710,1
48,1443,1581423710,0
48,1541,1581423710,0
48,1415,1581423710,1
48,1436,1581423710,0
48,1546,1581423710,-1
48,1421,1581423710,1
48,1437,1581423710,0
48,127,1581423710,0
48,1479,1581423710,0
48,1408,1581423710,0
48,1103,1581423710,1
48,1475,1581423710,0
48,1409,1581423710,0
48,1423,1581423710,1
48,96,1581423710,0
48,1464,1581423710,0
48,1451,1581423710,1
48,1465,1581423710,0
48,1402,1581423710,-1
48,114,1581423710,0
48,1105,1581423710,1
48,1449,1581423710,0
48,1520,1581423710,1
48,560,1581423710,-1
48,1440,1581423710,1
48,1429,1581423710,1
48,1439,1581423710,0
48,569,1581423710,-1
48,1456,1581423710,1
48,1419,1581423710,0
48,1521,1581423710,0
48,1104,1581423710,0
48,1441,1581423710,1
48,1401,1581423710,0
48,52,1581423710,0
48,1094,1581423710,1
48,105,1581423710,0
48,1524,1581423710,0
48,1543,1581423710,0
48,380,1581423710,-1
48,1431,1581423710,1
48,712,1581423710,1
48,97,1581423710,0
48,29,1581423710,0
48,51,1581423710,0
48,1444,1581423710,1
48,189,1581423710,0
48,1417,1581423710,1
48,112,1581423710,0
48,1513,1581423710,0
48,1536,1581423710,0
48,608,1581423710,0
49,1082,1581411107,0
49,1083,1581411107,0
49,1061,1581411107,0
49,1065,1581411107,0
49,1072,1581411107,0
49,1084,1581411107,0
49,1088,1581411107,0
49,1067,1581411107,0
49,1068,1581411107,0
49,1074,1581411107,0
49,370,1581411107,0
49,373,1581411107,0
49,371,1581411107,0
49,372,1581411107,0
49,1052,1581411107,0
49,1060,1581411107,0
49,1079,1581411107,0
49,1085,1581411107,0
49,1090,1581411107,0
49,1091,1581411107,0
49,1062,1581411107,0
49,1064,1581411107,0
49,1070,1581411107,0
49,1077,1581411107,0
49,1080,1581411107,0
49,1071,1581411107,0
49,1092,1581411107,0
49,1053,1581411107,0
49,1054,1581411107,0
49,1056,1581411107,0
49,1058,1581411107,0
49,1063,1581411107,0
49,1078,1581411107,0
49,1086,1581411107,0
49,1055,1581411107,0
49,1066,1581411107,0
49,1087,1581411107,0
49,1089,1581411107,0
49,1056,1581414737,0
49,1058,1581414737,0
49,372,1581414737,0
50,1104,1581413701,0
51,1094,1581412288,1
53,714,1581395247,1
53,1536,1581395247,0
53,1398,1581395247,0
53,1477,1581395247,0
53,1440,1581395247,1
53,1461,1581395247,0
53,1420,1581395247,1
53,1428,1581395247,0
53,1408,1581395247,0
53,380,1581395247,-1
53,1543,1581395247,0
53,1443,1581395247,0
53,1520,1581395247,1
53,1523,1581395247,0
53,1409,1581395247,0
53,1405,1581395247,0
53,1413,1581395247,1
53,1414,1581395247,1
53,1521,1581395247,0
53,1435,1581395247,0
53,715,1581395247,1
53,1441,1581395247,1
53,1471,1581395247,0
53,1458,1581395247,1
53,1407,1581395247,0
53,1439,1581395247,0
53,1451,1581395247,0
53,588,1581395247,0
53,1466,1581395247,0
53,529,1581395247,-1
53,1538,1581395247,0
53,560,1581395247,-1
53,1459,1581395247,0
53,1417,1581395247,1
53,1474,1581395247,0
53,1425,1581395247,1
53,1402,1581395247,-1
53,1533,1581395247,1
53,1473,1581395247,0
53,1449,1581395247,0
53,52,1581395247,0
53,1464,1581395247,0
53,1468,1581395247,1
53,109,1581395247,0
53,1511,1581395247,0
53,1513,1581395247,0
53,1429,1581395247,1
53,1524,1581395247,0
53,1479,1581395247,0
53,1542,1581395247,0
53,1424,1581395247,1
53,1467,1581395247,0
53,1415,1581395247,1
53,1475,1581395247,0
53,1539,1581395247,1
53,712,1581395247,1
53,1416,1581395247,0
53,1431,1581395247,1
53,1456,1581395247,1
53,1541,1581395247,0
55,1560,1581345116,0
55,1561,1581345116,1
55,1557,1581345116,1
55,1558,1581345116,0
55,1559,1581345116,0
55,1562,1581345116,0
55,1549,1581350241,0
56,1564,1581308505,0
56,1567,1581308505,1
56,1566,1581308505,1
56,1563,1581308505,1
57,1604,1581308385,0
57,1603,1581308385,0
57,1602,1581308385,0
57,1599,1581308385,0
57,1573,1581308385,0
57,1601,1581308385,0
57,1605,1581308385,0
57,1607,1581308385,0
57,1606,1581308385,0
57,1600,1581308385,0
58,2801,1581162066,1
58,2814,1581162066,1
58,2803,1581162066,1
62,1715,1581076684,0
62,1714,1581076684,0
62,1718,1581076684,0
62,1706,1581076684,0
62,1717,1581076684,0
62,1713,1581076684,0
62,1716,1581076684,0
62,1719,1581076684,0
62,374,1581076684,0
62,1710,1581076684,0
62,1712,1581076684,0
62,1707,1581076684,0
62,1708,1581076684,0
63,2087,1581070962,0
63,2088,1581070962,1
64,2879,1581070242,0
64,2174,1581070242,0
65,2101,1580873840,0
65,2100,1580873840,1
65,2095,1580873840,0
65,2097,1580873840,1
65,2102,1580873840,1
65,2112,1580873840,0
65,909,1580873840,0
65,2104,1580873840,0
65,2105,1580873840,0
65,2103,1580873840,0
65,2106,1580873840,0
65,2096,1580873840,0
65,2098,1580873840,1
65,2107,1580873840,1
65,2100,1580875563,-1
65,2112,1580875563,0
65,2097,1580875563,-1
65,2095,1580875563,0
65,2104,1580875563,0
65,2102,1580875563,-1
65,2103,1580875563,0
65,2106,1580875563,0
65,2101,1580875563,0
65,2105,1580875563,0
65,2096,1580875563,0
65,2098,1580875563,-1
65,2107,1580875563,-1
65,2095,1581048780,0
65,2097,1581048780,1
65,2102,1581048780,1
65,2112,1581048780,0
65,909,1581048780,0
65,2101,1581048780,0
65,2105,1581048780,0
65,2100,1581048780,1
65,2104,1581048780,0
65,2103,1581048780,0
65,2106,1581048780,0
65,2093,1581048780,0
65,2096,1581048780,0
65,2098,1581048780,1
65,2107,1581048780,1
65,2612,1581048780,0
66,2368,1580922931,1
66,2368,1581036551,0
67,2390,1581023189,1
67,2389,1581023189,1
68,2907,1581002599,0
68,2910,1581002599,0
68,1037,1581006371,0
68,1695,1581006371,0
68,1038,1581006371,0
70,1016,1580997515,1
70,1016,1581000197,0
70,1016,1581000424,0
71,1016,1580987716,1
71,1812,1580987716,-1
71,1810,1580987716,-1
71,1845,1580987716,-1
71,1872,1580987716,-1
71,2878,1580987716,-1
71,2358,1580987716,-1
71,1636,1580987716,-1
71,1613,1580987716,0
71,1635,1580987716,-1
71,1754,1580987716,0
71,1755,1580987716,-1
71,2297,1580987716,-1
71,2298,1580987716,-1
71,2359,1580987716,-1
71,1614,1580987716,0
71,1622,1580987716,0
71,1844,1580987716,-1
71,2248,1580987716,-1
71,2269,1580987716,0
71,1620,1580987716,-1
71,2148,1580987716,-1
71,1619,1580987716,-1
71,1621,1580987716,0
71,1871,1580987716,0
71,2147,1580987716,-1
71,2249,1580987716,-1
71,2323,1580987716,-1
71,2324,1580987716,-1
71,2366,1580987716,-1
71,1016,1580997183,1
71,2878,1580997183,1
72,2732,1580982294,0
72,2812,1580983429,0
72,1858,1580983429,0
72,1034,1580983429,0
72,1610,1580983429,0
72,2392,1580983429,0
72,1962,1580983429,0
72,2210,1580983429,0
72,1609,1580983429,0
72,2732,1580983429,0
72,112,1580983429,0
72,29,1580983429,0
72,1033,1580983429,0
72,1035,1580987771,0
72,1611,1580987771,0
72,1612,1580987771,0
72,2746,1580988389,0
74,2201,1580976171,0
76,1858,1580911552,1
76,2808,1580911552,0
76,2921,1580911552,0
76,2806,1580911552,0
76,2812,1580911552,1
76,2922,1580911552,0
76,1962,1580911552,0
76,2804,1580911552,-1
76,1034,1580911552,0
76,2733,1580911552,0
76,1609,1580911552,0
76,719,1580911552,-1
76,2210,1580911552,1
76,2807,1580911552,0
76,1033,1580911552,0
76,112,1580911552,0
76,189,1580911552,1
76,29,1580911552,0
77,1734,1580909486,0
77,1729,1580909486,0
77,1735,1580909486,0
77,1731,1580909486,0
77,1737,1580909486,0
77,1738,1580909486,0
77,1728,1580909486,0
77,1733,1580909486,0
77,19,1580909486,0
77,1737,1580910023,-1
77,1738,1580910023,-1
77,1727,1580910023,0
77,1728,1580910023,0
77,1731,1580910023,0
77,1733,1580910023,0
77,1734,1580910023,-1
77,1736,1580910023,0
77,19,1580910023,0
77,1729,1580910023,0
77,1735,1580910023,-1
78,602,1580896647,0
78,2174,1580896647,0
78,2876,1580896647,0
80,2334,1580850649,0
80,2336,1580850649,1
80,2337,1580850649,0
81,1562,1580812556,0
81,1542,1580812556,0
81,1477,1580812556,0
81,4244,1580812556,0
81,4248,1580812556,0
81,4245,1580812556,0
81,4243,1580816386,0
81,2928,1580816777,-1
81,2739,1580822122,1
81,4233,1580822122,1
81,4237,1580822122,1
81,4232,1580822122,1
81,4234,1580822122,1
81,4238,1580822122,1
81,2737,1580822122,1
81,2738,1580822122,1
81,2818,1580822122,0
81,4235,1580822122,1
81,4236,1580822122,1
81,4239,1580822122,0
81,4240,1580822122,1
81,4231,1580822122,0
81,2742,1580822122,1
81,2740,1580822122,1
81,2741,1580822122,1
81,4230,1580822122,1
81,29,1580822122,0
81,112,1580822122,0
81,712,1580822122,1
81,581,1580822122,1
81,2819,1580822122,0
81,2929,1580822122,1
81,2928,1580822122,0
81,4227,1580822605,1
81,4228,1580822605,1
81,4229,1580822605,1
81,2929,1580839159,-1
81,1046,1580839159,1
81,1043,1580839159,1
81,2931,1580839159,1
81,2927,1580839159,1
81,2819,1580839159,1
81,2818,1580839159,1
81,2932,1580839159,1
81,1042,1580839159,1
81,581,1580839159,1
81,1045,1580839159,0
81,2924,1580839159,0
81,2925,1580839159,0
82,4268,1580743780,1
82,4267,1580743780,0
82,4269,1580743780,0
82,4271,1580743780,1
82,4179,1580743780,0
82,4272,1580743780,0
82,2941,1580831210,0
82,2945,1580831210,0
82,2948,1580831210,0
82,2957,1580831210,0
82,3056,1580831210,0
82,3069,1580831210,0
82,2951,1580831210,0
82,2953,1580831210,0
82,2970,1580831210,0
82,3018,1580831210,0
82,3020,1580831210,0
82,3067,1580831210,0
82,2939,1580831210,0
82,2950,1580831210,0
82,3016,1580831210,0
82,3032,1580831210,0
82,3046,1580831210,0
82,3060,1580831210,0
82,2949,1580831210,0
82,2954,1580831210,0
82,2956,1580831210,0
82,2999,1580831210,0
82,3029,1580831210,0
82,2952,1580831210,0
82,3011,1580831210,0
82,3023,1580831210,0
82,3065,1580831210,0
82,3068,1580831210,0
82,3070,1580831210,0
82,3072,1580831210,0
82,2967,1580831210,0
82,3000,1580831210,0
82,3041,1580831210,0
82,3063,1580831210,0
82,3071,1580831210,0
82,2955,1580831210,0
82,2965,1580831210,0
82,3028,1580831210,0
82,121,1580831210,0
82,3057,1580831210,0
82,3058,1580831210,0
82,3064,1580831210,0
82,2966,1580831210,0
82,3030,1580831210,0
82,3050,1580831210,0
83,2887,1580831197,0
83,4197,1580831197,0
83,2868,1580831197,-1
83,2867,1580831197,0
83,2858,1580831197,1
83,2870,1580831197,-1
83,2242,1580831197,0
83,4195,1580831197,0
83,4196,1580831197,0
83,4201,1580831197,0
83,4220,1580831197,-1
83,2866,1580831197,1
83,2875,1580831197,-1
83,4200,1580831197,0
83,4225,1580831197,0
83,1040,1580831197,0
83,4198,1580831197,0
83,80,1580831197,0
83,601,1580831197,-1
83,604,1580831197,0
83,1041,1580831197,0
83,2872,1580831197,0
83,2873,1580831197,1
83,1546,1580831197,-1
83,2874,1580831197,-1
83,2886,1580831197,0
83,2877,1580831197,1
83,1548,1580831197,0
83,4199,1580831197,0
83,4223,1580831197,1
83,4203,1580831197,0
83,4222,1580831197,-1
83,4226,1580831197,0
83,2880,1580832614,0
83,2867,1580832628,0
85,4407,1580152170,1
85,4341,1580136804,1
85,1557,1579518006,0
85,1557,1578933545,0
85,4424,1579518006,1
85,4323,1580666483,1
85,1557,1579624459,-1
85,4484,1580152170,0
85,4424,1579970725,0
85,1557,1580552276,0
85,4330,1579979343,0
85,2876,1580152170,-1
85,4425,1579970725,0
85,4553,1580027603,1
85,4561,1579988333,0
85,4925,1578933545,1
85,4218,1580152170,1
85,5388,1578981837,0
85,4341,1580299766,1
85,4254,1580672594,0
85,82,1580027603,0
85,82,1580443089,0
85,4215,1580152170,-1
85,4359,1580356462,1
85,4330,1580216822,0
85,4566,1579524599,1
85,2864,1580152170,0
85,4485,1580152170,0
85,1557,1579943390,-1
85,4439,1580152170,-1
85,4350,1580443089,1
85,4458,1580152170,1
85,4549,1580126372,0
85,4566,1578933545,0
85,4395,1580291928,1
85,4330,1580125638,0
85,4342,1580027603,0
85,1480,1580443089,0
85,4538,1579970518,0
85,4331,1580447385,0
85,4541,1580126372,1
85,1557,1578065086,0
85,53,1579973276,1
85,4547,1580126372,0
85,2870,1580152170,0
85,4254,1580152170,1
85,4550,1580152170,1
85,4928,1578065086,1
85,4341,1579524599,0
85,53,1580209006,0
85,4351,1580299766,0
85,4254,1580131862,0
85,4545,1580126372,0
85,2873,1580152170,1
85,4527,1579988333,0
85,1876,1580152170,0
85,4330,1579970518,-1
85,4330,1580356462,0
85,4330,1580443089,1
85,4254,1580299766,0
86,3875,1580748301,0
86,4257,1580748919,0
86,4179,1580751043,0
86,4035,1580751043,0
86,4255,1580754254,0
86,4261,1580754254,0
86,4263,1580754254,0
86,4257,1580754254,0
86,4264,1580754254,0
86,1741,1580754254,0
86,20,1580754254,0
86,4260,1580754254,0
86,4265,1580754254,0
86,4256,1580754254,0
86,4262,1580754254,0
88,4292,1580735867,1
88,4231,1580735867,0
88,1958,1580735867,1
88,4286,1580735867,1
88,4288,1580735867,1
88,4289,1580735867,1
88,4284,1580735867,1
88,4287,1580735867,1
88,4285,1580735867,1
88,4290,1580735867,1
88,2928,1580735867,0
88,112,1580735867,0
88,29,1580735867,1
88,2929,1580735867,1
88,4291,1580735867,1
89,4254,1580729186,-1
89,4314,1580729186,0
89,4326,1580729186,1
89,4313,1580729186,0
89,4317,1580729186,0
89,4322,1580729186,0
89,4324,1580729186,0
89,4269,1580729186,1
89,4293,1580729186,-1
89,4295,1580729186,0
89,4268,1580729186,0
89,4294,1580729186,0
89,4329,1580729186,0
89,4330,1580729186,0
89,4331,1580729186,0
89,4332,1580729186,0
89,4271,1580729186,0
89,4321,1580729186,0
89,4328,1580729186,-1
89,3875,1580729186,0
89,4086,1580729186,0
89,1557,1580729186,-1
89,1513,1580729186,-1
89,2143,1580729186,1
89,2145,1580729186,-1
89,2142,1580729186,1
89,94,1580729186,0
89,267,1580729186,0
89,2144,1580729186,0
89,4272,1580729186,0
89,4296,1580729186,-1
89,2858,1580729186,0
89,4298,1580729186,0
89,4323,1580729186,-1
89,4297,1580729186,-1
89,4315,1580729186,0
89,4316,1580729186,0
89,4086,1580735820,0
89,4297,1580735820,-1
89,4295,1580735820,-1
89,4293,1580735820,-1
89,2145,1580735820,1
89,2143,1580735820,1
89,2142,1580735820,1
89,267,1580735820,0
89,2144,1580735820,1
89,4296,1580735820,-1
89,4298,1580735820,0
89,4294,1580735820,-1
90,4328,1580491688,1
90,4254,1580491688,1
90,4326,1580491688,-1
90,4330,1580549935,-1
91,3875,1580484735,0
91,4302,1580485603,0
91,4300,1580485603,0
91,4304,1580485603,0
91,4307,1580485603,0
91,4308,1580485603,0
91,4309,1580485603,0
91,4306,1580485603,0
91,4310,1580485603,0
91,4311,1580485603,0
91,4301,1580485603,0
91,21,1580485603,0
91,4300,1580488233,0
92,4319,1580480849,1
92,2351,1580480849,0
92,2352,1580480849,0
92,2350,1580480849,0
92,556,1580480849,0
92,4333,1580480849,0
92,4319,1580480849,0
92,2351,1580480849,0
93,4368,1580324267,0
93,4370,1580324267,0
93,4376,1580324267,0
93,4364,1580324267,0
93,4369,1580324267,-1
93,4321,1580324267,0
93,4374,1580324267,0
93,4363,1580324267,0
93,4367,1580324267,1
93,4365,1580324267,0
93,4372,1580324267,0
93,4329,1580324267,0
93,2774,1580324267,0
93,746,1580324267,-1
93,1511,1580324267,0
93,688,1580324267,0
93,1513,1580324267,0
93,105,1580324267,1
93,114,1580324267,0
93,207,1580324267,1
93,4343,1580324267,-1
93,4366,1580324267,0
93,4371,1580324267,0
93,4375,1580324267,0
94,4337,1580451150,0
94,4336,1580451150,0
94,719,1580451150,0
94,4335,1580451150,0
94,29,1580451150,1
94,190,1580451150,0
94,191,1580451150,0
94,94,1580451150,1
94,29,1580451637,0
94,4334,1580470359,0
95,3875,1580454019,0
96,4352,1580421159,0
96,4353,1580421159,0
96,4099,1580421159,0
98,4479,1580139808,0
98,4215,1580139970,0
98,2870,1580139808,0
98,4414,1580138592,0
98,4219,1580139808,1
98,4215,1580139820,0
98,4220,1580140007,0
98,4213,1580139808,-1
98,4398,1580139970,0
98,4210,1580140007,-1
98,4209,1580249309,0
98,4482,1580138592,-1
98,4400,1580139970,0
98,415,1580143435,0
98,4403,1580249309,-1
98,602,1580227618,0
98,2873,1580139970,0
98,4454,1580143752,0
98,602,1580139808,-1
98,4209,1580139970,0
98,4219,1580139820,0
98,4401,1580285321,0
98,4398,1580285321,0
98,602,1580139985,1
98,602,1580138592,0
98,602,1580211757,0
98,4210,1580200849,0
98,1876,1580143435,0
98,4479,1580139985,0
98,4207,1580139820,1
98,4210,1580139970,0
98,4404,1580249309,1
98,4399,1580285321,0
98,2868,1580139970,0
98,4210,1580249309,1
98,2394,1580259116,-1
98,2876,1580139808,-1
98,2881,1580139970,1
98,2877,1580139808,1
98,2394,1580281651,0
98,4490,1580139985,0
98,4490,1580139808,-1
98,4397,1580285321,0
98,4406,1580140007,-1
98,4212,1580139808,-1
98,2882,1580138592,-1
98,4222,1580139970,0
98,4481,1580138592,1
98,4486,1580139808,0
98,4215,1580139808,-1
98,1033,1580249309,-1
98,2396,1580249309,0
98,4210,1580139820,0
98,2394,1580249309,1
98,2875,1580139808,0
98,4453,1580143435,0
98,4399,1580139970,0
98,4414,1580249309,-1
98,4402,1580257827,0
98,4222,1580139808,-1
100,1042,1580313510,1
100,4388,1580313510,1
100,1042,1580317859,0
101,4379,1580315198,0
101,4387,1580315198,0
101,4377,1580315198,0
101,4378,1580315198,0
101,4382,1580315198,0
101,4386,1580315198,0
101,376,1580315198,0
101,1724,1580315198,0
101,4383,1580315198,0
101,4384,1580315198,0
101,4385,1580315198,0
101,4377,1580315199,0
101,3875,1580315199,0
102,4350,1580305707,-1
102,4351,1580305707,0
102,4341,1580305707,-1
102,4254,1580305707,0
102,4390,1580305707,0
102,4391,1580305707,1
102,4389,1580305707,0
102,4393,1580305707,1
102,1040,1580305707,0
102,4254,1580306840,0
102,4350,1580306840,1
102,4341,1580306840,1
102,4351,1580306840,0
102,4389,1580306840,0
102,4390,1580306840,0
103,4432,1580207633,1
103,2801,1580207633,0
104,4552,1580151639,1
104,4211,1580151639,-1
104,4454,1580151639,0
104,4407,1580151639,-1
104,4439,1580204930,1
104,4546,1580151639,-1
104,4210,1580151639,-1
104,2876,1580151639,1
104,3875,1580151639,0
104,2870,1580151639,0
104,4414,1580151639,0
104,4538,1580151639,-1
104,4528,1580080190,0
104,2882,1580151639,1
104,4533,1580151639,0
104,2877,1580151639,-1
104,596,1580151639,0
104,53,1580151639,1
104,544,1580151639,-1
104,4528,1580151639,0
104,4218,1580151639,-1
104,4488,1580151639,1
104,4027,1580151639,0
104,4341,1580151639,-1
104,4525,1580151639,0
104,4533,1580080190,0
104,4521,1580151639,-1
104,4529,1580151639,0
104,4534,1580151639,0
104,415,1580151639,0
104,29,1580151639,1
104,4551,1580151639,-1
104,4539,1580080190,0
104,4539,1580151639,0
104,4537,1580080190,-1
104,444,1580204930,1
104,4541,1580151639,-1
104,4537,1580151639,-1
104,4484,1580151639,0
104,30,1580151639,0
104,4530,1580151639,-1
104,4536,1580151639,0
104,2872,1580151639,-1
104,4530,1580080190,-1
104,4525,1580080190,0
104,4553,1580151639,0
104,570,1580151639,0
104,444,1580080190,1
104,4487,1580151639,0
104,34,1580151639,-1
104,4548,1580151639,-1
104,4482,1580151639,1
104,4545,1580151639,0
104,4489,1580151639,1
104,4543,1580151639,-1
104,4212,1580151639,1
104,4215,1580151639,1
104,444,1580151639,1
104,4535,1580151639,-1
104,4538,1580080190,-1
105,4444,1580197884,-1
105,4445,1580197884,1
105,4444,1580202689,0
107,3875,1580133976,0
107,4554,1580133976,1
107,4557,1580133976,0
107,4512,1580133976,0
107,4514,1580133976,0
107,4510,1580133976,0
107,4558,1580133976,1
107,375,1580133976,0
107,4555,1580133976,1
107,4508,1580133976,0
107,375,1580133976,0
107,4509,1580133976,0
107,4554,1580133976,0
107,4557,1580133976,-1
107,4510,1580133976,0
107,4512,1580133976,0
107,4556,1580133976,0
107,4558,1580133976,0
107,4555,1580133976,0
107,4520,1580133976,0
107,4508,1580133976,0
107,375,1580134419,0
107,4512,1580134419,0
107,4510,1580134419,0
107,4508,1580134419,0
107,3944,1580134625,0
108,4521,1580115495,1
108,4521,1580115676,0
109,540,1580033277,0
109,4529,1580041120,0
109,4342,1580033277,0
109,4524,1580033277,0
109,4537,1580033743,0
109,4553,1579983547,0
109,4537,1579965411,-1
109,4530,1579965411,1
109,4323,1579983547,0
109,4426,1579983547,0
109,4254,1580033277,-1
109,4535,1580035306,1
109,4425,1579983547,0
109,4538,1579983547,1
109,4534,1580036689,0
109,4536,1580041120,0
109,4524,1580041120,0
109,4390,1580033277,0
109,544,1580033277,1
109,4537,1580041120,1
109,4530,1580033277,1
109,4528,1579983547,0
109,544,1580035306,1
109,4536,1580033277,0
109,4431,1579983547,0
109,4530,1579983547,1
109,4528,1579965411,0
109,4526,1580041120,0
109,4561,1579983547,0
109,4561,1580033277,0
109,4539,1580041120,0
109,4537,1580035306,0
109,4528,1580041120,0
109,4524,1579983547,0
109,4528,1580033277,0
109,4535,1579983547,0
109,82,1580033277,0
109,4562,1580033277,0
109,4527,1579983547,0
109,4330,1579983547,1
109,544,1579983547,1
109,4323,1580033277,0
109,4559,1579983547,0
109,4525,1580033277,0
109,4538,1580035306,1
109,4534,1580041120,0
109,4424,1579983547,0
109,4539,1579983547,0
109,4538,1580033277,1
109,4426,1580033277,0
109,4538,1579965411,0
109,4424,1580033277,0
109,4535,1580033743,0
109,544,1580033743,1
109,4527,1580041120,0
109,4530,1580041120,1
109,4254,1579983547,0
109,4538,1580033743,1
109,540,1579983547,0
109,4525,1580041120,0
110,4323,1579941076,-1
110,1557,1579941076,-1
110,4254,1579941076,0
110,4569,1579941076,0
110,4566,1579941076,-1
110,4568,1579941076,0
110,4547,1579941076,-1
110,4565,1579941076,0
110,4431,1579941076,0
110,4424,1579941076,-1
110,4330,1579941076,1
110,4563,1579942843,0
110,4564,1579942843,0
111,4571,1579899507,0
111,4570,1579899507,0
113,4254,1579871252,-1
113,4566,1579871252,-1
113,4323,1579871252,1
113,4566,1579871252,-1
113,4580,1579871252,1
113,4254,1579871252,0
113,4348,1579871252,0
113,4349,1579871252,0
113,4323,1579871252,-1
113,4323,1579871252,0
113,95,1579871252,0
113,94,1579871252,0
113,711,1579871252,0
113,1423,1579871252,0
113,1557,1579871252,-1
113,1456,1579871252,0
113,82,1579871252,0
113,104,1579871252,0
113,4579,1579871252,0
113,4579,1579871252,0
113,1480,1579871252,0
113,4341,1579871252,-1
113,4541,1579871252,1
113,4566,1579874226,1
113,4330,1579874226,1
113,4574,1579874226,1
113,4578,1579874226,0
113,4545,1579874226,-1
113,2030,1579874226,0
113,4254,1579874226,0
113,1475,1579874226,0
113,1441,1579874226,0
113,570,1579874226,1
113,1557,1579874226,0
113,2929,1579874226,1
113,719,1579874226,1
113,95,1579874226,-1
113,4541,1579874226,1
113,4576,1579874226,1
113,4323,1579874226,-1
113,4549,1579874226,0
113,4577,1579874226,0
113,4331,1579874226,1
113,4347,1579874226,1
113,4547,1579874226,1
113,4575,1579874226,1
114,4357,1579861823,-1
114,4582,1579861823,1
115,4341,1579779601,-1
115,2929,1579779601,-1
115,29,1579779601,0
115,4323,1579779601,1
115,4351,1579779601,1
115,4586,1579779601,0
115,4390,1579779601,0
115,4341,1579779601,1
115,4351,1579779601,-1
115,4323,1579779601,0
115,4341,1579856838,-1
117,4336,1579762920,0
117,4594,1579762920,1
117,4595,1579762920,1
117,4599,1579762920,1
117,4597,1579762920,0
117,4600,1579762920,1
117,4337,1579762920,0
117,4335,1579762920,0
117,719,1579762920,1
117,4596,1579762920,1
117,191,1579762920,0
117,190,1579762920,1
117,4336,1579769094,1
117,4594,1579769094,1
117,4597,1579769094,0
117,4600,1579769094,0
117,4337,1579769094,1
117,4595,1579769094,0
117,4599,1579769094,-1
117,4596,1579769094,0
117,4335,1579769094,1
117,190,1579769094,0
117,191,1579769094,0
117,719,1579769094,0
117,4337,1579770500,-1
117,4336,1579779601,-1
118,4592,1579769605,1
118,4590,1579769605,1
118,4589,1579769605,0
118,4591,1579769605,1
118,4588,1579769605,0
118,570,1579769605,-1
118,570,1579769843,-1
119,4602,1579757159,1
120,29,1579757124,0
120,4603,1579757124,0
121,4359,1579756011,0
121,4632,1579756011,1
121,1999,1579756011,0
121,454,1579756011,0
121,4748,1579756011,0
121,4670,1579756011,0
121,4674,1579756011,0
121,4639,1579756011,0
121,2211,1579756011,0
121,4776,1579756011,0
121,4749,1579756011,0
121,360,1579756011,0
121,4888,1579756011,0
121,4782,1579756011,0
121,4665,1579756011,0
121,4614,1579756011,0
121,4925,1579756011,0
121,4730,1579756011,0
121,4819,1579756011,0
121,4655,1579756011,0
121,4868,1579756011,0
121,4618,1579756011,0
121,4789,1579756011,0
121,2804,1579756011,0
121,4695,1579756011,1
121,4720,1579756011,0
121,4660,1579756011,0
121,4716,1579756011,0
121,4876,1579756011,1
121,4666,1579756011,0
121,362,1579756011,0
121,4860,1579756011,0
121,4836,1579756011,0
121,4664,1579756011,0
121,4615,1579756011,0
121,4862,1579756011,0
121,4780,1579756011,0
121,356,1579756011,0
121,4799,1579756011,0
121,377,1579756011,1
121,4810,1579756011,0
121,4651,1579756011,0
121,4662,1579756011,0
121,4916,1579756011,0
121,4693,1579756011,0
121,4644,1579756011,0
121,82,1579756011,0
121,4254,1579756011,0
121,4552,1579756011,0
121,4744,1579756011,1
121,4607,1579756011,0
121,4755,1579756011,0
121,2096,1579756011,0
121,4726,1579756011,0
121,2010,1579756011,0
121,4648,1579756011,0
121,4550,1579756011,0
121,4640,1579756011,0
121,99,1579756011,0
121,4809,1579756011,0
122,4930,1579609888,0
122,4128,1579610264,1
122,4930,1579610264,0
122,4931,1579610264,0
122,3910,1579610264,1
123,51,1579529702,0
123,30,1579529702,0
123,4932,1579529702,-1
123,51,1579532617,0
123,30,1579586732,0
125,4964,1579516182,1
125,4538,1579516182,1
125,4535,1579516182,0
125,4965,1579516182,1
125,4936,1579516182,0
125,4935,1579516183,0
129,5357,1579104559,0
129,2868,1579104559,0
129,2874,1579150893,0
129,4204,1579150893,0
129,2817,1579246239,0
130,5312,1579195745,0
130,5274,1579199999,0
130,5288,1579199999,0
130,4662,1579199999,1
130,4790,1579199999,0
130,5277,1579199999,0
130,5287,1579199999,1
130,5283,1579199999,0
130,5285,1579199999,0
130,4709,1579199999,0
130,4788,1579199999,0
130,5282,1579199999,1
130,4594,1579179767,0
130,5319,1579179767,-1
130,5307,1579195745,0
130,5291,1579199999,0
130,4552,1579195745,1
130,4330,1579179767,0
130,5306,1579195745,1
130,5320,1579179767,1
130,4705,1579199999,1
130,5311,1579195745,0
130,4827,1579199999,1
130,53,1579195745,1
130,5278,1579199999,0
130,5295,1579199999,1
130,5298,1579199999,0
130,4341,1579179767,-1
130,5318,1579179767,0
130,5294,1579199999,0
130,4341,1579179767,-1
130,5276,1579199999,0
130,5293,1579199999,0
130,5297,1579199999,1
130,4323,1579179767,1
130,5290,1579199999,0
130,5316,1579195745,1
130,4885,1579195745,1
130,5309,1579195745,0
130,4390,1579195745,1
130,4330,1579179767,0
130,4330,1579195745,1
130,4903,1579179767,0
130,4736,1579199999,0
130,570,1579195745,0
130,4825,1579199999,1
130,4688,1579199999,0
130,4677,1579199999,0
130,5321,1579179767,-1
130,4660,1579199999,1
130,5275,1579199999,1
130,5302,1579195745,0
130,5280,1579199999,0
130,5279,1579199999,0
130,4854,1579199999,0
130,4323,1579195745,1
130,5281,1579199999,1
130,5296,1579199999,0
130,5301,1579195745,1
130,435,1579199999,0
131,5327,1579175420,0
131,3931,1579175420,1
131,3930,1579175420,0
131,5326,1579175420,0
131,4164,1579175420,0
131,5326,1579175882,0
131,4164,1579175882,0
132,4165,1579111004,0
132,4165,1579111153,0
132,23,1579111154,0
132,5326,1579111154,0
132,5330,1579111154,0
132,5334,1579111154,0
132,5331,1579111154,0
132,5332,1579111154,0
132,5333,1579111154,0
132,5328,1579111154,0
132,5330,1579111154,0
132,4164,1579111154,0
132,23,1579111154,0
132,5328,1579111154,0
132,4165,1579114292,0
132,4164,1579114511,0
132,3875,1579114511,1
134,5368,1579091658,0
134,5372,1579091658,-1
134,5369,1579091658,-1
134,5370,1579091658,-1
134,5371,1579091658,1
135,4603,1579088000,0
135,4603,1579088927,0
135,191,1579088927,0
136,191,1579088340,0
136,29,1579088340,0
136,4579,1579088340,0
136,2808,1579088340,0
136,2807,1579088340,-1
136,4595,1579088340,0
136,4596,1579088340,0
136,2806,1579088340,0
136,5375,1579088340,0
136,5377,1579088340,0
136,4323,1579088340,1
136,5324,1579088340,1
136,5373,1579088340,0
136,4905,1579088340,0
136,5376,1579088340,0
136,4541,1579088340,0
136,4337,1579088341,-1
136,5320,1579088341,-1
136,4594,1579088341,-1
136,4541,1579088341,-1
136,4595,1579088341,0
136,4596,1579088341,0
136,5373,1579088341,0
136,29,1579088341,0
137,323,1579087394,1
138,2336,1579080325,1
138,5381,1579080325,-1
138,2337,1579080325,-1
138,4021,1579080325,0
138,5380,1579080325,1
138,5378,1579080325,0
138,5382,1579080325,-1
139,640,1579005062,0
140,5391,1578915026,0
140,5392,1578915026,0
140,5392,1578915026,0
140,5397,1578915026,0
140,5398,1578915026,0
140,5393,1578915026,0
140,3875,1578915026,0
140,5397,1578915026,0
141,5380,1578906811,0
141,5382,1578906811,0
141,5380,1578908055,0
142,5405,1578755261,0
142,5406,1578755261,0
143,5407,1578752626,0
145,5607,1578152914,0
145,5597,1578246171,0
145,5504,1578410615,-1
145,5602,1578245542,-1
145,5507,1578410615,0
145,5495,1578411541,0
145,5503,1578410615,0
145,5519,1578410615,-1
145,5603,1578245542,0
145,5415,1578653139,0
145,5513,1578410615,0
145,5498,1578411541,0
145,5488,1578475581,0
145,5435,1578152914,0
145,5500,1578411541,0
145,5501,1578411541,0
145,5518,1578410615,-1
145,5491,1578411809,0
145,5516,1578410615,-1
145,5441,1578477986,0
145,5408,1578668095,0
145,5414,1578653283,0
145,5412,1578652719,0
145,368,1578153360,-1
145,5514,1578410615,0
145,5517,1578410615,-1
145,5599,1578246171,0
145,5440,1578477986,0
145,5490,1578411809,0
145,5417,1578652719,0
145,5492,1578411541,0
145,358,1578243959,-1
145,5515,1578410615,-1
145,5506,1578410615,0
145,5604,1578154699,0
145,5493,1578411541,0
145,363,1578245939,-1
145,357,1578243836,-1
145,366,1578410615,-1
145,5606,1578152914,0
145,5512,1578410615,0
145,4626,1578410615,-1
145,132,1578666731,0
145,5505,1578410615,0
145,5598,1578246171,0
145,5601,1578245542,-1
145,4624,1578245542,-1
145,5600,1578246171,0
145,5508,1578410615,0
145,5494,1578411541,0
145,5411,1578668095,0
145,5410,1578668095,0
145,5502,1578411541,0
145,5510,1578410615,0
145,362,1578245692,-1
145,5416,1578652719,0
145,361,1578152914,-1
145,5487,1578475581,0
145,5499,1578411541,0
145,5605,1578154047,-1
146,5412,1578650018,0
146,5417,1578650018,0
146,5418,1578650018,0
146,5412,1578658879,0
147,510,1578629840,-1
148,434,1578555550,1
148,434,1578629683,-1
151,5425,1578571936,0
151,5308,1578571936,0
151,5426,1578571936,0
152,4755,1578568242,1
152,2030,1578568242,1
153,318,1578566090,0
153,319,1578566090,0
153,3899,1578566090,1
154,5429,1578564784,0
154,5441,1578499428,0
154,5455,1578499428,0
154,4087,1578499428,0
154,4037,1578564784,1
154,3880,1578499428,0
154,4001,1578499428,0
154,3,1578564784,0
154,5463,1578564784,0
154,5442,1578564784,0
154,5477,1578564784,0
154,5472,1578564784,1
154,4170,1578499428,0
154,3922,1578499428,0
154,5434,1578499428,0
154,361,1578564784,-1
154,5437,1578499428,-1
154,4655,1578499428,0
154,5438,1578564784,0
154,4056,1578499428,0
154,5430,1578564784,1
154,5471,1578564784,0
154,3880,1578564784,0
154,5432,1578499428,0
154,3,1578499428,0
154,5477,1578499428,0
154,5465,1578564784,0
154,4182,1578564784,0
154,4868,1578499428,0
154,5440,1578499428,0
154,4037,1578565883,1
154,74,1578499428,0
154,2028,1578564784,1
154,4114,1578564784,0
154,29,1578499428,-1
154,5479,1578499428,0
154,5430,1578499428,1
154,5429,1578565883,0
154,4725,1578564784,0
154,1041,1578499428,0
154,5472,1578499428,1
154,5469,1578564784,0
154,5464,1578499428,0
154,5479,1578564784,0
154,5482,1578564784,0
154,222,1578499428,0
154,4789,1578564784,0
154,5485,1578499428,0
154,5431,1578564784,0
154,3951,1578499428,0
154,2211,1578564784,-1
154,1977,1578564784,0
154,5442,1578499428,0
154,5466,1578564784,1
154,2028,1578565883,1
154,4789,1578499428,0
154,5430,1578565883,1
154,5455,1578564784,0
154,4868,1578564784,0
154,602,1578564784,0
155,5465,1578561982,0
155,5468,1578561982,0
155,5469,1578561982,0
155,5466,1578561982,-1
155,4726,1578561982,0
155,4724,1578561982,0
155,4725,1578561982,0
155,1977,1578561982,0
155,4014,1578561982,0
155,5418,1578561982,-1
155,5467,1578561982,0
156,2211,1578515014,1
156,4114,1578515014,0
157,4867,1578495679,0
157,5474,1578495679,0
159,361,1577967732,1
159,4056,1577967732,0
159,5437,1577967732,1
159,5434,1577967732,0
159,5436,1577967806,1
159,5435,1577967913,1
159,361,1577972482,0
159,361,1577973853,1
159,4056,1577973853,0
159,5437,1577973853,1
159,5434,1577973853,0
159,5437,1577974123,0
159,5436,1577974123,1
159,5435,1577974308,1
159,5434,1578055921,0
159,5437,1578055921,1
159,4056,1578055921,0
159,361,1578055921,1
159,5436,1578055921,1
159,5435,1578055921,1
159,361,1578491627,0
159,4056,1578491627,0
159,5436,1578491627,1
159,5435,1578491627,1
159,361,1578491627,1
159,5437,1578491627,1
159,5436,1578491627,0
159,5434,1578491627,0
160,5484,1578490601,0
160,3,1578490601,0
161,4603,1578489612,1
161,5481,1578489612,0
161,5482,1578489612,0
161,2813,1578489612,0
161,5480,1578489612,1
161,29,1578489612,1
163,5520,1578408181,0
163,5534,1578408181,0
163,5522,1578408181,0
163,5521,1578408181,0
163,5530,1578408181,0
163,5526,1578408181,0
163,5531,1578408181,0
163,5532,1578408181,0
163,4896,1578408181,-1
163,4902,1578408181,0
163,4893,1578408181,0
163,4897,1578408181,0
163,4895,1578408181,0
163,5524,1578408181,0
163,5527,1578408181,0
163,5536,1578408181,0
163,5537,1578408181,0
163,5538,1578408181,-1
163,4892,1578408181,-1
163,4900,1578408181,0
163,4899,1578408181,0
163,4925,1578408181,0
163,4561,1578408181,0
163,4546,1578408181,0
163,4548,1578408181,0
163,4431,1578408181,0
163,4547,1578408181,0
163,4544,1578408181,0
163,32,1578408181,0
163,34,1578408181,0
163,4456,1578408181,0
163,570,1578408181,0
163,1557,1578408181,0
163,4545,1578408181,0
163,30,1578408181,0
163,110,1578408181,-1
163,31,1578408181,0
163,35,1578408181,0
163,33,1578408181,0
163,95,1578408181,0
163,5525,1578408181,0
163,5528,1578408181,0
163,4898,1578408181,-1
163,4901,1578408181,0
163,5523,1578408181,0
163,5529,1578408181,0
163,5533,1578408181,0
163,5535,1578408181,0
163,4342,1578408181,0
163,5489,1578471127,-1
165,5539,1578401009,-1
165,5541,1578401009,0
165,5552,1578401009,1
165,5563,1578401009,0
165,1424,1578401009,1
165,207,1578401009,0
165,380,1578401009,-1
165,104,1578401009,0
165,2756,1578401009,0
165,4638,1578401009,0
165,5544,1578401009,0
165,5556,1578401009,1
165,5564,1578401009,0
165,5574,1578401009,0
165,5560,1578401009,0
165,4406,1578401009,1
165,4639,1578401009,1
165,5549,1578401009,1
165,5550,1578401009,1
165,5567,1578401009,0
165,5420,1578401009,0
165,5545,1578401009,0
165,5561,1578401009,0
165,5553,1578401009,0
165,5570,1578401009,0
165,5573,1578401009,1
165,5546,1578401009,0
165,5551,1578401009,1
165,5555,1578401009,1
165,5562,1578401009,0
165,5571,1578401009,0
165,5565,1578401009,0
165,5557,1578401009,1
165,5542,1578401009,0
165,5554,1578401009,1
166,4537,1578392249,1
166,4538,1578392249,1
166,4535,1578392249,0
166,4965,1578392249,0
166,4964,1578392249,0
166,5591,1578392249,0
166,5585,1578392249,1
166,5588,1578392249,1
166,5590,1578392249,0
166,5586,1578392249,0
166,5587,1578392249,0
166,5575,1578392250,0
166,5578,1578392250,0
166,4538,1578392250,1
166,4535,1578392250,1
167,5592,1578391486,-1
167,5593,1578391486,1
169,5796,1576506601,0
169,6040,1576616237,-1
169,4077,1576616237,0
169,4539,1576506601,0
169,47,1576506601,0
169,7055,1576270497,0
169,6042,1576616237,0
169,5855,1576506601,0
169,50,1576506601,0
169,5856,1576599735,1
169,6038,1576616237,0
169,4521,1576616237,1
169,5590,1576599735,0
169,5202,1576506601,0
169,5853,1576506601,0
169,5793,1576599735,0
169,4870,1576506601,-1
169,678,1576599735,0
169,6036,1576506601,1
169,5796,1576616237,0
169,50,1576616237,0
169,657,1576599735,0
169,6041,1576616237,-1
169,5552,1576270497,0
169,249,1576599735,0
169,6042,1576599735,0
169,5854,1576506601,0
169,5799,1576506601,0
169,262,1576616237,0
169,4539,1576616237,0
169,47,1576616237,0
169,5789,1576506601,0
169,5702,1576599735,0
169,4538,1576506601,0
169,253,1576506601,0
169,4155,1576599735,-1
169,4537,1576599735,0
169,250,1576506601,0
169,6043,1576599735,0
169,4538,1576616237,0
169,251,1576599735,1
169,6036,1576599735,1
169,5860,1576506601,-1
169,4539,1576599735,0
169,5795,1576599735,0
169,6040,1576599735,1
169,481,1576616237,-1
169,481,1576599735,1
169,251,1576506601,1
169,4486,1576616237,-1
169,1042,1578344256,1
169,4537,1576616237,0
169,5201,1576599735,0
169,5860,1576616237,1
169,262,1576599735,0
169,247,1576616237,0
169,5792,1576599735,0
169,5856,1576616237,-1
169,4537,1576506601,0
169,4709,1576599735,-1
170,191,1578039246,0
170,5610,1578039246,0
170,5609,1578039246,0
170,5609,1578051269,1
170,5610,1578051269,0
170,5609,1578052511,0
171,5622,1577978212,0
171,5623,1577978212,0
171,5627,1577978212,0
171,1541,1577978212,0
171,29,1577978212,-1
171,109,1577978212,-1
171,108,1577978212,0
171,189,1577978212,-1
171,2808,1577978212,0
171,719,1577978212,1
171,1409,1577978212,1
171,1540,1577978212,0
171,1542,1577978212,0
171,2807,1577978212,0
171,2733,1577978212,0
171,2806,1577978212,0
171,5621,1577978212,0
171,5626,1577978212,0
171,5625,1577978212,0
171,5624,1577978212,0
171,5489,1578025818,1
171,29,1578052431,0
172,5611,1578049099,0
172,29,1578049099,0
172,29,1578049594,0
173,4342,1577990466,-1
173,5480,1577990466,0
173,5620,1577990466,0
173,4356,1577991758,0
173,91,1577991758,0
173,5617,1577991758,-1
173,5616,1577991758,0
173,5618,1577991758,0
173,5615,1578026105,1
173,5614,1578036956,-1
173,5613,1578036956,-1
174,2211,1578027412,1
175,112,1577960474,0
175,29,1577960474,1
175,91,1578026139,-1
176,91,1577936668,1
176,91,1577936668,-1
176,112,1577936668,0
176,82,1577936668,0
176,5642,1577936668,-1
176,5641,1577936668,-1
176,4885,1577936668,-1
176,4884,1577936668,0
176,5620,1577936668,1
176,5655,1577936668,0
176,5654,1577936668,0
176,82,1577936668,0
176,91,1577936668,0
176,4884,1577936668,0
176,91,1577936668,-1
176,82,1577936668,-1
176,5652,1577936668,1
176,5619,1577936668,0
176,5620,1577936668,1
176,4884,1577936668,0
176,4342,1577936668,0
176,29,1577936668,0
176,91,1577936668,1
176,112,1577936668,0
176,82,1577936668,0
176,4884,1577936668,0
176,91,1577951597,1
176,91,1577951829,0
176,5619,1577990466,0
176,5620,1577990466,0
177,5629,1577954879,1
177,3911,1577954879,1
179,4538,1577951931,1
179,4535,1577951931,1
179,5588,1577951931,1
179,5585,1577951931,0
179,5640,1577951931,0
180,5658,1577875589,0
182,5721,1577453860,1
182,5659,1577696900,-1
182,5660,1577696900,0
183,29,1577696173,1
183,5661,1577696173,1
184,4538,1577685151,0
184,4535,1577685151,0
184,5666,1577685151,0
184,5585,1577685151,0
185,5530,1577640359,0
185,5521,1577640359,0
185,4893,1577640359,0
185,4895,1577640359,0
185,4897,1577640359,0
185,4342,1577640359,0
185,5522,1577640359,0
185,5532,1577640359,1
185,5672,1577640359,1
185,5524,1577640359,0
185,5527,1577640359,1
185,4896,1577640359,0
185,4902,1577640359,0
185,4548,1577640359,0
185,5526,1577640359,1
185,5531,1577640359,1
185,5673,1577640359,1
185,4892,1577640359,0
185,4900,1577640359,0
185,4926,1577640359,0
185,4544,1577640359,0
185,4547,1577640359,0
185,4431,1577640359,0
185,4925,1577640359,0
185,5661,1577640359,0
185,5520,1577640359,0
185,5534,1577640359,0
185,5529,1577640359,0
185,5533,1577640359,1
185,5535,1577640359,0
185,1557,1577640359,0
185,570,1577640359,0
185,31,1577640359,0
185,35,1577640359,0
185,95,1577640359,0
185,30,1577640359,0
185,4545,1577640359,1
185,4456,1577640359,0
185,4546,1577640359,0
185,4561,1577640359,0
185,4240,1577640359,0
185,34,1577640359,0
185,32,1577640359,0
185,104,1577640359,1
185,5525,1577640359,0
185,5528,1577640359,0
185,5671,1577640359,0
185,4898,1577640359,0
185,4901,1577640359,0
185,5667,1577642041,0
185,4552,1577642041,0
185,4580,1577642041,0
186,5438,1577369031,0
186,5726,1577369031,0
186,5727,1577369031,-1
186,5722,1577369031,0
186,5725,1577369031,1
186,381,1577369031,1
186,361,1577369031,-1
186,1123,1577369031,-1
186,1124,1577369031,0
186,1127,1577369031,0
186,1125,1577369031,-1
186,2814,1577369031,0
186,1122,1577369031,0
186,4056,1577369031,0
186,4680,1577369031,0
186,4647,1577369031,-1
186,4676,1577369031,1
187,5674,1577523792,0
187,5684,1577523792,0
187,5686,1577523792,0
187,5701,1577523792,0
187,5716,1577523792,-1
187,5702,1577523792,-1
187,5706,1577523792,0
187,5676,1577523792,0
187,5677,1577523792,-1
187,5678,1577523792,0
187,5681,1577523792,-1
187,5691,1577523792,0
187,5696,1577523792,0
187,5698,1577523792,0
187,5704,1577523792,0
187,5708,1577523792,0
187,5710,1577523792,0
187,5712,1577523792,0
187,5713,1577523792,0
187,5685,1577523792,0
187,5692,1577523792,0
187,5693,1577523792,0
187,5695,1577523792,0
187,5715,1577523792,1
187,5680,1577523792,-1
187,5682,1577523792,0
187,5707,1577523792,0
187,5690,1577523792,-1
187,5705,1577523792,0
187,5714,1577523792,1
187,5688,1577523792,1
187,4389,1577523792,0
187,5689,1577523792,0
187,5703,1577523792,0
187,5709,1577523792,0
187,5675,1577523792,0
187,5679,1577523792,0
187,5683,1577523792,0
187,5687,1577523792,0
187,5694,1577523792,0
187,5697,1577523792,0
187,5711,1577523792,-1
187,5717,1577523792,0
187,5718,1577523792,0
188,361,1577287301,1
188,5722,1577356084,0
188,5722,1577359908,0
188,4056,1577359908,0
189,381,1577195397,-1
190,2814,1577170857,0
190,5727,1577170857,1
191,361,1577123205,0
191,5722,1577123205,0
191,5729,1577123205,0
191,5731,1577123205,-1
191,5730,1577123205,0
192,2384,1576913257,1
192,1609,1576913257,0
192,2814,1576913257,0
192,2394,1576913257,1
192,2395,1576913257,1
192,4407,1576913257,1
192,2736,1576913257,1
192,1034,1576913257,1
192,2384,1576920861,-1
192,2383,1576920861,0
192,2922,1577094502,1
192,2383,1577094502,1
192,5732,1577094752,0
192,1609,1577094752,1
192,2394,1577094752,1
192,2922,1577094752,1
192,2395,1577094752,1
192,2383,1577094752,-1
192,4407,1577094752,1
192,2394,1577109207,1
192,1034,1577109207,1
192,2736,1577109207,0
194,5734,1577087143,0
194,5735,1577087143,0
197,3875,1576867240,0
198,5750,1576833128,0
200,5774,1576750451,0
200,5774,1576776612,0
201,5810,1576674962,0
201,5821,1576670741,0
201,5827,1576670741,0
201,5822,1576670741,0
201,5829,1576670741,0
201,5616,1576674962,1
201,1034,1576670741,0
201,5840,1576670741,0
201,669,1576751929,0
201,5842,1576670741,0
201,2101,1576670741,0
201,4210,1576751929,1
201,5298,1576771048,0
201,5805,1576670741,-1
201,1437,1576674962,0
201,5298,1576674962,0
201,5814,1576670741,-1
201,5807,1576674962,-1
201,29,1576670741,0
201,5809,1576674962,-1
201,5823,1576670741,0
201,5820,1576670741,0
201,475,1576674962,-1
201,1437,1576670741,0
201,5838,1576670741,0
201,368,1576670741,-1
201,5804,1576674962,1
201,5298,1576670741,0
201,5811,1576670741,-1
201,5843,1576670741,0
201,5809,1576670741,-1
201,5830,1576670741,0
201,5808,1576670741,-1
201,4788,1576670741,0
201,4704,1576674962,0
201,5806,1576670741,0
201,5835,1576670741,0
201,5803,1576674962,0
201,29,1576674962,0
201,5841,1576670741,1
201,4704,1576670741,0
201,5812,1576674962,0
201,359,1576674962,-1
201,5616,1576670741,1
201,475,1576670741,-1
201,5818,1576670741,0
201,5286,1576674962,0
201,5810,1576670741,0
201,5819,1576670741,0
201,5808,1576674962,-1
201,5837,1576670741,0
201,359,1576670741,-1
201,5298,1576751929,0
201,5836,1576670741,0
201,4210,1576771048,1
201,4756,1576670741,0
201,5832,1576670741,0
201,5815,1576674962,0
201,4415,1576670741,-1
201,1438,1576674962,0
203,5796,1576696078,-1
203,5797,1576696078,-1
203,5785,1576696078,0
203,5795,1576696078,-1
203,5800,1576696078,-1
203,5799,1576696078,-1
203,4859,1576696078,-1
203,4537,1576696078,-1
203,4526,1576696078,0
203,4529,1576696078,0
203,4858,1576696078,-1
203,5585,1576696078,0
203,5588,1576696078,0
203,5590,1576696078,1
203,5792,1576696078,1
203,5801,1576696078,1
203,5666,1576696078,0
203,4535,1576696078,1
203,4538,1576696078,-1
203,5780,1576696078,1
203,4160,1576696078,1
203,5789,1576696078,-1
203,5791,1576696078,-1
203,5793,1576696078,-1
203,5781,1576696078,0
203,5784,1576696078,0
203,5786,1576696078,0
203,5798,1576696078,-1
203,5794,1576696078,-1
203,5790,1576696078,-1
203,4539,1576696078,1
203,1378,1576696078,-1
203,4530,1576696078,0
203,4534,1576696078,0
203,4525,1576696078,0
203,4527,1576696078,0
203,4528,1576696078,0
203,4533,1576696078,0
203,215,1576696078,-1
205,5839,1576672063,0
205,4415,1576672063,1
205,5837,1576672063,0
205,5843,1576672063,0
205,5823,1576672063,0
205,5819,1576672063,0
205,4765,1576672063,-1
205,5836,1576672063,0
205,5811,1576672063,1
205,5804,1576672063,-1
205,1034,1576672063,0
205,5829,1576672063,0
205,5803,1576672063,0
205,5838,1576672063,0
205,1437,1576672063,0
205,1438,1576672063,0
205,5808,1576672063,1
205,5806,1576672063,0
205,602,1576672063,1
205,5825,1576672063,0
205,5833,1576672063,0
205,368,1576672063,1
205,5842,1576672063,0
205,5821,1576672063,0
205,3905,1576672063,0
205,5840,1576672063,0
205,1033,1576672063,1
205,4704,1576672063,0
205,5818,1576672063,0
205,5834,1576672063,0
205,4780,1576672063,1
205,359,1576672063,1
205,5822,1576672063,0
205,4788,1576672063,0
205,4756,1576672063,0
205,5298,1576672063,0
205,5813,1576672063,0
205,388,1576672063,0
205,5815,1576672063,0
205,5807,1576672063,1
205,475,1576672063,1
205,5832,1576672063,0
205,5809,1576672063,1
205,5814,1576672063,1
205,5616,1576672063,-1
205,5810,1576672063,0
205,5835,1576672063,0
205,5831,1576672063,0
205,5841,1576672063,-1
205,5827,1576672063,0
205,5736,1576672063,0
205,5805,1576672063,1
205,29,1576672063,0
205,5820,1576672063,0
205,2101,1576672063,0
205,4415,1576663638,1
205,5830,1576672063,0
205,5844,1576672063,0
205,5275,1576672063,0
205,5286,1576672063,0
206,368,1576666942,1
207,1034,1576662334,0
207,602,1576662334,1
207,1033,1576662334,1
208,5845,1576651317,1
208,715,1576651317,0
210,2756,1576503636,0
210,47,1576503636,0
210,50,1576503636,0
210,678,1576503636,0
210,6043,1576503636,0
210,6042,1576503636,0
210,6042,1576570096,0
210,6043,1576570096,0
210,6040,1576570096,-1
210,678,1576570096,0
210,50,1576570096,0
210,47,1576570096,0
210,2756,1576570096,-1
210,6041,1576570096,-1
212,6033,1576567179,0
212,4521,1576567179,1
213,657,1576533349,0
213,4486,1576533349,-1
213,1612,1576533349,0
213,4487,1576533349,-1
215,5544,1576475896,0
215,5542,1576475896,0
215,124,1576475896,1
216,5856,1576472300,-1
216,5854,1576472300,0
216,5852,1576472300,0
216,5853,1576472300,0
216,5857,1576472300,-1
216,249,1576472300,0
216,247,1576472300,0
216,481,1576472300,-1
216,250,1576472300,0
216,255,1576472300,0
216,253,1576472300,0
216,251,1576472300,-1
216,5855,1576472300,0
217,4644,1576240628,1
220,7177,1576050024,0
222,7211,1575972538,0
222,7217,1575972538,0
222,7213,1575972538,-1
222,7215,1575972538,0
222,4091,1575972538,0
222,6791,1575972538,0
222,7212,1575972538,-1
222,7214,1575972538,0
222,7216,1575972538,1
223,2088,1575896585,1
223,2088,1575904763,-1
223,2814,1575909257,-1
223,2801,1575909257,-1
223,2801,1575962748,1
223,2814,1575962748,1
223,2801,1575970414,-1
223,2814,1575970414,-1
224,4017,1575910210,0
224,5287,1575910210,0
224,5388,1575910210,0
224,2814,1575910210,1
224,3919,1575910210,0
224,2801,1575910210,1
224,4427,1575910210,-1
224,6835,1575910210,0
224,7222,1575910210,0
224,6644,1575910210,0
224,7178,1575910210,-1
224,7223,1575910210,0
224,7086,1575910210,0
224,7053,1575910210,0
224,7224,1575910210,0
224,4803,1575910210,-1
224,7225,1575910210,0
224,7221,1575910210,0
225,2814,1575831792,1
225,206,1575831792,1
225,4427,1575906226,1
226,5388,1575905753,0
227,7053,1575904763,0
227,7227,1575904763,0
228,3919,1575901975,0
228,2088,1575901975,-1
228,6835,1575901975,0
228,4017,1575901975,0
228,7225,1575901975,0
228,6644,1575901975,0
228,7178,1575901975,-1
228,4803,1575901975,-1
228,2088,1575902281,1
228,3919,1575902281,0
228,6835,1575902281,0
228,4017,1575902281,0
228,7178,1575902281,1
228,6644,1575902281,0
228,4803,1575902281,1
229,7178,1575895249,1
229,6644,1575895249,0
229,4017,1575895249,0
230,6835,1575893694,0
230,4803,1575893694,1
232,4472,1575609112,0
232,4210,1575609112,0
232,4471,1575609112,0
232,4210,1575610709,0
232,7270,1575613404,1
232,4664,1575613404,0
232,5616,1575624464,1
232,7266,1575624464,0
232,7265,1575624464,-1
232,7264,1575628846,0
232,7263,1575629417,0
232,7262,1575630196,0
232,4521,1575630420,0
232,7236,1575642974,0
232,2149,1575644503,0
232,2264,1575654105,0
232,2149,1575654903,0
232,7261,1575655767,0
232,4644,1575706937,0
232,7260,1575706937,0
232,3949,1575733845,0
232,1564,1575733845,0
232,7259,1575733845,0
232,7233,1575734254,0
232,6476,1575734254,0
232,7258,1575734254,0
232,7257,1575735742,0
232,7254,1575740634,0
232,7256,1575740634,-1
232,7255,1575740634,0
232,7245,1575744546,0
232,7244,1575749099,0
232,4083,1575750045,0
232,244,1575750045,0
232,245,1575750045,0
232,7239,1575750045,0
232,6781,1575750045,0
232,7242,1575750045,-1
232,7243,1575750045,-1
232,7238,1575750420,0
232,7236,1575750785,0
232,7237,1575750785,-1
232,2264,1575750908,0
232,4144,1575750908,1
232,7235,1575752024,0
232,4144,1575803624,-1
232,6476,1575803624,0
232,7233,1575803624,0
232,7234,1575803624,0
232,7229,1575831792,0
234,7267,1575623054,0
234,29,1575623054,0
235,7268,1575621271,0
237,4811,1575549606,0
238,5866,1575542711,0
240,7311,1575467603,1
240,7310,1575467603,0
240,6785,1575467603,0
240,2141,1575467603,-1
240,6787,1575467603,0
242,2136,1575450027,0
242,2137,1575450027,0
242,4084,1575450027,1
242,2138,1575450027,0
242,4785,1575450027,0
242,4786,1575450027,0
242,7298,1575450027,0
242,7303,1575450027,0
242,6783,1575450027,0
242,7301,1575450027,0
242,7305,1575450027,0
242,7308,1575450027,0
242,7309,1575450027,0
242,7306,1575450027,0
242,7296,1575450027,0
242,7297,1575450027,0
242,7300,1575450027,0
242,7261,1575450027,-1
242,7307,1575450027,1
242,7225,1575450027,0
242,7302,1575450027,0
242,7304,1575450027,0
242,7299,1575450027,0
242,2138,1575450695,0
242,2136,1575450695,0
242,2137,1575450695,0
242,7333,1575450734,0
243,4785,1575444217,1
243,7305,1575444217,0
243,4084,1575444217,0
243,7225,1575444217,1
244,7307,1575442748,0
244,7305,1575442748,0
244,4785,1575442748,1
245,4791,1575440435,1
245,7326,1575440435,0
245,7330,1575440435,0
245,7350,1575440435,1
245,7318,1575440435,0
245,7343,1575440435,0
245,7315,1575440435,0
245,7329,1575440435,0
245,7332,1575440435,0
245,7338,1575440435,0
245,7349,1575440435,1
245,7327,1575440435,0
245,7337,1575440435,0
245,7316,1575440435,0
245,7323,1575440435,0
245,7344,1575440435,0
245,7351,1575440435,1
245,7317,1575440435,0
247,2801,1575386237,-1
248,2010,1575384505,0
248,446,1575384505,0
248,7294,1575384505,1
249,7358,1575378650,0
249,7357,1575378650,1
249,7356,1575378650,1
250,7359,1575373110,1
251,7360,1575365697,0
251,4133,1575365697,0
252,4521,1575272034,1
252,7361,1575272034,1
252,7361,1575272291,0
252,4521,1575272291,0
252,6948,1575272291,0
252,6033,1575272291,0
252,4155,1575272291,0
253,7364,1575139998,0
253,7363,1575139998,0
254,6043,1575139989,0
254,1440,1575139989,0
254,7418,1575139989,0
254,7415,1575139989,0
254,52,1575139989,-1
254,7371,1575139989,0
254,105,1575139989,0
254,7365,1575139989,1
254,7402,1575139989,0
254,7409,1575139989,0
254,608,1575139989,0
254,2756,1575139989,0
254,107,1575139989,0
254,7367,1575139989,-1
254,5814,1575139989,1
254,1423,1575139989,0
254,47,1575139989,0
254,7389,1575139989,0
254,1435,1575139989,0
254,7386,1575139989,0
254,51,1575139989,0
254,7387,1575139989,0
254,1456,1575139989,0
254,104,1575139989,0
254,50,1575139989,0
254,719,1575139989,-1
254,7380,1575139989,0
254,4201,1575139989,0
254,7366,1575139989,0
254,672,1575139989,0
254,7396,1575139989,0
254,7408,1575139989,0
254,7388,1575139989,0
254,7417,1575139989,0
254,1539,1575139989,-1
254,1480,1575139989,0
254,1400,1575139989,0
254,48,1575139989,0
254,682,1575139989,0
254,1417,1575139989,0
254,680,1575139989,0
254,1424,1575139989,0
254,7376,1575139989,0
254,679,1575139989,0
254,711,1575139989,0
254,675,1575139989,0
254,712,1575139989,0
254,1420,1575139989,0
254,7377,1575139989,1
254,45,1575139989,0
254,7381,1575139989,0
254,1538,1575139989,0
254,7403,1575139989,0
254,1419,1575139989,0
254,7370,1575139989,0
254,7400,1575139989,0
254,7385,1575139989,0
254,1441,1575139989,0
254,2753,1575139989,0
254,4374,1575139989,0
255,6995,1575121216,0
255,4825,1575121216,1
255,4824,1575121216,0
255,4158,1575121216,0
255,4174,1575121216,0
255,4127,1575121216,0
255,2235,1575121216,1
255,6885,1575121216,0
255,6954,1575121216,0
255,7664,1575121216,0
257,4521,1575020260,1
257,6033,1575020260,0
257,4521,1575031150,1
257,6033,1575031150,0
258,7667,1575022538,1
258,4086,1575022538,0
258,6033,1575022538,0
258,6787,1575022538,0
258,4521,1575022538,-1
258,7311,1575022538,0
258,7668,1575022538,1
259,3875,1574958358,0
259,2868,1574958358,1
259,7669,1574958358,1
259,2868,1574958973,0
259,3875,1574980304,0
259,2868,1574980304,1
259,2868,1574980704,0
259,3875,1574980704,0
259,3875,1575017534,0
259,2868,1575017534,1
260,7669,1574914793,-1
261,5294,1574827262,0
261,7670,1574827262,1
261,5293,1574827262,0
261,5292,1574827262,0
262,2010,1574675625,0
262,6666,1574675625,0
263,5929,1541670803,0
263,7754,1541670803,1
263,12149,1541670803,0
263,4800,1540473486,-1
263,8669,1541670803,0
263,8863,1541670803,0
263,21736,1542010001,-1
263,9974,1540473486,0
263,21845,1540473486,1
263,19049,1541670803,0
263,30170,1180952139,0
263,21435,1541670803,0
263,7357,1541670803,0
263,1043,1541670803,0
263,9973,1540473486,0
263,1567,1541670803,-1
263,4491,1541670803,0
263,15785,1540473486,0
263,27511,1180952139,0
263,5934,1541670803,0
263,8892,1540473486,1
263,10046,1541670803,0
263,10031,1541670803,1
263,4750,1541670803,-1
263,30070,1180952139,0
263,10042,1541670803,0
263,17406,1541670803,1
263,24619,1542010001,0
263,9976,1540473486,0
263,5180,1542010001,0
263,5976,1541670803,0
263,4782,1542010001,0
263,4986,1541670803,0
263,27206,1180952139,0
263,29468,1540473486,0
263,5188,1542010001,0
263,5195,1541670803,0
263,5935,1541670803,0
263,5975,1541670803,0
263,12139,1542010001,0
263,602,1541670803,1
263,16468,1542010001,1
263,274,1541670803,1
263,24840,1541670803,1
263,17471,1542010001,0
263,5260,1574617562,0
263,7212,1542010001,0
263,10038,1541670803,1
263,1566,1541670803,1
263,8864,1541670803,0
263,1046,1540473486,0
263,5941,1541670803,0
263,30074,1180952139,0
263,10041,1541670803,0
263,10037,1541670803,1
263,17475,1542010001,0
263,17402,1542010001,0
263,5928,1541670803,0
263,16891,1541670803,0
263,30215,1540473486,0
264,7706,1574412634,-1
264,7700,1574412634,-1
264,7701,1574412634,0
264,7707,1574412634,0
264,7708,1574412634,0
264,7705,1574412634,0
264,7710,1574412634,0
264,7704,1574412634,1
264,4705,1574412634,1
264,4705,1574412696,-1
264,7704,1574412696,-1
264,7710,1574412696,-1
264,7705,1574412696,0
264,7708,1574412696,0
264,7707,1574412696,0
264,7701,1574412696,0
264,7700,1574412696,1
264,7706,1574412696,1
264,7709,1574412696,0
264,7705,1574413819,0
264,7707,1574413819,0
264,7708,1574413819,0
264,7701,1574413819,0
264,7700,1574413819,-1
264,7706,1574413819,-1
264,7704,1574413819,1
264,7710,1574413819,1
264,4705,1574413819,1
264,7699,1574502898,1
266,7712,1574409790,1
266,4087,1574411813,0
266,7711,1574411813,0
266,7712,1574411813,1
266,6785,1574411813,0
269,7730,1574359948,0
269,6177,1574359948,0
269,1036,1574359948,-1
269,7715,1574359948,0
270,1036,1574358723,0
270,6177,1574358723,0
270,7715,1574358723,1
271,7011,1574351866,0
271,4184,1574351866,0
271,7021,1574351866,0
271,4189,1574351866,0
271,7735,1574354553,0
271,6825,1574354553,0
271,4102,1574354553,0
272,7749,1574346048,1
272,7742,1574346048,0
272,7751,1574346048,1
272,7743,1574346048,1
272,7741,1574346048,0
272,7746,1574346048,0
272,7744,1574346048,-1
272,7745,1574346048,0
272,7747,1574346048,1
272,7748,1574346048,1
272,7750,1574346048,1
273,7752,1574340164,0
273,4705,1574340164,1
273,3999,1574340164,0
274,5866,1574331272,0
274,5945,1574331272,-1
274,5944,1574333091,1
274,5945,1574333091,1
275,2010,1574327270,1
276,4793,1574281560,-1
278,2814,1574250405,0
279,4487,1573852122,0
279,4486,1573852122,0
279,7754,1573852122,0
279,7053,1573852122,1
279,7754,1574240831,1
280,6183,1574225782,0
280,1623,1574225782,0
280,3877,1574237958,0
280,1624,1574237958,1
281,7758,1574223438,0
282,7787,1574173350,0
282,5598,1574173350,0
282,7775,1574173350,0
282,7769,1574173350,0
282,7786,1574177243,0
282,4371,1574176123,0
282,5597,1574177243,0
282,7771,1574177243,0
282,7774,1574173350,0
282,7778,1574177243,0
282,5600,1574173350,0
282,4119,1574177243,0
282,7770,1574173350,0
282,4625,1574177243,0
282,7782,1574173350,0
282,4625,1574173350,0
282,7793,1574173350,0
282,5597,1574173350,0
282,7781,1574177243,0
282,7789,1574177243,0
282,511,1574176123,-1
282,7789,1574173350,0
282,511,1574173350,0
282,7783,1574177243,0
282,7779,1574173350,0
282,7774,1574177243,0
282,7763,1574177243,0
282,7768,1574173350,0
282,7767,1574173350,0
282,4371,1574173350,-1
282,5600,1574177243,0
282,7773,1574173350,0
282,7776,1574173350,0
282,7776,1574177243,0
282,364,1574173350,-1
282,7767,1574177243,0
282,7765,1574177243,0
282,7772,1574177243,0
282,7759,1574173350,0
282,7111,1574177243,0
282,7784,1574177243,0
282,7770,1574177243,0
282,7112,1574177243,0
282,5274,1574177243,0
282,7788,1574173350,0
282,7112,1574173350,0
282,7786,1574173350,0
282,7777,1574177243,0
282,7764,1574177243,0
282,7763,1574173350,0
282,7759,1574177243,0
282,7764,1574173350,0
282,7782,1574177243,0
282,5598,1574177243,0
282,7781,1574173350,0
282,7779,1574177243,0
282,7773,1574177243,0
282,7768,1574177243,0
282,7777,1574173350,0
282,7778,1574173350,0
283,4119,1574164817,0
283,364,1574164817,1
283,5274,1574164828,0
283,7763,1574164828,0
283,7774,1574164828,0
283,7112,1574164828,0
283,5598,1574164828,0
283,5600,1574164828,0
283,5597,1574164828,0
283,364,1574164828,0
283,7768,1574164828,0
283,7787,1574164828,0
283,7790,1574164828,0
283,7111,1574164828,0
283,7770,1574164828,0
283,7781,1574164828,0
283,7759,1574164828,0
283,7777,1574164828,0
283,7780,1574164828,0
283,7772,1574164828,0
283,7776,1574164828,0
283,7779,1574164828,0
283,7788,1574164828,0
283,7789,1574164828,0
283,7764,1574164828,0
283,7771,1574164828,0
283,7778,1574164828,0
283,7782,1574164828,0
283,7783,1574164828,0
283,7786,1574164828,0
283,4625,1574164828,0
283,7765,1574164828,0
283,7784,1574164828,0
283,7767,1574164828,0
283,7785,1574164828,0
283,7769,1574164828,0
283,7773,1574164828,0
283,7775,1574164828,0
284,10021,1573557806,0
284,10021,1573558144,0
284,10015,1573620800,1
284,10015,1573621465,1
284,7794,1574156670,1
287,4012,1573051588,0
287,10080,1573051588,0
287,10090,1573051588,0
287,10092,1573051588,-1
287,10088,1573051588,0
287,8697,1573051588,0
287,10082,1573051588,0
287,10091,1573051588,0
287,10083,1573051588,0
287,10086,1573051588,0
287,10087,1573051588,-1
287,10081,1573051588,0
287,7867,1574065336,0
288,9983,1573815995,0
288,6580,1573815995,0
288,8676,1573815995,0
288,9984,1573815995,0
288,9985,1573815995,-1
288,9982,1573815995,0
288,7837,1573815995,0
288,7838,1573815995,0
288,7840,1573815995,0
288,7839,1573815995,0
288,7865,1573815995,0
288,7841,1573815995,0
288,2756,1573815995,0
288,104,1573815995,0
288,1401,1573815995,0
288,1402,1573815995,0
288,1400,1573815995,0
288,6581,1573815995,0
288,7368,1573815995,-1
288,7385,1573815995,0
288,7367,1573815995,-1
288,6578,1573815995,0
288,6579,1573815995,0
288,6054,1573815995,0
288,1034,1573852079,0
289,7869,1573834918,0
289,7868,1573834918,1
290,9920,1573820692,0
290,8225,1573820692,0
290,8493,1573820692,0
290,8039,1573820692,0
290,5615,1573820692,0
290,9389,1573820692,0
290,8240,1573820692,0
290,7979,1573820692,0
290,8557,1573820692,0
290,5293,1573820692,0
290,1605,1573820692,0
290,7175,1573820692,0
290,8745,1573820692,0
290,9314,1573820692,0
290,8035,1573820692,0
290,9079,1573820692,0
290,45,1573820692,0
290,9237,1573820692,0
290,9976,1573820692,0
290,9288,1573820692,0
290,8510,1573820692,0
290,9181,1573820692,0
290,7884,1573820692,0
290,9737,1573820692,0
290,8646,1573820692,0
290,9830,1573820692,0
290,1625,1573820692,0
290,4489,1573820692,0
290,9048,1573820692,0
290,8498,1573820692,0
290,460,1573820692,0
290,8762,1573820692,0
290,4633,1573820692,0
290,8831,1573820692,0
290,8122,1573820692,0
290,9130,1573820692,0
290,9003,1573820692,0
290,8231,1573820692,0
290,7927,1573820692,0
290,5731,1573820692,0
290,8129,1573820692,0
290,8297,1573820692,0
290,8202,1573820692,0
290,4670,1573820692,0
290,7907,1573820692,0
290,9149,1573820692,0
290,9924,1573820692,0
290,7975,1573820692,0
290,9803,1573820692,0
290,8269,1573820692,0
290,8131,1573820692,0
290,8656,1573820692,0
290,7909,1573820692,0
290,6342,1573820692,0
290,8938,1573820692,0
290,7990,1573820692,0
290,4856,1573820692,0
290,9336,1573820692,0
290,7931,1573820692,0
290,8344,1573820692,0
291,4802,1573793749,1
292,9306,1573732107,0
292,9307,1573732107,0
292,10001,1573732107,0
292,10008,1573732107,0
292,9995,1573732107,0
292,10000,1573732107,0
292,10012,1573732107,0
292,9997,1573732107,0
292,7023,1573732107,0
292,9994,1573732107,0
292,9807,1573732107,0
292,4188,1573732107,0
292,529,1573732107,-1
292,4878,1573732107,1
292,4879,1573732107,-1
292,5298,1573732107,-1
292,9993,1573732107,0
292,9996,1573732107,0
292,9998,1573732107,0
292,10009,1573732107,0
292,9992,1573732107,0
292,9989,1573783766,0
292,4184,1573786956,0
292,558,1573786956,-1
292,7011,1573786956,0
293,8506,1573742309,1
293,8508,1573742309,0
293,8514,1573742309,-1
293,9991,1573742309,1
293,9991,1573742309,0
293,6450,1573742309,0
293,3957,1573742309,0
295,560,1573678918,0
296,5274,1573678882,0
296,4119,1573678882,0
297,6446,1573551091,0
297,5809,1573623378,0
297,6298,1573551091,0
297,6696,1573551091,0
297,29,1573551091,0
297,6783,1573551091,0
297,6781,1573551091,0
297,6948,1573551091,0
297,6759,1573551091,0
297,6891,1573551091,0
297,6789,1573551091,0
297,6887,1573551091,0
297,6694,1573551091,0
297,6373,1573551091,0
297,6365,1573551091,1
297,6327,1573551091,0
297,6195,1573551091,0
297,6970,1573551091,0
297,6680,1573551091,0
297,6944,1573551091,0
297,6902,1573551091,0
297,6526,1573551091,0
297,6490,1573551091,0
297,7031,1573551091,0
297,6312,1573551091,0
297,7023,1573551091,0
297,6769,1573551091,0
297,6468,1573551091,0
297,6974,1573551091,0
297,6290,1573551091,0
297,6805,1573551091,0
297,6922,1573551091,0
297,6650,1573551091,0
297,7043,1573551091,0
297,7003,1573551091,0
297,6546,1573551091,0
297,6751,1573551091,0
297,6889,1573551091,1
297,6385,1573551091,0
297,6589,1573551091,0
297,6906,1573551091,0
297,6978,1573551091,0
297,6912,1573551091,0
297,6486,1573551091,0
297,6605,1573551091,0
297,6932,1573551091,0
297,6466,1573551091,0
297,6248,1573551091,0
297,6763,1573551091,0
297,6993,1573551091,0
297,6413,1573551091,1
297,6492,1573551091,0
297,6564,1573551091,0
297,6177,1573551091,0
297,6801,1573551091,0
297,6518,1573551091,0
297,6232,1573551091,0
297,6630,1573551091,0
297,6488,1573551091,0
297,6379,1573551091,0
298,4655,1573616974,0
299,10017,1573558449,0
299,10019,1573558449,0
299,10020,1573558449,0
299,4828,1573558449,0
302,2814,1573496374,1
302,10025,1573496374,1
302,10025,1573499780,1
303,3875,1573493285,0
303,4857,1573493285,1
303,4856,1573493285,0
303,5485,1573493285,0
303,4156,1573493285,1
303,2876,1573493285,1
303,2881,1573493285,-1
303,602,1573493285,1
303,5486,1573493285,1
303,4855,1573493285,1
303,10058,1573493285,0
303,2881,1573498251,-1
304,4855,1573480105,-1
304,4856,1573480105,0
304,4857,1573480105,-1
304,4156,1573480105,-1
305,1999,1572968252,1
305,1999,1572968253,-1
305,8764,1572968253,0
305,1999,1572968254,0
305,1999,1572968254,0
305,8764,1572968299,0
305,8764,1572968342,0
305,8764,1573449343,-1
306,10066,1573245415,0
306,10065,1573245415,1
306,10065,1573254849,0
307,8795,1573247719,1
307,8795,1573247932,1
308,10074,1573213314,1
308,10073,1573213314,1
308,6365,1573213314,0
308,10072,1573213314,0
308,10068,1573228888,0
308,6367,1573228888,0
308,4375,1573228888,0
308,4363,1573228888,0
308,10067,1573228888,1
310,10069,1573214539,-1
310,10070,1573214539,-1
310,10071,1573214539,1
311,742,1573213314,0
311,7013,1573213314,0
312,10076,1573207677,0
312,8478,1573207677,0
312,10077,1573207677,1
312,8476,1573207677,0
312,3955,1573207765,0
313,7015,1573137122,0
313,746,1573137122,0
313,578,1573137122,0
313,704,1573137122,0
313,1515,1573137122,0
313,10078,1573137122,1
313,9800,1573137122,0
318,10019,1573034587,0
318,10095,1573034587,0
318,10095,1573034684,0
319,4868,1573032196,1
319,4200,1573032196,0
319,9750,1573032197,0
319,4200,1573032197,0
319,4868,1573032197,0
319,4170,1573032255,0
321,10100,1573024917,0
321,5389,1573024917,-1
322,8410,1572968588,0
324,6246,1572947180,0
324,4119,1572947180,1
324,7759,1572947180,0
324,7764,1572947180,-1
324,7699,1572947180,0
324,7788,1572947180,1
324,7789,1572947180,1
324,7765,1572947180,-1
324,7759,1572950269,0
324,6246,1572951421,0
324,4119,1572951421,0
324,7759,1572951421,0
327,3930,1572863547,0
327,396,1572863547,0
327,6387,1572863547,0
329,10109,1572848862,-1
331,10115,1572781125,0
331,4089,1572781125,0
332,1805,1572593668,-1
334,3980,1572532494,1
334,4095,1572532494,0
334,4060,1572532494,0
334,4085,1572532494,0
334,4010,1572532494,0
334,4159,1572532494,0
334,3925,1572532494,0
334,4038,1572532494,0
334,3885,1572532494,1
334,4061,1572532494,0
334,4165,1572532494,0
334,4183,1572532494,0
334,4186,1572532494,0
334,4011,1572532494,0
334,4123,1572532494,0
334,3977,1572532494,1
334,3970,1572532494,0
334,3983,1572532494,0
334,3945,1572532494,0
334,4069,1572532494,0
334,4001,1572532494,1
334,4131,1572532494,1
334,4064,1572532494,0
334,4126,1572532494,0
334,4130,1572532494,1
334,4099,1572532494,0
334,4188,1572532494,0
334,3908,1572532494,0
334,4132,1572532494,0
334,3932,1572532494,0
334,3959,1572532494,0
334,3926,1572532494,0
334,4076,1572532494,0
334,4048,1572532494,0
334,4047,1572532494,0
334,3974,1572532494,1
334,3880,1572532494,0
334,2868,1572531172,0
334,4006,1572532494,0
334,3966,1572532494,0
334,3930,1572532494,0
334,5366,1572532494,1
334,4094,1572532494,0
334,4041,1572532494,0
334,4106,1572532494,0
334,3929,1572532494,0
334,4141,1572532494,0
334,4036,1572532494,0
334,4056,1572532494,0
334,4029,1572532494,0
334,3967,1572532494,0
334,4090,1572532494,0
334,4078,1572532494,0
334,4125,1572532494,0
334,4118,1572532494,1
334,3947,1572532494,0
334,3927,1572532494,0
334,3919,1572532494,0
334,4103,1572532494,0
334,4002,1572532494,0
335,1040,1572526821,0
335,396,1572526821,0
335,327,1572526821,0
335,6387,1572526821,0
335,6385,1572526821,0
336,10150,1572525847,0
336,1041,1572525847,1
336,4709,1572525847,1
336,5690,1572525847,0
339,4675,1572437608,0
342,7025,1572425858,0
342,6448,1572425858,0
342,6514,1572425858,0
342,6634,1572425858,0
342,6670,1572425858,0
342,696,1572425858,0
342,696,1572425858,-1
342,4367,1572425858,1
342,8709,1572425858,-1
342,696,1572425859,1
342,4367,1572425859,0
342,10171,1572425859,0
342,8709,1572425859,0
342,8708,1572425859,0
342,10161,1572425859,0
342,10160,1572425859,0
342,10163,1572425859,0
342,10168,1572425859,0
342,10164,1572425859,0
342,10159,1572425859,0
342,10170,1572425859,0
342,10156,1572425859,0
342,10157,1572425859,0
342,10166,1572425859,0
342,10172,1572425859,0
342,10162,1572425859,0
342,4367,1572429217,0
343,10154,1572428493,1
344,5486,1572422327,-1
344,5485,1572422327,0
344,5259,1572422327,1
344,2876,1572422327,-1
344,1228,1572422327,0
344,602,1572422327,0
345,10217,1572409897,0
345,8644,1572409897,0
345,7752,1572409897,-1
345,10107,1572409897,0
345,7699,1572409897,-1
345,7704,1572409897,0
345,4705,1572409897,1
345,4706,1572409897,1
345,3999,1572409897,0
345,7752,1572410115,0
346,10224,1572409767,1
347,4553,1572358371,0
347,29,1572358371,0
347,10225,1572358371,0
347,10231,1572358371,0
347,10232,1572358371,0
347,10234,1572358371,0
347,10235,1572358371,1
347,10236,1572358371,0
347,10233,1572358371,0
348,10240,1572339556,0
348,10239,1572339556,0
348,10237,1572339556,0
348,10238,1572339556,0
348,10241,1572339556,0
348,10243,1572339556,0
348,10244,1572339556,0
348,10242,1572339556,0
350,4750,1572326757,1
350,10246,1572326757,1
351,10249,1572262579,0
351,10247,1572262579,1
351,5962,1572262579,0
351,5963,1572262579,0
351,5964,1572262579,0
351,5034,1572262579,0
351,5961,1572262579,0
351,2390,1572265661,0
351,5862,1572265661,0
351,10247,1572265661,-1
353,10251,1572173969,-1
353,10256,1572173969,-1
353,10252,1572173969,0
353,29,1572173969,0
353,112,1572173969,0
353,191,1572173969,0
353,4292,1572173969,0
353,10254,1572173969,0
353,10258,1572173969,0
353,10257,1572173969,0
353,10259,1572173969,0
355,8768,1571844047,0
355,10265,1571844047,1
355,1999,1571844047,1
355,5366,1571844047,0
355,8765,1571844047,0
358,2881,1571680659,-1
359,2881,1571676503,0
359,4489,1571676503,-1
359,4493,1571676503,-1
359,2868,1571676503,0
359,4491,1571676503,-1
359,4488,1571676503,0
359,4501,1571676503,0
359,4499,1571676503,-1
359,7052,1571676503,0
360,4144,1571651632,0
361,10194,1571553673,0
363,3875,1571483927,0
363,1034,1571483927,-1
363,6183,1571485641,0
363,3877,1571485641,0
364,4885,1571410795,0
364,53,1571410795,1
364,5324,1571410795,1
365,4743,1571410795,0
365,10306,1571410795,1
365,10305,1571410795,-1
365,4028,1571410795,0
365,3879,1571410795,0
365,6177,1571410795,0
365,6666,1571410795,0
365,2010,1571410795,1
365,446,1571410795,1
365,4743,1571410795,1
365,4028,1571410795,0
365,3879,1571410795,0
366,10514,1570790550,0
366,7185,1570790550,1
366,9313,1570790550,1
366,7154,1570790550,0
366,6817,1570790550,1
366,5814,1570790550,1
366,4170,1570790550,0
366,4793,1570790550,1
366,4794,1570790550,1
366,4200,1570790550,0
366,4097,1570790550,1
366,4802,1570790550,1
366,4867,1570790550,0
366,4105,1570790550,0
366,10520,1570790550,1
366,10518,1570790550,-1
366,10519,1570790550,0
366,5814,1570790753,0
366,4200,1570790753,0
366,10517,1570790753,0
366,4200,1570790950,0
366,2316,1570790950,1
366,4170,1570790950,0
366,6980,1570790950,0
366,5808,1571198272,1
366,2242,1571198272,1
366,5453,1571198272,0
366,10477,1571198272,0
366,10354,1571246732,0
366,4087,1571398672,0
366,5290,1571398672,0
366,6785,1571398672,0
366,7711,1571398672,0
366,5290,1571398707,0
367,10337,1571396731,1
367,5367,1571396731,0
367,10183,1571396732,0
367,10184,1571396732,0
367,10194,1571396732,0
367,10177,1571396732,0
367,10187,1571396732,0
367,10188,1571396732,0
367,10181,1571396732,0
367,10189,1571396732,0
367,10308,1571396732,0
367,10173,1571396732,0
367,10194,1571396732,0
367,10192,1571396732,0
367,10194,1571396732,0
367,10313,1571396732,0
367,10193,1571396732,0
367,10308,1571396732,0
367,10312,1571396732,0
367,10194,1571396732,0
367,10192,1571396732,-1
367,10316,1571396732,0
367,10317,1571396732,0
367,10173,1571396732,1
367,10187,1571396733,0
367,5485,1571396791,0
367,4491,1571396791,0
367,2876,1571396791,1
367,602,1571396791,0
367,5486,1571396791,1
368,5945,1571383862,-1
368,191,1571383862,0
368,93,1571383862,0
368,2801,1571383862,1
368,5862,1571383862,0
368,5863,1571383862,1
368,7865,1571383862,0
371,10357,1571241320,1
373,5316,1571222865,0
374,4499,1571041863,0
374,4501,1571041863,0
374,4495,1571041863,0
374,4489,1571041863,0
374,4491,1571041863,0
374,4493,1571041863,0
374,4489,1571042805,1
374,4489,1571128975,0
375,10216,1571128495,1
375,7752,1571128495,0
375,3999,1571128495,0
375,1950,1571128495,0
375,10353,1571128603,0
376,4291,1571121583,1
376,4287,1571121583,1
376,4290,1571121583,1
376,4284,1571121583,1
376,4228,1571121583,1
376,4286,1571121583,1
376,4288,1571121583,1
376,4289,1571121583,1
376,2929,1571121583,0
376,1410,1571121583,0
376,189,1571121583,0
376,10338,1571121583,1
376,10338,1571125331,1
376,4291,1571125331,1
376,4287,1571125331,1
376,4228,1571125331,1
376,4286,1571125331,1
376,4288,1571125331,1
376,4289,1571125331,1
376,4290,1571125331,1
376,189,1571125331,0
376,1410,1571125331,-1
376,2929,1571125331,1
376,4284,1571125331,1
377,602,1571051046,-1
377,602,1571052076,0
380,4602,1571035624,0
380,10489,1571035624,0
381,2736,1571034670,1
381,1034,1571034670,1
381,2922,1571034670,1
381,2384,1571034670,1
382,8273,1570605569,0
382,8275,1570605569,-1
382,8274,1570605569,0
382,10494,1570605569,0
382,10498,1570605569,0
382,10490,1570605569,0
382,10497,1570605569,0
382,10500,1570605569,0
382,10505,1570605569,0
382,10496,1570605569,0
382,10491,1570605569,0
382,10495,1570605569,0
382,10525,1570605569,0
382,10526,1570605569,0
382,10493,1570605569,0
382,10527,1570605569,0
382,10492,1570605569,0
382,10499,1570605569,0
382,8273,1570814661,0
382,10493,1570814661,0
382,10494,1570814661,0
382,10498,1570814661,0
382,10504,1570814661,0
382,10506,1570814661,0
382,10243,1570814661,0
382,10491,1570814661,0
382,10495,1570814661,0
382,10238,1570814661,0
382,10242,1570814661,0
382,10490,1570814661,0
382,10496,1570814661,0
382,10497,1570814661,0
382,10500,1570814661,0
382,10505,1570814661,0
382,10241,1570814661,0
382,10502,1570814661,0
382,10492,1570814661,0
382,10499,1570814661,0
385,7053,1570791138,0
386,4802,1570791016,-1
386,4105,1570791016,0
386,7154,1570791016,0
386,10514,1570791016,0
389,2814,1570764037,0
390,30754,1504858609,0
390,30754,1504859638,0
390,10521,1570763764,0
391,10522,1570706050,0
391,5290,1570706050,0
391,2141,1570706050,0
391,4788,1570706050,0
391,109,1570706050,0
391,82,1570706050,-1
391,2142,1570706050,0
391,10100,1570706050,1
391,10100,1570712612,1
391,10522,1570712612,0
392,5290,1570689637,0
393,82,1570685013,1
393,82,1570687975,0
394,2141,1570685187,0
395,109,1570633119,0
396,10532,1570506082,0
396,10533,1570506082,0
396,8102,1570506082,0
396,6284,1570506082,0
396,6280,1570506082,0
396,6282,1570506082,0
396,1487,1570506082,0
396,688,1570506082,0
396,10531,1570506082,0
398,4827,1570445540,0
398,10539,1570445540,1
400,10542,1570431227,1
401,4736,1570419822,-1
402,10548,1570177256,-1
402,10551,1570177256,0
402,10550,1570177256,0
402,10553,1570177256,0
402,192,1570177256,0
402,10548,1570180742,-1
402,7268,1570259574,0
404,10547,1570198195,1
405,1409,1570179681,0
405,10548,1570179681,0
405,10338,1570179681,1
406,86,1570171712,0
407,250,1570109718,1
407,251,1570109718,0
407,5852,1570109718,0
408,10555,1570089602,0
414,4371,1569814979,1
418,5469,1569591589,0
418,4726,1569591589,0
418,8703,1569591589,0
419,3999,1569584105,0
419,1950,1569584105,-1
419,4706,1569584105,1
419,4705,1569584105,1
419,7703,1569584105,1
419,7704,1569584105,1
419,10212,1569584105,0
419,10217,1569584105,0
419,10216,1569584105,0
419,10107,1569584105,0
419,7752,1569584105,1
419,1950,1569584106,0
419,10216,1569584106,0
419,10484,1569584107,0
419,3999,1569584108,0
419,7752,1569584108,0
419,10572,1569584108,0
419,10572,1569584108,-1
419,7752,1569584109,0
419,10484,1569584109,0
419,10483,1569584110,0
419,10572,1569584110,0
419,10484,1569584110,0
419,10484,1569584111,0
419,10572,1569584111,0
419,10216,1569584111,0
419,10483,1569584111,0
419,10217,1569584111,0
419,7752,1569584111,-1
419,7703,1569584111,0
419,1950,1569584111,-1
419,6566,1569584111,0
419,4705,1569584111,0
419,4706,1569584111,0
419,1950,1569584111,1
419,10483,1569584111,0
419,7752,1569584112,0
419,6566,1569584112,0
419,7752,1569584407,0
419,10484,1569584407,0
421,9831,1569501154,1
422,10640,1569499774,1
422,10581,1569499774,1
422,4230,1569499774,1
422,10650,1569499774,0
422,10669,1569499774,1
422,1193,1569499774,0
422,2389,1569499774,-1
422,10682,1569499774,0
422,10683,1569499774,0
422,10636,1569499774,0
422,4233,1569499774,0
422,10607,1569499774,-1
422,10578,1569499774,1
422,1188,1569499774,0
422,10642,1569499774,1
422,638,1569499774,1
422,10610,1569499774,0
422,4337,1569499774,1
422,5426,1569499774,0
422,1103,1569499774,0
422,10575,1569499774,1
422,10635,1569499774,1
422,3875,1569499774,0
422,4860,1569499774,0
422,10580,1569499774,1
422,10574,1569499774,1
422,10658,1569499774,1
422,10606,1569499774,0
422,10644,1569499774,1
422,10647,1569499774,1
422,10602,1569499774,0
422,10646,1569499774,1
422,10659,1569499774,1
422,9079,1569499774,1
422,8125,1569499774,-1
422,561,1569499774,0
422,719,1569499774,1
422,1242,1569499774,-1
422,10672,1569499774,1
422,7876,1569499774,0
422,10637,1569499774,0
422,10609,1569499774,0
422,250,1569499774,1
422,2808,1569499774,0
422,2733,1569499774,0
422,10674,1569499774,1
422,10670,1569499774,0
422,10576,1569499774,0
422,1254,1569499774,-1
422,10612,1569499774,0
422,10665,1569499774,1
422,2806,1569499774,0
422,10655,1569499774,1
422,4236,1569499774,1
422,10641,1569499774,1
422,10611,1569499774,0
422,10654,1569499774,1
422,2088,1569499774,0
422,10652,1569499774,1
422,10649,1569499774,1
423,5803,1569485659,1
423,5803,1569485741,0
424,5486,1569409044,0
424,11347,1569409044,0
424,11334,1569409044,0
424,11348,1569409044,0
424,11344,1569409044,0
424,9906,1569409044,0
424,4499,1569409044,0
424,4600,1569409044,0
424,4491,1569409044,0
424,4599,1569409044,0
424,5485,1569409044,0
424,601,1569409044,0
424,602,1569409044,0
424,4493,1569409044,0
424,2876,1569409044,0
424,2873,1569409044,0
424,11332,1569409044,0
424,11336,1569409044,0
424,11338,1569409044,0
424,11341,1569409044,0
424,11342,1569409044,0
424,10487,1569409044,0
424,11331,1569409044,0
424,11339,1569409044,0
424,11346,1569409044,0
424,10695,1569409044,0
424,11145,1569409044,0
424,11329,1569409044,0
424,11330,1569409044,0
424,11343,1569409044,0
424,11345,1569409044,0
424,9878,1569409044,0
424,11333,1569409044,0
424,11335,1569409044,0
424,11337,1569409044,0
424,11340,1569409044,0
425,4802,1568976200,1
425,4105,1568976200,0
425,10514,1568976200,0
425,4105,1568976201,0
425,4802,1568976201,1
425,10514,1568976201,0
427,4210,1568970048,0
427,4210,1568970048,1
428,4879,1568961618,0
428,4188,1568961618,0
430,9121,1568898226,1
430,9121,1568933805,0
431,9116,1568804366,0
431,11410,1568804366,0
431,11411,1568804366,0
431,11415,1568804366,0
431,11417,1568804366,0
431,10419,1568804366,0
431,9123,1568804366,0
431,8763,1568804366,0
431,7357,1568804366,0
431,8762,1568804366,0
431,11398,1568804366,1
431,11412,1568804366,0
431,11416,1568804366,0
431,11421,1568804366,0
431,11399,1568804366,1
431,11400,1568804366,1
431,11403,1568804366,0
431,11405,1568804366,0
431,10438,1568804366,0
431,11409,1568804366,0
431,11413,1568804366,0
431,11418,1568804366,0
431,11426,1568804366,0
431,10422,1568804366,0
431,10420,1568804366,0
431,10574,1568804366,0
431,8667,1568804366,0
431,11408,1568804366,0
431,11420,1568804366,0
431,11422,1568804366,0
431,11423,1568804366,0
431,11424,1568804366,0
431,11425,1568804366,0
431,11396,1568804366,0
431,11397,1568804366,1
431,11402,1568804366,0
431,11406,1568804366,0
431,11419,1568804366,-1
431,10421,1568804366,0
431,11401,1568804366,0
431,11404,1568804366,0
431,11407,1568804366,0
431,11414,1568804366,0
431,8763,1568898049,0
433,8900,1568877016,1
433,461,1568877016,1
435,1999,1568729255,-1
435,5454,1568729255,-1
435,4709,1568729255,1
435,1961,1568729255,-1
435,5453,1568729255,0
436,4497,1568726989,0
436,4492,1568726989,0
436,4503,1568726989,0
436,4502,1568726989,0
436,4496,1568726989,0
437,10527,1568726936,0
437,4860,1568726936,0
438,4492,1568711206,0
439,8897,1568710410,1
439,458,1568710410,1
440,11126,1567752781,-1
440,11126,1568707135,1
440,11126,1568707135,1
441,458,1568706503,1
441,8897,1568706503,1
443,1228,1568687430,-1
443,1229,1568687430,-1
443,1228,1568687430,0
443,1229,1568687430,0
443,1229,1568687430,1
443,1228,1568687430,1
445,4756,1568616946,0
445,8886,1568616946,0
445,4756,1568645229,0
445,8886,1568645229,0
445,12022,1568645229,0
445,8886,1568645229,1
445,4756,1568645229,1
445,12022,1568645229,0
446,12025,1568468251,0
446,12026,1568468251,0
446,12025,1568468251,0
447,12028,1568467884,1
448,343,1568379125,1
448,343,1568381467,0
449,5454,1566367654,0
449,5454,1566445456,0
449,8672,1568341707,1
450,368,1568278217,1
450,5818,1568278217,1
450,6258,1568278217,0
450,5736,1568278217,0
451,12029,1568274701,0
451,5818,1568274701,0
451,5737,1568274701,0
454,12033,1568105047,1
454,12032,1568105047,0
454,12030,1568105047,1
454,12031,1568105047,1
454,11126,1568105047,0
454,7359,1568105047,1
454,4427,1568105047,0
454,12032,1568268246,0
454,12033,1568268246,0
454,12030,1568268246,1
454,12031,1568268246,1
455,5736,1568215978,0
455,368,1568215978,0
455,5736,1568215978,0
455,6258,1568215978,0
455,7094,1568215978,0
455,7292,1568215978,0
455,12029,1568215978,0
456,1300,1568192132,0
457,5290,1568190079,0
457,7712,1568190079,0
457,9121,1568190079,1
458,12039,1568187777,0
459,5290,1568125458,0
459,9121,1568125458,0
460,5290,1568116640,1
461,12032,1568112399,0
461,12033,1568112399,0
461,4781,1568112399,0
461,4427,1568112399,0
461,3984,1568112399,0
461,7359,1568112399,-1
461,12030,1568112399,-1
461,12031,1568112399,-1
461,11126,1568112399,0
462,4781,1568107443,0
462,4781,1568107606,0
462,3984,1568107792,0
463,7359,1567794143,0
463,7359,1568014696,1
463,12042,1568014696,1
463,7359,1568016173,1
463,12042,1568016173,1
463,7359,1568035116,-1
464,4133,1567987563,0
464,3965,1567987563,0
464,3958,1567987563,0
464,3964,1567987563,0
464,4355,1567987563,0
466,5383,1567775517,1
466,5384,1567775517,1
467,12043,1567765846,1
469,12049,1567756279,0
469,12050,1567756279,0
469,4184,1567756279,0
469,5298,1567756279,-1
469,4878,1567756279,1
469,4879,1567756279,1
469,557,1567756279,1
469,559,1567756279,1
469,558,1567756279,1
469,12046,1567756279,0
469,12051,1567756279,0
469,12047,1567756279,0
469,12048,1567756279,0
469,12044,1567756279,0
469,12045,1567756279,0
469,12046,1567756279,-1
469,12058,1567756279,0
469,12059,1567756279,0
469,12060,1567756279,0
469,12052,1567756279,0
469,12055,1567756279,0
469,12047,1567756279,0
469,12048,1567756279,0
469,12054,1567756279,0
469,12044,1567756279,0
469,12045,1567756279,0
469,12056,1567756279,0
469,12061,1567756279,0
469,559,1567756279,0
469,558,1567756279,0
469,557,1567756279,0
469,12057,1567756279,0
469,9794,1567756279,0
469,12049,1567756279,0
469,12050,1567756279,0
469,12053,1567756279,0
469,4184,1567756280,0
469,7011,1567756280,0
470,2881,1567755327,1
472,1566,1567680017,0
472,3949,1567680017,0
473,10113,1567667455,0
473,12070,1567667455,1
473,10113,1567667455,1
474,4753,1567653702,0
475,5290,1567648587,1
476,4867,1567626943,0
477,14414,1566284219,0
477,14441,1566284219,0
477,12075,1567598516,0
477,5494,1566284219,0
477,14443,1566284219,0
477,14398,1566284219,0
477,12073,1567598516,0
477,12072,1567598516,0
477,14426,1566284219,0
477,14420,1566284219,0
477,14424,1566284219,0
477,5493,1566284219,0
477,14421,1566284219,0
477,14422,1566284219,0
477,5498,1566284219,0
477,10527,1566284219,-1
477,14392,1566284219,0
477,8858,1566284219,0
477,14427,1566284219,0
477,14412,1566284219,0
477,14403,1566284219,0
477,14415,1566284219,0
477,14427,1566284218,0
477,5496,1566284219,0
477,14429,1566284219,0
477,10574,1566284219,0
477,14432,1566284219,0
477,5495,1566284219,0
477,14386,1566284219,0
477,14386,1566284219,0
477,14428,1566284219,0
477,14431,1566284219,0
477,14409,1566284219,0
477,14401,1566284219,0
477,14440,1566284219,0
477,14406,1566284219,0
477,14387,1566284219,0
477,5501,1566284219,0
477,14444,1566284219,0
477,14447,1566284219,0
477,14445,1566284219,0
477,14405,1566284219,0
477,12076,1566284219,0
477,14446,1566284219,0
477,14393,1566284219,0
477,5492,1566284219,0
477,14411,1566284219,0
477,14427,1566284219,0
477,10527,1567598516,-1
477,5500,1566284219,0
477,5502,1566284219,0
477,14418,1566284218,0
477,14419,1566284219,0
477,11396,1566284219,0
477,8859,1566284219,0
477,14391,1566284219,0
477,10527,1566284218,0
477,14416,1566284218,0
477,14450,1566284218,0
477,14417,1566284219,0
478,2872,1567521690,0
479,29891,1489521523,0
479,10153,1567521246,1
479,12078,1567521246,0
480,8677,1567438039,0
480,6574,1567438039,0
480,3899,1567438039,1
480,12091,1567438039,0
480,12093,1567438039,0
480,517,1567438039,0
480,4216,1567484603,0
480,2768,1567438039,0
480,6652,1567438039,0
480,12097,1567438039,0
480,10061,1567438039,1
480,12136,1567438039,0
480,2774,1567438039,0
480,5863,1567438039,0
480,3976,1567438039,1
480,8712,1567438039,0
480,12084,1567438039,0
480,12104,1567438039,0
480,12106,1567438039,0
480,12103,1567438039,0
480,1567,1567438039,0
480,12096,1567438039,0
480,12111,1567438039,0
480,12119,1567438039,0
480,12092,1567438039,0
480,12114,1567438039,0
480,3898,1567438039,0
480,2769,1567438039,0
480,3878,1567438039,1
480,12099,1567438039,0
480,12131,1567438039,0
480,12118,1567438039,0
480,3973,1567438039,1
480,12079,1567438039,0
480,12100,1567438039,0
480,10380,1567438039,0
480,7730,1567438039,0
480,2792,1567438039,0
480,248,1567438039,0
480,212,1567438039,0
480,544,1567438039,0
480,12116,1567438039,1
480,12085,1567438039,0
480,3975,1567438039,1
480,12109,1567438039,0
480,12080,1567438039,0
480,4217,1567484603,0
480,12123,1567438039,0
480,12121,1567438039,0
480,12098,1567438039,0
480,12113,1567438039,0
480,12125,1567438039,0
480,9104,1567438039,0
480,12108,1567438039,0
480,12107,1567438039,0
480,10156,1567438039,0
480,3957,1567438039,0
480,12094,1567438039,0
480,12101,1567438039,0
480,530,1567438039,0
482,8956,1567434479,0
482,12189,1567434479,0
482,9132,1567434479,0
482,12198,1567434479,0
482,8946,1567434479,0
482,8863,1567434479,-1
482,12158,1567434479,0
482,7482,1567434479,0
482,12246,1567434478,0
482,12190,1567434479,0
482,9212,1567434479,0
482,7423,1567434479,0
482,8957,1567434479,0
482,12153,1567434479,0
482,9830,1567434479,0
482,12165,1567434479,0
482,7436,1567434479,0
482,7428,1567434479,0
482,7426,1567434479,0
482,12139,1567434479,0
482,12167,1567434479,0
482,12196,1567434479,0
482,12220,1567434479,0
482,8962,1567434479,0
482,4000,1567434479,0
482,7431,1567434479,0
482,4092,1567434479,1
482,12156,1567434479,0
482,12203,1567434479,0
482,7483,1567434479,0
482,7460,1567434479,0
482,12193,1567434479,0
482,12210,1567434479,0
482,12143,1567434479,0
482,12194,1567434479,0
482,7527,1567434479,0
482,12234,1567434479,0
482,12241,1567434478,0
482,7434,1567434479,0
482,8868,1567434479,0
482,12141,1567434479,-1
482,9220,1567434479,0
482,12202,1567434479,0
482,10538,1567434479,0
482,12249,1567434478,0
482,12154,1567434479,0
482,8483,1567434479,0
482,4458,1567434478,0
482,8950,1567434479,0
482,7499,1567434479,0
482,9694,1567434479,0
482,12146,1567434479,0
482,12231,1567434479,0
482,12200,1567434479,0
482,12168,1567434479,0
482,9215,1567434479,0
482,12199,1567434479,0
482,8955,1567434479,0
482,12204,1567434479,0
482,2736,1567434478,-1
483,2816,1567434479,0
485,4659,1567404510,0
485,12251,1567404510,1
486,4639,1567238894,0
486,7095,1567238894,0
486,7202,1567238894,0
486,1036,1567238894,0
486,4605,1567238894,0
486,1805,1567238894,1
486,12273,1567238894,-1
486,8474,1567238894,0
486,12272,1567238894,0
486,8570,1567268491,1
486,12261,1567268491,1
486,12265,1567268491,1
486,12266,1567268491,1
486,12263,1567268491,1
486,12269,1567268491,0
486,12262,1567268491,1
486,12270,1567268491,0
486,12271,1567268491,0
486,12267,1567268491,1
486,1875,1567268491,0
486,2079,1567268491,0
486,1999,1567268491,0
486,1961,1567268491,1
486,99,1567268491,1
486,1400,1567268491,1
486,4735,1567268491,0
486,8863,1567268491,1
486,12264,1567268491,1
486,12268,1567268491,0
486,2141,1567327072,0
486,2149,1567327072,1
486,4811,1567327072,0
486,267,1567327072,0
486,9189,1567327072,0
486,4803,1567327072,-1
486,12255,1567330055,1
486,555,1567330055,0
486,2316,1567330055,0
486,2346,1567330055,1
486,4602,1567330055,0
486,4852,1567330055,0
486,12256,1567330055,1
486,7077,1567330055,0
486,12254,1567330055,0
486,12257,1567330055,-1
486,12258,1567330055,1
486,10065,1567330055,1
486,12252,1567331988,0
486,12253,1567331988,1
486,4674,1567331988,0
486,4673,1567331988,0
486,1852,1567331988,1
486,124,1567331988,1
487,12031,1567067241,0
487,4686,1567067241,1
489,4753,1566766402,0
489,12313,1566766402,-1
489,13882,1566766402,0
489,12292,1566766402,0
489,10652,1566766402,0
489,12905,1566766402,0
489,14337,1566766402,1
489,14201,1566766402,0
489,13595,1566766402,0
489,12869,1566766402,0
489,2347,1566766402,0
489,3950,1566766402,0
489,10640,1566766402,0
489,12672,1566766402,0
489,12923,1566766402,0
489,12945,1566766402,0
489,13961,1566766402,0
489,12648,1566766402,0
489,14339,1566766402,0
489,13525,1566766402,0
489,13241,1566766402,0
489,13991,1566766402,0
489,12481,1566766402,0
489,13341,1566766402,0
489,12623,1566766402,0
489,12660,1566766402,0
489,12656,1566766402,0
489,14366,1566766402,0
489,13488,1566766402,0
489,13503,1566766402,0
489,13055,1566766402,0
489,11091,1566766402,0
489,12312,1566766402,-1
489,13652,1566766402,0
489,13518,1566766402,0
489,13155,1566766402,0
489,12317,1566766402,-1
489,14046,1566766402,0
489,13504,1566766402,0
489,12746,1566766402,0
489,10642,1566766402,0
489,13475,1566766402,0
489,3922,1566766402,0
489,14149,1566766402,0
489,10712,1566766402,0
489,13229,1566766402,0
489,1558,1566766402,0
489,12752,1566766402,0
489,14158,1566766402,0
489,14005,1566766402,0
489,13819,1566766402,0
489,13054,1566766402,0
489,14277,1566766402,0
489,12291,1566766402,-1
489,4105,1566766402,0
489,11050,1566766402,0
489,13280,1566766402,0
489,13308,1566766402,0
489,13374,1566766402,0
489,13859,1566766402,0
490,12427,1566733360,1
490,29,1566733360,1
490,10684,1566733360,1
490,2814,1566733360,0
490,2389,1566733360,0
490,11835,1566733360,0
490,12427,1566733360,0
490,12427,1566741831,0
491,12408,1566555928,0
491,3948,1566555928,-1
491,10297,1566555928,0
491,4427,1566555928,0
491,4764,1566555928,1
491,10538,1566555928,1
491,12359,1566555928,0
491,14378,1566555928,0
491,9222,1566555928,0
491,12348,1566555928,0
491,4618,1566555928,0
491,12352,1566555928,0
491,12325,1566555928,0
491,7256,1566555928,-1
491,5370,1566555928,0
491,12365,1566555928,0
491,12364,1566555928,0
491,12167,1566555928,0
491,191,1566555928,0
491,12362,1566555928,1
491,8680,1566555928,1
491,2733,1566555928,0
491,12353,1566555928,-1
491,4210,1566580806,0
491,12347,1566555928,0
491,555,1566555928,0
491,12155,1566555928,0
491,12313,1566555928,1
491,3888,1566555928,0
491,3887,1566555928,-1
491,4746,1566555928,0
491,7714,1566555928,0
491,4207,1566555928,0
491,7007,1566555928,0
491,8044,1566555928,0
491,6296,1566555928,0
491,14377,1566642060,0
491,10882,1566555928,1
491,12323,1566555928,-1
491,415,1566555928,-1
491,12355,1566555928,-1
491,12299,1566555928,1
491,7272,1566581453,-1
491,4104,1566555928,0
491,4067,1566555928,0
491,3890,1566555928,-1
491,12290,1566555928,0
491,444,1566555928,0
491,7225,1566555928,0
491,12284,1566717197,0
491,4347,1566555928,-1
491,5658,1566555928,0
491,5805,1566555928,0
491,12345,1566555928,0
491,323,1566555928,1
491,3960,1566555928,0
491,3964,1566555928,0
491,4617,1566555928,0
491,7166,1566555928,0
491,7618,1566555928,0
492,7053,1566452212,0
492,4070,1566630197,0
492,12023,1566630197,0
492,9014,1566630197,0
492,9031,1566630197,0
493,10986,1566593122,0
493,10065,1566593122,1
494,719,1566590583,0
494,11694,1566590583,1
494,11692,1566590583,-1
494,11692,1566591424,0
495,10894,1566489034,0
495,6185,1566489034,0
495,9968,1566497172,0
495,10476,1566497172,1
495,9981,1566497173,1
495,1046,1566497173,0
495,11080,1566497173,0
495,10894,1566497173,0
495,10894,1566560375,0
495,10812,1566560375,0
496,9134,1566547401,1
496,9131,1566547401,-1
496,9138,1566547401,1
496,483,1566547401,1
497,8299,1566488458,1
497,4654,1566488458,0
498,13151,1566370288,0
498,12430,1566370288,1
498,12430,1566370288,0
499,4200,1566240624,0
499,4867,1566240624,0
499,4170,1566240624,0
500,14454,1566195984,0
500,638,1566195984,0
500,14476,1566081061,0
500,14475,1566081061,0
500,10614,1566081061,-1
500,7888,1566081061,0
500,14459,1566081061,0
500,9787,1566195984,0
500,9786,1566195984,0
500,5478,1566195984,0
500,9090,1566195984,-1
500,14501,1566081061,0
500,9944,1566195984,0
500,14483,1566081061,0
500,8762,1566195984,0
500,14485,1566081061,0
500,2102,1566081061,0
500,14478,1566195984,-1
500,11421,1566195984,0
500,643,1566195984,0
500,11404,1566081061,0
500,14493,1566081061,0
500,5726,1566195984,0
500,14455,1566195984,0
500,9929,1566195984,0
500,14498,1566195984,0
500,14490,1566195984,0
500,14407,1566195984,0
500,9926,1566081061,0
500,7656,1566081061,0
500,14480,1566081061,0
500,14463,1566081061,0
500,9784,1566195984,0
500,14496,1566081061,0
500,14457,1566195984,0
500,14477,1566081061,0
500,14482,1566195984,0
500,535,1566195984,0
500,14503,1566081061,0
500,14483,1566195984,0
500,14471,1566195984,0
500,9932,1566195984,0
500,14506,1566195984,0
500,14452,1566195984,0
500,14453,1566195984,0
500,14497,1566081061,0
500,14474,1566195984,0
500,9926,1566195984,0
500,14492,1566081061,0
500,9114,1566081061,1
500,14516,1566195984,0
500,14486,1566195984,0
500,14491,1566081061,0
500,14510,1566195984,0
500,10574,1566081061,0
500,9940,1566195984,0
500,14452,1566081061,0
500,9114,1566195984,0
500,9932,1566081061,0
500,133,1566081061,0
501,9134,1565847811,1
501,9134,1565847811,0
501,9138,1565847811,-1
501,9134,1565847811,0
501,9134,1565847811,1
501,9138,1565847811,1
502,14517,1565765552,0
502,4206,1565765552,-1
502,10686,1565768325,0
502,6833,1565768325,0
503,6490,1565765552,0
503,6791,1565765552,0
503,6940,1565765552,0
503,6496,1565765552,0
503,6522,1565765552,0
503,6654,1565765552,0
503,14530,1565765447,0
503,7045,1565765552,0
503,14521,1565765552,0
503,6906,1565765552,0
503,10811,1565765447,-1
503,6593,1565765552,0
503,6288,1565765552,0
503,6889,1565765552,-1
503,6399,1565765552,0
503,6314,1565765552,0
503,6601,1565765552,0
503,6220,1565765552,0
503,6502,1565765552,0
503,6672,1565765552,0
503,6468,1565765552,0
503,6375,1565765552,0
503,6757,1565765552,0
503,6885,1565765552,0
503,6240,1565765552,0
503,6498,1565765552,0
503,10475,1565765552,1
503,6500,1565765552,0
503,6595,1565765552,0
503,6187,1565765552,0
503,4213,1565765552,-1
503,6438,1565765552,0
503,14526,1565765447,0
503,14526,1565765447,0
503,6605,1565765552,0
503,13734,1565765447,0
503,6891,1565765552,0
503,6603,1565765552,0
503,6472,1565765552,0
503,6920,1565765552,0
503,6211,1565765552,0
503,6262,1565765552,0
503,10855,1565765446,0
503,6587,1565765552,0
503,6817,1565765552,0
503,6735,1565765552,0
503,6518,1565765552,0
503,10769,1565765447,0
503,6650,1565765552,0
503,6270,1565765552,0
503,6397,1565765552,0
503,10811,1565765447,1
503,14527,1565765447,0
503,6183,1565765552,0
503,14526,1565765447,0
503,6486,1565765552,0
503,10756,1565765447,0
503,6749,1565765552,0
503,10785,1565765447,-1
503,6393,1565765552,0
504,4743,1565765188,0
504,7294,1565765188,1
505,487,1565670280,1
505,9136,1565670280,0
505,9132,1565670280,1
505,9129,1565670280,0
506,14533,1565670197,0
506,14534,1565670197,1
506,9174,1565670197,1
506,10514,1565670197,0
506,6833,1565670197,0
506,7154,1565670197,1
506,7153,1565670197,0
506,4105,1565670197,0
507,10591,1565603839,1
509,10591,1565603839,-1
509,10662,1565603839,-1
510,2087,1565603839,-1
510,2088,1565603839,1
511,10591,1565603839,0
511,10662,1565603839,-1
511,10686,1565603839,0
512,10591,1565603839,1
512,2088,1565603839,-1
513,10591,1565603839,0
513,2088,1565603839,0
514,6666,1565448003,0
514,3877,1565448003,0
514,4028,1565448003,0
514,3879,1565448003,0
514,446,1565448003,0
514,6666,1565454142,0
514,3877,1565454142,0
514,446,1565454142,0
514,3879,1565454142,0
514,4028,1565454142,0
515,4187,1565417534,0
515,4877,1565417534,1
515,14541,1565417534,1
516,10882,1565356899,1
516,14330,1565356899,0
516,10548,1565356899,1
516,10883,1565356899,1
516,10884,1565356899,1
516,10885,1565356899,1
516,11694,1565356899,1
516,14332,1565356899,0
516,14333,1565356899,1
516,10881,1565356899,1
516,14331,1565356899,0
516,2812,1565356899,1
516,4444,1565356899,1
516,2813,1565356899,1
516,323,1565356899,1
516,583,1565356899,1
516,2814,1565356899,1
516,2815,1565356899,1
516,10025,1565356899,1
516,11136,1565356899,1
516,5727,1565356899,0
516,7177,1565356899,1
516,5920,1565360111,1
516,2814,1565360866,0
516,5920,1565379852,1
516,2814,1565379852,1
517,4160,1565084181,0
517,2211,1565356899,1
517,10477,1564657160,0
517,9683,1565181520,0
517,3965,1565084181,0
517,9684,1565181520,0
517,4153,1565084181,0
517,4185,1565084181,0
517,3881,1565084181,0
517,221,1565262938,0
517,15587,1564998485,0
517,3884,1564657661,0
517,5089,1565181520,0
517,3999,1564998485,0
517,4001,1564654827,0
517,10538,1565084182,0
517,4015,1565084181,0
517,1043,1565262937,0
517,15419,1565015173,0
517,3958,1565084181,0
517,15591,1564998485,0
517,1305,1565181520,0
517,7053,1565015173,0
517,14594,1565262937,0
517,9678,1565015173,0
517,4388,1565356899,1
517,4190,1565084181,0
517,14592,1565262937,0
517,8654,1565015173,0
517,7357,1564657076,0
517,15586,1564998485,0
517,14488,1564585613,1
517,9937,1564585613,0
517,4031,1565084181,0
517,8652,1565015173,0
517,14590,1565262938,0
517,8662,1565181520,0
517,10983,1565262937,0
517,3999,1565084181,0
517,14591,1565262937,0
517,8663,1565181520,0
517,1311,1565181520,0
517,2080,1565084182,0
517,4150,1565084181,0
517,8651,1565015173,0
517,222,1565262938,0
517,5456,1565262936,0
517,15583,1564998486,0
517,1300,1565262938,0
517,8653,1565015173,0
517,16085,1564656339,0
517,10469,1565262938,0
517,4169,1565084181,0
517,8660,1565181520,0
517,14543,1565356899,0
517,7052,1565262938,-1
517,4034,1565084181,0
517,4168,1565084181,0
517,223,1565262938,0
517,8658,1565181520,0
518,5795,1565343764,0
518,5796,1565343764,0
518,5797,1565343764,0
518,5781,1565343764,-1
518,5789,1565343764,0
518,5791,1565343764,0
518,5793,1565343764,0
518,4537,1565343764,0
518,1375,1565343764,0
518,5792,1565343764,0
518,5801,1565343764,0
518,5484,1565343764,0
518,5799,1565343764,0
518,5800,1565343764,0
518,4160,1565343764,0
518,5590,1565343764,0
518,5798,1565343764,0
518,5780,1565343764,0
518,5794,1565343764,0
518,6036,1565343764,0
518,6037,1565343764,0
518,5790,1565343764,0
518,215,1565343764,0
518,220,1565343764,0
518,1377,1565343764,0
518,3,1565343764,0
518,216,1565343764,0
518,218,1565343764,0
519,12157,1565341297,0
519,14544,1565341297,0
519,14558,1565341297,-1
519,14545,1565341297,1
519,5224,1565341297,0
519,9741,1565341297,0
519,4168,1565341297,0
519,4169,1565341297,0
519,4167,1565341297,0
519,3875,1565341297,0
521,4824,1565245177,-1
521,2235,1565245177,0
521,12922,1565245177,0
521,12982,1565245177,0
521,14963,1565245177,0
521,12915,1565245177,0
523,10591,1565203059,0
523,10686,1565203059,0
523,10587,1565203059,0
525,6666,1565171965,0
525,4028,1565171965,0
525,2010,1565171965,0
525,446,1565171965,0
525,6177,1565171965,0
525,3879,1565171965,1
526,4602,1565166651,1
526,6872,1565166651,0
527,6745,1565161094,0
527,98,1565161094,1
527,4067,1565161094,0
528,1561,1565096879,1
528,1558,1565096879,0
528,94,1565096879,0
528,13746,1565096879,0
528,10695,1565096879,0
528,15242,1565096879,0
528,15238,1565157961,0
529,4425,1565154841,1
529,95,1565154841,0
529,10701,1565154841,1
529,10021,1565154841,0
530,7837,1565148732,1
530,4563,1565148732,0
531,4109,1565118727,0
531,9189,1565118727,0
532,7356,1565103806,1
532,7358,1565103806,-1
535,570,1565083067,1
535,13970,1565083067,1
535,15411,1565083067,0
535,11703,1565083067,1
535,570,1565083276,1
535,11703,1565083276,1
537,10113,1565078632,1
537,3958,1565078632,0
537,4355,1565078632,1
537,415,1565078633,0
537,1876,1565078633,0
537,4453,1565078633,0
537,4454,1565078633,0
537,3965,1565078633,0
538,4351,1565010823,0
538,13564,1565010823,0
538,15562,1565010823,0
538,13560,1565010823,0
538,13560,1565020860,1
538,5863,1565020860,0
538,4351,1565020860,1
538,719,1565020860,0
538,190,1565020860,0
538,191,1565020860,0
538,29,1565020860,1
538,4337,1565020860,1
538,4350,1565020860,0
538,4335,1565020860,1
538,4336,1565071955,0
539,9845,1565068838,-1
539,15414,1565068838,0
539,29,1565068838,0
541,9701,1565009898,0
543,4743,1564997587,1
544,4347,1564755611,1
544,4347,1564755611,1
544,4347,1564755611,1
544,3924,1564755611,0
544,395,1564755611,0
544,12594,1564755611,0
544,12866,1564755611,0
544,4347,1564755611,-1
544,395,1564755611,0
544,4347,1564755611,-1
544,16359,1564755611,0
544,4860,1564757156,1
544,4860,1564902489,0
544,15643,1564989999,0
546,16363,1564846787,0
546,16047,1564846787,0
546,13645,1564846787,-1
546,16438,1564846787,-1
546,7259,1564846787,-1
546,11738,1564846787,-1
546,16716,1564846787,-1
546,11697,1564846787,0
546,13944,1564846787,0
546,2931,1564846787,-1
546,16014,1564846787,-1
546,16549,1564846787,-1
546,16670,1564846787,-1
546,13519,1564846787,0
546,7720,1564846787,0
546,15750,1564846787,0
546,11757,1564846787,0
546,15706,1564846787,-1
546,15819,1564846787,0
546,14514,1564846787,-1
546,9213,1564846787,-1
546,15829,1564846787,0
546,16250,1564846787,-1
546,433,1564846787,-1
546,14317,1564846787,0
546,5522,1564846787,0
546,4354,1564846787,-1
546,16225,1564846787,-1
546,16602,1564846787,-1
546,16898,1564846787,-1
546,9638,1564846787,-1
546,15775,1564846787,0
546,8659,1564846787,-1
546,15944,1564846787,-1
546,4678,1564846787,0
546,15516,1564846787,0
546,17185,1564846787,-1
546,15805,1564846787,0
546,16758,1564846787,-1
546,16389,1564846787,0
546,15796,1564846787,0
546,16057,1564846787,0
546,8363,1564846787,0
546,16920,1564846787,-1
546,15760,1564846787,0
546,16085,1564846787,-1
546,17181,1564846787,0
546,15936,1564846787,0
546,16854,1564846787,0
546,5608,1564846787,0
546,10711,1564846787,-1
546,15752,1564846787,0
546,16585,1564846787,-1
546,13883,1564846787,0
546,8016,1564846787,0
546,4655,1564846787,-1
546,14245,1564846787,-1
546,8872,1564846787,0
546,16169,1564846787,-1
546,13918,1564846787,0
547,14876,1564483597,0
547,10397,1564555240,0
547,5831,1564493177,0
547,10438,1564555056,0
547,10519,1564493791,0
547,12222,1564664187,-1
547,9803,1564749980,0
547,1573,1564500042,-1
547,17209,1564754746,0
547,752,1564749585,-1
547,17519,1564492907,0
547,14937,1564483597,0
547,15172,1564486451,1
547,14855,1564483597,0
547,17325,1564651850,-1
547,15194,1564487125,0
547,10519,1564493755,-1
547,751,1564749585,-1
547,9376,1564562795,-1
547,14918,1564483597,0
547,15228,1564487125,0
547,17307,1564667554,0
547,16871,1564669755,0
547,17327,1564640668,-1
547,15194,1564486451,1
547,750,1564749585,-1
547,14861,1564483597,0
547,7810,1564671724,0
547,9332,1564558065,0
547,17517,1564495312,0
547,9334,1564558027,1
547,9331,1564558065,0
547,15196,1564486451,0
547,9655,1564664187,-1
547,17514,1564500042,-1
547,17306,1564667956,1
547,15375,1564497403,0
547,14861,1564483597,0
547,9733,1564727588,-1
547,14855,1564483597,0
547,7817,1564671724,0
547,9804,1564749980,0
547,7811,1564671573,1
547,9806,1564749980,0
547,15198,1564486451,0
547,17513,1564501767,1
547,9801,1564749980,0
547,17320,1564651850,-1
547,16847,1564664187,-1
547,11422,1564748679,-1
547,5554,1564671573,1
547,17308,1564666702,0
547,15580,1564556204,0
547,14822,1564483597,0
547,10422,1564555240,0
547,17318,1564651850,-1
547,17317,1564651850,-1
547,15228,1564486451,0
547,15580,1564556069,1
547,5556,1564671724,0
550,17326,1564650114,1
551,13275,1564644454,0
551,567,1564644454,1
552,29,1564644377,0
554,12968,1564597132,-1
555,17493,1564585101,0
555,17494,1564585101,0
555,17492,1564585101,0
556,17496,1564576097,0
556,4579,1564581081,0
556,53,1564581081,-1
556,13337,1564581112,0
558,10746,1564575893,0
559,7053,1564567420,0
559,1612,1564567420,-1
559,5850,1564567420,-1
559,17497,1564567420,-1
559,3875,1564569773,0
561,11030,1564541623,1
561,16994,1564541623,0
561,10782,1564541623,0
561,4890,1564541623,1
561,5481,1564541623,-1
561,5481,1564544473,-1
562,6170,1564482657,0
562,4460,1564482657,0
562,1164,1564482657,0
562,1169,1564482657,0
562,1171,1564482657,-1
562,1163,1564482657,0
562,1166,1564482657,0
562,1233,1564482657,0
562,1312,1564482657,0
562,1371,1564482657,0
562,1165,1564482657,0
562,1173,1564482657,0
562,1178,1564482657,0
562,8176,1564482657,-1
562,8179,1564482657,0
562,8173,1564482657,-1
562,17523,1564482657,0
562,17524,1564482657,0
562,17532,1564482657,0
562,17527,1564482657,0
562,17529,1564482657,0
562,17533,1564482657,0
562,17535,1564482657,0
562,17525,1564482657,0
562,17551,1564482657,-1
562,17526,1564482657,0
562,17531,1564482657,0
562,8174,1564482657,-1
562,8193,1564482657,-1
562,1172,1564543427,0
563,13170,1564494028,1
563,10696,1564494028,0
563,10699,1564494028,1
563,10810,1564494028,0
564,7183,1564471205,0
564,4614,1564471205,0
564,12296,1564471205,0
564,7085,1564471205,0
564,17552,1564471205,0
564,17556,1564471205,0
564,12295,1564471205,0
564,12294,1564471205,0
564,12292,1564471205,0
564,12313,1564471205,0
564,12293,1564471205,0
564,12297,1564471205,0
564,10357,1564471205,0
564,17558,1564471205,0
564,17140,1564471205,0
564,17553,1564471205,0
564,17554,1564471205,0
564,17557,1564471205,0
564,17555,1564471205,0
564,12312,1564471205,0
564,12351,1564471205,0
565,2881,1564415048,0
566,6859,1562511107,0
566,14377,1562511107,1
566,10487,1562586358,1
566,17790,1562586358,0
566,7356,1562586358,0
566,9966,1562586358,0
566,4485,1562586358,0
566,2881,1562586358,0
566,17563,1564398446,0
568,17536,1564211859,0
568,8174,1564211859,-1
568,17540,1564211859,0
568,17538,1564211859,0
568,17539,1564211859,0
568,5306,1564211859,0
568,7366,1564211859,0
568,2390,1564211859,-1
568,2389,1564211859,-1
568,8176,1564211859,-1
568,10305,1564211859,-1
568,14319,1564211859,0
568,17537,1564211859,0
568,17541,1564211859,0
568,17542,1564211859,0
568,17543,1564211859,0
568,17520,1564211859,0
568,17547,1564211859,0
568,9724,1564214937,0
568,8125,1564214937,-1
568,17573,1564214937,0
568,17572,1564214937,0
568,17551,1564214937,-1
568,16886,1564214937,0
568,17550,1564214937,-1
568,16887,1564214937,0
568,17563,1564214937,-1
568,17567,1564215163,0
569,17600,1564144543,0
569,17603,1564144543,0
569,10705,1564144543,0
569,11727,1564144543,1
569,12431,1564144543,1
569,10712,1564144543,1
569,17601,1564144543,0
569,17602,1564144543,0
569,10795,1564144543,0
569,16499,1564144543,1
569,8118,1564144543,1
569,11123,1564144543,0
569,11126,1564144543,0
569,10706,1564144543,0
569,540,1564144543,0
569,4254,1564144543,1
569,10793,1564144543,0
569,17600,1564144543,0
569,10795,1564144543,1
569,10795,1564144543,-1
569,10706,1564144543,1
569,389,1564211957,1
569,7366,1564211957,0
569,8193,1564211957,1
570,5726,1564150338,1
570,5725,1564150338,1
570,4647,1564150338,1
570,12314,1564150338,0
571,8042,1564150153,1
571,4628,1564150153,0
572,10518,1564149945,0
574,4860,1564130506,0
575,15241,1564127599,0
575,13101,1564127599,-1
575,4910,1564127599,0
575,4565,1564127599,-1
575,53,1564127599,-1
575,31,1564127599,0
575,14095,1564127599,0
575,13616,1564127599,0
575,17617,1564127599,-1
575,4351,1564127599,0
575,16679,1564127599,0
575,17608,1564127599,0
575,4424,1564127599,-1
575,4364,1564127599,0
575,17629,1564127599,0
575,10715,1564127599,-1
575,4887,1564127599,0
575,14096,1564127599,0
575,14089,1564127599,0
575,14171,1564127599,0
575,4060,1564127599,0
575,9855,1564127599,0
575,17044,1564127599,-1
575,5426,1564127599,0
575,13572,1564127599,0
575,10715,1564127599,0
575,16359,1564127599,0
575,13003,1564127599,0
575,17632,1564127599,0
575,4359,1564127599,0
575,12890,1564127599,0
575,10086,1564127599,0
575,12888,1564127599,0
575,17631,1564127599,0
575,12889,1564127599,0
575,17622,1564127599,0
575,17620,1564127599,0
575,9989,1564127599,0
575,13068,1564127599,0
575,5524,1564127599,0
575,17626,1564127599,0
575,17635,1564127599,-1
575,17615,1564127599,0
575,17611,1564127599,0
575,476,1564127599,0
575,4661,1564127599,-1
575,17612,1564127599,-1
575,5425,1564127599,0
575,12916,1564127599,0
575,4903,1564127599,-1
575,17607,1564127599,0
575,6038,1564127599,0
575,14090,1564127599,0
575,13643,1564127599,0
575,16544,1564127599,1
575,14091,1564127599,0
575,12868,1564127599,-1
575,5520,1564127599,0
575,17610,1564127599,-1
575,13510,1564127599,0
576,445,1563521941,0
576,17688,1563521941,1
576,15659,1564127599,0
576,445,1564127599,0
577,10612,1563534245,1
577,10613,1563542763,1
577,10613,1564071237,-1
577,10612,1564071237,-1
579,6757,1563983085,0
579,6837,1563983085,0
579,6872,1563983085,0
579,7027,1563983085,0
579,7005,1563983085,0
579,7023,1563983085,0
579,6877,1563983085,0
579,7052,1563983085,1
579,7167,1563983085,0
579,6413,1563983085,0
579,6414,1563983085,0
579,6454,1563983085,0
579,6652,1563983085,0
579,7166,1563983085,0
579,6839,1563983085,0
579,6452,1563983085,0
579,3948,1563983085,0
581,16125,1563865647,-1
581,505,1563865647,0
581,8319,1563865647,-1
581,8357,1563865647,1
581,4337,1563865647,0
581,15548,1563865647,-1
581,501,1563865647,0
581,12433,1563865647,-1
581,4743,1563865647,-1
581,15870,1563865647,-1
581,17646,1563865647,0
581,17653,1563865647,-1
581,10365,1563865647,0
581,17657,1563865647,-1
581,190,1563865647,0
581,17650,1563865647,0
581,719,1563865647,-1
581,4331,1563865647,0
581,13908,1563865647,-1
581,17652,1563865647,-1
581,504,1563865647,0
581,6666,1563865647,0
581,13077,1563865647,-1
581,4335,1563865647,0
581,14154,1563865647,-1
581,496,1563865647,0
581,17660,1563865647,-1
581,17667,1563865647,1
581,15868,1563865647,-1
581,12446,1563865647,-1
581,5863,1563865647,0
581,17654,1563865647,-1
581,5426,1563865647,-1
581,4336,1563865647,0
581,508,1563865647,-1
581,3877,1563865647,-1
581,14155,1563865647,-1
581,6183,1563865647,0
581,94,1563865647,-1
581,17659,1563865647,-1
581,10829,1563865647,-1
581,17662,1563865647,-1
581,4420,1563865647,0
581,4028,1563865647,-1
581,9395,1563865647,0
581,446,1563865647,0
581,3879,1563865647,-1
581,17649,1563865647,-1
581,491,1563865647,0
581,4544,1563865647,0
581,495,1563865647,0
581,494,1563865647,0
581,8369,1563865647,-1
581,11052,1563865647,-1
581,4654,1563865647,-1
581,2010,1563865647,-1
581,13072,1563865647,-1
581,191,1563865647,0
581,17185,1563865647,-1
581,16769,1563865647,-1
583,17263,1563785897,0
583,17286,1563785897,0
584,5299,1563521749,0
584,9827,1563521749,0
584,9828,1563521749,1
584,9830,1563521749,1
584,9829,1563521749,1
584,5299,1563521749,1
584,5299,1563521749,-1
586,3949,1563462964,0
586,1566,1563462964,-1
586,273,1563462964,0
586,1567,1563462964,-1
586,1564,1563462964,0
586,271,1563462964,0
586,278,1563462964,0
586,274,1563462964,-1
586,275,1563462964,0
587,4903,1563439730,0
587,4579,1563439730,-1
587,29,1563439730,0
587,4905,1563439730,-1
587,4323,1563439730,1
588,17691,1563436646,0
588,12365,1563436646,1
588,16338,1563436646,0
588,17690,1563436646,0
588,16338,1563436646,0
590,4170,1562653685,0
590,5814,1562653685,-1
590,4867,1562653685,-1
590,2316,1562653685,0
590,4200,1562653685,0
590,17789,1562653685,0
590,4200,1562653685,0
590,5476,1562653685,0
590,4868,1562653685,-1
590,4867,1562653685,1
590,4170,1562653685,1
590,5814,1562653685,1
590,14965,1562653685,0
590,5476,1562654144,0
590,4868,1563424131,0
590,5476,1563424131,-1
590,17693,1563424131,0
591,1567,1563361097,-1
591,17695,1563361097,0
591,273,1563361097,0
591,275,1563361097,0
591,1567,1563361097,0
591,272,1563361097,-1
591,274,1563361097,1
591,1566,1563361097,-1
592,2390,1563355793,1
593,16486,1563343671,0
593,16544,1563343671,0
598,4686,1562924605,0
598,12033,1562924605,0
598,12033,1562924606,0
598,4686,1562924606,0
598,12030,1562924606,0
598,12031,1562924606,0
598,6458,1562924606,0
598,15926,1562924606,0
598,4686,1562924606,1
598,4686,1562924606,0
598,12030,1562924606,-1
598,8524,1562924606,0
598,8524,1562924606,0
598,12030,1562924606,-1
598,12031,1562924606,0
598,12031,1562924606,1
598,12033,1562924606,-1
598,12033,1562924606,1
598,12032,1562924606,0
598,12032,1562924606,-1
598,15926,1562924606,-1
598,15926,1562924606,0
598,4686,1562924606,0
598,8524,1562924606,0
598,12032,1562924606,0
598,4686,1562924606,-1
598,12030,1562924606,1
598,8524,1562924606,0
599,10074,1562886171,0
599,10074,1562924359,0
600,15115,1562859082,0
600,10410,1562859082,1
600,10065,1562859082,0
600,520,1562859082,0
600,555,1562859082,0
600,17758,1562859082,0
600,17759,1562859082,0
601,520,1562853738,0
601,17758,1562853738,0
601,17759,1562853738,0
602,17760,1562842528,1
602,555,1562842528,0
602,4180,1562842528,0
602,4101,1562842528,0
602,4143,1562842528,0
602,4797,1562842528,0
602,5370,1562842528,0
602,5369,1562842528,0
602,5813,1562842528,0
602,15993,1562842528,0
602,8263,1562842528,0
602,8542,1562842528,0
603,16433,1562667429,-1
603,4331,1562667429,-1
603,110,1562667429,0
603,124,1562667429,0
603,12203,1562667429,0
603,17762,1562667429,0
603,8538,1562667429,-1
603,4067,1562667429,0
603,17768,1562667429,-1
603,17613,1562667429,1
603,17773,1562513946,-1
603,17775,1562667429,-1
603,16080,1562667429,0
603,9647,1562667429,0
603,4313,1562667429,0
603,8970,1562667429,0
603,5408,1562667429,-1
603,5426,1562667429,-1
603,16899,1562667429,0
603,12210,1562667429,0
603,15412,1562667429,-1
603,4330,1562667429,-1
603,17770,1562667429,1
603,12186,1562667429,0
603,8945,1562667429,-1
603,15856,1562667429,0
603,12190,1562667429,0
603,8375,1562667429,0
603,9326,1562667429,1
603,5814,1562667429,1
603,15857,1562667429,0
603,12209,1562667429,0
603,12187,1562667429,0
603,510,1562667429,-1
603,17764,1562667429,0
603,16105,1562667429,0
603,8373,1562667429,0
603,17793,1562513946,-1
603,17767,1562667429,-1
603,10715,1562667429,0
603,12185,1562667429,0
603,17765,1562667429,-1
603,10305,1562667429,-1
603,17625,1562667429,0
603,9638,1562667429,0
603,8947,1562667429,0
603,99,1562667429,1
603,6745,1562667429,0
603,8371,1562667429,0
603,4357,1562667429,-1
603,12206,1562667429,0
603,10716,1562667429,0
603,17607,1562667429,1
603,16118,1562667429,-1
603,7053,1562667429,0
603,17763,1562667429,-1
603,8299,1562667429,1
603,4765,1562667429,-1
603,5411,1562667429,-1
603,5808,1562667429,1
606,12132,1562494752,1
606,572,1562494752,1
606,7517,1562497800,0
606,7631,1562497800,0
607,10700,1562489081,1
608,10719,1562399789,1
608,4347,1562399789,0
608,10719,1562400785,0
608,12449,1562400785,1
610,16014,1562344976,0
611,10697,1562325180,1
611,17797,1562329043,0
612,7984,1562248972,0
612,7993,1562248972,-1
612,7987,1562248972,0
612,7969,1562248972,0
612,7979,1562248973,0
612,8008,1562248973,0
612,7996,1562248973,0
612,7974,1562248973,0
612,8003,1562248973,0
612,6222,1562323165,0
612,7935,1562323165,0
612,352,1562323165,0
612,3926,1562323165,0
612,6220,1562323165,0
612,7929,1562323165,0
612,3920,1562323165,0
612,7962,1562323275,0
612,6226,1562323275,0
612,6228,1562323318,0
612,7968,1562323318,0
612,7973,1562323339,0
612,6230,1562323339,0
612,6232,1562323362,0
612,7978,1562323362,0
612,4039,1562323362,0
612,6236,1562323362,0
612,6234,1562323362,0
612,7986,1562323362,0
612,7983,1562323362,0
612,6238,1562323382,0
612,7995,1562323382,0
612,6240,1562323383,0
612,5722,1562323383,0
612,6242,1562323401,0
612,8002,1562323401,0
612,7759,1562323420,0
612,6246,1562323420,0
612,4119,1562323420,0
612,4126,1562323420,0
612,8022,1562323420,0
612,6244,1562323420,0
612,8007,1562323420,0
612,8037,1562323421,0
612,8040,1562323421,0
612,6250,1562323421,0
612,4141,1562323421,0
612,6252,1562323421,0
612,4132,1562323421,0
612,6256,1562323421,0
612,4120,1562323421,0
612,8055,1562323421,0
612,6254,1562323421,0
612,8044,1562323421,0
612,4152,1562323421,0
614,4106,1562317452,0
614,3932,1562317452,0
614,3882,1562316380,0
614,4145,1562316380,0
614,4030,1562317452,0
614,4061,1562316380,0
614,3880,1562316380,0
614,4160,1562316380,1
614,4152,1562317452,0
614,4107,1562317452,0
614,10297,1562316380,0
614,4110,1562317452,0
614,3979,1562316380,0
614,4087,1562316380,1
614,3937,1562316380,0
614,3884,1562317452,0
614,4054,1562316380,0
614,3920,1562316380,0
614,4178,1562316380,0
614,4120,1562316380,0
614,3939,1562317452,0
614,4185,1562317452,0
614,2868,1562317452,0
614,4051,1562317452,0
614,3934,1562316380,0
614,3965,1562316380,0
614,4067,1562317452,0
614,4053,1562316380,0
614,4150,1562316380,0
614,3892,1562316380,0
614,3952,1562317452,0
614,3991,1562316380,0
614,4028,1562317452,0
614,3991,1562317452,0
614,3988,1562317452,0
614,4015,1562317452,0
614,4075,1562317452,0
614,4158,1562316380,0
614,3896,1562317452,0
614,4012,1562317452,0
614,4072,1562316380,0
614,3904,1562317452,0
614,4096,1562317452,0
614,4023,1562316380,1
614,3903,1562317452,0
614,4133,1562317452,0
614,3939,1562316380,0
614,3984,1562317452,0
614,4156,1562317452,0
614,4190,1562316380,1
614,3916,1562316380,0
614,4167,1562317452,0
614,4020,1562317452,0
614,3976,1562316380,0
614,4171,1562316380,0
614,4014,1562316380,0
614,4137,1562316380,0
614,4047,1562317452,0
614,3883,1562317452,0
614,4105,1562317452,0
615,17800,1562316336,0
615,5618,1562316336,1
615,6944,1562316336,1
615,4153,1562316336,0
615,2288,1562316336,1
615,17799,1562316336,-1
615,17798,1562316336,1
615,17801,1562316336,1
616,14533,1562307611,0
616,9174,1562307611,0
616,4802,1562307611,0
616,17802,1562314384,1
616,17803,1562314384,0
616,4105,1562314384,1
616,7153,1562314384,0
616,4802,1562314384,1
616,14533,1562314384,-1
616,14534,1562314384,0
616,9174,1562314384,0
617,17808,1562271535,0
617,16502,1562271535,-1
617,10647,1562271535,0
617,10724,1562271535,0
617,10657,1562271535,1
617,10641,1562271535,1
617,10666,1562271535,-1
617,10640,1562271535,1
617,10587,1562271535,-1
617,7819,1562271535,1
617,10639,1562271535,1
617,10667,1562271535,-1
617,10668,1562271535,-1
617,10680,1562271535,-1
617,10548,1562271535,1
617,10591,1562271535,-1
617,10656,1562271535,-1
617,10671,1562271535,1
617,10663,1562271535,-1
617,10592,1562271535,-1
617,10649,1562271535,-1
617,10686,1562271535,-1
617,10654,1562271535,1
617,10651,1562271535,1
617,10669,1562271535,1
617,5881,1562271535,0
617,9867,1562271535,-1
617,8710,1562271535,0
617,2087,1562271535,0
617,4230,1562271535,1
617,5425,1562271535,-1
617,5426,1562271535,-1
617,1169,1562271535,0
617,1164,1562271535,0
617,719,1562271535,-1
617,124,1562271535,1
617,323,1562271535,0
617,29,1562271535,-1
617,4337,1562271535,-1
617,4335,1562271535,-1
617,17822,1562271535,0
617,10608,1562296480,0
617,10605,1562296780,0
617,10603,1562296780,0
617,10604,1562296780,0
617,4335,1562296780,1
618,13106,1562275953,1
618,10830,1562275953,1
621,196,1562072000,0
621,5379,1562077190,0
621,196,1562077190,0
622,10113,1561448539,1
622,17848,1561448539,0
622,3958,1562069115,0
622,4355,1562069115,1
623,10499,1562068036,0
623,10498,1562068036,0
624,238,1562061231,-1
624,2080,1562061231,-1
624,98,1562061231,-1
624,6745,1562061231,0
624,4067,1562061231,-1
625,29,1562056848,1
626,364,1562051824,1
626,7759,1562051824,0
626,4119,1562052543,0
626,6246,1562052543,0
626,364,1562053793,0
626,7759,1562053793,0
627,10719,1561996334,1
627,12448,1561996334,1
628,10591,1561978226,1
628,10644,1561978226,1
629,7053,1561978226,0
629,10591,1561978226,-1
629,29,1561978226,0
631,11062,1561727908,0
631,7375,1561727908,0
631,10845,1561727908,0
631,11061,1561727908,0
631,10844,1561727908,0
631,4237,1561727908,0
631,4237,1561730327,0
632,11136,1561728363,0
632,11139,1561728363,0
632,11135,1561728363,0
632,11027,1561728363,0
632,11029,1561728363,0
632,11032,1561728363,0
632,11037,1561728363,0
632,11045,1561728363,0
632,11061,1561728363,0
632,11069,1561728363,0
632,11137,1561728363,0
632,11054,1561728363,0
632,11067,1561728363,0
632,11073,1561728363,0
632,11075,1561728363,0
632,11021,1561728363,0
632,11022,1561728363,0
632,11031,1561728363,0
632,11036,1561728363,0
632,11042,1561728363,0
632,11062,1561728363,0
632,11063,1561728363,0
632,11014,1561728363,0
632,11018,1561728363,0
632,11019,1561728363,0
632,11035,1561728363,0
632,11064,1561728363,0
632,11077,1561728363,0
632,11015,1561728363,0
632,11016,1561728363,0
632,11033,1561728363,0
632,11041,1561728363,0
632,11053,1561728363,0
632,11070,1561728363,0
632,11078,1561728363,0
632,11143,1561728363,0
632,11129,1561728363,0
632,11142,1561728363,0
632,11050,1561728363,0
632,11102,1561728363,0
632,11141,1561728363,0
632,11017,1561728363,0
632,11028,1561728363,0
632,11030,1561728363,0
632,11056,1561728363,0
632,11059,1561728363,0
632,11068,1561728363,0
632,11072,1561728363,0
632,11133,1561728363,0
632,17675,1561728363,0
633,4484,1561721725,1
634,3,1561706531,0
634,5484,1561706531,0
636,10548,1561553177,-1
636,10684,1561553177,1
636,14329,1561553177,0
636,10548,1561553177,0
636,10548,1561553177,1
636,10025,1561553177,1
636,2814,1561553177,1
636,10548,1561553177,0
636,10587,1561553177,-1
636,14965,1561553177,1
636,10684,1561700625,0
637,2814,1561659253,1
637,4334,1561659253,0
637,10025,1561659253,1
637,8177,1561659253,1
637,17840,1561659253,1
637,17837,1561659253,0
637,17839,1561659253,1
637,16503,1561659253,1
637,14361,1561659253,0
638,10548,1561553177,1
638,7865,1561553177,0
638,10548,1561553177,0
638,10548,1561553177,1
638,10548,1561565005,-1
638,2814,1561581868,1
638,10548,1561629170,0
638,2814,1561629170,0
638,1098,1561629170,1
638,2814,1561659253,1
639,17800,1561646530,1
639,6944,1561646530,0
639,17801,1561646530,1
639,17799,1561646530,0
639,6944,1561649784,0
639,4153,1561649784,0
639,17799,1561649784,0
641,10548,1561630488,1
641,7865,1561630488,0
642,572,1561609924,0
642,17842,1561609924,1
642,12132,1561609924,1
642,7611,1561614648,0
642,17841,1561614648,0
643,10684,1561581868,1
643,10548,1561581868,1
643,12732,1561581868,0
644,4697,1561576594,0
644,17843,1561576594,0
644,17844,1561576594,1
644,17843,1561576594,0
644,8582,1561576594,0
644,17843,1561576595,0
644,5259,1561576595,0
645,17846,1561452549,0
645,12270,1561452549,0
645,8686,1561452549,-1
645,8687,1561452549,1
645,8689,1561452549,0
645,12269,1561452549,0
645,8685,1561452549,-1
645,8688,1561452549,-1
645,8691,1561452549,1
645,8690,1561452549,1
645,17845,1561452549,1
647,16110,1561061429,-1
647,15620,1561061429,-1
647,5296,1561061429,-1
647,5406,1561061429,-1
647,9701,1561061429,-1
647,9719,1561061429,1
647,5299,1561061429,-1
647,8135,1561061429,-1
647,9719,1561062309,0
647,1105,1561191055,1
647,1105,1561392548,0
648,17805,1528710317,1
648,17805,1528711028,1
648,17805,1528720061,1
648,5308,1561377285,-1
648,4688,1561377285,0
648,4928,1561377285,1
648,4680,1561377285,0
648,4417,1561377285,0
648,4206,1561377285,0
648,4466,1561377285,0
648,4420,1561377285,-1
648,5426,1561377285,-1
648,5425,1561377285,0
648,4465,1561377285,0
648,4403,1561377285,-1
648,4689,1561377285,0
648,4418,1561377285,0
648,1550,1561377285,1
648,4419,1561377285,0
648,4415,1561377285,-1
648,416,1561377285,0
648,1105,1561377285,-1
648,450,1561377285,0
648,10548,1561377285,0
648,11126,1561377285,0
648,7865,1561377285,0
648,7871,1561377285,1
648,7669,1561377285,1
648,7669,1561380283,1
648,1550,1561380283,1
648,416,1561380283,0
648,450,1561380283,0
648,4689,1561380283,0
648,4688,1561380283,0
648,4680,1561380283,0
649,7669,1561379660,-1
649,7871,1561379660,-1
649,7865,1561379660,0
649,11126,1561379660,0
649,10548,1561379660,0
649,450,1561379660,0
649,190,1561379660,1
649,1105,1561379660,1
649,416,1561379660,0
649,4415,1561379660,1
649,4419,1561379660,0
649,1550,1561379660,-1
649,4418,1561379660,0
649,4689,1561379660,0
649,4403,1561379660,1
649,4465,1561379660,0
649,5425,1561379660,0
649,5426,1561379660,1
649,4420,1561379660,1
649,4466,1561379660,0
649,4206,1561379660,0
649,4417,1561379660,0
649,4680,1561379660,0
649,4928,1561379660,-1
649,4688,1561379660,0
649,5308,1561379660,1
650,4403,1561361318,1
650,4415,1561361318,1
650,7871,1561361318,-1
651,5426,1561271961,1
651,5425,1561271961,0
651,5308,1561271961,1
653,17855,1561018673,1
653,17864,1561018673,0
653,17860,1561018673,0
653,17861,1561018673,0
653,17855,1561120270,-1
653,10738,1561120270,1
654,5406,1561119336,1
654,5405,1561119337,0
655,4928,1561011262,-1
655,4323,1561011262,1
655,719,1561011262,1
655,190,1561011262,1
655,29,1561011262,0
655,17867,1561011262,0
655,11907,1561011262,0
655,2733,1561011262,0
655,29,1561011262,-1
655,29,1561011262,0
655,4928,1561011262,-1
655,11902,1561011262,0
655,11927,1561011262,0
655,4566,1561011262,1
655,4541,1561011262,0
655,4928,1561011262,0
655,17866,1561011262,0
655,17869,1561011262,0
655,29,1561011262,1
655,17867,1561011262,0
655,17866,1561011262,0
655,4928,1561011262,1
655,17869,1561011262,0
655,29,1561011262,0
655,10732,1561011262,0
655,17866,1561011262,0
655,14586,1561011262,0
657,10760,1560883481,0
657,10775,1560883481,0
657,10783,1560883481,0
657,10821,1560883481,0
657,10845,1560883481,0
657,10847,1560883481,0
657,10829,1560883481,0
657,10858,1560883481,0
657,10750,1560883481,0
657,10764,1560883481,0
657,10862,1560883481,0
657,10810,1560883481,0
657,10833,1560883481,0
657,17674,1560883481,0
657,10852,1560883481,0
657,10762,1560883481,0
657,10767,1560883481,0
657,10786,1560883481,0
657,10795,1560883481,0
657,10758,1560883481,0
657,10840,1560883481,0
657,10746,1560883481,0
657,10846,1560883481,0
657,10793,1560883481,0
657,10808,1560883481,0
657,10815,1560883481,0
657,10842,1560883481,0
657,10844,1560883481,0
657,10861,1560883481,0
657,10749,1560883481,0
657,10774,1560883481,0
657,4209,1560885662,-1
657,10852,1560885662,0
657,10764,1560888582,0
658,17857,1560773059,0
658,17857,1560773059,-1
658,7865,1560773059,0
658,10548,1560773059,1
658,2814,1560773059,-1
658,17857,1560773059,1
658,2393,1560773059,0
658,2814,1560773059,0
658,2814,1560773059,0
658,1283,1560773059,1
658,2010,1560773059,0
658,2814,1560773059,1
658,17857,1560773059,0
658,17857,1560773059,0
658,2814,1560773059,0
658,10548,1560773059,1
658,10684,1560773059,-1
658,16124,1560773059,1
658,2814,1560773059,-1
658,2814,1560773059,1
658,2814,1560773059,-1
658,2814,1560773059,1
658,1287,1560773059,0
658,446,1560773059,0
658,1283,1560773059,0
658,2010,1560773059,1
658,2393,1560773059,0
658,7865,1560773059,0
658,10079,1560773059,1
658,14329,1560773059,0
658,446,1560829391,0
658,17878,1560838713,0
658,17857,1560852043,1
658,17857,1560852445,0
658,7715,1560881675,0
658,3879,1560881675,0
658,1036,1560881675,0
659,9668,1560845595,0
661,10960,1560837019,0
661,13339,1560837019,1
662,11044,1560837006,0
666,17812,1560712108,0
666,10591,1560712108,0
666,17887,1560712108,0
666,16502,1560712108,0
666,10591,1560712108,0
666,10656,1560712108,1
666,17812,1560712108,0
667,17890,1560626134,0
669,10719,1560497714,0
670,12348,1560443225,0
670,12344,1560443225,1
670,4654,1560443225,-1
672,4867,1560355330,1
672,4200,1560355330,1
673,10548,1560331963,1
673,7865,1560331963,1
673,10548,1560331963,0
673,10472,1560331963,1
673,2814,1560331963,1
673,10472,1560331963,0
674,10548,1560325329,-1
674,7865,1560325329,0
675,10732,1560310555,0
675,4323,1560310555,0
675,5320,1560310555,0
675,17904,1560310555,0
675,5320,1560310556,0
675,8984,1560310556,1
675,16356,1560310556,0
675,10732,1560310556,0
675,17901,1560310556,0
675,16354,1560310556,0
675,17902,1560310556,1
675,17901,1560310556,0
675,10732,1560310556,0
675,5320,1560310556,0
675,11902,1560311474,0
675,11927,1560311474,0
675,11907,1560311474,0
675,16987,1560314326,0
676,10548,1560236390,0
676,191,1560236390,0
676,5863,1560236390,1
676,5863,1560236390,0
676,5862,1560236390,0
676,10548,1560236390,1
676,10548,1560258302,0
676,10548,1560258302,1
676,190,1560258302,-1
676,5862,1560258302,1
676,5863,1560258302,1
676,190,1560258302,0
676,5862,1560258302,-1
676,10548,1560258302,-1
677,2814,1560247762,1
677,10025,1560247762,1
678,5863,1560236390,-1
678,5862,1560236390,0
678,191,1560236390,0
678,29,1560236390,0
678,10548,1560236390,-1
679,4755,1560152510,1
680,15326,1560078215,0
680,15327,1560078215,1
682,4917,1559902432,1
682,2813,1559902432,0
682,4579,1559902432,1
682,2813,1559902432,0
682,4406,1559902432,1
682,5539,1559902432,1
682,17939,1559902432,0
682,17941,1559902432,0
682,2813,1559902432,0
682,4579,1559902432,0
682,2813,1559902433,0
682,4552,1559902433,0
682,12976,1559902433,0
682,17939,1559902433,1
682,9853,1559902433,0
682,2813,1559902433,0
682,2813,1559902433,0
682,17939,1559902433,0
682,17939,1559902433,0
682,9853,1559902434,1
682,12976,1559902434,0
683,10477,1559727463,0
683,5453,1559727463,0
683,10354,1559727463,0
683,17402,1559727463,1
683,17971,1559727463,0
683,17977,1559727463,0
683,18030,1559727463,1
683,18025,1559727463,0
683,18029,1559727463,1
683,18026,1559727463,1
683,18034,1559727463,0
683,14483,1559727463,0
683,14488,1559727463,0
683,16094,1559727463,0
683,12254,1559727463,1
683,14495,1559727463,0
683,14499,1559727463,1
683,6856,1559727463,0
683,10986,1559727463,1
683,14496,1559727463,0
683,17978,1559727463,0
683,17979,1559727463,-1
683,16389,1559727463,0
683,17972,1559727463,0
683,18027,1559727463,1
683,18028,1559727463,1
683,8768,1559727463,-1
683,12905,1559727463,0
683,9940,1559727463,0
683,9939,1559727463,0
683,4388,1559727463,0
683,2815,1559727463,0
683,2211,1559727463,1
683,1999,1559727463,-1
683,14490,1559727463,1
683,14497,1559727463,1
683,17974,1559727463,0
683,18024,1559727463,0
683,18037,1559727463,0
683,9204,1559792676,0
683,17967,1559792676,0
683,17965,1559792676,0
683,17966,1559792676,0
683,17968,1559792676,0
683,5962,1559793123,0
683,5975,1559793123,0
683,5964,1559793123,0
683,5963,1559793123,0
683,10407,1559793454,0
683,17964,1559795578,-1
683,136,1559795578,0
683,10499,1559900898,0
683,10500,1559900898,0
683,10498,1559900898,0
684,10810,1559828771,0
684,10829,1559828771,0
685,12267,1559827848,0
685,17942,1559827848,-1
685,17949,1559827848,1
685,8571,1559827848,1
685,422,1559827848,0
685,7093,1559827848,0
685,6502,1559827848,0
685,17946,1559827848,0
685,17950,1559827848,1
685,17955,1559827848,1
685,17948,1559827848,1
685,17951,1559827848,1
685,17954,1559827848,1
685,17944,1559827848,0
686,10902,1559823679,0
686,6300,1559823679,0
686,4643,1559823679,1
686,4643,1559823679,0
686,11086,1559823679,0
687,17956,1559822246,1
687,9985,1559822246,1
687,5862,1559822247,0
687,17911,1559822247,0
687,17912,1559822247,0
687,17922,1559822247,-1
687,17922,1559822247,1
688,17958,1559818751,0
688,17959,1559818751,-1
688,4860,1559818751,-1
688,17960,1559818751,1
688,17961,1559818751,1
688,4860,1559818751,-1
689,5878,1559817833,0
689,5862,1559817833,0
689,5863,1559817833,0
689,29,1559817833,0
689,5862,1559817833,0
690,9816,1559739733,0
690,17969,1559739807,0
690,17969,1559739988,0
692,9165,1559722465,0
693,17101,1559704584,0
693,213,1559704584,0
693,207,1559704584,0
693,4217,1559704584,1
693,9846,1559704584,0
693,18039,1559704587,0
695,4535,1559629710,1
695,6037,1559629710,1
695,5781,1559629710,0
695,215,1559629710,0
697,5137,1559576091,0
702,444,1559545825,1
702,18070,1559545825,0
702,18069,1559545825,0
702,16114,1559545825,0
704,6704,1558692749,0
704,323,1558702621,0
704,6597,1558692749,0
704,6817,1558692749,0
704,6595,1558692749,0
704,6413,1558692749,0
704,10684,1559219404,1
704,6603,1558692749,0
704,6199,1558692749,0
704,6664,1558692749,0
704,6177,1558692749,0
704,6628,1558692749,0
704,6401,1558692749,0
704,6706,1558692749,0
704,2813,1558692749,0
704,7177,1558692749,0
704,6624,1558692749,0
704,7017,1558692749,0
704,4427,1558692749,-1
704,17922,1558692749,1
704,6601,1558692749,0
704,6875,1558692749,0
704,6288,1558692749,0
704,6891,1558692749,0
704,6270,1558692749,0
704,6242,1558692749,0
704,6646,1558692749,0
704,6920,1558692749,0
704,2814,1558700948,1
704,2814,1558692749,-1
704,2814,1559217394,0
704,2814,1558692749,-1
704,6395,1558692749,0
704,17922,1558700948,-1
704,6654,1558692749,0
704,6839,1558692749,0
704,6686,1558692749,0
704,6972,1558692749,0
704,10299,1558692749,0
704,6381,1558692749,0
704,6674,1558692749,0
704,6815,1558692749,0
704,6252,1558692749,0
704,15114,1558769601,-1
704,2814,1558692749,-1
704,12315,1558861732,1
704,10025,1558692749,-1
704,6530,1558692749,0
704,7009,1558692749,0
704,6889,1558692749,1
704,6819,1558692749,0
704,6989,1558692749,0
704,7358,1558812651,1
704,10961,1558854973,0
704,6201,1558692749,0
704,6714,1558692749,0
704,6763,1558692749,0
704,6912,1558692749,0
704,17916,1558940620,0
704,10881,1558692749,0
705,4893,1559204455,0
705,10751,1559204455,0
706,11037,1559078259,0
706,11126,1559078259,0
706,11126,1559078259,1
706,10712,1559078259,1
706,11021,1559078259,1
706,11124,1559078259,0
706,11688,1559078259,0
706,14168,1559078259,0
706,10829,1559078259,0
706,17601,1559078259,0
706,14169,1559078259,0
706,1398,1559078259,1
706,1404,1559078259,0
706,4559,1559078259,0
706,540,1559078259,0
706,10711,1559078259,-1
706,11021,1559078259,0
706,10712,1559078259,1
706,11037,1559078259,0
706,10706,1559078259,-1
706,11053,1559078259,1
706,14168,1559078259,0
706,11044,1559078259,1
706,14167,1559078259,0
706,16504,1559078259,0
706,18086,1559078259,-1
706,14169,1559078259,0
706,18088,1559078259,-1
706,18090,1559078259,0
706,18085,1559078259,-1
706,1404,1559078259,1
706,1398,1559078259,0
706,1406,1559078259,1
706,8118,1559078259,0
706,10711,1559078259,1
706,1561,1559078260,0
706,11044,1559078260,1
706,94,1559078260,1
706,93,1559078260,0
706,1404,1559078260,0
706,1398,1559078260,-1
706,10712,1559078260,-1
706,11126,1559078260,-1
706,11037,1559078260,0
706,10731,1559078260,0
706,10711,1559078260,-1
706,1398,1559078260,0
706,1404,1559078260,0
706,10712,1559078260,1
706,11021,1559078260,0
706,10734,1559129960,0
706,94,1559129960,1
706,29,1559129960,1
706,4579,1559129960,0
709,11090,1559114027,0
709,10902,1559114027,0
709,10906,1559117697,0
709,10704,1559117697,0
709,10860,1559117697,0
709,10787,1559117697,0
709,10704,1559118068,0
709,10902,1559118068,0
709,4643,1559118375,0
709,18072,1559118375,0
709,10902,1559122067,0
709,6300,1559124637,0
711,7112,1559041476,1
711,5274,1559041476,1
711,6246,1559041476,0
711,7759,1559041476,1
711,5274,1559041559,0
711,7759,1559041559,0
714,4217,1558971373,1
714,17101,1558973405,1
716,2390,1558950848,0
716,2390,1558953680,1
716,17915,1558955546,0
716,17927,1558955546,1
717,10882,1558950848,0
717,16503,1558950848,0
717,17839,1558950848,0
717,207,1558950848,0
717,1105,1558950848,0
717,671,1558950848,0
717,4334,1558950848,0
717,8177,1558950848,0
717,14581,1558950848,0
717,14587,1558950848,0
717,14588,1558950848,0
717,14585,1558950848,0
717,10790,1558950848,0
717,14582,1558950848,0
717,11130,1558950848,0
717,10884,1558950848,0
717,11137,1558950848,0
717,17837,1558950848,0
717,13143,1558950848,0
717,12428,1558950848,0
717,12429,1558950848,0
717,10883,1558950848,0
717,10885,1558950848,0
717,14583,1558950848,0
717,10881,1558950848,0
717,11141,1558950848,0
717,14584,1558950848,0
718,7105,1558944427,1
718,4627,1558944427,0
718,8040,1558944427,0
718,6252,1558944471,1
718,8040,1558944549,0
719,5105,1558711266,0
719,8299,1558711266,0
719,18120,1558711266,0
720,6254,1558702307,0
720,8044,1558702307,0
720,6254,1558702307,0
720,4629,1558702307,0
720,7100,1558702307,1
720,4630,1558702307,0
720,4629,1558702307,1
720,8044,1558702307,0
720,8044,1558702307,0
720,6254,1558702308,0
721,10684,1558692749,0
721,14369,1558692749,0
722,2814,1558692749,1
722,10684,1558692749,0
723,14782,1558690981,1
723,14920,1558690981,1
724,366,1558606027,1
724,366,1558606027,0
724,12304,1558606027,0
725,4736,1558534693,0
728,4884,1558509987,0
728,12790,1558509987,0
728,4885,1558509987,0
728,82,1558509987,0
728,567,1558509987,-1
728,18124,1558509987,0
728,13842,1558509987,-1
728,12683,1558509987,0
728,12601,1558509987,0
728,12628,1558509987,0
728,12772,1558509987,0
728,12746,1558509987,0
728,12849,1558509987,0
728,12614,1558509987,0
728,12786,1558509987,0
728,12776,1558509987,0
728,12784,1558509987,0
728,12597,1558509987,0
728,12913,1558509987,0
728,10637,1558509987,0
728,12684,1558509987,0
728,12725,1558509987,0
728,12785,1558509987,0
728,12771,1558509987,0
728,12783,1558509987,0
728,12634,1558509987,0
728,12726,1558509987,0
728,11801,1558513154,1
728,11803,1558513154,-1
728,15397,1558515048,0
729,10830,1558511261,1
730,5308,1558496086,1
730,5425,1558496086,0
732,10256,1558431106,0
732,10254,1558431106,0
732,4541,1558431106,0
732,4334,1558431106,1
734,7648,1558425247,1
734,4687,1558425247,0
734,4690,1558425247,0
734,17720,1558425372,0
734,7648,1558425372,0
734,17721,1558425372,0
736,10738,1558423551,1
736,11692,1558423551,1
736,671,1558423551,1
736,29,1558423551,0
736,18219,1558423551,0
736,10733,1558423551,0
736,18206,1558423551,1
736,14239,1558423551,1
736,4909,1558423551,1
736,14245,1558423551,0
736,14584,1558423551,0
736,17839,1558423551,0
736,18229,1558423551,0
736,4860,1558423551,0
736,14246,1558423551,0
736,10828,1558423551,1
736,11044,1558423551,1
736,11065,1558423551,1
736,16988,1558423551,0
736,10830,1558423551,1
736,4552,1558423551,1
736,207,1558423551,1
736,11741,1558423551,0
736,10882,1558423551,1
736,14581,1558423551,0
736,18230,1558423551,1
736,14585,1558423551,0
736,11710,1558423551,1
736,13050,1558423551,1
736,17129,1558423551,1
736,13052,1558423551,1
736,4791,1558423551,1
736,11032,1558423551,1
736,2931,1558423551,1
736,17677,1558423551,0
736,14137,1558423551,1
736,18078,1558423551,1
736,14086,1558423551,1
736,10884,1558423551,1
736,13194,1558423551,0
736,17036,1558423551,1
736,18222,1558423551,1
736,4602,1558423551,1
736,14588,1558423551,0
736,17922,1558423551,1
736,13279,1558423551,1
736,10251,1558423551,1
736,11686,1558423551,1
736,52,1558423551,-1
736,13308,1558423551,0
736,4908,1558423551,0
736,10723,1558423551,1
736,11015,1558423551,1
736,10823,1558423551,1
736,13241,1558423551,1
736,10986,1558423551,1
736,13053,1558423551,1
736,4934,1558423551,0
736,13262,1558423551,1
736,14061,1558423551,1
737,18232,1558367739,0
737,17759,1558367739,0
737,18233,1558367739,0
738,14782,1558291817,1
738,14820,1558291817,0
738,14820,1558336391,0
738,14782,1558336391,1
739,4563,1558335093,1
739,9984,1558335093,1
739,9983,1558335093,0
739,4563,1558335519,0
740,8084,1556794878,0
740,7194,1556794878,1
740,8086,1556794879,0
740,6260,1556794879,0
740,7194,1556794879,-1
740,7195,1556794879,1
740,7196,1556794879,0
740,6262,1556794879,0
740,10607,1558274184,0
740,18234,1558274184,0
740,18235,1558274184,0
742,7666,1557989963,0
742,5862,1557989963,0
742,5863,1557989963,0
742,5305,1557989963,0
742,4887,1557989963,0
742,5316,1557989963,0
742,719,1557989963,0
742,11773,1557989963,0
742,17916,1557989963,0
742,11977,1557989963,0
742,18309,1557989963,0
742,17922,1557989963,0
742,2931,1558005969,0
742,2931,1558097288,0
742,9914,1558097288,0
744,6063,1558096313,0
744,6060,1558096313,0
744,6062,1558096313,0
745,5813,1558085840,0
746,8938,1558081394,0
746,18305,1558081394,0
746,18303,1558081394,0
746,18306,1558081394,0
746,18301,1558081394,0
746,18302,1558081394,0
746,18300,1558081394,0
746,18304,1558081394,0
747,7266,1558081104,0
747,7926,1558081104,1
747,11,1558081104,0
747,8,1558081104,0
747,10,1558081104,0
747,4996,1558081104,0
747,7927,1558081104,0
747,18307,1558081104,0
748,10747,1558022869,0
750,1034,1557995239,1
750,2394,1558000043,0
750,1034,1558000043,1
751,9255,1557997422,0
753,15146,1557975816,0
755,8040,1557929155,1
755,6252,1557929155,1
755,4627,1557929155,1
755,4627,1557929470,0
756,12684,1557913808,0
756,18324,1557913808,1
756,18330,1557913808,0
756,12529,1557913808,-1
756,9578,1557913808,1
756,13091,1557913808,-1
756,18333,1557913808,1
756,18336,1557913808,0
756,9579,1557913808,1
756,12529,1557913808,1
756,5614,1557913808,0
756,7721,1557913808,-1
756,12551,1557913808,1
756,18356,1557913808,0
756,5615,1557913808,1
756,18329,1557913808,0
756,5944,1557913808,1
756,13931,1557913808,1
756,10249,1557913808,0
756,9464,1557913808,1
756,15366,1557913808,1
756,7234,1557913808,0
756,4580,1557913808,-1
756,14281,1557913808,1
756,18321,1557913808,0
756,11868,1557913808,1
756,10011,1557913808,1
756,18314,1557913808,0
756,13930,1557913808,1
756,18354,1557913808,0
756,9543,1557913808,-1
756,12623,1557913808,1
756,17067,1557913808,0
756,567,1557913808,1
756,18320,1557913808,1
756,15513,1557913808,1
756,17327,1557913808,0
756,18331,1557913808,0
756,9994,1557913808,1
756,15773,1557913808,0
756,13143,1557913808,0
756,7720,1557913808,-1
756,7530,1557913808,-1
756,18337,1557913808,0
756,18316,1557913808,1
756,18317,1557913808,1
756,12539,1557913808,0
756,18319,1557913808,1
756,18322,1557913808,1
756,15580,1557913808,0
756,13097,1557913808,-1
756,14284,1557913808,1
756,16208,1557913808,1
756,13319,1557913808,0
756,18333,1557913808,1
756,18344,1557913808,0
756,29,1557913808,1
756,18318,1557913808,0
756,16658,1557913808,1
756,9405,1557913808,1
758,10153,1557913808,0
758,17149,1557913808,1
758,18172,1557913808,1
758,4905,1557913808,0
758,4444,1557913808,0
758,4349,1557913808,0
758,1106,1557913808,1
758,567,1557913808,1
758,29,1557913808,-1
759,302,1557908356,0
759,8419,1557908356,1
759,18383,1557908356,0
759,18384,1557908356,0
759,18383,1557908627,0
760,18385,1557905800,0
760,9921,1557905800,0
760,9921,1557905800,1
761,12090,1557902266,-1
761,12131,1557902266,0
761,14965,1557902266,0
762,14782,1557859423,-1
762,14958,1557859423,0
762,14794,1557859423,-1
762,14795,1557859423,0
762,14820,1557859423,-1
762,14821,1557859423,-1
762,14820,1557862591,1
762,14821,1557862591,1
762,14795,1557862591,0
762,14958,1557862591,0
762,14782,1557862591,1
762,14794,1557862591,1
762,9710,1557900013,0
763,14782,1557852476,1
763,14794,1557852476,1
763,14958,1557852476,0
763,14795,1557852476,0
763,14821,1557852476,1
763,14820,1557852476,1
764,14804,1557828886,0
764,14864,1557828886,0
764,14782,1557828886,0
764,14882,1557828886,0
764,14848,1557828886,1
764,14829,1557828886,0
764,14838,1557828886,0
764,14795,1557828886,1
764,17726,1557828886,0
764,14878,1557828886,0
764,14958,1557837138,0
765,14892,1557827817,0
765,14923,1557827817,0
768,7359,1557742094,1
768,7359,1557742915,0
769,10906,1557734337,0
769,10704,1557734337,0
769,10860,1557734337,0
769,7375,1557734337,0
769,11003,1557734337,0
769,10787,1557734337,0
771,17922,1557644070,1
772,1278,1557570040,0
772,1274,1557570040,0
772,1167,1557570040,0
774,4605,1557485031,0
776,4818,1557395522,0
779,4867,1557233375,0
781,7053,1549899154,-1
781,19135,1549899154,-1
781,7053,1549899328,-1
781,9299,1549954252,0
781,12283,1549954252,0
781,12278,1549954252,-1
781,12279,1549954252,0
781,12280,1549954252,0
781,12282,1549954252,0
781,12281,1549954252,0
781,22114,1549954252,0
781,24839,1549954252,0
781,22115,1549954252,0
781,24838,1549954252,0
781,22116,1549954252,0
781,602,1550773874,1
781,2866,1550773874,0
781,7052,1550773874,1
781,9955,1550773874,0
781,14378,1550773874,0
781,7052,1550773874,-1
781,333,1550773874,0
781,19136,1550773874,0
781,4214,1551431419,1
781,1404,1551431419,0
781,2872,1551431419,1
781,2870,1551431419,0
781,2872,1551451510,-1
781,16498,1557151922,-1
782,18426,1557131134,1
784,17209,1556700188,1
784,13254,1556700188,1
784,10704,1556700188,0
784,10860,1556700188,0
784,18452,1556700188,0
784,10906,1556700188,0
784,11090,1556700188,0
784,10787,1556700188,0
784,11893,1556700188,1
784,11003,1556700188,0
784,11864,1556700188,1
784,12144,1556700188,0
784,11991,1556700188,1
784,11989,1556700188,0
784,2736,1556700188,1
784,12459,1556700188,1
786,10607,1556637071,0
786,11021,1556637071,0
786,4584,1556637071,0
786,5305,1556637071,0
786,17109,1556637071,0
786,11053,1556637071,0
786,5385,1556637071,0
786,13083,1556637071,0
786,18515,1556637071,0
786,18206,1556637071,1
786,17101,1556637071,0
786,12010,1556637071,0
786,12436,1556637071,0
786,13081,1556637071,0
786,10712,1556637071,0
786,7810,1556637071,0
786,18051,1556637071,-1
786,5651,1556637071,0
786,8121,1556637071,0
786,18803,1556637071,0
786,10706,1556637071,0
786,18804,1556637071,0
786,10252,1556637071,0
786,719,1556637071,0
786,52,1556637071,1
786,16560,1556637071,0
786,18048,1556637071,0
786,18521,1556637071,0
786,4572,1556637071,0
786,10697,1556637071,0
786,18516,1556637071,0
786,10738,1556637071,-1
786,16374,1556637071,0
786,13308,1556637071,0
786,14244,1556637071,0
786,13074,1556637071,0
786,1398,1556637071,0
786,17107,1556637071,0
786,12459,1556637071,0
786,11857,1556637071,0
786,7809,1556637071,0
786,9864,1556637071,0
786,9723,1556637071,0
786,18524,1556637071,0
786,5384,1556637071,0
786,1129,1556637071,0
786,14243,1556637071,0
786,18208,1556637071,-1
786,14789,1556637071,0
786,10797,1556637071,0
786,10829,1556637071,-1
786,12921,1556637071,0
786,8763,1556637071,0
786,18525,1556637071,0
786,13114,1556637071,0
786,671,1556637071,0
786,11037,1556637071,0
786,5650,1556637071,0
786,18226,1556637071,0
786,11052,1556637071,1
787,8144,1556631270,1
787,5803,1556631270,0
787,8146,1556631270,0
788,18813,1556631186,0
788,8143,1556631186,0
790,18812,1556616955,0
790,18814,1556616955,0
790,18430,1556616955,0
790,391,1556617492,0
790,18424,1556617492,0
791,10795,1556595838,1
791,11933,1556595838,1
791,10832,1556595838,1
791,18807,1556599146,1
791,10832,1556599146,-1
791,10795,1556599146,-1
791,14284,1556599146,0
791,11037,1556599146,-1
791,18683,1556599146,1
791,11933,1556599146,0
793,17041,1556523658,0
793,17042,1556523658,0
793,17048,1556523658,0
793,12514,1556523658,0
793,10725,1556523658,0
793,18815,1556525438,0
794,13350,1556517784,1
794,18176,1556517784,0
794,18194,1556517784,1
794,18174,1556517784,0
795,5806,1556514878,0
795,18838,1556514878,0
795,4388,1556514878,0
795,8680,1556514878,0
795,7182,1556514878,0
795,15665,1556514878,0
795,2813,1556514878,0
795,15763,1556514878,0
795,16917,1556514878,0
795,9778,1556514878,0
795,4347,1556514878,0
795,9650,1556514878,0
795,17768,1556514878,0
795,15774,1556514878,0
795,7213,1556514878,0
795,17949,1556514878,0
795,5810,1556514878,0
795,18826,1556514878,1
795,7155,1556514878,0
795,5730,1556514878,0
795,7963,1556514878,0
795,8700,1556514878,0
795,7869,1556514878,0
795,4856,1556514878,0
795,729,1556514878,0
795,4723,1556514878,0
795,16383,1556514878,0
795,18835,1556514878,0
795,12353,1556514878,0
795,7293,1556514878,0
795,18824,1556514878,0
795,18815,1556514878,0
795,18844,1556514878,0
795,16790,1556514878,0
795,15330,1556514878,0
795,8008,1556514878,0
795,5518,1556514878,0
795,12316,1556514878,0
795,18830,1556514878,0
795,16014,1556514878,0
795,5431,1556514878,0
795,15978,1556514878,1
795,5629,1556514878,0
795,4831,1556514878,0
795,7256,1556514878,0
795,15412,1556514878,0
795,555,1556514878,0
795,18845,1556514878,0
795,18829,1556514878,0
795,4780,1556514878,0
795,4821,1556514878,0
795,12355,1556514878,0
795,18841,1556514878,0
795,4781,1556514878,0
795,15983,1556514878,0
795,15120,1556514878,0
795,7987,1556514878,0
795,5504,1556514878,0
795,8863,1556514878,0
795,8003,1556514878,0
797,17516,1556281977,-1
797,17517,1556281977,-1
797,17518,1556281977,-1
797,17515,1556281977,-1
797,17518,1556282282,0
798,8154,1556268594,0
798,8151,1556268594,1
798,18923,1556268594,-1
798,8148,1556268594,0
798,8153,1556268594,0
798,18813,1556268594,1
803,18503,1556104756,0
803,17109,1556104756,0
803,18590,1556104756,0
803,12446,1556104756,0
803,18206,1556104756,0
804,11037,1556104624,0
804,11052,1556104624,-1
804,18208,1556104624,0
804,11044,1556104624,0
804,10738,1556104624,-1
804,18590,1556104624,-1
804,18628,1556104624,1
805,13813,1556091097,0
805,12473,1556091097,0
805,5598,1556091097,0
805,7783,1556091097,0
805,12468,1556091097,-1
805,10765,1556091097,0
805,18931,1556091097,0
805,10715,1556091097,0
805,18935,1556091097,0
805,741,1556091097,1
805,12472,1556091097,0
805,7779,1556091097,0
805,4819,1556091097,0
805,7776,1556091097,0
805,2877,1556091097,0
805,18590,1556091097,1
805,10929,1556091097,-1
805,18869,1556091097,0
805,10962,1556091097,-1
805,16413,1556091097,0
805,5600,1556091097,0
805,746,1556091097,0
805,9966,1556091097,0
805,7785,1556091097,0
805,18933,1556091097,0
805,18969,1556091097,0
805,18986,1556091097,0
805,13428,1556091097,0
805,13955,1556091097,-1
805,10703,1556091097,1
805,10900,1556091097,-1
805,364,1556091097,0
805,17626,1556091097,0
805,10936,1556091097,0
805,10716,1556091097,0
805,10725,1556091097,1
805,10918,1556091097,-1
805,12541,1556091097,0
805,5597,1556091097,0
805,13616,1556091097,0
805,4573,1556091097,0
805,14365,1556091097,0
805,18934,1556091097,0
805,10717,1556091097,0
805,7781,1556091097,0
805,9306,1556091097,-1
805,7773,1556091097,0
805,13316,1556091097,0
805,10938,1556091097,0
805,7772,1556091097,0
805,7777,1556091097,0
805,10903,1556091097,0
805,13394,1556091097,0
805,2873,1556091097,1
805,4910,1556091097,0
805,7774,1556091097,0
805,7789,1556091097,0
805,7775,1556091097,0
805,12866,1556091097,0
805,2870,1556091097,0
807,18934,1556018362,0
807,13955,1556018362,-1
807,13813,1556018362,0
807,13616,1556018362,0
807,13428,1556018362,0
807,18929,1556018362,0
807,18933,1556018362,0
807,18985,1556018362,0
807,16413,1556018362,0
807,16398,1556018362,0
807,18969,1556018362,0
807,18935,1556018362,0
807,18473,1556018362,-1
807,8326,1556018362,0
807,18986,1556018362,0
807,12866,1556018362,0
807,12472,1556018362,0
807,13387,1556018362,0
807,12470,1556018362,0
807,12463,1556018362,0
807,10725,1556018362,0
807,12541,1556018362,0
807,13394,1556018362,0
807,12473,1556018362,0
807,10765,1556018362,0
807,12542,1556018362,0
807,12468,1556018362,-1
807,12460,1556018362,0
807,14365,1556018362,0
807,13954,1556018362,-1
807,13316,1556018362,0
807,10703,1556018362,1
807,741,1556018362,1
807,2737,1556018362,-1
807,746,1556018362,0
807,560,1556018362,0
807,1296,1556018362,0
807,529,1556018362,0
807,4819,1556018362,0
807,9306,1556018362,-1
808,364,1556008210,0
808,364,1556008448,0
808,364,1556009575,0
808,364,1556009712,0
809,18590,1556002558,0
809,18392,1556002558,-1
809,10903,1556002558,0
809,4910,1556002558,0
809,4665,1556002558,0
809,10860,1556002558,0
809,10756,1556002558,-1
809,13152,1556002558,0
809,18665,1556002558,0
809,17300,1556002558,-1
809,10900,1556002558,-1
809,10910,1556002558,0
809,10918,1556002558,-1
809,10929,1556002558,-1
809,10938,1556002558,0
809,10915,1556002558,-1
809,10936,1556002558,0
809,10787,1556002558,0
809,18665,1556002558,-1
810,10591,1555936913,0
811,449,1555933856,1
811,448,1555933856,1
811,325,1555933856,0
811,18996,1555933856,1
811,449,1555935062,0
811,325,1555935062,0
811,448,1555935062,1
811,7080,1555935062,-1
811,6674,1555935062,0
811,18109,1555935062,0
811,18994,1555935062,1
812,4573,1555933345,1
812,18931,1555933345,1
812,18998,1555933345,1
814,4867,1555632217,-1
815,18174,1555581163,-1
815,18172,1555581163,-1
816,10917,1555568244,0
816,8870,1555568244,0
817,445,1548332772,0
817,21660,1548332772,0
817,18981,1555097041,0
817,4731,1548332772,0
817,19019,1555508209,0
817,7263,1548332772,0
817,19004,1555508209,0
817,6284,1555567182,0
817,23396,1548332772,0
817,19105,1555097041,0
817,4642,1548332772,0
817,19282,1553860479,-1
817,4877,1548332772,0
817,28556,1548332772,0
817,10417,1548332772,0
817,16231,1548332772,0
817,15122,1548332772,0
817,19002,1555514116,-1
817,27293,1548332772,0
817,20900,1548332772,0
817,6282,1555567182,0
817,20957,1548332772,0
817,19007,1555508209,0
817,4521,1548332772,0
817,15326,1553861632,0
817,21633,1548332772,0
817,6670,1555565163,0
817,19013,1555508209,0
817,6910,1555567182,0
817,534,1548332772,0
817,19005,1555508209,0
817,19022,1555508209,0
817,6634,1555565163,0
817,19012,1555508209,0
817,18895,1555097041,1
817,19008,1555508209,0
817,19010,1555508209,0
817,7052,1555565163,0
817,15120,1548332772,0
817,16354,1548332772,0
817,25548,1548332772,0
817,4698,1555567744,-1
817,22539,1548332772,0
817,12111,1548332772,1
817,25743,1548332772,0
817,14799,1548332772,0
817,29546,1548332772,0
817,8608,1548332772,0
817,14852,1548332772,0
817,16357,1548332772,0
817,5275,1548332772,0
817,4605,1548332772,0
817,21360,1548332772,0
817,4199,1548332772,0
817,6280,1555567182,0
817,7256,1548332772,0
817,27331,1548332772,0
817,4669,1548332772,0
817,20280,1548332772,0
817,16463,1548332772,0
818,440,1555503701,1
818,440,1555503701,0
821,18846,1555334303,0
823,4663,1555087019,0
823,471,1555087019,0
823,15945,1555087019,0
825,19117,1555063240,1
825,19117,1555063688,1
828,7213,1555053161,0
832,26194,1533578855,1
832,26004,1533578855,0
833,19124,1554900612,-1
833,19125,1554900612,0
834,14533,1554887224,0
835,19135,1554815657,-1
835,9955,1554815658,-1
835,332,1554815658,0
835,333,1554815658,1
835,14378,1554815658,-1
835,19136,1554815658,0
835,19135,1554815658,1
836,7112,1554724100,1
836,7110,1554724100,1
836,1163,1554727180,0
836,7111,1554729086,0
837,17256,1548404832,0
837,17285,1554720842,0
838,10732,1554713576,0
838,18655,1554714800,0
840,26464,1548867786,1
840,26236,1548867786,0
840,25738,1548867786,0
840,25740,1548867786,1
840,25808,1548867786,0
840,25662,1548867786,0
840,25665,1548867786,1
840,17575,1548867786,0
840,28365,1548867786,1
840,27807,1548867786,0
840,27790,1548867786,0
840,25743,1548867786,0
840,28330,1548867786,0
840,25987,1548867786,0
840,28366,1548867786,1
840,26334,1548867786,0
840,27584,1548867786,1
840,25686,1548867786,-1
840,17574,1548867786,0
840,26365,1548867786,0
840,27791,1548867786,0
840,25809,1548867786,0
840,2736,1554709952,-1
841,13434,1554546654,-1
841,10881,1554546654,0
841,18208,1554546654,1
841,18622,1554546654,1
841,18716,1554546654,-1
841,18623,1554546654,0
841,18662,1554546654,0
843,386,1554391195,1
844,19271,1554280130,0
844,407,1554280130,1
844,8427,1554280130,0
844,8428,1554280130,1
845,1034,1554195393,1
846,416,1554194077,1
848,19273,1554088667,-1
848,18849,1554088667,0
848,4842,1554088667,1
848,2264,1554088667,1
850,18895,1553894321,0
851,17558,1553853763,1
851,8694,1553853763,1
854,11688,1553783637,0
854,11910,1553783637,-1
854,11968,1553783637,-1
854,11933,1553783638,-1
854,11948,1553783637,1
854,11987,1553783637,-1
854,18590,1553783638,-1
854,11854,1553783637,-1
854,11793,1553783637,0
854,11939,1553783637,0
854,11861,1553783637,-1
854,2931,1553783638,-1
854,11814,1553783637,0
854,1104,1553783638,0
854,11925,1553783637,-1
854,11920,1553783637,-1
854,11903,1553783637,-1
854,13119,1553783638,-1
854,381,1553783638,0
854,11897,1553783637,-1
854,11869,1553783637,-1
854,11982,1553783637,-1
854,12000,1553783637,-1
854,52,1553783638,-1
854,11884,1553783637,0
854,17167,1553783638,-1
854,11913,1553783637,0
854,12001,1553783637,-1
854,11893,1553783637,-1
854,11710,1553783637,-1
854,11721,1553783637,-1
854,11741,1553783637,-1
854,13366,1553783638,-1
854,11938,1553783637,0
854,11957,1553783637,-1
854,11817,1553783637,0
854,11850,1553783637,-1
854,11870,1553783637,0
854,11924,1553783637,0
854,11874,1553783637,-1
854,11940,1553783637,0
854,11754,1553783638,-1
854,11886,1553783637,0
854,11883,1553783637,0
854,19299,1553783637,-1
854,11977,1553783637,0
854,11991,1553783637,-1
854,11724,1553783637,-1
854,11949,1553783637,0
854,11858,1553783637,-1
854,11975,1553783637,-1
854,11806,1553783637,0
854,11976,1553783637,-1
854,11850,1553783637,1
854,11904,1553783637,-1
854,11715,1553783637,-1
854,11825,1553783637,0
854,11964,1553783637,-1
854,11831,1553783637,0
854,11909,1553783637,-1
857,19305,1553710370,1
857,5424,1553711220,1
857,5417,1553711220,1
858,4780,1553675365,0
860,12079,1552904371,0
860,19277,1552904371,0
860,18590,1552904371,0
860,4207,1552904371,0
860,12094,1552904371,0
860,19274,1552904371,0
860,8671,1552904371,0
860,23945,1552904371,0
860,12125,1552904371,0
860,10732,1552904371,0
860,19080,1552904371,0
860,12100,1552904371,0
860,8712,1552904371,1
860,544,1552904371,0
860,12102,1552904371,0
860,12088,1552904371,0
860,19080,1552904371,0
860,19274,1552904371,0
860,23942,1552904371,0
860,15119,1552904371,0
860,207,1552904371,-1
860,12089,1552904371,0
860,4206,1552904371,0
860,12117,1552904371,0
860,11990,1552904371,0
860,17536,1552904371,0
860,19278,1552904371,0
860,17264,1552904371,0
860,17106,1552904371,0
860,24268,1552904371,0
860,9846,1552904371,0
860,10380,1552904371,0
860,12101,1552904371,0
860,19080,1552904371,0
860,207,1552904371,0
860,12105,1552904371,0
860,12103,1552904371,0
860,17101,1552904371,0
860,19274,1552904371,-1
860,213,1552904371,0
860,12136,1552904371,0
860,12107,1552904371,0
860,12090,1552904371,0
860,17101,1552904371,0
860,4206,1552904371,-1
860,19278,1552904371,0
860,10156,1552904371,0
860,10732,1552904371,0
860,9846,1552904371,0
860,8712,1552904371,-1
860,19277,1552904371,0
860,4206,1552904371,1
860,12118,1552904371,0
860,10156,1552904371,0
860,12111,1552904371,0
860,207,1552904371,1
860,1567,1552904371,0
860,12098,1552904371,0
860,12099,1552904371,0
860,12109,1552904371,0
861,386,1553594355,1
863,1043,1553083433,0
863,1043,1553182251,0
863,1043,1553522883,1
866,9055,1553419403,1
866,19321,1553419403,0
867,4753,1553418789,1
868,4753,1553418576,0
869,14782,1553331324,-1
870,12072,1553245046,0
870,10159,1553245046,0
870,6634,1553245046,0
870,6514,1553245046,0
870,6448,1553245046,0
870,7025,1553245046,0
870,10918,1553245046,0
870,6670,1553245046,0
871,1564,1553132765,0
872,363,1553094902,1
872,8010,1553094902,1
872,19322,1553094902,1
872,19322,1553095042,0
872,363,1553095042,0
872,8009,1553095257,1
874,10042,1553090915,1
874,10037,1553090915,0
874,10031,1553090915,-1
874,10042,1553091123,0
875,274,1553082459,1
875,1567,1553082459,0
876,10724,1553074387,1
877,17922,1553074287,1
878,19324,1553059549,1
879,13918,1552991239,0
879,4687,1552991239,0
879,16633,1552991239,0
879,9531,1552991239,0
879,14476,1552991239,0
879,15911,1552991239,0
879,21798,1552991239,0
879,15401,1552991239,0
879,18928,1552991239,0
879,24207,1552991239,0
879,18034,1552991239,0
879,19151,1552991239,0
879,19920,1552991239,0
879,19901,1552991239,0
879,12407,1552991239,0
879,13520,1552991239,0
879,7959,1552991239,0
879,16429,1552991239,0
879,20856,1552991239,0
879,20574,1552991239,0
879,6603,1552991239,0
879,8273,1552991239,0
879,9265,1552991239,0
879,10020,1552991239,0
879,6741,1552991239,0
879,13546,1552991239,0
879,12975,1552991239,0
879,17976,1552991239,1
879,16598,1552991239,0
879,19545,1552991239,0
879,16261,1552991239,0
879,1036,1552991239,0
879,8935,1552991239,0
879,22381,1552991239,0
879,122,1552991239,0
879,4691,1552991239,0
879,7999,1552991239,0
879,12070,1552991239,0
879,7661,1552991239,0
879,12910,1552991239,0
879,23188,1552991239,0
879,18318,1552991239,0
879,6137,1552991239,0
879,13965,1552991239,0
879,13775,1552991239,0
879,5468,1552991239,0
879,11032,1552991239,0
879,17256,1552991239,0
879,18766,1552991239,0
879,12271,1552991239,0
879,8047,1552991239,0
879,630,1552991239,0
879,12079,1552991239,0
879,24250,1552991239,0
879,12674,1552991239,0
879,21796,1552991239,0
879,11986,1552991239,0
879,6351,1552991239,0
879,13356,1552991239,0
879,12147,1552991239,0
882,4753,1552909992,-1
882,5384,1552909992,0
883,4369,1552654211,0
883,21066,1552654211,1
884,366,1552641410,1
884,12304,1552642050,0
884,5505,1552642318,1
885,8044,1552559652,0
885,366,1552559652,0
885,366,1552559838,0
885,6254,1552559838,0
885,24356,1552559838,0
885,366,1552561038,0
885,12304,1552569793,0
885,5505,1552637475,0
886,30281,1521203256,0
886,6674,1552549342,0
886,21407,1552549342,0
886,24355,1552549342,0
886,21406,1552549342,0
886,21409,1552549342,0
889,10475,1534935196,1
889,15231,1534935196,0
889,15114,1534935196,0
889,10369,1534935196,1
889,14958,1534935196,0
889,10419,1548916910,0
890,5957,1552533136,0
890,5891,1552533136,0
890,5892,1552533136,1
890,5892,1552539038,0
890,5957,1552539038,1
890,5892,1552539364,0
891,7029,1552499525,0
891,230,1552499525,0
891,228,1552499525,0
891,23419,1552500312,0
892,5368,1552468012,-1
892,5370,1552468012,1
892,5372,1552468012,1
893,14327,1552467456,0
893,9907,1552467456,0
893,9907,1552467456,0
893,4814,1552467457,0
893,8784,1552467457,1
893,21881,1552467457,0
893,21333,1552467457,-1
893,9907,1552467457,1
893,9907,1552467457,0
893,16125,1552467457,0
893,14327,1552467457,-1
893,18738,1552467457,0
893,18738,1552467457,0
893,4814,1552467457,0
893,21333,1552467457,1
893,16125,1552467457,0
893,15134,1552467457,0
893,21881,1552467457,1
893,9907,1552467457,-1
893,21333,1552467457,-1
893,21333,1552467457,0
893,21881,1552467457,-1
893,8784,1552467457,0
893,8784,1552467457,0
894,11792,1552463792,0
894,11052,1552463792,0
894,10699,1552463792,0
894,13460,1552463792,0
894,13129,1552463792,0
894,13233,1552463792,0
894,11397,1552463792,1
894,10829,1552463792,0
894,7375,1552463792,0
894,13090,1552463792,0
894,12478,1552463792,1
894,8255,1552463792,0
894,17808,1552463792,0
894,10830,1552463792,0
894,10724,1552463792,-1
894,10832,1552463792,0
894,22993,1552463792,0
894,19936,1552463792,0
894,10737,1552463792,0
894,8125,1552463792,0
894,4230,1552463792,0
894,4228,1552463792,1
894,719,1552463792,-1
894,1561,1552463792,0
894,18590,1552463792,0
894,13374,1552463792,0
894,9409,1552463792,0
894,22580,1552463792,-1
894,22612,1552463792,-1
894,10829,1552463792,0
894,9408,1552463792,0
894,4209,1552463793,0
895,12157,1552461672,0
896,9835,1552461416,0
897,19272,1552461106,0
897,14544,1552461106,0
898,12125,1552417512,0
900,8102,1552396585,0
901,10724,1552389489,0
901,10338,1552389489,-1
901,11710,1552389489,0
901,10790,1552389489,0
901,4290,1552389489,0
901,4285,1552389489,-1
901,4291,1552389489,0
901,719,1552389489,0
901,2931,1552389489,1
901,4287,1552389489,0
901,4289,1552389489,0
901,4288,1552389489,0
901,4286,1552389489,0
901,4286,1552389489,0
901,4228,1552389489,-1
901,4284,1552389489,-1
901,19294,1552389489,0
901,18590,1552389489,1
901,18590,1552389489,-1
901,10724,1552392190,1
901,719,1552393426,1
901,10724,1552393426,0
902,18590,1552384011,0
902,13366,1552384011,0
902,11710,1552384011,1
902,11741,1552384011,1
902,11721,1552384011,0
902,11715,1552384011,0
902,11724,1552384011,0
902,11754,1552384011,1
902,52,1552384011,1
902,2395,1552384011,0
902,13119,1552384011,0
902,24202,1552389489,1
902,24201,1552389489,-1
902,24203,1552389489,0
902,24205,1552389489,1
902,24204,1552389489,1
902,19296,1552389489,1
902,4409,1552389489,1
903,52,1552292999,0
903,18206,1552292999,-1
903,18212,1552292999,0
903,16572,1552292999,0
903,22595,1552292999,0
903,22585,1552292999,0
903,17686,1552292999,0
903,22644,1552292999,0
903,22515,1552292999,0
903,9398,1552292999,0
903,22593,1552292999,0
903,22643,1552292999,0
903,22504,1552292999,0
903,18207,1552292999,-1
903,8125,1552293000,-1
903,9708,1552293000,0
903,8174,1552293000,0
903,23011,1552293000,0
903,23048,1552293000,0
903,23046,1552293000,0
903,9951,1552314628,0
903,14512,1552314628,0
903,14481,1552314628,0
903,9927,1552314628,0
903,9950,1552314628,0
903,9948,1552314628,0
903,9949,1552314628,0
903,18842,1552322198,0
903,22640,1552322198,1
903,18206,1552322198,0
904,10736,1552315584,-1
904,10542,1552315584,-1
904,17095,1552315584,0
904,9910,1552315584,0
904,24068,1552315584,-1
904,23857,1552315584,-1
904,24068,1552315584,0
904,13125,1552315584,1
904,24068,1552318307,1
904,13125,1552318307,0
904,10542,1552318307,0
904,10736,1552318307,0
904,20138,1552318307,0
906,19280,1552287756,1
907,18895,1552286459,0
907,5389,1552286459,0
907,12513,1552286459,0
907,19081,1552286459,0
907,18906,1552286459,0
908,17915,1551886337,0
908,7781,1552278997,0
908,18590,1551886337,0
908,18207,1551886337,1
908,7784,1552278997,0
908,17922,1551886337,1
908,10724,1551886337,1
908,7769,1552278997,0
908,7787,1552278997,0
908,5597,1552278997,0
908,18207,1551886337,-1
908,17926,1552278673,0
908,17922,1551886337,0
908,18224,1551886337,0
908,18224,1552278673,0
908,18207,1551886337,-1
908,18207,1551886337,-1
908,18207,1551886337,0
908,4337,1551886337,0
908,24101,1551886337,0
908,17927,1551886337,1
908,17922,1551886337,-1
908,17927,1551886337,1
908,7785,1552278997,0
908,18206,1551886337,0
908,17915,1551886337,0
908,18224,1551886337,0
908,17927,1551886337,0
908,13397,1551886337,0
908,7774,1552278997,0
908,18207,1551886337,0
908,17926,1551902641,0
908,10732,1551886337,0
908,18207,1551886337,0
908,17922,1551886337,0
908,1281,1551886337,0
908,1280,1551886337,0
908,17915,1551886337,0
908,17927,1552278673,0
908,18224,1551886337,0
908,7779,1552278997,0
908,18613,1551886337,0
908,8013,1552278997,0
908,17922,1551886337,-1
908,7112,1552278997,0
908,10247,1551886337,0
908,18223,1551886337,0
908,17922,1551902641,1
908,18224,1551886337,0
908,17927,1551886337,1
908,19647,1552278997,0
908,17922,1551886337,1
908,8694,1552278997,0
908,24101,1551886337,1
908,7770,1552278997,0
908,17922,1551886337,1
908,18224,1551886337,0
908,7772,1552278997,0
908,10542,1551886337,0
908,13050,1551886337,0
910,18590,1552038995,0
911,11975,1552023689,0
911,11738,1552023689,0
912,386,1551786831,1
912,386,1552023326,0
913,8694,1551971021,0
913,20946,1551971021,0
913,20946,1551971021,0
913,17558,1551971021,1
913,6605,1551971021,0
913,8694,1551971021,1
915,5293,1551956282,-1
915,15575,1551956282,-1
915,10724,1551956282,1
916,10037,1551930691,0
916,10031,1551930691,-1
916,10041,1551930691,-1
916,10044,1551930691,-1
917,12155,1551930524,0
917,2079,1551930524,0
917,6745,1551930628,0
919,10587,1551886337,1
919,5308,1551886337,0
919,10714,1551886337,-1
919,10667,1551886337,1
919,10588,1551886337,0
919,10587,1551886337,1
920,15353,1551886337,0
921,364,1551802113,0
921,7781,1551802273,0
921,364,1551854321,-1
921,7781,1551854955,0
922,8140,1551707990,0
923,4482,1551694037,0
925,10591,1551674868,0
926,9719,1551449976,0
928,10686,1551342400,0
928,10591,1551342400,0
928,10667,1551342400,0
928,10587,1551342400,0
929,12476,1551325286,0
929,1558,1551325286,0
929,18716,1551325286,0
929,23664,1551325286,0
929,5463,1551328376,0
929,5456,1551328376,0
929,12777,1551329133,0
929,17961,1551329133,0
929,17961,1551333661,1
929,1558,1551333661,0
929,1858,1551338913,0
930,4860,1551254258,1
930,10606,1551254258,0
930,10607,1551254258,0
930,11956,1551254258,0
930,11828,1551254258,0
930,11825,1551254258,0
930,11686,1551254258,0
930,11826,1551254258,0
930,23062,1551254258,0
930,24816,1551254258,0
930,11817,1551254258,0
930,15349,1551254258,0
930,11900,1551254258,0
930,18521,1551254258,0
930,18629,1551268438,0
930,23089,1551268438,0
930,16886,1551268438,0
930,18617,1551268438,0
930,22661,1551268438,0
930,18590,1551268438,1
930,24398,1551268438,-1
930,11867,1551268438,0
930,10732,1551268438,-1
930,5888,1551268438,0
930,11697,1551268438,0
930,11686,1551268438,0
930,5862,1551268438,0
930,4845,1551268438,0
930,5914,1551268438,0
930,18618,1551285636,0
930,11694,1551332608,0
930,11693,1551332608,0
930,18618,1551334061,1
933,4860,1551185863,1
933,4860,1551186128,0
933,4860,1551242575,1
933,9213,1551244858,0
933,9214,1551244858,0
933,12158,1551244858,0
933,15344,1551244858,-1
933,15395,1551244858,0
933,14510,1551244858,0
933,21314,1551244858,0
933,17450,1551244858,0
933,16233,1551244858,-1
933,15518,1551244858,0
933,15849,1551244858,0
933,17209,1551244858,0
933,16398,1551244858,0
933,9938,1551244858,0
933,8758,1551244858,-1
933,9947,1551244858,0
933,12159,1551244858,1
933,9941,1551244858,0
933,9942,1551244858,0
933,9215,1551244858,0
933,10000,1551244858,0
933,9940,1551244858,0
933,8369,1551244858,0
933,8757,1551244858,-1
933,8691,1551244858,0
933,8688,1551244858,0
933,8690,1551244858,0
933,20995,1551244858,0
933,24197,1551244858,0
933,24218,1551244858,0
933,16061,1551244858,-1
933,19745,1551244858,-1
933,21545,1551244858,0
933,16910,1551244858,0
933,14508,1551244858,0
933,22132,1551244858,0
933,24223,1551244858,0
933,9944,1551244858,0
933,21142,1551244858,-1
933,16397,1551244858,0
933,24225,1551244858,0
933,24227,1551244858,0
933,19410,1551244858,-1
933,24222,1551244858,0
933,14509,1551244858,0
934,23815,1551167777,1
934,11883,1551167777,0
934,10736,1551167777,1
934,18380,1551167777,1
934,19745,1551167777,1
934,12344,1551167777,0
934,18590,1551167777,-1
934,24764,1551167777,1
934,17308,1551167777,-1
934,10542,1551167777,0
934,13125,1551167777,0
934,10736,1551167777,0
934,18590,1551167777,0
934,12859,1551167777,1
934,10736,1551167777,-1
934,22300,1551167777,0
934,15633,1551167777,1
934,1406,1551167777,1
934,24689,1551167777,0
934,12937,1551167777,0
934,10732,1551167777,0
934,22439,1551167777,0
934,24728,1551167777,1
934,13060,1551167777,0
934,20797,1551167777,0
934,17793,1551167777,0
934,18590,1551167777,0
934,8865,1551167777,0
934,19743,1551167777,0
934,23815,1551167777,0
934,18316,1551167777,0
934,22942,1551167777,-1
934,9194,1551167777,0
934,10732,1551167777,-1
934,11924,1551167777,0
934,1141,1551167777,0
934,24385,1551167777,0
934,19846,1551167777,-1
934,14175,1551167777,0
934,7234,1551167777,0
934,24821,1551167777,0
934,1129,1551167777,0
934,13059,1551167777,0
934,12937,1551167777,0
934,11913,1551167777,1
934,24779,1551167777,1
934,11883,1551167777,0
934,24773,1551167777,1
934,14178,1551167777,-1
934,15788,1551167777,0
934,20138,1551167777,0
934,17828,1551167777,0
934,17915,1551167777,0
934,18590,1551167777,0
934,5862,1551167777,-1
934,14410,1551167777,0
934,21436,1551167777,0
934,24368,1551167777,0
934,13060,1551167777,0
934,12878,1551167777,1
935,8173,1551167777,0
936,10252,1551154658,0
937,14805,1551109937,0
937,20902,1551109937,0
937,17426,1551154541,0
938,22774,1551102602,1
938,22768,1551102602,0
938,16782,1551102602,0
938,17317,1551103120,0
938,22774,1551103120,0
941,15767,1550825316,0
941,8263,1550825316,0
941,6486,1550827146,0
941,6872,1550827146,0
941,6498,1550827146,0
941,6484,1550827146,0
942,6872,1550820854,0
942,6314,1550820854,0
942,6332,1550820854,0
942,6496,1550820854,0
942,15640,1550820854,0
942,6954,1550820854,0
942,6635,1550820854,0
942,6210,1550820854,0
942,6755,1550820854,0
942,2866,1550820854,0
942,14957,1550820854,0
942,6709,1550820854,0
942,6516,1550820854,0
942,6837,1550820854,0
942,6275,1550820854,0
942,6885,1550820854,0
942,9955,1550820854,0
942,6587,1550820854,-1
942,6995,1550820854,0
942,6688,1550820854,0
942,6209,1550820854,0
942,6263,1550820854,0
942,7026,1550820854,0
942,6311,1550820854,0
942,6521,1550820854,0
942,6486,1550820854,-1
942,6670,1550820854,0
942,24436,1550820854,0
942,6781,1550820854,0
942,6711,1550820854,0
942,6744,1550820854,0
942,6494,1550820854,0
942,333,1550820854,0
942,15560,1550820854,0
942,24456,1550820854,0
942,14378,1550820854,0
942,602,1550820854,-1
942,6666,1550820854,0
942,6982,1550820854,0
942,6517,1550820854,0
942,6707,1550820854,0
942,10072,1550820854,0
942,6984,1550820854,0
942,6596,1550820854,0
942,18497,1550820854,0
942,6605,1550820854,0
942,6294,1550820854,0
942,7029,1550820854,0
942,6476,1550820854,0
942,7013,1550820854,0
942,7024,1550820854,0
942,6279,1550820854,0
942,6908,1550820854,0
942,15230,1550820854,0
942,6281,1550820854,0
942,24464,1550820854,0
942,6495,1550820854,0
942,6745,1550820854,0
942,6366,1550820854,0
942,6490,1550820854,0
943,19084,1550749310,1
944,24800,1550669918,0
944,24624,1550669918,0
944,24617,1550669918,-1
944,24800,1550669935,0
945,9136,1550651978,1
945,9129,1550651978,1
945,18925,1550651978,1
945,18924,1550651978,1
946,12278,1550570196,1
947,9296,1550569704,1
947,9299,1550569704,0
947,12279,1550569704,0
947,12280,1550569704,0
947,12278,1550569704,1
947,12282,1550569704,0
947,12283,1550569704,1
947,5811,1550569704,0
947,12281,1550569704,0
948,5486,1550559949,0
948,9966,1550559949,0
948,602,1550559949,0
948,2876,1550559949,0
948,5485,1550559949,0
948,10354,1550560330,0
949,12404,1550436745,1
949,12407,1550436745,0
950,10338,1550397041,1
950,23059,1550397041,0
950,5989,1550397041,0
950,10606,1550397041,1
952,10988,1550217814,0
953,6129,1550214039,-1
953,6129,1550214124,0
955,5368,1550156560,0
955,5372,1550156560,1
955,5370,1550156560,1
955,5372,1550157226,0
955,5368,1550157226,0
955,5370,1550157226,0
957,18733,1550140640,0
957,18922,1550140640,0
957,18206,1550140640,0
957,18916,1550140640,0
960,4602,1550082121,-1
962,7358,1550064455,1
962,7356,1550064455,-1
963,24560,1550061398,1
963,24716,1550061398,1
963,24713,1550061398,1
963,24711,1550061398,0
963,24715,1550061398,1
963,24560,1550061645,0
963,24713,1550063584,1
963,24716,1550063584,1
963,24715,1550063584,1
963,24711,1550063584,0
963,24560,1550063584,1
964,4487,1550051016,1
964,4486,1550051016,0
964,7754,1550051017,-1
964,7754,1550051017,1
967,9696,1548659647,0
967,22933,1548659647,0
967,4859,1548659647,1
967,5780,1548659647,0
967,5585,1548659647,0
967,5793,1548659647,0
967,4535,1548659647,1
967,22939,1548659647,0
967,22934,1548659647,0
967,4535,1549982217,1
967,5590,1549982217,0
967,4533,1549982217,0
968,10031,1549976370,1
968,10031,1549976714,0
970,10716,1549959323,0
970,8665,1549959323,0
970,8649,1549959323,0
970,25218,1549959323,0
970,20881,1549959323,0
973,229,1549864693,0
973,23414,1549864693,0
974,21112,1549552741,0
975,13833,1549546202,0
975,4660,1549546202,1
976,14963,1549524450,0
978,21114,1549450008,1
978,4228,1549450008,0
979,12456,1549444565,0
