979,12883,1549444565,0
979,18246,1549444565,0
979,18126,1549444565,0
979,10724,1549444565,0
979,23742,1549444565,0
980,5295,1549443114,0
981,25738,1548151435,0
981,19084,1549433221,0
982,4482,1549264559,0
982,5485,1549264559,1
982,4499,1549343905,0
982,4491,1549343905,0
982,601,1549343905,0
982,2873,1549343905,0
982,4493,1549343905,0
982,10487,1549345398,0
982,2876,1549386158,0
983,24681,1549375265,0
983,24514,1549375265,0
983,24678,1549375265,0
983,24680,1549375265,0
983,24430,1549379882,0
984,10020,1549371821,0
984,10017,1549371821,0
985,14363,1549363405,0
985,16348,1549363405,1
985,1,1549363405,0
985,17764,1549363405,0
985,17764,1549364347,0
985,16348,1549364347,1
985,14363,1549364347,1
985,1,1549364347,1
986,13701,1549360240,0
986,24062,1549360240,0
986,10818,1549362424,0
986,10819,1549362424,0
988,17880,1549265878,1
988,8820,1549265878,-1
988,8820,1549275141,0
988,16235,1549275141,1
988,16209,1549275141,0
988,8820,1549275141,0
989,25660,1549012033,1
989,27675,1549012033,1
990,24536,1548943744,1
992,18945,1548884329,0
992,29532,1548884329,0
993,24536,1548857312,1
993,24695,1548857312,1
993,24692,1548857312,0
993,24692,1548857312,-1
993,24696,1548857312,1
993,24696,1548857313,-1
993,24692,1548857313,1
993,24695,1548857313,1
993,24536,1548857313,-1
993,24695,1548857313,1
993,24536,1548857313,1
993,24696,1548857313,1
993,24536,1548857313,-1
993,24692,1548857313,0
993,24695,1548857313,1
993,24696,1548857313,-1
993,24692,1548860356,0
993,24695,1548860356,1
993,24536,1548860356,1
993,24696,1548860356,1
995,29553,1548606483,-1
995,26473,1548606483,0
995,29437,1548606483,0
995,29592,1548606483,-1
995,9989,1548606483,0
995,26472,1548606483,0
995,27233,1548606483,0
995,22139,1548606483,0
995,25560,1548606483,0
995,27202,1548606483,0
995,26470,1548606483,-1
995,26471,1548606483,0
995,25646,1548745471,0
996,27044,1548739443,1
996,26229,1548739443,0
996,29559,1548739443,1
996,29561,1548739443,0
996,29560,1548739443,0
996,26160,1548742127,1
996,26157,1548742127,1
996,25626,1548742636,0
996,29558,1548742636,0
996,28770,1548742636,0
997,14377,1548703939,0
997,24319,1548703939,0
997,10017,1548703939,0
997,4210,1548703939,0
997,4828,1548703939,0
997,9966,1548703939,0
997,10019,1548703939,0
997,29562,1548703939,0
998,18924,1548683025,1
998,18925,1548683025,1
998,9129,1548683025,1
998,12388,1548683025,1
998,7714,1548683025,-1
998,9137,1548683025,1
998,9136,1548683025,1
998,9135,1548683025,0
998,12142,1548683025,0
998,12144,1548683025,-1
998,6797,1548683025,0
998,6795,1548683025,0
999,29453,1548680429,1
1000,15864,1548669196,0
1000,20284,1548669196,-1
1000,20311,1548670300,0
1000,18094,1548670300,1
1000,12086,1548670300,0
1000,542,1548671024,-1
1000,12409,1548671910,0
1000,9638,1548671910,-1
1000,4850,1548671910,0
1000,4851,1548671910,0
1001,601,1548668317,-1
1001,2873,1548668317,-1
1001,5485,1548668317,0
1002,377,1548667953,0
1003,19471,1547640629,1
1003,12028,1548659291,1
1003,7889,1548659291,0
1003,7888,1548659291,0
1003,19471,1548659291,-1
1003,19496,1548659291,0
1003,6189,1548659550,0
1003,12028,1548659550,0
1005,29437,1548338279,0
1005,25548,1548338279,-1
1005,26379,1548338279,0
1005,28323,1548338279,0
1005,25560,1548338279,0
1005,26398,1548338279,0
1005,28320,1548338279,0
1005,28326,1548338279,0
1005,28322,1548338279,0
1005,27212,1548338279,0
1005,28768,1548338279,0
1005,28324,1548338279,0
1005,28325,1548338279,0
1005,28327,1548338279,0
1005,27142,1548338279,0
1005,27132,1548338279,0
1005,29449,1548338279,1
1005,8783,1548338280,0
1005,745,1548338280,0
1005,752,1548338280,0
1005,743,1548338280,0
1005,29056,1548338280,0
1005,28957,1548338280,0
1008,25919,1548264767,0
1008,25924,1548264767,1
1009,15660,1548252117,-1
1009,5432,1548252117,1
1010,4620,1548250801,0
1010,12298,1548250801,0
1010,27423,1548250801,0
1010,23472,1548250801,0
1010,21311,1548250801,0
1010,27422,1548250801,0
1010,21303,1548250801,0
1010,21505,1548250801,0
1010,29660,1548250801,0
1010,16019,1548250802,0
1010,12195,1548250802,0
1010,12196,1548250802,0
1010,12090,1548250802,0
1010,4469,1548250802,0
1010,7510,1548250802,0
1010,7529,1548250802,0
1010,4356,1548250802,0
1010,29164,1548250802,0
1010,29147,1548250802,0
1010,29163,1548250802,0
1010,29146,1548250802,0
1010,1163,1548250802,0
1010,12090,1548250802,1
1010,26916,1548250802,0
1010,26444,1548250802,0
1010,26918,1548250802,0
1010,27882,1548250802,0
1010,27885,1548250802,0
1010,27899,1548250802,0
1010,27902,1548250802,0
1010,27904,1548250802,0
1010,26917,1548250802,0
1010,26771,1548250802,0
1010,27897,1548250802,0
1010,27905,1548250802,0
1010,27884,1548250802,0
1010,26708,1548250802,0
1010,27883,1548250802,0
1010,29631,1548250802,0
1010,27880,1548250802,0
1010,27881,1548250802,0
1010,27898,1548250802,0
1010,27577,1548250802,0
1010,28500,1548250802,0
1010,27860,1548250802,0
1010,27900,1548250802,0
1010,27901,1548250802,0
1010,27903,1548250802,0
1015,29561,1548195038,0
1015,29695,1548195038,0
1015,26229,1548195038,0
1015,28318,1548195038,0
1015,4665,1548195038,0
1015,29304,1548195039,0
1015,28957,1548195039,0
1015,29055,1548195039,0
1015,29006,1548195039,0
1018,4486,1548167656,0
1018,4487,1548167656,0
1018,4487,1548167656,-1
1018,4486,1548167657,1
1019,2931,1548099153,0
1020,27496,1544167599,1
1020,29505,1547714229,0
1020,26374,1547714229,0
1020,29715,1547714229,0
1020,29468,1547714229,-1
1020,29714,1547714229,0
1020,29470,1547714229,0
1020,29716,1547714229,0
1020,27496,1547714229,1
1020,27496,1547719629,-1
1020,29470,1547719629,1
1020,29716,1547719629,0
1020,29505,1547719629,-1
1020,29468,1547719629,1
1020,26374,1547719629,1
1020,29714,1547719629,-1
1020,29715,1547719629,1
1020,29470,1547820674,-1
1020,29716,1547820674,0
1020,27496,1547820674,1
1020,29505,1547820674,1
1020,29715,1547820674,-1
1020,26374,1547820674,-1
1020,29714,1547820674,1
1020,29468,1547820674,-1
1023,24523,1547809476,0
1025,27320,1547717574,1
1025,25804,1547717574,-1
1025,29644,1547717574,0
1025,25804,1547719271,-1
1025,27320,1547719271,0
1025,29148,1547788666,0
1026,25791,1547721894,-1
1027,20543,1547710283,0
1027,12353,1547710283,0
1027,7259,1547710283,0
1027,1566,1547710283,1
1027,1564,1547710283,0
1028,4563,1547651637,1
1029,7714,1547634848,1
1030,29118,1547623350,0
1030,2870,1547628434,-1
1030,4210,1547628434,1
1031,26214,1547621806,1
1032,12144,1547567192,1
1033,483,1547566724,0
1033,2156,1547566724,0
1033,7714,1547566724,0
1033,18925,1547566724,0
1034,2874,1547548930,0
1034,4222,1547548930,0
1034,601,1547548930,-1
1034,2870,1547548930,1
1034,2874,1547548930,1
1034,2877,1547548930,0
1034,2873,1547548930,0
1034,5485,1547548930,0
1037,4670,1547480087,0
1037,413,1547480087,0
1037,10044,1547480087,0
1037,8854,1547480087,0
1037,12144,1547480087,0
1037,4856,1547480087,0
1037,19542,1547480087,0
1037,16790,1547480087,0
1037,2873,1547451845,-1
1037,29717,1547480087,0
1037,4877,1547480087,0
1037,10477,1547480087,0
1037,2870,1547451845,0
1037,5806,1547480087,0
1037,12155,1547480087,0
1037,29637,1547480087,0
1037,4780,1547480087,0
1037,601,1547451845,1
1037,14799,1547480087,0
1037,12256,1547480087,0
1037,4807,1547480087,0
1037,5629,1547480087,0
1037,17256,1547480087,0
1037,16014,1547480087,0
1037,421,1547480087,0
1037,19056,1547480087,0
1037,18825,1547480087,0
1037,5618,1547480087,0
1037,8682,1547480087,0
1037,4521,1547480087,0
1037,18823,1547480087,0
1037,25731,1547480087,0
1037,4844,1547480087,0
1037,12145,1547480087,0
1037,18852,1547480087,0
1037,2870,1547495574,1
1037,29721,1547480087,0
1037,4612,1547480087,0
1037,29719,1547480087,0
1037,8780,1547480087,0
1037,7172,1547480087,0
1037,9163,1547480087,0
1037,5616,1547480087,0
1037,7082,1547480087,0
1037,18851,1547480087,0
1037,15495,1547480087,0
1037,18824,1547480087,0
1037,22297,1547480087,0
1037,215,1547480087,0
1037,418,1547480087,0
1037,18849,1547480087,0
1037,18820,1547480087,0
1037,24542,1547480087,0
1037,4634,1547480087,0
1037,422,1547480087,0
1037,16962,1547480087,0
1037,15120,1547480087,0
1037,18831,1547480087,0
1037,4817,1547480087,0
1037,196,1547480087,0
1038,25207,1547285506,-1
1038,25203,1547285506,-1
1038,25203,1547285593,0
1038,2882,1547296117,-1
1038,7052,1547296117,0
1040,381,1547200229,0
1040,8125,1547200229,1
1042,12394,1547114584,1
1043,24567,1547111525,1
1043,24721,1547111525,1
1043,24722,1547111525,1
1044,10017,1547104639,0
1044,10017,1547104781,0
1044,10019,1547104781,0
1045,7569,1547026653,0
1045,26844,1547026653,0
1045,29649,1547026653,0
1045,29659,1547026653,1
1045,29659,1547026894,0
1047,28493,1535609750,0
1047,28667,1535609750,0
1047,27886,1535609750,0
1047,26863,1535609750,0
1047,14895,1535609750,0
1047,26884,1535609750,0
1047,26697,1535609750,0
1047,27144,1535609750,0
1047,26801,1535609750,0
1047,28457,1535609750,0
1047,8928,1535609750,0
1047,27695,1535609750,0
1047,28318,1535609750,0
1047,9591,1535609750,0
1047,31958,1535609750,0
1047,31091,1535609750,0
1047,30914,1535609750,0
1047,28558,1535609750,0
1047,26587,1535609750,0
1047,28164,1535609750,0
1047,9945,1535609750,1
1047,16681,1535609750,0
1047,27708,1535609750,0
1047,30887,1535609750,0
1047,6189,1535524113,-1
1047,28001,1535609750,0
1047,28377,1535609750,0
1047,28759,1535609750,0
1047,28308,1535609750,0
1047,28497,1535609750,0
1047,31983,1535609750,0
1047,27472,1535609750,0
1047,28355,1535609750,0
1047,28685,1535609750,0
1047,27786,1535609750,0
1047,9367,1535609750,0
1047,30838,1535609750,0
1047,27261,1535609750,0
1047,28236,1535609750,0
1047,28714,1535609750,0
1047,28818,1535609750,0
1047,27096,1535609750,0
1047,27516,1535609750,0
1047,26490,1535609750,0
1047,27076,1535609750,0
1047,10346,1544683948,0
1047,10346,1535524113,0
1047,26696,1535609750,0
1047,26967,1535609750,0
1047,8351,1535609750,0
1047,28158,1535609750,0
1047,27177,1535609750,0
1047,26802,1535609750,0
1047,27833,1535609750,0
1047,26448,1535609750,0
1047,27852,1535609750,0
1047,16673,1535609750,0
1047,4229,1535609750,0
1047,28012,1535609750,0
1047,31040,1535609750,0
1048,24567,1546953621,1
1048,24722,1546953621,1
1048,24721,1546953621,1
1048,24721,1546953918,0
1048,24722,1546953918,0
1048,24567,1546953918,0
1050,26214,1546880692,0
1050,26240,1546880692,0
1050,25813,1546880692,0
1050,26188,1546880692,0
1050,5780,1546880692,0
1050,215,1546880692,-1
1050,4964,1546880692,-1
1050,215,1546932411,1
1050,4964,1546932411,1
1050,5780,1546932411,0
1051,4964,1546869327,0
1051,215,1546869327,1
1051,4964,1546869346,0
1051,4964,1546869361,0
1051,5790,1546869361,0
1051,215,1546869361,0
1051,5780,1546869760,0
1052,25187,1546509199,1
1054,1224,1546416901,0
1055,24826,1544541806,-1
1055,24826,1546192656,0
1055,24826,1546192808,0
1056,25112,1546163984,0
1056,25111,1546164588,0
1058,22906,1545995035,0
1058,1043,1545995035,1
1060,29666,1545424498,0
1060,29662,1545424498,0
1061,22908,1545405838,1
1063,24430,1545402022,0
1065,10365,1545313087,1
1067,5863,1545308921,0
1067,10338,1545308921,-1
1068,416,1545296914,0
1069,24949,1545220307,0
1069,1999,1545220307,1
1069,4199,1545220307,1
1069,5453,1545220307,1
1069,16049,1545220307,1
1069,8768,1545220307,0
1070,28118,1545206112,0
1073,25661,1545053862,0
1073,25662,1545053862,0
1074,529,1545052029,1
1075,737,1545033541,0
1077,5259,1544608589,0
1077,5259,1544707089,0
1078,25738,1544699184,0
1079,5381,1544690256,0
1079,5379,1544690256,0
1079,5380,1544690256,0
1079,9789,1544690256,0
1079,5382,1544690256,0
1079,2336,1544690256,0
1079,2337,1544690256,0
1079,9788,1544690256,0
1079,2336,1544691125,0
1079,2337,1544691125,0
1079,5379,1544691125,0
1079,5380,1544691125,0
1079,5382,1544691350,0
1079,7002,1544691350,0
1080,9701,1544618083,0
1081,415,1544608611,0
1081,1876,1544608611,0
1081,7633,1544611502,0
1081,7540,1544611502,0
1082,8779,1544438924,0
1082,8781,1544438924,0
1082,4741,1544438924,0
1082,8780,1544438924,0
1082,6653,1544438924,0
1082,442,1544438924,0
1082,17855,1544438924,0
1082,21308,1544438924,0
1082,6655,1544445607,0
1083,540,1544427660,1
1083,540,1544427685,0
1083,4932,1544428098,0
1084,24368,1544427353,-1
1084,24362,1544427353,0
1084,24362,1544427375,0
1084,24368,1544427611,0
1084,24376,1544427611,0
1084,24378,1544427611,0
1085,4228,1544183454,1
1085,4228,1544183461,0
1085,21114,1544183461,0
1086,24464,1544022795,0
1086,24619,1544022795,0
1086,24622,1544022795,1
1086,24796,1544022795,1
1086,24619,1544022819,0
1087,8369,1544012258,1
1087,74,1544012258,0
1088,4345,1544011960,1
1088,4572,1544011960,1
1088,4573,1544011960,1
1088,4346,1544011960,1
1088,21108,1544011960,0
1088,18998,1544011960,1
1088,18931,1544011960,1
1088,18998,1544012034,0
1088,4573,1544012034,0
1089,21944,1544011845,0
1089,21947,1544011845,1
1089,21945,1544011845,0
1089,21946,1544011845,0
1090,17955,1544011563,0
1091,18998,1544011404,0
1091,21112,1544011404,0
1091,4573,1544011404,0
1091,4345,1544011404,0
1091,4228,1544011404,0
1091,4572,1544011404,0
1091,4346,1544011404,0
1091,21113,1544011404,0
1091,21108,1544011404,0
1091,18931,1544011404,0
1091,21110,1544011404,0
1091,21109,1544011404,0
1092,20719,1544006115,0
1092,20721,1544006115,0
1092,20722,1544006115,0
1092,20723,1544006115,0
1092,4694,1544006115,0
1092,7089,1544006115,0
1092,8543,1544006115,0
1092,8542,1544006115,0
1092,6486,1544006115,0
1092,20720,1544006115,0
1093,4228,1544000427,0
1094,4607,1544000381,1
1095,4607,1544000118,0
1096,17944,1543999457,0
1096,7093,1543999457,0
1096,422,1543999457,0
1096,17946,1543999457,0
1096,17950,1543999457,0
1096,17948,1543999457,0
1096,17951,1543999457,0
1096,20775,1543999457,0
1096,12267,1543999457,0
1096,17949,1543999457,0
1096,8571,1543999457,0
1096,8570,1543999457,0
1097,26005,1543997451,1
1097,26160,1543997451,0
1098,270,1536127776,0
1098,272,1536127776,0
1098,1567,1536127776,0
1098,274,1536127776,0
1098,1567,1543934530,0
1098,274,1543934530,1
1099,416,1543932606,1
1099,416,1543932618,1
1100,26160,1543930260,0
1100,26005,1543930260,1
1100,26174,1543930260,0
1100,26160,1543931545,0
1101,80,1543929598,0
1101,86,1543929598,1
1102,29585,1532524767,0
1102,29581,1532524767,0
1102,24326,1543929069,0
1102,1046,1543929069,1
1102,9975,1543929069,1
1102,9976,1543929069,0
1102,10476,1543929069,1
1103,20510,1543911790,0
1104,29649,1543911568,0
1105,5372,1543849723,0
1105,5370,1543849723,0
1105,5368,1543849723,0
1105,5371,1543849723,0
1106,4607,1543848459,0
1106,4607,1543848482,0
1107,1043,1543848437,-1
1109,7161,1543568102,0
1109,7160,1543568102,0
1109,21113,1543568102,1
1109,21099,1543568102,0
1109,21101,1543568102,1
1110,10019,1543564242,0
1110,4828,1543564242,0
1110,10017,1543564242,0
1111,1566,1541748838,0
1112,27826,1541689618,0
1112,6511,1541689618,0
1112,9363,1541689618,0
1112,26765,1541689618,-1
1112,27397,1541689618,-1
1112,15932,1541689618,0
1112,7439,1541689618,0
1112,22906,1541689618,0
1112,4633,1541689618,0
1112,23183,1541689618,0
1112,26120,1541689618,0
1112,728,1541689618,0
1112,25657,1541689618,0
1112,20843,1541689618,0
1112,18273,1541689618,0
1112,25676,1541689618,0
1112,30040,1541689618,0
1112,21430,1541689618,0
1112,6876,1541689618,0
1112,9743,1541689618,0
1112,30565,1541689618,1
1112,22679,1541689618,0
1112,27457,1541689618,0
1112,28249,1541689618,0
1112,7522,1541689618,0
1112,26264,1541689618,0
1112,17267,1541689618,0
1112,4800,1541689618,0
1112,6316,1541689618,0
1112,5814,1541689618,0
1112,21014,1541689618,0
1112,9951,1541689618,0
1112,20195,1541689618,0
1112,9914,1541689618,0
1112,9340,1541689618,0
1112,14918,1541689618,0
1112,10403,1541689618,0
1112,25658,1541689618,0
1112,6408,1541689618,0
1112,4669,1541689618,0
1112,24925,1541689618,0
1112,8211,1541689618,0
1112,421,1541689618,0
1112,8107,1541689618,1
1112,7524,1541689618,0
1112,15557,1541689618,0
1112,28464,1541689618,0
1112,4715,1541689618,0
1112,15507,1541689618,0
1112,25745,1541689618,0
1112,26870,1541689618,0
1112,22209,1541689618,0
1112,28323,1541689618,0
1112,9690,1541689618,0
1112,25029,1541689618,0
1112,27591,1541689618,0
1112,26632,1541689618,0
1112,15537,1541689618,0
1112,15151,1541689618,0
1112,10526,1541689618,-1
1113,24619,1541680977,1
1113,24622,1541680977,1
1113,24464,1541680977,0
1113,24619,1541682147,-1
1116,1566,1541593016,0
1116,274,1541593016,0
1116,1567,1541593016,0
1116,274,1541593016,1
1116,1567,1541593016,0
1116,1566,1541593016,1
1116,1567,1541593016,0
1116,274,1541593016,0
1117,17406,1541587701,1
1122,4864,1538035342,1
1122,16891,1541144256,0
1123,10338,1540810811,0
1123,22439,1540810811,0
1124,4313,1540487818,0
1124,22468,1540487818,0
1124,24885,1540487818,0
1124,16245,1540487818,-1
1124,28414,1540487818,0
1124,26766,1540487818,-1
1124,5431,1540487818,0
1124,22601,1540487818,1
1124,9577,1540487818,0
1124,20298,1540487818,0
1124,9575,1540487818,0
1124,22597,1540487818,0
1124,22645,1540487818,0
1124,6289,1540487818,0
1124,6533,1540487818,0
1124,27316,1540487818,0
1124,26914,1540487818,0
1124,27965,1540487818,0
1124,519,1540487818,0
1124,16648,1540487818,0
1124,525,1540487818,0
1124,7510,1540487818,0
1124,27728,1540487818,0
1124,9652,1540487818,0
1124,24759,1540487818,0
1124,26731,1540487818,0
1124,28464,1540487818,0
1124,28357,1540487818,0
1124,15982,1540487818,0
1124,15121,1540487818,0
1124,28009,1540487818,0
1124,1137,1540487818,0
1124,26654,1540487818,0
1124,8323,1540487818,0
1124,24633,1540487818,0
1124,26423,1540487818,0
1124,25755,1540487818,0
1124,15395,1540487818,-1
1124,8970,1540487818,0
1124,27335,1540487818,0
1124,27922,1540487818,0
1124,7435,1540487818,0
1124,27062,1540487818,-1
1124,5918,1540487818,0
1124,25819,1540487818,1
1124,22548,1540487818,-1
1124,2098,1540487818,0
1124,28236,1540487818,0
1124,4805,1540487818,0
1124,6675,1540487818,0
1124,28516,1540487818,0
1124,14500,1540487818,0
1124,27520,1540487818,0
1124,26666,1540487818,-1
1124,7570,1540487818,0
1124,4739,1540487818,0
1124,26031,1540487818,1
1124,16454,1540487818,0
1124,4866,1540487818,0
1124,20443,1540487818,0
1126,10063,1540451826,0
1126,10038,1540451826,-1
1126,10031,1540451826,-1
1126,10041,1540451826,0
1126,10037,1540451826,-1
1126,10042,1540451826,0
1127,15785,1540386478,0
1127,8289,1540386478,1
1127,8289,1540387874,0
1128,1046,1540283136,0
1128,9973,1540283136,0
1128,9976,1540283136,0
1128,9974,1540283136,0
1128,9981,1540283136,0
1128,9979,1540283136,1
1129,8892,1540187657,1
1129,453,1540187657,1
1129,8892,1540187657,1
1129,453,1540187775,0
1132,7180,1540108158,0
1132,29585,1540108158,-1
1132,8965,1540108158,1
1132,25795,1540108158,0
1132,26694,1540108158,1
1132,746,1540108158,1
1132,25760,1540108158,1
1132,20591,1540108158,0
1132,9166,1540108158,1
1132,25680,1540108158,1
1132,20417,1540108158,0
1132,8289,1540108159,-1
1132,30390,1540108158,0
1132,8336,1540108158,0
1132,14491,1540108158,-1
1132,27363,1540108158,0
1132,22676,1540108158,0
1132,29609,1540108158,1
1132,31938,1540108158,1
1132,26927,1540108158,1
1132,29584,1540108158,0
1132,1371,1540108158,0
1132,16330,1540108158,0
1132,30182,1540108158,0
1132,7639,1540108158,0
1132,15928,1540108158,0
1132,16767,1540108158,0
1132,1022,1540108158,0
1132,8357,1540108159,0
1132,18055,1540108158,1
1132,1999,1540108158,0
1132,24827,1540108158,0
1132,18520,1540108159,0
1132,7444,1540108158,1
1132,25926,1540108159,0
1132,30608,1540108158,1
1132,18389,1540108158,0
1132,30056,1540108158,0
1132,24933,1540108158,1
1132,30063,1540108158,0
1132,7535,1540108158,1
1132,26658,1540108158,1
1132,26847,1540108158,1
1132,20421,1540108158,0
1132,26270,1540108158,0
1132,24593,1540108158,0
1132,16144,1540108158,1
1132,30967,1540108158,1
1132,27108,1540108158,0
1132,15490,1540108158,0
1132,30682,1540108158,0
1132,2010,1540108158,0
1132,25672,1540108158,-1
1132,24973,1540108158,0
1132,30046,1540108158,0
1132,4655,1540108158,-1
1132,10156,1540108158,0
1132,29596,1540108158,0
1132,8724,1540108159,0
1132,26681,1540108158,1
1133,5775,1540108159,0
1133,4689,1540108159,0
1133,4743,1540108159,1
1133,8358,1540108159,1
1133,8342,1540108159,1
1133,18534,1540108159,0
1133,7927,1540108159,-1
1133,17763,1540108159,0
1133,19001,1540108159,0
1133,16119,1540108159,1
1133,25751,1540108159,0
1133,26221,1540108159,0
1133,26236,1540108159,-1
1133,17410,1540108159,0
1133,26218,1540108159,0
1133,25757,1540108159,0
1133,25779,1540108159,-1
1133,25654,1540108159,0
1133,16429,1540108159,0
1133,16428,1540108159,0
1133,29537,1540108159,1
1133,27302,1540108159,1
1133,30677,1540108159,0
1133,30100,1540108159,-1
1133,30139,1540108159,-1
1133,26202,1540108159,0
1133,26220,1540108159,0
1133,30877,1540108159,0
1133,30101,1540108159,0
1133,30106,1540108159,0
1133,30657,1540108159,0
1133,30688,1540108159,0
1133,30687,1540108159,0
1133,30878,1540108159,0
1133,15498,1540108159,0
1133,27287,1540108159,1
1133,27310,1540108159,0
1133,27361,1540108159,0
1133,26231,1540108159,-1
1133,26235,1540108159,-1
1133,27263,1540108159,0
1133,27298,1540108159,1
1134,30220,1540108157,-1
1134,28290,1540108157,-1
1134,19719,1540108157,-1
1134,15738,1540108157,-1
1134,8111,1540108157,-1
1134,8109,1540108157,-1
1134,8106,1540108157,-1
1134,7611,1540108157,0
1134,5862,1540108157,-1
1134,8113,1540108157,-1
1134,8108,1540108157,-1
1134,8107,1540108157,-1
1134,8105,1540108157,-1
1134,657,1540108157,-1
1134,656,1540108157,-1
1134,30234,1540108157,-1
1134,28057,1540108157,0
1134,30809,1540108157,0
1134,26869,1540108157,-1
1134,15737,1540108157,-1
1134,24398,1540108157,-1
1134,26277,1540108157,0
1134,25791,1540108157,-1
1134,26214,1540108157,-1
1134,26281,1540108157,-1
1134,25751,1540108157,0
1134,25759,1540108157,-1
1135,8118,1540108157,-1
1135,7366,1540108157,0
1135,389,1540108157,0
1135,8193,1540108157,-1
1135,26418,1540108157,0
1135,27608,1540108157,-1
1135,25650,1540108157,0
1135,26420,1540108157,0
1135,18524,1540108157,-1
1135,30964,1540108157,-1
1135,27452,1540108157,0
1136,26656,1540108157,0
1136,27773,1540108157,0
1136,25662,1540108157,0
1136,27675,1540108157,0
1136,27657,1540108157,0
1136,28812,1540108157,0
1136,28148,1540108157,0
1136,25886,1540108157,0
1136,27676,1540108157,0
1137,551,1540108157,-1
1137,12157,1540108157,0
1137,9945,1540108157,0
1137,14838,1540108157,0
1137,14840,1540108157,0
1137,1312,1540108157,0
1137,24985,1540108157,0
1137,23166,1540108157,0
1137,24860,1540108157,0
1137,24863,1540108157,0
1137,24961,1540108157,0
1137,24867,1540108157,0
1137,24933,1540108157,-1
1137,24859,1540108157,0
1137,24862,1540108157,0
1137,25009,1540108157,0
1138,25662,1540108156,0
1138,25661,1540108156,0
1138,25651,1540108156,0
1138,26034,1540108156,0
1138,26177,1540108156,0
1138,26078,1540108156,0
1138,7,1540108156,0
1138,10,1540108156,0
1138,27707,1540108156,-1
1138,25965,1540108156,0
1138,30048,1540108156,0
1140,24711,1539690572,1
1140,24560,1539690572,1
1140,24713,1539690572,1
1140,24716,1539690572,1
1140,24715,1539690979,1
1140,24560,1539692127,0
1140,24716,1539692127,0
1140,24711,1539765771,0
1140,24560,1539765771,1
1140,24713,1539765771,1
1140,24716,1539765771,1
1140,24715,1539767239,1
1140,24715,1539767583,0
1140,24715,1539775914,1
1140,24560,1539775914,1
1140,24716,1539775914,1
1140,24713,1539775914,1
1140,24711,1539775914,0
1141,25824,1539699992,0
1141,26213,1539699992,0
1141,26214,1539699992,0
1141,26231,1539699992,1
1141,26286,1539699992,0
1141,27716,1539699992,1
1142,445,1539673113,1
1142,16213,1539673113,1
1143,10246,1539586433,0
1143,4750,1539586433,1
1144,19545,1539528770,1
1144,19545,1539531743,1
1145,4695,1539242980,1
1145,4695,1539243328,-1
1146,8669,1539154354,0
1147,5906,1513436316,1
1147,25750,1539097957,1
1147,32238,1539097957,0
1149,10019,1538991228,0
1149,10019,1539008922,0
1150,2931,1538962777,1
1152,25790,1533323856,-1
1152,30100,1533323856,0
1152,25926,1533323856,0
1152,26031,1533323856,0
1152,25977,1533323856,1
1152,9966,1533323856,-1
1152,413,1533323856,0
1152,26174,1533323856,0
1152,8458,1533323856,0
1152,25999,1533323856,0
1152,25751,1533323856,-1
1152,25992,1533323856,0
1152,30623,1533323856,0
1152,30684,1533323856,-1
1152,25972,1533323856,0
1152,25964,1533323856,1
1152,26030,1533323856,0
1152,8102,1538777088,0
1152,26160,1533323856,-1
1152,6450,1533323856,0
1152,7301,1533323856,1
1152,6634,1533323856,0
1152,29585,1533323856,0
1152,30621,1533323856,0
1152,26029,1533323856,0
1152,8457,1533323856,0
1152,24623,1533323856,0
1152,25660,1533323856,1
1152,6048,1533323856,0
1152,25936,1533323856,0
1152,20482,1533323856,0
1152,32133,1533323856,0
1152,8102,1533323856,-1
1152,26007,1533323856,0
1152,26014,1533323856,0
1152,24696,1533323856,-1
1152,5259,1533323856,0
1152,25965,1533323856,1
1152,20477,1533323856,0
1152,26018,1533323856,0
1152,25947,1533323856,0
1152,22817,1533323856,0
1152,6047,1533323856,0
1152,26033,1533323856,0
1152,30420,1533323856,0
1152,15901,1533323856,0
1152,25938,1533323856,0
1152,26038,1533323856,0
1152,25994,1533323856,0
1152,30679,1533323856,1
1152,7025,1533323856,0
1152,5927,1533323856,-1
1152,25760,1533323856,-1
1152,20481,1533323856,0
1152,30682,1533323856,-1
1152,8102,1538773412,-1
1152,25693,1533323856,-1
1152,25940,1533323856,0
1152,10533,1538773412,-1
1152,7306,1533323856,0
1153,24536,1538729935,1
1153,24695,1538729935,1
1153,24696,1538729935,1
1154,24696,1538728932,1
1154,24695,1538728932,1
1154,24692,1538728932,0
1154,24536,1538728932,1
1154,24696,1538728932,-1
1154,24536,1538728932,-1
1154,24692,1538728932,0
1154,24695,1538728932,-1
1156,20669,1538657095,1
1156,20670,1538657095,0
1157,9166,1538558622,0
1159,9976,1538294781,0
1159,9976,1538294782,0
1159,9975,1538294782,1
1159,9968,1538294782,-1
1159,10476,1538294782,1
1159,9979,1538294782,1
1159,9981,1538294782,1
1159,1046,1538294782,0
1159,24326,1538294782,-1
1159,9968,1538294782,1
1159,10476,1538294782,1
1159,24326,1538294782,1
1159,9968,1538294782,-1
1159,10476,1538294782,0
1159,1046,1538294782,0
1159,24326,1538294782,-1
1159,24326,1538321004,1
1159,9975,1538321004,1
1159,9976,1538321004,1
1159,1046,1538481073,1
1159,9976,1538481073,0
1159,9975,1538481073,1
1159,24326,1538481073,1
1159,9979,1538481073,1
1159,10476,1538481073,1
1159,9981,1538481073,1
1159,24326,1538489747,1
1159,9968,1538489747,1
1160,416,1538487527,0
1161,24567,1538483690,1
1161,24721,1538483690,1
1161,24722,1538483690,1
1161,24718,1538483690,1
1162,1550,1538461017,-1
1163,416,1538460936,-1
1163,1550,1538460936,-1
1163,1876,1538460936,0
1163,415,1538460936,0
1163,29638,1538460936,-1
1163,29637,1538460936,0
1163,29649,1538460936,1
1163,29637,1538460936,0
1163,1876,1538460936,0
1163,415,1538460936,0
1164,1043,1538427962,1
1165,31094,1538410391,0
1165,28847,1538410391,0
1165,30684,1538410391,0
1165,30715,1538410391,1
1165,30715,1538423846,0
1168,24326,1538042853,1
1168,10476,1538042853,0
1168,10476,1538042853,-1
1168,9968,1538042853,1
1168,10476,1538042853,1
1168,10476,1538042853,1
1168,24326,1538042853,1
1168,9968,1538042853,0
1169,8193,1538030521,0
1169,8187,1538030521,0
1169,8173,1538030521,0
1169,8176,1538030521,-1
1169,8182,1538030521,1
1170,12331,1537792841,0
1170,4655,1537792841,0
1170,4655,1537860490,-1
1171,20008,1537858497,0
1171,8176,1537858497,1
1171,8193,1537858497,1
1172,561,1537815767,1
1173,9971,1537815215,1
1174,5456,1537712628,0
1174,5463,1537712769,0
1176,15141,1537549793,0
1176,15136,1537549793,0
1176,15139,1537549793,0
1176,15142,1537549793,0
1176,15135,1537549793,0
1176,15138,1537549793,0
1176,15143,1537549793,0
1177,4210,1537534730,1
1178,32009,1537465853,0
1178,8665,1537290824,0
1178,9824,1537290824,0
1178,16454,1537290824,0
1178,14834,1537204343,0
1178,21126,1537290824,0
1178,8645,1537290824,0
1178,21662,1537290824,0
1178,16437,1537290824,0
1178,23297,1537290824,0
1178,7608,1537204343,0
1178,17266,1537290824,0
1178,31174,1537290824,0
1178,8754,1537290824,0
1178,15638,1537290824,0
1178,9940,1537465853,0
1178,9365,1537290824,0
1178,5444,1537290824,0
1178,5292,1537290824,0
1178,16263,1537290824,0
1178,13,1537290824,0
1178,23363,1537290824,0
1178,31815,1537204343,0
1178,136,1537290824,0
1178,20404,1537204343,0
1178,14918,1537204343,0
1178,14820,1537204343,0
1178,16475,1537290824,0
1178,16248,1537290824,0
1178,24849,1537290824,0
1178,14786,1537204343,0
1178,4865,1537290824,0
1178,8158,1537290824,0
1178,8829,1537290824,0
1178,5821,1537290824,0
1178,8266,1537290824,0
1178,15716,1537290824,0
1178,31346,1537204343,0
1178,8114,1537290824,0
1178,25014,1537290824,0
1178,17256,1537290824,0
1178,4200,1537290824,0
1178,8823,1537290824,0
1178,24959,1537290824,0
1178,9335,1537290824,0
1178,24881,1537290824,0
1178,12405,1537290824,0
1178,7560,1537204343,0
1178,16794,1537290824,0
1178,8471,1537290824,0
1178,8787,1537290824,0
1178,19009,1537204343,0
1178,19548,1537290824,0
1178,9828,1537290824,0
1178,14921,1537204343,0
1178,31152,1537290824,0
1178,8810,1537290824,0
1178,17286,1537290824,0
1178,16175,1537290824,0
1178,16194,1537290824,0
1179,17406,1537381175,1
1180,30056,1528297636,-1
1180,27146,1528297636,0
1180,27066,1528297636,0
1180,32274,1528297636,0
1180,27069,1528297636,0
1180,27056,1528297636,0
1180,32275,1528297636,0
1180,32278,1528297636,0
1180,29719,1537356684,0
1182,26026,1536933822,1
1182,26246,1536933822,1
1182,31003,1536933822,0
1183,10518,1536931977,1
1183,10518,1536932195,0
1183,10519,1536932336,0
1183,10518,1536932336,0
1183,10520,1536932336,0
1184,20730,1536239360,0
1184,18830,1536239360,0
1184,6490,1536239360,0
1184,7091,1536239361,0
1184,4695,1536239361,0
1184,32137,1536239362,0
1184,32133,1536239362,0
1184,6490,1536320679,0
1184,4695,1536320679,1
1184,18830,1536320679,1
1184,20730,1536320679,0
1184,18830,1536320680,-1
1184,20730,1536573649,0
1184,6490,1536573649,0
1184,4695,1536573649,1
1184,20730,1536577432,0
1184,6490,1536577432,0
1184,4695,1536577432,1
1184,20730,1536577637,0
1184,20730,1536913420,0
1184,18830,1536913420,-1
1184,6490,1536913420,0
1184,4695,1536913420,-1
1184,20730,1536913790,0
1185,4828,1536833266,0
1185,4828,1536833280,0
1186,416,1536736936,-1
1187,8365,1536731780,0
1187,28481,1536731780,0
1187,27821,1536731780,0
1187,15336,1536731780,0
1187,26633,1536731780,0
1187,26404,1536731780,0
1187,20517,1536731780,0
1187,9680,1536731780,0
1187,28719,1536731780,0
1187,26888,1536731780,0
1187,26543,1536731780,0
1187,31029,1536731780,0
1187,27012,1536731780,0
1187,31172,1536731780,0
1187,26026,1536731780,0
1187,27043,1536731780,0
1187,26999,1536731780,0
1187,26128,1536731780,0
1187,26172,1536731780,0
1187,8753,1536731780,0
1187,27710,1536731780,0
1187,27270,1536731780,0
1187,26109,1536731780,0
1187,26704,1536731780,0
1187,18455,1536731780,0
1187,30858,1536731780,0
1187,27878,1536731780,0
1187,28716,1536731780,0
1187,28349,1536731780,0
1187,28387,1536731780,0
1187,8125,1536731780,0
1187,27666,1536731780,0
1187,26783,1536731780,0
1187,27863,1536731780,0
1187,26849,1536731780,0
1187,28054,1536731780,0
1187,8492,1536731780,0
1187,27319,1536731780,0
1187,9444,1536731780,0
1187,30796,1536731780,0
1187,28830,1536731780,0
1187,28278,1536731780,0
1187,30898,1536731780,0
1187,19008,1536731780,0
1187,26467,1536731780,0
1187,27573,1536731780,0
1187,27537,1536731780,0
1187,30863,1536731780,0
1187,25994,1536731780,0
1187,28397,1536731780,0
1187,30991,1536731780,0
1187,28179,1536731780,0
1187,18848,1536731780,0
1187,28737,1536731780,0
1187,9433,1536731780,0
1187,30988,1536731780,0
1187,4773,1536731780,0
1187,25797,1536731780,0
1187,31315,1536731780,0
1187,28234,1536731780,0
1188,7092,1536652548,0
1188,8557,1536652548,0
1188,8558,1536653151,0
1188,7092,1536653151,0
1188,8558,1536653323,-1
1189,27138,1536558533,0
1189,8646,1536558533,0
1189,10038,1536558533,0
1189,8371,1536558533,-1
1189,633,1536558533,0
1189,28766,1536558533,0
1189,31563,1536558533,0
1189,6987,1536558533,0
1189,27451,1536558533,0
1189,31072,1536558533,0
1189,22669,1536558533,0
1189,28263,1536558533,0
1189,27099,1536558533,0
1189,30292,1536558533,0
1189,8710,1536558533,0
1189,7908,1536558533,0
1189,28225,1536558533,0
1189,31001,1536558533,0
1189,7909,1536558533,0
1189,28482,1536558533,0
1189,9442,1536558533,0
1189,26550,1536558533,0
1189,27266,1536558533,0
1189,28543,1536558533,0
1189,9577,1536558533,0
1189,28595,1536558533,0
1189,27261,1536558533,0
1189,27289,1536558533,0
1189,28585,1536558533,0
1189,28740,1536558533,0
1189,27198,1536558533,0
1189,27252,1536558533,0
1189,22625,1536558533,0
1189,28058,1536558533,0
1189,28160,1536558533,0
1189,9400,1536558533,0
1189,26818,1536558533,0
1189,28208,1536558533,0
1189,6787,1536558533,0
1189,22473,1536558533,0
1189,32248,1536558533,0
1189,29557,1536558533,0
1189,28741,1536558533,0
1189,7619,1536558533,0
1189,25809,1536558533,0
1189,10581,1536558533,0
1189,28721,1536558533,0
1189,6048,1536558533,0
1189,25902,1536558533,0
1189,489,1536558533,0
1189,27023,1536558533,0
1189,30920,1536558533,0
1189,336,1536558533,0
1189,28708,1536558533,0
1189,27052,1536558533,0
1189,8292,1536558533,0
1189,30142,1536558533,-1
1189,7621,1536558533,0
1189,26825,1536558533,0
1189,28447,1536558533,0
1191,7808,1536393251,0
1191,669,1536393251,1
1192,17406,1536220089,0
1192,17407,1536220089,0
1192,17411,1536220089,1
1192,17451,1536220089,0
1192,17406,1536220089,0
1192,17411,1536220090,-1
1192,17407,1536220090,-1
1192,17451,1536220090,1
1192,17406,1536220090,0
1193,514,1536171290,0
1193,26160,1536171290,0
1193,514,1536259446,0
1193,9262,1536301350,0
1194,27219,1536214332,0
1194,31047,1536214332,0
1194,26982,1536214332,0
1194,27136,1536214332,0
1194,31017,1536214332,0
1194,30868,1536214332,0
1194,31113,1536214332,0
1194,27005,1536214332,0
1194,28027,1536214332,0
1194,26533,1536214332,0
1194,30957,1536214332,0
1194,28539,1536214332,0
1194,27967,1536214332,0
1194,28068,1536214332,0
1194,30666,1536214332,0
1194,26498,1536214332,0
1194,27886,1536214332,0
1194,27934,1536214332,0
1194,26842,1536214332,0
1194,27830,1536214332,0
1194,26738,1536214332,0
1194,30857,1536214332,0
1194,30801,1536214332,0
1194,27547,1536214332,0
1194,30886,1536214332,0
1194,26831,1536214332,0
1194,28761,1536214332,0
1194,30292,1536214332,0
1194,28370,1536214332,0
1194,30917,1536214332,0
1194,27120,1536214332,0
1194,28247,1536214332,0
1194,26851,1536214332,0
1194,30926,1536214332,0
1194,28702,1536214332,0
1194,27069,1536214332,0
1194,26493,1536214332,0
1194,31088,1536214332,0
1194,27512,1536214332,0
1194,26538,1536214332,0
1194,25988,1536214332,0
1194,26808,1536214332,0
1194,27657,1536214332,0
1194,27243,1536214332,0
1194,28261,1536214332,0
1194,17463,1536221165,0
1194,30971,1536214332,0
1194,27233,1536214332,0
1194,26726,1536214332,0
1194,27733,1536214332,0
1194,27209,1536214332,0
1194,30942,1536214332,0
1194,27884,1536214332,0
1194,30661,1536214332,0
1194,26157,1536214332,0
1194,26965,1536214332,0
1194,28674,1536214332,0
1194,28037,1536214332,0
1194,26826,1536214332,0
1194,30967,1536214332,0
1195,10372,1520245176,0
1195,10397,1520245176,1
1195,10367,1536212607,1
1195,514,1536212607,0
1195,10441,1536212607,0
1195,26160,1536212607,0
1199,25199,1536132084,0
1199,32134,1536132084,0
1199,32146,1536132084,0
1200,5885,1536073365,0
1202,32246,1536047690,0
1203,25188,1534513980,1
1203,30425,1534513980,1
1203,32138,1534513980,1
1203,32133,1534513980,0
1203,30420,1534513980,0
1203,32137,1534513980,1
1203,30426,1534513980,1
1203,25151,1535980110,0
1203,25103,1535980110,-1
1203,25188,1535980110,1
1203,25114,1535980110,-1
1203,25188,1535980111,1
1203,25188,1536047458,-1
1203,25143,1536047458,0
1203,25160,1536047458,0
1203,25188,1536047660,0
1204,499,1535969486,0
1204,30756,1535969468,0
1204,14799,1535969486,0
1204,25689,1535969468,0
1204,29640,1535969468,0
1204,25751,1535969468,0
1204,26223,1535969468,0
1204,491,1535969486,0
1204,20449,1535969486,0
1204,30232,1535969468,0
1204,25902,1535969468,0
1204,1999,1535969486,0
1204,26160,1535969468,0
1204,506,1535969486,0
1204,30625,1535969468,0
1204,4849,1535969486,0
1204,30219,1535969468,0
1204,30707,1535969468,0
1204,25652,1535969468,0
1204,17907,1535969486,0
1204,14820,1535969486,0
1204,29642,1535969468,0
1204,25687,1535969468,0
1204,4773,1535969486,0
1204,30719,1535969468,0
1204,15327,1535969486,0
1204,29557,1535969468,0
1204,29629,1535969468,0
1204,26466,1535969468,0
1204,336,1535969486,0
1204,494,1535969486,0
1204,25672,1535969468,0
1204,25754,1535969468,0
1204,5454,1535969486,0
1204,29694,1535969468,0
1204,15335,1535969486,0
1204,29618,1535969468,0
1204,30623,1535969468,0
1204,5290,1535969486,0
1204,29649,1535969468,0
1204,15980,1535969486,0
1204,21568,1535969486,0
1204,14801,1535969486,0
1204,493,1535969486,0
1204,30621,1535969468,0
1204,25877,1535969468,0
1204,29659,1535969468,0
1204,30081,1535969468,0
1204,25988,1535969468,0
1204,25963,1535969468,0
1204,31690,1535969486,0
1204,29630,1535969468,0
1204,17764,1535969486,0
1204,30694,1535969468,0
1204,505,1535969486,0
1204,508,1535969486,0
1204,8733,1535969486,0
1204,490,1535969486,0
1204,26278,1535969468,0
1204,18833,1535969486,0
1206,29717,1535969441,-1
1206,30032,1535969441,0
1206,30034,1535969441,0
1207,561,1535695209,1
1208,27704,1535623720,0
1208,27977,1535623720,0
1208,26883,1535627650,0
1208,9786,1535627650,0
1208,9410,1535623720,0
1208,27091,1535623720,0
1208,27129,1535552391,0
1208,28573,1535552391,0
1208,28156,1535623720,0
1208,27516,1535627650,0
1208,27912,1535552391,0
1208,22579,1535623720,0
1208,30814,1535552391,0
1208,7615,1535627650,0
1208,28520,1535627650,0
1208,22552,1535623720,0
1208,9751,1535623720,0
1208,27409,1535552391,0
1208,28088,1535627650,0
1208,26937,1535627650,0
1208,26979,1535552391,0
1208,7909,1535552391,0
1208,27951,1535623720,0
1208,28296,1535627650,0
1208,8290,1535627650,0
1208,30805,1535627650,0
1208,28438,1535552391,0
1208,26716,1535627650,0
1208,22574,1535552391,0
1208,26911,1535627650,0
1208,27507,1535623720,0
1208,31321,1535623720,0
1208,27802,1535552391,0
1208,27190,1535552391,0
1208,27605,1535623720,0
1208,27199,1535623720,0
1208,27478,1535627650,0
1208,28123,1535623720,0
1208,28505,1535623720,0
1208,26885,1535627650,0
1208,27024,1535627650,0
1208,30982,1535627650,0
1208,30889,1535552391,0
1208,27058,1535552391,0
1208,28160,1535623720,0
1208,28660,1535552391,0
1208,26489,1535552391,0
1208,26968,1535623720,0
1208,26559,1535623720,0
1208,27016,1535552391,0
1208,30843,1535552391,0
1208,28768,1535627650,0
1208,27092,1535552391,0
1208,27820,1535552391,0
1208,27440,1535623720,0
1208,31787,1535627650,0
1208,28591,1535623720,0
1208,22717,1535627650,0
1208,15502,1535623720,0
1208,27236,1535627650,0
1209,85,1535542678,-1
1210,7053,1535462134,0
1211,561,1535450503,1
1212,25674,1535443309,0
1212,30707,1535443309,1
1213,23193,1535374737,1
1213,23156,1535374737,0
1213,2316,1535374737,-1
1213,4867,1535374737,1
1213,25061,1535377714,1
1213,8669,1535377714,1
1213,8767,1535377714,1
1213,8674,1535377714,-1
1213,9334,1535377714,0
1213,14821,1535378902,1
1213,14820,1535378902,-1
1213,14938,1535378902,0
1213,8674,1535378902,0
1214,30108,1535371084,0
1215,25688,1531018948,0
1215,25688,1531210740,0
1215,27723,1531210740,0
1215,25703,1535103632,0
1215,25688,1535103632,1
1215,25696,1535103632,1
1215,18856,1535103950,0
1215,18854,1535103950,0
1215,25693,1535103950,0
1216,29559,1534935277,-1
1216,17402,1534935277,0
1216,17790,1534935277,0
1216,14794,1534935277,1
1216,10369,1534935277,0
1216,1999,1534935277,0
1216,2316,1534935277,0
1216,7356,1534935277,1
1216,6859,1534935277,0
1216,29559,1535094558,0
1217,4812,1535026090,1
1217,208,1535026090,1
1218,10019,1534927457,1
1218,4828,1535004385,0
1218,16468,1535004385,0
1219,16118,1534933514,0
1219,8945,1534933514,0
1219,16433,1534933514,0
1219,27348,1534933514,1
1219,16767,1534933514,0
1219,30132,1534933514,1
1220,14377,1534930387,1
1221,24293,1534859323,0
1222,6048,1534786064,0
1223,12141,1534785800,0
1223,2159,1534785800,0
1224,19496,1534784642,0
1224,6189,1534785564,0
1224,4609,1534785564,0
1224,349,1534785564,1
1224,19496,1534785564,1
1225,2242,1534755317,1
1225,5808,1534755317,1
1225,9326,1534755317,1
1225,10477,1534755317,0
1225,6891,1534755317,0
1226,26242,1533649127,0
1226,26270,1533649127,0
1226,26242,1534749995,0
1227,8176,1534497238,1
1227,17536,1534497551,0
1227,17531,1534497551,0
1227,17523,1534497551,0
1228,25182,1534430184,0
1228,25113,1534430258,0
1228,25182,1534430258,0
1229,4753,1534404984,1
1229,4753,1534426079,1
1230,25654,1534409120,0
1230,26428,1534409120,1
1231,19279,1534345543,0
1231,16813,1534345543,0
1231,4670,1534345543,0
1231,4853,1534345543,1
1231,9650,1534345543,0
1232,30722,1534232626,0
1232,30722,1534279476,0
1232,1875,1534279476,0
1232,15944,1534279476,-1
1232,1875,1534322264,0
1232,7433,1534322264,0
1232,7527,1534322264,0
1232,7657,1534322264,0
1232,15944,1534322264,1
1233,9839,1534315429,0
1234,26246,1534315417,-1
1235,6134,1534260229,1
1235,6143,1534260229,1
1235,6143,1534314975,0
1235,6134,1534314975,0
1236,30074,1522227555,1
1236,27220,1522227555,0
1236,27220,1534236671,0
1236,30074,1534236671,-1
1237,31519,1534235604,0
1238,30316,1534005301,0
1238,450,1534005301,0
1238,8142,1534005301,0
1238,30315,1534005301,0
1241,416,1533886315,-1
1242,7052,1533798635,0
1243,20483,1533759130,-1
1244,25654,1533729478,-1
1245,12331,1533715436,-1
1245,4655,1533715436,-1
1245,15795,1533715436,0
1246,29581,1533643355,1
1246,26473,1533643551,0
1247,2079,1533640471,1
1247,12111,1533640471,0
1248,5259,1533454737,0
1248,5909,1533454737,0
1248,25960,1533454737,0
1248,26006,1533454737,0
1248,26017,1533454737,0
1248,30166,1533454737,0
1248,7025,1533454737,0
1248,28271,1533454737,1
1248,6514,1533454737,0
1248,26004,1533454737,0
1248,25751,1533454737,1
1248,6670,1533454737,0
1248,25993,1533454737,0
1248,25947,1533454737,0
1248,5919,1533454737,0
1248,25794,1533454737,1
1248,25887,1533454737,0
1248,26018,1533454737,0
1248,25972,1533454737,0
1248,26172,1533454737,0
1248,5896,1533454737,0
1248,30679,1533454737,-1
1248,6048,1533454737,0
1248,5904,1533454737,0
1248,4877,1533454737,0
1248,16721,1533454737,0
1248,25928,1533454737,0
1248,8102,1533454737,1
1248,8458,1533454737,0
1248,4664,1533454737,0
1248,25790,1533454737,1
1248,25992,1533454737,0
1248,26030,1533454737,0
1248,25986,1533454737,0
1248,30682,1533454737,1
1248,25930,1533454737,0
1248,25926,1533454737,0
1248,24623,1533454737,0
1248,26033,1533454737,0
1248,26029,1533454737,0
1248,26035,1533454737,0
1248,26155,1533454737,0
1248,6634,1533454737,0
1248,30684,1533454737,1
1248,25961,1533454737,0
1248,25994,1533454737,0
1248,6636,1533454737,0
1248,29585,1533454737,0
1248,24692,1533454737,1
1248,26022,1533454737,0
1248,20482,1533454737,0
1248,24536,1533454737,1
1248,25761,1533454737,1
1248,25934,1533454737,-1
1248,25977,1533454737,-1
1248,30420,1533454737,0
1248,26174,1533454737,0
1248,4786,1533454737,0
1248,25990,1533454737,0
1248,4211,1533454737,1
1249,25199,1533199649,1
1249,25199,1533213490,1
1249,30420,1533213490,0
1249,32133,1533213490,0
1249,25199,1533213692,0
1250,5909,1533062900,0
1250,5905,1533062900,0
1250,5908,1533062900,0
1250,5907,1533062900,0
1250,5904,1533062900,0
1250,5896,1533127172,1
1250,5863,1533127172,0
1250,5863,1533127493,0
1250,5919,1533132162,0
1250,5863,1533132162,0
1250,5863,1533132521,0
1250,9966,1533133125,0
1251,561,1533113025,0
1253,15806,1533107427,1
1254,25925,1528621443,1
1254,26246,1528621443,1
1254,26026,1528621443,0
1254,25987,1528621443,0
1254,26026,1528621443,1
1254,25987,1528621443,0
1254,25987,1528900269,0
1254,26026,1528900269,0
1254,25925,1528900379,-1
1254,26026,1528900379,-1
1254,26246,1528900379,-1
1254,25987,1528900379,0
1254,26246,1530689098,1
1254,26026,1530689098,1
1254,25942,1530689098,0
1254,25987,1530689098,0
1254,26246,1530689098,1
1254,26246,1530689098,1
1254,26246,1530829786,-1
1254,29679,1533065841,0
1254,30712,1533065841,-1
1254,30081,1533065841,1
1254,31093,1533065841,-1
1254,25803,1533065841,0
1254,28271,1533065841,0
1254,30623,1533065841,0
1254,30680,1533065841,-1
1254,30621,1533065841,0
1254,30684,1533065841,0
1254,30709,1533065841,0
1254,5260,1533065841,0
1254,5909,1533065841,0
1254,5905,1533065841,0
1254,533,1533065841,1
1254,4971,1533065841,0
1254,5259,1533065841,0
1254,5908,1533065841,0
1254,16721,1533065841,0
1254,5907,1533065841,0
1254,5904,1533065841,0
1254,25660,1533065841,0
1254,26242,1533065841,0
1254,5905,1533066154,0
1254,5909,1533066154,0
1254,5908,1533066154,0
1254,5259,1533066154,0
1254,4971,1533066154,0
1254,533,1533066154,-1
1254,5904,1533066154,0
1254,5907,1533066154,0
1254,5260,1533066154,0
1254,30081,1533066154,-1
1255,30081,1533045152,-1
1256,533,1533038696,-1
1257,5260,1533024773,0
1257,4971,1533024773,0
1257,5259,1533024773,0
1259,22873,1532675259,0
1261,25751,1532620926,0
1262,4211,1532614154,1
1262,4210,1532614154,1
1263,5927,1532545815,1
1263,5862,1532545815,1
1264,24696,1532427249,0
1264,24536,1532427249,0
1264,24695,1532427249,0
1264,24692,1532427249,0
1264,24430,1532427249,0
1264,24695,1532431965,1
1264,24692,1532431965,0
1264,24536,1532431965,0
1264,24696,1532431965,0
1264,24693,1532431965,0
1264,24695,1532431965,1
1264,24692,1532431965,0
1264,24530,1532431965,0
1264,24536,1532431965,1
1264,24531,1532431965,0
1264,24532,1532431965,0
1264,24534,1532431965,0
1264,24696,1532431965,1
1264,24696,1532431965,-1
1264,24536,1532431965,-1
1264,24695,1532431965,-1
1264,24692,1532431965,0
1264,24696,1532510994,1
1264,24536,1532510994,1
1264,24692,1532510994,1
1264,24695,1532510994,1
1264,24692,1532512083,0
1264,24695,1532512083,1
1264,24536,1532512083,1
1264,24696,1532512083,1
1265,24623,1532505403,0
1265,24608,1532505403,0
1268,10547,1532419836,0
1268,4814,1532419836,0
1268,1576,1532419836,1
1268,4811,1532419836,1
1268,6839,1532419836,0
1268,9189,1532419836,0
1268,12398,1532419836,1
1270,17449,1532354160,1
1270,17410,1532354160,1
1271,4786,1532352627,1
1271,4785,1532352627,1
1271,7225,1532352627,1
1272,7225,1532339973,0
1273,25651,1532331362,0
1273,9800,1532331362,1
1273,26108,1532331362,-1
1273,6181,1532331362,0
1273,7015,1532331362,0
1273,6574,1532331362,0
1273,17491,1532331362,0
1275,4210,1532078194,0
1275,4211,1532078194,0
1277,4785,1531986663,0
1277,7225,1531986663,0
1277,7225,1531986663,0
1277,7305,1531986663,0
1277,7301,1531986663,0
1277,7302,1531986663,0
1277,7303,1531986663,0
1277,4786,1531986663,-1
1277,4785,1531986663,0
1277,4785,1531989215,-1
1277,4786,1531989455,0
1277,4786,1531990361,-1
1277,4785,1531990361,-1
1277,7296,1531990361,1
1278,417,1531979336,1
1280,6795,1531917586,0
1280,6216,1531917586,0
1280,6872,1531917586,0
1280,6739,1531917586,0
1280,6889,1531917586,0
1280,7052,1531917586,0
1280,6781,1531917586,0
1280,6797,1531917586,0
1280,6787,1531917586,0
1280,6314,1531917586,0
1280,6450,1531917586,0
1280,6189,1531917586,0
1280,24466,1531917586,0
1280,24438,1531917586,0
1280,15231,1531917586,0
1280,24456,1531917586,0
1280,32149,1531917586,0
1283,476,1531847892,1
1284,16923,1531837624,0
1284,9780,1531837624,1
1284,7187,1531837624,1
1284,6997,1531837624,0
1284,23232,1531837624,0
1284,23241,1531837624,0
1284,7187,1531837723,0
1284,9780,1531837723,0
1284,23232,1531837723,0
1284,23232,1531837828,1
1286,25114,1531728179,0
1286,25115,1531728179,0
1286,25105,1531728179,1
1286,25118,1531728179,0
1286,25151,1531728179,1
1286,25103,1531728179,1
1286,25182,1531728179,0
1286,25113,1531728179,0
1287,6688,1531721436,0
1287,4755,1531721436,-1
1287,4753,1531721436,1
1287,5429,1531721436,1
1287,639,1531721436,1
1287,21491,1531721436,1
1288,4619,1531637865,0
1288,4453,1531637865,0
1288,4813,1531637865,0
1288,407,1531637865,0
1288,400,1531637865,0
1288,454,1531637865,0
1288,16430,1531637865,0
1288,24567,1531637865,0
1288,15150,1531637865,0
1288,16931,1531637865,0
1288,32147,1531637865,0
1288,30100,1531637865,0
1289,6179,1531635472,0
1289,6595,1531635472,0
1289,6877,1531635472,0
1289,6900,1531635472,0
1289,6201,1531635472,0
1289,32277,1531635472,0
1289,6924,1531635472,0
1289,6207,1531635472,0
1289,6741,1531635472,0
1289,6948,1531635472,0
1289,6209,1531635472,0
1289,6542,1531635472,0
1289,6972,1531635472,0
1289,6745,1531635472,0
1289,6534,1531635472,0
1289,6522,1531635472,0
1289,6550,1531635472,0
1289,6308,1531635472,0
1289,7052,1531635472,1
1289,6591,1531635472,0
1289,6526,1531635472,0
1289,6546,1531635472,0
1289,6278,1531635472,0
1289,32253,1531635472,0
1289,6944,1531635472,0
1289,6464,1531635472,0
1289,32265,1531635472,0
1289,6666,1531635472,0
1289,6438,1531635472,0
1289,6599,1531635472,0
1289,6686,1531635472,0
1289,6601,1531635472,0
1289,6904,1531635472,0
1289,7027,1531635472,0
1289,6672,1531635472,0
1289,6566,1531635472,0
1289,6837,1531635472,0
1289,17491,1531635472,0
1289,29592,1531635472,0
1289,6488,1531635472,0
1289,6560,1531635472,0
1289,6203,1531635472,0
1289,6363,1531635472,0
1289,6574,1531635472,0
1289,6902,1531635472,0
1289,6658,1531635472,0
1289,6468,1531635472,0
1289,6650,1531635472,0
1289,7005,1531635472,0
1289,6496,1531635472,0
1289,6436,1531635472,0
1289,6181,1531635472,0
1289,6753,1531635472,0
1289,6205,1531635472,0
1289,6688,1531635472,0
1289,6777,1531635472,0
1289,6373,1531635472,0
1289,6769,1531635472,0
1289,6312,1531635472,0
1289,10475,1531635472,0
1290,1623,1531495062,1
1290,7876,1531495062,1
1291,24779,1531482486,0
1291,24787,1531482486,0
1291,24603,1531482486,1
1291,24617,1531482486,1
1292,25103,1531465664,0
1292,25101,1531466240,1
1292,25151,1531466240,0
1292,25106,1531466240,0
1292,25127,1531466240,0
1292,25103,1531466240,1
1293,208,1531462660,0
1293,208,1531462865,0
1295,7293,1531383099,0
1295,4852,1531383099,0
1295,4735,1531383099,1
1296,4746,1531381050,0
1296,8854,1531381050,1
1296,4746,1531381050,1
1296,8854,1531381050,-1
1296,4746,1531381050,0
1297,24609,1531374519,1
1297,24624,1531374519,1
1298,30081,1531297059,0
1300,1116,1531239861,0
1301,4654,1531215592,1
1302,12355,1531206141,1
1302,8541,1531206141,-1
1302,20684,1531206141,0
1302,15980,1531206141,-1
1302,20681,1531206141,1
1302,20682,1531206141,1
1302,12355,1531206141,-1
1302,8541,1531206141,0
1302,6116,1531213266,0
1302,6117,1531213266,0
1303,17800,1531210959,1
1303,17799,1531210959,0
1303,5618,1531210959,1
1303,2288,1531210959,1
1303,6944,1531211170,0
1304,26281,1531142437,0
1305,8900,1531130416,0
1305,455,1531130416,0
1305,4758,1531130416,0
1305,8900,1531130416,0
1305,8894,1531130416,0
1305,16315,1531130416,0
1305,21511,1531130416,0
1306,17764,1531124630,1
1307,27046,1531124335,0
1307,29560,1531124335,0
1309,22109,1530893108,1
1309,514,1530893108,1
1309,5412,1530893108,1
1309,514,1530912238,0
1310,521,1530871847,0
1311,30103,1530800367,0
1311,30056,1530800367,0
1312,28395,1530795398,1
1312,26256,1530795398,1
1314,5412,1530712031,0
1315,8767,1530672587,1
1315,8669,1530672587,0
1315,14821,1530697600,1
1315,8669,1530705239,0
1316,25749,1530690022,0
1318,30680,1530609660,1
1318,28176,1530609660,0
1319,343,1525268070,0
1319,7888,1525268070,0
1319,7889,1525268070,0
1319,15668,1525268070,0
1319,19476,1525268070,0
1319,19465,1526206860,1
1319,19470,1526206860,0
1319,7888,1526206860,0
1319,7365,1526206860,0
1319,347,1526206860,0
1319,343,1526206860,0
1319,7888,1526206860,1
1319,347,1526206860,1
1319,343,1526206860,-1
1319,19465,1526206860,0
1319,337,1526366812,0
1319,7889,1526366812,1
1319,15668,1526366812,0
1319,19495,1526755423,0
1319,7365,1526755423,1
1319,4609,1526755423,0
1319,10346,1526755423,1
1319,343,1526755423,0
1319,337,1526755423,0
1319,32252,1528123240,0
1319,12028,1528123240,-1
1319,7888,1528123240,1
1319,19471,1528123240,1
1319,19496,1528123240,0
1319,19492,1528123240,0
1319,6189,1528123240,0
1319,347,1528123240,0
1319,337,1528123240,0
1319,343,1528123240,-1
1319,19463,1528267619,-1
1319,19457,1528267619,0
1319,348,1528267619,0
1319,7888,1528267619,1
1319,19481,1528320913,0
1319,19447,1528320913,0
1319,7888,1528320913,0
1319,7888,1528320914,0
1319,7888,1528320914,0
1319,19447,1530555897,0
1319,12028,1530555897,0
1319,349,1530555897,0
1319,7888,1530555897,0
1319,7889,1530555897,1
1319,19457,1530555897,-1
1320,12398,1530520107,1
1320,9189,1530520107,0
1320,1573,1530520107,1
1320,208,1530520107,1
1320,4811,1530520107,0
1320,6839,1530520118,0
1321,29532,1530283012,0
1323,9791,1530165350,0
1323,23338,1530165350,0
1323,23288,1530165350,0
1323,23370,1530165350,0
1323,23291,1530165350,0
1324,19835,1530129558,0
1325,4655,1530118318,-1
1326,17876,1530110324,0
1327,6862,1530107138,0
1328,23124,1530100677,0
1328,9739,1530100677,0
1328,16889,1530100677,0
1328,6972,1530100677,0
1328,5223,1530102674,0
1329,27060,1530010890,1
1329,32274,1530010890,0
1329,30056,1530010890,1
1329,32275,1530010890,0
1329,32278,1530010890,0
1329,30059,1530010890,1
1329,29719,1530010890,0
1330,7083,1527809593,1
1330,7082,1527809593,0
1330,6999,1527809649,0
1330,9783,1528066248,0
1330,554,1528066248,0
1330,7083,1528066248,0
1330,7085,1528066248,0
1330,6999,1528066248,0
1330,6999,1530010561,0
1330,7082,1530010561,0
1330,7083,1530010561,0
1331,20139,1529927955,1
1331,17877,1529927955,0
1331,17876,1529927955,0
1331,10525,1529927955,1
1331,6019,1529927955,0
1331,8275,1529927955,0
1331,6323,1529927955,0
1332,22198,1529923498,1
1332,9318,1529923498,0
1334,202,1529343092,0
1334,205,1529343092,0
1334,204,1529343092,1
1334,22379,1529343092,0
1334,22381,1529343092,0
1334,17703,1529343092,0
1334,22378,1529343092,0
1334,22377,1529343092,0
1334,204,1529344559,0
1334,202,1529344559,0
1334,203,1529344559,0
1334,9370,1529344559,0
1334,17703,1529344559,0
1334,22381,1529344559,0
1334,203,1529611291,1
1334,22378,1529611291,0
1334,22379,1529611291,0
1334,22381,1529611291,0
1334,203,1529762694,-1
1334,203,1529840301,0
1338,561,1529320918,0
1338,9831,1529320918,0
1338,17616,1529320918,0
1338,9832,1529320918,0
1339,5555,1529310674,-1
1339,669,1529310674,-1
1339,26160,1529310674,1
1339,26174,1529310674,0
1339,26160,1529310674,1
1339,5555,1529310674,-1
1339,669,1529310674,-1
1339,26171,1529310674,0
1339,26170,1529310674,0
1339,26160,1529310674,-1
1339,26168,1529310674,0
1339,26167,1529310674,0
1339,26173,1529310674,0
1339,26168,1529310674,0
1339,5555,1529310674,0
1339,669,1529310674,1
1340,1182,1529308284,0
1342,7092,1529048474,0
1342,8557,1529048474,0
1342,8556,1529048474,0
1342,6494,1529048474,0
1342,20756,1529048474,0
1343,19536,1528996502,0
1344,15815,1528981683,0
1344,15804,1528981683,1
1344,4654,1528981683,0
1346,22381,1528873310,0
1346,204,1528873310,-1
1346,203,1528873310,0
1346,200,1528873310,-1
1346,202,1528873310,0
1348,9755,1528645808,0
1348,9755,1528747149,0
1349,8877,1528731699,0
1349,6348,1528731699,0
1349,6724,1528731699,0
1349,21502,1528731699,0
1349,21504,1528731699,0
1349,26049,1528731699,0
1349,21501,1528731699,1
1349,21500,1528731699,1
1350,8161,1528710322,0
1350,17805,1528710322,-1
1350,19984,1528710322,0
1350,19985,1528710322,0
1351,4857,1528551765,0
1351,4856,1528551765,0
1351,4855,1528551765,0
1352,10058,1528551496,0
1352,10060,1528551496,0
1352,4855,1528551496,1
1352,4856,1528551496,0
1352,4857,1528551496,1
1354,6725,1528474364,0
1355,5286,1528353383,0
1355,5806,1528353383,0
1355,20759,1528353523,0
1355,18114,1528353523,-1
1355,5806,1528437836,-1
1355,5286,1528437836,1
1355,5074,1528437836,0
1355,20765,1528437836,0
1355,5806,1528438076,0
1355,5286,1528440148,-1
1355,5806,1528442223,0
1356,25199,1528441611,1
1356,26031,1528441611,0
1356,25984,1528441611,0
1356,32258,1528441611,1
1357,21539,1528382801,0
1357,18302,1528382801,0
1357,18300,1528382801,0
1357,26312,1528382801,0
1357,26313,1528382801,0
1357,26314,1528382801,0
1357,28138,1528382801,0
1357,32301,1528382801,0
1358,533,1528365576,1
1358,22194,1528365576,1
1359,18233,1528210046,-1
1359,10492,1528210046,0
1359,10499,1528210046,0
1359,17959,1528210046,-1
1359,18105,1528210046,-1
1359,10494,1528210046,0
1359,10498,1528210046,0
1359,10496,1528210046,0
1359,10497,1528210046,0
1359,10500,1528210046,0
1359,10505,1528210046,0
1359,10490,1528210046,0
1359,10493,1528210046,0
1359,10239,1528210046,0
1359,10240,1528210046,0
1359,10244,1528210046,-1
1359,9701,1528210046,-1
1359,6019,1528210046,0
1359,10525,1528210046,0
1359,10526,1528210046,0
1359,10491,1528210046,0
1359,10495,1528210046,0
1359,10238,1528210046,0
1359,8273,1528210046,0
1359,7053,1528210046,1
1359,8274,1528210046,0
1359,4860,1528210046,1
1359,6323,1528210046,0
1360,12278,1528205163,1
1360,9296,1528205163,0
1360,9299,1528205163,1
1361,4856,1528200424,1
1361,4855,1528200424,1
1361,16865,1528200424,1
1363,4647,1528090843,0
1365,15797,1527851509,-1
1365,4655,1527851509,1
1365,74,1527851509,1
1366,26229,1527753706,-1
1366,6353,1527753706,0
1366,25052,1527753706,0
1366,25044,1527753706,0
1366,26160,1527753706,1
1366,26160,1527753706,-1
1366,26155,1527753706,1
1366,26155,1527753706,-1
1366,26157,1527753706,1
1366,30520,1527753706,0
1366,26229,1527753706,1
1366,26229,1527753706,-1
1366,26174,1527753706,0
1366,25071,1527788927,0
1366,25044,1527788927,-1
1366,25070,1527788927,0
1366,25052,1527788927,-1
1366,25072,1527788927,0
1367,25853,1527674663,1
1367,25853,1527674664,-1
1367,27421,1527674664,0
1367,25853,1527674664,-1
1367,25853,1527674664,1
1369,5897,1527674663,1
1369,5896,1527674663,-1
1369,6159,1527674663,0
1370,5453,1527674661,1
1370,5862,1527674661,1
1370,6684,1527674661,0
1370,9204,1527674661,0
1370,8274,1527674661,0
1370,10494,1527674661,0
1370,10498,1527674661,1
1370,10496,1527674661,0
1370,10497,1527674661,0
1370,10490,1527674661,0
1370,5902,1527674661,1
1370,10491,1527674661,0
1370,10495,1527674661,0
1370,10525,1527674661,1
1370,10244,1527674661,1
1370,17965,1527674661,0
1370,10493,1527674661,0
1370,10499,1527674661,1
1370,10492,1527674661,0
1370,20551,1527674661,0
1370,18836,1527674661,0
1370,17968,1527674661,0
1370,20152,1527674661,1
1370,24398,1527674661,1
1370,17967,1527674661,0
1370,25841,1527674661,1
1370,25844,1527674661,0
1370,25857,1527674661,1
1370,25831,1527674661,1
1370,30023,1527674661,0
1370,30667,1527674661,0
1370,27419,1527674661,1
1370,30656,1527674661,0
1370,30715,1527674661,1
1370,20139,1527674661,0
1370,25853,1527674662,0
1370,25841,1527674662,1
1370,5453,1527674662,0
1370,9317,1527674662,0
1370,10502,1527674662,0
1370,10526,1527674662,0
1370,10504,1527674662,0
1370,18846,1527674662,0
1370,10500,1527674662,0
1370,6319,1527674662,0
1370,6315,1527674662,0
1370,5453,1527674662,-1
1370,4200,1527674662,1
1370,137,1527674662,0
1370,20141,1527674662,0
1370,23468,1527674662,0
1370,30667,1527674662,1
1372,25653,1527620423,1
1372,26222,1527620423,1
1372,26223,1527620423,1
1374,4651,1527583782,1
1374,20181,1527583782,0
1374,20191,1527583782,1
1374,20181,1527583886,0
1376,20326,1527512395,-1
1376,20326,1527512395,1
1376,15805,1527512395,0
1376,15805,1527512395,0
1377,15805,1527400727,1
1377,12345,1527400727,1
1377,18385,1527400727,0
1377,74,1527400727,0
1378,23059,1527182197,1
1378,23062,1527182197,0
1378,10606,1527182197,1
1378,23073,1527182197,-1
1379,555,1527151540,0
1380,25929,1527101437,1
1380,25650,1527101437,1
1380,25687,1527101437,0
1381,24709,1526974279,1
1381,24710,1526974279,1
1381,24706,1526974279,0
1381,24553,1526974279,1
1382,24724,1526970245,1
1382,24575,1526970245,1
1383,5899,1526890332,0
1383,26053,1526890332,0
1383,22530,1526890332,0
1383,26052,1526890332,1
1387,4831,1526545215,0
1387,4832,1526545215,1
1389,20135,1526386547,0
1389,7182,1526386547,1
1389,6314,1526386547,0
1389,7182,1526386548,0
1389,20135,1526386548,0
1389,7182,1526389878,1
1390,2316,1526387256,-1
1391,20152,1526386962,0
1393,29931,1526380011,0
1393,26004,1526380011,0
1393,30322,1526380011,1
1393,5888,1526380011,0
1393,25782,1526380011,1
1393,5955,1526380011,1
1394,12096,1526288999,0
1394,12099,1526288999,0
1394,12098,1526288999,0
1394,12101,1526288999,0
1394,12095,1526288999,0
1394,12097,1526288999,0
1394,12094,1526288999,0
1394,12100,1526288999,0
1395,29730,1526284070,-1
1396,24624,1526137174,0
1397,24624,1526137173,1
1399,7185,1525874644,0
1401,5948,1523434353,0
1401,5962,1523434353,0
1401,5888,1523434353,1
1401,5961,1523434353,0
1401,5955,1523434353,0
1401,5960,1523434353,0
1401,5964,1523434353,0
1401,5886,1523434353,1
1401,5963,1523434353,0
1401,5918,1523434353,0
1401,5892,1523434353,1
1401,6134,1523434353,0
1401,6114,1523434353,0
1401,6137,1523434353,0
1401,6140,1523434353,0
1401,6128,1523434353,0
1401,7052,1523434353,0
1401,16784,1523434406,-1
1401,16812,1523434406,0
1401,6002,1523434407,0
1401,5259,1523434407,-1
1401,32180,1523434407,0
1401,5892,1523434408,-1
1401,6606,1525869487,0
1401,6725,1525871882,0
1402,7176,1525869486,0
1403,15573,1525777570,0
1403,15577,1525777570,0
1404,24575,1525768449,0
1406,5455,1525607236,0
1406,19422,1525607236,0
1406,14803,1525607236,0
1406,31692,1525607236,0
1407,25108,1525595482,-1
1408,5862,1525426048,0
1409,10369,1524745440,1
1409,14794,1524745440,1
1409,1961,1524745440,1
1409,1999,1524745440,1
1409,2316,1524745440,1
1409,22909,1524745440,1
1409,22914,1524745440,1
1409,17402,1524745440,1
1409,27044,1524745440,1
1409,27042,1524745440,0
1409,29559,1524745440,0
1409,27043,1524745440,1
1409,1999,1525269367,1
1409,2316,1525333474,1
1409,1961,1525333474,1
1409,17402,1525333474,1
1409,14794,1525333474,1
1409,10369,1525333474,1
1410,23174,1525313913,1
1410,30070,1525313913,0
1411,10547,1524791183,1
1411,1570,1524791183,1
1412,8369,1524759930,1
1412,15806,1524759930,1
1414,17480,1524731915,0
1414,30358,1524731915,0
1414,30672,1524731915,1
1414,31401,1524731915,1
1414,26252,1524731915,0
1414,26030,1524731915,1
1414,26235,1524731915,1
1414,26038,1524731915,0
1414,30330,1524731915,0
1414,30985,1524731915,1
1414,31021,1524731915,1
1414,25987,1524731915,0
1415,32278,1524475077,0
1415,32275,1524475077,0
1415,32274,1524475077,0
1415,30056,1524475077,1
1416,4313,1524465489,1
1416,8299,1524465489,0
1417,20281,1524185565,-1
1417,20284,1524185565,1
1417,8344,1524185565,0
1417,4654,1524185565,-1
1417,4654,1524206110,0
1417,20275,1524206110,0
1417,20284,1524206110,0
1419,29637,1524121939,0
1419,26824,1524121939,0
1419,26818,1524121939,0
1420,25781,1524051003,0
1420,26004,1524051003,0
1420,25987,1524051003,0
1420,30938,1524064728,1
1420,30322,1524064728,0
1421,20152,1524036904,1
1421,20152,1524037124,-1
1422,25845,1523951624,0
1422,27418,1523951624,0
1422,27418,1523951831,0
1423,20139,1523884682,1
1423,10525,1523884682,1
1424,26242,1523872406,0
1424,26270,1523872406,-1
1424,28221,1523872406,0
1424,30788,1523872406,0
1424,30788,1523873960,0
1424,26270,1523873960,0
1425,9227,1523871922,-1
1425,9267,1523871922,1
1425,9227,1523871922,1
1426,26214,1523867450,0
1426,27596,1523868992,0
1427,29605,1523868924,0
1427,29607,1523868924,1
1428,20480,1523607998,0
1428,4664,1523607998,0
1428,20483,1523607998,0
1429,17411,1523604059,0
1429,4709,1523604059,0
1430,5454,1523602857,0
1432,27706,1523544651,1
1432,29830,1523544651,1
1433,24575,1523541935,1
1434,5814,1523541856,1
1435,15231,1523288179,1
1435,14799,1523288179,0
1435,15115,1523288179,0
1435,15123,1523288179,-1
1435,15150,1523288179,1
1435,15171,1523346454,0
1435,15115,1523520691,0
1435,15231,1523520691,0
1435,15109,1523522404,0
1435,15123,1523522404,-1
1435,1305,1523539275,0
1435,1311,1523539275,0
1437,15130,1523533645,0
1437,15130,1523535039,0
1438,5259,1523449553,1
1440,5963,1523434409,0
1441,5888,1523434408,1
1441,5956,1523434408,0
1441,5955,1523434408,1
1441,5888,1523434408,0
1441,5955,1523434408,1
1443,19758,1502261629,0
1443,19758,1504505411,0
1443,19758,1523434407,0
1444,19857,1523384632,0
1444,19855,1523384632,0
1444,19816,1523384632,1
1444,19856,1523384632,-1
1444,19858,1523384632,0
1445,10365,1523384330,-1
1446,669,1522928519,1
1447,1567,1522907931,0
1447,1566,1522907931,0
1448,271,1522847075,0
1448,1566,1522847075,-1
1449,8712,1522785885,0
1449,16058,1522785885,0
1449,4369,1522785885,0
1450,29649,1522312885,1
1450,29668,1522312885,1
1450,29665,1522312885,1
1450,29663,1522312885,1
1450,28156,1522316057,0
1450,29674,1522316057,0
1450,29665,1522316057,0
1450,29663,1522316057,0
1450,26901,1522316057,0
1450,29644,1522316057,0
1450,29636,1522316057,0
1450,28155,1522316057,0
1450,29649,1522316057,0
1450,29637,1522316057,0
1450,29654,1522316057,1
1450,7614,1522322226,0
1450,4688,1522322226,1
1450,4687,1522322226,0
1450,415,1522322226,0
1450,1876,1522322226,0
1450,4690,1522322226,0
1450,29663,1522323407,0
1451,22834,1522323359,0
1452,21709,1522258534,0
1452,12138,1522258534,-1
1452,4782,1522262040,0
1452,12138,1522262040,1
1452,21743,1522262040,0
1452,16371,1522262040,0
1452,18839,1522262040,0
1452,21721,1522262040,0
1452,21736,1522262040,0
1452,21741,1522262723,0
1452,18839,1522262723,0
1452,21744,1522262723,0
1452,21742,1522262723,0
1452,21743,1522262723,0
1452,21745,1522262723,0
1453,20692,1521808802,1
1453,417,1521808802,1
1453,12107,1522245819,0
1455,15804,1522134300,-1
1455,15815,1522134300,0
1455,4654,1522134300,0
1456,19816,1521798674,-1
1456,5438,1521798674,0
1456,417,1521798674,-1
1456,20692,1521798674,-1
1456,20692,1521801196,-1
1456,9041,1521801196,0
1456,6757,1521801196,0
1456,417,1521801196,-1
1456,2102,1521801196,0
1456,2095,1521801196,-1
1456,2097,1521801196,1
1456,2101,1521801196,1
1456,2105,1521801196,0
1456,2100,1521801196,0
1456,5438,1521801196,0
1456,2096,1521801196,-1
1456,2098,1521801196,1
1456,4777,1521801196,1
1456,4779,1521801196,0
1456,4778,1521801196,-1
1456,2104,1521801196,0
1456,2103,1521801196,0
1456,2106,1521801196,-1
1456,5658,1521801196,0
1456,6755,1521801196,0
1456,9042,1521801196,1
1456,19816,1521801196,-1
1456,5438,1522129194,0
1458,20326,1522036304,1
1459,475,1520374125,1
1459,21666,1521820500,1
1459,4780,1521820500,1
1459,475,1521820500,1
1459,2115,1521820500,-1
1459,475,1521820516,1
1459,476,1521820516,1
1459,2115,1521820516,-1
1459,4780,1521820516,0
1459,9071,1521820516,0
1459,9072,1521820516,0
1459,475,1521842963,0
1460,20128,1521806091,0
1460,20126,1521806091,0
1460,20130,1521806091,0
1460,18430,1521806091,0
1460,18814,1521806091,0
1460,18812,1521806091,-1
1460,20127,1521806091,0
1460,20125,1521806091,0
1460,1783,1521806091,1
1461,2105,1521805416,0
1461,2101,1521805416,-1
1461,2095,1521805416,1
1461,2097,1521805416,-1
1461,2102,1521805416,0
1461,2100,1521805416,0
1461,417,1521805416,1
1461,2104,1521805416,0
1461,2103,1521805416,0
1461,2106,1521805416,1
1461,5438,1521805416,0
1461,4779,1521805416,0
1461,4777,1521805416,-1
1461,4778,1521805416,1
1461,2096,1521805416,1
1461,2098,1521805416,-1
1461,5658,1521805416,0
1461,9041,1521805416,0
1461,6757,1521805416,0
1461,9042,1521805416,-1
1461,6755,1521805416,0
1461,20692,1521805416,1
1461,19816,1521805416,1
1462,2103,1521799533,0
1462,2106,1521799533,0
1462,417,1521799533,1
1462,2100,1521799533,0
1462,2105,1521799533,0
1462,2101,1521799533,-1
1462,2095,1521799533,1
1462,2097,1521799533,-1
1462,2102,1521799533,0
1462,4778,1521799533,1
1462,4777,1521799533,-1
1462,4779,1521799533,0
1462,2096,1521799533,1
1462,2098,1521799533,-1
1462,5658,1521799533,0
1462,5438,1521799533,0
1462,6755,1521799533,0
1462,9042,1521799533,-1
1462,20692,1521799533,1
1462,19816,1521799533,1
1462,6757,1521799533,0
1462,9041,1521799533,0
1462,2103,1521799857,0
1463,417,1521798603,1
1463,20692,1521798603,1
1464,19816,1521797596,1
1465,7171,1521792371,0
1465,8461,1521792371,0
1465,7171,1521792371,0
1466,10044,1521776429,0
1467,7259,1521711303,0
1467,17695,1521711557,0
1468,1566,1521708930,0
1469,17959,1521646309,0
1469,5977,1521646309,0
1469,4860,1521646309,1
1469,4860,1521648310,1
1470,24710,1521642094,1
1470,24706,1521642094,1
1470,24553,1521642094,1
1470,24709,1521642780,1
1471,25645,1509185129,0
1471,25645,1509542610,0
1471,27454,1521626431,0
1471,25643,1521626431,0
1471,25645,1521626431,1
1472,440,1521557037,0
1473,15945,1521538704,1
1475,4654,1519827965,0
1475,31094,1519892441,-1
1475,30684,1519892441,-1
1475,15815,1519892441,0
1475,4654,1521505791,0
1475,15804,1521505791,1
1475,15815,1521505791,0
1475,15815,1521528068,0
1477,20692,1521465337,1
1477,417,1521465337,1
1478,8299,1521435143,0
1479,15805,1521308049,1
1479,15851,1521308049,1
1481,26089,1521280442,0
1481,4367,1521280442,0
1481,6634,1521280442,0
1482,25199,1521190658,1
1482,25902,1521190658,0
1482,27675,1521190658,1
1483,25660,1521186064,1
1483,27675,1521186064,0
1484,8893,1521108060,0
1484,454,1521108060,0
1485,25751,1520872588,0
1485,30672,1520872588,0
1485,28820,1520872588,1
1487,9780,1520699189,0
1489,5888,1520617574,1
1489,32392,1520617574,1
1489,32383,1520617574,1
1490,25650,1520612252,0
1492,10109,1520496305,0
1492,22244,1520496305,0
1492,22243,1520496305,-1
1492,79,1520496305,0
1492,86,1520496305,0
1492,17611,1520496305,0
1492,22259,1520496305,0
1494,4780,1520459381,0
1494,476,1520459381,1
1496,7181,1520428112,0
1496,6314,1520428112,0
1496,5804,1520428112,0
1496,10495,1520428112,0
1496,20152,1520428112,0
1496,31196,1520428112,0
1496,17555,1520428112,0
1496,17557,1520428112,0
1496,20138,1520428112,-1
1496,20155,1520428112,0
1496,20160,1520428112,0
1497,466,1520426127,0
1497,465,1520426224,0
1497,464,1520426300,0
1497,463,1520426345,0
1497,460,1520426401,0
1497,457,1520426469,0
1497,453,1520426513,0
1498,1578,1520415596,0
1498,1579,1520415596,0
1498,1571,1520415596,0
1498,1580,1520415596,0
1498,4813,1520415596,0
1498,17609,1520415596,0
1498,4815,1520415596,0
1498,4813,1520415596,1
1498,17609,1520415596,0
1498,16386,1520415596,0
1498,9189,1520415596,0
1498,21881,1520415596,0
1499,4655,1520399295,1
1499,8345,1520399295,0
1500,31241,1520342208,1
1500,31236,1520342208,0
1501,25651,1519037514,0
1501,26078,1519037514,0
1501,26177,1519037514,0
1501,25965,1519037514,0
1501,26034,1519037514,0
1501,26080,1519037514,0
1501,25651,1519037514,0
1501,6452,1519037514,0
1501,6454,1519037514,0
1501,32283,1519037514,0
1501,32286,1519037514,0
1501,26081,1519037514,0
1501,32284,1519037514,0
1501,32290,1519037514,0
1501,6452,1519039363,0
1501,6454,1519039363,0
1503,8125,1520250198,0
1504,10531,1520247151,-1
1504,25651,1520247151,0
1504,26072,1520247151,0
1504,6284,1520247151,0
1504,6282,1520247151,0
1504,6280,1520247151,0
1504,15722,1520247151,1
1505,16486,1520242845,1
1505,16487,1520242845,0
1505,16486,1520242845,-1
1506,5852,1520233960,0
1506,247,1520233960,1
1506,17259,1520234000,0
1506,17272,1520234003,0
1506,7797,1520234003,0
1507,7795,1520233199,0
1507,17259,1520233199,0
1507,247,1520233199,0
1507,17270,1520233199,0
1508,27624,1520152132,1
1508,25877,1520152132,1
1508,30707,1520152132,-1
1508,28845,1520152132,1
1509,8795,1520110721,0
1509,8829,1520110721,-1
1509,4743,1520110721,0
1509,6666,1520110721,0
1509,7294,1520110721,1
1509,6183,1520110721,0
1509,2010,1520110721,1
1509,446,1520110721,0
1509,445,1520110721,1
1509,16140,1520110721,0
1510,477,1520095706,1
1510,476,1520095706,1
1510,9045,1520095706,1
1510,21663,1520095706,0
1510,21682,1520095706,0
1510,16358,1520095706,0
1510,21678,1520095706,0
1511,24609,1520093409,-1
1511,24624,1520093409,0
1511,24800,1520093409,1
1512,26004,1520085390,0
1513,10171,1519893582,0
1514,30684,1519831568,0
1514,30684,1519832535,1
1514,31094,1519832535,1
1515,4482,1519814778,1
1515,9962,1519814778,-1
1515,4482,1519819020,0
1516,5259,1519810188,0
1517,24752,1519806690,1
1517,24751,1519806690,1
1518,12107,1519802393,-1
1522,22108,1519732738,0
1522,12277,1519732738,1
1522,9222,1519732738,0
1522,6872,1519732738,0
1522,518,1519732738,1
1522,527,1519732738,0
1522,522,1519732738,0
1522,526,1519732738,1
1523,30353,1519727747,0
1524,32383,1519655112,0
1524,32378,1519655112,0
1524,32392,1519655112,1
1526,2095,1519635468,0
1526,2097,1519635468,1
1526,6755,1519635468,1
1527,21786,1519634688,-1
1528,2097,1519394055,1
1528,2095,1519394055,1
1528,6755,1519394055,1
1529,15702,1519216929,0
1530,24326,1519215569,1
1530,10476,1519215569,0
1530,9979,1519215569,1
1530,9968,1519215569,0
1530,9975,1519215569,1
1530,9971,1519215569,1
1530,9974,1519215569,0
1530,9976,1519215569,0
1530,9973,1519215569,1
1530,1046,1519215569,1
1531,24326,1519209205,0
1531,9975,1519209205,0
1531,9976,1519209205,0
1531,1046,1519209205,0
1531,9968,1519209205,0
1531,10476,1519209205,0
1531,9968,1519211383,1
1531,1046,1519211383,1
1531,9981,1519211383,0
1532,30904,1519209205,1
1532,26160,1519209205,0
1533,24573,1519112768,1
1534,26195,1519089504,1
1534,27772,1519089504,1
1536,24573,1518863181,-1
1536,24568,1518863181,1
1536,24570,1518863181,1
1536,32416,1518863606,0
1536,32417,1518863606,0
1536,24751,1518864282,0
1536,24752,1518864282,0
1536,24573,1518864282,0
1537,19853,1518793399,-1
1537,19872,1518793399,0
1537,15703,1518793399,1
1537,15738,1518793399,1
1537,10532,1518793399,0
1538,5259,1518785064,1
1538,5144,1518785064,0
1538,5096,1518785064,0
1538,7053,1518785064,0
1538,17211,1518785064,0
1539,9156,1518774168,0
1539,9158,1518774168,0
1539,4799,1518774168,0
1540,8102,1518764028,1
1541,21662,1518558028,0
1541,476,1518558028,0
1541,2115,1518558028,0
1541,6761,1518733370,0
1541,9056,1518733370,0
1541,9055,1518733370,-1
1541,2115,1518733370,-1
1541,475,1518733370,-1
1541,477,1518733370,-1
1541,476,1518733370,-1
1541,4780,1518733370,-1
1541,5809,1518733370,1
1541,21662,1518733370,0
1541,21682,1518733370,0
1541,19321,1518733370,1
1542,24601,1518684082,0
1542,24607,1518684082,-1
1542,24573,1518684082,0
1542,24472,1518684083,0
1542,24480,1518684083,0
1542,24542,1518684083,0
1542,24528,1518684083,0
1542,24558,1518684083,0
1542,24497,1518684083,0
1542,24551,1518684083,0
1542,24622,1518684083,-1
1542,24507,1518684083,0
1542,24565,1518684084,0
1543,6872,1518681320,0
1543,5412,1518681320,0
1543,4602,1518681320,0
1544,29537,1518618860,-1
1544,29537,1518618861,0
1544,25808,1518618861,0
1546,446,1518535548,0
1546,6666,1518535548,0
1546,10306,1518535548,1
1547,30322,1518534927,1
1548,7145,1518532365,1
1548,7147,1518532365,1
1548,7146,1518532365,0
1548,7148,1518532365,0
1548,7149,1518532365,0
1550,24553,1518523298,0
1550,24710,1518523298,0
1550,24706,1518523298,0
1550,24709,1518523298,0
1551,1577,1518517918,0
1551,1568,1518517918,0
1551,1579,1518517918,0
1551,1582,1518517918,0
1551,1574,1518517918,0
1551,1575,1518517918,0
1551,1580,1518517918,0
1551,1571,1518517918,0
1551,17609,1518517918,0
1552,21661,1518467159,0
1552,2115,1518467159,1
1552,9070,1518467159,0
1555,29689,1518254253,0
1555,29690,1518254253,1
1555,26657,1518305736,0
1555,29690,1518305736,1
1557,19928,1518184214,0
1559,9653,1518162420,1
1559,9651,1518162420,0
1559,10602,1518162420,1
1559,22828,1518162420,0
1559,16817,1518162420,0
1559,22822,1518162420,0
1559,22830,1518162420,1
1559,22816,1518162420,0
1559,22820,1518162420,1
1559,16816,1518162420,0
1559,22831,1518162420,0
1560,2098,1518159610,0
1560,4777,1518159610,0
1560,2100,1518159610,0
1560,2095,1518159610,0
1560,6755,1518159610,-1
1560,2098,1518159730,0
1561,23217,1518151845,0
1561,23216,1518151845,0
1561,23218,1518151845,0
1561,9753,1518151845,0
1561,23215,1518151845,0
1561,23214,1518151845,0
1561,23213,1518151845,0
1561,9754,1518151845,0
1562,31532,1518012831,0
1562,31532,1518103168,0
1563,19539,1518084301,0
1563,15660,1518084301,1
1563,4607,1518084301,0
1563,5431,1518084301,-1
1563,4608,1518084301,0
1563,4606,1518084301,0
1565,4754,1517985161,1
1565,2029,1518028093,1
1565,21491,1518028093,0
1565,21492,1518028093,0
1566,24637,1517997677,-1
1568,25987,1517935775,0
1568,30223,1517935775,0
1568,30672,1517935775,0
1569,9161,1517899361,0
1569,9162,1517899361,-1
1569,4800,1517899361,0
1570,16021,1517857963,1
1570,12102,1517857963,1
1570,16026,1517857963,0
1571,272,1517826689,0
1571,275,1517826689,0
1571,274,1517826689,0
1571,270,1517826689,0
1571,273,1517826689,0
1571,1566,1517826689,0
1572,21451,1517561053,0
1573,30070,1231167873,0
1573,2881,1517582415,1
1574,20510,1517565008,0
1575,208,1517561276,1
1576,30108,1517501056,1
1577,381,1517497741,0
1578,24364,1517496295,1
1579,737,1517475215,0
1579,751,1517475215,0
1580,8102,1517474119,1
1580,19816,1517474119,-1
1581,21660,1517429197,0
1581,6761,1517429197,-1
1581,476,1517429197,1
1581,4780,1517429197,0
1581,5809,1517429197,0
1581,19321,1517429197,0
1581,21662,1517429197,-1
1582,30715,1517420978,0
1582,28847,1517420978,0
1583,21681,1517355620,0
1583,19321,1517355620,0
1583,21673,1517355620,-1
1583,4780,1517355620,0
1583,476,1517355620,-1
1583,6761,1517355620,0
1588,8938,1517223469,0
1591,24570,1516875164,0
1591,24728,1516875164,1
1591,24573,1516875164,1
1591,24456,1516875164,0
1591,24811,1516875164,0
1591,24746,1516875164,0
1591,24570,1517217981,0
1591,24728,1517217981,0
1591,24456,1517217981,0
1591,24573,1517217981,0
1591,24728,1517219660,0
1591,24570,1517219660,0
1591,24573,1517219660,0
1591,24456,1517219660,0
1592,21836,1509624193,0
1592,21831,1509624193,0
1592,20646,1509624193,0
1592,21837,1509624193,0
1592,21827,1509624193,0
1592,510,1509624193,-1
1592,4353,1509624193,0
1592,4352,1509624193,0
1592,5415,1509624193,1
1592,20645,1509624193,0
1592,4352,1517166330,0
1593,26462,1516971711,1
1593,25681,1516971711,1
1593,26961,1516971711,1
1594,24398,1516971295,1
1594,5862,1516971295,1
1595,27989,1516875274,0
1595,30671,1516956394,0
1595,27989,1516956497,0
1595,27987,1516956497,0
1595,30260,1516960949,0
1595,30261,1516960949,0
1598,24722,1516884697,0
1598,24721,1516884697,0
1598,24718,1516884697,0
1598,24567,1516884697,1
1599,26248,1516871051,1
1600,24537,1516798511,0
1600,24538,1516798698,0
1601,24524,1516798141,0
1601,24525,1516798589,0
1602,24493,1516791275,0
1603,24575,1516787516,1
1603,24456,1516787516,-1
1603,24570,1516787516,0
1604,475,1516727639,0
1605,1999,1516721537,1
1606,19978,1516712269,-1
1607,32429,1516710182,0
1608,24444,1516709558,0
1608,24524,1516709558,0
1608,24526,1516709558,0
1610,24528,1516618406,1
1610,24689,1516618406,1
1610,24526,1516618406,0
1611,529,1516611917,0
1611,529,1516611917,0
1611,22125,1516611917,0
1612,24448,1516611423,0
1612,24697,1516611423,0
1612,24539,1516611423,0
1612,24537,1516611423,0
1613,24493,1516609814,1
1613,24495,1516609814,0
1613,24436,1516609814,0
1613,24662,1516609814,0
1614,26087,1516366993,0
1614,4369,1516366993,1
1614,6638,1516366993,0
1614,26087,1516367234,0
1614,6638,1516534805,0
1614,26087,1516534805,0
1616,24542,1516368013,1
1616,24700,1516368013,0
1616,24702,1516368013,1
1616,24539,1516368013,0
1616,24699,1516368013,0
1616,24701,1516368013,0
1617,24541,1516356028,0
1617,24529,1516356028,1
1617,24539,1516356028,0
1617,24690,1516356028,1
1617,24689,1516356028,1
1617,24542,1516356028,0
1617,24528,1516356028,-1
1618,24543,1516354543,1
1618,24541,1516354543,1
1618,24701,1516354543,1
1618,24703,1516354543,1
1618,24700,1516354543,1
1618,24542,1516354543,1
1618,24699,1516354543,0
1618,24702,1516354543,1
1619,24666,1516288594,1
1619,24499,1516288594,1
1619,24664,1516288594,1
1619,24496,1516288594,1
1619,24493,1516288594,0
1619,24497,1516288594,-1
1620,17176,1516278567,1
1622,5438,1516269131,0
1622,5438,1516269131,1
1623,24478,1516202321,0
1623,24476,1516202321,1
1623,24434,1516202321,0
1624,9142,1516193491,0
1624,4791,1516193491,0
1625,24642,1516186072,1
1625,24432,1516186072,0
1625,24470,1516186072,0
1625,24468,1516186072,1
1627,450,1516182055,1
1627,1550,1516182055,0
1627,416,1516182055,1
1627,4688,1516182055,1
1627,20663,1516182055,0
1629,24563,1516107052,0
1629,24454,1516107052,0
1629,24561,1516107052,0
1630,24554,1516098690,0
1630,24452,1516098690,0
1630,24556,1516098690,0
1630,24712,1516098690,0
1631,8152,1516092507,1
1631,8142,1516092507,0
1632,9731,1516092194,0
1632,23104,1516092194,-1
1633,19978,1516086168,1
1633,19962,1516086168,-1
1633,8159,1516086168,1
1633,318,1516086168,0
1633,319,1516086168,1
1633,387,1516086168,1
1633,6290,1516086168,0
1633,8159,1516086169,0
1633,387,1516086169,0
1633,19960,1516086169,0
1634,21451,1516016493,1
1634,21450,1516016493,0
1635,24635,1516013102,0
1635,24634,1516013102,1
1635,24466,1516013102,0
1636,24462,1516011425,0
1636,24603,1516011425,1
1636,24779,1516011425,1
1636,24605,1516011425,0
1637,24460,1516011425,0
1637,24773,1516011425,1
1637,24599,1516011425,0
1637,24597,1516011425,1
1638,415,1511768971,0
1638,1876,1511768971,0
1638,4356,1511768971,0
1638,27263,1511768971,0
1638,27109,1511768971,0
1638,30125,1511768971,1
1638,28582,1511768971,1
1638,29637,1511768971,1
1638,29644,1511768971,0
1638,29657,1513157969,0
1638,26734,1513157969,0
1638,20663,1516006154,1
1638,29657,1516006154,0
1639,251,1516000825,0
1639,17268,1516000825,0
1639,9080,1516000825,0
1640,32413,1515779403,-1
1640,21688,1515779403,0
1640,21691,1515779403,0
1640,21674,1515779403,0
1640,9060,1515779403,0
1640,18515,1515779403,-1
1640,18514,1515779403,-1
1640,21666,1515779403,0
1640,21652,1515779403,-1
1640,21673,1515779403,0
1640,21675,1515779403,0
1640,21672,1515779403,0
1640,21696,1515779403,0
1640,21679,1515779403,0
1640,21663,1515779403,1
1640,9056,1515779403,0
1640,9045,1515779403,0
1640,4780,1515779403,1
1640,5809,1515779403,-1
1640,478,1515779403,1
1640,479,1515779403,1
1640,476,1515779403,-1
1640,475,1515779403,1
1640,480,1515779403,0
1640,6761,1515781364,0
1640,4780,1515781364,0
1640,5809,1515781364,0
1640,476,1515781364,0
1640,475,1515781364,0
1642,25687,1515762988,1
1642,30675,1515762988,0
1642,26120,1515762988,1
1642,25687,1515762988,1
1643,24787,1515761378,1
1643,24619,1515761378,0
1643,24464,1515761378,0
1643,24617,1515761378,1
1643,24787,1515761570,0
1644,24456,1515749623,0
1644,24728,1515749623,1
1644,24570,1515749623,0
1644,24568,1515749623,1
1645,8674,1515694940,1
1645,8673,1515694940,0
1645,8669,1515694940,1
1646,15872,1515680653,0
1647,29637,1515669792,1
1647,29649,1515669792,0
1651,4337,1515590220,0
1652,30151,1515586040,1
1653,24565,1515576238,0
1653,24563,1515576238,0
1653,24567,1515576238,0
1653,24718,1515576238,0
1655,32491,1515406829,0
1655,1550,1515406829,-1
1655,4356,1515406829,0
1655,415,1515406829,0
1655,4687,1515406829,1
1655,1550,1515406829,1
1655,415,1515406829,0
1655,32491,1515406829,0
1655,4687,1515406829,-1
1655,20651,1515406830,-1
1655,1550,1515406830,0
1655,29674,1515406830,0
1655,29659,1515406830,0
1655,29670,1515406830,0
1655,29644,1515406830,0
1655,26920,1515406830,0
1655,29676,1515406830,0
1655,29638,1515406830,0
1655,450,1515406830,0
1655,416,1515406830,0
1655,1550,1515406830,1
1655,1550,1515406830,-1
1655,4687,1515406830,1
1655,20651,1515406830,1
1655,20651,1515406830,-1
1655,28847,1515406830,0
1655,30715,1515406830,0
1655,1550,1515406830,0
1655,415,1515406830,0
1655,20651,1515406830,0
1655,1550,1515406830,1
1655,4688,1515406830,1
1655,4689,1515406830,1
1655,1550,1515489847,-1
1655,415,1515489847,1
1655,4453,1515489847,0
1655,20651,1515489847,1
1656,4812,1515316978,0
1657,208,1515240163,0
1657,4812,1515240163,0
1658,26252,1514974161,1
1658,28226,1515080311,0
1659,26007,1515080311,0
1659,25938,1515080311,0
1659,26231,1515080311,-1
1659,28757,1515080311,0
1659,28761,1515080311,0
1659,25938,1515080311,0
1659,26231,1515080311,-1
1659,26007,1515080311,1
1659,26231,1515080311,1
1662,24488,1514989508,1
1663,10379,1514979640,0
1663,10442,1514979640,1
1664,5948,1514978862,0
1665,4753,1514978537,1
1666,4708,1514974791,1
1666,4707,1514974791,1
1666,20875,1514974791,0
1666,4707,1514975097,0
1666,4708,1514975097,0
1666,20878,1514975097,0
1667,15107,1514969839,-1
1667,14797,1514969839,0
1667,15117,1514969839,0
1667,15131,1514969839,0
1667,15132,1514969839,-1
1668,29679,1514288588,0
1669,26856,1514286113,0
1669,29659,1514286113,1
1669,7584,1514286113,0
1670,26692,1513534244,0
1670,30036,1513534244,0
1670,32265,1513534244,0
1670,26691,1513534244,0
1670,26693,1513534244,0
1670,32264,1513534244,0
1670,30031,1513534244,0
1670,28267,1513534244,0
1670,26678,1513534244,0
1670,26690,1513534244,0
1670,29718,1513534244,0
1670,29717,1513534244,0
1670,28266,1513534244,0
1670,26685,1513872075,1
1670,26678,1513872075,1
1670,27550,1513872075,1
1670,27367,1513872075,1
1670,26691,1513872075,1
1670,28100,1513872075,1
1670,22583,1513873866,0
1670,9410,1513873866,0
1671,25839,1513871959,1
1671,27419,1513871959,1
1671,25840,1513871959,1
1672,4791,1513852682,-1
1673,24541,1513839168,1
1673,24701,1513839168,-1
1673,24542,1513839168,0
1673,24700,1513848680,0
1673,24545,1513848680,0
1673,24545,1513848935,0
1676,7890,1513758253,0
1677,14801,1513617645,0
1677,14867,1513617645,-1
1677,31731,1513617645,0
1677,31690,1513617645,0
1677,7711,1513617645,0
1677,6785,1513617645,0
1677,5454,1513617645,0
1677,5453,1513617645,0
1677,17486,1513617645,1
1677,14795,1513617645,0
1677,14958,1513617645,0
1677,5718,1513617645,1
1678,4753,1513605910,1
1679,29649,1513601991,0
1679,29659,1513604156,0
1681,32007,1513536915,0
1681,32007,1513599744,0
1681,32006,1513599744,0
1681,32008,1513599744,0
1682,31875,1513534244,1
1682,31869,1513534244,1
1682,31871,1513534244,1
1682,31874,1513534244,1
1682,15393,1513534244,1
1682,15398,1513534244,1
1682,15399,1513534244,1
1684,19850,1513330638,0
1684,8102,1513330638,1
1684,19816,1513330638,1
1685,2028,1513244677,0
1685,2030,1513244677,1
1685,4755,1513244677,1
1685,4754,1513244677,0
1685,638,1513246208,0
1687,23156,1513161172,0
1687,10481,1513161172,1
1687,16896,1513161172,1
1687,16898,1513161172,-1
1687,16895,1513161172,-1
1687,4200,1513161172,1
1687,2316,1513161172,-1
1687,4867,1513161172,1
1687,4868,1513161172,1
1688,26057,1513158838,-1
1688,25665,1513158838,0
1688,29675,1513158838,-1
1688,26188,1513158838,-1
1688,26058,1513158838,-1
1688,15766,1513158838,-1
1688,25188,1513158838,-1
1688,26056,1513158838,-1
1688,30108,1513158838,-1
1688,30234,1513158838,-1
1688,8125,1513158838,-1
1688,25985,1513158838,-1
1688,29659,1513158838,-1
1688,25940,1513158838,-1
1688,4770,1513158838,-1
1688,26426,1513158838,-1
1688,26214,1513158838,-1
1688,1031,1513158838,-1
1688,30660,1513158838,-1
1688,22992,1513158838,0
1688,25713,1513158838,-1
1688,30693,1513158838,-1
1688,26222,1513158838,-1
1688,26055,1513158838,-1
1688,26022,1513158838,-1
1688,29555,1513158838,-1
1688,25988,1513158838,-1
1688,25925,1513158838,-1
1688,28804,1513158838,0
1688,4744,1513158838,-1
1688,17800,1513158838,-1
1688,410,1513158838,0
1688,1255,1513158838,-1
1688,25187,1513158838,-1
1688,20554,1513158838,-1
1688,25998,1513158838,-1
1688,29644,1513158838,-1
1688,4687,1513158838,-1
1688,26003,1513158838,-1
1688,26059,1513158838,-1
1688,25751,1513158838,-1
1688,32495,1513158838,0
1688,25106,1513158838,-1
1688,25819,1513158838,-1
1688,19055,1513158838,-1
1688,17406,1513158838,-1
1688,25777,1513158838,-1
1688,30711,1513158838,-1
1688,16504,1513158838,-1
1688,475,1513158838,-1
1688,29559,1513158838,-1
1688,25688,1513158838,-1
1688,26218,1513158838,-1
1688,30220,1513158838,-1
1688,406,1513158838,-1
1688,8475,1513158838,-1
1688,25882,1513158838,-1
1688,26258,1513158838,-1
1688,5750,1513158838,-1
1688,26281,1513158838,-1
1689,26214,1513154968,1
1689,27594,1513155185,0
1689,26214,1513155185,1
1690,25665,1513154540,1
1690,26432,1513154540,1
1691,9298,1512921105,-1
1691,9299,1512921105,-1
1691,22113,1512921105,-1
1692,16213,1512598738,1
1692,445,1512598738,0
1692,21344,1512598738,1
1692,21360,1512905146,1
1694,32497,1512639657,0
1694,7181,1512639657,0
1694,6314,1512639657,0
1695,4369,1512636855,0
1696,236,1512636474,0
1696,6980,1512636474,0
1696,16895,1512636474,0
1697,10365,1512633469,1
1697,10393,1512633469,1
1697,10365,1512633790,0
1697,10393,1512633790,-1
1699,5721,1512466725,1
1699,5719,1512466725,0
1699,21467,1512466725,0
1701,483,1512374259,1
1702,7242,1510692841,0
1702,5792,1510594458,0
1702,24713,1510248346,0
1702,8443,1510854655,0
1702,4537,1510594458,0
1702,8446,1510854655,0
1702,8434,1510854655,0
1702,8448,1510854655,0
1702,20464,1510854655,0
1702,21599,1507042864,0
1702,8397,1509035920,0
1702,24803,1510248346,0
1702,7800,1510941069,-1
1702,16781,1511812087,-1
1702,20134,1510163017,0
1702,9360,1510854655,0
1702,22196,1510681803,0
1702,23283,1511977228,0
1702,23285,1511977228,-1
1702,4560,1510854655,0
1702,21498,1508959714,0
1702,21913,1510248346,0
1702,17318,1511200768,0
1702,9962,1512063726,-1
1702,17657,1511469566,-1
1702,17662,1511469566,-1
1702,20847,1509281801,1
1702,5833,1511469566,-1
1702,15996,1510767775,-1
1702,8547,1509883302,0
1702,17315,1511200768,-1
1702,8431,1510854655,0
1702,24428,1507017442,0
1702,22739,1510854655,0
1702,17324,1511200768,0
1702,8617,1509281801,0
1702,20132,1510163017,0
1702,17327,1510854655,0
1702,7243,1510692841,0
1702,5844,1511469566,-1
1702,21063,1509883302,0
1702,7610,1510077733,0
1702,17651,1511469566,-1
1702,17650,1511469566,-1
1702,20849,1509281801,-1
1702,8427,1510854655,0
1702,20797,1509479742,0
1702,21608,1512063726,-1
1702,12153,1508417540,0
1702,20468,1510854655,0
1702,22106,1509767060,0
1702,17321,1511200768,0
1702,14472,1511977228,0
1702,20471,1510854655,0
1702,12366,1512063726,0
1702,21598,1512063726,0
1702,21862,1509653890,0
1702,5798,1510594458,0
1702,8425,1510854655,0
1702,17325,1511200768,0
1703,450,1512032215,1
1703,21446,1512032215,1
1703,21442,1512032215,0
1704,24716,1511961609,0
1704,24711,1511961609,0
1704,24560,1511961609,1
1704,24715,1511961609,0
1707,25661,1511788675,0
1707,25987,1511788675,1
1708,18924,1511785152,1
1708,18110,1511785152,0
1709,17606,1511534312,0
1709,18812,1511534312,1
1709,5629,1511534312,0
1709,391,1511534312,-1
1709,1783,1511534312,0
1709,20128,1511534312,0
1709,18812,1511770619,1
1709,391,1511770619,1
1710,22074,1508486211,1
1710,22108,1508486211,0
1710,18232,1508486211,0
1710,22082,1508486211,0
1710,32496,1508486211,0
1710,527,1508486211,1
1710,520,1508486211,0
1710,521,1508486211,0
1710,522,1508486211,-1
1710,525,1508486211,1
1710,524,1508486211,-1
1710,523,1508486211,-1
1710,526,1508486211,1
1710,9249,1508486211,0
1710,9295,1508486211,0
1710,9252,1508486211,0
1710,9250,1508486211,1
1710,12401,1508486211,0
1710,5811,1508486211,0
1710,9224,1508486211,0
1710,9264,1508486211,0
1710,9261,1508486211,-1
1710,22094,1511653642,0
1710,9295,1511653642,1
1710,9249,1511653642,1
1711,29679,1511624524,0
1711,29679,1511629426,-1
1713,20632,1511448621,1
1714,4690,1511444371,1
1714,4687,1511444371,1
1714,29636,1511444371,0
1714,29649,1511444371,0
1715,17513,1511440893,0
1716,16498,1511426760,0
1716,16498,1511428116,0
1717,32015,1511424277,0
1717,7053,1511424277,1
1717,601,1511424277,0
1717,2873,1511424277,0
1717,540,1511424277,0
1717,4861,1511424277,0
1717,5485,1511424277,0
1717,26406,1511424277,0
1717,17201,1511424277,1
1717,20701,1511424277,-1
1717,16124,1511424277,0
1717,32234,1511424277,1
1717,540,1511424716,0
1717,4861,1511424716,0
1717,16124,1511424716,0
1717,26406,1511424716,0
1718,388,1511420975,1
1719,26195,1511374676,0
1719,27301,1511374676,-1
1720,24568,1511176099,0
1720,24589,1511176099,0
1720,24767,1511183648,0
1720,24597,1511183648,0
1720,24603,1511197845,0
1720,24617,1511198942,0
1720,24634,1511259585,0
1720,24468,1511259585,0
1720,24635,1511259585,0
1720,24476,1511260450,0
1720,24556,1511272272,0
1721,5429,1511271810,0
1721,6688,1511271810,0
1722,1573,1511202557,1
1722,10547,1511202557,0
1722,10547,1511246666,0
1722,1573,1511246666,0
1723,15123,1511179163,0
1724,24568,1510931884,0
1724,24573,1510931884,0
1725,10369,1510909216,-1
1726,19908,1510741477,0
1726,19907,1510741477,0
1726,8105,1510741477,0
1727,15703,1510741237,1
1728,25736,1510738685,1
1729,27213,1510671686,1
1729,30070,1510671686,0
1730,25205,1510655423,0
1731,31613,1510574038,1
1732,30222,1510556404,0
1732,30220,1510556404,0
1732,24398,1510556404,0
1732,27511,1510556404,0
1732,27652,1510556404,0
1732,30282,1510556404,0
1732,30223,1510556404,0
1732,31196,1510556404,0
1732,18836,1510556404,0
1732,8971,1510556404,0
1732,4361,1510556404,0
1732,4770,1510556404,0
1732,6749,1510556404,0
1732,5862,1510556404,0
1733,25751,1510292656,0
1733,32106,1510292656,-1
1733,32587,1510292656,0
1734,5429,1510309368,1
1734,6688,1510309368,0
1734,5430,1510309368,1
1736,10532,1510148302,1
1736,1094,1510148302,0
1736,15703,1510148302,1
1736,19871,1510148302,0
1736,1094,1510148302,1
1737,5811,1510138671,1
1737,9247,1510138671,0
1737,9255,1510138671,0
1737,12401,1510138671,0
1737,4817,1510138671,0
1737,525,1510138671,1
1737,516,1510138671,0
1737,22066,1510138671,0
1739,6448,1510059425,0
1739,6514,1510059425,0
1739,7025,1510059425,0
1739,6670,1510059425,0
1739,26089,1510059425,0
1739,6634,1510059425,0
1739,4368,1510059425,1
1739,4367,1510059425,0
1740,29738,1509965903,0
1740,29741,1509965903,0
1740,29733,1509965903,0
1740,29728,1509965903,0
1740,29729,1509965903,1
1741,9299,1509963809,0
1741,32496,1509963809,1
1743,21950,1509786286,0
1743,19548,1509786286,0
1744,32111,1509748870,0
1744,32108,1509748870,0
1744,32592,1509748870,0
1744,32113,1509748870,0
1744,32106,1509748870,1
1744,32110,1509748870,0
1744,32587,1509748870,1
1744,32598,1509748870,0
1744,32112,1509748870,0
1745,26163,1509712802,1
1745,26162,1509712802,1
1745,5557,1509712802,1
1745,669,1509712802,1
1745,7813,1509712802,0
1745,26163,1509713131,0
1745,26162,1509713131,0
1745,5557,1509713131,1
1746,4794,1509704652,1
1747,24845,1509701874,0
1748,669,1509700106,1
1748,7813,1509700106,1
1748,26162,1509700106,0
1748,26163,1509700106,1
1748,26164,1509700106,0
1750,25751,1509648169,1
1753,5412,1509630563,0
1754,4367,1509626895,1
1756,669,1509560949,1
1757,32106,1509545809,0
1757,32601,1509545809,1
1757,32107,1509545809,-1
1760,4819,1509532205,0
1761,15944,1509525584,0
1761,416,1509525584,0
1761,1876,1509525584,0
1761,4690,1509525584,-1
1761,4690,1509526271,1
1761,1548,1509526271,0
1761,1876,1509527942,0
1762,26155,1509451629,1
1763,24575,1509448013,1
1763,24724,1509448013,0
1764,8674,1509445326,1
1766,5726,1509362241,0
1766,4646,1509362241,0
1766,12314,1509362241,0
1766,15771,1509362241,0
1768,8672,1509180004,-1
1768,8767,1509180004,1
1768,8669,1509180004,1
1770,416,1509119848,0
1771,6353,1509115922,0
1771,30520,1509115922,0
1771,26157,1509115922,0
1772,1043,1509111751,1
1772,6353,1509111751,0
1772,22907,1509111751,0
1772,26157,1509111751,1
1772,30520,1509111751,0
1773,5979,1509101672,1
1773,23059,1509101672,-1
1774,29584,1509091269,0
1775,24617,1509089023,1
1775,24800,1509089023,1
1775,24619,1509089023,0
1775,24624,1509089023,1
1775,24792,1509090012,0
1775,24619,1509090012,0
1776,30132,1509088240,0
1777,32108,1509084374,1
1779,32442,1509024346,0
1781,6688,1508959030,0
1781,5429,1508959030,0
1781,4753,1508959030,1
1782,12268,1508932803,-1
1782,14389,1508932803,0
1786,32083,1508830477,1
1786,32084,1508830477,1
1786,32079,1508830477,0
1787,8681,1508829805,0
1787,8682,1508829805,0
1789,4754,1508748603,1
1790,445,1508614180,-1
1790,2010,1508614180,1
1790,445,1508614180,1
1790,446,1508614180,0
1790,6666,1508614180,0
1790,8829,1508614180,0
1790,21323,1508614181,1
1790,445,1508614181,1
1791,5853,1508497387,-1
1791,17261,1508497900,-1
1792,20529,1508496219,-1
1793,31356,1508403076,0
1793,30373,1508403076,0
1793,32182,1508403076,0
1793,30373,1508484357,0
1793,31356,1508484357,0
1793,30373,1508485839,0
1793,32182,1508485839,0
1795,4799,1508317267,0
1797,32578,1508231862,0
1797,32579,1508231862,0
1798,32579,1508231862,0
1800,32446,1508179273,0
1800,32450,1508179273,0
1800,32447,1508179273,0
1800,32448,1508179273,0
1800,32445,1508179273,0
1800,32449,1508179273,0
1800,32440,1508179831,0
1801,10369,1508161343,0
1801,10475,1508161539,0
1801,10369,1508161539,0
1802,5862,1508138292,0
1802,5862,1508138808,0
1802,5863,1508138808,0
1803,25166,1507985095,0
1803,25103,1507985095,-1
1803,25106,1507985095,1
1803,25172,1507985095,0
1804,25205,1507983848,1
1805,7184,1507883748,1
1806,20464,1506508110,0
1806,8424,1506508110,0
1806,20465,1506508110,0
1806,15529,1506581414,0
1806,9043,1506581414,0
1806,8136,1506581861,0
1806,19951,1506581861,0
1806,19952,1506581861,0
1806,19953,1506581861,0
1806,7906,1506618609,0
1806,24796,1506619569,1
1806,26468,1506667647,-1
1806,29589,1506667647,0
1806,31051,1506667647,-1
1806,31081,1506667647,0
1806,20312,1507015655,0
1806,4313,1507015655,-1
1806,12344,1507015655,0
1806,15880,1507015655,0
1806,15879,1507015655,0
1806,20385,1507015655,-1
1806,30828,1507015656,0
1806,27045,1507015656,1
1806,27292,1507015656,0
1806,30828,1507101703,0
1806,27292,1507101703,0
1806,26468,1507101703,-1
1806,22325,1507833198,1
1806,22328,1507833198,0
1806,22327,1507833198,-1
1806,4560,1507833198,1
1806,9363,1507833198,1
1806,9362,1507833198,1
1806,9356,1507833198,-1
1806,9355,1507833198,1
1806,9353,1507833198,1
1806,9360,1507833198,0
1807,32502,1507827248,0
1808,32502,1507827248,0
1808,32520,1507827248,0
1808,32543,1507827248,0
1808,32546,1507827248,0
1808,32508,1507827248,0
1808,32525,1507827248,0
1808,32537,1507827248,0
1808,32519,1507827248,0
1808,32563,1507827248,0
1809,4770,1507827248,0
1809,32520,1507827248,1
1809,32508,1507827248,1
1809,32515,1507827248,-1
1809,32563,1507827248,0
1810,17613,1507816761,0
1810,17613,1507816767,0
1814,7834,1507728351,1
1814,8676,1507728351,1
1816,20531,1507367273,0
1816,20509,1507367273,0
1816,20532,1507367273,0
1816,8468,1507367273,-1
1816,8466,1507367273,-1
1816,8470,1507367273,0
1816,8465,1507367273,-1
1816,8467,1507367273,0
1816,8469,1507367273,-1
1816,32612,1507367273,-1
1816,32610,1507367273,0
1816,20533,1507367273,0
1816,32609,1507367273,0
1816,32611,1507367273,-1
1817,32621,1507322262,0
1817,32616,1507322262,0
1817,32628,1507322262,0
1817,32616,1507362268,0
1817,32621,1507362268,1
1817,32620,1507362268,0
1817,32627,1507362268,0
1817,32628,1507362268,0
1817,32621,1507363406,0
1817,21451,1507367081,0
1819,248,1507296336,0
1819,17265,1507296336,1
1820,20516,1507288671,1
1820,20520,1507288671,1
1820,20509,1507288671,0
1820,20510,1507288671,1
1821,5750,1507278432,1
1824,4602,1507202705,0
1825,21941,1507190881,0
1826,1550,1507177456,0
1828,17845,1507127335,0
1828,8691,1507127335,0
1828,8690,1507127335,0
1829,8143,1507126267,1
1830,7263,1507103925,0
1830,14465,1507103925,0
1830,16862,1507103925,0
1830,22891,1507103925,0
1830,22889,1507103925,0
1830,22890,1507103925,0
1830,14464,1507103925,0
1832,17764,1507051411,1
1832,98,1507051411,1
1832,12197,1507051670,0
1832,6745,1507051670,0
1833,24558,1507043795,0
1833,24556,1507043795,0
1833,24560,1507043795,0
1833,24430,1507044044,0
1834,4863,1507041470,0
1834,4862,1507041470,0
1834,9733,1507041470,0
1834,6964,1507041470,0
1834,7264,1507041470,0
1834,17295,1507041470,0
1834,23099,1507041470,0
1834,23108,1507041470,0
1834,23104,1507041470,0
1834,23099,1507041470,0
1834,545,1507041470,0
1834,4862,1507041470,-1
1834,4863,1507041470,-1
1835,8143,1507030796,0
1835,18813,1507030796,0
1835,18813,1507030964,0
1836,29644,1507026052,1
1837,4222,1506606517,0
1838,30670,1506599144,0
1838,27283,1506599144,1
1838,28818,1506599144,0
1838,30660,1506599144,1
1838,27064,1506599144,1
1842,23224,1506582824,0
1842,19135,1506582824,1
1842,32496,1506582824,0
1842,9778,1506582824,0
1843,6123,1506526987,0
1845,4361,1506521821,0
1845,4770,1506521821,0
1845,6749,1506521821,0
1845,8971,1506521821,0
1845,18836,1506521821,0
1845,32568,1506521821,0
1845,32569,1506521821,0
1846,32580,1506521818,0
1846,32524,1506521818,1
1846,32507,1506521818,0
1846,32571,1506521818,0
1846,32584,1506521818,0
1846,32585,1506521818,0
1846,32576,1506521818,0
1846,32577,1506521818,0
1846,32516,1506521818,1
1846,32515,1506521818,1
1846,32512,1506521818,0
1846,32581,1506521818,0
1846,24398,1506521818,1
1846,32505,1506521818,0
1846,32521,1506521818,1
1846,32570,1506521818,0
1846,32572,1506521818,0
1846,32573,1506521818,0
1846,30282,1506521818,0
1846,5862,1506521818,1
1847,31613,1506519556,1
1848,8914,1506519400,0
1848,4284,1506519400,0
1849,9815,1506512516,0
1849,4322,1506512516,0
1849,4321,1506512516,0
1851,301,1506506021,0
1851,20460,1506506021,-1
1851,20472,1506506021,0
1852,2931,1506498911,1
1852,30277,1506498911,1
1852,25095,1506498911,0
1852,9914,1506498911,0
1855,377,1506433653,-1
1857,22439,1506415037,-1
1857,10338,1506430363,1
1857,22439,1506430363,1
1860,7754,1506423506,-1
1860,7754,1506424130,0
1862,6148,1506405994,1
1864,23270,1506347866,0
1867,32570,1506342060,0
1868,30223,1506342060,0
1868,30234,1506342060,1
1868,30220,1506342060,1
1868,30222,1506342060,1
1869,32525,1506342059,1
1869,32537,1506342059,1
1869,30749,1506342059,0
1869,30213,1506342059,0
1869,32507,1506342059,1
1869,32563,1506342059,1
1870,32515,1506342059,1
1870,32507,1506342059,-1
1872,33831,1484213261,0
1872,4753,1484213261,1
1872,5429,1484213261,1
1872,6266,1506283402,0
1872,6371,1506283402,0
1872,6985,1506283402,0
1872,6983,1506283402,0
1872,6987,1506283402,0
1872,6462,1506283402,0
1872,30375,1506283402,0
1872,26076,1506283402,0
1872,26071,1506283402,0
1872,26087,1506283402,0
1872,26105,1506283402,0
1872,26082,1506283402,0
1872,26092,1506283402,0
1872,26104,1506283402,0
1872,1548,1506283402,0
1872,25742,1506283402,0
1872,26134,1506283402,0
1872,26105,1506283402,0
1872,24319,1506283402,0
1872,24319,1506283402,1
1872,26082,1506283402,0
1872,26082,1506283402,0
1872,14377,1506283402,1
1872,14377,1506283402,-1
1872,26103,1506283402,0
1872,26076,1506283402,0
1872,26070,1506283402,0
1872,26070,1506283402,0
1872,30426,1506283402,1
1872,30426,1506283402,-1
1872,32138,1506283402,1
1872,32661,1506283402,0
1872,32660,1506283403,0
1872,32598,1506283403,0
1872,32659,1506283403,0
1872,32138,1506283403,1
1872,14377,1506283403,1
1872,24319,1506283403,1
1872,30426,1506283403,1
1872,31082,1506283403,0
1872,4409,1506283403,-1
1873,12043,1506078811,1
1873,25687,1506078531,-1
1873,30749,1506078531,-1
1873,24398,1506078811,1
1873,21459,1506078531,-1
1873,26136,1506078531,-1
1873,9320,1506078531,0
1873,15853,1506078811,-1
1873,15702,1506078811,1
1873,6314,1506078811,0
1873,32392,1506078811,0
1873,451,1506078531,0
1873,4687,1506078531,1
1873,6684,1506078811,0
1873,20139,1506078811,0
1873,30694,1506078531,0
1873,32608,1506078811,-1
1873,7608,1506283403,0
1873,6156,1506078811,1
1873,25661,1506078811,0
1873,531,1506078531,1
1873,26071,1506078811,0
1873,20138,1506078811,1
1873,15702,1506078531,-1
1873,23183,1506078531,0
1873,23183,1506078811,0
1873,30046,1506078811,0
1873,10525,1506078531,0
1873,23158,1506078531,0
1873,20657,1506078531,0
1873,5888,1506078811,-1
1873,2881,1506078531,0
1873,25918,1506078811,0
1873,15853,1506078531,1
1873,32608,1506078531,1
1873,12043,1506078531,-1
1873,6276,1506078811,0
1873,6889,1506078811,0
1873,32537,1506078811,0
1873,5803,1506078811,-1
1873,2881,1506078811,0
1873,30694,1506078811,0
1873,5955,1506078531,0
1873,26136,1506078811,1
1873,30223,1506078811,0
1873,5892,1506078811,-1
1873,451,1506078811,0
1873,531,1506078811,-1
1873,32106,1506078811,1
1873,18274,1506078531,0
1873,9320,1506078811,0
1873,29931,1506078531,0
1873,21459,1506078811,1
1873,10525,1506078811,0
1873,392,1506078531,1
1873,27446,1506078531,0
1873,32392,1506078531,0
1873,19764,1506078811,0
1873,32535,1506078811,0
1873,6156,1506078531,-1
1874,30426,1506283400,0
1874,32138,1506283400,-1
1874,32108,1506283401,0
1874,32495,1506283401,1
1874,32661,1506283401,0
1874,32598,1506283401,0
1874,32661,1506283401,0
1874,32661,1506283401,0
1874,32495,1506283401,1
1874,32495,1506283401,-1
1874,32659,1506283401,0
1874,32660,1506283401,0
1874,14377,1506283401,-1
1874,24319,1506283401,-1
1874,25199,1506283401,1
1875,32560,1506157003,0
1875,5908,1506157003,0
1875,5906,1506157003,0
1877,18274,1506079070,0
1877,32191,1506079070,0
1877,26136,1506079070,0
1877,26125,1506079070,0
1877,26135,1506079070,0
1877,26131,1506079070,0
1877,26124,1506079070,0
1877,26137,1506079070,0
1877,26126,1506079070,0
1877,26134,1506079070,0
1877,18272,1506079070,0
1877,6684,1506079070,0
1877,6879,1506079070,0
1877,26071,1506087473,0
1877,26116,1506087473,0
1877,26087,1506087473,0
1877,26094,1506087473,0
1877,26084,1506087473,0
1877,26105,1506087473,0
1877,18500,1506087473,0
1877,18502,1506087473,0
1877,26068,1506087473,0
1877,26092,1506087473,0
1877,26104,1506087473,0
1877,30372,1506087473,0
1877,26082,1506087473,0
1877,26093,1506087473,0
1877,26097,1506087473,0
1877,26086,1506087473,0
1877,26108,1506087473,0
1877,26109,1506087473,0
1877,26102,1506087473,0
1877,26100,1506087473,0
1877,26075,1506087473,0
1877,26067,1506087473,0
1877,26069,1506087473,0
1877,26074,1506087473,0
1877,26111,1506087473,0
1877,26101,1506087473,0
1877,26089,1506087473,0
1877,26070,1506087473,0
1877,26088,1506087473,0
1877,26072,1506087473,0
1877,26076,1506087473,0
1877,30375,1506087473,0
1878,15853,1506065042,-1
1878,15846,1506065042,0
1878,15851,1506065042,1
1879,32587,1506061143,0
1880,32608,1505978565,-1
1880,32106,1505978565,1
1880,32106,1506061070,0
1881,26136,1506008784,1
1881,25687,1506008784,1
1881,25918,1506008784,0
1881,18274,1506008784,0
1884,30234,1505925729,1
1884,30223,1505925729,0
1884,31196,1505925729,0
1884,30694,1505925729,0
1884,27446,1505925729,0
1884,29931,1505925729,0
1884,32392,1505925729,0
1884,30749,1505925729,1
1884,32537,1505925729,0
1884,32535,1505925729,0
1884,20139,1505925729,0
1884,24398,1505925729,1
1884,23158,1505925729,0
1884,12043,1505925729,0
1884,25751,1505925729,0
1884,23183,1505925729,0
1884,20135,1505925729,-1
1884,5955,1505925729,0
1884,4868,1505925729,-1
1884,5892,1505925729,0
1884,5862,1505925729,0
1884,6314,1505925729,0
1884,5886,1505925729,0
1884,9320,1505925729,0
1884,7182,1505925729,0
1884,6889,1505925729,0
1884,9319,1505925729,0
1884,10525,1505925729,0
1884,5888,1505925729,-1
1884,7077,1505925729,0
1884,531,1505925729,-1
1884,392,1505925729,-1
1884,4200,1505925729,0
1884,2316,1505925729,1
1884,32383,1505925729,-1
1884,30046,1505925729,0
1884,30220,1505925729,1
1884,30222,1505925729,1
1886,6156,1505909422,1
1888,2881,1505808717,0
1888,28312,1505820772,0
1888,2881,1505896189,0
1888,4496,1505896189,1
1889,6276,1505893272,0
1889,26071,1505893272,0
1889,19764,1505893272,0
1889,15702,1505893272,1
1892,5811,1505820945,0
1893,20856,1505806257,1
1893,16013,1505806257,0
1893,8628,1505806257,0
1893,4702,1505806257,1
1895,8146,1505741689,0
1895,8154,1505741689,0
1896,18056,1505405431,0
1896,16974,1505405431,0
1896,18057,1505405431,0
1896,24966,1505405431,0
1896,18055,1505405431,0
1897,32495,1505293694,1
1898,16118,1505287689,1
1898,16433,1505287689,1
1898,16433,1505288778,0
1898,16118,1505288778,0
1900,14465,1505225246,1
1901,15115,1505222606,0
1901,15231,1505222606,0
1901,15151,1505222606,1
1902,15335,1505220151,1
1903,27244,1505208986,1
1903,30682,1505208986,1
1904,18094,1505207054,-1
1905,24572,1505201995,1
1905,24573,1505201995,-1
1905,24570,1505201995,0
1910,4793,1504948690,1
1912,5814,1504877578,0
1912,23205,1504877578,0
1914,20510,1504631428,1
1914,20509,1504631428,0
1914,20529,1504706292,0
1914,20510,1504854205,0
1916,6296,1504789431,0
1916,6294,1504789431,0
1916,7191,1504789431,0
1916,8162,1504789431,1
1916,7189,1504789431,0
1916,12311,1504789431,0
1918,19946,1504777877,0
1918,8134,1504777877,0
1918,8135,1504777877,1
1918,19938,1504777877,0
1919,4671,1504722457,0
1919,15908,1504767043,0
1921,26235,1504708842,0
1924,16502,1504683758,1
1924,22724,1504683758,0
1925,5814,1504619618,0
1925,4200,1504633981,0
1926,32659,1504623608,0
1926,32680,1504623608,0
1926,32495,1504623608,1
1926,32113,1504623608,0
1926,32111,1504623608,1
1926,32106,1504623608,1
1926,32110,1504623608,1
1926,32686,1504623608,0
1926,32660,1504623608,0
1926,32675,1504623608,0
1926,32677,1504623608,0
1926,32608,1504623608,1
1926,32108,1504623608,1
1926,32684,1504623608,0
1927,32675,1504622932,0
1927,32677,1504622932,0
1927,32660,1504622932,0
1927,32113,1504622932,1
1927,32108,1504622932,1
1927,32106,1504622932,0
1928,10338,1504619515,0
1929,32148,1504537100,0
1929,6491,1504537100,0
1929,6604,1504537100,0
1929,6503,1504537100,0
1929,6217,1504537100,0
1929,32188,1504537100,1
1929,6919,1504537100,0
1929,6313,1504537100,0
1929,6701,1504537100,0
1929,6463,1504537100,0
1929,6977,1504537100,0
1929,15640,1504537100,0
1929,6198,1504537100,0
1929,6992,1504537100,0
1929,32161,1504537100,0
1929,15406,1504537100,0
1929,6975,1504537100,0
1929,6265,1504537100,0
1929,6309,1504537100,0
1929,6677,1504537100,0
1929,5920,1504537429,0
1929,6287,1504537100,0
1929,6447,1504537100,0
1929,6699,1504537100,0
1929,6780,1504537100,0
1929,6828,1504537100,0
1929,6180,1504537100,0
1929,6509,1504537100,1
1929,18499,1504537100,0
1929,6766,1504537100,0
1929,6352,1504537100,0
1929,6400,1504537100,0
1929,6929,1504537100,0
1929,32175,1504537100,0
1929,32152,1504537100,0
1929,19094,1504537100,0
1929,32171,1504537100,0
1929,32176,1504537100,0
1929,6858,1504537100,0
1929,6511,1504537100,0
1929,19160,1504537100,0
1929,6927,1504537100,0
1929,24435,1504537100,0
1929,6935,1504537100,0
1929,7052,1504537099,1
1929,6563,1504537100,0
1929,6565,1504537100,0
1929,6804,1504537100,0
1929,6311,1504537100,0
1929,24463,1504537100,0
1929,6279,1504537100,0
1929,24443,1504537100,0
1929,6760,1504537100,0
1929,6275,1504537100,0
1929,6939,1504537100,0
1929,6746,1504537100,0
1929,6756,1504537100,0
1929,6545,1504537100,0
1929,6865,1504537100,0
1929,6796,1504537100,0
1930,4693,1504532038,0
1934,4765,1504448703,1
1934,8915,1504448703,0
1935,29678,1504448667,1
1935,26820,1504448667,0
1936,6666,1504338769,0
1936,2010,1504338769,1
1936,446,1504338769,0
1936,445,1504338769,1
1936,4743,1504338769,0
1936,445,1504339316,0
1936,4743,1504339316,0
1936,6666,1504425904,0
1936,446,1504425904,0
1936,2010,1504425904,0
1937,450,1504340471,1
1937,21446,1504340471,1
1937,21442,1504340471,0
1938,24738,1504339367,0
1938,24786,1504339367,0
1938,24727,1504339367,0
1939,24573,1504256672,1
1939,24472,1504258878,-1
1939,24470,1504258878,0
1939,24480,1504259524,-1
1939,24478,1504259524,0
1939,24507,1504260036,-1
1939,24505,1504260036,0
1939,24591,1504262197,0
1939,24593,1504262197,-1
1939,24599,1504262709,0
1939,24601,1504262709,-1
1939,24607,1504263300,-1
1939,24779,1504263300,0
1939,24605,1504263300,0
1939,24622,1504265552,-1
1940,24736,1504177058,0
1940,24575,1504177058,1
1940,24743,1504177058,0
1942,12093,1504081179,0
1944,20739,1504063395,1
1944,20737,1504063395,-1
1944,20746,1504063395,0
1945,1094,1504016748,1
1946,24570,1504006354,0
1946,24573,1504006354,1
1947,15617,1504000981,0
1947,15615,1504000981,0
1948,5429,1504000213,0
1948,6688,1504000213,0
1949,16848,1503995772,1
1949,22820,1503995772,0
1949,22820,1503995773,0
1950,20746,1503990776,1
1950,18105,1503990776,1
1950,12092,1503990776,1
1951,6296,1503921618,0
1951,7189,1503921618,0
1951,7191,1503921618,0
1951,6294,1503921618,0
1951,8162,1503921618,0
1951,12311,1503921618,0
1952,26078,1503901850,0
1952,26177,1503901850,0
1952,25651,1503901850,0
1952,25965,1503901850,0
1952,26034,1503901850,0
1952,19506,1503903583,0
1954,5750,1503662127,0
1954,1573,1503662127,1
1954,9189,1503662127,0
1954,9189,1503662419,0
1954,5750,1503662419,0
1954,1573,1503662419,0
1955,7189,1503650156,0
1955,7191,1503650156,0
1957,24573,1503579162,1
1958,21793,1503567186,0
1958,6811,1503567186,0
1958,4791,1503567186,1
1959,26256,1503566326,0
1959,26256,1503566326,0
1959,26256,1503566327,0
1959,26256,1503566327,0
1959,26256,1503566328,0
1961,4748,1455696708,1
1961,4748,1503505952,1
1962,4701,1503487235,0
1962,12356,1503487235,0
1962,8601,1503487235,0
1962,31350,1503487235,1
1962,20848,1503487937,0
1965,17799,1503384906,0
1965,5618,1503384906,1
1965,17774,1503384906,0
1965,22870,1503384906,0
1965,17774,1503384906,0
1965,22876,1503384906,0
1965,6944,1503384906,1
1965,9667,1503384906,0
1965,9667,1503415701,-1
1965,22876,1503415701,0
1965,22874,1503415701,0
1966,5429,1503392347,0
1966,6688,1503392535,0
1970,10369,1503304803,0
1970,10367,1503304803,1
1970,10398,1503304803,0
1972,4606,1503300222,0
1973,25660,1503292930,1
1973,27675,1503292930,1
1973,25886,1503292930,0
1974,22870,1503078353,0
1974,22877,1503078353,0
1974,17774,1503078353,0
1974,22874,1503078353,0
1974,22875,1503078353,0
1974,17801,1503078353,0
1974,17798,1503078353,0
1974,2288,1503078353,0
1974,6944,1503078353,0
1974,5618,1503078353,0
1974,14463,1503078353,0
1974,17800,1503078353,1
1974,17799,1503078353,0
1974,8869,1503078637,0
1974,416,1503078730,1
1974,7648,1503078730,-1
1975,15788,1501251692,0
1975,15787,1501251692,0
1975,12317,1503053187,0
1975,15789,1503053187,0
1976,22093,1502741111,0
1977,5811,1502736183,0
1977,5811,1502740442,0
1979,32521,1502456083,1
1979,32525,1502456083,0
1979,32515,1502456083,1
1979,32524,1502456083,1
1981,4784,1502268169,-1
1981,7241,1502268169,0
1981,6781,1502268169,0
1981,244,1502268169,0
1981,245,1502268169,0
1981,246,1502268169,-1
1981,7243,1502268169,-1
1981,9083,1502268169,0
1981,7242,1502268169,-1
1981,7242,1502268491,0
1981,9083,1502268491,0
1981,7243,1502268491,0
1981,246,1502268491,0
1981,245,1502268491,0
1981,244,1502268491,0
1981,7241,1502268491,0
1981,4784,1502268491,0
1981,7239,1502269143,0
1982,20482,1502258218,0
1982,20480,1502258218,0
1982,8458,1502258218,0
1982,8457,1502258218,0
1982,7269,1502258218,-1
1982,4664,1502258218,-1
1982,15901,1502258218,-1
1983,32551,1502203183,0
1983,32553,1502203183,-1
1983,32550,1502203183,-1
1983,32550,1502203183,0
1983,32546,1502203183,0
1983,32695,1502203183,0
1983,32695,1502203183,0
1983,32554,1502203183,1
1983,8878,1502203183,0
1983,8876,1502203183,0
1983,8877,1502203183,0
1983,8877,1502203183,0
1983,32545,1502203183,0
1983,32545,1502203183,1
1983,32551,1502203183,0
1983,32696,1502203183,0
1983,32546,1502203183,0
1983,32553,1502203183,-1
1983,32546,1502203183,0
1983,32546,1502203183,-1
1983,32552,1502203183,0
1983,32695,1502203183,0
1983,32695,1502203183,0
1983,32547,1502203183,0
1983,32547,1502203183,0
1983,32554,1502203183,0
1983,32554,1502203183,-1
1983,32545,1502203183,0
1983,32545,1502203183,0
1983,32557,1502203183,0
1983,32550,1502203183,0
1983,32555,1502203183,0
1983,32551,1502203183,0
1983,32551,1502203183,0
1983,32553,1502203183,0
1983,32558,1502203183,0
1984,30220,1502191769,1
1984,30222,1502191769,1
1984,30223,1502191769,0
1984,30234,1502191769,1
1985,32693,1502191769,1
1985,25825,1502191769,1
1985,25751,1502191769,0
1985,5883,1502191769,1
1985,5884,1502191769,1
1986,25825,1502191768,1
1986,5884,1502191768,0
1986,5883,1502191768,0
1987,30726,1502191768,0
1987,5884,1502191768,0
1987,5883,1502191768,-1
1988,25825,1502191768,0
1989,30727,1502191768,0
1989,5884,1502191768,0
1989,32694,1502191768,0
1989,30726,1502191768,0
1990,5884,1502191767,0
1992,32693,1502191767,0
1992,25783,1502191767,0
1992,25825,1502191767,1
1992,25751,1502191767,1
1993,25825,1502191764,0
1994,5432,1502189153,0
1994,15660,1502189153,-1
1995,6120,1502173978,0
1996,9078,1502136653,0
1998,30103,1502098515,0
1999,7185,1502094460,0
1999,10518,1502094460,0
1999,10519,1502094460,0
1999,10519,1502095039,0
1999,10518,1502095039,0
2000,26160,1502091560,-1
2001,5888,1502082804,1
2001,32383,1502082804,1
2002,4742,1502082015,0
2003,4491,1501862945,0
2003,2876,1501862945,0
2003,602,1501862945,1
2003,5486,1501862945,0
2004,6889,1501862945,1
2004,32747,1501862945,1
2004,32700,1501862945,1
2004,32727,1501862945,1
2004,32733,1501862945,1
2004,32705,1501862945,0
2005,32740,1501862945,1
2005,32734,1501862945,1
2005,32739,1501862945,1
2005,32737,1501862945,1
2005,32726,1501862945,1
2005,32731,1501862945,1
2005,32736,1501862945,1
2005,32751,1501862945,1
2005,32727,1501862945,0
2005,32732,1501862945,1
2005,32733,1501862945,1
2005,32730,1501862945,1
2005,32702,1501862945,0
2005,32738,1501862945,1
2005,32741,1501862945,1
2006,6889,1501862944,0
2006,32746,1501862944,0
2006,32708,1501862944,0
2006,32700,1501862944,-1
2006,32702,1501862944,1
2006,32704,1501862944,0
2006,32703,1501862944,0
2007,32106,1501862944,1
2007,27447,1501862944,0
2007,30660,1501862944,0
2007,32703,1501862944,0
2007,32108,1501862944,0
2007,30283,1501862944,0
2007,32688,1501862944,0
2007,29798,1501862944,0
2007,32746,1501862944,0
2007,30876,1501862944,0
2007,30103,1501862944,1
2007,29557,1501862944,0
2007,27043,1501862944,0
2007,27446,1501862944,0
2007,2316,1501862944,0
2007,1961,1501862944,0
2007,4602,1501862944,0
2007,9740,1501862944,0
2007,17402,1501862944,0
2007,17424,1501862944,0
2008,10518,1501849810,0
2010,8917,1501754640,0
2012,518,1501746232,0
2012,9298,1501746233,1
2012,32496,1501746233,1
2013,4868,1501745068,-1
2013,32791,1501745068,0
2015,32383,1501670542,0
2015,32392,1501670542,0
2015,5888,1501670542,0
2016,15717,1501655440,0
2016,15715,1501655440,0
2016,15716,1501655440,0
2017,9756,1501230426,0
2017,9756,1501231988,0
2017,9756,1501586700,-1
2019,31234,1501404446,1
2019,31239,1501404446,0
2019,31237,1501404446,0
2019,31230,1501404446,1
2019,31232,1501404446,0
2019,31234,1501404446,-1
2019,31229,1501404446,0
2019,31237,1501404446,0
2019,31230,1501404446,0
2019,31232,1501404446,1
2019,31234,1501404446,0
2019,31230,1501404446,0
2019,31234,1501404446,-1
2019,32179,1501405425,0
2019,31230,1501405425,0
2019,31232,1501405425,0
2019,31234,1501405425,1
2019,31230,1501405696,0
2020,29555,1501329361,1
2020,30520,1501329361,0
2020,32007,1501329361,1
2020,26157,1501329361,1
2020,25040,1501329361,1
2020,22908,1501329361,1
2020,6353,1501329361,0
2021,5981,1501322381,1
2021,5932,1501322381,1
2021,5862,1501322381,1
2022,26961,1501253610,1
2022,25738,1501253610,1
2025,30232,1501148637,0
2027,8299,1501095423,1
2029,5429,1501055318,0
2029,5430,1501055318,0
2029,6688,1501055318,0
2029,5429,1501055318,0
2030,32383,1501010871,0
2030,5888,1501010871,0
2031,6115,1501008447,0
2031,5862,1501008447,0
2031,26160,1501008447,0
2031,25751,1501008447,0
2031,29557,1501008447,1
2033,26961,1500984262,1
2033,25738,1500984262,0
2033,26961,1500984467,1
2035,1243,1500972331,0
2035,1242,1500972331,0
2036,5719,1500894279,0
2037,25751,1500813961,0
2037,25746,1500813961,1
2037,25746,1500818652,1
2037,25824,1500818652,0
2037,27257,1500818652,0
2037,6132,1500819020,0
2037,6133,1500819020,0
2038,25199,1500654491,0
2038,32133,1500654491,1
2038,30420,1500654491,1
2038,32133,1500816543,1
2038,30420,1500816543,1
2039,7801,1500802206,1
2039,12114,1500802206,-1
2039,17264,1500802467,-1
2039,17277,1500802467,1
2039,17265,1500809511,0
2039,17259,1500809511,0
2039,17275,1500809511,0
2039,247,1500809511,1
2040,30028,1500705944,0
2040,30694,1500705944,0
2040,30322,1500705944,-1
2040,25731,1500705944,0
2040,25199,1500705944,0
2040,14377,1500705944,0
2040,25751,1500705944,-1
2040,24398,1500705944,-1
2040,25696,1500705944,0
2040,25782,1500705944,-1
2040,2881,1500705944,-1
2040,2873,1500705944,0
2040,601,1500705944,-1
2040,4471,1500705944,-1
2040,4497,1500705944,0
2040,4500,1500705944,0
2040,4492,1500705944,0
2040,4493,1500705944,0
2040,4210,1500705944,-1
2040,7052,1500705944,-1
2040,4491,1500705944,0
2040,4494,1500705944,0
2040,4488,1500705944,-1
2040,4470,1500705944,0
2040,4472,1500705944,-1
2040,5464,1500705944,0
2040,4495,1500705944,0
2040,4499,1500705944,0
2040,4501,1500705944,0
2040,4502,1500705944,0
2040,4473,1500705944,-1
2040,4219,1500705944,0
2040,4222,1500705944,0
2040,4496,1500705944,0
2040,5862,1500705944,0
2040,8917,1500705944,0
2040,5888,1500705944,-1
2040,10487,1500705944,-1
2040,15874,1500705944,0
2040,30420,1500705944,-1
2040,32383,1500705944,-1
2040,32258,1500705944,-1
2040,32133,1500705944,-1
2040,25819,1500705944,0
2040,32259,1500705944,-1
2040,32392,1500705944,0
2040,21547,1500705944,0
2040,5464,1500741709,0
2042,25839,1500708950,0
2042,17406,1500708950,0
2042,17490,1500708950,0
2043,15874,1500708800,0
2043,8917,1500708800,0
2043,5888,1500708800,1
2043,10487,1500708800,1
2043,7052,1500708800,1
2043,5862,1500708800,0
2043,4473,1500708800,1
2043,4496,1500708800,0
2043,4499,1500708800,0
2043,4501,1500708800,0
2043,4502,1500708800,0
2043,4222,1500708800,0
2043,4219,1500708800,0
2043,5464,1500708800,0
2043,4495,1500708800,0
2043,4492,1500708800,0
2043,4493,1500708800,0
2043,4210,1500708800,1
2043,4472,1500708800,1
2043,4471,1500708800,1
2043,4497,1500708800,0
2043,4500,1500708800,0
2043,4470,1500708800,0
2043,4488,1500708800,1
2043,4491,1500708800,0
2043,4494,1500708800,0
2043,470,1500708800,0
2043,601,1500708800,1
2043,2881,1500708800,1
2043,2873,1500708800,0
2043,25751,1500708800,1
2043,24398,1500708800,1
2043,25199,1500708800,0
2043,25731,1500708800,0
2043,14377,1500708800,0
2043,25696,1500708800,0
2043,25782,1500708800,1
2043,21547,1500708800,0
2043,32133,1500708800,1
2043,32258,1500708800,1
2043,30694,1500708800,0
2043,30028,1500708800,0
2043,30322,1500708800,1
2043,32259,1500708800,1
2043,32392,1500708800,0
2043,32383,1500708800,1
2043,30420,1500708800,1
2043,25819,1500708800,0
2044,21547,1500654174,0
2047,24398,1500560411,1
2047,30322,1500560411,1
2047,30694,1500560411,0
2047,25819,1500560411,0
2047,32383,1500560411,1
2047,32392,1500560411,0
2047,25782,1500560411,1
2047,25751,1500560411,1
2047,5888,1500560411,1
2047,5862,1500560411,0
2048,7155,1492072438,0
2048,5658,1492072438,0
2048,5658,1492518770,0
2048,6755,1492518770,0
2048,7155,1492518770,0
2048,6757,1492518770,0
2048,5658,1492524097,0
2048,32411,1500541508,0
2048,14461,1500541508,1
2048,2102,1500541508,1
2048,2105,1500541508,0
2048,2103,1500541508,0
2048,2106,1500541508,0
2048,2104,1500541508,0
2049,32806,1491916991,0
2049,7053,1492001012,0
2049,2876,1500539155,-1
2049,602,1500539155,-1
2049,7053,1500539155,0
2049,5486,1500539155,-1
2049,9328,1500541305,0
2049,24365,1500541305,0
2050,4414,1500534670,1
2051,8397,1500521444,1
2051,15874,1500521444,-1
2051,20386,1500521444,0
2052,12388,1500480935,1
2052,7714,1500480935,0
2052,7713,1500480935,0
2052,9131,1500480935,0
2052,483,1500480935,1
2052,9129,1500480935,0
2054,2097,1500466652,0
2055,30267,1500380928,0
2055,30268,1500380928,0
2055,30242,1500380928,0
2055,30247,1500380928,0
2055,30256,1500380928,1
2055,30248,1500380928,0
2057,6175,1500383792,1
2058,30251,1500368811,0
2058,30246,1500368811,0
2058,30248,1500368811,-1
2058,30245,1500368811,0
2058,30247,1500368811,-1
2058,30242,1500368811,-1
2058,30244,1500368811,0
2058,30250,1500368811,0
2058,30249,1500368811,0
2058,30252,1500368811,0
2058,30243,1500368811,0
2058,30263,1500370654,0
2058,30264,1500370654,0
2058,30265,1500370654,0
2058,30266,1500370654,0
2059,4200,1500281468,0
2061,10607,1500233148,-1
2062,27578,1500126209,0
2062,28107,1499503231,1
2062,30932,1499593424,1
2062,27358,1499617371,0
2062,30933,1499593424,1
2062,27563,1500127890,0
2062,27380,1499503231,1
2062,28416,1499617371,0
2062,26809,1499515241,0
2062,26711,1499504826,0
2062,26925,1499509784,0
2062,26900,1499604542,0
2062,28587,1500129457,0
2062,26726,1499510810,0
2062,26848,1499604542,0
2062,28153,1499350750,-1
2062,27616,1500127890,0
2062,27958,1499618789,0
2062,26762,1499509784,-1
2062,27126,1499608852,0
2062,28685,1500233026,1
2062,27119,1499608852,1
2062,27613,1499593424,0
2062,27771,1500199294,0
2062,27054,1499593424,0
2062,26927,1499509784,0
2062,31003,1499350750,-1
2062,26707,1499504826,0
2062,28455,1500199294,1
2062,27263,1500126209,0
2062,27053,1499604542,-1
2062,26756,1499509784,0
2062,27806,1499608852,-1
2062,27391,1499501784,0
2062,26712,1499509784,0
2062,26818,1499515241,0
2062,26716,1499504826,0
2062,26784,1499350750,1
2062,26878,1499604542,1
2062,26811,1499515241,0
2062,26863,1499520639,0
2062,27405,1499501784,1
2062,28372,1500129457,0
2062,28450,1500199294,0
2062,27392,1499285394,0
2062,27844,1499593424,0
2062,32016,1499509784,0
2062,27564,1500127890,0
2062,27963,1499618789,0
2062,26793,1499510810,0
2062,30998,1500128292,1
2062,28596,1499593424,-1
2062,30998,1500193426,0
2062,28094,1500205858,1
2062,26767,1499509784,0
2062,26783,1499510810,0
2062,26869,1499520639,0
2062,26930,1499509784,0
2062,9424,1500058309,1
2062,28262,1499600381,-1
2065,30687,1499926709,0
2066,28362,1499885061,0
2066,26252,1499885061,1
2066,30358,1499885061,0
2067,16895,1499868432,1
2068,483,1499785408,1
2068,483,1499797865,0
2069,21344,1499785793,1
2070,31021,1499765448,0
2070,26038,1499765448,1
2071,32392,1499760900,0
2071,32383,1499760900,0
2071,5888,1499760900,1
2072,20938,1499717928,0
2072,20932,1499717928,0
2072,20929,1499717928,0
2072,12270,1499717928,0
2072,12269,1499717928,0
2072,4718,1499717928,0
2072,4719,1499717928,0
2072,8280,1499718112,0
2074,440,1499690339,0
2075,4708,1499380658,0
2075,16020,1499380658,1
2076,7526,1499359613,0
2077,5888,1499343292,0
2077,5955,1499343292,0
2078,25925,1499282594,1
2078,26256,1499282594,0
2078,30271,1499282594,0
2080,9741,1499246418,1
2080,23136,1499246418,0
2080,23140,1499246418,0
2080,23137,1499246418,0
2080,23138,1499246418,0
2081,30166,1495703392,1
2081,30232,1499239702,0
2081,30221,1499239702,0
2081,25751,1499239702,0
2081,25776,1499239702,0
2081,30219,1499239702,0
2081,26402,1499239702,0
2081,30100,1499239702,0
2081,30139,1499239702,0
2081,30178,1499239702,0
2081,27279,1499239702,0
2081,29659,1499239702,-1
2081,29680,1499239702,0
2081,25886,1499239702,0
2081,30166,1499239702,1
2081,30232,1499239702,0
2081,29679,1499239702,1
2081,29621,1499239702,0
2081,27700,1499239702,1
2081,25693,1499239702,0
2081,25761,1499239702,0
2081,30608,1499239702,0
2081,30687,1499239702,0
2081,30684,1499239702,0
2081,26256,1499239702,0
2081,25786,1499239702,0
2081,25776,1499239702,0
2081,25714,1499239702,0
2081,26402,1499239702,0
2081,5862,1499239702,0
2081,29621,1499239702,0
2081,9209,1499239703,0
2081,22817,1499239703,0
2081,21489,1499239703,0
2082,25208,1499152994,0
2082,25205,1499158339,1
2082,25205,1499165211,0
2083,26411,1499152456,1
2083,27135,1499152456,0
2083,30707,1499152456,1
2083,28845,1499152456,1
2084,32751,1499094623,1
2084,32700,1499094623,1
2084,32747,1499094623,1
2087,10338,1498937072,1
2087,5863,1498937072,0
2087,10338,1498983361,1
2087,5985,1498983361,0
2087,5863,1498983361,0
2087,5989,1498983361,0
2089,5439,1498820121,0
2089,4656,1498820121,0
2090,25886,1498805949,1
2090,30660,1498805949,1
2090,24266,1498805949,0
2090,27630,1498808725,0
2090,25751,1498808725,0
2090,25886,1498808725,1
2090,25885,1498816307,1
2090,24266,1498816307,1
2090,25902,1498816307,1
2090,25903,1498816307,0
2090,25887,1498816307,1
2090,27637,1498816307,0
2090,25886,1498816307,0
2092,30227,1498754969,0
2092,26222,1498754969,1
2092,30228,1498754969,0
2092,26281,1498754969,1
2094,10338,1498739501,-1
2095,20281,1498737218,1
2095,15804,1498737218,1
2095,4654,1498737218,1
2096,9701,1498733069,0
2097,4602,1498727058,0
2099,1953,1498667394,0
2102,9688,1498664363,0
2102,22928,1498664363,1
2102,22927,1498664363,0
2103,30056,1498663956,0
2104,32567,1498655013,0
2104,32562,1498655013,0
2104,32563,1498655013,0
2104,26052,1498655013,0
2104,26053,1498655013,0
2105,25787,1498636291,1
2106,18945,1498576686,1
2107,24398,1498558431,-1
2107,20817,1498558431,0
2107,27260,1498558431,-1
2107,32529,1498558431,0
2107,32525,1498558431,1
2107,32521,1498558431,0
2107,25654,1498558431,0
2107,20818,1498558431,0
2107,17843,1498558431,0
2107,16001,1498558431,0
2107,7256,1498558431,1
2107,12290,1498558431,0
2107,8577,1498558431,1
2107,8582,1498558431,0
2107,8917,1498558431,-1
2107,10080,1498558431,0
2107,8584,1498558431,0
2107,4697,1498558431,0
2107,7254,1498558431,1
2107,7255,1498558431,1
2107,133,1498558431,0
2107,5862,1498558431,-1
2107,4698,1498558431,-1
2107,32524,1498558431,0
2107,32534,1498558431,-1
2107,20818,1498568097,0
2107,17843,1498568097,0
2107,7256,1498568097,1
2107,16001,1498568097,0
2107,4698,1498568097,-1
2107,7254,1498568097,1
2107,8577,1498568097,1
2107,8582,1498568097,1
2107,4697,1498568097,0
2107,7255,1498568097,1
2107,8584,1498568097,-1
2107,20817,1498568097,0
2108,10080,1498557863,0
2109,25654,1498555832,0
2109,27260,1498555832,1
2109,25654,1498556819,0
2110,32534,1498552038,0
2110,32524,1498552038,0
2110,32525,1498552038,-1
2110,32521,1498552038,0
2110,12290,1498552038,0
2112,25688,1498468148,-1
2112,26626,1498468148,1
2113,30672,1498337744,0
2113,30108,1498337744,0
2113,30672,1498340470,0
2113,31010,1498340470,0
2114,29640,1498337513,1
2114,29676,1498337513,1
2114,29637,1498337513,0
2114,26897,1498337513,0
2114,20661,1498337513,0
2115,16354,1498333473,0
2115,26188,1498333473,0
2115,17902,1498333473,0
2115,29609,1498333473,-1
2115,27269,1498333473,0
2116,25791,1498228286,1
2116,27738,1498228286,-1
2116,27936,1498228286,-1
2116,16553,1498289960,-1
2117,25919,1498226317,0
2121,16781,1498205120,0
2122,19002,1498151313,0
2122,10080,1498151313,1
2123,5121,1498151143,0
2123,12147,1498151144,1
2123,16301,1498151144,-1
2123,5121,1498151144,0
2123,8864,1498151144,0
2123,8867,1498151144,0
2124,25666,1498133267,0
2124,25890,1498133267,0
2124,30715,1498133267,1
2124,30694,1498133267,1
2124,27663,1498133267,0
2124,25888,1498133267,0
2124,25908,1498133267,1
2125,12311,1498127283,0
2125,6296,1498127283,0
2125,7189,1498127283,0
2125,6294,1498127283,0
2125,7191,1498127283,0
2125,12311,1498127284,0
2125,6294,1498127284,0
2125,6296,1498127284,0
2126,25188,1498124940,0
2127,26134,1497854057,0
2127,25660,1497854057,1
2127,25681,1497854057,0
2127,25916,1497854057,0
2127,25662,1497854057,0
2127,25661,1497854057,0
2127,26134,1498120054,0
2128,20830,1498119790,-1
2128,20851,1498119790,0
2128,20860,1498119790,0
2128,12356,1498119790,0
2128,8627,1498119790,0
2128,8621,1498119790,0
2128,8616,1498119790,0
2128,8608,1498119790,0
2128,8622,1498119790,0
2128,7229,1498119790,0
2128,20833,1498119790,-1
2128,20861,1498119790,0
2128,12358,1498119790,0
2128,8610,1498119790,0
2128,8618,1498119790,0
2128,8625,1498119790,0
2128,8630,1498119790,0
2128,8636,1498119790,0
2128,430,1498119790,0
2128,432,1498119790,0
2128,433,1498119790,0
2128,431,1498119790,0
2128,428,1498119790,0
2128,429,1498119790,0
2128,425,1498119790,0
2128,426,1498119790,0
2128,427,1498119790,0
2129,12313,1498116550,0
2129,12312,1498116635,0
2129,12313,1498116635,0
2129,19987,1498118735,0
2129,19987,1498118872,-1
2134,25700,1497697912,-1
2135,26004,1497627472,0
2135,18387,1497627472,-1
2135,19002,1497627472,-1
2135,32508,1497627473,0
2135,32515,1497627473,0
2135,32515,1497627474,0
2135,32840,1497627474,0
2135,32508,1497627474,-1
2135,32515,1497627474,1
2135,32516,1497627474,0
2135,30749,1497627475,0
2135,32508,1497627475,0
2135,32507,1497627475,0
2136,20818,1497626384,1
2136,20817,1497626384,0
2136,7255,1497626384,1
2136,8577,1497626384,1
2136,8578,1497626384,0
2136,4698,1497626384,1
2136,16001,1497626384,0
2136,7255,1497626803,0
2137,5814,1495703393,0
2137,8672,1495703393,0
2137,27046,1495703392,0
2137,12406,1495703393,0
2137,21594,1495703393,0
2137,30108,1495703392,1
2137,2030,1495703393,1
2137,21887,1495703393,0
2137,16433,1495703393,0
2137,26237,1495703393,0
2137,4574,1495703393,1
2137,5290,1495703393,0
2137,14782,1495703393,0
2137,4880,1495703393,1
2137,20983,1495703393,0
2137,22347,1495703393,-1
2137,24398,1495703392,1
2137,26249,1495703393,0
2137,10518,1495703393,1
2137,27294,1495703781,0
2137,4705,1495703393,0
2137,4344,1495703393,0
2137,28830,1495703392,1
2137,4831,1495703393,0
2137,9688,1495703393,1
2137,27264,1495722638,0
2137,30110,1495703392,1
2137,20131,1495703393,0
2137,30108,1495703781,0
2137,27348,1495703392,0
2137,2096,1495703393,1
2137,22108,1495703393,0
2137,20462,1495703393,1
2137,25713,1495703393,0
2137,9358,1495703393,1
2137,27297,1495703392,1
2137,28148,1495703392,0
2137,28318,1495703393,0
2137,30132,1495703392,0
2137,20330,1495703393,0
2137,24267,1497617840,0
2137,17765,1495703393,1
2137,16781,1495703393,0
2137,15332,1495703393,0
2137,30108,1495703393,1
2137,30110,1495703781,0
2137,25751,1495722638,1
2137,30108,1495723546,0
2137,22392,1495703393,0
2137,20133,1495703393,-1
2137,25751,1495703392,0
2137,25751,1495723184,0
2137,31825,1495703393,0
2137,16118,1495703393,0
2137,30110,1495703393,-1
2137,16474,1495703393,0
2137,30108,1495703392,-1
2137,25791,1495703393,0
2137,29653,1495703392,0
2137,28833,1495703393,0
2138,12394,1497519888,0
2138,12383,1497525246,-1
2138,483,1497525246,1
2138,12383,1497526319,0
2138,483,1497526319,0
2139,27279,1497434610,0
2139,31831,1497434610,0
2139,30147,1497434610,0
2139,30152,1497434610,0
2139,25804,1497434610,1
2139,30612,1497434610,-1
2139,30072,1497434610,1
2139,30151,1497434610,0
2139,32420,1497434610,-1
2139,30092,1497434610,0
2139,30998,1497434610,0
2139,27675,1497434610,0
2139,26089,1497434610,0
2139,28272,1497434610,-1
2139,15496,1497434610,0
2139,15498,1497434610,-1
2139,27218,1497434610,0
2139,25188,1497434610,1
2139,25924,1497434610,1
2139,22825,1497434610,0
2139,22830,1497434610,-1
2139,22817,1497434610,0
2139,16853,1497434610,0
2139,25751,1497434610,0
2139,16814,1497434610,-1
2139,22820,1497434610,0
2139,22823,1497434610,-1
2139,9653,1497434610,-1
2139,9651,1497434610,-1
2139,9395,1497434610,0
2139,4697,1497434610,0
2139,8577,1497434610,0
2139,15340,1497434610,0
2139,15491,1497434610,0
2139,10602,1497434610,-1
2139,15561,1497434610,0
2139,9249,1497434610,0
2139,16848,1497434610,0
2139,15493,1497434610,0
2139,4698,1497434610,0
2139,4200,1497434610,0
2139,5863,1497434610,0
2139,5862,1497434610,0
2139,601,1497434610,-1
2139,515,1497434610,0
2139,1173,1497434610,0
2139,25924,1497512492,1
2139,25804,1497512492,1
2140,8556,1497461877,1
2140,20724,1497461877,1
2140,20737,1497461877,1
2140,20761,1497461877,0
2142,302,1496750413,0
2142,6405,1496750413,0
2142,32420,1497435185,1
2142,27675,1497435185,0
2142,26089,1497435185,0
2142,28272,1497435185,1
2142,15496,1497435185,0
2142,15498,1497435185,1
2142,27218,1497435185,0
2142,30092,1497435185,0
2142,30998,1497435185,0
2142,27279,1497435185,0
2142,30152,1497435185,0
2142,30612,1497435185,1
2142,31831,1497435185,0
2142,30147,1497435185,0
2142,30151,1497435185,0
2142,30072,1497435185,-1
2142,25804,1497435185,-1
2142,25751,1497435185,0
2142,16814,1497435185,1
2142,22825,1497435185,0
2142,25924,1497435185,-1
2142,22823,1497435185,1
2142,22820,1497435185,0
2142,25188,1497435185,-1
2142,22817,1497435185,0
2142,22822,1497435185,0
2142,22830,1497435185,1
2142,22824,1497435185,0
2142,15493,1497435185,0
2142,16853,1497435185,0
2142,15491,1497435185,0
2142,10602,1497435185,1
2142,15561,1497435185,0
2142,16848,1497435185,0
2142,9249,1497435185,0
2142,15340,1497435185,0
2142,1173,1497435185,0
2142,601,1497435185,1
2142,515,1497435185,0
2142,4698,1497435185,0
2142,4200,1497435185,0
2142,5862,1497435185,0
2142,5863,1497435185,0
2142,9395,1497435185,0
2142,4697,1497435185,0
2142,8577,1497435185,0
2142,9651,1497435185,1
2142,9653,1497435185,1
2144,15340,1497368213,0
2144,30151,1497368213,0
2144,31831,1497368213,0
2144,30612,1497368213,1
2144,30152,1497368213,0
2144,30998,1497368213,0
2144,28272,1497368213,1
2145,515,1497350300,0
2147,9395,1497005041,0
2147,25751,1497005041,0
2147,30147,1497005041,0
2147,27279,1497005041,0
2147,30092,1497005041,0
2149,25188,1496995617,-1
2150,1173,1496994674,0
2150,27675,1496994674,0
2151,5863,1496933480,0
2151,5863,1496942557,0
2151,5862,1496942557,0
2153,5862,1496831837,0
2153,5863,1496831837,0
2153,4336,1496831837,0
2153,4335,1496831837,0
2153,4337,1496831837,0
2153,26194,1496831837,0
2153,25679,1496831837,0
2153,25782,1496831837,0
2153,25751,1496831837,1
2153,24428,1496831837,0
2153,24398,1496831837,0
2153,30132,1496831837,0
2153,26229,1496831837,1
2153,30277,1496831837,0
2154,8684,1496824348,-1
2155,32043,1496735007,0
2155,32790,1496735007,0
2155,32044,1496735007,-1
2155,32045,1496735007,0
2155,32046,1496735007,-1
2155,23133,1496735007,-1
2155,16892,1496735007,0
2155,14553,1496735007,1
2155,23140,1496735007,0
2155,17890,1496735007,-1
2155,14552,1496735007,0
2155,4865,1496735007,0
2155,16890,1496735007,0
2155,14544,1496735007,0
2155,14550,1496735007,0
2155,12157,1496735007,0
2155,551,1496735007,-1
2155,552,1496735007,-1
2155,4864,1496735007,0
2155,1391,1496735007,0
2156,32849,1496734911,0
2157,27213,1496732825,0
2157,26839,1496732825,1
2157,27131,1496732825,0
2157,27212,1496732825,0
2157,28849,1496732825,0
2157,28825,1496732825,1
2157,26838,1496732825,1
2157,26841,1496732825,1
2157,25713,1496732825,0
2157,26840,1496732825,1
2157,26470,1496732825,0
2157,26837,1496732825,1
2159,9739,1496387114,0
2159,12256,1496407248,0
2160,7052,1496400972,0
2160,6462,1496400972,0
2160,6914,1496400972,0
2160,7015,1496400972,0
2160,6983,1496400972,0
2160,6985,1496400972,0
2160,6958,1496400972,0
2160,6987,1496400972,0
2160,6829,1496400972,0
2160,6266,1496400972,0
2160,6367,1496400972,0
2160,6747,1496400972,0
2160,32151,1496400972,0
2161,25700,1496387834,0
2162,25876,1496325752,-1
2162,25876,1496327392,-1
2163,25876,1496306891,0
2163,25703,1496306891,-1
2164,25876,1496304754,0
2165,9832,1496140952,0
2165,20657,1496140952,0
2165,20698,1496140952,0
2165,20697,1496140952,0
2165,20699,1496140952,0
2165,25113,1496140952,0
2165,20696,1496140952,0
2165,25887,1496140952,0
2165,25791,1496140952,0
2165,31460,1496140952,0
2165,30677,1496140952,0
2165,30664,1496140952,0
2165,26207,1496140952,0
2165,30120,1496140952,0
2165,30359,1496140952,0
2165,32496,1496140952,0
2165,31459,1496140952,0
2165,25883,1496140952,0
2165,30725,1496140952,0
2165,20657,1496141585,0
2165,30677,1496141585,0
2165,30725,1496160256,0
2165,25883,1496160256,0
2165,31459,1496160256,0
2165,32496,1496160256,0
2165,30359,1496160256,0
2165,30120,1496160256,0
2165,26207,1496160256,0
2165,30664,1496160256,0
2165,30677,1496160256,0
2165,31460,1496160256,0
2165,25791,1496160256,0
2165,25887,1496160256,0
2165,20696,1496160256,0
2165,25113,1496160256,0
2165,20699,1496160256,0
2165,20697,1496160256,0
2165,20698,1496160256,0
2165,20657,1496160256,0
2165,9832,1496160256,0
2165,30677,1496160271,0
2165,20657,1496160271,0
2165,25791,1496228405,1
2165,26207,1496228405,0
2165,25791,1496228405,-1
2165,20657,1496228756,0
2165,30677,1496228756,0
2165,25887,1496230714,1
2165,25883,1496230714,0
2166,25759,1496065402,-1
2166,30228,1496065402,0
2166,30120,1496065402,0
2166,30416,1496065997,0
2166,30404,1496065997,0
2166,30414,1496065997,0
2166,30405,1496068117,0
2166,31063,1496083722,0
2166,31067,1496083722,0
2166,31077,1496083722,0
2166,31061,1496083722,0
2166,31079,1496083722,0
2166,30952,1496083722,0
2166,31072,1496083722,0
2166,31066,1496083722,0
2166,31071,1496083722,0
2166,30870,1496083722,0
2166,31008,1496083722,0
2166,31043,1496083722,0
2166,31073,1496083722,0
2166,31075,1496083722,0
2166,31046,1496083722,0
2166,31053,1496083722,0
2166,31054,1496083722,0
2166,31062,1496083722,0
2166,25791,1496083722,1
2166,26214,1496083722,1
2166,26281,1496083722,1
2166,26202,1496217571,-1
2167,30219,1496217571,0
2167,28159,1496217571,0
2167,25786,1496217571,-1
2167,27353,1496217571,0
2167,27383,1496217571,0
2167,30948,1496217571,0
2167,30893,1496217571,0
2167,30928,1496217571,0
2167,30923,1496217571,0
2167,25751,1496217571,1
2167,5862,1496217571,0
2167,5863,1496217571,0
2168,30108,1495786350,0
2168,27290,1495786350,-1
2168,27177,1495786350,0
2168,5888,1495786457,0
2168,5888,1496207406,1
2168,5888,1496215555,-1
2168,5888,1496215961,0
2169,25751,1496147552,0
2169,25751,1496159451,0
2169,25751,1496159562,-1
2170,30893,1496135964,0
2170,25786,1496135964,-1
2171,32433,1496134870,0
2171,32434,1496134870,1
2171,32432,1496134870,0
2171,8877,1496134870,0
2171,8896,1496134870,-1
2171,8892,1496134870,-1
2171,8900,1496134870,-1
2171,8900,1496134870,0
2171,461,1496134870,0
2171,453,1496134870,0
2171,12022,1496134870,0
2171,32423,1496134870,0
2171,32434,1496134870,0
2171,32424,1496134870,0
2171,31535,1496134870,0
2171,32425,1496134870,1
2171,32425,1496134870,0
2171,31541,1496134870,0
2171,31533,1496134870,0
2171,8898,1496134871,-1
2171,460,1496134871,0
2171,31538,1496134871,0
2171,31544,1496134871,0
2171,31543,1496134871,0
2171,462,1496134871,0
2171,463,1496134871,0
2171,8902,1496134871,-1
2171,8901,1496134871,-1
2171,8897,1496134871,-1
2171,31537,1496134871,0
2171,8904,1496134871,-1
2171,464,1496134871,0
2171,465,1496134871,0
2171,8903,1496134871,-1
2171,31546,1496134871,0
2171,31545,1496134871,0
2171,8905,1496134871,-1
2171,466,1496134871,0
2171,31548,1496134871,0
2171,31539,1496134871,0
2171,8899,1496134871,0
2172,5863,1496134049,0
2173,4795,1496128060,-1
2175,30671,1496063939,1
2175,26188,1496063939,1
2175,26240,1496063939,0
2176,30704,1496058592,0
2176,7254,1496058592,0
2176,8577,1496058592,0
2178,31532,1496042138,-1
2178,32434,1496042138,0
2178,1165,1496042138,0
2178,8905,1496042138,0
2178,8877,1496042138,0
2178,8889,1496042138,0
2178,8897,1496042138,0
2178,8898,1496042138,0
2178,8890,1496042138,0
2178,8896,1496042138,0
2178,8904,1496042138,0
2178,8891,1496042138,0
2178,8899,1496042138,0
2178,8892,1496042138,0
2178,8900,1496042138,0
2178,8901,1496042138,0
2178,8902,1496042138,0
2178,8887,1496042138,0
2178,8888,1496042138,0
2178,8903,1496042138,0
2178,31531,1496042138,0
2178,32425,1496042138,0
2179,9408,1496001378,-1
2179,9393,1496001378,-1
2179,9579,1496001378,-1
2179,9578,1496001378,0
2179,9464,1496001378,-1
2179,9542,1496001378,-1
2179,15384,1496001378,0
2179,10338,1496001378,0
2179,16573,1496001378,-1
2179,18322,1496001378,-1
2179,5862,1496001378,0
2179,5885,1496001378,0
2179,4337,1496001378,-1
2179,22754,1496001378,1
2179,9632,1496001378,0
2179,9409,1496001378,-1
2179,23059,1496001378,1
2179,22613,1496001378,-1
2179,22751,1496001378,0
2179,16658,1496001378,-1
2179,22439,1496001378,-1
2179,18319,1496001378,-1
2179,18323,1496001378,-1
2179,15402,1496001378,1
2179,31877,1496001378,1
2180,30322,1495994639,1
2180,30833,1495994639,0
2180,30693,1495994639,0
2180,25766,1495994639,0
2180,30108,1495994639,0
2180,30907,1495995859,0
2180,25766,1495995859,0
2180,30322,1495995859,1
2180,25766,1495996993,1
2180,30322,1495996993,-1
2182,30139,1495962985,-1
2183,30228,1495890735,0
2183,28204,1495890735,0
2183,26279,1495890735,0
2183,30693,1495890735,0
2183,26256,1495890735,0
2183,26524,1495890735,0
2183,26541,1495890735,0
2183,28073,1495890735,0
2183,28205,1495890735,0
2183,28075,1495890735,0
2183,27871,1495890735,0
2183,27221,1495890735,0
2183,27078,1495890735,0
2183,27654,1495890735,0
2183,27229,1495890735,0
2183,27639,1495890735,0
2183,27155,1495890735,0
2183,27337,1495890735,0
2183,25787,1495890735,0
2183,26214,1495890735,0
2183,25801,1495890735,0
2183,25751,1495890735,-1
2183,26236,1495890735,0
2183,26188,1495890735,0
2183,25738,1495890735,0
2183,26202,1495890735,0
2183,27222,1495890735,0
2183,27615,1495890735,0
2183,29609,1495890735,1
2183,29644,1495890735,0
2183,30713,1495890735,-1
2183,30139,1495890735,0
2183,28071,1495890735,0
2183,29609,1495891386,-1
2184,30139,1495885154,1
2184,26202,1495885154,1
2184,30671,1495885154,1
2184,26214,1495885154,-1
2184,25801,1495885154,1
2184,26236,1495885154,1
2184,30581,1495886257,0
2184,25786,1495886257,0
2184,30671,1495886257,1
2184,30231,1495886520,0
2185,30671,1495873401,1
2187,4698,1495870300,0
2187,4697,1495870300,0
2187,8577,1495870300,1
2188,30360,1495868627,0
2188,29644,1495868627,-1
2188,30057,1495868627,0
2189,30313,1495868626,0
2189,30291,1495868626,0
2189,30358,1495868626,0
2189,30294,1495868626,0
2189,30330,1495868626,0
2189,30307,1495868626,0
2189,30306,1495868626,0
2189,30331,1495868626,0
2189,30360,1495868626,-1
2189,30298,1495868626,0
2189,30279,1495868626,0
2189,30299,1495868626,0
2189,30287,1495868626,1
2189,30324,1495868626,0
2190,30322,1495868626,0
2191,20482,1495803736,0
2192,25761,1495799496,0
2194,8694,1495791720,1
2194,17558,1495791720,1
2197,6688,1495714632,0
2197,4753,1495714632,-1
2197,5429,1495714632,0
2197,4753,1495714632,1
2197,4753,1495714633,1
2197,6688,1495714633,0
2197,5429,1495714633,0
2197,2028,1495715668,1
2197,4753,1495715668,1
2197,6688,1495715668,0
2198,7042,1495460578,1
2198,19162,1495554300,1
2198,6263,1495460578,-1
2198,6537,1495460578,1
2198,6951,1495460578,1
2198,6643,1495460578,1
2198,6412,1495460578,1
2198,5808,1495554300,0
2198,6804,1495554300,1
2198,8577,1495554300,1
2198,6443,1495554300,1
2198,6766,1495460578,1
2198,32173,1495460578,1
2198,6927,1495554300,1
2198,6661,1495460578,1
2198,6445,1495460578,1
2198,6265,1495460578,-1
2198,6374,1495460578,1
2198,6525,1495554300,1
2198,6537,1495554300,1
2198,6840,1495554300,1
2198,6871,1495460578,1
2198,32171,1495554300,1
2198,6311,1495554300,1
2198,6774,1495460578,1
2198,6677,1495460578,1
2198,4867,1495554300,1
2198,6957,1495460578,-1
2198,6871,1495554300,1
2198,32170,1495460578,1
2198,6897,1495460578,1
2198,6979,1495554300,1
2198,32178,1495554300,1
2198,6935,1495554300,1
2198,32188,1495554300,1
2198,6929,1495460578,1
2198,32186,1495460578,1
2198,6982,1495460578,-1
2198,6915,1495554300,1
2198,6487,1495460578,1
2198,6816,1495554300,1
2198,6929,1495554300,1
2198,8577,1495460578,1
2198,6838,1495554300,1
2198,6194,1495554300,1
2198,6750,1495554300,1
2198,6390,1495554300,1
2198,18495,1495554300,-1
2198,6901,1495460578,1
2198,17490,1495554300,1
2198,8578,1495460578,0
2198,6786,1495460578,1
2198,6947,1495460578,1
2198,6330,1495460578,1
2198,6818,1495460578,1
2198,29559,1495554300,0
2198,6541,1495554300,1
2198,6967,1495460578,1
2198,24433,1495554300,1
2198,6360,1495460578,1
2201,9652,1495629947,0
2201,16814,1495629947,0
2202,22817,1495629328,1
2202,16853,1495629328,0
2202,22820,1495629328,0
2202,16814,1495629328,1
2202,16848,1495629328,0
2203,10372,1494752465,-1
2203,10379,1494752465,0
2203,10369,1494752465,1
2203,10415,1494752465,0
2203,10460,1494752465,0
2203,10369,1494752788,-1
2203,10454,1494752788,-1
2203,10369,1494754013,1
2203,10372,1495627904,1
2203,10379,1495627904,1
2203,10369,1495627904,1
2203,10365,1495627904,1
2203,10418,1495627904,0
2203,10365,1495627977,0
2205,24839,1495625601,0
2205,24838,1495625601,0
2205,21966,1495625601,0
2205,32496,1495625601,0
2205,12281,1495625601,-1
2205,16392,1495625601,0
2205,12282,1495625601,-1
2206,1094,1495624996,1
2208,23193,1495618861,0
2208,4867,1495618861,1
2208,2316,1495618861,1
2209,255,1495613772,1
2209,247,1495613772,1
2209,12114,1495613772,1
2211,30608,1495611483,0
2212,16898,1495611323,0
2212,2316,1495611323,0
2212,4200,1495611323,0
2212,23172,1495611323,0
2213,17402,1495610874,0
2216,29559,1495526524,0
2216,27044,1495532020,1
2217,29638,1495530887,1
2217,29638,1495530887,0
2217,29638,1495530887,-1
2219,4867,1495461751,-1
2219,8767,1495461751,1
2219,7712,1495461751,-1
2219,14820,1495461751,-1
2219,32849,1495461751,0
2220,32188,1495460651,-1
2220,6217,1495460651,1
2220,6871,1495460651,-1
2220,6959,1495460651,1
2220,6947,1495460651,-1
2220,6665,1495460651,-1
2220,6909,1495460651,1
2220,6529,1495460651,-1
2220,17490,1495460651,-1
2220,32158,1495460651,-1
2220,6475,1495460651,-1
2220,6802,1495460651,-1
2220,6772,1495460651,-1
2220,18497,1495460651,1
2220,24465,1495460651,-1
2220,32156,1495460651,-1
2220,18855,1495460651,-1
2220,32174,1495460651,-1
2220,6412,1495460651,-1
2220,32159,1495460651,-1
2220,6878,1495460651,-1
2220,6770,1495460651,-1
2220,6374,1495460651,-1
2220,6186,1495460651,-1
2220,6929,1495460651,-1
2220,6838,1495460651,-1
2220,15640,1495460651,-1
2220,18501,1495460651,1
2220,6525,1495460651,-1
2220,6925,1495460651,-1
2220,32216,1495460651,-1
2220,6867,1495460651,1
2220,18271,1495460651,-1
2220,6768,1495460651,-1
2220,6273,1495460651,-1
2220,10062,1495460651,-1
2220,32181,1495460651,1
2220,6332,1495460651,-1
2220,6685,1495460651,-1
2220,18499,1495460651,1
2220,32166,1495460651,-1
2220,6890,1495460651,-1
2220,6882,1495460651,-1
2220,6740,1495460651,-1
2220,6275,1495460651,1
2220,6637,1495460651,1
2220,6961,1495460651,-1
2220,32218,1495460651,1
2220,6899,1495460651,-1
2220,32206,1495460651,-1
2220,7004,1495460651,-1
2220,6949,1495460651,-1
2220,6196,1495460651,-1
2220,32152,1495460651,-1
2220,6584,1495460651,1
2220,6471,1495460651,-1
2220,18495,1495460651,1
2220,6487,1495460651,-1
2220,6334,1495460651,-1
2220,6818,1495460651,-1
2221,15980,1495434924,0
2221,9780,1495434924,0
2222,25751,1495385808,0
2222,4860,1495385808,-1
2223,25105,1495352179,1
2223,25109,1495352179,0
2223,25106,1495352946,1
2223,25105,1495356057,0
2223,25176,1495356057,0
2223,25188,1495356057,1
2223,25103,1495356057,1
2224,28833,1495283221,1
2224,30694,1495283221,1
2224,25700,1495283221,-1
2224,25700,1495283221,0
2225,6416,1495204760,0
2225,6412,1495204760,0
2226,6677,1495194735,1
2226,6181,1495194735,0
2226,6406,1495194735,1
2226,6287,1495194735,1
2226,6658,1495194735,0
2226,6469,1495194735,1
2226,6408,1495194735,1
2226,6275,1495194735,1
2226,6901,1495194735,1
2226,6769,1495194735,0
2226,6517,1495194735,0
2226,6730,1495194735,1
2226,6889,1495194735,0
2226,6187,1495194735,0
2226,24437,1495194735,1
2226,32171,1495194735,1
2226,6816,1495194735,1
2226,6358,1495194735,1
2226,32211,1495194735,0
2226,6663,1495194735,1
2226,6554,1495194735,0
2226,6779,1495194735,0
2226,18272,1495194735,0
2226,6739,1495194735,0
2226,6261,1495194735,1
2226,32181,1495194735,1
2226,6462,1495194735,0
2226,6985,1495194735,0
2226,6364,1495194735,1
2226,6872,1495194735,0
2226,6439,1495194735,1
2226,10474,1495194735,1
2226,6284,1495194735,0
2226,6806,1495194735,1
2226,6277,1495194735,1
2226,32152,1495194735,1
2226,24463,1495194735,1
2226,32208,1495194735,1
2226,32215,1495194735,0
2226,6279,1495194735,1
2226,32192,1495194735,1
2226,6924,1495194735,0
2226,6900,1495194735,0
2226,6986,1495194735,1
2226,6515,1495194735,1
2226,6675,1495194735,1
2226,32273,1495194735,0
2226,6768,1495194735,1
2226,6959,1495194735,1
2226,6273,1495194735,1
2226,6491,1495194735,1
2226,6289,1495194735,1
2226,6443,1495194735,1
2226,6192,1495194735,1
2226,6984,1495194735,1
2226,6740,1495194735,1
2226,6529,1495194735,0
2226,6940,1495194735,0
2226,6633,1495194735,1
2226,32164,1495194735,1
2227,24398,1495012248,0
2227,22483,1495012248,-1
2227,17816,1495012248,0
2228,4722,1495010402,0
2228,10086,1495010402,0
2230,7254,1495006020,0
2230,4698,1495006020,-1
2230,8577,1495006020,0
2231,25813,1494945996,1
2232,31235,1494939553,0
2232,31237,1494939553,0
2233,30608,1494939155,0
2234,30608,1494938913,0
2235,12351,1494934579,-1
2235,20537,1494934579,1
2235,10249,1494934579,-1
2235,7169,1494934579,-1
2235,7168,1494934579,0
2235,6413,1494934579,0
2235,6412,1494934579,1
2235,7166,1494934579,-1
2236,4563,1494930479,1
2236,4563,1494930479,1
2236,6054,1494930480,0
2236,7838,1494931743,0
2236,7838,1494931751,0
2237,25950,1494930480,0
2237,6354,1494930480,0
2237,1399,1494930480,0
2238,25751,1494922894,0
2238,28714,1494922894,0
2238,28726,1494922894,0
2239,30684,1494860807,1
2239,32918,1494860807,0
2239,32113,1494860807,0
2239,32111,1494860807,0
2239,32608,1494860807,1
2239,32108,1494860807,1
2239,32684,1494860807,0
2239,32919,1494860807,1
2239,32920,1494860807,0
2239,32106,1494860807,1
2239,32110,1494860807,0
2241,14544,1494842222,0
2241,32891,1494842222,0
2241,32049,1494842222,1
2241,32046,1494842222,1
2241,32049,1494842236,-1
2241,23141,1494842236,0
2241,23129,1494842236,0
2242,23142,1494840673,0
2242,551,1494840673,-1
2242,32046,1494840673,1
2242,32044,1494840673,1
2242,32045,1494840673,1
2242,32043,1494840673,0
2243,5814,1494830043,-1
2244,10415,1494755518,0
2244,10369,1494755518,1
2246,31096,1494662588,0
2246,30719,1494662588,0
2249,26222,1494519666,1
2249,32922,1494519667,0
2249,26207,1494519667,1
2249,27809,1494519667,0
2249,26207,1494519667,0
2249,28726,1494519667,0
2249,28726,1494519667,-1
2249,26222,1494519667,0
2249,26222,1494519667,-1
2249,26207,1494519668,1
2249,28726,1494519668,1
2250,7263,1494502263,0
2250,6948,1494502263,0
2250,4521,1494502263,1
2250,4521,1494502264,0
2250,7263,1494502264,0
2251,4791,1494493122,-1
2252,32495,1487069664,1
2252,27675,1487069664,1
2252,27680,1487069664,0
2252,31114,1487069664,1
2252,27683,1487069664,1
2252,32251,1487069664,-1
2252,26411,1487069664,0
2252,9299,1493982876,0
2252,17961,1493982876,1
2252,17961,1493982877,-1
2252,752,1493982877,1
2252,751,1493982877,1
2252,747,1493982877,1
2252,748,1493982877,1
2252,749,1493982877,1
2252,10577,1493982878,1
2252,20404,1493982883,1
2252,30070,1494415624,0
2252,27212,1494415624,-1
2252,27212,1494444783,0
2254,32921,1494258955,1
2254,21922,1494258955,0
2254,18841,1494339423,0
2254,32921,1494339423,0
2254,32921,1494339423,1
2254,21917,1494339423,0
2254,6846,1494339423,0
2254,6845,1494339423,-1
2254,21917,1494340591,0
2254,21922,1494340591,-1
2256,8688,1492766412,0
2256,8690,1492766412,0
2256,20860,1494316201,0
2256,20855,1494316201,0
2256,20853,1494316201,0
2256,12357,1494316201,0
2256,32929,1492766412,0
2256,8625,1494316201,0
2256,12270,1492766412,0
2256,8610,1494316201,0
2256,8629,1494316201,0
2256,8621,1494316201,0
2256,20938,1492766412,0
2256,8622,1494316201,0
2256,16011,1494316201,0
2256,20923,1492766412,0
2256,8612,1494316201,0
2256,20929,1492766412,0
2256,15643,1494316201,0
2256,4719,1492766412,0
2256,20938,1492766412,0
2256,18103,1494316201,0
2256,6603,1492766412,0
2256,20847,1494316201,0
2256,20932,1492766412,0
2256,6595,1492766412,0
2256,17846,1492766412,0
2256,6601,1492766412,0
2256,20851,1494316201,0
2256,8623,1494316201,0
2256,20852,1494316201,0
2256,20859,1494316201,0
2256,20932,1492766412,0
2256,6591,1492766412,0
2256,8615,1494316201,0
2256,20854,1494316201,0
2256,20929,1492766412,1
2256,8689,1492766412,0
2256,12269,1492766412,0
2256,8630,1494316201,0
2256,8616,1494316201,0
2256,4718,1492766412,0
2256,6599,1492766412,0
2256,32929,1492766412,-1
2256,31350,1494316201,-1
2256,16010,1494316201,0
2256,12269,1492766412,0
2256,16005,1494316201,0
2256,8685,1492766412,0
2256,20849,1494316201,0
2256,20857,1494316201,0
2256,12356,1494316201,0
2256,12270,1492766412,0
2256,8619,1494316201,0
2256,1245,1494316201,0
2256,4718,1492766412,0
2256,20858,1494316201,0
2256,17845,1492766412,0
2256,18317,1494316201,0
2256,8687,1492766412,0
2257,32923,1494260216,0
2257,25203,1494260216,1
2257,32147,1494260216,0
2257,29724,1494260216,0
2257,32924,1494260216,0
2257,25202,1494260216,0
2257,25205,1494260216,1
2260,4780,1494247089,0
2260,476,1494247089,1
2260,475,1494247089,1
2261,20194,1494089501,0
2261,15792,1494089501,0
2261,8294,1494089501,0
2261,8296,1494089501,0
2261,6841,1494089501,0
2261,6840,1494089501,0
2261,31359,1494089501,0
2261,29533,1494089501,0
2261,25974,1494089501,0
2261,18528,1494089501,0
2261,25689,1494089501,0
2261,20401,1494089501,0
2261,6845,1494089501,0
2261,8299,1494089501,0
2261,4210,1494089501,0
2261,526,1494089501,0
2261,521,1494089501,0
2261,85,1494089501,0
2261,1398,1494089501,0
2261,9720,1494089501,0
2261,10551,1494089501,0
2261,22834,1494089501,0
2261,22243,1494089501,0
2261,28849,1494089503,0
2261,20384,1494089503,0
2262,22106,1493991617,0
2262,6871,1493991617,0
2262,4602,1493991617,1
2262,519,1493991617,1
2262,515,1493991617,0
2262,6872,1493991617,0
2263,6338,1493983107,0
2263,6986,1493983107,0
2263,6290,1493983107,0
2263,7015,1493983107,0
2263,6909,1493983107,0
2263,24465,1493983107,0
2263,32159,1493983107,0
2263,6605,1493983107,0
2263,6467,1493983107,0
2263,6837,1493983107,0
2263,32150,1493983107,0
2263,6744,1493983107,0
2263,32184,1493983107,0
2263,32175,1493983107,0
2263,6915,1493983107,0
2263,24459,1493983107,0
2263,6349,1493983107,0
2263,6746,1493983107,0
2263,6469,1493983107,0
2263,15230,1493983107,0
2263,6904,1493983107,0
2263,6330,1493983107,0
2263,6477,1493983107,0
2263,6289,1493983107,0
2263,6297,1493983107,0
2263,29592,1493983107,0
2263,32167,1493983107,0
2263,32174,1493983107,0
2263,6405,1493983107,0
2263,6914,1493983107,0
2263,6180,1493983107,0
2263,6948,1493983107,0
2263,6360,1493983107,0
2263,6348,1493983107,0
2263,6279,1493983107,0
2263,6960,1493983107,0
2263,24435,1493983107,0
2263,6980,1493983107,0
2263,7013,1493983107,0
2263,6685,1493983107,0
2263,6342,1493983107,0
2263,6636,1493983107,0
2263,18272,1493983107,0
2263,6596,1493983107,0
2263,6638,1493983107,0
2263,6351,1493983107,0
2263,6398,1493983107,0
2263,6828,1493983107,0
2263,6814,1493983107,0
2263,7036,1493983107,0
2263,6481,1493983107,0
2263,6566,1493983107,0
2263,6741,1493983107,0
2263,18495,1493983107,0
2263,6509,1493983107,0
2263,6830,1493983107,0
2263,6760,1493983107,0
2263,6312,1493983107,0
2263,18497,1493983107,0
2263,6872,1493983107,0
2265,6605,1493982606,0
2265,10087,1493982606,0
2265,19283,1493982606,1
2265,20946,1493982606,0
2265,8694,1493982606,0
2266,9194,1493982605,1
2266,6843,1493982605,0
2266,5292,1493982605,0
2266,6841,1493982605,0
2266,4816,1493982605,-1
2266,242,1493982605,0
2266,21907,1493982605,-1
2266,21897,1493982605,-1
2266,21905,1493982605,-1
2266,21896,1493982605,-1
2266,21893,1493982605,1
2266,21901,1493982605,1
2266,21902,1493982605,-1
2266,6842,1493982605,0
2266,18841,1493982605,0
2266,18371,1493982605,0
2266,21911,1493982605,0
2266,21924,1493982605,0
2266,9201,1493982605,0
2266,21924,1493982606,0
2266,9201,1493982606,0
2266,6843,1493982606,1
2266,21911,1493982606,0
2266,21893,1493982606,0
2266,21902,1493982606,0
2266,5293,1493982606,0
2267,6134,1493982495,0
2268,9249,1493394954,1
2269,4698,1493303846,0
2270,4791,1493298749,-1
2271,1783,1493297642,0
2273,32049,1493285817,0
2274,32780,1493283919,0
2274,32783,1493283919,1
2274,32787,1493283919,0
2275,21065,1493282189,0
2275,4369,1493282189,1
2275,4369,1493282189,0
2277,4791,1493225782,1
2278,6402,1490368529,1
2278,5897,1490368529,0
2278,6441,1490368529,1
2278,32869,1490368529,1
2278,32992,1490368529,0
2278,32993,1490368529,1
2278,32990,1490368529,0
2278,32991,1490368529,0
2278,32994,1490368529,0
2278,31081,1493212991,0
2278,30420,1493212991,0
2278,32133,1493212991,1
2280,32787,1493203518,-1
2281,25831,1493045387,0
2281,26055,1493045387,1
2281,26057,1493045387,1
2281,26039,1493045387,1
2281,26052,1493045387,0
2281,26060,1493045387,1
2281,26058,1493045387,1
2281,26056,1493045387,1
2281,27419,1493045387,1
2281,26059,1493045387,1
2281,32353,1493045387,0
2282,25847,1493041134,0
2282,25841,1493041134,0
2282,25844,1493041134,0
2283,26039,1493040780,0
2283,26060,1493040780,0
2285,7053,1493022693,0
2287,1783,1492703693,-1
2287,18430,1492703693,0
2288,9976,1492687614,1
2289,5964,1492675437,-1
2289,5960,1492675437,0
2289,6156,1492675437,0
2289,5896,1492675437,0
2289,6148,1492675437,0
2289,5897,1492675437,0
2289,9204,1492675437,1
2289,17968,1492675437,1
2289,17965,1492675437,1
2289,17966,1492675437,1
2289,10498,1492675437,1
2289,26058,1492675437,0
2289,26053,1492675437,1
2289,26056,1492675437,0
2289,26052,1492675437,0
2289,10499,1492675437,1
2289,25839,1492675437,-1
2289,26055,1492675437,0
2289,26057,1492675437,0
2289,27419,1492675437,0
2289,26059,1492675437,0
2290,19816,1492674464,1
2290,19853,1492674464,0
2292,22115,1492595120,0
2292,22114,1492595120,0
2292,12281,1492595120,0
2292,12282,1492595120,0
2292,22116,1492595120,0
2293,32931,1492593347,0
2294,6890,1492590754,0
2294,32264,1492590754,0
2294,6830,1492590754,0
2294,18500,1492590754,0
2294,6940,1492590754,0
2294,32271,1492590754,0
2294,32213,1492590754,0
2294,6277,1492590754,0
2294,6604,1492590754,0
2294,6265,1492590754,0
2294,6948,1492590754,0
2294,6919,1492590754,0
2294,6346,1492590754,0
2294,6756,1492590754,0
2294,32265,1492590754,0
2294,6786,1492590754,0
2294,6516,1492590754,0
2294,6879,1492590754,0
2294,15561,1492590754,0
2294,15230,1492590754,0
2294,29592,1492590754,0
2294,32190,1492590754,0
2294,6905,1492590754,0
2294,32178,1492590754,0
2294,6774,1492590754,0
2294,6808,1492590754,0
2294,32932,1492590754,0
2294,6949,1492590754,0
2294,6778,1492590754,0
2294,32160,1492590754,0
2294,32212,1492590754,0
2294,6685,1492590754,0
2294,24457,1492590754,0
2294,6468,1492590754,0
2294,32171,1492590754,0
2294,32156,1492590754,0
2294,32188,1492590754,0
2294,6472,1492590754,0
2294,6218,1492590754,0
2294,6354,1492590754,0
2294,32167,1492590754,0
2294,6677,1492590754,0
2294,6675,1492590754,0
2294,6281,1492590754,0
2294,18405,1492590754,0
2294,17303,1492590754,0
2294,6730,1492590754,0
2294,6882,1492590754,0
2294,6738,1492590754,0
2294,32191,1492590754,0
2294,6760,1492590754,0
2294,6908,1492590754,0
2294,6667,1492590754,0
2294,6180,1492590754,0
2294,6826,1492590754,0
2294,6794,1492590754,0
2294,6186,1492590754,0
2294,32201,1492590754,0
2294,18502,1492590754,0
2294,6779,1492590754,0
2295,9979,1492521422,1
2295,9976,1492521422,1
2295,9976,1492591679,1
2295,9979,1492591679,1
2296,15617,1488802432,0
2296,15615,1488802432,0
2296,15640,1492589096,0
2296,15641,1492589096,0
2297,17800,1492514480,0
2297,22870,1492514480,1
2297,22877,1492514480,1
2297,17774,1492514480,1
2298,4972,1492507706,0
2298,5086,1492507706,-1
2299,20013,1492095139,0
2299,8176,1492095139,0
2299,1398,1492095139,0
2299,4559,1492095139,0
2299,20013,1492095139,0
2299,20015,1492095139,0
2299,17601,1492095139,0
2299,20017,1492095139,0
2299,20019,1492095139,0
2299,15766,1492095139,0
2299,31194,1492095139,0
2299,31194,1492095139,0
2299,15766,1492095139,0
2299,19997,1492095139,0
2299,17601,1492095139,0
2299,20017,1492095139,0
2299,20019,1492095139,0
2299,20013,1492095139,0
2299,20015,1492095139,0
2299,8176,1492095139,0
2299,4559,1492095139,0
2299,1398,1492095139,0
2299,1398,1492181603,0
2299,4559,1492181603,0
2299,15766,1492181603,0
2299,20017,1492181603,0
2299,20019,1492181603,-1
2299,20015,1492181603,0
2300,9163,1492026967,0
2300,4801,1492026967,0
2300,12397,1492026967,0
2300,9167,1492096988,-1
2300,12397,1492096988,1
2300,9165,1492096988,1
2300,512,1492096988,1
2300,21851,1492096988,-1
2301,21911,1492095784,0
2302,10361,1492088276,0
2302,5225,1492088276,0
2302,14596,1492088276,0
2302,32948,1492088276,0
2303,4493,1492081312,1
2303,4499,1492081312,1
2303,10487,1492081312,0
2303,10487,1492082802,0
2303,4491,1492082802,0
2305,24509,1492064507,1
2306,4200,1492029261,0
2308,6688,1491919259,0
2308,12167,1491919462,0
2308,4816,1485527491,1
2308,32925,1485527491,0
2308,1999,1491919462,-1
2308,32703,1491919462,0
2308,2159,1491919259,0
2308,2141,1491919462,-1
2308,15561,1491919462,0
2308,5918,1491919462,0
2308,6936,1491919462,0
2308,8940,1491919462,0
2308,15231,1491919462,0
2308,392,1491919462,0
2308,20363,1491919462,0
2308,21546,1491919462,0
2308,8270,1491919462,0
2308,32705,1491919462,0
2308,21896,1485527491,0
2308,15540,1491919462,-1
2308,2316,1491919462,-1
2308,2028,1491919259,1
2308,6980,1491919462,0
2308,10369,1491919462,-1
2308,1022,1491919462,0
2308,8270,1491919462,0
2308,1961,1491919462,0
2308,29890,1491919462,0
2308,31644,1491919462,0
2308,10421,1491919462,0
2308,2141,1491919462,0
2308,22889,1491919462,-1
2308,2316,1491919462,0
2308,10475,1491919462,0
2308,21897,1485527491,1
2308,11421,1491919462,-1
2308,10369,1491919462,0
2308,4602,1491919462,0
2308,6745,1491919462,0
2308,7263,1491919259,1
2308,8940,1491919462,0
2308,2079,1491919259,1
2308,1977,1491919462,-1
2308,17907,1491919259,1
2308,6440,1491919462,0
2308,17402,1491919259,1
2308,20320,1491919462,-1
2308,4605,1491919259,1
2308,6574,1491919462,1
2308,18852,1491919462,0
2308,6574,1491919462,-1
2308,14794,1491919462,-1
2308,2079,1491919462,0
2308,6440,1491919259,0
2308,392,1491919259,1
2308,2316,1491919462,0
2308,31644,1491919462,0
2308,4850,1491919462,0
2308,14794,1491919259,1
2308,20363,1491919462,0
2309,2873,1491996634,0
2309,601,1491996634,0
2310,26094,1491933200,1
2310,25651,1491933200,0
2310,6829,1491933200,0
2310,4371,1491933200,0
2310,4371,1491933200,1
2310,21846,1491933200,0
2310,6829,1491933879,0
2310,26094,1491933879,0
2310,26094,1491994712,-1
2311,30100,1491994712,1
2314,14516,1491915188,0
2315,2316,1491912573,0
2315,30759,1491912573,1
2315,29557,1491912573,0
2315,32781,1491912573,0
2315,32777,1491912573,1
2315,32782,1491912573,0
2315,32786,1491912573,1
2316,29710,1491903117,0
2316,29709,1491903117,0
2317,32106,1491900373,1
2317,32684,1491900373,-1
2317,32495,1491900373,-1
2317,32608,1491900373,1
2317,32108,1491900373,0
2317,32957,1491900373,0
2319,8151,1491825396,0
2319,8152,1491825396,0
2319,8148,1491825396,0
2319,8149,1491825396,0
2319,8153,1491825396,0
2319,18923,1491825396,0
2319,18117,1491825396,0
2319,8150,1491825396,0
2320,5479,1491564232,0
2320,5476,1491725008,0
2320,5479,1491725008,0
2320,14879,1491725008,0
2320,4200,1491725586,0
2320,5476,1491725586,0
2320,5479,1491751592,1
2320,5476,1491751592,0
2321,21901,1491738926,0
2321,21902,1491738926,1
2321,21893,1491738926,0
2321,6841,1491738926,0
2322,9194,1491726344,0
2325,20946,1491579392,0
2325,7867,1491579392,0
2325,10080,1491579392,0
2327,4337,1491553000,0
2327,26155,1491553788,0
2327,26174,1491553788,0
2327,32258,1491554864,1
2327,26004,1491554864,0
2328,27044,1491483792,0
2328,29557,1491483792,0
2329,32961,1491476345,1
2329,32961,1491476345,-1
2329,25199,1491476345,0
2329,32133,1491476345,1
2329,32133,1491476345,-1
2329,32961,1491476345,-1
2330,29560,1491472870,0
2330,29559,1491472870,1
2330,29561,1491472870,-1
2332,12111,1491464905,1
2333,15911,1491464311,0
2334,19280,1491401096,0
2334,9657,1491401096,1
2335,32133,1491397693,0
2335,25190,1491397693,0
2335,32964,1491397693,0
2335,32961,1491397693,0
2335,32135,1491397693,0
2337,29557,1491385047,0
2338,32974,1491322913,0
2338,32975,1491322913,1
2338,32978,1491322913,0
2338,32979,1491322913,1
2338,20139,1491322913,0
2338,6314,1491322913,0
2338,392,1491322913,1
2338,7182,1491322913,-1
2338,20135,1491322913,1
2339,23273,1491316490,1
2339,23279,1491316490,-1
2339,23280,1491316490,0
2339,23281,1491316490,0
2339,18374,1491316490,1
2339,23268,1491316490,1
2339,4874,1491316490,1
2339,17907,1491316490,0
2339,23278,1491316490,0
2340,16476,1491312611,1
2340,16475,1491312611,1
2342,30693,1491206527,1
2343,29560,1491205395,0
2344,25963,1490687176,0
2344,4336,1490687176,0
2344,4337,1490687176,1
2344,4337,1490687176,0
2344,2931,1490687176,0
2344,5862,1490687176,0
2344,5863,1490687176,0
2344,4335,1490687176,0
2344,4335,1490687176,0
2344,25782,1490687176,1
2344,25782,1490687176,0
2344,9914,1490687176,0
2344,25751,1490687176,1
2344,25751,1490687176,0
2344,24398,1490687176,1
2344,24398,1490687176,0
2344,22671,1490687176,0
2344,30890,1490687176,0
2344,30322,1490687176,0
2344,30414,1490687176,1
2344,25963,1490687176,1
2344,25963,1490687176,-1
2344,26212,1490687176,1
2344,26212,1490687176,0
2344,26004,1490687176,1
2344,26004,1490687176,0
2344,30416,1490687176,0
2344,30387,1490687176,1
2344,27914,1490687176,0
2344,30869,1490687176,1
2344,30277,1490687176,1
2344,30051,1490687176,1
2344,30869,1490687176,0
2344,30277,1490687176,0
2344,30322,1490687176,1
2344,9914,1490687176,1
2344,2931,1490687176,0
2344,30387,1490990161,0
2345,4674,1490988529,-1
2346,4813,1490945964,0
2346,30110,1490945964,0
2347,30670,1490881051,-1
2348,4817,1490874725,0
2350,9974,1490780624,0
2350,9975,1490780624,0
2350,9976,1490780624,0
2350,9979,1490780624,0
2350,9973,1490793283,0
2350,9975,1490793283,-1
2350,9971,1490793283,0
2351,7358,1490786464,1
2351,7356,1490786464,0
2352,28847,1490786069,1
2352,30715,1490786069,1
2353,7052,1490718895,1
2355,6402,1490713607,-1
2355,7052,1490713607,1
2356,7052,1490713607,-1
2356,6439,1490713607,1
2356,6440,1490713607,0
2356,6441,1490713607,-1
2356,1022,1490713607,1
2356,311,1490713607,1
2357,20139,1490713607,-1
2357,20140,1490713607,0
2357,26043,1490713607,0
2357,6314,1490713607,0
2357,6313,1490713607,1
2357,392,1490713607,1
2357,7182,1490713607,0
2357,7052,1490713607,-1
2357,6355,1490713607,0
2357,20135,1490713607,1
2359,25974,1490689766,0
2360,9250,1490635503,0
2360,5811,1490635503,1
2360,9249,1490635503,0
2360,6872,1490635503,0
2360,9261,1490635503,-1
2360,9222,1490635503,0
2360,521,1490635503,0
2360,522,1490635503,1
2360,527,1490635503,-1
2360,526,1490635503,-1
2362,9223,1490635332,0
2363,9253,1490635149,0
2363,9257,1490635149,0
2363,22085,1490635149,0
2364,22148,1490630062,0
2365,8411,1490600915,0
2365,20396,1490628043,0
2365,5441,1490628043,0
2365,5440,1490628043,0
2365,397,1490628043,0
2365,8411,1490628043,0
2365,397,1490628227,0
2366,7052,1490627067,1
2366,4501,1490627067,0
2366,6575,1490627067,-1
2366,5485,1490627067,0
2366,24320,1490627067,0
2367,22392,1490515185,0
2367,22396,1490515185,0
2368,24619,1490431914,0
2368,24622,1490431914,0
2369,25667,1488301783,0
2369,25867,1488301783,0
2369,25700,1485082930,0
2369,25851,1488301783,0
2369,25831,1488301783,0
2369,30153,1488294314,0
2369,25680,1488301783,0
2369,29817,1488297654,0
2369,16814,1490431086,0
2369,25814,1488301783,0
2369,80,1490431086,0
2369,27843,1485082930,0
2369,25662,1485082930,0
2369,18841,1490431086,0
2369,30028,1488296581,0
2369,25841,1488301783,0
2369,30104,1488294314,0
2369,25847,1488301783,0
2369,25668,1488301783,0
2369,25650,1488301783,0
2369,22297,1490431086,0
2369,26569,1485082930,0
2369,25961,1488190751,0
2369,25661,1485082930,0
2369,25834,1488301783,0
2369,25666,1488301783,0
2369,25660,1485082930,0
2369,30154,1488294314,0
2369,30106,1488301783,0
2369,30107,1488301783,0
2369,6841,1490431086,0
2369,26568,1485082930,0
2369,25660,1488301783,0
2369,30155,1488301783,0
2369,30215,1488301783,0
2369,30020,1488301783,0
2369,30119,1488301783,0
2369,30449,1488296581,0
2369,30417,1488301783,0
2369,6902,1490431086,0
2369,30813,1485082930,0
2369,30402,1488296581,0
2369,25866,1488301783,0
2369,30216,1488301783,0
2369,30456,1488296581,0
2369,25679,1488301783,0
2369,25839,1488301783,0
2369,6904,1490431086,0
2369,33158,1488301783,0
2369,26259,1485082930,0
2369,25833,1488301783,0
2369,25840,1488301783,0
2369,30097,1488294314,0
2369,32919,1490431086,0
2369,30131,1488301783,0
2369,30382,1488190751,0
2369,25857,1488301783,0
2369,30099,1488301783,0
2369,25844,1488301783,0
2369,25852,1488301783,0
2371,6872,1490386492,0
2371,4602,1490386492,0
2372,32787,1490367492,0
2372,22095,1490367492,0
2372,22091,1490367492,1
2372,22086,1490367492,0
2372,519,1490367492,0
2372,515,1490367492,1
2372,4602,1490367492,0
2372,6872,1490367492,1
2373,519,1490367492,0
2375,6980,1490357587,1
2375,2316,1490357587,0
2375,16895,1490357587,1
2376,5900,1490349154,0
2376,5902,1490349154,0
2376,5896,1490349154,0
2376,6002,1490349154,0
2376,5960,1490349154,0
2376,5964,1490349154,0
2376,33002,1490349154,0
2376,26053,1490349154,1
2376,26052,1490349154,0
2377,7714,1490346463,0
2379,26052,1490287717,0
2379,26053,1490287717,1
2379,25840,1490287717,-1
2379,27419,1490287717,0
2379,30694,1490287717,0
2380,4611,1490279351,-1
2380,18820,1490279351,-1
2380,19516,1490279351,0
2380,19511,1490279351,-1
2380,19513,1490279351,0
2382,4868,1490274211,0
2383,17402,1490273565,0
2383,4602,1490273565,0
2383,1961,1490273565,0
2383,32043,1490273565,0
2383,32703,1490273565,0
2383,30283,1490273565,0
2383,31022,1490273565,0
2384,5476,1490266256,1
2385,24844,1490259695,0
2385,18033,1490259695,0
2386,7356,1490219074,0
2386,7358,1490219074,0
2386,9203,1490219074,0
2387,29560,1490219057,1
2388,9690,1490214224,1
2388,9688,1490214224,0
2388,22927,1490214224,0
2388,9688,1490214224,0
2388,9690,1490214224,0
2388,22927,1490214224,0
2388,26100,1490214224,0
2389,9751,1490204609,0
2389,4868,1490204609,-1
2389,5476,1490205318,0
2391,238,1490187830,0
2391,98,1490187830,1
2392,32783,1490102099,0
2392,32777,1490102099,0
2393,5259,1489596811,0
2393,5259,1489596811,0
2393,5262,1489596811,0
2393,17907,1489596811,0
2393,33016,1489596811,0
2393,8270,1489596811,-1
2393,5259,1489828883,1
2393,5260,1490003360,0
2395,669,1489778342,1
2396,5938,1489754318,0
2396,5939,1489754318,0
2396,5927,1489754318,0
2396,5925,1489754318,0
2396,5928,1489754318,0
2396,5935,1489754318,0
2396,5942,1489754318,0
2396,5941,1489754318,0
2396,5930,1489754318,0
2396,5932,1489754318,0
2396,5929,1489754318,0
2396,5926,1489754318,0
2396,5936,1489754318,0
2396,27038,1489754318,0
2396,26166,1489754318,0
2396,29557,1489754318,1
2396,30684,1489754318,1
2398,4537,1489679885,1
2398,4538,1489679885,1
2398,544,1489679885,1
2399,12358,1489676669,0
2399,12356,1489676669,0
2399,433,1489676669,-1
2399,31350,1489676669,0
2400,32495,1489606429,-1
2400,33010,1489606429,0
2400,32495,1489608941,0
2400,32108,1489608941,0
2400,32684,1489608941,0
2400,32106,1489614048,1
2400,32108,1489614048,1
2400,32106,1489616265,1
2400,32108,1489616265,0
2400,32108,1489656323,1
2400,32495,1489662033,1
2400,32495,1489662033,0
2400,32108,1489674553,1
2401,32850,1489666846,1
2401,32852,1489666846,1
2401,32854,1489666847,1
2401,32853,1489666847,1
2401,32851,1489666847,1
2401,32851,1489666847,0
2403,29560,1489665854,1
2404,33000,1489660971,0
2404,6575,1489660971,0
2405,4602,1489652141,0
2406,7169,1489591756,0
2406,10249,1489591756,1
2406,20537,1489591756,1
2407,561,1489582603,1
2407,4791,1489585221,1
2408,32787,1489579328,0
2408,32496,1489579328,0
2408,17906,1489579328,0
2408,22091,1489579328,0
2408,6872,1489579328,1
2408,519,1489579328,1
2408,515,1489579328,1
2408,4602,1489579328,0
2410,20907,1489522690,0
2410,7842,1489522690,0
2410,16498,1489522690,1
2410,7843,1489522690,0
2410,7368,1489522690,0
2410,4337,1489522690,0
2410,4336,1489522690,0
2410,4335,1489522690,0
2410,1399,1489522690,-1
2410,25951,1489522690,-1
2410,30759,1489522690,0
2410,25751,1489522690,1
2410,26053,1489522690,1
2410,24398,1489522690,1
2410,20908,1489522690,0
2410,20909,1489522690,0
2411,10499,1489522687,1
2411,26052,1489522687,0
2411,24398,1489522687,0
2411,26053,1489522687,-1
2411,25840,1489522687,-1
2411,30759,1489522687,0
2411,26057,1489522687,0
2411,32993,1489522687,0
2411,32869,1489522687,0
2411,27418,1489522687,0
2411,30660,1489522687,1
2411,4335,1489522687,0
2411,4336,1489522687,0
2411,4337,1489522687,0
2411,6402,1489522687,0
2411,6441,1489522687,0
2411,6860,1489522687,0
2411,10244,1489522687,0
2411,16498,1489522687,1
2411,10498,1489522687,1
2412,29659,1489512578,1
2412,9821,1489512578,-1
2412,15232,1489512578,0
2412,9823,1489512578,0
2412,9823,1489512578,1
2412,9823,1489512578,0
2412,29659,1489512578,0
2412,9821,1489512578,0
2412,15232,1489512578,1
2412,9823,1489512578,-1
2412,9821,1489512578,1
2412,15232,1489512578,1
2412,9823,1489512578,-1
2412,7037,1489512868,0
2413,4755,1484301836,1
2413,4753,1484301836,1
2413,9821,1489512578,1
2413,15232,1489512578,0
2413,9823,1489512578,1
2413,26116,1489512578,0
2414,32683,1489490338,0
2414,31350,1489490338,0
2414,31350,1489490338,1
2414,31350,1489498439,0
2415,32608,1489497260,0
2415,32106,1489497260,0
2415,32608,1489498298,0
2416,19816,1489495870,1
2416,19869,1489495870,0
2417,26229,1489492592,1
2417,26157,1489492592,1
2418,5862,1489491981,1
2419,29605,1489482243,0
2420,8863,1489481407,1
2420,4748,1489481407,0
2420,4750,1489481407,1
2421,24251,1489412218,0
2421,14516,1489412218,0
2421,9719,1489412218,0
2422,32496,1488997438,0
2422,32496,1489398038,1
2422,32496,1489398044,0
2422,9299,1489398044,0
2422,9299,1489478317,0
2423,4469,1489430295,0
2423,80,1489430295,0
2423,78,1489430295,1
2423,79,1489430295,1
2423,86,1489430295,1
2423,85,1489430295,0
2423,90,1489430295,0
2423,22297,1489431745,0
2424,32193,1489430171,0
2424,10063,1489430171,0
2424,6288,1489430171,0
2424,6216,1489430171,0
2424,6745,1489430171,0
2424,6405,1489430171,0
2424,6795,1489430171,0
2424,6488,1489430171,0
2424,6446,1489430171,0
2424,6666,1489430171,0
2424,7029,1489430171,0
2424,6787,1489430171,0
2424,6476,1489430171,0
2424,6688,1489430171,0
2424,6872,1489430171,0
2424,6781,1489430171,0
2424,6944,1489430171,0
2424,6908,1489430171,0
2424,6889,1489430171,0
2424,6365,1489430171,0
2424,7045,1489430171,0
2424,6785,1489430171,0
2424,15231,1489430171,0
2424,15561,1489430171,0
2424,7013,1489430171,0
2424,14958,1489430171,0
2424,32149,1489430171,0
2424,24319,1489430171,1
2424,7052,1489430171,1
2425,18502,1489423834,0
2425,6183,1489423834,0
2425,6488,1489423834,0
2425,6666,1489423834,0
2425,24319,1489423834,0
2425,25199,1489423834,0
2425,14377,1489423834,0
2425,33009,1489423834,0
2425,32138,1489423834,0
2425,33020,1489423834,0
2425,30685,1489423834,0
2427,381,1489409090,1
2428,429,1489398193,0
2428,24670,1489399789,0
2429,563,1489183654,0
2429,184,1489224403,0
2429,7043,1489224403,0
2429,23498,1489224403,0
2429,16971,1489224403,0
2429,23497,1489224403,0
2429,23499,1489324538,0
2429,23498,1489326213,1
2429,12257,1489326213,0
2429,23498,1489329396,0
2429,23494,1489329396,0
2429,4882,1489395699,0
2430,24841,1489394705,0
2430,18033,1489394705,0
2432,2028,1489310117,-1
2432,5429,1489310117,0
2432,6688,1489310117,1
2432,5430,1489316937,1
2434,23010,1489217649,0
2435,16896,1489178458,0
2435,23191,1489178458,0
2436,8125,1489158238,0
2437,26160,1489158238,0
2438,30106,1489158174,1
2439,23143,1489152959,0
2439,17399,1489152959,0
2439,17462,1489152959,0
2439,17416,1489152959,0
2439,17892,1489152959,0
2439,17402,1489152959,0
2439,14544,1489152959,0
2439,4602,1489152959,0
2439,4470,1489152959,0
2439,4210,1489152959,1
2439,1961,1489152959,1
2439,30103,1489152959,-1
2439,30684,1489152959,1
2439,24385,1489152959,0
2439,32753,1489152959,1
2439,32705,1489152959,0
2439,32702,1489152959,1
2439,32106,1489152959,-1
2439,30811,1489152959,0
2439,32709,1489152959,0
2439,32703,1489152959,0
2439,32043,1489152959,0
2439,30803,1489152959,0
2439,30283,1489152959,1
2439,4602,1489152960,0
2439,4210,1489152960,0
2439,14544,1489152960,1
2439,32787,1489152960,0
2439,32961,1489152960,0
2439,30694,1489152960,0
2439,32777,1489152960,0
2439,32782,1489152960,0
2439,32788,1489152960,0
2439,32043,1489152960,0
2439,32890,1489152960,0
2439,32705,1489152960,1
2439,32790,1489152960,0
2439,33022,1489152960,0
2439,33024,1489152960,0
2439,32133,1489152960,0
2439,32785,1489152960,0
2439,32786,1489152960,0
2439,32137,1489152960,0
2440,19816,1489149464,1
2440,8102,1489149464,1
2440,15732,1489149464,1
2440,15732,1489149465,0
2440,19816,1489149465,0
2440,8102,1489149465,-1
2442,30948,1489075728,0
2442,33026,1489075728,0
2442,30220,1489075728,1
2442,30928,1489075728,0
2442,30923,1489075728,0
2442,30234,1489075728,0
2442,25751,1489075728,0
2443,19808,1489067487,0
2443,8097,1489067487,0
2444,9719,1489048779,1
2444,24251,1489048779,-1
2444,9719,1489062887,0
2444,14516,1489062887,0
2445,25205,1489062768,0
2445,29724,1489062768,1
2445,33028,1489062768,1
2445,33030,1489062768,-1
2445,33033,1489062768,1
2445,25203,1489062768,1
2445,33035,1489062768,0
2445,33029,1489062768,-1
2445,33032,1489062768,0
2445,33034,1489062768,1
2445,33030,1489062768,1
2445,33029,1489062768,1
2445,33028,1489062768,1
2446,25207,1489056071,0
2446,29724,1489056071,0
2446,25203,1489056071,1
2446,33030,1489056071,0
2446,25208,1489056071,0
2446,33029,1489056071,0
2447,2881,1489054590,1
2447,98,1489054590,0
2447,6745,1489054590,0
2448,33039,1489001177,0
2448,33040,1489001177,0
2448,33037,1489001177,0
2448,33041,1489001177,0
2448,33044,1489001177,0
2448,33038,1489001177,0
2448,33042,1489001177,0
2448,33043,1489001177,0
2448,33036,1489001177,0
2448,4408,1489049336,-1
2449,601,1489048730,0
2449,2873,1489048730,0
2449,25662,1489048730,0
2451,24529,1489001264,0
2455,5811,1488918539,0
2456,22085,1488918228,0
2456,9253,1488918228,0
2456,9254,1488918228,1
2456,9257,1488918228,0
2456,9255,1488918228,0
2456,9261,1488918228,-1
2456,9260,1488918228,0
2456,17905,1488918228,0
2456,33001,1488918228,0
2458,15231,1488895033,0
2458,7013,1488895033,0
2458,6745,1488895033,0
2458,6787,1488895033,0
2458,7052,1488895033,1
2458,6288,1488895033,0
2458,6476,1488895033,0
2458,6944,1488895033,0
2459,22245,1488894155,1
2459,6902,1488894155,0
2459,78,1488894155,0
2459,80,1488894155,1
2460,25654,1488892557,-1
2460,30694,1488892557,0
2460,26428,1488892557,1
2461,8419,1488877173,1
2461,18384,1488877173,0
2461,302,1488877173,0
2461,6405,1488877173,0
2461,20472,1488877173,-1
2461,20473,1488877173,0
2461,20460,1488877173,0
2461,8424,1488877173,0
2463,17444,1488812702,1
2463,17406,1488812702,1
2463,17411,1488812702,1
2464,6288,1488797924,-1
2464,6288,1488798624,0
2464,8138,1488798624,0
2464,4641,1488798624,0
2464,385,1488798624,0
2464,386,1488798624,0
2464,384,1488798624,0
2464,19955,1488798624,0
2465,2288,1488791549,1
2465,17799,1488791549,0
2466,9638,1488790214,0
2466,9638,1488790214,1
2466,9644,1488790214,0
2468,6143,1488734694,0
2468,6144,1488734694,0
2470,6313,1488639447,-1
2470,32156,1488639447,-1
2470,15231,1488628191,0
2470,29592,1488628191,0
2470,6567,1488628191,0
2470,6503,1488639447,-1
2470,32202,1488639447,-1
2470,6814,1488628191,0
2470,6764,1488628191,0
2470,6623,1488639447,-1
2470,15407,1488628191,0
2470,24447,1488628191,0
2470,6492,1488628191,0
2470,6446,1488628191,0
2470,6865,1488628191,0
2470,14958,1488628191,0
2470,6944,1488628191,0
2470,24455,1488639447,-1
2470,6932,1488628191,0
2470,6647,1488639447,-1
2470,6760,1488639447,-1
2470,6261,1488639447,-1
2470,6412,1488639447,-1
2470,32162,1488639447,-1
2470,6278,1488628191,0
2470,7016,1488628191,0
2470,6373,1488628191,0
2470,6285,1488639447,-1
2470,6405,1488628191,0
2470,6465,1488639447,-1
2470,19094,1488639447,-1
2470,24435,1488628191,0
2470,6925,1488639447,-1
2470,6806,1488628191,0
2470,32177,1488628191,0
2470,32162,1488628191,0
2470,32172,1488639447,-1
2470,6479,1488628191,0
2470,6826,1488628191,0
2470,6459,1488628191,0
2470,6197,1488628191,0
2470,6471,1488628191,0
2470,6838,1488628191,0
2470,24447,1488639447,-1
2470,6439,1488639447,-1
2470,6663,1488639447,-1
2470,32683,1488628191,0
2470,32172,1488628191,0
2470,6469,1488639447,-1
2470,6730,1488639447,-1
2470,6443,1488639447,-1
2470,6826,1488639447,-1
2470,6935,1488628191,0
2470,15641,1488628191,0
2470,6564,1488628191,0
2470,6629,1488628191,0
2470,6400,1488639447,-1
2470,6312,1488628191,0
2470,7029,1488628191,0
2470,6900,1488628191,0
2471,10369,1488633407,1
2472,4755,1488572338,1
2472,5429,1488572338,0
2472,639,1488572338,1
2472,2030,1488572338,0
2472,4755,1488619575,1
2472,4755,1488621563,1
2472,5429,1488621563,0
2472,2030,1488621563,1
2474,640,1488567788,0
2474,21489,1488567788,0
2475,7053,1488556925,0
2476,26006,1488546688,0
2476,30366,1488546688,0
2476,26004,1488546688,0
2476,25987,1488546688,0
2479,7053,1488531374,0
2479,20793,1488531657,0
2480,4868,1488489426,1
2480,5814,1488489426,-1
2480,30719,1488489426,1
2480,31096,1488489426,0
2481,10369,1488486586,0
2482,5866,1488464638,-1
2482,5863,1488464638,0
2482,5865,1488464638,0
2482,10338,1488464638,1
2482,10338,1488465345,1
2482,25920,1488470782,0
2482,5863,1488470782,0
2482,25924,1488470782,0
2482,10338,1488470782,1
2482,5863,1488476333,0
2482,10338,1488476333,1
2482,25924,1488476333,1
2482,17201,1488476333,1
2482,25920,1488476333,1
2483,25924,1488459797,0
2483,25924,1488463207,1
2483,17201,1488463207,1
2485,5814,1488458410,1
2488,30168,1488367249,1
2488,32818,1488370529,0
2489,17402,1488388836,0
2489,29560,1488388836,0
2489,1999,1488388836,0
2489,1961,1488388836,0
2489,2316,1488388836,0
2489,14794,1488388836,0
2489,10369,1488388836,0
2490,17406,1488387150,0
2490,24846,1488387150,0
2490,5453,1488387150,1
2490,1961,1488387150,-1
2490,4199,1488387150,-1
2490,17402,1488387150,0
2490,20896,1488387150,0
2490,17441,1488387150,1
2490,17491,1488387150,0
2490,18821,1488387507,0
2491,29557,1488367945,-1
2493,25876,1488359609,1
2493,27675,1488359609,1
2494,1389,1488343861,1
2494,1388,1488343861,1
2494,30132,1488343861,0
2494,26229,1488343861,0
2494,30462,1488343861,0
2494,27440,1488343861,0
2494,27444,1488343861,-1
2494,26194,1488343861,1
2494,30549,1488343861,0
2494,27439,1488343861,1
2494,26004,1488343861,0
2496,9080,1488284865,0
2497,15407,1488278325,0
2497,15327,1488278325,1
2498,15945,1488275950,1
2498,8540,1488275950,1
2499,21491,1488207871,1
2499,4753,1488207871,1
2499,5429,1488207871,0
2500,25207,1488200865,0
2500,33030,1488200865,0
2500,25203,1488200865,0
2500,33029,1488200865,0
2500,33030,1488200865,0
2500,33029,1488200865,0
2500,25203,1488200865,1
2500,33034,1488200865,0
2500,25207,1488200865,-1
2500,33028,1488200865,0
2500,32924,1488200865,0
2500,33033,1488200865,0
2500,25203,1488203538,-1
2501,19732,1487061324,0
2501,19735,1487061324,0
2501,4634,1487061324,0
2501,8087,1487061324,0
2501,378,1487061324,0
2501,377,1487061324,0
2501,4633,1487061324,0
2501,7197,1487061324,0
2501,7198,1487061324,0
2501,8084,1487061324,0
2501,19743,1487061324,0
2501,19744,1487061324,0
2501,7198,1487080045,1
2501,7197,1487080045,1
2501,7194,1487080045,0
2501,377,1487080045,0
2501,378,1487080045,-1
2501,8084,1487680780,0
2501,7197,1487680780,0
2501,8085,1487680780,0
2501,7194,1487680780,0
2501,7197,1487684438,1
2501,4636,1487764400,0
2501,4635,1487781666,0
2501,377,1487781666,1
2501,379,1487781666,0
2501,378,1487781666,0
2501,8086,1487781666,0
2501,19742,1487781666,0
2501,19735,1487781666,0
2501,4636,1488202854,0
2501,7200,1488202854,0
2502,29649,1488185639,0
2503,29605,1487943274,1
2503,29605,1488009571,0
2503,29605,1488176270,0
2505,9638,1488048565,1
2505,9638,1488048565,-1
2505,16799,1488048565,1
2505,9638,1488048565,0
2505,9646,1488048565,1
2505,16799,1488048565,1
2505,9638,1488048565,1
2505,9646,1488048565,1
2506,22259,1487942263,-1
2506,22243,1487942263,1
2507,1550,1487940325,0
2508,4831,1487939460,0
2510,5412,1487765558,0
2510,4817,1487765558,0
2510,4602,1487765558,0
2510,528,1487765558,0
2510,9222,1487765558,1
2510,22109,1487765558,0
2510,528,1487782143,0
2510,5412,1487782143,0
2510,6872,1487782143,0
2510,9222,1487782143,0
2510,22109,1487782143,0
2510,528,1487927381,0
2510,5412,1487927381,0
2510,22109,1487929194,1
2510,5412,1487929194,0
2510,4817,1487929194,0
2511,17419,1487854167,0
2511,17444,1487854167,1
2511,5453,1487854167,0
2511,5454,1487854167,0
2511,17419,1487854168,0
2511,5454,1487854168,0
2511,5453,1487854168,0
2511,5454,1487927619,0
2511,5453,1487927619,0
2511,17419,1487927619,1
2512,15796,1487924177,0
2512,8125,1487924177,0
2512,8395,1487924177,0
2513,30789,1487873791,1
2513,28850,1487873791,1
2514,9267,1487850357,0
2514,9227,1487850357,0
2515,32601,1484820000,0
2515,33007,1484820000,0
2515,32495,1484820000,1
2515,33360,1484820000,0
2515,33359,1484820000,0
2515,33008,1484820000,0
2515,7052,1484820000,0
2515,32601,1484820000,0
2515,32601,1484820000,0
2515,32495,1484820000,0
2515,33009,1484825673,0
2515,33007,1484825673,1
2515,32495,1484825673,-1
2515,33008,1484825673,0
2515,32495,1484826726,0
2515,32495,1484827734,-1
2515,33357,1484827734,0
2515,33358,1484827734,0
2515,32601,1484827734,0
2515,32106,1487844678,1
2515,32495,1487845143,0
2516,5814,1487840423,0
2516,5814,1487840423,0
2516,9747,1487840424,-1
2516,9747,1487840424,0
2516,5814,1487840424,1
2516,9747,1487840425,1
2516,9747,1487840425,0
2516,9747,1487840426,0
2516,5814,1487840426,-1
2516,4867,1487840426,0
2518,26004,1487768432,0
2518,6166,1487768432,0
2518,27443,1487768432,0
2518,27444,1487768432,0
2518,4336,1487768432,0
2518,4562,1487768432,1
2518,2931,1487768432,1
2518,4335,1487768432,0
2518,4337,1487768432,0
2518,31009,1487768432,0
2518,30456,1487768432,1
2518,25672,1487768432,1
2518,27353,1487768432,0
2518,18443,1487768432,-1
2518,16498,1487768432,1
2518,25782,1487768432,1
2518,25679,1487768432,0
2518,26194,1487768432,-1
2518,25751,1487768432,0
2518,25790,1487768432,1
2518,25095,1487768432,1
2518,25867,1487768432,-1
2518,24398,1487768432,1
2518,26176,1487768432,0
2518,26447,1487768432,1
2518,30220,1487768432,1
2518,30352,1487768432,0
2518,30928,1487768432,0
2518,26004,1487768432,0
2518,30660,1487768432,1
2518,29931,1487768432,1
2518,30923,1487768432,0
2518,30948,1487768432,0
2520,25857,1487675832,0
2520,33245,1487675832,0
2520,33246,1487675832,-1
2520,33236,1487675832,0
2520,33244,1487675832,0
2520,21504,1487675832,0
2520,26053,1487675832,1
2520,20452,1487675832,0
2520,20553,1487675832,0
2520,33235,1487675832,0
2520,33229,1487675832,0
2520,33234,1487675832,0
2520,20140,1487675832,0
2520,33225,1487758045,0
2520,33226,1487758045,0
2521,1999,1487755273,0
2522,21940,1487753365,0
2522,33232,1487753365,0
2522,33229,1487753365,0
2522,33230,1487753365,0
2523,21491,1487693188,0
2523,4753,1487693188,1
2526,9642,1487665381,0
2526,9649,1487665381,0
2526,16812,1487665381,0
2527,33207,1487095919,0
2527,33207,1487095919,0
2527,33252,1487096386,0
2527,33207,1487096386,0
2527,33255,1487096386,0
2527,33255,1487097736,0
2527,33255,1487099527,-1
2527,33252,1487099527,0
2527,33177,1487595254,1
2527,33208,1487596750,0
2527,33207,1487596750,0
2527,33248,1487596750,0
2527,33250,1487596750,0
2527,33248,1487598825,0
2527,33250,1487598825,1
2527,33249,1487598825,1
2529,31196,1487582535,0
2529,31197,1487582535,0
2531,20838,1487505643,1
2533,30694,1487495016,1
2533,28833,1487495016,1
2533,25700,1487495016,0
2535,8293,1487409705,0
2535,15790,1487409705,1
2535,26076,1487409705,1
2535,26076,1487410101,-1
2535,6371,1487410101,0
2536,4485,1487350766,1
2536,4496,1487350766,0
2536,2881,1487350766,-1
2536,2881,1487350766,0
2536,2881,1487350766,-1
2536,4496,1487350766,0
2536,10487,1487350766,0
2536,4485,1487350766,-1
2537,25987,1487265022,1
2537,27924,1487265022,0
2537,28384,1487265022,0
2537,25969,1487265022,0
2537,27290,1487265022,1
2537,30672,1487265022,1
2537,30110,1487265022,1
2537,25925,1487265022,0
2537,25953,1487265022,0
2537,25990,1487350237,0
2538,5412,1487341479,0
2539,4473,1487270645,1
2539,4219,1487270645,0
2539,4472,1487270645,1
2539,4210,1487270645,1
2539,4471,1487270645,1
2539,32258,1487270645,1
2539,32259,1487270645,1
2539,14377,1487270645,0
2539,24294,1487271305,1
2539,32259,1487271305,-1
2539,14377,1487271305,0
2539,29585,1487276647,0
2539,32230,1487276647,0
2539,19296,1487276647,0
2539,32231,1487276647,0
2539,32228,1487276647,0
2539,32224,1487276647,0
2539,32226,1487276647,0
2539,32227,1487276647,0
2539,32222,1487276647,0
2539,32232,1487276647,0
2539,32223,1487276647,-1
2539,32229,1487276647,0
2539,33258,1487276647,1
2539,33196,1487276647,1
2539,32220,1487276647,0
2539,32221,1487276647,0
2539,32225,1487276647,0
2539,24202,1487276647,0
2539,24204,1487276647,0
2539,24205,1487276647,0
2539,24201,1487276647,0
2539,4494,1487276647,0
2539,4210,1487276647,1
2539,4492,1487276647,0
2539,4409,1487276647,0
2539,4497,1487276647,0
2539,4500,1487276647,0
2539,7052,1487276647,1
2539,4496,1487276647,0
2539,9222,1487277839,0
2539,33009,1487277839,0
2539,32495,1487277839,0
2539,33010,1487277839,1
2539,30869,1487329325,0
2541,20241,1487321601,0
2541,20259,1487321601,0
2542,6183,1487246249,0
2542,6280,1487246249,0
2542,6282,1487246249,0
2542,6666,1487246249,0
2542,6634,1487246249,0
2542,6514,1487246249,0
2542,6284,1487246249,0
2542,4210,1487246249,0
2542,18502,1487246249,0
2542,6670,1487246249,0
2542,33196,1487246249,1
2542,33183,1487246249,-1
2542,32259,1487246249,-1
2542,14377,1487246249,1
2542,24319,1487246249,-1
2542,32258,1487246249,0
2542,30685,1487246249,1
2542,33196,1487246984,1
2542,33183,1487246984,0
2542,14377,1487246984,0
2542,24319,1487246984,0
2542,30685,1487246984,0
2542,5418,1487247362,0
2542,24204,1487247904,0
2542,24201,1487247904,0
2542,24205,1487247904,0
2542,4409,1487247904,0
2542,32224,1487247904,0
2542,32228,1487247904,0
2542,32227,1487247904,0
2542,32231,1487247904,0
2542,19296,1487247904,0
2542,32230,1487247904,0
2542,32232,1487247904,0
2542,32223,1487247904,0
2542,32225,1487247904,0
2542,32221,1487247904,0
2542,24202,1487247904,0
2542,33009,1487252463,-1
2542,33010,1487252463,0
2542,32495,1487252463,1
2542,24319,1487257826,0
2542,14377,1487257826,0
2542,33183,1487257826,0
2542,33196,1487257826,1
2542,30685,1487257826,0
2542,32495,1487257826,0
2542,32495,1487258248,1
2542,33009,1487258683,0
2542,33196,1487258683,1
2542,32495,1487259839,1
2543,32222,1487239706,0
2543,32224,1487239706,0
2543,32226,1487239706,0
2543,32227,1487239706,0
2543,32228,1487239706,0
2543,32231,1487239706,0
2543,24378,1487239706,-1
2543,32230,1487239706,0
2543,26474,1487239706,0
2543,19296,1487239706,0
2543,30277,1487239706,0
2543,32223,1487239706,0
2543,32229,1487239706,0
2543,32232,1487239706,0
2543,32220,1487239706,0
2543,32221,1487239706,0
2543,32225,1487239706,0
2543,14377,1487239706,0
2543,24368,1487239706,0
2543,24201,1487239706,0
2543,25751,1487239706,-1
2543,4471,1487239706,0
2543,4210,1487239706,-1
2543,4211,1487239706,0
2543,4472,1487239706,0
2543,4409,1487239706,0
2543,381,1487239706,0
2543,4473,1487239706,0
2543,14558,1487239706,-1
2544,416,1487238615,0
2545,31161,1487191897,1
2545,31163,1487192481,-1
2545,31162,1487192481,0
2547,6872,1487189655,0
2547,4602,1487189655,1
2547,515,1487189655,0
2548,14544,1487155860,1
2548,1391,1487155860,0
2549,10369,1487154460,1
2550,638,1487152737,1
2550,643,1487152737,0
2550,639,1487152737,0
2550,641,1487152737,0
2550,2028,1487152737,-1
2550,2029,1487152737,-1
2550,2030,1487152737,0
2550,5430,1487152737,1
2550,5383,1487152737,0
2550,4754,1487152737,0
2550,5384,1487152737,0
2550,5429,1487152737,0
2550,6688,1487152737,0
2550,21490,1487152737,0
2550,21491,1487152737,0
2550,5429,1487152993,0
2550,2028,1487152993,0
2550,6688,1487152993,0
2550,2028,1487153800,-1
2550,638,1487153800,0
2550,5384,1487153800,0
2550,5429,1487153800,0
2550,4753,1487153800,1
2550,6688,1487153800,0
2550,4755,1487153800,1
2550,4754,1487153800,0
2550,5430,1487153800,1
2550,5383,1487153800,0
2550,21494,1487153800,1
2550,1253,1487154208,0
2550,1254,1487154208,0
2550,1255,1487154208,0
2552,8299,1487145086,0
2553,25782,1487072626,1
2553,23030,1487072626,0
2553,26194,1487072626,0
2553,23031,1487072626,0
2553,10394,1487072626,0
2553,27031,1487072626,0
2553,26160,1487072626,-1
2553,26155,1487072626,1
2553,31009,1487072626,0
2553,27032,1487072626,0
2553,27034,1487072626,0
2553,26004,1487072626,0
2553,30462,1487072626,0
2553,26188,1487072626,-1
2553,25782,1487072626,-1
2554,33180,1487072401,1
2555,8710,1487063235,0
2557,33205,1486992767,1
2557,33217,1486992767,0
2557,33215,1486992767,0
2557,33180,1486992767,0
2557,33181,1486992767,0
2557,33206,1486992767,0
2557,33179,1486992767,0
2558,1343,1486989192,0
2558,33260,1486989192,0
2561,25968,1486976629,1
2563,33258,1486813189,0
2563,4491,1486813189,0
2563,4493,1486813189,0
2563,4501,1486813189,0
2563,4499,1486813189,0
2563,17796,1486813189,1
2566,446,1486657433,0
2566,4743,1486657433,0
2566,16277,1486657433,0
2566,16122,1486657433,0
2566,16121,1486657433,0
2566,33196,1486709909,0
2568,24370,1486650510,-1
2568,25763,1486650510,1
2568,27292,1486650510,0
2569,6162,1486566072,0
2569,6160,1486573424,0
2571,4656,1486501673,1
2572,15498,1486488730,-1
2572,15510,1486488730,0
2572,15498,1486488730,0
2572,15510,1486488730,1
2573,33007,1486488146,1
2573,32495,1486488146,1
2574,22530,1486486649,1
2574,26053,1486486649,0
2574,26052,1486486649,0
2574,10499,1486486649,-1
2574,10498,1486486649,0
2575,30103,1486472338,1
2575,25751,1486472338,1
2575,27279,1486472338,0
2576,24398,1486401336,-1
2576,4336,1486401336,0
2576,4335,1486401336,0
2576,4337,1486401336,0
2576,16498,1486401336,1
2577,32921,1486051580,0
2577,9196,1486339409,1
2577,9193,1486051580,0
2577,18518,1486339409,0
2577,21902,1485858837,-1
2577,21902,1485858837,0
2577,6078,1486339409,0
2577,21911,1485858837,0
2577,18371,1486051580,0
2577,18841,1485858837,1
2577,18516,1486339409,0
2577,21909,1486126007,0
2577,21914,1486339409,0
2577,21909,1486143701,0
2577,33319,1485879203,0
2577,32959,1485858837,1
2577,9195,1486143701,0
2577,33317,1485879203,0
2577,21904,1486143701,0
2577,32959,1486143701,0
2577,32959,1486339409,1
2577,32959,1486126007,1
2577,6079,1486143701,0
2577,18371,1486195149,0
2577,18371,1486339409,0
2577,21918,1486339409,0
2577,6077,1486339409,0
2577,5263,1486374568,0
2577,21915,1486339409,0
2577,32959,1486195149,0
2577,32959,1486051580,-1
2577,9196,1486195149,0
2577,9197,1486339409,0
2577,18841,1485858837,0
2577,9193,1486126007,0
2577,18517,1486339409,0
2577,21896,1486143701,0
2577,21913,1486339409,0
2577,32921,1485858837,0
2577,32921,1485858837,0
2577,4816,1485858837,1
2577,6075,1486339409,0
2577,6076,1486339409,0
2577,33318,1485879203,0
2577,21896,1485858837,0
2577,21911,1486339409,0
2577,21908,1486143701,0
2577,9193,1486126007,1
2577,18318,1485858837,0
2577,32959,1486051580,1
2577,18318,1486339409,0
2577,18371,1486143701,0
2577,9198,1486339409,0
2577,18371,1486126007,0
2577,18519,1486339409,0
2577,6073,1486339409,0
2577,21909,1486126007,1
2577,21907,1486126007,1
2577,21910,1486339409,0
2577,4816,1485858837,-1
2578,24856,1486282037,1
2578,1999,1486282037,0
2578,1999,1486282037,0
2578,24856,1486282037,0
2579,33196,1486150288,1
2579,33180,1486150288,1
2579,33258,1486150288,0
2579,33179,1486150288,1
2579,2876,1486150288,1
2579,33216,1486150288,1
2579,33215,1486150288,1
2579,5486,1486150288,1
2579,33217,1486150288,1
2579,33218,1486150288,1
2579,2877,1486150288,0
2579,33258,1486150288,1
2579,17796,1486150288,1
2579,10487,1486150288,1
2579,4222,1486150288,0
2579,5485,1486150288,1
2579,2877,1486150288,1
2579,602,1486150288,1
2579,4488,1486151470,1
2579,33258,1486200429,-1
2579,10487,1486200429,-1
2579,7052,1486200429,0
2579,4488,1486200429,0
2579,4491,1486200429,1
2579,602,1486240349,1
2581,33315,1486127499,0
2585,6909,1485945515,0
2585,7036,1485945515,0
2585,6669,1485945515,0
2585,6584,1485945515,0
2585,6283,1485945515,0
2585,6370,1485945515,0
2585,6275,1485945515,0
2585,6513,1485945515,0
2585,6633,1485945515,0
2585,6265,1485945515,0
2585,6263,1485945515,0
2585,6986,1485945515,0
2585,7024,1485945515,0
2585,6279,1485945515,0
2585,6217,1485945515,0
2585,6368,1485945515,0
2585,6461,1485945515,0
2585,6635,1485945515,0
2585,6366,1485945515,0
2585,6281,1485945515,0
2585,6867,1485945515,0
2585,6637,1485945515,0
2585,6982,1485945515,0
2585,7052,1485945515,1
2585,6984,1485945515,0
2585,6746,1485945515,0
2585,6913,1485945515,0
2585,6959,1485945515,0
2585,6957,1485945515,0
2585,6828,1485945515,0
2585,6955,1485945515,0
2585,7014,1485945515,0
2585,18497,1485945515,0
2585,17302,1485945515,0
2585,18495,1485945515,0
2585,18404,1485945515,0
2585,18499,1485945515,0
2585,6569,1485945515,0
2585,7026,1485945515,0
2585,6742,1485945515,0
2585,18501,1485945515,0
2585,19930,1485945515,1
2585,25751,1485945515,1
2585,25758,1485945515,-1
2585,25935,1485945515,0
2585,29695,1485945515,-1
2585,32212,1485945515,0
2585,32150,1485945515,0
2585,32181,1485945515,0
2585,24367,1485945515,1
2585,32214,1485945515,0
2585,29694,1485945515,1
2585,29532,1485945515,0
2585,30706,1485945515,0
2585,32218,1485945515,0
2587,4655,1485866148,0
2589,550,1485850863,1
2590,22909,1485805911,0
2592,25746,1485795394,1
2592,25750,1485795394,1
2593,17402,1485788184,0
2593,17491,1485788354,0
2594,12411,1485705987,0
2594,550,1485705987,0
2594,9738,1485705987,0
2595,10247,1485691498,1
2596,30051,1485523588,1
2598,24570,1484914772,0
2598,24573,1484914772,1
2598,24738,1484914772,0
2598,24570,1485520262,0
2599,30040,1485155209,1
2599,26688,1485155209,1
2600,33101,1485153060,0
2602,26833,1485109245,1
2602,30677,1485109245,0
2602,29659,1485109245,0
2604,15776,1485093561,0
2604,18825,1485093561,0
2605,26179,1484828455,0
2605,26176,1484828455,0
2605,25867,1484828455,0
2605,25679,1484828455,0
2605,26177,1484828455,0
2605,26178,1484828455,0
2605,18443,1484828455,0
2605,4562,1484828455,1
2605,1383,1484828455,1
2605,31009,1484828455,1
2605,27440,1484828455,0
2605,25672,1484828455,0
2605,25679,1484828455,0
2605,26447,1484828455,0
2605,30462,1484828455,0
2605,27439,1484828455,-1
2605,25672,1484828455,1
2605,31009,1484828455,0
2605,27440,1484828455,0
2605,1383,1484828455,0
2605,31009,1485009807,0
2606,24468,1484985735,0
2606,24472,1484985735,1
2606,24472,1484985735,0
2606,24642,1484985735,1
2606,24589,1484985735,0
2606,24728,1484985735,1
2606,24507,1484985735,1
2606,24779,1484985735,1
2606,24622,1484985735,1
2606,24671,1484985735,0
2606,24597,1484985735,0
2606,24568,1484985735,0
2606,24601,1484985735,1
2606,24764,1484985735,1
2606,24787,1484985735,1
2606,24573,1484985735,1
2606,24476,1484985735,0
2606,24603,1484985735,0
2606,24607,1484985735,1
2606,24480,1484985735,1
2606,24593,1484985735,1
2606,24773,1484985735,1
2606,24617,1484985735,0
2606,24649,1484985735,0
2607,15998,1484940891,1
2609,416,1484906633,-1
2610,30151,1484901877,0
2611,2010,1484850270,1
2611,21350,1484850270,0
2611,446,1484850270,0
2611,6666,1484850270,0
2611,4744,1484850270,1
2611,16125,1484850270,1
2611,6666,1484853501,0
2612,8270,1475933627,0
2612,24845,1481922423,0
2612,15661,1481922423,0
2612,24934,1481922423,0
2612,15661,1481922423,0
2612,16393,1481922423,0
2612,9223,1481922423,0
2612,9223,1484817593,1
2613,24542,1484817048,0
2614,17966,1484741966,0
2614,10499,1484741966,0
2614,26052,1484741966,1
2614,26053,1484741966,0
2615,4414,1484739813,1
2619,4655,1484644064,0
2620,30711,1484643417,0
2621,416,1484639891,0
2621,7648,1484639891,0
2622,24320,1484587750,0
2622,5486,1484587750,0
2623,631,1484582883,0
2623,33826,1484582883,0
2623,26056,1484582883,0
2623,26057,1484582883,0
2623,26055,1484582883,0
2623,25833,1484582883,0
2623,25857,1484582883,0
2623,26058,1484582883,0
2623,26060,1484582883,0
2623,26053,1484582883,0
2623,22530,1484582883,0
2623,26052,1484582883,0
2624,20548,1484559218,0
2624,1021,1484559218,0
2624,1019,1484559218,0
2624,1028,1484559218,0
2625,4670,1478686984,0
2625,4670,1484327111,-1
2625,4671,1484327111,1
2625,4670,1484327506,0
2626,33196,1484326945,1
2626,33179,1484326945,1
2627,5429,1484314542,1
2629,33196,1484308750,1
2629,33179,1484308750,1
2630,451,1484307042,0
2630,451,1484307042,1
2630,7674,1484307042,0
2630,21462,1484307042,0
2630,26124,1484307042,0
2630,33617,1484307042,0
2630,21463,1484307042,0
2632,4753,1484214474,1
2633,25925,1484168984,0
2633,25188,1484168984,1
2633,25106,1484168984,1
2633,25103,1484168984,0
2633,26036,1484168984,0
2633,25972,1484168984,0
2633,25928,1484168984,0
2633,25960,1484168984,0
2633,25929,1484168984,0
2633,25945,1484168984,0
2633,25974,1484168984,0
2633,25987,1484168984,0
2633,26035,1484168984,0
2633,26033,1484168984,0
2633,25168,1484168984,0
2633,26037,1484168984,0
2633,25101,1484168984,0
2633,26036,1484212890,0
2633,25972,1484212890,0
2633,25925,1484212890,0
2633,25958,1484212890,0
2633,25928,1484212890,0
2633,25960,1484212890,0
2633,25987,1484212890,0
2633,26035,1484212890,0
2633,25974,1484212890,1
2633,25929,1484212890,0
2633,25945,1484212890,0
2633,26037,1484212890,0
2633,25964,1484212890,0
2633,26033,1484212890,0
2635,24844,1484203856,1
2635,24844,1484203857,0
2637,4336,1484136182,0
2637,8125,1484136182,0
2637,311,1484136182,1
2637,4337,1484136182,0
2637,4335,1484136182,0
2637,31197,1484136182,0
2637,30616,1484136182,-1
2637,15760,1484136182,0
2637,8193,1484136182,0
2637,16498,1484136182,1
2637,20135,1484136182,1
2637,25751,1484136182,0
2637,21938,1484136182,0
2637,24398,1484136182,1
2637,25987,1484136182,0
2638,4723,1484130837,0
2638,440,1484130837,1
2639,25751,1484062024,1
2639,33261,1484062024,0
2639,25751,1484067102,0
2640,5810,1484061726,0
2641,33258,1484056643,1
2642,4723,1484055854,1
2642,440,1484056283,0
2642,4723,1484056283,0
2643,445,1483962135,0
2643,446,1483962135,0
2643,4743,1483962135,1
2643,33604,1483962688,0
2643,8798,1484044363,-1
2643,16212,1484044363,-1
2643,16213,1484044363,-1
2644,33196,1483993611,1
2644,33186,1483993611,0
2644,33179,1483993611,1
2646,4851,1483962941,1
2646,12409,1483962941,0
2646,9647,1483962941,0
2646,12409,1483962941,0
2646,4851,1483962941,0
2646,9647,1483962941,0
2647,33182,1483960092,1
2647,33183,1483960092,1
2647,33196,1483960092,1
2647,33179,1483960092,0
2648,30352,1483708845,1
2648,29931,1483708845,1
2648,31009,1483708845,0
2648,25095,1483708845,1
2648,25790,1483708845,0
2649,25751,1482237399,-1
2649,30220,1482237399,1
2649,29931,1482237399,0
2649,30948,1482237399,0
2649,30923,1482237399,0
2649,30928,1482237399,0
2649,27353,1482306443,0
2649,4562,1483622908,1
2649,2931,1483622908,1
2649,25751,1483622908,0
2649,30549,1483622908,0
2649,25095,1483690749,1
2649,30549,1483690749,0
2649,30352,1483690749,0
2650,24376,1483629060,1
2650,24252,1483629060,0
2650,24251,1483629714,0
2651,9719,1483629060,1
2652,27675,1483617720,-1
2652,25903,1483617720,1
2652,27675,1483617837,1
2653,25882,1483608316,1
2655,25651,1483349280,0
2656,18824,1483286523,-1
2656,33423,1483286523,1
2656,4647,1483286523,0
2656,4646,1483286523,0
2656,20121,1483286523,0
2656,15771,1483286523,0
2656,15770,1483286523,-1
2656,12314,1483286523,0
2657,26214,1480622506,0
2657,26022,1483280470,1
2657,30990,1483280470,0
2657,30918,1483280470,0
2657,26220,1483280470,0
2657,30931,1483280470,0
2657,25990,1483280470,1
2657,26221,1483280470,1
2657,26242,1483280470,1
2657,25969,1483280470,1
2657,25713,1483280470,0
2657,26214,1483280470,1
2658,4563,1483030447,1
2658,4563,1483030447,-1
2659,4563,1483002837,0
2660,602,1482865703,1
2660,33179,1482865703,1
2660,602,1482944457,1
2661,440,1482922438,0
2661,4723,1482922438,0
2662,17520,1482872675,0
2663,529,1482517045,0
2664,33407,1482504531,0
2664,33410,1482504531,0
2664,33600,1482504531,0
2664,33403,1482504531,0
2664,33607,1482504531,0
2664,33786,1482504531,0
2664,33811,1482504531,0
2664,31183,1482504531,1
2664,32072,1482504531,0
2664,32073,1482504531,1
2664,32084,1482504531,1
2664,18394,1482504531,1
2664,33396,1482504531,0
2664,33399,1482504531,0
2664,33501,1482504531,0
2664,33503,1482504531,0
2664,33696,1482504531,0
2664,33743,1482504531,0
2664,33788,1482504531,0
2664,33790,1482504531,0
2664,33804,1482504531,0
2664,33813,1482504531,0
2664,33419,1482504531,0
2664,33471,1482504531,0
2664,33473,1482504531,0
2664,33799,1482504531,0
2664,32079,1482504531,1
2664,33381,1482504531,0
2664,33586,1482504531,0
2664,33589,1482504531,0
2664,33778,1482504531,0
2664,33801,1482504531,0
2664,33817,1482504531,0
2664,33394,1482504531,0
2664,33578,1482504531,0
2664,33584,1482504531,0
2664,16951,1482504531,1
2664,25935,1482504531,1
2664,33529,1482504531,0
2664,33776,1482504531,0
2664,33746,1482504531,0
2664,33808,1482504531,0
2664,33405,1482504531,0
2664,33499,1482504531,0
2664,33555,1482504531,0
2664,33570,1482504531,0
2664,33638,1482504531,0
2664,33642,1482504531,0
2664,4367,1482504531,1
2664,4366,1482504531,1
2664,4321,1482504531,0
2664,4322,1482504531,1
2664,4369,1482504531,0
2664,4368,1482504531,1
2664,8727,1482504531,1
2665,21459,1482488541,0
2665,7677,1482488541,1
2665,21459,1482494064,1
2665,21464,1482494441,0
2665,21459,1482494441,0
2667,33284,1482479694,0
2667,33282,1482479694,0
2668,17256,1482479312,1
2668,17253,1482479312,0
2669,4827,1482434535,1
2669,33735,1482434535,0
2669,22242,1482434535,0
2669,16434,1482434535,1
2670,481,1482418825,1
2670,5852,1482418825,0
2671,33604,1482350036,0
2671,33258,1482350036,1
2671,33370,1482350036,0
2671,446,1482350036,0
2671,4492,1482350036,0
2671,2010,1482350036,0
2671,4210,1482352787,1
2671,33596,1482352787,0
2671,33366,1482352787,0
2671,33511,1482352787,0
2671,33370,1482352787,0
2671,33447,1482352787,0
2671,33438,1482352787,0
2671,33698,1482352787,0
2671,29621,1482352787,1
2671,33465,1482352787,0
2671,33509,1482352787,0
2671,33613,1482352787,0
2671,33576,1482352787,0
2671,33376,1482352787,0
2671,33710,1482352787,0
2671,33368,1482352787,0
2671,33440,1482352787,0
2671,33797,1482352787,0
2671,33598,1482352787,0
2671,33604,1482352787,0
2671,33700,1482352787,0
2671,33728,1482352787,0
2671,33703,1482352787,0
2671,33574,1482352787,0
2671,30869,1482354214,0
2671,2010,1482354579,0
2671,4471,1482358142,1
2671,33447,1482358142,0
2671,33604,1482418248,0
2671,446,1482418248,0
2671,4210,1482418248,1
2671,2010,1482418248,0
2672,4607,1482411658,0
2673,22245,1482409596,1
2673,85,1482409596,0
2673,79,1482409596,0
2673,80,1482409596,0
2674,20938,1482406377,0
2675,25968,1482161686,1
2675,25924,1482161686,1
2675,30608,1482161686,1
2675,33904,1482161686,0
2675,25804,1482161686,-1
2675,30608,1482161686,0
2675,25804,1482161686,0
2675,30901,1482161686,0
2675,30220,1482161686,-1
2675,25924,1482161686,-1
2675,25751,1482161686,0
2675,25968,1482161686,0
2675,30608,1482161686,0
2675,30340,1482161686,0
2675,33904,1482161686,-1
2675,30284,1482161686,0
2675,25804,1482161686,-1
2675,25968,1482161686,0
2675,30608,1482161686,0
2675,17201,1482161686,1
2675,25924,1482161686,-1
2675,25804,1482161686,-1
2675,30608,1482161686,-1
2675,30220,1482161686,1
2675,25924,1482162156,1
2675,30725,1482235491,0
2675,30725,1482235491,0
2675,25804,1482235491,1
2675,30715,1482235491,1
2675,30608,1482235491,1
2675,28847,1482235491,1
2675,27320,1482235491,0
2675,25804,1482240624,1
2675,30608,1482243872,-1
2675,5862,1482243872,0
2675,5863,1482243872,0
2675,30608,1482244399,1
2675,25804,1482306557,1
2675,30608,1482315598,-1
2675,30608,1482396640,0
2676,20739,1482328198,0
2676,29557,1482316458,0
2676,244,1482329852,0
2676,31200,1482322625,0
2676,16394,1482332324,0
2676,30729,1482322625,0
2676,227,1482335925,0
2676,4852,1482332324,0
2676,7293,1482328198,0
2676,16298,1482328198,0
2676,15124,1482329852,0
2676,267,1482329852,0
2676,14794,1482329852,0
2676,21709,1482328198,0
2676,301,1482322625,0
2676,2010,1482345427,1
2676,31793,1482329852,0
2676,33794,1482335925,0
2676,7185,1482329852,0
2676,498,1482329852,0
2676,31350,1482328198,0
2676,5781,1482335925,0
2676,15663,1482322625,0
2676,7263,1482332324,0
2676,33596,1482335925,0
2676,30036,1482316458,0
2676,18844,1482332324,0
2676,78,1482332324,1
2676,29718,1482316458,-1
2676,7258,1482328198,0
2676,33440,1482316458,0
2676,5780,1482335925,0
2676,7244,1482328198,0
2676,12409,1482332324,0
2676,1852,1482328198,0
2676,4199,1482328198,0
2676,33703,1482335925,0
2676,33576,1482335925,0
2676,2316,1482335925,0
2676,10372,1482332324,0
2676,728,1482335925,0
2676,33101,1482322625,0
2676,31406,1482328198,0
2676,33368,1482335925,0
2676,33797,1482335925,0
2676,4799,1482329852,0
2676,2028,1482328198,0
2676,33737,1482335925,0
2676,4869,1482335925,0
2676,4819,1482332324,1
2676,31503,1482328198,0
2676,4805,1482329852,0
2676,7265,1482322625,0
2676,488,1482329852,0
2676,9379,1482332324,1
2676,30051,1482316458,0
2676,12138,1482328198,0
2676,8270,1482322625,1
2676,20766,1482328198,0
2676,17402,1482328198,1
2677,33847,1482337133,0
2677,33836,1482337133,0
2677,33883,1482337133,-1
2677,30616,1482337133,0
2677,33848,1482337133,1
2678,1399,1482236729,0
2678,25951,1482236729,1
2679,4655,1482235814,0
2680,5862,1482173378,1
2680,5863,1482173378,0
2681,80,1482171448,1
2681,86,1482171448,-1
2681,85,1482171448,1
2681,79,1482171448,1
2682,4210,1482140383,1
2683,4827,1482066476,1
2685,17280,1482051156,0
2685,17256,1482051156,0
2685,17279,1482051156,0
2685,17261,1482051156,0
2685,17259,1482051156,0
2685,18038,1482051156,0
2685,17287,1482051156,0
2685,17281,1482051156,0
2685,17278,1482051156,0
2685,17275,1482051156,0
2685,17283,1482051156,0
2685,17260,1482051156,0
2685,17282,1482051156,0
2685,17286,1482051156,0
2685,17277,1482051156,0
2685,17276,1482051156,0
2685,17267,1482051156,0
2685,17266,1482051156,0
2685,17262,1482051156,0
2685,17264,1482051156,0
2685,17268,1482051156,0
2685,17253,1482051156,0
2687,507,1481973915,0
2687,496,1481973915,0
2687,17650,1481973915,0
2687,492,1481973915,0
2687,21776,1481973915,0
2687,505,1481973915,0
2687,490,1481973915,0
2687,488,1481973915,0
2687,21764,1481973915,0
2687,497,1481973915,0
2687,507,1481973915,0
2687,21777,1481973915,0
2687,21782,1481973915,0
2687,498,1481973915,0
2687,503,1481973915,0
2687,498,1481973915,0
2687,494,1481973915,0
2687,492,1481973915,0
2687,17646,1481973915,0
2687,493,1481973915,0
2687,21781,1481973915,0
2687,16378,1481973915,0
2687,9139,1481973915,0
2687,16378,1481973915,0
2687,21779,1481973915,0
2687,17659,1481973915,0
2687,504,1481973915,0
2687,506,1481973915,0
2687,21764,1481973915,0
2687,495,1481973915,0
2687,503,1481973915,0
2687,495,1481973915,0
2687,500,1481973915,0
2687,21778,1481973915,0
2687,496,1481973915,0
2687,492,1481973915,0
2687,507,1481973915,0
2687,488,1481973915,0
2687,17652,1481973915,0
2687,494,1481973915,0
2687,9139,1481973915,0
2687,4574,1481973914,0
2687,493,1481973915,0
2687,17659,1481973915,0
2687,508,1481973915,0
2687,499,1481973915,0
2687,494,1481973915,0
2687,17657,1481973915,0
2687,17653,1481973915,0
2687,17662,1481973915,0
2687,17655,1481973915,0
2687,33687,1481973915,0
2687,502,1481973915,0
2687,33685,1481973915,0
2687,488,1481973915,0
2687,495,1481973915,0
2687,17663,1481973915,0
2687,21780,1481973915,0
2687,33686,1481973915,0
2687,497,1481973915,0
2688,19290,1481925618,0
2688,17167,1481925618,0
2689,17200,1481880031,0
2689,17201,1481880031,-1
2689,22972,1481893109,0
2689,10551,1481893109,1
2690,21673,1481829620,1
2690,21652,1481829620,1
2690,18514,1481829620,0
2690,21663,1481829620,0
2690,9060,1481829620,-1
2690,32463,1481829620,0
2690,32413,1481829620,0
2690,32473,1481829620,1
2690,5809,1481829620,1
2690,4780,1481829620,0
2690,479,1481829620,1
2690,476,1481829620,1
2690,475,1481829620,1
2690,32471,1481829620,-1
2690,32469,1481829620,1
2690,32465,1481875493,0
2690,32473,1481875493,0
2690,21663,1481875493,-1
2690,21646,1481875493,0
2690,21652,1481875493,0
2690,475,1481875493,0
2690,476,1481875493,0
2690,5809,1481875493,0
2690,9045,1481875493,0
2690,32464,1481875493,0
2690,32466,1481875493,0
2690,32467,1481875493,0
2690,32468,1481875493,0
2690,32472,1481875493,0
2691,15330,1481819270,0
2692,14433,1481818243,0
2692,4605,1481818243,1
2693,33586,1481799265,0
2693,4368,1481799265,1
2693,21030,1481799265,0
2693,26086,1481799265,1
2694,5556,1481729379,0
2694,669,1481729379,1
2695,7168,1481729079,0
2697,4753,1481717254,0
2697,21498,1481717254,0
2697,21491,1481717254,0
2698,33001,1481712856,0
2698,9284,1481712856,1
2698,9249,1481712856,0
2698,22066,1481712856,0
2698,21982,1481712856,0
2698,516,1481712856,0
2698,9222,1481712856,0
2699,26030,1481712782,1
2699,30722,1481712782,0
2700,122,1481646186,-1
2701,31350,1481626302,1
2701,20845,1481634474,0
2701,20830,1481634474,-1
2701,20833,1481634474,0
2701,31350,1481634474,1
2702,29532,1481620382,0
2703,33666,1481617258,1
2703,33672,1481617258,1
2703,14794,1481617258,1
2703,2149,1481617258,1
2703,33674,1481617258,0
2703,33668,1481617258,0
2704,32705,1481552280,0
2704,32702,1481552280,1
2704,33726,1481552280,0
2705,32702,1481552236,1
2705,32705,1481552236,1
2705,33726,1481552236,0
2705,32700,1481552236,0
2707,9326,1480956158,0
2707,9326,1481014339,0
2707,9326,1481284375,0
2707,9326,1481534065,0
2708,9368,1481533738,1
2708,16475,1481533738,1
2709,16767,1481533199,-1
2709,4344,1481533383,0
2711,9326,1481289454,0
2711,122,1481289454,0
2711,26111,1481289454,1
2711,33743,1481289455,0
2711,122,1481295471,0
2712,8299,1481224087,-1
2713,15945,1481206464,0
2714,33947,1480943088,0
2714,33950,1480943088,0
2714,33951,1480943088,0
2714,33922,1480943088,0
2714,25188,1481205372,1
2714,33937,1480943088,0
2714,33967,1480943088,0
2714,33968,1480943088,0
2714,33958,1480943088,0
2714,33953,1480943088,0
2714,33931,1480943088,0
2714,33962,1480943088,0
2714,33934,1480943088,0
2714,33966,1480943088,0
2714,33922,1480943088,0
2714,33975,1480943088,0
2714,33939,1480943088,0
2714,33956,1480943088,0
2714,33919,1480943470,0
2714,33936,1480943088,0
2714,33935,1480943088,0
2714,33968,1480943088,0
2714,25188,1480943470,0
2714,33954,1480943088,0
2714,33951,1480943088,0
2714,33958,1480943088,0
2714,33959,1480943088,0
2714,33957,1480943088,0
2714,33942,1480943088,0
2714,33973,1480943088,0
2714,33926,1480943088,0
2714,33954,1480943088,0
2714,33961,1480943088,0
2714,33947,1480943088,0
2714,33920,1480943088,0
2714,33947,1480943088,0
2714,33965,1480943088,0
2714,33949,1480943088,0
2714,33950,1480943088,0
2714,25188,1481204643,0
2714,33965,1480943088,0
2714,33955,1480943088,0
2714,33959,1480943088,0
2714,33955,1480943088,0
2714,33960,1480943088,0
2714,33965,1480943088,0
2714,33962,1480943088,0
2714,33921,1480943088,0
2714,33955,1480943088,0
2714,33960,1480943088,0
2714,33956,1480943088,0
2714,33952,1480943088,0
2714,33948,1480943088,0
2714,33961,1480943088,0
2714,33948,1480943088,0
2714,33953,1480943088,0
2714,33957,1480943088,0
2714,33961,1480943088,0
2714,33951,1480943088,0
2714,33950,1480943088,0
2715,26673,1480069182,1
2715,26672,1480069182,0
2715,30866,1481192872,1
2715,30868,1481192872,1
2715,30867,1481192872,1
2715,30973,1481192872,1
2715,30869,1481192872,1
2716,21005,1481131333,0
2716,4367,1481131333,1
2716,4367,1481187079,0
2716,21005,1481187079,0
2716,26089,1481187584,0
2716,33555,1481189358,1
2716,33811,1481189358,1
2716,33607,1481189358,1
2716,33584,1481189358,1
2717,25787,1481185756,0
2717,26281,1481185756,0
2717,25751,1481185756,0
2717,25660,1481185756,-1
2717,26188,1481185756,0
2717,26241,1481185756,1
2717,30322,1481185756,0
2717,30577,1481185756,0
2717,30720,1481185756,0
2717,30719,1481185756,0
2717,28835,1481185756,0
2717,30131,1481185756,0
2717,30097,1481185756,0
2717,26490,1481185756,0
2717,25766,1481185756,0
2717,25700,1481185756,0
2717,26755,1481185756,0
2717,26484,1481185756,0
2717,30277,1481185756,0
2717,30739,1481185756,0
2717,29644,1481185756,0
2717,25751,1481185756,0
2717,26241,1481186503,0
2717,26490,1481186503,0
2717,26755,1481186503,0
2719,33219,1481019270,0
2719,33219,1481020827,0
2719,33219,1481023656,0
2719,33221,1481023656,0
2719,33222,1481023656,0
2719,33222,1481024976,0
2719,33219,1481029243,1
2720,33701,1481026359,0
2720,33675,1481026359,0
2720,33716,1481026359,0
2720,33614,1481026359,0
2720,33643,1481026359,0
2720,33464,1481026359,0
2720,33631,1481026359,0
2720,33383,1481026359,0
2720,33704,1481026359,0
2720,33517,1481026359,0
2720,33653,1481026359,0
2720,33575,1481026359,0
2720,33755,1481026359,0
2720,33515,1481026359,0
2720,33392,1481026359,0
2720,33367,1481026359,0
2720,33665,1481026359,0
2720,33649,1481026359,0
2720,33706,1481026359,0
2720,33783,1481026359,0
2720,33580,1481026359,0
2720,33744,1481026359,0
2720,33545,1481026359,0
2720,33791,1481026359,0
2720,33712,1481026359,0
2720,33679,1481026359,0
2720,33626,1481026359,0
2720,33582,1481026359,0
2720,33523,1481026359,0
2720,33547,1481026359,0
2720,33365,1481026359,0
2720,33373,1481026359,0
2720,33446,1481026359,0
2720,33558,1481026359,0
2720,33761,1481026359,0
2720,33592,1481026359,0
2720,33382,1481026359,0
2720,33796,1481026359,0
2720,33564,1481026359,0
2720,33618,1481026359,0
2720,33450,1481026359,0
2720,33639,1481026359,0
2720,33736,1481026359,0
2720,33655,1481026359,0
2720,33802,1481026359,0
2720,33709,1481026359,0
2720,33434,1481026359,0
2720,33519,1481026359,0
2720,33601,1481026359,0
2720,33513,1481026359,0
2720,33422,1481026359,0
2720,33597,1481026359,0
2720,33734,1481026359,0
2720,33756,1481026359,0
2720,33651,1481026359,0
2720,33420,1481026359,0
2720,33733,1481026359,0
2720,33441,1481026359,0
2720,33581,1481026359,0
2720,33541,1481026359,0
2722,33591,1481026358,1
2722,33519,1481026358,1
2722,33742,1481026358,0
2722,33388,1481026358,1
2722,33793,1481026358,1
2722,33506,1481026358,1
2722,33612,1481026358,1
2722,33653,1481026358,1
2722,33614,1481026358,1
2722,33458,1481026358,1
2722,33393,1481026358,0
2722,33535,1481026358,1
2722,33445,1481026358,1
2722,33554,1481026358,1
2722,33404,1481026358,0
2722,33773,1481026358,1
2722,33525,1481026358,1
2722,33629,1481026358,1
2722,33593,1481026358,1
2722,33502,1481026358,1
2722,33409,1481026358,1
2722,33472,1481026358,0
2722,33443,1481026358,1
2722,7052,1481026358,-1
2722,33599,1481026358,0
2722,33775,1481026358,1
2722,33464,1481026358,1
2722,33523,1481026358,1
2722,33750,1481026358,1
2722,33677,1481026358,1
2722,33423,1481026358,1
2722,33537,1481026358,1
2722,33468,1481026358,0
2722,33442,1481026358,1
2722,33658,1481026358,0
2722,33484,1481026358,0
2722,33551,1481026358,1
2722,33631,1481026358,1
2722,33495,1481026358,1
2722,33504,1481026358,1
2722,33377,1481026358,1
2722,33517,1481026358,1
2722,33492,1481026358,0
2722,33378,1481026358,1
2722,33610,1481026358,1
2722,33699,1481026358,1
2722,33365,1481026358,1
2722,33748,1481026358,1
2722,33392,1481026358,1
2722,33637,1481026358,0
2722,33694,1481026358,1
2722,33693,1481026358,1
2722,33521,1481026358,1
2722,33764,1481026358,1
2722,33577,1481026358,0
2722,33549,1481026358,1
2722,33448,1481026358,1
2722,33704,1481026358,1
2722,33488,1481026358,0
2722,33712,1481026358,1
2723,23416,1480882601,0
2723,33188,1480882601,-1
2723,32496,1480882601,0
2723,30076,1480882601,-1
2723,24664,1480882601,0
2723,24664,1480882601,0
2723,20659,1480882601,0
2723,20529,1480882601,-1
2723,20529,1480882601,0
2723,479,1480882601,0
2723,551,1480882601,0
2723,2264,1480882601,-1
2723,2264,1480882601,0
2723,4844,1480882601,-1
2723,5259,1480882601,-1
2723,8710,1480882601,1
2723,8710,1480882601,0
2723,16961,1480882601,0
2723,7895,1480882601,-1
2723,29649,1481011674,1
2723,29678,1481011674,0
2723,30103,1481011674,-1
2723,29614,1481011674,-1
2723,29644,1481011674,-1
2725,17907,1480858365,1
2726,4335,1480853875,0
2726,381,1480853875,1
2728,30081,1480447219,0
2728,27015,1480447219,0
2728,28809,1480447219,0
2728,30904,1480447219,0
2728,30905,1480447219,0
2728,28805,1480447219,0
2728,28808,1480447219,0
2728,30672,1480447219,0
2728,27236,1480447219,1
2728,25968,1480447219,1
2728,25751,1480447219,-1
2728,4229,1480447219,0
2728,25683,1480447219,0
2728,30625,1480447219,0
2728,28805,1480447219,0
2728,25687,1480447219,-1
2728,25968,1480447219,-1
2728,26108,1480447219,-1
2728,529,1480447219,0
2728,25968,1480591402,1
2729,27368,1480591402,0
2729,26160,1480591402,1
2729,25818,1480591402,1
2729,26174,1480591402,0
2731,20769,1480576905,0
2731,20768,1480576905,0
2731,5287,1480576905,1
2731,7086,1480576905,1
2731,7224,1480576905,0
2731,7222,1480576905,0
2731,10577,1480576905,0
2732,4749,1480512507,0
2732,8863,1480512507,0
2732,21420,1480512507,0
2732,21428,1480512507,0
2732,8866,1480512508,0
2732,4749,1480512508,1
2732,21428,1480512508,-1
2732,21420,1480512508,1
2732,16303,1480512508,0
2732,21420,1480512508,-1
2732,21428,1480512508,0
2732,4749,1480512508,-1
2732,8866,1480512509,0
2732,4749,1480512509,1
2733,18033,1480434541,1
2734,10477,1479722138,-1
2734,2242,1479722138,1
2734,33728,1479722138,0
2734,33728,1480409824,0
2734,10477,1480409824,0
2734,2242,1480409824,1
2735,33731,1480331104,0
2735,33732,1480331104,0
2735,33731,1480332252,0
2735,33732,1480332421,0
2735,33731,1480332421,0
2738,8767,1480153172,0
2738,18031,1480153172,1
2738,5808,1480153172,1
2738,8767,1480153172,0
2738,18031,1480153172,0
2738,24974,1480153172,0
2738,24973,1480153172,0
2738,24845,1480153172,0
2739,33560,1480096838,0
2739,33527,1480090768,0
2739,33757,1480096838,0
2739,33695,1480090768,0
2739,33373,1480096838,0
2739,33464,1480091010,0
2739,33658,1480090768,0
2739,33669,1480096838,0
2739,33601,1480090768,0
2739,33541,1480096838,0
2739,33781,1480090768,0
2739,33385,1480090768,0
2739,33651,1480090768,0
2739,33639,1480090768,0
2739,33459,1480091010,0
2739,33752,1480096838,0
2739,33590,1480096838,0
2739,33492,1480091010,0
2739,33373,1480090768,0
2739,33779,1480096838,0
2739,33488,1480096838,0
2739,33521,1480090768,0
2739,33717,1480096838,0
2739,33738,1480090768,0
2739,33433,1480096838,0
2739,33704,1480090768,0
2739,33807,1480096838,0
2739,33744,1480096838,0
2739,33706,1480090768,0
2739,33521,1480096838,0
2739,33545,1480090768,0
2739,33693,1480090768,0
2739,33805,1480090768,0
2739,33747,1480096838,0
2739,33566,1480096838,0
2739,33766,1480096838,0
2739,33809,1480096838,0
2739,33571,1480096838,0
2739,33365,1480096838,0
2739,33502,1480090768,0
2739,33626,1480090768,0
2739,33466,1480091010,0
2739,33508,1480096838,0
2739,33577,1480096838,0
2739,33452,1480091010,0
2739,33524,1480096838,0
2739,33377,1480096838,0
2739,33602,1480090768,0
2739,33386,1480096838,0
2739,33398,1480096838,0
2739,33425,1480096838,0
2739,33580,1480090768,0
2739,33462,1480096838,0
2739,33754,1480096838,0
2739,33711,1480090768,0
2739,33706,1480096838,0
2739,33798,1480090768,0
2739,33647,1480090768,0
2739,33579,1480090768,0
2739,33671,1480090768,0
2740,99,1480079644,1
2741,26004,1479980713,1
2741,25751,1479980713,1
2741,24398,1479980713,1
2741,26188,1479980713,0
2741,25782,1479980713,1
2741,16498,1479980713,1
2741,4336,1479980713,0
2741,4337,1479980713,0
2741,4335,1479980713,0
2741,26188,1479980713,1
2741,26178,1479980713,0
2741,26177,1479980713,0
2741,25865,1479980713,0
2741,25866,1479980713,0
2741,26004,1479980713,0
2741,30549,1479980713,0
2741,26179,1479980713,0
2741,27439,1479980713,0
2741,26176,1479980713,0
2741,26188,1480003968,1
2742,9222,1480003968,0
2742,31146,1479916234,0
2742,9083,1479916234,0
2742,25866,1480003968,0
2742,16895,1479916234,0
2742,24666,1479916234,1
2742,19870,1479916234,0
2742,24575,1479916234,0
2742,24170,1479916234,0
2742,8728,1479916234,0
2742,7526,1479916234,0
2742,12277,1479916234,0
2742,33584,1479916234,0
2742,24754,1479916234,0
2742,10574,1479916234,0
2742,33405,1479916234,0
2742,30806,1479916234,0
2742,33407,1480003968,0
2742,9231,1480003968,0
2742,34020,1479916234,0
2742,14832,1479916234,0
2742,7708,1479916234,0
2742,10109,1479916234,0
2742,27050,1479916234,0
2742,19431,1479916234,0
2742,7243,1479916234,0
2742,5108,1479916234,0
2742,19273,1479916234,0
2742,526,1479916234,0
2742,25787,1479916234,0
2742,4529,1479916234,0
2742,31615,1479916234,0
2742,27682,1479916234,0
2742,30805,1479916234,0
2742,255,1479916234,0
2742,9779,1479916234,0
2742,23273,1479916234,0
2742,7610,1479916234,0
2742,16898,1479916234,0
2742,14804,1479916234,0
2742,23268,1479916234,0
2742,1805,1479916234,0
2742,24176,1479916234,0
2742,14782,1479916234,0
2742,10053,1480003968,0
2742,33407,1479916234,0
2742,8945,1479916234,0
2742,25733,1479916234,0
2742,20734,1480003968,0
2742,27200,1479916234,0
2742,10454,1479916234,0
2742,86,1479916234,0
2742,5216,1479916234,0
2742,26178,1480003968,0
2742,24731,1479916234,0
2742,27181,1479916234,0
2742,14935,1479916234,0
2742,10052,1480003968,0
2742,7800,1479916234,0
2742,15933,1479916234,0
2743,22066,1479805669,0
2743,521,1479805669,0
2743,522,1479805669,0
2743,526,1479805669,1
2743,33710,1479976305,1
2743,33001,1479976305,0
2743,22066,1479976305,0
2743,526,1479976305,-1
2743,4602,1479976305,0
2743,521,1479976305,1
2743,522,1479976305,1
2743,527,1479976305,-1
2743,9222,1479976305,1
2745,21117,1479916326,0
2745,33840,1479916326,0
2745,33839,1479916326,0
2746,20847,1479916286,0
2746,19818,1479916286,0
2746,12351,1479916286,0
2746,25800,1479916286,0
2746,25643,1479916286,0
2746,25723,1479916286,0
2746,26248,1479916286,0
2746,26531,1479916286,0
2746,18925,1479916286,0
2746,16659,1479916286,0
2746,28346,1479916286,0
2746,30108,1479916286,-1
2746,26120,1479916286,0
2746,25987,1479916286,0
2746,31314,1479916286,0
2746,31894,1479916286,0
2746,32013,1479916286,0
2746,33836,1479916286,0
2746,33883,1479916286,0
2746,21161,1479916286,0
2746,21163,1479916286,0
2746,15620,1479916286,0
2746,21164,1479916286,0
2746,16846,1479916286,0
2746,21556,1479916286,0
2746,15777,1479916286,0
2746,16240,1479916286,0
2746,2931,1479916286,0
2746,519,1479916286,0
2746,7053,1479916286,0
2746,8125,1479916286,0
2746,7175,1479916286,0
2746,8460,1479916286,0
2746,7168,1479916286,0
2746,5287,1479916286,0
2746,8942,1479916286,0
2746,7867,1479916286,-1
2746,8395,1479916286,0
2746,8686,1479916286,0
2746,8944,1479916286,0
2747,9222,1479890641,0
2747,521,1479890641,1
2747,522,1479890641,0
2747,526,1479890641,0
2747,22066,1479890641,0
2747,33710,1479890641,0
2748,32866,1479889582,0
2748,32858,1479889582,0
2748,32862,1479889582,0
2748,32863,1479889582,0
2748,32855,1479889582,0
2748,32856,1479889582,0
2748,32859,1479889582,0
2748,32861,1479889582,0
2748,32864,1479889582,0
2748,32867,1479889582,0
2748,32857,1479889582,0
2748,32865,1479889582,0
2749,33907,1479844564,0
2749,21663,1479844564,-1
2749,476,1479844564,0
2750,29675,1479841543,1
2753,417,1479764684,-1
2753,20692,1479764684,1
2754,18829,1479729250,0
2754,20693,1479729250,0
2754,20691,1479729250,0
2754,20692,1479729250,1
2754,417,1479729250,1
2755,19280,1479727277,1
2756,18958,1479246576,0
2756,31958,1479246576,0
2756,18958,1479724552,0
2756,31958,1479724552,0
2757,18528,1479485095,1
2757,9706,1479485095,1
2757,10551,1479485095,1
2758,31532,1479465710,0
2760,33726,1479312032,0
2760,32737,1479312032,1
2760,32740,1479312032,-1
2760,32700,1479312032,1
2760,32734,1479312032,1
2760,32739,1479312032,-1
2760,32727,1479312032,1
2760,32732,1479312032,-1
2760,32733,1479312032,-1
2760,32705,1479312032,0
2760,32726,1479312032,1
2760,32728,1479312032,-1
2760,32731,1479312032,-1
2760,32736,1479312032,1
2760,32752,1479312032,1
2760,32702,1479312032,0
2760,32738,1479312032,-1
2760,32741,1479312032,-1
2760,32730,1479312032,1
2761,32737,1479305187,0
2761,33726,1479305187,1
2761,32740,1479305187,0
2761,32738,1479305187,0
2761,32741,1479305187,0
2761,32730,1479305187,0
2761,32705,1479305187,1
2761,32726,1479305187,0
2761,32728,1479305187,0
2761,32731,1479305187,0
2761,32736,1479305187,0
2761,32752,1479305187,1
2761,32732,1479305187,0
2761,32733,1479305187,0
2761,32727,1479305187,0
2761,32703,1479305187,-1
2761,32700,1479305187,0
2761,32734,1479305187,0
2761,32739,1479305187,0
2763,14822,1479176746,0
2763,15123,1479176746,1
2763,14804,1479176746,-1
2763,15155,1479185214,1
2763,15155,1479200806,1
2763,14822,1479200806,1
2764,15141,1479199779,0
2765,26274,1479177859,0
2766,7086,1479111052,0
2767,25751,1478873642,0
2767,25819,1478873642,1
2768,25961,1478871240,1
2768,25987,1478871240,1
2769,25647,1478859940,0
2769,28576,1478859940,0
2770,2079,1478854906,1
2771,26188,1478770399,1
2774,2316,1478681274,0
2774,4867,1478681274,0
2774,5814,1478681274,1
2775,33604,1478631178,0
2775,446,1478631178,0
2778,25713,1478558691,1
2780,4313,1478546421,1
2780,8299,1478546421,0
2781,1806,1478545926,1
2781,20376,1478545926,1
2781,15806,1478545926,-1
2782,247,1478511533,0
2782,255,1478511533,1
2783,247,1478511369,0
2783,7802,1478511369,1
2784,29668,1478510894,1
2784,29649,1478510894,1
2786,7053,1478277966,1
2787,27972,1478277891,0
2787,25987,1478277891,0
2788,10603,1478274284,0
2788,10605,1478274284,0
2788,10608,1478274284,0
2788,4337,1478274284,-1
2788,27014,1478274284,0
2788,27548,1478274284,0
2788,29619,1478274284,0
2788,16502,1478274284,0
2788,24398,1478274284,1
2788,27004,1478274284,0
2788,24408,1478274284,0
2788,17806,1478274284,0
2788,17815,1478274284,0
2788,33447,1478274284,0
2788,29621,1478274284,1
2789,17806,1478274284,0
2789,4335,1478274284,1
2789,29621,1478274284,-1
2789,33447,1478274284,0
2789,24398,1478274284,0
2789,24406,1478274284,0
2790,8125,1478271959,1
2791,5260,1478248316,0
2791,5261,1478248316,0
2794,4877,1478076272,1
2798,4563,1477999499,1
2800,5866,1477771507,1
2801,30064,1477770855,0
2802,33610,1477769214,0
2802,33709,1477769214,0
2802,33510,1477769214,0
2802,33712,1477769214,0
2802,33645,1477769214,0
2802,33721,1477769214,0
2802,33803,1477769214,0
2802,33695,1477769214,0
2802,33498,1477769214,0
2802,33519,1477769214,0
2802,33573,1477769214,0
2802,33504,1477769214,0
2802,33521,1477769214,0
2802,33635,1477769214,0
2802,33738,1477769214,0
2802,33742,1477769214,0
2802,33624,1477769214,0
2802,33800,1477769214,0
2802,33380,1477769214,0
2802,33736,1477769214,0
2802,33759,1477769214,0
2802,33599,1477769214,0
2802,33476,1477769214,0
2802,33814,1477769214,0
2802,33450,1477769214,0
2802,33426,1477769214,0
2802,33496,1477769214,0
2802,33562,1477769214,0
2802,33620,1477769214,0
2802,33538,1477769214,0
2802,33547,1477769214,0
2802,33775,1477769214,0
2802,7052,1477769214,1
2802,33653,1477769214,0
2802,33719,1477769214,0
2802,33723,1477769214,0
2802,33637,1477769214,0
2802,33571,1477769214,0
2802,33560,1477769214,0
2802,33662,1477769214,0
2802,33395,1477769214,0
2802,33474,1477769214,0
2802,33513,1477769214,0
2802,33402,1477769214,0
2802,33583,1477769214,0
2802,33480,1477769214,0
2802,33679,1477769214,0
2802,33707,1477769214,0
2802,33443,1477769214,0
2802,33400,1477769214,0
2802,33492,1477769214,0
2802,33398,1477769214,0
2802,33369,1477769214,0
2802,33525,1477769214,0
2802,33528,1477769214,0
2802,33789,1477769214,0
2802,33769,1477769214,0
2802,33798,1477769214,0
2802,33714,1477769214,0
2802,33785,1477769214,0
2803,5863,1477760129,0
2803,10338,1477760129,0
2805,27253,1477659025,1
2805,25751,1477659025,0
2806,18048,1477644567,0
2806,18049,1477644567,0
2806,4881,1477644567,0
2806,18055,1477644567,0
2806,4881,1477644567,0
2808,28833,1477636026,-1
2808,30694,1477636026,-1
2808,28847,1477636026,1
2808,30715,1477636026,1
2810,24840,1477495922,1
2810,24959,1477495922,1
2811,15111,1477492040,1
2812,10481,1477473655,0
2812,4867,1477473655,1
2812,2316,1477473655,-1
2813,2316,1475745119,0
2813,2316,1475829940,0
2814,33261,1477462758,0
2814,33266,1477462758,0
2814,33262,1477462758,0
2814,33262,1477462758,0
2814,33266,1477462758,0
2815,381,1477323100,1
2815,381,1477378502,0
2816,4742,1477053061,0
2816,4742,1477132181,0
2818,1550,1477059690,0
2818,20653,1477059690,0
2819,33296,1477045140,0
2819,33312,1477045140,0
2820,32703,1476971852,1
2820,32703,1476974655,0
2820,33726,1476974772,0
2821,4786,1476966196,0
2821,4785,1476966196,1
2821,7225,1476966196,0
2821,7225,1476966370,0
2822,30694,1476954955,0
2822,28833,1476954955,1
2825,4560,1476875479,0
2825,9353,1476875479,0
2825,9043,1476875479,0
2825,9360,1476875479,0
2825,22325,1476875479,0
2825,22327,1476875479,0
2825,22328,1476875479,0
2825,32876,1476875479,0
2826,79,1476863370,0
2826,86,1476863370,0
2826,85,1476863370,0
2829,31096,1476778119,1
2829,30103,1476778119,-1
2830,20508,1476702688,0
2830,4666,1476702688,0
2830,8460,1476702688,0
2830,20504,1476702688,0
2830,8460,1476702689,0
2830,8460,1476702689,0
2831,17805,1476454285,0
2831,29618,1476454285,0
2831,29618,1476697624,0
2831,17805,1476697624,0
2831,17805,1476702346,0
2833,33196,1476614809,1
2833,33189,1476614809,0
2833,30719,1476614809,1
2833,30670,1476614809,1
2833,30685,1476614809,1
2834,21323,1476453102,1
2835,27675,1476433134,1
2835,25876,1476433134,1
2836,5882,1476430389,1
2836,5976,1476430395,0
2836,5976,1476430402,0
2836,5882,1476430402,0
2836,5882,1476430414,0
2837,25700,1476269853,-1
2838,7179,1476262266,0
2838,7182,1476262266,0
2838,7296,1476262266,0
2838,7260,1476262266,0
2838,9189,1476262266,0
2838,7169,1476262266,0
2838,4723,1476262266,0
2838,4780,1476262266,0
2838,4728,1476262266,0
2838,4725,1476262266,0
2838,215,1476262266,0
2838,310,1476262266,0
2838,16813,1476262266,0
2838,18820,1476262266,0
2838,33284,1476262266,0
2838,32708,1476262266,0
2838,18835,1476262266,0
2838,33763,1476262266,0
2838,29543,1476262266,0
2839,421,1476212955,-1
2839,8557,1476212955,-1
2839,12092,1476224247,1
2839,420,1476224247,-1
2839,20739,1476224247,-1
2839,418,1476237757,-1
2839,20726,1476237757,-1
2840,17174,1476199188,0
2840,17166,1476199188,0
2840,17173,1476199188,0
2840,17171,1476199188,0
2840,17172,1476199188,1
2840,17170,1476199188,0
2840,17175,1476199188,0
2840,24176,1476199188,1
2840,24170,1476199188,1
2840,24175,1476199188,0
2840,24183,1476199188,0
2840,24174,1476199188,0
2840,24173,1476199188,0
2840,17167,1476199188,0
2840,17169,1476199188,0
2840,24177,1476199188,0
2840,24172,1476199188,0
2840,19293,1476199188,0
2840,19291,1476199188,0
2840,19292,1476199188,0
2840,33052,1476199188,0
2840,33056,1476199188,0
2840,33058,1476199188,0
2840,33048,1476199188,0
2840,17168,1476199188,0
2840,17176,1476199188,0
2840,33049,1476199188,0
2840,33053,1476199188,0
2840,33051,1476199188,0
2840,33050,1476199188,0
2840,33054,1476199188,0
2840,33055,1476199188,0
2840,33057,1476199188,0
2841,32708,1476116797,0
2841,33025,1476116797,0
2841,32720,1476116797,0
2841,32753,1476116797,0
2841,32703,1476116797,0
2841,32721,1476116797,0
2841,32755,1476116797,0
2841,32705,1476116797,1
2841,32751,1476116797,1
2841,32752,1476116797,0
2842,4860,1475721704,1
2842,4860,1475997188,1
2843,10282,1475890337,1
2843,10279,1475890337,0
2843,10284,1475890337,0
2844,4856,1475847630,1
2845,21607,1475821296,0
2845,21583,1475821296,0
2845,18837,1475821296,0
2845,12366,1475821296,0
2846,32259,1475682558,0
2847,12086,1475658700,1
2847,20313,1475658700,1
2848,25829,1475581841,0
2849,24621,1475236121,-1
2851,18384,1474381823,-1
2851,34026,1474401030,0
2851,33101,1470118430,1
2851,33411,1474401030,0
2851,8428,1474381823,0
2851,34197,1470127673,0
2851,7173,1474381823,-1
2851,34217,1470118430,0
2851,31503,1474381874,0
2851,7244,1474381874,-1
2851,33504,1474401030,0
2851,33698,1474401030,0
2851,7238,1474381874,-1
2851,33710,1474401030,1
2851,15114,1470118430,1
2851,33510,1474401030,0
2851,34247,1470127673,0
2851,34307,1470127673,0
2851,7265,1470118430,1
2851,33561,1474401030,0
2851,33640,1475196926,0
2851,34441,1470127673,0
2851,34147,1470127673,0
2851,2079,1470118430,1
2851,33653,1474401030,0
2851,34441,1470118430,0
2851,33443,1474401030,0
2851,33412,1475196926,0
2851,8420,1474381823,0
2851,34209,1470118430,0
2851,33632,1475196926,0
2851,4602,1474381874,-1
2851,33646,1474401030,0
2851,20466,1474381823,1
2851,33548,1474381874,0
2851,7265,1470118430,-1
2851,34034,1474401030,0
2851,15490,1474381874,-1
2851,7052,1474447660,1
2851,33379,1474401030,0
2851,7258,1474381874,0
2851,33632,1474401030,0
2851,2079,1474381874,-1
2851,31146,1474381874,1
2851,33741,1475196926,0
2851,33631,1474401030,0
2851,33608,1474401030,0
2851,34153,1470118430,0
2851,5262,1474381823,0
2851,7052,1475193521,-1
2851,34175,1470118430,0
2851,33597,1474401030,0
2851,33562,1474401030,0
2851,33626,1474401030,0
2851,33748,1474401030,0
2851,34223,1470118430,0
2851,34345,1470127673,0
2851,33681,1474401030,0
2851,33455,1474401030,0
2851,33671,1474401030,0
2853,31941,1475133658,0
2853,31942,1475133658,1
2853,31939,1475133658,-1
2853,31944,1475133658,-1
2853,31945,1475133658,1
2853,31940,1475133658,0
2854,15115,1475130462,0
2854,15122,1475130462,1
2856,602,1442222132,1
2856,29719,1442223209,0
2856,30143,1442223209,0
2856,29721,1442223209,0
2856,29693,1442223209,0
2856,29585,1442223209,1
2856,29584,1442223209,0
2856,29597,1442223209,1
2856,30106,1442223209,0
2856,25696,1442223209,0
2856,29649,1442233222,1
2856,29637,1442233222,0
2856,602,1442233222,-1
2856,33324,1442402038,0
2856,33321,1442402038,0
2856,33334,1442402038,0
2856,33323,1442402038,0
2856,33327,1442404876,0
2856,602,1442835858,1
2856,12354,1442837121,1
2856,4453,1442837121,-1
2856,1548,1442837121,1
2856,415,1442837121,0
2856,7360,1442837121,1
2856,7360,1442837494,0
2856,1876,1442837494,0
2856,1548,1442837494,0
2856,4453,1442837494,0
2856,12155,1442838198,0
2856,98,1442838198,1
2856,446,1442845711,1
2856,4743,1442845711,0
2856,8854,1442846533,1
2856,602,1442847530,0
2856,80,1442847530,0
2856,35286,1442848969,0
2856,4853,1442848969,1
2856,16813,1442848969,1
2856,7667,1442906788,1
2856,267,1442906788,0
2856,267,1442911478,0
2856,7667,1442911478,0
2856,15115,1442911478,0
2856,15124,1442911478,1
2856,14795,1442912642,1
2856,14799,1442912642,0
2856,7711,1442912642,1
2856,4789,1442912642,0
2856,4655,1456050637,1
2856,4356,1474982318,0
2856,9779,1474982318,0
2856,23232,1474982318,1
2856,10072,1474982659,1
2856,302,1474982907,1
2857,25660,1474954770,1
2857,25902,1474954770,0
2857,27675,1474954770,0
2857,17907,1474954770,-1
2857,26764,1474954770,1
2857,14472,1474954770,-1
2857,25886,1474954770,0
2857,25886,1474954770,0
2857,25660,1474954770,1
2857,27675,1474954770,0
2857,25902,1474954770,1
2857,26764,1474954770,0
2857,27675,1474954770,1
2858,14472,1474921177,1
2858,17907,1474921177,1
2859,15669,1474458254,0
2859,19516,1474458254,0
2859,18820,1474458254,0
2859,18820,1474458254,0
2859,4611,1474458254,1
2859,18820,1474458254,0
2859,18820,1474458254,0
2859,4611,1474458254,0
2861,529,1474456231,0
2861,9311,1474456231,0
2861,4819,1474456231,0
2861,19108,1474456231,0
2861,18933,1474456231,0
2861,16413,1474456231,0
2861,16398,1474456231,0
2861,25687,1474456231,1
2861,27202,1474456231,0
2861,30790,1474456231,0
2861,29581,1474456231,0
2861,29585,1474456231,0
2861,29579,1474456231,-1
2862,5835,1474357965,-1
2862,5086,1474357965,1
2862,4972,1474324789,0
2862,5077,1474442175,0
2862,5262,1474324711,0
2862,5208,1474357965,0
2862,34023,1471246043,0
2862,32948,1474324789,0
2862,5025,1474355131,0
2862,34059,1474357965,0
2862,24845,1474355131,0
2862,5208,1474325715,0
2862,7052,1471246043,1
2862,26947,1471246043,0
2862,5185,1474324832,0
2862,7053,1471246043,-1
2862,4978,1474324789,1
2862,5086,1474324673,1
2862,8437,1474375690,1
2862,24845,1474324781,0
2862,5261,1474324711,1
2862,33514,1474375690,0
2862,4971,1474325715,1
2862,5185,1474357965,0
2862,5185,1474442175,0
2862,5180,1474324711,0
2862,4414,1471246043,0
2862,4970,1474442175,1
2862,5096,1474442175,0
2862,5095,1474442175,0
2862,5092,1474375690,0
2862,4971,1474324711,0
2862,4978,1474355131,1
2862,5089,1471246043,0
2862,5259,1474442175,1
2862,5209,1471246043,0
2862,8428,1474375690,1
2862,34059,1474375690,0
2862,5095,1474355131,0
2862,5259,1474324824,0
2862,10361,1474355131,0
2862,24892,1474357965,0
2862,7053,1474357965,1
2862,5095,1474375690,0
2862,10361,1471246043,0
2862,5262,1474375690,0
2862,7053,1471246043,-1
2862,7053,1474442175,1
2862,4972,1474325715,1
2862,5092,1474324789,0
2862,20469,1474375690,-1
2862,5097,1474324673,0
2862,24844,1474355131,1
2862,5262,1474324684,0
2862,34059,1474442175,0
2862,7754,1474324756,0
2862,34062,1474324661,0
2862,4971,1474357965,1
2862,4970,1474355131,1
2862,7053,1473434483,1
2863,34059,1474362454,0
2863,5077,1474362454,0
2863,20467,1474362454,1
2863,5262,1474362454,0
2863,5208,1474362454,0
2863,5096,1474362454,0
2863,406,1474362454,0
2863,20469,1474362454,1
2863,7173,1474362454,-1
2863,5185,1474362454,0
2863,5095,1474362454,0
2863,7053,1474362454,-1
2863,34022,1474362454,0
2863,4978,1474362454,-1
2863,302,1474362454,1
2863,8419,1474362454,0
2863,20470,1474362454,1
2863,8428,1474362454,-1
2863,5180,1474362454,0
2863,20466,1474362454,0
2863,8419,1474362454,0
2863,10361,1474362454,0
2863,24844,1474362454,-1
2863,8419,1474362454,0
2863,20460,1474362454,0
2863,24892,1474362454,0
2863,18384,1474362454,1
2863,7173,1474362454,0
2863,5092,1474362454,0
2863,4970,1474362454,-1
2863,20466,1474362454,1
2863,8420,1474362454,0
2863,5261,1474362454,1
2863,8423,1474362454,0
2863,8424,1474362454,0
2863,8437,1474362454,-1
2863,5259,1474362454,-1
2863,407,1474362454,1
2863,4971,1474362454,-1
2863,8424,1474362454,0
2863,301,1474362454,0
2863,33258,1474362454,0
2863,5835,1474362454,1
2863,8428,1474362454,0
2863,24845,1474362454,0
2863,5086,1474362454,-1
2863,5097,1474362454,0
2863,20471,1474362454,1
2863,8425,1474362454,1
2863,5025,1474362454,0
2863,18384,1474362454,1
2863,18384,1474362454,0
2863,20460,1474362454,0
2863,8441,1474362454,-1
2863,32948,1474362454,0
2863,302,1474362454,-1
2863,8422,1474362454,-1
2863,22909,1474362454,0
2863,4972,1474362454,-1
2863,20468,1474362454,1
2865,30139,1474097692,1
2865,27299,1474097692,1
2865,30672,1474097692,0
2865,25779,1474097692,0
2865,30139,1474097692,1
2865,34065,1474097692,0
2865,25801,1474097692,0
2865,25779,1474097692,-1
2867,24509,1474019321,0
2867,24675,1474019321,1
2867,24674,1474019321,1
2867,24670,1474019321,0
2867,24505,1474019321,0
2867,24505,1474019321,0
2867,24509,1474019321,1
2867,24670,1474019321,1
2868,29559,1473951762,1
2868,6134,1474018969,-1
2868,1171,1474019011,0
2869,4833,1473929533,-1
2869,4833,1473929533,0
2869,4833,1473929533,0
2869,22349,1473929533,0
2869,4831,1473929533,0
2869,4833,1473929534,1
2869,22349,1473929534,-1
2870,9060,1473924202,1
2870,21652,1473924202,0
2870,5809,1473924202,0
2870,478,1473924202,0
2870,475,1473924202,0
2870,476,1473924202,-1
2870,32413,1473924202,0
2870,33908,1473924202,0
2870,32471,1473924202,0
2870,21673,1473924203,-1
2871,483,1473866175,1
2871,12141,1473866175,1
2871,12383,1473866175,1
2871,12142,1473866175,0
2874,483,1473576636,1
2875,26910,1473576208,0
2875,29649,1473576208,1
2876,17201,1473505412,1
2876,7053,1473505412,-1
2878,25660,1473342911,1
2878,25661,1473342911,1
2878,26424,1473342911,1
2880,34068,1473342911,0
2880,25987,1473342911,0
2881,17609,1473320178,1
2881,17609,1473320192,0
2883,15702,1472978117,1
2883,33399,1472978117,0
2883,19764,1472978117,0
2883,25651,1472978117,1
2883,26071,1472978117,0
2883,19765,1472978117,0
2883,19772,1472978117,1
2883,19769,1472978117,1
2883,19769,1473260854,0
2883,19780,1473260854,0
2883,19767,1473260854,0
2883,19765,1473260854,0
2883,19772,1473260854,1
2883,15702,1473260854,0
2883,19765,1473261570,1
2883,19767,1473261570,1
2883,19769,1473261570,0
2883,19780,1473261570,-1
2883,19779,1473261570,0
2883,15702,1473261570,0
2883,19768,1473261570,0
2884,30106,1473242008,0
2884,30869,1473257285,0
2884,30890,1473257285,0
2885,24841,1473234297,0
2885,24845,1473234297,0
2885,1999,1473234297,1
2887,5719,1472370034,0
2887,4752,1472370034,1
2887,4752,1473092548,1
2887,5719,1473092548,0
2887,21467,1473092548,1
2887,4752,1473156767,0
2888,24997,1473151700,1
2888,1999,1473151700,1
2889,2316,1472223211,0
2889,34079,1472223211,-1
2889,34080,1472223211,0
2889,23158,1472223211,0
2889,25084,1472223211,0
2889,26155,1473085573,0
2889,29557,1472223211,-1
2889,34079,1472223211,0
2889,22914,1472223211,0
2889,29557,1472223211,1
2889,22909,1472223211,0
2889,29560,1473085573,0
2889,14946,1472223211,0
2889,10379,1472223211,-1
2889,14947,1472223211,0
2889,29559,1473085573,1
2889,5454,1472223211,1
2889,26155,1473085573,0
2889,34084,1472223211,0
2889,23158,1472223211,1
2889,34081,1472223211,0
2889,29560,1472223211,0
2889,29559,1472223211,-1
2889,29560,1472223211,-1
2889,34088,1472223211,0
2889,25083,1472223211,0
2889,1999,1472223211,0
2889,25084,1472223211,-1
2889,34083,1472223211,0
2889,17402,1472223211,1
2889,29555,1472223211,0
2889,29560,1473085573,-1
2889,34080,1472223211,0
2889,29559,1472223211,-1
2889,34083,1472223211,0
2889,34083,1472223211,0
2889,34077,1472223211,0
2889,25084,1472223211,0
2889,23200,1472223211,0
2889,30520,1472223211,0
2889,34078,1472223211,0
2889,10369,1472223211,1
2889,34074,1472223211,0
2889,34077,1472223211,1
2889,14801,1472223211,1
2889,29559,1473085573,0
2889,25087,1473085573,0
2889,29561,1473085573,0
2889,25084,1472223211,-1
2889,34078,1472223211,0
2889,14794,1472223211,1
2889,29557,1472223211,0
2889,25084,1472223211,-1
2889,34080,1472223211,-1
2889,34080,1472223211,0
2889,34079,1472223211,0
2889,29559,1472223211,0
2889,25085,1472223211,0
2889,26157,1472223211,-1
2889,14946,1472223211,0
2890,10547,1473104288,0
2890,1570,1473104288,1
2890,21887,1473139850,1
2891,31196,1473085223,0
2892,8475,1473083964,0
2894,24607,1473064492,1
2894,24778,1473064492,0
2895,25713,1473060504,1
2896,18852,1472981820,0
2896,14473,1472981820,0
2896,23285,1472981820,-1
2896,4874,1472981820,1
2896,23285,1472983704,1
2896,4874,1472983704,1
2896,18852,1472983704,0
2897,16393,1472113242,1
2897,514,1472113242,0
2897,5412,1472113242,1
2897,9222,1472535176,0
2897,5412,1472535176,-1
2897,4602,1472535176,1
2897,33710,1472535206,0
2897,5412,1472837989,1
2901,9683,1472651370,0
2901,9681,1472651370,0
2901,9684,1472651370,0
2901,9682,1472651370,0
2901,9677,1472651370,-1
2901,22921,1472651370,1
2902,25700,1472575663,1
2902,25902,1472575663,0
2902,25660,1472575663,0
2904,1999,1472287216,0
2905,5750,1472220379,0
2905,1573,1472220379,1
2905,9189,1472220379,0
2906,197,1390915207,-1
2906,4803,1390915207,-1
2906,15330,1390915207,-1
2906,15327,1390915207,-1
2906,4803,1391502971,-1
2906,15327,1472212048,-1
2907,5472,1416582218,1
2907,7712,1416582218,1
2907,14821,1416582218,0
2907,14820,1416582218,1
2907,7712,1472211686,1
2908,30165,1421922792,-1
2908,30067,1423680705,0
2908,30076,1423680705,-1
2908,30074,1423680705,1
2908,27204,1423680705,0
2908,27213,1423680705,-1
2908,30070,1423680705,0
2908,30072,1423680705,0
2908,30081,1423680705,0
2908,30068,1423680705,0
2908,30081,1472211383,0
2909,481,1439192478,1
2909,31151,1439194111,1
2909,31793,1439194111,1
2909,31444,1439194111,0
2909,9189,1439194111,0
2909,12155,1439194111,1
2909,4754,1439194111,1
2909,4743,1439194111,1
2909,4725,1439194111,1
2909,4877,1439194111,-1
2909,4831,1439194111,0
2909,4356,1439194111,0
2909,24573,1439194111,1
2909,24622,1439194111,1
2909,4728,1472210337,1
2912,20191,1472030300,1
2912,4651,1472030300,1
2912,20181,1472030300,0
2913,26274,1302205557,0
2913,26250,1302205557,0
2913,26031,1302205557,-1
2913,4803,1307685726,-1
2913,30057,1302205557,-1
2913,15804,1301257798,0
2913,31162,1307685726,1
2913,36315,1301092466,0
2913,26236,1302205557,0
2913,31181,1307685726,0
2913,30117,1301092466,-1
2913,4742,1307685726,0
2913,17690,1301257798,0
2913,9664,1307685726,0
2913,29621,1301092466,0
2913,31207,1307685726,0
2913,24375,1301257798,0
2913,26216,1301092466,-1
2913,29636,1302205557,0
2913,25702,1301092466,0
2913,31553,1307685726,1
2913,25769,1302205557,-1
2913,4829,1307685726,-1
2913,8478,1307685726,0
2913,30671,1302205557,0
2913,5592,1307685726,0
2913,24367,1307685726,0
2913,4672,1301257798,0
2913,4876,1308259152,0
2913,31152,1307685726,-1
2913,26214,1302205557,-1
2913,30119,1302205557,0
2913,4855,1307685726,0
2913,15674,1307685726,-1
2913,17775,1307685726,0
2913,16394,1307685726,0
2913,4656,1301257798,-1
2913,4690,1301257798,-1
2913,4784,1307685726,0
2913,31169,1307685726,0
2913,29654,1301092466,0
2913,31658,1307685726,0
2913,29621,1302205557,0
2913,22438,1301257798,0
2913,10069,1307685726,0
2913,31410,1301257798,0
2913,4748,1307685726,0
2913,24372,1301257798,0
2913,26256,1302205557,1
2913,29666,1301092466,0
2913,36486,1301257798,-1
2913,4724,1307685726,0
2913,30386,1302205557,0
2913,35522,1307685726,0
2913,25819,1302205557,-1
2913,25740,1302205557,1
2913,22438,1307685726,0
2913,25787,1302205557,0
2913,25751,1302205557,1
2913,34587,1307685726,0
2914,34062,1471968231,0
2915,31532,1471894193,0
2918,31146,1471866321,0
2919,16173,1464269193,0
2919,16148,1464269193,0
2919,21321,1464269193,1
2919,16173,1471859350,0
2919,16148,1471859350,0
2919,21321,1471859350,-1
2921,4854,1471724404,1
2923,21120,1471009732,0
2923,4731,1471009732,0
2923,8752,1471009732,0
2923,7174,1471009732,-1
2923,7175,1471009732,0
2923,7179,1471009732,0
2923,21122,1471009732,0
2923,21117,1471441600,0
2926,208,1471357332,1
2927,33179,1471354990,1
2927,33196,1471354990,1
2927,33176,1471354990,0
2928,21434,1471349273,0
2928,4750,1471349273,0
2928,4750,1471349273,0
2929,415,1471347591,1
2929,20653,1471347591,0
2932,17609,1470984562,0
2932,1576,1470984562,1
2932,9189,1470984562,0
2933,526,1467049792,1
2933,9261,1467049792,1
2933,34448,1467049792,0
2933,526,1467057031,-1
2933,12277,1467149703,0
2933,527,1469577508,0
2933,32402,1470945530,0
2934,4867,1460180620,1
2934,4482,1470909941,1
2934,9965,1470909941,0
2934,4482,1470912419,1
2934,9965,1470912419,0
2934,4414,1470913480,1
2934,9959,1470913480,0
2934,4414,1470920013,1
2934,4482,1470920013,0
2935,17463,1452011933,1
2935,9331,1452011933,0
2935,9332,1452011933,0
2935,2242,1452011933,0
2935,1961,1452011933,-1
2935,17402,1452011933,0
2935,31399,1452011933,0
2935,34443,1470848893,1
2935,24397,1470848893,0
2935,24404,1470848893,0
2935,30546,1470848893,0
2935,24400,1470848893,0
2935,24399,1470848893,0
2935,24403,1470848893,1
2935,24402,1470848893,0
2935,4337,1470848893,0
2935,4337,1470848893,0
2935,16495,1470848893,0
2935,16494,1470848893,0
2935,16493,1470848893,0
2935,16488,1470848893,0
2935,16489,1470848893,0
2935,17600,1470848893,0
2935,16491,1470848893,0
2935,16492,1470848893,0
2935,34443,1470848893,0
2935,4337,1470848893,1
2935,24294,1470848893,0
2935,34443,1470848893,-1
2935,24406,1470848893,0
2935,24405,1470848893,1
2935,24410,1470848893,0
2935,24411,1470848893,0
2935,24409,1470848893,0
2935,34442,1470896646,0
2935,4210,1470896646,0
2935,4210,1470901421,0
2935,602,1470907389,1
2935,33196,1470907389,1
2935,4337,1470907849,0
2935,16495,1470907849,0
2935,16494,1470907849,0
2935,16490,1470907849,0
2935,16488,1470907849,0
2935,16493,1470907849,0
2935,17600,1470907849,0
2935,16489,1470907849,0
2935,10247,1470907849,0
2935,24405,1470907849,0
2935,24409,1470907849,0
2935,24411,1470907849,0
2935,24410,1470907849,0
2935,24406,1470907849,0
2935,16492,1470907849,0
2935,16491,1470907849,0
2936,4337,1470905874,0
2936,16498,1470905874,1
2936,24402,1470905874,0
2936,4335,1470906589,0
2937,25751,1470902851,0
2937,22439,1470902851,0
2937,381,1470904895,0
2938,5259,1470842794,-1
2938,4970,1470842794,-1
2938,24984,1470842794,0
2938,26426,1470842794,0
2938,8200,1470842794,0
2938,12209,1470842794,0
2938,1337,1470842794,0
2938,1339,1470842794,0
2938,1341,1470842794,0
2938,8249,1470842794,0
2938,8274,1470842794,0
2938,31195,1470842794,0
2938,27935,1470842794,0
2938,28845,1470842794,0
2938,27918,1470842794,-1
2938,27213,1470842794,0
2938,27281,1470842794,0
2938,26949,1470842794,0
2938,20065,1470842794,1
2938,26950,1470842794,-1
2938,27289,1470842794,0
2938,26951,1470842794,-1
2941,2010,1470759803,1
2941,2010,1470818751,0
2944,30350,1470575781,1
2944,31064,1470575781,0
2944,30405,1470575781,1
2944,30405,1470576067,-1
2946,5430,1469707726,0
2946,5429,1469707726,1
2946,2029,1470377384,1
2946,2030,1470377384,1
2946,2028,1470377384,0
2946,4753,1470377384,1
2946,4754,1470377384,-1
2946,4755,1470377384,1
2946,5430,1470377384,1
2946,21491,1470377384,1
2946,21494,1470377384,1
2947,15945,1470376397,1
2947,8540,1470376397,1
2948,7175,1470315301,0
2949,30059,1469800666,1
2949,25791,1470237510,1
2949,30672,1470237510,1
2949,30059,1470237510,-1
2950,29649,1470121031,0
2950,29649,1470167498,0
2951,30163,1470150181,1
2951,24546,1470150181,0
2954,30125,1470120251,0
2954,30125,1470120493,0
2955,5429,1470061621,0
2955,4754,1470061621,0
2956,34446,1470049117,0
2956,26428,1470051325,1
2956,25751,1470051325,1
2956,7689,1470051325,0
2956,4860,1470051325,1
2956,25750,1470051785,0
2956,25746,1470051785,1
2956,22948,1470051785,0
2956,27260,1470051785,1
2957,5863,1470048798,1
2957,5862,1470048798,1
2958,34040,1470044368,0
2958,4200,1470044368,0
2958,4868,1470044368,1
2958,5814,1470044368,1
2959,7052,1470039372,-1
2959,7052,1470039372,1
2959,34137,1470039372,0
2959,34357,1470039372,0
2959,34135,1470039372,0
2960,451,1469952148,0
2960,25662,1469952148,0
2960,19105,1469952148,0
2960,21459,1469952148,1
2960,26124,1469952148,0
2961,4847,1469818957,1
2961,12408,1469818957,0
2961,17327,1469818957,1
2961,22733,1469818957,1
2961,34390,1469818957,0
2962,5247,1469792152,0
2962,34447,1469792152,0
2962,34326,1469792152,0
2962,5926,1469792152,1
2962,5938,1469792152,0
2962,5967,1469792152,0
2962,5929,1469792152,0
2962,5928,1469792152,0
2962,5931,1469792152,0
2962,5981,1469792152,0
2962,5979,1469792152,0
2962,5930,1469792152,0
2963,7052,1469781924,1
2963,34269,1469781924,0
2963,34325,1469781924,0
2963,34407,1469781924,0
2963,34195,1469781924,0
2963,34197,1469781924,0
2963,34103,1469781924,0
2963,34147,1469781924,0
2963,34327,1469781924,0
2963,34097,1469781924,0
2963,34329,1469781924,0
2963,34345,1469781924,0
2963,34107,1469781924,0
2963,34247,1469781924,0
2963,34397,1469781924,0
2963,34419,1469781924,0
2963,34349,1469781924,0
2963,34101,1469781924,0
2963,34233,1469781924,0
2963,34323,1469781924,0
2963,34343,1469781924,0
2963,34383,1469781924,0
2964,15123,1469777135,1
2964,15124,1469777135,0
2964,34326,1469777252,0
2965,8950,1469773139,1
2965,12111,1469773139,1
2966,8945,1469770311,0
2966,17764,1469770311,1
2966,12209,1469770311,1
2967,12408,1469690001,1
2968,25681,1469605508,0
2969,1573,1469531980,1
2969,5750,1469531980,0
2969,9189,1469531980,0
2970,25700,1469531003,1
2971,24575,1469527310,-1
2971,24724,1469527310,0
2971,24575,1469527310,1
2971,24740,1469527310,0
2971,24575,1469527311,1
2971,24739,1469527311,0
2971,24570,1469527311,0
2972,24826,1469523063,1
2972,24390,1469523063,1
2972,24381,1469523063,1
2972,24826,1469523063,0
2974,25929,1469447858,0
2974,25643,1469447858,1
2974,25645,1469447858,-1
2974,25642,1469447858,1
2975,25929,1469447858,0
2975,25645,1469447858,-1
2976,34444,1469431738,0
2978,15802,1469428504,1
2979,25704,1469360896,-1
2982,30739,1469094460,0
2982,30737,1469094460,0
2982,30738,1469094460,0
2982,31100,1469094460,0
2982,30742,1469094460,0
2982,19135,1469094460,0
2982,332,1469094460,0
2983,30737,1469094460,-1
2983,30738,1469094460,0
2985,30734,1469094460,1
2985,30730,1469094460,-1
2985,30737,1469094460,1
2985,33103,1469094460,-1
2985,31100,1469094460,0
2985,30731,1469094460,0
2985,30732,1469094460,1
2986,30734,1469094460,0
2987,15988,1469093465,0
2987,20696,1469093465,0
2987,20705,1469093465,0
2987,20707,1469093465,0
2987,20697,1469093465,0
2987,20700,1469093465,0
2987,15989,1469093465,0
2987,15991,1469093465,0
2987,15990,1469093465,0
2987,15984,1469093465,0
2987,15986,1469093465,0
2987,15987,1469093465,0
2987,20706,1469093465,0
2987,15985,1469093465,0
2987,20698,1469093465,0
2987,5488,1469093465,0
2987,5487,1469093465,0
2988,15983,1469093464,0
2988,20709,1469093464,0
2989,9703,1469084006,0
2989,17805,1469084006,0
2990,14544,1469040570,0
2992,24628,1469014148,0
2992,24806,1469014148,0
2992,24639,1469014148,1
2993,24840,1468923824,0
2993,25662,1468923824,0
2993,25660,1468923824,1
2993,26242,1468923824,0
2993,17766,1468923824,1
2993,26426,1468923824,0
2993,26518,1468923824,0
2993,17764,1468923824,1
2993,17765,1468923824,0
2993,8945,1468923824,0
2993,16118,1468923824,0
2993,21568,1468923824,0
2993,12186,1468923824,1
2993,4313,1468923824,1
2993,526,1468923824,0
2993,527,1468923824,0
2993,523,1468923824,0
2993,524,1468923824,0
2993,9326,1468923824,0
2993,8299,1468923824,1
2993,8970,1468923824,1
2993,25700,1468923824,0
2993,16433,1468923824,0
2993,27512,1468923824,0
2993,26556,1468923824,1
2993,28023,1468923824,1
2993,17607,1468923824,1
2993,30168,1468923824,0
2993,30110,1468923824,1
2993,32877,1468923824,0
2993,26400,1468923824,1
2993,24958,1468923824,0
2993,30132,1468923824,0
2994,4210,1468839202,0
2995,24628,1438701972,1
2995,24635,1438701972,1
2995,24635,1438790398,-1
2995,24628,1468703932,0
2996,19280,1468654554,-1
2998,30103,1468588848,-1
2999,416,1468572869,0
3000,12105,1468567279,0
3001,30693,1468565494,0
3001,30715,1468565494,0
3002,20692,1468486003,1
3002,417,1468486003,0
3002,18829,1468486003,0
3005,12275,1468465923,0
3006,1165,1468313400,0
3007,32852,1468222122,-1
3007,8877,1468222122,0
3007,8889,1468222122,1
3007,32850,1468222968,-1
3007,8890,1468224100,0
3007,8891,1468224100,0
3007,32853,1468224100,-1
3007,32854,1468224100,-1
3007,8892,1468226672,0
3007,31532,1468226672,0
3008,8901,1467967948,1
3008,32864,1467967948,1
3008,8877,1467967949,0
3009,25749,1467924120,1
3009,26188,1467924120,0
3009,30672,1467924120,0
3009,28561,1467924120,0
3009,25766,1467924120,-1
3009,30108,1467924120,0
3010,25686,1467882026,0
3010,25662,1467882026,-1
3010,25661,1467882026,0
3011,24826,1467876066,0
3012,5072,1467628831,0
3012,5206,1467628831,0
3012,5184,1467628831,0
3012,5127,1467628831,0
3012,4972,1467628831,1
3012,5116,1467628831,0
3012,10064,1467628831,0
3012,34433,1467634546,0
3012,5089,1467628831,0
3012,5216,1467628831,0
3012,5262,1467628831,0
3012,5259,1467875996,0
3012,5261,1467642392,0
3012,5096,1467628831,0
3012,34061,1467628831,0
3012,15417,1467628831,0
3012,5259,1467649333,0
3012,5161,1467642088,0
3012,5229,1467628831,0
3012,34464,1467628831,0
3012,7052,1467634546,0
3012,5224,1467628831,0
3012,5095,1467628831,0
3012,34253,1467634546,0
3012,4978,1467641939,-1
3012,5107,1467628831,0
3012,5150,1467628831,0
3012,5181,1467628831,0
3012,5103,1467628831,0
3012,4974,1467628831,0
3012,34169,1467634546,0
3012,5259,1467875996,1
3012,32948,1467628831,0
3012,34465,1467628831,0
3012,5128,1467628831,0
3012,5259,1467642088,1
3012,34023,1467628831,0
3012,15247,1467628831,0
3012,4985,1467628831,0
3012,5037,1467628831,0
3012,4978,1467628831,1
3012,14978,1467628831,0
3012,5022,1467628831,0
3012,5259,1467648284,1
3012,5165,1467628831,0
3012,5074,1467628831,0
3012,5142,1467628831,0
3012,4970,1467641939,1
3012,5208,1467628831,0
3012,5025,1467628831,0
3012,34141,1467649333,0
3012,5105,1467628831,0
3012,5111,1467628831,0
3012,5110,1467628831,0
3012,5172,1467628831,0
3012,5238,1467710548,0
3012,5185,1467628831,0
3012,5180,1467628831,0
3012,5209,1467628831,0
3012,14596,1467628831,0
3013,24368,1467813364,0
3014,5719,1467801603,0
3015,7052,1467789641,1
3015,34145,1467789641,0
3015,34181,1467789641,0
3015,34301,1467789641,0
3015,34245,1467789641,0
3016,1999,1467787170,0
3017,15498,1467758201,0
3018,24570,1467715610,0
3018,24570,1467715610,0
3018,24724,1467715610,0
3018,24575,1467715610,1
3018,24570,1467715610,0
3019,33190,1467700545,-1
3019,30722,1467700545,-1
3022,31217,1467617760,0
3023,2030,1457514119,1
3023,2029,1457514119,0
3023,2028,1457514119,-1
3023,639,1457514119,-1
3023,638,1457514119,0
3023,4753,1457514119,-1
3023,4755,1457514119,1
3023,4754,1457514119,-1
3023,5430,1457514119,-1
3023,5429,1457514119,1
3023,21490,1457514119,-1
3023,21494,1457514119,0
3023,21491,1457514119,0
3023,33831,1457514119,0
3023,21490,1467473147,0
3023,5429,1467473147,0
3023,4754,1467473147,0
3024,19852,1467414446,1
3024,19816,1467414446,0
3024,19921,1467414446,0
3024,19852,1467416217,1
3025,20659,1467235553,1
3025,7610,1467370955,0
3025,7610,1467414076,1
3026,5862,1467386507,1
3026,5863,1467386507,0
3028,5862,1467375726,1
3028,5863,1467375726,0
3029,391,1467367254,0
3029,5629,1467367254,0
3030,12086,1467363394,0
3030,32246,1467363394,0
3032,2080,1467267463,1
3032,2079,1467267463,0
3033,10532,1467144039,0
3033,15758,1467144039,0
3033,1094,1467144039,1
3033,649,1467234727,0
3034,8125,1467138250,1
3034,22961,1467138250,0
3034,16498,1467138250,1
3034,22469,1467138250,0
3036,26188,1467099263,0
3037,4754,1463746673,0
3037,5430,1463746673,0
3037,5429,1463746673,0
3037,5429,1463903104,0
3037,5429,1467028788,0
3038,417,1467010862,1
3038,20692,1467010862,1
3039,33196,1466937759,1
3039,33179,1466937759,-1
3039,33179,1466942658,-1
3040,4753,1466859029,0
3040,4755,1466859029,-1
3040,4754,1466859029,1
3043,639,1466623814,0
3043,4753,1466623814,0
3043,4755,1466623814,1
3043,30774,1466623814,-1
3044,15498,1466174834,-1
3044,15515,1466174834,0
3044,15531,1466174834,0
3044,15526,1466174834,0
3044,15493,1466174834,0
3044,15548,1466174834,0
3044,15529,1466174834,0
3044,15513,1466174834,0
3044,15504,1466174834,0
3044,30079,1466262691,0
3044,15498,1466262691,-1
3044,27234,1466262691,-1
3044,20830,1466262691,0
3044,15526,1466262691,0
3044,15515,1466262691,0
3044,15531,1466262691,0
3044,15548,1466262691,0
3044,15493,1466262691,0
3044,15504,1466262691,0
3044,15513,1466262691,0
3044,15529,1466262691,0
3044,427,1466262691,-1
3044,15504,1466598818,0
3044,15513,1466598818,0
3044,15529,1466598818,0
3044,15548,1466598818,0
3044,15515,1466598818,0
3044,15531,1466598818,0
3044,15526,1466598818,0
3044,15493,1466598818,0
3044,15498,1466598818,-1
3047,26089,1466497113,0
3047,34433,1466497113,0
3047,34271,1466497113,0
3047,34227,1466497113,0
3047,34253,1466497113,0
3047,7052,1466497113,-1
3047,601,1466497113,1
3047,601,1466497113,0
3047,34165,1466497113,0
3047,34167,1466497113,0
3047,34169,1466497113,0
3048,12086,1466496993,1
3048,20313,1466496993,1
3049,24145,1466491661,1
3049,25095,1466491661,0
3049,25100,1466491661,0
3049,2931,1466491661,0
3049,17166,1466491661,0
3050,5862,1466491462,0
3050,25776,1466491462,0
3051,33868,1466431053,0
3051,33871,1466431053,0
3051,33870,1466431053,0
3051,33872,1466431053,0
3051,8475,1466431053,-1
3051,630,1466431053,0
3051,311,1466431053,-1
3051,627,1466431053,0
3051,628,1466431053,0
3051,20549,1466431053,0
3053,30079,1466202921,0
3053,27234,1466202921,1
3053,20830,1466202921,0
3053,427,1466202921,1
3053,4853,1466202921,0
3053,427,1466271354,1
3053,20830,1466271354,0
3053,15526,1466271354,0
3053,15531,1466271354,0
3053,15515,1466271354,0
3053,15548,1466271354,0
3053,15493,1466271354,0
3053,15529,1466271354,0
3053,15513,1466271354,0
3053,15504,1466271354,0
3053,27234,1466271354,1
3053,15498,1466271354,1
3053,30079,1466271354,0
3053,27234,1466276277,0
3054,15498,1466175389,1
3054,20830,1466175389,0
3054,427,1466175389,1
3054,15493,1466175389,0
3054,15548,1466175389,0
3054,15531,1466175389,0
3054,15515,1466175389,0
3054,15526,1466175389,0
3054,15529,1466175389,0
3054,15504,1466175389,0
3054,15513,1466175389,0
3055,5022,1466154215,0
3055,4978,1466154215,0
3055,5128,1466154215,0
3055,4971,1466154215,0
3055,5259,1466154215,0
3055,4975,1466154215,0
3055,5180,1466154215,0
3055,5206,1466154215,0
3055,5262,1466154215,0
3055,4972,1466154215,0
3055,5148,1466154215,0
3055,5216,1466154215,0
3055,34467,1466154215,0
3055,34060,1466154215,0
3056,601,1466149355,1
3056,26089,1466149355,1
3057,4755,1466097275,1
3057,639,1466097817,0
3058,32931,1465995244,0
3060,33842,1465908107,1
3061,33844,1465908107,1
3062,33847,1465906343,0
3062,33848,1465906343,0
3062,33842,1465906343,0
3062,33844,1465906343,0
3062,33843,1465906343,0
3063,10286,1465745289,0
3063,10283,1465745289,0
3063,10291,1465745289,0
3063,10288,1465745289,0
3063,10284,1465745289,0
3063,10287,1465745289,0
3063,10285,1465745289,0
3063,10289,1465745289,0
3063,10292,1465745289,0
3064,15123,1465741611,0
3065,27573,1465734106,0
3065,26231,1465734106,1
3065,30657,1465734106,0
3065,26197,1465734106,0
3067,30390,1465721229,1
3068,30292,1465646772,1
3068,34444,1465646772,0
3068,29931,1465646772,1
3068,30283,1465646772,1
3068,30289,1465646772,1
3068,14377,1465646772,0
3068,25751,1465646772,1
3068,4471,1465646772,0
3068,4210,1465646772,1
3068,4472,1465646772,1
3068,4473,1465646772,0
3068,4219,1465646772,0
3068,30277,1465646772,1
3068,10072,1465649425,0
3068,20135,1465649425,0
3068,21442,1465649425,0
3068,8854,1465649425,0
3068,21099,1465649425,0
3068,20572,1465649425,0
3068,32705,1465649425,1
3068,33102,1465649425,0
3068,4877,1465649425,0
3068,4655,1465649425,0
3068,311,1465649425,0
3068,1548,1465649425,0
3068,98,1465649425,0
3068,5418,1465649425,1
3068,12404,1465649425,0
3068,4831,1465649425,0
3068,6033,1465649425,0
3068,7360,1465649425,0
3068,8877,1465649425,0
3068,9189,1465649425,0
3068,7263,1465649425,0
3068,32091,1465649425,0
3068,33323,1465649693,1
3068,30869,1465649693,0
3068,33330,1465649693,0
3069,4492,1465629681,0
3069,34269,1465629681,0
3069,34247,1465565863,0
3069,4497,1465629681,0
3069,4492,1465565863,0
3069,34143,1465565863,0
3069,34367,1465565863,0
3069,34093,1465565863,0
3069,7052,1465631873,1
3069,34211,1465565863,0
3069,34179,1465565863,0
3069,34353,1465565863,0
3069,4494,1465565863,0
3069,34425,1465565863,0
3069,34195,1465629681,0
3069,34189,1465565863,0
3069,34185,1465565863,0
3069,34097,1465565863,0
3069,34147,1465565863,0
3069,34109,1465565863,0
3069,34227,1465565863,0
3069,34431,1465565863,0
3069,34303,1465565863,0
3069,34147,1465629681,0
3069,34227,1465629681,0
3069,34411,1465565863,0
3069,34227,1465631873,0
3069,34421,1465565863,0
3069,34257,1465565863,0
3069,34393,1465565863,0
3069,34377,1465629681,0
3069,34349,1465565863,0
3069,34195,1465565863,0
3069,34171,1465565863,0
3069,34187,1465565863,0
3069,34263,1465565863,0
3069,34227,1465632267,0
3069,34249,1465565863,0
3069,34343,1465565863,0
3069,34345,1465565863,0
3069,34197,1465629681,0
3069,34265,1465565863,0
3069,34433,1465632267,0
3069,34433,1465565863,0
3069,34253,1465565863,0
3069,34091,1465565863,0
3069,34253,1465631873,0
3069,34255,1465565863,0
3069,34347,1465565863,0
3069,34377,1465565863,0
3069,34151,1465565863,0
3069,34253,1465629681,0
3069,34159,1465565863,0
3069,4494,1465629681,0
3069,34161,1465565863,0
3069,34413,1465565863,0
3069,34245,1465565863,0
3069,34277,1465565863,0
3069,34253,1465632267,0
3069,26089,1465632267,0
3070,34418,1465488499,0
3070,34232,1465488499,0
3070,34214,1465488499,0
3070,34346,1465488499,0
3070,34390,1465488499,0
3070,34234,1465488499,0
3070,34306,1465488499,0
3070,34428,1465488499,0
3070,34090,1465488499,0
3070,34262,1465488499,0
3070,34304,1465488499,0
3070,34182,1465488499,0
3070,34216,1465488499,0
3070,34386,1465488499,0
3070,34342,1465488499,0
3070,34180,1465488499,0
3070,34348,1465488499,0
3070,34272,1465488499,0
3070,34142,1465488499,0
3070,34236,1465488499,0
3070,34278,1465488499,0
3070,34246,1465488499,0
3070,34312,1465488499,0
3070,34334,1465488499,0
3070,34288,1465488499,0
3070,34416,1465488499,0
3070,34194,1465488499,0
3070,34230,1465488499,0
3070,34354,1465488499,0
3070,34370,1465488499,0
3070,34332,1465488499,0
3070,34318,1465488499,0
3070,34204,1465488499,0
3070,34396,1465488499,0
3070,34276,1465488499,0
3070,34436,1465488499,0
3070,34268,1465488499,0
3070,34146,1465488499,0
3070,34294,1465488499,0
3070,34150,1465488499,0
3070,34300,1465488499,0
3070,34206,1465488499,0
3070,34162,1465488499,0
3070,34398,1465488499,0
3070,34202,1465488499,0
3070,34322,1465488499,0
3070,34176,1465488499,0
3070,34258,1465488499,0
3070,34172,1465488499,0
3070,34212,1465488499,0
3070,34282,1465488499,0
3070,34174,1465488499,0
3070,34384,1465488499,0
3070,34260,1465488499,0
3070,34248,1465488499,0
3070,34092,1465488499,0
3070,34394,1465488499,0
3070,34192,1465488499,0
3070,4605,1465386537,0
3070,34310,1465488499,0
3072,34366,1465552506,0
3072,7052,1465552506,1
3072,34288,1465552506,0
3072,34386,1465552506,0
3072,34164,1465552506,0
3072,34196,1465552506,0
3072,34206,1465552506,0
3072,34332,1465552506,0
3072,34308,1465552506,0
3072,34096,1465552506,0
3072,34424,1465552506,0
3072,34354,1465552506,0
3072,34189,1465552506,0
3072,34290,1465552506,0
3072,34240,1465552506,0
3072,34204,1465552506,0
3072,34260,1465552506,0
3072,34112,1465552506,0
3072,34420,1465552506,0
3072,34262,1465552506,0
3072,34104,1465552506,0
3072,34394,1465552506,0
3072,34208,1465552506,0
3072,34250,1465552506,0
3072,34432,1465552506,0
3072,34328,1465552506,0
3072,34410,1465552506,0
3072,34232,1465552506,0
3072,34161,1465552506,0
3072,34116,1465552506,0
3072,34194,1465552506,0
3072,34200,1465552506,0
3072,34106,1465552506,0
3072,34438,1465552506,0
3072,34192,1465552506,0
3072,34338,1465552506,0
3072,34176,1465552506,0
3072,34415,1465552506,0
3072,34436,1465552506,0
3072,34234,1465552506,0
3072,34246,1465552506,0
3072,34346,1465552506,0
3072,34320,1465552506,0
3072,34178,1465552506,0
3072,34218,1465552506,0
3072,34190,1465552506,0
3072,34344,1465552506,0
3072,34380,1465552506,0
3072,34282,1465552506,0
3072,34159,1465552506,0
3072,34236,1465552506,0
3072,34253,1465552506,0
3072,34294,1465552506,0
3072,34318,1465552506,0
3072,34440,1465552506,0
3072,34306,1465552506,0
3072,34396,1465552506,0
3072,34169,1465552506,0
3072,34408,1465552506,0
3072,34150,1465552506,0
3073,26160,1465541764,0
3074,10031,1465539659,-1
3074,33114,1465539659,-1
3075,19972,1465476180,0
3075,19978,1465476180,0
3075,8157,1465476180,0
3075,8155,1465476180,0
3075,8156,1465476180,0
3075,8158,1465476180,0
3075,387,1465476180,0
3075,319,1465476180,-1
3075,8159,1465476180,0
3076,10072,1465390930,0
3077,4367,1465390641,0
3078,10533,1465380965,1
3078,10531,1465380965,1
3079,16498,1465309843,0
3079,4337,1465309843,0
3079,4335,1465309843,0
3079,33848,1465309843,0
3081,33842,1465309843,0
3081,4335,1465309843,0
3081,33848,1465309843,0
3081,392,1465309843,0
3081,4337,1465309843,0
3081,16498,1465309843,0
3081,7182,1465309843,-1
3081,20135,1465309843,1
3083,34494,1465309843,0
3083,34495,1465309843,0
3083,34496,1465309843,-1
3083,34497,1465309843,0
3083,33834,1465309843,0
3083,33878,1465309843,0
3083,33886,1465309843,0
3083,33835,1465309843,0
3085,25726,1465028907,1
3086,4728,1464958554,0
3087,19962,1464958529,0
3088,31532,1464953949,0
3089,16489,1464943494,0
3090,31217,1464939311,0
3090,31219,1464939311,1
3090,31227,1464939311,0
3090,31227,1464942330,0
3091,5853,1464940597,1
3091,5853,1464940597,0
3091,5852,1464940597,0
3091,481,1464940597,-1
3091,5856,1464940597,0
3091,481,1464940597,1
3091,247,1464940597,0
3091,255,1464940597,0
3091,7800,1464940597,-1
3091,7802,1464940597,-1
3091,12114,1464940597,1
3091,7799,1464940597,1
3091,7803,1464940597,1
3091,7804,1464940597,0
3091,31613,1464940597,0
3091,31615,1464940597,-1
3091,31613,1464940597,0
3091,481,1464940597,0
3091,7806,1464940620,-1
3091,255,1464940620,-1
3091,247,1464940620,1
3091,481,1464940620,1
3091,7799,1464940620,1
3091,7803,1464940620,-1
3091,7800,1464940620,1
3091,250,1464940620,0
3091,255,1464940620,0
3091,5856,1464940620,1
3091,7806,1464940620,0
3091,31615,1464940620,0
3091,247,1464940620,-1
3091,481,1464940620,1
3091,7804,1464940620,-1
3093,250,1464848142,0
3094,5299,1464787670,1
3094,5296,1464787843,1
3095,26218,1464775824,1
3095,30125,1464775824,0
3096,15107,1464687585,0
3096,15126,1464687585,1
3096,15127,1464687585,1
3096,15131,1464687585,1
3096,15123,1464687585,0
3096,15124,1464687585,0
3096,15132,1464687585,1
3097,30103,1464679047,1
3097,2149,1464679047,-1
3097,1999,1464679047,-1
3097,2242,1464679047,-1
3097,2316,1464679047,-1
3097,2264,1464679047,-1
3097,10369,1464679047,-1
3097,14794,1464679047,-1
3098,25962,1464675240,0
3099,21333,1464511159,1
3099,16125,1464511159,1
3099,4743,1464511159,1
3099,446,1464511159,0
3099,2010,1464511159,1
3099,4744,1464511159,1
3099,21333,1464588971,0
3100,22324,1464422027,0
3100,9346,1464422027,1
3100,9347,1464422027,0
3100,22321,1464422027,0
3100,22313,1464422027,0
3100,22322,1464422027,0
3100,22325,1464422027,0
3100,9362,1464422027,-1
3100,9363,1464422027,-1
3100,9348,1464422027,-1
3100,12407,1464422027,0
3100,9356,1464422027,-1
3100,7237,1464422027,0
3100,9358,1464422027,0
3100,9365,1464422027,0
3100,9350,1464422027,0
3100,9352,1464422027,1
3100,9355,1464422027,0
3100,9349,1464422027,0
3100,4830,1464422027,0
3100,4829,1464422027,0
3100,536,1464422027,-1
3100,9365,1464554975,0
3100,9360,1464554975,0
3100,9356,1464554975,0
3100,9363,1464554975,0
3100,9362,1464554975,0
3101,31613,1464518825,0
3101,31613,1464520412,0
3102,5438,1464467631,1
3102,74,1464467631,1
3102,4655,1464467631,1
3103,12408,1464418099,0
3103,22733,1464418099,0
3103,17327,1464418099,1
3103,4847,1464418099,1
3104,29585,1464281555,0
3104,29579,1464281555,-1
3105,15802,1464231493,1
3106,4873,1462432787,1
3106,4872,1462432787,1
3106,23243,1462432787,0
3106,23232,1462529104,-1
3106,23242,1462529104,0
3106,23242,1462606380,0
3106,23243,1462606380,0
3106,23240,1462606380,0
3106,23241,1462606380,0
3106,23232,1462606380,1
3106,9779,1462606380,0
3106,9780,1463300830,0
3106,7187,1463300830,0
3106,4872,1463300830,1
3106,4873,1463300830,1
3106,23232,1463300830,1
3106,23242,1463300830,0
3106,23232,1464188074,1
3106,23246,1464188074,0
3106,9779,1464188074,1
3106,7187,1464188074,0
3106,23243,1464188074,0
3106,23246,1464188074,0
3106,23232,1464188074,0
3106,23232,1464188074,0
3106,7187,1464188807,0
3106,23232,1464188807,0
3106,23246,1464188807,-1
3107,34927,1422426044,0
3107,35070,1422426044,1
3107,416,1464164022,0
3107,7648,1464164022,0
3107,7360,1464164022,0
3108,450,1423731370,0
3108,21442,1423731370,0
3108,21446,1423731370,0
3108,16305,1423731370,0
3108,416,1464163192,-1
3108,7360,1464163192,0
3108,7648,1464163192,1
3109,8877,1464093534,0
3109,4335,1464093534,0
3109,4337,1464093534,0
3109,25952,1464093534,0
3109,25751,1464093534,1
3109,16498,1464093534,0
3109,32852,1464093534,0
3109,32854,1464093534,0
3109,32853,1464093534,0
3109,25951,1464093534,0
3109,25987,1464093534,0
3109,31532,1464093534,-1
3109,34457,1464093534,0
3109,32850,1464093534,0
3110,208,1464083528,0
3110,21886,1464083528,1
3111,20135,1464083383,0
3111,392,1464083383,0
3111,32975,1464083383,0
3111,32979,1464083383,0
3111,32978,1464083383,0
3111,32974,1464083383,0
3111,32966,1464083383,0
3111,32967,1464083383,0
3114,18233,1464027043,1
3115,27227,1464016884,-1
3115,30076,1464016884,1
3116,29615,1464014637,0
3117,23064,1463901774,0
3117,23061,1463901774,0
3118,655,1463943550,1
3118,10532,1463943550,1
3118,8102,1463943550,-1
3118,10531,1463943550,1
3119,25660,1463906177,1
3119,27675,1463906177,1
3119,25902,1463906177,1
3120,16434,1463837702,-1
3120,25925,1463837702,0
3120,10539,1463837702,1
3120,4827,1463837702,1
3121,19818,1463827036,-1
3121,19846,1463827036,1
3121,10531,1463827036,1
3121,15714,1463827036,0
3121,18505,1463827036,0
3121,19870,1463827036,0
3121,15703,1463827036,1
3121,15707,1463827036,0
3121,15759,1463827036,1
3121,15706,1463827036,0
3121,15718,1463827036,0
3121,15719,1463827036,0
3121,15709,1463827036,0
3121,15720,1463827036,0
3121,15708,1463827036,0
3121,8102,1463827036,0
3121,8098,1463827036,-1
3121,10532,1463827036,0
3121,10533,1463827036,0
3121,1094,1463827036,1
3121,19816,1463827036,1
3121,19818,1463827036,1
3121,8098,1463827036,0
3121,10532,1463827036,0
3121,8102,1463827036,0
3121,1094,1463827036,1
3121,19844,1463827036,0
3121,15703,1463827036,-1
3121,15759,1463827036,-1
3121,10533,1463827036,0
3122,25713,1463826092,1
3124,8176,1463762488,0
3125,7614,1463727447,0
3125,4687,1463727447,1
3125,4690,1463727447,1
3125,29644,1463727447,0
3125,29636,1463727447,1
3125,26911,1463727447,1
3126,10365,1463720777,1
3127,17171,1463640410,1
3128,17411,1463551507,1
3128,5453,1463551507,0
3128,4709,1463551516,1
3128,18033,1463551521,1
3128,5431,1463551527,0
3128,15660,1463551527,0
3129,7168,1462900437,0
3129,12351,1462900437,0
3129,7166,1463046733,0
3129,10249,1463046733,0
3129,7166,1463390117,1
3129,7168,1463390117,0
3129,10249,1463390117,1
3129,12351,1463390117,0
3129,20535,1463390117,0
3129,8472,1463498117,0
3130,2030,1462938913,1
3130,4755,1462938913,1
3130,2030,1462946983,0
3130,2030,1463015663,0
3130,4755,1463129517,-1
3130,2030,1463129517,0
3130,2028,1463131638,1
3130,5429,1463131638,0
3130,4755,1463131638,1
3130,4754,1463131638,1
3130,4755,1463300498,-1
3130,2030,1463300498,0
3130,2028,1463300498,0
3130,4755,1463457633,0
3130,4754,1463457633,0
3131,10432,1463151573,1
3131,10365,1463151573,1
3131,10372,1463151573,1
3132,25781,1463127552,0
3132,30322,1463127552,0
3132,30277,1463127552,0
3132,30866,1463127552,1
3132,30973,1463127552,1
3132,30869,1463127552,1
3132,30868,1463127552,1
3132,30867,1463127552,1
3132,25751,1463127552,0
3133,8125,1463118388,0
3133,8125,1463118635,0
3135,20542,1462957765,0
3135,20539,1462957765,0
3135,20535,1463041894,0
3136,8299,1463020934,0
3137,20542,1463001299,0
3137,4860,1463001299,1
3138,20542,1463000558,1
3139,25779,1462808337,1
3139,34446,1462808337,1
3141,9784,1462793702,-1
3141,14472,1462793702,0
3141,17907,1462793702,1
3141,17907,1462794002,0
3142,8098,1462686609,1
3142,15759,1462686609,0
3143,25782,1462613559,1
3143,25658,1462613559,0
3143,25791,1462613559,0
3143,25751,1462613559,0
3143,25972,1462613559,0
3143,25974,1462614660,0
3143,26676,1462625699,0
3143,27063,1462625699,0
3143,21737,1462625699,0
3143,20418,1462625699,0
3143,21474,1462625699,0
3143,20292,1462625699,0
3143,21472,1462625699,0
3143,31054,1462625699,0
3143,27352,1462625699,0
3143,27355,1462625699,0
3143,16208,1462625699,0
3143,18368,1462625699,0
3143,30808,1462625699,0
3143,31431,1462625699,0
3143,25751,1462627112,0
3143,16118,1462635554,-1
3143,4831,1462641290,0
3143,16212,1462641290,0
3143,30108,1462641290,0
3144,22870,1462610420,0
3144,17774,1462610420,0
3145,29644,1462551443,1
3145,29649,1462551443,-1
3146,26222,1462538992,1
3147,17907,1462533190,0
3147,17907,1462536369,0
3148,30621,1462524819,1
3148,30623,1462524819,1
3148,26134,1462524819,0
3148,27644,1462524819,1
3148,25660,1462524819,-1
3148,30622,1462524819,1
3149,17764,1462465090,1
3149,98,1462465090,0
3151,98,1462459700,0
3154,14867,1462363676,1
3154,17645,1462363676,1
3154,14833,1462363676,0
3154,14859,1462363676,0
3154,14831,1462363676,1
3154,14832,1462363676,0
3154,15150,1462363676,0
3154,14867,1462363676,0
3154,14830,1462363676,-1
3154,14803,1462363676,0
3154,17645,1462363676,0
3154,14859,1462363676,-1
3154,14831,1462363676,0
3154,14782,1462363676,1
3154,14782,1462363676,0
3154,14804,1462363676,1
3154,15221,1462363676,0
3154,15220,1462363676,0
3154,15150,1462363676,0
3154,14782,1462363676,0
3154,14795,1462363676,0
3154,15169,1462363676,0
3154,15119,1462363676,0
3154,15161,1462363676,0
3154,14792,1462363676,0
3154,14782,1462363676,-1
3154,14784,1462363676,0
3154,14804,1462363676,0
3154,14788,1462363676,0
3154,14820,1462363676,1
3154,14789,1462363676,0
3156,14791,1462278494,0
3156,14782,1462278494,0
3156,14792,1462283194,0
3156,14791,1462283194,0
3156,14795,1462283194,0
3157,34446,1462281924,0
3157,26428,1462281924,1
3158,33196,1462267335,1
3158,33179,1462267335,0
3160,1999,1462266584,1
3161,25886,1462257427,0
3161,27675,1462257427,1
3161,27665,1462257427,0
3161,25660,1462257427,1
3161,25903,1462257427,0
3161,25888,1462257427,1
3161,25902,1462257427,0
3161,10602,1462257427,1
3161,25888,1462258251,1
3161,25886,1462258251,0
3162,20000,1462195489,1
3165,21417,1315209088,0
3165,31478,1315209088,-1
3165,35953,1315209088,0
3165,21431,1315209088,0
3165,31479,1315209088,0
3165,4751,1315209088,0
3165,4750,1315209088,0
3165,4748,1315209088,0
3165,8864,1315209088,0
3165,10246,1315209088,0
3165,21427,1315209088,0
3165,21416,1315209088,-1
3165,21440,1315209088,0
3165,8863,1315209088,0
3165,19049,1315209088,0
3165,21439,1315209088,0
3165,21437,1315209088,0
3165,21432,1315209088,0
3165,21418,1315209088,0
3165,21426,1315209088,0
3165,21425,1315209088,0
3165,16304,1315209088,0
3165,16300,1315209088,0
3165,16299,1315209088,0
3165,12147,1315209088,1
3165,8863,1462092234,1
3165,4747,1462092234,1
3166,9650,1462006104,1
3166,4854,1462006104,1
3166,22835,1462006104,0
3166,20547,1462007940,0
3166,4671,1462007940,1
3166,4670,1462007940,1
3166,8474,1462007940,0
3166,9650,1462083033,0
3166,4853,1462083033,1
3166,4853,1462083848,0
3168,4755,1462001009,1
3168,2030,1462001009,0
3170,20065,1461070175,0
3170,4227,1461070175,0
3170,8172,1461070175,0
3170,8176,1461070175,1
3170,8182,1461070175,1
3170,4336,1461073426,0
3170,8193,1461073426,0
3170,20011,1461073426,0
3170,19025,1461073426,0
3170,24409,1461073426,0
3170,24410,1461073426,0
3170,31193,1461934040,0
3171,10379,1461931864,1
3173,22779,1461912526,0
3173,34554,1461912526,-1
3176,4805,1374569303,0
3176,21860,1374569303,1
3176,1999,1461851621,0
3176,4602,1461851621,0
3176,1977,1461851621,0
3176,336,1461851621,0
3176,310,1461851621,0
3176,4453,1461851621,0
3176,4521,1461851621,0
3176,4200,1461851621,0
3176,5431,1461851621,0
3176,4851,1461851621,1
3176,5716,1461851621,0
3176,9261,1461851621,0
3176,12141,1461851621,1
3176,10041,1461851621,0
3176,9674,1461851621,0
3176,8270,1461851621,0
3176,15493,1461851621,1
3176,14784,1461851621,0
3176,15111,1461851621,0
3176,17402,1461851621,0
3176,17905,1461851621,0
3176,11396,1461851621,0
3176,11423,1461851621,0
3176,11422,1461851621,0
3176,15109,1461851621,0
3176,10369,1461851621,0
3176,14788,1461851621,0
3176,15498,1461851621,1
3176,31621,1461851621,0
3176,31620,1461851621,1
3176,30783,1461851621,1
3176,20979,1461851621,0
3176,17907,1461851621,0
3176,31684,1461851621,0
3176,31374,1461851621,0
3176,31680,1461851621,0
3176,30779,1461851621,1
3178,4800,1461846530,0
3179,78,1461839859,1
3180,24840,1461832032,-1
3180,24959,1461832032,0
3180,24867,1461832032,0
3180,24960,1461832032,0
3181,476,1461827354,0
3182,24570,1461827144,0
3182,24572,1461827144,-1
3183,11396,1461694146,0
3183,14432,1461694146,1
3183,19434,1461694146,0
3183,19431,1461694146,1
3183,7875,1461694146,-1
3183,19548,1461694443,0
3183,21950,1461694903,-1
3183,19548,1461694903,0
3183,15670,1461739002,0
3183,15671,1461739002,0
3183,24276,1461739319,0
3183,24279,1461739319,0
3183,602,1461739506,0
3185,8210,1461770157,-1
3185,8176,1461770157,1
3185,8180,1461770157,0
3185,20054,1461770157,0
3186,1031,1461769623,-1
3188,311,1461753601,0
3188,627,1461753601,0
3188,1031,1461753601,1
3188,628,1461753601,0
3188,1022,1461753601,1
3188,630,1461753601,1
3190,26155,1461739002,0
3190,26157,1461739002,0
3190,34073,1461739002,0
3191,388,1461737949,1
3192,26078,1461690792,0
3194,26268,1461505727,0
3194,26256,1461505727,1
3194,26214,1461505727,1
3194,26256,1461579936,0
3195,7268,1461335336,-1
3195,8182,1461335336,0
3195,8176,1461335336,1
3195,8228,1461335336,0
3195,8240,1461335336,0
3195,8176,1461573437,1
3197,25766,1461488828,1
3197,27333,1461488828,0
3197,30301,1461488828,-1
3198,19283,1461487821,0
3198,8694,1461487821,1
3198,20946,1461488274,0
3199,10081,1461406481,0
3199,10081,1461406481,0
3201,26222,1461398887,1
3201,27535,1461398887,0
3202,19280,1461394363,1
3203,9701,1461352384,1
3204,30322,1461351633,1
3204,30277,1461351633,1
3205,9693,1461351535,0
3205,9694,1461351535,0
3205,9695,1461351535,0
3205,5296,1461351535,0
3206,24868,1461303885,0
3206,24918,1461303885,0
3206,1999,1461303885,1
3206,4199,1461303885,0
3206,2242,1461303885,1
3206,8767,1461303885,0
3206,8669,1461303885,1
3206,7905,1461303885,0
3206,5808,1461303885,1
3206,5453,1461303885,0
3206,24862,1461303885,0
3206,5808,1461303885,-1
3206,7905,1461303885,0
3206,8669,1461303885,1
3206,8767,1461303885,0
3206,9329,1461303885,0
3206,4199,1461303885,0
3206,5453,1461303885,0
3206,2242,1461303885,-1
3206,1999,1461303885,-1
3206,24854,1461303885,0
3206,24918,1461303885,0
3206,24868,1461303885,0
3206,24912,1461303885,0
3208,31915,1461271730,1
3208,31912,1461271730,1
3208,31916,1461271730,1
3209,26445,1461271730,1
3209,25888,1461271730,1
3209,27675,1461271730,1
3211,20133,1461244720,1
3211,8270,1461244720,-1
3211,20133,1461244720,0
3211,8270,1461244720,0
3211,15773,1461244720,1
3212,5865,1461164606,0
3213,4874,1461151138,1
3213,23273,1461151138,0
3213,23268,1461151138,0
3213,23278,1461151138,0
3213,17907,1461151138,-1
3213,23268,1461151185,0
3213,23273,1461151185,0
3213,23281,1461151185,0
3213,23285,1461151185,1
3213,23282,1461151185,-1
3213,23270,1461151185,0
3213,34553,1461151185,1
3213,17907,1461151185,0
3213,9784,1461151185,1
3213,9785,1461151185,1
3213,9786,1461151185,1
3213,9787,1461151185,1
3213,11422,1461151185,1
3213,11423,1461151185,1
3213,14475,1461151185,1
3213,14470,1461151185,1
3213,14473,1461151185,1
3213,14471,1461151185,1
3213,14474,1461151185,0
3213,4874,1461153577,0
3213,23268,1461153577,0
3213,23285,1461153577,0
3213,23273,1461153577,0
3213,23281,1461153577,0
3213,23270,1461153577,0
3213,23282,1461153577,0
3213,17907,1461153577,0
3216,15927,1460797506,1
3216,15929,1460797506,0
3217,15799,1460748758,0
3217,15799,1460748759,0
3219,23062,1460724619,-1
3219,10338,1460724619,0
3220,30695,1460710874,-1
3220,25876,1460710874,0
3220,25877,1460710874,0
3220,25700,1460710874,1
3224,5862,1460612302,0
3226,2316,1460547177,0
3227,15131,1460539552,1
3227,15132,1460539552,1
3227,15132,1460540099,0
3227,15131,1460540099,0
3228,26213,1460539210,-1
3229,26076,1460461775,1
3231,25782,1460440776,1
3231,25751,1460440776,0
3231,4337,1460440776,0
3231,26222,1460440776,0
3231,4335,1460442064,0
3231,5862,1460442064,0
3231,5863,1460442064,0
3231,24398,1460442064,0
3231,27749,1460442064,0
3232,8299,1460368107,0
3233,23232,1460358428,0
3236,5453,1460039244,0
3236,5808,1460039244,1
3236,34594,1460039244,0
3236,5808,1460040118,1
3236,5808,1460043725,-1
3236,24846,1460043725,0
3236,20903,1460043725,0
3236,34594,1460043725,1
3236,24863,1460099515,0
3236,5808,1460204980,1
3236,5808,1460268215,0
3237,28341,1460014780,1
3237,27055,1460014780,1
3237,27399,1460014780,1
3237,27400,1460014780,1
3237,26664,1460014780,1
3237,27171,1460014780,0
3237,27181,1460014780,-1
3237,27885,1460014780,1
3237,30054,1460014780,0
3237,28342,1460014780,1
3237,27200,1460014780,0
3237,27315,1460014780,0
3237,25751,1460014780,1
3237,25796,1460014780,0
3237,27401,1460014780,1
3237,30960,1460014780,1
3237,27279,1460014780,0
3237,25819,1460014780,1
3237,27136,1460014780,1
3237,27302,1460014780,1
3237,29590,1460014780,0
3237,25751,1460014780,-1
3237,31584,1460014780,1
3237,21591,1460014780,1
3237,31612,1460014780,0
3237,31613,1460014780,-1
3237,32101,1460014780,0
3237,31431,1460014780,1
3237,17327,1460014780,0
3237,22350,1460014780,0
3237,7804,1460014780,0
3237,21737,1460014780,1
3237,18316,1460014780,0
3237,15533,1460014780,1
3237,9994,1460014780,1
3237,15513,1460014780,0
3237,7234,1460014780,0
3237,8774,1460014780,0
3237,5615,1460014780,-1
3237,16501,1460203794,1
3237,5774,1460203794,1
3237,16500,1460203794,1
3237,16274,1460203794,0
3238,1345,1460191526,0
3238,23062,1460191526,1
3238,22759,1460191526,0
3238,22759,1460191526,0
3238,22751,1460191526,0
3238,22751,1460191526,0
3239,4736,1460186358,1
3240,25888,1460055792,0
3240,25908,1460055792,0
3240,27663,1460055792,1
3240,25890,1460055792,0
3240,25890,1460184562,0
3240,27663,1460184562,1
3240,25908,1460184562,0
3240,25888,1460184562,0
3241,19777,1460131493,0
3241,15702,1460131493,0
3241,19769,1460184079,0
3241,19775,1460184079,0
3241,15702,1460184079,0
3242,17766,1460181305,1
3242,8970,1460181305,1
3243,15933,1460180620,-1
3245,5430,1460120711,0
3245,4754,1460120711,0
3245,5429,1460120711,-1
3246,4753,1460113012,0
3246,5429,1460116112,0
3247,10372,1460115881,0
3247,10369,1460115881,1
3248,17406,1460027071,0
3252,9632,1460017003,0
3253,31613,1460014780,1
3254,15945,1459934866,0
3255,20274,1459910085,1
3255,4654,1459910085,1
3255,4655,1459910085,0
3255,4654,1459931561,0
3255,4655,1459931561,0
3256,25703,1459920683,1
3256,25704,1459920683,0
3257,5750,1459919915,0
3257,1573,1459919915,1
3257,9189,1459919915,0
3258,32247,1459855249,0
3258,25788,1459855249,0
3259,4753,1459847055,0
3260,7360,1459775795,0
3260,416,1459775795,0
3260,7360,1459775795,1
3260,416,1459775795,1
3261,12086,1459773226,0
3261,20313,1459773226,1
3264,20000,1459758292,0
3265,4821,1459751182,0
3267,601,1459673795,-1
3267,2873,1459673795,-1
3267,2875,1459673795,-1
3267,2870,1459673795,0
3271,9707,1459581568,-1
3271,669,1459581568,0
3271,26162,1459581568,0
3271,30905,1459581568,0
3271,30904,1459581568,-1
3271,27026,1459581568,-1
3271,27039,1459581568,-1
3271,27038,1459581568,-1
3273,17411,1459531600,0
3274,23460,1459519714,-1
3274,34624,1459255314,-1
3274,34596,1459329148,0
3274,17614,1459255314,1
3274,34620,1459329148,0
3274,17617,1459255314,1
3274,23456,1459519714,0
3274,23462,1459255314,0
3274,23443,1459519714,0
3274,9831,1459255314,0
3274,34620,1459511701,1
3274,23460,1459519714,0
3274,23462,1459511701,1
3274,23446,1459511701,0
3274,17617,1459255314,-1
3274,17616,1459255314,-1
3274,34628,1459329148,0
3274,9831,1459255314,1
3274,23461,1459519714,0
3274,34620,1459511728,0
3274,23443,1459519714,1
3274,17614,1459519714,0
3274,34620,1459255314,0
3274,561,1459519714,0
3274,23446,1459519714,-1
3274,23445,1459519714,1
3274,6175,1459511728,0
3274,6174,1459511728,0
3274,23441,1459511701,0
3274,23460,1459255314,0
3274,23461,1459255314,0
3274,34620,1459255314,0
3274,34021,1459255314,0
3274,23459,1459255314,0
3274,34620,1459255314,0
3274,34620,1459255314,-1
3274,17616,1459255314,1
3274,17617,1459255314,-1
3274,23460,1459255314,0
3274,34021,1459255344,-1
3274,6175,1459519714,-1
3274,9831,1459519714,0
3274,34620,1459255314,0
3274,23458,1459519714,0
3274,23434,1459519714,0
3274,34596,1459511701,0
3274,6175,1459511721,0
3274,17614,1459255314,-1
3274,34624,1459255314,0
3274,23459,1459511701,1
3274,34596,1459329148,0
3274,17617,1459519714,1
3274,23456,1459511701,0
3274,23443,1459519714,0
3274,34597,1459511701,0
3274,34620,1459511712,-1
3274,23445,1459519714,-1
3274,23460,1459255314,-1
3274,23459,1459519714,-1
3274,17616,1459255314,1
3275,25757,1459413459,0
3275,25779,1459413459,0
3275,30805,1459413459,0
3275,27313,1459413459,1
3275,27279,1459413459,1
3275,30139,1459413459,1
3275,30100,1459413459,1
3275,27287,1459413459,1
3275,27301,1459413459,1
3275,30687,1459413459,-1
3275,30806,1459413459,-1
3275,27298,1459413459,0
3275,28828,1459413459,0
3275,27286,1459413459,1
3275,30687,1459416659,1
3275,5642,1459423725,0
3275,5641,1459423725,0
3275,7529,1459511318,0
3278,29718,1459364496,1
3278,30040,1459364496,1
3278,30036,1459364496,1
3278,30037,1459364496,0
3278,30039,1459365713,-1
3280,319,1459359946,1
3280,387,1459359946,0
3281,9821,1459344928,-1
3282,5863,1459342589,0
3282,5862,1459342589,1
3285,34599,1459070474,1
3285,34599,1459073260,-1
3285,34599,1459075609,0
3285,27279,1459075609,1
3285,25751,1459075609,1
3285,34599,1459094706,0
3285,34599,1459095645,0
3285,32929,1459095645,0
3286,32006,1458918340,0
3286,1043,1458918340,0
3286,22906,1458974343,1
3286,22908,1458974343,0
3286,32006,1458974343,1
3286,32007,1458974343,0
3286,1043,1458974343,1
3287,420,1458971584,0
3289,5418,1458890275,0
3289,4724,1458890275,0
3290,201,1458831310,1
3291,15334,1458814726,0
3293,12102,1458729752,0
3293,26468,1458729752,0
3293,25738,1458729752,1
3293,8692,1458729752,0
3293,30803,1458729752,0
3293,34444,1458798899,0
3293,4469,1458798899,0
3293,4210,1458798899,0
3296,9692,1458665518,0
3296,26242,1458665518,1
3296,26214,1458665518,1
3297,1094,1458660774,-1
3297,8098,1458660774,1
3297,19816,1458660774,0
3297,19818,1458660774,0
3298,12232,1458652682,0
3298,9688,1458652682,-1
3298,22929,1458652682,0
3298,9692,1458652682,0
3298,12231,1458652682,0
3299,9692,1448787719,0
3299,9688,1450591546,1
3299,22927,1450591546,0
3299,22928,1450591546,0
3299,9692,1450594544,0
3299,22927,1458652682,0
3299,9688,1458652682,0
3299,22928,1458652682,0
3301,15493,1458648494,0
3302,25700,1458646693,1
3303,25700,1458639984,-1
3303,30694,1458639984,0
3303,33262,1458639984,1
3303,33266,1458639984,0
3303,26624,1458639984,0
3304,8712,1458563447,1
3304,381,1458563447,0
3304,30166,1458563447,1
3304,24376,1458563447,1
3304,24368,1458563447,0
3304,32500,1458595841,0
3305,669,1458575756,1
3305,669,1458576020,1
3306,1043,1458548517,0
3306,4754,1458548517,0
3306,4753,1458548517,0
3306,5429,1458548517,0
3306,8299,1458548517,0
3306,21491,1458548517,-1
3307,22906,1458469809,1
3307,1043,1458469809,1
3307,32007,1458469809,1
3308,4853,1458295529,0
3308,4854,1458295529,0
3308,19280,1458295529,1
3308,22808,1458295529,0
3308,34783,1458371360,0
3308,19280,1458460913,0
3309,33268,1458228286,0
3310,34785,1458212078,0
3310,34784,1458212078,0
3310,34786,1458212078,0
3310,34787,1458212078,0
3310,5863,1458221635,0
3310,34787,1458221635,0
3310,34785,1458221635,0
3311,10338,1458212072,0
3311,5863,1458212072,0
3311,5866,1458212072,1
3311,33338,1458212072,0
3311,34786,1458212072,0
3311,34785,1458212072,0
3312,7875,1455955824,1
3312,7875,1458200479,1
3312,4607,1458200479,1
3312,18314,1458200479,0
3313,25963,1458118632,1
3316,8768,1458071281,1
3316,1999,1458112547,0
3317,20476,1458071598,-1
3317,20476,1458071697,0
3317,20476,1458074390,0
3319,25731,1457979795,-1
3320,31360,1457972301,-1
3320,30694,1457972301,0
3321,26160,1457966678,1
3322,1999,1457965219,1
3322,2264,1457965219,1
3322,2242,1457965219,1
3322,2316,1457965219,1
3322,2149,1457965219,1
3322,4200,1457965219,1
3322,1783,1457965219,1
3322,5453,1457965219,0
3322,4842,1457965219,0
3322,8669,1457965219,0
3322,10369,1457965219,1
3322,14794,1457965219,1
3322,10393,1457965219,1
3322,16049,1457965219,1
3322,26160,1457965219,0
3322,34073,1457965219,1
3322,34040,1457965219,1
3325,33045,1457694466,1
3325,4408,1457694466,1
3326,34791,1457694466,0
3326,20961,1457694466,0
3326,4722,1457694466,-1
3326,7867,1457694466,0
3326,20958,1457694466,0
3327,25742,1457628818,0
3327,25742,1457628818,1
3327,30694,1457628818,1
3327,28833,1457628818,0
3327,25742,1457680464,0
3328,30670,1457626203,0
3328,25742,1457626203,1
3329,8693,1457603737,0
3329,20953,1457603737,0
3329,20946,1457603737,0
3330,26005,1457553777,0
3330,30322,1457553777,1
3330,1043,1457553777,1
3330,30277,1457553777,1
3330,30322,1457592045,0
3330,30277,1457592045,0
3331,14392,1457533872,1
3331,5775,1457533872,1
3332,24568,1457533280,0
3333,19283,1457529094,-1
3333,20946,1457529094,1
3333,20953,1457529094,0
3333,20958,1457529094,0
3333,20961,1457529094,0
3333,10087,1457529094,0
3333,7867,1457529094,1
3334,24171,1384859846,0
3334,24183,1384859846,1
3334,17167,1384859846,1
3334,17173,1384859846,1
3334,5882,1457517396,1
3335,31362,1457455320,0
3335,26078,1457455320,0
3335,25651,1457455320,0
3336,7174,1457447971,0
3336,7175,1457447971,0
3337,8712,1457335822,1
3337,21088,1457335822,1
3337,8712,1457381696,-1
3337,4369,1457381696,1
3337,8712,1457421903,-1
3337,8713,1457421903,0
3337,4369,1457421903,1
3337,8712,1457424476,0
3337,8713,1457424476,0
3337,4369,1457426309,0
3337,26087,1457426309,0
3339,30223,1457339138,0
3339,30299,1457339138,0
3340,26209,1457338796,0
3341,25902,1457265959,1
3341,25660,1457265959,1
3342,4608,1457264167,0
3342,4607,1457264167,1
3344,30386,1457102281,1
3346,25751,1457088873,1
3346,30455,1457088873,0
3346,31084,1457088873,0
3347,1550,1457087632,0
3348,12407,1457085334,1
3348,12404,1457085334,1
3348,12405,1457085334,1
3349,5808,1457082923,1
3349,5290,1457082923,0
3349,8767,1457082923,0
3349,10479,1457082923,1
3349,14782,1457082923,0
3349,14842,1457082923,1
3349,24866,1457082923,0
3350,17419,1457082923,0
3350,17430,1457082923,1
3350,5454,1457082923,0
3350,5681,1457082923,0
3351,27290,1457078637,1
3351,30108,1457078637,1
3353,26078,1457077984,0
3354,34906,1456860180,0
3354,34908,1456860180,0
3354,34909,1456860184,0
3354,34906,1456860184,1
3354,34908,1456860184,0
3354,34907,1456860184,0
3354,34906,1456860187,1
3354,34911,1456860187,0
3354,34907,1456860187,0
3354,34907,1456860191,1
3354,34796,1456862497,0
3354,34795,1456862497,0
3354,34794,1456862497,0
3356,32906,1456763739,0
3356,32046,1456763739,1
3356,32044,1456763739,0
3356,32045,1456763739,0
3356,32047,1456763739,-1
3356,32902,1456763739,0
3356,32900,1456763739,0
3356,32049,1456763739,-1
3356,32048,1456763739,-1
3356,32901,1456763739,0
3356,32893,1456763739,1
3356,32892,1456763739,1
3356,32897,1456763739,1
3356,32899,1456763739,0
3356,32903,1456763739,0
3356,32904,1456763739,0
3356,23143,1456763739,1
3356,12125,1456763739,1
3357,8706,1456730686,0
3358,2149,1456663840,0
3358,1783,1456663840,1
3358,2264,1456663840,1
3358,2316,1456663840,1
3358,1999,1456663840,0
3358,10369,1456663840,1
3358,14794,1456663840,0
3358,29555,1456663840,0
3358,30520,1456663840,0
3358,29559,1456663840,1
3360,25876,1456651355,1
3360,25709,1456651355,0
3360,25700,1456651355,1
3360,27675,1456651355,-1
3361,18849,1456586710,1
3361,19273,1456586710,0
3361,22392,1456586710,1
3361,2264,1456586710,-1
3361,4842,1456586710,-1
3361,18849,1456586710,0
3361,22394,1456586710,0
3361,4842,1456586710,0
3361,2264,1456586710,1
3362,4647,1456466436,1
3362,4646,1456466436,1
3362,5725,1456466436,0
3362,15771,1456466436,1
3362,15770,1456466436,1
3362,18824,1456466436,0
3364,30793,1456402399,0
3364,29689,1456402399,0
3364,29690,1456402399,0
3364,26659,1456402399,1
3365,669,1456401899,1
3365,7811,1456401899,1
3365,9707,1456401899,1
3365,27039,1456401899,1
3365,27038,1456401899,1
3365,26164,1456401899,0
3365,27026,1456401899,1
3365,26162,1456401899,0
3366,17480,1450792234,-1
3366,17430,1450792234,1
3366,5454,1450792234,1
3367,5454,1456393004,0
3367,31690,1456393004,1
3367,31734,1456393004,1
3367,14801,1456393004,1
3367,14870,1456393004,1
3369,1999,1456331640,0
3369,8767,1456331640,1
3369,8767,1456331966,-1
3370,27675,1456331482,0
3370,25902,1456331482,-1
3371,9701,1456295809,0
3371,18528,1456320648,1
3371,9703,1456320648,1
3371,9701,1456320648,0
3373,15150,1456309691,1
3373,15123,1456309691,1
3373,15115,1456309691,0
3375,7268,1452863066,1
3375,1161,1452863066,0
3375,17578,1452863066,1
3375,17520,1452863066,0
3375,17576,1452863066,0
3375,17577,1452863066,1
3375,17550,1452863066,0
3375,17551,1452863066,0
3375,31193,1452863066,0
3375,8176,1456227005,-1
3375,8182,1456227005,0
3375,8191,1456227005,0
3375,17551,1456228103,1
3375,17520,1456228103,0
3375,8174,1456228103,0
3375,17541,1456228103,0
3377,33829,1454360784,0
3377,29585,1454360784,0
3377,26470,1454360784,0
3377,30790,1454360784,0
3377,30081,1454360784,1
3377,29579,1454360784,-1
3377,29589,1454360784,1
3377,29579,1454360784,1
3377,30081,1454360784,1
3377,33829,1456208953,0
3378,19283,1456150873,1
3379,16434,1456048967,1
3379,22241,1456048967,0
3379,4827,1456048967,-1
3379,4827,1456048967,1
3379,10539,1456048967,1
3379,4827,1456129206,1
3379,16434,1456130396,0
3379,4827,1456130396,-1
3380,8768,1456052964,0
3380,24849,1456052964,1
3380,1999,1456052964,1
3380,30684,1456052964,1
3383,17810,1455981035,-1
3383,74,1455981035,0
3385,99,1455967322,-1
3385,8964,1455967322,0
3385,8965,1455967322,0
3385,8953,1455967322,0
3385,8946,1455967322,0
3385,8962,1455967322,0
3385,8961,1455967322,0
3385,8957,1455967322,0
3385,8951,1455967322,0
3385,12200,1455967322,0
3385,12155,1455967322,0
3385,12204,1455967322,0
3385,8958,1455967322,0
3385,8959,1455967322,0
3385,8955,1455967322,0
3385,8952,1455967322,0
3385,8954,1455967322,0
3385,8948,1455967322,0
3385,8963,1455967322,0
3385,8960,1455967322,0
3385,21560,1455967322,0
3385,99,1455967322,1
3386,20946,1455959783,-1
3386,8694,1455959783,1
3386,10088,1455959783,1
3386,4722,1455959783,1
3387,29904,1455958677,0
3391,7268,1455888105,1
3394,10365,1455871346,1
3395,19283,1455869878,1
3396,29649,1455821859,-1
3396,29637,1455821859,1
3396,29636,1455821859,-1
3397,29649,1455821859,1
3397,29638,1455821859,1
3398,12366,1455812445,1
3398,4773,1455812445,1
3398,1166,1455812445,0
3400,31316,1455781764,0
3400,29613,1455781764,1
3400,31315,1455781764,0
3400,8608,1455781764,0
3400,7359,1455781764,0
3400,5825,1455781764,0
3400,5275,1455781764,0
3400,5295,1455781764,0
3400,4767,1455781764,0
3400,5289,1455781764,0
3401,24621,1455700418,-1
3401,24787,1455700418,1
3401,24619,1455700418,0
3402,29638,1455699050,1
3403,29597,1454937649,0
3403,29596,1454937649,0
3403,29597,1455627639,-1
3403,29605,1455627639,0
3403,29605,1455689199,1
3404,4366,1455560984,0
3405,8863,1455551667,0
3406,10365,1455451255,1
3409,25789,1454861191,0
3409,27978,1455296090,1
3409,25969,1455296090,0
3409,27521,1455296090,1
3409,26242,1455296091,0
3409,26022,1455296091,1
3409,25969,1455296091,0
3409,25990,1455296091,1
3409,28184,1455296091,0
3409,26220,1455296091,-1
3409,25987,1455296091,-1
3409,27553,1455296091,0
3409,26022,1455296091,-1
3409,27521,1455296091,1
3410,32852,1455282915,0
3410,34459,1455282915,0
3410,8889,1455282915,0
3410,8877,1455282915,0
3410,8890,1455282915,0
3410,8891,1455282915,0
3410,8887,1455282915,0
3410,31532,1455282915,1
3410,32853,1455282915,0
3410,34457,1455282915,0
3410,32850,1455282915,0
3410,32854,1455282915,0
3411,29585,1455271245,1
3411,29585,1455271713,0
3412,1371,1455270672,1
3412,1371,1455270672,-1
3413,21340,1455187407,0
3414,318,1452274789,0
3414,318,1452274789,0
3414,319,1455095726,1
3414,19962,1455095744,0
3415,10156,1455088595,1
3415,10156,1455093880,1
3416,24398,1455016847,1
3417,5453,1455014108,0
3417,4709,1455014108,0
3417,17411,1455014108,1
3417,14798,1455015136,0
3417,9104,1455015136,-1
3417,15119,1455015136,0
3418,5885,1455010208,0
3418,5862,1455010208,0
3419,29584,1454948000,-1
3419,29584,1455002042,0
3419,27140,1455002042,0
3420,17558,1454952670,0
3420,19283,1454952670,-1
3421,20847,1454952670,0
3422,16818,1454950016,1
3424,25987,1454851407,1
3424,26214,1454851407,0
3424,30672,1454851407,1
3424,26215,1454851407,-1
3424,26222,1454851407,-1
3425,9060,1454748604,0
3426,26222,1454748099,0
3427,24570,1454731210,1
3427,24728,1454731210,1
3427,24573,1454731210,0
3428,26274,1454691045,0
3428,25953,1454691045,0
3429,25652,1454687697,0
3429,26222,1454687697,-1
3429,27796,1454687697,0
3430,4814,1454611355,0
3431,30670,1454485042,0
3433,2028,1454433521,1
3433,5429,1454433521,0
3433,5430,1454433521,1
3435,25924,1454360131,0
3437,8125,1454234249,1
3437,8125,1454235010,1
3438,25653,1454232671,1
3438,16499,1454232671,1
3438,16504,1454232671,0
3438,26196,1454232671,0
3438,25974,1454232671,1
3438,26197,1454232671,1
3438,26222,1454232671,1
3438,25652,1454232671,0
3438,8118,1454232671,0
3438,540,1454232671,1
3438,26197,1454233534,0
3438,16504,1454233534,0
3438,16499,1454233534,0
3438,28722,1454233534,0
3438,28723,1454233534,0
3439,25991,1454169976,1
3439,25653,1454169976,1
3439,26222,1454169976,-1
3439,25974,1454169976,1
3439,26223,1454169976,1
3439,30295,1454169976,1
3439,28684,1454169976,0
3439,26222,1454169976,1
3440,30108,1453901456,0
3440,30110,1453901456,0
3440,30132,1453901456,0
3440,30132,1453901456,1
3440,30110,1453901456,0
3440,30108,1453901456,0
3440,27960,1454169974,1
3440,30108,1454169974,0
3440,30857,1454169974,0
3440,30132,1454169974,0
3440,31051,1454169974,0
3440,30983,1454169974,0
3440,30110,1454169974,0
3440,28207,1454169974,1
3440,28320,1454169974,1
3440,27345,1454169974,-1
3440,27344,1454169974,-1
3440,27343,1454169974,0
3440,30051,1454169974,0
3440,27343,1454169975,-1
3440,27344,1454169975,1
3440,27345,1454169975,1
3440,22653,1454169975,0
3441,29678,1454143344,1
3442,15980,1454085539,0
3442,12355,1454085539,1
3442,12355,1454137847,1
3443,8970,1453977473,1
3443,26092,1453977473,0
3443,25651,1453977473,1
3443,17766,1453977473,0
3444,15901,1453976756,-1
3444,4664,1453976756,0
3444,7269,1453976756,1
3445,21886,1453969280,1
3445,1582,1453969280,0
3445,1577,1453969280,0
3445,4813,1453969280,1
3445,4812,1453969280,-1
3445,4814,1453969280,0
3445,9189,1453969280,0
3447,18395,1453909146,0
3447,18400,1453909146,0
3447,18401,1453909146,0
3447,18396,1453909146,0
3447,18399,1453909146,0
3447,18397,1453909146,0
3447,18398,1453909146,0
3447,18397,1453909146,0
3447,18400,1453909146,0
3447,18396,1453909146,0
3447,18399,1453909146,0
3447,18394,1453909146,1
3447,18395,1453909146,0
3448,25924,1453830243,0
3448,25919,1453830243,1
3449,20197,1347176465,1
3449,25651,1453829180,0
3450,16862,1453814287,1
3450,14465,1453814287,1
3450,9674,1453814287,1
3450,6033,1453814287,0
3450,4521,1453814287,1
3450,14464,1453814287,1
3451,26160,1453801000,1
3451,26155,1453801000,1
3451,34073,1453801000,1
3452,669,1453798129,1
3452,7811,1453798129,1
3453,34444,1453735557,1
3454,29636,1453726517,1
3454,29640,1453726517,0
3454,29649,1453726517,0
3454,29636,1453726517,1
3456,15150,1453634159,-1
3456,15150,1453636149,0
3456,5592,1453636149,0
3457,24496,1453367424,-1
3457,24496,1453367425,0
3457,24664,1453367425,-1
3457,24499,1453367426,1
3457,24666,1453367426,0
3457,24496,1453367426,1
3457,24664,1453367426,1
3457,24499,1453367426,-1
3457,24666,1453367426,-1
3457,24496,1453367427,-1
3457,24499,1453367427,-1
3458,8125,1453321450,1
3460,29636,1453227472,1
3460,27627,1453227472,0
3460,29640,1453227472,1
3460,26710,1453227472,0
3460,27628,1453227472,0
3460,29637,1453227472,0
3461,26120,1453225744,1
3463,24637,1453200250,0
3463,24542,1453200250,0
3463,24497,1453200250,0
3464,15115,1453078835,0
3464,15114,1453078835,0
3464,15114,1453079004,0
3466,1043,1452860447,1
3467,15774,1452790678,0
3467,15774,1452857083,0
3468,27675,1452854167,1
3468,25700,1452854167,1
3470,29607,1452840716,1
3470,29597,1452840716,1
3471,1579,1452690543,0
3471,4812,1452690543,0
3471,4812,1452694797,1
3472,4521,1452651638,-1
3472,14465,1452651638,0
3473,31090,1452608912,0
3473,30664,1452608912,1
3474,26215,1452598110,0
3474,28015,1452598110,1
3476,14391,1452430395,0
3476,14392,1452430395,0
3476,16014,1452430395,1
3476,12268,1452430395,-1
3477,1953,1452352744,1
3477,1954,1452352744,0
3477,1955,1452352744,0
3477,1956,1452352744,0
3477,20875,1452352744,0
3477,18108,1452352744,-1
3477,16020,1452352744,0
3477,16019,1452352744,0
3479,5454,1452350047,0
3479,17486,1452350047,1
3479,5718,1452350047,1
3481,21156,1452271113,0
3481,4736,1452271113,0
3482,7711,1452255839,0
3482,14795,1452255839,0
3482,14829,1452255839,0
3482,33196,1452255839,0
3482,31704,1452255839,0
3483,8486,1452249161,1
3486,26274,1451983787,1
3487,25696,1451941846,0
3487,26575,1451941846,0
3487,26577,1451941846,0
3487,26578,1451941846,0
3487,25693,1451941846,0
3487,25726,1451941846,0
3488,8863,1451911343,1
3490,10532,1451902810,1
3491,25916,1451899098,0
3491,26134,1451899098,0
3491,25662,1451899098,1
3491,25661,1451899098,0
3491,25660,1451899098,1
3491,30680,1451899098,0
3491,31093,1451899098,0
3491,30679,1451899098,1
3492,26155,1451043614,0
3492,26157,1451043614,0
3492,27020,1451043614,1
3492,27023,1451043614,1
3492,27023,1451835852,-1
3493,4219,1451828367,0
3493,4472,1451828367,0
3493,4210,1451828367,0
3493,14377,1451828367,1
3493,34444,1451828367,0
3493,30143,1451828367,1
3493,33179,1451829275,1
3493,33183,1451829275,1
3493,33196,1451829275,1
3493,33183,1451829642,-1
3493,33179,1451829642,-1
3493,30106,1451830374,1
3493,30106,1451830954,1
3494,27675,1451052980,1
3494,25902,1451052980,1
3494,26406,1451052980,0
3494,25660,1451052980,1
3494,30679,1451052980,-1
3494,25916,1451816398,0
3494,25660,1451816398,0
3496,33179,1450869806,1
3496,33182,1450869806,1
3496,33183,1450869806,-1
3496,33179,1450870456,-1
3496,33203,1450870914,0
3496,33203,1450871065,0
3496,33204,1450871065,0
3496,33179,1450881949,0
3496,33204,1450881949,0
3496,33182,1450882401,0
3496,33182,1450883199,0
3496,33203,1450883199,0
3496,33182,1451557665,0
3497,33908,1451465974,0
3497,475,1451465974,0
3497,476,1451465974,0
3497,4780,1451465974,0
3497,5809,1451465974,0
3497,21663,1451465974,0
3498,27686,1451379438,0
3498,25924,1451379438,0
3499,4210,1451313566,1
3499,4470,1451313566,0
3499,30277,1451313566,1
3499,29931,1451313566,0
3499,33039,1451313566,0
3500,20727,1451308509,0
3500,20726,1451308509,0
3500,20724,1451308509,0
3501,33196,1451307442,1
3501,33179,1451307442,-1
3501,33179,1451307868,1
3501,33196,1451307868,1
3502,17296,1451295885,1
3502,17298,1451295885,0
3502,26074,1451305961,0
3503,17298,1451304922,0
3503,17296,1451304922,0
3503,26074,1451304922,0
3504,17775,1451302397,0
3504,19534,1451237123,0
3504,24846,1451237126,0
3504,18848,1451237128,0
3504,12408,1451237129,0
3504,31793,1451237127,0
3504,24603,1451237123,0
3504,15929,1451237125,0
3504,30051,1451237124,0
3504,18821,1451237124,0
3504,4655,1451237124,0
3504,8863,1451237126,0
3504,18824,1451237124,0
3504,24480,1451237123,0
3504,24568,1451237124,0
3504,18851,1451302108,0
3504,12350,1451237125,0
3504,9206,1451237123,0
3504,15413,1451302397,0
3504,4607,1451237123,0
3504,24622,1451237124,0
3504,15330,1451237128,0
3504,7293,1451237126,0
3504,229,1451237129,0
3504,5431,1451302108,0
3504,17406,1451302108,0
3504,24637,1451237124,0
3504,4607,1451237124,0
3504,10044,1451237127,0
3504,8756,1451237126,0
3504,31219,1451237125,0
3504,15412,1451302397,0
3504,24607,1451302108,0
3504,7161,1451237126,0
3504,34649,1451237125,0
3504,18821,1451302108,0
3504,18833,1451237126,0
3504,24497,1451237124,0
3504,729,1451237129,0
3504,34655,1451237125,0
3504,4743,1451237128,0
3504,31409,1451302108,0
3504,16428,1451237297,0
3504,24593,1451237124,0
3504,24597,1451237124,0
3504,10076,1451237125,0
3504,18849,1451237128,0
3504,15413,1451237127,0
3504,16385,1451237128,0
3504,29695,1451237124,0
3504,4743,1451237126,0
3504,15978,1451237125,0
3504,481,1451237127,0
3504,24589,1451237123,0
3504,17406,1451237126,0
3504,12155,1451237127,0
3504,31517,1451237127,0
3504,5719,1451237126,0
3504,12316,1451237124,0
3504,80,1451237128,0
3505,7257,1451237126,-1
3505,4696,1451237126,0
3505,20778,1451237126,0
3505,17763,1451237126,1
3505,17763,1451237127,1
3509,4368,1451041130,0
3509,4367,1451041130,0
3509,26089,1451041130,0
3509,26086,1451041130,0
3509,26086,1451050788,0
3509,26089,1451050788,0
3510,5862,1451039717,0
3510,10338,1451039717,1
3510,5863,1451039717,0
3512,7811,1450950471,0
3512,669,1450950471,-1
3513,669,1450949380,0
3514,33182,1450883937,0
3514,33179,1450883937,0
3514,33203,1450883937,0
3514,33204,1450883937,0
3514,4718,1450886155,0
3514,4717,1450886155,0
3514,4720,1450886155,0
3514,4716,1450886155,0
3514,20938,1450886155,0
3514,20932,1450886155,0
3514,20939,1450886155,0
3514,33182,1450886210,0
3514,33204,1450886210,0
3514,33203,1450886210,0
3514,33179,1450886210,0
3516,1576,1450708464,1
3516,9189,1450708464,-1
3517,1043,1450598580,0
3518,12187,1450514740,1
3519,24624,1450458659,-1
3519,24621,1450458659,1
3520,24621,1438781799,1
3520,24624,1438781799,-1
3520,24621,1450458470,-1
3520,24624,1450458470,1
3522,10473,1450450780,1
3524,4794,1450268739,1
3525,25672,1450254493,1
3526,1999,1450252205,1
3527,15336,1450247706,1
3527,15393,1450247706,1
3528,26238,1450197018,0
3528,26020,1450197018,0
3528,26239,1450197018,0
3528,25660,1450197018,1
3528,26019,1450197018,0
3529,31228,1450165415,0
3529,31217,1450165415,0
3529,31219,1450165415,0
3530,4794,1450087172,0
3530,10518,1450087172,0
3531,26246,1450082914,1
3531,31003,1450082914,-1
3531,28262,1450082914,-1
3531,28262,1450082914,0
3533,16476,1450076438,1
3533,9369,1450076438,1
3533,9369,1450076825,0
3534,9701,1449942375,1
3534,18528,1449942375,1
3534,22980,1449942375,0
3534,22985,1449942375,0
3534,22981,1449942375,0
3534,10551,1449942375,0
3534,22987,1449942375,0
3535,14794,1449760969,1
3535,2149,1449760969,1
3537,25987,1449742892,0
3538,31228,1449738090,-1
3539,16767,1449731201,0
3539,16776,1449731201,0
3539,22748,1449731201,0
3539,16768,1449731201,0
3539,12121,1449731201,0
3539,16774,1449731201,0
3539,16769,1449731201,0
3539,22744,1449731201,0
3539,16766,1449731201,0
3539,4848,1449731201,0
3539,4849,1449731201,0
3540,14378,1449652805,0
3540,19135,1449734863,-1
3541,31220,1449581435,1
3541,35264,1449581435,0
3541,31222,1449581435,1
3541,31217,1449606811,0
3542,4613,1449481748,0
3544,17902,1449334598,0
3544,34824,1449334598,0
3544,21591,1449334598,0
3544,30152,1449334598,0
3544,30220,1449334598,0
3544,25776,1449334598,0
3544,31831,1449335609,0
3544,18054,1449335609,0
3544,15335,1449335609,0
3544,22441,1449335609,0
3544,15340,1449335609,0
3544,30948,1449336227,0
3544,30928,1449336227,0
3545,26281,1449231819,-1
3545,25751,1449231819,0
3545,26188,1449231819,1
3545,16355,1449234157,0
3545,21591,1449234157,0
3545,25751,1449234182,1
3545,24398,1449301794,1
3545,21614,1449302204,0
3545,16354,1449302684,-1
3545,8974,1449302684,0
3545,8974,1449303045,0
3545,21615,1449303045,0
3545,21614,1449303045,1
3545,8974,1449303966,1
3545,8972,1449303966,0
3545,17902,1449327243,0
3546,19536,1449319445,1
3546,18821,1449319445,1
3546,4613,1449319445,0
3546,7907,1449319445,1
3547,19536,1449318771,1
3547,7907,1449318771,0
3549,25724,1449310175,1
3550,417,1449309616,1
3551,14782,1449305306,0
3551,14864,1449305306,0
3551,14838,1449305306,0
3551,14840,1449305306,0
3551,9111,1449305306,0
3551,9109,1449305306,0
3551,5290,1449305306,0
3551,31728,1449305306,0
3552,33831,1449227489,0
3554,417,1449159415,1
3555,1624,1449155076,1
3555,7876,1449155076,0
3556,1624,1448979845,-1
3556,1624,1448983822,0
3556,1624,1448986461,0
3557,10369,1448900267,0
3558,10365,1448898027,-1
3558,10393,1448898277,0
3561,24422,1448699479,1
3561,31117,1448699479,0
3561,30775,1448699479,0
3561,30780,1448699479,0
3561,30783,1448699479,0
3561,30773,1448699479,0
3561,30781,1448699479,0
3561,30784,1448699479,0
3561,30786,1448699479,0
3561,30785,1448699479,0
3561,30777,1448699479,0
3561,30787,1448699479,0
3562,29679,1448697765,0
3562,27881,1448697765,1
3563,30596,1448650239,0
3563,29597,1448650239,-1
3563,29594,1448650239,0
3563,30049,1448650239,-1
3563,27178,1448650239,0
3563,30707,1448650239,1
3563,30025,1448650239,-1
3563,28845,1448650239,1
3563,4803,1448695126,-1
3563,15929,1448695126,-1
3563,15327,1448695126,-1
3563,15931,1448695126,-1
3563,9778,1448695126,-1
3563,4821,1448695126,-1
3563,416,1448695126,-1
3563,4664,1448695126,-1
3563,336,1448695126,0
3563,15702,1448695126,-1
3563,21709,1448695126,-1
3563,21404,1448695126,0
3563,8289,1448695126,0
3563,20478,1448695126,-1
3563,18833,1448695126,-1
3563,15933,1448695126,-1
3563,31146,1448695126,-1
3563,34633,1448695126,-1
3563,34635,1448695126,-1
3563,31406,1448695126,-1
3563,31961,1448695126,0
3564,1574,1448648960,1
3564,4812,1448648960,1
3565,15929,1448199703,1
3565,15929,1448540426,0
3567,7905,1448533756,1
3567,15670,1448533756,1
3567,15672,1448533756,0
3567,19537,1448533756,0
3567,19536,1448533756,1
3568,21591,1448472165,1
3569,4773,1448468762,1
3570,9352,1448458564,1
3570,9348,1448458564,1
3571,29613,1448458389,-1
3572,31220,1448437087,1
3572,31222,1448437087,-1
3572,35270,1448437087,0
3572,31217,1448437087,0
3572,31222,1448437087,0
3572,31222,1448437087,1
3572,35270,1448437087,1
3575,16125,1448285987,1
3575,4743,1448285987,1
3575,2010,1448285987,1
3575,445,1448285987,-1
3575,446,1448285987,0
3577,4687,1448204929,-1
3577,4690,1448204929,-1
3578,8299,1448204431,1
3580,9650,1448103614,0
3580,4853,1448103614,1
3580,4783,1448103840,1
3580,12138,1448103840,0
3581,4767,1448098430,-1
3582,4363,1446727006,0
3582,8288,1446727006,0
3582,15232,1446727006,0
3582,15777,1446727006,-1
3582,9823,1446727006,1
3582,30672,1446727006,1
3582,27414,1446727006,1
3582,25829,1446727006,-1
3582,29709,1446727006,-1
3582,25805,1447919333,-1
3582,22927,1447919333,1
3582,9688,1447919333,0
3582,4371,1447919333,1
3582,4366,1447919333,-1
3585,17406,1447835508,1
3586,8914,1447756078,1
3586,4284,1447756078,1
3587,4867,1447693323,1
3587,5814,1447693323,1
3587,2316,1447693323,-1
3587,23170,1447693323,1
3587,34039,1447693323,1
3587,34040,1447693323,1
3588,17774,1447690145,1
3588,5618,1447690145,-1
3588,22870,1447690145,1
3589,25811,1447574786,1
3589,27338,1447574786,0
3589,25811,1447680240,1
3589,27338,1447680240,0
3590,4284,1447665861,0
3591,17762,1447656813,0
3591,8299,1447656813,0
3592,1573,1447427327,1
3592,9189,1447427327,0
3592,9189,1447432617,0
3593,26078,1447432502,0
3593,25651,1447432502,0
3594,17201,1447426886,-1
3595,32047,1447426369,0
3595,32048,1447426369,1
3596,26201,1447425679,0
3596,26231,1447425679,0
3598,527,1447365864,0
3598,521,1447365864,0
3601,4284,1447339638,1
3602,30660,1447248543,0
3602,29621,1447248543,1
3602,29621,1447316355,0
3603,5862,1447227332,0
3603,10338,1447227332,1
3603,10338,1447227506,1
3604,10338,1447225958,0
3604,10338,1447225958,-1
3606,752,1447159408,0
3606,743,1447159408,1
3607,32371,1447140403,1
3607,9914,1447141614,-1
3608,29621,1447087520,0
3610,15123,1446820885,-1
3610,15107,1446820885,-1
3611,15131,1446820880,1
3611,15132,1446820880,0
3611,15123,1446820880,0
3612,30389,1446795265,0
3612,30050,1446795265,0
3612,30051,1446795265,0
3612,30389,1446795265,1
3613,15107,1446668637,0
3614,26160,1445683402,-1
3614,25672,1445683402,1
3614,2149,1446655165,1
3614,10581,1446655165,0
3614,14794,1446655165,1
3615,25987,1446190388,0
3616,23232,1446137548,0
3616,16923,1446137548,0
3616,23232,1446187541,0
3618,18852,1446028357,0
3618,17907,1446028357,1
3620,29640,1445943150,1
3621,20566,1445934917,1
3621,20561,1445934917,1
3621,20561,1445935073,0
3621,20566,1445935073,0
3622,26136,1445932242,1
3623,20965,1445861025,0
3623,8694,1445861025,1
3624,10518,1445857127,0
3625,15872,1445151535,-1
3625,15872,1445161081,1
3625,8300,1445161081,0
3625,15872,1445853074,-1
3626,7185,1445804919,0
3626,10519,1445804919,1
3626,10518,1445804919,0
3627,27113,1445767298,0
3627,30062,1445767298,1
3628,26492,1445695331,1
3628,25700,1445695331,1
3631,21323,1445671545,1
3631,10306,1445671545,0
3632,9755,1445612310,0
3634,1805,1445352547,1
3635,20482,1445251910,1
3635,20493,1445251910,1
3636,5814,1445233092,0
3636,4868,1445233092,-1
3638,15232,1445151282,0
3639,10519,1445071279,-1
3639,10518,1445071279,0
3639,4793,1445071279,-1
3639,7185,1445071279,0
3640,15853,1445068627,1
3640,5438,1445068627,1
3640,20344,1445068627,1
3641,30103,1445068156,0
3641,27284,1445068156,-1
3643,21037,1445000028,0
3643,21038,1445000028,0
3643,21039,1445000028,0
3644,669,1444888816,0
3644,22905,1444888816,0
3645,30684,1444837578,1
3645,25988,1444837578,0
3648,26038,1444668574,0
3651,25751,1444548246,0
3651,25751,1444553490,-1
3651,33196,1444553490,1
3651,30670,1444553490,1
3651,30869,1444553490,0
3651,35274,1444553490,1
3651,33179,1444553490,0
3651,30685,1444553490,1
3653,14794,1444415216,1
3655,27675,1444318231,1
3655,25902,1444318231,1
3656,23396,1444309578,1
3656,4877,1444309578,0
3657,1574,1444282299,1
3657,9189,1444282299,1
3657,4812,1444282299,1
3658,2316,1444203950,0
3658,4200,1444203950,1
3658,4868,1444203950,1
3659,1353,1444195066,0
3660,25787,1444194936,0
3661,31222,1444123592,-1
3662,28414,1444119564,0
3662,26256,1444119564,0
3663,4852,1444035293,0
3663,4670,1444035293,0
3663,4671,1444035293,0
3663,20546,1444035293,0
3663,16813,1444035293,0
3663,8474,1444035293,0
3663,4852,1444035293,0
3663,16813,1444035293,0
3663,19279,1444035294,0
3663,8474,1444035294,1
3663,20546,1444035294,-1
3663,4853,1444035294,1
3663,4671,1444035294,0
3663,4670,1444035294,0
3663,16813,1444035294,-1
3663,4671,1444035294,0
3663,4670,1444035294,0
3663,4853,1444035294,0
3663,20546,1444035294,0
3663,22808,1444035294,0
3663,4853,1444035294,-1
3663,4670,1444035294,0
3663,4670,1444038634,1
3663,15907,1444038634,0
3663,8474,1444038634,-1
3663,19279,1444038736,-1
3663,8474,1444044952,0
3663,15905,1444044952,0
3663,4670,1444044952,0
3664,25651,1444040606,0
3664,26078,1444040606,0
3664,26034,1444040606,0
3664,25965,1444040606,0
3664,26086,1444043361,0
3664,21019,1444043582,0
3664,21030,1444043582,0
3664,21039,1444043582,0
3664,21027,1444043582,0
3664,21038,1444043582,0
3664,21037,1444043582,0
3664,21033,1444043582,0
3664,21034,1444043582,0
3664,21018,1444043582,0
3664,21022,1444043582,0
3664,21032,1444043582,0
3664,21020,1444043582,0
3664,21031,1444043582,0
3664,21028,1444043582,0
3664,21021,1444043582,0
3664,21023,1444043582,0
3664,16056,1444043582,0
3664,12106,1444043582,0
3664,4368,1444043582,0
3665,26246,1443952054,0
3665,28262,1443952054,1
3666,537,1443859094,1
3666,9389,1443859094,1
3666,9379,1443859094,0
3667,29532,1443857963,1
3669,4736,1443508472,1
3669,7293,1443508472,0
3669,21149,1443508472,1
3670,21413,1443507242,0
3670,5288,1443507242,0
3670,4751,1443507242,0
3670,4750,1443507242,0
3672,15327,1443432205,0
3673,25751,1443430532,0
3673,25781,1443430532,1
3673,30973,1443430532,1
3673,30322,1443430532,0
3673,2931,1443431254,1
3673,24156,1443431254,1
3673,25095,1443431254,1
3676,25924,1443337873,0
3677,18945,1443256591,-1
3677,34599,1443256591,0
3677,18945,1443257152,1
3678,16298,1443249969,0
3678,447,1443249969,0
3678,21405,1443249969,0
3678,16298,1443250315,0
3678,447,1443250315,0
3679,31941,1443192012,1
3679,31939,1443192012,1
3679,31942,1443192012,0
3679,31939,1443192719,0
3679,31939,1443193689,0
3680,25657,1443185123,0
3680,30222,1443185123,0
3680,30222,1443191199,0
3680,25657,1443191199,1
3681,9211,1443093616,1
3681,32073,1443094318,0
3681,19749,1443168793,-1
3681,25829,1443166367,0
3681,22927,1443093616,0
3681,29931,1443166367,1
3681,4321,1443168793,0
3681,30220,1443086959,1
3681,9755,1443168793,0
3681,4343,1443168793,0
3681,16881,1443168793,-1
3681,30222,1443086409,1
3681,32073,1443168793,0
3681,27812,1443088481,0
3681,17296,1443093616,0
3681,30234,1443086409,1
3681,25820,1443088481,0
3681,4367,1443174474,0
3681,18394,1443168793,0
3681,4366,1443174474,0
3681,8678,1443168793,0
3681,4369,1443168793,0
3681,29710,1443088481,1
3681,9755,1443094318,0
3681,27363,1443088481,0
3681,4322,1443168793,0
3681,4363,1443168793,0
3681,15232,1443094475,0
3681,30223,1443086959,1
3681,17296,1443168793,0
3681,31183,1443168793,0
3681,32097,1443094318,0
3681,22917,1443168793,0
3681,18394,1443093616,0
3681,34073,1443176503,1
3681,746,1443094318,0
3681,10533,1443174474,0
3681,4321,1443094475,0
3681,15702,1443168793,0
3681,10531,1443093616,0
3681,15232,1443168793,-1
3681,20329,1443093616,0
3681,16021,1443168793,-1
3681,15790,1443093616,-1
3681,4371,1443168793,0
3681,30234,1443086959,-1
3681,16881,1443093616,0
3681,28318,1443088481,0
3681,30885,1443166367,0
3681,15790,1443168793,0
3681,25820,1443166367,0
3681,25805,1443166367,0
3681,4637,1443093616,1
3681,4363,1443093616,0
3681,25805,1443088481,0
3681,8102,1443174474,0
3681,26155,1443176503,0
3681,746,1443168793,0
3681,22927,1443168793,-1
3681,19749,1443093616,0
3685,26030,1443099275,1
3685,28280,1443099275,0
3685,28279,1443099275,0
3685,28278,1443099275,0
3685,30985,1443099275,0
3686,26030,1443095813,0
3686,18940,1443095813,0
3687,14926,1442987465,0
3687,7813,1442994878,0
3687,26160,1442994878,0
3687,1372,1443010181,0
3687,29555,1442999861,1
3687,27022,1443025355,0
3687,2242,1442992777,1
3687,22906,1443008245,1
3687,32007,1442999861,0
3687,26157,1442987463,1
3687,2316,1442992777,1
3687,1043,1442994878,-1
3687,2264,1442987465,0
3687,27020,1442987465,0
3687,26157,1442999861,1
3687,10369,1442987465,0
3687,2316,1442987465,1
3687,1043,1442987463,0
3687,26157,1442987465,1
3687,30520,1442987465,0
3687,22906,1442999861,1
3687,29555,1443023633,0
3687,2149,1442987465,0
3687,32007,1442987463,0
3687,5557,1442994878,1
3687,29555,1443008245,1
3687,22906,1442987463,1
3687,14794,1442987463,1
3687,32008,1442987463,0
3687,26160,1442999861,0
3687,30520,1442987463,0
3687,30903,1443025355,0
3687,14794,1442987464,1
3687,30520,1443023633,0
3687,32007,1443076922,0
3687,1999,1442987465,0
3687,669,1442994878,1
3687,14794,1442987463,-1
3687,30520,1443077320,0
3687,27020,1442987463,1
3687,32008,1442987463,0
3687,2242,1442987465,0
3687,1043,1442999861,1
3687,29557,1443077320,0
3687,22906,1443000648,1
3687,29554,1443077320,0
3687,1043,1443008245,0
3687,1043,1442987463,1
3687,22908,1443008245,0
3687,14926,1442987465,0
3687,1371,1442999861,0
3687,14926,1443023633,-1
3687,1043,1442987463,0
3687,26157,1443023633,1
3687,29555,1443077320,0
3687,32007,1443008245,1
3687,32007,1443076461,1
3687,22906,1442987463,0
3687,29555,1443009205,-1
3687,29555,1442987465,0
3688,23037,1439282570,0
3688,23037,1443021697,0
3689,21591,1442913827,0
3690,30057,1442906295,-1
3690,30141,1442908357,0
3690,30057,1442908357,0
3690,27277,1442908357,0
3690,27405,1442908357,0
3690,26222,1442908357,0
3690,27278,1442908357,0
3690,30032,1442908357,0
3690,26256,1442908357,0
3690,25787,1442908357,1
3690,5282,1442909853,0
3690,31890,1442909853,0
3690,31887,1442909853,0
3690,31505,1442909853,0
3690,27380,1442910421,0
3691,35288,1442585771,0
3691,7813,1442585771,0
3691,7813,1442585771,-1
3691,669,1442585771,0
3691,669,1442585771,0
3691,669,1442585772,1
3691,35288,1442585772,0
3691,35289,1442585772,0
3691,35290,1442585772,0
3691,669,1442585772,-1
3691,7813,1442585772,1
3691,669,1442585773,1
3691,27038,1442585773,1
3691,26164,1442585773,0
3691,669,1442585773,1
3691,5557,1442585773,0
3691,669,1442585773,-1
3691,35287,1442585773,0
3691,35289,1442585773,0
3691,35288,1442585773,0
3691,669,1442585773,1
3691,7813,1442585773,0
3691,7813,1442585774,-1
3691,5557,1442585774,-1
3691,669,1442585774,-1
3691,35288,1442585774,0
3691,669,1442585774,-1
3691,5557,1442585774,0
3691,26160,1442585774,1
3691,669,1442585774,0
3691,35287,1442585774,0
3691,35288,1442585774,1
3691,669,1442585774,-1
3691,27026,1442906889,1
3691,27039,1442906889,1
3692,515,1442568699,0
3692,9222,1442568699,0
3693,10034,1442562178,0
3693,10031,1442562178,1
3694,30139,1442481481,1
3694,30814,1442559829,0
3695,9701,1442412776,-1
3695,18528,1442412776,0
3696,26214,1442410053,1
3696,25969,1442410053,0
3698,26231,1442401391,1
3702,26160,1442160109,0
3702,26174,1442160109,0
3703,415,1442156702,1
3705,14782,1437124160,0
3705,14820,1437124160,1
3705,7712,1437124160,1
3705,5290,1437124160,0
3705,5290,1441981148,1
3705,14913,1441981148,0
3705,14782,1441981148,1
3705,14811,1441981148,0
3706,20830,1441971377,0
3706,18317,1441971377,0
3706,31350,1441971377,1
3707,9348,1441961757,0
3708,25991,1441801946,0
3710,446,1441703548,0
3710,4743,1441703548,1
3710,10306,1441703548,1
3712,4210,1441637785,1
3712,34442,1441637785,1
3712,29584,1441637785,0
3714,5808,1441628324,0
3715,9155,1441622550,0
3718,10371,1441464379,0
3720,32456,1441438091,1
3720,4798,1441438091,1
3720,9155,1441438091,-1
3721,4655,1441354719,0
3721,4655,1441354719,0
3721,4655,1441354720,0
3723,5429,1435763011,0
3723,2030,1435763011,1
3723,4754,1435763011,0
3723,4755,1435763011,1
3723,4754,1435782208,0
3723,4755,1441233133,-1
3725,14874,1440718658,0
3725,14801,1440718658,1
3725,17448,1440718658,1
3725,31690,1440718658,1
3725,5454,1440718658,1
3725,31737,1440718658,1
3726,18945,1440488320,1
3727,8434,1440239526,0
3727,8433,1440239526,0
3727,8446,1440239526,0
3727,8440,1440239526,0
3727,8431,1440239526,0
3727,8432,1440239526,0
3727,8437,1440239526,0
3727,8426,1440239526,0
3727,8435,1440239526,0
3727,8428,1440239526,1
3727,8425,1440239526,0
3727,8442,1440239526,0
3727,8443,1440239526,0
3727,8441,1440239526,0
3727,8429,1440239526,0
3727,8436,1440239526,0
3727,8439,1440239526,0
3727,8444,1440239526,-1
3727,8449,1440239526,0
3727,8427,1440239526,0
3727,8438,1440239526,0
3727,8445,1440239526,0
3727,8448,1440239526,0
3727,8423,1440239526,0
3727,8420,1440239526,0
3727,7173,1440239526,0
3727,20469,1440239526,0
3727,407,1440239526,-1
3727,20471,1440239526,0
3727,20467,1440239526,0
3727,20468,1440239526,0
3727,8424,1440239526,0
3727,8430,1440239526,0
3727,8447,1440239526,0
3727,20470,1440239526,0
3727,20466,1440239526,0
3728,1999,1440226907,0
3728,35296,1440226907,-1
3728,32849,1440226907,0
3728,17841,1440226907,0
3728,35297,1440226907,-1
3728,35296,1440226907,0
3728,14888,1440226908,0
3728,24930,1440226908,0
3728,14821,1440226908,-1
3728,14820,1440226908,0
3728,8674,1440226908,0
3728,32849,1440226908,1
3728,14888,1440235971,0
3728,32849,1440235971,0
3729,9131,1440147155,0
3729,483,1440147155,1
3729,7714,1440147155,0
3730,35297,1440142154,1
3730,35296,1440142974,1
3730,9332,1440147182,0
3730,14821,1440147182,0
3730,5472,1440147182,1
3730,14821,1440147182,1
3730,35297,1440147183,1
3730,35296,1440147183,1
3730,5472,1440147183,0
3730,9332,1440147183,0
3730,14821,1440147183,0
3731,21141,1439976553,1
3731,441,1439976553,1
3732,4798,1439967982,1
3732,4799,1439967982,0
3732,9155,1439967982,0
3733,14838,1439905794,0
3733,14795,1439905794,0
3733,9109,1439905794,0
3733,14782,1439905794,1
3733,5290,1439905794,1
3733,7711,1439905794,0
3733,14838,1439923753,1
3733,14840,1439923753,0
3733,14782,1439923753,0
3733,9111,1439923753,0
3733,9109,1439923753,1
3733,5290,1439923753,0
3734,26466,1439474034,0
3734,25687,1439474034,0
3735,4709,1439455823,1
3735,5454,1439455823,1
3735,5453,1439455823,0
3735,17411,1439455823,1
3735,18031,1439455823,0
3735,8768,1439455823,0
3735,14801,1439470590,0
3735,31690,1439470590,0
3735,4790,1439470590,1
3735,7711,1439470590,0
3735,14804,1439470590,0
3735,14795,1439470590,0
3737,26256,1439390484,1
3737,25925,1439390484,1
3737,25787,1439390484,0
3737,30271,1439390484,0
3738,27012,1439383033,1
3738,25751,1439383033,1
3738,27012,1439390484,-1
3741,30221,1439299839,1
3741,30944,1439299839,1
3741,35300,1439299839,0
3741,30884,1439299839,1
3741,4743,1439299840,-1
3741,7294,1439299840,1
3741,16214,1439299840,0
3741,12350,1439299840,-1
3741,16130,1439299840,1
3741,16120,1439299840,-1
3741,29721,1439299840,0
3741,29719,1439299840,-1
3741,29585,1439299840,-1
3741,12416,1439299841,-1
3741,7294,1439299841,-1
3741,32046,1439299841,-1
3742,25787,1439282570,1
3744,16927,1439104008,0
3744,4874,1439104008,0
3747,30417,1438960532,0
3747,30417,1438960808,-1
3748,4753,1438959396,-1
3750,25925,1438956068,0
3750,25650,1438956068,0
3750,25972,1438956068,0
3750,25990,1438956068,0
3750,25969,1438956068,0
3750,26022,1438956068,0
3750,26004,1438956068,1
3751,25650,1438948827,0
3751,25649,1438948827,0
3751,25681,1438948827,0
3751,28663,1438948827,0
3751,27559,1438948827,0
3751,27504,1438948827,0
3751,28320,1438948827,0
3751,26432,1438948827,0
3752,1999,1438867671,0
3753,5821,1438790153,1
3753,5833,1438790153,1
3755,15824,1431085405,0
3755,15825,1431085405,0
3755,15825,1431112311,0
3755,18094,1431112311,0
3755,20273,1431112311,1
3755,15824,1431112311,0
3755,8299,1431112311,1
3755,15799,1431112311,0
3755,32248,1431112311,0
3755,15825,1438786339,0
3755,15824,1438786339,0
3756,26256,1438782718,0
3756,30271,1438782718,0
3757,31939,1438777282,0
3757,31941,1438779960,0
3757,31939,1438779960,-1
3757,31939,1438780115,0
3759,7360,1438772456,1
3759,416,1438772456,1
3759,416,1438773547,0
3759,7360,1438773547,0
3760,14800,1438767865,0
3760,14448,1438767865,0
3760,24829,1438767865,0
3760,19423,1438767865,0
3760,31689,1438767865,0
3760,5290,1438767865,-1
3760,14862,1438767865,0
3760,14782,1438767865,-1
3760,31726,1438767865,0
3760,31389,1438767865,0
3760,20898,1438767865,0
3760,24829,1438767865,0
3762,32657,1438593406,-1
3762,1211,1438593406,-1
3763,24601,1438418264,1
3763,24599,1438418264,0
3763,24591,1438418488,0
3763,24593,1438418488,1
3763,24573,1438419536,1
3763,24570,1438419536,1
3763,24507,1438419782,1
3763,24505,1438419782,0
3763,24480,1438419999,1
3763,24478,1438419999,0
3763,24472,1438420220,1
3763,24470,1438420220,0
3764,24607,1438416758,1
3764,24605,1438416758,0
3766,24622,1438357088,1
3766,24619,1438357088,-1
3767,4829,1438341242,0
3768,21316,1438340821,1
3768,446,1438340821,0
3769,20561,1424602281,1
3769,10076,1424602281,0
3769,8479,1424602281,-1
3769,10077,1424602281,-1
3769,10077,1424602472,0
3769,20561,1424602472,-1
3769,20559,1424761123,0
3769,20561,1438336235,1
3770,4867,1438237931,1
3770,4200,1438237931,0
3770,2316,1438237931,-1
3770,2316,1438328538,1
3770,4867,1438328538,1
3771,18317,1438270425,0
3771,31350,1438270425,1
3772,2156,1438262571,0
3773,1548,1438175607,0
3774,26222,1438174709,1
3774,30295,1438174709,1
3776,78,1438158851,-1
3776,80,1438158851,0
3776,16442,1438158851,1
3776,16441,1438158851,0
3777,21302,1438092570,0
3779,20870,1438069639,0
3779,20869,1438069639,0
3779,20872,1438069639,0
3779,20871,1438069639,0
3779,14387,1438069639,0
3779,16015,1438069639,1
3779,5775,1438069639,0
3780,4754,1438011469,1
3781,25786,1438005141,1
3783,15901,1438001484,1
3783,20481,1438001484,0
3784,10156,1427512329,0
3784,10156,1427515670,0
3784,35181,1427795284,0
3784,18031,1427795284,0
3784,35180,1428611719,0
3784,10156,1428611719,1
3784,4367,1438000964,1
3784,10156,1438000964,1
3784,35181,1438000964,1
3784,35180,1438000964,-1
3785,2242,1437991976,1
3785,22208,1437992419,0
3786,30220,1437914756,0
3787,30993,1437910452,1
3787,30322,1437910452,0
3787,30224,1437910452,1
3787,30139,1437910452,0
3787,30277,1437910452,0
3787,30932,1437910452,1
3787,30992,1437910452,1
3787,24398,1437910452,0
3787,24405,1437910452,1
3787,25770,1437910452,1
3787,30985,1437910452,1
3787,30931,1437910452,1
3787,30139,1437910452,0
3787,30220,1437910452,1
3787,31021,1437910452,1
3787,30224,1437910452,1
3787,30889,1437910452,1
3787,30894,1437910452,1
3787,30979,1437910452,1
3787,30219,1437910452,1
3787,30309,1437910452,0
3787,30843,1437910452,1
3787,30960,1437910452,1
3787,30224,1437910453,0
3787,30322,1437910453,1
3787,28819,1437910453,0
3787,30277,1437910453,1
3787,30309,1437910453,1
3788,24398,1437910452,-1
3788,24405,1437910452,-1
3789,8635,1437905473,1
3789,8608,1437905473,0
3790,30298,1437812296,1
3790,26286,1437812297,0
3790,30279,1437757054,0
3790,26285,1437812297,0
3790,30299,1437480949,0
3790,30223,1437739269,1
3790,30223,1437554219,0
3790,30930,1437812297,0
3790,30321,1437812297,1
3790,30338,1437812297,0
3790,30853,1437757054,1
3790,30223,1437734119,0
3790,26220,1437484400,-1
3790,26286,1437812297,1
3790,30996,1437812297,0
3790,30223,1437555062,0
3790,30223,1437546857,-1
3790,30321,1437734916,0
3790,26213,1437482294,-1
3790,25942,1437490787,0
3790,30223,1437494785,1
3790,25961,1437734916,0
3790,30223,1437544516,1
3790,30223,1437490787,0
3790,25934,1437546857,0
3790,26274,1437554219,-1
3790,29931,1437812297,0
3790,30223,1437491801,0
3790,26292,1437812297,0
3790,30271,1437757054,1
3790,30300,1437554219,1
3790,30343,1437757054,0
3790,30223,1437484400,1
3790,30223,1437555224,0
3790,25925,1437757054,0
3790,26191,1437564774,1
3790,26232,1437491801,1
3790,31022,1437551598,-1
3790,30417,1437738519,-1
3790,26295,1437812297,0
3790,26244,1437490787,0
3790,30223,1437556802,0
3790,30417,1437812297,1
3790,26293,1437812297,1
3790,30298,1437812297,1
3790,26296,1437812297,0
3790,30902,1437544516,0
3790,25703,1437494786,0
3790,30275,1437494786,1
3790,26214,1437483026,-1
3790,30386,1437490787,1
3790,30662,1437554219,-1
3790,30875,1437812297,0
3790,26297,1437812297,0
3790,30223,1437736596,0
3790,30223,1437480102,1
3790,30280,1437812297,0
3790,29931,1437757054,0
3790,30357,1437812297,0
3790,26206,1437555062,-1
3791,22759,1436905095,0
3791,25672,1437766172,0
3791,26160,1437766172,1
3791,18430,1437766172,1
3791,17606,1437766172,0
3791,1783,1437766172,1
3792,483,1437749249,-1
3793,25962,1437740643,0
3793,30382,1437740643,1
3793,25961,1437740643,1
3793,31042,1437740643,0
3795,23174,1437721675,0
3795,23170,1437721675,1
3795,2316,1437721675,-1
3795,4200,1437721675,1
3795,23174,1437723184,1
3795,2316,1437723184,0
3795,4200,1437723184,0
3795,5814,1437723184,0
3795,4868,1437723184,1
3795,23158,1437723958,0
3795,23174,1437723958,1
3795,4868,1437723958,1
3795,5814,1437723958,0
3796,26155,1437680932,-1
3796,25672,1437680932,0
3796,25751,1437680932,1
3796,26160,1437680932,-1
3796,18430,1437680932,0
3796,14794,1437680932,0
3796,10369,1437680932,-1
3796,1999,1437680932,0
3796,1783,1437680932,-1
3797,229,1437678625,0
3799,20692,1437666682,1
3799,417,1437666682,1
3800,429,1435072472,1
3800,8622,1435072472,1
3800,20830,1435072490,0
3800,30223,1437587658,0
3800,30902,1437587658,1
3800,30299,1437587658,1
3800,25681,1437587658,0
3800,25945,1437587658,0
3800,30223,1437587658,0
3800,30291,1437587658,1
3800,30894,1437587658,0
3800,30889,1437587658,0
3800,30924,1437587658,0
3800,30294,1437587658,0
3800,30307,1437587658,0
3800,25996,1437587659,1
3800,30223,1437587659,0
3800,25942,1437587659,0
3800,25987,1437587659,0
3800,26035,1437587659,0
3800,30914,1437587659,0
3800,30300,1437587659,1
3800,30303,1437587659,0
3800,30337,1437587659,0
3800,30223,1437587659,0
3800,30313,1437587659,0
3800,30351,1437587659,0
3800,30355,1437587659,0
3800,30990,1437587659,1
3800,30979,1437587659,0
3800,30336,1437587659,0
3800,30931,1437587659,0
3800,30329,1437587659,0
3800,30333,1437587659,0
3800,30335,1437587659,0
3800,30324,1437587659,1
3801,20297,1437572342,1
3801,4655,1437572342,1
3802,30687,1437552603,0
3803,10371,1437541411,0
3804,27675,1437493313,1
3804,25902,1437493313,1
3804,25660,1437493313,0
3805,26218,1437474803,-1
3805,30223,1437474803,-1
3805,26202,1437474803,-1
3806,24994,1437473284,-1
3806,24907,1437473284,0
3807,26160,1437467089,1
3807,26174,1437467089,1
3807,26160,1437468810,0
3812,16917,1437404919,0
3813,18528,1437396697,-1
3813,9701,1437396697,-1
3813,10551,1437396697,0
3813,18528,1437396697,-1
3813,9701,1437396697,1
3813,18528,1437396697,1
3813,10551,1437396697,0
3813,9701,1437396697,1
3813,22972,1437396698,0
3813,18528,1437396698,0
3813,9701,1437396698,0
3814,4335,1437396697,1
3815,25769,1437386066,1
3815,26236,1437386066,0
3815,26029,1437386066,0
3815,30986,1437386066,0
3815,25987,1437386066,0
3815,35310,1437386958,0
3815,30223,1437386958,1
3815,35311,1437386958,0
3815,26236,1437396156,0
3815,30223,1437396156,0
3815,25987,1437396156,0
3816,10607,1437298046,1
3816,23062,1437298046,1
3817,17432,1437293796,0
3817,17411,1437293796,1
3817,4709,1437293796,1
3817,1041,1437293796,1
3817,17406,1437293796,0
3817,31385,1437293796,0
3817,31392,1437293796,1
3817,35313,1437293796,1
3817,31382,1437293796,0
3817,31398,1437293796,0
3817,1041,1437294058,0
3817,17406,1437294058,0
3818,35321,1437210493,0
3818,35316,1437210493,0
3818,35321,1437210494,-1
3818,35316,1437210494,-1
3818,18829,1437210494,0
3818,35321,1437210494,1
3818,35321,1437210494,-1
3818,35321,1437210494,-1
3818,35316,1437210494,1
3818,35316,1437210494,-1
3818,35316,1437210494,-1
3818,35321,1437210494,-1
3818,35316,1437210494,-1
3818,18829,1437210494,0
3818,15981,1437210494,0
3818,18829,1437210495,0
3818,35315,1437210495,0
3818,35316,1437210495,1
3818,35321,1437210495,-1
3818,20687,1437210495,0
3818,18829,1437210495,0
3818,4692,1437210495,0
3818,35316,1437210495,-1
3818,35321,1437210495,-1
3818,35318,1437210495,0
3818,18829,1437210495,0
3818,35316,1437210495,1
3818,35321,1437210495,1
3818,20692,1437210496,0
3818,417,1437210496,0
3818,4692,1437210496,1
3818,18829,1437210496,0
3818,15238,1437210496,0
3818,20692,1437210496,-1
3818,18829,1437210496,0
3818,20693,1437210496,0
3818,15238,1437210496,-1
3818,417,1437210496,-1
3818,20686,1437210497,0
3818,20687,1437210497,0
3818,20688,1437210497,0
3818,417,1437210497,0
3819,4356,1437205262,0
3820,21459,1437202353,0
3820,21459,1437203433,0
3821,29618,1437074195,1
3821,29621,1437074195,0
3821,27012,1437074195,1
3821,16502,1437074195,-1
3821,4337,1437074195,1
3821,29618,1437203197,1
3822,1041,1437130347,0
3822,35325,1437130347,0
3822,1041,1437130683,0
3822,17406,1437130683,0
3822,35323,1437130683,1
3823,5592,1437118574,1
3823,15150,1437118936,1
3826,639,1437061982,1
3826,4754,1437061982,1
3826,4755,1437061982,0
3827,14789,1437054590,0
3827,14809,1437054590,0
3827,14788,1437054590,0
3827,14795,1437054590,0
3827,7711,1437055111,0
3827,31684,1437055111,0
3827,31685,1437055111,0
3827,31694,1437055111,0
3827,14789,1437055244,0
3827,14809,1437055244,0
3827,14795,1437055244,0
3827,7711,1437055244,0
3828,26120,1436946164,0
3829,30034,1436864718,0
3830,29665,1436883689,0
3830,26747,1436883689,0
3830,29668,1436883689,0
3830,29678,1436883689,1
3830,29675,1436883689,0
3830,29649,1436883689,0
3830,26751,1436883689,0
3830,15945,1436883689,-1
3830,8540,1436883689,-1
3832,2931,1436857135,1
3832,17171,1436860042,-1
3832,17172,1436860042,-1
3832,17174,1436860042,-1
3833,27380,1436859288,0
3833,25751,1436859288,0
3833,30711,1436859288,0
3834,30100,1436768087,0
3834,25987,1436768087,0
3834,25985,1436768087,1
3834,26236,1436768087,0
3834,26218,1436768087,1
3834,26218,1436774773,-1
3834,25987,1436774773,0
3834,28585,1436774773,0
3834,25985,1436774773,-1
3834,25751,1436776940,1
3834,26218,1436776940,0
3834,28047,1436776940,0
3834,28585,1436776940,1
3834,25985,1436776940,1
3834,25987,1436778570,0
3834,26202,1436778570,1
3834,25985,1436778570,0
3834,25940,1436778570,1
3834,27690,1436784500,0
3834,27353,1436784500,0
3834,30948,1436784500,0
3834,30928,1436784500,0
3834,25987,1436784627,0
3836,24602,1436697523,1
3836,24774,1436697523,1
3836,24771,1436697523,0
3836,24602,1436733757,1
3840,26140,1436691564,1
3840,25961,1436691564,-1
3840,26286,1436691564,1
3841,16813,1436689817,0
3841,4854,1436689817,0
3842,10453,1436686278,0
3842,10456,1436686278,0
3842,10448,1436686278,0
3842,10454,1436686278,0
3842,10365,1436686279,-1
3842,10365,1436686279,0
3842,10456,1436686279,1
3842,10456,1436686280,-1
3842,10432,1436686444,0
3844,24570,1436621893,0
3844,24575,1436621893,1
3844,24573,1436621893,1
3845,24921,1436601457,0
3845,17410,1436601457,1
3845,14855,1436601457,0
3845,31370,1436601457,1
3845,17444,1436601457,1
3845,14782,1436601457,0
3845,14439,1436601457,1
3845,15660,1436601457,0
3845,17462,1436601457,1
3845,17411,1436601457,1
3845,4709,1436601457,1
3845,5499,1436601457,1
3845,5290,1436601457,0
3845,31720,1436601457,0
3845,24876,1436611613,0
3846,25674,1436608715,0
3846,26135,1436608715,0
3846,26120,1436608715,0
3846,30707,1436608715,1
3847,25987,1436604014,0
3847,27707,1436604014,1
3847,26249,1436604014,0
3848,30290,1436596637,1
3850,30670,1436595348,0
3851,15327,1436537911,1
3852,25987,1436531928,0
3852,26248,1436531928,1
3852,26027,1436531928,1
3852,26027,1436538115,-1
3853,29719,1436538114,0
3853,30059,1436538114,1
3853,30056,1436538114,1
3854,5472,1436536317,1
3855,35237,1436527856,0
3856,35195,1436524588,1
3856,35191,1436524588,0
3856,19998,1436526032,1
3856,35192,1436526032,0
3856,35195,1436526032,-1
3856,35187,1436526032,0
3857,35191,1436522841,0
3857,35195,1436522841,0
3858,25736,1436521777,0
3859,5592,1402925224,0
3859,4788,1436518546,0
3859,31670,1436518546,0
3859,15123,1436518546,0
3859,15150,1436518546,0
3860,15826,1436514996,0
3860,15860,1436514996,1
3860,8325,1436514996,0
3861,25987,1436457997,1
3861,26120,1436457997,0
3861,25988,1436457997,1
3861,25935,1436457997,1
3862,26213,1436442348,0
3863,445,1436441288,1
3863,21323,1436441288,1
3864,8608,1436439456,0
3865,7185,1436439070,0
3868,15124,1436434409,1
3868,15107,1436434409,1
3868,15124,1436434575,0
3870,4748,1436423469,-1
3871,16920,1436346177,0
3871,16917,1436346177,0
3871,16919,1436346177,0
3871,16921,1436346177,-1
3871,4869,1436346177,1
3871,4870,1436346177,0
3871,4871,1436346177,0
3871,6038,1436346177,0
3872,601,1436343898,1
3872,2873,1436343898,1
3872,2870,1436343898,1
3873,15132,1436272122,0
3874,4850,1436176438,0
3874,12409,1436176438,1
3875,12155,1436174648,1
3876,26770,1435928964,0
3876,27906,1435928964,0
3876,26274,1435928964,0
3876,29680,1435928964,0
3876,30300,1435928964,0
3876,29679,1435928964,0
3876,27860,1435928964,1
3876,5829,1435936056,0
3876,5844,1435936056,0
3876,5842,1435936056,0
3876,5827,1435936056,1
3876,7530,1435936067,0
3876,8636,1435936072,0
3876,20843,1435936072,0
3876,4704,1435936078,1
3876,14393,1435936078,0
3876,10082,1435936084,1
3876,10090,1435936084,1
3876,10092,1435936084,1
3876,4751,1435936090,1
3876,4751,1435936137,0
3876,9654,1435936137,1
3876,22867,1435936137,0
3876,22834,1435936137,1
3876,17188,1435951216,0
3876,31530,1435953527,0
3876,31520,1435953527,1
3876,22786,1435960763,0
3876,16783,1435960763,0
3876,16783,1435961938,1
3876,22786,1435961938,1
3877,16892,1435851445,1
3877,32903,1435851445,1
3877,32904,1435851445,1
3878,4607,1435830557,1
3878,4608,1435830557,1
3879,24398,1435777845,1
3879,25933,1435777845,0
3879,24825,1435777845,1
3879,19932,1435777845,1
3879,22436,1435777845,1
3879,4335,1435777845,0
3879,4337,1435777845,0
3880,25681,1435775435,0
3880,25666,1435775435,1
3880,25890,1435775435,0
3880,26448,1435775435,1
3880,27663,1435775435,1
3880,25908,1435775435,0
3880,25888,1435775435,0
3880,30694,1435775435,1
3880,25666,1435775641,0
3881,21126,1435764273,0
3881,4733,1435764273,0
3881,21126,1435767436,0
3881,4733,1435767436,0
3883,29537,1435742564,1
3884,5866,1435737368,0
3887,1161,1435655679,0
3887,35195,1435655679,0
3888,4733,1435580694,-1
3888,21124,1435580694,0
3888,18095,1435580694,1
3888,8754,1435580694,1
3888,18095,1435580694,-1
3888,4733,1435580694,1
3888,21124,1435580694,0
3889,7547,1435573135,0
3889,4687,1435573135,1
3889,4690,1435573135,1
3890,32003,1435564944,0
3891,21126,1435493075,1
3891,16070,1435496986,1
3891,21126,1435496986,0
3891,21126,1435497250,1
3891,16070,1435497606,1
3891,21126,1435498142,1
3891,21126,1435500284,0
3891,16070,1435500284,-1
3892,16057,1435426873,1
3895,1852,1435215279,0
3896,5429,1435214089,0
3897,21987,1435203212,0
3897,21978,1435203212,0
3897,516,1435203212,0
3897,522,1435203212,0
3897,524,1435203212,0
3897,9222,1435203212,0
3897,22091,1435203212,0
3897,22066,1435203212,0
3897,21983,1435203212,0
3897,12401,1435203212,1
3898,9956,1435203211,0
3898,9957,1435203211,0
3900,5295,1435081390,0
3900,5275,1435081390,0
3900,5289,1435081390,0
3900,30789,1435081390,0
3900,31316,1435081390,0
3901,30108,1434726949,1
3901,30132,1434726949,-1
3902,24509,1434726571,1
3902,24672,1434726571,0
3903,430,1434641842,0
3903,8625,1434641842,0
3903,8624,1434641842,0
3903,8620,1434641842,1
3903,8621,1434641842,1
3903,428,1434641842,1
3904,24670,1434641602,1
3904,24672,1434641602,1
3904,24675,1434641602,1
3904,24509,1434641602,1
3904,24509,1434641602,-1
3904,24509,1434641602,-1
3905,17201,1434620118,1
3906,24902,1434555340,0
3906,1041,1434555340,0
3906,4709,1434555340,1
3906,17411,1434555340,1
3906,17452,1434555340,1
3906,17468,1434555340,1
3906,17406,1434555340,0
3907,427,1434447864,1
3907,8618,1434447864,1
3907,8617,1434447864,1
3907,20830,1434447864,0
3908,23273,1434443829,1
3908,23281,1434443829,1
3908,17907,1434443829,0
3908,17907,1434443939,0
3909,20830,1434382181,0
3909,8609,1434382181,1
3909,8610,1434382181,1
3909,425,1434382181,1
3909,20830,1434382182,0
3909,8610,1434382182,0
3909,425,1434382182,1
3909,425,1434382182,0
3909,8610,1434382182,1
3909,8609,1434382182,1
3909,20830,1434382182,0
3910,2931,1434367041,-1
3911,26238,1434357860,1
3911,26239,1434357860,1
3911,26237,1434357860,1
3911,26249,1434357860,1
3911,26239,1434361147,0
3911,26238,1434361147,0
3911,26195,1434361147,0
3912,17427,1434318684,1
3912,17467,1434318684,-1
3912,17421,1434318684,0
3912,17457,1434318778,1
3912,17461,1434318778,1
3912,17468,1434318778,1
3912,17452,1434318778,1
3912,17448,1434318778,1
3912,17458,1434318778,1
3912,17474,1434318778,0
3912,17435,1434318778,1
3912,17432,1434318778,1
3912,17475,1434318778,1
3912,17460,1434318778,-1
3912,17438,1434318778,0
3912,17433,1434318778,1
3912,17427,1434318778,0
3912,17430,1434318778,1
3912,17428,1434318778,1
3912,17436,1434318778,1
3912,17462,1434318778,1
3912,17470,1434318778,1
3912,17471,1434318778,1
3912,17469,1434318778,1
3912,17446,1434318778,1
3912,17473,1434318778,0
3912,17447,1434318778,1
3912,17449,1434318778,0
3912,17465,1434318778,1
3912,17455,1434318778,1
3912,17444,1434318778,1
3913,429,1434281442,1
3913,8622,1434281442,1
3913,20830,1434281606,0
3915,8299,1434188595,0
3916,20830,1434123683,0
3916,8621,1434123683,0
3916,428,1434123683,1
3918,8618,1434035676,-1
3918,427,1434035676,-1
3918,8618,1434035676,1
3918,427,1434035676,1
3918,20847,1434035677,1
3919,20830,1434035676,0
3921,24670,1433862702,0
3921,24674,1433862702,0
3921,24509,1433862702,0
3921,24675,1433862702,0
3921,24672,1433862702,0
3921,24672,1433862702,0
3921,24675,1433862702,0
3921,24509,1433862702,1
3921,24507,1433862702,0
3922,426,1433862448,1
3922,8616,1433862448,1
3923,9189,1433798679,1
3923,4812,1433798679,-1
3923,4811,1433798679,-1
3923,4813,1433798679,1
3951,7311,1420335605,-1
3951,15121,1420335605,-1
3964,7886,1431373497,0
3964,7887,1431373497,0
3964,7884,1431373497,0
3964,7883,1431373497,0
3964,7880,1431373497,0
3964,7881,1431373497,0
3964,7882,1431373497,1
3965,31147,1431351663,-1
3965,31146,1431351663,1
3966,4748,1431283455,1
3967,22245,1431267983,0
3967,15114,1431267983,0
3967,12380,1431267983,-1
3967,27240,1431267984,0
3967,16395,1431267984,0
3967,24638,1431267984,0
3967,30056,1431267984,0
3967,31512,1431267984,0
3967,30455,1431267984,0
3967,35326,1431267984,1
3967,35339,1431267984,0
3967,17799,1431267984,0
3967,19539,1431267984,0
3967,9346,1431267984,0
3967,20881,1431267984,0
3967,24632,1431267984,0
3967,24399,1431267984,0
3967,9645,1431267984,0
3967,14473,1431267984,0
3967,5618,1431267984,0
3967,4734,1431267984,0
3967,4321,1431267984,1
3968,26222,1431247921,1
3968,25652,1431247921,0
3968,16499,1431251208,0
3968,26222,1431254463,1
3968,26223,1431254463,0
3968,25652,1431254682,0
3968,16499,1431254682,0
3969,25653,1431243867,0
3969,30896,1431246154,0
3970,9701,1431242312,1
3971,31157,1431194576,0
3972,12111,1431092406,1
3973,12273,1431027235,1
3973,20645,1431027235,1
3973,20645,1431066330,-1
3973,12273,1431066330,1
3973,15932,1431066330,1
3973,15933,1431066330,0
3974,32043,1431061472,0
3978,10306,1428252211,0
3978,4743,1428252211,0
4036,29678,1360658697,0
4036,29638,1360658697,0
4036,29679,1360658697,0
4036,28823,1360658697,0
4036,30677,1360658697,0
4044,26230,1427037161,1
4044,26213,1427037161,0
4044,26241,1427037161,-1
4044,26236,1427037161,0
4044,26191,1427037161,0
4044,26206,1427037161,0
4044,26208,1427037161,0
4044,26248,1427037161,-1
4044,26245,1427037161,1
4044,29710,1427037161,0
4044,26220,1427037161,0
4044,26250,1427037161,0
4044,26226,1427037161,0
4044,26202,1427037161,0
4044,29709,1427037161,0
4044,25987,1427037161,0
4044,30387,1427037161,0
4044,26212,1427037161,0
4044,26215,1427037161,0
4044,26224,1427037161,0
4044,26227,1427037161,0
4044,26244,1427037161,0
4044,26237,1427037161,-1
4044,26239,1427037161,0
4044,30394,1427037161,0
4044,30386,1427037161,0
4044,26256,1427037161,0
4044,26249,1427037161,-1
4044,26252,1427037161,0
4044,26216,1427037161,0
4044,26231,1427037161,0
4044,26238,1427037161,-1
4044,26225,1427037161,0
4044,26190,1427037161,0
4044,26289,1427037161,0
4044,26246,1427037161,0
4044,26218,1427037161,0
4044,26243,1427037161,0
4044,26214,1427037161,0
4044,25800,1427037161,1
4044,26200,1427037161,1
4044,26195,1427037161,0
4044,26232,1427037161,-1
4044,26274,1427037161,0
4044,25751,1427037161,1
4044,28161,1427037161,0
4044,25751,1427108160,0
4064,35071,1428604478,0
4064,35072,1428604478,1
4065,16502,1428589360,0
4065,21050,1428589360,0
4066,20313,1428568260,0
4066,8298,1428568260,0
4066,12086,1428568260,-1
4066,15842,1428568260,0
4067,4688,1428476628,0
4067,4689,1428476628,0
4068,1548,1428325442,0
4068,7618,1428393110,0
4070,9298,1428386833,0
4070,32496,1428386833,0
4071,9249,1428352140,0
4071,9261,1428352140,1
4072,31909,1427960884,0
4072,31909,1427960884,-1
4072,31925,1428024031,0
4072,31912,1428024031,1
4072,31912,1428305927,1
4072,31909,1428305927,1
4072,31925,1428305927,1
4072,31925,1428305936,0
4073,30166,1428217579,0
4073,24398,1428218070,1
4073,24393,1428218807,0
4073,24376,1428218807,1
4075,15104,1428127538,1
4075,15115,1428127538,1
4075,15155,1428127538,0
4075,15156,1428127804,0
4075,15115,1428127804,0
4075,15136,1428127804,0
4075,15135,1428127804,0
4075,15104,1428127804,0
4075,15213,1428127804,0
4075,15214,1428127804,0
4076,9395,1428077461,1
4076,24398,1428077461,1
4077,12107,1428075237,1
4078,26254,1428026478,0
4079,4743,1428026477,-1
4080,24485,1428026477,0
4080,24488,1428026477,0
4080,24491,1428026477,0
4080,24652,1428026477,0
4080,24656,1428026477,0
4080,24489,1428026477,0
4080,24474,1428026477,0
4080,24478,1428026477,0
4080,24654,1428026477,0
4080,24651,1428026477,0
4080,24480,1428026477,0
4080,24490,1428026477,0
4080,24653,1428026477,0
4080,24660,1428026477,0
4080,24657,1428026477,0
4080,24475,1428026477,0
4080,24646,1428026477,0
4080,24655,1428026477,0
4080,24647,1428026477,0
4080,24658,1428026477,0
4080,24475,1428026477,0
4080,24646,1428026477,0
4080,24655,1428026477,0
4080,24653,1428026477,0
4080,24657,1428026477,1
4080,24660,1428026477,0
4080,24658,1428026477,0
4080,24647,1428026477,0
4080,24652,1428026477,0
4080,24488,1428026477,0
4080,24491,1428026477,0
4080,24474,1428026477,0
4080,24478,1428026477,0
4080,24480,1428026477,0
4080,24490,1428026477,0
4080,24651,1428026477,0
4080,24654,1428026477,0
4080,24656,1428026477,0
4080,24489,1428026477,0
4080,24485,1428026477,0
4081,25651,1427997813,0
4081,16951,1427997813,0
4081,21003,1427997813,0
4081,21014,1427997813,0
4081,10159,1427997813,1
4081,12072,1427997813,0
4081,4366,1427997813,-1
4081,4322,1427997813,0
4081,1921,1427997813,1
4081,23409,1427997813,1
4081,25651,1428000418,0
4082,8297,1427964295,1
4082,5276,1427964295,1
4082,20253,1427964295,1
4083,10365,1427962305,0
4084,30417,1427962305,0
4084,31042,1427962305,1
4085,30034,1427912359,0
4085,29717,1427912359,0
4085,30040,1427917613,0
4085,29718,1427917613,0
4086,9683,1427794964,1
4086,9681,1427794964,1
4086,9684,1427794964,0
4086,267,1427794964,1
4086,31625,1427794964,1
4086,15115,1427794965,1
4086,15122,1427794965,1
4087,25751,1427521944,0
4087,25819,1427521944,0
4087,27847,1427521945,1
4087,25819,1427521945,1
4087,27848,1427521945,1
4087,25819,1427788769,0
4087,25751,1427788769,0
4087,25819,1427791101,-1
4087,27848,1427791101,-1
4087,27847,1427791101,-1
4088,30672,1427778810,1
4088,28221,1427778810,1
4088,30059,1427778810,0
4089,24572,1427718302,0
4089,24724,1427718302,1
4089,24724,1427718859,0
4092,1550,1427524848,1
4092,7467,1427524848,0
4093,17498,1420367513,0
4093,15932,1418896734,0
4093,24589,1420553611,0
4093,33333,1424441916,0
4093,29689,1424441916,0
4093,26102,1421844530,0
4093,26071,1421844530,0
4093,29695,1415716914,0
4093,4850,1420453909,0
4093,25100,1419933408,0
4093,26104,1419933405,0
4093,1548,1424952635,-1
4093,25938,1421844530,0
4093,25974,1421844530,0
4093,15930,1420536753,0
4093,29597,1415716914,0
4093,33330,1415803382,0
4093,26128,1421844530,0
4093,26094,1421844530,0
4093,26137,1419933405,0
4093,5431,1420463241,0
4093,26027,1421848049,0
4093,729,1420364340,0
4093,25959,1421848049,0
4093,35480,1415966525,-1
4093,7926,1420381317,1
4093,25751,1423032473,1
4093,25942,1419933401,1
4093,35452,1425298974,-1
4093,35457,1415818208,0
4093,30106,1415951074,0
4093,33323,1422620660,1
4093,21466,1420536753,-1
4093,35442,1425298974,-1
4093,26784,1423828112,0
4093,7293,1416236302,0
4093,25751,1419933407,-1
4093,26136,1419933405,0
4093,33333,1415790445,1
4093,29597,1415966525,0
4093,26125,1419933405,0
4093,16390,1417510659,0
4093,16122,1424952635,0
4093,25958,1419933400,0
4093,33322,1415803382,0
4093,8854,1420193308,-1
4093,25925,1422436467,0
4093,4408,1415966525,-1
4093,35446,1415799631,0
4093,15330,1415891762,-1
4093,30366,1421848049,0
4093,25099,1419933408,0
4093,29931,1420035021,1
4093,30986,1419933409,0
4093,29719,1415526870,0
4093,33325,1423828114,0
4093,15995,1420368816,0
4093,26016,1421844530,0
4093,25974,1421848049,0
4093,25995,1421844530,0
4094,18844,1427402378,0
4094,29689,1427402378,0
4094,16813,1427402378,0
4094,31793,1427402378,0
4094,26103,1427439105,0
4094,4210,1427402378,1
4094,26135,1427439105,0
4094,26109,1427439105,0
4094,1876,1427402378,0
4094,25696,1427402378,0
4094,10372,1427402378,0
4094,31444,1427402378,0
4094,24622,1427402378,0
4094,15933,1427402378,0
4094,245,1427402378,0
4094,33044,1427451572,0
4094,29693,1427402378,0
4094,16385,1427402378,0
4094,29559,1427402378,0
4094,26076,1427439105,0
4094,4831,1427402378,0
4094,4789,1427402378,0
4094,4856,1427402378,0
4094,12416,1427402378,0
4094,200,1427402378,0
4094,34661,1427402378,0
4094,5719,1427402378,0
4094,4819,1427402378,0
4094,4821,1427402378,0
4094,26105,1427439105,0
4094,7079,1427402378,0
4094,26082,1427439105,0
4094,4844,1427402378,0
4094,26131,1427439105,0
4094,5618,1427402378,0
4094,18825,1427402378,0
4094,30028,1427402378,0
4094,18851,1427402378,0
4094,12145,1427402378,0
4094,33039,1427451572,0
4094,5821,1427402378,0
4094,420,1427402378,0
4094,29931,1427402941,0
4094,31219,1427402378,0
4094,34665,1427402378,0
4094,10518,1427402378,0
4094,26097,1427439105,0
4094,415,1427402378,0
4094,229,1427402378,0
4094,16485,1427402378,0
4094,15412,1427402378,0
4094,4807,1427402378,0
4094,33039,1427405045,-1
4094,24637,1427402378,0
4094,29721,1427402378,0
4094,30372,1427439105,0
4094,4408,1427451572,-1
4094,7101,1427402378,0
4094,29712,1427402378,0
4094,24472,1427402378,0
4095,18945,1427359304,0
4095,18945,1427359304,1
4095,18945,1427447653,1
4097,30715,1427380139,1
4097,30163,1427380139,0
4097,28847,1427380139,0
4097,29532,1427380139,0
4098,30694,1427359304,1
4098,32076,1427359304,1
4098,32073,1427359304,0
4098,32072,1427359304,1
4099,17961,1427266083,1
4099,8820,1427285465,0
4099,16144,1427285465,0
4100,27686,1427279111,0
4100,25924,1427279111,1
4101,26190,1427279110,-1
4101,30836,1427279110,1
4101,30257,1427279110,0
4101,26190,1427279111,0
4102,30670,1427279110,0
4102,30715,1427279110,-1
4102,30684,1427279110,0
4102,30719,1427279110,0
4103,25938,1427254838,1
4104,22085,1427232394,1
4104,32496,1427232394,1
4104,9222,1427232394,0
4104,9298,1427232394,1
4104,4602,1427232394,1
4104,4817,1427232394,1
4106,26256,1427108156,-1
4106,26256,1427108158,1
4106,26256,1427108163,1
4106,25925,1427108163,0
4107,33338,1427105070,0
4107,5862,1427105070,0
4108,26274,1427090212,0
4108,519,1427090212,0
4108,26190,1427090212,0
4108,34824,1427090212,0
4108,30387,1427090212,0
4108,26239,1427090212,1
4108,18534,1427090212,0
4108,9249,1427090212,0
4108,26238,1427090212,1
4108,26225,1427090212,1
4108,30025,1427090212,0
4108,26248,1427090212,1
4108,602,1427090212,0
4108,26220,1427090212,0
4108,25924,1427090212,1
4108,9261,1427090212,-1
4108,26252,1427090212,0
4108,514,1427090212,0
4108,26245,1427090212,-1
4108,26227,1427090212,1
4108,10551,1427090212,0
4108,9802,1427090212,0
4108,26215,1427090212,0
4108,17200,1427090212,0
4108,32234,1427090212,1
4108,25751,1427090212,-1
4108,28415,1427090212,0
4108,9804,1427090212,0
4108,26224,1427090212,1
4108,30394,1427090212,0
4108,26213,1427090212,0
4108,4589,1427090212,0
4108,31324,1427090212,0
4108,26249,1427090212,1
4108,26206,1427090212,0
4108,26244,1427090212,0
4108,26241,1427090212,1
4108,26216,1427090212,0
4108,520,1427090212,0
4108,26195,1427090212,0
4108,9189,1427090212,0
4108,32233,1427090212,0
4108,16498,1427090212,1
4108,26232,1427090212,1
4108,25919,1427090212,0
4108,26208,1427090212,0
4108,26191,1427090212,0
4108,98,1427090212,0
4108,26200,1427090212,-1
4108,10338,1427090212,-1
4108,26212,1427090212,0
4108,4688,1427090212,1
4108,28559,1427090212,0
4108,10550,1427090212,0
4108,99,1427090212,0
4108,12155,1427090212,0
4108,10519,1427090212,-1
4108,26237,1427090212,1
4108,33196,1427090212,-1
4108,31220,1427090212,0
4109,17201,1427038095,-1
4109,25919,1427038095,0
4109,25924,1427038095,-1
4109,17200,1427038095,0
4109,32233,1427038095,0
4109,32234,1427038095,-1
4109,31257,1427038599,0
4109,10551,1427038599,0
4109,16498,1427038599,-1
4109,10550,1427038599,0
4110,12155,1426937803,0
4110,99,1426937803,0
4110,98,1426937803,0
4111,4688,1426936356,-1
4113,25925,1426923103,1
4113,26256,1426923103,1
4113,30223,1426925300,1
4113,26256,1426925300,-1
4113,28416,1426925300,0
4113,28415,1426925300,0
4113,26262,1426928758,0
4113,25925,1426928758,0
4113,28416,1426928758,0
4113,26256,1426928758,0
4113,28415,1426928758,0
4113,28382,1426928758,0
4113,25925,1426928824,0
4114,30660,1426919904,1
4115,9249,1426883808,0
4115,514,1426883808,0
4115,520,1426883808,0
4115,519,1426883808,0
4115,521,1426883808,1
4115,9261,1426883808,1
4116,519,1426870623,0
4117,34556,1426870497,0
4117,5412,1426870497,0
4118,5862,1426866191,0
4118,10338,1426866191,1
4122,29709,1426776465,0
4122,29710,1426776465,0
4123,9189,1426768384,0
4123,4813,1426768384,1
4126,27675,1426750197,1
4126,25902,1426750197,0
4126,25660,1426750197,0
4129,29619,1426746696,1
4129,27004,1426746696,0
4129,24398,1426746696,1
4129,24406,1426746696,0
4129,29621,1426746696,0
4130,22148,1426678236,0
4130,9314,1426745398,0
4131,31220,1426682870,1
4131,31222,1426682870,1
4131,35270,1426682870,1
4131,31217,1426682870,0
4132,4822,1426678236,0
4132,9316,1426678236,1
4133,16182,1426664134,0
4133,16124,1426664134,0
4133,4743,1426664134,1
4133,10079,1426664134,0
4133,446,1426664134,0
4133,2010,1426664134,1
4135,25700,1426579986,0
4136,4337,1426542364,-1
4136,9395,1426542364,1
4136,9395,1426575935,1
4137,9189,1426492752,1
4137,1573,1426492752,1
4138,80,1426413111,0
4138,9336,1426413111,-1
4138,9336,1426419511,0
4139,25965,1426414088,0
4139,26034,1426414088,0
4139,26078,1426414088,0
4139,25651,1426414088,0
4139,26074,1426414088,0
4140,25929,1426409451,0
4141,25713,1426355842,0
4141,30694,1426355842,1
4141,28833,1426355842,0
4142,29536,1426339808,1
4142,29613,1426339808,1
4142,30672,1426339808,1
4142,26217,1426339808,0
4142,26215,1426339808,1
4142,26283,1426339808,-1
4142,26231,1426339808,-1
4142,17670,1426339808,0
4142,25660,1426339808,0
4142,10306,1426339808,0
4142,16769,1426339808,1
4142,10365,1426339808,0
4142,4654,1426339808,0
4142,30108,1426339808,1
4142,26250,1426339808,0
4142,29537,1426339808,-1
4144,7806,1426267946,1
4144,481,1426267946,0
4147,25960,1426088019,1
4147,26005,1426088019,1
4147,27016,1426088019,0
4147,27015,1426088019,0
4147,25987,1426088019,1
4147,25988,1426088019,1
4147,25935,1426088019,1
4148,26197,1426064526,0
4148,26222,1426064526,1
4148,25652,1426064526,0
4148,25653,1426064526,1
4148,16499,1426064526,1
4148,26196,1426064526,0
4148,8118,1426064526,1
4148,540,1426064526,0
4148,16499,1426066208,0
4149,4321,1426038139,-1
4149,16951,1426038139,0
4150,30092,1426016254,0
4151,10038,1426013731,0
4151,10044,1426013731,0
4151,10051,1426013731,0
4151,10037,1426013731,0
4154,10051,1425896999,0
4155,10051,1425896998,0
4155,10055,1425896998,0
4156,31736,1425895711,1
4156,5290,1425895711,1
4156,7712,1425895711,0
4156,14873,1425895779,0
4156,14782,1425895779,0
4156,14820,1425895779,0
4157,7712,1425895578,1
4157,14820,1425895592,1
4158,4414,1425801098,1
4159,26482,1425795495,0
4159,31720,1425795495,0
4159,4394,1425795495,0
4159,26488,1425795495,0
4159,16602,1425795495,0
4159,16610,1425795495,0
4159,28509,1425795495,0
4159,26959,1425795495,0
4159,16605,1425795495,0
4159,16398,1425795495,0
4159,26567,1425795495,0
4159,26608,1425795495,0
4159,8664,1425795495,0
4159,28511,1425795495,0
4159,9419,1425795495,0
4159,27731,1425795495,0
4159,31043,1425795495,0
4159,9425,1425795495,0
4159,1353,1425795496,0
4159,4395,1425795495,0
4159,26572,1425795495,0
4159,16618,1425795495,0
4159,16621,1425795495,0
4159,26569,1425795495,0
4159,26549,1425795495,0
4159,27197,1425795495,0
4159,16613,1425795495,0
4159,16604,1425795495,0
4159,16587,1425795495,0
4159,26581,1425795495,0
4159,14855,1425795495,0
4159,27198,1425795495,0
4159,27732,1425795495,0
4159,26547,1425795495,0
4159,26580,1425795495,0
4159,27196,1425795495,0
4159,27686,1425795495,0
4159,28528,1425795495,0
4159,27733,1425795495,0
4159,16611,1425795495,0
4159,26903,1425795495,0
4159,16191,1425795495,0
4159,26579,1425795495,0
4159,26512,1425795495,0
4159,16619,1425795495,0
4159,27730,1425795495,0
4159,26548,1425795495,0
4159,16194,1425795495,0
4159,8650,1425795495,0
4159,35213,1425795495,0
4159,25926,1425795496,0
4159,35210,1425795495,0
4159,31046,1425795495,0
4159,28397,1425795495,0
4159,16622,1425795495,0
4159,17501,1425795495,0
4159,16612,1425795495,0
4159,16603,1425795495,0
4159,26568,1425795495,0
4159,16614,1425795495,0
4162,2141,1425640374,-1
4163,35192,1425635138,0
4164,25782,1425631785,1
4164,25781,1425631785,1
4164,30322,1425631785,0
4164,30972,1425631785,1
4164,26004,1425631785,0
4164,25987,1425631785,0
4165,29692,1424517680,0
4165,30142,1424517680,0
4165,27125,1424517680,0
4165,30118,1424517680,0
4165,30911,1424528996,0
4165,29692,1424530821,1
4165,29691,1424533182,0
4165,29692,1424533182,1
4165,29693,1424533182,0
4165,29693,1425630941,0
4165,29691,1425630941,0
4166,4210,1425627517,1
4167,26089,1423733359,1
4167,4367,1423733359,1
4167,4367,1423736275,1
4167,26089,1423736275,0
4167,4367,1425623860,0
4168,15633,1425466692,1
4168,15620,1425466692,-1
4168,15617,1425466692,0
4168,15624,1425466692,0
4168,7699,1425466692,1
4168,7704,1425466692,0
4168,7703,1425466692,-1
4168,4705,1425466692,0
4168,7699,1425571356,0
4168,15633,1425571356,0
4168,7704,1425580277,0
4168,7699,1425580277,0
4168,15624,1425580277,0
4168,15633,1425580277,0
4169,15633,1425559030,1
4169,15624,1425559030,0
4169,15638,1425559030,0
4169,15617,1425559030,1
4169,15639,1425559030,0
4169,7699,1425559030,1
4169,7704,1425559030,0
4169,4705,1425559030,1
4170,10338,1425502895,1
4170,5966,1425502895,0
4170,5862,1425502895,0
4171,10283,1425472036,0
4171,10285,1425472036,1
4171,10278,1425472036,0
4172,26256,1425405037,0
4172,26256,1425448457,0
4172,28446,1425448457,0
4172,26256,1425466053,0
4172,25925,1425466053,0
4174,15220,1425434560,1
4175,15633,1425389239,0
4175,15624,1425389239,0
4175,7704,1425389240,1
4175,7699,1425389240,1
4176,30105,1425389239,0
4180,30322,1425305640,1
4180,30322,1425305745,0
4180,30907,1425353758,0
4180,30322,1425353769,0
4181,33114,1425323094,1
4182,10037,1425321175,0
4182,10031,1425321175,1
4183,540,1425318952,0
4184,20476,1423644116,0
4184,20477,1423644116,0
4184,7269,1423644116,0
4184,4664,1423644116,0
4184,4665,1423644116,0
4184,20477,1425318825,0
4184,7270,1425318825,0
4184,7269,1425318825,1
4184,4664,1425318825,1
4184,4665,1425318825,1
4184,15901,1425318825,-1
4185,30719,1425280684,1
4185,27496,1425280684,1
4186,25687,1425280544,-1
4186,9306,1425280544,1
4186,26457,1425280544,1
4188,30070,1424833098,1
4188,27212,1424840257,0
4188,30070,1424840257,0
4188,27212,1424845760,-1
4188,27212,1424933966,0
4188,27212,1425274744,1
4189,74,1425198289,0
4189,8369,1425198289,1
4189,15804,1425198289,-1
4190,18824,1425140025,-1
4190,4354,1425146605,0
4190,4743,1425140025,0
4190,16383,1425145776,0
4190,18851,1425148387,0
4190,15124,1425144441,0
4190,24573,1425140025,0
4190,18837,1425144441,0
4190,12355,1425142361,0
4190,5418,1425142361,0
4190,29718,1425136845,0
4190,25738,1425136845,0
4190,10372,1425145776,1
4190,10041,1425144441,0
4190,7266,1425140025,0
4190,19542,1425140025,0
4190,15978,1425142361,0
4190,444,1425142361,0
4190,21127,1425142361,0
4190,32093,1425148387,0
4190,4210,1425195438,0
4190,32046,1425148387,0
4190,24480,1425140025,0
4190,31219,1425140025,0
4190,12416,1425148387,0
4190,12273,1425140025,-1
4190,24570,1425140025,0
4190,4844,1425148387,0
4190,729,1425148387,0
4190,12363,1425144441,0
4190,7752,1425142361,1
4190,31199,1425140025,0
4190,4655,1425140025,-1
4190,18823,1425140025,0
4190,29719,1425136845,0
4190,34649,1425142361,0
4190,24593,1425140025,0
4190,5810,1425145776,0
4190,30028,1425136845,0
4190,33105,1425140025,0
4190,24637,1425140025,0
4190,24472,1425140025,0
4190,33102,1425140025,0
4190,15774,1425140025,1
4190,8557,1425144441,0
4190,10076,1425140025,0
4190,15911,1425140025,0
4190,20509,1425140025,0
4190,22775,1425148387,0
4190,16790,1425148387,0
4190,34665,1425142361,0
4190,20778,1425142361,0
4190,80,1425146605,1
4190,4453,1425140025,0
4190,4210,1425136845,1
4190,4454,1425144441,0
4190,24619,1425140025,0
4190,30054,1425136845,0
4190,15491,1425144441,-1
4190,5616,1425140025,0
4191,8767,1425120480,0
4192,14541,1425104432,1
4192,4877,1425104432,-1
4192,4876,1425104432,0
4192,7758,1425104432,0
4192,23396,1425104432,0
4194,7712,1424954028,-1
4194,14820,1424954028,-1
4195,10283,1424950293,0
4195,10279,1424950293,0
4195,10285,1424950293,1
4195,10281,1424950293,1
4196,34561,1424946187,-1
4196,24845,1424946187,0
4196,602,1424946658,0
4196,5485,1424946658,0
4197,2030,1424941959,1
4197,4755,1424941959,0
4198,4663,1424877876,1
4198,407,1424877876,1
4198,302,1424877876,0
4198,301,1424877876,1
4198,8419,1424877876,0
4198,18384,1424877876,0
4198,8424,1424877876,0
4200,25751,1424846382,1
4201,32496,1424724141,0
4202,32496,1422186422,1
4202,9298,1424723871,0
4203,20460,1424675020,1
4203,8424,1424675020,0
4203,8430,1424675020,1
4203,20468,1424675020,0
4203,18384,1424675020,1
4203,8419,1424675020,0
4203,8432,1424675020,0
4203,8437,1424675020,0
4203,8440,1424675020,0
4203,8435,1424675020,0
4203,8429,1424675020,1
4203,8436,1424675020,1
4203,8425,1424675020,0
4203,8428,1424675020,1
4203,8434,1424675020,0
4203,8446,1424675020,0
4203,8427,1424675020,0
4203,8420,1424675020,0
4203,8423,1424675020,0
4203,301,1424675020,0
4203,302,1424675020,0
4203,407,1424675020,-1
4203,4663,1424675020,0
4203,20466,1424675020,0
4203,20470,1424675020,1
4204,1579,1424618252,0
4205,29649,1424599127,1
4205,29649,1424616949,0
4205,29649,1424617987,0
4206,26252,1424617901,1
4206,27977,1424617901,0
4207,26897,1423974425,0
4207,29640,1423974425,1
4207,29640,1424599679,1
4208,26089,1424593635,0
4208,4367,1424593635,1
4208,26089,1424595011,0
4208,4367,1424595011,1
4208,4367,1424595855,0
4210,26214,1424271286,1
4210,34808,1424271286,1
4210,34811,1424271286,1
4210,30082,1424271286,1
4210,34814,1424271286,0
4210,34813,1424271286,0
4210,32248,1424271286,1
4210,34808,1424511204,0
4210,34811,1424511204,0
4210,26214,1424511204,0
4210,28830,1424511204,0
4210,34813,1424511204,0
4210,34814,1424511204,0
4210,31687,1424511204,0
4210,32248,1424511204,0
4210,14791,1424511204,0
4210,32248,1424512601,0
4210,34808,1424512601,0
4210,27941,1424513562,0
4210,32248,1424513562,0
4211,33047,1424505347,0
4211,33196,1424505347,0
4211,33176,1424505347,0
4211,4408,1424505347,0
4212,8369,1424439618,1
4212,74,1424439618,1
4213,602,1424337354,1
4213,602,1424337688,1
4213,35480,1424339573,1
4213,35480,1424341495,0
4214,24635,1424330016,0
4215,4484,1424329652,0
4216,4484,1424327647,0
4216,4484,1424327669,0
4217,35557,1419331245,0
4217,19991,1419331245,0
4217,5843,1419331245,0
4217,5833,1419331245,0
4217,5842,1419331245,0
4217,5821,1419331245,0
4217,5825,1419331245,0
4217,5832,1419331245,0
4217,5839,1419331245,0
4217,5275,1419331245,0
4217,5820,1419331245,0
4217,5827,1419331245,0
4217,5819,1419331245,0
4217,5831,1419331245,0
4217,5823,1419331245,0
4217,5836,1419331245,0
4217,5822,1419331245,0
4217,5829,1419331245,0
4217,5835,1419331245,0
4217,5837,1419331245,0
4217,5833,1424250048,1
4217,5822,1424250048,-1
4217,5821,1424250048,0
4217,5832,1424250048,1
4217,5820,1424250048,1
4217,5822,1424250048,1
4217,5822,1424250049,1
4217,5829,1424250049,1
4217,5833,1424250049,1
4217,5834,1424250049,0
4217,5829,1424250049,0
4217,5837,1424250049,0
4217,5827,1424250049,-1
4217,5825,1424250049,1
4217,5825,1424250049,0
4217,5825,1424250049,1
4217,5839,1424250049,0
4217,5842,1424250049,0
4217,5827,1424250049,1
4217,5843,1424250049,0
4217,5829,1424250049,-1
4217,5837,1424250049,1
4217,5842,1424250050,-1
4217,5827,1424250050,-1
4217,5825,1424250565,-1
4217,5832,1424250565,0
4217,5821,1424250565,0
4217,5840,1424250565,0
4217,5833,1424250565,0
4217,5834,1424250565,0
4217,5827,1424250565,0
4217,5837,1424250565,0
4217,5829,1424250565,1
4217,5822,1424250565,0
4219,25643,1424248717,0
4219,25642,1424248717,1
4219,25988,1424248717,1
4219,25645,1424248717,0
4221,26242,1424242198,0
4222,31101,1424216419,1
4222,33104,1424216419,0
4222,30740,1424216419,1
4222,33104,1424220332,1
4223,483,1424128332,1
4223,12383,1424128332,0
4223,12142,1424128332,0
4223,35302,1424128332,0
4223,35303,1424128332,0
4225,18033,1424085131,0
4225,35323,1424085131,0
4225,31382,1424085131,0
4225,35325,1424085131,0
4225,35325,1424089457,1
4225,35484,1424089457,1
4225,24907,1424089457,0
4225,35482,1424089457,1
4225,35323,1424089457,1
4225,35485,1424089457,0
4225,35483,1424089457,0
4226,10055,1424051818,1
4226,10044,1424051818,0
4226,10043,1424051818,0
4227,4651,1424020065,0
4228,25986,1424019530,0
4229,35214,1423922931,0
4229,26003,1423922931,0
4229,28814,1423922931,0
4229,31193,1423922931,0
4229,35390,1423922931,0
4229,9915,1423922931,0
4229,10550,1423922931,0
4229,8125,1423922931,-1
4229,7268,1423922931,-1
4229,381,1423922931,0
4229,25751,1423922931,0
4229,25998,1423922931,0
4229,19936,1423922931,-1
4229,24215,1423922931,-1
4229,25924,1423922931,1
4229,25968,1423922931,-1
4229,16498,1423922931,-1
4229,17808,1423922931,-1
4229,22439,1423922931,0
4229,22609,1423922931,0
4229,35215,1423922931,0
4229,35392,1423922931,0
4229,30277,1423922931,0
4229,27712,1423922931,0
4229,28811,1423922931,0
4229,28810,1423922931,0
4229,28806,1423922931,0
4229,28805,1423922931,0
4229,28812,1423922931,0
4229,28817,1423922931,0
4229,27253,1423922931,1
4229,31257,1423922931,0
4229,30322,1423922931,0
4229,25968,1423923612,0
4229,25774,1423923612,0
4229,15760,1423924179,0
4229,25968,1423924179,1
4229,2931,1423924632,0
4229,8125,1424015964,1
4229,381,1424015964,1
4229,15760,1424015964,1
4229,19936,1424015964,1
4229,17808,1424015964,1
4230,35064,1424015408,0
4231,16502,1424013602,1
4232,26157,1423967718,0
4232,26157,1424009982,0
4234,8945,1424000102,0
4235,4689,1423999402,0
4236,10281,1423996335,1
4236,10279,1423996335,1
4238,29666,1423988231,1
4238,29678,1423988231,-1
4239,31147,1423921957,1
4239,31157,1423921957,0
4239,31179,1423922214,0
4239,31147,1423922214,0
4239,31177,1423922214,0
4240,481,1423921227,0
4241,30143,1423906763,0
4241,25693,1423906763,0
4241,25726,1423906763,0
4241,25696,1423906763,1
4241,17406,1423911493,0
4241,16233,1423911493,1
4241,1041,1423911493,0
4241,17498,1423912332,0
4244,9208,1423751731,0
4244,9207,1423751731,1
4245,4664,1423750789,0
4245,5431,1423750789,0
4245,7869,1423750789,0
4245,15412,1423750789,0
4245,12316,1423750789,0
4245,24601,1423750789,0
4245,24480,1423750789,0
4245,24593,1423750789,0
4245,24472,1423750789,0
4245,24607,1423750789,0
4245,19542,1423750789,0
4245,31219,1423750789,0
4245,34661,1423750790,0
4245,34665,1423750790,0
4245,34655,1423750790,0
4245,34631,1423750790,0
4245,17406,1423750790,0
4245,17768,1423750790,0
4245,34649,1423750790,0
4245,18837,1423750790,0
4245,10076,1423750790,0
4245,12355,1423750790,0
4245,12364,1423750790,0
4245,18833,1423750790,0
4245,15413,1423750790,0
4245,8854,1423750790,0
4245,15933,1423750790,0
4245,245,1423750790,0
4245,1041,1423750790,0
4245,5810,1423750790,0
4245,4454,1423750790,0
4245,8915,1423750790,0
4245,7293,1423750790,0
4245,8538,1423750790,0
4245,9778,1423750791,0
4245,9206,1423750791,0
4245,18844,1423750791,0
4245,12408,1423750791,0
4245,15330,1423750791,0
4245,4821,1423750791,0
4245,4831,1423750791,0
4245,729,1423750791,0
4245,2277,1423750791,0
4245,200,1423750791,0
4245,197,1423750791,0
4245,22882,1423750791,0
4245,17775,1423750791,0
4245,18849,1423750791,0
4245,16385,1423750791,0
4245,32093,1423750791,0
4246,2079,1423748925,1
4246,98,1423748925,1
4246,4769,1423748925,1
4250,17407,1419210510,1
4250,17411,1419210510,1
4250,35527,1419210510,1
4250,32254,1423704265,0
4252,14471,1423636959,0
4252,14475,1423636959,0
4252,14470,1423636959,0
4252,14473,1423636959,0
4252,11423,1423636959,0
4252,11422,1423636959,0
4252,9785,1423636959,-1
4252,9784,1423636959,0
4252,5500,1423636959,0
4252,5495,1423636959,0
4252,5494,1423636959,0
4252,5496,1423636959,0
4252,5498,1423636959,0
4252,19539,1423636959,0
4252,4608,1423640440,0
4252,4607,1423640440,-1
4253,7294,1423575201,1
4253,446,1423575201,0
4253,16119,1423575201,0
4254,4482,1423562227,0
4254,4414,1423562227,0
4254,9963,1423562227,0
4254,24314,1423562227,0
4254,24315,1423562227,0
4254,4482,1423571287,0
4255,4854,1423558039,1
4255,16821,1423558039,1
4257,27702,1423551282,1
4257,25988,1423551282,0
4258,31220,1422589575,-1
4258,31220,1423547801,1
4258,35270,1423547801,1
4258,31217,1423547801,0
4259,29694,1423204795,0
4259,29688,1423204795,0
4259,30063,1423204795,0
4259,16484,1423204795,0
4259,4852,1423204795,0
4259,25741,1423204795,0
4259,25726,1423204795,0
4259,29688,1423204795,0
4259,29584,1423204795,0
4259,30056,1423204795,0
4259,30047,1423204795,0
4259,30063,1423204795,0
4259,30061,1423204795,0
4259,30031,1423204795,0
4259,29621,1423204795,0
4259,30050,1423204795,0
4259,29694,1423204795,0
4259,30036,1423204795,0
4259,29711,1423204795,0
4259,29596,1423204795,0
4259,29635,1423204795,0
4259,30029,1423204795,0
4259,30053,1423204795,0
4259,25696,1423216596,0
4259,25696,1423216721,0
4259,25964,1423297932,0
4259,26013,1423297932,0
4259,25987,1423297932,0
4259,29717,1423299538,0
4259,29695,1423299538,1
4259,29689,1423299538,0
4259,25731,1423299538,0
4259,4210,1423299538,1
4259,25738,1423302603,-1
4259,27065,1423302603,0
4259,28427,1423302603,0
4259,25731,1423302603,0
4259,27829,1423302603,0
4259,27831,1423302603,0
4259,28428,1423302603,0
4259,4210,1423303727,1
4259,29717,1423303727,0
4259,30048,1423303727,0
4259,29718,1423303727,0
4259,30051,1423303727,0
4259,29721,1423303727,0
4259,30036,1423303727,0
4259,30031,1423303727,0
4259,29719,1423465727,0
4259,30056,1423465727,-1
4259,29585,1423475331,1
4259,29584,1423475331,0
4259,29597,1423475331,1
4259,29649,1423478863,1
4259,29637,1423478863,0
4259,33334,1423546497,0
4260,25770,1423466909,0
4261,2030,1423229033,1
4261,4755,1423229033,0
4262,24791,1423228499,0
4262,24807,1423228499,0
4265,33104,1423221911,1
4266,17690,1423204264,0
4266,21545,1423204264,1
4266,16338,1423204264,1
4266,21543,1423204264,0
4266,12365,1423204264,1
4266,21543,1423204507,0
4266,21545,1423204507,0
4266,17690,1423204507,0
4268,26087,1418150344,0
4268,4369,1418150344,1
4268,4369,1418152230,0
4268,26155,1418152659,-1
4268,27790,1423147883,0
4268,27891,1423147883,0
4268,25661,1423147883,0
4268,28018,1423147883,0
4268,28068,1423147883,0
4268,26742,1423147883,0
4268,26717,1423147883,0
4268,27515,1423147883,0
4268,27772,1423147883,0
4268,27888,1423147883,0
4268,26962,1423147883,0
4268,27612,1423147883,0
4268,28660,1423147883,0
4268,27905,1423147883,0
4268,28048,1423147883,0
4268,28146,1423147883,0
4268,28132,1423147883,0
4268,28210,1423147883,0
4268,27945,1423147883,0
4268,28736,1423147883,0
4268,28850,1423147883,0
4268,28705,1423147883,0
4268,28285,1423147883,0
4268,27589,1423147883,0
4268,27889,1423147883,0
4268,28305,1423147883,0
4268,28302,1423147883,0
4268,30815,1423147883,0
4268,28580,1423147883,0
4268,28194,1423147883,0
4268,28038,1423147883,0
4268,28739,1423147883,0
4268,28706,1423147883,0
4268,28719,1423147883,0
4268,28708,1423147883,0
4268,28704,1423147883,0
4268,28379,1423147883,0
4268,28494,1423147883,0
4268,27675,1423147883,1
4268,25902,1423147883,0
4268,22668,1423147883,0
4268,25649,1423147883,0
4268,25902,1423147883,0
4268,24398,1423147883,0
4268,25700,1423147883,1
4268,30719,1423147883,1
4268,31096,1423147883,0
4268,25650,1423147883,0
4268,25660,1423147883,0
4268,25662,1423147883,0
4268,24399,1423147883,0
4268,4335,1423147883,0
4268,4337,1423147883,0
4268,27732,1423147884,0
4268,27734,1423147884,0
4269,34561,1423123509,0
4270,30319,1418046633,0
4270,29559,1418046633,1
4270,26160,1418046633,0
4270,25780,1418046633,0
4270,30945,1418046633,1
4270,29931,1418046633,0
4270,29931,1418048373,0
4270,30945,1418048373,1
4270,30319,1418048373,0
4270,29559,1418048373,1
4270,25780,1418048373,0
4270,26160,1418048373,1
4270,26160,1418136492,0
4270,29559,1418807738,-1
4270,8298,1423054622,0
4270,8299,1423054622,0
4270,4313,1423054622,1
4271,19936,1422910430,0
4271,16498,1422910430,1
4271,17808,1422910430,0
4271,8125,1422910430,1
4271,8125,1422950020,0
4271,16498,1422950020,0
4275,7210,1422594149,0
4275,4612,1422594149,0
4275,7895,1422594149,0
4275,19517,1422594149,0
4275,32607,1422594149,0
4275,19518,1422594149,0
4277,4754,1422535536,0
4278,5862,1422531195,0
4278,5863,1422531195,0
4278,5863,1422534655,0
4278,5862,1422534655,0
4279,18108,1422515598,0
4279,12145,1422515598,0
4279,20875,1422515598,0
4280,34444,1422437554,1
4280,35515,1422437554,0
4281,14821,1422436757,0
4281,5472,1422436757,0
4283,9827,1422280216,0
4283,9828,1422280216,0
4283,5299,1422280216,0
4283,9827,1422280384,0
4284,4690,1422280017,1
4284,416,1422280017,1
4284,4687,1422280017,1
4286,25751,1422004606,0
4287,27297,1421930512,-1
4287,20131,1421930512,0
4287,30110,1421930512,0
4287,28803,1421930512,0
4288,24365,1421922355,0
4290,26063,1421833902,0
4290,25969,1421833902,1
4290,25974,1421833902,0
4290,26140,1421833902,0
4290,25751,1421833902,0
4290,25972,1421833902,1
4290,25996,1421833902,0
4290,25977,1421833902,-1
4290,25999,1421833902,0
4290,25953,1421833902,-1
4290,25960,1421833902,0
4290,25990,1421833902,-1
4290,26038,1421833902,-1
4290,25925,1421833902,1
4290,26131,1421833902,0
4290,26124,1421833902,0
4290,26222,1421833902,0
4290,25964,1421833902,-1
4290,26108,1421833902,-1
4290,26166,1421833902,0
4290,26022,1421833902,1
4290,26026,1421833902,-1
4290,30372,1421833902,-1
4290,26145,1421833902,0
4290,26120,1421833902,0
4290,26136,1421833902,0
4290,25936,1421833902,0
4290,25987,1421833902,1
4291,15997,1421788203,1
4292,35527,1421161126,1
4292,35525,1421161126,-1
4292,35543,1421161126,0
4292,35526,1421161126,0
4292,35542,1421161126,0
4292,17976,1421161126,-1
4292,21220,1421161126,0
4292,21221,1421161126,0
4292,17995,1421161126,0
4292,18005,1421161126,0
4292,21198,1421161126,0
4292,17977,1421161126,0
4292,10580,1421161126,1
4292,16077,1421161126,0
4292,8763,1421245741,1
4292,21175,1421245741,-1
4292,11407,1421245741,-1
4292,21221,1421245741,1
4292,21220,1421245741,1
4292,17976,1421245741,0
4292,35526,1421245741,0
4292,35521,1421245741,-1
4292,35537,1421245741,0
4292,35525,1421245741,0
4292,35536,1421245741,0
4292,35527,1421245741,1
4293,26136,1421674346,1
4294,25652,1403762437,1
4294,26236,1403762437,1
4294,26223,1421586354,1
4294,21340,1421586354,0
4294,26222,1421586354,1
4294,25652,1421586354,-1
4294,26197,1421586354,0
4294,26207,1421586354,0
4294,25653,1421586354,1
4294,26236,1421586354,-1
4294,25991,1421586354,1
4294,26196,1421586354,0
4294,25974,1421586482,1
4294,26222,1421586482,-1
4294,8847,1421587168,0
4294,25653,1421587168,1
4294,26222,1421587168,1
4294,25653,1421588672,0
4294,26222,1421588672,1
4294,16499,1421589234,1
4294,8118,1421589234,1
4294,26196,1421595236,0
4294,26207,1421595236,0
4294,26222,1421595236,-1
4294,30253,1421595236,0
4294,27800,1421597907,0
4294,540,1421597907,0
4294,26222,1421598463,-1
4294,30895,1421598463,1
4294,30295,1421598463,1
4294,20433,1421612562,0
4294,26222,1421660431,0
4296,25751,1421561426,0
4296,30293,1421561426,0
4296,30687,1421561426,0
4296,35549,1421561426,1
4296,25751,1421561426,0
4296,27108,1421561426,0
4296,30891,1421561426,1
4296,30293,1421561426,0
4296,27313,1421561426,0
4296,30220,1421561426,0
4296,25760,1421564433,0
4296,25819,1421570527,1
4296,26202,1421570527,0
4296,29931,1421570527,0
4296,30105,1421570527,0
4296,27313,1421570527,1
4296,26252,1421570527,0
4296,27312,1421570527,0
4296,30293,1421570527,0
4296,26236,1421570527,0
4296,26251,1421570527,0
4296,25751,1421570527,1
4296,25760,1421570527,0
4296,28656,1421573713,0
4296,28655,1421573713,0
4296,27088,1421573713,-1
4296,25760,1421573713,0
4296,25819,1421576863,0
4296,30105,1421576863,0
4296,26202,1421576863,0
4296,26252,1421576863,0
4296,26236,1421576863,0
4298,8369,1421550823,1
4298,74,1421550823,1
4301,26018,1421412673,0
4301,26016,1421412673,0
4301,26022,1421412673,0
4301,25977,1421398404,0
4301,25934,1421398404,0
4301,26007,1421412673,0
4301,25992,1421398404,0
4301,25958,1421398404,0
4301,26026,1421412673,0
4301,25960,1421412673,0
4301,26035,1421398404,0
4301,26022,1421398404,0
4301,26036,1421398404,0
4301,25928,1421412673,0
4301,26016,1421398404,0
4301,26038,1421412673,0
4301,26032,1421398404,0
4301,25965,1421398404,0
4301,25925,1421398404,0
4301,25996,1421398404,0
4301,25976,1421412673,0
4301,25994,1421412673,0
4301,26037,1421412673,0
4301,30382,1421412673,0
4301,26036,1421412673,0
4301,26017,1421412673,0
4301,26006,1421398404,0
4301,26024,1421398404,0
4301,25961,1421412673,0
4301,26033,1421398404,0
4301,26065,1421398405,0
4301,25938,1421398404,0
4301,25996,1421412673,0
4301,26029,1421412673,0
4301,26018,1421398404,0
4301,25985,1421398404,0
4301,26027,1421412673,0
4301,25938,1421412673,0
4301,25959,1421398404,0
4301,25990,1421412673,0
4301,26021,1421412673,0
4301,25926,1421398404,0
4301,25972,1421412673,0
4301,25947,1421398404,0
4301,26145,1421398405,0
4301,25994,1421398404,0
4301,26007,1421398404,0
4301,25974,1421412673,0
4301,30382,1421398405,0
4301,26027,1421398404,0
4301,25992,1421412673,0
4301,26031,1421398404,0
4301,25984,1421398404,0
4301,26020,1421412673,0
4301,26034,1421398404,0
4301,25965,1421412673,0
4301,26063,1421398405,0
4301,25963,1421398404,0
4301,25940,1421412673,0
4301,25983,1421412673,0
4303,34444,1421414324,1
4303,30660,1421414701,1
4303,29931,1421414701,0
4303,30277,1421414701,0
4303,602,1421415619,1
4304,9830,1421394284,-1
4304,5299,1421394284,1
4305,15666,1421297879,1
4306,16351,1421297879,1
4306,12155,1421297879,0
4308,26084,1421246302,0
4308,25662,1421246302,1
4308,601,1421246302,0
4308,601,1421246303,0
4308,602,1421246303,0
4308,2873,1421246303,0
4308,602,1421246303,1
4308,601,1421246303,1
4308,2873,1421246303,0
4308,4210,1421246303,0
4308,34444,1421246303,0
4308,601,1421246303,1
4308,2873,1421246303,1
4308,2870,1421246303,0
4308,602,1421246304,0
4308,2873,1421246304,-1
4308,2870,1421246304,-1
4308,601,1421246304,-1
4308,35480,1421246304,1
4308,30277,1421246304,1
4308,25751,1421246304,1
4308,4408,1421246304,1
4308,16659,1421246305,0
4310,25751,1421166807,1
4310,30277,1421166807,1
4310,4408,1421166808,1
4310,602,1421166808,1
4310,35480,1421166808,1
4310,601,1421166809,1
4310,602,1421166809,1
4310,5485,1421166809,0
4310,33336,1421166809,0
4310,602,1421166809,1
4310,601,1421166809,0
4310,25751,1421166809,1
4310,601,1421166809,-1
4310,602,1421166809,1
4310,5485,1421166809,0
4310,26078,1421166810,0
4310,26034,1421166810,0
4310,25651,1421166810,0
4310,25965,1421166810,0
4310,35480,1421166810,-1
4310,33336,1421166810,1
4310,602,1421166810,-1
4310,601,1421166810,1
4310,601,1421166810,0
4310,4408,1421166810,1
4310,25651,1421169204,0
4310,601,1421225211,1
4310,4408,1421225211,1
4313,25828,1421149497,0
4314,74,1421148421,1
4314,15242,1421148421,1
4314,8369,1421148421,1
4316,26222,1421087798,1
4316,27939,1421087798,0
4318,35525,1421066713,0
4319,25787,1421060282,1
4319,25787,1421065448,1
4320,25766,1420807306,-1
4320,35434,1420807306,0
4320,25766,1420807306,1
4320,34043,1420807306,0
4320,25095,1420807306,1
4320,9914,1420807306,0
4320,2931,1420807306,1
4320,29931,1420807306,0
4320,25100,1420807306,0
4320,25095,1420807306,1
4320,30220,1420807306,1
4320,25766,1420807306,-1
4320,35434,1420807306,0
4320,30301,1420807306,0
4320,30301,1421060681,1
4320,24145,1421060681,0
4320,29931,1421060681,0
4320,25095,1421060681,-1
4320,2931,1421060681,1
4321,16124,1420375319,0
4321,10079,1420375319,0
4321,10079,1420423375,0
4321,21333,1420423375,0
4321,30577,1420423375,1
4321,16124,1420423375,0
4321,10079,1420728546,0
4321,16125,1420728546,0
4321,17688,1420728546,1
4321,16124,1420728546,0
4321,30577,1420792416,1
4321,16125,1420792416,0
4321,21333,1420981464,1
4321,16125,1420981464,0
4323,26270,1420784878,0
4326,12264,1420656418,0
4326,12263,1420656418,0
4326,12262,1420656418,0
4326,12265,1420656418,0
4326,12266,1420656418,0
4326,12261,1420656418,0
4328,31952,1420612573,0
4329,482,1420598761,-1
4329,12138,1420598761,0
4330,24398,1419344389,1
4330,4335,1419344389,0
4330,4337,1419344389,0
4330,35434,1419420914,0
4330,24398,1420352957,-1
4330,4335,1420352957,0
4330,4337,1420352957,0
4331,24575,1420356927,1
4331,24573,1420356927,1
4331,24736,1420356927,1
4331,24738,1420356927,1
4331,24743,1420356927,1
4331,24575,1420423375,0
4332,28148,1420375391,1
4333,31219,1420353435,1
4334,18958,1420352911,0
4336,30166,1418934476,-1
4336,29638,1418934477,1
4336,30693,1418934477,0
4336,25713,1418934477,0
4336,25876,1418934477,0
4336,25660,1418934477,1
4336,30583,1418934477,0
4336,25707,1418934477,-1
4336,25724,1418934477,0
4336,25703,1418934477,1
4336,25709,1418934477,0
4336,28313,1418934477,0
4336,2931,1419153219,1
4336,9914,1419153219,0
4336,28313,1419153219,1
4336,30353,1419153219,1
4336,30166,1419153219,-1
4336,30166,1420215161,0
4337,12138,1420183844,0
4337,482,1420183844,-1
4337,4783,1420183844,0
4337,482,1420183844,1
4337,12138,1420183844,0
4337,4783,1420184161,0
4337,482,1420184161,1
4337,12138,1420184161,0
4337,21724,1420184161,0
4337,21733,1420184161,0
4338,31939,1420183734,0
4341,18940,1419768424,1
4342,4753,1419496032,1
4342,4754,1419496032,0
4342,21490,1419496032,0
4343,21215,1419420914,1
4343,35525,1419420914,0
4344,26025,1419422692,1
4344,25762,1419422692,0
4344,16562,1419422692,1
4344,24398,1419422692,0
4344,27266,1419422692,0
4344,25676,1419422692,0
4344,27256,1419422692,1
4344,26024,1419422692,1
4344,29610,1419422692,1
4344,22539,1419422692,0
4344,24404,1419422692,1
4344,30546,1419422692,1
4344,30342,1419423024,0
4344,30999,1419423024,1
4344,31000,1419423024,1
4345,28255,1419417670,0
4345,29610,1419417670,-1
4345,25762,1419417670,0
4345,25787,1419417670,0
4348,22381,1419329734,1
4348,201,1419329734,1
4352,30704,1419167239,0
4353,31051,1419078791,0
4353,30220,1419078791,1
4353,30928,1419078791,0
4353,29931,1419078791,1
4353,30948,1419078791,0
4353,30658,1419078791,1
4353,27353,1419078791,0
4353,25751,1419078791,0
4353,25749,1419082509,0
4353,29931,1419082509,-1
4353,30272,1419082509,0
4353,28559,1419096069,0
4353,25751,1419148245,0
4353,24398,1419148245,1
4353,28561,1419154748,0
4353,25749,1419154748,1
4353,30272,1419154748,1
4353,28559,1419154748,1
4353,9914,1419164735,1
4353,2931,1419164735,1
4353,25095,1419164735,1
4355,26277,1419148759,1
4356,23391,1418800739,0
4356,739,1418800739,0
4356,743,1418800739,1
4356,750,1418800739,1
4356,752,1418800739,0
4356,735,1418975710,0
4357,30118,1418899631,0
4357,30142,1418899631,0
4358,26188,1418883649,1
4358,16417,1418886383,0
4359,25992,1418833115,0
4359,26019,1418833115,0
4359,26020,1418833115,0
4359,25995,1418833115,0
4359,25993,1418833115,0
4359,25994,1418833115,0
4359,31016,1418833115,0
4359,30277,1418885005,0
4361,26277,1418793052,-1
4361,30273,1418800183,0
4362,4736,1418799922,0
4362,21149,1418799922,0
4363,24607,1418792327,0
4364,20749,1418760267,1
4364,12263,1418760267,0
4364,12264,1418760267,0
4365,4854,1418711620,1
4365,4853,1418711620,1
4365,16813,1418711620,0
4368,9957,1415641391,0
4368,34448,1418494750,0
4368,519,1418494750,0
4368,21962,1418494750,-1
4368,32496,1418494750,-1
4369,33114,1418342461,-1
4369,33118,1418342461,0
4370,15493,1418304586,1
4370,15546,1418304586,1
4370,474,1418304586,0
4370,31590,1418304586,1
4372,10379,1418296722,1
4372,10369,1418296722,0
4374,25700,1418205416,-1
4374,30694,1418205416,1
4374,25700,1418205938,1
4374,25700,1418206763,1
4374,25700,1418212855,0
4374,25700,1418215374,1
4375,26155,1418195497,1
4375,10385,1418195497,0
4376,29621,1417597283,0
4376,26988,1418132879,1
4376,29618,1418132879,1
4376,29621,1418135356,0
4377,27244,1418118008,1
4377,30082,1418118008,0
4378,30389,1418105820,1
4379,30520,1418059887,1
4379,26155,1418059887,1
4379,26157,1418059887,1
4379,26160,1418059887,1
4379,26174,1418059887,0
4379,34073,1418059887,1
4380,4854,1418046467,0
4380,4853,1418046467,0
4380,16813,1418046467,1
4381,25746,1418033244,1
4381,25746,1418035813,-1
4381,25751,1418035813,-1
4381,30660,1418035813,1
4381,25988,1418035813,0
4385,15498,1417748494,1
4385,15493,1417748507,0
4385,15498,1417748526,0
4386,16119,1417748525,-1
4386,4743,1417748525,0
4386,25751,1417748525,0
4386,17410,1417748525,0
4386,26734,1417748525,0
4386,31370,1417748525,0
4386,30125,1417748525,0
4386,30100,1417748525,1
4386,30058,1417748525,0
4386,30138,1417748525,0
4388,26155,1417637936,-1
4388,26157,1417680604,0
4388,26155,1417680604,1
4388,30520,1417680604,0
4389,23399,1417678173,-1
4389,23400,1417678173,1
4389,23396,1417678173,1
4389,4877,1417678173,1
4389,4876,1417678173,1
4389,4877,1417678552,-1
4389,4876,1417678552,-1
4389,16936,1417678552,0
4389,23396,1417678552,0
4389,23399,1417678552,0
4390,34530,1417677497,0
4394,16022,1417633856,0
4394,16024,1417633856,1
4394,8649,1417633856,0
4394,16021,1417633856,1
4394,20884,1417633856,0
4394,20886,1417633856,0
4394,20881,1417633856,0
4396,536,1417631679,0
4396,22320,1417631679,0
4396,536,1417631679,1
4396,9363,1417631680,1
4396,536,1417631680,1
4396,12407,1417632020,0
4396,9363,1417632020,0
4397,22321,1417631231,1
4397,22313,1417631231,1
4397,22313,1417631461,0
4398,24622,1417615177,1
4398,24619,1417615177,0
4398,24787,1417615177,1
4400,15330,1416797412,0
4400,15384,1417615072,0
4400,15326,1417615072,1
4401,29618,1417588598,1
4401,29621,1417588598,0
4401,24406,1417588598,0
4401,24398,1417588598,1
4401,17805,1417588598,0
4401,26988,1417588598,0
4401,8125,1417588598,0
4401,29621,1417588598,1
4402,29618,1417545865,1
4402,25902,1417545865,1
4402,27010,1417545865,0
4402,26989,1417545865,0
4402,25902,1417546046,0
4402,29618,1417572843,0
4403,481,1417530393,1
4403,247,1417530393,1
4403,255,1417530393,1
4403,481,1417572802,0
4405,30625,1417535747,1
4406,27220,1417530424,1
4406,26190,1417530424,-1
4406,30694,1417530424,1
4406,30074,1417530424,0
4408,4655,1417514415,0
4408,25751,1417514415,1
4408,8340,1417515110,0
4408,74,1417524255,0
4408,20319,1417524255,0
4408,4655,1417524255,0
4408,8340,1417524255,0
4411,536,1417488815,1
4411,22324,1417488815,0
4411,536,1417488816,0
4414,30665,1417364805,1
4414,31494,1417364805,0
4414,28803,1417364805,1
4414,17613,1417427443,-1
4414,17770,1417427443,0
4417,30108,1417362578,0
4420,9209,1417359466,1
4421,20840,1417356478,0
4421,18103,1417356478,0
4421,4702,1417356478,0
4423,16394,1417351430,-1
4424,26160,1417335703,1
4424,25672,1417335703,1
4424,25751,1417335703,0
4424,24398,1417338609,1
4424,25751,1417338609,-1
4425,35006,1417301819,0
4425,35008,1417301819,0
4425,35112,1417301819,0
4425,35007,1417301819,0
4426,86,1415517372,1
4426,16445,1415517372,0
4426,10109,1415517372,1
4426,9336,1415517372,0
4426,17611,1415517372,0
4426,35601,1415517372,0
4426,86,1417253476,-1
4426,80,1417253476,-1
4426,10109,1417253476,-1
4426,9336,1417253476,1
4426,35293,1417253476,1
4426,17611,1417253476,-1
4426,22243,1417253476,-1
4426,22244,1417253476,0
4426,17611,1417254093,0
4426,86,1417254093,0
4426,9336,1417254093,0
4426,10109,1417254093,0
4426,35293,1417254093,0
4427,26222,1417252750,-1
4428,10369,1417170404,-1
4430,18821,1415790446,1
4430,35437,1416898496,1
4430,21594,1415976457,0
4430,14544,1416823940,0
4430,22394,1416823940,0
4430,31463,1416996268,0
4430,30025,1415818620,0
4430,80,1416813037,-1
4430,23232,1416992440,0
4430,267,1416898496,1
4430,35446,1416988677,1
4430,227,1416992440,0
4430,35456,1416823940,1
4430,5810,1416996268,0
4430,420,1416987173,1
4430,7711,1416899853,1
4430,302,1416823940,0
4430,4739,1416823940,0
4430,7156,1416996268,1
4430,15124,1416898496,1
4430,34665,1416988677,0
4430,4640,1415973149,0
4430,74,1416998514,1
4430,18849,1416823940,0
4430,33102,1416987173,1
4430,35460,1416898496,1
4430,12366,1415976457,0
4430,31460,1416996268,0
4430,33105,1416987173,1
4430,7293,1416823940,0
4430,1805,1416998514,0
4430,29559,1416997683,0
4430,20740,1416987173,0
4430,34655,1416988677,0
4430,8863,1416823940,1
4430,35497,1415790446,0
4430,18851,1416992440,0
4430,415,1417137743,0
4430,18821,1416987173,0
4430,4210,1416992440,1
4430,35452,1416823940,1
4430,32046,1416823940,0
4430,35455,1416823940,1
4430,98,1416897313,1
4430,12376,1416898496,0
4430,7667,1416898496,1
4430,228,1416992440,0
4430,1876,1417137743,0
4430,415,1416895001,1
4430,34631,1416988677,0
4430,30029,1416997683,-1
4430,4773,1415976457,0
4430,31793,1416823940,0
4430,32044,1416823940,0
4430,17799,1416996268,0
4430,15120,1416898496,0
4430,1852,1416988677,0
4430,12416,1416992440,0
4430,32045,1416823940,0
4430,31219,1416988677,0
4431,20248,1417011633,0
4431,20250,1417011633,0
4431,20256,1417011633,0
4431,20251,1417011633,0
4431,20253,1417011633,0
4431,20244,1417011633,0
4431,20255,1417011633,0
4431,15790,1417011633,1
4431,15792,1417011633,0
4431,15793,1417011633,0
4431,8296,1417011633,0
4431,26076,1417011633,1
4431,20247,1417011633,0
4431,20246,1417011633,0
4431,20254,1417011633,0
4431,20246,1417081364,0
4431,20247,1417081364,0
4431,20244,1417081364,0
4431,20235,1417081500,0
4431,20258,1417081500,0
4431,26076,1417081500,0
4431,8297,1417081500,0
4431,5276,1417081500,0
4435,10456,1416903494,1
4435,10365,1416903494,1
4435,10456,1417072577,0
4436,4874,1416827956,-1
4436,9784,1416827956,1
4436,14473,1416827956,0
4436,23285,1416827956,0
4436,16927,1416827956,0
4436,23268,1416827956,0
4438,30132,1416582047,1
4439,17765,1416581216,0
4444,5853,1416471267,0
4445,25657,1416471267,1
4445,25751,1416471267,0
4445,25658,1416471267,1
4446,10365,1416381947,1
4447,26078,1416362304,0
4447,26034,1416362304,0
4447,25965,1416362304,0
4447,9769,1416367378,0
4447,9770,1416367378,0
4447,9773,1416367378,0
4447,9765,1416367378,0
4447,9775,1416367378,0
4447,9776,1416367378,0
4447,9764,1416367378,0
4447,9756,1416367378,0
4447,9755,1416367378,0
4447,9767,1416367378,0
4447,9768,1416367378,0
4447,9762,1416367378,0
4447,9772,1416367378,0
4447,9760,1416367378,0
4447,9761,1416367378,0
4447,9763,1416367378,0
4447,9766,1416367378,0
4447,9774,1416367378,0
4447,23219,1416367378,0
4447,26106,1416381947,0
4447,26104,1416381947,0
4447,26103,1416381947,0
4447,26105,1416381947,0
4447,9769,1416381947,0
4447,9770,1416381947,0
4447,9756,1416381947,0
4447,9764,1416381947,0
4447,9765,1416381947,0
4447,9775,1416381947,0
4447,9776,1416381947,0
4449,25751,1416311829,0
4449,30449,1416321784,0
4449,27255,1416321784,0
4449,25751,1416321784,0
4449,30096,1416321784,0
4450,16355,1416278368,1
4450,8975,1416278368,1
4451,27290,1416197162,1
4451,29536,1416197162,1
4451,30108,1416197162,1
4451,25987,1416197162,0
4451,25987,1416197198,0
4451,28086,1416197198,0
4451,28087,1416197198,0
4451,25987,1416197238,0
4451,25987,1416197239,0
4451,30108,1416197239,0
4451,28086,1416197239,0
4451,29536,1416197239,0
4451,27290,1416197239,0
4454,25751,1415376997,0
4454,30455,1415376997,0
4454,25751,1415377925,0
4454,35616,1415377925,0
4454,35614,1415377925,0
4454,35614,1415380018,0
4454,35616,1415380018,0
4454,35616,1415982148,1
4454,35614,1415982148,0
4454,35614,1415982148,0
4455,267,1415965105,0
4455,2141,1415965105,1
4456,30685,1415890071,0
4456,31042,1415890071,1
4456,30417,1415890071,1
4456,4803,1415890071,1
4456,15330,1415890071,1
4456,19287,1415933059,0
4456,4408,1415933059,-1
4456,4803,1415933059,1
4456,15330,1415933059,1
4456,31042,1415933059,1
4456,30685,1415933059,0
4456,19291,1415933059,0
4456,30417,1415933059,1
4457,31042,1415886433,1
4457,30417,1415886433,1
4459,29590,1415777420,-1
4459,29585,1415777420,1
4459,33334,1415777420,0
4459,29584,1415777420,-1
4459,33334,1415790446,0
4460,15123,1415625101,0
4460,15221,1415625101,0
4460,15220,1415625101,0
4460,15115,1415625101,0
4460,15164,1415625101,1
4460,15123,1415625101,0
4460,15164,1415625101,0
4460,15115,1415625101,0
4460,15221,1415625102,0
4460,31638,1415625102,1
4460,4788,1415625102,1
4460,267,1415625102,0
4460,15123,1415677416,0
4460,4788,1415677417,0
4460,4788,1415786145,0
4460,31671,1415786145,0
4460,31670,1415786145,0
4460,15221,1415788902,-1
4460,15220,1415788902,-1
4461,21179,1415783678,1
4461,35525,1415783678,0
4462,15806,1415783678,1
4463,27209,1415776846,1
4464,31940,1415521890,0
4464,31939,1415521890,1
4464,31941,1415521890,0
4464,31942,1415521890,0
4464,31939,1415521890,1
4464,31939,1415717331,1
4464,31941,1415717331,1
4465,30677,1415711625,1
4466,26221,1415709436,-1
4466,26221,1415709436,1
4466,19284,1415709436,0
4467,30025,1415699736,0
4467,29607,1415699736,-1
4467,29596,1415699736,-1
4467,27136,1415699736,-1
4467,29597,1415709436,0
4468,4855,1415371788,1
4468,16863,1415709132,0
4469,9336,1415709131,1
4469,9336,1415709132,0
4469,35293,1415709132,0
4472,24575,1415342272,1
4472,24575,1415345165,0
4472,24724,1415631060,0
4473,4210,1415627472,1
4473,25751,1415627472,0
4473,30277,1415627472,0
4473,29931,1415627472,1
4473,16485,1415627472,0
4473,16484,1415627472,0
4473,24183,1415627472,1
4473,4210,1415627472,-1
4473,30277,1415627472,1
4473,34043,1415627472,0
4473,19293,1415627472,0
4473,30283,1415627472,1
4473,30292,1415627472,0
4473,31013,1415627472,1
4473,25751,1415627472,0
4473,17167,1415627472,0
4473,30685,1415627472,1
4473,25693,1415628610,0
4473,29931,1415628610,0
4476,4783,1415367111,-1
4477,35601,1415327622,0
4477,22280,1415327622,1
4477,22281,1415327622,1
4477,22282,1415327622,1
4477,22253,1415327622,-1
4477,22279,1415327622,1
4477,22243,1415327622,0
4477,22244,1415327622,0
4477,22278,1415327622,1
4477,17611,1415327622,-1
4477,9342,1415327622,0
4477,10109,1415327622,0
4477,9343,1415327622,0
4477,78,1415327622,0
4477,79,1415327622,-1
4477,80,1415327622,0
4477,86,1415327622,-1
4477,85,1415327622,0
4477,90,1415327622,1
4477,5860,1415327841,0
4477,22262,1415327841,0
4477,22244,1415347214,0
4477,17611,1415347214,0
4477,90,1415347214,0
4477,79,1415347214,0
4477,35601,1415347214,-1
4478,536,1415326825,1
4480,32647,1415301234,0
4480,32646,1415301234,-1
4480,8863,1415301234,0
4480,4750,1415301234,0
4481,31115,1413963709,-1
4481,30774,1413963709,1
4481,31115,1414037394,1
4481,31115,1414037395,1
4481,7667,1414500888,0
4481,14789,1414500888,0
4481,14892,1414500888,0
4481,15111,1414500888,1
4481,14788,1414500888,1
4481,15109,1414500888,0
4481,14784,1414500888,1
4481,31680,1414500888,1
4481,31684,1414500888,1
4481,31685,1414500888,1
4481,31621,1414500888,1
4481,31620,1414500888,1
4481,15124,1414500888,0
4481,35525,1415098381,0
4481,18018,1415098381,0
4481,35526,1415098381,1
4481,15124,1415267295,0
4481,31620,1415267295,1
4481,31621,1415267295,1
4481,31685,1415267295,0
4481,31684,1415267295,1
4481,31680,1415267295,1
4481,14784,1415267295,1
4481,15109,1415267295,1
4481,14788,1415267295,1
4481,15111,1415267295,1
4481,14789,1415267295,0
4481,7667,1415267295,0
4482,35195,1415189526,0
4482,35193,1415189526,-1
4483,247,1415189023,1
4483,255,1415189023,1
4484,35519,1414381476,0
4484,14497,1415085482,0
4484,18023,1415085482,0
4485,22245,1415070051,0
4485,22275,1415070051,1
4485,85,1415070051,1
4486,30694,1415068933,1
4486,28833,1415068933,1
4486,30694,1415069900,0
4487,30074,1415068933,0
4487,27220,1415068933,0
4488,416,1415068933,-1
4489,26222,1415024390,0
4489,26223,1415024390,1
4489,25991,1415024390,1
4489,25653,1415024390,1
4489,24403,1415024390,0
4490,35601,1415024389,0
4490,78,1415024389,0
4490,86,1415024389,1
4491,24570,1415024389,0
4491,24575,1415024389,1
4491,24573,1415024389,0
4492,15123,1414919458,0
4492,15124,1414919458,0
4492,15117,1414919458,0
4492,15115,1414919458,0
4492,15173,1414919458,0
4492,14795,1414919458,0
4492,15172,1414919458,0
4493,30455,1414917660,0
4495,25751,1414851833,0
4495,26005,1414851833,1
4495,26005,1414866328,0
4496,27902,1414853215,1
4496,26274,1414853215,0
4497,29679,1414831858,1
4497,27881,1414831858,1
4498,29666,1414830906,0
4498,29644,1414830906,1
4499,10369,1414745295,1
4499,10372,1414745295,1
4500,30417,1414659868,0
4500,31042,1414659868,1
4501,35601,1414636430,0
4502,26222,1414567725,0
4502,30711,1414567725,0
4504,416,1414483023,0
4505,14936,1414463532,0
4505,14794,1414463532,0
4505,2149,1414463555,0
4505,31779,1414463555,0
4505,2242,1414466468,0
4505,9331,1414466468,0
4505,21269,1414466501,1
4505,35525,1414466501,0
4505,10369,1414466522,1
4505,10397,1414466522,1
4508,17764,1414400701,0
4509,12107,1414398230,1
4510,25987,1414313493,0
4510,25987,1414372157,0
4513,7884,1414186996,0
4513,7887,1414186996,-1
4513,7885,1414186996,0
4513,336,1414186996,1
4514,33102,1414186996,0
4514,33114,1414186996,0
4514,33107,1414186996,-1
4515,10037,1414186995,0
4515,10031,1414186995,0
4515,10041,1414186995,0
4516,17906,1414186995,0
4516,4602,1414186995,1
4517,16114,1414153169,0
4517,444,1414154065,0
4517,31468,1414154065,0
4517,31464,1414154065,0
4517,16114,1414154065,0
4517,31463,1414154065,0
4519,31680,1411883989,1
4519,31684,1411883989,1
4519,14788,1411884693,1
4519,14784,1411884693,0
4519,14795,1411953223,0
4519,15115,1411953223,0
4519,267,1411953223,0
4519,7711,1411953223,0
4519,31680,1414130911,0
4519,31684,1414130911,0
4519,14788,1414132385,0
4519,14784,1414132385,0
4520,446,1414033778,0
4520,4744,1414033778,1
4520,4744,1414034901,0
4520,16181,1414130822,0
4521,20469,1413963710,0
4521,20462,1413963710,0
4521,18384,1413963710,0
4521,20468,1413963710,0
4521,8430,1413963710,0
4521,8447,1413963710,0
4521,8424,1413963710,0
4521,20460,1413963710,0
4521,8434,1413963710,0
4521,8433,1413963710,0
4521,8446,1413963710,0
4521,8425,1413963710,0
4521,8442,1413963710,0
4521,8443,1413963710,0
4521,8441,1413963710,0
4521,8428,1413963710,0
4521,8429,1413963710,0
4521,8436,1413963710,0
4521,8439,1413963710,0
4521,8449,1413963710,0
4521,8435,1413963710,0
4521,8422,1413963710,0
4521,8432,1413963710,0
4521,8437,1413963710,0
4521,8419,1413963710,0
4521,8440,1413963710,0
4521,302,1413963710,0
4521,301,1413963710,0
4521,407,1413963710,0
4521,4663,1413963710,0
4521,7173,1413963710,0
4521,8427,1413963710,0
4521,8438,1413963710,0
4521,8445,1413963710,0
4521,8448,1413963710,0
4521,8423,1413963710,0
4521,8420,1413963710,0
4521,20471,1413963710,0
4521,20472,1413963710,0
4521,20470,1413963710,0
4521,20466,1413963710,0
4523,415,1413879653,0
4524,4788,1413534021,-1
4524,10280,1413534021,1
4524,10281,1413534021,1
4524,10282,1413534021,1
4524,24826,1413534021,1
4524,2141,1413807821,0
4524,4788,1413807821,0
4525,29621,1413790634,1
4526,99,1413776058,1
4526,12155,1413776058,0
4526,12200,1413776059,0
4526,12155,1413789689,0
4527,441,1413789569,1
4527,21137,1413789569,1
4527,21138,1413789569,1
4528,99,1413776046,1
4528,12155,1413776046,0
4528,12155,1413777082,0
4528,8966,1413777082,0
4528,21566,1413777082,0
4528,8963,1413777082,0
4530,28471,1413654697,0
4532,10282,1413527619,1
4532,10281,1413527619,1
4532,10280,1413527619,1
4533,24826,1413526258,1
4534,29532,1413515246,1
4534,30166,1413515246,0
4534,24376,1413515246,1
4537,5592,1413254513,0
4537,31632,1413254513,0
4538,15419,1413011045,0
4538,20886,1413011045,-1
4538,16023,1413011045,-1
4538,12102,1413011045,0
4538,8652,1413011045,-1
4538,8654,1413011045,0
4538,8655,1413011045,0
4538,8664,1413011045,0
4539,30081,1412955135,0
4540,15989,1411376258,0
4540,15984,1411376258,0
4540,15983,1411376258,0
4540,20699,1411376258,0
4540,20697,1411376258,0
4540,20698,1411376258,0
4540,15985,1411376258,0
4540,20696,1411376258,0
4540,444,1411441287,0
4540,35610,1412954352,0
4540,20698,1412954352,1
4540,20697,1412954352,1
4540,15983,1412954352,0
4541,15984,1412953344,-1
4541,15989,1412953344,-1
4541,20697,1412953344,-1
4541,20698,1412953344,-1
4541,15985,1412953344,-1
4541,20696,1412953344,-1
4541,15985,1412953344,-1
4541,15985,1412953768,1
4541,15989,1412953768,0
4541,15984,1412953768,0
4541,20698,1412953768,0
4541,20697,1412953768,0
4541,20700,1412953768,0
4541,20696,1412953768,0
4541,35427,1412953768,0
4541,35426,1412953768,0
4541,35421,1412953768,0
4541,35424,1412953768,0
4541,35425,1412953768,0
4542,15620,1412953344,0
4542,7703,1412953344,0
4544,14877,1412770445,0
4544,14782,1412770445,0
4544,14895,1412840448,0
4544,14835,1412840448,0
4544,14836,1412840448,0
4545,22217,1412840205,0
4545,35658,1412840205,1
4545,21274,1412840205,1
4545,35663,1412840205,0
4545,35525,1412840205,0
4545,31678,1412840255,0
4545,31787,1412840255,0
4545,9105,1412840255,1
4545,5472,1412840255,1
4545,31781,1412840255,1
4545,14939,1412840280,0
4545,14810,1412840280,0
4545,14951,1412840280,0
4545,14821,1412840280,1
4545,14781,1412840280,0
4547,5592,1412775159,0
4547,10263,1412775159,1
4547,14818,1412775390,0
4548,29721,1412155034,0
4548,30062,1412155034,-1
4548,30061,1412155034,1
4548,30061,1412155389,0
4548,29721,1412735393,0
4549,25782,1411996392,1
4550,35272,1411969877,0
4550,35467,1411958461,0
4550,30679,1411958461,-1
4550,31684,1411958461,-1
4550,35459,1411969877,0
4550,35456,1411958461,0
4550,34829,1411958461,0
4550,33331,1411969877,0
4550,74,1411969877,-1
4550,35454,1411958461,0
4550,35613,1411958461,0
4550,21003,1411969877,1
4550,35465,1411969877,0
4550,25660,1411969877,0
4550,35444,1411958461,0
4550,35461,1411958461,0
4550,35450,1411969877,0
4550,35313,1411969877,0
4550,33332,1411969877,0
4550,14784,1411969877,1
4550,21014,1411958461,-1
4550,35438,1411969877,0
4550,35460,1411958461,0
4550,10159,1411958461,-1
4550,33333,1411958461,0
4550,35453,1411958461,0
4550,4210,1411850318,0
4550,35455,1411969877,0
4550,267,1411958461,0
4550,14558,1411969877,0
4550,35542,1411958461,0
4550,35458,1411969877,0
4550,33328,1411969877,0
4550,33326,1411969877,0
4550,26474,1411969877,0
4550,33324,1411958461,0
4550,33334,1411958461,0
4550,4742,1411819077,0
4550,35439,1411958461,0
4550,35464,1411958461,0
4550,33322,1411969877,0
4550,35443,1411969877,0
4550,35458,1411958461,0
4550,35449,1411958461,0
4550,34829,1411969877,0
4550,35463,1411958461,0
4550,35459,1411958461,0
4550,33323,1411969877,0
4550,35441,1411969877,0
4550,35457,1411969877,0
4550,35442,1411958461,0
4550,33327,1411958461,0
4550,35286,1411969877,0
4550,10159,1411969877,1
4550,21014,1411850318,-1
4550,33334,1411969877,0
4550,35467,1411969877,0
4550,31680,1411969877,1
4550,25660,1411958461,0
4550,4210,1411969877,0
4551,4367,1411549322,0
4551,4367,1411716281,0
4551,26089,1411716281,1
4551,26089,1411893113,-1
4552,26069,1411745960,0
4552,26089,1411745960,-1
4552,5438,1411745960,-1
4552,4656,1411745960,0
4552,4367,1411745960,0
4552,74,1411745960,-1
4552,8088,1411745960,0
4552,8090,1411745960,1
4552,8090,1411893112,0
4553,23075,1411311568,-1
4553,34848,1411311568,0
4553,30049,1411560481,-1
4553,30048,1411560481,0
4553,30048,1411560838,0
4553,30049,1411560838,1
4553,35512,1411893112,-1
4554,35260,1411874275,1
4554,25660,1411874275,0
4554,30679,1411874275,1
4554,35260,1411874354,0
4554,30679,1411874407,1
4554,35260,1411885072,0
4554,30679,1411885072,0
4555,5438,1411537301,-1
4555,5438,1411714947,1
4555,4656,1411714947,0
4555,74,1411714947,1
4555,8090,1411714947,-1
4555,8088,1411714947,0
4555,74,1411873179,-1
4556,21014,1411847187,1
4556,21003,1411847187,1
4556,26089,1411847187,0
4556,10159,1411847187,0
4558,35525,1411816423,0
4558,35525,1411845208,0
4558,8089,1411845208,1
4558,4637,1411845208,0
4559,35525,1411806649,0
4560,4656,1411699108,0
4560,4753,1411699108,0
4560,5429,1411699108,-1
4560,5430,1411699108,-1
4560,4754,1411699108,0
4560,21494,1411699108,-1
4560,4656,1411702176,0
4561,21494,1411697264,1
4561,4753,1411697264,0
4561,5429,1411697264,0
4561,4754,1411697264,0
4561,5430,1411697264,1
4561,4754,1411697716,0
4562,10109,1411636268,0
4562,4812,1411636268,1
4562,9336,1411636268,0
4563,4654,1411631440,0
4563,4656,1411631440,1
4563,8358,1411631440,1
4563,12344,1411631440,1
4563,20305,1411631440,0
4564,30049,1411553814,1
4564,30048,1411553814,0
4565,31821,1411536260,0
4565,15326,1411536260,1
4567,16114,1411300896,0
4567,31459,1411300896,0
4567,444,1411300896,0
4567,7156,1411300896,0
4567,35738,1411300896,0
4567,31460,1411300896,0
4567,444,1411300897,0
4567,15983,1411441223,0
4568,35270,1411439891,1
4568,31220,1411439891,1
4569,25988,1411369571,0
4569,27702,1411369571,0
4570,17407,1411301519,0
4571,483,1410900433,1
4571,483,1411300896,0
4572,25751,1411291383,0
4573,34927,1411234479,0
4573,34599,1411234479,0
4573,35056,1411234738,0
4574,15853,1411105889,1
4574,5438,1411105889,1
4574,5438,1411105995,0
4574,15853,1411105995,0
4575,21421,1411043367,0
4575,4748,1411043367,1
4577,4748,1392715556,1
4577,8868,1410922136,0
4578,10379,1406200704,0
4578,10371,1406200704,0
4578,10365,1406200704,1
4578,10369,1406200704,0
4578,10449,1406200704,1
4578,10456,1406200704,0
4578,10372,1406200704,-1
4578,10456,1410922136,-1
4579,21145,1410870576,-1
4579,21145,1410872032,0
4580,738,1410870093,1
4580,745,1410870093,1
4580,2361,1410870093,0
4580,729,1410870093,1
4580,736,1410870093,1
4580,743,1410870093,1
4580,750,1410870093,1
4580,742,1410870093,0
4580,731,1410870093,1
4580,747,1410870093,0
4580,752,1410870093,1
4581,483,1410838238,-1
4581,35302,1410838238,0
4582,26135,1410425557,-1
4582,28175,1410425557,0
4582,30625,1410425557,1
4582,25660,1410425557,0
4582,31088,1410427150,0
4582,31088,1410795449,-1
4584,12379,1410468748,0
4584,35302,1410468748,0
4584,35303,1410468748,1
4584,483,1410468748,1
4584,12380,1410468748,0
4585,12141,1410462702,1
4586,30693,1410454792,1
4587,10281,1409341332,-1
4587,8298,1409341332,-1
4587,10282,1409341332,-1
4587,4812,1409341332,1
4587,9189,1409341332,1
4587,8299,1409341332,-1
4587,7667,1409341332,0
4587,4313,1409341332,-1
4587,34599,1409341332,-1
4587,34927,1409341332,-1
4587,4812,1410072330,0
4587,4812,1410418335,-1
4588,15223,1410356995,0
4588,15115,1410356995,0
4588,14788,1410356995,0
4588,15114,1410356995,1
4588,15224,1410356995,0
4588,15111,1410356995,0
4588,15131,1410356995,0
4588,15132,1410356995,0
4588,15123,1410356995,-1
4588,15120,1410356995,0
4588,14794,1410356995,0
4588,15180,1410356995,0
4588,15114,1410356995,-1
4589,30050,1410353746,0
4590,25813,1410267866,1
4590,25813,1410314194,0
4591,74,1410274121,1
4592,4812,1410241511,1
4595,24183,1410100151,1
4597,21591,1407999415,0
4597,21618,1408099209,0
4597,21591,1408099209,0
4597,21618,1408105413,1
4597,21591,1408105413,1
4597,21592,1408105413,0
4597,16355,1408105413,0
4597,21591,1408106225,0
4597,21618,1408106225,0
4597,16355,1408106225,-1
4597,21591,1408174077,0
4597,21592,1408174077,0
4597,21618,1408174077,0
4597,16355,1408174077,0
4597,8975,1408174077,0
4597,16355,1408264493,0
4597,21592,1408264493,0
4597,8975,1408264493,1
4597,21591,1408264493,1
4597,16355,1409410112,0
4597,21592,1409410112,0
4597,21591,1409410112,0
4597,16355,1409482683,0
4597,8975,1410010261,-1
4597,21618,1410010261,0
4597,21591,1410010261,-1
4598,25751,1409921754,0
4598,14896,1409928304,0
4598,14820,1409928304,0
4599,30869,1409846246,0
4599,30277,1409846246,1
4600,35302,1409685122,0
4600,35303,1409685122,1
4600,9129,1409685122,0
4600,7714,1409685122,0
4600,12388,1409685122,0
4600,7714,1409690663,-1
4600,12141,1409690663,0
4600,483,1409773455,0
4601,26157,1405945441,1
4601,26157,1405755533,0
4601,25672,1405755533,1
4601,8864,1409659891,1
4601,22407,1405755533,1
4601,35760,1405755532,-1
4601,10397,1405755533,0
4601,8863,1409659891,0
4601,16884,1405755533,0
4601,27031,1405755533,1
4601,24398,1405755533,1
4601,27026,1405755533,0
4601,4748,1409659891,1
4601,4337,1405755533,0
4601,27032,1405755533,1
4601,25672,1405755532,-1
4601,22408,1405755532,0
4601,30904,1405755532,0
4601,35760,1405755533,1
4601,26160,1405755533,1
4601,27040,1405755533,0
4601,22407,1405755532,0
4601,26004,1405755533,0
4601,35760,1405755533,-1
4601,23034,1405755533,0
4601,22414,1405755532,0
4601,27038,1405755532,-1
4601,4335,1405755533,1
4601,26172,1405755532,1
4601,4751,1409659891,1
4601,23030,1405755532,0
4601,27038,1405755533,-1
4601,22414,1405755533,1
4601,26160,1405755532,-1
4601,25672,1405755532,1
4601,22413,1405755532,0
4601,26174,1405755532,-1
4601,10369,1405755533,1
4601,27023,1405948548,1
4601,2264,1405755533,1
4601,27026,1405755533,-1
4601,22412,1405755532,0
4601,9707,1405755532,0
4601,16884,1405948548,1
4601,30520,1405945441,0
4601,4335,1405755533,0
4601,2264,1405948548,1
4601,4750,1409659891,-1
4601,10369,1405755533,-1
4601,30520,1405948548,0
4601,9707,1405755533,-1
4601,22415,1405755532,-1
4601,16498,1405755533,1
4601,19936,1405755532,-1
4601,29557,1405755533,0
4601,30904,1405755533,1
4601,25987,1405755532,0
4601,22408,1405755533,-1
4601,26157,1405948548,1
4601,10369,1405948548,1
4602,25926,1409595169,0
4602,25987,1409595169,0
4602,25709,1409595169,0
4602,25703,1409595169,1
4602,25724,1409595169,-1
4602,26608,1409595169,0
4602,26611,1409595169,0
4602,26126,1409602117,0
4602,25709,1409602117,0
4602,25724,1409602117,-1
4602,25703,1409602117,0
4603,27532,1409569339,0
4603,26215,1409569339,0
4604,26215,1408180263,0
4604,27532,1409568872,1
4605,30670,1409568153,-1
4605,28818,1409568153,1
4605,4803,1409568153,0
4605,15330,1409568153,0
4606,25985,1409560137,0
4606,25987,1409560137,0
4606,26202,1409560137,-1
4606,25940,1409560137,0
4606,26218,1409560137,-1
4606,28573,1409563086,0
4607,25751,1409557800,0
4608,333,1409553669,1
4609,30732,1409553669,0
4610,34599,1409550335,0
4613,25681,1409385444,0
4613,25736,1409385444,0
4613,28719,1409389677,0
4613,30693,1409389677,1
4613,27612,1409389677,0
4614,26283,1409385526,1
4616,7667,1409321088,0
4617,4313,1409304001,1
4617,8299,1409304001,1
4617,8298,1409304001,1
4618,10281,1409304001,1
4618,10282,1409304001,1
4619,24368,1409229762,0
4623,20893,1408948256,0
4623,16021,1408948256,0
4623,20893,1408949298,1
4623,16021,1408949298,1
4623,16024,1408949298,1
4623,20880,1408949298,0
4623,20881,1408949298,1
4623,20895,1408949298,1
4623,20884,1408949298,1
4623,20895,1409152619,1
4625,27532,1409137118,0
4625,4803,1409141247,1
4625,15330,1409141247,1
4625,27532,1409141247,0
4627,10282,1409123766,-1
4627,10281,1409123766,0
4627,10279,1409123766,0
4627,10282,1409130156,0
4628,4812,1409118999,1
4628,9189,1409118999,0
4628,4813,1409118999,1
4629,30416,1409115979,0
4630,26246,1409093859,0
4630,28261,1409093859,0
4632,34927,1409035914,0
4632,34599,1409035914,1
4632,34927,1409063698,0
4632,34599,1409063698,0
4633,21364,1409061488,0
4635,31156,1409061020,1
4636,15704,1409042052,1
4636,8098,1409042052,0
4637,30220,1409039805,1
4637,24398,1409039805,1
4637,25751,1409039805,1
4638,29584,1408971395,0
4638,29584,1408971395,0
4638,29579,1408971395,1
4642,85,1408935958,1
4642,80,1408935958,1
4642,7674,1408935958,0
4642,7674,1408947832,0
4643,27448,1408720265,0
4644,30139,1408707470,-1
4645,30139,1408695944,-1
4646,22245,1408670300,1
4646,22274,1408670300,-1
4646,22275,1408670300,0
4646,86,1408670300,1
4646,85,1408670300,1
4646,79,1408670300,1
4646,10109,1408670300,0
4646,22274,1408688208,-1
4646,22245,1408688208,1
4646,22275,1408688208,0
4646,10109,1408688208,0
4646,85,1408688208,1
4646,86,1408688208,1
4646,79,1408688208,1
4646,9336,1408688908,0
4646,10108,1408688908,0
4646,78,1408688908,0
4646,80,1408688908,0
4646,79,1408688908,-1
4646,86,1408688908,0
4646,85,1408688908,-1
4646,10109,1408688908,0
4646,22280,1408688908,0
4646,22281,1408688908,0
4646,22284,1408688908,0
4646,16437,1408688908,0
4646,16435,1408688908,0
4646,22245,1408688908,0
4646,22257,1408688908,0
4646,22243,1408688908,0
4646,22244,1408688908,0
4646,17611,1408688908,0
4646,22253,1408688908,0
4646,22275,1408688908,0
4646,22259,1408688908,0
4646,35601,1408688908,0
4648,17667,1408657035,0
4648,17666,1408657035,0
4648,22271,1408657035,0
4648,21144,1408657035,0
4648,22275,1408657035,0
4648,22261,1408657035,0
4648,35026,1408657035,0
4648,35021,1408657035,0
4648,10109,1408657035,1
4648,16444,1408657035,0
4648,16445,1408657035,0
4648,8098,1408657035,0
4648,86,1408657035,1
4648,85,1408657035,-1
4648,90,1408657035,0
4648,29532,1408657035,-1
4648,35750,1408657035,0
4648,35028,1408657035,0
4648,8098,1408685913,0
4648,8107,1408687658,0
4648,19906,1408687658,0
4648,34532,1408687658,0
4649,32251,1408639683,1
4649,25987,1408639683,0
4649,35028,1408639683,0
4649,35021,1408639683,0
4649,35026,1408639683,0
4649,35750,1408639683,0
4649,27683,1408639683,-1
4649,29532,1408639683,1
4649,22275,1408639683,0
4649,17558,1408639683,0
4649,16444,1408639683,0
4649,10109,1408639683,-1
4649,16445,1408639683,0
4649,14392,1408639683,0
4649,22271,1408639683,0
4649,19283,1408639683,-1
4649,17666,1408639683,0
4649,17667,1408639683,0
4649,21144,1408639683,0
4649,22261,1408639683,0
4649,79,1408639683,1
4649,78,1408639683,1
4649,90,1408639683,0
4649,86,1408639683,-1
4649,85,1408639683,1
4649,80,1408639683,0
4649,8694,1408639683,-1
4649,21144,1408664625,0
4650,8098,1408664625,0
4650,16445,1408664625,0
4650,16444,1408664625,0
4650,10109,1408664625,-1
4650,90,1408664625,0
4650,85,1408664625,1
4650,86,1408664625,-1
4650,35021,1408664625,0
4650,35026,1408664625,0
4650,22261,1408664625,0
4650,22275,1408664625,0
4650,22271,1408664625,0
4650,17666,1408664625,0
4650,17667,1408664625,0
4650,35028,1408664625,0
4650,35750,1408664625,0
4650,29532,1408664625,1
4651,29532,1408601801,1
4652,85,1408586884,1
4652,86,1408586884,-1
4652,90,1408586884,-1
4652,79,1408586884,0
4652,22261,1408586884,0
4652,17666,1408586884,0
4652,17667,1408586884,0
4652,22271,1408586884,0
4652,14392,1408586884,0
4652,16445,1408586884,0
4652,10109,1408586884,-1
4652,16444,1408586884,0
4652,22275,1408586884,0
4652,16438,1408586884,0
4652,27683,1408586884,-1
4652,35750,1408586884,0
4652,32251,1408586884,1
4652,85,1408587378,0
4653,32251,1408528953,1
4653,27683,1408528953,-1
4654,14392,1408520137,0
4655,85,1408504082,1
4655,78,1408504082,1
4655,80,1408504082,0
4655,79,1408504082,1
4655,16438,1408518071,0
4655,85,1408518071,0
4655,79,1408518071,0
4656,25987,1408502099,0
4659,30081,1408434298,1
4660,30081,1408433347,1
4661,30081,1408432819,1
4664,30277,1408346428,1
4664,27273,1408346428,0
4664,25751,1408346428,1
4665,27301,1408291626,0
4665,25779,1408291626,0
4665,27301,1408341315,0
4665,25779,1408341315,0
4667,14544,1408259375,0
4667,10037,1408259375,0
4667,35447,1408259375,0
4667,35446,1408259375,0
4667,10372,1408259375,-1
4667,24788,1408259375,1
4667,31676,1408259375,1
4667,26953,1408259375,1
4667,31690,1408259375,1
4667,16498,1408259375,1
4667,24365,1408259375,1
4667,7235,1408259375,0
4667,17808,1408259375,0
4667,30118,1408259375,0
4667,5438,1408259375,-1
4667,15806,1408259375,1
4667,16182,1408259375,0
4667,25672,1408259375,1
4667,35270,1408259375,1
4667,10055,1408259375,0
4667,10367,1408259375,0
4667,16240,1408259375,0
4667,4748,1408259375,0
4667,30277,1408259375,1
4667,24619,1408259375,0
4667,7674,1408259375,1
4667,30692,1408259375,0
4667,30733,1408259375,0
4667,31623,1408259375,0
4667,25924,1408259375,0
4667,2149,1408259375,1
4667,5472,1408259375,1
4667,35366,1408259375,0
4667,7184,1408259375,0
4667,4739,1408259375,1
4667,10454,1408259375,1
4667,35448,1408259375,0
4667,31696,1408259375,0
4667,25805,1408259375,0
4667,12416,1408259375,0
4667,30729,1408259375,0
4667,24383,1408259375,0
4667,30114,1408259375,0
4667,25782,1408259375,1
4667,2264,1408259375,1
4667,25651,1408259375,0
4667,30817,1408259375,1
4667,30731,1408259375,0
4667,31220,1408259375,1
4667,25987,1408259375,0
4667,26277,1408259375,1
4667,7905,1408259375,1
4667,15674,1408259375,0
4667,2361,1408259375,0
4667,16214,1408259375,0
4667,17703,1408259375,1
4667,25972,1408259375,1
4667,12415,1408259375,0
4667,30121,1408259375,0
4667,35658,1408259375,1
4668,4738,1408131258,0
4668,4739,1408131258,1
4668,4740,1408131258,1
4669,25751,1408094505,1
4669,24398,1408094505,1
4669,26004,1408094505,1
4670,15806,1408071482,0
4670,5438,1408071482,-1
4670,17810,1408071522,0
4670,17810,1408076848,1
4670,15806,1408076848,0
4670,5438,1408076848,0
4671,4853,1408052164,0
4673,25751,1407999322,0
4673,27279,1407999322,0
4674,34924,1407951754,1
4675,15674,1407938769,0
4676,26174,1406129879,0
4676,26174,1406052860,0
4676,34073,1406183025,0
4676,30520,1406284924,0
4676,26155,1406055334,0
4676,10369,1406280054,1
4676,27031,1406282787,0
4676,34073,1406300632,1
4676,34073,1406282787,1
4676,30520,1406300632,0
4676,26157,1406300632,1
4676,26155,1406129879,1
4676,26160,1406052860,1
4676,2264,1406323663,1
4676,10406,1406055334,0
4676,23030,1406537449,0
4676,34073,1406280054,1
4676,34073,1406537449,1
4676,26174,1406055334,0
4676,10401,1406280054,0
4676,26174,1406280054,1
4676,26160,1406323663,1
4676,34073,1406116320,0
4676,30520,1406129879,0
4676,26160,1406280054,1
4676,34073,1406129879,1
4676,34073,1406291421,-1
4676,34073,1407936910,-1
4676,26160,1406129879,1
4676,27038,1406282787,-1
4676,26174,1406113212,1
4676,26174,1406282787,-1
4676,26160,1406300632,1
4676,26155,1406282787,1
4676,10403,1406284924,0
4676,18531,1406323663,0
4676,22392,1406284924,0
4676,10388,1406183025,0
4676,10391,1406183025,0
4676,25751,1406282787,0
4676,9707,1406282787,-1
4676,26160,1406129879,-1
4676,26174,1406129879,0
4676,9707,1406129879,1
4676,26160,1406055334,1
4676,26155,1406113212,1
4676,27032,1406282787,0
4676,29559,1406323663,0
4676,10405,1406055334,0
4676,10402,1406284924,1
4676,26160,1406116320,0
4676,26155,1406300632,1
4676,26155,1406284924,1
4676,10401,1406284924,1
4676,26155,1406280054,1
4676,10369,1406323663,1
4676,30904,1406282787,-1
4676,34073,1407936172,1
4676,26157,1406129879,1
4676,10405,1406284924,1
4677,35855,1403875524,0
4677,2264,1405755530,0
4677,30904,1405755530,0
4677,18848,1403884054,0
4677,35842,1403884054,0
4677,25672,1405755529,1
4677,16531,1405755531,0
4677,27038,1405755530,0
4677,27038,1405755531,1
4677,35799,1405755528,0
4677,9707,1405755532,0
4677,35803,1405755528,1
4677,5472,1407930813,1
4677,27020,1405755532,0
4677,35760,1405755532,0
4677,27031,1405755531,0
4677,31678,1407930813,0
4677,25672,1405755527,0
4677,35799,1405755531,-1
4677,23030,1405755531,0
4677,21274,1406549086,0
4677,25987,1405755531,1
4677,35525,1406555064,0
4677,35799,1405755529,0
4677,26160,1405755527,0
4677,35803,1405755530,1
4677,35529,1406548147,0
4677,35839,1403878647,0
4677,26172,1405755527,0
4677,22386,1403878396,0
4677,27038,1405755530,-1
4677,25672,1405755527,0
4677,35841,1403883269,0
4677,26174,1405755532,1
4677,25751,1405755528,1
4677,23030,1405755532,0
4677,35801,1405755529,1
4677,26160,1405755529,0
4677,35808,1405755527,0
4677,35799,1405755527,0
4677,25987,1405755531,0
4677,9707,1405755531,0
4677,27038,1405755530,0
4677,9707,1405755531,0
4677,26006,1405755527,0
4677,26174,1405755530,0
4677,21259,1406621530,0
4677,26160,1405755530,0
4677,35658,1406537448,-1
4677,27712,1406714362,0
4677,28827,1405755526,-1
4677,26160,1405755531,0
4677,26174,1405755529,0
4677,35803,1405755527,0
4677,35844,1403883269,0
4677,22386,1403875524,0
4677,26160,1405755531,0
4677,26174,1405755528,0
4677,30904,1405755532,0
4677,26172,1405755530,0
4678,4736,1407835681,0
4678,4736,1407854663,0
4678,21149,1407854663,0
4678,4736,1407924033,1
4679,24622,1407923390,-1
4679,24624,1407923390,1
4679,24800,1407923390,-1
4679,24622,1407923390,1
4679,24624,1407923390,1
4679,24800,1407923390,0
4681,9328,1407918699,1
4682,31220,1407916336,1
4682,35270,1407916336,1
4682,31217,1407916336,0
4682,35270,1407917851,0
4682,31217,1407917851,0
4682,31220,1407917851,-1
4683,28001,1407854388,1
4683,26215,1407854388,1
4683,28016,1407854388,1
4683,8808,1407854388,0
4683,25972,1407854388,1
4683,16174,1407854388,0
4683,26215,1407913438,0
4684,16120,1406731396,0
4684,16197,1406731396,1
4684,16120,1407832751,0
4685,15849,1407830458,0
4685,25987,1407830458,0
4685,25926,1407830458,0
4686,25713,1407828922,1
4687,31219,1407782351,0
4689,16182,1407436669,0
4689,16214,1407436669,0
4689,8830,1407436669,0
4690,197,1407313151,0
4690,4803,1407313151,0
4690,30142,1407313151,0
4690,4803,1407422990,0
4690,197,1407422990,0
4691,10079,1407419861,0
4691,21316,1407419861,1
4691,21339,1407419861,0
4692,25751,1407399892,0
4693,9956,1407169212,0
4696,10454,1406791258,1
4696,10367,1406791258,0
4696,10424,1406791258,1
4696,10367,1407140302,0
4696,10424,1407140302,1
4698,4773,1406723025,0
4698,9189,1404390671,0
4698,33117,1404390671,0
4698,30625,1404385474,-1
4698,4812,1404390671,1
4698,34664,1404390671,0
4698,25988,1404385474,-1
4698,34649,1404390671,0
4698,35525,1404385474,-1
4698,34648,1404340191,0
4698,34665,1404385474,0
4698,34665,1404390671,0
4698,34661,1404390671,0
4698,25645,1404340191,1
4698,33116,1404390671,0
4698,33121,1404385474,0
4698,30740,1404340191,0
4698,35526,1404390671,0
4698,30731,1404340191,-1
4698,34655,1404390671,0
4698,19534,1404390671,0
4698,2242,1404385474,-1
4698,35629,1406723025,0
4698,34664,1404340191,0
4698,35628,1406723025,0
4698,33121,1404340191,0
4698,30730,1404385474,1
4698,4813,1404385474,1
4698,33116,1404340191,0
4698,4812,1404385474,1
4698,2242,1404340191,-1
4698,33107,1404385474,0
4698,35637,1406723025,0
4698,35632,1406723025,0
4698,34665,1404340191,0
4698,21594,1406723025,0
4698,33117,1404385474,0
4698,34630,1404385474,0
4698,25988,1404390671,-1
4698,26246,1404385474,0
4698,30625,1404390671,-1
4698,30732,1404390671,1
4698,28262,1404340191,0
4698,2242,1404390671,-1
4698,34631,1404340191,0
4698,26026,1404385474,0
4698,4656,1404385474,0
4698,25645,1404390671,1
4698,35526,1404385474,0
4698,33107,1404340191,0
4698,25751,1404340191,-1
4698,34649,1404340191,0
4698,1961,1404385474,0
4698,26026,1404340191,0
4698,33116,1404385474,0
4698,9189,1404340191,0
4698,30625,1404340191,-1
4698,32251,1404385474,-1
4698,25811,1404385474,1
4698,33107,1404390671,0
4699,741,1406649737,0
4700,24365,1406628178,1
4700,8125,1406628178,1
4700,24383,1406628178,0
4701,7712,1406560309,0
4701,5472,1406560309,1
4701,5592,1406560309,0
4701,7712,1406602035,0
4701,5472,1406602035,1
4704,4367,1406299137,0
4705,21333,1406274247,1
4706,29830,1406270534,1
4707,9379,1406256974,1
4707,4843,1406256974,1
4707,538,1406256974,1
4708,4748,1406208082,0
4709,741,1406187077,0
4709,742,1406187077,-1
4709,743,1406187077,1
4709,750,1406187077,0
4709,739,1406187077,-1
4709,731,1406187077,1
4709,752,1406187077,1
4709,738,1406187077,0
4710,17805,1406162660,1
4711,9955,1406144558,-1
4713,12416,1406039406,0
4713,7235,1406039406,0
4713,12415,1406039406,0
4713,12415,1406102933,0
4713,7235,1406102933,0
4713,12416,1406102933,0
4714,4367,1406054182,1
4714,26089,1406054182,0
4715,12416,1406047632,0
4715,7235,1406047632,0
4715,10427,1406047632,1
4715,12415,1406047632,0
4715,10365,1406047632,1
4716,25651,1406025295,0
4716,4367,1406025295,1
4716,26089,1406025295,0
4717,741,1406021180,1
4717,750,1406021180,0
4717,742,1406021180,1
4717,743,1406021180,1
4717,736,1406021180,1
4717,729,1406021180,0
4717,731,1406021180,0
4717,752,1406021180,1
4717,739,1406021180,0
4717,738,1406021180,0
4717,745,1406021180,1
4717,2361,1406021180,0
4718,25645,1406020582,-1
4719,29621,1405950424,1
4719,27012,1405950424,1
4719,29621,1405951634,1
4720,9955,1405938678,0
4721,30124,1405922761,0
4721,30139,1405922761,1
4721,30844,1405922761,0
4721,30220,1405922761,0
4721,30948,1405922761,1
4721,25751,1405922761,0
4721,25751,1405928313,1
4721,30929,1405928313,0
4721,30139,1405928313,-1
4722,31219,1405520607,0
4722,31217,1405520607,0
4722,31216,1405520607,0
4722,31219,1405844485,0
4722,31216,1405844485,0
4722,31217,1405844485,0
4723,26290,1405843600,0
4724,8125,1405843205,0
4724,4337,1405843205,0
4724,2264,1405843205,1
4724,4335,1405843205,0
4724,25751,1405843205,1
4724,25929,1405843205,0
4724,25925,1405843205,0
4724,17808,1405843205,0
4724,16498,1405843205,1
4724,12119,1405843205,-1
4724,10369,1405843205,1
4724,30273,1405843205,1
4724,33128,1405843205,0
4724,33125,1405843205,0
4724,33122,1405843205,0
4724,33120,1405843205,0
4724,35445,1405843205,0
4724,30277,1405843205,1
4724,30869,1405843205,0
4724,35760,1405843205,1
4724,33124,1405843205,0
4724,30817,1405843205,1
4724,33118,1405843205,0
4724,25987,1405843205,0
4724,26004,1405843205,1
4724,35751,1405843205,0
4724,33123,1405843205,0
4724,33119,1405843205,0
4724,33117,1405843205,0
4724,33104,1405843205,1
4724,33121,1405843205,0
4724,33126,1405843205,0
4724,25942,1405843205,-1
4724,25672,1405843205,1
4724,24398,1405843205,1
4724,26290,1405843205,0
4724,35542,1405843205,0
4725,30817,1405842178,1
4725,30273,1405842178,1
4725,25751,1405842178,0
4726,9085,1405736273,0
4726,31623,1405736273,0
4726,31676,1405736273,1
4726,31675,1405736273,1
4726,30686,1405839285,-1
4726,28827,1405839285,1
4727,24788,1405498614,1
4727,24801,1405498614,1
4727,24619,1405498614,0
4727,24787,1405498614,1
4727,24789,1405498614,1
4727,24621,1405498614,1
4727,24622,1405498614,1
4728,35678,1405496527,0
4728,7184,1405496527,0
4728,15806,1405496527,1
4728,5810,1405496527,0
4728,35463,1405496527,0
4729,22381,1405411766,1
4729,22379,1405411766,0
4729,17703,1405411766,1
4729,9370,1405411766,0
4729,22377,1405411766,0
4729,200,1405411766,1
4729,201,1405411766,1
4729,205,1405411766,0
4729,4836,1405411766,0
4729,4836,1405414867,0
4729,205,1405414867,0
4729,204,1405414867,-1
4729,201,1405414867,0
4729,200,1405414867,0
4729,202,1405414867,-1
4729,203,1405414867,0
4729,22377,1405414867,0
4729,9370,1405414867,0
4729,17703,1405414867,0
4729,22379,1405414867,0
4729,22381,1405414867,0
4729,202,1405423723,-1
4729,203,1405423723,0
4729,200,1405424329,1
4729,201,1405424329,0
4730,200,1405411235,-1
4730,201,1405411235,-1
4730,205,1405411235,0
4730,4836,1405411235,0
4730,17703,1405411235,-1
4730,22381,1405411235,-1
4730,22379,1405411235,0
4730,9370,1405411235,0
4730,26953,1405411235,1
4730,30050,1405411235,-1
4730,30051,1405411235,1
4730,22377,1405411235,0
4731,4811,1405303109,1
4732,2149,1404734009,0
4732,2141,1404734009,0
4732,4789,1404734009,0
4732,25751,1404734009,0
4732,25751,1405156920,0
4732,4789,1405156920,0
4732,2149,1405156920,0
4732,2141,1405156920,0
4733,30737,1405154514,-1
4733,31684,1405155340,0
4733,33121,1405154514,1
4733,30625,1405154514,0
4733,4321,1405155340,0
4733,33123,1405155340,-1
4733,30693,1405155340,1
4733,30734,1405155340,1
4733,33126,1405154514,0
4733,18940,1405155340,0
4733,332,1405155340,1
4733,30739,1405155340,1
4733,26109,1405154514,0
4733,30732,1405154514,-1
4733,30166,1405155340,1
4733,7711,1405155340,0
4733,18940,1405154514,0
4733,30737,1405155340,1
4733,30739,1405154514,-1
4733,5438,1405154514,-1
4733,17198,1405155340,0
4733,17198,1405154514,0
4733,4321,1405154514,0
4733,14378,1405155340,1
4733,32251,1405154514,1
4733,4736,1405155340,1
4733,334,1405154514,0
4733,33118,1405154514,0
4733,14378,1405154514,-1
4733,33124,1405155340,0
4733,33121,1405155340,-1
4733,33118,1405155340,0
4733,30070,1405155340,0
4733,30734,1405154514,-1
4733,25661,1405154514,0
4733,33123,1405154514,1
4733,32249,1405154514,1
4733,30166,1405154514,-1
4733,334,1405155340,0
4733,7711,1405154514,0
4733,33120,1405155340,0
4733,33125,1405155340,0
4733,33122,1405154514,0
4733,33125,1405154514,0
4733,9955,1405155340,0
4733,31684,1405154514,0
4733,33117,1405155340,0
4733,31100,1405155340,1
4733,4736,1405154514,-1
4733,33119,1405154514,0
4733,30070,1405154514,0
4733,333,1405154514,-1
4733,33126,1405155340,0
4733,33122,1405155340,0
4733,30693,1405154514,-1
4733,30625,1405155340,0
4733,26109,1405155340,0
4733,33120,1405154514,0
4733,32249,1405155340,-1
4733,332,1405154514,-1
4735,4736,1405073418,1
4737,7711,1405069593,0
4737,31684,1405069593,0
4739,9305,1404889316,0
4739,15795,1404639850,-1
4739,31630,1404639850,-1
4739,35812,1404889316,0
4739,31042,1404889316,1
4739,8098,1404637726,-1
4739,20622,1404889316,-1
4739,19536,1404889316,0
4739,1624,1404639850,0
4739,12404,1404639850,1
4739,35035,1404639850,0
4739,8756,1404889316,0
4739,4747,1404889316,0
4739,31042,1404639850,1
4739,35098,1404889316,-1
4739,31919,1404889316,0
4739,28315,1404889316,-1
4739,20513,1404639850,0
4739,7875,1404639850,1
4739,26022,1404639850,-1
4739,26220,1404889316,0
4739,12404,1404889316,1
4739,21323,1404639850,-1
4739,34925,1404889316,0
4739,30103,1404639850,0
4739,27060,1404639850,-1
4739,7712,1404639850,1
4739,22360,1404889316,1
4739,35009,1404889316,0
4739,25660,1404639850,0
4739,4739,1404639850,0
4739,29635,1404889316,0
4739,4739,1404889316,0
4739,25990,1404889316,-1
4739,29579,1404639850,0
4739,28262,1404639850,-1
4739,4608,1404639850,-1
4739,35814,1404639850,0
4739,24400,1404639850,0
4739,26214,1404889316,-1
4739,34648,1404639850,0
4739,18315,1404639850,0
4739,25713,1404889316,0
4739,15777,1404889316,0
4739,34553,1404639850,1
4739,15790,1404639850,-1
4739,15620,1404889316,0
4739,27496,1404889316,0
4739,34649,1404639850,0
4739,21982,1404639850,0
4739,4607,1404639850,0
4739,12376,1404639850,0
4739,15795,1404889316,-1
4739,30670,1404889316,-1
4739,28221,1404889316,-1
4739,20622,1404639850,-1
4739,26097,1404889316,0
4739,17801,1404889316,0
4739,29673,1404889316,0
4739,14393,1404639850,0
4741,18940,1404976404,0
4742,30693,1404971663,0
4743,5438,1404464332,1
4743,15853,1404464332,1
4743,5438,1404949141,1
4744,28435,1404890705,0
4744,34967,1404890705,1
4744,30350,1404890705,0
4744,21201,1404890705,1
4744,8756,1404890705,0
4744,31935,1404890705,0
4744,233,1404890705,0
4744,19786,1404890705,0
4744,19063,1404890705,-1
4744,26242,1404890705,1
4744,35586,1404890705,0
4744,26236,1404890705,1
4744,15868,1404890705,0
4744,17801,1404890705,0
4744,98,1404890705,0
4744,20513,1404890705,0
4744,1805,1404890705,0
4744,22517,1404890705,0
4744,35009,1404890705,0
4744,9493,1404890705,0
4744,20525,1404890705,0
4744,15944,1404890705,0
4744,31936,1404890705,0
4744,20197,1404890705,0
4744,35059,1404890705,1
4744,35046,1404890705,1
4744,9921,1404890705,0
4744,33137,1404890705,0
4744,15870,1404890705,0
4744,20620,1404890705,1
4744,34655,1404890705,0
4744,20622,1404890705,1
4744,26221,1404890705,1
4744,19534,1404890705,0
4744,15777,1404890705,0
4744,34649,1404890705,0
4744,25660,1404890705,0
4744,31915,1404890705,0
4744,20369,1404890705,0
4744,25787,1404890705,0
4744,24364,1404890705,1
4744,29711,1404890705,0
4744,8102,1404890705,0
4744,4747,1404890705,0
4744,4668,1404890705,0
4744,31928,1404890705,0
4744,34846,1404890705,0
4744,20619,1404890705,1
4744,2010,1404890705,-1
4744,35526,1404890705,0
4744,8540,1404890705,1
4744,29579,1404890705,0
4744,30274,1404890705,0
4744,19067,1404890705,-1
4744,4667,1404890705,0
4744,34648,1404890705,0
4744,26087,1404890705,0
4744,25988,1404890705,1
4744,742,1404890705,0
4744,17775,1404890705,1
4747,7668,1404721056,0
4748,15777,1404700832,0
4748,9493,1404700832,0
4748,24363,1404700832,-1
4748,29662,1404700832,0
4748,34649,1404700832,0
4748,35586,1404700832,0
4748,17801,1404700832,0
4748,33138,1404700832,0
4748,20520,1404700832,0
4748,15868,1404700832,0
4748,21323,1404700832,1
4748,32656,1404700832,0
4748,34664,1404700832,0
4748,30048,1404700832,0
4748,15635,1404700832,0
4748,35811,1404700832,0
4748,21709,1404700832,0
4748,7752,1404700832,0
4748,35526,1404700832,0
4748,9701,1404700832,1
4748,20669,1404700832,0
4748,21420,1404700832,0
4748,30719,1404700832,0
4748,15795,1404700832,1
4748,20282,1404700832,-1
4748,12331,1404700832,0
4748,21299,1404700832,0
4748,25231,1404700832,0
4748,26220,1404700832,0
4748,34648,1404700832,0
4748,29711,1404700832,0
4748,35059,1404700832,1
4748,12234,1404700832,0
4748,34631,1404700832,0
4748,7101,1404700832,0
4748,31929,1404700832,0
4748,24400,1404700832,0
4748,31206,1404700832,0
4748,17402,1404700832,0
4748,8756,1404700832,0
4748,31350,1404700832,1
4748,7184,1404700832,0
4748,28315,1404700832,1
4748,29675,1404700832,0
4748,4736,1404700832,-1
4748,30059,1404700832,0
4748,31146,1404700832,-1
4748,31158,1404700832,0
4748,26082,1404700832,0
4748,19067,1404700832,-1
4748,1920,1404700832,0
4748,4735,1404700832,0
4748,12376,1404700832,0
4748,26202,1404700832,1
4748,10550,1404700832,0
4748,20510,1404700832,1
4748,31916,1404700832,0
4748,26242,1404700832,1
4748,14393,1404700832,0
4748,31928,1404700832,0
4751,9821,1404476285,-1
4752,26221,1404473516,1
4752,26242,1404473516,1
4752,25990,1404473516,1
4752,25713,1404473516,0
4752,25969,1404473516,1
4752,26214,1404473516,1
4752,26220,1404473516,0
4752,28221,1404473516,1
4752,26022,1404473516,1
4754,30274,1404387148,0
4754,30342,1404387148,0
4754,30273,1404387148,0
4754,30350,1404387148,0
4755,25751,1404383133,0
4755,18821,1404383133,0
4755,19534,1404383133,0
4755,9189,1404386246,0
4755,4812,1404386246,-1
4755,4813,1404386246,-1
4755,4656,1404386246,0
4755,1961,1404386246,0
4755,2242,1404386246,1
4755,19534,1404386246,0
4755,26005,1404386246,1
4755,25751,1404386246,1
4755,17328,1404386246,1
4755,18821,1404386246,0
4755,34648,1404386246,0
4755,34661,1404386246,0
4755,35526,1404386246,0
4755,28262,1404386246,0
4755,30732,1404386246,-1
4755,30731,1404386246,1
4755,30740,1404386246,0
4755,34630,1404386246,0
4755,33121,1404386246,0
4755,33117,1404386246,0
4755,33105,1404386246,1
4755,26026,1404386246,0
4755,26246,1404386246,0
4755,25645,1404386246,-1
4755,25988,1404386246,1
4755,26202,1404386246,1
4755,25811,1404386246,-1
4755,35525,1404386246,1
4755,34655,1404386246,0
4755,34631,1404386246,0
4755,33107,1404386246,0
4755,34665,1404386246,0
4755,34664,1404386246,0
4755,30625,1404386246,1
4755,30730,1404386246,-1
4755,33116,1404386246,0
4755,33103,1404386246,0
4755,34924,1404386246,0
4755,34649,1404386246,0
4755,32251,1404386246,1
4756,25751,1404384005,0
4756,26005,1404384005,1
4756,18821,1404384005,0
4756,19534,1404384005,0
4758,4813,1404367729,-1
4759,26202,1404358312,1
4760,34631,1404318014,0
4760,34655,1404318014,0
4760,34664,1404318014,0
4760,34665,1404318014,0
4760,34649,1404318014,0
4760,34630,1404318014,0
4760,25751,1404318014,1
4760,2242,1404318014,0
4760,34648,1404318014,0
4760,34661,1404318014,0
4760,2242,1404327542,0
4760,25751,1404327542,1
4760,34630,1404327542,0
4760,34664,1404327542,0
4760,34665,1404327542,0
4760,34648,1404327542,0
4760,34661,1404327542,0
4760,34649,1404327542,0
4760,34631,1404327542,0
4760,34655,1404327542,0
4760,25751,1404358412,0
4761,26246,1404325799,0
4761,26026,1404325799,0
4761,28262,1404325799,0
4761,28262,1404327606,0
4761,26026,1404327606,0
4761,26246,1404327606,0
4761,26246,1404327679,0
4761,26246,1404358377,0
4761,26247,1404358377,0
4761,28262,1404358377,0
4762,26246,1404327441,0
4762,26026,1404327441,0
4762,28262,1404327441,0
4762,25811,1404327441,-1
4764,25988,1404192132,1
4765,25645,1404192132,-1
4765,25988,1404192132,0
4766,4812,1404135545,-1
4766,9189,1404135545,0
4766,9189,1404135808,0
4766,4812,1404135808,0
4766,1575,1404135808,0
4767,35035,1403864683,0
4767,35034,1403864683,-1
4767,35098,1403864683,1
4767,34967,1403864683,1
4767,35046,1403864683,1
4767,35059,1403864683,1
4767,35019,1403864683,1
4768,15330,1403858634,0
4769,26082,1403858390,0
4769,5592,1403858390,0
4769,19431,1403858390,0
4769,14432,1403858390,-1
4769,21159,1403858390,0
4769,32093,1403858390,1
4769,12155,1403858390,0
4769,27060,1403858390,1
4769,26264,1403858390,0
4769,4813,1403858390,1
4769,9305,1403858390,0
4769,26026,1403858390,1
4769,7101,1403858390,0
4769,15613,1403858390,0
4769,21424,1403858390,0
4769,10369,1403858390,0
4769,15327,1403858390,0
4769,20511,1403858390,0
4769,22377,1403858390,0
4769,17775,1403858390,1
4769,21067,1403858390,0
4769,21419,1403858390,0
4769,20282,1403858390,-1
4769,25681,1403858390,0
4769,28415,1403858390,0
4769,20197,1403858390,0
4769,20619,1403858390,1
4769,8335,1403858390,1
4769,1624,1403858390,0
4769,5299,1403858390,1
4769,4735,1403858390,0
4769,33137,1403858390,0
4769,4667,1403858390,0
4769,31206,1403858390,0
4769,745,1403858390,0
4769,17801,1403858390,0
4769,30670,1403858390,1
4769,4736,1403858390,-1
4769,5411,1403858390,1
4769,30135,1403858390,0
4769,35485,1403858390,0
4769,29719,1403858390,-1
4769,4876,1403858390,1
4769,2010,1403858390,-1
4769,9819,1403858390,0
4769,8369,1403858390,-1
4769,8823,1403858390,0
4769,14463,1403858390,0
4769,18821,1403858390,0
4769,25231,1403858390,0
4769,21709,1403858390,0
4769,25700,1403858390,1
4769,31042,1403858390,-1
4769,4812,1403858390,1
4769,10379,1403858390,0
4769,35607,1403858390,1
4769,24373,1403858390,0
4769,15242,1403858390,0
4769,15702,1403858390,0
4769,15635,1403858390,0
4770,482,1403812600,1
4771,29644,1403811324,1
4773,24364,1403795045,0
4775,5414,1403755392,1
4775,8538,1403755392,1
4775,5414,1403764212,0
4775,8538,1403764212,0
4777,16880,1403755392,1
4777,17775,1403755392,1
4779,8756,1403753124,0
4780,5810,1403698874,0
4780,7184,1403698874,0
4780,17406,1403698874,0
4780,17406,1403703876,0
4781,17406,1403690302,0
4783,74,1403684619,0
4783,25751,1403684619,0
4784,26188,1397115395,0
4784,26280,1397115395,0
4784,31146,1403623279,-1
4785,4655,1403619189,0
4786,17402,1403527137,0
4786,27331,1403527137,0
4786,31206,1403527137,0
4786,1961,1403527137,0
4786,4605,1403527137,0
4786,1805,1403527137,0
4786,20280,1403527137,0
4786,10369,1403527137,0
4786,10369,1403592410,0
4786,17402,1403592410,0
4786,20280,1403592410,0
4786,1961,1403592410,0
4786,4605,1403592410,0
4786,1805,1403592410,0
4786,27331,1403592410,0
4786,31206,1403592410,0
4787,9826,1403496357,0
4787,9822,1403496357,0
4787,12233,1403496357,0
4787,9821,1403496357,1
4787,12234,1403496357,0
4788,17798,1386773397,0
4788,17801,1386773397,0
4788,14463,1386773397,0
4788,7648,1386776691,0
4788,35586,1386776691,0
4788,14463,1403434770,0
4788,7648,1403434770,0
4788,17801,1403434770,0
4788,35586,1403434770,0
4789,15795,1403269806,1
4789,4655,1403269806,0
4790,29618,1403162248,-1
4790,29618,1403162249,0
4791,31100,1403074575,0
4791,30740,1403074575,-1
4791,31102,1403074575,0
4791,30742,1403074575,0
4791,31101,1403074575,0
4791,30737,1403074575,1
4791,30739,1403074575,0
4791,31100,1403074773,0
4791,31101,1403074773,0
4792,35525,1403074575,1
4793,30677,1403030344,-1
4795,7752,1403008241,0
4795,1950,1403008241,0
4796,4613,1402992386,0
4796,12376,1402992386,0
4796,19283,1402992386,-1
4796,30125,1402992386,0
4796,74,1402992386,0
4796,4739,1402992386,0
4796,19067,1402992386,-1
4796,35811,1402992386,0
4796,15806,1402992386,-1
4796,19064,1402992386,-1
4796,16821,1402992386,0
4796,4608,1402992386,0
4796,27293,1402992386,1
4796,35323,1402992386,1
4796,30106,1402992386,0
4796,9349,1402992386,-1
4796,35485,1402992386,0
4796,8526,1402992386,1
4796,2149,1402992386,0
4796,17402,1402992386,0
4796,29711,1402992386,0
4796,31929,1402992386,0
4796,31934,1402992386,0
4796,21066,1402992386,0
4796,21709,1402992386,0
4796,15901,1402992386,1
4796,30135,1402992386,0
4796,27679,1402992386,0
4796,30622,1402992386,-1
4796,8540,1402992386,1
4796,35607,1402992386,1
4796,15870,1402992386,0
4796,35325,1402992386,1
4796,20319,1402992386,1
4796,20622,1402992386,1
4796,8369,1402992386,-1
4796,25700,1402992386,1
4796,25660,1402992386,0
4796,9686,1402992386,0
4796,35483,1402992386,0
4796,22358,1402992386,0
4796,4369,1402992386,1
4796,8531,1402992386,1
4796,32093,1402992386,1
4796,16176,1402992386,0
4796,11396,1402992386,-1
4796,31928,1402992386,0
4796,26087,1402992386,0
4796,4654,1402992386,1
4796,29614,1402992386,1
4796,15853,1402992386,1
4796,19431,1402992386,0
4796,1188,1402992386,0
4796,10550,1402992386,0
4796,7875,1402992386,-1
4796,25662,1402992386,0
4796,9701,1402992386,1
4796,32094,1402992386,0
4796,267,1402992386,0
4796,4668,1402992386,0
4798,15330,1402926308,0
4798,15327,1402926308,0
4798,15330,1402944084,0
4798,15327,1402944084,0
4799,2141,1402943787,0
4799,267,1402943787,0
4799,12376,1402943787,0
4799,26259,1402943787,0
4799,28435,1402943787,0
4800,10550,1397659312,1
4800,10550,1397659550,0
4800,10550,1402926477,0
4800,15330,1402926477,0
4800,15327,1402926477,0
4801,4739,1402913007,0
4801,21299,1402913007,0
4803,8863,1402664202,0
4803,4747,1402664202,0
4804,2149,1402640974,0
4805,31219,1402560471,0
4805,35345,1402560471,1
4806,12155,1402499241,0
4806,98,1402499241,0
4806,2079,1402499241,0
4809,26246,1402382794,0
4809,26199,1402382794,-1
4809,26026,1402382794,1
4809,28262,1402382794,1
4810,16502,1402476861,1
4811,4735,1402473964,0
4811,7293,1402473964,0
4812,10607,1402459785,1
4813,30135,1402406243,0
4813,33324,1402406243,0
4814,21709,1402401263,0
4814,12138,1402401263,0
4814,12138,1402402884,0
4815,31158,1402058056,0
4815,9189,1402060209,0
4815,12404,1402060209,-1
4815,29585,1402060209,0
4815,15853,1402058056,-1
4815,25700,1402060209,1
4815,31928,1402060209,0
4815,32656,1402058056,0
4815,20510,1402058056,-1
4815,31929,1402058056,0
4815,4812,1402060209,1
4815,30048,1402058056,0
4815,31912,1402060209,0
4815,31042,1402058056,1
4815,12404,1402058056,1
4815,441,1402058056,0
4815,19063,1402060209,-1
4815,8102,1402058056,0
4815,25742,1402058056,0
4815,441,1402060209,0
4815,4668,1402058056,0
4815,8102,1402060209,0
4815,31929,1402060209,0
4815,1573,1402060209,0
4815,4812,1402058056,-1
4815,20511,1402060209,0
4815,19067,1402060209,-1
4815,30059,1402058056,0
4815,31921,1402058056,0
4815,4813,1402058056,-1
4815,29712,1402060209,0
4815,4369,1402058056,-1
4815,19786,1402058056,0
4815,17558,1402058056,0
4815,31917,1402060209,0
4815,29585,1402058056,0
4815,21709,1402402552,0
4815,31928,1402058056,0
4815,4667,1402060209,0
4815,20520,1402060209,0
4815,19283,1402060209,-1
4815,30103,1402058056,0
4815,4668,1402060209,0
4815,4813,1402060209,1
4815,29532,1402060209,0
4815,31915,1402058056,0
4815,25787,1402058056,0
4815,26087,1402058056,0
4815,29711,1402060209,0
4815,20946,1402060209,0
4815,31917,1402058056,0
4815,9189,1402058056,0
4815,27675,1402060209,1
4815,30059,1402060209,0
4815,31935,1402058056,0
4815,1188,1402058056,0
4815,20514,1402058056,0
4815,9921,1402058056,0
4815,31158,1402060209,0
4815,31934,1402060209,0
4816,12404,1402055845,-1
4817,8727,1402054160,1
4817,4369,1402054160,1
4817,26087,1402054160,0
4818,17558,1394971794,0
4818,20946,1394971794,0
4818,19283,1394971794,1
4818,20946,1395007434,0
4818,19283,1395007434,1
4818,17798,1395007434,0
4818,35821,1395007434,0
4818,21138,1395007434,0
4818,8758,1395007434,0
4818,8757,1395007434,1
4818,15689,1395007434,1
4818,17558,1395007434,0
4818,4371,1395007434,-1
4818,4654,1395007434,1
4818,32952,1395007434,1
4818,34599,1395007434,0
4818,35586,1395007434,0
4818,34925,1395007434,1
4818,34927,1395007434,0
4818,20946,1402032387,0
4818,19283,1402032387,-1
4818,17558,1402032387,0
4819,9189,1402023496,0
4819,4812,1402023496,1
4819,1573,1402023496,0
4819,4813,1402023496,1
4820,25876,1402016106,1
4820,27675,1402016106,1
4820,25876,1402016803,-1
4820,25700,1402016803,1
4820,27675,1402016803,1
4821,15853,1402016105,1
4827,8088,1401353367,0
4827,4637,1401353367,0
4827,8089,1401353367,0
4827,19748,1401353368,0
4827,4637,1401353368,-1
4827,8089,1401353368,0
4827,8088,1401362835,0
4827,4637,1401362835,0
4827,26078,1401362835,0
4828,35812,1401281886,0
4828,14432,1401284518,-1
4828,8530,1401281886,-1
4828,35607,1401284518,1
4828,35812,1401284518,0
4828,8526,1401281886,-1
4828,4607,1401284518,0
4828,20321,1401281886,0
4828,27234,1401284518,0
4828,20622,1401281886,-1
4828,11396,1401284518,-1
4828,19537,1401281886,0
4828,19536,1401281886,0
4828,35813,1401281886,1
4828,20622,1401284518,1
4828,4613,1401281886,0
4828,35811,1401281886,0
4828,20619,1401284518,1
4828,27234,1401281886,0
4828,26082,1401284518,0
4828,15790,1401281886,-1
4828,18821,1401284518,0
4828,9701,1401281886,1
4828,7875,1401281886,1
4828,30622,1401284518,-1
4828,35811,1401284518,0
4828,25662,1401284518,0
4828,18315,1401284518,0
4828,25662,1401281886,0
4828,4608,1401281886,0
4828,25661,1401281886,-1
4828,8526,1401284518,1
4828,7905,1401281886,0
4828,25660,1401284518,0
4828,25661,1401284518,1
4828,31630,1401284518,0
4828,4736,1401281886,1
4828,20619,1401281886,-1
4828,31630,1401281886,0
4828,35607,1401281886,-1
4828,4613,1401284518,0
4828,7875,1401284518,-1
4828,19536,1401284518,0
4828,19537,1401284518,0
4828,8531,1401281886,-1
4828,20620,1401284518,1
4828,18821,1401281886,0
4828,4608,1401284518,0
4828,4607,1401281886,0
4828,20321,1401284518,0
4828,19431,1401284518,0
4828,11396,1401281886,1
4828,8531,1401284518,1
4828,19431,1401281886,0
4828,15790,1401284518,1
4828,25660,1401281886,0
4828,35813,1401284518,-1
4828,7905,1401284518,0
4828,20620,1401281886,-1
4828,8530,1401284518,1
4829,7257,1401178316,-1
4830,8530,1401174135,1
4830,20619,1401174135,0
4830,20622,1401174135,1
4830,8531,1401174135,1
4830,8526,1401174135,1
4830,20620,1401174135,0
4830,26082,1401174135,0
4830,20622,1401174135,0
4830,20619,1401174135,1
4830,26082,1401174135,0
4830,20620,1401174135,1
4830,8526,1401174135,0
4830,8531,1401174135,0
4830,8530,1401174135,0
4833,15790,1401091627,1
4833,15790,1401105526,0
4833,35607,1401105526,0
4834,29614,1401086669,1
4834,27293,1401086669,1
4835,7712,1400843431,-1
4835,10263,1400843431,1
4836,8540,1400828627,1
4837,9368,1400828322,-1
4837,4736,1400828322,1
4837,445,1400828322,0
4837,21323,1400828322,1
4837,26097,1400828322,0
4837,27496,1400828322,0
4837,28315,1400828322,1
4837,30719,1400828322,0
4837,28316,1400828322,1
4837,27198,1400828322,0
4837,27095,1400828322,1
4837,24832,1400828322,1
4838,21323,1400728253,1
4838,445,1400728253,0
4840,17402,1400123676,0
4840,19816,1400123676,0
4840,9686,1400160152,0
4840,9685,1400160152,0
4840,9785,1400160153,0
4840,14473,1400160153,0
4840,21159,1400165465,0
4841,9189,1398414372,1
4841,4811,1398414372,0
4841,1573,1398414372,1
4841,12398,1398414372,1
4841,9189,1400160152,0
4841,1573,1400160152,0
4842,8328,1399984197,1
4842,8299,1399984197,0
4842,20284,1399984197,1
4842,15806,1399984197,-1
4842,8335,1400046259,0
4843,4876,1400031123,1
4843,4876,1400032566,1
4846,336,1399964004,0
4847,15702,1399867649,0
4849,5290,1399625643,0
4849,2149,1399625643,0
4849,7712,1399625643,0
4849,31711,1399625643,0
4850,35323,1399625642,1
4850,35485,1399625642,0
4850,35669,1399625642,0
4850,16089,1399625642,1
4850,35658,1399625642,0
4850,35517,1399625642,0
4850,35325,1399625642,1
4850,35483,1399625642,0
4852,35182,1399538157,0
4852,29719,1399538157,1
4852,30059,1399538157,1
4852,30059,1399541432,-1
4852,29719,1399541432,-1
4853,31680,1399533578,1
4854,30106,1399363024,0
4854,30125,1399363024,0
4854,30125,1399525728,0
4855,15793,1399359618,1
4855,29710,1399359618,1
4856,12404,1399260811,0
4856,9349,1399260811,-1
4857,9826,1399257614,0
4857,9821,1399257614,0
4858,4789,1396963314,0
4858,5290,1396963314,0
4858,4754,1396963314,0
4858,2149,1396963314,-1
4858,4754,1399191876,0
4859,8756,1398998520,0
4859,8756,1399022208,0
4860,8756,1399013346,0
4862,527,1398782164,0
4865,12346,1398751974,1
4865,12344,1398751974,1
4865,15804,1398751974,-1
4865,4654,1398751974,1
4865,74,1398751974,0
4865,4655,1398751974,0
4865,20319,1398751974,1
4866,26264,1398663504,0
4867,32093,1398653694,1
4867,32101,1398653694,0
4867,32094,1398653694,0
4868,5438,1398430434,0
4869,31690,1398414535,1
4870,25990,1398356246,1
4870,26231,1398356246,0
4870,26007,1398356246,1
4870,26220,1398356246,1
4871,4788,1398346978,1
4871,31623,1398346978,0
4871,4788,1398348538,1
4872,8760,1398321263,-1
4872,4736,1398321263,1
4872,21150,1398321664,0
4872,21158,1398321664,0
4873,25963,1398260198,0
4874,30622,1398241057,1
4874,27678,1398241057,1
4874,27679,1398259728,0
4874,27678,1398259728,0
4875,31796,1398184697,0
4875,29725,1398184697,0
4875,31793,1398184697,0
4875,31793,1398244693,0
4875,31793,1398246505,1
4875,31796,1398246505,-1
4875,31792,1398249714,0
4875,31796,1398249714,-1
4875,31793,1398249714,0
4875,31794,1398249714,0
4875,31796,1398258713,1
4875,31792,1398258713,-1
4875,31801,1398258713,0
4875,31793,1398258713,0
4875,31792,1398259517,0
4876,25919,1398241896,1
4876,25924,1398241896,-1
4878,30404,1398004819,0
4878,31063,1398004819,0
4880,4750,1397661071,1
4880,8863,1397661071,0
4880,8863,1397661071,0
4881,20863,1397635773,0
4881,8635,1397635773,0
4881,8631,1397635773,0
4881,8608,1397635773,0
4881,8633,1397635773,0
4881,8634,1397635773,0
4881,8632,1397635773,0
4882,481,1397571008,-1
4882,250,1397571008,0
4882,7806,1397571008,0
4882,5857,1397578482,0
4883,15660,1397571902,1
4883,14439,1397571902,1
4884,17402,1397467253,-1
4884,17441,1397467253,1
4885,21189,1397465259,1
4885,35525,1397465259,1
4885,35526,1397465259,1
4886,27675,1397219993,1
4886,25902,1397219993,0
4886,27675,1397276149,1
4886,25902,1397276149,0
4890,17402,1397032918,1
4890,17410,1397032918,1
4890,35339,1397032918,0
4891,4754,1396966005,0
4891,4789,1396966005,0
4891,5290,1396966005,0
4891,2149,1396966005,1
4891,4369,1396966005,1
4891,4369,1396968377,0
4892,4602,1390031794,0
4892,519,1390031794,0
4892,2149,1390031794,-1
4892,4789,1390031794,1
4892,4788,1390031794,0
4892,5592,1390031794,0
4892,5290,1390031794,0
4892,4803,1390031794,0
4892,15327,1390031794,0
4892,15366,1390031794,0
4892,31851,1390031794,0
4892,2149,1396961155,1
4892,5290,1396961155,0
4892,4789,1396961155,0
4893,30677,1396514355,-1
4893,28823,1396514355,0
4893,30050,1396514355,1
4893,35006,1396514355,1
4893,29638,1396514355,-1
4893,29637,1396514355,0
4893,30677,1396522278,-1
4893,28823,1396522278,0
4893,30050,1396522278,1
4893,35006,1396522278,1
4893,29638,1396522278,-1
4893,29637,1396522278,0
4893,15330,1396522278,1
4893,35006,1396525087,-1
4893,35006,1396593297,0
4893,30050,1396593297,1
4893,26951,1396593499,0
4893,25963,1396609892,1
4893,25987,1396609892,0
4893,27918,1396618585,0
4893,30050,1396618585,0
4893,25963,1396618585,-1
4893,25963,1396619245,0
4893,25963,1396940192,0
4893,30050,1396940192,0
4894,30106,1396874555,1
4894,30808,1396874555,0
4895,31761,1396862286,0
4895,31762,1396862286,0
4895,5472,1396862286,0
4896,25961,1396688218,0
4897,30050,1396582628,-1
4897,28823,1396582628,0
4897,35006,1396582628,0
4897,30677,1396582628,1
4897,29637,1396582628,0
4897,29638,1396582628,1
4897,20326,1396582628,1
4897,15330,1396582628,-1
4897,74,1396582628,1
4898,29638,1396517822,1
4898,29637,1396517822,0
4898,30050,1396517822,-1
4898,35006,1396517822,-1
4898,30677,1396517822,1
4898,28823,1396517822,0
4898,15330,1396517822,-1
4899,30677,1396117984,1
4899,29637,1396117984,0
4899,29638,1396117984,1
4899,28823,1396118890,0
4899,30677,1396510634,1
4899,28823,1396510634,0
4899,29638,1396510634,1
4899,29637,1396510634,0
4900,8299,1396497149,1
4900,10507,1396497149,-1
4900,4656,1396497149,-1
4901,15777,1396436281,1
4903,4854,1396235494,1
4903,4854,1396331667,1
4903,16821,1396331667,0
4903,4854,1396340523,1
4903,16821,1396340523,1
4906,24398,1396035689,1
4906,26005,1396035689,1
4906,25751,1396035689,-1
4906,27353,1396035689,0
4906,30322,1396035689,1
4906,27690,1396035689,0
4906,4337,1396035689,0
4906,4335,1396035689,0
4906,30955,1396035689,0
4906,30277,1396035689,0
4906,30869,1396035689,0
4906,30220,1396035689,1
4906,25786,1396251267,0
4907,30671,1396180427,1
4907,31029,1396180427,0
4907,30253,1396180427,0
4907,30836,1396180427,0
4907,30832,1396180427,1
4907,31024,1396180427,0
4907,25819,1396180427,0
4908,29638,1396163155,-1
4908,29637,1396163155,0
4908,27845,1396163155,-1
4908,30677,1396163155,-1
4908,28823,1396163155,0
4908,26231,1396163155,0
4909,27213,1395305114,1
4909,30070,1395305114,1
4909,29645,1396010575,1
4910,30455,1396002843,0
4910,25751,1396002843,1
4913,4754,1395884854,0
4913,35599,1395884854,0
4914,5431,1395756763,0
4914,4605,1395756763,1
4915,4734,1395613034,0
4915,30869,1395684905,0
4915,25751,1395684905,-1
4915,4734,1395684905,0
4915,30869,1395733407,0
4915,25751,1395733407,1
4916,30869,1395646313,0
4916,25751,1395646313,1
4917,15781,1395578431,0
4917,15777,1395578431,0
4918,26466,1395452622,1
4919,30062,1395310143,1
4920,4703,1395303679,1
4921,10379,1395220000,0
4921,21137,1395220000,0
4921,10444,1395220000,0
4921,21138,1395220000,1
4921,21140,1395220000,0
4921,21141,1395220000,0
4921,10444,1395223268,1
4921,10379,1395223268,0
4922,8945,1395222662,1
4922,12155,1395222662,1
4923,30079,1395158399,-1
4924,25960,1395137210,1
4925,25902,1395131110,0
4925,27675,1395131110,1
4926,9336,1395086292,1
4928,25886,1395051151,0
4928,25887,1395051151,1
4928,27668,1395051151,1
4928,25674,1395051151,0
4929,17798,1395047034,0
4929,35821,1395047034,0
4929,15689,1395047034,-1
4929,4654,1395047034,-1
4929,4371,1395047034,0
4929,34599,1395047034,0
4929,34927,1395047034,0
4929,34925,1395047034,-1
4929,35586,1395047034,0
4930,4654,1395006415,-1
4930,15689,1395006415,-1
4930,8758,1395006415,0
4930,4371,1395006415,1
4930,8757,1395006415,-1
4930,17798,1395006415,0
4930,19283,1395006415,-1
4930,20946,1395006415,0
4930,17558,1395006415,0
4930,35821,1395006415,0
4930,21138,1395006415,0
4930,34599,1395006415,0
4930,32952,1395006415,-1
4930,34927,1395006415,0
4930,35586,1395006415,0
4930,34925,1395006415,-1
4931,32952,1394972265,1
4931,32952,1394973045,0
4931,4371,1394973045,-1
4932,4705,1394791263,1
4932,7752,1394791263,0
4932,15615,1394791431,0
4932,15617,1394791431,0
4933,8289,1394703723,1
4933,15777,1394703723,-1
4933,15781,1394703723,1
4934,22253,1394701963,0
4935,336,1394592284,-1
4935,336,1394678441,0
4936,21189,1394677470,1
4936,35525,1394677470,1
4936,35526,1394677470,0
4937,25747,1394644364,-1
4937,25751,1394644364,1
4938,8863,1394641373,0
4938,4750,1394641373,1
4938,4747,1394641373,0
4938,4751,1394641373,0
4938,4748,1394641373,1
4939,35050,1394614602,1
4939,35050,1394614602,-1
4939,35051,1394614602,-1
4939,35051,1394614602,0
4939,15625,1394614602,0
4939,15625,1394630465,-1
4939,15636,1394630465,0
4940,24778,1394592319,0
4940,24779,1394592319,0
4940,24607,1394592319,1
4940,24607,1394610521,-1
4940,24573,1394610521,-1
4940,24472,1394610521,-1
4940,24480,1394610521,0
4940,24601,1394610521,1
4940,24622,1394610521,1
4940,24593,1394610521,1
4942,25974,1394519989,1
4943,22731,1394476597,0
4943,24419,1394476597,0
4943,30783,1394476597,1
4943,31113,1394476597,1
4944,28065,1394453430,1
4944,26220,1394453430,0
4946,4803,1394350491,-1
4946,15327,1394350491,-1
4946,15366,1394350491,0
4946,31851,1394350491,0
4947,23412,1394210692,1
4948,5618,1394162273,-1
4949,26250,1394114426,0
4949,26214,1394114426,0
4950,22229,1394045965,1
4950,10069,1394045965,0
4951,19284,1393840672,0
4951,20281,1393840672,0
4951,5438,1393840672,-1
4951,74,1393840672,1
4951,74,1393844391,-1
4951,5438,1393844391,1
4951,20281,1393844391,0
4951,19284,1393844391,0
4952,4705,1393989404,1
4953,25751,1393927247,1
4953,26005,1393927247,1
4953,26015,1393927247,0
4953,26038,1393927247,0
4953,25940,1393927247,0
4953,25947,1393927247,0
4953,30322,1393927247,1
4953,25985,1393927247,0
4953,30277,1393927247,0
4953,30715,1393927247,0
4953,30955,1393927247,1
4953,30869,1393927247,1
4955,19284,1393836028,0
4955,20281,1393836028,0
4955,74,1393836028,-1
4955,5438,1393836028,1
4956,15781,1393811435,1
4956,15777,1393811435,1
4957,25751,1393772780,1
4958,35331,1393755640,0
4958,35205,1393755640,0
4958,1161,1393755640,1
4958,7268,1393755640,0
4959,30375,1393614946,0
4959,32084,1393615000,1
4960,4337,1393598080,1
4960,22439,1393598080,1
4961,4709,1393591323,0
4961,17411,1393591323,0
4961,30682,1393591323,1
4961,28825,1393591323,0
4961,19424,1393591323,0
4961,35521,1393591323,0
4962,4854,1393559096,0
4963,99,1393555077,0
4964,15806,1393553004,0
4964,8369,1393553004,1
4965,26025,1393510895,1
4966,8289,1393485441,1
4966,20197,1393485441,0
4966,15777,1393485441,-1
4966,15781,1393485441,1
4966,8287,1393485441,0
4968,74,1392727251,-1
4968,20326,1392727251,1
4968,17716,1392727251,1
4968,20326,1393382789,0
4969,30072,1393380718,0
4969,27218,1393380718,1
4970,26025,1393347216,1
4973,17402,1393043933,0
4973,17441,1393043933,0
4974,10109,1392929228,0
4974,90,1392929228,1
4974,86,1392929228,-1
4975,16498,1392738911,-1
4975,30698,1392755126,0
4975,16498,1392758173,1
4975,30698,1392758173,-1
4975,16498,1392800145,1
4975,30698,1392883960,0
4975,30698,1392916006,-1
4975,7868,1392916006,0
4976,27353,1392885566,0
4976,30224,1392885566,0
4976,30322,1392885566,0
4976,30948,1392885566,0
4976,34824,1392885566,0
4976,30277,1392885566,0
4976,30960,1392891210,0
4977,15781,1392613871,1
4977,8289,1392613871,-1
4977,20197,1392613871,-1
4977,15783,1392614163,0
4977,15781,1392614163,0
4977,20197,1392807651,0
4977,15781,1392807651,0
4977,15777,1392807651,0
4977,15783,1392807651,0
4978,17702,1392757865,0
4978,17703,1392757865,0
4978,4836,1392757865,-1
4978,22380,1392757865,0
4980,30715,1392624330,1
4980,28847,1392743975,0
4981,30047,1392742474,1
4982,30269,1392704804,0
4986,7868,1392568097,1
4987,15944,1392558936,0
4987,415,1392558936,0
4987,1875,1392558936,0
4987,1876,1392558936,0
4987,4356,1392558936,0
4987,4453,1392558936,0
4987,29642,1392558936,0
4987,30154,1392558936,0
4987,25751,1392558936,1
4987,29694,1392558936,0
4987,29635,1392558936,0
4989,32046,1392381182,1
4989,32044,1392381182,1
4989,32893,1392381182,0
4989,14544,1392381182,0
4989,35163,1392381182,0
4990,30277,1392297430,0
4990,25782,1392297430,1
4990,24170,1392297430,0
4990,24398,1392297430,0
4990,25791,1392297430,1
4990,25751,1392297430,1
4990,4335,1392297430,0
4990,4337,1392297430,0
4991,9806,1392295122,1
4991,4875,1392295122,0
4991,7758,1392295122,1
4991,4875,1392295444,0
4992,15853,1392295122,1
4992,15805,1392295122,0
4992,74,1392295122,1
4993,4655,1392295122,0
4994,30869,1392043252,1
4994,30277,1392043252,1
4994,30660,1392043252,1
4994,30660,1392287194,1
4994,30277,1392287194,1
4994,24365,1392287194,1
4994,25754,1392287194,0
4994,30660,1392287720,0
4994,30277,1392287720,0
4996,25751,1392222889,1
4997,8289,1392175091,0
4997,20197,1392175091,1
4997,15781,1392175091,1
4998,14558,1392115521,1
4998,25742,1392113040,0
4998,30869,1392113040,-1
4998,29694,1392115521,0
4998,29585,1392113040,0
4998,9184,1392113040,1
4998,29717,1392113040,0
4998,29585,1392115521,0
4998,4806,1392133277,0
4998,24191,1392113040,-1
4998,30277,1392113040,-1
4998,30660,1392115521,1
4998,29688,1392115521,0
4998,29694,1392113040,0
4998,29711,1392113040,0
4998,30031,1392115521,0
4998,24191,1392115521,1
4998,30047,1392115521,0
4998,32043,1392115521,0
4998,25731,1392113040,0
4998,21862,1392133277,1
4998,29689,1392113040,0
4998,32043,1392113040,0
4998,29711,1392115521,0
4998,30277,1392115521,1
4998,30036,1392113040,0
4998,30047,1392113040,0
4998,30048,1392115521,0
4998,29695,1392113040,0
4998,25751,1392113040,0
4998,21860,1392113040,1
4998,30031,1392113040,0
4998,30050,1392115521,0
4998,25738,1392115521,0
4998,32044,1392115521,0
4998,30051,1392113040,0
4998,29688,1392113040,0
4998,30036,1392115521,0
4998,32044,1392113040,0
4998,30025,1392113040,0
4998,29695,1392115521,0
4998,32046,1392113040,0
4998,29717,1392115521,0
4998,25742,1392115521,0
4998,25741,1392115521,0
4998,4808,1392113040,1
4998,32046,1392115521,0
4998,29712,1392115521,0
4998,29689,1392115521,0
4998,32045,1392113040,0
4998,21867,1392113040,0
4998,25751,1392115521,0
4998,4210,1392113040,-1
4998,29718,1392113040,0
4998,30051,1392115521,0
4998,30869,1392115521,1
4998,29584,1392113040,0
4998,29584,1392115521,0
4998,4805,1392113040,1
4998,14558,1392113040,-1
5000,4210,1392033941,0
5001,30036,1392028959,0
5001,29585,1392028959,0
5001,30051,1392028959,0
5001,30031,1392028959,0
5001,30050,1392028959,0
5001,29688,1392028959,0
5001,29718,1392028959,0
5001,30048,1392028959,0
5001,30047,1392028959,0
5001,29717,1392028959,0
5001,29689,1392028959,0
5001,29584,1392028959,0
5001,25741,1392028959,0
5001,25731,1392028959,0
5001,25742,1392028959,0
5001,25738,1392030302,0
5001,29712,1392030302,0
5001,29695,1392030302,0
5001,30025,1392030302,0
5001,29711,1392030302,0
5001,29694,1392030302,0
5002,24191,1392024839,1
5003,8299,1391827000,0
5003,8299,1391995263,0
5005,31256,1391846745,1
5006,18852,1391838940,-1
5006,17907,1391838940,1
5008,4869,1391790298,0
5010,21345,1391762604,0
5010,20358,1391762604,0
5010,16145,1391762604,0
5010,8330,1391762604,0
5010,21343,1391762604,0
5010,15402,1391762770,0
5010,15383,1391762770,0
5010,15387,1391762770,0
5010,31866,1391762770,0
5010,31877,1391762770,0
5010,31864,1391762770,0
5010,18524,1391762823,0
5010,22534,1391762823,0
5010,22532,1391762823,0
5010,18521,1391762823,0
5010,22789,1391762823,0
5010,9410,1391762823,0
5010,22533,1391762823,0
5010,22505,1391762823,0
5010,10550,1391762823,0
5010,9407,1391762823,0
5010,9404,1391762823,0
5010,9411,1391762823,0
5010,9923,1391762857,0
5010,17182,1391762857,0
5010,1349,1391762857,0
5010,1329,1391762857,0
5010,1328,1391762857,0
5010,1351,1391762857,0
5010,1350,1391762857,0
5010,9,1391765992,0
5010,12,1391765992,0
5010,13,1391765992,0
5010,17959,1391765992,0
5010,15842,1391765992,0
5010,15858,1391765992,0
5010,18520,1391765992,0
5010,9401,1391765992,0
5010,12349,1391765992,0
5010,8348,1391765992,0
5010,9396,1391765992,0
5010,8357,1391765992,0
5010,22713,1391765992,-1
5010,22715,1391765992,0
5010,22499,1391765992,0
5010,22714,1391765992,-1
5010,15812,1391765992,0
5010,15821,1391765992,0
5010,15855,1391765992,0
5010,22749,1391765992,0
5010,35109,1391765992,0
5010,32012,1391765992,-1
5010,35072,1391765992,0
5011,30622,1391764691,0
5011,28189,1391764691,1
5012,29719,1391704858,1
5013,26256,1391611151,1
5014,26214,1391601448,1
5016,30103,1391594981,1
5016,27283,1391594981,1
5016,267,1391594981,0
5019,24393,1391500441,0
5019,24376,1391500441,1
5019,30166,1391500441,0
5019,31010,1391500441,1
5019,30353,1391500441,1
5019,24376,1391506368,1
5019,24393,1391506368,0
5019,31010,1391506368,1
5019,30353,1391506368,1
5019,30166,1391506368,0
5020,26277,1391454837,1
5020,30817,1391454837,1
5020,30273,1391454837,1
5021,16366,1391436891,-1
5022,28262,1391435723,1
5022,26246,1391435723,1
5023,7868,1391433139,0
5024,15901,1391420384,1
5026,8102,1391184191,1
5027,12086,1390994935,0
5027,8299,1390994935,0
5027,4313,1390994935,1
5028,30081,1390923863,1
5029,31158,1390918940,1
5029,31146,1390918940,1
5030,25809,1390908508,0
5031,445,1388841526,0
5031,21323,1388841526,1
5031,21323,1390897776,0
5031,4744,1390897776,1
5032,31136,1389702323,1
5032,21845,1389816439,-1
5032,4800,1389816439,0
5032,9161,1389816439,-1
5032,31136,1389816439,1
5032,31130,1389889866,1
5032,31130,1389903710,1
5032,31130,1390496857,0
5032,31136,1390496857,0
5032,31130,1390497675,-1
5032,31136,1390497675,-1
5032,31122,1390497675,0
5032,31124,1390497675,1
5032,31136,1390510790,1
5032,31135,1390510790,0
5032,31122,1390510790,1
5032,31133,1390510790,1
5032,31124,1390510790,1
5032,31142,1390510790,0
5032,32115,1390891742,0
5035,15366,1389981111,0
5035,4803,1389981111,0
5035,15327,1389981111,0
5035,31851,1389981111,0
5035,4803,1390204099,0
5035,15327,1390204099,0
5036,15790,1390045075,1
5036,15790,1390069781,0
5036,20256,1390137149,0
5036,15790,1390137149,0
5039,4788,1383245758,0
5039,4788,1389927529,0
5039,5592,1389927529,0
5040,9161,1389864983,1
5040,4800,1389864983,0
5040,21845,1389864983,1
5040,9161,1389865229,0
5040,21845,1389865229,0
5041,14544,1389756304,0
5041,14558,1389756304,1
5043,30081,1389619762,1
5043,26457,1389619762,1
5045,30081,1389345479,1
5045,27198,1389345479,1
5045,27198,1389579225,-1
5045,27201,1389579225,0
5046,32034,1389371896,0
5047,18940,1389348786,1
5047,18945,1389348786,0
5049,10532,1389346354,-1
5050,35519,1389346085,0
5050,35527,1389346085,0
5050,35519,1389346085,0
5050,35525,1389346085,-1
5050,17982,1389346085,0
5051,35527,1389346084,0
5052,26270,1389285086,0
5052,30788,1389285086,0
5053,35939,1389196689,0
5053,35603,1389196689,1
5053,26076,1389196689,0
5053,15790,1389196689,0
5053,35939,1389258167,0
5053,35605,1389258167,0
5054,30092,1389184559,1
5055,25666,1389113360,0
5055,26437,1389113360,1
5056,30110,1389086985,0
5057,25969,1389086449,0
5059,10379,1388989448,0
5059,10372,1388989448,0
5059,10379,1388990221,0
5059,10372,1388990221,0
5060,1852,1388842687,0
5060,30684,1388843396,0
5061,8289,1388842244,0
5062,22229,1388827795,1
5062,10069,1388827795,0
5062,16426,1388827795,1
5064,26242,1388730778,-1
5064,10109,1388730778,0
5064,30679,1388730778,1
5064,30682,1388730778,1
5064,28230,1388730778,0
5065,8758,1388634292,0
5065,8757,1388634292,1
5065,35937,1388634292,0
5065,35938,1388634292,1
5066,441,1387862730,1
5066,21137,1387862730,0
5066,35937,1387862730,0
5066,35938,1387862730,0
5066,21138,1387862730,0
5066,21140,1387862730,0
5066,21141,1387862730,0
5066,441,1388634228,0
5067,29581,1388476130,1
5067,10109,1388476130,0
5070,35603,1388134277,0
5070,15790,1388134277,0
5071,20253,1388129333,1
5071,15790,1388129333,-1
5071,35603,1388129333,0
5071,35608,1388129333,1
5071,15790,1388130119,0
5073,26076,1387682204,1
5073,15790,1387682204,-1
5073,25651,1387682204,1
5073,15790,1387683871,0
5073,20253,1387683871,0
5073,15793,1387683871,0
5073,35603,1387683871,0
5073,35939,1387683871,0
5073,15790,1387941557,0
5073,35939,1387941557,0
5073,15790,1388071888,-1
5073,15790,1388073982,1
5075,22439,1387296387,1
5075,16484,1387296387,1
5075,16485,1387296387,1
5075,16518,1387296387,0
5075,16654,1387296387,0
5075,16655,1387296387,0
5075,1297,1388050197,0
5076,24787,1387942487,1
5076,24619,1387942487,0
5076,24622,1387942487,0
5076,24622,1387944649,0
5079,1573,1387563080,0
5079,4812,1387563080,-1
5079,21886,1387563080,0
5080,22229,1387561805,1
5081,26188,1387560657,1
5082,12416,1387544979,0
5082,4880,1387544979,0
5082,4881,1387544979,1
5084,10369,1387444197,1
5085,415,1387351079,0
5085,4453,1387419299,0
5086,15872,1387377591,0
5086,20385,1387377591,1
5087,34811,1387347584,0
5088,30163,1387346960,0
5089,30082,1387015742,1
5089,30082,1387335914,1
5090,10365,1387208629,-1
5091,9189,1387176823,0
5091,1573,1387176823,1
5092,19749,1387012868,0
5093,15927,1387011911,1
5093,20621,1387011911,0
5094,14544,1386918758,1
5094,14558,1386918758,1
5095,35161,1386904719,0
5097,26281,1386854703,-1
5097,26278,1386854703,-1
5098,24806,1386425549,0
5098,17475,1386425549,0
5098,17460,1386425549,-1
5098,17402,1386425549,-1
5098,17411,1386425549,0
5098,17452,1386425549,0
5098,17400,1386425549,0
5098,17328,1386425549,0
5098,17406,1386425549,-1
5098,17465,1386425549,0
5098,17467,1386425549,0
5098,17470,1386425549,0
5098,17435,1386425549,1
5098,17469,1386425549,0
5098,17399,1386425549,0
5098,17462,1386425549,0
5098,17463,1386425549,0
5098,17416,1386425549,0
5098,17420,1386425549,0
5098,17427,1386425549,0
5098,35326,1386425549,0
5098,24810,1386425549,0
5098,24806,1386427412,0
5098,24810,1386427412,0
5098,18929,1386850250,1
5098,20325,1386850250,0
5098,17716,1386850250,1
5098,31212,1386850250,0
5098,31214,1386850250,0
5098,8362,1386850250,-1
5098,8371,1386850250,1
5098,8369,1386850250,0
5098,15850,1386850250,0
5098,15817,1386850250,0
5098,31213,1386850250,0
5100,31737,1386777254,0
5100,7711,1386777254,0
5100,31721,1386777254,0
5100,31718,1386777254,0
5101,30103,1386763992,1
5102,4854,1386687520,0
5104,27236,1386658883,1
5104,30081,1386658883,-1
5104,27232,1386659840,1
5104,30078,1386659840,0
5105,4813,1386425549,1
5106,26278,1386324121,0
5107,21126,1386238716,0
5107,4732,1386238716,0
5108,32233,1386159484,0
5108,31257,1386159484,1
5108,32234,1386159484,1
5108,31257,1386160056,0
5108,32233,1386160544,0
5108,32234,1386160544,0
5108,32233,1386175926,0
5108,32234,1386175926,0
5109,32234,1386156896,1
5109,32233,1386156896,0
5110,29607,1386132738,-1
5110,28327,1386132738,1
5111,17201,1385642947,1
5111,35941,1385739965,0
5111,17201,1385739965,1
5111,17201,1385971317,1
5111,35941,1385971317,1
5111,32234,1386012573,1
5111,31257,1386012573,0
5111,10109,1386012573,0
5112,24364,1386089018,-1
5113,15327,1386068121,0
5113,4803,1386068121,0
5114,31839,1386064190,0
5114,31836,1386064190,0
5114,31854,1386064190,0
5114,31855,1386064190,0
5114,31858,1386064190,0
5114,31838,1386064190,0
5114,31853,1386064190,0
5114,15390,1386064190,0
5114,15366,1386064190,0
5114,15354,1386064190,0
5114,15348,1386064190,0
5114,15370,1386064190,0
5114,15360,1386064190,0
5114,15374,1386064190,0
5114,15371,1386064190,0
5114,15376,1386064190,0
5114,15372,1386064190,0
5114,15345,1386064190,0
5114,15377,1386064190,0
5114,15367,1386064190,0
5114,15358,1386064190,0
5114,15353,1386064190,0
5114,15327,1386064190,1
5114,15347,1386064190,0
5114,15373,1386064190,0
5114,15378,1386064190,0
5114,15346,1386064190,0
5114,15369,1386064190,0
5114,4803,1386064190,1
5114,9179,1386064190,0
5114,31843,1386064190,0
5114,31846,1386064190,0
5114,31856,1386064190,0
5114,31845,1386064190,0
5114,31851,1386064190,0
5114,31842,1386064190,0
5114,31859,1386064190,0
5114,31837,1386064190,0
5114,15327,1386065800,1
5114,4803,1386065800,0
5115,4813,1386038551,-1
5117,17200,1385983910,0
5118,12234,1385977893,0
5118,12233,1385977893,0
5119,10109,1385966300,0
5119,30079,1385966300,0
5119,27234,1385966300,0
5119,27234,1385967275,0
5121,7184,1385549838,0
5121,5810,1385549838,0
5121,35678,1385549838,0
5122,30105,1385630164,1
5122,30720,1385630164,1
5122,24398,1385630164,1
5122,26188,1385630164,1
5122,25751,1385630164,0
5123,12275,1385627950,-1
5125,30983,1385561732,1
5125,30221,1385561732,0
5125,30232,1385561732,1
5125,30944,1385561732,1
5125,29719,1385561732,0
5126,30977,1385542316,1
5126,30322,1385542316,1
5126,10109,1385542316,0
5127,4813,1385455507,1
5127,9189,1385455507,0
5128,1570,1385454255,0
5129,9701,1385447419,0
5130,10109,1385445313,0
5131,4855,1385292978,1
5132,30869,1385288840,1
5132,30277,1385288840,1
5132,25751,1385288840,0
5134,28845,1385068972,1
5134,30707,1385068972,1
5134,30707,1385281293,-1
5136,15689,1385208657,0
5139,26289,1385065853,0
5142,30047,1385053401,-1
5142,30048,1385053401,1
5142,30049,1385053401,1
5142,30794,1385053401,0
5142,30048,1385053794,0
5143,25649,1385035836,0
5143,25660,1385035836,1
5143,25650,1385035836,1
5144,31961,1385029584,1
5145,29644,1384168764,1
5145,26771,1384168764,1
5145,29644,1385028123,-1
5146,30693,1384962245,1
5147,35594,1384912800,-1
5147,35595,1384912800,-1
5147,35596,1384912800,-1
5147,35597,1384912800,-1
5147,17176,1384912800,-1
5147,24174,1384912800,0
5147,24171,1384912800,-1
5147,24183,1384912800,-1
5147,17175,1384912800,-1
5147,24173,1384912800,0
5147,24169,1384912800,-1
5147,24170,1384912800,-1
5147,17167,1384912800,-1
5147,17173,1384912800,-1
5147,17174,1384912800,0
5147,17172,1384912800,-1
5148,25902,1384854251,0
5148,27675,1384854251,1
5148,25660,1384854251,0
5148,27675,1384855497,0
5148,25660,1384907339,0
5149,20376,1384881454,0
5149,4795,1384881454,0
5149,1806,1384881454,-1
5149,20376,1384881643,0
5149,1806,1384881643,1
5150,20376,1384881190,0
5150,1806,1384881190,0
5152,17167,1384874926,0
5152,24171,1384874926,0
5152,24176,1384874926,0
5152,17173,1384874926,-1
5153,25977,1384867704,0
5153,28817,1384867704,0
5154,4860,1380443127,0
5154,22942,1380443127,0
5154,32013,1380443127,1
5154,30322,1384853066,0
5154,30292,1384853066,1
5154,30332,1384853066,0
5154,30283,1384853066,1
5154,29721,1384853066,0
5154,29585,1384853066,1
5154,12416,1384853066,1
5154,12350,1384853066,0
5154,4743,1384853066,1
5154,30025,1384853066,1
5154,30309,1384853066,0
5154,30295,1384853066,1
5154,29719,1384853066,1
5155,20319,1384748900,1
5155,74,1384748900,1
5155,74,1384852527,-1
5156,9298,1384830543,0
5156,21983,1384830543,0
5157,29679,1384771800,0
5158,15496,1384594237,0
5161,30035,1384436685,0
5161,30154,1384436685,0
5161,30092,1384436685,0
5161,30040,1384436685,-1
5161,25766,1384436685,0
5161,30034,1384436685,-1
5161,32242,1384436685,0
5162,29654,1384426908,-1
5163,18394,1384411718,1
5163,26088,1384418100,0
5164,30092,1384357286,1
5167,12234,1384252018,0
5170,15551,1384245172,0
5170,15493,1384245172,0
5171,4813,1384235230,1
5171,1576,1384235230,0
5172,35325,1384171109,1
5172,30694,1384181745,1
5172,28833,1384181745,1
5174,29619,1384084168,-1
5174,29621,1384084168,-1
5174,26980,1384084168,1
5175,30139,1383943559,1
5175,27298,1383943559,1
5175,27298,1383944048,0
5175,30139,1384010092,-1
5176,25762,1383922352,0
5178,12398,1383922352,1
5178,9189,1383922352,0
5178,4812,1383922352,0
5179,4788,1383906761,0
5181,30081,1383637498,1
5181,30081,1383745768,0
5181,30081,1383788280,0
5182,9941,1383773139,-1
5183,31018,1383724624,0
5183,30952,1383724624,0
5183,31012,1383724624,0
5183,24405,1383724624,1
5183,30871,1383724624,0
5183,31006,1383724624,0
5183,30855,1383724624,0
5183,30857,1383724624,0
5183,22652,1383724624,0
5183,30933,1383724624,0
5183,30950,1383724624,0
5183,30987,1383724624,0
5183,31034,1383724624,0
5183,30986,1383724624,0
5183,30922,1383724624,0
5183,30958,1383724624,0
5183,30884,1383724624,0
5183,30935,1383724624,0
5183,30968,1383724624,0
5183,31032,1383724624,0
5183,30817,1383724624,0
5183,30277,1383724624,1
5183,30848,1383743212,-1
5183,16416,1383724624,0
5183,30849,1383724624,0
5183,22650,1383724624,0
5183,16135,1383743212,0
5183,22648,1383724624,0
5183,30912,1383724624,0
5183,31022,1383743212,-1
5183,30858,1383724624,0
5183,30920,1383742354,0
5183,30886,1383724624,0
5183,30943,1383724624,0
5183,22676,1383724624,0
5183,30868,1383724624,0
5183,30920,1383746692,-1
5183,30322,1383724624,1
5183,30866,1383724624,0
5183,30887,1383743212,-1
5183,30870,1383724624,0
5183,30892,1383724624,0
5183,16214,1383743212,-1
5183,31010,1383724624,0
5183,34972,1383724624,0
5183,30823,1383724624,0
5183,31033,1383743212,-1
5183,31700,1383724624,0
5183,24398,1383724624,0
5183,30919,1383724624,0
5183,31003,1383724624,0
5183,30862,1383724624,0
5183,30932,1383724624,0
5183,30910,1383724624,0
5183,22649,1383724624,0
5183,30913,1383724624,0
5183,30918,1383724624,0
5183,30859,1383724624,0
5183,23045,1383724624,0
5183,30983,1383724624,0
5184,15895,1383745768,0
5184,35574,1383745768,0
5186,26236,1383603928,1
5186,27072,1383663986,0
5187,31389,1383598580,1
5187,31689,1383598580,0
5187,35671,1383598580,1
5187,35662,1383598580,1
5187,24829,1383598580,1
5187,19423,1383598580,0
5189,4881,1383297426,0
5189,4880,1383297426,0
5189,132,1383297426,-1
5189,12415,1383297426,-1
5189,16966,1383297426,0
5189,12416,1383297426,-1
5191,21201,1383214495,1
5191,18009,1383214495,0
5191,35522,1383214495,0
5192,17995,1382034982,0
5192,31714,1382034982,0
5192,35326,1382034982,1
5192,35522,1382034982,1
5192,31690,1382034982,1
5192,31714,1382034982,1
5192,22271,1383139093,0
5192,10109,1383139093,-1
5192,5290,1383139093,-1
5192,86,1383139093,-1
5192,85,1383139093,0
5192,79,1383139093,1
5192,80,1383139093,1
5192,31714,1383139093,1
5194,17411,1383119772,1
5194,22271,1383119772,0
5194,10109,1383119772,-1
5194,17427,1383119772,1
5194,86,1383119772,-1
5194,85,1383119772,0
5194,80,1383119772,1
5194,79,1383119772,1
5194,17406,1383119772,0
5194,17427,1383121135,0
5195,10109,1383063455,1
5195,22271,1383063455,0
5195,80,1383063455,-1
5195,79,1383063455,-1
5195,85,1383063455,0
5195,86,1383063455,1
5197,30106,1382962655,1
5197,15330,1382989205,-1
5198,29585,1382970496,1
5200,21887,1382960772,1
5200,4813,1382960772,1
5200,1573,1382960772,1
5200,4812,1382960772,0
5200,9189,1382960772,1
5201,24621,1382950240,-1
5202,98,1382796372,0
5202,99,1382796372,1
5204,29532,1382708843,0
5207,12107,1382535707,1
5207,17841,1382675987,0
5208,31684,1382618021,1
5210,26191,1382537750,1
5211,12107,1382535707,-1
5212,30389,1382363514,1
5212,30715,1382459490,0
5212,30389,1382459490,-1
5213,741,1382435721,0
5214,4805,1382373959,0
5214,21860,1382373959,1
5215,17402,1382359231,-1
5215,17429,1382359231,0
5215,17460,1382359231,0
5215,17406,1382359231,0
5216,16300,1382354422,0
5216,4750,1382354422,0
5216,32646,1382354422,1
5216,32645,1382354422,0
5216,32647,1382354422,0
5216,32646,1382354840,1
5216,32645,1382356307,0
5217,8289,1382349902,1
5217,20197,1382349902,1
5217,15781,1382349902,0
5218,10365,1382342443,1
5218,10365,1382342531,0
5220,20270,1382257552,1
5220,20271,1382257552,0
5220,20273,1382257552,-1
5220,18219,1382257552,0
5221,16300,1382195088,0
5221,4750,1382195088,-1
5221,19049,1382195088,1
5222,4750,1382141421,-1
5222,4748,1382141421,0
5222,16300,1382141421,0
5222,12147,1382141421,1
5222,10246,1382141421,0
5222,8864,1382141421,0
5222,8865,1382141421,0
5222,8863,1382141421,-1
5224,4706,1381989054,1
5224,8647,1381989054,1
5224,8647,1382028065,1
5224,4706,1382028065,1
5226,30049,1382006343,1
5227,8102,1382001237,-1
5227,19816,1382001237,1
5228,4844,1380016411,0
5228,537,1380016411,0
