1,36998,1582483410,0,NULL,NULL
1,20084,1582483410,0,NULL,NULL
1,31912,1582483410,1,NULL,NULL
1,33338,1582483410,1,NULL,NULL
1,27787,1582392860,1,0.0,0.0
2,22468,1575129178,0,0.0,0.0
2,31530,1574150812,0,NULL,NULL
2,32609,1575129178,0,NULL,NULL
2,24784,1575129178,0,NULL,NULL
2,19911,1575129178,0,NULL,NULL
6,18302,1582202233,0,NULL,NULL
6,7608,1582202233,0,NULL,NULL
6,17820,1582202234,0,NULL,NULL
6,12725,1582202233,0,NULL,NULL
6,21512,1582202233,0,NULL,NULL
9,34534,1582148042,0,NULL,NULL
9,35315,1582174558,0,NULL,NULL
9,8486,1582174558,0,NULL,NULL
11,5139,1582140164,0,NULL,NULL
11,17102,1582140164,-1,NULL,NULL
15,23727,1582032071,0,NULL,NULL
15,5209,1582032071,0,NULL,NULL
15,32851,1582032071,0,NULL,NULL
15,7795,1582033325,-1,NULL,NULL
15,20240,1582032071,0,NULL,NULL
16,15398,1582021318,0,NULL,NULL
16,15579,1582021318,0,0.0,0.0
16,5682,1582021318,1,NULL,NULL
16,11078,1582021318,1,NULL,NULL
16,20861,1582021318,0,NULL,NULL
17,11806,1581966181,-1,NULL,NULL
18,22738,1581951289,-1,NULL,NULL
18,11409,1581952465,-1,NULL,NULL
18,8567,1581952465,0,0.0,0.0
20,31602,1581941082,0,NULL,NULL
20,7357,1581941082,0,NULL,NULL
20,33749,1581941082,0,NULL,NULL
20,12263,1581941082,0,NULL,NULL
20,5924,1581941082,0,NULL,NULL
21,37033,1581940908,1,0.0,0.0
21,27533,1581940908,0,-1.0,-1.0
21,33,1581940908,-1,NULL,NULL
21,27917,1581940908,0,NULL,NULL
22,13569,1581775408,1,NULL,NULL
22,9367,1581775408,1,NULL,NULL
22,22913,1581775408,1,NULL,NULL
22,13051,1581691042,1,NULL,NULL
22,16219,1581839376,1,NULL,NULL
27,292,1581692767,0,NULL,NULL
27,15896,1581692767,0,NULL,NULL
27,6687,1581692767,-1,0.0,0.0
27,14158,1581692767,-1,NULL,NULL
27,23904,1581692767,0,NULL,NULL
31,8756,1581671838,0,0.0,NULL
31,14082,1581671838,0,NULL,NULL
31,15397,1581671838,1,NULL,NULL
33,22676,1581615466,0,0.0,0.0
35,30410,1581602563,0,-1.0,-1.0
35,33655,1581602563,0,NULL,NULL
35,25831,1581602563,0,NULL,NULL
35,33320,1581602563,0,NULL,NULL
35,2054,1581602563,0,NULL,NULL
38,33681,1581598156,0,NULL,NULL
38,19416,1581598156,1,NULL,NULL
38,33712,1581598156,0,NULL,NULL
38,16866,1581598156,0,NULL,NULL
38,35402,1581598156,0,NULL,NULL
39,15804,1581597014,0,NULL,NULL
39,22717,1581597014,0,0.0,0.0
39,34295,1581597014,0,NULL,NULL
39,6566,1581597014,0,0.0,0.0
39,24140,1581597014,0,NULL,NULL
43,37490,1581514044,1,NULL,NULL
48,32371,1581423710,0,NULL,NULL
48,19018,1581423710,1,0.0,0.0
48,24146,1581423710,1,NULL,NULL
48,4789,1581423710,0,0.0,NULL
48,5213,1581423710,1,NULL,NULL
51,24137,1581412288,1,NULL,NULL
52,27607,1581290552,0,0.0,0.0
52,26497,1581290552,1,0.0,0.0
52,18594,1581290552,1,NULL,NULL
52,13368,1581405660,1,NULL,NULL
52,6372,1581290552,1,0.0,0.0
53,31710,1581395247,0,NULL,NULL
53,1738,1581395247,-1,NULL,NULL
53,33041,1581395247,0,NULL,NULL
53,25005,1581395247,0,0.0,0.0
53,6953,1581395247,1,NULL,NULL
56,329,1581308505,0,NULL,NULL
56,22114,1581308505,1,NULL,NULL
56,21913,1581308505,1,0.0,0.0
56,2129,1581308505,1,NULL,NULL
57,27979,1581308385,0,0.0,0.0
57,9949,1581308385,0,0.0,0.0
57,31858,1581308385,0,NULL,NULL
57,13539,1581308385,0,NULL,NULL
57,27587,1581308385,0,0.0,0.0
60,10881,1581090001,0,NULL,NULL
60,16711,1581090001,0,NULL,NULL
60,22474,1581090001,0,0.0,0.0
60,33871,1581090001,0,NULL,NULL
60,1669,1581090001,1,NULL,NULL
61,17056,1581081887,0,NULL,NULL
61,32006,1581081887,-1,NULL,NULL
61,14554,1581081887,0,NULL,NULL
61,34082,1581081887,0,NULL,NULL
61,28339,1581081887,0,0.0,0.0
62,23871,1581076684,0,NULL,NULL
62,485,1581076684,0,NULL,NULL
62,36780,1581076684,0,NULL,NULL
62,10936,1581076684,0,NULL,NULL
62,8910,1581076684,0,NULL,NULL
63,26785,1581070962,0,0.0,0.0
63,588,1581070962,1,NULL,NULL
68,36803,1581002599,0,NULL,NULL
68,1967,1581006371,0,NULL,NULL
68,10453,1581002599,0,0.0,0.0
68,37567,1581006371,0,NULL,NULL
68,14819,1581006371,0,NULL,NULL
70,8894,1580997515,1,0.0,0.0
70,22532,1581000197,0,0.0,0.0
70,5467,1581000424,0,NULL,NULL
71,5975,1580987716,-1,0.0,0.0
71,5525,1580987716,-1,NULL,NULL
71,9134,1580997183,1,NULL,NULL
71,23094,1580987716,-1,NULL,NULL
71,4780,1580987716,-1,NULL,NULL
74,16354,1580976171,0,NULL,NULL
76,30238,1580911552,0,NULL,NULL
76,6583,1580911552,-1,NULL,NULL
76,8850,1580911552,0,NULL,NULL
76,32520,1580911552,0,NULL,NULL
76,31940,1580911552,1,NULL,NULL
80,32016,1580850649,0,0.0,0.0
80,25713,1580850649,1,NULL,NULL
80,37305,1580850649,0,NULL,NULL
81,17476,1580822605,1,NULL,NULL
81,32190,1580812556,0,NULL,NULL
81,37398,1580839159,1,NULL,NULL
81,529,1580822122,1,NULL,NULL
81,8367,1580839159,0,NULL,NULL
83,32607,1580831197,0,NULL,NULL
83,33738,1580831197,-1,NULL,NULL
83,11120,1580831197,-1,NULL,NULL
83,15734,1580831197,1,NULL,NULL
83,27716,1580831197,0,0.0,0.0
84,26201,1580811385,0,0.0,0.0
84,28530,1580811385,1,0.0,0.0
85,27868,1579428885,1,0.0,0.0
85,28209,1580152170,-1,0.0,0.0
85,6469,1578082766,-1,0.0,0.0
85,9656,1580152170,1,NULL,NULL
85,28277,1578990033,-1,NULL,NULL
89,13038,1580729186,-1,NULL,NULL
89,8386,1580729186,0,0.0,0.0
89,20064,1580735820,-1,NULL,NULL
89,28131,1580735820,-1,0.0,0.0
89,6718,1580729186,0,0.0,0.0
91,35289,1580485603,0,NULL,NULL
91,19374,1580485603,0,NULL,NULL
91,37395,1580485603,0,NULL,NULL
91,25222,1580485603,0,0.0,0.0
91,6570,1580485603,0,NULL,NULL
94,19804,1580451150,0,NULL,NULL
94,9379,1580470359,0,NULL,NULL
94,6456,1580451150,1,NULL,NULL
94,5808,1580451637,0,NULL,NULL
94,14349,1580451150,0,NULL,NULL
95,28271,1580454019,0,NULL,NULL
98,33775,1580139808,1,NULL,NULL
98,31711,1580227618,0,NULL,NULL
98,582,1580139808,-1,NULL,NULL
98,31647,1580139808,0,NULL,NULL
98,27575,1580249309,1,0.0,0.0
100,16301,1580313510,1,0.0,0.0
100,8150,1580313510,1,NULL,NULL
100,20417,1580317859,0,NULL,NULL
101,27706,1580315198,0,NULL,NULL
101,18010,1580315198,0,NULL,NULL
101,7309,1580315198,0,NULL,NULL
101,28258,1580315199,0,NULL,NULL
101,34260,1580315198,0,NULL,NULL
102,28341,1580305707,-1,0.0,0.0
102,15555,1580305707,-1,0.0,0.0
102,27375,1580306840,0,-1.0,-1.0
102,17503,1580306840,0,0.0,0.0
102,35027,1580306840,0,NULL,NULL
104,18923,1580151639,1,NULL,NULL
104,12784,1580151639,0,NULL,NULL
104,19349,1580151639,0,NULL,NULL
104,4822,1580080190,0,NULL,NULL
104,2172,1580151639,1,NULL,NULL
110,4771,1579941076,1,0.0,0.0
110,703,1579942843,0,NULL,NULL
110,10443,1579941076,0,NULL,NULL
110,4610,1579942843,0,NULL,NULL
110,12818,1579941076,-1,NULL,NULL
111,20300,1579899507,0,NULL,NULL
111,17039,1579899507,0,NULL,NULL
114,11817,1579861823,-1,NULL,NULL
114,1983,1579861823,1,NULL,NULL
118,11331,1579769843,-1,NULL,NULL
118,18948,1579769605,1,NULL,NULL
118,33466,1579769605,0,NULL,NULL
118,7189,1579769605,1,0.0,0.0
118,94,1579769605,0,NULL,NULL
122,7186,1579610264,1,0.0,0.0
122,7620,1579610264,0,0.0,0.0
122,28817,1579610264,1,0.0,0.0
122,1665,1579610264,0,NULL,NULL
122,31444,1579609888,0,NULL,NULL
123,14,1579586732,0,NULL,NULL
123,24781,1579529702,0,NULL,NULL
123,16039,1579532617,0,NULL,NULL
123,27532,1579529702,0,NULL,NULL
123,26726,1579529702,-1,NULL,NULL
125,36340,1579516182,0,NULL,NULL
125,33972,1579516183,0,NULL,NULL
125,36820,1579516182,1,NULL,NULL
125,15707,1579516182,1,NULL,NULL
125,28376,1579516182,0,0.0,0.0
131,8253,1579175882,0,NULL,NULL
131,28826,1579175420,0,0.0,0.0
131,7221,1579175420,1,NULL,NULL
131,32610,1579175420,0,NULL,NULL
131,18419,1579175420,0,NULL,NULL
133,33025,1579096301,0,NULL,NULL
133,24862,1579096301,0,0.0,0.0
133,26569,1579096301,0,0.0,0.0
133,6480,1579096301,0,NULL,NULL
133,21477,1579096301,0,NULL,NULL
136,86,1579088341,0,0.0,NULL
136,12946,1579088341,0,NULL,NULL
136,1991,1579088340,1,NULL,NULL
136,34148,1579088340,0,NULL,NULL
136,22989,1579088340,0,NULL,NULL
137,23409,1579087394,1,NULL,NULL
142,25086,1578755261,0,NULL,NULL
142,17665,1578755261,0,NULL,NULL
144,13070,1578737851,1,NULL,NULL
145,22953,1578411541,0,0.0,0.0
145,6580,1578411541,0,NULL,NULL
145,32660,1578243836,-1,NULL,NULL
145,6908,1578152914,0,0.0,0.0
145,206,1578246171,0,NULL,NULL
146,12002,1578650018,0,NULL,NULL
146,16120,1578650018,0,0.0,0.0
146,26270,1578650018,0,0.0,0.0
146,6648,1578658879,0,NULL,NULL
147,32906,1578629840,-1,NULL,NULL
149,5954,1578587531,0,NULL,NULL
154,6610,1578564784,1,NULL,NULL
154,19888,1578564784,0,NULL,NULL
154,7687,1578564784,1,NULL,NULL
154,5256,1578564784,1,NULL,NULL
154,36485,1578499428,0,NULL,NULL
156,2334,1578515014,1,NULL,NULL
156,12475,1578515014,0,NULL,NULL
163,15928,1578408181,0,NULL,NULL
163,21083,1578408181,0,NULL,NULL
163,30351,1578408181,0,NULL,NULL
163,32070,1578408181,0,NULL,NULL
163,22152,1578408181,0,NULL,NULL
167,7438,1578391486,-1,NULL,NULL
167,9306,1578391486,1,NULL,NULL
174,16687,1578027412,1,0.0,0.0
177,32361,1577954879,1,NULL,NULL
177,5064,1577954879,1,NULL,NULL
180,24294,1577875589,0,NULL,NULL
182,13414,1577453860,1,NULL,NULL
182,22301,1577696900,-1,NULL,NULL
182,30144,1577696900,0,NULL,NULL
183,13947,1577696173,1,NULL,NULL
183,26556,1577696173,1,0.0,0.0
185,5398,1577640359,0,NULL,NULL
185,14589,1577640359,0,NULL,NULL
185,9603,1577640359,0,0.0,0.0
185,20838,1577640359,1,NULL,NULL
185,12298,1577640359,0,NULL,NULL
191,23561,1577123205,-1,NULL,NULL
191,10115,1577123205,0,NULL,NULL
191,21846,1577123205,0,NULL,NULL
191,28137,1577123205,0,NULL,NULL
191,32057,1577123205,0,NULL,NULL
192,32180,1577094502,1,0.0,0.0
192,26238,1576913257,0,NULL,NULL
192,2393,1577094752,0,NULL,NULL
192,6811,1576913257,1,NULL,NULL
192,5813,1577094752,1,NULL,NULL
194,21805,1577087143,0,NULL,NULL
194,18622,1577087143,0,NULL,NULL
195,31254,1576927064,0,NULL,NULL
195,9305,1576927064,0,0.0,0.0
195,1625,1576927064,0,NULL,NULL
195,16300,1576926382,0,0.0,0.0
195,34372,1576926382,0,NULL,NULL
198,20019,1576833128,0,NULL,NULL
199,16652,1576831311,0,0.0,0.0
199,36208,1576506509,0,NULL,NULL
199,28847,1576831311,-1,0.0,0.0
199,16654,1576831312,0,NULL,NULL
199,1561,1576831313,0,NULL,NULL
201,7631,1576674962,-1,0.0,0.0
201,21430,1576670741,0,0.0,0.0
201,7824,1576670741,0,NULL,NULL
201,6142,1576670741,0,NULL,NULL
201,12364,1576670741,-1,NULL,NULL
205,20131,1576672063,1,0.0,0.0
205,8742,1576672063,0,NULL,NULL
205,31502,1576672063,1,NULL,NULL
205,2303,1576672063,0,NULL,NULL
205,4784,1576672063,0,NULL,NULL
206,13309,1576666942,1,NULL,NULL
209,10173,1576576474,0,NULL,NULL
209,15849,1576576474,1,NULL,NULL
209,9092,1576576474,0,NULL,NULL
209,20152,1576576474,0,NULL,NULL
209,33648,1576576474,1,NULL,NULL
213,9983,1576533349,0,NULL,NULL
213,15781,1576533349,-1,NULL,NULL
213,6670,1576533349,0,0.0,0.0
213,19974,1576533349,-1,NULL,NULL
217,6387,1576240628,1,NULL,NULL
219,17175,1576146397,0,NULL,NULL
220,22272,1576050024,0,0.0,0.0
226,16911,1575905753,0,NULL,NULL
228,16813,1575902281,0,0.0,0.0
228,19942,1575902281,0,NULL,NULL
228,36438,1575901975,-1,NULL,NULL
228,27790,1575902281,0,0.0,0.0
228,6129,1575901975,0,NULL,NULL
229,10371,1575895249,1,0.0,0.0
229,22244,1575895249,0,NULL,NULL
229,10241,1575895249,0,NULL,NULL
230,23197,1575893694,0,NULL,NULL
230,32967,1575893694,1,NULL,NULL
236,37684,1575375914,0,NULL,NULL
236,18085,1575364737,0,NULL,NULL
236,31225,1575364737,0,0.0,0.0
236,32608,1575611269,0,NULL,NULL
236,31140,1575375914,0,NULL,NULL
238,194,1575542711,0,NULL,NULL
241,10791,1575460076,1,NULL,NULL
242,5850,1575450695,0,NULL,NULL
242,26751,1575450027,0,0.0,0.0
242,27572,1575450027,0,0.0,0.0
242,9686,1575450027,0,NULL,NULL
242,4748,1575450027,1,NULL,NULL
243,16049,1575444217,1,NULL,NULL
243,31855,1575444217,0,NULL,NULL
243,3916,1575444217,0,NULL,NULL
243,6735,1575444217,1,NULL,NULL
244,14543,1575442748,0,NULL,NULL
244,24055,1575442748,0,NULL,NULL
244,6628,1575442748,1,NULL,NULL
248,17619,1575384505,0,NULL,NULL
248,27912,1575384505,0,0.0,0.0
248,28540,1575384505,1,0.0,0.0
249,29453,1575378650,0,NULL,NULL
249,8182,1575378650,1,NULL,NULL
249,7928,1575378650,1,NULL,NULL
255,9689,1575121216,0,0.0,0.0
255,19772,1575121216,0,NULL,NULL
255,16093,1575121216,0,NULL,NULL
255,24068,1575121216,0,NULL,NULL
255,2250,1575121216,0,NULL,NULL
256,17829,1575037356,0,NULL,NULL
257,24303,1575020260,1,NULL,NULL
257,36738,1575020260,0,NULL,NULL
257,556,1575031150,1,NULL,NULL
257,14566,1575031150,0,NULL,NULL
258,25754,1575022538,0,NULL,NULL
258,6897,1575022538,0,0.0,0.0
258,2931,1575022538,0,NULL,NULL
258,9381,1575022538,0,NULL,NULL
258,14809,1575022538,1,NULL,NULL
259,16944,1574958358,1,NULL,NULL
259,26761,1574980704,0,0.0,0.0
259,13603,1574958973,0,NULL,NULL
259,7797,1575017534,1,NULL,NULL
259,22471,1574958358,0,0.0,0.0
262,30920,1574675625,0,NULL,NULL
262,14090,1574675625,0,NULL,NULL
263,19636,1540473486,1,NULL,NULL
263,31956,1541670803,0,NULL,NULL
263,20751,1542010001,0,NULL,NULL
263,21758,1180952139,0,NULL,NULL
263,33551,1541670803,1,NULL,NULL
266,27055,1574411813,0,NULL,NULL
266,33500,1574411813,0,NULL,NULL
266,12940,1574411813,0,NULL,NULL
266,10010,1574409790,1,NULL,NULL
266,18822,1574411813,1,0.0,0.0
267,28605,1574406850,0,0.0,0.0
267,6924,1574406850,0,0.0,0.0
269,17300,1574359948,0,NULL,NULL
269,10080,1574359948,0,0.0,0.0
269,8666,1574359948,-1,NULL,NULL
269,32465,1574359948,0,NULL,NULL
271,1757,1574351866,0,NULL,NULL
271,2333,1574354553,0,NULL,NULL
271,9041,1574354553,0,NULL,NULL
271,8702,1574354553,0,NULL,NULL
271,18014,1574351866,0,NULL,NULL
272,24608,1574346048,-1,NULL,NULL
272,1829,1574346048,0,NULL,NULL
272,35381,1574346048,1,NULL,NULL
272,9476,1574346048,0,0.0,0.0
272,21339,1574346048,1,0.0,0.0
282,10649,1574173350,0,NULL,NULL
282,7840,1574177243,0,NULL,NULL
282,25693,1574177243,0,0.0,0.0
282,18710,1574177243,0,NULL,NULL
282,22637,1574173350,0,NULL,NULL
283,9310,1574164828,0,0.0,0.0
283,34709,1574164828,0,NULL,NULL
283,14122,1574164828,0,NULL,NULL
283,18207,1574164828,0,NULL,NULL
283,9315,1574164828,0,NULL,NULL
284,4319,1573621465,1,NULL,NULL
284,29006,1573557806,0,NULL,NULL
284,13749,1573620800,1,NULL,NULL
284,5620,1574156670,1,NULL,NULL
284,4906,1573558144,0,NULL,NULL
285,376,1574084204,0,NULL,NULL
285,14190,1574084204,0,NULL,NULL
285,30842,1574084204,0,0.0,0.0
285,34680,1574084204,0,NULL,NULL
285,9679,1574084204,0,NULL,NULL
286,35605,1574070057,1,NULL,NULL
286,16074,1574070057,0,NULL,NULL
286,31528,1574070057,0,NULL,NULL
286,13192,1574070057,0,NULL,NULL
286,14428,1574070057,0,NULL,NULL
287,65,1573051588,0,NULL,NULL
287,20797,1573051588,0,0.0,0.0
287,17905,1573051588,-1,0.0,0.0
287,13291,1574065336,0,NULL,NULL
287,7886,1573051588,0,NULL,NULL
288,11956,1573815995,0,NULL,NULL
288,334,1573815995,0,0.0,0.0
288,22519,1573815995,-1,0.0,0.0
288,28552,1573815995,0,0.0,0.0
288,27317,1573815995,0,0.0,0.0
290,31990,1573820692,0,NULL,NULL
290,5691,1573820692,0,NULL,NULL
290,27645,1573820692,0,0.0,0.0
290,5068,1573820692,0,NULL,NULL
290,27087,1573820692,0,0.0,0.0
291,202,1573793749,1,NULL,NULL
292,17606,1573732107,0,NULL,NULL
292,19816,1573786956,-1,0.0,0.0
292,11037,1573732107,0,0.0,0.0
292,4856,1573732107,-1,NULL,NULL
292,370,1573732107,0,NULL,NULL
294,30324,1573708416,0,NULL,NULL
294,6858,1573708416,0,0.0,0.0
294,19367,1573708416,0,NULL,NULL
294,27282,1573709131,0,0.0,0.0
294,29690,1573708416,1,NULL,NULL
296,21700,1573678882,0,NULL,NULL
296,27872,1573678882,0,0.0,0.0
297,12966,1573551091,0,NULL,NULL
297,17650,1573551091,0,NULL,NULL
297,25040,1573551091,0,NULL,NULL
297,32660,1573551091,0,NULL,NULL
297,24891,1573551091,0,0.0,0.0
299,12164,1573558449,0,0.0,0.0
299,17877,1573558449,0,NULL,NULL
299,6939,1573558449,0,0.0,0.0
299,24396,1573558449,0,NULL,NULL
300,35471,1573552111,1,NULL,NULL
303,14871,1573493285,1,NULL,NULL
303,7900,1573493285,1,NULL,NULL
303,34253,1573493285,0,NULL,NULL
303,21929,1573493285,1,NULL,NULL
303,663,1573493285,0,NULL,NULL
304,21064,1573480105,-1,NULL,NULL
304,17023,1573480105,0,NULL,NULL
304,7522,1573480105,-1,0.0,0.0
304,4915,1573480105,-1,NULL,NULL
308,22232,1573228888,0,0.0,0.0
308,10883,1573228888,0,NULL,NULL
308,24466,1573213314,1,NULL,NULL
308,20467,1573213314,0,NULL,NULL
308,27951,1573228888,1,NULL,NULL
313,9881,1573137122,0,NULL,NULL
313,6910,1573137122,0,0.0,0.0
313,10433,1573137122,1,0.0,0.0
313,17670,1573137122,0,0.0,0.0
313,34973,1573137122,0,NULL,NULL
314,24766,1573136638,0,NULL,NULL
316,22654,1573048474,0,0.0,0.0
317,9026,1573039342,0,NULL,NULL
318,20898,1573034587,0,NULL,NULL
318,8528,1573034587,0,0.0,0.0
318,6494,1573034684,0,0.0,0.0
319,30937,1573032197,0,0.0,0.0
319,33562,1573032196,1,NULL,NULL
319,1679,1573032196,0,NULL,NULL
319,4697,1573032197,0,0.0,0.0
319,4849,1573032197,0,1.0,NULL
321,32072,1573024917,0,NULL,NULL
321,25687,1573024917,-1,0.0,0.0
332,8288,1572593668,-1,NULL,NULL
334,26759,1572532494,0,NULL,NULL
334,13845,1572532494,0,NULL,NULL
334,28645,1572532494,0,-1.0,-1.0
334,18499,1572532494,0,NULL,NULL
334,6049,1572532494,0,NULL,NULL
337,7802,1572523100,0,NULL,NULL
337,9064,1572523100,1,NULL,NULL
339,12077,1572437608,0,NULL,NULL
341,5920,1572434321,0,NULL,NULL
341,20242,1572434321,1,NULL,NULL
341,12626,1572434321,0,NULL,NULL
342,12188,1572425858,0,NULL,NULL
342,20797,1572425859,1,0.0,0.0
342,4555,1572425858,0,NULL,NULL
342,27768,1572425859,0,NULL,NULL
342,2094,1572425858,0,NULL,NULL
343,22929,1572428493,1,NULL,NULL
345,6637,1572409897,0,0.0,0.0
345,4215,1572409897,0,NULL,NULL
345,32212,1572409897,-1,NULL,NULL
345,35629,1572409897,-1,NULL,NULL
345,9486,1572409897,1,NULL,NULL
346,15542,1572409767,1,0.0,0.0
347,12790,1572358371,0,NULL,NULL
347,372,1572358371,0,NULL,NULL
347,28212,1572358371,0,0.0,0.0
347,31438,1572358371,0,NULL,NULL
347,21831,1572358371,0,NULL,NULL
348,13757,1572339556,0,NULL,NULL
348,27923,1572339556,0,0.0,0.0
348,17649,1572339556,0,NULL,NULL
348,6155,1572339556,0,NULL,NULL
348,4377,1572339556,0,NULL,NULL
351,37150,1572265661,0,NULL,NULL
351,21021,1572262579,0,NULL,NULL
351,1871,1572262579,0,NULL,NULL
351,36174,1572262579,0,NULL,NULL
351,36250,1572262579,1,NULL,NULL
353,19465,1572173969,0,NULL,NULL
353,12477,1572173969,0,NULL,NULL
353,34540,1572173969,0,NULL,NULL
353,26577,1572173969,-1,0.0,0.0
353,28221,1572173969,0,0.0,0.0
355,25040,1571844047,1,NULL,NULL
355,19362,1571844047,0,NULL,NULL
355,10928,1571844047,1,NULL,NULL
355,14935,1571844047,0,NULL,NULL
355,28814,1571844047,0,0.0,0.0
359,22619,1571676503,0,0.0,0.0
359,15912,1571676503,-1,NULL,NULL
359,21869,1571676503,0,NULL,NULL
359,29449,1571676503,-1,NULL,NULL
359,8818,1571676503,-1,NULL,NULL
360,26081,1571651632,0,NULL,NULL
362,33674,1571508447,0,NULL,NULL
362,25995,1571508447,0,0.0,0.0
362,11760,1571508447,0,NULL,NULL
362,461,1571508447,0,NULL,NULL
367,22988,1571396732,0,NULL,NULL
367,27727,1571396732,0,0.0,0.0
367,19971,1571396732,0,NULL,NULL
367,4872,1571396732,1,0.0,0.0
367,37024,1571396732,0,NULL,NULL
368,17843,1571383862,0,0.0,0.0
368,8116,1571383862,0,0.0,0.0
368,9006,1571383862,-1,NULL,NULL
368,28372,1571383862,1,0.0,0.0
368,24258,1571383862,0,NULL,NULL
369,22321,1571339678,1,NULL,NULL
369,7187,1571339678,1,0.0,0.0
369,8472,1571339678,-1,NULL,NULL
371,18226,1571241320,1,NULL,NULL
373,16098,1571222865,0,NULL,NULL
374,10765,1571041863,0,NULL,NULL
374,16098,1571042805,1,NULL,NULL
374,12220,1571041863,0,NULL,NULL
374,15222,1571041863,0,0.0,0.0
374,30291,1571128975,0,NULL,NULL
375,37490,1571128603,0,NULL,NULL
375,6479,1571128495,0,0.0,0.0
375,6720,1571128495,0,0.0,0.0
375,5049,1571128495,1,NULL,NULL
375,25998,1571128495,0,0.0,0.0
376,20870,1571125331,1,NULL,NULL
376,18465,1571121583,1,NULL,NULL
376,2241,1571121583,0,NULL,NULL
376,6741,1571125331,1,0.0,0.0
376,12597,1571121583,1,NULL,NULL
378,2817,1571047286,1,NULL,NULL
378,9467,1571047466,1,NULL,NULL
384,37161,1570796620,0,NULL,NULL
385,30295,1570791138,0,NULL,NULL
389,11801,1570764037,0,NULL,NULL
390,19373,1504858609,0,NULL,NULL
390,18128,1504859638,0,NULL,NULL
390,674,1570763764,0,NULL,NULL
394,34929,1570685187,0,NULL,NULL
397,12564,1570505716,0,NULL,NULL
397,9903,1570505716,0,NULL,NULL
397,33871,1570505716,0,NULL,NULL
397,22670,1570505716,1,0.0,0.0
397,31488,1570505716,0,NULL,NULL
398,24309,1570445540,0,NULL,NULL
398,5803,1570445540,1,NULL,NULL
405,14924,1570179681,0,NULL,NULL
405,22609,1570179681,0,0.0,0.0
405,18525,1570179681,1,0.0,0.0
407,464,1570109718,1,0.0,0.0
407,29693,1570109718,0,0.0,0.0
407,25947,1570109718,0,NULL,NULL
409,5570,1569925604,0,NULL,NULL
409,23210,1569925226,1,NULL,NULL
409,18127,1569925604,0,NULL,NULL
409,30284,1569925226,-1,NULL,NULL
409,14522,1569925226,-1,NULL,NULL
415,1214,1569814862,0,0.0,0.0
415,34380,1569814862,1,NULL,NULL
415,6809,1569814862,1,NULL,NULL
415,7792,1569814862,0,NULL,NULL
415,7050,1569814862,-1,NULL,NULL
419,37262,1569584111,0,NULL,NULL
419,26852,1569584111,0,-1.0,-1.0
419,11770,1569584112,0,NULL,NULL
419,13140,1569584110,0,NULL,NULL
419,538,1569584108,0,NULL,NULL
421,7830,1569501154,1,NULL,NULL
423,31397,1569485659,1,NULL,NULL
423,9356,1569485741,0,NULL,NULL
427,19001,1568970048,0,NULL,NULL
427,21013,1568970048,1,0.0,0.0
431,22604,1568804366,0,NULL,NULL
431,7745,1568804366,0,NULL,NULL
431,28418,1568804366,0,0.0,0.0
431,20945,1568804366,0,NULL,NULL
431,32810,1568804366,0,NULL,NULL
432,8224,1568794873,0,NULL,NULL
432,22493,1568794873,1,0.0,0.0
432,12127,1568882033,0,NULL,NULL
432,13905,1568882033,0,NULL,NULL
433,7830,1568877016,1,NULL,NULL
433,4977,1568877016,1,NULL,NULL
437,27806,1568726936,0,NULL,NULL
437,15136,1568726936,0,NULL,NULL
438,11142,1568711206,0,NULL,NULL
439,24756,1568710410,1,0.0,0.0
439,34196,1568710410,1,NULL,NULL
440,4386,1567752781,-1,NULL,NULL
440,26131,1568707135,1,0.0,0.0
440,17029,1568707135,1,NULL,NULL
441,9825,1568706503,1,0.0,0.0
441,23176,1568706503,1,NULL,NULL
443,26106,1568687430,1,NULL,NULL
443,21008,1568687430,-1,NULL,NULL
443,16210,1568687430,-1,NULL,NULL
443,275,1568687430,0,NULL,NULL
443,1448,1568687430,0,NULL,NULL
445,15167,1568616946,0,NULL,NULL
445,22607,1568645229,1,NULL,NULL
445,37441,1568645229,0,NULL,NULL
445,32810,1568616946,0,NULL,NULL
445,32301,1568645229,1,NULL,NULL
450,30238,1568278217,1,NULL,NULL
450,36150,1568278217,1,NULL,NULL
450,30324,1568278217,0,NULL,NULL
450,23602,1568278217,0,NULL,NULL
457,19126,1568190079,0,NULL,NULL
457,547,1568190079,0,NULL,NULL
457,7081,1568190079,1,0.0,0.0
463,16600,1568016173,1,0.0,0.0
463,30719,1568014696,1,NULL,NULL
463,28139,1567794143,0,NULL,NULL
463,27157,1568016173,1,0.0,0.0
463,21456,1568014696,1,NULL,NULL
474,8247,1567653702,0,NULL,NULL
485,25795,1567404510,0,NULL,NULL
485,240,1567404510,1,NULL,NULL
487,8536,1567067241,0,0.0,0.0
487,22668,1567067241,1,0.0,0.0
491,25009,1566555928,0,0.0,0.0
491,8164,1566555928,0,0.0,0.0
491,12080,1566555928,1,NULL,NULL
491,6162,1566555928,0,NULL,NULL
491,12851,1566555928,-1,NULL,NULL
493,33101,1566593122,0,NULL,NULL
493,18925,1566593122,1,NULL,NULL
494,12807,1566590583,0,NULL,NULL
494,17332,1566590583,1,NULL,NULL
494,12415,1566590583,-1,NULL,NULL
494,9901,1566591424,0,NULL,NULL
498,24798,1566370288,0,NULL,NULL
498,2791,1566370288,1,NULL,NULL
498,34569,1566370288,0,NULL,NULL
501,21205,1565847811,1,NULL,NULL
501,28179,1565847811,-1,0.0,0.0
501,23289,1565847811,0,NULL,NULL
501,6077,1565847811,1,NULL,NULL
501,14480,1565847811,0,NULL,NULL
502,33532,1565765552,0,NULL,NULL
502,14559,1565765552,-1,NULL,NULL
502,26551,1565768325,0,0.0,0.0
502,2070,1565768325,0,NULL,NULL
503,21460,1565765447,0,NULL,NULL
503,4620,1565765552,0,NULL,NULL
503,27890,1565765447,0,0.0,0.0
503,30373,1565765552,0,NULL,NULL
503,35227,1565765552,0,NULL,NULL
505,645,1565670280,1,NULL,NULL
505,20681,1565670280,0,NULL,NULL
505,16442,1565670280,1,NULL,NULL
505,9320,1565670280,0,NULL,NULL
508,6875,1565603839,0,NULL,NULL
508,403,1565603839,0,NULL,NULL
508,1240,1565603839,0,NULL,NULL
508,18697,1565603839,1,NULL,NULL
509,36528,1565603839,-1,NULL,NULL
509,21789,1565603839,-1,NULL,NULL
515,9121,1565417534,0,NULL,NULL
515,14222,1565417534,1,NULL,NULL
515,8433,1565417534,1,NULL,NULL
517,17449,1565084182,0,0.0,0.0
517,20361,1565262937,0,NULL,NULL
517,1917,1565181520,0,NULL,NULL
517,15521,1565015173,0,NULL,NULL
517,517,1565262937,0,NULL,NULL
518,21597,1565343764,0,NULL,NULL
518,13767,1565343764,0,NULL,NULL
518,16262,1565343764,0,NULL,NULL
518,10495,1565343764,0,NULL,NULL
518,30027,1565343764,0,NULL,NULL
520,16371,1565288034,1,NULL,NULL
520,4649,1565288034,-1,0.0,0.0
520,24892,1565288034,1,NULL,NULL
520,26903,1565288034,-1,0.0,0.0
520,34255,1565288034,0,NULL,NULL
521,6924,1565245177,0,NULL,NULL
521,28644,1565245177,-1,-1.0,-1.0
521,1238,1565245177,0,NULL,NULL
521,8020,1565245177,0,NULL,NULL
521,16666,1565245177,0,0.0,0.0
524,2106,1565177621,1,NULL,NULL
524,16695,1565175335,1,NULL,NULL
524,31986,1564911410,1,NULL,NULL
524,30719,1564911876,0,NULL,NULL
524,14204,1565177621,-1,NULL,NULL
530,16413,1565148732,1,0.0,0.0
530,10866,1565148732,0,NULL,NULL
533,15208,1565101404,0,0.0,0.0
533,571,1565100895,0,NULL,NULL
533,589,1565100895,1,NULL,NULL
533,12261,1565096879,0,0.0,0.0
533,15760,1565096879,0,NULL,NULL
535,32277,1565083067,1,NULL,NULL
535,17927,1565083276,1,NULL,NULL
535,22935,1565083067,0,NULL,NULL
535,19812,1565083067,1,NULL,NULL
535,30967,1565083067,1,NULL,NULL
536,23203,1565080492,0,NULL,NULL
536,35227,1565080492,0,NULL,NULL
536,36929,1565080492,0,NULL,NULL
536,11736,1565080492,0,NULL,NULL
536,6044,1565080492,0,NULL,NULL
547,10187,1564555240,0,NULL,NULL
547,8690,1564670386,1,NULL,NULL
547,17695,1564671573,1,NULL,NULL
547,5866,1564558027,1,NULL,NULL
547,26275,1564748679,-1,0.0,0.0
548,8802,1558620452,0,0.0,0.0
548,12527,1560253901,0,NULL,NULL
548,22427,1560253901,-1,NULL,NULL
548,14547,1558684841,0,NULL,NULL
548,6115,1558684841,0,NULL,NULL
549,9575,1564699835,0,0.0,0.0
549,12028,1564699835,0,NULL,NULL
549,34633,1564699835,0,NULL,NULL
549,16472,1564699835,0,0.0,0.0
549,6897,1564699835,0,0.0,0.0
551,4512,1564644454,0,NULL,NULL
551,32268,1564644454,1,NULL,NULL
552,15412,1564644377,0,NULL,NULL
554,26713,1564597132,-1,0.0,0.0
555,13703,1564585101,0,NULL,NULL
555,35839,1564585101,0,NULL,NULL
555,29655,1564585101,0,0.0,0.0
556,30737,1564576097,0,NULL,NULL
556,17948,1564581081,0,NULL,NULL
556,4220,1564581081,-1,NULL,NULL
556,4882,1564581112,0,0.0,0.0
558,4479,1564575893,0,NULL,NULL
559,24970,1564567420,0,0.0,0.0
559,5391,1564567420,-1,NULL,NULL
559,12891,1564567420,-1,NULL,NULL
559,9178,1564569773,0,0.0,0.0
559,32472,1564567420,-1,NULL,NULL
560,7367,1564564063,0,0.0,0.0
560,4003,1564564063,0,NULL,NULL
563,127,1564494028,1,NULL,NULL
563,20773,1564494028,0,NULL,NULL
563,13678,1564494028,1,NULL,NULL
563,14804,1564494028,0,0.0,0.0
565,1248,1564415048,0,NULL,NULL
568,22111,1564211859,-1,NULL,NULL
568,35214,1564211859,0,NULL,NULL
568,26749,1564211859,0,0.0,0.0
568,30939,1564214937,0,0.0,0.0
568,251,1564211859,0,NULL,NULL
569,35410,1564144543,0,NULL,NULL
569,5190,1564144543,0,NULL,NULL
569,16836,1564144543,-1,NULL,NULL
569,11977,1564144543,0,NULL,NULL
569,4903,1564144543,0,NULL,NULL
572,31678,1564149945,0,NULL,NULL
578,9312,1564038278,0,NULL,NULL
578,32248,1564038278,0,NULL,NULL
580,15490,1563916544,-1,NULL,NULL
580,8367,1563916544,0,NULL,NULL
580,10466,1563916544,-1,NULL,NULL
580,20740,1563916544,-1,NULL,NULL
580,17303,1563916544,0,NULL,NULL
583,4764,1563785897,0,NULL,NULL
583,195,1563785897,0,NULL,NULL
584,16456,1563521749,-1,0.0,0.0
584,19599,1563521749,0,NULL,NULL
584,32073,1563521749,1,NULL,NULL
584,6564,1563521749,1,NULL,NULL
584,13973,1563521749,0,NULL,NULL
588,26536,1563436646,1,NULL,NULL
588,30334,1563436646,0,NULL,NULL
588,29609,1563436646,0,-1.0,-1.0
588,31668,1563436646,0,NULL,NULL
588,9780,1563436646,0,NULL,NULL
591,9489,1563361097,-1,NULL,NULL
591,35545,1563361097,0,NULL,NULL
591,34294,1563361097,0,NULL,NULL
591,10444,1563361097,0,NULL,NULL
591,7767,1563361097,-1,NULL,NULL
592,9026,1563355793,1,NULL,NULL
595,7792,1563172293,1,NULL,NULL
595,9341,1563172293,-1,NULL,NULL
595,18730,1563172591,0,NULL,NULL
595,18826,1563172293,0,NULL,NULL
595,33549,1563172293,-1,NULL,NULL
601,34943,1562853738,0,NULL,NULL
601,14589,1562853738,0,NULL,NULL
601,1373,1562853738,0,NULL,NULL
604,5033,1562654394,0,NULL,NULL
604,8495,1562654394,-1,NULL,NULL
604,8472,1562654395,0,NULL,NULL
611,9991,1562325180,1,NULL,NULL
611,15165,1562329043,0,NULL,NULL
614,623,1562316380,0,NULL,NULL
614,4718,1562317452,0,0.0,0.0
614,25908,1562316380,0,NULL,NULL
614,19687,1562316380,0,NULL,NULL
614,7399,1562316380,0,NULL,NULL
618,34165,1562275953,1,NULL,NULL
618,32164,1562275953,1,0.0,0.0
622,17003,1561448539,1,NULL,NULL
622,34795,1561448539,0,NULL,NULL
622,15581,1562069115,0,NULL,NULL
622,33104,1562069115,1,NULL,NULL
629,27352,1561978226,0,0.0,0.0
629,20628,1561978226,-1,0.0,0.0
629,402,1561978226,0,NULL,NULL
631,26212,1561727908,0,NULL,NULL
631,34269,1561727908,0,NULL,NULL
631,575,1561727908,0,NULL,NULL
631,10460,1561727908,0,0.0,0.0
631,27501,1561730327,0,0.0,0.0
636,21893,1561553177,1,0.0,0.0
636,34087,1561553177,0,NULL,NULL
636,6938,1561700625,0,NULL,NULL
636,4878,1561553177,0,NULL,NULL
636,4027,1561553177,1,NULL,NULL
642,24277,1561614648,0,NULL,NULL
642,23847,1561609924,1,NULL,NULL
642,27289,1561609924,0,0.0,0.0
642,30740,1561609924,1,NULL,NULL
642,32044,1561614648,0,NULL,NULL
643,22698,1561581868,1,0.0,0.0
643,20340,1561581868,1,0.0,0.0
643,4077,1561581868,0,NULL,NULL
645,35335,1561452549,0,NULL,NULL
645,34114,1561452549,-1,NULL,NULL
645,8149,1561452549,0,NULL,NULL
645,26446,1561452549,0,0.0,0.0
645,3917,1561452549,1,NULL,NULL
649,6882,1561379660,0,0.0,0.0
649,27472,1561379660,0,0.0,0.0
649,28448,1561379660,0,0.0,0.0
649,1719,1561379660,0,NULL,NULL
649,6478,1561379660,0,NULL,NULL
650,1853,1561361318,1,NULL,NULL
650,22612,1561361318,1,NULL,NULL
650,7768,1561361318,-1,NULL,NULL
651,4418,1561271961,1,NULL,NULL
651,33802,1561271961,0,NULL,NULL
651,28586,1561271961,1,0.0,0.0
653,9460,1561018673,0,0.0,0.0
653,6212,1561120270,-1,NULL,NULL
653,27485,1561018673,0,0.0,0.0
653,16781,1561018673,1,0.0,0.0
653,1663,1561018673,0,NULL,NULL
654,17756,1561119336,1,NULL,NULL
654,20644,1561119337,0,NULL,NULL
657,33391,1560883481,0,NULL,NULL
657,36572,1560883481,0,0.0,0.0
657,8652,1560883481,0,NULL,NULL
657,20310,1560888582,0,NULL,NULL
657,16880,1560883481,0,NULL,NULL
658,18351,1560773059,1,NULL,NULL
658,27560,1560773059,1,0.0,0.0
658,23734,1560773059,0,NULL,NULL
658,28422,1560773059,1,0.0,0.0
658,14013,1560773059,0,NULL,NULL
659,2218,1560845595,0,NULL,NULL
660,34343,1560764350,0,NULL,NULL
660,21830,1560844608,0,NULL,NULL
660,6862,1560844608,0,NULL,NULL
660,17678,1560844608,0,NULL,NULL
662,19292,1560837006,0,NULL,NULL
663,31646,1560496668,1,NULL,NULL
663,23322,1560496668,0,NULL,NULL
663,20035,1560496668,1,NULL,NULL
663,8931,1560496668,0,0.0,0.0
663,20592,1560798075,0,NULL,NULL
668,31890,1560410122,0,0.0,0.0
673,12260,1560331963,1,NULL,NULL
673,14022,1560331963,0,NULL,NULL
673,11878,1560331963,1,NULL,NULL
673,33967,1560331963,1,NULL,NULL
673,9993,1560331963,0,NULL,NULL
675,21997,1560310556,0,NULL,NULL
675,20707,1560310556,0,NULL,NULL
675,12570,1560310556,0,NULL,NULL
675,4926,1560310555,0,NULL,NULL
675,21612,1560310556,0,NULL,NULL
686,13126,1559823679,0,NULL,NULL
686,13419,1559823679,1,NULL,NULL
686,18600,1559823679,0,NULL,NULL
686,17407,1559823679,0,0.0,0.0
686,31095,1559823679,0,0.0,0.0
689,10783,1559817833,0,NULL,NULL
689,22136,1559817833,0,NULL,NULL
689,24463,1559817833,0,0.0,0.0
689,30119,1559817833,0,NULL,NULL
689,5151,1559817833,0,NULL,NULL
692,11981,1559722465,0,NULL,NULL
693,36463,1559704584,1,NULL,NULL
693,17527,1559704584,0,NULL,NULL
693,20047,1559704584,0,0.0,0.0
693,23439,1559704587,0,NULL,NULL
693,26185,1559704584,0,0.0,0.0
694,4132,1559636310,0,NULL,NULL
694,12703,1559636310,1,NULL,NULL
694,16019,1559636310,0,NULL,NULL
694,15556,1559636309,-1,NULL,NULL
694,11347,1559636310,1,NULL,NULL
695,14588,1559629710,1,NULL,NULL
695,16211,1559629710,1,0.0,0.0
695,15766,1559629710,0,0.0,0.0
695,7896,1559629710,0,NULL,NULL
702,16508,1559545825,1,0.0,0.0
702,20373,1559545825,0,NULL,NULL
702,22047,1559545825,0,NULL,NULL
702,28437,1559545825,0,0.0,0.0
704,7771,1558692749,0,NULL,NULL
704,16357,1558692749,1,NULL,NULL
704,3995,1558692749,0,NULL,NULL
704,8348,1558692749,0,0.0,0.0
704,1,1558854973,0,NULL,NULL
705,26664,1559204455,0,0.0,0.0
705,24452,1559204455,0,NULL,NULL
706,13656,1559078259,0,NULL,NULL
706,8159,1559078259,0,NULL,NULL
706,5798,1559078259,0,NULL,NULL
706,36204,1559078259,0,NULL,NULL
706,22884,1559078260,0,NULL,NULL
711,11071,1559041476,0,NULL,NULL
711,31108,1559041476,1,NULL,NULL
711,33551,1559041476,1,NULL,NULL
711,15406,1559041559,0,0.0,0.0
711,14894,1559041476,1,NULL,NULL
714,20425,1558971373,1,0.0,0.0
714,22652,1558973405,1,0.0,0.0
715,25866,1558427655,0,0.0,0.0
715,31582,1558102986,0,NULL,NULL
715,33308,1558102986,0,NULL,NULL
715,33742,1558102986,0,NULL,NULL
715,35562,1558102986,0,NULL,NULL
716,33258,1558950848,0,NULL,NULL
716,23120,1558953680,1,0.0,0.0
716,23821,1558955546,0,NULL,NULL
716,22463,1558955546,1,0.0,0.0
719,11124,1558711266,0,NULL,NULL
719,21441,1558711266,0,0.0,0.0
719,26673,1558711266,0,0.0,0.0
721,8492,1558692749,0,NULL,NULL
721,15537,1558692749,0,0.0,0.0
723,6057,1558690981,1,NULL,NULL
723,1673,1558690981,1,NULL,NULL
726,22189,1558516468,-1,NULL,NULL
726,1205,1558520064,1,NULL,NULL
726,251,1558520064,1,NULL,NULL
726,8966,1558520064,-1,NULL,NULL
727,22311,1558515048,0,NULL,NULL
727,300,1558515048,1,NULL,NULL
729,13611,1558511261,1,NULL,NULL
730,475,1558496086,1,NULL,NULL
730,35064,1558496086,0,0.0,0.0
738,10459,1558291817,1,0.0,0.0
738,17968,1558291817,0,NULL,NULL
738,7343,1558336391,0,NULL,NULL
738,18521,1558336391,1,0.0,0.0
739,11401,1558335093,1,NULL,NULL
739,27530,1558335093,1,0.0,0.0
739,19539,1558335093,0,NULL,NULL
739,37285,1558335519,0,NULL,NULL
741,28736,1558273823,0,0.0,0.0
742,565,1557989963,0,NULL,NULL
742,33423,1557989963,0,NULL,NULL
742,3960,1557989963,0,NULL,NULL
742,7318,1558097288,0,NULL,NULL
742,16818,1557989963,0,NULL,NULL
743,6218,1557818333,1,NULL,NULL
743,34327,1557818333,-1,NULL,NULL
743,31350,1557758201,0,0.0,0.0
743,27660,1557818333,1,NULL,NULL
743,12745,1558097288,0,NULL,NULL
744,35989,1558096313,0,NULL,NULL
744,28286,1558096313,0,NULL,NULL
744,1055,1558096313,0,NULL,NULL
745,24260,1558085840,0,NULL,NULL
748,19423,1558022869,0,NULL,NULL
749,14821,1558001351,-1,NULL,NULL
752,14272,1557990499,0,NULL,NULL
752,36830,1557990499,0,NULL,NULL
753,14942,1557975816,0,NULL,NULL
755,33216,1557929155,1,NULL,NULL
755,1365,1557929155,1,NULL,NULL
755,13896,1557929155,1,NULL,NULL
755,13592,1557929470,0,NULL,NULL
757,16079,1557913808,1,NULL,NULL
757,20995,1557913808,0,NULL,NULL
757,1750,1557913808,0,NULL,NULL
757,10187,1557913808,-1,NULL,NULL
757,21491,1557913808,-1,NULL,NULL
758,16798,1557913808,0,NULL,NULL
758,2138,1557913808,-1,NULL,NULL
758,17676,1557913808,0,NULL,NULL
758,16496,1557913808,0,0.0,0.0
758,10722,1557913808,1,NULL,NULL
759,20500,1557908356,0,NULL,NULL
759,7012,1557908356,0,0.0,0.0
759,20609,1557908627,0,NULL,NULL
759,6426,1557908356,1,NULL,NULL
759,27825,1557908356,0,0.0,0.0
760,11784,1557905800,0,NULL,NULL
760,25688,1557905800,0,NULL,NULL
760,28521,1557905800,1,0.0,0.0
762,24092,1557862591,0,NULL,NULL
762,30291,1557862591,1,NULL,NULL
762,14872,1557859423,-1,NULL,NULL
762,28519,1557862591,1,0.0,0.0
762,34370,1557862591,1,NULL,NULL
765,8755,1557827817,0,0.0,0.0
765,24304,1557827817,0,NULL,NULL
767,16350,1557758201,1,NULL,NULL
767,22405,1557758201,0,NULL,NULL
767,20050,1557758201,-1,NULL,NULL
767,22595,1557758201,-1,0.0,0.0
767,5233,1557758201,0,NULL,NULL
768,22725,1557742094,1,0.0,0.0
768,19859,1557742915,0,NULL,NULL
769,13537,1557734337,0,NULL,NULL
769,13051,1557734337,0,NULL,NULL
769,7612,1557734337,0,0.0,0.0
769,9143,1557734337,0,NULL,NULL
769,21912,1557734337,0,NULL,NULL
772,12991,1557570040,0,NULL,NULL
772,6286,1557570040,0,NULL,NULL
772,4331,1557570040,0,NULL,NULL
774,24062,1557485031,0,NULL,NULL
775,14417,1557405087,0,NULL,NULL
775,13895,1557405087,0,NULL,NULL
775,15880,1557405087,0,NULL,NULL
775,11770,1557405087,0,NULL,NULL
775,29569,1557405087,0,0.0,0.0
780,11750,1557228331,1,NULL,NULL
780,18053,1557228331,1,0.0,0.0
780,21249,1557228331,1,NULL,NULL
786,16677,1556637071,0,NULL,NULL
786,19110,1556637071,-1,NULL,NULL
786,41,1556637071,0,NULL,NULL
786,11859,1556637071,0,NULL,NULL
786,19395,1556637071,0,NULL,NULL
790,35582,1556617492,0,NULL,NULL
790,12257,1556617492,0,NULL,NULL
790,19881,1556616955,0,NULL,NULL
790,26937,1556616955,0,0.0,0.0
790,7519,1556616955,0,NULL,NULL
791,27012,1556595838,1,0.0,0.0
791,30153,1556599146,-1,NULL,NULL
791,30047,1556599146,1,0.0,0.0
791,32465,1556599146,0,NULL,NULL
791,2127,1556595838,1,NULL,NULL
795,16382,1556514878,0,NULL,NULL
795,27070,1556514878,0,0.0,0.0
795,32563,1556514878,0,NULL,NULL
795,8062,1556514878,0,NULL,NULL
795,13510,1556514878,0,NULL,NULL
796,9908,1556271792,1,NULL,NULL
796,31770,1556271814,1,NULL,NULL
796,29542,1556271729,-1,0.0,0.0
796,20089,1556271728,0,NULL,NULL
796,11351,1556271759,0,NULL,NULL
802,9896,1556104775,1,NULL,NULL
802,26506,1556104775,-1,0.0,0.0
802,8875,1556104775,0,NULL,NULL
802,13078,1556104775,-1,NULL,NULL
802,7637,1556104775,-1,NULL,NULL
803,21161,1556104756,0,NULL,NULL
803,18439,1556104756,0,NULL,NULL
803,34406,1556104756,0,NULL,NULL
803,22083,1556104756,0,NULL,NULL
803,33518,1556104756,0,NULL,NULL
810,26926,1555936913,0,0.0,0.0
814,2305,1555632217,-1,NULL,NULL
815,17210,1555581163,-1,NULL,NULL
815,7919,1555581163,-1,0.0,0.0
816,33802,1555568244,0,NULL,NULL
816,37364,1555568244,0,NULL,NULL
817,1790,1548332772,1,NULL,NULL
817,27548,1548332772,0,0.0,0.0
817,37448,1548332772,-1,NULL,NULL
817,21923,1553860479,1,NULL,NULL
817,10932,1548332772,0,NULL,NULL
818,16358,1555503701,1,NULL,NULL
818,22975,1555503701,0,NULL,NULL
819,30738,1555503110,0,NULL,NULL
819,27724,1555503110,0,0.0,0.0
819,26939,1555503110,0,0.0,0.0
819,5795,1555503110,0,NULL,NULL
819,10758,1555503110,-1,NULL,NULL
821,9971,1555334303,0,NULL,NULL
825,23048,1555063240,1,NULL,NULL
825,32133,1555063688,1,NULL,NULL
828,25626,1555053161,0,NULL,NULL
831,30318,1554880756,0,NULL,NULL
831,18242,1554880756,-1,NULL,NULL
831,9077,1554880756,0,0.0,0.0
831,8797,1554876363,0,0.0,0.0
831,16965,1554876363,0,NULL,NULL
832,7144,1533578855,1,NULL,NULL
832,28146,1533578855,0,NULL,NULL
833,16870,1554900612,-1,NULL,NULL
833,24258,1554900612,0,NULL,NULL
836,12899,1554724100,1,NULL,NULL
836,28520,1554724100,1,0.0,0.0
836,12101,1554727180,0,NULL,NULL
836,15827,1554729086,0,0.0,0.0
839,13018,1554714574,-1,NULL,NULL
842,31533,1554437411,0,NULL,NULL
842,33885,1554541346,0,NULL,NULL
844,7454,1554280130,0,0.0,0.0
844,33177,1554280130,1,NULL,NULL
844,20946,1554280130,0,NULL,NULL
844,9443,1554280130,1,0.0,0.0
846,5132,1554194077,1,NULL,NULL
847,9077,1554188540,1,0.0,0.0
848,27768,1554088667,-1,NULL,NULL
848,8949,1554088667,0,0.0,0.0
848,9464,1554088667,1,NULL,NULL
848,19870,1554088667,1,0.0,0.0
851,31128,1553853763,1,0.0,0.0
851,27124,1553853763,1,0.0,0.0
854,30660,1553783637,-1,NULL,NULL
854,18642,1553783637,0,NULL,NULL
854,5368,1553783637,0,NULL,NULL
854,22413,1553783637,-1,NULL,NULL
854,27903,1553783637,-1,0.0,0.0
855,23740,1553776177,1,NULL,NULL
857,5894,1553710370,1,NULL,NULL
857,4256,1553711220,1,NULL,NULL
857,13410,1553711220,1,NULL,NULL
869,33714,1553331324,-1,NULL,NULL
870,2867,1553245046,0,NULL,NULL
870,31840,1553245046,0,NULL,NULL
870,15648,1553245046,0,NULL,NULL
870,33359,1553245046,0,NULL,NULL
870,31086,1553245046,0,0.0,0.0
872,20710,1553095042,0,NULL,NULL
872,22690,1553095042,0,NULL,NULL
872,21038,1553095257,1,0.0,0.0
872,27680,1553094902,1,0.0,0.0
872,27015,1553094902,1,0.0,0.0
873,25933,1553092012,0,0.0,0.0
873,4761,1553091850,1,0.0,0.0
873,22798,1553091850,1,NULL,NULL
873,32149,1553091850,1,0.0,0.0
873,4122,1553091850,1,NULL,NULL
874,9318,1553090915,1,NULL,NULL
874,8637,1553090915,0,0.0,0.0
874,13059,1553090915,-1,NULL,NULL
874,11782,1553091123,0,NULL,NULL
877,9164,1553074287,1,NULL,NULL
879,4550,1552991239,0,NULL,NULL
879,33753,1552991239,0,NULL,NULL
879,34021,1552991239,0,NULL,NULL
879,33754,1552991239,0,NULL,NULL
879,31419,1552991239,0,NULL,NULL
883,4880,1552654211,0,0.0,0.0
883,13630,1552654211,1,NULL,NULL
888,27732,1534859348,1,NULL,NULL
890,17105,1552539038,1,NULL,NULL
890,7344,1552533136,1,NULL,NULL
890,21333,1552539364,0,NULL,NULL
890,28552,1552539038,0,0.0,0.0
890,22280,1552533136,0,NULL,NULL
891,27897,1552499525,0,0.0,0.0
891,4138,1552499525,0,NULL,NULL
891,16605,1552499525,0,NULL,NULL
891,545,1552500312,0,0.0,0.0
892,31896,1552468012,-1,NULL,NULL
892,6376,1552468012,1,NULL,NULL
892,27371,1552468012,1,0.0,0.0
897,4634,1552461106,0,0.0,0.0
897,12747,1552461106,0,NULL,NULL
899,14282,1552397902,0,NULL,NULL
900,31537,1552396585,0,NULL,NULL
902,2868,1552389489,-1,NULL,NULL
902,7888,1552384011,1,NULL,NULL
902,20346,1552384011,1,NULL,NULL
902,21387,1552389489,1,NULL,NULL
902,18959,1552384011,0,NULL,NULL
909,6204,1552025860,0,0.0,0.0
909,16064,1552023689,0,NULL,NULL
909,22006,1552025860,0,NULL,NULL
909,7096,1552023689,-1,NULL,NULL
909,27444,1552023689,0,NULL,NULL
910,13112,1552038995,0,NULL,NULL
911,12582,1552023689,0,NULL,NULL
911,21970,1552023689,0,NULL,NULL
917,26798,1551930524,0,0.0,0.0
917,15766,1551930524,0,0.0,0.0
917,17468,1551930628,0,NULL,NULL
921,13746,1551802113,0,NULL,NULL
921,31543,1551802273,0,NULL,NULL
921,13682,1551854321,-1,NULL,NULL
921,16342,1551854955,0,NULL,NULL
923,27454,1551694037,0,-1.0,-1.0
924,9195,1551349551,0,NULL,NULL
924,7801,1551681701,0,NULL,NULL
924,21871,1551681701,1,-1.0,-1.0
924,18730,1551349551,1,NULL,NULL
924,33548,1551354339,1,NULL,NULL
930,27284,1551254258,0,NULL,NULL
930,27032,1551254258,0,0.0,0.0
930,31416,1551254258,0,NULL,NULL
930,8830,1551268438,0,0.0,0.0
930,10611,1551268438,0,NULL,NULL
936,32283,1551154658,0,NULL,NULL
938,28046,1551102602,0,NULL,NULL
938,13796,1551103120,0,NULL,NULL
938,19927,1551103120,0,NULL,NULL
938,13700,1551102602,1,NULL,NULL
938,31,1551102602,0,NULL,NULL
944,19338,1550669918,0,NULL,NULL
944,6637,1550669918,0,0.0,0.0
944,1337,1550669918,-1,NULL,NULL
944,18929,1550669935,0,0.0,0.0
946,26005,1550570196,1,1.0,NULL
947,30221,1550569704,0,0.0,0.0
947,31139,1550569704,0,NULL,NULL
947,20424,1550569704,1,0.0,0.0
947,30062,1550569704,1,0.0,0.0
947,11971,1550569704,0,NULL,NULL
949,6134,1550436745,1,NULL,NULL
949,22307,1550436745,0,NULL,NULL
953,13322,1550214039,-1,NULL,NULL
953,12955,1550214124,0,NULL,NULL
957,28451,1550140640,0,0.0,0.0
957,20701,1550140640,0,NULL,NULL
957,26928,1550140640,0,0.0,0.0
957,25988,1550140640,0,NULL,NULL
962,31088,1550064455,1,NULL,NULL
962,8494,1550064455,-1,NULL,NULL
967,21202,1548659647,0,NULL,NULL
967,30998,1548659647,0,0.0,0.0
967,24068,1548659647,0,NULL,NULL
967,33531,1549982217,1,NULL,NULL
967,19660,1549982217,0,NULL,NULL
969,15820,1549973739,0,NULL,NULL
969,23416,1549973739,0,NULL,NULL
970,10824,1549959323,0,NULL,NULL
970,33717,1549959323,0,NULL,NULL
970,16576,1549959323,0,NULL,NULL
970,12958,1549959323,0,NULL,NULL
970,3011,1549959323,0,NULL,NULL
972,30182,1549879447,0,0.0,0.0
974,24309,1549552741,0,NULL,NULL
975,9376,1549546202,0,NULL,NULL
975,13946,1549546202,1,NULL,NULL
977,15207,1549524023,0,0.0,0.0
982,14428,1549345398,0,NULL,NULL
982,6874,1549343905,0,0.0,0.0
982,11812,1549343905,0,NULL,NULL
982,12705,1549264559,0,NULL,NULL
982,21434,1549343905,0,-1.0,-1.0
983,28711,1549375265,0,NULL,NULL
983,66,1549375265,0,NULL,NULL
983,35195,1549375265,0,NULL,NULL
983,7022,1549379882,0,NULL,NULL
983,29584,1549375265,0,0.0,0.0
986,24799,1549360240,0,NULL,NULL
986,28375,1549360240,0,0.0,0.0
986,8130,1549362424,0,NULL,NULL
986,24848,1549362424,0,0.0,0.0
990,37119,1548943744,1,NULL,NULL
992,35567,1548884329,0,NULL,NULL
992,25725,1548884329,0,0.0,0.0
1002,27789,1548667953,0,NULL,NULL
1003,4347,1547640629,1,NULL,NULL
1003,2026,1548659291,-1,NULL,NULL
1003,33957,1548659291,0,NULL,NULL
1003,26285,1548659550,0,NULL,NULL
1003,17268,1548659291,0,NULL,NULL
1004,16332,1548168986,0,0.0,0.0
1004,9380,1548404516,0,NULL,NULL
1015,4187,1548195039,0,NULL,NULL
1015,13317,1548195039,0,NULL,NULL
1015,13656,1548195038,0,NULL,NULL
1015,11075,1548195039,0,NULL,NULL
1015,5806,1548195039,0,NULL,NULL
1019,36168,1548099153,0,0.0,0.0
1020,435,1547820674,1,0.0,0.0
1020,23505,1547719629,1,NULL,NULL
1020,7256,1547714229,0,0.0,0.0
1020,31017,1547719629,0,0.0,0.0
1020,15994,1547820674,-1,NULL,NULL
1022,34349,1547818875,0,NULL,NULL
1024,20398,1547804199,0,NULL,NULL
1025,26908,1547717574,1,NULL,NULL
1025,7773,1547719271,-1,NULL,NULL
1025,27252,1547717574,0,-1.0,-1.0
1025,17619,1547719271,0,NULL,NULL
1025,14274,1547717574,-1,NULL,NULL
1026,11052,1547721894,-1,NULL,NULL
1028,8144,1547651637,1,NULL,NULL
1030,9258,1547623350,0,NULL,NULL
1030,17136,1547628434,-1,NULL,NULL
1030,8788,1547628434,1,NULL,NULL
1031,16211,1547621806,1,0.0,0.0
1032,30893,1547567192,1,NULL,NULL
1033,5655,1547566724,0,NULL,NULL
1033,20572,1547566724,0,NULL,NULL
1033,14828,1547566724,0,NULL,NULL
1033,5902,1547566724,0,NULL,NULL
1036,9724,1547541816,0,0.0,0.0
1042,410,1547114584,1,NULL,NULL
1043,19394,1547111525,1,NULL,NULL
1043,14495,1547111525,1,NULL,NULL
1043,10399,1547111525,1,0.0,0.0
1048,9653,1546953918,0,NULL,NULL
1048,11928,1546953621,1,NULL,NULL
1048,36785,1546953918,0,NULL,NULL
1048,30814,1546953621,1,NULL,NULL
1048,31853,1546953918,0,NULL,NULL
1051,20575,1546869327,0,NULL,NULL
1051,12762,1546869327,1,NULL,NULL
1051,9856,1546869760,0,NULL,NULL
1051,12528,1546869346,0,NULL,NULL
1051,1379,1546869361,0,NULL,NULL
1052,26516,1546509199,1,NULL,NULL
1054,8493,1546416901,0,NULL,NULL
1055,41,1544541806,-1,NULL,NULL
1055,28050,1546192656,0,0.0,0.0
1055,33504,1546192808,0,NULL,NULL
1065,6773,1545313087,1,NULL,NULL
1067,22917,1545308921,0,0.0,0.0
1067,9754,1545308921,-1,0.0,0.0
1068,7557,1545296914,0,NULL,NULL
1071,28084,1545204562,0,0.0,0.0
1071,12788,1545204562,0,NULL,NULL
1071,21923,1545204424,0,NULL,NULL
1071,7119,1545204040,0,NULL,NULL
1071,9906,1545204061,0,NULL,NULL
1075,21836,1545033541,0,NULL,NULL
1076,32304,1544809157,0,NULL,NULL
1076,12223,1544809157,0,NULL,NULL
1076,22696,1544809157,0,NULL,NULL
1078,283,1544699184,0,NULL,NULL
1079,26934,1544691350,0,0.0,0.0
1079,13527,1544691125,0,NULL,NULL
1079,507,1544690256,0,NULL,NULL
1079,35396,1544691350,0,NULL,NULL
1079,6654,1544691125,0,NULL,NULL
1081,19678,1544608611,0,NULL,NULL
1081,10932,1544608611,0,NULL,NULL
1081,26135,1544611502,0,NULL,NULL
1081,31736,1544611502,0,NULL,NULL
1082,7002,1544438924,0,NULL,NULL
1082,13796,1544438924,0,NULL,NULL
1082,16610,1544438924,0,NULL,NULL
1082,23956,1544438924,0,NULL,NULL
1082,5143,1544438924,0,NULL,NULL
1085,15636,1544183454,1,0.0,0.0
1085,17174,1544183461,0,NULL,NULL
1085,13922,1544183461,0,NULL,NULL
1086,21678,1544022795,0,0.0,0.0
1086,2084,1544022795,1,NULL,NULL
1086,14280,1544022819,0,NULL,NULL
1086,9481,1544022795,1,NULL,NULL
1086,6707,1544022795,0,0.0,0.0
1088,9811,1544011960,1,NULL,NULL
1088,23289,1544011960,1,NULL,NULL
1088,13810,1544011960,0,NULL,NULL
1088,33768,1544011960,1,NULL,NULL
1088,28456,1544012034,0,0.0,0.0
1093,33338,1544000427,0,NULL,NULL
1094,31736,1544000381,1,NULL,NULL
1095,12327,1544000118,0,NULL,NULL
1098,16169,1536127776,0,NULL,NULL
1098,460,1536127776,0,NULL,NULL
1098,20696,1536127776,0,NULL,NULL
1098,16628,1536127776,0,NULL,NULL
1098,7366,1543934530,0,1.0,1.0
1099,8010,1543932606,1,NULL,NULL
1099,12251,1543932618,1,NULL,NULL
1100,9211,1543930260,0,0.0,0.0
1100,20324,1543930260,1,NULL,NULL
1100,9030,1543930260,0,NULL,NULL
1100,21983,1543931545,0,NULL,NULL
1103,28467,1543911790,0,0.0,0.0
1104,9763,1543911568,0,NULL,NULL
1105,4592,1543849723,0,NULL,NULL
1105,352,1543849723,0,NULL,NULL
1105,339,1543849723,0,NULL,NULL
1105,1741,1543849723,0,NULL,NULL
1110,31718,1543564242,0,NULL,NULL
1110,16619,1543564242,0,0.0,0.0
1110,27336,1543564242,0,0.0,0.0
1112,35592,1541689618,-1,NULL,NULL
1112,6373,1541689618,0,NULL,NULL
1112,10681,1541689618,1,NULL,NULL
1112,27033,1541689618,0,0.0,0.0
1112,5630,1541689618,0,NULL,NULL
1113,205,1541680977,1,NULL,NULL
1113,9327,1541680977,1,NULL,NULL
1113,21553,1541680977,0,NULL,NULL
1113,32573,1541682147,-1,NULL,NULL
1117,8766,1541587701,1,NULL,NULL
1125,28503,1540457018,0,0.0,0.0
1127,30835,1540386478,0,NULL,NULL
1127,17998,1540386478,1,NULL,NULL
1127,16434,1540387874,0,0.0,0.0
1137,1418,1540108157,0,NULL,NULL
1137,13118,1540108157,0,NULL,NULL
1137,1119,1540108157,0,NULL,NULL
1137,9670,1540108157,-1,0.0,0.0
1137,33680,1540108157,0,NULL,NULL
1138,28131,1540108156,0,NULL,NULL
1138,8638,1540108156,0,NULL,NULL
1138,5049,1540108156,0,NULL,NULL
1138,13733,1540108156,0,NULL,NULL
1138,594,1540108156,0,NULL,NULL
1139,12079,1539891124,0,NULL,NULL
1139,28610,1539891124,0,0.0,0.0
1139,22908,1539891124,-1,NULL,NULL
1139,1037,1539891124,0,NULL,NULL
1139,2126,1539891124,0,NULL,NULL
1142,6575,1539673113,1,NULL,NULL
1142,6660,1539673113,1,NULL,NULL
1144,15201,1539528770,1,NULL,NULL
1144,21126,1539531743,1,NULL,NULL
1146,33816,1539154354,0,NULL,NULL
1151,6973,1538768076,0,NULL,NULL
1151,26749,1538768076,0,0.0,0.0
1151,10481,1538768076,1,NULL,NULL
1151,1736,1538823640,0,NULL,NULL
1154,1632,1538728932,1,NULL,NULL
1154,5191,1538728932,1,NULL,NULL
1154,27954,1538728932,-1,NULL,NULL
1154,10587,1538728932,-1,NULL,NULL
1154,10582,1538728932,0,NULL,NULL
1156,13411,1538657095,1,NULL,NULL
1156,29858,1538657095,0,NULL,NULL
1157,13434,1538558622,0,NULL,NULL
1161,37161,1538483690,1,NULL,NULL
1161,20275,1538483690,1,NULL,NULL
1161,2384,1538483690,1,NULL,NULL
1161,32378,1538483690,1,NULL,NULL
1163,30305,1538460936,0,NULL,NULL
1163,14303,1538460936,0,NULL,NULL
1163,6652,1538460936,0,NULL,NULL
1163,13885,1538460936,-1,NULL,NULL
1163,27277,1538460936,0,0.0,0.0
1164,21974,1538427962,1,NULL,NULL
1171,15666,1537858497,0,NULL,NULL
1171,11788,1537858497,1,NULL,NULL
1171,1444,1537858497,1,NULL,NULL
1173,19551,1537815215,1,NULL,NULL
1176,34796,1537549793,0,NULL,NULL
1176,32215,1537549793,0,NULL,NULL
1176,24697,1537549793,0,NULL,NULL
1176,14024,1537549793,0,NULL,NULL
1176,37087,1537549793,0,NULL,NULL
1177,8901,1537534730,1,NULL,NULL
1178,16327,1537290824,0,NULL,NULL
1178,6398,1537290824,0,-1.0,-1.0
1178,1767,1537204343,0,NULL,NULL
1178,30293,1537290824,0,NULL,NULL
1178,8819,1537204343,0,NULL,NULL
1180,9609,1528297636,0,NULL,NULL
1180,2732,1537356684,0,NULL,NULL
1180,8820,1528297636,0,0.0,0.0
1180,34382,1528297636,-1,NULL,NULL
1180,8484,1528297636,0,NULL,NULL
1181,9123,1537276637,1,NULL,NULL
1181,37190,1537276637,1,0.0,0.0
1183,15985,1536932336,0,NULL,NULL
1183,5242,1536931977,1,NULL,NULL
1183,23285,1536932336,0,NULL,NULL
1183,6776,1536932195,0,NULL,NULL
1183,22842,1536932336,0,NULL,NULL
1187,12626,1536731780,0,NULL,NULL
1187,19363,1536731780,0,NULL,NULL
1187,608,1536731780,-1,NULL,NULL
1187,37401,1536731780,0,NULL,NULL
1187,15850,1536731780,0,NULL,NULL
1188,23166,1536653151,0,NULL,NULL
1188,6815,1536652548,0,NULL,NULL
1188,458,1536653151,0,NULL,NULL
1188,9940,1536653323,-1,NULL,NULL
1188,16427,1536652548,0,NULL,NULL
1191,31512,1536393251,0,NULL,NULL
1191,22269,1536393251,1,NULL,NULL
1195,18224,1536212607,0,NULL,NULL
1195,8502,1536212607,0,NULL,NULL
1195,4462,1536212607,1,NULL,NULL
1195,7023,1520245176,0,NULL,NULL
1195,4934,1536212607,0,NULL,NULL
1197,27713,1536142116,0,NULL,NULL
1197,15879,1536142116,0,NULL,NULL
1197,2202,1536142116,0,NULL,NULL
1197,17322,1536142116,0,NULL,NULL
1199,27758,1536132084,0,NULL,NULL
1199,11840,1536132084,0,NULL,NULL
1199,10891,1536132084,0,NULL,NULL
1200,27114,1536073365,0,NULL,NULL
1202,33642,1536047690,0,NULL,NULL
1204,21478,1535969468,0,NULL,NULL
1204,17638,1535969486,0,NULL,NULL
1204,15656,1535969486,0,NULL,NULL
1204,27040,1535969486,0,NULL,NULL
1204,33753,1535969468,0,NULL,NULL
1210,20938,1535462134,0,NULL,NULL
1213,9273,1535378902,0,NULL,NULL
1213,33647,1535374737,0,NULL,NULL
1213,37280,1535374737,1,NULL,NULL
1213,28482,1535378902,0,NULL,NULL
1213,27275,1535377714,1,NULL,NULL
1216,9842,1534935277,0,NULL,NULL
1216,19521,1534935277,1,NULL,NULL
1216,18060,1534935277,0,NULL,NULL
1216,9156,1534935277,0,NULL,NULL
1216,24981,1534935277,0,NULL,NULL
1219,33612,1534933514,1,NULL,NULL
1219,14569,1534933514,0,NULL,NULL
1219,1465,1534933514,1,NULL,NULL
1219,30914,1534933514,0,NULL,NULL
1219,13855,1534933514,0,NULL,NULL
1221,2241,1534859323,0,NULL,NULL
1223,2782,1534785800,0,NULL,NULL
1223,34928,1534785800,0,NULL,NULL
1224,9200,1534785564,1,NULL,NULL
1224,7466,1534785564,0,NULL,NULL
1224,24116,1534785564,0,NULL,NULL
1224,31304,1534785564,1,NULL,NULL
1224,25761,1534784642,0,NULL,NULL
1226,1122,1533649127,0,NULL,NULL
1226,33692,1533649127,0,NULL,NULL
1226,16782,1534749995,0,NULL,NULL
1228,30326,1534430184,0,NULL,NULL
1228,22128,1534430258,0,NULL,NULL
1228,19985,1534430258,0,NULL,NULL
1233,2290,1534315429,0,NULL,NULL
1243,10435,1533759130,-1,NULL,NULL
1245,27848,1533715436,-1,NULL,NULL
1245,26303,1533715436,-1,NULL,NULL
1245,31936,1533715436,0,NULL,NULL
1246,364,1533643355,1,NULL,NULL
1246,11932,1533643551,0,NULL,NULL
1247,35426,1533640471,1,NULL,NULL
1247,17298,1533640471,0,NULL,NULL
1248,18124,1533454737,-1,NULL,NULL
1248,36685,1533454737,0,NULL,NULL
1248,11028,1533454737,0,NULL,NULL
1248,295,1533454737,-1,NULL,NULL
1248,4827,1533454737,0,NULL,NULL
1250,14200,1533132162,0,NULL,NULL
1250,4268,1533062900,0,NULL,NULL
1250,34687,1533062900,0,NULL,NULL
1250,1797,1533133125,0,NULL,NULL
1250,27045,1533127172,0,NULL,NULL
1253,23475,1533107427,1,NULL,NULL
1258,4999,1532706286,0,NULL,NULL
1258,20963,1532706286,0,NULL,NULL
1258,12909,1532706286,0,NULL,NULL
1258,1908,1532727961,0,NULL,NULL
1258,5844,1532706286,0,NULL,NULL
1264,21221,1532431965,0,NULL,NULL
1264,19718,1532431965,1,NULL,NULL
1264,30875,1532431965,0,NULL,NULL
1264,14960,1532431965,-1,NULL,NULL
1264,10795,1532431965,1,NULL,NULL
1267,1524,1532430683,1,NULL,NULL
1267,9149,1532430683,1,NULL,NULL
1267,23887,1532430683,1,NULL,NULL
1270,32100,1532354160,1,-1.0,-1.0
1270,30948,1532354160,1,NULL,NULL
1273,11332,1532331362,0,NULL,NULL
1273,9778,1532331362,1,NULL,NULL
1273,32791,1532331362,0,NULL,NULL
1273,10672,1532331362,0,NULL,NULL
1273,21157,1532331362,-1,NULL,NULL
1275,6647,1532078194,0,-1.0,-1.0
1275,16124,1532078194,0,0.0,0.0
1277,32184,1531986663,0,-1.0,-1.0
1277,12944,1531986663,0,NULL,NULL
1277,31395,1531986663,-1,NULL,NULL
1277,27444,1531989215,-1,NULL,NULL
1277,20718,1531990361,1,NULL,NULL
1280,28471,1531917586,0,NULL,NULL
1280,36500,1531917586,0,NULL,NULL
1280,8175,1531917586,0,NULL,NULL
1280,33583,1531917586,0,NULL,NULL
1280,5501,1531917586,0,NULL,NULL
1283,4786,1531847892,1,NULL,NULL
1285,8551,1531314584,0,NULL,NULL
1285,13682,1531314584,0,NULL,NULL
1285,26067,1531769439,0,NULL,NULL
1288,30314,1531637865,0,NULL,NULL
1288,2105,1531637865,0,NULL,NULL
1288,6710,1531637865,0,NULL,NULL
1288,12056,1531637865,0,NULL,NULL
1288,16494,1531637865,0,NULL,NULL
1292,13168,1531465664,0,NULL,NULL
1292,1329,1531466240,1,NULL,NULL
1292,31293,1531466240,0,0.0,0.0
1292,14037,1531466240,0,NULL,NULL
1292,27870,1531466240,0,NULL,NULL
1294,22488,1525689100,1,NULL,NULL
1294,4118,1525689100,0,NULL,NULL
1294,9866,1531460422,-1,NULL,NULL
1296,37392,1531381050,1,NULL,NULL
1296,8121,1531381050,1,NULL,NULL
1296,8756,1531381050,-1,0.0,0.0
1296,32852,1531381050,0,NULL,NULL
1296,6439,1531381050,0,-1.0,-1.0
1298,22039,1531297059,0,NULL,NULL
1301,11769,1531215592,1,NULL,NULL
1302,35078,1531206141,1,NULL,NULL
1302,33786,1531206141,-1,NULL,NULL
1302,7544,1531206141,-1,NULL,NULL
1302,5618,1531206141,-1,NULL,NULL
1302,9619,1531206141,0,NULL,NULL
1312,4809,1530795398,1,NULL,NULL
1312,22200,1530795398,1,NULL,NULL
1314,2289,1530712031,0,NULL,NULL
1316,16682,1530690022,0,NULL,NULL
1318,22906,1530609660,1,NULL,NULL
1318,8171,1530609660,0,NULL,NULL
1321,37207,1530283012,0,NULL,NULL
1325,26254,1530118318,-1,NULL,NULL
1326,27461,1530110324,0,NULL,NULL
1334,30220,1529344559,0,NULL,NULL
1334,37325,1529344559,0,NULL,NULL
1334,23194,1529344559,0,NULL,NULL
1334,3069,1529343092,0,NULL,NULL
1334,30992,1529343092,0,NULL,NULL
1340,7570,1529308284,0,NULL,NULL
1342,35601,1529048474,0,NULL,NULL
1342,9918,1529048474,0,NULL,NULL
1342,37433,1529048474,0,NULL,NULL
1342,1646,1529048474,0,NULL,NULL
1342,278,1529048474,0,NULL,NULL
1344,5278,1528981683,0,NULL,NULL
1344,21127,1528981683,1,NULL,NULL
1344,17580,1528981683,0,NULL,NULL
1346,5274,1528873310,0,NULL,NULL
1346,36829,1528873310,0,NULL,NULL
1346,25795,1528873310,-1,NULL,NULL
1346,12352,1528873310,-1,NULL,NULL
1346,12542,1528873310,0,NULL,NULL
1351,248,1528551765,0,NULL,NULL
1351,22106,1528551765,0,NULL,NULL
1351,1078,1528551765,0,NULL,NULL
1354,20598,1528474364,0,NULL,NULL
1355,23910,1528353383,0,NULL,NULL
1355,31067,1528353383,0,NULL,NULL
1355,28128,1528440148,-1,NULL,NULL
1355,15930,1528437836,0,NULL,NULL
1355,32948,1528353523,0,0.0,0.0
1359,7464,1528210046,-1,NULL,NULL
1359,13736,1528210046,0,NULL,NULL
1359,26260,1528210046,0,NULL,NULL
1359,16055,1528210046,1,NULL,NULL
1359,34811,1528210046,0,NULL,NULL
1361,31830,1528200424,1,NULL,NULL
1361,5467,1528200424,1,NULL,NULL
1361,35442,1528200424,1,NULL,NULL
1363,35481,1528090843,0,NULL,NULL
1364,5189,1528030669,1,NULL,NULL
1364,9249,1528030669,0,NULL,NULL
1364,32515,1528030669,0,NULL,NULL
1364,11064,1528030669,0,NULL,NULL
1365,13305,1527851509,-1,NULL,NULL
1365,8937,1527851509,1,NULL,NULL
1365,17039,1527851509,1,NULL,NULL
1366,35205,1527788927,0,NULL,NULL
1366,13538,1527788927,0,NULL,NULL
1366,15402,1527753706,1,NULL,NULL
1366,34988,1527753706,1,NULL,NULL
1366,8384,1527753706,1,NULL,NULL
1367,19836,1527674664,0,NULL,NULL
1367,4643,1527674664,1,NULL,NULL
1367,35238,1527674664,-1,NULL,NULL
1367,23037,1527674664,-1,NULL,NULL
1367,25969,1527674663,1,0.0,NULL
1369,18638,1527674663,1,NULL,NULL
1369,11940,1527674663,-1,NULL,NULL
1369,9250,1527674663,0,NULL,NULL
1371,26680,1527674662,1,NULL,NULL
1377,28384,1527400727,1,NULL,NULL
1377,13399,1527400727,1,NULL,NULL
1377,4356,1527400727,0,0.0,0.0
1377,23189,1527400727,0,NULL,NULL
1378,13552,1527182197,1,NULL,NULL
1378,4159,1527182197,0,NULL,NULL
1378,22679,1527182197,1,NULL,NULL
1378,28092,1527182197,-1,NULL,NULL
1382,8763,1526970245,1,NULL,NULL
1382,8342,1526970245,1,NULL,NULL
1383,31160,1526890332,0,NULL,NULL
1383,14004,1526890332,0,NULL,NULL
1383,5865,1526890332,0,NULL,NULL
1383,15760,1526890332,1,NULL,NULL
1390,4574,1526387256,-1,NULL,NULL
1393,28532,1526380011,1,NULL,NULL
1393,31085,1526380011,1,NULL,NULL
1393,27271,1526380011,0,NULL,NULL
1393,241,1526380011,0,NULL,NULL
1393,33375,1526380011,1,NULL,NULL
1400,26267,1525873089,0,NULL,NULL
1404,22855,1525768449,0,NULL,NULL
1405,8820,1525674219,1,0.0,0.0
1405,7361,1525674219,0,NULL,NULL
1405,21545,1525674219,1,0.0,0.0
1405,7832,1525674219,0,NULL,NULL
1409,21032,1524745440,1,NULL,NULL
1409,23933,1525333474,1,NULL,NULL
1409,28050,1524745440,1,NULL,NULL
1409,28530,1524745440,1,NULL,NULL
1409,7837,1524745440,1,NULL,NULL
1410,14353,1525313913,1,NULL,NULL
1410,14880,1525313913,0,NULL,NULL
1421,6183,1524036904,1,0.0,0.0
1421,24430,1524037124,-1,NULL,NULL
1423,13044,1523884682,1,NULL,NULL
1423,7673,1523884682,1,NULL,NULL
1426,28620,1523867450,0,NULL,NULL
1426,15733,1523868992,0,NULL,NULL
1429,30874,1523604059,0,NULL,NULL
1429,20960,1523604059,0,NULL,NULL
1437,15596,1523533645,0,NULL,NULL
1437,15155,1523535039,0,NULL,NULL
1441,28369,1523434408,0,NULL,NULL
1441,12276,1523434408,1,NULL,NULL
1441,24601,1523434408,1,NULL,NULL
1441,22536,1523434408,0,NULL,NULL
1441,4369,1523434408,1,NULL,NULL
1444,30020,1523384632,0,0.0,0.0
1444,12197,1523384632,-1,NULL,NULL
1444,22625,1523384632,1,NULL,NULL
1444,19521,1523384632,0,NULL,NULL
1444,23216,1523384632,0,NULL,NULL
1447,8428,1522907931,0,NULL,NULL
1447,17129,1522907931,0,NULL,NULL
1450,6264,1522316057,0,NULL,NULL
1450,34327,1522316057,0,NULL,NULL
1450,4620,1522316057,0,NULL,NULL
1450,31956,1522316057,0,NULL,NULL
1450,35467,1522316057,0,NULL,NULL
1451,1230,1522323359,0,NULL,NULL
1453,22386,1521808802,1,NULL,NULL
1453,36105,1521808802,1,NULL,NULL
1453,12229,1522245819,0,NULL,NULL
1456,5578,1521801196,1,NULL,NULL
1456,14387,1521801196,0,NULL,NULL
1456,15871,1521801196,0,NULL,NULL
1456,35115,1521801196,1,NULL,NULL
1456,32611,1521801196,0,NULL,NULL
1459,4976,1521820500,1,NULL,NULL
1459,30170,1521820516,-1,NULL,NULL
1459,18885,1521820516,0,NULL,NULL
1459,28616,1521820500,1,NULL,NULL
1459,12837,1521820516,1,NULL,NULL
1460,17430,1521806091,0,NULL,NULL
1460,4216,1521806091,1,NULL,NULL
1460,25061,1521806091,0,NULL,NULL
1460,16572,1521806091,-1,NULL,NULL
1460,32167,1521806091,0,-1.0,-1.0
1462,37684,1521799533,0,NULL,NULL
1462,16768,1521799533,-1,NULL,NULL
1462,16243,1521799533,0,NULL,NULL
1462,1129,1521799533,0,NULL,NULL
1462,31012,1521799533,0,NULL,NULL
1465,23914,1521792371,0,NULL,NULL
1465,20919,1521792371,0,NULL,NULL
1465,21652,1521792371,0,NULL,NULL
1467,4444,1521711303,0,NULL,NULL
1467,23220,1521711557,0,NULL,NULL
1469,27409,1521646309,0,NULL,NULL
1469,18713,1521646309,0,NULL,NULL
1469,24621,1521646309,1,NULL,NULL
1469,1498,1521648310,1,NULL,NULL
1470,32677,1521642094,1,NULL,NULL
1470,9624,1521642094,1,NULL,NULL
1470,27109,1521642094,1,NULL,NULL
1470,26889,1521642780,1,NULL,NULL
1471,24918,1521626431,0,NULL,NULL
1471,26893,1509185129,0,NULL,NULL
1471,5603,1521626431,1,NULL,NULL
1471,8956,1521626431,0,NULL,NULL
1471,13379,1509542610,0,NULL,NULL
1476,33727,1521466146,1,NULL,NULL
1476,8496,1521466146,1,NULL,NULL
1481,6584,1521280442,0,NULL,NULL
1481,10575,1521280442,0,NULL,NULL
1481,35559,1521280442,0,NULL,NULL
1482,4873,1521190658,1,NULL,NULL
1482,36287,1521190658,0,NULL,NULL
1482,9822,1521190658,1,NULL,NULL
1484,14525,1521108060,0,NULL,NULL
1484,8778,1521108060,0,NULL,NULL
1486,21504,1520866188,1,NULL,NULL
1486,21750,1520866188,1,NULL,NULL
1486,32587,1520674832,1,NULL,NULL
1486,4473,1520674832,0,NULL,NULL
1486,35439,1520674832,1,NULL,NULL
1495,7498,1520448382,1,NULL,NULL
1496,32178,1520428112,0,-1.0,-1.0
1496,5033,1520428112,0,NULL,NULL
1496,1683,1520428112,0,NULL,NULL
1496,13353,1520428112,0,NULL,NULL
1496,34295,1520428112,0,NULL,NULL
1505,22915,1520242845,1,NULL,NULL
1505,9348,1520242845,0,NULL,NULL
1505,8755,1520242845,-1,NULL,NULL
1506,25108,1520233960,0,NULL,NULL
1506,32273,1520233960,1,NULL,NULL
1506,16419,1520234000,0,NULL,NULL
1506,21020,1520234003,0,NULL,NULL
1506,22755,1520234003,0,NULL,NULL
1510,4350,1520095706,0,NULL,NULL
1510,21059,1520095706,1,NULL,NULL
1510,8567,1520095706,0,NULL,NULL
1510,36844,1520095706,1,NULL,NULL
1510,21451,1520095706,0,NULL,NULL
1518,26632,1519802393,-1,NULL,NULL
1519,30242,1519738664,1,NULL,NULL
1519,15940,1519738664,1,NULL,NULL
1521,14259,1519732831,1,NULL,NULL
1525,5511,1519649755,1,NULL,NULL
1527,6448,1519634688,-1,NULL,NULL
1528,22301,1519394055,1,NULL,NULL
1528,8313,1519394055,1,0.0,0.0
1528,22291,1519394055,1,NULL,NULL
1530,15198,1519215569,0,NULL,NULL
1530,6773,1519215569,0,NULL,NULL
1530,5808,1519215569,0,NULL,NULL
1530,12278,1519215569,1,NULL,NULL
1530,15344,1519215569,1,NULL,NULL
1532,1440,1519209205,1,NULL,NULL
1532,22844,1519209205,0,NULL,NULL
1534,2352,1519089504,1,NULL,NULL
1534,35366,1519089504,1,0.0,0.0
1536,27951,1518864282,0,NULL,NULL
1536,11938,1518864282,0,NULL,NULL
1536,4209,1518864282,0,NULL,NULL
1536,97,1518863606,0,NULL,NULL
1536,7165,1518863181,1,NULL,NULL
1539,18808,1518774168,0,NULL,NULL
1539,21183,1518774168,0,NULL,NULL
1539,6653,1518774168,0,NULL,NULL
1540,7050,1518764028,1,NULL,NULL
1543,1931,1518681320,0,NULL,NULL
1543,2141,1518681320,0,NULL,NULL
1543,31801,1518681320,0,NULL,NULL
1550,28845,1518523298,0,NULL,NULL
1550,66,1518523298,0,NULL,NULL
1550,11708,1518523298,0,NULL,NULL
1550,13984,1518523298,0,NULL,NULL
1552,27710,1518467159,0,NULL,NULL
1552,18085,1518467159,1,NULL,NULL
1552,19775,1518467159,0,NULL,NULL
1557,28572,1518184214,0,NULL,NULL
1565,11091,1517985161,1,NULL,NULL
1565,5874,1518028093,1,NULL,NULL
1565,2931,1518028093,0,NULL,NULL
1565,443,1518028093,0,NULL,NULL
1567,538,1517995935,0,NULL,NULL
1567,184,1517994880,-1,NULL,NULL
1567,12503,1517995935,-1,NULL,NULL
1567,6998,1517993391,0,NULL,NULL
1567,11712,1517995935,0,NULL,NULL
1569,8150,1517899361,0,NULL,NULL
1569,21237,1517899361,-1,NULL,NULL
1569,9904,1517899361,0,NULL,NULL
1572,27832,1517561053,0,NULL,NULL
1573,26007,1231167873,0,NULL,NULL
1573,5590,1517582415,1,NULL,NULL
1575,8074,1517561276,1,NULL,NULL
1580,32571,1517474119,1,NULL,NULL
1580,13735,1517474119,-1,NULL,NULL
1581,12973,1517429197,1,NULL,NULL
1581,21744,1517429197,0,NULL,NULL
1581,323,1517429197,0,NULL,NULL
1581,27816,1517429197,0,NULL,NULL
1581,22231,1517429197,-1,NULL,NULL
1584,10584,1517307033,1,NULL,NULL
1584,16344,1517307033,0,NULL,NULL
1584,7987,1517307033,1,NULL,NULL
1584,16394,1517307033,1,NULL,NULL
1593,29758,1516971711,1,NULL,NULL
1593,13574,1516971711,1,NULL,NULL
1593,15935,1516971711,1,NULL,NULL
1594,739,1516971295,1,NULL,NULL
1594,10109,1516971295,1,NULL,NULL
1595,19081,1516956394,0,NULL,NULL
1595,8014,1516960949,0,NULL,NULL
1595,15909,1516956497,0,NULL,NULL
1595,26704,1516956497,0,NULL,NULL
1595,6177,1516960949,0,NULL,NULL
1597,12621,1516950103,0,NULL,NULL
1597,10181,1516949042,0,NULL,NULL
1597,26494,1516950103,0,NULL,NULL
1597,25100,1516949042,0,NULL,NULL
1597,6890,1516949042,-1,-1.0,-1.0
1607,13483,1516710182,0,NULL,NULL
1608,30921,1516709558,0,NULL,NULL
1608,26968,1516709558,0,NULL,NULL
1608,20284,1516709558,0,1.0,1.0
1609,19380,1516700787,-1,NULL,NULL
1609,35657,1516700787,-1,NULL,NULL
1610,24743,1516618406,1,NULL,NULL
1610,24303,1516618406,1,NULL,NULL
1610,13033,1516618406,0,NULL,NULL
1620,37262,1516278567,1,NULL,NULL
1624,12193,1516193491,0,NULL,NULL
1624,23860,1516193491,0,NULL,NULL
1626,1830,1516184134,0,NULL,NULL
1626,4387,1516184134,1,NULL,NULL
1626,10291,1516184134,0,NULL,NULL
1626,28545,1516184134,0,NULL,NULL
1627,659,1516182055,0,NULL,NULL
1627,9506,1516182055,0,NULL,NULL
1627,16590,1516182055,1,NULL,NULL
1627,13861,1516182055,1,NULL,NULL
1627,26949,1516182055,1,NULL,NULL
1628,13561,1516119682,1,NULL,NULL
1628,37245,1516119682,1,NULL,NULL
1628,33271,1516177172,0,NULL,NULL
1634,664,1516016493,1,NULL,NULL
1634,21592,1516016493,0,NULL,NULL
1635,4002,1516013102,0,NULL,NULL
1635,8623,1516013102,1,NULL,NULL
1635,30281,1516013102,0,NULL,NULL
1637,37396,1516011425,0,NULL,NULL
1637,31036,1516011425,1,NULL,NULL
1637,8722,1516011425,0,NULL,NULL
1637,17423,1516011425,1,NULL,NULL
1638,28391,1511768971,0,NULL,NULL
1638,5262,1516006154,0,0.0,0.0
1638,651,1511768971,0,NULL,NULL
1638,37155,1511768971,1,NULL,NULL
1638,26275,1511768971,0,0.0,0.0
1641,35995,1515764832,1,0.0,0.0
1641,2074,1515765000,0,NULL,NULL
1642,22608,1515762988,1,NULL,NULL
1642,11908,1515762988,0,NULL,NULL
1642,9493,1515762988,1,NULL,NULL
1642,16565,1515762988,1,NULL,NULL
1643,32524,1515761378,1,NULL,NULL
1643,2151,1515761570,0,NULL,NULL
1643,15897,1515761378,1,NULL,NULL
1643,6278,1515761378,0,NULL,NULL
1643,1345,1515761378,0,NULL,NULL
1644,17487,1515749623,0,NULL,NULL
1644,14138,1515749623,1,NULL,NULL
1644,25974,1515749623,0,NULL,NULL
1644,49,1515749623,1,NULL,NULL
1646,7696,1515680653,0,NULL,NULL
1647,19978,1515669792,1,NULL,NULL
1647,31877,1515669792,0,NULL,NULL
1650,23734,1515592830,0,NULL,NULL
1650,17877,1515592830,0,NULL,NULL
1650,20190,1515592830,0,NULL,NULL
1657,13996,1515240163,0,NULL,NULL
1657,37567,1515240163,0,NULL,NULL
1658,5685,1514974161,1,NULL,NULL
1658,32305,1515080311,0,NULL,NULL
1660,20355,1515080311,1,NULL,NULL
1660,13609,1515080311,0,NULL,NULL
1660,26034,1515080311,0,0.0,0.0
1664,361,1514978862,0,NULL,NULL
1668,21126,1514288588,0,NULL,NULL
1670,4027,1513872075,1,NULL,NULL
1670,22969,1513534244,0,NULL,NULL
1670,8230,1513872075,1,NULL,NULL
1670,30779,1513872075,1,NULL,NULL
1670,6798,1513534244,0,-1.0,-1.0
1675,17478,1513779503,0,NULL,NULL
1675,16158,1513779503,0,NULL,NULL
1675,2311,1513779503,0,NULL,NULL
1678,14918,1513605910,1,NULL,NULL
1679,32964,1513601991,0,NULL,NULL
1679,5877,1513604156,0,NULL,NULL
1685,12108,1513244677,1,NULL,NULL
1685,425,1513244677,0,NULL,NULL
1685,20076,1513244677,1,NULL,NULL
1685,23432,1513246208,0,NULL,NULL
1685,16276,1513244677,0,NULL,NULL
1686,25205,1513243724,1,NULL,NULL
1687,33407,1513161172,1,NULL,NULL
1687,16199,1513161172,1,NULL,NULL
1687,26052,1513161172,-1,NULL,NULL
1687,28711,1513161172,-1,NULL,NULL
1687,27966,1513161172,1,NULL,NULL
1689,27794,1513154968,1,NULL,NULL
1689,7129,1513155185,0,NULL,NULL
1689,21041,1513155185,1,NULL,NULL
1690,24087,1513154540,1,NULL,NULL
1690,21141,1513154540,1,NULL,NULL
1692,24599,1512598738,1,NULL,NULL
1692,22946,1512598738,0,NULL,NULL
1692,21352,1512598738,1,NULL,NULL
1692,7544,1512905146,1,NULL,NULL
1693,8434,1512655542,1,NULL,NULL
1693,14372,1512655542,-1,NULL,NULL
1693,632,1512655542,1,NULL,NULL
1693,1714,1512655543,1,NULL,NULL
1697,1988,1512633469,1,NULL,NULL
1697,1358,1512633469,1,NULL,NULL
1697,2931,1512633790,0,NULL,NULL
1697,23713,1512633790,-1,NULL,NULL
1704,6621,1511961609,0,NULL,NULL
1704,32158,1511961609,0,-1.0,-1.0
1704,23816,1511961609,1,NULL,NULL
1704,32609,1511961609,0,NULL,NULL
1710,16359,1508486211,0,NULL,NULL
1710,33330,1508486211,0,NULL,NULL
1710,10470,1508486211,0,NULL,NULL
1710,6525,1508486211,0,NULL,NULL
1710,4629,1508486211,-1,NULL,NULL
1716,11036,1511426760,0,NULL,NULL
1716,13353,1511428116,0,NULL,NULL
1720,1278,1511198942,0,NULL,NULL
1720,22473,1511272272,0,NULL,NULL
1720,24918,1511183648,0,NULL,NULL
1720,1931,1511183648,0,NULL,NULL
1720,14471,1511259585,0,NULL,NULL
1721,27219,1511271810,0,NULL,NULL
1721,31067,1511271810,0,NULL,NULL
1724,16851,1510931884,0,NULL,NULL
1724,4935,1510931884,0,NULL,NULL
1730,23950,1510655423,0,NULL,NULL
1734,19612,1510309368,1,NULL,NULL
1734,32271,1510309368,0,NULL,NULL
1734,13396,1510309368,1,NULL,NULL
1741,33047,1509963809,0,NULL,NULL
1741,27091,1509963809,1,NULL,NULL
1742,18417,1509786856,0,NULL,NULL
1743,7481,1509786286,0,NULL,NULL
1743,7512,1509786286,0,NULL,NULL
1744,31075,1509748870,1,NULL,NULL
1744,19632,1509748870,1,NULL,NULL
1744,17788,1509748870,0,NULL,NULL
1744,7644,1509748870,0,NULL,NULL
1744,23883,1509748870,0,NULL,NULL
1746,14421,1509704652,1,NULL,NULL
1754,7377,1509626895,1,NULL,NULL
1760,4106,1509532205,0,NULL,NULL
1761,31649,1509526271,0,NULL,NULL
1761,21108,1509525584,0,NULL,NULL
1761,17172,1509525584,-1,NULL,NULL
1761,33055,1509525584,0,NULL,NULL
1761,23798,1509527942,0,NULL,NULL
1763,12647,1509448013,1,NULL,NULL
1763,33710,1509448013,0,NULL,NULL
1764,20045,1509445326,1,NULL,NULL
1766,16471,1509362241,0,NULL,NULL
1766,8712,1509362241,0,NULL,NULL
1766,23064,1509362241,0,NULL,NULL
1766,18171,1509362241,0,NULL,NULL
1777,20080,1509084374,1,NULL,NULL
1778,11847,1508488554,0,NULL,NULL
1778,12050,1508488554,0,NULL,NULL
1778,10921,1508488554,1,NULL,NULL
1778,12057,1508488554,0,NULL,NULL
1778,14576,1508488554,0,NULL,NULL
1781,9351,1508959030,0,NULL,NULL
1781,2499,1508959030,0,NULL,NULL
1781,31643,1508959030,1,NULL,NULL
1784,9945,1508921878,0,NULL,NULL
1784,21579,1508921878,1,NULL,NULL
1784,37318,1508921878,0,NULL,NULL
1784,32726,1508921878,0,NULL,NULL
1784,18072,1508921878,-1,NULL,NULL
1785,26466,1508834404,-1,NULL,NULL
1785,18313,1508834404,0,NULL,NULL
1785,4498,1508834404,-1,NULL,NULL
1785,30928,1508834404,0,NULL,NULL
1790,34309,1508614180,-1,NULL,NULL
1790,14825,1508614180,0,NULL,NULL
1790,21230,1508614180,0,NULL,NULL
1790,24173,1508614180,1,NULL,NULL
1790,9026,1508614181,1,NULL,NULL
1791,11030,1508497387,-1,NULL,NULL
1791,4991,1508497900,-1,NULL,NULL
1795,35555,1508317267,0,NULL,NULL
1796,17143,1508307277,0,NULL,NULL
1797,25834,1508231862,0,NULL,NULL
1797,21173,1508231862,0,NULL,NULL
1798,23267,1508231862,0,NULL,NULL
1799,27997,1508230014,0,NULL,NULL
1799,1473,1508230014,0,NULL,NULL
1799,32382,1508230014,0,NULL,NULL
1803,13164,1507985095,0,NULL,NULL
1803,31180,1507985095,-1,NULL,NULL
1803,28553,1507985095,1,NULL,NULL
1803,22191,1507985095,0,NULL,NULL
1805,21260,1507883748,1,NULL,NULL
1808,2107,1507827248,0,NULL,NULL
1808,33592,1507827248,0,NULL,NULL
1808,22995,1507827248,0,NULL,NULL
1808,16819,1507827248,0,NULL,NULL
1808,14008,1507827248,0,NULL,NULL
1812,5987,1507813609,0,NULL,NULL
1812,7388,1507813609,0,NULL,NULL
1815,2922,1507573143,-1,NULL,NULL
1815,31568,1507573143,1,NULL,NULL
1817,17588,1507362268,0,NULL,NULL
1817,4690,1507362268,1,NULL,NULL
1817,340,1507363406,0,NULL,NULL
1817,18765,1507322262,0,NULL,NULL
1817,27188,1507362268,0,NULL,NULL
1821,18039,1507278432,1,NULL,NULL
1825,16863,1507190881,0,NULL,NULL
1826,5903,1507177456,0,NULL,NULL
1827,37629,1507128920,0,NULL,NULL
1827,13847,1504860232,0,NULL,NULL
1827,1977,1507128920,0,NULL,NULL
1827,1557,1507128920,0,NULL,NULL
1827,12305,1507128920,1,NULL,NULL
1828,33592,1507127335,0,NULL,NULL
1828,1951,1507127335,0,NULL,NULL
1828,2297,1507127335,0,NULL,NULL
1833,10836,1507043795,0,NULL,NULL
1833,9930,1507043795,0,NULL,NULL
1833,18005,1507043795,0,NULL,NULL
1833,17078,1507044044,0,NULL,NULL
1834,7695,1507041470,0,NULL,NULL
1834,23700,1507041470,0,NULL,NULL
1834,9285,1507041470,0,NULL,NULL
1834,16881,1507041470,0,NULL,NULL
1834,6784,1507041470,0,-1.0,-1.0
1836,27083,1507026052,1,NULL,NULL
1837,30413,1506606517,0,NULL,NULL
1838,33490,1506599144,0,NULL,NULL
1838,36588,1506599144,0,NULL,NULL
1838,13123,1506599144,1,NULL,NULL
1838,5214,1506599144,1,NULL,NULL
1838,14292,1506599144,1,NULL,NULL
1848,31111,1506519400,0,NULL,NULL
1848,2815,1506519400,0,NULL,NULL
1851,26544,1506506021,0,NULL,NULL
1851,31814,1506506021,-1,NULL,NULL
1851,10466,1506506021,0,NULL,NULL
1855,35191,1506433653,-1,NULL,NULL
1857,14105,1506415037,-1,NULL,NULL
1857,23262,1506430363,1,NULL,NULL
1857,20488,1506430363,1,NULL,NULL
1858,5811,1506429311,1,NULL,NULL
1858,6782,1506429311,1,-1.0,-1.0
1860,33543,1506423506,-1,NULL,NULL
1860,1624,1506424130,0,NULL,NULL
1862,662,1506405994,1,NULL,NULL
1867,12536,1506342060,0,NULL,NULL
1868,2067,1506342060,0,NULL,NULL
1868,33773,1506342060,1,NULL,NULL
1868,12746,1506342060,1,NULL,NULL
1868,398,1506342060,1,NULL,NULL
1869,13086,1506342059,1,NULL,NULL
1869,18738,1506342059,1,NULL,NULL
1869,22205,1506342059,0,NULL,NULL
1869,28373,1506342059,1,NULL,NULL
1869,27717,1506342059,0,NULL,NULL
1876,20272,1506150963,0,NULL,NULL
1877,4589,1506087473,0,NULL,NULL
1877,27401,1506087473,0,NULL,NULL
1877,8073,1506087473,0,NULL,NULL
1877,27577,1506087473,0,NULL,NULL
1877,8031,1506087473,0,NULL,NULL
1880,13452,1505978565,-1,NULL,NULL
1880,7438,1505978565,1,NULL,NULL
1880,31339,1506061070,0,NULL,NULL
1885,14927,1505920678,1,NULL,NULL
1885,9119,1505920678,-1,NULL,NULL
1887,24428,1505897400,0,NULL,NULL
1891,2966,1505824556,1,NULL,NULL
1894,34157,1505736552,0,NULL,NULL
1894,24274,1505806136,0,NULL,NULL
1894,9493,1505734869,0,NULL,NULL
1894,14321,1505734869,1,NULL,NULL
1894,2113,1505734869,1,NULL,NULL
1898,36765,1505287689,1,NULL,NULL
1898,25985,1505287689,1,NULL,NULL
1898,27024,1505288778,0,NULL,NULL
1898,21782,1505288778,0,NULL,NULL
1899,1342,1505228084,0,NULL,NULL
1899,35829,1505244994,0,NULL,NULL
1900,33664,1505225246,1,NULL,NULL
1902,15524,1505220151,1,NULL,NULL
1910,19858,1504948690,1,NULL,NULL
1911,27954,1504884812,0,NULL,NULL
1911,12965,1504019286,0,NULL,NULL
1911,14192,1504019286,1,NULL,NULL
1911,6542,1504019286,1,NULL,NULL
1911,23109,1504019286,-1,NULL,NULL
1912,20352,1504877578,0,NULL,NULL
1912,22104,1504877578,0,NULL,NULL
1914,20983,1504631428,1,NULL,NULL
1914,8135,1504631428,0,NULL,NULL
1914,13687,1504706292,0,NULL,NULL
1914,21780,1504854205,0,NULL,NULL
1915,10404,1504796507,1,NULL,NULL
1915,18976,1504796507,0,NULL,NULL
1915,12144,1504796507,0,NULL,NULL
1916,13868,1504789431,0,NULL,NULL
1916,7536,1504789431,0,NULL,NULL
1916,22199,1504789431,0,NULL,NULL
1916,24827,1504789431,0,NULL,NULL
1916,11790,1504789431,0,NULL,NULL
1917,23133,1504788970,1,NULL,NULL
1917,26901,1504788970,0,NULL,NULL
1920,13699,1504722046,1,NULL,NULL
1920,26790,1504722046,1,NULL,NULL
1920,2292,1504722046,0,NULL,NULL
1920,27282,1504722374,0,NULL,NULL
1923,21439,1504687544,-1,NULL,NULL
1925,1178,1504619618,0,NULL,NULL
1925,22303,1504633981,0,NULL,NULL
1929,17946,1504537100,0,NULL,NULL
1929,31212,1504537100,0,NULL,NULL
1929,13092,1504537100,0,NULL,NULL
1929,14183,1504537100,0,NULL,NULL
1929,10740,1504537100,0,NULL,NULL
1932,19105,1228920698,1,NULL,NULL
1932,18623,1504524447,0,NULL,NULL
1933,9843,1504462804,-1,NULL,NULL
1936,26427,1504339316,0,NULL,NULL
1936,7383,1504425904,0,NULL,NULL
1936,350,1504338769,1,NULL,NULL
1936,36690,1504425904,0,NULL,NULL
1936,16833,1504338769,0,NULL,NULL
1940,33816,1504177058,0,NULL,NULL
1940,11920,1504177058,1,NULL,NULL
1940,27716,1504177058,0,NULL,NULL
1946,28420,1504006354,0,NULL,NULL
1946,10587,1504006354,1,NULL,NULL
1959,10345,1503566327,0,NULL,NULL
1959,29901,1503566326,0,NULL,NULL
1959,1893,1503566327,0,NULL,NULL
1959,14191,1503566328,0,NULL,NULL
1959,28344,1503566326,0,NULL,NULL
1961,14148,1455696708,1,NULL,NULL
1961,6078,1503505952,1,NULL,NULL
1962,20465,1503487235,0,NULL,NULL
1962,8165,1503487235,0,NULL,NULL
1962,11831,1503487235,1,NULL,NULL
1962,24840,1503487235,0,NULL,NULL
1962,26995,1503487937,0,NULL,NULL
1965,24885,1503384906,1,NULL,NULL
1965,1765,1503384906,0,NULL,NULL
1965,8387,1503384906,0,NULL,NULL
1965,23253,1503415701,-1,NULL,NULL
1965,12741,1503384906,0,NULL,NULL
1968,22990,1502282326,0,NULL,NULL
1968,6385,1502282326,0,NULL,NULL
1968,35064,1503381860,-1,0.0,0.0
1968,5094,1502282326,1,NULL,NULL
1968,26904,1503381860,0,NULL,NULL
1976,7167,1502741111,0,NULL,NULL
1979,8109,1502456083,1,0.0,0.0
1979,1168,1502456083,0,NULL,NULL
1979,26007,1502456083,1,NULL,NULL
1979,15167,1502456083,1,NULL,NULL
1982,191,1502258218,-1,NULL,NULL
1982,16496,1502258218,0,NULL,NULL
1982,12622,1502258218,-1,NULL,NULL
1982,12405,1502258218,0,NULL,NULL
1982,21275,1502258218,0,NULL,NULL
1984,5992,1502191769,1,NULL,NULL
1984,21070,1502191769,1,NULL,NULL
1984,27981,1502191769,0,NULL,NULL
1984,8522,1502191769,1,NULL,NULL
1987,25952,1502191768,0,NULL,NULL
1987,9303,1502191768,0,NULL,NULL
1987,10502,1502191768,-1,NULL,NULL
1989,2241,1502191768,0,NULL,NULL
1989,2686,1502191768,0,NULL,NULL
1989,3920,1502191768,0,NULL,NULL
1989,12755,1502191768,0,NULL,NULL
1994,5473,1502189153,0,NULL,NULL
1994,33180,1502189153,-1,NULL,NULL
1995,31566,1502173978,0,NULL,NULL
1996,16670,1502136653,0,NULL,NULL
1999,9774,1502094460,0,NULL,NULL
1999,6183,1502094460,0,NULL,NULL
1999,8680,1502095039,0,NULL,NULL
1999,34349,1502094460,0,NULL,NULL
1999,9826,1502095039,0,NULL,NULL
2001,18949,1502082804,1,NULL,NULL
2001,31215,1502082804,1,NULL,NULL
2004,12961,1501862945,1,NULL,NULL
2004,4036,1501862945,1,NULL,NULL
2004,46,1501862945,1,NULL,NULL
2004,12804,1501862945,0,NULL,NULL
2004,20129,1501862945,1,NULL,NULL
2006,16821,1501862944,0,NULL,NULL
2006,10312,1501862944,-1,NULL,NULL
2006,21177,1501862944,0,NULL,NULL
2006,9975,1501862944,1,NULL,NULL
2006,4711,1501862944,0,NULL,NULL
2012,8962,1501746232,0,NULL,NULL
2012,22300,1501746233,1,NULL,NULL
2012,15403,1501746233,1,NULL,NULL
2015,24849,1501670542,0,NULL,NULL
2015,29649,1501670542,0,NULL,NULL
2015,16219,1501670542,0,NULL,NULL
2016,8260,1501655440,0,NULL,NULL
2016,6801,1501655440,0,NULL,NULL
2016,7337,1501655440,0,NULL,NULL
2021,30911,1501322381,1,NULL,NULL
2021,13074,1501322381,1,NULL,NULL
2021,1607,1501322381,1,NULL,NULL
2025,26677,1501148637,0,NULL,NULL
2027,37303,1501095423,1,NULL,NULL
2028,6569,1501093391,0,NULL,NULL
2028,20161,1501093391,0,NULL,NULL
2028,29718,1501094218,0,NULL,NULL
2028,24400,1501093391,1,0.0,0.0
2028,10693,1501094218,0,NULL,NULL
2029,14882,1501055318,0,NULL,NULL
2029,28028,1501055318,0,0.0,0.0
2029,12310,1501055318,0,NULL,NULL
2029,27071,1501055318,0,NULL,NULL
2037,18961,1500819020,0,NULL,NULL
2037,20871,1500818652,0,NULL,NULL
2037,10259,1500813961,1,NULL,NULL
2037,16083,1500813961,0,NULL,NULL
2037,28160,1500818652,0,NULL,NULL
2038,19982,1500654491,1,NULL,NULL
2038,560,1500654491,0,NULL,NULL
2038,16179,1500654491,1,NULL,NULL
2038,45,1500816543,1,NULL,NULL
2038,34702,1500816543,1,NULL,NULL
2039,26754,1500809511,1,NULL,NULL
2039,8954,1500809511,0,NULL,NULL
2039,19344,1500809511,0,NULL,NULL
2039,7895,1500802206,-1,NULL,NULL
2039,33869,1500809511,0,NULL,NULL
2040,37244,1500705944,0,NULL,NULL
2040,31160,1500705944,0,NULL,NULL
2040,10500,1500705944,-1,NULL,NULL
2040,1636,1500705944,-1,NULL,NULL
2040,8423,1500705944,0,0.0,0.0
2045,22715,1500541802,0,NULL,NULL
2045,16144,1500541802,0,NULL,NULL
2045,26773,1500615113,0,NULL,NULL
2048,13395,1500541508,0,NULL,NULL
2048,1370,1492518770,0,NULL,NULL
2048,14442,1492518770,0,NULL,NULL
2048,2057,1492518770,0,NULL,NULL
2048,8728,1500541508,0,NULL,NULL
2050,15537,1500534670,1,NULL,NULL
2051,15510,1500521444,1,NULL,NULL
2051,9905,1500521444,-1,NULL,NULL
2051,1044,1500521444,0,NULL,NULL
2052,31041,1500480935,0,NULL,NULL
2052,28121,1500480935,0,NULL,NULL
2052,35993,1500480935,1,NULL,NULL
2052,23019,1500480935,0,NULL,NULL
2052,12365,1500480935,0,NULL,NULL
2058,651,1500368811,0,NULL,NULL
2058,33595,1500368811,-1,NULL,NULL
2058,28351,1500370654,0,NULL,NULL
2058,5542,1500368811,0,NULL,NULL
2058,18669,1500368811,0,NULL,NULL
2059,26758,1500281468,0,NULL,NULL
2062,2179,1499593424,0,NULL,NULL
2062,12941,1499594259,1,NULL,NULL
2062,9295,1499593424,1,NULL,NULL
2062,13905,1499520639,0,NULL,NULL
2062,33717,1499509784,0,NULL,NULL
2063,33377,1500074866,1,NULL,NULL
2069,4699,1499785793,1,NULL,NULL
2070,13282,1499765448,0,NULL,NULL
2070,6674,1499765448,1,NULL,NULL
2071,22806,1499760900,0,NULL,NULL
2071,32132,1499760900,0,NULL,NULL
2071,2151,1499760900,1,NULL,NULL
2073,31127,1499717153,1,NULL,NULL
2074,6625,1499690339,0,NULL,NULL
2081,6759,1499239702,1,NULL,NULL
2081,31059,1499239702,0,NULL,NULL
2081,5109,1499239702,1,NULL,NULL
2081,36591,1499239702,0,NULL,NULL
2081,20666,1499239702,0,NULL,NULL
2084,20131,1499094623,1,NULL,NULL
2084,35960,1499094623,1,NULL,NULL
2084,35378,1499094623,1,NULL,NULL
2089,43,1498820121,0,NULL,NULL
2089,10479,1498820121,0,NULL,NULL
2090,10436,1498816307,1,NULL,NULL
2090,20510,1498816307,1,NULL,NULL
2090,31689,1498808725,1,NULL,NULL
2090,5950,1498808725,0,NULL,NULL
2090,31243,1498816307,1,NULL,NULL
2092,12615,1498754969,0,NULL,NULL
2092,27006,1498754969,1,NULL,NULL
2092,30339,1498754969,0,NULL,NULL
2092,25092,1498754969,1,NULL,NULL
2093,18404,1498340302,1,NULL,NULL
2093,12410,1498326110,0,NULL,NULL
2093,31228,1498326110,1,NULL,NULL
2093,30795,1498738826,0,NULL,NULL
2093,34352,1498326110,0,NULL,NULL
2096,17096,1498733069,0,NULL,NULL
2103,13102,1498663956,0,NULL,NULL
2104,17182,1498655013,0,NULL,NULL
2104,33610,1498655013,0,NULL,NULL
2104,13332,1498655013,0,NULL,NULL
2104,13334,1498655013,0,NULL,NULL
2104,11809,1498655013,0,NULL,NULL
2108,24347,1498557863,0,NULL,NULL
2113,269,1498337744,0,NULL,NULL
2113,9119,1498337744,0,NULL,NULL
2113,2107,1498340470,0,NULL,NULL
2113,7875,1498340470,0,NULL,NULL
2114,37699,1498337513,0,NULL,NULL
2114,27707,1498337513,1,NULL,NULL
2114,7605,1498337513,0,NULL,NULL
2114,9906,1498337513,1,NULL,NULL
2114,5619,1498337513,0,NULL,NULL
2115,34548,1498333473,0,NULL,NULL
2115,34266,1498333473,0,NULL,NULL
2115,19084,1498333473,0,NULL,NULL
2115,11882,1498333473,-1,NULL,NULL
2115,14445,1498333473,0,NULL,NULL
2119,17098,1498225275,0,NULL,NULL
2119,7,1498225275,0,NULL,NULL
2121,32560,1498205120,0,NULL,NULL
2123,22934,1498151144,-1,NULL,NULL
2123,23318,1498151144,0,NULL,NULL
2123,33238,1498151144,0,NULL,NULL
2123,12866,1498151144,0,NULL,NULL
2123,30685,1498151143,0,0.0,0.0
2126,20903,1498124940,0,NULL,NULL
2127,6147,1497854057,0,NULL,NULL
2127,3968,1497854057,0,NULL,NULL
2127,16088,1497854057,0,NULL,NULL
2127,15940,1497854057,0,NULL,NULL
2127,12634,1497854057,1,NULL,NULL
2128,13201,1498119790,0,NULL,NULL
2128,2209,1498119790,0,NULL,NULL
2128,17084,1498119790,0,NULL,NULL
2128,26770,1498119790,0,NULL,NULL
2128,22220,1498119790,0,NULL,NULL
2131,28090,1498052703,0,NULL,NULL
2131,20522,1498109526,-1,NULL,NULL
2131,1209,1498052703,0,NULL,NULL
2131,13578,1498109526,0,NULL,NULL
2131,16529,1498109526,0,NULL,NULL
2133,9826,1497947150,0,NULL,NULL
2135,28507,1497627472,-1,NULL,NULL
2135,4826,1497627474,0,NULL,NULL
2135,7255,1497627474,-1,NULL,NULL
2135,14959,1497627472,0,NULL,NULL
2135,33532,1497627474,0,NULL,NULL
2136,15874,1497626384,1,NULL,NULL
2136,14807,1497626803,0,NULL,NULL
2136,19943,1497626384,0,NULL,NULL
2136,7485,1497626384,1,NULL,NULL
2136,12337,1497626384,0,NULL,NULL
2139,21417,1497434610,0,NULL,NULL
2139,18803,1497434610,-1,NULL,NULL
2139,1424,1497434610,1,NULL,NULL
2139,30113,1497434610,0,0.0,0.0
2139,13751,1497434610,0,NULL,NULL
2145,23458,1497350300,0,NULL,NULL
2147,17973,1497005041,0,NULL,NULL
2147,6199,1497005041,0,NULL,NULL
2147,25730,1497005041,0,0.0,0.0
2147,20529,1497005041,0,NULL,NULL
2147,20047,1497005041,0,NULL,NULL
2150,9064,1496994674,0,NULL,NULL
2150,20726,1496994674,0,NULL,NULL
2151,36899,1496933480,0,NULL,NULL
2151,6159,1496942557,0,NULL,NULL
2151,25971,1496942557,0,NULL,NULL
2155,13186,1496735007,0,NULL,NULL
2155,163,1496735007,-1,NULL,NULL
2155,4012,1496735007,0,NULL,NULL
2155,36442,1496735007,0,NULL,NULL
2155,24190,1496735007,0,NULL,NULL
2156,14120,1496734911,0,NULL,NULL
2160,35831,1496400972,0,NULL,NULL
2160,7924,1496400972,0,NULL,NULL
2160,28171,1496400972,0,NULL,NULL
2160,33566,1496400972,0,NULL,NULL
2160,11917,1496400972,0,NULL,NULL
2166,7797,1496083722,0,NULL,NULL
2166,14433,1496065997,0,NULL,NULL
2166,28768,1496065402,0,NULL,NULL
2166,20733,1496065402,-1,NULL,NULL
2166,32598,1496083722,0,NULL,NULL
2167,641,1496217571,0,NULL,NULL
2167,27519,1496217571,-1,NULL,NULL
2167,24847,1496217571,0,NULL,NULL
2167,26963,1496217571,0,NULL,NULL
2167,12225,1496217571,1,NULL,NULL
2169,32608,1496147552,0,NULL,NULL
2169,18630,1496159451,0,NULL,NULL
2169,27914,1496159562,-1,NULL,NULL
2170,9768,1496135964,0,NULL,NULL
2170,1692,1496135964,-1,NULL,NULL
2171,20541,1496134871,0,NULL,NULL
2171,8082,1496134870,0,NULL,NULL
2171,9429,1496134870,-1,NULL,NULL
2171,12681,1496134871,0,NULL,NULL
2171,37179,1496134870,-1,NULL,NULL
2172,7793,1496134049,0,NULL,NULL
2173,3928,1496128060,-1,NULL,NULL
2181,23740,1495992008,0,NULL,NULL
2181,27824,1495988841,0,NULL,NULL
2181,12966,1495990878,0,NULL,NULL
2181,20861,1495992008,0,NULL,NULL
2181,21001,1495988841,0,NULL,NULL
2182,15654,1495962985,-1,NULL,NULL
2185,25980,1495873401,1,NULL,NULL
2186,21409,1495871278,0,NULL,NULL
2191,7068,1495803736,0,NULL,NULL
2192,27653,1495799496,0,NULL,NULL
2193,30068,1495793376,0,0.0,0.0
2193,5007,1495793376,0,NULL,NULL
2193,33377,1495793376,0,NULL,NULL
2193,20212,1495793376,0,NULL,NULL
2193,11967,1495793376,0,NULL,NULL
2194,19815,1495791720,1,NULL,NULL
2194,1707,1495791720,1,NULL,NULL
2195,60,1495785197,1,NULL,NULL
2195,6844,1495785197,0,NULL,NULL
2198,6158,1495554300,1,NULL,NULL
2198,4699,1495460578,1,NULL,NULL
2198,16231,1495460578,1,NULL,NULL
2198,7537,1495460578,1,NULL,NULL
2198,5142,1495460578,0,NULL,NULL
2200,22552,1495637688,0,NULL,NULL
2200,12354,1495637688,1,NULL,NULL
2200,25883,1495637688,1,NULL,NULL
2200,21633,1495637688,-1,NULL,NULL
2200,26442,1495637688,0,NULL,NULL
2204,36255,1495624263,0,NULL,NULL
2204,17976,1495624263,1,NULL,NULL
2204,21224,1495624264,0,NULL,NULL
2204,124,1495624263,-1,NULL,NULL
2204,12943,1495624263,0,NULL,NULL
2206,13164,1495624996,1,NULL,NULL
2208,15676,1495618861,0,NULL,NULL
2208,13805,1495618861,1,NULL,NULL
2208,34292,1495618861,1,NULL,NULL
2209,15802,1495613772,1,NULL,NULL
2209,12293,1495613772,1,NULL,NULL
2209,13337,1495613772,1,NULL,NULL
2213,2955,1495610874,0,NULL,NULL
2216,28349,1495526524,0,NULL,NULL
2216,16170,1495532020,1,NULL,NULL
2220,1918,1495460651,1,NULL,NULL
2220,5369,1495460651,-1,NULL,NULL
2220,14472,1495460651,1,NULL,NULL
2220,35607,1495460651,-1,-1.0,-1.0
2220,35333,1495460651,-1,NULL,NULL
2222,18193,1495385808,0,NULL,NULL
2222,2205,1495385808,-1,NULL,NULL
2224,18439,1495283221,1,NULL,NULL
2224,11088,1495283221,1,NULL,NULL
2224,28618,1495283221,-1,NULL,NULL
2224,6948,1495283221,0,NULL,NULL
2225,9341,1495204760,0,NULL,NULL
2225,13981,1495204760,0,NULL,NULL
2226,36204,1495194735,1,NULL,NULL
2226,37313,1495194735,1,NULL,NULL
2226,24347,1495194735,0,NULL,NULL
2226,11124,1495194735,0,NULL,NULL
2226,5430,1495194735,0,NULL,NULL
2236,21114,1494931751,0,NULL,NULL
2236,28083,1494931743,0,NULL,NULL
2236,25958,1494930479,1,0.0,0.0
2236,7036,1494930480,0,NULL,NULL
2236,5407,1494930479,1,NULL,NULL
2238,26246,1494922894,0,NULL,NULL
2238,34378,1494922894,0,NULL,NULL
2238,5943,1494922894,0,NULL,NULL
2241,31494,1494842236,0,NULL,NULL
2241,4178,1494842222,1,NULL,NULL
2241,24368,1494842236,-1,NULL,NULL
2241,12215,1494842236,0,NULL,NULL
2241,28832,1494842222,0,NULL,NULL
2248,17750,1494535325,0,NULL,NULL
2249,35799,1494519667,0,NULL,NULL
2249,10582,1494519666,1,NULL,NULL
2249,22148,1494519667,0,NULL,NULL
2249,9380,1494519667,-1,NULL,NULL
2249,24266,1494519668,1,NULL,NULL
2250,27596,1494502263,0,NULL,NULL
2250,12294,1494502263,0,NULL,NULL
2250,5915,1494502264,0,NULL,NULL
2250,28582,1494502263,1,NULL,NULL
2250,466,1494502264,0,NULL,NULL
2251,5022,1494493122,-1,NULL,NULL
2256,30103,1492766412,0,NULL,NULL
2256,33545,1492766412,0,NULL,NULL
2256,30079,1494316201,0,0.0,0.0
2256,24210,1492766412,0,NULL,NULL
2256,24310,1494316201,0,NULL,NULL
2257,20983,1494260216,0,NULL,NULL
2257,35338,1494260216,0,NULL,NULL
2257,10056,1494260216,0,NULL,NULL
2257,28151,1494260216,1,NULL,NULL
2257,21732,1494260216,0,NULL,NULL
2258,35997,1494248177,1,NULL,NULL
2258,11415,1494248813,0,NULL,NULL
2259,25924,1494247361,0,NULL,NULL
2262,23059,1493991617,0,NULL,NULL
2262,13987,1493991617,0,NULL,NULL
2262,15761,1493991617,0,NULL,NULL
2262,5094,1493991617,0,NULL,NULL
2262,1211,1493991617,1,NULL,NULL
2266,32173,1493982605,-1,NULL,NULL
2266,17985,1493982606,0,NULL,NULL
2266,28636,1493982605,0,NULL,NULL
2266,37213,1493982605,1,NULL,NULL
2266,9550,1493982605,0,NULL,NULL
2268,31912,1493394954,1,NULL,NULL
2271,13403,1493297642,0,NULL,NULL
2274,26241,1493283919,0,NULL,NULL
2274,7137,1493283919,1,NULL,NULL
2274,6814,1493283919,0,NULL,NULL
2279,16447,1493211271,1,NULL,NULL
2282,22374,1493041134,0,NULL,NULL
2282,26916,1493041134,0,NULL,NULL
2282,31199,1493041134,0,NULL,NULL
2285,6737,1493022693,0,NULL,NULL
2289,20589,1492675437,1,NULL,NULL
2289,35669,1492675437,1,NULL,NULL
2289,24164,1492675437,0,NULL,NULL
2289,16377,1492675437,0,NULL,NULL
2289,6480,1492675437,0,NULL,NULL
2291,19080,1492674242,0,NULL,NULL
2291,26753,1492674242,1,NULL,NULL
2294,24985,1492590754,0,NULL,NULL
2294,1744,1492590754,0,NULL,NULL
2294,9872,1492590754,0,NULL,NULL
2294,33538,1492590754,0,NULL,NULL
2294,3986,1492590754,0,NULL,NULL
2295,12532,1492521422,1,NULL,NULL
2295,19117,1492521422,1,NULL,NULL
2295,21547,1492591679,1,NULL,NULL
2295,10462,1492591679,1,NULL,NULL
2297,31447,1492514480,0,NULL,NULL
2297,6404,1492514480,1,NULL,NULL
2297,14017,1492514480,1,NULL,NULL
2297,8966,1492514480,1,NULL,NULL
2302,14219,1492088276,0,NULL,NULL
2302,9702,1492088276,0,NULL,NULL
2302,30372,1492088276,0,NULL,NULL
2302,4545,1492088276,0,NULL,NULL
2309,36229,1491996634,0,NULL,NULL
2309,34629,1491996634,0,NULL,NULL
2312,25011,1491985578,1,NULL,NULL
2313,10012,1491982999,0,NULL,NULL
2313,21958,1491982999,1,NULL,NULL
2313,24982,1491982999,0,NULL,NULL
2313,15806,1491982999,0,NULL,NULL
2313,28123,1491982999,1,NULL,NULL
2315,8779,1491912573,1,NULL,NULL
2315,12448,1491912573,0,NULL,NULL
2315,8406,1491912573,0,NULL,NULL
2315,10795,1491912573,0,NULL,NULL
2315,1270,1491912573,1,NULL,NULL
2318,27591,1491832307,0,NULL,NULL
2318,13212,1491832307,0,NULL,NULL
2318,22614,1491832307,0,NULL,NULL
2320,7161,1491725008,0,NULL,NULL
2320,30308,1491725586,0,NULL,NULL
2320,13818,1491564232,0,NULL,NULL
2320,23942,1491751592,0,NULL,NULL
2320,13453,1491725586,0,NULL,NULL
2322,27280,1491726344,0,NULL,NULL
2334,21136,1491401096,0,NULL,NULL
2334,8858,1491401096,1,NULL,NULL
2337,26155,1491385047,0,NULL,NULL
2339,21608,1491316490,0,NULL,NULL
2339,33560,1491316490,1,NULL,NULL
2339,27995,1491316490,1,NULL,NULL
2339,13562,1491316490,1,NULL,NULL
2339,25767,1491316490,-1,NULL,NULL
2340,14028,1491312611,1,NULL,NULL
2340,32450,1491312611,1,NULL,NULL
2342,30671,1491206527,1,NULL,NULL
2343,19515,1491205395,0,NULL,NULL
2345,11877,1490988529,-1,NULL,NULL
2346,5136,1490945964,0,NULL,NULL
2346,34192,1490945964,0,NULL,NULL
2347,22779,1490881051,-1,NULL,NULL
2358,6895,1490620327,1,NULL,NULL
2358,34232,1490620335,1,NULL,NULL
2358,32417,1490693303,1,NULL,NULL
2359,4557,1490689766,0,NULL,NULL
2364,37492,1490630062,0,NULL,NULL
2366,3986,1490627067,0,NULL,NULL
2366,23664,1490627067,-1,NULL,NULL
2366,36250,1490627067,1,NULL,NULL
2366,12190,1490627067,0,NULL,NULL
2366,22581,1490627067,0,NULL,NULL
2367,5068,1490515185,0,NULL,NULL
2367,20160,1490515185,0,NULL,NULL
2368,2011,1490431914,0,NULL,NULL
2368,19716,1490431914,0,NULL,NULL
2370,20411,1490388603,0,NULL,NULL
2370,20938,1490388603,1,NULL,NULL
2370,35537,1490388603,0,NULL,NULL
2370,20129,1490388603,-1,NULL,NULL
2370,16378,1490388603,0,NULL,NULL
2371,1436,1490386492,0,NULL,NULL
2371,5274,1490386492,0,NULL,NULL
2372,26964,1490367492,0,NULL,NULL
2372,24143,1490367492,1,NULL,NULL
2372,1647,1490367492,0,NULL,NULL
2372,13689,1490367492,1,NULL,NULL
2372,22555,1490367492,0,NULL,NULL
2376,22232,1490349154,0,NULL,NULL
2376,6506,1490349154,1,NULL,NULL
2376,26092,1490349154,0,NULL,NULL
2376,6501,1490349154,0,NULL,NULL
2376,36216,1490349154,0,NULL,NULL
2380,28444,1490279351,-1,0.0,0.0
2380,32007,1490279351,0,NULL,NULL
2380,21219,1490279351,-1,NULL,NULL
2380,37104,1490279351,-1,NULL,NULL
2380,15519,1490279351,0,NULL,NULL
2384,27240,1490266256,1,NULL,NULL
2387,6397,1490219057,1,NULL,NULL
2392,28702,1490102099,0,NULL,NULL
2392,21738,1490102099,0,NULL,NULL
2396,3927,1489754318,0,NULL,NULL
2396,22689,1489754318,1,NULL,NULL
2396,12241,1489754318,0,NULL,NULL
2396,37234,1489754318,0,0.0,0.0
2396,12413,1489754318,0,NULL,NULL
2398,6886,1489679885,1,NULL,NULL
2398,27082,1489679885,1,NULL,NULL
2398,26030,1489679885,1,NULL,NULL
2399,9068,1489676669,0,NULL,NULL
2399,4647,1489676669,0,NULL,NULL
2399,22868,1489676669,-1,NULL,NULL
2399,2142,1489676669,0,NULL,NULL
2404,34034,1489660971,0,NULL,NULL
2404,30214,1489660971,0,NULL,NULL
2409,20246,1489572803,-1,NULL,NULL
2409,11708,1489572803,-1,NULL,NULL
2412,3964,1489512578,0,NULL,NULL
2412,25749,1489512578,1,NULL,NULL
2412,11973,1489512578,1,NULL,NULL
2412,15876,1489512578,1,NULL,NULL
2412,5023,1489512578,1,NULL,NULL
2413,12587,1489512578,0,NULL,NULL
2413,5751,1484301836,1,NULL,NULL
2413,13350,1484301836,1,NULL,NULL
2413,21034,1489512578,1,NULL,NULL
2413,9835,1489512578,0,NULL,NULL
2414,21482,1489490338,0,NULL,NULL
2414,30815,1489490338,0,NULL,NULL
2414,21110,1489490338,1,NULL,NULL
2414,9414,1489498439,0,NULL,NULL
2415,6120,1489497260,0,NULL,NULL
2415,13282,1489497260,0,NULL,NULL
2415,18776,1489498298,0,NULL,NULL
2416,6241,1489495870,1,NULL,NULL
2416,20064,1489495870,0,NULL,NULL
2418,27154,1489491981,1,NULL,NULL
2419,16339,1489482243,0,NULL,NULL
2420,30698,1489481407,1,NULL,NULL
2420,36228,1489481407,0,NULL,NULL
2420,14178,1489481407,1,NULL,NULL
2421,32524,1489412218,0,NULL,NULL
2421,6809,1489412218,0,NULL,NULL
2421,4282,1489412218,0,NULL,NULL
2425,2276,1489423834,0,NULL,NULL
2425,33842,1489423834,0,NULL,NULL
2425,30217,1489423834,0,NULL,NULL
2425,5217,1489423834,0,NULL,NULL
2425,4565,1489423834,0,NULL,NULL
2426,15793,1489421046,0,0.0,0.0
2426,5492,1489421046,1,NULL,NULL
2427,22552,1489409090,1,NULL,NULL
2429,4781,1489329396,0,NULL,NULL
2429,18630,1489183654,0,NULL,NULL
2429,17407,1489324538,0,NULL,NULL
2429,9315,1489326213,0,NULL,NULL
2429,4049,1489395699,0,NULL,NULL
2433,8447,1489308902,0,NULL,NULL
2436,6481,1489158238,0,NULL,NULL
2439,10897,1489152960,0,NULL,NULL
2439,2132,1489152959,0,NULL,NULL
2439,34101,1489152960,0,NULL,NULL
2439,24370,1489152960,0,NULL,NULL
2439,1125,1489152960,0,NULL,NULL
2440,7364,1489149464,1,NULL,NULL
2440,8322,1489149464,1,NULL,NULL
2440,11016,1489149465,0,NULL,NULL
2440,9885,1489149464,1,NULL,NULL
2440,4195,1489149465,0,NULL,NULL
2442,31340,1489075728,0,NULL,NULL
2442,20411,1489075728,0,NULL,NULL
2442,4008,1489075728,0,NULL,NULL
2442,31195,1489075728,0,NULL,NULL
2442,27086,1489075728,0,NULL,NULL
2443,35429,1489067487,0,NULL,NULL
2443,36780,1489067487,0,NULL,NULL
2444,9753,1489048779,1,NULL,NULL
2444,32252,1489048779,-1,NULL,NULL
2444,23418,1489062887,0,NULL,NULL
2444,14323,1489062887,0,NULL,NULL
2446,24378,1489056071,0,NULL,NULL
2446,5494,1489056071,0,NULL,NULL
2446,5324,1489056071,0,NULL,NULL
2446,24634,1489056071,1,NULL,NULL
2446,578,1489056071,0,NULL,NULL
2453,30284,1488968031,0,NULL,NULL
2453,26923,1488968031,0,NULL,NULL
2453,23167,1488968031,0,NULL,NULL
2453,12852,1488968031,0,NULL,NULL
2453,19391,1488968031,0,NULL,NULL
2461,21320,1488877173,0,NULL,NULL
2461,5365,1488877173,0,NULL,NULL
2461,8342,1488877173,-1,NULL,NULL
2461,20436,1488877173,0,NULL,NULL
2461,33958,1488877173,0,NULL,NULL
2465,8886,1488791549,1,NULL,NULL
2465,10885,1488791549,0,NULL,NULL
2466,14118,1488790214,0,NULL,NULL
2466,12926,1488790214,1,NULL,NULL
2466,22546,1488790214,0,NULL,NULL
2468,5391,1488734694,0,NULL,NULL
2468,21378,1488734694,0,NULL,NULL
2469,27447,1488643011,-1,NULL,NULL
2469,34176,1488643011,0,NULL,NULL
2470,18030,1488628191,0,NULL,NULL
2470,1202,1488628191,0,NULL,NULL
2470,13276,1488639447,-1,NULL,NULL
2470,12197,1488628191,0,NULL,NULL
2470,2164,1488639447,-1,NULL,NULL
2473,32555,1488568581,0,NULL,NULL
2474,20508,1488567788,0,NULL,NULL
2474,19872,1488567788,0,NULL,NULL
2476,36980,1488546688,0,NULL,NULL
2476,28722,1488546688,0,NULL,NULL
2476,12348,1488546688,0,NULL,NULL
2476,16479,1488546688,0,NULL,NULL
2478,17490,1488540178,1,NULL,NULL
2480,19891,1488489426,1,NULL,NULL
2480,2145,1488489426,-1,NULL,NULL
2480,17623,1488489426,1,NULL,NULL
2480,19387,1488489426,0,NULL,NULL
2485,33785,1488458410,1,NULL,NULL
2487,31845,1488370720,1,NULL,NULL
2487,4060,1488440961,1,NULL,NULL
2488,24246,1488367249,1,NULL,NULL
2488,34135,1488370529,0,NULL,NULL
2492,17724,1488361180,0,NULL,NULL
2495,20629,1488288263,1,NULL,NULL
2495,5370,1488288263,0,NULL,NULL
2500,16791,1488200865,1,NULL,NULL
2500,12184,1488200865,-1,NULL,NULL
2500,14140,1488200865,0,NULL,NULL
2500,15899,1488200865,0,NULL,NULL
2500,11009,1488200865,0,NULL,NULL
2504,5134,1488050758,0,NULL,NULL
2504,9444,1488050758,0,NULL,NULL
2504,31729,1488050758,0,NULL,NULL
2504,14521,1488050758,0,NULL,NULL
2507,4972,1487940325,0,NULL,NULL
2509,32378,1487939460,0,NULL,NULL
2515,13935,1484820000,0,NULL,NULL
2515,9365,1484820000,0,NULL,NULL
2515,518,1484826726,0,NULL,NULL
2515,8686,1484820000,1,NULL,NULL
2515,14016,1484827734,0,NULL,NULL
2516,1796,1487840424,-1,NULL,NULL
2516,10173,1487840425,0,NULL,NULL
2516,11009,1487840425,1,NULL,NULL
2516,17435,1487840424,1,NULL,NULL
2516,7841,1487840426,0,NULL,NULL
2518,10076,1487768432,0,0.0,0.0
2518,13252,1487768432,1,NULL,NULL
2518,35501,1487768432,0,NULL,NULL
2518,2281,1487768432,1,NULL,NULL
2518,8153,1487768432,0,NULL,NULL
2520,14324,1487675832,0,NULL,NULL
2520,9436,1487675832,0,NULL,NULL
2520,26967,1487675832,0,NULL,NULL
2520,31396,1487675832,0,NULL,NULL
2520,15622,1487675832,0,NULL,NULL
2521,8507,1487755273,0,NULL,NULL
2523,7695,1487693188,0,NULL,NULL
2523,9773,1487693188,1,NULL,NULL
2524,4877,1487683072,1,NULL,NULL
2524,9246,1487683072,0,NULL,NULL
2525,14359,1487672768,0,NULL,NULL
2525,20451,1487672768,0,NULL,NULL
2525,26268,1487672768,1,NULL,NULL
2525,33433,1487672768,0,NULL,NULL
2525,35938,1487672768,0,NULL,NULL
2529,23030,1487582535,0,NULL,NULL
2529,13799,1487582535,0,NULL,NULL
2530,9250,1487581661,0,NULL,NULL
2530,6723,1487581661,1,NULL,NULL
2530,5600,1487581661,0,NULL,NULL
2532,13038,1487504836,0,NULL,NULL
2536,34380,1487350766,-1,NULL,NULL
2536,13731,1487350766,0,NULL,NULL
2536,16650,1487350766,0,NULL,NULL
2536,17918,1487350766,1,NULL,NULL
2536,20312,1487350766,-1,NULL,NULL
2537,10267,1487265022,0,NULL,NULL
2537,33670,1487265022,0,NULL,NULL
2537,27648,1487265022,1,NULL,NULL
2537,1576,1487350237,0,NULL,NULL
2537,36562,1487265022,0,NULL,NULL
2538,24695,1487341479,0,NULL,NULL
2540,12691,1487328771,1,NULL,NULL
2540,12987,1487328771,0,NULL,NULL
2547,33689,1487189655,0,NULL,NULL
2547,22566,1487189655,1,NULL,NULL
2547,13435,1487189655,0,NULL,NULL
2550,1122,1487152737,-1,NULL,NULL
2550,31771,1487153800,1,NULL,NULL
2550,15342,1487152737,1,NULL,NULL
2550,7162,1487152737,0,NULL,NULL
2550,18302,1487153800,-1,NULL,NULL
2553,28667,1487072626,0,NULL,NULL
2553,23169,1487072626,1,NULL,NULL
2553,4359,1487072626,-1,NULL,NULL
2553,37457,1487072626,0,NULL,NULL
2553,9434,1487072626,-1,NULL,NULL
2556,31254,1487002502,1,NULL,NULL
2556,8981,1487003527,0,NULL,NULL
2556,19282,1487003527,1,NULL,NULL
2559,34811,1486980059,0,NULL,NULL
2559,4286,1485776994,0,NULL,NULL
2559,32920,1485776994,0,NULL,NULL
2559,4415,1485776994,1,NULL,NULL
2559,26881,1486980059,1,NULL,NULL
2565,22690,1486722159,1,NULL,NULL
2569,12677,1486566072,0,NULL,NULL
2569,18650,1486573424,0,NULL,NULL
2571,16731,1486501673,1,NULL,NULL
2573,9329,1486488146,1,NULL,NULL
2573,4685,1486488146,1,NULL,NULL
2580,114,1486150413,1,NULL,NULL
2581,20266,1486127499,0,NULL,NULL
2591,5544,1485801271,0,NULL,NULL
2591,10420,1485801271,0,NULL,NULL
2591,35315,1485801271,0,NULL,NULL
2591,31488,1485801271,0,NULL,NULL
2591,28682,1485801271,1,NULL,NULL
2592,28282,1485795394,1,NULL,NULL
2592,19539,1485795394,1,NULL,NULL
2593,6938,1485788184,0,NULL,NULL
2593,4226,1485788354,0,NULL,NULL
2597,32524,1485521779,0,NULL,NULL
2597,6801,1485521779,0,NULL,NULL
2597,748,1485521779,0,NULL,NULL
2598,10280,1484914772,0,NULL,NULL
2598,15529,1484914772,1,NULL,NULL
2598,11745,1484914772,0,NULL,NULL
2598,12742,1485520262,0,NULL,NULL
2600,20832,1485153060,0,NULL,NULL
2601,19672,1485111959,0,NULL,NULL
2601,4493,1485111959,1,NULL,NULL
2601,17969,1485111959,0,NULL,NULL
2601,27318,1485111959,0,NULL,NULL
2601,12521,1485111959,1,NULL,NULL
2602,34301,1485109245,1,NULL,NULL
2602,16542,1485109245,0,NULL,NULL
2602,22917,1485109245,0,NULL,NULL
2603,15498,1485104803,0,NULL,NULL
2603,9670,1484644262,0,NULL,NULL
2603,27253,1485104803,0,NULL,NULL
2603,21751,1484644262,0,NULL,NULL
2603,30105,1484644262,0,0.0,0.0
2604,8682,1485093561,0,NULL,NULL
2604,14503,1485093561,0,NULL,NULL
2606,31696,1484985735,0,NULL,NULL
2606,37506,1484985735,1,NULL,NULL
2606,8525,1484985735,0,NULL,NULL
2606,5165,1484985735,1,NULL,NULL
2606,16632,1484985735,1,NULL,NULL
2607,32161,1484940891,1,NULL,NULL
2611,6753,1484853501,0,NULL,NULL
2611,9493,1484850270,0,NULL,NULL
2611,11693,1484850270,1,NULL,NULL
2611,26832,1484850270,1,NULL,NULL
2611,21864,1484850270,0,NULL,NULL
2616,9030,1484727843,0,NULL,NULL
2619,17573,1484644064,0,NULL,NULL
2620,35187,1484643417,0,NULL,NULL
2621,17149,1484639891,0,NULL,NULL
2621,35268,1484639891,0,NULL,NULL
2622,30313,1484587750,0,NULL,NULL
2622,5541,1484587750,0,NULL,NULL
2635,27326,1484203856,1,NULL,NULL
2635,14366,1484203857,0,NULL,NULL
2638,21350,1484130837,0,NULL,NULL
2638,32450,1484130837,1,NULL,NULL
2639,5133,1484062024,1,NULL,NULL
2639,12763,1484062024,0,NULL,NULL
2639,33329,1484067102,0,NULL,NULL
2641,26088,1484056643,1,NULL,NULL
2646,17535,1483962941,0,NULL,NULL
2646,29555,1483962941,0,0.0,0.0
2646,20066,1483962941,0,NULL,NULL
2646,30023,1483962941,0,NULL,NULL
2646,13244,1483962941,1,NULL,NULL
2660,17602,1482865703,1,NULL,NULL
2660,11400,1482865703,1,NULL,NULL
2660,7808,1482944457,1,NULL,NULL
2661,20432,1482922438,0,NULL,NULL
2661,23255,1482922438,0,NULL,NULL
2666,2313,1482487407,1,NULL,NULL
2666,7144,1482487407,0,NULL,NULL
2666,31058,1482487407,0,NULL,NULL
2673,21112,1482409596,1,NULL,NULL
2673,5033,1482409596,0,NULL,NULL
2673,33331,1482409596,0,NULL,NULL
2673,9312,1482409596,0,NULL,NULL
2679,34647,1482235814,0,NULL,NULL
2680,35960,1482173378,1,NULL,NULL
2680,15760,1482173378,0,NULL,NULL
2681,14047,1482171448,1,NULL,NULL
2681,35386,1482171448,-1,NULL,NULL
2681,2327,1482171448,1,NULL,NULL
2681,19595,1482171448,1,NULL,NULL
2683,18392,1482066476,1,NULL,NULL
2685,18591,1482051156,0,NULL,NULL
2685,459,1482051156,0,NULL,NULL
2685,22487,1482051156,0,NULL,NULL
2685,18644,1482051156,0,NULL,NULL
2685,23028,1482051156,0,NULL,NULL
2690,16407,1481875493,0,NULL,NULL
2690,28550,1481875493,0,NULL,NULL
2690,31410,1481875493,0,0.0,0.0
2690,21237,1481829620,0,NULL,NULL
2690,5034,1481875493,0,NULL,NULL
2692,37267,1481818243,0,NULL,NULL
2692,6125,1481818243,1,NULL,NULL
2693,19392,1481799265,0,NULL,NULL
2693,9255,1481799265,1,NULL,NULL
2693,18227,1481799265,0,NULL,NULL
2693,21085,1481799265,1,NULL,NULL
2697,28543,1481717254,0,NULL,NULL
2697,23815,1481717254,0,NULL,NULL
2697,31174,1481717254,0,NULL,NULL
2698,23888,1481712856,0,NULL,NULL
2698,14848,1481712856,0,NULL,NULL
2698,18914,1481712856,0,NULL,NULL
2698,14428,1481712856,1,NULL,NULL
2698,22238,1481712856,0,NULL,NULL
2704,13260,1481552280,0,NULL,NULL
2704,20257,1481552280,1,NULL,NULL
2704,8034,1481552280,0,NULL,NULL
2708,13786,1481533738,1,NULL,NULL
2708,18466,1481533738,1,NULL,NULL
2709,19723,1481533199,-1,NULL,NULL
2709,10769,1481533383,0,NULL,NULL
2711,33769,1481289454,0,NULL,NULL
2711,14899,1481289454,1,NULL,NULL
2711,33642,1481295471,0,NULL,NULL
2711,4657,1481289455,0,NULL,NULL
2711,5501,1481289454,0,NULL,NULL
2713,21604,1481206464,0,NULL,NULL
2722,37408,1481026358,1,NULL,NULL
2722,20488,1481026358,0,NULL,NULL
2722,31507,1481026358,0,NULL,NULL
2722,7544,1481026358,0,NULL,NULL
2722,13258,1481026358,1,NULL,NULL
2723,13402,1480882601,0,NULL,NULL
2723,13625,1480882601,0,NULL,NULL
2723,21169,1480882601,0,NULL,NULL
2723,28801,1480882601,0,NULL,NULL
2723,15756,1480882601,-1,NULL,NULL
2725,15819,1480858365,1,NULL,NULL
2728,18419,1480447219,0,NULL,NULL
2728,5673,1480447219,0,NULL,NULL
2728,2054,1480447219,1,NULL,NULL
2728,13811,1480447219,1,NULL,NULL
2728,19708,1480447219,0,NULL,NULL
2731,16963,1480576905,0,NULL,NULL
2731,16942,1480576905,0,NULL,NULL
2731,24141,1480576905,1,NULL,NULL
2731,21864,1480576905,1,NULL,NULL
2731,8558,1480576905,0,NULL,NULL
2734,15110,1479722138,0,NULL,NULL
2734,5046,1479722138,-1,NULL,NULL
2734,15632,1480409824,0,NULL,NULL
2734,21814,1480409824,1,NULL,NULL
2734,26026,1479722138,1,NULL,NULL
2735,20572,1480332421,0,NULL,NULL
2735,18975,1480332421,0,NULL,NULL
2735,33202,1480331104,0,NULL,NULL
2735,11753,1480331104,0,NULL,NULL
2735,28417,1480332252,0,NULL,NULL
2744,7104,1479927192,0,NULL,NULL
2746,1437,1479916286,0,NULL,NULL
2746,26672,1479916286,0,NULL,NULL
2746,17106,1479916286,0,NULL,NULL
2746,24202,1479916286,0,NULL,NULL
2746,8919,1479916286,0,NULL,NULL
2752,12406,1479806518,1,NULL,NULL
2752,20455,1479806518,1,NULL,NULL
2752,19136,1479806518,1,NULL,NULL
2752,27641,1479806518,0,NULL,NULL
2756,16320,1479246576,0,NULL,NULL
2756,8505,1479246576,0,NULL,NULL
2756,16365,1479724552,0,NULL,NULL
2756,22863,1479724552,0,NULL,NULL
2760,13898,1479312032,1,NULL,NULL
2760,18778,1479312032,-1,NULL,NULL
2760,24739,1479312032,0,NULL,NULL
2760,32403,1479312032,0,NULL,NULL
2760,28077,1479312032,1,NULL,NULL
2761,9895,1479305187,0,NULL,NULL
2761,19853,1479305187,1,NULL,NULL
2761,10526,1479305187,0,NULL,NULL
2761,35519,1479305187,0,NULL,NULL
2761,27613,1479305187,0,NULL,NULL
2765,24120,1479177859,0,NULL,NULL
2768,30269,1478871240,1,NULL,NULL
2768,27320,1478871240,1,NULL,NULL
2774,1377,1478681274,0,NULL,NULL
2774,6393,1478681274,0,NULL,NULL
2774,31591,1478681274,1,NULL,NULL
2776,22644,1478609418,-1,NULL,NULL
2776,34256,1478609418,-1,NULL,NULL
2776,11751,1478609745,1,NULL,NULL
2778,34165,1478558691,1,NULL,NULL
2779,16211,1478551173,1,NULL,NULL
2779,22349,1478531118,0,NULL,NULL
2779,18603,1478524969,-1,NULL,NULL
2779,34186,1478524969,0,NULL,NULL
2779,9931,1478524969,0,NULL,NULL
2781,2183,1478545926,1,NULL,NULL
2781,31024,1478545926,1,NULL,NULL
2781,20362,1478545926,-1,NULL,NULL
2782,5845,1478511533,0,NULL,NULL
2782,21141,1478511533,1,NULL,NULL
2783,31396,1478511369,0,NULL,NULL
2783,20856,1478511369,1,NULL,NULL
2785,29793,1478332141,0,NULL,NULL
2785,10726,1478332141,-1,NULL,NULL
2785,9840,1478332141,-1,NULL,NULL
2785,24251,1478332141,-1,NULL,NULL
2785,30290,1478332141,0,NULL,NULL
2787,5585,1478277891,0,NULL,NULL
2787,8883,1478277891,0,NULL,NULL
2790,23106,1478271959,1,NULL,NULL
2795,18383,1478016532,1,NULL,NULL
2795,22381,1478016532,0,NULL,NULL
2798,10983,1477999499,1,NULL,NULL
2800,20578,1477771507,1,NULL,NULL
2803,15735,1477760129,0,NULL,NULL
2803,26956,1477760129,0,NULL,NULL
2806,24658,1477644567,0,NULL,NULL
2806,25001,1477644567,0,NULL,NULL
2806,26975,1477644567,0,NULL,NULL
2806,32229,1477644567,0,NULL,NULL
2806,1474,1477644567,0,NULL,NULL
2807,28561,1477640340,1,NULL,NULL
2807,1391,1477640340,1,NULL,NULL
2814,7162,1477462758,0,NULL,NULL
2814,9052,1477462758,0,NULL,NULL
2814,36525,1477462758,0,NULL,NULL
2814,30895,1477462758,0,NULL,NULL
2814,12408,1477462758,0,0.0,0.0
2815,1980,1477323100,1,NULL,NULL
2815,26626,1477378502,0,NULL,NULL
2818,5022,1477059690,0,NULL,NULL
2818,9556,1477059690,0,NULL,NULL
2819,6404,1477045140,0,NULL,NULL
2819,15247,1477045140,0,NULL,NULL
2825,19158,1476875479,0,NULL,NULL
2825,18889,1476875479,0,NULL,NULL
2825,5206,1476875479,0,NULL,NULL
2825,16466,1476875479,0,NULL,NULL
2825,19809,1476875479,0,NULL,NULL
2826,16015,1476863370,0,NULL,NULL
2826,8544,1476863370,0,NULL,NULL
2826,8786,1476863370,0,NULL,NULL
2827,14944,1476863151,0,NULL,NULL
2828,28770,1476797752,1,NULL,NULL
2828,27967,1476797752,0,NULL,NULL
2828,307,1476797752,1,NULL,NULL
2828,23245,1476797752,-1,NULL,NULL
2828,6888,1476797752,1,NULL,NULL
2829,24272,1476778119,1,NULL,NULL
2829,10651,1476778119,-1,NULL,NULL
2830,5288,1476702689,0,NULL,NULL
2830,28431,1476702688,0,NULL,NULL
2830,13569,1476702689,0,NULL,NULL
2830,6994,1476702688,0,NULL,NULL
2830,37068,1476702688,0,NULL,NULL
2831,27320,1476702346,0,NULL,NULL
2831,31067,1476697624,0,NULL,NULL
2831,19773,1476454285,0,NULL,NULL
2831,1925,1476454285,0,NULL,NULL
2831,12533,1476697624,0,NULL,NULL
2836,36968,1476430395,0,NULL,NULL
2836,367,1476430402,0,NULL,NULL
2836,21690,1476430402,0,NULL,NULL
2836,12127,1476430414,0,NULL,NULL
2836,16310,1476430389,1,NULL,NULL
2842,5367,1475721704,1,NULL,NULL
2842,26566,1475997188,1,NULL,NULL
2843,9329,1475890337,1,NULL,NULL
2843,7402,1475890337,0,NULL,NULL
2843,13896,1475890337,0,NULL,NULL
2844,6693,1475847630,1,NULL,NULL
2848,6415,1475581841,0,NULL,NULL
2849,23585,1475236121,-1,NULL,NULL
2851,9177,1470127673,0,NULL,NULL
2851,28154,1474401030,0,NULL,NULL
2851,27374,1474401030,0,NULL,NULL
2851,26403,1474381823,1,NULL,NULL
2851,9787,1470127673,0,NULL,NULL
2858,22479,1474921177,1,NULL,NULL
2858,6854,1474921177,1,NULL,NULL
2860,662,1474456776,1,NULL,NULL
2860,32382,1474457926,0,NULL,NULL
2861,37001,1474456231,0,NULL,NULL
2861,36367,1474456231,0,NULL,NULL
2861,10085,1474456231,1,NULL,NULL
2861,35053,1474456231,0,NULL,NULL
2861,29572,1474456231,-1,NULL,NULL
2864,31197,1474187231,1,NULL,NULL
2864,10308,1474187231,1,NULL,NULL
2869,2571,1473929533,0,NULL,NULL
2869,31888,1473929534,1,NULL,NULL
2869,19379,1473929533,0,NULL,NULL
2869,4178,1473929533,0,NULL,NULL
2869,26167,1473929533,0,NULL,NULL
2872,24348,1473841373,0,NULL,NULL
2872,24832,1473841373,0,-1.0,-1.0
2872,13101,1473841373,0,NULL,NULL
2872,12241,1473841373,0,NULL,NULL
2872,8402,1473841373,0,NULL,NULL
2874,18940,1473576636,1,NULL,NULL
2875,20838,1473576208,0,NULL,NULL
2875,7810,1473576208,1,NULL,NULL
2880,27492,1473342911,0,NULL,NULL
2880,23264,1473342911,0,NULL,NULL
2881,28806,1473320178,1,NULL,NULL
2881,14053,1473320192,0,NULL,NULL
2888,32805,1473151700,1,NULL,NULL
2888,22274,1473151700,1,NULL,NULL
2889,5442,1472223211,0,NULL,NULL
2889,6558,1472223211,-1,NULL,NULL
2889,1487,1472223211,0,NULL,NULL
2889,618,1473085573,0,NULL,NULL
2889,4930,1472223211,1,NULL,NULL
2890,22754,1473104288,0,NULL,NULL
2890,2103,1473104288,1,NULL,NULL
2890,8997,1473139850,1,NULL,NULL
2892,13680,1473083964,0,NULL,NULL
2895,10181,1473060504,1,NULL,NULL
2896,27414,1472983704,1,NULL,NULL
2896,1356,1472981820,0,NULL,NULL
2896,22561,1472981820,-1,NULL,NULL
2896,31572,1472981820,1,NULL,NULL
2896,31708,1472981820,0,NULL,NULL
2897,24860,1472113242,1,NULL,NULL
2897,22914,1472535206,0,NULL,NULL
2897,22731,1472113242,1,NULL,NULL
2897,13937,1472535176,1,NULL,NULL
2897,33651,1472535176,0,NULL,NULL
2901,27887,1472651370,0,NULL,NULL
2901,14443,1472651370,0,NULL,NULL
2901,6462,1472651370,1,NULL,NULL
2901,34532,1472651370,0,NULL,NULL
2901,27068,1472651370,0,NULL,NULL
2904,12168,1472287216,0,NULL,NULL
2905,24825,1472220379,0,NULL,NULL
2905,37489,1472220379,1,NULL,NULL
2905,18709,1472220379,0,NULL,NULL
2906,31728,1472212048,-1,NULL,NULL
2906,18683,1390915207,-1,NULL,NULL
2906,15122,1391502971,-1,NULL,NULL
2906,8948,1390915207,-1,NULL,NULL
2906,90,1390915207,-1,NULL,NULL
2909,35379,1439194111,1,0.0,0.0
2909,31209,1439194111,1,NULL,NULL
2909,509,1439194111,1,NULL,NULL
2909,5027,1439194111,0,NULL,NULL
2909,27692,1439194111,0,NULL,NULL
2910,35983,1288256049,0,NULL,NULL
2910,6699,1472209582,-1,NULL,NULL
2911,35121,1472203598,0,NULL,NULL
2911,22094,1472203598,0,NULL,NULL
2911,8827,1472203631,0,NULL,NULL
2914,4749,1471968231,0,NULL,NULL
2916,14161,1471881865,0,NULL,NULL
2919,6126,1471859350,-1,NULL,NULL
2919,22808,1464269193,1,NULL,NULL
2919,4211,1464269193,0,NULL,NULL
2919,28588,1471859350,0,NULL,NULL
2919,20635,1471859350,0,NULL,NULL
2920,445,1471773057,-1,0.0,NULL
2925,22467,1471375366,0,NULL,NULL
2925,35429,1471375366,1,NULL,NULL
2926,16264,1471357332,1,NULL,NULL
2927,8415,1471354990,1,NULL,NULL
2927,20145,1471354990,1,NULL,NULL
2927,143,1471354990,0,NULL,NULL
2928,13721,1471349273,0,NULL,NULL
2928,24460,1471349273,0,NULL,NULL
2928,8671,1471349273,0,NULL,NULL
2930,32449,1471250282,1,NULL,NULL
2930,16668,1471330668,0,NULL,NULL
2932,28477,1470984562,0,NULL,NULL
2932,12255,1470984562,1,NULL,NULL
2932,18470,1470984562,0,NULL,NULL
2934,30688,1470909941,1,NULL,NULL
2934,24237,1470912419,0,NULL,NULL
2934,7426,1470920013,1,NULL,NULL
2934,14146,1470920013,0,NULL,NULL
2934,7961,1470913480,1,NULL,NULL
2936,2292,1470905874,0,NULL,NULL
2936,16099,1470905874,1,NULL,NULL
2936,19359,1470905874,0,NULL,NULL
2936,14205,1470906589,0,NULL,NULL
2938,329,1470842794,0,NULL,NULL
2938,20881,1470842794,0,NULL,NULL
2938,34542,1470842794,0,NULL,NULL
2938,19599,1470842794,0,NULL,NULL
2938,8801,1470842794,-1,NULL,NULL
2941,20727,1470759803,1,NULL,NULL
2941,17312,1470818751,0,NULL,NULL
2946,20067,1470377384,1,NULL,NULL
2946,9195,1469707726,0,NULL,NULL
2946,17059,1470377384,-1,NULL,NULL
2946,15792,1470377384,0,NULL,NULL
2946,21257,1470377384,1,NULL,NULL
2947,13288,1470376397,1,NULL,NULL
2947,18329,1470376397,1,NULL,NULL
2949,2357,1469800666,1,NULL,NULL
2949,30132,1470237510,1,NULL,NULL
2949,14260,1470237510,1,NULL,NULL
2949,7496,1470237510,-1,NULL,NULL
2952,17516,1470140271,0,NULL,NULL
2952,6881,1470140271,1,NULL,NULL
2952,5998,1470142377,0,NULL,NULL
2952,36527,1470142377,-1,NULL,NULL
2954,32534,1470120251,0,NULL,NULL
2954,1690,1470120493,0,NULL,NULL
2957,30108,1470048798,1,NULL,NULL
2957,8990,1470048798,1,NULL,NULL
2960,7872,1469952148,0,NULL,NULL
2960,4644,1469952148,1,NULL,NULL
2960,37114,1469952148,0,NULL,NULL
2960,20798,1469952148,0,NULL,NULL
2960,26213,1469952148,0,NULL,NULL
2964,28252,1469777135,1,NULL,NULL
2964,31438,1469777135,0,NULL,NULL
2964,30672,1469777252,0,NULL,NULL
2965,20523,1469773139,1,NULL,NULL
2965,36998,1469773139,1,NULL,NULL
2969,34402,1469531980,1,NULL,NULL
2969,1879,1469531980,0,NULL,NULL
2969,5294,1469531980,0,NULL,NULL
2970,17849,1469531003,1,NULL,NULL
2973,24654,1469450013,0,NULL,NULL
2973,12266,1469450013,-1,NULL,NULL
2974,13650,1469447858,0,NULL,NULL
2974,14904,1469447858,1,NULL,NULL
2974,37506,1469447858,-1,NULL,NULL
2974,17287,1469447858,1,NULL,NULL
2976,22998,1469431738,0,NULL,NULL
2981,26583,1469102579,0,NULL,NULL
2981,6016,1469102579,1,NULL,NULL
2982,30660,1469094460,0,NULL,NULL
2982,12411,1469094460,0,NULL,NULL
2982,7483,1469094460,0,NULL,NULL
2982,10425,1469094460,0,NULL,NULL
2982,13226,1469094460,0,NULL,NULL
2984,4337,1469094460,1,NULL,NULL
2985,2276,1469094460,0,NULL,NULL
2985,26557,1469094460,1,NULL,NULL
2985,7488,1469094460,0,NULL,NULL
2985,3919,1469094460,1,NULL,NULL
2985,28427,1469094460,1,NULL,NULL
2986,12475,1469094460,0,NULL,NULL
2987,276,1469093465,0,NULL,NULL
2987,6412,1469093465,0,NULL,NULL
2987,12060,1469093465,0,NULL,NULL
2987,19084,1469093465,0,NULL,NULL
2987,5976,1469093465,0,NULL,NULL
2989,18762,1469084006,0,NULL,NULL
2989,1845,1469084006,0,NULL,NULL
2993,9678,1468923824,0,NULL,NULL
2993,18128,1468923824,1,NULL,NULL
2993,8043,1468923824,0,NULL,NULL
2993,30269,1468923824,0,NULL,NULL
2993,15808,1468923824,0,NULL,NULL
2995,16308,1438701972,1,NULL,NULL
2995,35046,1438701972,1,NULL,NULL
2995,27259,1438790398,-1,NULL,NULL
2995,13957,1468703932,0,NULL,NULL
2996,6073,1468654554,-1,NULL,NULL
2997,21255,1468565967,0,NULL,NULL
2997,9458,1468565967,0,NULL,NULL
2997,4687,1468565967,0,NULL,NULL
2997,30696,1468595067,1,NULL,NULL
2998,1261,1468588848,-1,NULL,NULL
2999,37423,1468572869,0,NULL,NULL
3000,5366,1468567279,0,NULL,NULL
3001,9012,1468565494,0,NULL,NULL
3001,14450,1468565494,0,NULL,NULL
3002,30332,1468486003,1,0.0,0.0
3002,36402,1468486003,0,NULL,NULL
3002,10668,1468486003,0,NULL,NULL
3004,27529,1468466219,0,NULL,NULL
3004,22965,1468466219,0,NULL,NULL
3004,37606,1468466219,0,NULL,NULL
3006,25803,1468313400,0,NULL,NULL
3008,25818,1467967948,1,NULL,NULL
3008,26724,1467967948,1,NULL,NULL
3008,27017,1467967949,0,NULL,NULL
3010,10427,1467882026,0,NULL,NULL
3010,8297,1467882026,-1,NULL,NULL
3010,9387,1467882026,0,NULL,NULL
3012,8221,1467628831,1,NULL,NULL
3012,27841,1467628831,0,NULL,NULL
3012,10606,1467628831,0,NULL,NULL
3012,22910,1467628831,0,NULL,NULL
3012,20212,1467628831,0,NULL,NULL
3013,16430,1467813364,0,NULL,NULL
3020,25009,1467637845,0,NULL,NULL
3021,7263,1467635057,0,NULL,NULL
3021,102,1467635057,1,NULL,NULL
3021,17981,1467635057,0,NULL,NULL
3024,31374,1467414446,1,NULL,NULL
3024,23435,1467414446,0,NULL,NULL
3024,26934,1467414446,0,NULL,NULL
3024,4632,1467416217,1,NULL,NULL
3025,12146,1467235553,1,NULL,NULL
3025,4491,1467370955,0,NULL,NULL
3025,18701,1467414076,1,NULL,NULL
3028,35800,1467375726,1,NULL,NULL
3028,1141,1467375726,0,NULL,NULL
3034,32781,1467138250,1,NULL,NULL
3034,15221,1467138250,0,NULL,NULL
3034,12984,1467138250,1,NULL,NULL
3034,23232,1467138250,0,0.0,0.0
3043,32547,1466623814,0,NULL,NULL
3043,16986,1466623814,0,NULL,NULL
3043,10042,1466623814,1,NULL,NULL
3043,23936,1466623814,-1,NULL,NULL
3044,13795,1466174834,0,NULL,NULL
3044,15935,1466598818,0,NULL,NULL
3044,13445,1466174834,0,NULL,NULL
3044,19712,1466598818,0,NULL,NULL
3044,17716,1466262691,0,NULL,NULL
3049,3887,1466491661,0,NULL,NULL
3049,20785,1466491661,0,NULL,NULL
3049,4008,1466491661,1,NULL,NULL
3049,17584,1466491661,0,NULL,NULL
3049,14827,1466491661,0,NULL,NULL
3050,1368,1466491462,0,NULL,NULL
3050,12499,1466491462,0,NULL,NULL
3053,14057,1466271354,0,NULL,NULL
3053,31034,1466202921,0,NULL,NULL
3053,10518,1466271354,0,0.0,0.0
3053,14084,1466271354,0,NULL,NULL
3053,33250,1466271354,1,NULL,NULL
3055,23820,1466154215,0,NULL,NULL
3055,22517,1466154215,0,NULL,NULL
3055,1646,1466154215,0,NULL,NULL
3055,17551,1466154215,0,NULL,NULL
3055,34667,1466154215,0,NULL,NULL
3056,8183,1466149355,1,NULL,NULL
3056,7302,1466149355,1,NULL,NULL
3057,4345,1466097275,1,NULL,NULL
3057,21735,1466097817,0,NULL,NULL
3058,34189,1465995244,0,NULL,NULL
3059,9483,1465978890,1,NULL,NULL
3060,20501,1465908107,1,NULL,NULL
3064,8030,1465741611,0,NULL,NULL
3065,9810,1465734106,0,NULL,NULL
3065,31678,1465734106,1,NULL,NULL
3065,7497,1465734106,0,NULL,NULL
3065,5253,1465734106,0,NULL,NULL
3067,17579,1465721229,1,NULL,NULL
3069,27196,1465565863,0,NULL,NULL
3069,15114,1465565863,0,NULL,NULL
3069,30733,1465631873,1,0.0,0.0
3069,6436,1465565863,0,NULL,NULL
3069,16621,1465565863,0,NULL,NULL
3071,2244,1465563177,0,NULL,NULL
3071,37058,1465563177,1,NULL,NULL
3071,7045,1465564623,0,NULL,NULL
3074,4809,1465539659,-1,NULL,NULL
3074,32781,1465539659,-1,NULL,NULL
3078,21187,1465380965,1,NULL,NULL
3078,10911,1465380965,1,NULL,NULL
3080,18374,1465309843,0,NULL,NULL
3080,26669,1465309843,0,NULL,NULL
3080,6372,1465309843,0,NULL,NULL
3080,1423,1465309843,0,NULL,NULL
3080,35855,1465309843,-1,NULL,NULL
3083,2302,1465309843,0,NULL,NULL
3083,37644,1465309843,0,NULL,NULL
3083,36584,1465309843,-1,NULL,NULL
3083,25851,1465309843,0,NULL,NULL
3083,5696,1465309843,0,NULL,NULL
3087,27196,1464958529,0,NULL,NULL
3089,18443,1464943494,0,NULL,NULL
3091,16287,1464940597,0,NULL,NULL
3091,14125,1464940620,-1,NULL,NULL
3091,21203,1464940620,0,NULL,NULL
3091,12925,1464940597,-1,NULL,NULL
3091,28181,1464940620,0,NULL,NULL
3097,12647,1464679047,-1,NULL,NULL
3097,34941,1464679047,-1,NULL,NULL
3097,27712,1464679047,-1,0.0,0.0
3097,6560,1464679047,-1,NULL,NULL
3097,32558,1464679047,-1,NULL,NULL
3098,37528,1464675240,0,NULL,NULL
3100,33342,1464554975,0,NULL,NULL
3100,29859,1464422027,0,NULL,NULL
3100,24187,1464422027,-1,NULL,NULL
3100,15556,1464422027,-1,NULL,NULL
3100,27402,1464422027,0,NULL,NULL
3104,1875,1464281555,0,0.0,0.0
3104,18371,1464281555,-1,NULL,NULL
3105,8262,1464231493,1,NULL,NULL
3108,20516,1464163192,0,NULL,NULL
3108,23929,1464163192,-1,NULL,NULL
3108,31941,1423731370,0,NULL,NULL
3108,33716,1423731370,0,NULL,NULL
3108,35597,1423731370,0,NULL,NULL
3109,19566,1464093534,0,NULL,NULL
3109,28306,1464093534,0,NULL,NULL
3109,10238,1464093534,0,NULL,NULL
3109,23270,1464093534,-1,NULL,NULL
3109,21396,1464093534,0,NULL,NULL
3111,33488,1464083383,0,NULL,NULL
3111,12238,1464083383,0,NULL,NULL
3111,33684,1464083383,0,NULL,NULL
3111,30718,1464083383,0,NULL,NULL
3111,28215,1464083383,0,NULL,NULL
3114,11853,1464027043,1,NULL,NULL
3118,21791,1463943550,1,NULL,NULL
3118,4633,1463943550,1,NULL,NULL
3118,8914,1463943550,-1,NULL,NULL
3118,1974,1463943550,1,NULL,NULL
3120,27833,1463837702,-1,NULL,NULL
3120,31665,1463837702,0,NULL,NULL
3120,12847,1463837702,1,NULL,NULL
3120,15983,1463837702,1,NULL,NULL
3122,5392,1463826092,1,NULL,NULL
3123,25930,1463819765,0,NULL,NULL
3123,4122,1463819765,0,NULL,NULL
3123,6412,1463819765,0,NULL,NULL
3123,30790,1463819765,0,NULL,NULL
3123,34357,1463819765,0,NULL,NULL
3127,21577,1463640410,1,NULL,NULL
3131,20607,1463151573,1,NULL,NULL
3131,15752,1463151573,1,NULL,NULL
3131,30131,1463151573,1,NULL,NULL
3132,32109,1463127552,1,NULL,NULL
3132,9040,1463127552,0,NULL,NULL
3132,1945,1463127552,1,NULL,NULL
3132,12172,1463127552,0,NULL,NULL
3132,8402,1463127552,0,NULL,NULL
3134,6232,1463054134,1,NULL,NULL
3135,14318,1462957765,0,NULL,NULL
3135,33282,1462957765,0,NULL,NULL
3135,28762,1463041894,0,NULL,NULL
3137,7821,1463001299,0,NULL,NULL
3137,17994,1463001299,1,NULL,NULL
3138,14074,1463000558,1,NULL,NULL
3141,2220,1462793702,-1,NULL,NULL
3141,12611,1462793702,0,NULL,NULL
3141,19491,1462793702,1,NULL,NULL
3141,26864,1462794002,0,NULL,NULL
3143,24967,1462625699,0,NULL,NULL
3143,28228,1462625699,0,NULL,NULL
3143,19809,1462625699,0,NULL,NULL
3143,10907,1462641290,0,NULL,NULL
3143,8371,1462613559,0,NULL,NULL
3145,22243,1462551443,1,NULL,NULL
3145,2005,1462551443,-1,NULL,NULL
3148,10846,1462524819,1,NULL,NULL
3148,33325,1462524819,1,NULL,NULL
3148,16614,1462524819,1,NULL,NULL
3148,14022,1462524819,-1,NULL,NULL
3148,27914,1462524819,0,NULL,NULL
3150,17031,1462459967,0,NULL,NULL
3150,20412,1462297794,0,NULL,NULL
3150,10301,1462297794,0,NULL,NULL
3150,25020,1462297794,0,NULL,NULL
3150,5727,1462297794,0,NULL,NULL
3151,431,1462459700,0,NULL,NULL
3152,14066,1462436281,0,NULL,NULL
3153,27147,1462366561,0,NULL,NULL
3153,7373,1462366561,0,NULL,NULL
3157,5655,1462281924,0,NULL,NULL
3157,22446,1462281924,1,NULL,NULL
3158,23131,1462267335,1,NULL,NULL
3158,5837,1462267335,0,NULL,NULL
3160,37305,1462266584,1,NULL,NULL
3161,9797,1462257427,0,NULL,NULL
3161,3050,1462257427,0,NULL,NULL
3161,37242,1462258251,1,NULL,NULL
3161,25938,1462258251,0,NULL,NULL
3161,16299,1462257427,1,NULL,NULL
3162,10771,1462195489,1,NULL,NULL
3163,32546,1462172870,0,NULL,NULL
3164,16210,1462116676,0,NULL,NULL
3164,12216,1462116676,0,NULL,NULL
3165,28487,1315209088,0,NULL,NULL
3165,3990,1315209088,0,NULL,NULL
3165,8830,1315209088,0,NULL,NULL
3165,4678,1315209088,0,NULL,NULL
3165,21029,1315209088,-1,NULL,NULL
3166,28003,1462006104,1,NULL,NULL
3166,18663,1462083033,0,NULL,NULL
3166,26495,1462006104,0,NULL,NULL
3166,19408,1462007940,1,NULL,NULL
3166,30981,1462006104,1,NULL,NULL
3169,18717,1461854716,0,NULL,NULL
3169,20567,1461854716,0,NULL,NULL
3169,22768,1461854716,1,NULL,NULL
3169,7227,1461854716,0,NULL,NULL
3169,36165,1461934099,0,NULL,NULL
3172,26204,1461919896,0,NULL,NULL
3173,36680,1461912526,0,NULL,NULL
3173,9139,1461912526,-1,NULL,NULL
3176,33735,1461851621,0,NULL,NULL
3176,35983,1461851621,0,NULL,NULL
3176,16040,1461851621,0,NULL,NULL
3176,33728,1461851621,0,NULL,NULL
3176,3987,1461851621,0,NULL,NULL
3178,8402,1461846530,0,NULL,NULL
3182,7103,1461827144,0,NULL,NULL
3182,32043,1461827144,-1,0.0,0.0
3191,21119,1461737949,1,NULL,NULL
3192,22903,1461690792,0,NULL,NULL
3196,18965,1461490514,0,NULL,NULL
3196,26560,1461490514,0,NULL,NULL
3196,26685,1461490514,1,NULL,NULL
3196,21455,1461488828,1,NULL,NULL
3196,22841,1461488828,1,NULL,NULL
3199,13765,1461406481,0,NULL,NULL
3199,23497,1461406481,0,NULL,NULL
3200,9521,1461401301,1,NULL,NULL
3200,26082,1461086827,-1,0.0,0.0
3200,7809,1461082605,0,NULL,NULL
3200,15174,1461082605,0,NULL,NULL
3200,7489,1461082605,0,NULL,NULL
3206,27448,1461303885,0,NULL,NULL
3206,28625,1461303885,1,NULL,NULL
3206,30055,1461303885,0,NULL,NULL
3206,33331,1461303885,0,NULL,NULL
3206,7874,1461303885,0,NULL,NULL
3208,22213,1461271730,1,NULL,NULL
3208,1291,1461271730,1,NULL,NULL
3208,10811,1461271730,1,NULL,NULL
3211,22592,1461244720,0,NULL,NULL
3211,20240,1461244720,1,NULL,NULL
3211,8008,1461244720,-1,NULL,NULL
3211,13028,1461244720,1,NULL,NULL
3211,6416,1461244720,0,NULL,NULL
3214,13957,1461132411,-1,NULL,NULL
3214,23584,1461132411,0,NULL,NULL
3215,31359,1460966546,0,NULL,NULL
3215,28675,1460966546,0,NULL,NULL
3215,12604,1460966546,0,NULL,NULL
3215,11732,1460966546,0,NULL,NULL
3215,14165,1460966546,1,NULL,NULL
3217,13853,1460748758,0,NULL,NULL
3217,36402,1460748759,0,NULL,NULL
3219,22551,1460724619,-1,NULL,NULL
3219,30661,1460724619,0,NULL,NULL
3225,34416,1460612302,1,NULL,NULL
3227,33742,1460539552,1,NULL,NULL
3227,32993,1460539552,1,NULL,NULL
3227,2173,1460540099,0,NULL,NULL
3227,34682,1460540099,0,NULL,NULL
3229,6923,1460461775,1,NULL,NULL
3230,31213,1459781851,0,NULL,NULL
3230,31053,1460454834,0,NULL,NULL
3230,13247,1460454834,1,NULL,NULL
3230,6279,1460454834,-1,NULL,NULL
3231,11139,1460442064,0,NULL,NULL
3231,7093,1460440776,0,NULL,NULL
3231,25959,1460442064,0,0.0,0.0
3231,23026,1460442064,0,NULL,NULL
3231,2336,1460442064,0,NULL,NULL
3233,2364,1460358428,0,NULL,NULL
3235,27713,1460298039,1,NULL,NULL
3237,8853,1460014780,1,NULL,NULL
3237,7627,1460014780,0,NULL,NULL
3237,34344,1460014780,1,NULL,NULL
3237,24415,1460014780,-1,NULL,NULL
3237,31837,1460014780,1,NULL,NULL
3241,36307,1460131493,0,0.0,0.0
3241,23145,1460131493,0,NULL,NULL
3241,9503,1460184079,0,NULL,NULL
3241,2150,1460184079,0,NULL,NULL
3241,17483,1460184079,0,NULL,NULL
3248,20765,1460027071,0,NULL,NULL
3251,31228,1460017615,1,NULL,NULL
3251,19098,1460017615,0,NULL,NULL
3252,32096,1460017003,0,NULL,NULL
3253,9333,1460014780,1,NULL,NULL
3254,4042,1459934866,0,NULL,NULL
3259,16932,1459847055,0,NULL,NULL
3260,23957,1459775795,0,NULL,NULL
3260,26022,1459775795,0,NULL,NULL
3260,35048,1459775795,1,NULL,NULL
3260,1546,1459775795,1,NULL,NULL
3273,23908,1459531600,0,NULL,NULL
3274,5615,1459329148,-1,NULL,NULL
3274,12253,1459255314,0,NULL,NULL
3274,26529,1459511728,0,NULL,NULL
3274,8844,1459511728,0,NULL,NULL
3274,11995,1459266763,1,NULL,NULL
3275,8695,1459423725,0,NULL,NULL
3275,18070,1459413459,1,NULL,NULL
3275,24321,1459423725,0,NULL,NULL
3275,21260,1459413459,0,NULL,NULL
3275,17078,1459413459,1,NULL,NULL
3276,20683,1459418923,1,NULL,NULL
3276,30309,1459418923,1,NULL,NULL
3277,4286,1459352124,0,NULL,NULL
3277,26856,1459352124,0,NULL,NULL
3277,17441,1459352124,0,NULL,NULL
3277,11004,1459403610,0,NULL,NULL
3277,27478,1459403610,0,NULL,NULL
3280,16930,1459359946,1,NULL,NULL
3280,12299,1459359946,0,NULL,NULL
3281,32378,1459344928,-1,NULL,NULL
3282,23168,1459342589,0,NULL,NULL
3282,27957,1459342589,1,NULL,NULL
3283,26155,1459325398,-1,NULL,NULL
3283,5121,1459325398,0,NULL,NULL
3284,32647,1459164420,0,NULL,NULL
3284,8362,1459164420,1,NULL,NULL
3285,24956,1459070474,1,NULL,NULL
3285,35450,1459094706,0,NULL,NULL
3285,13854,1459095645,0,NULL,NULL
3285,24889,1459075609,1,NULL,NULL
3285,13313,1459095645,0,NULL,NULL
3288,13233,1458923236,-1,NULL,NULL
3288,10997,1458923236,-1,NULL,NULL
3289,4218,1458890275,0,NULL,NULL
3289,28342,1458890275,0,NULL,NULL
3291,28555,1458814726,0,NULL,NULL
3292,23516,1458812538,0,NULL,NULL
3292,37049,1458812538,0,NULL,NULL
3292,16518,1458812538,0,NULL,NULL
3293,36239,1458729752,0,NULL,NULL
3293,27791,1458798899,0,NULL,NULL
3293,35939,1458798899,0,NULL,NULL
3293,9629,1458729752,0,NULL,NULL
3293,36832,1458798899,0,NULL,NULL
3295,7885,1458723307,1,NULL,NULL
3295,26205,1458723307,-1,NULL,NULL
3295,24549,1458723307,-1,NULL,NULL
3295,11105,1458723307,0,NULL,NULL
3295,27874,1458723307,1,NULL,NULL
3297,6135,1458660774,-1,NULL,NULL
3297,7968,1458660774,1,NULL,NULL
3297,22572,1458660774,0,NULL,NULL
3297,35832,1458660774,0,NULL,NULL
3299,4732,1458652682,0,NULL,NULL
3299,33008,1450591546,0,NULL,NULL
3299,14267,1458652682,0,NULL,NULL
3299,34174,1450591546,0,NULL,NULL
3299,8529,1450594544,0,NULL,NULL
3301,145,1458648494,0,NULL,NULL
3304,33785,1458595841,0,NULL,NULL
3304,25972,1458563447,1,0.0,NULL
3304,13326,1458563447,1,NULL,NULL
3304,10860,1458563447,0,NULL,NULL
3304,1657,1458563447,1,NULL,NULL
3305,13711,1458575756,1,NULL,NULL
3305,12532,1458576020,1,NULL,NULL
3306,31453,1458548517,0,NULL,NULL
3306,18652,1458548517,-1,NULL,NULL
3306,10608,1458548517,0,NULL,NULL
3306,2893,1458548517,0,NULL,NULL
3306,13121,1458548517,0,NULL,NULL
3309,17144,1458228286,0,NULL,NULL
3312,26838,1455955824,1,NULL,NULL
3312,19656,1458200479,1,NULL,NULL
3312,22140,1458200479,1,NULL,NULL
3312,19256,1458200479,0,NULL,NULL
3313,30386,1458118632,1,0.0,NULL
3315,26976,1458114780,0,NULL,NULL
3315,16357,1458114780,1,NULL,NULL
3316,26201,1458071281,1,NULL,NULL
3316,4564,1458112547,0,NULL,NULL
3319,20737,1457979795,-1,NULL,NULL
3323,13294,1457683447,0,NULL,NULL
3323,20104,1457683447,1,NULL,NULL
3323,26111,1457683447,1,NULL,NULL
3323,32425,1457763659,0,NULL,NULL
3324,16115,1457701916,0,NULL,NULL
3324,11415,1457701916,1,NULL,NULL
3328,19139,1457626203,0,NULL,NULL
3328,28194,1457626203,1,NULL,NULL
3329,23288,1457603737,0,NULL,NULL
3329,21910,1457603737,0,NULL,NULL
3329,9985,1457603737,0,NULL,NULL
3334,26075,1457517396,1,NULL,NULL
3334,19912,1384859846,1,NULL,NULL
3334,27011,1384859846,1,NULL,NULL
3334,11334,1384859846,0,NULL,NULL
3334,2709,1384859846,1,NULL,NULL
3338,37168,1457425354,0,NULL,NULL
3338,33386,1457425354,0,NULL,NULL
3338,18380,1457425354,1,NULL,NULL
3341,28316,1457265959,1,-1.0,-1.0
3341,14937,1457265959,1,NULL,NULL
3342,14047,1457264167,0,NULL,NULL
3342,35388,1457264167,1,NULL,NULL
3352,27552,1457077984,0,NULL,NULL
3352,6900,1457077984,0,NULL,NULL
3352,23503,1457077984,0,NULL,NULL
3354,32072,1456862497,0,NULL,NULL
3354,23209,1456860191,1,NULL,NULL
3354,24827,1456860187,1,NULL,NULL
3354,18469,1456862497,0,NULL,NULL
3354,12168,1456860184,0,NULL,NULL
3357,9460,1456730686,0,NULL,NULL
3371,21112,1456295809,0,NULL,NULL
3371,20169,1456320648,1,NULL,NULL
3371,13644,1456320648,1,NULL,NULL
3371,37325,1456320648,0,NULL,NULL
3376,7007,1456213031,0,NULL,NULL
3376,27448,1456224703,-1,NULL,NULL
3376,4673,1456213031,-1,NULL,NULL
3376,6120,1456224703,1,NULL,NULL
3376,28335,1456211394,0,NULL,NULL
3378,15940,1456150873,1,NULL,NULL
3379,14198,1456048967,0,NULL,NULL
3379,12460,1456130396,-1,NULL,NULL
3379,12411,1456129206,1,NULL,NULL
3379,16590,1456048967,1,NULL,NULL
3379,32521,1456048967,-1,NULL,NULL
3381,25854,1456049903,0,NULL,NULL
3387,5593,1455958677,0,NULL,NULL
3390,9050,1455897931,1,NULL,NULL
3397,7825,1455821859,1,NULL,NULL
3397,23058,1455821859,1,NULL,NULL
3398,1759,1455812445,1,NULL,NULL
3398,23224,1455812445,1,NULL,NULL
3398,32079,1455812445,0,NULL,NULL
3400,23867,1455781764,0,NULL,NULL
3400,4315,1455781764,0,NULL,NULL
3400,22141,1455781764,0,NULL,NULL
3400,8440,1455781764,0,NULL,NULL
3400,2183,1455781764,1,NULL,NULL
3410,9943,1455282915,0,NULL,NULL
3410,5498,1455282915,1,NULL,NULL
3410,20169,1455282915,0,NULL,NULL
3410,17129,1455282915,0,NULL,NULL
3410,4094,1455282915,0,NULL,NULL
3411,4280,1455271245,1,NULL,NULL
3411,17536,1455271713,0,NULL,NULL
3413,30865,1455187407,0,NULL,NULL
3417,9014,1455015136,0,NULL,NULL
3417,8439,1455014108,0,NULL,NULL
3417,37071,1455015136,0,NULL,NULL
3417,31802,1455014108,0,NULL,NULL
3417,15219,1455014108,1,NULL,NULL
3419,17976,1454948000,-1,NULL,NULL
3419,8446,1455002042,0,NULL,NULL
3419,19786,1455002042,0,NULL,NULL
3420,27497,1454952670,0,NULL,NULL
3420,2347,1454952670,-1,NULL,NULL
3424,5278,1454851407,-1,NULL,NULL
3424,13987,1454851407,0,NULL,NULL
3424,36353,1454851407,-1,NULL,NULL
3424,27963,1454851407,1,NULL,NULL
3424,4192,1454851407,1,NULL,NULL
3427,19413,1454731210,1,NULL,NULL
3427,11960,1454731210,1,NULL,NULL
3427,6233,1454731210,0,NULL,NULL
3432,28035,1454484721,0,NULL,NULL
3433,14820,1454433521,1,NULL,NULL
3433,11145,1454433521,0,NULL,NULL
3433,2885,1454433521,1,NULL,NULL
3440,21938,1454169975,1,NULL,NULL
3440,33036,1454169974,0,NULL,NULL
3440,18637,1454169974,0,NULL,NULL
3440,4816,1454169974,0,NULL,NULL
3440,4638,1454169974,1,NULL,NULL
3441,1117,1454143344,1,NULL,NULL
3442,12031,1454085539,0,NULL,NULL
3442,13820,1454085539,1,NULL,NULL
3442,33331,1454137847,1,NULL,NULL
3444,141,1453976756,-1,NULL,NULL
3444,7465,1453976756,0,NULL,NULL
3444,14843,1453976756,1,NULL,NULL
3448,10526,1453830243,0,NULL,NULL
3448,7014,1453830243,1,NULL,NULL
3449,13300,1347176465,1,NULL,NULL
3449,33490,1453829180,0,NULL,NULL
3450,19850,1453814287,1,NULL,NULL
3450,7922,1453814287,1,NULL,NULL
3450,33510,1453814287,1,NULL,NULL
3450,34137,1453814287,0,NULL,NULL
3450,23398,1453814287,1,NULL,NULL
3454,21603,1453726517,1,NULL,NULL
3454,1652,1453726517,0,NULL,NULL
3454,15860,1453726517,0,NULL,NULL
3454,1124,1453726517,1,NULL,NULL
3455,6079,1453652943,0,NULL,NULL
3455,24633,1453652943,0,NULL,NULL
3455,31916,1453652943,0,0.0,0.0
3455,12131,1453652943,0,NULL,NULL
3455,10774,1453652943,0,NULL,NULL
3456,14389,1453634159,-1,NULL,NULL
3456,33862,1453636149,0,NULL,NULL
3456,33769,1453636149,0,NULL,NULL
3461,12822,1453225744,1,NULL,NULL
3462,4611,1453212658,1,NULL,NULL
3464,5466,1453078835,0,NULL,NULL
3464,20462,1453078835,0,NULL,NULL
3464,5261,1453079004,0,NULL,NULL
3471,20619,1452690543,0,-1.0,-1.0
3471,24570,1452690543,0,NULL,NULL
3471,9031,1452694797,1,NULL,NULL
3473,28421,1452608912,0,NULL,NULL
3473,9483,1452608912,1,NULL,NULL
3478,8221,1452351081,0,NULL,NULL
3482,17574,1452255839,0,NULL,NULL
3482,34648,1452255839,0,0.0,0.0
3482,23855,1452255839,0,NULL,NULL
3482,26517,1452255839,0,NULL,NULL
3482,3915,1452255839,0,NULL,NULL
3483,30281,1452249161,1,NULL,NULL
3484,3981,1452094918,0,NULL,NULL
3484,2118,1452095898,1,NULL,NULL
3484,1540,1452094918,0,NULL,NULL
3484,416,1452095898,0,NULL,NULL
3484,9434,1452094918,1,NULL,NULL
3485,8391,1451917458,-1,NULL,NULL
3485,21461,1452004991,0,NULL,NULL
3485,9751,1451917458,0,NULL,NULL
3485,32818,1451906534,0,NULL,NULL
3485,6738,1451910300,0,NULL,NULL
3490,1989,1451902810,1,NULL,NULL
3491,13639,1451899098,1,NULL,NULL
3491,1977,1451899098,0,NULL,NULL
3491,27394,1451899098,1,NULL,NULL
3491,28553,1451899098,0,NULL,NULL
3491,9557,1451899098,0,NULL,NULL
3495,17864,1451816051,0,NULL,NULL
3496,34383,1450883199,0,NULL,NULL
3496,31848,1450869806,-1,NULL,NULL
3496,16836,1450871065,0,NULL,NULL
3496,21703,1450869806,1,NULL,NULL
3496,19339,1450881949,0,NULL,NULL
3498,7744,1451379438,0,NULL,NULL
3498,31293,1451379438,0,NULL,NULL
3501,28286,1451307442,1,NULL,NULL
3501,9569,1451307442,-1,NULL,NULL
3501,14247,1451307868,1,NULL,NULL
3501,35364,1451307868,1,NULL,NULL
3503,8977,1451304922,0,NULL,NULL
3503,35055,1451304922,0,NULL,NULL
3503,21545,1451304922,0,NULL,NULL
3505,353,1451237127,1,NULL,NULL
3505,22569,1451237126,-1,NULL,NULL
3505,31255,1451237126,0,NULL,NULL
3505,12299,1451237126,1,NULL,NULL
3505,28762,1451237126,0,NULL,NULL
3510,7642,1451039717,0,NULL,NULL
3510,21509,1451039717,1,NULL,NULL
3510,8236,1451039717,0,NULL,NULL
3513,16876,1450949380,0,NULL,NULL
3514,34554,1450886210,0,NULL,NULL
3514,27147,1450886155,0,NULL,NULL
3514,23181,1450886155,0,NULL,NULL
3514,29676,1450883937,0,NULL,NULL
3514,13650,1450886155,0,NULL,NULL
3517,2326,1450598580,0,NULL,NULL
3518,11748,1450514740,1,NULL,NULL
3522,9567,1450450780,1,NULL,NULL
3527,12440,1450247706,1,NULL,NULL
3527,9618,1450247706,1,NULL,NULL
3530,10015,1450087172,0,NULL,NULL
3530,35085,1450087172,0,NULL,NULL
3532,15736,1450077069,0,NULL,NULL
3533,10840,1450076438,1,NULL,NULL
3533,28128,1450076438,1,NULL,NULL
3533,2658,1450076825,0,NULL,NULL
3534,19809,1449942375,0,NULL,NULL
3534,16899,1449942375,0,NULL,NULL
3534,5937,1449942375,0,NULL,NULL
3534,33442,1449942375,0,NULL,NULL
3534,13659,1449942375,0,NULL,NULL
3539,12754,1449731201,0,NULL,NULL
3539,8856,1449731201,0,NULL,NULL
3539,4178,1449731201,0,NULL,NULL
3539,20131,1449731201,0,NULL,NULL
3539,20720,1449731201,0,NULL,NULL
3546,26532,1449319445,1,NULL,NULL
3546,16542,1449319445,1,NULL,NULL
3546,8305,1449319445,0,NULL,NULL
3546,4195,1449319445,1,NULL,NULL
3548,33016,1449316657,-1,NULL,NULL
3548,33869,1449316657,0,NULL,NULL
3555,8970,1449155076,1,NULL,NULL
3555,30819,1449155076,0,NULL,NULL
3558,33492,1448898027,-1,NULL,NULL
3558,16575,1448898277,0,NULL,NULL
3559,7409,1448792732,0,NULL,NULL
3563,8508,1448650239,-1,NULL,NULL
3563,9313,1448650239,1,NULL,NULL
3563,8328,1448695126,-1,NULL,NULL
3563,496,1448695126,0,NULL,NULL
3563,18711,1448650239,0,NULL,NULL
3564,7182,1448648960,1,NULL,NULL
3564,25860,1448648960,1,NULL,NULL
3565,21995,1448199703,1,NULL,NULL
3565,20547,1448540426,0,NULL,NULL
3569,26972,1448468762,1,NULL,NULL
3570,457,1448458564,1,NULL,NULL
3570,21436,1448458564,1,NULL,NULL
3571,10254,1448458389,-1,NULL,NULL
3572,23161,1448437087,1,NULL,NULL
3572,28710,1448437087,0,NULL,NULL
3572,19985,1448437087,0,NULL,NULL
3572,24272,1448437087,1,NULL,NULL
3572,23726,1448437087,1,NULL,NULL
3574,28037,1448354548,1,NULL,NULL
3576,28079,1448271205,1,NULL,NULL
3577,26157,1448204929,-1,NULL,NULL
3577,22349,1448204929,-1,NULL,NULL
3583,18331,1446027749,0,NULL,NULL
3583,24586,1446027749,0,NULL,NULL
3583,6978,1446027749,1,NULL,NULL
3583,33421,1446027749,0,NULL,NULL
3583,30995,1446027749,0,NULL,NULL
3587,1962,1447693323,-1,NULL,NULL
3587,5274,1447693323,1,NULL,NULL
3587,7751,1447693323,1,NULL,NULL
3587,2008,1447693323,1,NULL,NULL
3587,20734,1447693323,1,NULL,NULL
3589,12355,1447574786,1,NULL,NULL
3589,5151,1447574786,0,NULL,NULL
3589,11832,1447680240,1,NULL,NULL
3589,1977,1447680240,0,NULL,NULL
3590,16470,1447665861,0,NULL,NULL
3592,24554,1447427327,1,NULL,NULL
3592,28573,1447427327,0,NULL,NULL
3592,37330,1447432617,0,NULL,NULL
3597,6631,1447424244,0,NULL,NULL
3597,16299,1447424244,0,NULL,NULL
3597,36703,1447424244,0,NULL,NULL
3597,13069,1447424244,0,NULL,NULL
3597,36366,1447424244,0,NULL,NULL
3598,27294,1447365864,0,NULL,NULL
3598,12998,1447365864,0,NULL,NULL
3600,6780,1447340203,1,NULL,NULL
3602,1203,1447248543,0,NULL,NULL
3602,33008,1447248543,1,NULL,NULL
3602,8213,1447316355,0,NULL,NULL
3606,33535,1447159408,0,NULL,NULL
3606,4929,1447159408,1,NULL,NULL
3611,36534,1446820880,1,NULL,NULL
3611,10722,1446820880,0,NULL,NULL
3611,1753,1446820880,0,NULL,NULL
3619,474,1445946225,0,NULL,NULL
3619,9749,1445946225,1,NULL,NULL
3620,30895,1445943150,1,NULL,NULL
3626,27754,1445804919,0,NULL,NULL
3626,18185,1445804919,1,NULL,NULL
3626,1649,1445804919,0,NULL,NULL
3627,36326,1445767298,0,NULL,NULL
3627,35799,1445767298,1,NULL,NULL
3628,8219,1445695331,1,NULL,NULL
3628,23032,1445695331,1,NULL,NULL
3629,14878,1445683402,1,NULL,NULL
3629,29638,1445683402,1,NULL,NULL
3629,27361,1445683402,1,NULL,NULL
3630,16163,1445674940,-1,NULL,NULL
3635,9878,1445251910,1,NULL,NULL
3635,30894,1445251910,1,NULL,NULL
3636,22679,1445233092,0,NULL,NULL
3636,9497,1445233092,-1,NULL,NULL
3638,9913,1445151282,0,NULL,NULL
3639,27912,1445071279,-1,NULL,NULL
3639,5815,1445071279,0,NULL,NULL
3639,5726,1445071279,-1,NULL,NULL
3639,14007,1445071279,0,NULL,NULL
3643,28291,1445000028,0,NULL,NULL
3643,13656,1445000028,0,NULL,NULL
3643,7257,1445000028,0,NULL,NULL
3648,10531,1444668574,0,NULL,NULL
3651,4176,1444553490,-1,NULL,NULL
3651,20730,1444553490,1,NULL,NULL
3651,8226,1444553490,1,NULL,NULL
3651,16822,1444553490,0,NULL,NULL
3651,33661,1444548246,0,NULL,NULL
3655,21428,1444318231,1,NULL,NULL
3655,37326,1444318231,1,NULL,NULL
3657,30872,1444282299,1,NULL,NULL
3657,7089,1444282299,1,NULL,NULL
3657,1425,1444282299,1,NULL,NULL
3658,22109,1444203950,0,NULL,NULL
3658,283,1444203950,1,NULL,NULL
3658,13314,1444203950,1,NULL,NULL
3660,9117,1444194936,0,NULL,NULL
3662,4696,1444119564,0,NULL,NULL
3662,13953,1444119564,0,NULL,NULL
3664,22658,1444043582,0,NULL,NULL
3664,23442,1444043582,0,NULL,NULL
3664,1776,1444043582,0,NULL,NULL
3664,8647,1444040606,0,NULL,NULL
3664,26627,1444043582,0,NULL,NULL
3666,9373,1443859094,1,NULL,NULL
3666,9512,1443859094,1,NULL,NULL
3666,13606,1443859094,0,NULL,NULL
3667,28595,1443857963,1,NULL,NULL
3669,6876,1443508472,1,NULL,NULL
3669,8346,1443508472,0,NULL,NULL
3669,3888,1443508472,1,NULL,NULL
3670,4876,1443507242,0,NULL,NULL
3670,31629,1443507242,0,NULL,NULL
3670,6202,1443507242,0,NULL,NULL
3670,15493,1443507242,0,NULL,NULL
3671,9362,1443434133,0,NULL,NULL
3672,18109,1443432205,0,NULL,NULL
3673,11903,1443431254,1,NULL,NULL
3673,28386,1443431254,1,NULL,NULL
3673,17640,1443430532,1,NULL,NULL
3673,28134,1443430532,1,NULL,NULL
3673,9385,1443431254,1,NULL,NULL
3677,8641,1443256591,-1,NULL,NULL
3677,26455,1443256591,0,NULL,NULL
3677,5860,1443257152,1,NULL,NULL
3680,8028,1443185123,0,NULL,NULL
3680,12322,1443185123,0,NULL,NULL
3680,24845,1443191199,0,NULL,NULL
3680,20017,1443191199,1,NULL,NULL
3681,25813,1443168793,0,NULL,NULL
3681,31217,1443093616,0,NULL,NULL
3681,26889,1443093616,0,NULL,NULL
3681,19720,1443168793,0,NULL,NULL
3681,33697,1443168793,-1,NULL,NULL
3685,15824,1443099275,0,NULL,NULL
3685,33508,1443099275,0,NULL,NULL
3685,27092,1443099275,0,NULL,NULL
3685,4002,1443099275,0,NULL,NULL
3685,32158,1443099275,1,NULL,NULL
3686,9660,1443095813,0,NULL,NULL
3686,16318,1443095813,0,NULL,NULL
3687,9083,1442987463,0,NULL,NULL
3687,20905,1443008245,1,NULL,NULL
3687,4402,1442987463,0,NULL,NULL
3687,4111,1442987463,0,NULL,NULL
3687,12251,1442987465,0,NULL,NULL
3690,11940,1442909853,0,NULL,NULL
3690,16429,1442906295,-1,NULL,NULL
3690,1904,1442908357,0,NULL,NULL
3690,28818,1442908357,0,NULL,NULL
3690,7965,1442908357,0,NULL,NULL
3693,6308,1442562178,0,NULL,NULL
3693,26559,1442562178,1,NULL,NULL
3694,32023,1442481481,1,NULL,NULL
3694,4390,1442559829,0,NULL,NULL
3701,37364,1442343416,1,NULL,NULL
3701,5722,1442343416,0,NULL,NULL
3701,19850,1442343416,0,NULL,NULL
3705,30462,1437124160,1,NULL,NULL
3705,16269,1437124160,1,NULL,NULL
3705,7119,1437124160,0,NULL,NULL
3705,20440,1441981148,0,NULL,NULL
3705,16197,1437124160,0,NULL,NULL
3706,17453,1441971377,0,NULL,NULL
3706,5694,1441971377,0,NULL,NULL
3706,26039,1441971377,1,NULL,NULL
3708,23283,1441801946,0,NULL,NULL
3709,29678,1441776248,1,NULL,NULL
3710,34547,1441703548,0,NULL,NULL
3710,24892,1441703548,1,NULL,NULL
3710,29717,1441703548,1,0.0,0.0
3712,14163,1441637785,1,NULL,NULL
3712,26624,1441637785,1,NULL,NULL
3712,9471,1441637785,0,NULL,NULL
3714,10860,1441628324,0,NULL,NULL
3717,24878,1441524187,0,NULL,NULL
3717,18070,1441524187,-1,NULL,NULL
3721,24204,1441354719,0,NULL,NULL
3721,24370,1441354719,0,NULL,NULL
3721,10915,1441354720,0,NULL,NULL
3724,30957,1440773498,1,NULL,NULL
3725,4024,1440718658,1,NULL,NULL
3725,6461,1440718658,1,NULL,NULL
3725,12978,1440718658,1,NULL,NULL
3725,27051,1440718658,1,NULL,NULL
3725,30955,1440718658,1,NULL,NULL
3727,10830,1440239526,0,NULL,NULL
3727,16350,1440239526,0,NULL,NULL
3727,12493,1440239526,0,NULL,NULL
3727,2182,1440239526,0,NULL,NULL
3727,6490,1440239526,0,NULL,NULL
3728,12313,1440226907,-1,NULL,NULL
3728,18841,1440226907,-1,NULL,NULL
3728,5962,1440226908,0,NULL,NULL
3728,9131,1440226907,0,NULL,NULL
3728,4672,1440235971,0,0.0,0.0
3729,33743,1440147155,0,NULL,NULL
3729,2955,1440147155,1,NULL,NULL
3729,8816,1440147155,0,NULL,NULL
3733,5519,1439905794,0,NULL,NULL
3733,25732,1439923753,0,NULL,NULL
3733,633,1439905794,1,NULL,NULL
3733,13330,1439923753,0,NULL,NULL
3733,31161,1439923753,0,0.0,0.0
3734,19081,1439474034,0,NULL,NULL
3734,18050,1439474034,0,NULL,NULL
3735,31676,1439470590,0,NULL,NULL
3735,5499,1439455823,1,NULL,NULL
3735,30815,1439470590,1,NULL,NULL
3735,1741,1439455823,0,NULL,NULL
3735,7216,1439470590,0,NULL,NULL
3736,15343,1439393281,1,NULL,NULL
3736,36807,1439393281,1,NULL,NULL
3736,159,1439393281,0,NULL,NULL
3740,18644,1439220587,1,NULL,NULL
3740,27208,1439220587,0,NULL,NULL
3740,24769,1439220587,1,NULL,NULL
3740,33582,1439226083,1,NULL,NULL
3740,24798,1439231328,1,NULL,NULL
3741,23026,1439299840,-1,NULL,NULL
3741,8904,1439299840,0,NULL,NULL
3741,13132,1439299841,-1,NULL,NULL
3741,22491,1439299840,-1,NULL,NULL
3741,20744,1439299840,-1,NULL,NULL
3742,14833,1439282570,1,NULL,NULL
3746,24976,1438938347,-1,NULL,NULL
3746,27607,1438938304,0,NULL,NULL
3746,4003,1438938348,0,NULL,NULL
3746,35494,1438938347,1,NULL,NULL
3746,31538,1438938346,-1,NULL,NULL
3747,31028,1438960532,0,NULL,NULL
3747,5183,1438960808,-1,NULL,NULL
3751,37662,1438948827,0,NULL,NULL
3751,13343,1438948827,0,NULL,NULL
3751,15373,1438948827,0,NULL,NULL
3751,34705,1438948827,0,NULL,NULL
3751,23818,1438948827,0,NULL,NULL
3752,9629,1438867671,0,NULL,NULL
3753,31005,1438790153,1,NULL,NULL
3753,27717,1438790153,1,NULL,NULL
3754,8984,1438697721,1,NULL,NULL
3754,35669,1438760845,-1,NULL,NULL
3754,21032,1438761883,0,NULL,NULL
3754,11695,1438790005,0,NULL,NULL
3755,1610,1431085405,0,NULL,NULL
3755,11957,1438786339,0,NULL,NULL
3755,12260,1431112311,0,NULL,NULL
3755,7700,1431112311,0,NULL,NULL
3755,24190,1431085405,0,NULL,NULL
3759,31171,1438772456,1,NULL,NULL
3759,5708,1438772456,1,NULL,NULL
3759,6632,1438773547,0,NULL,NULL
3759,32990,1438773547,0,NULL,NULL
3761,27213,1438761832,0,NULL,NULL
3761,30807,1438761832,0,NULL,NULL
3761,4994,1438761832,0,NULL,NULL
3761,10774,1438761832,0,NULL,NULL
3762,24832,1438593406,-1,-1.0,-1.0
3762,21675,1438593406,-1,NULL,NULL
3770,9508,1438237931,0,NULL,NULL
3770,1098,1438328538,1,NULL,NULL
3770,22905,1438328538,1,NULL,NULL
3770,23186,1438237931,1,NULL,NULL
3770,7588,1438237931,-1,NULL,NULL
3773,14272,1438175607,0,NULL,NULL
3774,11695,1438174709,1,NULL,NULL
3774,36563,1438174709,1,NULL,NULL
3776,20745,1438158851,-1,NULL,NULL
3776,16851,1438158851,0,NULL,NULL
3776,24968,1438158851,1,NULL,NULL
3776,14853,1438158851,0,NULL,NULL
3781,31221,1438005141,1,NULL,NULL
3782,22499,1438002156,-1,NULL,NULL
3782,11070,1438002156,1,NULL,NULL
3783,22399,1438001484,1,NULL,NULL
3783,9933,1438001484,0,NULL,NULL
3788,21023,1437910452,-1,NULL,NULL
3788,9539,1437910452,-1,NULL,NULL
3795,24755,1437723958,0,NULL,NULL
3795,4341,1437721675,1,NULL,NULL
3795,35392,1437723184,0,0.0,0.0
3795,35760,1437723958,1,NULL,NULL
3795,291,1437721675,0,NULL,NULL
3797,23441,1437678625,0,NULL,NULL
3800,20645,1437587658,1,NULL,NULL
3800,8256,1437587659,0,NULL,NULL
3800,17039,1435072472,1,NULL,NULL
3800,20041,1437587659,0,NULL,NULL
3800,22910,1437587658,0,NULL,NULL
3801,16654,1437572342,1,NULL,NULL
3801,240,1437572342,1,NULL,NULL
3803,14148,1437541411,0,NULL,NULL
3805,8035,1437474803,-1,NULL,NULL
3805,28674,1437474803,-1,NULL,NULL
3805,26872,1437474803,-1,NULL,NULL
3812,14241,1437404919,0,NULL,NULL
3817,21157,1437293796,1,NULL,NULL
3817,36366,1437293796,0,NULL,NULL
3817,10668,1437293796,0,NULL,NULL
3817,34026,1437293796,0,NULL,NULL
3817,26871,1437294058,0,NULL,NULL
3818,57,1437210493,0,NULL,NULL
3818,12783,1437210495,0,NULL,NULL
3818,15118,1437210495,-1,NULL,NULL
3818,22820,1437210496,-1,NULL,NULL
3818,17558,1437210495,0,0.0,0.0
3819,27146,1437205262,0,NULL,NULL
3820,31113,1437202353,0,NULL,NULL
3820,32011,1437203433,0,NULL,NULL
3821,15236,1437074195,1,NULL,NULL
3821,3041,1437074195,1,NULL,NULL
3821,7607,1437203197,1,NULL,NULL
3821,36971,1437074195,0,NULL,NULL
3821,2347,1437074195,1,NULL,NULL
3825,8247,1437072273,1,NULL,NULL
3825,27107,1437072273,0,NULL,NULL
3825,16538,1437072273,0,NULL,NULL
3827,5204,1437055111,0,NULL,NULL
3827,12760,1437055111,0,NULL,NULL
3827,13713,1437055111,0,NULL,NULL
3827,26076,1437055244,0,NULL,NULL
3827,2065,1437055244,0,NULL,NULL
3830,17059,1436883689,1,NULL,NULL
3830,33942,1436883689,0,NULL,NULL
3830,9523,1436883689,-1,NULL,NULL
3830,9164,1436883689,0,NULL,NULL
3830,6164,1436883689,-1,NULL,NULL
3833,7759,1436859288,0,NULL,NULL
3833,33655,1436859288,0,NULL,NULL
3833,12790,1436859288,0,NULL,NULL
3834,27446,1436774773,-1,NULL,NULL
3834,33418,1436776940,1,NULL,NULL
3834,13213,1436768087,0,NULL,NULL
3834,13051,1436768087,0,NULL,NULL
3834,18885,1436774773,0,NULL,NULL
3835,20239,1436782228,0,NULL,NULL
3839,1981,1436709446,0,NULL,NULL
3839,6297,1436709446,0,NULL,NULL
3839,17147,1436709446,1,NULL,NULL
3840,36831,1436691564,1,NULL,NULL
3840,9446,1436691564,-1,NULL,NULL
3840,36884,1436691564,1,NULL,NULL
3843,5712,1436627349,1,NULL,NULL
3843,16284,1436627349,0,NULL,NULL
3843,28649,1436627987,0,NULL,NULL
3843,12233,1436627987,-1,0.0,0.0
3846,26553,1436608715,0,NULL,NULL
3846,31406,1436608715,0,NULL,NULL
3846,6101,1436608715,0,NULL,NULL
3846,28321,1436608715,1,NULL,NULL
3847,5673,1436604014,0,NULL,NULL
3847,16266,1436604014,1,NULL,NULL
3847,30706,1436604014,0,NULL,NULL
3848,7044,1436596637,1,NULL,NULL
3851,13089,1436537911,1,NULL,NULL
3852,36414,1436531928,0,NULL,NULL
3852,5871,1436531928,1,NULL,NULL
3852,32727,1436531928,1,NULL,NULL
3852,26842,1436538115,-1,NULL,NULL
3854,27687,1436536317,1,NULL,NULL
3859,9141,1436518546,0,NULL,NULL
3859,30944,1436518546,0,NULL,NULL
3859,9914,1436518546,0,NULL,NULL
3859,26894,1402925224,0,NULL,NULL
3859,13316,1436518546,0,NULL,NULL
3862,22797,1436442348,0,NULL,NULL
3863,18715,1436441288,1,NULL,NULL
3863,4821,1436441288,1,NULL,NULL
3864,21406,1436439456,0,NULL,NULL
3869,16423,1436430407,1,NULL,NULL
3869,30937,1436430407,-1,NULL,NULL
3869,13176,1436430407,-1,NULL,NULL
3869,34430,1436430407,-1,NULL,NULL
3869,34028,1436430407,0,NULL,NULL
3871,20726,1436346177,0,NULL,NULL
3871,8931,1436346177,0,NULL,NULL
3871,36015,1436346177,0,NULL,NULL
3871,33586,1436346177,-1,NULL,NULL
3871,12353,1436346177,1,NULL,NULL
3874,17829,1436176438,0,NULL,NULL
3874,3995,1436176438,1,NULL,NULL
3880,20436,1435775435,1,NULL,NULL
3880,32166,1435775435,1,NULL,NULL
3880,20235,1435775435,1,NULL,NULL
3880,11691,1435775435,0,NULL,NULL
3880,21225,1435775435,1,NULL,NULL
3881,12478,1435764273,0,NULL,NULL
3881,1248,1435764273,0,NULL,NULL
3881,31415,1435767436,0,NULL,NULL
3881,27539,1435767436,0,NULL,NULL
3890,16150,1435564944,0,NULL,NULL
3893,14117,1435320118,1,NULL,NULL
3893,5915,1435320118,1,NULL,NULL
3893,10643,1435320118,0,NULL,NULL
3895,34172,1435215279,0,NULL,NULL
3897,5960,1435203212,1,NULL,NULL
3897,14183,1435203212,0,NULL,NULL
3897,6379,1435203212,0,NULL,NULL
3897,23297,1435203212,0,NULL,NULL
3897,8846,1435203212,0,NULL,NULL
3898,26469,1435203211,0,NULL,NULL
3898,13901,1435203211,0,NULL,NULL
3901,3065,1434726949,1,NULL,NULL
3901,610,1434726949,-1,NULL,NULL
3903,20699,1434641842,1,NULL,NULL
3903,9033,1434641842,0,NULL,NULL
3903,32088,1434641842,0,NULL,NULL
3903,6448,1434641842,1,NULL,NULL
3903,20644,1434641842,0,NULL,NULL
3905,30237,1434620118,1,NULL,NULL
3908,19056,1434443829,1,0.0,0.0
3908,15676,1434443829,1,NULL,NULL
3908,30658,1434443829,0,NULL,NULL
3908,8471,1434443939,0,NULL,NULL
3909,15710,1434382181,1,NULL,NULL
3909,23516,1434382182,1,NULL,NULL
3909,18530,1434382182,1,NULL,NULL
3909,7869,1434382182,0,NULL,NULL
3909,16274,1434382181,1,NULL,NULL
3912,29694,1434318778,1,NULL,NULL
3912,14781,1434318778,1,NULL,NULL
3912,34967,1434318684,1,NULL,NULL
3912,36332,1434318778,1,NULL,NULL
3912,30315,1434318778,1,NULL,NULL
3913,7805,1434281442,1,NULL,NULL
3913,12656,1434281442,1,NULL,NULL
3913,31823,1434281606,0,NULL,NULL
3915,13546,1434188595,0,NULL,NULL
3916,1141,1434123683,0,NULL,NULL
3916,18048,1434123683,0,NULL,NULL
3916,28288,1434123683,1,NULL,NULL
3918,36154,1434035676,1,NULL,NULL
3918,5623,1434035676,1,NULL,NULL
3918,31771,1434035676,-1,NULL,NULL
3918,5493,1434035676,-1,NULL,NULL
3918,25172,1434035677,1,NULL,NULL
3922,28357,1433862448,1,NULL,NULL
3922,9576,1433862448,1,NULL,NULL
3951,201,1420335605,-1,NULL,NULL
3951,7079,1420335605,-1,NULL,NULL
3964,15728,1431373497,0,NULL,NULL
3964,10052,1431373497,0,NULL,NULL
3964,14299,1431373497,0,NULL,NULL
3964,34240,1431373497,0,NULL,NULL
3964,14514,1431373497,0,NULL,NULL
3965,22928,1431351663,-1,NULL,NULL
3965,6252,1431351663,1,NULL,NULL
3969,34101,1431243867,0,NULL,NULL
3969,26056,1431246154,0,NULL,NULL
3971,35459,1431194576,0,NULL,NULL
3972,17089,1431092406,1,NULL,NULL
3973,6825,1431066330,1,NULL,NULL
3973,36072,1431027235,1,NULL,NULL
3973,21810,1431066330,1,NULL,NULL
3973,4910,1431027235,1,NULL,NULL
3973,32854,1431066330,-1,NULL,NULL
3985,8521,1424727517,0,NULL,NULL
3985,19119,1424727517,0,NULL,NULL
3985,7747,1424727517,0,NULL,NULL
3985,36830,1424727517,1,NULL,NULL
3985,10160,1424727517,0,NULL,NULL
4036,26698,1360658697,0,NULL,NULL
4036,28436,1360658697,0,NULL,NULL
4036,21795,1360658697,0,NULL,NULL
4036,21794,1360658697,0,NULL,NULL
4036,37170,1360658697,0,NULL,NULL
4044,22768,1427037161,1,NULL,NULL
4044,8878,1427037161,0,NULL,NULL
4044,5198,1427037161,-1,NULL,NULL
4044,36886,1427037161,0,NULL,NULL
4044,8318,1427037161,0,0.0,0.0
4065,27952,1428589360,0,NULL,NULL
4065,17688,1428589360,0,NULL,NULL
4066,22923,1428568260,0,NULL,NULL
4066,21209,1428568260,0,NULL,NULL
4066,27898,1428568260,-1,NULL,NULL
4066,13950,1428568260,0,NULL,NULL
4067,34556,1428476628,0,NULL,NULL
4067,6364,1428476628,0,NULL,NULL
4068,8540,1428325442,0,NULL,NULL
4068,37630,1428393110,0,NULL,NULL
4069,34530,1428393110,0,NULL,NULL
4070,13673,1428386833,0,NULL,NULL
4070,21250,1428386833,0,NULL,NULL
4072,13416,1427960884,-1,NULL,NULL
4072,22861,1428024031,1,NULL,NULL
4072,17430,1427960884,0,NULL,NULL
4072,9383,1428305927,1,NULL,NULL
4072,8324,1428305936,0,NULL,NULL
4073,7768,1428217579,0,NULL,NULL
4073,9035,1428218070,1,NULL,NULL
4073,33742,1428218807,0,NULL,NULL
4073,24095,1428218807,1,NULL,NULL
4075,13737,1428127804,0,NULL,NULL
4075,9648,1428127538,1,NULL,NULL
4075,31000,1428127804,0,NULL,NULL
4075,11788,1428127804,0,NULL,NULL
4075,8355,1428127804,0,NULL,NULL
4081,18727,1427997813,-1,NULL,NULL
4081,34654,1427997813,0,NULL,NULL
4081,7281,1427997813,1,NULL,NULL
4081,6976,1428000418,0,NULL,NULL
4081,280,1427997813,0,NULL,NULL
4082,12752,1427964295,1,NULL,NULL
4082,1684,1427964295,1,NULL,NULL
4082,12531,1427964295,1,NULL,NULL
4084,26406,1427962305,0,NULL,NULL
4084,6221,1427962305,1,NULL,NULL
4085,16372,1427912359,0,NULL,NULL
4085,37001,1427912359,0,NULL,NULL
4085,18433,1427917613,0,NULL,NULL
4085,15919,1427917613,0,NULL,NULL
4086,30174,1427794965,1,NULL,NULL
4086,14408,1427794964,0,NULL,NULL
4086,400,1427794964,1,NULL,NULL
4086,28051,1427794964,1,NULL,NULL
4086,7819,1427794964,1,NULL,NULL
4093,13323,1421661962,0,NULL,NULL
4093,27545,1420210969,0,NULL,NULL
4093,5627,1421844530,0,NULL,NULL
4093,22438,1421844530,0,NULL,NULL
4093,4900,1421844530,0,NULL,NULL
4094,24406,1427402378,0,NULL,NULL
4094,10484,1427402378,0,NULL,NULL
4094,12250,1427402378,0,NULL,NULL
4094,31816,1427402378,0,NULL,NULL
4094,13292,1427402378,0,NULL,NULL
4102,8416,1427279110,0,NULL,NULL
4102,27957,1427279110,-1,NULL,NULL
4102,14550,1427279110,0,NULL,NULL
4102,6012,1427279110,0,NULL,NULL
4104,20394,1427232394,1,NULL,NULL
4104,21940,1427232394,1,NULL,NULL
4104,7925,1427232394,1,NULL,NULL
4104,2275,1427232394,0,NULL,NULL
4104,9989,1427232394,1,NULL,NULL
4108,34329,1427090212,0,NULL,NULL
4108,21965,1427090212,1,NULL,NULL
4108,8747,1427090212,0,NULL,NULL
4108,34020,1427090212,0,NULL,NULL
4108,6334,1427090212,0,NULL,NULL
4109,27371,1427038095,0,NULL,NULL
4109,12450,1427038599,-1,NULL,NULL
4109,14947,1427038599,0,NULL,NULL
4109,17452,1427038095,0,NULL,NULL
4109,23289,1427038599,0,NULL,NULL
4112,10795,1426931392,0,NULL,NULL
4112,4979,1426931392,0,NULL,NULL
4112,26262,1426931392,0,NULL,NULL
4112,17253,1426931392,1,NULL,NULL
4112,5722,1426931392,0,NULL,NULL
4113,34649,1426928758,0,0.0,0.0
4113,6279,1426923103,1,NULL,NULL
4113,36904,1426928758,0,NULL,NULL
4113,8303,1426925300,1,NULL,NULL
4113,23054,1426923103,1,NULL,NULL
4117,31078,1426870497,0,NULL,NULL
4117,12881,1426870497,0,NULL,NULL
4118,8512,1426866191,0,NULL,NULL
4118,13696,1426866191,1,NULL,NULL
4121,16826,1426831985,0,NULL,NULL
4121,8705,1423147883,1,NULL,NULL
4121,17293,1426708532,1,NULL,NULL
4121,14862,1423147883,0,NULL,NULL
4121,4909,1423147884,0,NULL,NULL
4126,7477,1426750197,1,NULL,NULL
4126,11753,1426750197,0,NULL,NULL
4126,18774,1426750197,0,NULL,NULL
4130,23263,1426678236,0,NULL,NULL
4130,15887,1426745398,0,NULL,NULL
4131,36618,1426682870,1,NULL,NULL
4131,29693,1426682870,1,NULL,NULL
4131,22716,1426682870,1,NULL,NULL
4131,26992,1426682870,0,NULL,NULL
4132,21027,1426678236,0,NULL,NULL
4132,9396,1426678236,1,NULL,NULL
4135,30957,1426579986,0,NULL,NULL
4138,28449,1426413111,0,NULL,NULL
4138,8207,1426413111,-1,NULL,NULL
4138,14093,1426419511,0,NULL,NULL
4139,17103,1426414088,0,NULL,NULL
4139,1381,1426414088,0,NULL,NULL
4139,24821,1426414088,0,NULL,NULL
4139,12783,1426414088,0,NULL,NULL
4139,12861,1426414088,0,NULL,NULL
4140,14009,1426409451,0,NULL,NULL
4141,6854,1426355842,0,NULL,NULL
4141,28144,1426355842,1,NULL,NULL
4141,9606,1426355842,0,NULL,NULL
4151,31127,1426013731,0,NULL,NULL
4151,18795,1426013731,0,NULL,NULL
4151,28494,1426013731,0,NULL,NULL
4151,32057,1426013731,0,NULL,NULL
4163,20439,1425635138,0,NULL,NULL
4178,19064,1425370765,0,1.0,1.0
4178,15502,1425375612,0,NULL,NULL
4178,34228,1425375612,1,NULL,NULL
4180,27276,1425305640,1,NULL,NULL
4180,95,1425305745,0,NULL,NULL
4180,17457,1425353758,0,NULL,NULL
4180,34107,1425353769,0,NULL,NULL
4181,17904,1425323094,1,NULL,NULL
4183,21886,1425318952,0,NULL,NULL
4187,20050,1425274724,0,NULL,NULL
4187,35075,1425274724,1,NULL,NULL
4187,4357,1425274724,0,NULL,NULL
4187,26423,1425274744,0,NULL,NULL
4187,12116,1425085644,0,NULL,NULL
4191,36535,1425120480,0,NULL,NULL
4193,17848,1424955463,0,NULL,NULL
4193,35965,1424955463,-1,NULL,NULL
4194,9129,1424954028,-1,NULL,NULL
4194,37239,1424954028,-1,NULL,NULL
4198,6501,1424877876,0,NULL,NULL
4198,10672,1424877876,1,NULL,NULL
4198,19805,1424877876,0,NULL,NULL
4198,28095,1424877876,1,NULL,NULL
4198,30105,1424877876,0,NULL,NULL
4203,4539,1424675020,1,NULL,NULL
4203,8551,1424675020,1,NULL,NULL
4203,6280,1424675020,0,NULL,NULL
4203,4161,1424675020,0,NULL,NULL
4203,1199,1424675020,0,NULL,NULL
4205,35214,1424599127,1,NULL,NULL
4205,26866,1424616949,0,NULL,NULL
4205,35577,1424617987,0,NULL,NULL
4207,21575,1423974425,0,NULL,NULL
4207,27136,1423974425,1,NULL,NULL
4207,28131,1424599679,1,NULL,NULL
4210,16173,1424511204,0,NULL,NULL
4210,10237,1424511204,0,NULL,NULL
4210,9968,1424511204,0,NULL,NULL
4210,21910,1424511204,0,NULL,NULL
4210,3050,1424271286,1,NULL,NULL
4211,14940,1424505347,0,NULL,NULL
4211,8651,1424505347,0,NULL,NULL
4211,8820,1424505347,0,NULL,NULL
4211,22367,1424505347,0,NULL,NULL
4212,667,1424439618,1,NULL,NULL
4212,28658,1424439618,1,NULL,NULL
4215,32424,1424329652,0,NULL,NULL
4219,6198,1424248717,0,NULL,NULL
4219,5684,1424248717,1,NULL,NULL
4219,4705,1424248717,1,NULL,NULL
4219,13047,1424248717,0,NULL,NULL
4221,34232,1424242198,0,NULL,NULL
4223,24376,1424128332,1,NULL,NULL
4223,15592,1424128332,0,NULL,NULL
4223,28324,1424128332,0,NULL,NULL
4223,37273,1424128332,0,NULL,NULL
4223,2041,1424128332,0,NULL,NULL
4226,34593,1424051818,1,NULL,NULL
4226,27815,1424051818,0,NULL,NULL
4226,17846,1424051818,0,NULL,NULL
4235,9143,1423999402,0,NULL,NULL
4236,18126,1423996335,1,NULL,NULL
4236,23003,1423996335,1,NULL,NULL
4241,19534,1423906763,0,0.0,0.0
4241,4225,1423906763,0,NULL,NULL
4241,668,1423911493,0,NULL,NULL
4241,4225,1423906763,1,NULL,NULL
4241,1395,1423911493,0,NULL,NULL
4243,13585,1423753530,1,NULL,NULL
4243,19411,1423753531,0,NULL,NULL
4244,14290,1423751731,0,NULL,NULL
4244,33497,1423751731,1,NULL,NULL
4245,24233,1423750790,0,NULL,NULL
4245,2803,1423750791,0,NULL,NULL
4245,4670,1423750791,0,NULL,NULL
4245,35751,1423750790,0,NULL,NULL
4245,14168,1423750789,0,NULL,NULL
4247,30349,1423648091,0,NULL,NULL
4247,34441,1423745827,0,NULL,NULL
4247,23576,1423661130,0,NULL,NULL
4247,12841,1423648091,0,NULL,NULL
4247,12486,1423660459,0,NULL,NULL
4248,22631,1423734012,1,NULL,NULL
4252,8966,1423636959,0,NULL,NULL
4252,613,1423636959,0,NULL,NULL
4252,712,1423636959,0,NULL,NULL
4252,5007,1423636959,0,NULL,NULL
4252,9339,1423636959,-1,NULL,NULL
4255,21618,1423558039,1,NULL,NULL
4255,2304,1423558039,1,NULL,NULL
4257,18109,1423551282,1,NULL,NULL
4257,10605,1423551282,0,NULL,NULL
4258,8237,1422589575,-1,NULL,NULL
4258,18964,1423547801,1,NULL,NULL
4258,31544,1423547801,1,NULL,NULL
4258,7817,1423547801,0,NULL,NULL
4259,31660,1423204795,0,NULL,NULL
4259,27100,1423204795,0,NULL,NULL
4259,9499,1423204795,0,NULL,NULL
4259,16671,1423204795,0,NULL,NULL
4259,18929,1423204795,0,NULL,NULL
4261,34679,1423229033,1,NULL,NULL
4261,13328,1423229033,0,NULL,NULL
4263,5977,1423224022,0,NULL,NULL
4263,27376,1423224022,0,NULL,NULL
4263,22565,1423224022,0,NULL,NULL
4263,10686,1423224022,0,NULL,NULL
4263,14041,1423224022,0,NULL,NULL
4265,9203,1423221911,1,NULL,NULL
4266,5372,1423204264,1,NULL,NULL
4266,7365,1423204264,1,NULL,NULL
4266,28524,1423204507,0,NULL,NULL
4266,22576,1423204264,0,NULL,NULL
4266,15152,1423204507,0,NULL,NULL
4269,14965,1423123509,0,NULL,NULL
4271,19605,1422910430,0,NULL,NULL
4271,16585,1422950020,0,NULL,NULL
4271,1678,1422910430,0,NULL,NULL
4271,27758,1422950020,0,NULL,NULL
4271,11759,1422910430,1,NULL,NULL
4276,27459,1422539238,1,NULL,NULL
4276,28736,1422539238,-1,NULL,NULL
4277,15765,1422535536,0,NULL,NULL
4280,27899,1422437554,1,NULL,NULL
4280,34143,1422437554,0,NULL,NULL
4283,18604,1422280216,0,NULL,NULL
4283,13856,1422280216,0,NULL,NULL
4283,16110,1422280216,0,NULL,NULL
4283,25993,1422280384,0,NULL,NULL
4289,27711,1421405687,0,NULL,NULL
4289,5536,1421748980,0,NULL,NULL
4289,27120,1421744039,0,NULL,NULL
4289,16937,1421693707,0,NULL,NULL
4289,22550,1421762153,0,NULL,NULL
4291,9020,1421788203,1,NULL,NULL
4293,18783,1421674346,1,NULL,NULL
4296,28109,1421561426,0,NULL,NULL
4296,34648,1421561426,1,0.0,0.0
4296,6587,1421573713,0,NULL,NULL
4296,36321,1421570527,1,0.0,0.0
4296,27196,1421570527,0,NULL,NULL
4299,33944,1421498072,0,NULL,NULL
4299,26060,1421498072,0,NULL,NULL
4303,16111,1421414701,1,NULL,NULL
4303,5100,1421415619,1,NULL,NULL
4303,20778,1421414701,0,NULL,NULL
4303,9676,1421414701,0,NULL,NULL
4303,7131,1421414324,1,NULL,NULL
4304,32897,1421394284,-1,NULL,NULL
4304,9665,1421394284,1,NULL,NULL
4305,9114,1421297879,1,NULL,NULL
4308,27808,1421246303,0,NULL,NULL
4308,5538,1421246304,1,NULL,NULL
4308,24436,1421246302,0,NULL,NULL
4308,31801,1421246303,0,NULL,NULL
4308,19902,1421246303,0,NULL,NULL
4310,27949,1421166809,1,NULL,NULL
4310,10727,1421166810,1,NULL,NULL
4310,30231,1421166809,0,NULL,NULL
4310,3948,1421166810,0,NULL,NULL
4310,33589,1421225211,1,NULL,NULL
4311,31633,1420759898,1,NULL,NULL
4311,6947,1420759898,1,NULL,NULL
4311,11102,1420759898,-1,NULL,NULL
4311,33642,1421166808,0,NULL,NULL
4315,517,1421130660,0,NULL,NULL
4315,24099,1421130660,0,NULL,NULL
4315,240,1421130660,0,NULL,NULL
4315,23125,1421130357,-1,NULL,NULL
4315,30876,1421130660,0,NULL,NULL
4316,34407,1421087798,1,NULL,NULL
4316,664,1421087798,0,NULL,NULL
4318,24690,1421066713,0,NULL,NULL
4321,4391,1420728546,0,NULL,NULL
4321,22725,1420423375,0,NULL,NULL
4321,16455,1420728546,1,NULL,NULL
4321,27762,1420728546,0,NULL,NULL
4321,1785,1420981464,0,NULL,NULL
4324,600,1420700447,0,NULL,NULL
4324,18468,1420700447,0,NULL,NULL
4324,17197,1420700447,1,NULL,NULL
4324,28231,1420701041,0,NULL,NULL
4327,15104,1420656418,0,NULL,NULL
4327,5121,1420656418,0,NULL,NULL
4327,4683,1420656418,0,NULL,NULL
4327,28214,1420656418,0,NULL,NULL
4332,17195,1420375391,1,NULL,NULL
4333,7105,1420353435,1,NULL,NULL
4334,17402,1420352911,0,0.0,0.0
4335,9920,1420351395,0,NULL,NULL
4338,19390,1420183734,0,NULL,NULL
4341,22078,1419768424,1,NULL,NULL
4349,34269,1419329147,0,NULL,NULL
4349,26683,1419328683,1,NULL,NULL
4349,13167,1419328683,-1,NULL,NULL
4349,13698,1419329147,0,NULL,NULL
4349,9993,1419329147,-1,NULL,NULL
4354,27444,1315611519,1,NULL,NULL
4354,13540,1315611519,0,NULL,NULL
4354,32859,1315611519,0,NULL,NULL
4354,6292,1315611519,0,NULL,NULL
4354,14937,1315611519,0,NULL,NULL
4355,11415,1419148759,1,NULL,NULL
4357,31027,1418899631,0,NULL,NULL
4357,10365,1418899631,0,NULL,NULL
4360,5006,1418233447,0,NULL,NULL
4360,15640,1418232359,1,NULL,NULL
4360,4084,1418230972,1,NULL,NULL
4360,27972,1418289305,-1,NULL,NULL
4360,35407,1418740575,0,NULL,NULL
4361,3903,1418793052,-1,NULL,NULL
4361,10576,1418800183,0,NULL,NULL
4362,21173,1418799922,0,NULL,NULL
4362,10947,1418799922,0,NULL,NULL
4366,16461,1417345569,-1,NULL,NULL
4366,31700,1417345569,0,NULL,NULL
4366,5571,1417409787,0,NULL,NULL
4366,35647,1417409787,1,NULL,NULL
4366,33229,1417488816,0,NULL,NULL
4368,26822,1415641391,0,NULL,NULL
4368,20835,1418494750,-1,NULL,NULL
4368,4222,1418494750,0,NULL,NULL
4368,18684,1418494750,0,NULL,NULL
4368,19140,1418494750,-1,NULL,NULL
4369,33535,1418342461,-1,NULL,NULL
4369,5929,1418342461,0,NULL,NULL
4370,1052,1418304586,1,NULL,NULL
4370,470,1418304586,1,NULL,NULL
4370,21572,1418304586,0,NULL,NULL
4370,26779,1418304586,1,NULL,NULL
4372,10188,1418296722,1,NULL,NULL
4372,24232,1418296722,0,NULL,NULL
4380,20661,1418046467,0,0.0,0.0
4380,2293,1418046467,0,NULL,NULL
4380,12915,1418046467,1,NULL,NULL
4385,1638,1417748494,1,NULL,NULL
4385,27437,1417748507,0,NULL,NULL
4385,7043,1417748526,0,NULL,NULL
4386,12584,1417748525,0,NULL,NULL
4386,25730,1417748525,0,0.0,0.0
4386,7655,1417748525,0,NULL,NULL
4386,24671,1417748525,0,NULL,NULL
4386,2742,1417748525,0,NULL,NULL
4387,7510,1417683087,1,NULL,NULL
4388,3929,1417637936,-1,NULL,NULL
4388,25230,1417680604,0,NULL,NULL
4388,7390,1417680604,1,NULL,NULL
4388,25857,1417680604,0,NULL,NULL
4390,1241,1417677497,0,NULL,NULL
4391,33404,1417675423,1,NULL,NULL
4391,508,1417674549,0,NULL,NULL
4391,15988,1417674880,0,NULL,NULL
4391,8203,1417675423,0,NULL,NULL
4391,33811,1417674880,0,NULL,NULL
4393,8589,1417112786,0,NULL,NULL
4393,10069,1417634509,0,0.0,0.0
4393,9000,1417634509,0,NULL,NULL
4393,15620,1417112786,0,0.0,0.0
4393,26909,1417112786,1,NULL,NULL
4395,37114,1417633300,0,NULL,NULL
4395,4414,1417633300,0,NULL,NULL
4396,23222,1417632020,0,NULL,NULL
4396,32218,1417631680,1,NULL,NULL
4396,19057,1417631679,0,NULL,NULL
4396,21231,1417631679,1,NULL,NULL
4396,715,1417631680,1,NULL,NULL
4399,29674,1417615072,1,0.0,0.0
4406,22023,1417530424,1,NULL,NULL
4406,24665,1417530424,-1,NULL,NULL
4406,14164,1417530424,1,NULL,NULL
4406,27870,1417530424,0,NULL,NULL
4409,9303,1417515760,0,NULL,NULL
4411,21,1417488815,1,NULL,NULL
4411,34571,1417488815,0,NULL,NULL
4411,16260,1417488816,0,NULL,NULL
4413,3910,1417428144,0,NULL,NULL
4414,1689,1417364805,1,NULL,NULL
4414,28017,1417427443,0,NULL,NULL
4414,12355,1417427443,-1,NULL,NULL
4414,10427,1417364805,1,NULL,NULL
4414,9820,1417364805,0,NULL,NULL
4415,35629,1415665301,0,NULL,NULL
4415,8077,1415665301,0,NULL,NULL
4415,20321,1415665301,0,NULL,NULL
4415,32802,1415665301,0,NULL,NULL
4415,11873,1415665301,0,NULL,NULL
4417,1078,1417362578,0,NULL,NULL
4418,12802,1417361384,1,NULL,NULL
4423,8839,1417351430,-1,NULL,NULL
4428,12269,1417170404,-1,NULL,NULL
4434,30416,1417072577,0,NULL,NULL
4434,8319,1417072577,0,NULL,NULL
4435,16049,1416903494,1,NULL,NULL
4435,27142,1416903494,1,NULL,NULL
4435,9458,1417072577,0,NULL,NULL
4436,15819,1416827956,0,NULL,NULL
4436,11970,1416827956,-1,NULL,NULL
4436,11424,1416827956,0,NULL,NULL
4436,25020,1416827956,0,NULL,NULL
4436,36994,1416827956,0,NULL,NULL
4439,33731,1416581216,0,NULL,NULL
4444,34398,1416471267,0,NULL,NULL
4445,4291,1416471267,1,NULL,NULL
4445,19120,1416471267,0,NULL,NULL
4445,34137,1416471267,1,NULL,NULL
4446,26553,1416381947,1,NULL,NULL
4450,5410,1416278368,1,NULL,NULL
4450,10087,1416278368,1,NULL,NULL
4451,10017,1416197239,0,NULL,NULL
4451,7150,1416197162,1,NULL,NULL
4451,19659,1416197238,0,NULL,NULL
4451,17655,1416197239,0,NULL,NULL
4451,11696,1416197239,0,NULL,NULL
4454,34495,1415982148,0,NULL,NULL
4454,35064,1415380018,0,NULL,NULL
4454,11844,1415982148,1,NULL,NULL
4454,195,1415982148,0,NULL,NULL
4454,27807,1415377925,0,NULL,NULL
4455,19974,1415965105,0,NULL,NULL
4455,11015,1415965105,1,NULL,NULL
4457,16997,1415886433,1,NULL,NULL
4457,2873,1415886433,1,NULL,NULL
4459,22028,1415777420,-1,NULL,NULL
4459,30665,1415790446,0,NULL,NULL
4459,23240,1415777420,1,NULL,NULL
4459,4185,1415777420,-1,NULL,NULL
4459,8116,1415777420,0,NULL,NULL
4464,15501,1415521890,1,NULL,NULL
4464,10234,1415521890,1,NULL,NULL
4464,9763,1415521890,0,NULL,NULL
4464,12240,1415717331,1,NULL,NULL
4464,32447,1415521890,0,NULL,NULL
4466,14818,1415709436,-1,NULL,NULL
4466,15717,1415709436,1,NULL,NULL
4466,33284,1415709436,0,NULL,NULL
4468,26201,1415371788,1,NULL,NULL
4468,37214,1415709132,0,NULL,NULL
4469,4633,1415709131,1,NULL,NULL
4469,22926,1415709132,0,NULL,NULL
4469,2038,1415709132,0,NULL,NULL
4473,5892,1415627472,1,NULL,NULL
4473,22610,1415627472,1,NULL,NULL
4473,12272,1415628610,0,NULL,NULL
4473,16091,1415627472,0,NULL,NULL
4473,16412,1415627472,1,NULL,NULL
4474,9897,1415391503,0,NULL,NULL
4474,6354,1415391503,0,NULL,NULL
4474,7517,1415391503,-1,NULL,NULL
4474,16624,1415391503,0,NULL,NULL
4474,17861,1415391503,0,NULL,NULL
4475,33607,1415367795,0,NULL,NULL
4475,22644,1415367795,0,NULL,NULL
4475,27504,1415367795,1,NULL,NULL
4476,27450,1415367111,-1,NULL,NULL
4479,22779,1415324064,0,NULL,NULL
4479,7154,1415068933,-1,NULL,NULL
4479,36231,1415069694,0,NULL,NULL
4479,26483,1415068933,1,NULL,NULL
4479,37204,1415068933,1,NULL,NULL
4480,27235,1415301234,0,NULL,NULL
4480,22907,1415301234,-1,NULL,NULL
4480,35264,1415301234,0,NULL,NULL
4480,12815,1415301234,0,NULL,NULL
4481,22508,1415267295,1,NULL,NULL
4481,24367,1415267295,1,NULL,NULL
4481,27341,1413963709,1,NULL,NULL
4481,5735,1414500888,1,NULL,NULL
4481,31070,1414500888,0,NULL,NULL
4482,9753,1415189526,0,NULL,NULL
4482,27378,1415189526,-1,NULL,NULL
4486,12508,1415068933,1,NULL,NULL
4486,28304,1415068933,1,NULL,NULL
4486,36526,1415069900,0,NULL,NULL
4487,16946,1415068933,0,NULL,NULL
4487,37224,1415068933,0,0.0,0.0
4489,8341,1415024390,1,NULL,NULL
4489,35187,1415024390,1,NULL,NULL
4489,36337,1415024390,0,NULL,NULL
4489,9975,1415024390,1,NULL,NULL
4489,23849,1415024390,0,NULL,NULL
4495,5055,1414851833,0,NULL,NULL
4495,13612,1414851833,1,NULL,NULL
4495,22888,1414866328,0,NULL,NULL
4498,6831,1414830906,0,NULL,NULL
4498,31585,1414830906,1,NULL,NULL
4499,18708,1414745295,1,NULL,NULL
4499,21156,1414745295,1,NULL,NULL
4500,6765,1414659868,0,NULL,NULL
4500,24609,1414659868,1,NULL,NULL
4501,26516,1414636430,0,NULL,NULL
4502,17678,1414567725,0,NULL,NULL
4502,14589,1414567725,0,NULL,NULL
4504,1669,1414483023,0,NULL,NULL
4507,30675,1414412511,0,NULL,NULL
4508,6235,1414400701,0,NULL,NULL
4509,1787,1414398230,1,NULL,NULL
4510,19856,1414313493,0,NULL,NULL
4510,28664,1414372157,0,NULL,NULL
4515,20719,1414186995,0,NULL,NULL
4515,13930,1414186995,0,NULL,NULL
4515,27738,1414186995,0,NULL,NULL
4516,6187,1414186995,0,NULL,NULL
4516,19375,1414186995,1,NULL,NULL
4519,5940,1411953223,0,NULL,NULL
4519,8187,1411953223,0,NULL,NULL
4519,30320,1414130911,0,NULL,NULL
4519,9100,1414132385,0,NULL,NULL
4519,24499,1411884693,0,NULL,NULL
4521,30808,1413963710,0,NULL,NULL
4521,7089,1413963710,0,NULL,NULL
4521,27471,1413963710,0,NULL,NULL
4521,31528,1413963710,0,NULL,NULL
4521,265,1413963710,0,NULL,NULL
4527,19124,1413789569,1,NULL,NULL
4527,26504,1413789569,1,NULL,NULL
4527,141,1413789569,1,NULL,NULL
4532,24867,1413527619,1,NULL,NULL
4532,6252,1413527619,1,NULL,NULL
4532,26972,1413527619,1,NULL,NULL
4536,30953,1413254513,1,NULL,NULL
4536,14201,1413254514,1,NULL,NULL
4536,22272,1413254513,1,NULL,NULL
4536,5223,1413254513,1,NULL,NULL
4536,15173,1413254514,1,NULL,NULL
4537,26135,1413254513,0,NULL,NULL
4537,13535,1413254513,0,NULL,NULL
4540,6900,1411441287,0,NULL,NULL
4540,34162,1412954352,1,NULL,NULL
4540,745,1411376258,0,NULL,NULL
4540,10603,1412954352,0,NULL,NULL
4540,26976,1411376258,0,NULL,NULL
4543,245,1412842277,1,NULL,NULL
4544,16900,1412840448,0,NULL,NULL
4544,11759,1412770445,0,NULL,NULL
4544,25918,1412840448,0,NULL,NULL
4544,13750,1412840448,0,NULL,NULL
4544,37104,1412770445,0,NULL,NULL
4546,26994,1412777799,1,NULL,NULL
4547,402,1412775159,0,NULL,NULL
4547,6144,1412775159,1,NULL,NULL
4547,12824,1412775390,0,NULL,NULL
4551,27016,1411549322,0,NULL,NULL
4551,20495,1411716281,0,NULL,NULL
4551,10489,1411716281,1,NULL,NULL
4551,27741,1411893113,-1,NULL,NULL
4552,21171,1411745960,-1,NULL,NULL
4552,20723,1411893112,0,NULL,NULL
4552,4201,1411745960,0,NULL,NULL
4552,22620,1411745960,1,NULL,NULL
4552,18470,1411745960,-1,NULL,NULL
4554,19264,1411874407,1,NULL,NULL
4554,15739,1411874354,0,NULL,NULL
4554,12784,1411874275,1,NULL,NULL
4554,1472,1411874275,0,NULL,NULL
4554,30103,1411874275,1,NULL,NULL
4556,17091,1411847187,1,NULL,NULL
4556,20255,1411847187,1,NULL,NULL
4556,37267,1411847187,0,NULL,NULL
4556,18780,1411847187,0,NULL,NULL
4558,24910,1411816423,0,NULL,NULL
4558,13557,1411845208,0,NULL,NULL
4558,2357,1411845208,1,NULL,NULL
4558,9242,1411845208,0,NULL,NULL
4561,12146,1411697264,0,NULL,NULL
4561,12826,1411697264,0,NULL,NULL
4561,28630,1411697264,1,NULL,NULL
4561,7364,1411697716,0,NULL,NULL
4561,1983,1411697264,1,NULL,NULL
4574,2658,1411105889,1,NULL,NULL
4574,26813,1411105889,1,NULL,NULL
4574,21913,1411105995,0,NULL,NULL
4574,12677,1411105995,0,NULL,NULL
4576,12802,1410922136,1,NULL,NULL
4577,21129,1392715556,1,NULL,NULL
4577,11745,1410922136,0,NULL,NULL
4578,28845,1410922136,-1,NULL,NULL
4578,22178,1406200704,0,NULL,NULL
4578,11844,1406200704,0,NULL,NULL
4578,440,1406200704,0,NULL,NULL
4578,7920,1406200704,-1,NULL,NULL
4581,2669,1410838238,-1,NULL,NULL
4581,2122,1410838238,0,NULL,NULL
4585,31590,1410462702,1,NULL,NULL
4586,8481,1410454792,1,NULL,NULL
4589,31115,1410353746,0,NULL,NULL
4590,18988,1410267866,1,NULL,NULL
4590,19946,1410314194,0,NULL,NULL
4591,417,1410274121,1,NULL,NULL
4592,17195,1410241511,1,NULL,NULL
4597,32464,1410010261,-1,NULL,NULL
4597,19327,1408174077,0,NULL,NULL
4597,11002,1408174077,0,NULL,NULL
4597,13271,1408264493,1,NULL,NULL
4597,10952,1410010261,-1,NULL,NULL
4599,26522,1409846246,0,NULL,NULL
4599,19108,1409846246,1,NULL,NULL
4608,13243,1409553669,1,NULL,NULL
4609,17315,1409553669,0,NULL,NULL
4612,14117,1409390406,0,NULL,NULL
4612,5520,1409390406,0,NULL,NULL
4612,5305,1409390406,0,NULL,NULL
4612,22401,1409390406,0,NULL,NULL
4613,12680,1409385444,0,NULL,NULL
4613,27359,1409385444,0,NULL,NULL
4613,27212,1409389677,0,NULL,NULL
4613,6932,1409389677,0,NULL,NULL
4613,27406,1409389677,1,NULL,NULL
4614,7574,1409385526,1,NULL,NULL
4617,1279,1409304001,1,NULL,NULL
4617,14496,1409304001,1,NULL,NULL
4617,3995,1409304001,1,NULL,NULL
4620,21195,1409229761,1,NULL,NULL
4621,29437,1409216658,1,NULL,NULL
4623,34189,1408949298,1,NULL,NULL
4623,28098,1409152619,1,NULL,NULL
4623,17973,1408949298,0,NULL,NULL
4623,32904,1408948256,0,NULL,NULL
4623,15505,1408949298,1,NULL,NULL
4624,6587,1409140378,-1,NULL,NULL
4624,26426,1409130730,0,NULL,NULL
4624,18621,1409130730,0,NULL,NULL
4624,7273,1409140378,-1,NULL,NULL
4624,13629,1409141227,0,NULL,NULL
4628,28157,1409118999,1,NULL,NULL
4628,14416,1409118999,0,NULL,NULL
4628,17448,1409118999,1,NULL,NULL
4629,15762,1409115979,0,NULL,NULL
4630,26670,1409093859,0,NULL,NULL
4630,18438,1409093859,0,NULL,NULL
4631,2875,1409084908,0,NULL,NULL
4633,19162,1409061488,0,NULL,NULL
4634,5524,1409058901,0,NULL,NULL
4634,19071,1409061027,0,NULL,NULL
4635,28009,1409061020,1,NULL,NULL
4636,15639,1409042052,1,NULL,NULL
4636,14931,1409042052,0,NULL,NULL
4639,30699,1408971395,-1,NULL,NULL
4639,13590,1408971395,1,NULL,NULL
4639,13241,1408971395,1,NULL,NULL
4640,33940,1408959180,0,NULL,NULL
4640,28000,1408959180,0,NULL,NULL
4640,31811,1408959180,0,NULL,NULL
4640,4992,1408959180,0,NULL,NULL
4640,24242,1408959180,0,NULL,NULL
4641,10464,1408953663,1,NULL,NULL
4641,26228,1408953663,0,NULL,NULL
4641,26086,1408953663,-1,NULL,NULL
4641,36635,1408953663,0,NULL,NULL
4641,15511,1408953663,1,NULL,NULL
4643,17402,1408720265,0,0.0,0.0
4648,5308,1408687658,0,NULL,NULL
4648,32108,1408657035,0,NULL,NULL
4648,2135,1408687658,0,NULL,NULL
4648,7407,1408657035,0,NULL,NULL
4648,12202,1408687658,0,NULL,NULL
4650,1542,1408664625,0,NULL,NULL
4650,23889,1408664625,-1,NULL,NULL
4650,6148,1408664625,0,NULL,NULL
4650,5722,1408664625,0,NULL,NULL
4650,24607,1408664625,0,NULL,NULL
4652,7719,1408586884,-1,NULL,NULL
4652,5393,1408586884,0,NULL,NULL
4652,8309,1408586884,0,NULL,NULL
4652,1381,1408586884,-1,NULL,NULL
4652,33583,1408586884,0,NULL,NULL
4654,27720,1408520137,0,NULL,NULL
4659,34808,1408434298,1,NULL,NULL
4661,7842,1408432819,1,NULL,NULL
4663,30253,1408366514,1,NULL,NULL
4666,14965,1408341187,1,NULL,NULL
4666,5426,1408341187,0,NULL,NULL
4666,8880,1408341187,1,NULL,NULL
4666,147,1408341187,0,NULL,NULL
4666,13279,1408341187,1,NULL,NULL
4668,18211,1408131258,0,NULL,NULL
4668,21159,1408131258,1,NULL,NULL
4668,6011,1408131258,1,NULL,NULL
4670,8747,1408076848,1,NULL,NULL
4670,33244,1408071522,0,NULL,NULL
4670,26684,1408071482,0,NULL,NULL
4670,20243,1408076848,0,NULL,NULL
4670,26209,1408071482,-1,NULL,NULL
4671,24237,1408052164,0,NULL,NULL
4676,32113,1406129879,-1,NULL,NULL
4676,17577,1406282787,-1,NULL,NULL
4676,13467,1407936910,-1,NULL,NULL
4676,14196,1406284924,1,NULL,NULL
4676,5654,1406280054,1,NULL,NULL
4678,16332,1407835681,0,NULL,NULL
4678,15672,1407854663,0,NULL,NULL
4678,37309,1407854663,0,NULL,NULL
4678,8388,1407924033,1,NULL,NULL
4679,36231,1407923390,1,NULL,NULL
4679,31764,1407923390,1,NULL,NULL
4679,11929,1407923390,0,NULL,NULL
4679,33679,1407923390,-1,NULL,NULL
4679,16988,1407923390,-1,NULL,NULL
4682,19542,1407916336,1,NULL,NULL
4682,28710,1407917851,0,NULL,NULL
4682,11887,1407917851,-1,NULL,NULL
4682,30449,1407917851,0,NULL,NULL
4682,34338,1407916336,0,NULL,NULL
4684,5555,1406731396,0,NULL,NULL
4684,1890,1406731396,1,NULL,NULL
4684,23261,1407832751,0,NULL,NULL
4687,8816,1407782351,0,NULL,NULL
4689,32137,1407436669,0,NULL,NULL
4689,24079,1407436669,0,NULL,NULL
4689,17442,1407436669,0,NULL,NULL
4690,16711,1407313151,0,NULL,NULL
4690,32709,1407313151,0,NULL,NULL
4690,33450,1407422990,0,NULL,NULL
4690,29566,1407313151,0,NULL,NULL
4690,25006,1407422990,0,NULL,NULL
4693,11953,1407169212,0,NULL,NULL
4697,18624,1407137049,1,NULL,NULL
4701,16141,1406602035,0,NULL,NULL
4701,17662,1406560309,1,NULL,NULL
4701,9936,1406560309,0,NULL,NULL
4701,10408,1406602035,1,NULL,NULL
4701,20516,1406560309,0,NULL,NULL
4702,18018,1406537449,1,NULL,NULL
4702,28026,1406537449,1,NULL,NULL
4702,12544,1406537449,0,NULL,NULL
4702,17052,1406537449,1,NULL,NULL
4702,17157,1406537449,1,NULL,NULL
4705,574,1406274247,1,NULL,NULL
4706,37196,1406270534,1,NULL,NULL
4709,7390,1406187077,-1,NULL,NULL
4709,28809,1406187077,1,NULL,NULL
4709,13127,1406187077,-1,NULL,NULL
4709,8700,1406187077,1,NULL,NULL
4709,2206,1406187077,0,NULL,NULL
4712,25992,1406108279,1,NULL,NULL
4712,13361,1406108279,0,NULL,NULL
4712,13259,1406108279,1,NULL,NULL
4716,12399,1406025295,0,NULL,NULL
4716,4869,1406025295,1,NULL,NULL
4716,10091,1406025295,0,NULL,NULL
4718,18060,1406020582,-1,NULL,NULL
4723,7675,1405843600,0,NULL,NULL
4725,27736,1405842178,1,NULL,NULL
4725,14247,1405842178,1,NULL,NULL
4725,644,1405842178,0,NULL,NULL
4727,32161,1405498614,1,NULL,NULL
4727,12697,1405498614,1,NULL,NULL
4727,8749,1405498614,1,NULL,NULL
4727,11694,1405498614,1,NULL,NULL
4727,2658,1405498614,1,NULL,NULL
4728,27960,1405496527,1,NULL,NULL
4728,26445,1405496527,0,NULL,NULL
4728,36695,1405496527,0,NULL,NULL
4728,30706,1405496527,0,NULL,NULL
4728,13775,1405496527,0,NULL,NULL
4729,11073,1405414867,-1,NULL,NULL
4729,35811,1405411766,0,0.0,0.0
4729,20249,1405411766,1,NULL,NULL
4729,4903,1405411766,0,NULL,NULL
4729,31421,1405414867,0,NULL,NULL
4731,18057,1405303109,1,NULL,NULL
4733,4041,1405155340,0,NULL,NULL
4733,33042,1405155340,1,NULL,NULL
4733,10506,1405154514,0,NULL,NULL
4733,4836,1405155340,0,NULL,NULL
4733,9556,1405154514,0,NULL,NULL
4736,31317,1405073171,1,NULL,NULL
4736,2189,1405073171,1,NULL,NULL
4736,4028,1405073171,0,NULL,NULL
4738,9972,1405069428,0,NULL,NULL
4738,12662,1405069428,0,NULL,NULL
4739,15805,1404639850,0,NULL,NULL
4739,27543,1404639850,0,NULL,NULL
4739,3927,1404639850,-1,NULL,NULL
4739,6896,1404639850,0,NULL,NULL
4739,14330,1404639850,0,NULL,NULL
4741,10358,1404976404,0,NULL,NULL
4749,6113,1404482904,0,NULL,NULL
4749,29609,1404482904,1,NULL,NULL
4751,4742,1404476285,-1,NULL,NULL
4752,17009,1404473516,1,NULL,NULL
4752,32206,1404473516,0,NULL,NULL
4752,21613,1404473516,0,NULL,NULL
4752,6615,1404473516,1,NULL,NULL
4752,458,1404473516,1,NULL,NULL
4757,9559,1404377348,0,NULL,NULL
4758,4042,1404367729,-1,NULL,NULL
4762,18791,1404327441,0,NULL,NULL
4762,1321,1404327441,0,NULL,NULL
4762,28402,1404327441,0,NULL,NULL
4762,10079,1404327441,-1,NULL,NULL
4763,27703,1404219431,1,NULL,NULL
4763,16522,1404219431,0,NULL,NULL
4763,7959,1404219431,0,NULL,NULL
4766,27352,1404135545,-1,NULL,NULL
4766,21117,1404135808,0,NULL,NULL
4766,21958,1404135545,0,NULL,NULL
4766,12655,1404135808,0,NULL,NULL
4766,21303,1404135808,0,NULL,NULL
4767,17543,1403864683,1,NULL,NULL
4767,464,1403864683,1,NULL,NULL
4767,30889,1403864683,1,NULL,NULL
4767,27119,1403864683,1,NULL,NULL
4767,24642,1403864683,0,NULL,NULL
4773,31134,1403795045,0,NULL,NULL
4774,9271,1403791680,0,NULL,NULL
4775,11014,1403755392,1,NULL,NULL
4775,17632,1403755392,1,NULL,NULL
4775,16319,1403764212,0,NULL,NULL
4775,26976,1403764212,0,NULL,NULL
4776,23895,1403755392,0,NULL,NULL
4776,24891,1403755392,0,NULL,NULL
4776,8121,1403763231,0,NULL,NULL
4777,27305,1403755392,1,NULL,NULL
4777,16859,1403755392,1,NULL,NULL
4781,31379,1403690302,0,NULL,NULL
4782,9902,1403689085,0,NULL,NULL
4783,15688,1403684619,0,NULL,NULL
4783,10279,1403684619,0,NULL,NULL
4784,6686,1397115395,0,NULL,NULL
4784,19412,1397115395,0,NULL,NULL
4784,147,1403623279,-1,NULL,NULL
4791,28053,1403074575,-1,NULL,NULL
4791,28243,1403074575,0,NULL,NULL
4791,19156,1403074575,0,NULL,NULL
4791,27379,1403074773,0,NULL,NULL
4791,34380,1403074575,1,NULL,NULL
4792,8855,1403074575,1,NULL,NULL
4794,18356,1403010983,0,NULL,NULL
4794,15936,1403009559,0,NULL,NULL
4794,4304,1403009559,0,NULL,NULL
4794,32555,1403009559,0,NULL,NULL
4794,12603,1403010983,0,NULL,NULL
4797,5588,1402933689,0,NULL,NULL
4797,7482,1402933689,0,NULL,NULL
4797,5945,1402944125,0,NULL,NULL
4797,10239,1402933689,0,NULL,NULL
4797,28007,1402944125,0,NULL,NULL
4798,18185,1402926308,0,NULL,NULL
4798,13930,1402926308,0,NULL,NULL
4798,16811,1402944084,0,NULL,NULL
4798,30050,1402944084,0,NULL,NULL
4804,33721,1402640974,0,NULL,NULL
4810,9689,1402476861,1,NULL,NULL
4813,25115,1402406243,0,NULL,NULL
4813,16359,1402406243,0,NULL,NULL
4814,14864,1402401263,0,NULL,NULL
4814,30382,1402401263,0,NULL,NULL
4814,16775,1402402884,0,NULL,NULL
4815,27263,1402058056,0,NULL,NULL
4815,7830,1402058056,0,NULL,NULL
4815,37064,1402058056,0,NULL,NULL
4815,35844,1402058056,1,NULL,NULL
4815,32918,1402060209,0,NULL,NULL
4818,21194,1395007434,1,NULL,NULL
4818,35107,1402032387,0,NULL,NULL
4818,36368,1394971794,0,NULL,NULL
4818,33385,1395007434,1,NULL,NULL
4818,6427,1395007434,0,NULL,NULL
4825,24434,1401308986,1,NULL,NULL
4825,36611,1401308986,1,NULL,NULL
4825,28078,1401312180,0,NULL,NULL
4825,13593,1401401683,0,NULL,NULL
4827,9478,1401353368,0,NULL,NULL
4827,4469,1401353367,0,NULL,NULL
4827,23928,1401362835,0,NULL,NULL
4827,30278,1401353368,-1,NULL,NULL
4827,2039,1401353367,0,NULL,NULL
4829,20682,1401178316,-1,NULL,NULL
4835,1203,1400843431,-1,NULL,NULL
4835,14941,1400843431,1,NULL,NULL
4836,7143,1400828627,1,NULL,NULL
4837,31851,1400828322,1,NULL,NULL
4837,28280,1400828322,0,NULL,NULL
4837,12337,1400828322,-1,NULL,NULL
4837,1773,1400828322,0,NULL,NULL
4837,17720,1400828322,0,NULL,NULL
4839,28050,1400681864,0,NULL,NULL
4842,13727,1400046259,0,NULL,NULL
4842,34328,1399984197,1,NULL,NULL
4842,1033,1399984197,1,NULL,NULL
4842,10810,1399984197,0,NULL,NULL
4842,4122,1399984197,-1,NULL,NULL
4852,37335,1399541432,-1,NULL,NULL
4852,16974,1399538157,1,NULL,NULL
4852,13029,1399538157,1,NULL,NULL
4852,4487,1399541432,-1,NULL,NULL
4852,18129,1399538157,0,NULL,NULL
4856,19458,1399260811,0,NULL,NULL
4856,30130,1399260811,-1,NULL,NULL
4858,30107,1396963314,-1,NULL,NULL
4858,16173,1396963314,0,NULL,NULL
4858,16652,1396963314,0,NULL,NULL
4858,26875,1396963314,0,NULL,NULL
4858,32472,1399191876,0,NULL,NULL
4859,14393,1398998520,0,NULL,NULL
4859,24710,1399022208,0,NULL,NULL
4861,405,1398869056,-1,NULL,NULL
4861,4635,1398869056,0,NULL,NULL
4861,12258,1398869056,1,NULL,NULL
4861,1661,1398869056,0,NULL,NULL
4861,15724,1398869056,-1,NULL,NULL
4862,18102,1398782164,0,NULL,NULL
4864,24542,1398761166,0,NULL,NULL
4864,1734,1398761166,0,NULL,NULL
4864,1202,1398761166,0,NULL,NULL
4866,15247,1398663504,0,NULL,NULL
4868,6635,1398430434,0,NULL,NULL
4870,26299,1398356246,1,NULL,NULL
4870,7161,1398356246,0,NULL,NULL
4870,28624,1398356246,1,NULL,NULL
4870,26535,1398356246,1,NULL,NULL
4877,32011,1398004819,0,NULL,NULL
4878,27871,1398004819,0,NULL,NULL
4878,22942,1398004819,0,NULL,NULL
4879,7943,1397631363,1,NULL,NULL
4879,8706,1397644883,0,NULL,NULL
4879,22469,1397726308,1,NULL,NULL
4880,28123,1397661071,1,NULL,NULL
4880,27717,1397661071,0,NULL,NULL
4880,1674,1397661071,0,NULL,NULL
4882,21321,1397571008,-1,NULL,NULL
4882,34402,1397571008,0,NULL,NULL
4882,27749,1397571008,0,NULL,NULL
4882,13214,1397578482,0,NULL,NULL
4886,29597,1397219993,1,NULL,NULL
4886,14250,1397219993,0,NULL,NULL
4886,9702,1397276149,1,NULL,NULL
4886,16191,1397276149,0,NULL,NULL
4888,6499,1397113632,-1,NULL,NULL
4889,28463,1397032918,-1,NULL,NULL
4889,32087,1397032918,1,NULL,NULL
4894,6412,1396874555,1,NULL,NULL
4894,28576,1396874555,0,NULL,NULL
4895,6,1396862286,0,NULL,NULL
4895,22408,1396862286,0,NULL,NULL
4895,19418,1396862286,0,NULL,NULL
4897,16439,1396582628,1,NULL,NULL
4897,27269,1396582628,1,NULL,NULL
4897,12781,1396582628,1,NULL,NULL
4897,33459,1396582628,0,NULL,NULL
4897,32184,1396582628,0,NULL,NULL
4899,18757,1396510634,0,NULL,NULL
4899,11744,1396510634,1,NULL,NULL
4899,10907,1396510634,0,NULL,NULL
4899,13854,1396118890,0,NULL,NULL
4899,12839,1396117984,0,NULL,NULL
4903,7825,1396340523,1,NULL,NULL
4903,18421,1396235494,1,NULL,NULL
4903,15778,1396340523,1,NULL,NULL
4903,16471,1396331667,0,NULL,NULL
4903,33268,1396331667,1,NULL,NULL
4906,9926,1396035689,0,NULL,NULL
4906,33296,1396035689,1,NULL,NULL
4906,20959,1396251267,0,NULL,NULL
4906,24174,1396035689,0,NULL,NULL
4906,14000,1396035689,0,NULL,NULL
4907,19139,1396180427,0,NULL,NULL
4907,13413,1396180427,0,NULL,NULL
4907,7785,1396180427,1,NULL,NULL
4907,17988,1396180427,0,NULL,NULL
4907,29645,1396180427,1,NULL,NULL
4908,2880,1396163155,0,NULL,NULL
4908,28164,1396163155,0,NULL,NULL
4908,6318,1396163155,-1,NULL,NULL
4908,13192,1396163155,-1,NULL,NULL
4908,1619,1396163155,0,NULL,NULL
4912,28161,1395757200,0,NULL,NULL
4913,27605,1395884854,0,NULL,NULL
4913,2179,1395884854,0,NULL,NULL
4917,15399,1395578431,0,NULL,NULL
4917,30881,1395578431,0,NULL,NULL
4919,4743,1395310143,1,NULL,NULL
4922,31995,1395222662,1,NULL,NULL
4922,33128,1395222662,1,NULL,NULL
4924,23713,1395137210,1,NULL,NULL
4925,20946,1395131110,0,NULL,NULL
4925,23250,1395131110,1,NULL,NULL
4926,30927,1395086292,1,NULL,NULL
4927,23733,1395067510,-1,NULL,NULL
4927,32376,1395067510,-1,NULL,NULL
4927,18961,1395067510,0,NULL,NULL
4927,18302,1395067510,0,NULL,NULL
4927,8124,1395067510,0,NULL,NULL
4928,4364,1395051151,0,NULL,NULL
4928,8805,1395051151,1,NULL,NULL
4928,24563,1395051151,1,NULL,NULL
4928,8727,1395051151,0,NULL,NULL
4929,31462,1395047034,0,NULL,NULL
4929,18096,1395047034,-1,NULL,NULL
4929,34029,1395047034,0,NULL,NULL
4929,35099,1395047034,-1,NULL,NULL
4929,31594,1395047034,-1,NULL,NULL
4933,28054,1394703723,1,NULL,NULL
4933,4019,1394703723,-1,NULL,NULL
4933,4395,1394703723,1,NULL,NULL
4934,26407,1394701963,0,NULL,NULL
4938,23758,1394641373,1,NULL,NULL
4938,12289,1394641373,0,NULL,NULL
4938,28285,1394641373,1,NULL,NULL
4938,25982,1394641373,0,NULL,NULL
4938,8719,1394641373,0,NULL,NULL
4939,28222,1394614602,0,NULL,NULL
4939,7201,1394630465,-1,NULL,NULL
4939,12028,1394614602,-1,NULL,NULL
4939,11890,1394614602,0,NULL,NULL
4939,14858,1394614602,1,NULL,NULL
4946,24847,1394350491,-1,NULL,NULL
4946,4928,1394350491,-1,NULL,NULL
4946,9675,1394350491,0,NULL,NULL
4946,12901,1394350491,0,NULL,NULL
4947,23584,1394210692,1,NULL,NULL
4948,28288,1394162273,-1,NULL,NULL
4949,12432,1394114426,0,NULL,NULL
4949,6631,1394114426,0,NULL,NULL
4950,25742,1394045965,1,NULL,NULL
4950,28356,1394045965,0,NULL,NULL
4957,191,1393772780,1,NULL,NULL
4959,9740,1393614946,0,NULL,NULL
4959,24925,1393615000,1,NULL,NULL
4964,33181,1393553004,0,NULL,NULL
4964,619,1393553004,1,NULL,NULL
4966,8340,1393485441,0,NULL,NULL
4966,36257,1393485441,0,NULL,NULL
4966,16615,1393485441,1,NULL,NULL
4966,31360,1393485441,-1,NULL,NULL
4966,21557,1393485441,1,NULL,NULL
4968,24593,1392727251,-1,NULL,NULL
4968,2076,1392727251,1,NULL,NULL
4968,5905,1392727251,1,NULL,NULL
4968,24164,1393382789,0,NULL,NULL
4970,31548,1393347216,1,NULL,NULL
4973,33951,1393043933,0,NULL,NULL
4973,13786,1393043933,0,NULL,NULL
4975,14164,1392916006,-1,NULL,NULL
4975,4791,1392758173,-1,NULL,NULL
4975,33663,1392738911,-1,NULL,NULL
4975,24139,1392758173,1,NULL,NULL
4975,25794,1392800145,1,NULL,NULL
4982,33393,1392704804,0,NULL,NULL
4984,17992,1392618586,-1,NULL,NULL
4984,9256,1392618586,1,NULL,NULL
4990,25750,1392297430,1,NULL,NULL
4990,16149,1392297430,0,NULL,NULL
4990,26965,1392297430,0,NULL,NULL
4990,16152,1392297430,0,NULL,NULL
4990,18497,1392297430,1,NULL,NULL
4993,22099,1392295122,0,NULL,NULL
4996,8512,1392222889,1,NULL,NULL
4998,20262,1392113040,0,NULL,NULL
4998,37108,1392115521,0,NULL,NULL
4998,20079,1392115521,0,NULL,NULL
4998,17799,1392115521,0,NULL,NULL
4998,25105,1392113040,0,NULL,NULL
5002,12793,1392024839,1,NULL,NULL
5004,6347,1391825866,0,NULL,NULL
5004,6043,1391825866,0,NULL,NULL
5004,35290,1391847922,-1,NULL,NULL
5004,4354,1391825866,0,NULL,NULL
5004,13406,1391847922,0,NULL,NULL
5005,20669,1391846745,1,NULL,NULL
5008,20763,1391790298,0,NULL,NULL
5010,13174,1391765992,0,NULL,NULL
5010,6621,1391762823,0,NULL,NULL
5010,8893,1391765992,0,NULL,NULL
5010,21127,1391765992,0,NULL,NULL
5010,21538,1391762823,0,NULL,NULL
5012,10808,1391704858,1,NULL,NULL
5014,12900,1391601448,1,NULL,NULL
5015,21963,1391597028,0,NULL,NULL
5016,16625,1391594981,1,NULL,NULL
5016,21089,1391594981,1,NULL,NULL
5016,30324,1391594981,0,NULL,NULL
5019,6298,1391506368,1,NULL,NULL
5019,7477,1391500441,1,NULL,NULL
5019,23870,1391500441,1,NULL,NULL
5019,25794,1391506368,0,NULL,NULL
5019,22862,1391500441,1,NULL,NULL
5020,12881,1391454837,1,NULL,NULL
5020,28051,1391454837,1,NULL,NULL
5020,17578,1391454837,1,NULL,NULL
5022,30391,1391435723,1,NULL,NULL
5022,15656,1391435723,1,NULL,NULL
5023,12761,1391433139,0,NULL,NULL
5026,5586,1391184191,1,NULL,NULL
5027,7661,1390994935,0,NULL,NULL
5027,15887,1390994935,0,NULL,NULL
5027,22747,1390994935,1,NULL,NULL
5038,28764,1389960824,0,NULL,NULL
5038,14406,1389960824,0,NULL,NULL
5040,2167,1389865229,0,NULL,NULL
5040,2192,1389865229,0,NULL,NULL
5040,26030,1389864983,1,NULL,NULL
5040,7387,1389864983,1,NULL,NULL
5040,4101,1389864983,0,NULL,NULL
5041,9957,1389756304,0,NULL,NULL
5041,4974,1389756304,1,NULL,NULL
5043,30319,1389619762,1,NULL,NULL
5043,16799,1389619762,1,NULL,NULL
5044,35327,1389582168,0,NULL,NULL
5044,28387,1389582168,-1,NULL,NULL
5047,14190,1389348786,1,NULL,NULL
5047,18681,1389348786,0,NULL,NULL
5050,15849,1389346085,0,NULL,NULL
5050,23809,1389346085,0,NULL,NULL
5050,22471,1389346085,0,NULL,NULL
5050,29660,1389346085,-1,NULL,NULL
5050,29718,1389346085,0,NULL,NULL
5054,4552,1389184559,1,NULL,NULL
5057,17655,1389086449,0,NULL,NULL
5063,26998,1388753595,1,NULL,NULL
5063,18400,1388753595,1,NULL,NULL
5063,30351,1388752157,1,NULL,NULL
5063,13918,1388752157,1,NULL,NULL
5063,24756,1388753595,1,NULL,NULL
5064,14903,1388730778,0,NULL,NULL
5064,12461,1388730778,-1,NULL,NULL
5064,7215,1388730778,1,NULL,NULL
5064,15240,1388730778,1,NULL,NULL
5064,20034,1388730778,0,NULL,NULL
5067,30990,1388476130,1,NULL,NULL
5067,19712,1388476130,0,NULL,NULL
5070,9115,1388134277,0,NULL,NULL
5070,640,1388134277,0,NULL,NULL
5073,10989,1387683871,0,NULL,NULL
5073,33271,1387682204,1,NULL,NULL
5073,35080,1387683871,0,NULL,NULL
5073,4361,1388071888,-1,NULL,NULL
5073,26773,1388073982,1,NULL,NULL
5075,14945,1387296387,1,NULL,NULL
5075,13660,1388050197,0,NULL,NULL
5075,31936,1387296387,1,NULL,NULL
5075,19802,1387296387,1,NULL,NULL
5075,6354,1387296387,0,NULL,NULL
5081,5660,1387560657,1,NULL,NULL
5082,13080,1387544979,0,NULL,NULL
5082,20861,1387544979,0,NULL,NULL
5082,36942,1387544979,1,NULL,NULL
5083,31217,1387538999,1,NULL,NULL
5083,18675,1387538999,1,NULL,NULL
5083,9248,1387538999,0,NULL,NULL
5091,33451,1387176823,0,NULL,NULL
5091,27565,1387176823,1,NULL,NULL
5092,25876,1387012868,0,NULL,NULL
5094,7867,1386918758,1,NULL,NULL
5094,35394,1386918758,1,NULL,NULL
5095,17129,1386904719,0,NULL,NULL
5103,1735,1386660778,1,NULL,NULL
5103,4233,1386660778,0,NULL,NULL
5103,16129,1386660778,0,NULL,NULL
5103,34966,1386660778,0,NULL,NULL
5103,20376,1386660778,1,NULL,NULL
5104,27751,1386658883,1,NULL,NULL
5104,33486,1386658883,-1,NULL,NULL
5104,33480,1386659840,1,NULL,NULL
5104,5795,1386659840,0,NULL,NULL
5107,33675,1386238716,0,NULL,NULL
5107,27854,1386238716,0,NULL,NULL
5110,4605,1386132738,-1,NULL,NULL
5110,30829,1386132738,1,NULL,NULL
5112,37358,1386089018,-1,NULL,NULL
5114,22039,1386064190,0,NULL,NULL
5114,1748,1386064190,0,NULL,NULL
5114,28481,1386064190,0,NULL,NULL
5114,16068,1386064190,0,NULL,NULL
5114,37414,1386064190,0,NULL,NULL
5118,2396,1385977893,0,NULL,NULL
5118,7884,1385977893,0,NULL,NULL
5119,27843,1385966300,0,NULL,NULL
5119,5038,1385966300,0,NULL,NULL
5119,24212,1385966300,0,NULL,NULL
5119,12029,1385967275,0,NULL,NULL
5123,1466,1385627950,-1,NULL,NULL
5126,4569,1385542316,1,NULL,NULL
5126,9266,1385542316,1,NULL,NULL
5126,2859,1385542316,0,NULL,NULL
5127,35047,1385455507,1,NULL,NULL
5127,310,1385455507,0,NULL,NULL
5129,15195,1385447419,0,NULL,NULL
5131,33529,1385292978,1,NULL,NULL
5132,36586,1385288840,1,NULL,NULL
5132,14218,1385288840,1,NULL,NULL
5132,4702,1385288840,0,NULL,NULL
5134,31,1385068972,1,NULL,NULL
5134,28593,1385068972,1,NULL,NULL
5134,30819,1385281293,-1,NULL,NULL
5136,15521,1385208657,0,NULL,NULL
5137,1191,1385161580,0,NULL,NULL
5137,17062,1385161580,1,NULL,NULL
5137,6109,1385161580,1,NULL,NULL
5142,35318,1385053401,1,NULL,NULL
5142,27683,1385053794,0,NULL,NULL
5142,15729,1385053401,1,NULL,NULL
5142,18994,1385053401,-1,NULL,NULL
5142,26100,1385053401,0,NULL,NULL
5143,32628,1385035836,0,NULL,NULL
5143,28725,1385035836,1,NULL,NULL
5143,33662,1385035836,1,NULL,NULL
5148,31196,1384854251,0,NULL,NULL
5148,4196,1384907339,0,NULL,NULL
5148,33452,1384854251,1,NULL,NULL
5148,20574,1384855497,0,NULL,NULL
5148,27713,1384854251,0,NULL,NULL
5150,8038,1384881190,0,NULL,NULL
5150,28692,1384881190,0,NULL,NULL
5151,32093,1384853066,0,NULL,NULL
5151,34962,1384866507,1,NULL,NULL
5151,32737,1384878085,1,NULL,NULL
5151,21826,1384853066,1,NULL,NULL
5151,18233,1384867650,-1,NULL,NULL
5153,15347,1384867704,0,NULL,NULL
5153,22083,1384867704,0,NULL,NULL
5155,21157,1384748900,1,NULL,NULL
5155,7435,1384748900,1,NULL,NULL
5155,6345,1384852527,-1,NULL,NULL
5156,2804,1384830543,0,NULL,NULL
5156,11991,1384830543,0,NULL,NULL
5157,4401,1384771800,0,NULL,NULL
5159,13412,1384450797,1,NULL,NULL
5159,5835,1384450797,1,NULL,NULL
5159,26826,1384450797,1,NULL,NULL
5159,13424,1384450797,1,NULL,NULL
5159,27367,1384450797,0,NULL,NULL
5160,13688,1380364571,1,NULL,NULL
5160,23078,1384445183,1,NULL,NULL
5161,6,1384436685,-1,NULL,NULL
5161,128,1384436685,0,NULL,NULL
5161,215,1384436685,0,NULL,NULL
5161,26428,1384436685,0,NULL,NULL
5161,8799,1384436685,-1,NULL,NULL
5163,11982,1384411718,1,NULL,NULL
5163,2406,1384418100,0,NULL,NULL
5164,18124,1384357286,1,NULL,NULL
5170,29562,1384245172,0,NULL,NULL
5170,1275,1384245172,0,NULL,NULL
5172,22427,1384171109,1,NULL,NULL
5172,7120,1384181745,1,NULL,NULL
5172,17026,1384181745,1,NULL,NULL
5174,12253,1384084168,-1,NULL,NULL
5174,14053,1384084168,-1,NULL,NULL
5174,25866,1384084168,1,NULL,NULL
5176,14211,1383922352,0,NULL,NULL
5179,10423,1383906761,0,NULL,NULL
5181,9459,1383637498,1,NULL,NULL
5181,22928,1383745768,0,NULL,NULL
5181,33466,1383788280,0,NULL,NULL
5186,30273,1383603928,1,NULL,NULL
5186,12576,1383663986,0,NULL,NULL
5190,26484,1383251616,1,NULL,NULL
5199,2090,1382962715,0,NULL,NULL
5199,10639,1382962715,0,NULL,NULL
5206,11756,1382698041,0,NULL,NULL
5206,28246,1382698041,-1,NULL,NULL
5206,4403,1382698041,-1,NULL,NULL
5206,9459,1382698041,1,NULL,NULL
5207,22666,1382535707,1,NULL,NULL
5207,9246,1382675987,0,NULL,NULL
5208,26058,1382618021,1,NULL,NULL
5209,10911,1382560934,0,NULL,NULL
5209,16945,1382560934,0,NULL,NULL
5209,23804,1382560934,0,NULL,NULL
5209,28386,1382560934,0,NULL,NULL
5211,4807,1382535707,-1,NULL,NULL
5213,16480,1382435721,0,NULL,NULL
5217,13547,1382349902,1,NULL,NULL
5217,7534,1382349902,1,NULL,NULL
5217,35543,1382349902,0,NULL,NULL
5223,4484,1382131552,0,NULL,NULL
5223,16616,1382131552,1,NULL,NULL
5223,15523,1382131552,0,NULL,NULL
5223,17312,1382131552,-1,NULL,NULL
5231,24070,1381739733,0,NULL,NULL
5231,25894,1381739733,0,NULL,NULL
5231,16471,1381739733,-1,NULL,NULL
5232,1751,1381655581,0,NULL,NULL
5232,24586,1381655581,0,NULL,NULL
5235,28744,1381573042,0,NULL,NULL
5236,31169,1381571383,0,NULL,NULL
5236,18051,1381572263,0,NULL,NULL
5237,28206,1381567550,1,NULL,NULL
5237,24529,1381567550,0,NULL,NULL
5242,20514,1381487561,1,NULL,NULL
5242,8840,1381487561,1,NULL,NULL
5242,17869,1381487561,1,NULL,NULL
5246,36542,1381375024,1,NULL,NULL
5246,20283,1381264532,1,NULL,NULL
5246,13881,1381295702,0,NULL,NULL
5246,10522,1381264532,1,NULL,NULL
5246,24089,1381295702,1,NULL,NULL
5248,19939,1381290457,0,NULL,NULL
5249,5998,1381289987,0,NULL,NULL
5253,9231,1381213584,0,NULL,NULL
5253,4341,1381213584,0,NULL,NULL
5254,8014,1381196413,0,NULL,NULL
5257,13194,1380373064,0,NULL,NULL
5257,5397,1380373064,0,NULL,NULL
5257,27464,1381142659,0,NULL,NULL
5257,21554,1381142659,0,NULL,NULL
5259,33236,1380876998,0,NULL,NULL
5260,9767,1380797616,1,NULL,NULL
5260,11802,1380797616,0,NULL,NULL
5261,1,1380795523,1,NULL,NULL
5263,1437,1380724828,-1,NULL,NULL
5263,257,1380724828,-1,NULL,NULL
5263,25863,1380724828,1,NULL,NULL
5263,26819,1380724828,0,NULL,NULL
5263,4329,1380724828,1,NULL,NULL
5264,23513,1380690880,1,NULL,NULL
5264,32755,1380690880,1,NULL,NULL
5264,9117,1375893213,1,NULL,NULL
5264,34307,1380690880,0,NULL,NULL
5264,22940,1375893213,-1,NULL,NULL
5266,9241,1380628378,0,NULL,NULL
5266,37606,1380628378,0,NULL,NULL
5270,15666,1380615277,0,NULL,NULL
5270,13668,1380615277,1,NULL,NULL
5270,27471,1380615277,0,NULL,NULL
5272,20617,1380583852,0,NULL,NULL
5272,27759,1380583852,0,NULL,NULL
5272,2384,1380583852,0,NULL,NULL
5272,34429,1380583852,1,NULL,NULL
5272,9545,1380583852,0,NULL,NULL
5278,28232,1380449845,0,NULL,NULL
5279,25648,1380442499,1,NULL,NULL
5279,26470,1380442499,0,NULL,NULL
5280,5780,1380366092,0,NULL,NULL
5283,1707,1380061764,0,NULL,NULL
5283,22982,1380061764,-1,NULL,NULL
5283,26808,1380065859,0,NULL,NULL
5283,19120,1380066195,0,NULL,NULL
5283,19880,1380063515,0,NULL,NULL
5290,5682,1379660829,0,NULL,NULL
5291,540,1379517335,1,NULL,NULL
5291,18525,1379517335,0,NULL,NULL
5293,9461,1379509253,0,NULL,NULL
5293,7478,1379509253,1,NULL,NULL
5293,7991,1379510934,1,NULL,NULL
5293,20191,1379510934,0,NULL,NULL
5294,21537,1378804096,0,NULL,NULL
5294,18717,1378804096,0,NULL,NULL
5294,21736,1379502551,0,NULL,NULL
5294,12878,1378804096,1,NULL,NULL
5294,30907,1379502551,0,NULL,NULL
5301,9711,1379411936,0,NULL,NULL
5301,8914,1379411936,1,NULL,NULL
5304,4915,1379402993,-1,NULL,NULL
5305,9570,1379388658,0,NULL,NULL
5305,16432,1379388658,0,NULL,NULL
5308,26757,1379384145,0,NULL,NULL
5308,20508,1379384145,0,NULL,NULL
5310,6978,1379343680,1,NULL,NULL
5313,30261,1379253900,-1,NULL,NULL
5313,28451,1379253900,0,NULL,NULL
5313,13145,1379253900,0,NULL,NULL
5313,24249,1379253900,0,NULL,NULL
5314,18708,1379233656,1,NULL,NULL
5314,4356,1379233656,1,NULL,NULL
5315,30328,1379154535,1,NULL,NULL
5318,13172,1379062104,-1,NULL,NULL
5319,17422,1379060852,1,NULL,NULL
5319,12016,1379060852,1,NULL,NULL
5319,21684,1379060852,0,NULL,NULL
5319,6617,1379060852,0,NULL,NULL
5320,5197,1378970759,1,NULL,NULL
5320,34813,1378970759,0,NULL,NULL
5323,32015,1378890246,0,NULL,NULL
5327,4159,1378801539,0,NULL,NULL
5327,25687,1378801539,0,NULL,NULL
5327,2207,1378801539,0,NULL,NULL
5327,30973,1378801539,0,NULL,NULL
5327,22111,1378801539,1,NULL,NULL
5334,11411,1378298859,1,NULL,NULL
5334,5293,1378299570,1,NULL,NULL
5338,17503,1378206923,1,NULL,NULL
5338,16536,1378206923,0,NULL,NULL
5338,21088,1378206923,1,NULL,NULL
5339,37556,1378202957,1,NULL,NULL
5340,27350,1378172086,0,NULL,NULL
5341,12152,1378136431,0,NULL,NULL
5348,8080,1377944668,0,NULL,NULL
5352,20007,1377830732,1,NULL,NULL
5355,584,1377767314,0,NULL,NULL
5355,10603,1377767314,1,NULL,NULL
5355,16553,1377769730,1,NULL,NULL
5357,4393,1377691581,1,NULL,NULL
5358,20141,1377611504,0,NULL,NULL
5358,28647,1377611504,0,NULL,NULL
5358,26468,1377611504,0,NULL,NULL
5358,18223,1377611504,0,NULL,NULL
5358,4525,1377611504,0,NULL,NULL
5360,27230,1377540098,1,NULL,NULL
5363,37368,1377530058,-1,NULL,NULL
5365,22418,1377519119,1,NULL,NULL
5365,21374,1377520219,1,NULL,NULL
5365,13453,1377519119,1,NULL,NULL
5365,22187,1377519119,1,NULL,NULL
5365,19127,1377520219,1,NULL,NULL
5366,22917,1377441032,0,NULL,NULL
5366,20243,1377441032,0,NULL,NULL
5366,27740,1377441032,1,NULL,NULL
5368,20988,1377421963,-1,NULL,NULL
5368,28296,1377421963,0,NULL,NULL
5368,4595,1377421963,1,NULL,NULL
5371,15237,1377253979,-1,NULL,NULL
5378,27176,1377203467,1,NULL,NULL
5378,22336,1377203467,1,NULL,NULL
5379,11955,1377191598,1,NULL,NULL
5384,21279,1377167549,1,NULL,NULL
5384,4826,1377167549,1,NULL,NULL
5385,26650,1377166766,1,NULL,NULL
5385,14859,1377166766,0,NULL,NULL
5385,36092,1377166766,0,NULL,NULL
5385,23325,1377166766,0,NULL,NULL
5385,31197,1377166766,0,NULL,NULL
5395,20488,1376659055,1,NULL,NULL
5395,22366,1376659055,0,NULL,NULL
5395,6066,1376659055,1,NULL,NULL
5395,26038,1376659055,1,NULL,NULL
5395,20282,1376659055,0,NULL,NULL
5396,15987,1376653153,1,NULL,NULL
5396,24120,1376653153,0,NULL,NULL
5396,22543,1376653153,1,NULL,NULL
5396,32200,1376653153,1,NULL,NULL
5396,16576,1376653153,1,NULL,NULL
5397,14927,1376391438,1,NULL,NULL
5397,22300,1376474802,-1,NULL,NULL
5397,9826,1376391438,0,NULL,NULL
5397,37321,1376635667,0,NULL,NULL
5397,34062,1376635667,0,NULL,NULL
5400,4624,1376603206,0,NULL,NULL
5401,31528,1376573256,1,NULL,NULL
5403,26986,1376565762,1,NULL,NULL
5403,16706,1376565762,0,NULL,NULL
5404,5027,1376549254,0,NULL,NULL
5404,20038,1376549254,0,NULL,NULL
5404,16007,1376558158,1,NULL,NULL
5404,4486,1376549254,0,NULL,NULL
5404,21696,1376549254,0,NULL,NULL
5411,6972,1374437990,1,NULL,NULL
5411,31102,1374421365,1,NULL,NULL
5411,10729,1374498682,0,NULL,NULL
5411,34030,1374141724,1,NULL,NULL
5411,12510,1374486636,1,NULL,NULL
5412,8447,1376376995,-1,NULL,NULL
5412,14365,1376376995,0,NULL,NULL
5413,10840,1376374990,0,NULL,NULL
5414,36242,1376329511,1,NULL,NULL
5414,1790,1376329511,0,NULL,NULL
5414,2300,1376329511,0,NULL,NULL
5414,16059,1376026161,-1,NULL,NULL
5414,31084,1376026161,1,NULL,NULL
5418,26374,1376293993,0,NULL,NULL
5422,17495,1375962325,0,NULL,NULL
5422,23518,1375962325,1,NULL,NULL
5422,18326,1375962325,0,NULL,NULL
5422,21876,1375962325,1,NULL,NULL
5423,12841,1375922630,0,NULL,NULL
5423,14032,1375922630,0,NULL,NULL
5423,8571,1375947089,1,NULL,NULL
5424,26635,1375893213,0,NULL,NULL
5425,6975,1375887321,0,NULL,NULL
5425,32404,1375887321,0,NULL,NULL
5425,244,1375887321,1,NULL,NULL
5426,26700,1375869876,1,NULL,NULL
5429,5814,1375859093,1,NULL,NULL
5429,31890,1375859093,1,NULL,NULL
5431,33946,1375796271,0,NULL,NULL
5431,8696,1375796271,0,NULL,NULL
5431,12323,1375796271,-1,NULL,NULL
5431,9589,1375796271,0,NULL,NULL
5431,3937,1375796271,0,NULL,NULL
5433,16242,1375756072,1,NULL,NULL
5433,33862,1375759861,0,NULL,NULL
5433,18273,1375759861,0,NULL,NULL
5433,24476,1375756072,0,NULL,NULL
5433,5282,1375756508,0,NULL,NULL
5436,32112,1375465302,0,NULL,NULL
5437,20773,1375414413,1,NULL,NULL
5437,30346,1375440519,-1,NULL,NULL
5437,2179,1375414413,1,NULL,NULL
5437,2931,1375414413,1,NULL,NULL
5437,34542,1375441529,0,NULL,NULL
5441,20978,1375284020,0,NULL,NULL
5441,4635,1375284020,1,NULL,NULL
5441,30933,1375284020,1,NULL,NULL
5441,17800,1375284020,0,NULL,NULL
5444,6719,1375194479,0,NULL,NULL
5444,8994,1374785564,1,NULL,NULL
5444,29817,1375194479,-1,NULL,NULL
5444,5590,1375194479,1,NULL,NULL
5444,10527,1375194480,1,NULL,NULL
5447,8734,1375080441,1,NULL,NULL
5451,27415,1369746347,0,NULL,NULL
5451,26282,1369917378,0,NULL,NULL
5451,35376,1369038382,-1,NULL,NULL
5451,21815,1369575605,0,NULL,NULL
5451,8350,1369581709,0,NULL,NULL
5453,17200,1375000947,0,NULL,NULL
5453,13655,1375000947,-1,NULL,NULL
5453,10218,1375000947,-1,NULL,NULL
5454,17603,1374994134,0,NULL,NULL
5455,17319,1374945319,-1,NULL,NULL
5460,24885,1374677011,0,NULL,NULL
5460,33586,1374668237,0,NULL,NULL
5460,1816,1374677176,0,NULL,NULL
5460,14027,1374666861,0,NULL,NULL
5460,16021,1374666033,1,NULL,NULL
5463,34554,1374576174,-1,NULL,NULL
5463,14111,1374576174,1,NULL,NULL
5463,17809,1374463023,0,NULL,NULL
5463,9804,1374576174,0,NULL,NULL
5463,12808,1374463023,0,NULL,NULL
5467,8950,1374507067,0,NULL,NULL
5467,12485,1374507067,1,NULL,NULL
5468,1398,1374484140,1,NULL,NULL
5468,23201,1374484140,1,NULL,NULL
5475,19848,1374046825,-1,NULL,NULL
5476,7633,1373970633,1,NULL,NULL
5476,1428,1373888893,-1,NULL,NULL
5476,56,1373888893,-1,NULL,NULL
5476,22472,1373894307,0,NULL,NULL
5476,17985,1373892320,1,NULL,NULL
5477,33726,1373957116,0,NULL,NULL
5483,667,1373684755,0,NULL,NULL
5483,7954,1373684755,-1,NULL,NULL
5484,28237,1371720388,0,NULL,NULL
5484,12735,1371720388,0,NULL,NULL
5484,29589,1371720388,0,NULL,NULL
5484,4970,1371720980,0,NULL,NULL
5489,18261,1355735497,0,NULL,NULL
5489,4534,1355735497,0,NULL,NULL
5489,4870,1373527436,1,NULL,NULL
5489,8277,1373527436,1,NULL,NULL
5491,27158,1373488668,0,NULL,NULL
5492,12265,1373474307,0,NULL,NULL
5493,12228,1373450535,-1,NULL,NULL
5493,33638,1373450535,-1,NULL,NULL
5493,16989,1373472553,1,NULL,NULL
5493,37039,1373472553,1,NULL,NULL
5494,28263,1373464118,0,NULL,NULL
5494,18371,1373465273,-1,NULL,NULL
5496,5275,1373378924,0,NULL,NULL
5496,14948,1373376462,-1,NULL,NULL
5496,27168,1373376462,-1,NULL,NULL
5496,2228,1373376462,0,NULL,NULL
5496,9272,1373376462,1,NULL,NULL
5498,8760,1373207010,1,NULL,NULL
5498,17151,1373356903,1,NULL,NULL
5498,8625,1373356903,1,NULL,NULL
5498,9899,1373358358,1,NULL,NULL
5502,5220,1373044601,-1,NULL,NULL
5502,8755,1373044601,1,NULL,NULL
5504,16723,1372817674,1,NULL,NULL
5506,6217,1372757626,1,NULL,NULL
5506,25072,1372757626,0,NULL,NULL
5507,20133,1372665042,0,NULL,NULL
5507,35316,1372665042,0,NULL,NULL
5509,26920,1372369821,0,NULL,NULL
5509,22602,1372369821,0,NULL,NULL
5513,9394,1372151114,0,NULL,NULL
5515,13873,1372144345,1,NULL,NULL
5515,26216,1372144345,0,NULL,NULL
5518,21718,1372077642,0,NULL,NULL
5518,27878,1372077642,1,NULL,NULL
5518,6142,1372077642,0,NULL,NULL
5518,25675,1372077642,1,NULL,NULL
5518,3917,1372077642,0,NULL,NULL
5519,37337,1372067640,1,NULL,NULL
5519,28440,1372068755,0,NULL,NULL
5520,27563,1372059986,1,NULL,NULL
5520,18380,1372059986,1,NULL,NULL
5520,28757,1372059986,0,NULL,NULL
5520,447,1372060498,0,NULL,NULL
5521,18268,1371975565,0,NULL,NULL
5521,14118,1371975565,0,NULL,NULL
5521,10056,1371975565,1,NULL,NULL
5521,1922,1371975565,-1,NULL,NULL
5522,30686,1371973139,-1,NULL,NULL
5523,383,1371972388,0,NULL,NULL
5523,6118,1371972388,0,NULL,NULL
5523,18824,1371972388,0,NULL,NULL
5525,21236,1371758881,1,NULL,NULL
5525,1543,1371758881,0,NULL,NULL
5525,23394,1371758881,1,NULL,NULL
5525,29606,1371758970,0,NULL,NULL
5526,9403,1371758881,0,NULL,NULL
5527,9859,1371727463,1,NULL,NULL
5527,21991,1371727463,1,NULL,NULL
5527,1029,1371727463,0,NULL,NULL
5527,17956,1371727463,1,NULL,NULL
5527,23838,1371727463,1,NULL,NULL
5533,30999,1370610941,-1,NULL,NULL
5535,269,1370591088,1,NULL,NULL
5535,17130,1370591088,-1,NULL,NULL
5535,16152,1370591088,1,NULL,NULL
5535,21022,1370591088,-1,NULL,NULL
5535,17979,1370591088,0,NULL,NULL
5536,14856,1370525104,0,NULL,NULL
5538,14491,1370425405,1,NULL,NULL
5538,19976,1366703540,0,NULL,NULL
5538,15713,1370425405,0,NULL,NULL
5538,16853,1366703540,0,NULL,NULL
5538,24381,1370359608,-1,NULL,NULL
5542,18408,1370336217,1,NULL,NULL
5542,2015,1369237436,1,NULL,NULL
5542,28112,1369220574,0,NULL,NULL
5542,23000,1369237436,0,NULL,NULL
5542,12361,1369296860,0,NULL,NULL
5543,31988,1370330968,1,NULL,NULL
5545,14934,1370267280,0,NULL,NULL
5545,18773,1370267280,1,NULL,NULL
5545,27659,1370267280,-1,NULL,NULL
5545,32114,1370267280,-1,NULL,NULL
5545,34652,1370267280,-1,NULL,NULL
5547,4985,1370248580,0,NULL,NULL
5548,26508,1370240382,1,NULL,NULL
5548,26446,1370240382,0,NULL,NULL
5549,27542,1370188984,1,NULL,NULL
5552,7211,1370166143,0,NULL,NULL
5552,1816,1370166143,0,NULL,NULL
5552,3959,1370166143,0,NULL,NULL
5553,31587,1370010949,0,NULL,NULL
5554,36353,1369295080,0,NULL,NULL
5554,20134,1369272836,0,NULL,NULL
5554,8357,1370006151,0,NULL,NULL
5554,22114,1369295080,0,NULL,NULL
5554,25143,1369219587,0,NULL,NULL
5555,22643,1369947956,-1,NULL,NULL
5555,9753,1369947956,1,NULL,NULL
5555,11890,1369947956,1,NULL,NULL
5555,651,1369947956,1,NULL,NULL
5555,9725,1369947956,0,NULL,NULL
5556,30279,1369919143,0,NULL,NULL
5556,33337,1369919143,0,NULL,NULL
5560,17399,1369656487,0,NULL,NULL
5560,15653,1369656487,0,NULL,NULL
5560,23389,1369656487,1,NULL,NULL
5560,33504,1369656487,1,NULL,NULL
5566,18119,1369469229,0,NULL,NULL
5567,30840,1369467735,1,NULL,NULL
5569,465,1369409186,0,NULL,NULL
5575,8902,1369131096,0,NULL,NULL
5575,13630,1369131096,0,NULL,NULL
5575,34109,1369131096,0,NULL,NULL
5575,15494,1369131096,0,NULL,NULL
5575,16298,1369131096,0,NULL,NULL
5579,27910,1368079299,0,NULL,NULL
5579,16548,1368798440,1,NULL,NULL
5580,6298,1368794681,1,NULL,NULL
5580,30698,1368796308,1,NULL,NULL
5583,35525,1368789413,0,NULL,NULL
5583,28457,1368789413,-1,NULL,NULL
5587,30842,1368567454,1,NULL,NULL
5587,10372,1368567454,1,NULL,NULL
5588,35107,1368530416,0,NULL,NULL
5595,20657,1368347783,0,NULL,NULL
5595,1340,1368355513,0,NULL,NULL
5595,6971,1368347783,1,NULL,NULL
5595,2172,1368355513,0,NULL,NULL
5595,33323,1368355513,0,NULL,NULL
5597,13807,1368263112,1,NULL,NULL
5597,14547,1368263112,0,NULL,NULL
5597,13725,1368263112,1,NULL,NULL
5603,15682,1368004799,1,NULL,NULL
5603,26026,1368004799,1,NULL,NULL
5603,34370,1368004799,-1,NULL,NULL
5603,31707,1368004799,0,NULL,NULL
5603,28766,1368004799,0,NULL,NULL
5605,8829,1368002103,1,NULL,NULL
5606,6121,1367992977,0,NULL,NULL
5608,14887,1367403358,1,NULL,NULL
5608,25236,1367403358,1,NULL,NULL
5608,37161,1367403358,1,NULL,NULL
5608,23908,1367403358,0,NULL,NULL
5608,24706,1367403358,-1,NULL,NULL
5609,13001,1367388523,1,NULL,NULL
5609,29576,1367388523,1,NULL,NULL
5615,21514,1366966780,0,NULL,NULL
5615,12121,1366966780,-1,NULL,NULL
5615,19151,1366966780,1,NULL,NULL
5615,17325,1366966780,0,NULL,NULL
5615,23344,1366966780,1,NULL,NULL
5619,35027,1366823714,0,NULL,NULL
5619,13518,1366823714,0,NULL,NULL
5619,1644,1366823714,1,NULL,NULL
5619,24560,1366823714,1,NULL,NULL
5619,14831,1366823714,1,NULL,NULL
5620,28557,1366810445,1,NULL,NULL
5620,19749,1366810445,1,NULL,NULL
5622,23217,1366796529,1,NULL,NULL
5626,9889,1366356173,1,NULL,NULL
5626,1773,1366626011,-1,NULL,NULL
5628,36486,1366625072,1,NULL,NULL
5628,24182,1366625072,1,NULL,NULL
5628,30222,1366625072,-1,NULL,NULL
5628,36634,1366625212,0,NULL,NULL
5629,9297,1366622521,1,NULL,NULL
5629,13424,1366622521,0,NULL,NULL
5631,14782,1366117921,0,NULL,NULL
5632,12973,1366112014,1,NULL,NULL
5632,13547,1366112014,-1,NULL,NULL
5635,29146,1365739989,1,NULL,NULL
5635,14925,1365740195,0,NULL,NULL
5635,15535,1366011056,0,NULL,NULL
5637,14786,1365932549,0,NULL,NULL
5637,11877,1366009688,0,NULL,NULL
5637,287,1366009688,1,NULL,NULL
5640,27820,1365934093,-1,NULL,NULL
5640,9247,1365934093,-1,NULL,NULL
5641,37296,1365845240,0,NULL,NULL
5644,12776,1365781613,1,NULL,NULL
5644,12005,1365781613,-1,NULL,NULL
5646,12315,1365574645,-1,NULL,NULL
5653,4036,1365073420,0,NULL,NULL
5653,11015,1365066755,0,NULL,NULL
5653,5251,1365067047,0,NULL,NULL
5653,9871,1365073420,0,NULL,NULL
5653,8324,1365068100,0,NULL,NULL
5657,150,1364727134,-1,NULL,NULL
5657,27074,1364949088,0,NULL,NULL
5658,1144,1364939806,1,NULL,NULL
5658,4228,1364939806,0,NULL,NULL
5660,17480,1364836208,1,NULL,NULL
5660,13116,1364836208,0,NULL,NULL
5660,13766,1364836208,1,NULL,NULL
5662,28710,1364718486,1,NULL,NULL
5666,33950,1364408559,1,NULL,NULL
5666,18524,1364408559,1,NULL,NULL
5669,8185,1364393196,1,NULL,NULL
5669,9921,1364393196,0,NULL,NULL
5669,12429,1364399336,0,NULL,NULL
5669,24961,1364399336,1,NULL,NULL
5678,34537,1363989700,0,NULL,NULL
5680,32434,1363911846,0,NULL,NULL
5680,36922,1363911846,0,NULL,NULL
5682,16389,1363874390,1,NULL,NULL
5684,16819,1363860744,1,NULL,NULL
5684,15866,1363860744,1,NULL,NULL
5685,9182,1363857420,-1,NULL,NULL
5686,7973,1363839264,1,NULL,NULL
5688,6550,1363419151,0,NULL,NULL
5688,23909,1363795596,1,NULL,NULL
5688,22868,1363338281,1,NULL,NULL
5688,5379,1363362145,-1,NULL,NULL
5688,17300,1363338281,1,NULL,NULL
5689,32252,1363792127,0,NULL,NULL
5689,21377,1363792127,1,NULL,NULL
5697,10109,1363621467,-1,NULL,NULL
5697,27637,1363621467,-1,NULL,NULL
5697,37085,1363621467,0,0.0,0.0
5702,7011,1363342352,1,NULL,NULL
5702,5505,1363342352,0,NULL,NULL
5703,26993,1363272961,1,NULL,NULL
5703,26022,1363272961,1,NULL,NULL
5704,24664,1363248313,0,NULL,NULL
5705,12878,1363229638,0,NULL,NULL
5706,6912,1362665662,-1,NULL,NULL
5706,28389,1362665662,1,NULL,NULL
5706,36159,1363181836,0,NULL,NULL
5706,34174,1362665662,1,NULL,NULL
5706,21232,1363181836,0,NULL,NULL
5708,12632,1363130464,1,NULL,NULL
5708,27054,1363130464,0,NULL,NULL
5709,7007,1363121513,1,NULL,NULL
5709,13873,1363121513,0,NULL,NULL
5709,16298,1363121513,0,NULL,NULL
5709,26448,1363121513,0,NULL,NULL
5709,21525,1363121513,0,NULL,NULL
5712,14453,1362748323,0,NULL,NULL
5715,9525,1362654451,-1,NULL,NULL
5715,30315,1362682750,1,NULL,NULL
5715,8240,1362654451,1,NULL,NULL
5715,36229,1362654451,1,NULL,NULL
5715,8152,1362682750,-1,NULL,NULL
5717,18386,1362661376,0,NULL,NULL
5717,9393,1362661376,1,NULL,NULL
5718,11926,1362552862,0,NULL,NULL
5718,478,1362552862,0,NULL,NULL
5718,13629,1362640045,0,NULL,NULL
5718,25897,1362640045,0,NULL,NULL
5724,14809,1362471088,0,NULL,NULL
5724,10173,1362471088,0,NULL,NULL
5724,8317,1362471088,1,NULL,NULL
5724,4508,1362471088,1,NULL,NULL
5732,5207,1361867101,0,NULL,NULL
5733,13541,1361791322,1,NULL,NULL
5745,2308,1360941347,1,NULL,NULL
5748,26017,1360321077,1,NULL,NULL
5748,23508,1360324485,1,NULL,NULL
5748,22095,1360335319,1,NULL,NULL
5748,15329,1360840554,1,NULL,NULL
5750,2193,1360662254,0,NULL,NULL
5750,6002,1360662254,0,NULL,NULL
5750,20430,1360662254,1,NULL,NULL
5750,19804,1360662254,0,NULL,NULL
5753,24839,1360659336,1,NULL,NULL
5755,3891,1360226385,1,NULL,NULL
5755,13863,1360293338,0,NULL,NULL
5760,5502,1360250114,0,NULL,NULL
5760,6411,1360250114,0,NULL,NULL
5761,10371,1360248626,-1,NULL,NULL
5763,22566,1360162961,1,NULL,NULL
5763,4597,1360162961,1,NULL,NULL
5763,37360,1360162961,1,NULL,NULL
5767,19447,1360030659,0,NULL,NULL
5768,7689,1359988324,0,NULL,NULL
5768,5244,1359988324,0,NULL,NULL
5768,15813,1359988324,0,NULL,NULL
5768,34209,1359988324,0,NULL,NULL
5769,1670,1359965528,0,NULL,NULL
5772,35024,1359881641,0,NULL,NULL
5772,24198,1359881641,1,NULL,NULL
5772,8434,1359881641,0,NULL,NULL
5772,18188,1359881641,1,NULL,NULL
5775,15629,1359811540,-1,NULL,NULL
5775,19049,1359811540,0,NULL,NULL
5775,11828,1359811540,0,NULL,NULL
5775,8315,1359811540,0,NULL,NULL
5775,8776,1359811540,0,NULL,NULL
5776,22485,1359802558,0,NULL,NULL
5776,21584,1359800523,0,NULL,NULL
5776,14417,1359800523,0,NULL,NULL
5776,12708,1359800523,1,NULL,NULL
5776,706,1359800523,1,NULL,NULL
5777,14139,1359736831,1,NULL,NULL
5777,6304,1359736831,-1,NULL,NULL
5777,9522,1359736831,0,NULL,NULL
5777,17855,1359736831,1,NULL,NULL
5777,18861,1359736831,-1,NULL,NULL
5780,27275,1359635251,0,NULL,NULL
5780,28316,1359630031,0,NULL,NULL
5780,34492,1359628214,0,NULL,NULL
5780,31001,1359628214,0,NULL,NULL
5780,11813,1359628214,1,NULL,NULL
5783,11898,1359540894,0,NULL,NULL
5783,32105,1359547452,1,NULL,NULL
5783,17145,1359547452,1,NULL,NULL
5784,14965,1359523562,0,NULL,NULL
5785,17108,1359096908,0,NULL,NULL
5785,14936,1359096908,-1,NULL,NULL
5785,14851,1359523536,1,NULL,NULL
5786,13501,1358885309,0,NULL,NULL
5786,26423,1358885309,0,NULL,NULL
5786,3960,1358885309,0,NULL,NULL
5786,28025,1358885309,0,NULL,NULL
5786,10293,1358885309,0,NULL,NULL
5788,9306,1359200734,0,NULL,NULL
5788,9,1359200734,1,NULL,NULL
5791,30848,1359098449,-1,NULL,NULL
5792,24324,1359049580,0,NULL,NULL
5792,33042,1359049580,1,NULL,NULL
5792,21676,1359049580,0,NULL,NULL
5794,22536,1359037952,0,NULL,NULL
5794,27666,1359037952,0,NULL,NULL
5795,26125,1358954767,0,NULL,NULL
5795,10071,1358954767,0,NULL,NULL
5795,27240,1358954767,0,NULL,NULL
5795,35669,1358954767,0,NULL,NULL
5795,32383,1358954767,0,NULL,NULL
5797,13650,1358784475,1,NULL,NULL
5798,8014,1358783902,0,NULL,NULL
5799,36197,1358771821,1,NULL,NULL
5800,16926,1358762241,0,NULL,NULL
5800,8625,1358762241,1,NULL,NULL
5800,17614,1358762241,-1,NULL,NULL
5800,11769,1358762241,1,NULL,NULL
5802,17585,1358753595,1,NULL,NULL
5804,19985,1358594971,1,NULL,NULL
5806,12074,1357871170,0,NULL,NULL
5806,19275,1358577433,0,NULL,NULL
5807,23438,1358531340,1,NULL,NULL
5807,26106,1358531340,1,NULL,NULL
5814,18327,1358422139,0,NULL,NULL
5814,12473,1358421589,0,NULL,NULL
5814,12184,1358422139,0,NULL,NULL
5814,24451,1358422139,0,NULL,NULL
5814,15638,1358421589,0,NULL,NULL
5815,5857,1358333181,-1,NULL,NULL
5815,5672,1358333181,1,NULL,NULL
5816,24811,1357775366,1,NULL,NULL
5816,27082,1358294193,0,NULL,NULL
5817,37367,1358269142,1,NULL,NULL
5817,28531,1358269246,0,NULL,NULL
5819,23875,1358149572,0,NULL,NULL
5822,14047,1357995403,1,NULL,NULL
5822,12844,1357995403,1,NULL,NULL
5822,9781,1357995403,1,NULL,NULL
5822,12650,1357995403,1,NULL,NULL
5822,36907,1357995403,0,NULL,NULL
5824,21069,1357868171,1,NULL,NULL
5824,19879,1357892873,1,NULL,NULL
5825,14842,1357881271,1,NULL,NULL
5825,2211,1357881271,-1,NULL,NULL
5825,31300,1357881271,1,NULL,NULL
5825,21206,1357883299,-1,NULL,NULL
5827,21155,1357870842,1,NULL,NULL
5827,24715,1357870842,1,NULL,NULL
5830,16341,1357720420,0,NULL,NULL
5830,6678,1357720420,1,NULL,NULL
5830,13412,1357816666,1,NULL,NULL
5830,20804,1357816666,0,NULL,NULL
5839,10212,1357371465,0,NULL,NULL
5840,7573,1357306875,0,NULL,NULL
5840,2023,1357306875,1,NULL,NULL
5840,13067,1357306875,-1,NULL,NULL
5840,24758,1357306875,0,NULL,NULL
5840,31111,1357306875,1,NULL,NULL
5843,28589,1357141936,0,NULL,NULL
5843,36942,1357141936,0,NULL,NULL
5844,16772,1355864287,1,NULL,NULL
5844,26652,1355864287,1,NULL,NULL
5844,20562,1355864287,0,NULL,NULL
5844,32780,1357138468,1,NULL,NULL
5853,13073,1356359436,0,NULL,NULL
5853,23021,1356359436,-1,NULL,NULL
5857,9678,1356097771,0,NULL,NULL
5857,31565,1356097771,1,NULL,NULL
5858,14327,1356093845,-1,NULL,NULL
5858,2079,1356093845,-1,NULL,NULL
5858,32921,1356093845,-1,NULL,NULL
5858,16995,1356094171,-1,NULL,NULL
5858,28814,1356093845,-1,NULL,NULL
5864,20847,1355910650,1,NULL,NULL
5864,34187,1355910650,1,NULL,NULL
5864,15836,1355910650,1,NULL,NULL
5865,24662,1355886201,1,NULL,NULL
5865,34301,1355886201,1,NULL,NULL
5870,37236,1355739468,0,NULL,NULL
5870,32683,1355739468,1,NULL,NULL
5870,28402,1355739468,0,NULL,NULL
5870,17279,1355739468,0,NULL,NULL
5870,11688,1355739468,0,NULL,NULL
5874,10396,1355576591,-1,NULL,NULL
5874,30837,1355576591,-1,NULL,NULL
5882,16429,1355287436,0,NULL,NULL
5882,32271,1355287436,0,NULL,NULL
5883,6144,1355227245,0,NULL,NULL
5883,5406,1353683167,0,NULL,NULL
5883,14794,1353683167,1,NULL,NULL
5883,6970,1355227245,0,NULL,NULL
5883,1902,1355227245,0,NULL,NULL
5885,9419,1354317074,0,NULL,NULL
5885,31696,1354317074,0,NULL,NULL
5885,37208,1354373437,0,NULL,NULL
5885,1621,1354373437,0,NULL,NULL
5885,24220,1354307196,0,NULL,NULL
5889,8674,1354711707,1,NULL,NULL
5889,28046,1354711707,1,NULL,NULL
5889,13755,1354711707,0,NULL,NULL
5894,31707,1354124555,1,NULL,NULL
5902,22441,1353783292,0,NULL,NULL
5902,8644,1353783292,1,NULL,NULL
5903,6450,1353660374,0,NULL,NULL
5907,28211,1353564353,0,NULL,NULL
5907,16044,1353564353,0,NULL,NULL
5909,693,1353506042,1,NULL,NULL
5909,21196,1353510560,0,NULL,NULL
5912,32616,1352454309,0,NULL,NULL
5912,33579,1353078230,0,NULL,NULL
5912,6144,1353395806,0,NULL,NULL
5912,22328,1353395806,0,NULL,NULL
5912,28712,1353078230,0,NULL,NULL
5913,22163,1353320279,1,NULL,NULL
5913,26235,1353320279,1,NULL,NULL
5917,9775,1353072265,0,NULL,NULL
5917,26797,1353072265,0,NULL,NULL
5918,14894,1352827558,1,NULL,NULL
5918,28581,1352827558,1,NULL,NULL
5918,30998,1352886214,0,NULL,NULL
5918,31336,1352886214,0,NULL,NULL
5918,4867,1352886964,-1,NULL,NULL
5919,689,1352874816,1,NULL,NULL
5919,32135,1352874816,0,NULL,NULL
5919,22242,1352874816,-1,NULL,NULL
5919,34082,1352874816,1,NULL,NULL
5921,280,1352120089,1,NULL,NULL
5921,23204,1352120089,1,NULL,NULL
5921,21350,1352120089,1,NULL,NULL
5921,21685,1352120089,1,NULL,NULL
5921,25019,1352120089,1,NULL,NULL
5922,13085,1352800078,0,NULL,NULL
5922,14129,1352800078,1,NULL,NULL
5922,9216,1352800078,1,NULL,NULL
5928,23511,1352556719,0,NULL,NULL
5928,17073,1352556719,1,NULL,NULL
5931,24854,1351333410,0,NULL,NULL
5931,8494,1352275472,0,NULL,NULL
5931,5930,1352124416,0,NULL,NULL
5931,26987,1352124416,0,NULL,NULL
5931,14934,1352124416,0,NULL,NULL
5933,16641,1351710456,0,NULL,NULL
5933,15808,1351752077,0,NULL,NULL
5933,6486,1352146165,1,NULL,NULL
5933,22485,1352146165,0,NULL,NULL
5936,7832,1352070733,1,NULL,NULL
5936,12164,1352070733,0,NULL,NULL
5936,22438,1352071739,0,NULL,NULL
5939,19249,1351784349,1,NULL,NULL
5939,17753,1351784349,0,NULL,NULL
5939,13859,1351784349,1,NULL,NULL
5939,1110,1351784349,1,NULL,NULL
5941,8656,1351761992,0,NULL,NULL
5941,5617,1351761992,0,NULL,NULL
5941,33655,1351761992,0,NULL,NULL
5942,14939,1351760677,1,NULL,NULL
5942,2042,1351760677,1,NULL,NULL
5942,28387,1351760726,1,NULL,NULL
5942,26828,1351760677,1,NULL,NULL
5942,23900,1351760677,0,NULL,NULL
5943,9218,1351701243,1,NULL,NULL
5943,13044,1351701243,0,NULL,NULL
5943,31294,1351701243,-1,NULL,NULL
5943,4031,1351701243,1,NULL,NULL
5943,12506,1351701243,1,NULL,NULL
5950,9568,1351513398,1,NULL,NULL
5950,27684,1351513398,1,NULL,NULL
5950,3943,1351513398,1,NULL,NULL
5950,14892,1351513638,-1,NULL,NULL
5954,11939,1351222294,1,NULL,NULL
5957,21386,1348302432,0,NULL,NULL
5957,31692,1351068536,0,NULL,NULL
5958,31420,1351025608,0,NULL,NULL
5958,18329,1351025608,0,NULL,NULL
5961,20588,1350971892,1,NULL,NULL
5963,6377,1350964597,0,NULL,NULL
5964,26933,1350912849,-1,NULL,NULL
5967,24109,1350900255,1,NULL,NULL
5967,24853,1350900255,0,NULL,NULL
5967,6118,1350900255,0,NULL,NULL
5973,21593,1350656978,0,NULL,NULL
5973,34973,1350656978,0,NULL,NULL
5973,2793,1350656978,0,NULL,NULL
5973,36884,1350656978,1,NULL,NULL
5975,26832,1350650341,1,NULL,NULL
5975,23856,1350650341,0,NULL,NULL
5976,31064,1350588612,1,NULL,NULL
5976,569,1350588612,0,NULL,NULL
5984,242,1350065810,0,NULL,NULL
5984,36673,1350065810,1,NULL,NULL
5984,16344,1350065810,1,NULL,NULL
5984,8547,1350065810,-1,NULL,NULL
5984,16879,1350065810,0,NULL,NULL
5990,10289,1349535786,-1,NULL,NULL
5990,33744,1349535786,0,NULL,NULL
5990,8435,1349535786,0,NULL,NULL
5990,33217,1349535786,0,NULL,NULL
5990,1170,1349535786,0,NULL,NULL
5991,8585,1349530281,1,NULL,NULL
5991,22620,1349530281,0,NULL,NULL
5991,27948,1349530281,0,NULL,NULL
5991,20501,1349530310,0,NULL,NULL
5991,27494,1349530281,0,NULL,NULL
5992,28529,1349520254,1,NULL,NULL
5992,15914,1349520254,0,NULL,NULL
5992,20289,1349520254,1,NULL,NULL
5992,6116,1349520254,0,NULL,NULL
5992,21248,1349520254,0,NULL,NULL
5993,23061,1349503351,-1,NULL,NULL
5993,8535,1349503351,-1,NULL,NULL
5993,33626,1349503351,0,NULL,NULL
5993,31544,1349503351,0,NULL,NULL
5993,25039,1349503351,-1,NULL,NULL
5994,21557,1349439946,0,NULL,NULL
5994,16012,1349439946,1,NULL,NULL
5996,17182,1349421271,0,NULL,NULL
6002,9656,1348989706,0,NULL,NULL
6002,17132,1348989706,1,NULL,NULL
6002,4836,1348989706,-1,NULL,NULL
6002,34848,1348989706,0,NULL,NULL
6002,15736,1348989706,1,NULL,NULL
6004,33142,1348837347,1,NULL,NULL
6004,18023,1348837347,0,NULL,NULL
6009,16675,1348753402,0,NULL,NULL
6010,7412,1348745767,0,NULL,NULL
6016,26280,1348588032,-1,NULL,NULL
6016,7007,1348588032,1,NULL,NULL
6017,28242,1348572741,0,NULL,NULL
6017,11086,1348572741,0,NULL,NULL
6017,2817,1348572741,0,NULL,NULL
6017,24073,1348572741,0,NULL,NULL
6017,4890,1348572741,0,NULL,NULL
6023,18628,1348333832,0,NULL,NULL
6028,2768,1348125360,1,NULL,NULL
6028,34194,1348125360,0,NULL,NULL
6028,15115,1348215789,1,NULL,NULL
6028,21985,1348215789,1,NULL,NULL
6030,8642,1348210330,0,NULL,NULL
6030,2222,1348210330,0,NULL,NULL
6033,13991,1348095760,1,NULL,NULL
6034,14862,1346874909,0,NULL,NULL
6034,7013,1346874909,0,NULL,NULL
6034,15656,1348086048,1,NULL,NULL
6034,7802,1348086048,0,NULL,NULL
6037,33393,1347949632,0,NULL,NULL
6037,8472,1347949632,0,NULL,NULL
6037,6036,1347949632,0,NULL,NULL
6038,21342,1347897118,0,NULL,NULL
6038,28554,1347897118,0,NULL,NULL
6040,8910,1347888739,0,NULL,NULL
6040,12931,1347888739,0,NULL,NULL
6047,10866,1347546622,1,NULL,NULL
6047,2167,1347546622,1,NULL,NULL
6050,27233,1347436727,1,NULL,NULL
6050,9165,1347440338,1,NULL,NULL
6052,33292,1347388466,0,NULL,NULL
6052,14323,1347388466,0,NULL,NULL
6052,8636,1347388466,0,NULL,NULL
6052,34292,1347388466,0,NULL,NULL
6052,10095,1347388466,0,NULL,NULL
6055,6901,1347281087,0,NULL,NULL
6055,30820,1347281087,0,NULL,NULL
6055,13778,1347272291,0,NULL,NULL
6055,15349,1347286039,0,NULL,NULL
6055,695,1347272291,1,NULL,NULL
6056,24246,1347196018,1,NULL,NULL
6056,24151,1293456575,-1,NULL,NULL
6056,6366,1347196018,0,NULL,NULL
6056,28546,1347263429,0,NULL,NULL
6056,23830,1347263429,-1,NULL,NULL
6058,13650,1325338989,-1,NULL,NULL
6058,7765,1323635287,-1,NULL,NULL
6058,32249,1325353821,-1,NULL,NULL
6058,16477,1325338989,0,NULL,NULL
6058,1013,1325353821,0,NULL,NULL
6060,6225,1347182507,0,NULL,NULL
6060,13167,1347182507,1,NULL,NULL
6061,22226,1347180027,1,NULL,NULL
6061,7695,1347180027,0,NULL,NULL
6061,19783,1347180027,1,NULL,NULL
6061,2101,1347180027,0,NULL,NULL
6063,15915,1346834691,0,NULL,NULL
6063,32921,1347009881,0,NULL,NULL
6063,28197,1346834691,0,NULL,NULL
6063,33332,1347009881,0,NULL,NULL
6063,25752,1346834691,1,NULL,NULL
6065,20485,1346929131,0,NULL,NULL
6065,7714,1346929131,0,NULL,NULL
6065,31139,1346929131,1,NULL,NULL
6065,15938,1346929131,0,NULL,NULL
6071,17126,1346766642,0,NULL,NULL
6071,37338,1346758596,0,NULL,NULL
6071,31869,1346766642,0,NULL,NULL
6071,6915,1346758596,1,NULL,NULL
6071,8644,1346758596,0,NULL,NULL
6072,12777,1346421110,0,NULL,NULL
6072,28714,1346668761,0,NULL,NULL
6072,19624,1346664651,1,NULL,NULL
6072,33916,1346668761,1,NULL,NULL
6072,27741,1346675991,0,NULL,NULL
6073,5311,1346748676,0,NULL,NULL
6073,4843,1346748676,0,NULL,NULL
6073,26610,1346748676,0,NULL,NULL
6073,7645,1346748676,0,NULL,NULL
6073,22504,1346748676,0,NULL,NULL
6075,12470,1346658841,0,NULL,NULL
6077,12721,1345099814,-1,NULL,NULL
6077,2152,1345099814,0,NULL,NULL
6077,712,1345099814,0,NULL,NULL
6077,30956,1346495356,0,NULL,NULL
6083,35811,1346298132,0,NULL,NULL
6083,8713,1346298132,0,NULL,NULL
6083,28476,1346298132,1,NULL,NULL
6083,33225,1346298132,0,NULL,NULL
6083,10947,1346298132,0,NULL,NULL
6091,6162,1346043878,1,NULL,NULL
6091,12909,1346043878,1,NULL,NULL
6091,21163,1346052618,0,NULL,NULL
6091,33271,1346052618,0,NULL,NULL
6091,26541,1346056951,1,NULL,NULL
6094,15900,1345975379,0,NULL,NULL
6096,18106,1345973264,0,NULL,NULL
6096,27200,1345973264,0,NULL,NULL
6096,31586,1345973264,0,NULL,NULL
6098,6890,1345890859,-1,NULL,NULL
6098,13303,1345890859,0,NULL,NULL
6098,16278,1345890859,-1,NULL,NULL
6098,1948,1345890859,0,NULL,NULL
6098,23800,1345890859,0,NULL,NULL
6100,7016,1345799440,1,NULL,NULL
6100,24558,1345799440,0,NULL,NULL
6102,26818,1345726632,0,NULL,NULL
6102,21046,1345726632,0,NULL,NULL
6102,5609,1345726632,0,NULL,NULL
6102,8791,1345726632,-1,NULL,NULL
6102,5654,1345726632,-1,NULL,NULL
6104,12946,1345646885,0,NULL,NULL
6104,35335,1324737360,1,NULL,NULL
6104,25928,1325074378,-1,NULL,NULL
6104,22641,1324737360,0,NULL,NULL
6104,4184,1324737360,1,NULL,NULL
6108,238,1345517945,1,NULL,NULL
6109,1681,1345471244,1,NULL,NULL
6109,8344,1345218798,0,NULL,NULL
6109,2071,1345470544,0,NULL,NULL
6109,7028,1345470544,0,NULL,NULL
6109,12882,1345470544,0,NULL,NULL
6110,6138,1345447950,0,NULL,NULL
6110,24354,1345447950,0,NULL,NULL
6110,7113,1345447950,-1,NULL,NULL
6110,8537,1345037846,1,NULL,NULL
6110,6729,1345453260,1,NULL,NULL
6111,14836,1345298612,0,NULL,NULL
6114,13918,1345209872,1,NULL,NULL
6114,27692,1345209872,1,NULL,NULL
6114,28108,1345209872,0,NULL,NULL
6114,9787,1345209872,1,NULL,NULL
6114,15891,1345209872,1,NULL,NULL
6115,20699,1345177240,1,NULL,NULL
6115,16239,1345214292,-1,NULL,NULL
6123,32052,1344996601,0,NULL,NULL
6124,32417,1344940846,0,NULL,NULL
6124,33464,1344940846,0,NULL,NULL
6124,9023,1344948775,0,NULL,NULL
6124,28557,1344948775,0,NULL,NULL
6124,32073,1344940846,0,NULL,NULL
6125,27057,1344933747,0,NULL,NULL
6125,27082,1344933747,0,NULL,NULL
6125,7349,1344933747,0,NULL,NULL
6125,26040,1344933747,0,NULL,NULL
6125,23893,1344933747,1,NULL,NULL
6132,21208,1344573956,0,NULL,NULL
6132,22462,1344573956,0,NULL,NULL
6133,33118,1344435745,0,NULL,NULL
6133,29669,1344435745,1,NULL,NULL
6133,18869,1340958269,1,NULL,NULL
6133,14216,1340957925,1,NULL,NULL
6133,11994,1340873576,0,NULL,NULL
6134,7273,1344412912,1,NULL,NULL
6134,12541,1344412912,0,NULL,NULL
6134,13473,1344412912,1,NULL,NULL
6135,1847,1344395792,0,NULL,NULL
6138,16660,1344346411,1,NULL,NULL
6139,8997,1344346363,1,NULL,NULL
6139,397,1344346363,1,NULL,NULL
6150,31696,1343133896,0,NULL,NULL
6150,26574,1343133896,1,NULL,NULL
6155,27589,1292870894,1,NULL,NULL
6155,18319,1292870894,1,NULL,NULL
6155,1296,1292913784,0,NULL,NULL
6155,15376,1292870894,1,NULL,NULL
6155,14093,1342579476,0,NULL,NULL
6159,6600,1342457637,1,NULL,NULL
6159,6394,1342457637,1,NULL,NULL
6160,21923,1342457632,1,NULL,NULL
6160,5100,1342457632,1,NULL,NULL
6161,27646,1342437937,1,NULL,NULL
6162,19318,1342422123,0,NULL,NULL
6165,34180,1342082954,0,NULL,NULL
6165,35409,1342170664,1,NULL,NULL
6170,31685,1342070514,1,NULL,NULL
6177,22905,1341575620,0,NULL,NULL
6180,13140,1341421218,0,NULL,NULL
6181,14488,1341408567,0,NULL,NULL
6182,4192,1341386509,1,NULL,NULL
6182,9588,1341386509,1,NULL,NULL
6182,6385,1341386509,1,NULL,NULL
6184,17007,1340981825,1,NULL,NULL
6186,14319,1340639541,0,NULL,NULL
6186,2402,1340639541,1,NULL,NULL
6188,1768,1340542680,-1,NULL,NULL
6188,27033,1340542680,0,NULL,NULL
6193,28327,1340111803,0,NULL,NULL
6193,26574,1340111803,1,NULL,NULL
6198,26264,1340008975,0,NULL,NULL
6199,30791,1339935552,0,NULL,NULL
6199,31331,1339935552,0,NULL,NULL
6199,11986,1339935552,1,NULL,NULL
6199,33681,1339935552,0,NULL,NULL
6199,32034,1339937368,0,NULL,NULL
6201,348,1339846386,-1,NULL,NULL
6201,30235,1339846386,0,NULL,NULL
6201,35095,1339846386,0,NULL,NULL
6201,20970,1339846386,0,NULL,NULL
6201,17842,1339846386,0,NULL,NULL
6206,19899,1339600835,1,NULL,NULL
6206,21213,1339600835,1,NULL,NULL
6206,5419,1339659396,-1,NULL,NULL
6209,5523,1339169292,0,NULL,NULL
6209,34146,1339169292,0,NULL,NULL
6209,18923,1339579516,0,NULL,NULL
6209,21759,1339579516,0,NULL,NULL
6209,33043,1339579516,0,NULL,NULL
6214,28018,1339493234,1,NULL,NULL
6216,12209,1339400413,0,NULL,NULL
6216,15555,1339400413,1,NULL,NULL
6221,4207,1339171761,1,NULL,NULL
6221,28550,1339171761,-1,NULL,NULL
6222,27948,1339164649,0,NULL,NULL
6222,27939,1339164649,1,NULL,NULL
6222,33128,1339164649,0,NULL,NULL
6226,6858,1339137332,0,NULL,NULL
6226,19641,1339137332,0,NULL,NULL
6226,9814,1339137332,0,NULL,NULL
6226,37245,1339137332,0,NULL,NULL
6229,28523,1338975194,1,NULL,NULL
6235,13215,1333643887,0,NULL,NULL
6235,21504,1338824738,0,NULL,NULL
6235,24251,1333643887,0,NULL,NULL
6235,36685,1338824738,0,NULL,NULL
6235,4801,1333644514,0,NULL,NULL
6237,33048,1338804905,0,NULL,NULL
6238,21100,1338793615,0,NULL,NULL
6238,9774,1338793615,1,NULL,NULL
6238,4623,1338793615,-1,NULL,NULL
6238,7942,1338793615,1,NULL,NULL
6238,18518,1338793615,0,NULL,NULL
6242,21734,1338716419,1,NULL,NULL
6242,27155,1338716883,0,NULL,NULL
6242,36210,1338716961,0,NULL,NULL
6246,422,1338639236,0,NULL,NULL
6246,11072,1335621187,-1,NULL,NULL
6246,34366,1335616638,0,NULL,NULL
6246,31010,1338639236,0,NULL,NULL
6246,28564,1335621187,-1,NULL,NULL
6247,26863,1338430195,1,NULL,NULL
6247,31078,1338453680,0,NULL,NULL
6248,19505,1338045466,1,NULL,NULL
6248,11953,1338045466,1,NULL,NULL
6248,5074,1338055955,0,NULL,NULL
6248,17298,1338312998,0,NULL,NULL
6248,13316,1338045466,1,NULL,NULL
6252,25886,1338172048,1,NULL,NULL
6254,32434,1338115725,1,NULL,NULL
6260,27292,1337835089,1,NULL,NULL
6260,30717,1337835089,1,NULL,NULL
6260,21846,1337835089,0,NULL,NULL
6262,25797,1337799519,0,NULL,NULL
6266,26925,1337310815,0,NULL,NULL
6266,13328,1337608768,1,NULL,NULL
6270,34219,1337516067,1,NULL,NULL
6270,24344,1337516067,0,NULL,NULL
6270,12608,1337516067,1,NULL,NULL
6273,9895,1337431685,0,NULL,NULL
6273,18994,1337431685,0,NULL,NULL
6273,10407,1337431685,1,NULL,NULL
6273,25057,1337431685,1,NULL,NULL
6273,5904,1337431685,0,NULL,NULL
6279,11785,1336718177,0,NULL,NULL
6279,35201,1336718177,0,NULL,NULL
6279,26204,1336718177,0,NULL,NULL
6281,37195,1336635058,1,NULL,NULL
6281,26072,1336635058,1,NULL,NULL
6284,35007,1336583766,0,NULL,NULL
6286,17264,1336553449,-1,NULL,NULL
6287,25963,1336226154,0,NULL,NULL
6287,6454,1336226154,0,NULL,NULL
6287,18617,1336226154,1,NULL,NULL
6291,21491,1336021094,0,NULL,NULL
6291,28493,1336021094,0,NULL,NULL
6291,6921,1336021094,0,NULL,NULL
6292,13059,1335885915,0,NULL,NULL
6292,27720,1335885915,0,NULL,NULL
6292,5866,1335885915,-1,NULL,NULL
6292,18762,1335885915,0,NULL,NULL
6292,19652,1335885915,0,NULL,NULL
6293,20894,1335855174,1,NULL,NULL
6294,7512,1335788887,1,NULL,NULL
6294,19014,1335788887,1,NULL,NULL
6294,13249,1335788887,-1,NULL,NULL
6294,1941,1335788887,1,NULL,NULL
6294,32547,1335788887,0,NULL,NULL
6296,35100,1319379754,1,0.0,0.0
6297,4420,1335706442,0,NULL,NULL
6297,14199,1335706442,0,NULL,NULL
6303,9725,1335540090,1,NULL,NULL
6303,8503,1335540090,0,NULL,NULL
6304,35639,1335525854,1,NULL,NULL
6304,9684,1335525854,1,NULL,NULL
6305,4677,1335524493,0,NULL,NULL
6311,13245,1335423067,0,NULL,NULL
6311,15130,1335423067,1,NULL,NULL
6311,28660,1335423067,0,NULL,NULL
6311,28449,1335423067,0,NULL,NULL
6311,22942,1335423067,1,NULL,NULL
6312,31171,1335415791,0,NULL,NULL
6312,27038,1335415791,1,NULL,NULL
6312,32406,1335415791,0,NULL,NULL
6312,21572,1335415791,0,NULL,NULL
6312,21949,1335415791,0,NULL,NULL
6314,6002,1335392591,0,NULL,NULL
6320,8151,1334243189,1,NULL,NULL
6320,7649,1335275812,0,NULL,NULL
6320,23268,1334671144,0,NULL,NULL
6320,36673,1334671144,0,NULL,NULL
6320,16561,1334671144,0,NULL,NULL
6325,10955,1335103640,0,NULL,NULL
6325,20423,1335103640,0,NULL,NULL
6325,1052,1335095387,0,NULL,NULL
6325,22297,1335095387,0,NULL,NULL
6325,14453,1335095387,-1,NULL,NULL
6326,21355,1335092189,-1,NULL,NULL
6328,36117,1335083836,0,NULL,NULL
6328,24846,1335083836,1,NULL,NULL
6328,4746,1335083836,1,NULL,NULL
6328,34534,1335083836,1,NULL,NULL
6330,27127,1335019897,0,NULL,NULL
6330,30455,1335019897,-1,NULL,NULL
6331,33380,1334997895,0,NULL,NULL
6332,18530,1334934075,1,NULL,NULL
6337,10966,1334748234,1,NULL,NULL
6337,22537,1334748718,0,NULL,NULL
6337,9026,1334748234,0,NULL,NULL
6337,8616,1334748234,0,NULL,NULL
6337,34440,1334748909,0,NULL,NULL
6341,20735,1334733916,0,NULL,NULL
6341,26291,1334733916,1,NULL,NULL
6344,22297,1334603004,0,NULL,NULL
6344,5844,1334603004,-1,NULL,NULL
6344,9976,1334603004,-1,NULL,NULL
6345,10864,1334573916,0,NULL,NULL
6345,30920,1334560204,1,NULL,NULL
6345,19509,1334574229,1,NULL,NULL
6345,24115,1334560204,1,NULL,NULL
6345,18765,1334562802,-1,NULL,NULL
6350,4536,1334137581,0,NULL,NULL
6350,4053,1334137581,0,NULL,NULL
6353,7650,1334123303,1,NULL,NULL
6353,19363,1334123303,0,NULL,NULL
6358,4330,1333892505,0,NULL,NULL
6358,23342,1333892505,-1,NULL,NULL
6358,10600,1333892505,-1,NULL,NULL
6358,27967,1333892505,-1,NULL,NULL
6358,7943,1333892505,-1,NULL,NULL
6360,26208,1333871437,-1,0.0,0.0
6360,6316,1330399113,-1,NULL,NULL
6360,4133,1330399113,1,NULL,NULL
6360,14845,1333682221,0,NULL,NULL
6360,12228,1333682221,1,NULL,NULL
6365,13907,1333728038,1,NULL,NULL
6365,18400,1333728038,0,NULL,NULL
6365,16338,1333728038,0,NULL,NULL
6368,37693,1333699847,1,NULL,NULL
6370,36500,1333643012,-1,NULL,NULL
6371,30249,1333625725,1,NULL,NULL
6372,21094,1333621062,0,NULL,NULL
6372,16703,1333621062,0,NULL,NULL
6372,36563,1333621062,1,NULL,NULL
6372,20875,1333621062,0,NULL,NULL
6372,22999,1333621062,0,NULL,NULL
6373,14838,1333396952,0,NULL,NULL
6373,5081,1333398253,0,NULL,NULL
6373,4538,1333396952,0,NULL,NULL
6373,7400,1333321361,0,NULL,NULL
6373,2218,1333398253,0,NULL,NULL
6374,15517,1333196602,-1,NULL,NULL
6374,22689,1332765130,1,NULL,NULL
6374,13804,1332765130,1,NULL,NULL
6374,26120,1333287998,0,NULL,NULL
6374,27751,1332771047,1,NULL,NULL
6377,8998,1332942276,1,NULL,NULL
6378,23882,1332836754,-1,NULL,NULL
6378,19127,1332836754,-1,NULL,NULL
6378,13218,1332836754,0,NULL,NULL
6378,23182,1332836754,-1,NULL,NULL
6378,2030,1332836754,0,NULL,NULL
6379,18514,1332692086,0,NULL,NULL
6379,16267,1332692086,0,NULL,NULL
6379,7350,1330617595,0,NULL,NULL
6379,4152,1332692086,0,NULL,NULL
6379,13095,1332692086,0,NULL,NULL
6381,7979,1332684738,1,NULL,NULL
6384,23010,1332675013,1,NULL,NULL
6384,37046,1332675013,1,NULL,NULL
6385,9845,1332437214,0,NULL,NULL
6386,34392,1332361427,0,NULL,NULL
6387,6665,1332336320,0,NULL,NULL
6387,19424,1332336320,0,NULL,NULL
6387,19271,1332336320,-1,NULL,NULL
6388,27597,1332168737,1,NULL,NULL
6388,262,1332168737,1,NULL,NULL
6390,5855,1331886541,1,NULL,NULL
6390,10386,1331886541,1,NULL,NULL
6390,16582,1332059658,0,NULL,NULL
6393,9276,1330966242,0,NULL,NULL
6393,15869,1330966242,0,NULL,NULL
6393,7720,1330966242,0,NULL,NULL
6393,19786,1331993155,0,NULL,NULL
6393,11934,1331993155,0,NULL,NULL
6396,12890,1331914923,1,NULL,NULL
6397,13993,1331890891,-1,NULL,NULL
6398,21380,1331833218,-1,NULL,NULL
6398,19671,1331833218,1,NULL,NULL
6400,23028,1331815141,0,NULL,NULL
6401,37116,1331797049,0,NULL,NULL
6414,34190,1331320815,0,NULL,NULL
6415,9584,1331299072,0,NULL,NULL
6415,21089,1331299072,1,NULL,NULL
6415,17893,1331299072,1,NULL,NULL
6415,15167,1331299072,0,NULL,NULL
6415,19419,1331299072,0,NULL,NULL
6416,25707,1331293941,0,NULL,NULL
6416,32515,1331293941,0,NULL,NULL
6417,16785,1331288267,1,NULL,NULL
6417,30784,1331288267,1,NULL,NULL
6417,27403,1331288267,0,NULL,NULL
6418,21349,1331234611,1,NULL,NULL
6418,19955,1331234611,1,NULL,NULL
6418,24495,1331234611,1,NULL,NULL
6418,37373,1331251528,1,NULL,NULL
6419,17578,1330850905,1,NULL,NULL
6419,17783,1330850905,1,NULL,NULL
6419,10474,1330850905,1,NULL,NULL
6419,27483,1330850905,0,NULL,NULL
6420,32535,1331222524,0,NULL,NULL
6420,2336,1331222524,1,NULL,NULL
6420,17574,1331222524,1,NULL,NULL
6420,27036,1331222524,-1,NULL,NULL
6420,36957,1331222524,1,NULL,NULL
6421,12669,1331155377,-1,NULL,NULL
6421,27657,1331155377,-1,NULL,NULL
6421,37364,1331158142,1,NULL,NULL
6421,13497,1331201466,0,NULL,NULL
6421,13916,1331202291,0,NULL,NULL
6422,17875,1331159444,0,NULL,NULL
6426,26998,1330962598,0,NULL,NULL
6428,26694,1330864743,1,NULL,NULL
6428,16674,1330867130,0,NULL,NULL
6428,4637,1330934675,-1,NULL,NULL
6428,2248,1330936108,1,NULL,NULL
6429,31629,1330865371,1,NULL,NULL
6429,13474,1330865371,1,NULL,NULL
6429,26533,1330865371,-1,NULL,NULL
6429,12054,1330865371,0,NULL,NULL
6432,28444,1330790570,1,NULL,NULL
6432,21321,1330790570,1,NULL,NULL
6433,9069,1330694765,0,NULL,NULL
6433,5477,1330694765,1,NULL,NULL
6433,19567,1330694765,1,NULL,NULL
6433,10288,1330694765,0,NULL,NULL
6433,2924,1330694765,0,NULL,NULL
6435,14798,1330621858,0,NULL,NULL
6435,28152,1330621858,0,NULL,NULL
6435,363,1330621858,0,NULL,NULL
6435,12836,1330621858,0,NULL,NULL
6435,35489,1330621858,0,NULL,NULL
6436,27675,1330617019,1,NULL,NULL
6436,2283,1330617019,1,NULL,NULL
6436,17411,1330617019,1,NULL,NULL
6436,17987,1330617019,1,NULL,NULL
6436,6361,1330617019,0,NULL,NULL
6438,6055,1330524759,1,NULL,NULL
6440,22556,1330493200,1,NULL,NULL
6440,36895,1330261241,0,NULL,NULL
6440,6077,1330428514,1,NULL,NULL
6440,29597,1330000865,1,NULL,NULL
6440,18727,1330428514,0,NULL,NULL
6445,6534,1330435850,0,NULL,NULL
6445,12716,1330435850,1,NULL,NULL
6450,12474,1330345767,-1,NULL,NULL
6450,10872,1330345767,-1,NULL,NULL
6454,34633,1328847619,0,NULL,NULL
6454,13166,1328893349,1,NULL,NULL
6454,31234,1328870835,0,NULL,NULL
6454,18113,1328895570,0,NULL,NULL
6454,8750,1328957026,0,NULL,NULL
6455,1686,1330101303,0,NULL,NULL
6455,21683,1330101303,0,NULL,NULL
6455,17789,1330101303,0,NULL,NULL
6455,18094,1330101303,0,NULL,NULL
6455,31480,1330101303,0,NULL,NULL
6457,17661,1330093894,0,NULL,NULL
6458,6358,1329999079,0,NULL,NULL
6459,15839,1329989673,0,NULL,NULL
6465,23152,1329847777,1,NULL,NULL
6465,18688,1329847777,0,NULL,NULL
6465,2128,1329847777,-1,NULL,NULL
6465,22786,1329847777,0,NULL,NULL
6465,16392,1329847777,0,NULL,NULL
6466,15380,1328441015,0,NULL,NULL
6466,10656,1328441015,0,NULL,NULL
6466,19259,1328441015,0,NULL,NULL
6466,9669,1328441015,0,NULL,NULL
6466,27155,1328449478,0,NULL,NULL
6471,23120,1329880784,1,NULL,NULL
6471,11419,1329880784,0,NULL,NULL
6473,17718,1329837132,0,NULL,NULL
6475,9521,1329412723,0,NULL,NULL
6475,272,1329412723,0,NULL,NULL
6475,13475,1329412723,0,NULL,NULL
6475,32787,1329412723,0,NULL,NULL
6475,1558,1329412723,-1,NULL,NULL
6476,27066,1329412007,0,NULL,NULL
6476,9700,1329407826,0,NULL,NULL
6476,12172,1329407826,0,NULL,NULL
6476,2403,1329407826,0,NULL,NULL
6476,1538,1329407826,0,NULL,NULL
6479,34088,1329375592,1,NULL,NULL
6479,19378,1329375592,1,NULL,NULL
6479,26822,1329375592,1,NULL,NULL
6487,13303,1328758760,0,NULL,NULL
6487,25014,1328758760,0,NULL,NULL
6487,13546,1328758760,0,NULL,NULL
6487,16324,1328758760,1,NULL,NULL
6487,17848,1328758760,0,NULL,NULL
6495,28069,1328379798,0,NULL,NULL
6498,11960,1328253261,0,NULL,NULL
6498,24196,1328253261,1,NULL,NULL
6504,35212,1327997309,0,NULL,NULL
6504,7112,1327997309,0,NULL,NULL
6504,6518,1327997309,1,NULL,NULL
6504,12965,1327997309,1,NULL,NULL
6504,7070,1327997309,1,NULL,NULL
6507,1774,1327912765,0,NULL,NULL
6507,11784,1327912765,1,NULL,NULL
6507,35526,1327912765,0,NULL,NULL
6507,7308,1327912765,1,NULL,NULL
6507,12000,1327912765,0,NULL,NULL
6508,9866,1327835277,1,NULL,NULL
6508,19239,1327835277,1,NULL,NULL
6508,4730,1327835277,0,NULL,NULL
6508,13262,1327835277,0,NULL,NULL
6508,5008,1327835277,1,NULL,NULL
6509,15842,1327751403,0,NULL,NULL
6510,26269,1327671718,0,NULL,NULL
6512,1136,1327614718,0,NULL,NULL
6512,9707,1327614718,0,NULL,NULL
6513,7793,1327592468,1,NULL,NULL
6513,15168,1327592468,1,NULL,NULL
6513,26478,1327592468,1,NULL,NULL
6516,5504,1327416359,0,NULL,NULL
6517,4628,1327409005,0,NULL,NULL
6517,7997,1327411283,1,NULL,NULL
6517,7887,1327409005,0,NULL,NULL
6517,32274,1327409005,0,NULL,NULL
6517,13889,1327411283,0,NULL,NULL
6521,11773,1327266980,0,NULL,NULL
6521,27688,1327266980,1,NULL,NULL
6521,4328,1327269772,1,NULL,NULL
6521,27323,1327269772,0,NULL,NULL
6522,8325,1327014862,0,NULL,NULL
6522,3992,1327014862,0,NULL,NULL
6522,14409,1327014862,0,NULL,NULL
6522,27265,1327014862,0,NULL,NULL
6522,33949,1327014862,0,NULL,NULL
6523,22226,1327082739,1,NULL,NULL
6523,35471,1327082739,1,NULL,NULL
6523,33633,1327082739,0,NULL,NULL
6523,13229,1327082739,1,NULL,NULL
6523,4705,1327082739,0,NULL,NULL
6527,21902,1326951069,0,NULL,NULL
6527,3949,1326951069,0,NULL,NULL
6527,4605,1326951069,0,NULL,NULL
6531,13345,1326882484,0,NULL,NULL
6532,16537,1326863193,-1,NULL,NULL
6532,20920,1326863193,0,NULL,NULL
6532,4010,1326863193,0,NULL,NULL
6533,29609,1326849968,0,NULL,NULL
6533,8630,1326849968,1,NULL,NULL
6533,24634,1326850295,-1,NULL,NULL
6533,12323,1326849968,1,NULL,NULL
6533,31316,1326849968,0,NULL,NULL
6536,21021,1326781797,0,NULL,NULL
6536,27419,1326781797,0,NULL,NULL
6536,27329,1326781797,0,NULL,NULL
6537,22109,1326776381,1,NULL,NULL
6537,24222,1326776391,1,NULL,NULL
6537,9396,1326776381,0,NULL,NULL
6537,6841,1326776381,0,NULL,NULL
6537,18848,1326776391,1,NULL,NULL
6538,26669,1326725788,-1,NULL,NULL
6538,18762,1310540298,0,NULL,NULL
6538,12603,1326725788,0,NULL,NULL
6538,21528,1326725788,0,NULL,NULL
6538,17577,1326725788,0,NULL,NULL
6547,4027,1326244730,1,NULL,NULL
6547,13070,1326244730,0,NULL,NULL
6547,22730,1326244730,0,NULL,NULL
6549,14285,1326163910,-1,NULL,NULL
6549,35313,1326163910,0,NULL,NULL
6549,11792,1326163910,-1,NULL,NULL
6549,33230,1326173879,0,NULL,NULL
6549,13927,1326163910,-1,NULL,NULL
6557,10464,1325664894,1,NULL,NULL
6557,8861,1325743578,1,NULL,NULL
6557,37110,1325664894,0,NULL,NULL
6557,27496,1325664894,0,NULL,NULL
6557,10575,1325743578,0,NULL,NULL
6559,19385,1325709514,0,NULL,NULL
6559,82,1325709514,1,NULL,NULL
6559,2263,1325709514,0,NULL,NULL
6559,22644,1325709514,1,NULL,NULL
6559,25106,1325709514,1,NULL,NULL
6562,9127,1325664569,0,NULL,NULL
6570,33919,1325232896,0,NULL,NULL
6570,8032,1325250728,1,NULL,NULL
6570,13584,1325232896,0,NULL,NULL
6570,31234,1325236348,0,NULL,NULL
6570,1054,1325233016,0,NULL,NULL
6572,30392,1325041596,1,NULL,NULL
6572,33772,1325041596,1,NULL,NULL
6574,12946,1324996472,0,NULL,NULL
6574,14431,1324996472,0,NULL,NULL
6574,34214,1324996472,0,NULL,NULL
6574,26804,1324996472,0,NULL,NULL
6574,2160,1324996472,0,NULL,NULL
6582,22076,1324476882,0,NULL,NULL
6584,9702,1324434142,0,NULL,NULL
6584,20032,1324434142,0,NULL,NULL
6584,9880,1324434142,0,NULL,NULL
6584,16331,1324125001,1,NULL,NULL
6584,15540,1324434142,-1,NULL,NULL
6585,17457,1324377024,0,NULL,NULL
6585,30260,1324392701,0,NULL,NULL
6585,2249,1324397839,0,NULL,NULL
6585,16213,1324398015,0,NULL,NULL
6586,6434,1324366937,0,NULL,NULL
6586,16048,1324366937,0,NULL,NULL
6586,6844,1324366937,1,NULL,NULL
6586,18406,1324366937,0,NULL,NULL
6586,27406,1324366937,1,NULL,NULL
6588,24987,1324315070,0,NULL,NULL
6588,20793,1324315070,0,NULL,NULL
6588,21906,1324315070,0,NULL,NULL
6589,21213,1324304207,0,NULL,NULL
6589,14195,1324304207,0,NULL,NULL
6589,22193,1324304207,0,NULL,NULL
6589,5786,1324304207,0,NULL,NULL
6589,18016,1324304207,0,NULL,NULL
6590,4036,1324297616,-1,NULL,NULL
6594,21162,1324060079,0,NULL,NULL
6594,27326,1324060079,0,NULL,NULL
6594,22175,1324060079,-1,NULL,NULL
6594,8102,1324060079,0,NULL,NULL
6594,24976,1324060079,0,NULL,NULL
6596,4697,1323933005,1,NULL,NULL
6599,21276,1323856372,0,NULL,NULL
6599,272,1323856372,0,NULL,NULL
6600,4723,1323786427,0,NULL,NULL
6600,3883,1323786427,0,NULL,NULL
6601,7528,1323727381,0,NULL,NULL
6601,23227,1323727381,0,NULL,NULL
6601,1654,1323722534,0,NULL,NULL
6601,5616,1323727381,0,NULL,NULL
6601,8326,1323727381,0,NULL,NULL
6602,6854,1323691244,0,NULL,NULL
6603,18917,1323680223,0,NULL,NULL
6603,28801,1323680223,0,NULL,NULL
6603,31214,1323680223,0,NULL,NULL
6603,7123,1323680223,0,NULL,NULL
6603,34416,1323680223,0,NULL,NULL
6605,7466,1323448711,0,NULL,NULL
6605,28356,1323448711,0,NULL,NULL
6605,21163,1323448711,0,NULL,NULL
6605,2295,1323448711,0,NULL,NULL
6605,2247,1323448711,0,NULL,NULL
6607,9661,1323436280,0,NULL,NULL
6607,19760,1323436280,0,NULL,NULL
6607,3935,1323436280,0,NULL,NULL
6607,26307,1323436280,0,NULL,NULL
6607,26489,1323436280,0,NULL,NULL
6612,34100,1323252308,1,NULL,NULL
6612,4288,1323252308,-1,NULL,NULL
6615,147,1323157353,1,NULL,NULL
6615,10913,1323157353,0,NULL,NULL
6615,20828,1323157353,1,NULL,NULL
6615,9953,1323157353,1,NULL,NULL
6615,12521,1323157353,1,NULL,NULL
6618,442,1323088637,0,NULL,NULL
6618,8400,1323088637,1,NULL,NULL
6618,22680,1323088637,0,NULL,NULL
6618,4309,1323088637,-1,NULL,NULL
6621,13171,1323006999,0,NULL,NULL
6621,5119,1323006999,0,NULL,NULL
6621,5660,1323006999,1,NULL,NULL
6622,7984,1322898176,0,NULL,NULL
6622,12045,1322833749,0,NULL,NULL
6622,31619,1322833749,1,NULL,NULL
6622,37071,1322898176,1,NULL,NULL
6622,11140,1322898176,0,NULL,NULL
6625,5155,1322810845,1,NULL,NULL
6625,24607,1322810845,0,NULL,NULL
6625,33373,1322833100,0,NULL,NULL
6627,37394,1322823396,1,NULL,NULL
6627,20547,1322823396,0,NULL,NULL
6627,15527,1322823396,1,NULL,NULL
6627,11137,1322823396,1,NULL,NULL
6628,13614,1322809197,0,NULL,NULL
6629,24791,1299669171,-1,NULL,NULL
6629,18680,1299669171,1,NULL,NULL
6629,7137,1322796762,-1,NULL,NULL
6631,13833,1322698410,0,NULL,NULL
6631,25024,1322698410,0,NULL,NULL
6631,8710,1322698410,0,NULL,NULL
6631,14866,1322698410,0,NULL,NULL
6631,8520,1322698410,0,NULL,NULL
6634,9968,1322601292,1,NULL,NULL
6634,18329,1322601292,1,NULL,NULL
6634,20561,1322601292,1,NULL,NULL
6639,16030,1322303776,0,NULL,NULL
6639,28679,1322303776,0,NULL,NULL
6641,28153,1322217143,1,NULL,NULL
6641,4931,1322217143,1,NULL,NULL
6642,11993,1322174633,0,NULL,NULL
6642,27202,1322174633,0,NULL,NULL
6642,30990,1322174633,0,NULL,NULL
6642,30701,1322174633,1,NULL,NULL
6642,26444,1322174633,1,NULL,NULL
6644,7744,1322061228,1,NULL,NULL
6644,24409,1322061434,0,NULL,NULL
6645,15493,1322003861,0,NULL,NULL
6645,4156,1322003861,1,NULL,NULL
6645,16724,1322003861,0,NULL,NULL
6647,14280,1321955370,0,NULL,NULL
6647,13231,1321955370,1,NULL,NULL
6647,6446,1321965105,0,NULL,NULL
6647,7589,1321983409,0,NULL,NULL
6647,26745,1321955370,0,NULL,NULL
6651,8475,1321902128,0,NULL,NULL
6653,7950,1321655599,0,NULL,NULL
6653,27538,1321655599,0,NULL,NULL
6656,10854,1321370944,1,NULL,NULL
6656,34636,1321370944,1,NULL,NULL
6656,31890,1321370944,0,NULL,NULL
6656,13251,1321370944,1,NULL,NULL
6656,20289,1321370944,0,NULL,NULL
6659,20622,1321362892,0,NULL,NULL
6661,17966,1321294148,-1,NULL,NULL
6666,16092,1321092447,-1,NULL,NULL
6666,6759,1321092447,0,NULL,NULL
6670,33576,1321001399,0,NULL,NULL
6670,13744,1321001399,1,NULL,NULL
6672,6653,1320087476,1,NULL,NULL
6672,20682,1320914308,1,NULL,NULL
6672,32122,1320914308,1,NULL,NULL
6677,1742,1320833732,0,NULL,NULL
6677,15680,1320833732,1,NULL,NULL
6680,2027,1320742231,0,NULL,NULL
6680,20489,1320742231,1,NULL,NULL
6681,28669,1320737529,1,NULL,NULL
6683,13403,1320593064,1,NULL,NULL
6683,8722,1320658847,0,NULL,NULL
6683,29620,1320596866,0,NULL,NULL
6683,22087,1320593064,0,NULL,NULL
6683,13682,1320658847,0,NULL,NULL
6684,31000,1320649236,1,NULL,NULL
6684,14589,1320649236,-1,NULL,NULL
6684,33332,1320649236,0,NULL,NULL
6684,2121,1320649236,0,NULL,NULL
6684,23176,1320649236,0,NULL,NULL
6689,27548,1320492214,1,NULL,NULL
6690,27945,1320414061,0,NULL,NULL
6690,14387,1320478232,0,NULL,NULL
6690,17584,1320478232,0,NULL,NULL
6692,25793,1320401951,-1,NULL,NULL
6692,27702,1320401951,0,NULL,NULL
6693,4201,1320401772,0,NULL,NULL
6694,16037,1320331982,1,NULL,NULL
6694,14320,1320331982,1,NULL,NULL
6694,18070,1320331982,0,NULL,NULL
6694,16648,1320331982,1,NULL,NULL
6694,13534,1320331982,0,NULL,NULL
6695,37037,1320312425,0,NULL,NULL
6696,19469,1320300632,0,NULL,NULL
6696,20747,1320300632,1,NULL,NULL
6696,3064,1320300632,0,NULL,NULL
6696,2281,1320300632,0,NULL,NULL
6696,29590,1320300632,1,NULL,NULL
6697,24489,1320257795,1,NULL,NULL
6697,28126,1320257795,1,NULL,NULL
6697,2050,1320257795,0,NULL,NULL
6706,14493,1319720929,1,NULL,NULL
6707,7819,1319709009,1,NULL,NULL
6707,4920,1319709009,1,NULL,NULL
6708,19776,1319705571,0,NULL,NULL
6708,21615,1319705571,0,NULL,NULL
6708,6844,1319705571,0,NULL,NULL
6709,28057,1319688083,1,NULL,NULL
6710,29655,1319629249,0,NULL,NULL
6710,14965,1319629249,0,NULL,NULL
6710,14522,1319629249,0,NULL,NULL
6712,21025,1319616461,0,NULL,NULL
6712,24046,1319616461,0,NULL,NULL
6712,2321,1319618848,0,NULL,NULL
6714,36251,1319571820,1,NULL,NULL
6714,4127,1319573041,-1,NULL,NULL
6715,17,1319569692,-1,NULL,NULL
6716,7243,1319548009,1,NULL,NULL
6716,15518,1319553390,1,NULL,NULL
6722,20707,1319440549,1,NULL,NULL
6722,31798,1319440549,0,NULL,NULL
6722,34176,1319440549,0,NULL,NULL
6722,7693,1319440549,1,NULL,NULL
6722,16732,1319440549,1,NULL,NULL
6723,19186,1319376738,1,NULL,NULL
6723,18714,1319376738,0,NULL,NULL
6727,17720,1319272485,-1,NULL,NULL
6727,23169,1319272780,-1,NULL,NULL
6731,15916,1319189195,0,NULL,NULL
6731,21953,1319189195,0,NULL,NULL
6731,15634,1319189195,0,NULL,NULL
6740,33551,1318983609,0,NULL,NULL
6741,5458,1318963599,-1,NULL,NULL
6746,37694,1317851746,0,NULL,NULL
6746,4280,1318787195,0,NULL,NULL
6746,26999,1317851746,-1,NULL,NULL
6746,37635,1317851746,1,NULL,NULL
6746,7166,1318787195,0,NULL,NULL
6752,13416,1318164219,0,NULL,NULL
6757,12931,1317935248,1,NULL,NULL
6757,8218,1317935248,1,NULL,NULL
6757,112,1317847340,1,NULL,NULL
6757,14448,1317935248,1,NULL,NULL
6757,7657,1317935248,0,NULL,NULL
6760,15736,1317801403,1,NULL,NULL
6760,12625,1317801403,0,NULL,NULL
6763,36407,1317484305,0,NULL,NULL
6763,32101,1317484305,0,NULL,NULL
6763,36909,1317484305,0,NULL,NULL
6763,2027,1317484305,1,NULL,NULL
6771,36091,1317198435,0,NULL,NULL
6771,34467,1317198435,-1,NULL,NULL
6771,15717,1317112374,1,NULL,NULL
6771,4922,1317198435,1,NULL,NULL
6771,22488,1317198435,1,NULL,NULL
6773,25935,1317190284,1,NULL,NULL
6773,13687,1317190284,0,NULL,NULL
6776,36356,1316972059,0,NULL,NULL
6779,19675,1316862546,1,NULL,NULL
6779,28736,1316936016,0,NULL,NULL
6779,12560,1316862546,0,NULL,NULL
6779,36887,1316936016,0,NULL,NULL
6779,16345,1316936016,0,NULL,NULL
6781,15544,1316763212,-1,NULL,NULL
6781,30100,1316763212,1,NULL,NULL
6783,34177,1316784986,0,NULL,NULL
6787,13640,1316698560,0,NULL,NULL
6788,24664,1316418844,1,NULL,NULL
6788,32897,1316418844,1,NULL,NULL
6788,23468,1316418844,0,NULL,NULL
6788,18528,1316418844,0,NULL,NULL
6788,28454,1316418844,1,NULL,NULL
6790,10471,1316671895,1,NULL,NULL
6790,9205,1316671895,1,NULL,NULL
6796,16252,1316520817,0,NULL,NULL
6797,13578,1316427901,0,NULL,NULL
6797,6365,1316427901,0,NULL,NULL
6797,18670,1316427901,1,NULL,NULL
6797,13745,1316427901,0,NULL,NULL
6797,29631,1316427901,0,NULL,NULL
6798,16708,1316401886,1,NULL,NULL
6798,14322,1316401886,1,NULL,NULL
6798,33562,1316401886,1,NULL,NULL
6798,11888,1316401886,0,NULL,NULL
6802,13398,1316186153,1,NULL,NULL
6806,24036,1316120020,1,NULL,NULL
6806,7922,1316120020,0,NULL,NULL
6806,9509,1316120020,0,NULL,NULL
6806,18430,1316120020,0,NULL,NULL
6807,8934,1316111054,0,NULL,NULL
6807,12987,1316111054,0,NULL,NULL
6807,6899,1316111054,0,NULL,NULL
6811,10277,1316035692,0,NULL,NULL
6811,26588,1316035692,0,NULL,NULL
6811,26526,1316035692,1,NULL,NULL
6811,9525,1316035692,0,NULL,NULL
6811,27602,1316035692,0,NULL,NULL
6812,21968,1316015543,0,NULL,NULL
6812,21081,1316015543,0,NULL,NULL
6812,9050,1315230884,0,NULL,NULL
6812,21908,1315425180,0,NULL,NULL
6812,27146,1316015543,0,NULL,NULL
6813,6995,1314106063,0,NULL,NULL
6813,8573,1314106063,0,NULL,NULL
6813,5371,1314106063,0,NULL,NULL
6813,26547,1314106063,0,NULL,NULL
6813,6217,1314106063,0,NULL,NULL
6814,19803,1315928568,0,NULL,NULL
6814,1473,1315928568,-1,NULL,NULL
6814,21403,1315928568,1,NULL,NULL
6814,12506,1315928568,0,NULL,NULL
6814,12515,1315992684,-1,NULL,NULL
6818,4043,1315902079,1,NULL,NULL
6818,26585,1315902079,-1,NULL,NULL
6820,24711,1315836700,1,NULL,NULL
6820,24473,1315836700,0,NULL,NULL
6820,12618,1315836700,0,NULL,NULL
6820,22016,1315836700,1,NULL,NULL
6820,9422,1315836700,0,NULL,NULL
6828,9116,1314742034,1,NULL,NULL
6828,23094,1314742034,0,NULL,NULL
6828,21980,1315414831,0,NULL,NULL
6828,14018,1314742034,0,NULL,NULL
6828,18779,1314742034,0,NULL,NULL
6832,35588,1315194318,1,NULL,NULL
6833,18912,1315126101,1,NULL,NULL
6834,12359,1315032962,0,NULL,NULL
6834,31618,1315032962,-1,NULL,NULL
6834,31401,1315032962,1,NULL,NULL
6834,18699,1315032962,0,NULL,NULL
6834,6359,1315032962,0,NULL,NULL
6836,33238,1314935242,1,NULL,NULL
6836,10821,1314935242,1,NULL,NULL
6839,14127,1314888683,0,NULL,NULL
6839,33964,1314888683,0,NULL,NULL
6839,16523,1314888683,1,NULL,NULL
6839,8790,1314888683,0,0.0,0.0
6839,1234,1314888683,0,NULL,NULL
6840,13250,1314869362,0,NULL,NULL
6840,28040,1314869362,0,NULL,NULL
6845,20645,1314695951,0,NULL,NULL
6845,12151,1314695951,1,NULL,NULL
6845,13989,1314695951,1,NULL,NULL
6846,26365,1314695830,0,NULL,NULL
6846,5493,1314695830,0,NULL,NULL
6848,2804,1314369866,1,NULL,NULL
6848,16349,1314618135,0,NULL,NULL
6848,11009,1314618135,-1,NULL,NULL
6850,9297,1314462453,1,NULL,NULL
6863,30939,1314075299,1,NULL,NULL
6863,32420,1314075299,0,NULL,NULL
6863,32857,1314075299,0,NULL,NULL
6864,21267,1314022766,1,NULL,NULL
6867,554,1313836385,1,NULL,NULL
6867,8572,1313836385,1,NULL,NULL
6868,17156,1313829410,0,NULL,NULL
6868,16337,1313829410,0,NULL,NULL
6868,8270,1313829410,0,NULL,NULL
6868,12595,1313829410,0,NULL,NULL
6868,31494,1313829410,0,NULL,NULL
6870,33702,1313764680,0,NULL,NULL
6870,26231,1313764680,0,NULL,NULL
6870,23266,1313764680,0,NULL,NULL
6870,8240,1313764680,0,NULL,NULL
6870,11400,1313764680,0,NULL,NULL
6871,8270,1313763949,-1,NULL,NULL
6871,12644,1313763949,-1,NULL,NULL
6871,33308,1313763949,-1,NULL,NULL
6873,32869,1313740365,0,NULL,NULL
6874,9027,1313714534,0,NULL,NULL
6874,7922,1313714857,0,NULL,NULL
6874,28055,1313714534,1,NULL,NULL
6874,5308,1313714534,0,NULL,NULL
6874,21157,1313714534,0,NULL,NULL
6875,23802,1313699964,0,NULL,NULL
6876,6869,1313689515,0,NULL,NULL
6876,16618,1313689515,0,NULL,NULL
6876,17520,1313689515,1,NULL,NULL
6877,16837,1313667192,0,NULL,NULL
6878,18128,1313666959,0,NULL,NULL
6878,1577,1313666959,1,NULL,NULL
6879,30695,1313661887,0,NULL,NULL
6880,5829,1313656045,1,NULL,NULL
6880,2222,1313656045,0,NULL,NULL
6880,13284,1313656045,0,NULL,NULL
6881,12227,1313601715,1,NULL,NULL
6882,1887,1313576348,1,NULL,NULL
6882,35823,1313576348,1,NULL,NULL
6885,36112,1313304505,0,NULL,NULL
6885,9609,1313493867,1,NULL,NULL
6885,21029,1313304505,0,NULL,NULL
6885,4635,1313503699,1,NULL,NULL
6885,33527,1313304505,1,NULL,NULL
6886,16650,1313413213,0,NULL,NULL
6886,9118,1313413213,1,NULL,NULL
6886,20247,1313413213,1,NULL,NULL
6886,13057,1313483663,0,NULL,NULL
6889,11842,1313480045,0,NULL,NULL
6894,27270,1313163170,0,NULL,NULL
6894,7297,1313163170,0,NULL,NULL
6894,37448,1313167339,1,NULL,NULL
6894,27961,1313167339,1,NULL,NULL
6894,31853,1313163170,0,NULL,NULL
6895,36368,1313001787,1,NULL,NULL
6895,15681,1313001787,0,NULL,NULL
6895,16315,1313001787,1,NULL,NULL
6895,35300,1313001787,0,NULL,NULL
6898,408,1312872961,1,NULL,NULL
6898,16457,1312881644,0,NULL,NULL
6898,1913,1312891651,0,NULL,NULL
6900,6675,1312881688,1,NULL,NULL
6901,13503,1312804381,1,NULL,NULL
6901,20068,1312804381,0,NULL,NULL
6902,12010,1312741441,-1,NULL,NULL
6902,12501,1312741441,0,NULL,NULL
6902,3968,1312741441,0,NULL,NULL
6902,2271,1312741441,0,NULL,NULL
6902,10683,1312741441,1,NULL,NULL
6904,34701,1312453192,0,NULL,NULL
6908,33847,1312400086,1,NULL,NULL
6910,13260,1312297824,0,NULL,NULL
6910,10181,1312300054,0,NULL,NULL
6910,14304,1312300054,0,NULL,NULL
6910,15796,1312300054,0,NULL,NULL
6910,25811,1312300054,0,NULL,NULL
6911,26523,1312282183,0,NULL,NULL
6911,1652,1312282183,0,NULL,NULL
6911,1919,1312282183,0,NULL,NULL
6911,28065,1312282183,0,NULL,NULL
6911,33509,1312282183,0,NULL,NULL
6915,12820,1312208046,1,NULL,NULL
6915,8612,1312208046,0,NULL,NULL
6918,36634,1312140826,0,NULL,NULL
6918,27536,1312140826,0,NULL,NULL
6918,27682,1312140826,0,NULL,NULL
6918,9144,1312140826,0,NULL,NULL
6920,15638,1312112437,0,NULL,NULL
6920,28423,1312112437,0,NULL,NULL
6920,29600,1312130955,0,NULL,NULL
6920,32146,1312130955,0,NULL,NULL
6920,36683,1312130955,0,NULL,NULL
6925,24827,1309353898,0,NULL,NULL
6925,33436,1311896704,1,NULL,NULL
6925,10278,1311938228,1,NULL,NULL
6925,15705,1311938228,0,NULL,NULL
6925,17086,1309353898,1,NULL,NULL
6926,19796,1311861175,0,NULL,NULL
6926,9083,1311861175,0,NULL,NULL
6926,34446,1311861175,0,NULL,NULL
6926,29668,1311861175,0,NULL,NULL
6926,19092,1311861175,0,NULL,NULL
6927,37160,1311838731,-1,NULL,NULL
6927,6784,1311838731,0,NULL,NULL
6927,27100,1311838731,0,NULL,NULL
6927,21150,1311838731,0,NULL,NULL
6927,22809,1311838731,-1,NULL,NULL
6929,4006,1311751523,1,NULL,NULL
6930,5016,1311750381,0,NULL,NULL
6930,14166,1311750381,0,NULL,NULL
6930,18092,1311750381,0,NULL,NULL
6930,1605,1311750381,0,NULL,NULL
6930,17713,1311750381,0,NULL,NULL
6934,307,1311663959,1,NULL,NULL
6934,27443,1311663959,0,NULL,NULL
6934,26879,1311677112,0,NULL,NULL
6934,4607,1311613361,0,NULL,NULL
6934,1250,1311659344,0,NULL,NULL
6935,3939,1311595346,0,NULL,NULL
6935,11333,1311675671,0,NULL,NULL
6944,26650,1311306616,1,NULL,NULL
6944,8531,1311306616,0,NULL,NULL
6944,2342,1311306616,1,NULL,NULL
6944,32157,1311306616,0,NULL,NULL
6944,6593,1311306616,0,NULL,NULL
6945,16216,1311240226,0,NULL,NULL
6945,14120,1311240226,0,NULL,NULL
6945,21676,1311240226,0,NULL,NULL
6945,16081,1311240226,0,NULL,NULL
6952,37123,1310131950,1,NULL,NULL
6952,19386,1310024305,-1,NULL,NULL
6952,19855,1310024305,0,NULL,NULL
6952,27756,1310024305,0,NULL,NULL
6952,24632,1310131950,0,NULL,NULL
6953,33378,1310734529,0,NULL,NULL
6953,32130,1310734529,0,NULL,NULL
6953,21144,1310734491,0,NULL,NULL
6953,17173,1310734553,0,NULL,NULL
6953,19408,1310734529,0,NULL,NULL
6963,25797,1310539203,0,NULL,NULL
6963,16089,1310539203,-1,NULL,NULL
6963,28072,1310539203,1,NULL,NULL
6963,13365,1310539203,1,NULL,NULL
6964,23953,1310462526,0,NULL,NULL
6964,14177,1310462526,1,NULL,NULL
6964,4122,1310466806,0,NULL,NULL
6967,15900,1310218694,1,NULL,NULL
6967,10561,1310218694,1,NULL,NULL
6967,11406,1310218694,1,NULL,NULL
6968,13408,1310206082,1,NULL,NULL
6968,8804,1310206082,1,NULL,NULL
6968,25907,1310206082,0,NULL,NULL
6971,15124,1310122322,1,NULL,NULL
6974,6627,1307756711,0,NULL,NULL
6974,1363,1307780039,0,NULL,NULL
6974,19461,1307756711,1,NULL,NULL
6974,8860,1307780039,0,NULL,NULL
6974,10113,1307756711,1,NULL,NULL
6978,24599,1309727185,1,NULL,NULL
6978,21685,1309727185,1,NULL,NULL
6978,23687,1309795666,1,NULL,NULL
6978,7956,1309948833,1,NULL,NULL
6978,9773,1309948833,0,NULL,NULL
6983,20011,1309785916,0,NULL,NULL
6983,31871,1309785916,0,NULL,NULL
6983,22462,1309785916,1,NULL,NULL
6983,22011,1309785916,0,NULL,NULL
6989,28592,1309321177,0,NULL,NULL
6989,16813,1309321177,0,NULL,NULL
6989,7929,1309321177,1,NULL,NULL
6994,37037,1308719219,1,NULL,NULL
6994,32254,1308719219,-1,NULL,NULL
6994,13117,1308719219,1,NULL,NULL
6994,30978,1308719219,0,NULL,NULL
6994,4985,1308719219,0,NULL,NULL
6995,27702,1309121585,1,NULL,NULL
6997,1054,1309099815,1,NULL,NULL
6997,22223,1309099815,0,NULL,NULL
6997,24609,1309099815,1,NULL,NULL
6997,33872,1309099815,1,NULL,NULL
6997,9361,1309099815,1,NULL,NULL
6998,22148,1309080951,1,NULL,NULL
6998,10889,1309080951,1,NULL,NULL
6999,2816,1309080829,1,NULL,NULL
6999,16004,1309080829,1,NULL,NULL
7000,4710,1309077378,0,NULL,NULL
7009,4290,1308732120,1,NULL,NULL
7009,13976,1308732120,1,NULL,NULL
7011,17665,1308651081,1,NULL,NULL
7011,5294,1308651081,1,NULL,NULL
7011,12594,1308663107,1,NULL,NULL
7011,13591,1308663107,0,NULL,NULL
7011,32353,1308663107,1,NULL,NULL
7013,27227,1308566918,1,NULL,NULL
7013,8808,1308566918,0,NULL,NULL
7013,7329,1247416283,0,NULL,NULL
7013,10855,1308566918,0,NULL,NULL
7013,8054,1308566918,0,NULL,NULL
7020,10247,1308226410,0,NULL,NULL
7020,7086,1308226410,0,NULL,NULL
7020,1066,1308226410,0,NULL,NULL
7020,13928,1308226410,0,NULL,NULL
7020,8756,1308226410,0,NULL,NULL
7021,20543,1308205811,0,NULL,NULL
7021,28262,1308205811,0,NULL,NULL
7025,9007,1307947958,-1,NULL,NULL
7025,14294,1308017465,0,NULL,NULL
7030,35631,1307814935,1,NULL,NULL
7045,28473,1307692606,0,NULL,NULL
7045,17495,1307617753,1,NULL,NULL
7045,6241,1307618706,0,NULL,NULL
7045,16820,1307618706,0,NULL,NULL
7045,16872,1307617753,1,NULL,NULL
7052,25899,1307463477,0,NULL,NULL
7052,10782,1307463477,0,NULL,NULL
7052,37214,1307463477,1,NULL,NULL
7053,5101,1307447481,1,NULL,NULL
7063,36520,1307178566,0,NULL,NULL
7063,12645,1307108539,0,NULL,NULL
7063,1406,1307127087,0,NULL,NULL
7063,1605,1307127087,0,NULL,NULL
7063,20858,1307178566,0,NULL,NULL
7069,10446,1307017902,0,NULL,NULL
7069,9944,1307017902,1,NULL,NULL
7069,31585,1307017902,0,NULL,NULL
7069,31802,1307018210,0,NULL,NULL
7070,26222,1306943610,1,NULL,NULL
7070,13942,1306943610,1,NULL,NULL
7071,30878,1306918481,1,NULL,NULL
7071,37002,1306918481,1,NULL,NULL
7075,17915,1306745891,1,NULL,NULL
7075,5189,1306745891,0,NULL,NULL
7075,9896,1306745891,0,NULL,NULL
7078,26802,1306669676,0,NULL,NULL
7078,9053,1306669676,0,NULL,NULL
7080,22423,1306659919,1,NULL,NULL
7080,22949,1306659919,1,NULL,NULL
7085,25019,1306505165,0,NULL,NULL
7086,24982,1305651037,0,NULL,NULL
7086,17577,1306479540,0,NULL,NULL
7086,16289,1305651037,0,NULL,NULL
7086,4787,1305651037,0,NULL,NULL
7086,537,1306479540,-1,NULL,NULL
7087,18219,1306427761,0,NULL,NULL
7087,30149,1306370661,0,NULL,NULL
7087,20480,1306427761,0,NULL,NULL
7087,1822,1306370661,0,NULL,NULL
7087,13461,1306370661,0,NULL,NULL
7090,12045,1306148858,1,NULL,NULL
7092,19091,1305989018,0,NULL,NULL
7092,4573,1305989018,0,NULL,NULL
7094,34438,1305822622,0,NULL,NULL
7094,25797,1305822622,0,NULL,NULL
7096,8778,1305797178,0,NULL,NULL
7096,7968,1305790108,0,NULL,NULL
7096,19358,1305790108,0,NULL,NULL
7096,34709,1305790108,0,NULL,NULL
7096,24825,1305790108,1,NULL,NULL
7098,31299,1305788520,-1,NULL,NULL
7099,6411,1305104763,1,NULL,NULL
7099,35363,1305182655,1,0.0,0.0
7099,10008,1305188376,0,NULL,NULL
7099,17651,1305104763,1,NULL,NULL
7099,3987,1305188376,1,NULL,NULL
7104,5528,1305598328,0,NULL,NULL
7104,22635,1305598328,0,NULL,NULL
7104,9098,1305598328,0,NULL,NULL
7104,27257,1305598328,0,NULL,NULL
7105,28053,1305579139,0,NULL,NULL
7105,35625,1305579139,0,NULL,NULL
7105,11787,1305579139,0,NULL,NULL
7105,12131,1305579139,-1,NULL,NULL
7108,8249,1305292222,-1,NULL,NULL
7108,35336,1305292222,0,NULL,NULL
7108,17411,1305292222,1,NULL,NULL
7108,24221,1305292222,1,NULL,NULL
7108,8087,1305292222,1,NULL,NULL
7110,5937,1305281606,1,NULL,NULL
7110,22560,1305281606,1,NULL,NULL
7110,19258,1305281606,1,NULL,NULL
7113,21291,1305180785,1,NULL,NULL
7117,31939,1304966720,0,NULL,NULL
7117,17030,1304966720,0,NULL,NULL
7117,21678,1304966720,0,NULL,NULL
7117,15211,1304966720,0,NULL,NULL
7117,26248,1304966720,0,NULL,NULL
7118,8132,1304946235,0,NULL,NULL
7120,8802,1304943238,0,NULL,NULL
7122,14864,1304764295,0,NULL,NULL
7122,19009,1304786964,0,NULL,NULL
7122,26769,1304764295,0,NULL,NULL
7122,17112,1304764295,0,NULL,NULL
7122,31961,1304764295,0,NULL,NULL
7123,32104,1304765032,0,NULL,NULL
7123,26926,1304765032,0,NULL,NULL
7123,16964,1304765032,0,NULL,NULL
7123,5060,1304765032,0,NULL,NULL
7123,9536,1304765032,1,NULL,NULL
7124,8807,1304678813,-1,NULL,NULL
7124,10998,1304678813,0,NULL,NULL
7124,19468,1304678813,0,NULL,NULL
7124,19742,1304678813,0,NULL,NULL
7124,34663,1304678813,0,NULL,NULL
7125,27100,1304429240,1,NULL,NULL
7125,28690,1304429240,0,NULL,NULL
7125,1383,1304429240,-1,NULL,NULL
7125,3965,1304049188,-1,NULL,NULL
7125,7387,1304049224,1,NULL,NULL
7131,4019,1304357948,0,NULL,NULL
7132,8216,1304350554,0,NULL,NULL
7132,19616,1304350554,1,NULL,NULL
7134,22086,1304347052,0,NULL,NULL
7134,19424,1304347052,0,NULL,NULL
7134,20800,1304347052,0,NULL,NULL
7134,23273,1304347052,1,NULL,NULL
7134,1617,1304347052,1,NULL,NULL
7135,145,1304344785,1,NULL,NULL
7135,17901,1304344785,0,NULL,NULL
7135,31489,1304344785,1,NULL,NULL
7135,10292,1304344785,0,NULL,NULL
7135,5490,1304344785,0,NULL,NULL
7136,8774,1304246672,1,NULL,NULL
7136,1058,1304246672,0,NULL,NULL
7136,33459,1304246672,0,NULL,NULL
7143,28499,1304096157,1,NULL,NULL
7143,16042,1304096157,0,NULL,NULL
7143,22789,1304096157,0,NULL,NULL
7144,13077,1304092717,1,NULL,NULL
7145,35227,1304081854,0,NULL,NULL
7145,26984,1304081854,0,NULL,NULL
7147,37439,1303939641,0,NULL,NULL
7151,16197,1303664445,1,NULL,NULL
7151,30789,1303664445,0,NULL,NULL
7152,4306,1303650089,0,NULL,NULL
7154,17144,1303443126,0,NULL,NULL
7157,17966,1303372229,0,NULL,NULL
7157,14580,1303372229,1,NULL,NULL
7157,15155,1303372229,0,NULL,NULL
7157,22034,1303372229,0,NULL,NULL
7157,28261,1303372229,0,NULL,NULL
7159,33869,1303334319,0,NULL,NULL
7159,5062,1303334319,0,NULL,NULL
7163,21206,1303295098,0,NULL,NULL
7164,20504,1303271642,0,NULL,NULL
7164,9772,1303271642,1,NULL,NULL
7164,22680,1303271642,1,NULL,NULL
7165,11421,1303183403,1,NULL,NULL
7165,21067,1303183403,1,NULL,NULL
7174,21625,1302958014,1,NULL,NULL
7174,26512,1302958014,-1,NULL,NULL
7174,17878,1302958014,1,NULL,NULL
7174,1997,1302958014,1,NULL,NULL
7177,31881,1302878410,0,NULL,NULL
7177,6402,1302878410,0,NULL,NULL
7177,26952,1302878410,0,NULL,NULL
7178,33041,1302853659,1,NULL,NULL
7179,25117,1302818705,-1,NULL,NULL
7179,33728,1302818705,1,NULL,NULL
7181,19418,1302788673,1,NULL,NULL
7181,2291,1302788673,1,NULL,NULL
7183,18025,1302767320,1,NULL,NULL
7183,8067,1302767320,1,NULL,NULL
7184,28654,1302699657,1,NULL,NULL
7184,8450,1302699657,1,NULL,NULL
7184,1045,1302699657,0,NULL,NULL
7185,31090,1302695226,1,NULL,NULL
7185,8161,1302695226,0,NULL,NULL
7186,4353,1302630326,0,NULL,NULL
7186,32855,1302630326,0,NULL,NULL
7189,12718,1301645422,0,NULL,NULL
7189,6246,1302531307,0,NULL,NULL
7189,6811,1302531307,0,NULL,NULL
7191,33934,1302508361,0,NULL,NULL
7191,6691,1302508361,0,NULL,NULL
7191,10893,1302508361,0,NULL,NULL
7191,10643,1302508361,0,NULL,NULL
7191,18661,1302508361,0,NULL,NULL
7194,16179,1302347368,1,NULL,NULL
7195,10611,1302278910,1,NULL,NULL
7195,22930,1302278910,1,NULL,NULL
7195,30623,1302278910,0,NULL,NULL
7195,16042,1302278910,1,NULL,NULL
7195,28715,1302278910,1,NULL,NULL
7199,9638,1302187768,1,NULL,NULL
7199,7540,1302187768,0,NULL,NULL
7199,19293,1302187768,0,NULL,NULL
7199,2707,1302187768,1,NULL,NULL
7200,13587,1302078371,0,NULL,NULL
7201,26963,1301833917,0,NULL,NULL
7201,10859,1301833917,0,NULL,NULL
7201,13813,1301833917,0,NULL,NULL
7201,12061,1301833917,1,NULL,NULL
7201,30321,1301833917,0,NULL,NULL
7203,360,1301742346,0,NULL,NULL
7203,1611,1301742346,1,NULL,NULL
7203,24711,1301742346,1,NULL,NULL
7203,6746,1301742346,1,NULL,NULL
7203,18059,1301742346,0,NULL,NULL
7208,19119,1301501677,0,NULL,NULL
7209,5562,1301476663,0,NULL,NULL
7209,5264,1301488854,0,NULL,NULL
7209,19496,1301476663,1,NULL,NULL
7209,15159,1301476663,1,NULL,NULL
7209,33951,1301488854,0,NULL,NULL
7210,10027,1301470953,1,NULL,NULL
7210,6059,1301469845,1,NULL,NULL
7210,14272,1301471602,0,NULL,NULL
7210,6045,1301471602,0,NULL,NULL
7210,415,1301470953,1,NULL,NULL
7211,34249,1301418424,0,NULL,NULL
7211,35024,1301418424,1,NULL,NULL
7211,26436,1301418424,0,NULL,NULL
7211,9033,1301418424,0,NULL,NULL
7211,9032,1301418424,0,NULL,NULL
7212,9774,1301391250,1,NULL,NULL
7216,15861,1301218617,-1,NULL,NULL
7219,30341,1301084808,1,NULL,NULL
7219,2191,1301084808,0,NULL,NULL
7219,6276,1301084808,0,NULL,NULL
7222,34028,1301040261,1,NULL,NULL
7222,7902,1301040261,0,NULL,NULL
7222,7326,1301040261,1,NULL,NULL
7224,2945,1300842159,1,NULL,NULL
7224,30244,1300842159,1,NULL,NULL
7225,17101,1300767061,0,NULL,NULL
7225,1634,1300767061,1,NULL,NULL
7225,31140,1300767061,1,NULL,NULL
7225,6002,1300768684,0,NULL,NULL
7226,2265,1300695035,1,NULL,NULL
7226,34347,1300760766,0,NULL,NULL
7226,12483,1300760766,0,NULL,NULL
7227,27906,1300748700,-1,NULL,NULL
7227,10682,1300748700,-1,NULL,NULL
7229,13793,1300702339,0,NULL,NULL
7229,17877,1300702380,0,NULL,NULL
7230,6407,1299955581,1,NULL,NULL
7236,8016,1299061048,0,NULL,NULL
7236,10640,1299254680,-1,NULL,NULL
7236,34023,1299065517,1,NULL,NULL
7236,7271,1299146700,0,NULL,NULL
7236,5710,1299061048,-1,NULL,NULL
7237,20167,1299473015,0,NULL,NULL
7237,15836,1299473015,1,NULL,NULL
7237,738,1299488943,0,NULL,NULL
7243,32014,1299241491,0,NULL,NULL
7243,5172,1299241491,0,NULL,NULL
7244,24232,1299037790,0,NULL,NULL
7244,23919,1299037790,0,NULL,NULL
7244,7202,1299222760,0,NULL,NULL
7245,2094,1297512273,0,NULL,NULL
7245,6745,1297512273,1,NULL,NULL
7245,37269,1297512273,1,NULL,NULL
7245,21404,1297512273,1,NULL,NULL
7247,12960,1299080522,1,NULL,NULL
7247,29691,1299080522,1,NULL,NULL
7249,3060,1298996051,0,NULL,NULL
7249,30941,1298996051,1,NULL,NULL
7249,33637,1298996051,0,NULL,NULL
7250,16760,1298989241,0,NULL,NULL
7250,16422,1298989241,0,NULL,NULL
7250,16713,1298991670,0,NULL,NULL
7250,1451,1298989241,0,NULL,NULL
7250,9565,1298989241,0,NULL,NULL
7254,13894,1298810600,0,NULL,NULL
7254,22906,1297633251,-1,NULL,NULL
7254,32308,1297371099,1,NULL,NULL
7254,13030,1298810600,0,NULL,NULL
7254,6785,1298918482,1,NULL,NULL
7258,28267,1298805713,1,NULL,NULL
7258,7952,1298805713,1,NULL,NULL
7261,16764,1298712293,0,NULL,NULL
7261,9111,1298712293,0,NULL,NULL
7261,8002,1298712293,0,NULL,NULL
7261,21403,1298712293,0,NULL,NULL
7261,27519,1298712293,1,NULL,NULL
7269,36208,1298532152,0,NULL,NULL
7269,20969,1298534350,0,NULL,NULL
7269,10856,1298524805,0,NULL,NULL
7269,18497,1298532152,1,NULL,NULL
7269,8761,1298532152,0,NULL,NULL
7273,17201,1298474703,0,NULL,NULL
7273,16739,1298474703,0,NULL,NULL
7273,8120,1298474703,-1,NULL,NULL
7273,6029,1298474703,0,NULL,NULL
7273,15718,1298474703,0,NULL,NULL
7274,29644,1298454980,0,NULL,NULL
7274,20179,1298454980,0,NULL,NULL
7274,6434,1298454980,0,NULL,NULL
7274,2928,1298454980,0,NULL,NULL
7274,24295,1298454980,0,NULL,NULL
7275,27402,1298453850,0,NULL,NULL
7275,5280,1298453850,0,NULL,NULL
7275,5991,1298453850,0,NULL,NULL
7275,14905,1298453850,0,NULL,NULL
7275,20007,1298453850,0,NULL,NULL
7280,29577,1286614127,-1,NULL,NULL
7280,20640,1286614127,0,NULL,NULL
7280,4600,1286614127,1,NULL,NULL
7280,30255,1286614127,0,NULL,NULL
7280,37625,1298387371,1,NULL,NULL
7283,33049,1298369998,0,NULL,NULL
7283,30976,1298197341,0,NULL,NULL
7283,25847,1298197341,1,NULL,NULL
7283,7666,1298369998,0,NULL,NULL
7283,3889,1298197341,1,NULL,NULL
7286,2948,1298306414,-1,NULL,NULL
7286,21917,1298306414,-1,NULL,NULL
7287,27997,1298300120,1,NULL,NULL
7287,11420,1298306286,1,NULL,NULL
7289,5011,1298279928,0,NULL,NULL
7292,27602,1298012260,0,NULL,NULL
7292,26752,1298012260,0,NULL,NULL
7293,17957,1297950799,0,NULL,NULL
7293,6412,1297950799,0,NULL,NULL
7294,33455,1297928733,0,NULL,NULL
7294,12084,1297928733,0,NULL,NULL
7296,7949,1297847612,0,NULL,NULL
7296,21801,1297847612,0,NULL,NULL
7299,22077,1297750915,0,NULL,NULL
7299,16658,1297750915,1,NULL,NULL
7299,34159,1297750915,0,NULL,NULL
7301,20140,1297685427,0,NULL,NULL
7302,8517,1297619945,1,NULL,NULL
7302,8909,1297619945,1,NULL,NULL
7302,35634,1297619945,1,NULL,NULL
7302,14373,1297619945,0,NULL,NULL
7302,8309,1297619945,0,NULL,NULL
7306,8631,1297417092,-1,NULL,NULL
7306,22933,1297417092,-1,NULL,NULL
7306,23001,1297417092,0,NULL,NULL
7309,6499,1297402135,0,NULL,NULL
7309,20819,1297402135,0,NULL,NULL
7309,24681,1297402135,1,NULL,NULL
7310,21870,1297401925,-1,NULL,NULL
7314,2336,1297278501,1,NULL,NULL
7314,22943,1297278501,0,NULL,NULL
7317,12679,1297255329,0,NULL,NULL
7320,8117,1297179311,0,NULL,NULL
7320,8962,1297179311,1,NULL,NULL
7320,1569,1297228753,0,NULL,NULL
7322,13562,1297032186,1,NULL,NULL
7322,28454,1297032186,0,NULL,NULL
7327,30117,1294410128,1,NULL,NULL
7327,20261,1294410128,1,NULL,NULL
7327,30412,1296982158,1,NULL,NULL
7327,26745,1296982158,0,NULL,NULL
7328,24156,1296913909,-1,NULL,NULL
7328,28369,1296913909,0,NULL,NULL
7328,56,1296913909,0,NULL,NULL
7328,22688,1296913909,0,NULL,NULL
7328,11789,1296913909,-1,NULL,NULL
7331,24715,1296841723,0,NULL,NULL
7331,15373,1296841723,0,NULL,NULL
7331,1214,1296841723,0,NULL,NULL
7331,15874,1296841723,0,NULL,NULL
7333,8643,1296722296,1,NULL,NULL
7333,25827,1296748063,0,NULL,NULL
7333,9451,1296748063,0,NULL,NULL
7333,22022,1296722296,1,NULL,NULL
7333,18907,1296722296,1,NULL,NULL
7336,6011,1296594837,0,NULL,NULL
7336,16623,1296594837,1,NULL,NULL
7336,6925,1296594837,0,NULL,NULL
7338,9992,1296494920,0,NULL,NULL
7338,17198,1296558142,0,NULL,NULL
7338,8174,1296495624,0,NULL,NULL
7338,8812,1296546062,0,NULL,NULL
7338,6803,1296546062,0,NULL,NULL
7339,32111,1296567045,0,NULL,NULL
7339,13646,1296567045,0,NULL,NULL
7339,16532,1296567045,0,NULL,NULL
7339,20466,1296567045,0,NULL,NULL
7339,22583,1296567045,0,NULL,NULL
7343,14355,1296408582,-1,NULL,NULL
7343,14559,1296408582,-1,NULL,NULL
7343,4040,1296408582,0,NULL,NULL
7343,16184,1296408582,0,NULL,NULL
7343,20540,1296408582,0,NULL,NULL
7345,26959,1296390904,1,NULL,NULL
7345,18400,1296390904,1,NULL,NULL
7345,34030,1296390904,0,NULL,NULL
7345,10425,1296390904,0,NULL,NULL
7345,19875,1296390904,0,NULL,NULL
7347,20955,1294418531,0,NULL,NULL
7347,14373,1294418924,0,NULL,NULL
7347,27959,1296341147,0,NULL,NULL
7347,18810,1296363840,0,NULL,NULL
7347,1197,1294423906,1,NULL,NULL
7349,14935,1296234419,-1,NULL,NULL
7349,31045,1296234419,0,NULL,NULL
7349,26654,1296234419,0,NULL,NULL
7349,7733,1296234419,-1,NULL,NULL
7349,15721,1296234419,1,NULL,NULL
7350,26168,1296200008,1,NULL,NULL
7352,14309,1295877322,0,NULL,NULL
7352,35812,1295877322,0,NULL,NULL
7354,17264,1295608182,-1,NULL,NULL
7354,23505,1295611605,1,NULL,NULL
7359,33814,1293266959,0,NULL,NULL
7359,28339,1293266959,0,NULL,NULL
7359,15841,1293266959,0,NULL,NULL
7359,16831,1295531018,1,NULL,NULL
7359,654,1293266959,1,NULL,NULL
7360,23516,1295447030,0,NULL,NULL
7360,7162,1295447030,0,NULL,NULL
7361,12850,1295435944,1,NULL,NULL
7361,5217,1295435944,1,NULL,NULL
7361,16390,1295438471,-1,NULL,NULL
7361,31209,1295438471,0,NULL,NULL
7363,31802,1295363227,0,NULL,NULL
7369,21265,1295108720,0,NULL,NULL
7369,12667,1295108720,0,NULL,NULL
7369,10907,1295108720,1,NULL,NULL
7369,33490,1295108720,1,NULL,NULL
7369,8684,1295105755,0,NULL,NULL
7372,10667,1294991219,1,NULL,NULL
7372,24656,1294991219,0,NULL,NULL
7375,30127,1294920065,0,NULL,NULL
7375,30742,1294920065,0,NULL,NULL
7375,37381,1294920065,0,NULL,NULL
7375,4898,1294920065,1,NULL,NULL
7375,13149,1294920065,0,NULL,NULL
7379,1564,1294818732,1,NULL,NULL
7380,12785,1294748726,1,NULL,NULL
7380,10460,1294748726,1,NULL,NULL
7380,15179,1294748726,1,NULL,NULL
7380,7439,1294748726,0,NULL,NULL
7381,7904,1294731772,-1,NULL,NULL
7388,25721,1294637063,1,NULL,NULL
7388,37064,1294637063,0,NULL,NULL
7388,2293,1294637063,0,NULL,NULL
7388,12331,1294637063,0,0.0,0.0
7389,4035,1294570274,-1,NULL,NULL
7389,8371,1294570274,1,NULL,NULL
7389,14016,1294572214,0,NULL,NULL
7391,27739,1294395638,1,NULL,NULL
7391,32134,1294395638,1,NULL,NULL
7397,1825,1294249142,0,NULL,NULL
7397,467,1294241553,-1,NULL,NULL
7397,5100,1294248757,1,NULL,NULL
7397,22195,1294241553,0,NULL,NULL
7397,26633,1294248757,-1,NULL,NULL
7401,27063,1294215627,0,NULL,NULL
7402,5998,1294211277,-1,NULL,NULL
7402,17581,1294211277,0,NULL,NULL
7402,14833,1294211277,0,NULL,NULL
7402,37333,1294211277,0,NULL,NULL
7404,19732,1294209481,0,NULL,NULL
7407,1178,1294150634,-1,NULL,NULL
7407,4485,1294150634,0,NULL,NULL
7413,11949,1293789622,1,NULL,NULL
7421,27214,1293184183,1,NULL,NULL
7421,4584,1293184183,1,NULL,NULL
7421,28744,1293184183,0,NULL,NULL
7421,27206,1293184183,1,NULL,NULL
7421,27884,1293184183,1,NULL,NULL
7423,6302,1293121457,0,NULL,NULL
7423,13251,1293121457,0,NULL,NULL
7423,24622,1293121457,0,NULL,NULL
7423,27563,1293121457,0,NULL,NULL
7423,606,1293121457,0,NULL,NULL
7428,6982,1292854392,-1,NULL,NULL
7428,16664,1292854392,1,NULL,NULL
7432,15590,1292684343,1,NULL,NULL
7432,32496,1292683895,1,NULL,NULL
7432,28111,1292683895,0,NULL,NULL
7432,15512,1292683895,0,NULL,NULL
7432,15555,1292683895,0,NULL,NULL
7436,7547,1292561878,1,NULL,NULL
7436,18888,1292561878,0,NULL,NULL
7436,27954,1292562636,0,NULL,NULL
7436,31577,1292562636,0,NULL,NULL
7437,5213,1292400666,1,NULL,NULL
7437,333,1292508270,1,NULL,NULL
7437,27027,1292508270,1,NULL,NULL
7442,24551,1292390154,0,NULL,NULL
7442,4431,1292390154,1,NULL,NULL
7443,19437,1292352139,0,NULL,NULL
7443,1874,1292352139,1,NULL,NULL
7452,12440,1291888499,1,NULL,NULL
7455,5514,1291846409,1,NULL,NULL
7455,4147,1291846409,-1,NULL,NULL
7455,5332,1291846409,1,NULL,NULL
7456,22047,1291812328,-1,NULL,NULL
7457,21100,1291806486,0,NULL,NULL
7461,8111,1291622544,0,NULL,NULL
7461,9870,1291622544,0,NULL,NULL
7461,5807,1291741701,0,NULL,NULL
7461,8444,1291622544,1,NULL,NULL
7461,18329,1291622544,1,NULL,NULL
7466,20886,1291649332,0,NULL,NULL
7466,19670,1291649332,0,NULL,NULL
7467,8669,1291645173,1,NULL,NULL
7468,34312,1291640307,0,NULL,NULL
7468,16139,1291640307,1,NULL,NULL
7468,26654,1291640879,0,NULL,NULL
7469,16664,1291546637,0,NULL,NULL
7473,17969,1291026511,0,NULL,NULL
7473,8815,1291026511,0,NULL,NULL
7473,8244,1291026511,-1,NULL,NULL
7473,8959,1291026511,0,NULL,NULL
7473,28711,1291026511,0,NULL,NULL
7474,8706,1291020821,0,NULL,NULL
7474,23702,1291020821,0,NULL,NULL
7474,5845,1291020953,0,NULL,NULL
7476,28670,1291011777,0,NULL,NULL
7476,16526,1291011777,1,NULL,NULL
7476,32100,1291011777,0,NULL,NULL
7476,6062,1291011777,-1,NULL,NULL
7476,7838,1291011777,-1,NULL,NULL
7477,36002,1290950601,-1,NULL,NULL
7477,20426,1290950601,0,NULL,NULL
7479,23016,1290874292,0,NULL,NULL
7479,6460,1290874292,0,NULL,NULL
7479,20440,1290874292,0,NULL,NULL
7479,6961,1290874292,1,NULL,NULL
7479,6200,1290874292,0,NULL,NULL
7480,24476,1290870745,1,NULL,NULL
7480,31013,1290870745,0,NULL,NULL
7481,16353,1290782264,1,NULL,NULL
7481,17099,1290782264,1,NULL,NULL
7481,11044,1290782264,0,NULL,NULL
7481,30254,1290782963,0,NULL,NULL
7482,24876,1290702754,1,NULL,NULL
7482,25686,1290702754,1,NULL,NULL
7482,2158,1290702754,1,NULL,NULL
7482,24312,1290702754,0,NULL,NULL
7482,10887,1290702754,0,NULL,NULL
7485,7734,1290627379,1,NULL,NULL
7485,36244,1290627379,0,NULL,NULL
7485,17830,1290627379,0,NULL,NULL
7485,25888,1290506706,1,NULL,NULL
7485,16266,1290627379,0,NULL,NULL
7488,215,1290513563,0,NULL,NULL
7489,5298,1290430115,0,NULL,NULL
7489,18300,1290430115,0,NULL,NULL
7490,1161,1290271552,1,NULL,NULL
7491,13441,1290206626,0,NULL,NULL
7493,27624,1290069885,0,NULL,NULL
7498,13311,1289740024,0,NULL,NULL
7498,27108,1289726410,0,NULL,NULL
7498,1840,1289740024,0,NULL,NULL
7498,35077,1289740024,0,NULL,NULL
7498,5382,1289740024,0,NULL,NULL
7500,8294,1289557195,1,NULL,NULL
7503,15641,1289554298,0,NULL,NULL
7503,16024,1289554298,0,NULL,NULL
7504,17197,1289495625,0,NULL,NULL
7507,13509,1289310911,1,NULL,NULL
7507,12279,1289310911,1,NULL,NULL
7509,10066,1289237390,-1,NULL,NULL
7509,31842,1289237390,1,NULL,NULL
7509,32240,1289237390,0,NULL,NULL
7512,26298,1289068983,0,NULL,NULL
7512,27412,1289068983,0,NULL,NULL
7512,22531,1289068983,0,NULL,NULL
7512,20541,1289066889,0,NULL,NULL
7512,17576,1289066889,0,NULL,NULL
7515,5287,1288860325,0,NULL,NULL
7515,26571,1289029425,1,NULL,NULL
7515,21000,1288860325,0,NULL,NULL
7515,23112,1289029425,0,NULL,NULL
7515,26709,1288860325,0,NULL,NULL
7519,33545,1288937216,0,NULL,NULL
7519,11708,1288939232,0,NULL,NULL
7519,31031,1288939232,-1,NULL,NULL
7521,5214,1288921190,1,NULL,NULL
7521,596,1288921589,-1,NULL,NULL
7522,129,1288862412,0,NULL,NULL
7525,28213,1288345643,0,NULL,NULL
7525,27473,1288345643,1,NULL,NULL
7525,21875,1288345643,0,NULL,NULL
7525,6218,1288345643,0,NULL,NULL
7528,21809,1288190325,0,NULL,NULL
7528,1465,1288098114,-1,NULL,NULL
7528,10042,1288190325,0,NULL,NULL
7528,16912,1288035043,0,NULL,NULL
7528,7697,1287157981,0,NULL,NULL
7532,23153,1288075285,0,NULL,NULL
7537,8254,1287653738,1,NULL,NULL
7537,4718,1287653738,0,NULL,NULL
7537,12365,1287653738,1,NULL,NULL
7539,28366,1287494578,-1,NULL,NULL
7539,6888,1287494578,0,NULL,NULL
7550,5387,1286812659,1,NULL,NULL
7550,21193,1286812659,0,NULL,NULL
7550,32546,1286857368,1,NULL,NULL
7553,17089,1286605410,1,NULL,NULL
7553,140,1286605410,1,NULL,NULL
7555,14112,1286513244,0,NULL,NULL
7555,6338,1286513244,0,NULL,NULL
7555,12773,1286513244,0,NULL,NULL
7555,24074,1286513244,1,NULL,NULL
7555,33679,1286513244,0,NULL,NULL
7556,12451,1286512001,1,NULL,NULL
7556,33666,1286512001,0,NULL,NULL
7556,12316,1286512001,0,NULL,NULL
7557,10247,1286464593,0,NULL,NULL
7559,7454,1286431280,1,NULL,NULL
7559,30733,1286431280,0,NULL,NULL
7561,7255,1286337202,0,NULL,NULL
7561,19882,1286337202,1,NULL,NULL
7562,21195,1286263685,0,NULL,NULL
7565,26823,1286032569,0,NULL,NULL
7565,32876,1286032569,1,NULL,NULL
7565,16242,1286032569,1,NULL,NULL
7565,10072,1286032569,1,NULL,NULL
7568,23103,1285922093,1,NULL,NULL
7569,35071,1285913592,0,NULL,NULL
7569,3023,1285913592,0,NULL,NULL
7569,6440,1285913592,0,NULL,NULL
7569,31041,1285913592,0,NULL,NULL
7571,26314,1285707753,0,NULL,NULL
7571,16445,1285707753,1,NULL,NULL
7571,10290,1285707753,1,NULL,NULL
7571,2953,1285707753,0,NULL,NULL
7571,6860,1285707753,0,NULL,NULL
7577,23421,1285591075,1,NULL,NULL
7577,9093,1285591075,1,NULL,NULL
7577,32259,1285591075,-1,NULL,NULL
7579,23873,1285481162,0,NULL,NULL
7580,17572,1285407954,0,NULL,NULL
7580,18386,1285407954,1,NULL,NULL
7580,13364,1285408297,-1,NULL,NULL
7580,36880,1285407954,1,NULL,NULL
7580,10236,1285383113,0,NULL,NULL
7581,5966,1285321028,1,NULL,NULL
7581,4498,1285321028,1,NULL,NULL
7583,18968,1285248687,0,NULL,NULL
7583,17433,1285248687,0,NULL,NULL
7583,16289,1285248687,0,NULL,NULL
7583,7164,1285248687,0,NULL,NULL
7583,3985,1285248687,0,NULL,NULL
7585,27366,1285139494,0,NULL,NULL
7585,11112,1285139258,0,NULL,NULL
7585,28468,1285139207,0,NULL,NULL
7585,12005,1285139258,0,NULL,NULL
7585,1983,1285139207,0,NULL,NULL
7587,8635,1285078629,-1,NULL,NULL
7587,14480,1285078629,0,NULL,NULL
7587,8088,1285078629,1,NULL,NULL
7587,12047,1285078629,0,NULL,NULL
7587,33626,1285078629,-1,NULL,NULL
7591,36471,1284967248,0,NULL,NULL
7594,36066,1284906401,1,NULL,NULL
7594,36591,1284906401,-1,NULL,NULL
7597,7165,1284722667,0,NULL,NULL
7597,32446,1284722667,1,NULL,NULL
7598,23266,1284720664,0,NULL,NULL
7599,21137,1284658336,0,NULL,NULL
7599,14051,1284658336,0,NULL,NULL
7600,13231,1284658097,0,NULL,NULL
7600,28407,1284658097,1,NULL,NULL
7601,26877,1284646379,1,NULL,NULL
7601,15127,1284646379,1,NULL,NULL
7602,5201,1284617386,0,NULL,NULL
7602,7316,1284617386,-1,NULL,NULL
7602,33789,1284617386,1,NULL,NULL
7602,4283,1284617386,0,NULL,NULL
7602,12935,1284620589,1,NULL,NULL
7608,33033,1284428460,0,NULL,NULL
7608,28513,1284428460,0,NULL,NULL
7608,1723,1284428460,1,NULL,NULL
7610,1855,1284175318,0,NULL,NULL
7610,21531,1284175318,1,NULL,NULL
7610,7735,1284175318,0,NULL,NULL
7610,23494,1284175318,0,NULL,NULL
7612,33689,1283612805,0,NULL,NULL
7612,1729,1283612805,0,NULL,NULL
7612,34682,1283678563,0,NULL,NULL
7612,19362,1283845378,0,NULL,NULL
7612,10235,1283607453,1,NULL,NULL
7615,21,1283529391,1,NULL,NULL
7616,32721,1283522226,0,NULL,NULL
7616,11069,1283522999,0,NULL,NULL
7616,2072,1283524351,0,NULL,NULL
7618,19084,1283490667,1,NULL,NULL
7621,18926,1283319818,0,NULL,NULL
7621,17551,1283319818,1,NULL,NULL
7621,7942,1283319818,0,NULL,NULL
7624,13256,1283287539,1,NULL,NULL
7624,14198,1283289848,1,NULL,NULL
7624,6813,1283289848,1,NULL,NULL
7624,33103,1283289848,1,NULL,NULL
7624,17475,1283287539,0,NULL,NULL
7628,13414,1283155863,0,NULL,NULL
7628,19997,1283155863,1,NULL,NULL
7628,24475,1283155863,0,NULL,NULL
7628,17493,1283155863,0,NULL,NULL
7628,10464,1283155863,0,NULL,NULL
7630,16454,1280843618,0,NULL,NULL
7630,15170,1282814548,1,NULL,NULL
7635,16632,1282750273,0,NULL,NULL
7635,13037,1282750273,1,NULL,NULL
7639,9882,1282736619,0,NULL,NULL
7639,37164,1282639695,0,NULL,NULL
7639,6912,1282639695,0,NULL,NULL
7639,22093,1282639695,0,NULL,NULL
7639,5557,1282736619,0,NULL,NULL
7648,35639,1282240497,1,NULL,NULL
7648,16221,1282240497,1,NULL,NULL
7649,2127,1282215776,0,NULL,NULL
7650,16736,1282209786,1,NULL,NULL
7650,15173,1282209786,1,NULL,NULL
7650,4180,1282209786,-1,NULL,NULL
7651,12585,1282189559,0,NULL,NULL
7659,6918,1281621048,1,NULL,NULL
7660,27462,1281612824,0,NULL,NULL
7660,28188,1281612824,1,NULL,NULL
7660,19285,1281612824,0,NULL,NULL
7660,9140,1281613092,0,NULL,NULL
7661,4087,1281605129,0,NULL,NULL
7661,33119,1281605129,0,NULL,NULL
7662,13753,1281536818,0,NULL,NULL
7662,31630,1281536818,1,NULL,NULL
7663,11017,1281529655,0,NULL,NULL
7663,307,1281529655,0,NULL,NULL
7664,16735,1281500923,1,NULL,NULL
7664,28465,1281500923,0,NULL,NULL
7664,10441,1281500923,0,NULL,NULL
7667,9493,1281362416,0,NULL,NULL
7670,21104,1281349455,0,NULL,NULL
7670,20238,1281349455,0,NULL,NULL
7680,20998,1280843587,1,NULL,NULL
7681,19335,1280828449,0,NULL,NULL
7684,23062,1280751006,0,NULL,NULL
7684,10747,1280751006,0,NULL,NULL
7684,31936,1280751006,0,NULL,NULL
7684,19631,1280751006,0,NULL,NULL
7684,36978,1280753561,0,NULL,NULL
7689,36851,1280478129,-1,NULL,NULL
7689,3943,1280479719,0,NULL,NULL
7690,9584,1280458025,0,NULL,NULL
7690,9819,1280458025,0,NULL,NULL
7690,26833,1280458025,0,NULL,NULL
7690,15375,1280458025,1,NULL,NULL
7690,5945,1280458025,1,NULL,NULL
7694,259,1280309196,1,NULL,NULL
7694,9831,1280309196,1,NULL,NULL
7694,32180,1280309196,1,NULL,NULL
7696,16564,1280296244,1,NULL,NULL
7696,16903,1280296244,0,NULL,NULL
7696,20446,1280296244,1,NULL,NULL
7696,22744,1280296244,0,NULL,NULL
7696,24676,1280296244,-1,NULL,NULL
7700,27477,1280224426,1,NULL,NULL
7700,18096,1280224426,0,NULL,NULL
7700,20830,1280224426,0,NULL,NULL
7700,12828,1280229807,0,NULL,NULL
7700,23506,1280229807,1,NULL,NULL
7701,31034,1280043089,-1,NULL,NULL
7701,14900,1280046005,0,NULL,NULL
7701,4529,1280220692,0,NULL,NULL
7701,23119,1280043089,1,NULL,NULL
7701,21112,1280043089,-1,NULL,NULL
7706,15668,1280051112,1,NULL,NULL
7706,13963,1280051112,-1,NULL,NULL
7706,37287,1280051112,0,NULL,NULL
7707,33795,1279891677,1,NULL,NULL
7707,11790,1279891677,0,NULL,NULL
7707,2883,1279891677,1,NULL,NULL
7707,5381,1279891677,1,NULL,NULL
7708,5123,1279807694,0,NULL,NULL
7708,28688,1279359953,0,NULL,NULL
7708,35898,1279359953,0,NULL,NULL
7708,4019,1279359953,0,NULL,NULL
7708,18326,1279888681,1,NULL,NULL
7709,5398,1279865217,0,NULL,NULL
7709,20290,1279865217,0,NULL,NULL
7711,13728,1279810708,-1,NULL,NULL
7711,25980,1279810815,0,NULL,NULL
7711,22435,1279810815,1,NULL,NULL
7715,6103,1275984047,1,NULL,NULL
7715,31848,1275984047,0,NULL,NULL
7715,33647,1279764249,1,NULL,NULL
7715,35381,1279764249,1,NULL,NULL
7718,9148,1279568799,-1,NULL,NULL
7720,21880,1279539764,1,NULL,NULL
7724,12516,1279523365,0,NULL,NULL
7724,26574,1279523365,1,NULL,NULL
7724,37310,1279523365,-1,NULL,NULL
7724,17643,1279523365,0,NULL,NULL
7725,13390,1279368920,0,NULL,NULL
7725,21709,1279368920,0,NULL,NULL
7727,34301,1279263136,-1,NULL,NULL
7727,27767,1279263136,-1,NULL,NULL
7727,8814,1279255242,0,NULL,NULL
7727,32456,1279255242,0,NULL,NULL
7727,28238,1279255242,1,NULL,NULL
7728,17682,1279205470,1,NULL,NULL
7728,27045,1279205470,-1,NULL,NULL
7728,14037,1279205470,0,NULL,NULL
7728,18050,1279205470,1,NULL,NULL
7729,23910,1279160370,1,NULL,NULL
7729,5804,1279160370,0,NULL,NULL
7729,6469,1279161918,-1,NULL,NULL
7730,26196,1279102054,0,NULL,NULL
7730,13384,1279102054,1,NULL,NULL
7730,12128,1279109002,0,NULL,NULL
7730,8742,1279119841,1,NULL,NULL
7734,21337,1279082115,0,NULL,NULL
7734,20563,1279082115,1,NULL,NULL
7734,26455,1279082115,0,NULL,NULL
7734,16663,1279082115,0,NULL,NULL
7734,12022,1279082115,-1,NULL,NULL
7736,30266,1278866148,1,NULL,NULL
7736,16420,1278866148,0,NULL,NULL
7736,5366,1278876805,0,NULL,NULL
7736,32903,1278876805,0,NULL,NULL
7740,28016,1278704332,1,NULL,NULL
7740,12478,1278621328,-1,NULL,NULL
7740,30333,1278704332,-1,NULL,NULL
7740,5110,1278621328,1,NULL,NULL
7740,31874,1278615840,1,NULL,NULL
7745,6127,1278655432,-1,NULL,NULL
7745,20612,1278655432,-1,NULL,NULL
7745,26718,1278655432,0,NULL,NULL
7745,13840,1278655432,-1,NULL,NULL
7745,12073,1278655432,-1,NULL,NULL
7746,19020,1278406828,0,NULL,NULL
7746,18207,1278406828,0,NULL,NULL
7746,35297,1278611554,0,NULL,NULL
7746,5951,1278611588,0,NULL,NULL
7752,24785,1278427632,0,NULL,NULL
7752,15826,1278427632,0,NULL,NULL
7752,24206,1278427632,0,NULL,NULL
7752,12488,1278427632,0,NULL,NULL
7753,32708,1278417971,0,NULL,NULL
7756,17973,1278343041,1,NULL,NULL
7756,4974,1278343041,0,NULL,NULL
7756,37117,1278343041,-1,NULL,NULL
7756,4347,1278343041,-1,NULL,NULL
7756,36828,1278343041,0,NULL,NULL
7757,22474,1278323545,1,NULL,NULL
7757,25811,1278323545,0,NULL,NULL
7758,20284,1278299916,0,NULL,NULL
7758,11781,1278307172,0,NULL,NULL
7758,12247,1278307172,0,NULL,NULL
7758,12261,1278307172,0,NULL,NULL
7760,12897,1278055413,1,NULL,NULL
7760,25885,1278055413,1,NULL,NULL
7760,33386,1278089114,0,NULL,NULL
7760,35601,1278089114,1,NULL,NULL
7760,24970,1278089114,1,NULL,NULL
7761,13521,1278076499,1,NULL,NULL
7761,10238,1278076499,1,NULL,NULL
7761,22201,1278076499,1,NULL,NULL
7761,9297,1278076499,0,NULL,NULL
7761,7154,1278076499,1,NULL,NULL
7764,9176,1278053836,1,NULL,NULL
7766,12011,1277998068,0,NULL,NULL
7767,23136,1277988469,0,NULL,NULL
7767,1074,1277988469,0,NULL,NULL
7767,19397,1277988469,0,NULL,NULL
7767,6040,1277988469,0,NULL,NULL
7767,14023,1277988469,0,NULL,NULL
7769,20959,1277976995,1,NULL,NULL
7775,6452,1277880866,1,NULL,NULL
7775,16053,1277880866,0,NULL,NULL
7775,7819,1277880866,0,NULL,NULL
7775,2065,1277880866,0,NULL,NULL
7775,35592,1277880866,0,NULL,NULL
7776,5661,1277873024,0,NULL,NULL
7776,16961,1277873024,0,NULL,NULL
7783,35855,1277740860,0,NULL,NULL
7783,10809,1277740860,0,NULL,NULL
7783,28551,1277740860,0,NULL,NULL
7783,33204,1277740860,1,NULL,NULL
7783,5687,1277740860,1,NULL,NULL
7784,14371,1277671287,0,NULL,NULL
7784,545,1277671287,-1,NULL,NULL
7784,14239,1277735909,0,NULL,NULL
7792,7439,1277660018,0,NULL,NULL
7793,16614,1277545968,-1,NULL,NULL
7793,9310,1277545968,0,NULL,NULL
7793,27526,1277545968,0,NULL,NULL
7793,2332,1277545968,1,NULL,NULL
7796,15508,1277480469,0,NULL,NULL
7796,28469,1277480469,0,NULL,NULL
7798,20625,1277459054,0,NULL,NULL
7798,13966,1277449347,-1,NULL,NULL
7798,6047,1277449347,1,NULL,NULL
7798,31882,1277459054,0,NULL,NULL
7798,15526,1277459054,0,NULL,NULL
7800,22698,1277455883,1,NULL,NULL
7803,5013,1277394770,0,NULL,NULL
7803,28106,1277394770,1,NULL,NULL
7803,22436,1277394770,0,NULL,NULL
7803,4424,1277394770,0,NULL,NULL
7803,23851,1277394770,0,NULL,NULL
7804,18503,1277385237,0,NULL,NULL
7804,24173,1277385237,1,NULL,NULL
7804,19687,1277385237,1,NULL,NULL
7804,32213,1277385237,0,NULL,NULL
7805,20000,1277384025,1,NULL,NULL
7805,34323,1277384025,0,NULL,NULL
7805,2034,1277384025,0,NULL,NULL
7805,22483,1277384025,0,NULL,NULL
7805,18213,1277384025,0,NULL,NULL
7810,6509,1277290401,0,NULL,NULL
7810,9044,1277290401,0,NULL,NULL
7810,10464,1277290401,0,NULL,NULL
7810,5078,1277290401,0,NULL,NULL
7810,17674,1262777709,0,NULL,NULL
7813,7812,1277189095,0,NULL,NULL
7813,12811,1277181886,0,NULL,NULL
7813,24754,1277181886,1,NULL,NULL
7813,1564,1277181886,0,NULL,NULL
7813,27457,1277181886,0,NULL,NULL
7814,24659,1277187158,0,NULL,NULL
7814,12165,1276839344,0,NULL,NULL
7814,16278,1277187158,1,NULL,NULL
7814,6936,1277187158,1,NULL,NULL
7814,13662,1277192314,-1,NULL,NULL
7816,14942,1276858355,0,NULL,NULL
7816,16733,1277126591,0,NULL,NULL
7816,27868,1276787991,0,NULL,NULL
7816,31440,1277126591,0,NULL,NULL
7816,8730,1276787991,0,NULL,NULL
7818,30055,1277084925,1,NULL,NULL
7818,27229,1277098463,1,NULL,NULL
7818,2022,1277084883,1,NULL,NULL
7818,1923,1277084883,0,NULL,NULL
7818,12230,1277098463,0,NULL,NULL
7820,24421,1260800476,0,NULL,NULL
7820,36810,1260800476,0,NULL,NULL
7820,26775,1260800476,-1,NULL,NULL
7820,33835,1260800476,0,NULL,NULL
7820,16406,1260800476,0,NULL,NULL
7822,32151,1276677202,1,NULL,NULL
7824,33229,1276661784,0,NULL,NULL
7825,10440,1276607111,0,NULL,NULL
7825,12016,1276607111,1,NULL,NULL
7825,18050,1275558342,1,NULL,NULL
7825,13516,1276607111,0,NULL,NULL
7825,14236,1276607111,0,NULL,NULL
7827,31798,1276592595,1,NULL,NULL
7828,4673,1276582354,0,NULL,NULL
7828,8296,1276589142,0,1.0,1.0
7829,10599,1276580062,1,NULL,NULL
7830,6353,1276508914,1,NULL,NULL
7830,30774,1276508914,0,NULL,NULL
7830,7385,1276508914,0,NULL,NULL
7830,31512,1276508914,0,NULL,NULL
7831,1645,1276497962,1,NULL,NULL
7831,22134,1276497962,0,NULL,NULL
7831,22338,1276489516,0,NULL,NULL
7831,22078,1276486489,1,NULL,NULL
7831,15982,1276497962,0,NULL,NULL
7832,6126,1276465706,1,NULL,NULL
7832,11728,1276465706,1,NULL,NULL
7832,26840,1276465706,-1,NULL,NULL
7832,26890,1276465706,0,NULL,NULL
7832,27570,1276465706,1,NULL,NULL
7833,34635,1276431904,0,NULL,NULL
7833,14228,1276431904,0,NULL,NULL
7833,18049,1276431904,0,NULL,NULL
7833,27881,1276431904,1,NULL,NULL
7833,7102,1276431904,0,NULL,NULL
7834,9355,1276417650,0,NULL,NULL
7834,24277,1276417650,1,NULL,NULL
7834,25202,1276417650,0,NULL,NULL
7835,26274,1273484315,1,NULL,NULL
7835,8253,1273484315,1,NULL,NULL
7835,20844,1273484315,1,NULL,NULL
7835,23942,1276361681,0,NULL,NULL
7836,34929,1276321241,1,NULL,NULL
7836,5926,1276321241,1,NULL,NULL
7836,26867,1276321467,0,NULL,NULL
7837,16102,1276268359,-1,NULL,NULL
7837,18408,1276268359,0,NULL,NULL
7837,10453,1276268359,-1,NULL,NULL
7837,19380,1276268359,0,NULL,NULL
7840,28337,1276111482,1,NULL,NULL
7842,37264,1275988113,0,NULL,NULL
7842,12221,1275988113,0,NULL,NULL
7842,14432,1275907036,0,NULL,NULL
7842,30219,1275907036,0,NULL,NULL
7842,6986,1275910995,0,NULL,NULL
7845,1123,1275910732,-1,NULL,NULL
7845,8615,1275910732,0,NULL,NULL
7845,24272,1275904532,1,NULL,NULL
7845,12873,1271315887,0,NULL,NULL
7845,31957,1275904532,1,NULL,NULL
7851,6162,1275544402,1,NULL,NULL
7851,10083,1275544402,1,NULL,NULL
7851,20469,1275625412,0,NULL,NULL
7854,1224,1275500361,1,NULL,NULL
7854,26877,1275500361,-1,NULL,NULL
7854,16620,1275500361,0,NULL,NULL
7861,8925,1275295498,0,NULL,NULL
7861,30790,1275302046,0,NULL,NULL
7862,29665,1275300146,0,NULL,NULL
7862,32449,1275270153,1,NULL,NULL
7862,9685,1275300146,0,NULL,NULL
7862,15708,1275270153,1,NULL,NULL
7862,9215,1275270153,0,NULL,NULL
7865,35812,1275033182,0,NULL,NULL
7865,2384,1275033182,0,NULL,NULL
7868,12073,1275027307,1,NULL,NULL
7868,13018,1275027307,1,NULL,NULL
7874,8320,1274840352,1,NULL,NULL
7874,24141,1274925775,0,NULL,NULL
7875,18388,1274865328,0,NULL,NULL
7877,21544,1274329828,0,NULL,NULL
7877,1428,1274337354,0,NULL,NULL
7877,18226,1274337354,0,NULL,NULL
7877,333,1274337354,0,NULL,NULL
7877,35555,1274431625,1,NULL,NULL
7881,30773,1274422583,0,NULL,NULL
7881,14189,1274422583,0,NULL,NULL
7881,23142,1274422583,0,NULL,NULL
7881,28128,1274422583,0,NULL,NULL
7881,22229,1274422583,0,NULL,NULL
7888,27497,1273944735,1,NULL,NULL
7888,5330,1273944735,1,NULL,NULL
7888,29685,1273944735,0,NULL,NULL
7888,27665,1273944735,1,NULL,NULL
7888,14904,1258217393,0,NULL,NULL
7889,5899,1273935981,1,NULL,NULL
7889,19599,1273935981,0,NULL,NULL
7889,37208,1273935981,1,NULL,NULL
7889,31750,1273935981,0,NULL,NULL
7889,22029,1273935981,0,NULL,NULL
7892,24969,1273817758,1,NULL,NULL
7892,2922,1273817758,1,NULL,NULL
7892,4575,1273817758,1,NULL,NULL
7892,19084,1273817758,1,NULL,NULL
7892,21646,1273827898,0,NULL,NULL
7897,28191,1273562018,-1,NULL,NULL
7897,35631,1273562018,1,NULL,NULL
7897,13710,1273562018,0,NULL,NULL
7897,7111,1273647606,0,NULL,NULL
7898,14951,1273638287,0,NULL,NULL
7898,8476,1273594823,1,NULL,NULL
7898,25999,1273594823,-1,NULL,NULL
7898,30272,1273594823,-1,NULL,NULL
7898,25676,1272023038,0,NULL,NULL
7905,24392,1273137463,0,NULL,NULL
7906,19630,1273066657,0,NULL,NULL
7906,27934,1273065086,0,NULL,NULL
7906,12158,1273065086,0,NULL,NULL
7906,27410,1273065086,1,NULL,NULL
7906,33433,1273066657,0,NULL,NULL
7907,8788,1273024980,0,NULL,NULL
7907,25924,1273024980,0,NULL,NULL
7907,9557,1273024980,0,NULL,NULL
7907,6140,1273024980,0,NULL,NULL
7907,2346,1273024980,0,NULL,NULL
7911,36777,1272589442,0,NULL,NULL
7912,7643,1272447801,0,NULL,NULL
7912,1130,1272527672,1,NULL,NULL
7912,4538,1272429493,-1,NULL,NULL
7912,2024,1272527672,-1,NULL,NULL
7912,24821,1272429493,-1,NULL,NULL
7913,27675,1272445674,0,NULL,NULL
7914,9978,1272444259,0,NULL,NULL
7914,9317,1272444259,1,NULL,NULL
7914,17977,1272444259,0,NULL,NULL
7914,21555,1272444259,0,NULL,NULL
7914,15917,1272444259,1,NULL,NULL
7919,4929,1271313326,0,NULL,NULL
7919,33325,1272343105,1,NULL,NULL
7919,31519,1272343105,1,NULL,NULL
7919,23142,1271313326,0,NULL,NULL
7919,13316,1271313326,0,NULL,NULL
7920,12671,1272290517,1,NULL,NULL
7921,18642,1272274982,0,NULL,NULL
7923,2407,1272251499,0,NULL,NULL
7923,18807,1272251499,-1,NULL,NULL
7925,395,1271946574,0,NULL,NULL
7925,4119,1271946574,0,NULL,NULL
7925,9227,1271946574,0,NULL,NULL
7925,19404,1271946574,1,NULL,NULL
7925,10456,1271946574,0,NULL,NULL
7926,9476,1271652743,-1,NULL,NULL
7926,12481,1271652743,0,NULL,NULL
7926,1738,1271652743,0,NULL,NULL
7926,26306,1271926060,0,NULL,NULL
7926,11713,1271926060,0,NULL,NULL
7927,36211,1271918351,1,NULL,NULL
7927,15176,1271918351,1,NULL,NULL
7930,10268,1271830085,1,NULL,NULL
7933,14403,1271669635,0,NULL,NULL
7933,10019,1271671478,0,NULL,NULL
7933,15371,1271669635,1,NULL,NULL
7933,18209,1271671478,1,NULL,NULL
7933,17495,1271669635,1,NULL,NULL
7935,9248,1271521260,0,NULL,NULL
7935,9531,1271521260,0,NULL,NULL
7935,19714,1271521260,0,NULL,NULL
7935,18394,1271521260,0,NULL,NULL
7935,16085,1271521260,0,NULL,NULL
7938,5291,1271413339,1,NULL,NULL
7938,22485,1271413339,1,NULL,NULL
7938,15516,1271413339,1,NULL,NULL
7938,12232,1271491902,0,NULL,NULL
7939,34543,1271425866,0,NULL,NULL
7939,26136,1271425866,0,NULL,NULL
7939,28573,1271425765,0,NULL,NULL
7939,33665,1271425765,0,NULL,NULL
7939,18504,1271425765,1,NULL,NULL
7940,24641,1271421890,-1,NULL,NULL
7940,32057,1271421890,1,NULL,NULL
7940,37285,1271421890,-1,NULL,NULL
7944,6332,1271237670,0,NULL,NULL
7944,10305,1271238477,0,NULL,NULL
7944,14831,1271239291,1,NULL,NULL
7945,18005,1271237344,0,NULL,NULL
7948,20762,1271143787,0,NULL,NULL
7948,27594,1271143787,0,NULL,NULL
7948,4760,1271143787,0,NULL,NULL
7948,9233,1271143787,0,NULL,NULL
7948,13508,1271143787,0,NULL,NULL
7949,17100,1271140658,0,NULL,NULL
7951,19651,1271079845,0,NULL,NULL
7951,37325,1271079845,1,NULL,NULL
7952,21764,1271075237,1,NULL,NULL
7952,14564,1271064568,1,NULL,NULL
7952,26550,1271064568,0,NULL,NULL
7952,17108,1271075237,1,NULL,NULL
7952,17839,1271075237,0,NULL,NULL
7957,12666,1270810309,1,NULL,NULL
7957,25202,1270810309,1,NULL,NULL
7957,27341,1270810309,-1,NULL,NULL
7958,4317,1270793511,0,NULL,NULL
7958,31557,1270793511,0,NULL,NULL
7958,17854,1270793511,0,NULL,NULL
7958,20143,1270793511,1,NULL,NULL
7958,35006,1270793511,0,NULL,NULL
7960,12771,1270657609,-1,NULL,NULL
7960,24384,1270477521,1,NULL,NULL
7960,1416,1270657609,0,NULL,NULL
7960,21601,1270477521,0,NULL,NULL
7960,16866,1270477521,0,NULL,NULL
7965,16813,1270604784,1,NULL,NULL
7966,11757,1270483992,0,NULL,NULL
7966,36824,1270483992,0,NULL,NULL
7966,37429,1270483992,1,NULL,NULL
7966,22415,1270483992,0,NULL,NULL
7967,30685,1270385018,0,NULL,NULL
7967,4611,1270385018,0,NULL,NULL
7967,22244,1270385018,0,NULL,NULL
7967,17448,1270385018,0,NULL,NULL
7967,19969,1270385018,0,NULL,NULL
7975,27620,1269883744,0,NULL,NULL
7975,25232,1269883744,0,NULL,NULL
7975,8048,1269883744,1,NULL,NULL
7975,33235,1269883744,0,NULL,NULL
7975,14369,1269883744,1,NULL,NULL
7978,15666,1269831101,0,NULL,NULL
7978,20901,1269831101,1,NULL,NULL
7979,36628,1269666379,0,NULL,NULL
7979,33421,1269827813,-1,NULL,NULL
7979,34903,1269666379,1,NULL,NULL
7979,35168,1269663886,1,NULL,NULL
7979,12818,1269574173,0,NULL,NULL
7981,32196,1269764074,1,NULL,NULL
7982,6690,1269590984,1,NULL,NULL
7986,13459,1269446227,0,NULL,NULL
7986,9260,1269446227,0,NULL,NULL
7987,27446,1269419206,0,NULL,NULL
7987,23796,1269419206,0,NULL,NULL
7987,27314,1269419228,0,NULL,NULL
7988,9690,1269418729,-1,NULL,NULL
7992,13308,1269250052,-1,NULL,NULL
7994,20540,1269174525,1,NULL,NULL
7994,2863,1269174525,0,NULL,NULL
7994,26104,1269174525,0,NULL,NULL
7994,17911,1268924895,0,NULL,NULL
7994,1013,1269174525,1,NULL,NULL
7995,17449,1269159416,0,NULL,NULL
7995,23487,1269159416,-1,NULL,NULL
7995,27548,1269159416,0,NULL,NULL
7996,36356,1268731486,0,NULL,NULL
7996,23341,1268132069,0,NULL,NULL
7996,14439,1268396218,0,NULL,NULL
7996,13232,1268407660,0,NULL,NULL
7996,31130,1269087971,0,NULL,NULL
8000,19678,1268659609,1,NULL,NULL
8000,27832,1268659609,1,NULL,NULL
8000,15938,1268919858,0,NULL,NULL
8002,26139,1268854823,1,NULL,NULL
8002,14560,1268854823,0,NULL,NULL
8002,2012,1268854823,0,NULL,NULL
8002,17403,1268854823,0,NULL,NULL
8006,8134,1268716443,1,NULL,NULL
8007,28490,1268563030,1,NULL,NULL
8007,21345,1268581549,0,NULL,NULL
8007,12453,1268563030,1,NULL,NULL
8007,10463,1268581549,0,NULL,NULL
8007,33687,1268581549,-1,NULL,NULL
8011,37489,1268298492,0,NULL,NULL
8011,2131,1268298492,0,NULL,NULL
8011,146,1268298492,0,NULL,NULL
8011,535,1268298492,0,NULL,NULL
8011,30718,1268298492,0,NULL,NULL
8012,19744,1268309134,1,NULL,NULL
8012,4710,1268309134,0,NULL,NULL
8012,21875,1268309134,1,NULL,NULL
8013,6714,1268303929,1,NULL,NULL
8013,2955,1268303929,0,NULL,NULL
8014,33053,1268042069,1,NULL,NULL
8014,12251,1268103073,0,NULL,NULL
8014,28334,1268297830,0,NULL,NULL
8015,13093,1268236013,1,NULL,NULL
8016,37303,1268221317,0,NULL,NULL
8016,30695,1268216067,0,NULL,NULL
8016,17458,1268216067,1,NULL,NULL
8016,13490,1268221317,0,NULL,NULL
8016,12988,1268216067,1,NULL,NULL
8019,2316,1267505086,0,NULL,NULL
8019,13493,1267505086,0,NULL,NULL
8019,13080,1268115586,0,NULL,NULL
8020,22363,1268055176,1,NULL,NULL
8020,19745,1268055176,0,NULL,NULL
8022,12532,1267716954,0,NULL,NULL
8022,20080,1267716954,1,NULL,NULL
8022,2201,1267716954,1,NULL,NULL
8022,17798,1267716954,0,NULL,NULL
8022,6129,1267716954,0,NULL,NULL
8027,9788,1267611020,1,NULL,NULL
8027,19012,1267450574,0,NULL,NULL
8027,27577,1266944402,0,NULL,NULL
8027,2728,1267002058,0,NULL,NULL
8027,16725,1267002058,0,NULL,NULL
8028,26753,1267545978,0,NULL,NULL
8028,15182,1267545978,0,NULL,NULL
8028,14108,1267545978,0,NULL,NULL
8028,28055,1267545978,1,NULL,NULL
8028,37219,1267545978,0,NULL,NULL
8029,16763,1267540646,0,NULL,NULL
8032,2085,1267452803,1,NULL,NULL
8032,26848,1267452803,1,NULL,NULL
8032,2062,1267452803,1,NULL,NULL
8032,28085,1267452803,1,NULL,NULL
8032,14782,1267452803,-1,NULL,NULL
8033,14883,1267440271,0,NULL,NULL
8033,34971,1267440271,0,NULL,NULL
8034,23847,1267348449,1,NULL,NULL
8034,31256,1267348449,0,NULL,NULL
8034,32924,1267348449,1,NULL,NULL
8034,24676,1267348449,1,NULL,NULL
8039,23889,1265681137,0,NULL,NULL
8039,30142,1267017377,0,NULL,NULL
8039,6137,1267017377,0,NULL,NULL
8039,35537,1267017377,0,NULL,NULL
8039,12561,1265681137,0,NULL,NULL
8042,4399,1266918907,1,NULL,NULL
8042,6321,1266918907,1,NULL,NULL
8042,13596,1266918907,0,NULL,NULL
8044,5855,1266666980,0,NULL,NULL
8044,19888,1266666980,1,NULL,NULL
8044,2020,1266666980,-1,NULL,NULL
8044,36780,1266666980,0,NULL,NULL
8044,20510,1266666980,1,NULL,NULL
8048,15671,1266574608,1,NULL,NULL
8048,32083,1266501679,0,NULL,NULL
8048,16855,1266501679,0,NULL,NULL
8048,31429,1266574608,0,NULL,NULL
8048,17531,1266501679,0,NULL,NULL
8049,15890,1266492459,1,NULL,NULL
8049,5590,1266492459,1,NULL,NULL
8053,2193,1266422768,0,NULL,NULL
8053,30852,1266422768,0,NULL,NULL
8056,15941,1266352750,0,NULL,NULL
8058,22680,1265960714,0,NULL,NULL
8058,21830,1265960714,0,NULL,NULL
8062,8449,1265843462,1,NULL,NULL
8062,1052,1265843462,0,NULL,NULL
8063,31074,1265812165,0,NULL,NULL
8078,18963,1265195348,0,NULL,NULL
8078,20247,1265195348,1,NULL,NULL
8078,27056,1265195348,1,NULL,NULL
8078,25741,1265195348,0,NULL,NULL
8080,14860,1265131512,0,NULL,NULL
8080,21380,1265131512,0,NULL,NULL
8080,23900,1265131512,0,NULL,NULL
8080,12605,1265131512,0,NULL,NULL
8080,9287,1265131512,1,NULL,NULL
8081,22149,1265111922,1,NULL,NULL
8081,16965,1265111922,0,NULL,NULL
8081,22900,1265111922,-1,NULL,NULL
8082,2310,1264735446,1,NULL,NULL
8082,17424,1265110506,0,NULL,NULL
8083,28101,1265035637,1,NULL,NULL
8083,3998,1265035447,1,NULL,NULL
8083,1796,1265035637,1,NULL,NULL
8083,13365,1265035447,1,NULL,NULL
8083,35543,1265035447,1,NULL,NULL
8084,34098,1265026880,1,NULL,NULL
8084,15171,1265026880,0,NULL,NULL
8085,31379,1265021016,1,NULL,NULL
8085,22001,1265024321,0,NULL,NULL
8089,24764,1264799548,1,NULL,NULL
8091,26422,1264660377,0,NULL,NULL
8091,8745,1264758934,0,NULL,NULL
8091,26987,1264759399,1,NULL,NULL
8091,5017,1264660377,0,NULL,NULL
8091,10925,1264759399,0,NULL,NULL
8099,19543,1264508440,1,NULL,NULL
8099,15981,1264508440,0,NULL,NULL
8099,6903,1264508440,0,NULL,NULL
8099,24973,1264508564,0,NULL,NULL
8100,10536,1264388451,1,NULL,NULL
8100,8180,1264388451,1,NULL,NULL
8100,2034,1264388451,1,NULL,NULL
8102,18499,1264173590,-1,NULL,NULL
8102,14299,1264173590,0,NULL,NULL
8102,15818,1264173590,0,NULL,NULL
8102,1761,1264173590,1,NULL,NULL
8102,14249,1264173590,0,NULL,NULL
8104,16813,1264074273,0,NULL,NULL
8109,20348,1263986513,0,NULL,NULL
8109,22089,1263986513,1,NULL,NULL
8109,325,1263986513,0,NULL,NULL
8111,31594,1263881079,0,NULL,NULL
8111,18687,1263881079,0,NULL,NULL
8115,24989,1263646178,0,NULL,NULL
8115,13099,1263646178,0,NULL,NULL
8115,33576,1263646178,0,NULL,NULL
8115,1337,1263646178,1,NULL,NULL
8115,10644,1263646178,0,NULL,NULL
8117,27296,1263556007,0,NULL,NULL
8117,16989,1263556007,0,NULL,NULL
8129,12619,1263221455,0,NULL,NULL
8129,33105,1263221455,0,NULL,NULL
8129,9132,1263221455,0,NULL,NULL
8129,27532,1263221455,0,NULL,NULL
8129,18009,1263221455,0,NULL,NULL
8132,37209,1262930031,0,NULL,NULL
8134,608,1262719134,0,NULL,NULL
8134,8901,1262719134,0,NULL,NULL
8134,6746,1262719134,0,NULL,NULL
8134,35594,1262719134,0,NULL,NULL
8134,17091,1262719134,0,NULL,NULL
8135,22733,1262703032,1,NULL,NULL
8135,12045,1262703032,0,NULL,NULL
8143,12601,1262259388,1,NULL,NULL
8143,14801,1262259388,1,NULL,NULL
8143,4023,1262259388,1,NULL,NULL
8143,10896,1262259388,0,NULL,NULL
8143,27065,1262259388,1,NULL,NULL
8146,7927,1262062790,0,NULL,NULL
8146,23822,1262062790,0,NULL,NULL
8146,603,1262062790,0,NULL,NULL
8146,17035,1262062790,1,NULL,NULL
8147,50,1262007260,0,NULL,NULL
8149,12794,1261748447,0,NULL,NULL
8149,5247,1261748447,0,NULL,NULL
8149,22157,1261748447,0,NULL,NULL
8149,12728,1261748447,1,NULL,NULL
8149,4479,1261748447,0,NULL,NULL
8152,12487,1261646878,0,NULL,NULL
8153,22948,1261623117,0,NULL,NULL
8153,6307,1261623117,1,NULL,NULL
8153,1420,1261623117,0,NULL,NULL
8153,2189,1261623117,1,NULL,NULL
8153,3988,1261623117,0,NULL,NULL
8155,23204,1261480212,0,NULL,NULL
8159,23950,1261326799,0,NULL,NULL
8159,7784,1261326799,0,NULL,NULL
8159,16383,1261326799,1,NULL,NULL
8159,9435,1261326799,0,NULL,NULL
8159,37667,1261326799,0,NULL,NULL
8161,2275,1261148446,0,NULL,NULL
8161,4884,1261148446,1,NULL,NULL
8161,24125,1261148446,0,NULL,NULL
8162,9181,1261141941,0,NULL,NULL
8162,23664,1261141941,0,NULL,NULL
8162,8441,1261141941,0,NULL,NULL
8165,8185,1261044391,0,NULL,NULL
8165,14591,1261044391,0,NULL,NULL
8165,5084,1261044391,0,NULL,NULL
8165,14005,1261044391,0,NULL,NULL
8165,13992,1261044391,0,NULL,NULL
8167,11332,1260974324,1,NULL,NULL
8167,32424,1260974324,0,NULL,NULL
8167,21159,1260974324,1,NULL,NULL
8167,37129,1260974324,0,NULL,NULL
8167,10960,1260974324,0,NULL,NULL
8168,14794,1260972684,1,NULL,NULL
8171,35461,1260951120,1,NULL,NULL
8172,26501,1260948928,1,NULL,NULL
8172,18903,1260948928,1,NULL,NULL
8172,24786,1260948928,0,NULL,NULL
8173,14276,1260782750,1,NULL,NULL
8173,17185,1260782750,0,NULL,NULL
8173,31387,1260782750,0,NULL,NULL
8173,22020,1260459045,1,NULL,NULL
8173,22666,1260782750,0,NULL,NULL
8174,6580,1260874254,1,NULL,NULL
8174,2470,1260874254,0,NULL,NULL
8175,27127,1260808207,1,NULL,NULL
8175,28110,1260808207,0,NULL,NULL
8179,2752,1260448003,0,NULL,NULL
8183,7899,1260430217,0,NULL,NULL
