10980,42784,1464154455,-1,NULL,NULL
10980,45744,1464154455,1,1.0,1.0
10980,45512,1464154455,1,NULL,NULL
10980,46247,1464154455,1,NULL,NULL
10980,41020,1464154455,0,0.0,0.0
10980,45513,1464154455,-1,-1.0,-1.0
10980,41379,1464154455,-1,NULL,NULL
10980,45516,1464154455,1,1.0,NULL
10980,42870,1464154455,-1,-1.0,-1.0
10980,47901,1464154455,-1,-1.0,-1.0
10980,46072,1464154455,0,0.0,NULL
10980,47900,1464154455,1,NULL,NULL
10980,46242,1464154455,-1,NULL,NULL
10980,44638,1464154455,0,0.0,0.0
10980,45379,1464154455,-1,NULL,NULL
10980,45700,1464154455,-1,-1.0,-1.0
10980,43000,1464154455,1,NULL,NULL
10980,45514,1464154455,-1,1.0,1.0
10980,40096,1464154455,0,0.0,0.0
10980,37747,1464154455,-1,NULL,NULL
10980,45389,1464154455,1,1.0,1.0
10980,47898,1464154455,1,NULL,NULL
10980,45349,1464154455,1,NULL,NULL
10980,42871,1464154455,0,NULL,NULL
10980,44567,1464154455,-1,-1.0,-1.0
10980,41325,1464154455,-1,NULL,NULL
10980,45370,1464154455,-1,0.0,0.0
10980,45347,1464154455,1,1.0,1.0
10980,45355,1464154455,1,1.0,1.0
10980,45422,1464154455,0,NULL,NULL
10980,41085,1464154455,-1,NULL,NULL
10981,47874,1464081139,-1,-1.0,-1.0
10981,45349,1464081139,0,NULL,NULL
10981,45352,1464081139,-1,-1.0,-1.0
10981,45367,1464081139,0,NULL,NULL
10981,45389,1464081139,-1,-1.0,-1.0
10981,45512,1464081139,0,NULL,NULL
10981,45355,1464081139,-1,-1.0,-1.0
10981,45392,1464081139,1,NULL,NULL
10981,45514,1464081139,1,-1.0,-1.0
10981,45370,1464081139,1,0.0,0.0
10981,45347,1464081139,-1,-1.0,-1.0
10981,45376,1464081139,1,0.0,0.0
10981,45422,1464081139,0,NULL,NULL
10981,45379,1464081139,0,NULL,NULL
10981,45515,1464081139,1,-1.0,-1.0
10981,45394,1464081139,1,1.0,1.0
10981,45372,1464081139,1,0.0,0.0
10981,45354,1464081139,-1,-1.0,-1.0
10981,45350,1464081139,-1,-1.0,-1.0
10981,45388,1464081139,-1,-1.0,-1.0
10981,45346,1464081139,-1,-1.0,-1.0
10981,45353,1464081139,-1,-1.0,-1.0
10981,45513,1464081139,-1,-1.0,-1.0
10981,45516,1464081139,0,1.0,1.0
10981,37747,1464081139,-1,NULL,NULL
10981,39614,1464081139,1,1.0,1.0
10981,39630,1464081139,-1,NULL,NULL
10983,46976,1462946378,1,-1.0,-1.0
10983,37747,1462946378,1,NULL,NULL
10983,37747,1463747695,1,NULL,NULL
10983,46976,1463747695,1,-1.0,-1.0
10984,40199,1463747587,1,NULL,NULL
10984,40302,1463747587,0,0.0,0.0
10984,41325,1463747587,1,NULL,NULL
10984,41379,1463747587,1,NULL,NULL
10984,41026,1463747587,0,0.0,0.0
10984,41381,1463747587,0,0.0,NULL
10984,41020,1463747587,0,0.0,0.0
10984,40785,1463747587,0,NULL,NULL
10984,40096,1463747587,0,0.0,0.0
10984,41085,1463747587,1,NULL,NULL
10984,41264,1463747587,-1,0.0,NULL
10984,42934,1463747587,0,0.0,0.0
10984,42871,1463747587,0,NULL,NULL
10984,41664,1463747587,0,0.0,0.0
10984,42784,1463747587,1,NULL,NULL
10984,42787,1463747587,-1,-1.0,-1.0
10984,43000,1463747587,-1,NULL,NULL
10984,43009,1463747587,1,NULL,NULL
10984,42835,1463747587,0,0.0,0.0
10984,42870,1463747587,1,1.0,1.0
10984,42772,1463747587,1,NULL,NULL
10984,45756,1463747587,1,-1.0,NULL
10984,45729,1463747587,0,0.0,0.0
10984,45758,1463747587,1,0.0,NULL
10984,45762,1463747587,0,-1.0,-1.0
10984,44553,1463747587,1,NULL,NULL
10984,44567,1463747587,1,1.0,1.0
10984,44067,1463747587,0,-1.0,NULL
10984,44300,1463747587,0,0.0,NULL
10984,44483,1463747587,0,NULL,NULL
10984,44633,1463747587,1,NULL,NULL
10984,44565,1463747587,1,NULL,NULL
10984,44638,1463747587,0,NULL,NULL
10984,47864,1463747587,0,0.0,0.0
10984,46204,1463747587,1,-1.0,NULL
10984,46243,1463747587,1,NULL,NULL
10984,46094,1463747587,1,0.0,NULL
10984,46051,1463747587,-1,0.0,0.0
10984,45716,1463747587,0,0.0,0.0
10984,46072,1463747587,0,0.0,NULL
10984,45764,1463747587,-1,-1.0,NULL
10984,45700,1463747587,1,1.0,1.0
10984,45744,1463747587,-1,-1.0,-1.0
10984,46289,1463747587,-1,0.0,NULL
10984,46242,1463747587,1,NULL,NULL
10984,46271,1463747587,1,-1.0,NULL
10984,46247,1463747587,-1,NULL,NULL
10985,47898,1463669644,1,NULL,NULL
10985,47915,1463669644,-1,NULL,NULL
10985,47900,1463669644,1,NULL,NULL
10985,47899,1463669644,1,1.0,1.0
10985,47901,1463669644,-1,-1.0,-1.0
10985,46204,1463669644,0,-1.0,NULL
10985,41285,1463669644,1,0.0,0.0
10985,41134,1463669644,-1,-1.0,NULL
10985,41285,1463747506,1,1.0,1.0
10985,46204,1463747506,0,-1.0,NULL
10989,44045,1463402950,0,0.0,0.0
10989,43972,1463402950,-1,NULL,NULL
10989,39976,1463402950,0,0.0,0.0
10989,43478,1463402950,1,NULL,NULL
10989,44547,1463402950,1,1.0,1.0
10989,51848,1463402950,0,0.0,0.0
10989,46058,1463402950,0,0.0,0.0
10989,51640,1463402950,0,0.0,0.0
10989,46207,1463402950,0,0.0,NULL
10989,42831,1463402950,0,0.0,0.0
10989,46194,1463402950,0,0.0,NULL
10989,44240,1463402950,0,0.0,0.0
10989,46212,1463402950,1,NULL,NULL
10989,40063,1463402950,0,0.0,0.0
10989,47513,1463402950,1,1.0,1.0
10989,47901,1463402950,1,1.0,1.0
10989,39149,1463402950,0,0.0,NULL
10989,46072,1463402950,0,0.0,NULL
10989,39157,1463402950,0,0.0,0.0
10989,43703,1463402950,-1,-1.0,-1.0
10989,41140,1463402950,1,NULL,NULL
10989,46238,1463402950,0,0.0,0.0
10989,45969,1463402950,-1,NULL,NULL
10989,45938,1463402950,0,0.0,0.0
10989,51830,1463402950,1,1.0,1.0
10989,40033,1463402950,1,NULL,NULL
10989,46298,1463402950,0,0.0,0.0
10989,45759,1463402950,1,NULL,NULL
10989,51486,1463402950,0,0.0,0.0
10989,46289,1463402950,0,0.0,NULL
10989,39649,1463402950,1,NULL,NULL
10989,39608,1463402950,1,1.0,1.0
10989,44484,1463402950,1,1.0,1.0
10989,51829,1463402950,1,1.0,1.0
10989,40197,1463402950,0,0.0,0.0
10989,43141,1463402950,1,1.0,1.0
10989,45764,1463402950,1,1.0,NULL
10989,46086,1463402950,1,1.0,1.0
10989,42784,1463402950,1,NULL,NULL
10989,39593,1463402950,0,0.0,0.0
10989,39592,1463402950,1,NULL,NULL
10989,46204,1463402950,1,1.0,NULL
10989,39947,1463402950,0,0.0,0.0
10989,40080,1463402950,-1,-1.0,-1.0
10989,44297,1463402950,0,0.0,0.0
10989,43476,1463402950,-1,-1.0,-1.0
10989,40077,1463402950,0,0.0,0.0
10989,51832,1463402950,1,1.0,1.0
10989,42933,1463402950,0,0.0,0.0
10989,39614,1463402950,1,1.0,1.0
10989,51619,1463402950,0,0.0,0.0
10989,47900,1463402950,-1,NULL,NULL
10989,47915,1463402950,1,1.0,1.0
10989,43480,1463402950,1,NULL,NULL
10989,46901,1463402950,0,NULL,NULL
10989,42772,1463402950,0,0.0,NULL
10989,44052,1463402950,0,0.0,0.0
10989,43712,1463402950,1,NULL,NULL
10989,45388,1463402950,1,1.0,1.0
10989,40781,1463402950,0,0.0,0.0
10991,39614,1450852964,1,0.0,0.0
10991,37742,1450852964,-1,-1.0,-1.0
10991,44553,1450852964,0,NULL,NULL
10991,44552,1450852964,0,0.0,0.0
10991,41678,1450852964,0,0.0,0.0
10991,39614,1463173235,1,0.0,0.0
10992,46266,1463031340,0,NULL,NULL
10992,46031,1463031340,1,NULL,NULL
10992,44483,1463152201,1,NULL,NULL
10992,51486,1463152201,0,NULL,NULL
10992,39157,1463031340,0,0.0,0.0
10992,43513,1463152201,0,0.0,0.0
10992,43002,1463031340,0,NULL,NULL
10992,47520,1463152201,0,0.0,0.0
10992,40033,1463031340,-1,0.0,0.0
10992,44469,1463152201,1,NULL,NULL
10992,51839,1463152201,0,0.0,0.0
10992,46204,1463031340,-1,-1.0,NULL
10992,39975,1463152201,0,0.0,0.0
10992,43424,1463152201,0,NULL,NULL
10992,39157,1463152201,0,0.0,0.0
10992,51849,1463152201,0,0.0,0.0
10992,45342,1463152201,-1,-1.0,-1.0
10992,44298,1463031340,0,0.0,0.0
10992,46122,1463152201,1,1.0,1.0
10992,47912,1463152201,0,0.0,0.0
10992,41132,1463031340,-1,-1.0,NULL
10992,45969,1463152201,-1,0.0,NULL
10992,46013,1463152201,0,0.0,0.0
10992,45947,1463031340,1,NULL,NULL
10992,45245,1463152201,0,0.0,0.0
10992,51496,1463152201,0,0.0,0.0
10992,41800,1463152201,0,0.0,0.0
10992,44551,1463031340,1,0.0,0.0
10992,39700,1463152201,1,1.0,1.0
10992,41331,1463152201,1,NULL,NULL
10992,40197,1463152201,0,0.0,0.0
10992,46045,1463152201,-1,-1.0,-1.0
10992,39908,1463152201,1,NULL,NULL
10992,43363,1463152201,0,0.0,0.0
10992,42871,1463152201,0,NULL,NULL
10992,43141,1463152201,1,1.0,1.0
10992,37742,1463031340,0,NULL,NULL
10992,39625,1463152201,1,1.0,1.0
10992,46042,1463152201,-1,-1.0,-1.0
10992,46271,1463152201,1,1.0,NULL
10992,45938,1463152201,0,0.0,0.0
10992,46237,1463031340,-1,0.0,NULL
10992,46182,1463152201,-1,NULL,NULL
10992,43947,1463031340,0,0.0,0.0
10992,39706,1463031340,1,-1.0,-1.0
10992,43737,1463152201,-1,NULL,NULL
10992,46095,1463152201,-1,-1.0,NULL
10992,41134,1463065573,0,-1.0,NULL
10992,39785,1463152201,-1,-1.0,-1.0
10992,45760,1463031340,-1,NULL,NULL
10992,45756,1463152201,1,1.0,NULL
10992,46751,1463152201,1,1.0,1.0
10992,37863,1463065573,0,0.0,0.0
10992,42955,1463152201,-1,-1.0,NULL
10992,44748,1463152201,0,0.0,0.0
10992,45658,1463113052,0,NULL,NULL
10992,46211,1463031340,0,0.0,NULL
10992,37747,1463152201,0,NULL,NULL
10992,39251,1463031340,1,0.0,0.0
10992,44298,1463152201,0,0.0,0.0
10995,44480,1460658389,0,0.0,0.0
10995,43424,1460658389,0,NULL,NULL
10995,42770,1460658389,-1,-1.0,-1.0
10995,44484,1460658389,1,1.0,1.0
10995,44281,1460658389,0,0.0,0.0
10995,44219,1460658389,1,NULL,NULL
10995,47520,1460658389,0,0.0,0.0
10995,46185,1460658389,-1,NULL,NULL
10995,46038,1460658389,-1,NULL,NULL
10995,46044,1460658389,-1,-1.0,-1.0
10995,44228,1460658389,0,0.0,0.0
10995,44464,1460658389,1,NULL,NULL
10995,39823,1460658389,-1,NULL,NULL
10995,43480,1460658389,1,1.0,1.0
10995,46058,1460658389,0,0.0,0.0
10995,44469,1460658389,1,1.0,NULL
10995,46013,1460658389,0,0.0,NULL
10995,39809,1460658389,-1,-1.0,-1.0
10995,42955,1460658389,0,0.0,NULL
10995,46212,1460658389,1,1.0,NULL
10995,40173,1460658389,0,0.0,0.0
10995,46247,1460658389,0,-1.0,NULL
10995,46135,1460658389,0,NULL,NULL
10995,44052,1460658389,0,0.0,0.0
10995,51833,1460658389,1,1.0,1.0
10995,51849,1460658389,0,0.0,0.0
10995,42838,1460658389,-1,-1.0,-1.0
10995,51832,1460658389,1,1.0,1.0
10995,39614,1460658389,0,0.0,0.0
10995,43737,1460658389,-1,-1.0,-1.0
10995,44546,1460658389,0,0.0,NULL
10995,43869,1460658389,0,0.0,0.0
10995,51846,1460658389,1,1.0,1.0
10995,40197,1460658389,0,0.0,0.0
10995,47508,1460658389,1,NULL,NULL
10995,51838,1460658389,1,1.0,1.0
10995,43141,1460658389,1,1.0,1.0
10995,40189,1460658389,1,1.0,1.0
10995,45342,1460658389,-1,-1.0,-1.0
10995,39765,1460658389,1,1.0,1.0
10995,40002,1460658389,0,0.0,0.0
10995,44445,1460658389,0,NULL,NULL
10995,46017,1460658389,0,0.0,0.0
10995,45947,1460658389,0,NULL,NULL
10995,46019,1460658389,1,1.0,1.0
10995,44483,1460658389,1,1.0,NULL
10995,43476,1460658389,-1,-1.0,-1.0
10995,37747,1460658389,0,NULL,NULL
10995,39683,1460658389,0,NULL,NULL
10995,44552,1460658389,0,0.0,0.0
10995,44553,1460658389,0,NULL,NULL
10995,43478,1460658389,1,1.0,1.0
10995,39668,1460658389,0,NULL,NULL
10995,43505,1460658389,0,0.0,0.0
10995,44297,1460658389,0,0.0,0.0
10995,44540,1460658389,0,0.0,NULL
10995,47507,1460658389,0,0.0,0.0
10995,39974,1460658389,1,1.0,1.0
10995,47490,1460658389,1,1.0,NULL
10995,44478,1460658389,0,0.0,0.0
10996,40189,1458124990,-1,-1.0,NULL
10996,47508,1458198348,1,NULL,NULL
10996,42784,1458198348,1,NULL,NULL
10996,47506,1458124990,0,0.0,0.0
10996,41145,1462295118,0,NULL,NULL
10996,46247,1462295118,-1,NULL,NULL
10996,43972,1458124990,1,NULL,NULL
10996,40189,1458198348,1,1.0,NULL
10996,47513,1458124990,-1,NULL,NULL
10996,44469,1458124990,-1,0.0,NULL
10996,44484,1458198348,1,1.0,NULL
10996,44297,1458198348,0,0.0,0.0
10996,46921,1461949609,-1,NULL,NULL
10996,40077,1458198348,0,0.0,0.0
10996,47513,1458198348,1,NULL,NULL
10996,40197,1458124990,0,0.0,0.0
10996,46212,1458124990,1,-1.0,NULL
10996,39947,1458124990,0,0.0,0.0
10996,39817,1458124990,0,0.0,0.0
10996,44445,1458198348,0,NULL,NULL
10996,39975,1458198348,0,0.0,0.0
10996,39947,1458198348,0,0.0,0.0
10996,44297,1458124990,0,0.0,0.0
10996,45973,1462295118,-1,-1.0,NULL
10996,47507,1458198348,0,0.0,0.0
10996,47683,1462295118,1,NULL,NULL
10996,40781,1458198348,0,0.0,0.0
10996,44480,1458198348,0,0.0,0.0
10996,40197,1458198348,0,0.0,0.0
10996,44553,1463086154,1,NULL,NULL
10996,47490,1458198348,1,1.0,NULL
10996,43962,1461949609,-1,0.0,0.0
10996,46212,1458198348,1,-1.0,NULL
10996,44464,1458198348,1,NULL,NULL
10996,46212,1462295118,1,-1.0,NULL
10996,44281,1462295118,0,0.0,0.0
10996,44478,1458124990,0,0.0,0.0
10996,42822,1458124990,0,0.0,0.0
10996,43972,1463086154,-1,NULL,NULL
10996,44553,1461949609,1,NULL,NULL
10996,46086,1461949609,-1,-1.0,-1.0
10996,40173,1458198348,0,0.0,0.0
10996,44219,1461949609,1,NULL,NULL
10996,44546,1458124990,0,NULL,NULL
10996,40116,1461949609,1,NULL,NULL
10996,40002,1458198348,0,0.0,0.0
10996,41276,1462295118,-1,NULL,NULL
10996,44553,1458124990,1,0.0,NULL
10996,37747,1462295118,0,NULL,NULL
10996,40116,1458124990,1,0.0,0.0
10996,40173,1458124990,0,0.0,0.0
10996,46212,1461949609,1,-1.0,NULL
10996,39817,1463086154,0,0.0,0.0
10996,46017,1461949609,1,0.0,0.0
10996,47507,1458124990,0,0.0,0.0
10996,47506,1458198348,0,0.0,0.0
10996,44483,1458124990,-1,-1.0,NULL
10996,47682,1462295118,0,0.0,0.0
10996,44469,1463086154,1,NULL,NULL
10996,44546,1458198348,0,NULL,NULL
10997,46204,1462199101,0,0.0,NULL
10997,44021,1462199101,1,NULL,NULL
10997,51829,1462199101,1,1.0,1.0
10997,41145,1462199101,0,NULL,NULL
10997,46237,1462199101,0,NULL,NULL
10997,44219,1462199101,1,NULL,NULL
10997,51848,1462199101,0,0.0,0.0
10997,39765,1462199101,1,1.0,1.0
10997,44636,1462199101,0,0.0,0.0
10997,39974,1462199101,1,1.0,1.0
10997,46298,1462199101,0,NULL,NULL
10997,44464,1462199101,1,NULL,NULL
10997,45382,1462199101,1,NULL,NULL
10997,43478,1462199101,1,NULL,NULL
10997,44478,1462199101,0,0.0,0.0
10997,46019,1462199101,1,NULL,NULL
10997,46051,1462199101,0,0.0,0.0
10997,44228,1462199101,0,0.0,0.0
10997,45513,1462199101,1,1.0,NULL
10997,41715,1462199101,0,0.0,0.0
10997,44965,1462199101,-1,NULL,NULL
10997,41276,1462199101,1,1.0,NULL
10997,44466,1462199101,1,1.0,NULL
10997,46194,1462199101,0,0.0,NULL
10997,46114,1462199101,-1,-1.0,NULL
10997,42772,1462199101,0,0.0,0.0
10997,46045,1462199101,-1,-1.0,-1.0
10997,51644,1462199101,0,0.0,0.0
10997,42822,1462199101,0,0.0,0.0
10997,39947,1462199101,0,0.0,0.0
10997,51638,1462199101,0,0.0,0.0
10997,39785,1462199101,-1,-1.0,-1.0
10997,44552,1462199101,0,0.0,0.0
10997,40062,1462199101,1,1.0,1.0
10997,43712,1462199101,1,NULL,NULL
10997,42846,1462199101,0,0.0,0.0
10997,43050,1463065888,0,0.0,0.0
10997,39975,1462199101,0,0.0,0.0
10997,46058,1462199101,0,0.0,0.0
10997,44748,1462199101,0,0.0,0.0
10997,45342,1462199101,-1,-1.0,-1.0
10997,44771,1462199101,1,1.0,1.0
10997,39414,1462199101,0,0.0,0.0
10997,45949,1462199101,1,1.0,1.0
10997,46042,1462199101,-1,-1.0,-1.0
10997,39817,1462199101,0,0.0,0.0
10997,43141,1462199101,1,1.0,1.0
10997,51830,1462199101,1,1.0,1.0
10997,45341,1462199101,1,1.0,1.0
10997,47513,1462199101,1,1.0,NULL
10997,42784,1462199101,1,NULL,NULL
10997,45006,1462199101,0,NULL,NULL
10997,43959,1462199101,0,0.0,0.0
10997,45947,1462199101,0,NULL,NULL
10997,51833,1462199101,1,1.0,1.0
10997,40189,1462199101,1,NULL,NULL
10997,51838,1462199101,1,1.0,1.0
10997,42955,1462199101,0,0.0,NULL
10997,40102,1462199101,-1,-1.0,NULL
10997,45684,1462199101,1,1.0,1.0
11000,42838,1463065493,-1,-1.0,-1.0
11000,44550,1463065240,1,NULL,NULL
11000,41678,1460229208,0,0.0,0.0
11000,46013,1460229208,0,0.0,NULL
11000,42770,1460229208,1,1.0,1.0
11000,40189,1460229208,-1,-1.0,-1.0
11000,44240,1463065493,0,0.0,0.0
11000,47520,1463065493,0,0.0,0.0
11000,44484,1460229208,-1,-1.0,-1.0
11000,51496,1463065240,0,0.0,0.0
11000,51838,1463065437,1,1.0,1.0
11000,45949,1463065493,1,1.0,NULL
11000,39925,1463065493,1,0.0,0.0
11000,43478,1463065240,-1,NULL,NULL
11000,51849,1463065437,0,0.0,0.0
11000,43476,1460229208,1,NULL,NULL
11000,46042,1463065493,-1,-1.0,-1.0
11000,43363,1463065493,0,0.0,0.0
11000,46200,1463065493,0,0.0,NULL
11000,51832,1463065437,1,1.0,1.0
11000,41808,1463065240,-1,-1.0,-1.0
11000,44464,1463065240,-1,NULL,NULL
11000,37742,1463065493,-1,NULL,NULL
11000,45341,1460229208,-1,-1.0,-1.0
11000,45388,1463065493,1,1.0,NULL
11000,41678,1463065437,0,0.0,0.0
11000,41480,1463065240,0,0.0,0.0
11000,44553,1460229208,0,0.0,NULL
11000,46038,1460229208,1,NULL,NULL
11000,47508,1460229208,-1,NULL,NULL
11000,39816,1463065240,-1,0.0,0.0
11000,46921,1463065240,-1,NULL,NULL
11000,47898,1463065240,1,NULL,NULL
11000,41145,1463065240,0,NULL,NULL
11000,47507,1460229208,0,0.0,0.0
11000,40002,1463065493,0,0.0,0.0
11000,39947,1463065240,0,0.0,0.0
11000,40173,1463065493,0,0.0,0.0
11000,39823,1463065493,-1,-1.0,-1.0
11000,43512,1463065493,1,1.0,1.0
11000,42772,1460229208,0,0.0,0.0
11000,46020,1463065240,-1,0.0,0.0
11000,44547,1460229208,-1,-1.0,-1.0
11000,44484,1463065240,-1,-1.0,-1.0
11000,39614,1463065437,0,0.0,0.0
11000,46017,1460229208,0,0.0,0.0
11000,44273,1463065240,0,0.0,0.0
11000,44778,1463065240,0,0.0,0.0
11000,46114,1463065493,-1,-1.0,-1.0
11000,39593,1463065493,0,0.0,0.0
11000,47459,1463065493,0,0.0,0.0
11000,47912,1463065493,0,0.0,0.0
11000,44219,1463065240,-1,NULL,NULL
11000,41800,1463065493,0,0.0,0.0
11000,47900,1463065240,1,1.0,1.0
11000,39817,1460229208,0,0.0,0.0
11000,41715,1463065240,0,0.0,0.0
11000,47490,1463065493,1,NULL,NULL
11000,44483,1463065240,-1,1.0,NULL
11000,43480,1463065240,-1,NULL,NULL
11003,39134,1463032629,0,0.0,0.0
11003,37863,1463032629,0,0.0,0.0
11003,39157,1463032629,0,0.0,0.0
11003,39251,1463032629,-1,-1.0,-1.0
11003,41331,1463032629,-1,0.0,0.0
11003,41134,1463032629,0,-1.0,-1.0
11003,41132,1463032629,0,1.0,NULL
11003,39706,1463032629,-1,-1.0,-1.0
11003,39738,1463032629,0,-1.0,NULL
11003,39827,1463032629,0,0.0,NULL
11003,41379,1463032629,-1,NULL,NULL
11003,46031,1463032629,-1,NULL,NULL
11003,45973,1463032629,-1,NULL,NULL
11003,46204,1463032629,0,0.0,NULL
11003,45991,1463032629,1,1.0,1.0
11003,45938,1463032629,0,0.0,0.0
11003,46212,1463032629,-1,-1.0,NULL
11003,51640,1463032629,0,NULL,NULL
11003,47916,1463032629,0,0.0,0.0
11003,46952,1463032629,0,0.0,0.0
11003,45947,1463032629,-1,NULL,NULL
11003,46211,1463032629,0,0.0,NULL
11007,45964,1462939822,1,0.0,0.0
11008,44445,1461210186,0,NULL,NULL
11008,43869,1461210186,0,0.0,0.0
11008,44771,1461210186,1,NULL,NULL
11008,44480,1461210186,0,0.0,0.0
11008,44553,1461210186,1,NULL,NULL
11008,42822,1461210186,0,0.0,0.0
11008,37742,1461210186,1,NULL,NULL
11008,51838,1461210186,1,1.0,1.0
11008,46038,1461210186,-1,NULL,NULL
11008,51846,1461210186,1,1.0,1.0
11008,51832,1461210186,1,1.0,1.0
11008,43712,1461210186,1,NULL,NULL
11008,44466,1461210186,1,1.0,NULL
11008,46901,1461210186,0,-1.0,NULL
11008,46289,1461210186,0,0.0,NULL
11008,51833,1461210186,1,1.0,1.0
11008,42784,1461210186,1,NULL,NULL
11008,44228,1461210186,0,0.0,0.0
11008,42770,1461210186,-1,-1.0,-1.0
11008,47507,1461210186,0,0.0,0.0
11008,39947,1461210186,0,0.0,0.0
11008,42838,1461210186,-1,-1.0,-1.0
11008,43141,1461210186,1,1.0,1.0
11008,39975,1461210186,0,0.0,0.0
11008,40077,1461210186,0,0.0,0.0
11008,43792,1461210186,1,1.0,1.0
11008,46017,1461210186,0,0.0,0.0
11008,46013,1461210186,0,0.0,NULL
11008,39974,1461210186,1,1.0,1.0
11008,39809,1461210186,-1,-1.0,-1.0
11008,40781,1461210186,0,0.0,0.0
11008,46019,1461210186,1,0.0,NULL
11008,44484,1461210186,1,1.0,1.0
11008,40173,1461210186,0,0.0,0.0
11008,39668,1461210186,0,NULL,NULL
11008,40197,1461210186,0,0.0,0.0
11008,46051,1461210186,0,0.0,0.0
11008,51839,1461210186,0,0.0,0.0
11008,46185,1461210186,-1,NULL,NULL
11008,41480,1461210186,0,0.0,0.0
11008,44540,1461210186,0,0.0,0.0
11008,43480,1461210186,1,NULL,NULL
11008,41678,1461210186,0,0.0,0.0
11008,44469,1461210186,1,1.0,NULL
11008,39632,1461210186,1,1.0,NULL
11008,44547,1461210186,1,1.0,1.0
11008,43505,1461210186,0,0.0,0.0
11008,44219,1461210186,1,1.0,NULL
11008,51848,1461210186,0,0.0,0.0
11008,44281,1461210186,0,0.0,0.0
11008,45341,1461210186,1,1.0,1.0
11008,42772,1461210186,0,0.0,0.0
11008,39614,1461210186,0,0.0,0.0
11008,45947,1461210186,0,NULL,NULL
11008,40080,1461210186,-1,NULL,NULL
11008,47490,1461210186,1,NULL,NULL
11008,42955,1461210186,0,0.0,NULL
11008,43424,1461210186,0,NULL,NULL
11008,44464,1461210186,1,NULL,NULL
11008,43959,1461210186,0,0.0,0.0
11010,47682,1462908955,0,0.0,0.0
11010,42870,1462908955,-1,-1.0,-1.0
11010,44067,1462908955,1,1.0,NULL
11010,40002,1462908955,0,0.0,0.0
11010,44240,1462908955,0,0.0,0.0
11010,43513,1462908955,0,0.0,0.0
11010,46194,1462908955,0,0.0,NULL
11010,47915,1462908955,1,NULL,NULL
11010,39592,1462908955,1,0.0,0.0
11010,40173,1462908955,0,0.0,0.0
11010,47520,1462908955,0,0.0,0.0
11010,46017,1462908955,0,0.0,0.0
11010,46042,1462908955,-1,-1.0,-1.0
11010,46271,1462556562,1,0.0,NULL
11010,45514,1462908955,1,1.0,NULL
11010,44484,1462908955,1,1.0,1.0
11010,44553,1462908955,1,NULL,NULL
11010,39785,1462908955,-1,-1.0,-1.0
11010,44771,1462908955,1,1.0,1.0
11010,39974,1462908955,1,1.0,1.0
11010,46019,1462908955,1,NULL,NULL
11010,43141,1462908955,1,1.0,1.0
11010,39975,1462908955,0,0.0,0.0
11010,43869,1462908955,0,0.0,0.0
11010,42871,1462908955,1,NULL,NULL
11010,47898,1462556562,0,NULL,NULL
11010,39649,1462556562,1,NULL,NULL
11010,46045,1462908955,-1,-1.0,-1.0
11010,44021,1462908955,1,NULL,NULL
11010,39639,1462556562,1,0.0,0.0
11010,42822,1462908955,0,0.0,0.0
11010,45828,1462908955,0,0.0,NULL
11010,44478,1462908955,0,0.0,0.0
11010,39632,1462908955,1,1.0,NULL
11010,39592,1462556562,1,0.0,0.0
11010,46247,1462908955,1,NULL,NULL
11010,46051,1462908955,0,0.0,0.0
11010,44480,1462908955,0,0.0,0.0
11010,39608,1462938595,1,1.0,1.0
11010,39668,1462908955,0,0.0,0.0
11010,43731,1462908955,0,NULL,NULL
11010,40080,1462908955,-1,-1.0,-1.0
11010,46960,1462908955,1,NULL,NULL
11010,39649,1462908955,1,NULL,NULL
11010,46038,1462908955,-1,-1.0,-1.0
11010,39649,1462938595,1,NULL,NULL
11010,45513,1462908955,1,1.0,NULL
11010,44464,1462908955,1,NULL,NULL
11010,42955,1462908955,0,0.0,NULL
11010,44219,1462908955,1,NULL,NULL
11010,46976,1462908955,1,1.0,1.0
11010,40063,1462908955,0,0.0,0.0
11010,40189,1462908955,1,NULL,NULL
11010,44631,1462908955,0,0.0,0.0
11010,41134,1462908955,1,1.0,1.0
11010,37748,1462908955,-1,NULL,NULL
11010,44297,1462908955,0,0.0,0.0
11010,45389,1462908955,1,1.0,1.0
11010,44273,1462908955,0,0.0,0.0
11010,39592,1462938595,1,0.0,NULL
11011,46921,1461913713,1,NULL,NULL
11011,46086,1461913713,1,1.0,1.0
11011,43962,1461913713,1,0.0,0.0
11011,46086,1462938544,1,1.0,1.0
11011,43962,1462938544,1,0.0,0.0
11011,46921,1462938544,1,NULL,NULL
11013,37748,1462790087,-1,NULL,NULL
11015,40080,1462397332,-1,-1.0,-1.0
11015,44281,1462397332,0,0.0,0.0
11015,43486,1462397332,0,NULL,NULL
11015,41134,1462397332,1,1.0,1.0
11015,46204,1462397332,0,0.0,NULL
11015,42772,1462397332,0,0.0,0.0
11015,43731,1462397332,0,NULL,NULL
11015,41145,1462397332,1,NULL,NULL
11015,46185,1462397332,-1,NULL,NULL
11015,46298,1462397332,0,NULL,NULL
11015,44546,1462397332,0,0.0,0.0
11015,40173,1462397332,0,0.0,0.0
11015,43712,1462397332,1,NULL,NULL
11015,46066,1462397332,0,0.0,NULL
11015,47898,1462397332,-1,NULL,NULL
11015,43512,1462397332,1,NULL,NULL
11015,43476,1462397332,-1,NULL,NULL
11015,45513,1462397332,1,1.0,NULL
11015,39809,1462397332,-1,-1.0,-1.0
11015,43720,1462397332,0,0.0,0.0
11015,44771,1462397332,1,1.0,1.0
11015,47900,1462397332,-1,NULL,NULL
11015,46045,1462397332,-1,-1.0,-1.0
11015,46058,1462397332,0,0.0,0.0
11015,44273,1462397332,0,0.0,0.0
11015,46017,1462397332,0,0.0,0.0
11015,40102,1462397332,-1,-1.0,-1.0
11015,46044,1462397332,-1,-1.0,-1.0
11015,40002,1462397332,0,0.0,0.0
11015,47520,1462397332,0,0.0,0.0
11015,44480,1462397332,0,0.0,0.0
11015,46042,1462397332,-1,-1.0,-1.0
11015,44484,1462397332,1,1.0,1.0
11015,42784,1462397332,1,NULL,NULL
11015,47506,1462397332,0,0.0,0.0
11015,44553,1462397332,1,NULL,NULL
11015,45514,1462397332,1,1.0,NULL
11015,44478,1462397332,0,0.0,0.0
11015,44464,1462397332,1,NULL,NULL
11015,39593,1462397332,0,0.0,0.0
11015,39625,1462397332,1,1.0,NULL
11015,44748,1462397332,0,0.0,0.0
11015,44540,1462397332,0,0.0,0.0
11015,40197,1462397332,0,0.0,0.0
11015,44052,1462397332,0,0.0,0.0
11015,46114,1462397332,-1,-1.0,-1.0
11015,39817,1462397332,0,0.0,0.0
11015,51638,1462397332,0,0.0,0.0
11015,37742,1462397332,-1,NULL,NULL
11015,40077,1462397332,0,0.0,0.0
11015,41678,1462397332,0,0.0,0.0
11015,39974,1462397332,1,1.0,1.0
11015,44483,1462397332,1,1.0,NULL
11015,43869,1462397332,0,0.0,0.0
11015,51496,1462397332,0,0.0,0.0
11015,44219,1462397332,1,NULL,NULL
11015,43737,1462397332,-1,NULL,NULL
11015,43513,1462397332,0,0.0,0.0
11015,43959,1462397332,0,0.0,0.0
11015,47901,1462397332,1,NULL,NULL
11018,44464,1461611688,1,NULL,NULL
11018,51638,1461611688,0,0.0,0.0
11018,41276,1461611688,1,NULL,NULL
11018,43476,1461611688,-1,-1.0,-1.0
11018,43478,1461611688,1,NULL,NULL
11018,39809,1461611688,-1,-1.0,-1.0
11018,39947,1461611688,0,0.0,0.0
11018,39683,1461611688,0,0.0,NULL
11018,46042,1461611688,-1,NULL,NULL
11018,47506,1461611688,0,0.0,0.0
11018,40063,1461611688,0,0.0,0.0
11018,40077,1461611688,0,0.0,0.0
11018,47507,1461611688,0,0.0,0.0
11018,39974,1461611688,1,1.0,1.0
11018,47490,1461611688,1,NULL,NULL
11018,43703,1461611688,-1,-1.0,-1.0
11018,44480,1461611688,0,0.0,0.0
11018,51644,1461611688,0,NULL,NULL
11018,40189,1461611688,1,NULL,NULL
11018,42784,1461611688,1,NULL,NULL
11018,44445,1461611688,0,NULL,NULL
11018,39823,1461611688,-1,-1.0,NULL
11018,39632,1461611688,1,1.0,NULL
11018,46051,1461611688,0,0.0,0.0
11018,37748,1461611688,-1,NULL,NULL
11018,44052,1461611688,0,0.0,0.0
11018,45949,1461611688,1,1.0,1.0
11018,40102,1461611688,-1,NULL,NULL
11018,44631,1461611688,0,NULL,NULL
11018,37747,1461611688,0,NULL,NULL
11018,44478,1461611688,0,0.0,0.0
11018,41145,1461611688,0,NULL,NULL
11018,46066,1461611688,0,0.0,NULL
11018,51496,1461611688,0,0.0,0.0
11018,39785,1461611688,-1,-1.0,-1.0
11018,44553,1461611688,1,NULL,NULL
11018,46045,1461611688,-1,-1.0,NULL
11018,45684,1461611688,1,NULL,NULL
11018,43141,1461611688,1,1.0,1.0
11018,39625,1461611688,1,1.0,NULL
11018,43712,1461611688,1,NULL,NULL
11018,44219,1461611688,1,1.0,NULL
11018,39817,1461611688,0,0.0,0.0
11018,46185,1461611688,-1,NULL,NULL
11018,44067,1461611688,1,-1.0,-1.0
11018,47520,1461611688,0,0.0,0.0
11018,42871,1462371961,0,-1.0,NULL
11018,46019,1461611688,1,1.0,NULL
11018,40197,1461611688,0,0.0,0.0
11018,44469,1461611688,1,1.0,NULL
11018,44297,1461611688,0,0.0,0.0
11018,47894,1461611688,1,1.0,1.0
11018,39975,1461611688,0,0.0,0.0
11018,46017,1461611688,0,0.0,0.0
11018,44240,1461611688,0,0.0,0.0
11018,44483,1461611688,1,1.0,NULL
11018,46212,1461611688,1,1.0,NULL
11018,43869,1461611688,0,0.0,0.0
11018,44067,1462371961,1,1.0,NULL
11018,46013,1461611688,0,0.0,NULL
11020,41276,1452242877,1,NULL,NULL
11020,41145,1452242877,0,-1.0,NULL
11020,39643,1452242877,0,NULL,NULL
11020,45973,1452242877,1,NULL,NULL
11020,46247,1452242877,-1,-1.0,NULL
11020,46960,1452242877,-1,NULL,NULL
11020,41276,1462222797,1,1.0,NULL
11020,41145,1462222797,0,NULL,NULL
11020,45973,1462222797,1,NULL,NULL
11023,46204,1461578312,0,0.0,NULL
11023,37747,1461578312,0,NULL,NULL
11023,46017,1461578312,0,0.0,0.0
11023,47894,1461578312,-1,-1.0,-1.0
11023,42871,1461578312,-1,-1.0,-1.0
11023,51638,1461578312,0,0.0,0.0
11023,39668,1461578312,0,NULL,NULL
11023,40077,1461578312,0,0.0,0.0
11023,47520,1461578312,0,0.0,0.0
11023,39632,1461578312,-1,-1.0,NULL
11023,39625,1461578312,-1,-1.0,NULL
11023,37748,1461578312,1,NULL,NULL
11023,40080,1461578312,1,1.0,1.0
11023,44772,1461578312,0,NULL,NULL
11023,47513,1461578312,-1,-1.0,NULL
11023,40173,1461578312,0,0.0,0.0
11023,40189,1461578312,-1,NULL,NULL
11023,42870,1461578312,1,NULL,NULL
11023,44478,1461578312,0,0.0,0.0
11023,44484,1461578312,-1,-1.0,-1.0
11023,39817,1461578312,0,0.0,0.0
11023,44779,1461578312,0,NULL,NULL
11023,46051,1461578312,0,0.0,0.0
11023,39683,1461578312,0,0.0,NULL
11023,43869,1461578312,0,0.0,0.0
11023,44631,1461578312,0,NULL,NULL
11023,40102,1461578312,1,NULL,NULL
11023,46204,1461873910,0,0.0,NULL
11023,44775,1461578312,0,NULL,NULL
11023,43478,1461578312,-1,NULL,NULL
11023,44469,1461578312,-1,-1.0,NULL
11023,44466,1461578312,-1,NULL,NULL
11023,40781,1461578312,0,0.0,0.0
11023,44464,1461578312,-1,NULL,NULL
11023,40063,1461578312,0,0.0,0.0
11023,44045,1461578312,0,0.0,0.0
11023,46042,1461578312,1,NULL,NULL
11023,43480,1461578312,-1,NULL,NULL
11023,43141,1461578312,-1,-1.0,-1.0
11023,44546,1461578312,0,0.0,0.0
11023,47507,1461578312,0,0.0,0.0
11023,46044,1461578312,1,1.0,1.0
11023,44773,1461578312,0,NULL,NULL
11023,44553,1461578312,-1,NULL,NULL
11023,44297,1461578312,0,0.0,0.0
11023,43712,1461578312,-1,NULL,NULL
11023,40062,1461578312,-1,-1.0,-1.0
11023,39809,1461578312,1,1.0,1.0
11023,41715,1461578312,0,1.0,1.0
11023,40002,1461578312,0,0.0,0.0
11023,46045,1461578312,1,1.0,NULL
11023,46212,1461578312,-1,-1.0,NULL
11023,40197,1461578312,0,0.0,0.0
11023,44778,1461578312,0,NULL,NULL
11023,42822,1461578312,0,0.0,0.0
11023,39974,1461578312,-1,-1.0,-1.0
11023,43703,1461578312,1,1.0,1.0
11023,45684,1461578312,-1,NULL,NULL
11023,43476,1461578312,1,1.0,1.0
11023,47508,1461578312,-1,NULL,NULL
11024,44464,1461873774,-1,NULL,NULL
11024,39947,1461873774,0,0.0,0.0
11024,40102,1461873774,1,NULL,NULL
11024,46045,1461873774,1,1.0,1.0
11024,51829,1461873774,-1,-1.0,-1.0
11024,44748,1461873774,0,0.0,0.0
11024,44775,1461873774,0,0.0,0.0
11024,44778,1461873774,0,0.0,0.0
11024,45342,1461873774,1,1.0,1.0
11024,41480,1461873774,0,0.0,0.0
11024,46066,1461873774,0,0.0,NULL
11024,44045,1461873774,0,0.0,0.0
11024,51848,1461873774,0,0.0,0.0
11024,43959,1461873774,0,0.0,0.0
11024,39668,1461873774,0,0.0,NULL
11024,42770,1461873774,1,1.0,1.0
11024,44547,1461873774,-1,-1.0,-1.0
11024,39823,1461873774,1,1.0,NULL
11024,44546,1461873774,0,0.0,0.0
11024,40781,1461873774,0,0.0,0.0
11024,44776,1461873774,0,0.0,0.0
11024,45154,1461873774,-1,NULL,NULL
11024,39765,1461873774,-1,-1.0,-1.0
11024,51839,1461873774,0,0.0,0.0
11024,46019,1461873774,-1,0.0,NULL
11024,46044,1461873774,1,1.0,1.0
11024,44281,1461873774,0,0.0,0.0
11024,51833,1461873774,-1,-1.0,-1.0
11024,43792,1461873774,-1,-1.0,-1.0
11024,44631,1461873774,0,0.0,0.0
11024,44483,1461873774,-1,-1.0,NULL
11024,40002,1461873774,0,0.0,0.0
11024,40062,1461873774,-1,-1.0,-1.0
11024,41276,1461873774,-1,-1.0,NULL
11024,43703,1461873774,1,1.0,1.0
11024,39593,1461873774,0,0.0,0.0
11024,51840,1461873774,0,0.0,0.0
11024,39632,1461873774,-1,-1.0,NULL
11024,40077,1461873774,0,0.0,0.0
11024,45382,1461873774,-1,NULL,NULL
11024,45950,1461873774,0,0.0,0.0
11024,44219,1461873774,-1,NULL,NULL
11024,47912,1461873774,0,NULL,NULL
11024,44466,1461873774,-1,-1.0,NULL
11024,46185,1461873774,1,NULL,NULL
11024,51838,1461873774,-1,-1.0,-1.0
11024,43500,1461873774,0,0.0,0.0
11024,44540,1461873774,0,0.0,0.0
11024,44772,1461873774,0,0.0,0.0
11024,43869,1461873774,0,0.0,0.0
11024,51638,1461873774,0,0.0,0.0
11024,42822,1461873774,0,0.0,0.0
11024,47507,1461873774,0,0.0,0.0
11024,51849,1461873774,0,0.0,0.0
11024,45513,1461873774,-1,-1.0,NULL
11024,46237,1461873774,0,NULL,NULL
11024,44273,1461873774,0,0.0,0.0
11024,39683,1461873774,0,0.0,NULL
11024,44779,1461873774,0,0.0,0.0
11024,46212,1461873774,-1,-1.0,NULL
11026,44553,1461873408,0,NULL,NULL
11026,46135,1461873408,0,NULL,NULL
11026,51832,1461873309,-1,-1.0,-1.0
11026,41480,1461873309,0,0.0,0.0
11026,39823,1461873463,-1,-1.0,NULL
11026,44484,1461873463,1,1.0,1.0
11026,44784,1453408355,1,NULL,NULL
11026,43737,1461873463,-1,-1.0,-1.0
11026,42871,1461873309,1,1.0,NULL
11026,51839,1461873309,0,0.0,0.0
11026,43500,1461873463,0,0.0,0.0
11026,43480,1461873463,1,NULL,NULL
11026,44748,1453408355,0,NULL,NULL
11026,43478,1461873463,1,NULL,NULL
11026,44748,1461873463,0,0.0,0.0
11026,44483,1461873463,1,1.0,NULL
11026,39632,1461873463,1,1.0,NULL
11026,51829,1461873309,-1,-1.0,-1.0
11026,39785,1461873463,-1,-1.0,-1.0
11026,45949,1461873463,1,1.0,1.0
11026,42784,1461873463,1,NULL,NULL
11026,46042,1461873463,-1,-1.0,-1.0
11026,45392,1461873463,1,1.0,1.0
11026,44547,1461873463,1,1.0,1.0
11026,42870,1461873309,-1,-1.0,NULL
11026,40025,1453408355,1,1.0,NULL
11026,45950,1461873463,0,0.0,0.0
11026,46017,1461873463,0,0.0,0.0
11026,45154,1461873463,1,NULL,NULL
11026,43792,1461873408,1,1.0,1.0
11026,39593,1461873309,0,0.0,0.0
11026,44445,1461873463,0,NULL,NULL
11026,45389,1461873463,1,NULL,NULL
11026,44281,1461873463,0,0.0,0.0
11026,43424,1461873309,0,NULL,NULL
11026,51846,1461873408,1,1.0,1.0
11026,47508,1461873463,1,NULL,NULL
11026,51972,1453408355,0,NULL,NULL
11026,42770,1461873463,-1,-1.0,-1.0
11026,44540,1461873463,0,0.0,0.0
11026,51838,1461873408,1,1.0,1.0
11026,45341,1461873408,1,1.0,1.0
11026,51846,1461873309,-1,-1.0,-1.0
11026,44466,1461873463,1,NULL,NULL
11026,46114,1461873463,-1,-1.0,NULL
11026,44631,1461873463,0,0.0,0.0
11026,46751,1461873463,1,NULL,NULL
11026,43959,1461873463,0,0.0,0.0
11026,47490,1461873463,1,NULL,NULL
11026,47507,1461873463,0,0.0,0.0
11026,44219,1461873463,1,NULL,NULL
11026,43792,1461873309,-1,-1.0,-1.0
11026,46013,1461873463,0,0.0,NULL
11026,44228,1461873408,0,0.0,0.0
11026,40173,1461873463,0,0.0,0.0
11026,44052,1461873463,0,0.0,0.0
11026,47912,1461873463,0,NULL,NULL
11026,43141,1461873463,1,1.0,1.0
11026,43500,1461873309,0,0.0,0.0
11026,45514,1461873463,1,1.0,NULL
11028,46751,1461690630,1,NULL,NULL
11028,46237,1461690630,0,NULL,NULL
11031,46298,1459243485,0,NULL,NULL
11031,46194,1459243485,0,-1.0,-1.0
11031,45388,1459243485,1,NULL,NULL
11031,40213,1459243485,1,1.0,1.0
11031,37748,1459243485,1,NULL,NULL
11031,45513,1459243485,1,-1.0,-1.0
11031,45389,1459243485,1,-1.0,-1.0
11031,45382,1459243485,1,0.0,0.0
11031,45392,1459243485,1,-1.0,-1.0
11031,45514,1459243485,1,-1.0,-1.0
11031,45154,1461614038,1,0.0,NULL
11031,45392,1461614038,1,1.0,1.0
11031,45389,1461614038,1,NULL,NULL
11031,45382,1461614038,1,0.0,NULL
11031,45513,1461614038,1,1.0,NULL
11031,45514,1461614038,1,1.0,NULL
11031,45388,1461614038,1,NULL,NULL
11031,46298,1461614038,0,NULL,NULL
11031,46194,1461614038,0,-1.0,NULL
11032,45684,1461216613,-1,NULL,NULL
11032,44776,1461216613,0,NULL,NULL
11032,44772,1461216613,0,NULL,NULL
11032,44636,1461216613,0,0.0,0.0
11032,44771,1461216613,-1,NULL,NULL
11032,44775,1461216613,0,NULL,NULL
11032,44778,1461216613,0,NULL,NULL
11032,44553,1461216613,-1,NULL,NULL
11032,44774,1461216613,0,NULL,NULL
11032,44777,1461216613,0,NULL,NULL
11032,44240,1461216613,0,0.0,0.0
11032,44052,1461216613,0,0.0,0.0
11032,44219,1461216613,-1,NULL,NULL
11032,43703,1461216613,1,1.0,1.0
11032,43869,1461216613,0,0.0,0.0
11032,44281,1461216613,0,0.0,0.0
11032,44773,1461216613,0,NULL,NULL
11032,44779,1461216613,0,NULL,NULL
11032,43141,1461216613,-1,-1.0,-1.0
11032,42955,1461216613,0,0.0,NULL
11032,43476,1461216613,1,1.0,1.0
11032,43480,1461216613,-1,NULL,NULL
11032,43478,1461216613,-1,NULL,NULL
11032,43712,1461216613,-1,NULL,NULL
11032,42870,1461216613,1,NULL,NULL
11032,42871,1461216613,-1,-1.0,-1.0
11032,37748,1461216613,1,NULL,NULL
11032,39632,1461216613,-1,-1.0,NULL
11032,39785,1461216613,1,1.0,1.0
11032,39823,1461216613,1,NULL,NULL
11032,39809,1461216613,1,1.0,1.0
11032,39625,1461216613,-1,-1.0,NULL
11032,40080,1461216613,1,NULL,NULL
11032,39817,1461216613,0,0.0,0.0
11032,45950,1461216613,0,0.0,0.0
11032,46013,1461216613,0,0.0,NULL
11032,46038,1461216613,1,NULL,NULL
11032,46044,1461216613,1,1.0,1.0
11032,46051,1461216613,0,0.0,0.0
11032,45949,1461216613,-1,-1.0,-1.0
11032,46045,1461216613,1,NULL,NULL
11032,46019,1461216613,-1,0.0,NULL
11032,46017,1461216613,0,0.0,0.0
11032,46185,1461216613,1,NULL,NULL
11032,46042,1461216613,1,NULL,NULL
11032,46901,1461216613,0,-1.0,NULL
11032,47894,1461216613,-1,-1.0,-1.0
11032,51638,1461216613,0,NULL,NULL
11032,46289,1461216613,0,0.0,NULL
11032,47508,1461216613,-1,NULL,NULL
11032,42871,1461613897,0,-1.0,-1.0
11032,44067,1461613897,-1,-1.0,NULL
11034,51496,1461564463,0,0.0,0.0
11034,47490,1461564463,0,0.0,NULL
11034,46066,1461564463,0,0.0,NULL
11034,40063,1461564463,0,0.0,0.0
11034,41276,1461564463,1,NULL,NULL
11034,40062,1461564463,1,NULL,NULL
11034,40102,1461564463,-1,NULL,NULL
11034,41145,1461564463,0,NULL,NULL
11034,39414,1461564463,0,0.0,0.0
11034,42784,1461564463,1,NULL,NULL
11034,44273,1461564463,0,NULL,NULL
11034,44045,1461564463,0,0.0,0.0
11034,44219,1461564463,0,0.0,NULL
11034,44631,1461564463,0,NULL,NULL
11036,51496,1461391948,0,0.0,0.0
11036,47490,1461391948,0,0.0,NULL
11036,46066,1461391948,0,0.0,NULL
11036,40063,1461391948,0,0.0,0.0
11036,40102,1461391948,1,NULL,NULL
11036,40062,1461391948,-1,NULL,NULL
11036,41276,1461391948,-1,NULL,NULL
11036,42784,1461391948,-1,NULL,NULL
11036,41145,1461391948,0,NULL,NULL
11036,39414,1461391948,0,0.0,0.0
11036,44045,1461391948,0,NULL,NULL
11036,44219,1461391948,0,0.0,NULL
11036,44273,1461391948,0,NULL,NULL
11036,43513,1461391948,0,NULL,NULL
11036,43480,1461391948,0,NULL,NULL
11036,44631,1461391948,0,NULL,NULL
11037,43712,1461171077,0,1.0,1.0
11037,43500,1461171077,0,0.0,0.0
11037,42772,1461171077,0,0.0,0.0
11037,43959,1461171077,0,0.0,0.0
11037,39614,1461171077,0,0.0,0.0
11037,40173,1461171077,0,0.0,0.0
11037,37747,1461171077,0,NULL,NULL
11037,40077,1461171077,0,0.0,0.0
11037,44552,1461171077,0,0.0,0.0
11037,44484,1461171077,1,1.0,1.0
11037,44480,1461171077,0,0.0,0.0
11037,44748,1461171077,0,NULL,NULL
11037,44297,1461171077,0,0.0,0.0
11037,47490,1461272356,0,-1.0,NULL
11037,43792,1461171077,1,1.0,1.0
11037,42770,1461171077,-1,-1.0,-1.0
11037,47513,1461171077,1,1.0,NULL
11037,39632,1461272356,1,1.0,NULL
11037,51829,1461171077,1,1.0,1.0
11037,47506,1461171077,0,0.0,0.0
11037,41145,1461171077,0,NULL,NULL
11037,51644,1461272356,0,NULL,NULL
11037,40189,1461171077,1,1.0,1.0
11037,51848,1461171077,0,0.0,0.0
11037,47507,1461171077,0,0.0,0.0
11037,44273,1461272356,0,NULL,NULL
11037,44464,1461171077,1,NULL,NULL
11037,46019,1461171077,0,1.0,1.0
11037,44553,1461171077,0,NULL,NULL
11037,51496,1461171077,0,0.0,0.0
11037,41678,1461171077,0,0.0,0.0
11037,45342,1461171077,-1,-1.0,-1.0
11037,39414,1461272356,0,0.0,0.0
11037,41480,1461171077,0,0.0,0.0
11037,51839,1461171077,0,0.0,0.0
11037,44445,1461171077,0,NULL,NULL
11037,44547,1461171077,1,1.0,1.0
11037,43478,1461171077,0,1.0,1.0
11037,40062,1461272356,1,NULL,NULL
11037,45949,1461272356,1,1.0,1.0
11037,47490,1461171077,1,1.0,NULL
11037,39765,1461171077,1,1.0,1.0
11037,46901,1461272356,0,NULL,NULL
11037,51833,1461171077,1,1.0,1.0
11037,43737,1461171077,-1,-1.0,-1.0
11037,46212,1461171077,1,1.0,NULL
11037,44771,1461272356,1,1.0,1.0
11037,46247,1461171077,0,0.0,NULL
11037,42784,1461171077,1,NULL,NULL
11037,51838,1461171077,1,1.0,1.0
11037,46114,1461171077,-1,-1.0,NULL
11037,46135,1461171077,0,NULL,NULL
11037,51846,1461171077,1,1.0,1.0
11037,46066,1461272356,0,-1.0,NULL
11037,39683,1461171077,0,NULL,NULL
11037,44540,1461171077,0,0.0,0.0
11037,51832,1461171077,1,1.0,1.0
11037,47508,1461171077,1,NULL,NULL
11037,44469,1461171077,1,1.0,NULL
11037,39947,1461171077,0,0.0,0.0
11038,45347,1448536673,1,1.0,1.0
11038,51833,1448536673,0,0.0,0.0
11038,46296,1448536673,0,0.0,NULL
11038,41865,1448536673,0,NULL,NULL
11038,40320,1448536673,0,0.0,0.0
11038,41144,1448536673,0,0.0,0.0
11038,41808,1448536673,0,0.0,NULL
11038,47490,1448536673,0,0.0,NULL
11038,45929,1448536673,0,0.0,0.0
11038,44972,1448536673,0,0.0,0.0
11038,45973,1448536673,0,0.0,NULL
11038,45844,1448536673,0,0.0,0.0
11038,41782,1448536673,0,0.0,0.0
11038,43946,1448536673,0,0.0,0.0
11038,45976,1448536673,0,0.0,0.0
11038,43034,1448536673,0,0.0,0.0
11038,43857,1448536673,0,0.0,0.0
11038,45923,1448536673,0,0.0,0.0
11038,45955,1448536673,0,NULL,NULL
11038,45392,1448536673,1,1.0,1.0
11038,41816,1448536673,0,0.0,0.0
11038,46096,1448536673,0,NULL,NULL
11038,41383,1448536673,0,0.0,NULL
11038,41475,1448536673,0,0.0,0.0
11038,42644,1448536673,0,0.0,0.0
11038,45355,1448536673,1,1.0,1.0
11038,44236,1448536673,0,0.0,0.0
11038,43836,1448536673,0,0.0,0.0
11038,43057,1448536673,0,0.0,0.0
11038,43600,1448536673,0,0.0,0.0
11038,41859,1448536673,0,0.0,0.0
11038,43107,1448536673,0,NULL,NULL
11038,41672,1448536673,0,0.0,0.0
11038,41570,1448536673,0,0.0,0.0
11038,41523,1448536673,0,0.0,0.0
11038,41289,1448536673,0,NULL,NULL
11038,43831,1448536673,0,NULL,NULL
11038,43037,1448536673,0,NULL,NULL
11038,45202,1448536673,0,0.0,0.0
11038,42657,1448536673,0,0.0,0.0
11038,41329,1448536673,0,0.0,0.0
11038,45644,1448536673,0,0.0,0.0
11038,46185,1448536673,0,0.0,0.0
11038,45933,1448536673,0,0.0,0.0
11038,46068,1448536673,0,0.0,0.0
11038,41675,1448536673,0,0.0,NULL
11038,46046,1448536673,1,1.0,1.0
11038,39414,1448536673,0,0.0,0.0
11038,41256,1448536673,0,NULL,NULL
11038,44298,1448536673,0,0.0,NULL
11038,46184,1448536673,0,0.0,0.0
11038,45394,1448536673,-1,-1.0,-1.0
11038,41421,1448536673,0,NULL,NULL
11038,41496,1448536673,0,0.0,0.0
11038,46972,1448536673,0,0.0,0.0
11038,47458,1448536673,0,0.0,0.0
11038,45988,1448536673,0,0.0,0.0
11038,41768,1448536673,0,0.0,0.0
11038,44550,1448536673,0,0.0,NULL
11038,46294,1448536673,0,0.0,0.0
11040,44273,1449654550,0,NULL,NULL
11040,44219,1449654550,0,0.0,NULL
11040,44631,1449654550,0,NULL,NULL
11040,44045,1449654550,0,NULL,NULL
11040,40102,1449654550,-1,NULL,NULL
11040,41276,1449654550,1,NULL,NULL
11040,40063,1449654550,0,0.0,0.0
11040,40062,1449654550,1,0.0,0.0
11040,41145,1449654550,0,NULL,NULL
11040,46066,1449654550,0,0.0,NULL
11040,47490,1449654550,0,0.0,NULL
11040,47490,1461270927,0,-1.0,NULL
11040,46066,1461270927,0,-1.0,NULL
11040,41145,1461270927,0,NULL,NULL
11040,40062,1461270927,1,NULL,NULL
11040,40063,1461270927,0,0.0,0.0
11040,41276,1461270927,1,NULL,NULL
11040,40102,1461270927,-1,NULL,NULL
11040,44045,1461270927,0,NULL,NULL
11040,44631,1461270927,0,NULL,NULL
11040,44273,1461270927,0,NULL,NULL
11040,44219,1461270927,0,-1.0,NULL
11041,46058,1461183392,0,0.0,0.0
11041,41830,1461270709,0,0.0,0.0
11041,40197,1461270756,0,0.0,0.0
11041,46044,1461270756,-1,-1.0,-1.0
11041,51846,1461270709,1,1.0,1.0
11041,39593,1461183392,0,0.0,NULL
11041,47506,1461183392,0,0.0,0.0
11041,44297,1461270756,0,0.0,0.0
11041,46135,1461270709,0,NULL,NULL
11041,45949,1461270756,1,1.0,1.0
11041,51829,1461183392,-1,-1.0,-1.0
11041,51838,1461270709,1,1.0,1.0
11041,44464,1461270756,1,NULL,NULL
11041,44771,1461270756,1,1.0,1.0
11041,51496,1461183392,0,0.0,0.0
11041,46038,1461270756,-1,NULL,NULL
11041,39614,1461270709,0,0.0,0.0
11041,44553,1461183392,0,NULL,NULL
11041,37747,1461183392,0,NULL,NULL
11041,37742,1461270756,-1,-1.0,NULL
11041,47520,1461183392,0,0.0,0.0
11041,47490,1461183392,-1,-1.0,NULL
11041,51832,1461183392,-1,-1.0,-1.0
11041,44466,1461270756,1,NULL,NULL
11041,43703,1461270756,-1,-1.0,-1.0
11041,41145,1461270709,-1,NULL,NULL
11041,37742,1461270709,1,NULL,NULL
11041,43792,1461270709,1,1.0,1.0
11041,43500,1461183392,0,0.0,0.0
11041,51829,1461270709,1,1.0,1.0
11041,39974,1461270756,1,1.0,1.0
11041,46051,1461270756,0,0.0,0.0
11041,39975,1461183392,0,0.0,0.0
11041,46135,1461183392,0,NULL,NULL
11041,39765,1461183392,-1,-1.0,-1.0
11041,47894,1461183392,1,1.0,1.0
11041,41480,1461270709,0,0.0,0.0
11041,51830,1461183392,-1,-1.0,-1.0
11041,39668,1461183392,0,NULL,NULL
11041,42770,1461183392,1,1.0,1.0
11041,40189,1461270756,1,NULL,NULL
11041,45342,1461270709,-1,-1.0,-1.0
11041,43712,1461183392,0,1.0,NULL
11041,46017,1461270756,0,0.0,0.0
11041,43480,1461183392,0,-1.0,NULL
11041,44540,1461270756,0,0.0,0.0
11041,44464,1461183392,-1,NULL,NULL
11041,41678,1461270709,0,0.0,0.0
11041,40189,1461183392,-1,-1.0,-1.0
11041,51833,1461270709,1,1.0,1.0
11041,37748,1461183392,0,NULL,NULL
11041,44553,1461270709,0,NULL,NULL
11041,44052,1461270756,0,0.0,0.0
11041,39765,1461270709,1,1.0,1.0
11041,44480,1461183392,0,0.0,0.0
11041,44228,1461183392,0,0.0,0.0
11041,47507,1461183392,0,0.0,0.0
11041,43424,1461270709,0,NULL,NULL
11041,39614,1461183392,0,0.0,0.0
11041,47508,1461183392,-1,NULL,NULL
11043,42784,1461156106,1,NULL,NULL
11043,42784,1461240182,1,NULL,NULL
11045,37747,1461223263,0,NULL,NULL
11045,44281,1461223504,0,0.0,0.0
11045,39683,1461223504,0,NULL,NULL
11045,47507,1461221674,0,0.0,0.0
11045,44553,1461221674,-1,NULL,NULL
11045,44553,1461223504,1,NULL,NULL
11045,51848,1461223263,0,0.0,0.0
11045,51833,1461223263,1,1.0,1.0
11045,41678,1461221674,0,0.0,0.0
11045,43500,1461221674,0,0.0,0.0
11045,51846,1461223263,1,1.0,1.0
11045,47508,1461223504,1,NULL,NULL
11045,42772,1461223504,0,0.0,0.0
11045,37742,1461223504,-1,NULL,NULL
11045,44483,1461221674,-1,-1.0,NULL
11045,43959,1461223504,0,0.0,0.0
11045,44297,1461221674,0,0.0,0.0
11045,46247,1461221674,0,0.0,NULL
11045,51830,1461221674,-1,-1.0,-1.0
11045,51840,1461223263,0,0.0,0.0
11045,44228,1461223263,0,0.0,0.0
11045,43737,1461221674,1,1.0,1.0
11045,47513,1461221674,-1,-1.0,NULL
11045,51846,1461221674,-1,-1.0,-1.0
11045,37742,1461223263,1,NULL,NULL
11045,42955,1461223504,0,0.0,NULL
11045,41062,1461221674,1,1.0,1.0
11045,42772,1461221674,0,0.0,0.0
11045,43500,1461223504,0,0.0,0.0
11045,39625,1461221674,-1,-1.0,NULL
11045,43478,1461221674,-1,NULL,NULL
11045,45341,1461223263,1,1.0,1.0
11045,43424,1461223263,0,NULL,NULL
11045,39614,1461221674,0,0.0,0.0
11045,51833,1461221674,-1,-1.0,-1.0
11045,47506,1461221674,0,0.0,0.0
11045,39632,1461223504,1,1.0,NULL
11045,44240,1461221674,0,0.0,0.0
11045,41145,1461223263,-1,NULL,NULL
11045,43737,1461223504,-1,-1.0,-1.0
11045,47508,1461221674,-1,NULL,NULL
11045,40002,1461223504,0,0.0,0.0
11045,46044,1461221674,1,1.0,1.0
11045,43476,1461221674,1,1.0,1.0
11045,41062,1461223504,-1,-1.0,-1.0
11045,45950,1461221674,0,0.0,0.0
11045,44636,1461223504,0,0.0,0.0
11045,46051,1461221674,0,0.0,0.0
11045,42955,1461221674,0,0.0,NULL
11045,44478,1461221674,0,0.0,0.0
11045,44484,1461221674,-1,-1.0,-1.0
11045,46212,1461223504,1,1.0,NULL
11045,44219,1461221674,-1,-1.0,NULL
11045,46185,1461223504,-1,NULL,NULL
11045,44748,1461223504,0,NULL,NULL
11045,46019,1461221674,-1,-1.0,NULL
11045,42838,1461223504,-1,-1.0,-1.0
11045,37747,1461221674,0,NULL,NULL
11045,44771,1461221674,-1,-1.0,-1.0
11045,40077,1461223504,0,0.0,0.0
11049,42772,1454433893,0,NULL,NULL
11049,43141,1461077393,1,1.0,1.0
11049,41830,1454433893,0,0.0,0.0
11049,46135,1454433893,0,NULL,NULL
11049,37742,1454433893,-1,-1.0,NULL
11049,51838,1454433893,-1,-1.0,-1.0
11049,43500,1454433893,0,NULL,NULL
11049,39668,1461077393,0,NULL,NULL
11049,41480,1461077343,0,0.0,0.0
11049,43737,1454433893,1,NULL,NULL
11049,51849,1454433893,0,0.0,0.0
11049,41678,1461077393,0,0.0,0.0
11049,47894,1461077343,1,1.0,1.0
11049,44540,1454433893,0,NULL,NULL
11049,39614,1454433893,0,0.0,0.0
11049,43424,1461077343,0,NULL,NULL
11049,44484,1461077393,1,1.0,1.0
11049,44546,1454433893,-1,0.0,0.0
11049,37747,1461077343,0,NULL,NULL
11049,46058,1454433893,0,0.0,0.0
11049,44466,1461077393,1,NULL,NULL
11049,39809,1461077393,-1,-1.0,-1.0
11049,51848,1454433893,0,0.0,0.0
11049,44228,1461077343,0,0.0,0.0
11049,39785,1461077393,-1,-1.0,-1.0
11049,39975,1461077393,0,0.0,0.0
11049,43480,1461077393,1,1.0,1.0
11049,51838,1461077343,1,1.0,1.0
11049,47506,1461077393,0,0.0,0.0
11049,47507,1461077393,0,0.0,0.0
11049,37747,1461077393,0,NULL,NULL
11049,47490,1461077393,1,1.0,NULL
11049,47507,1454433893,0,NULL,NULL
11049,45342,1454433893,1,1.0,1.0
11049,44480,1461077393,0,0.0,0.0
11049,39632,1461077393,1,1.0,NULL
11049,42870,1461077343,-1,NULL,NULL
11049,46901,1461077393,0,-1.0,NULL
11049,46051,1461077393,0,0.0,0.0
11049,46019,1461077393,1,1.0,1.0
11049,43737,1461077393,-1,-1.0,-1.0
11049,39625,1461077393,1,1.0,NULL
11049,39974,1454433893,-1,NULL,NULL
11049,43959,1454433893,0,NULL,NULL
11049,46247,1461077393,0,NULL,NULL
11049,44483,1461077393,1,1.0,NULL
11049,40197,1454433893,0,0.0,0.0
11049,46114,1461077393,-1,-1.0,NULL
11049,46017,1461077393,0,0.0,0.0
11049,43478,1461077393,1,1.0,1.0
11049,44445,1461077393,0,NULL,NULL
11049,44484,1454433893,-1,NULL,NULL
11049,44771,1461077393,1,NULL,NULL
11049,44052,1461077393,0,0.0,0.0
11049,40080,1461077393,-1,NULL,NULL
11049,39947,1454433893,0,0.0,0.0
11049,51832,1454433893,-1,NULL,NULL
11049,46289,1461063710,0,0.0,NULL
11049,46044,1461077393,-1,-1.0,-1.0
11049,47520,1461077393,0,0.0,0.0
11051,39632,1460983045,1,1.0,NULL
11051,39625,1460983045,1,1.0,NULL
11053,40781,1460465918,0,0.0,0.0
11053,42838,1458832612,-1,-1.0,-1.0
11053,44464,1458832612,1,NULL,NULL
11053,41678,1458831687,0,0.0,0.0
11053,40197,1458832612,0,0.0,0.0
11053,43478,1460465795,-1,NULL,NULL
11053,39809,1460465795,1,1.0,1.0
11053,37747,1458831687,0,NULL,NULL
11053,39593,1458832612,0,NULL,NULL
11053,41145,1458832520,-1,NULL,NULL
11053,44052,1460465795,0,0.0,0.0
11053,45341,1458832520,1,1.0,NULL
11053,51839,1460465858,0,0.0,0.0
11053,46019,1460465918,1,1.0,1.0
11053,42784,1458831687,-1,NULL,NULL
11053,41480,1458831687,0,0.0,0.0
11053,45342,1460465858,-1,-1.0,-1.0
11053,44219,1460465918,1,NULL,NULL
11053,44748,1460465795,0,NULL,NULL
11053,39947,1458832612,0,0.0,0.0
11053,43478,1458831687,0,0.0,0.0
11053,46212,1460465795,-1,-1.0,NULL
11053,51848,1460465858,0,0.0,0.0
11053,46038,1460465795,1,NULL,NULL
11053,46038,1460465918,-1,NULL,NULL
11053,51829,1460465858,1,1.0,1.0
11053,42772,1460465795,0,0.0,0.0
11053,45947,1460465858,0,NULL,NULL
11053,46135,1460465858,0,NULL,NULL
11053,46017,1460465795,0,0.0,0.0
11053,42838,1460465795,1,1.0,1.0
11053,44553,1460465795,0,0.0,NULL
11053,44553,1458831687,0,1.0,NULL
11053,37748,1457450047,0,NULL,NULL
11053,43424,1460465858,0,NULL,NULL
11053,43712,1460465918,1,NULL,NULL
11053,46019,1458832612,0,0.0,0.0
11053,41145,1460465858,-1,NULL,NULL
11053,46114,1458831687,1,1.0,NULL
11053,39614,1458832520,0,0.0,0.0
11053,39668,1460465918,0,NULL,NULL
11053,39823,1460465795,1,NULL,NULL
11053,44547,1458831687,-1,NULL,NULL
11053,51830,1458831687,-1,-1.0,-1.0
11053,46058,1460465918,0,0.0,0.0
11053,42838,1460465918,-1,-1.0,-1.0
11053,51848,1458831687,0,0.0,0.0
11053,44540,1458831687,0,NULL,NULL
11053,41145,1460465918,1,NULL,NULL
11053,41145,1458832612,1,NULL,NULL
11053,51849,1460465858,0,0.0,0.0
11053,39765,1458832520,1,1.0,1.0
11053,47506,1458831687,0,0.0,0.0
11053,44547,1458832612,1,NULL,NULL
11053,44469,1458832612,1,1.0,NULL
11053,37748,1460412345,0,NULL,NULL
11053,51829,1460465795,-1,-1.0,-1.0
11053,39683,1458832612,0,NULL,NULL
11053,43737,1460465795,1,1.0,1.0
11053,44281,1460465795,0,0.0,0.0
11061,46051,1459869696,0,0.0,NULL
11061,42955,1459869696,0,1.0,1.0
11061,42955,1460050220,0,0.0,0.0
11061,46051,1460050220,0,0.0,NULL
11067,45154,1459243490,1,0.0,0.0
11070,46247,1457662239,0,0.0,NULL
11070,37747,1457662239,0,NULL,NULL
11070,39683,1457662239,0,NULL,NULL
11070,39668,1457662239,0,NULL,NULL
11070,44445,1457662239,0,NULL,NULL
11070,44469,1457662239,0,0.0,NULL
11070,44483,1457662239,0,0.0,NULL
11075,44478,1456503358,0,0.0,0.0
11075,43505,1456503358,0,0.0,0.0
11075,44480,1456503358,0,0.0,0.0
11075,40173,1456403905,0,0.0,0.0
11075,40781,1456503358,0,0.0,0.0
11075,45947,1456502877,0,NULL,NULL
11075,41145,1456502877,-1,NULL,NULL
11075,40189,1456403905,-1,-1.0,NULL
11075,43737,1456503358,-1,-1.0,-1.0
11075,46058,1456403905,0,0.0,0.0
11075,39593,1456503358,0,NULL,NULL
11075,51833,1456502877,1,NULL,NULL
11075,39975,1456403905,0,0.0,0.0
11075,42784,1456503358,1,NULL,NULL
11075,43500,1456403905,0,0.0,0.0
11075,40197,1456503358,0,0.0,0.0
11075,44466,1456403905,-1,NULL,NULL
11075,43792,1456403905,-1,NULL,NULL
11075,46135,1456403905,0,NULL,NULL
11075,51840,1456502877,0,NULL,NULL
11075,47490,1456503358,1,1.0,NULL
11075,40077,1456403905,0,0.0,0.0
11075,45341,1456502877,1,NULL,NULL
11075,43478,1456403905,0,0.0,0.0
11075,46058,1456503358,0,0.0,0.0
11075,44469,1456403905,-1,0.0,NULL
11075,42838,1456403905,1,1.0,1.0
11075,46212,1456403905,-1,0.0,NULL
11075,43505,1456403905,0,0.0,0.0
11075,44546,1456503358,0,NULL,NULL
11075,39765,1456403905,-1,-1.0,-1.0
11075,44483,1456403905,-1,-1.0,NULL
11075,51840,1456403905,0,NULL,NULL
11075,46019,1456503358,0,0.0,0.0
11075,47490,1456403905,-1,-1.0,NULL
11075,39593,1456403905,0,NULL,NULL
11075,42772,1456403905,0,0.0,0.0
11075,47513,1456503358,1,NULL,NULL
11075,39614,1456502877,0,0.0,0.0
11075,51832,1456502877,1,NULL,NULL
11075,47513,1456403905,-1,NULL,NULL
11075,41062,1456503358,-1,-1.0,-1.0
11075,44552,1456502877,0,0.0,0.0
11075,44540,1456503358,0,NULL,NULL
11075,41480,1456502877,0,0.0,0.0
11075,43959,1456403905,0,0.0,0.0
11075,42772,1456503358,0,0.0,0.0
11075,44748,1456503358,0,NULL,NULL
11075,51832,1456403905,-1,NULL,NULL
11075,41145,1456503358,1,NULL,NULL
11075,43959,1456503358,0,0.0,0.0
11075,47520,1456503358,0,0.0,0.0
11075,40077,1456503358,0,0.0,0.0
11075,37742,1456502877,1,1.0,NULL
11075,51846,1456502877,1,1.0,1.0
11075,44466,1456503358,1,NULL,NULL
11075,47506,1456403905,0,0.0,0.0
11075,41678,1456503358,0,0.0,0.0
11075,44464,1456403905,-1,NULL,NULL
11075,42770,1456503358,-1,-1.0,-1.0
11077,41830,1454359858,0,0.0,0.0
11077,39614,1454684168,0,0.0,0.0
11077,43424,1454359858,0,NULL,NULL
11077,40189,1456345408,1,1.0,NULL
11077,44223,1454608613,1,1.0,1.0
11077,46298,1454608613,0,NULL,NULL
11077,41145,1454684168,0,NULL,NULL
11077,41435,1454608613,0,0.0,0.0
11077,46058,1454684168,0,0.0,0.0
11077,44483,1454978798,1,1.0,NULL
11077,46076,1454608613,0,0.0,0.0
11077,47916,1454608613,0,0.0,0.0
11077,44546,1454608613,1,NULL,NULL
11077,41565,1454608613,0,0.0,0.0
11077,41515,1454608613,0,0.0,0.0
11077,44484,1454512119,1,NULL,NULL
11077,40781,1454684168,0,NULL,NULL
11077,41510,1454608613,0,0.0,0.0
11077,51633,1454608613,0,0.0,0.0
11077,46051,1454608613,0,0.0,NULL
11077,44551,1454608613,0,0.0,0.0
11077,51846,1454978798,1,1.0,1.0
11077,46205,1454608613,0,0.0,0.0
11077,42937,1454608613,0,0.0,0.0
11077,42935,1454608613,0,0.0,0.0
11077,47509,1454608613,0,0.0,0.0
11077,46240,1454608613,0,0.0,0.0
11077,44540,1454608613,0,0.0,NULL
11077,44483,1454512119,1,1.0,NULL
11077,41137,1454608613,1,1.0,1.0
11077,51627,1454608613,-1,-1.0,-1.0
11077,46058,1454512119,0,0.0,0.0
11077,45342,1454359858,-1,-1.0,-1.0
11077,46148,1454608613,-1,-1.0,-1.0
11077,51829,1454608613,1,1.0,1.0
11077,46988,1454608613,0,0.0,0.0
11077,41458,1454608613,0,0.0,0.0
11077,41865,1454608613,0,0.0,0.0
11077,45638,1454608613,0,0.0,0.0
11077,42636,1454608613,0,0.0,0.0
11077,41650,1454608613,0,0.0,0.0
11077,46058,1454359858,0,0.0,0.0
11077,41331,1454608613,0,0.0,0.0
11077,41792,1454608613,0,0.0,0.0
11077,47520,1454512119,0,0.0,0.0
11077,46088,1454608613,0,0.0,0.0
11077,41654,1454608613,0,0.0,0.0
11077,44297,1454608613,0,0.0,0.0
11077,41480,1454359858,0,0.0,0.0
11077,44546,1456345408,0,NULL,NULL
11077,51832,1454684168,1,NULL,NULL
11077,42725,1454608613,0,0.0,0.0
11077,45389,1454608613,1,1.0,1.0
11077,45632,1454608613,0,0.0,0.0
11077,46202,1454608613,0,0.0,0.0
11077,47513,1454359858,0,-1.0,NULL
11077,51838,1454359858,1,1.0,1.0
11077,51829,1454512119,1,1.0,1.0
11077,46122,1454608613,0,0.0,0.0
11077,41480,1454684168,0,0.0,0.0
11079,41285,1452799596,0,0.0,0.0
11079,41510,1453320570,0,0.0,0.0
11079,42772,1456270556,0,0.0,0.0
11079,51839,1456270556,0,0.0,0.0
11079,39765,1456270556,1,1.0,1.0
11079,51848,1453126151,0,0.0,0.0
11079,40165,1453320570,0,0.0,0.0
11079,41132,1453320570,0,-1.0,NULL
11079,51972,1453126151,0,NULL,NULL
11079,43712,1456270556,0,0.0,0.0
11079,46150,1453320570,1,NULL,NULL
11079,41480,1456270556,0,0.0,0.0
11079,46058,1456270556,0,0.0,0.0
11079,46135,1453126151,0,0.0,0.0
11079,41830,1456270556,0,0.0,0.0
11079,40155,1453320570,0,0.0,0.0
11079,43480,1456270556,0,0.0,0.0
11079,51848,1456270556,0,0.0,0.0
11079,43424,1453320570,0,0.0,NULL
11079,46198,1453126151,-1,-1.0,-1.0
11079,43792,1453320570,-1,0.0,0.0
11079,45947,1453126151,-1,0.0,NULL
11079,39765,1453126151,1,1.0,1.0
11079,40257,1453126151,0,NULL,NULL
11079,51832,1453126151,1,1.0,1.0
11079,39614,1453320570,0,0.0,0.0
11079,40819,1453320570,0,1.0,1.0
11079,46194,1453126151,0,0.0,0.0
11079,44547,1456270556,1,NULL,NULL
11079,44469,1452799596,1,1.0,NULL
11079,51974,1453320570,-1,NULL,NULL
11079,41678,1453126151,0,0.0,0.0
11079,44553,1453126151,0,NULL,NULL
11079,39793,1453126151,-1,NULL,NULL
11079,40025,1453320570,-1,NULL,NULL
11079,40257,1453320570,0,0.0,0.0
11079,37747,1456270556,0,NULL,NULL
11079,39593,1456270556,0,NULL,NULL
11079,39683,1453126151,-1,NULL,NULL
11079,39683,1453320570,-1,NULL,NULL
11079,51830,1453126151,1,1.0,1.0
11079,44579,1453320570,-1,-1.0,-1.0
11079,46960,1453320570,-1,NULL,NULL
11079,44578,1453320570,0,NULL,NULL
11079,44469,1453320570,1,-1.0,NULL
11079,44547,1453320570,1,NULL,NULL
11079,45341,1456270556,1,NULL,NULL
11079,37742,1453320570,0,-1.0,-1.0
11079,51849,1453126151,0,0.0,0.0
11079,44748,1456270556,0,NULL,NULL
11079,47902,1453126151,0,NULL,NULL
11079,46150,1453126151,1,NULL,NULL
11079,42838,1456270556,-1,NULL,NULL
11079,51496,1453126151,0,NULL,NULL
11079,41062,1456270556,-1,-1.0,-1.0
11079,39614,1456270556,0,0.0,0.0
11079,51838,1456270556,1,1.0,1.0
11079,44784,1453320570,-1,NULL,NULL
11079,51830,1456270556,1,1.0,1.0
11079,46194,1453320570,0,1.0,NULL
11080,43981,1455877348,1,1.0,NULL
11080,46949,1455799764,0,0.0,0.0
11080,44972,1455877348,0,0.0,0.0
11080,37742,1455799764,-1,-1.0,NULL
11080,41383,1455877348,0,NULL,NULL
11080,42960,1455877348,0,0.0,NULL
11080,45355,1455799764,-1,-1.0,-1.0
11080,44550,1455877348,1,NULL,NULL
11080,39666,1455877348,0,0.0,0.0
11080,46989,1455877348,1,1.0,NULL
11080,43423,1455799764,0,0.0,0.0
11080,45950,1455799764,-1,-1.0,-1.0
11080,45387,1455799764,-1,-1.0,-1.0
11080,43783,1455877348,0,0.0,0.0
11080,45394,1455799764,1,1.0,1.0
11080,47473,1455799764,0,0.0,0.0
11080,45206,1455877348,0,0.0,0.0
11080,44578,1455877348,1,1.0,1.0
11080,46983,1455877348,0,0.0,0.0
11080,46097,1455877348,0,0.0,0.0
11080,45672,1455799764,-1,-1.0,-1.0
11080,42636,1455799764,0,0.0,0.0
11080,52025,1455799764,-1,-1.0,-1.0
11080,46996,1455877348,0,0.0,0.0
11080,41427,1455877348,0,0.0,0.0
11080,46058,1455877348,0,0.0,0.0
11080,52024,1455799764,0,0.0,0.0
11080,41585,1455799764,0,0.0,0.0
11080,41512,1455877348,0,0.0,0.0
11080,45937,1455877348,0,0.0,0.0
11080,44060,1455799764,0,0.0,0.0
11080,47695,1455877348,1,1.0,NULL
11080,46142,1455799764,0,0.0,0.0
11080,43786,1455877348,0,0.0,0.0
11080,46083,1455877348,0,0.0,0.0
11080,46749,1455799764,1,1.0,1.0
11080,45993,1455799764,0,0.0,0.0
11080,44238,1455799764,0,0.0,0.0
11080,45382,1455877348,0,0.0,0.0
11080,46751,1455877348,0,NULL,NULL
11080,51624,1455799764,-1,-1.0,-1.0
11080,43424,1455877348,1,NULL,NULL
11080,45341,1455799764,-1,NULL,NULL
11080,43124,1455799764,0,0.0,0.0
11080,45947,1455799764,-1,NULL,NULL
11080,46094,1455877348,0,0.0,0.0
11080,45264,1455877348,0,0.0,0.0
11080,43600,1455877348,0,0.0,0.0
11080,45205,1455877348,0,0.0,0.0
11080,41329,1455799764,0,0.0,0.0
11080,41843,1455877348,0,0.0,0.0
11080,41512,1455799764,0,0.0,0.0
11080,45206,1455799764,0,0.0,0.0
11080,41854,1455877348,0,0.0,0.0
11080,46097,1455799764,0,0.0,0.0
11080,46954,1455877348,1,1.0,1.0
11080,41668,1455799764,-1,NULL,NULL
11080,41137,1455877348,1,1.0,1.0
11080,46111,1455877348,0,0.0,0.0
11080,39130,1455799764,-1,NULL,NULL
11083,41381,1455788983,0,0.0,0.0
11083,43107,1455788983,0,0.0,0.0
11083,45955,1455788983,0,0.0,0.0
11083,39668,1455788983,1,1.0,NULL
11083,46256,1455788983,0,0.0,0.0
11083,52049,1455788983,0,0.0,0.0
11083,46268,1455788983,0,0.0,0.0
11083,40311,1455788983,0,0.0,0.0
11083,40304,1455788983,0,0.0,0.0
11083,41830,1455788983,0,0.0,0.0
11083,46111,1455788983,0,0.0,0.0
11083,42630,1455788983,0,0.0,0.0
11083,45514,1455788983,1,1.0,1.0
11083,41636,1455788983,0,0.0,0.0
11083,51829,1455788983,1,1.0,1.0
11083,44464,1455788983,1,NULL,NULL
11083,41448,1455788983,0,0.0,0.0
11083,42660,1455788983,0,0.0,0.0
11083,42617,1455788983,0,0.0,0.0
11083,41525,1455788983,0,0.0,0.0
11083,44315,1455788983,0,0.0,0.0
11083,40293,1455788983,0,0.0,0.0
11083,41231,1455788983,0,0.0,0.0
11083,41399,1455788983,0,0.0,0.0
11083,40272,1455788983,0,0.0,0.0
11083,44067,1455788983,1,1.0,NULL
11083,41401,1455788983,0,0.0,0.0
11083,42613,1455788983,0,0.0,0.0
11083,41335,1455788983,0,0.0,0.0
11083,39830,1455788983,0,0.0,0.0
11083,43857,1455788983,0,0.0,0.0
11083,47664,1455788983,1,1.0,1.0
11083,41776,1455788983,0,0.0,0.0
11083,42960,1455788983,0,0.0,NULL
11083,39457,1455788983,-1,NULL,NULL
11083,41409,1455788983,0,0.0,0.0
11083,46954,1455788983,1,1.0,1.0
11083,39536,1455788983,0,0.0,0.0
11083,46296,1455788983,1,1.0,1.0
11083,52027,1455788983,1,1.0,1.0
11083,45034,1455788983,0,0.0,0.0
11083,45515,1455788983,1,1.0,1.0
11083,41598,1455788983,0,0.0,0.0
11083,45978,1455788983,0,0.0,0.0
11083,44219,1455788983,0,-1.0,NULL
11083,46916,1455788983,-1,0.0,NULL
11083,46996,1455788983,0,0.0,0.0
11083,44872,1455788983,0,0.0,0.0
11083,41325,1455788983,0,0.0,0.0
11083,46076,1455788983,0,0.0,0.0
11083,44553,1455788983,0,0.0,NULL
11083,44321,1455788983,0,0.0,0.0
11083,40305,1455788983,0,0.0,0.0
11083,44876,1455788983,-1,-1.0,-1.0
11083,42638,1455788983,0,0.0,0.0
11083,41839,1455788983,0,0.0,0.0
11083,43978,1455788983,0,0.0,0.0
11083,41605,1455788983,0,0.0,0.0
11083,45513,1455788983,1,1.0,1.0
11083,43037,1455788983,0,0.0,0.0
11085,44892,1455692804,0,0.0,0.0
11085,41780,1455692804,0,0.0,0.0
11085,45980,1455692804,0,0.0,0.0
11085,43951,1455692804,1,1.0,1.0
11085,51839,1455692804,0,0.0,0.0
11085,41796,1455692804,0,0.0,0.0
11085,39186,1455692804,0,0.0,0.0
11085,46029,1455692804,-1,-1.0,-1.0
11085,43423,1455692804,0,0.0,0.0
11085,46971,1455692804,0,0.0,0.0
11085,46093,1455692804,0,0.0,0.0
11085,45949,1455692804,0,1.0,1.0
11085,44549,1455692804,0,0.0,0.0
11085,45984,1455692804,0,NULL,NULL
11085,46140,1455692804,0,0.0,0.0
11085,44464,1455692804,-1,NULL,NULL
11085,39830,1455692804,0,0.0,0.0
11085,46144,1455692804,0,0.0,0.0
11085,41845,1455692804,1,1.0,NULL
11085,41540,1455692804,0,0.0,0.0
11085,51625,1455692804,0,0.0,0.0
11085,45982,1455692804,0,0.0,0.0
11085,47669,1455692804,-1,NULL,NULL
11085,46083,1455692804,0,0.0,0.0
11085,46763,1455692804,0,0.0,0.0
11085,44279,1455692804,0,1.0,1.0
11085,43777,1455692804,0,0.0,0.0
11085,46066,1455692804,0,0.0,0.0
11085,47864,1455692804,0,0.0,0.0
11085,41301,1455692804,0,0.0,0.0
11085,41630,1455692804,0,0.0,0.0
11085,43979,1455692804,0,0.0,0.0
11085,43854,1455692804,0,0.0,0.0
11085,41399,1455692804,0,0.0,0.0
11085,41636,1455692804,0,0.0,0.0
11085,41331,1455692804,0,0.0,0.0
11085,47858,1455692804,0,0.0,0.0
11085,44876,1455692804,1,1.0,1.0
11085,41747,1455692804,0,0.0,0.0
11085,46976,1455692804,-1,-1.0,-1.0
11085,46132,1455692804,-1,-1.0,NULL
11085,47902,1455692804,0,0.0,0.0
11085,45394,1455692804,1,1.0,1.0
11085,44317,1455692804,0,0.0,0.0
11085,46057,1455692804,0,0.0,0.0
11085,44060,1455692804,0,0.0,0.0
11085,45937,1455692804,0,0.0,0.0
11085,41329,1455692804,0,0.0,0.0
11085,43981,1455692804,-1,-1.0,NULL
11085,44222,1455692804,0,0.0,0.0
11085,42660,1455692804,0,0.0,0.0
11085,44445,1455692804,-1,NULL,NULL
11085,46090,1455692804,0,0.0,0.0
11085,40770,1455692804,0,0.0,0.0
11085,46998,1455692804,0,0.0,0.0
11085,41865,1455692804,-1,-1.0,-1.0
11085,46145,1455692804,0,1.0,1.0
11085,44456,1455692804,0,0.0,0.0
11085,39457,1455692804,1,NULL,NULL
11085,46996,1455692804,0,0.0,0.0
11101,45341,1454573521,-1,NULL,NULL
11101,51840,1454091929,0,NULL,NULL
11101,46058,1454091929,0,0.0,0.0
11101,40197,1454573521,0,0.0,0.0
11101,43792,1454091929,-1,-1.0,NULL
11101,39593,1454573521,0,NULL,NULL
11101,51839,1454091929,0,0.0,0.0
11101,43478,1454573521,0,0.0,0.0
11101,44228,1454573521,0,0.0,0.0
11101,44466,1454573521,-1,NULL,NULL
11101,51848,1454573521,0,0.0,0.0
11101,46135,1454573521,0,NULL,NULL
11101,51832,1454091929,-1,NULL,NULL
11101,44553,1454091929,0,NULL,NULL
11101,44553,1454573521,0,NULL,NULL
11101,40173,1454573521,0,0.0,0.0
11101,41830,1454573521,0,0.0,0.0
11101,51839,1454573521,0,0.0,0.0
11101,41145,1454573521,0,0.0,NULL
11101,44552,1454573521,0,0.0,0.0
11101,51849,1454091929,0,0.0,0.0
11101,41062,1454573521,1,1.0,1.0
11101,51840,1454573521,0,NULL,NULL
11101,43500,1454573521,0,NULL,NULL
11101,42822,1454573521,0,0.0,0.0
11101,39974,1454573521,-1,NULL,NULL
11101,47490,1454573521,-1,-1.0,NULL
11101,43500,1454091929,0,NULL,NULL
11101,43424,1454091929,0,NULL,NULL
11101,44748,1454091929,0,NULL,NULL
11101,40189,1454573521,-1,-1.0,NULL
11101,43712,1454091929,0,NULL,NULL
11101,43792,1454573521,-1,NULL,NULL
11101,51830,1454091929,-1,-1.0,-1.0
11101,43478,1454091929,0,NULL,NULL
11101,43712,1454573521,0,0.0,0.0
11101,46114,1454573521,1,1.0,NULL
11101,42838,1454091929,1,NULL,NULL
11101,39614,1454573521,0,0.0,0.0
11101,43480,1454091929,0,NULL,NULL
11101,51833,1454091929,-1,NULL,NULL
11101,46019,1454573521,0,0.0,0.0
11101,45947,1454573521,0,NULL,NULL
11101,42772,1454573521,0,NULL,NULL
11101,44297,1454573521,0,0.0,0.0
11101,43959,1454573521,0,0.0,0.0
11101,39765,1454091929,-1,-1.0,-1.0
11101,41480,1454091929,0,0.0,0.0
11101,51838,1454091929,-1,-1.0,-1.0
11101,41480,1454573521,0,0.0,0.0
11101,41062,1454091929,1,1.0,1.0
11101,44483,1454573521,-1,-1.0,NULL
11101,45947,1454091929,0,NULL,NULL
11101,47513,1454573521,-1,-1.0,NULL
11101,40077,1454573521,0,0.0,0.0
11101,37747,1454091929,0,NULL,NULL
11101,51832,1454573521,-1,NULL,NULL
11101,37742,1454573521,-1,-1.0,NULL
11101,39947,1454573521,0,0.0,0.0
11101,47507,1454573521,0,NULL,NULL
11106,44228,1454169046,0,0.0,0.0
11106,44553,1454169046,0,0.0,NULL
11106,44552,1454169046,0,0.0,0.0
11106,44748,1454169046,0,NULL,NULL
11106,44540,1454169046,0,NULL,NULL
11106,45342,1454169046,-1,-1.0,-1.0
11106,45341,1454169046,1,NULL,NULL
11106,41678,1454169046,0,0.0,0.0
11106,41830,1454169046,0,0.0,0.0
11106,42838,1454169046,-1,NULL,NULL
11106,43712,1454169046,0,NULL,NULL
11106,43478,1454169046,0,0.0,0.0
11106,43480,1454169046,0,NULL,NULL
11106,42770,1454169046,-1,-1.0,-1.0
11106,42772,1454169046,0,NULL,NULL
11106,43424,1454169046,0,NULL,NULL
11106,43792,1454169046,1,1.0,NULL
11106,43959,1454169046,0,NULL,NULL
11106,43500,1454169046,0,NULL,NULL
11106,43505,1454169046,0,NULL,NULL
11106,43737,1454169046,-1,NULL,NULL
11106,39765,1454169046,1,1.0,1.0
11106,41480,1454169046,0,0.0,0.0
11106,41145,1454169046,0,0.0,NULL
11106,41062,1454169046,-1,-1.0,-1.0
11106,37747,1454169046,0,NULL,NULL
11106,37742,1454169046,1,1.0,NULL
11106,39614,1454169046,0,0.0,0.0
11106,39593,1454169046,0,NULL,NULL
11106,45947,1454169046,0,NULL,NULL
11106,46058,1454169046,0,0.0,0.0
11106,51849,1454169046,0,0.0,0.0
11106,51832,1454169046,1,NULL,NULL
11106,51833,1454169046,1,NULL,NULL
11106,51848,1454169046,0,0.0,0.0
11106,46114,1454169046,-1,-1.0,NULL
11106,46135,1454169046,0,NULL,NULL
11106,46019,1454169046,0,0.0,0.0
11106,51840,1454169046,0,NULL,NULL
11106,51838,1454169046,1,1.0,1.0
11106,51846,1454169046,1,1.0,1.0
11106,51839,1454169046,0,0.0,0.0
11106,51829,1454169046,1,1.0,1.0
11106,51830,1454169046,1,1.0,1.0
11107,47509,1453933822,0,0.0,0.0
11107,51840,1453984234,-1,NULL,NULL
11107,46098,1453984286,0,0.0,0.0
11107,45976,1453984234,0,0.0,0.0
11107,52263,1432403598,1,1.0,1.0
11107,43946,1453933822,0,0.0,0.0
11107,45899,1453933822,0,0.0,0.0
11107,41260,1453933822,0,0.0,0.0
11107,51838,1453984328,1,1.0,1.0
11107,43844,1453984234,0,0.0,0.0
11107,46191,1453933822,0,0.0,0.0
11107,41664,1453984286,0,0.0,0.0
11107,41374,1453984234,0,0.0,0.0
11107,41415,1453933822,0,0.0,0.0
11107,45986,1453933822,0,0.0,0.0
11107,44284,1453984234,0,0.0,0.0
11107,43852,1453984286,0,0.0,0.0
11107,45385,1453933822,0,0.0,0.0
11107,39643,1453933822,0,NULL,NULL
11107,45388,1453933822,-1,NULL,NULL
11107,42984,1432403598,-1,-1.0,-1.0
11107,43980,1453984234,0,0.0,0.0
11107,47664,1453984286,1,1.0,NULL
11107,45353,1453933822,-1,-1.0,-1.0
11107,41523,1453933822,0,0.0,0.0
11107,46057,1453984286,0,0.0,0.0
11107,52049,1453984234,0,0.0,0.0
11107,52014,1453984286,0,0.0,0.0
11107,52025,1453984286,1,1.0,1.0
11107,44476,1453933822,0,0.0,0.0
11107,46999,1432403598,0,0.0,0.0
11107,45759,1432403598,0,NULL,NULL
11107,41347,1453984286,0,0.0,0.0
11107,44552,1432403598,0,0.0,0.0
11107,41463,1453933822,0,0.0,0.0
11107,46046,1453984234,-1,-1.0,-1.0
11107,37746,1453984234,0,0.0,NULL
11107,41329,1453933822,0,0.0,0.0
11107,41662,1453933822,0,0.0,0.0
11107,46919,1453933822,0,0.0,0.0
11107,43059,1453933822,0,0.0,0.0
11107,45202,1453984286,0,0.0,0.0
11107,43584,1453984286,-1,-1.0,-1.0
11107,46245,1453984234,0,0.0,0.0
11107,52013,1453984234,0,0.0,0.0
11107,41466,1453984234,0,0.0,0.0
11107,41145,1453984234,1,0.0,NULL
11107,47009,1432403598,0,0.0,0.0
11107,41285,1453984286,0,0.0,0.0
11107,45514,1453984234,-1,-1.0,-1.0
11107,46208,1432403598,0,0.0,0.0
11107,44891,1453984286,0,0.0,0.0
11107,43864,1453984286,0,0.0,0.0
11107,46029,1453933822,-1,-1.0,-1.0
11107,46161,1453984286,0,0.0,0.0
11107,43114,1453933822,0,0.0,0.0
11107,45929,1453933822,0,0.0,0.0
11107,42770,1453933822,1,1.0,1.0
11107,47473,1453984286,0,0.0,0.0
11107,47680,1453984234,0,0.0,0.0
11112,41145,1450782562,1,0.0,NULL
11112,43424,1450782562,0,0.0,NULL
11112,41145,1453908441,1,0.0,NULL
11113,39593,1442325341,0,NULL,NULL
11113,39593,1453906611,0,NULL,NULL
11116,41145,1450330178,0,0.0,NULL
11116,47019,1450330178,-1,NULL,NULL
11116,46769,1450330178,-1,NULL,NULL
11116,41145,1453905954,0,1.0,NULL
11118,41432,1453738675,1,1.0,1.0
11118,44319,1453738675,0,0.0,0.0
11118,41331,1453738675,0,0.0,0.0
11118,44317,1453738675,0,0.0,0.0
11118,46986,1453738675,0,0.0,0.0
11118,46087,1453738675,0,0.0,0.0
11118,45947,1453824381,0,NULL,NULL
11118,39383,1453738675,-1,-1.0,-1.0
11118,43951,1453738675,-1,-1.0,-1.0
11118,43059,1453738675,0,0.0,0.0
11118,43831,1453738675,0,0.0,0.0
11118,39666,1453738675,0,0.0,0.0
11118,43844,1453738675,0,0.0,0.0
11118,46200,1453738675,0,0.0,0.0
11118,45638,1453738675,0,0.0,0.0
11118,41438,1453738675,0,0.0,0.0
11118,44293,1453738675,0,0.0,0.0
11118,41144,1453738675,0,0.0,0.0
11118,43833,1453738675,-1,-1.0,-1.0
11118,41372,1453738675,0,0.0,0.0
11118,43975,1453738675,0,0.0,0.0
11118,45988,1453738675,0,0.0,0.0
11118,41480,1453824381,0,0.0,0.0
11118,45034,1453738675,0,0.0,0.0
11118,45946,1453738675,1,1.0,1.0
11118,51839,1453824424,0,0.0,0.0
11118,39186,1453738675,0,0.0,0.0
11118,43107,1453738675,0,0.0,0.0
11118,46134,1453738675,0,0.0,0.0
11118,41491,1453738675,0,0.0,0.0
11118,39718,1453738675,1,1.0,1.0
11118,46907,1453738675,1,1.0,1.0
11118,46120,1453738675,0,0.0,0.0
11118,44223,1453738675,1,1.0,1.0
11118,45546,1453738675,0,0.0,0.0
11118,45205,1453738675,0,0.0,0.0
11118,41323,1453738675,0,0.0,0.0
11118,39793,1453738675,1,NULL,NULL
11118,47646,1453738675,-1,NULL,NULL
11118,41531,1453738675,0,0.0,0.0
11118,41475,1453738675,0,0.0,0.0
11118,46128,1453738675,0,0.0,0.0
11118,39402,1453738675,0,0.0,0.0
11118,39765,1453824424,1,1.0,1.0
11118,43777,1453738675,0,0.0,0.0
11118,45154,1453738675,0,0.0,0.0
11118,44553,1453738675,0,0.0,NULL
11118,46954,1453738675,1,1.0,1.0
11118,46156,1453738675,0,0.0,NULL
11118,46298,1453738675,0,NULL,NULL
11118,46093,1453738675,0,0.0,0.0
11118,45342,1453824381,1,1.0,1.0
11118,42628,1453738675,0,0.0,0.0
11118,46017,1453738675,0,0.0,0.0
11118,51840,1453738675,1,NULL,NULL
11118,46003,1453738675,0,0.0,0.0
11118,43846,1453738675,0,NULL,NULL
11118,46243,1453738675,0,NULL,NULL
11118,51838,1453824381,-1,-1.0,-1.0
11118,46984,1453738675,0,0.0,0.0
11123,51849,1453585822,0,0.0,0.0
11123,51848,1453585822,0,0.0,0.0
11123,51832,1453585822,-1,-1.0,NULL
11123,51840,1453585822,0,NULL,NULL
11123,51838,1453585822,-1,-1.0,-1.0
11123,51830,1453585822,-1,-1.0,-1.0
11123,51829,1453585822,-1,-1.0,-1.0
11123,51839,1453585822,0,0.0,0.0
11123,51846,1453585822,-1,-1.0,-1.0
11123,46135,1453585822,0,0.0,NULL
11123,46145,1453585822,0,0.0,NULL
11123,45947,1453585822,0,NULL,NULL
11123,51833,1453585822,-1,-1.0,NULL
11123,41480,1453585822,0,0.0,0.0
11123,41678,1453585822,0,0.0,0.0
11123,41830,1453585822,0,0.0,0.0
11123,41145,1453585822,1,1.0,NULL
11123,37742,1453585822,-1,-1.0,-1.0
11123,37747,1453585822,0,NULL,NULL
11123,39614,1453585822,0,0.0,0.0
11123,39765,1453585822,-1,-1.0,-1.0
11123,45341,1453585822,-1,-1.0,NULL
11123,45342,1453585822,1,1.0,1.0
11123,43424,1453585822,0,0.0,NULL
11123,43792,1453585822,-1,-1.0,-1.0
11123,44228,1453585822,0,NULL,NULL
11123,44553,1453585822,0,0.0,NULL
11123,44552,1453585822,0,0.0,0.0
11123,46145,1453661224,0,0.0,NULL
11123,39614,1453661327,0,0.0,0.0
11123,37747,1453661327,0,NULL,NULL
11123,37742,1453661327,1,1.0,1.0
11123,41480,1453661327,0,0.0,0.0
11123,41145,1453661327,-1,-1.0,NULL
11123,39765,1453661327,1,1.0,1.0
11123,44552,1453661327,0,0.0,0.0
11123,44228,1453661327,0,NULL,NULL
11123,44553,1453661327,0,0.0,NULL
11123,45342,1453661327,-1,-1.0,-1.0
11123,45341,1453661327,1,1.0,NULL
11123,43792,1453661327,1,1.0,1.0
11123,43424,1453661327,0,0.0,NULL
11123,41830,1453661327,0,0.0,0.0
11123,41678,1453661327,0,0.0,0.0
11123,45947,1453661327,0,NULL,NULL
11123,46135,1453661327,0,0.0,NULL
11123,51832,1453661327,1,1.0,NULL
11123,51849,1453661327,0,0.0,0.0
11123,51833,1453661327,1,1.0,NULL
11123,51848,1453661327,0,0.0,0.0
11123,51838,1453661327,1,1.0,1.0
11123,51830,1453661327,1,1.0,1.0
11123,51829,1453661327,1,1.0,1.0
11123,51840,1453661327,0,NULL,NULL
11123,51839,1453661327,0,0.0,0.0
11123,51846,1453661327,1,1.0,1.0
11126,51829,1453323833,-1,-1.0,-1.0
11126,44552,1453323833,0,0.0,0.0
11126,40025,1453323833,1,1.0,NULL
11126,51848,1453325977,0,0.0,0.0
11126,41285,1453323833,0,0.0,0.0
11126,51846,1453325977,1,1.0,1.0
11126,37742,1453323833,-1,1.0,1.0
11126,45341,1453325977,1,1.0,NULL
11126,46153,1453323833,0,NULL,NULL
11126,51838,1453323833,-1,-1.0,-1.0
11126,51839,1453325977,0,0.0,0.0
11126,51832,1453325977,1,1.0,NULL
11126,43792,1453325977,1,1.0,1.0
11126,41145,1453323833,1,0.0,NULL
11126,51846,1453323833,-1,-1.0,-1.0
11126,40029,1453323833,0,0.0,0.0
11126,51838,1453325977,1,1.0,1.0
11126,40031,1453323833,0,0.0,0.0
11126,46135,1453323833,0,-1.0,-1.0
11126,44784,1453323833,1,NULL,NULL
11126,51840,1453323833,0,NULL,NULL
11126,44552,1453325977,0,0.0,0.0
11126,51496,1453323833,0,0.0,0.0
11126,39614,1453325977,0,0.0,0.0
11126,40257,1453323833,0,0.0,0.0
11126,44547,1453323833,-1,NULL,NULL
11126,39793,1453323833,1,NULL,NULL
11126,37742,1453325977,1,0.0,0.0
11126,46150,1453323833,-1,NULL,NULL
11126,46960,1453323833,1,NULL,NULL
11126,39765,1453325977,1,1.0,1.0
11126,41830,1453323833,0,0.0,0.0
11126,41678,1453325977,0,0.0,0.0
11126,46146,1453323833,1,1.0,1.0
11126,51830,1453323833,-1,-1.0,-1.0
11126,51840,1453325977,0,NULL,NULL
11126,41480,1453325977,0,0.0,0.0
11126,44579,1453323833,1,1.0,1.0
11126,51833,1453323833,-1,-1.0,NULL
11126,44553,1453323833,0,0.0,NULL
11126,41510,1453323833,0,0.0,0.0
11126,51839,1453323833,0,0.0,0.0
11126,45947,1453325977,0,NULL,NULL
11126,47902,1453323833,0,0.0,0.0
11126,51833,1453325977,1,1.0,NULL
11126,41678,1453323833,0,0.0,0.0
11126,40155,1453323833,0,0.0,0.0
11126,41830,1453325977,0,0.0,0.0
11126,45947,1453323833,1,NULL,NULL
11126,40233,1453323833,1,1.0,1.0
11126,41145,1453325977,-1,0.0,NULL
11126,44578,1453323833,0,NULL,NULL
11126,39683,1453323833,1,NULL,NULL
11126,51832,1453323833,-1,-1.0,NULL
11126,46194,1453323833,0,0.0,0.0
11126,51829,1453325977,1,1.0,1.0
11126,40819,1453323833,0,-1.0,-1.0
11126,40165,1453323833,0,0.0,0.0
11126,39643,1453323833,0,NULL,NULL
11126,44228,1453325977,0,NULL,NULL
11129,43792,1447756456,1,0.0,0.0
11129,43792,1453298805,1,0.0,0.0
11132,43424,1450772609,0,-1.0,-1.0
11132,43424,1453297057,0,-1.0,NULL
11136,39683,1452240701,-1,0.0,0.0
11136,39794,1452240701,-1,0.0,0.0
11136,39643,1452240701,0,NULL,NULL
11136,39668,1452240701,-1,NULL,NULL
11136,40233,1452240701,-1,NULL,NULL
11136,41510,1452240701,0,0.0,0.0
11136,40819,1452240701,0,-1.0,-1.0
11136,40165,1452240701,0,0.0,0.0
11136,39793,1452240701,-1,0.0,0.0
11136,40257,1452240701,0,NULL,NULL
11136,46960,1452240701,1,0.0,NULL
11136,46198,1452240701,-1,0.0,0.0
11136,46146,1452240701,-1,-1.0,-1.0
11136,46247,1452240701,1,1.0,NULL
11136,45947,1452240701,-1,0.0,NULL
11136,46247,1453221896,1,1.0,NULL
11136,46960,1453221896,1,NULL,NULL
11136,39643,1453221896,0,NULL,NULL
11136,39186,1453221896,0,0.0,0.0
11136,51840,1453222105,0,0.0,0.0
11136,51848,1453222105,0,0.0,0.0
11136,51833,1453222105,1,1.0,1.0
11136,51849,1453222105,0,0.0,0.0
11136,51832,1453222105,1,1.0,1.0
11136,51838,1453222105,1,NULL,NULL
11136,51830,1453222105,1,1.0,1.0
11136,51829,1453222105,1,1.0,1.0
11136,51839,1453222105,0,0.0,0.0
11136,51846,1453222105,1,1.0,1.0
11136,45947,1453222105,0,NULL,NULL
11136,46135,1453222105,0,0.0,0.0
11136,39765,1453222105,1,1.0,1.0
11136,41145,1453222105,-1,-1.0,NULL
11136,41480,1453222105,0,0.0,0.0
11136,37742,1453222105,1,1.0,1.0
11136,45342,1453222105,-1,-1.0,-1.0
11136,45341,1453222105,1,NULL,NULL
11136,44553,1453222105,0,0.0,NULL
11136,44552,1453222105,0,0.0,0.0
11136,41830,1453222105,0,0.0,0.0
11136,41678,1453222105,0,0.0,0.0
11138,40028,1453129025,0,0.0,0.0
11138,41480,1453129025,0,0.0,0.0
11138,51838,1453129025,-1,-1.0,-1.0
11138,51839,1453129025,0,0.0,0.0
11138,40025,1452705173,1,NULL,NULL
11138,41678,1453129229,0,0.0,0.0
11138,51849,1453129229,0,0.0,0.0
11138,44784,1453129025,1,NULL,NULL
11138,51840,1453129229,0,0.0,0.0
11138,39765,1453129229,1,1.0,1.0
11138,51829,1453129229,1,1.0,1.0
11138,45341,1453129025,-1,NULL,NULL
11138,39683,1453129025,1,NULL,NULL
11138,41132,1453129025,0,0.0,NULL
11138,41830,1453129025,0,0.0,0.0
11138,40028,1452705173,0,0.0,0.0
11138,51839,1453129229,0,0.0,0.0
11138,46135,1453129229,0,0.0,0.0
11138,41285,1453129025,0,0.0,0.0
11138,44748,1452705173,0,-1.0,-1.0
11138,40233,1453129025,1,NULL,NULL
11138,40155,1453129025,0,0.0,0.0
11138,46198,1453129025,1,1.0,1.0
11138,44578,1453129025,0,NULL,NULL
11138,40031,1453129025,0,0.0,0.0
11138,44579,1453129025,1,1.0,1.0
11138,40819,1453129025,0,0.0,0.0
11138,39668,1453129025,1,NULL,NULL
11138,51974,1453129025,1,NULL,NULL
11138,41678,1453129025,0,0.0,0.0
11138,51972,1453129025,0,NULL,NULL
11138,41145,1453129229,-1,-1.0,NULL
11138,41145,1453129025,1,1.0,NULL
11138,51832,1453129229,1,1.0,1.0
11138,40029,1452705173,0,0.0,0.0
11138,44553,1453129229,0,0.0,NULL
11138,41830,1453129229,0,0.0,0.0
11138,47902,1453129025,0,NULL,NULL
11138,41480,1453129229,0,0.0,0.0
11138,39794,1453129025,1,1.0,1.0
11138,51848,1453129229,0,0.0,0.0
11138,51830,1453129229,1,1.0,1.0
11138,46135,1453129025,0,0.0,0.0
11138,41510,1453129025,0,0.0,0.0
11138,44553,1453129025,0,0.0,NULL
11138,39765,1453129025,-1,-1.0,-1.0
11138,37742,1453129025,-1,-1.0,-1.0
11138,46150,1453129025,-1,NULL,NULL
11138,51833,1453129025,-1,-1.0,-1.0
11138,51833,1453129229,1,1.0,1.0
11138,46153,1453129025,0,0.0,NULL
11138,45947,1453129229,0,-1.0,NULL
11138,51832,1453129025,-1,-1.0,-1.0
11138,51849,1453129025,0,0.0,0.0
11138,46194,1453129025,0,0.0,0.0
11138,45342,1453129229,-1,-1.0,-1.0
11138,51838,1453129229,1,1.0,1.0
11138,40257,1453129025,0,NULL,NULL
11138,45341,1453129229,1,1.0,1.0
11138,44469,1453129025,-1,-1.0,NULL
11141,41678,1453064810,0,0.0,0.0
11141,41830,1453064810,0,0.0,0.0
11141,44552,1453064810,0,0.0,0.0
11141,44553,1453064810,0,NULL,NULL
11141,45341,1453064810,1,NULL,NULL
11141,45342,1453064810,-1,-1.0,-1.0
11141,37742,1453064810,1,1.0,1.0
11141,41480,1453064810,0,0.0,0.0
11141,41145,1453064810,-1,-1.0,NULL
11141,39765,1453064810,1,1.0,1.0
11141,46135,1453064810,0,0.0,NULL
11141,45947,1453064810,0,0.0,NULL
11141,51846,1453064810,1,1.0,1.0
11141,51839,1453064810,0,0.0,0.0
11141,51829,1453064810,1,1.0,1.0
11141,51830,1453064810,1,1.0,1.0
11141,51838,1453064810,1,1.0,1.0
11141,51832,1453064810,1,NULL,NULL
11141,51849,1453064810,0,0.0,0.0
11141,51833,1453064810,1,NULL,NULL
11141,51848,1453064810,0,0.0,0.0
11141,51840,1453064810,0,0.0,0.0
11143,44553,1453060072,0,0.0,NULL
11143,44552,1453060072,0,0.0,0.0
11143,45342,1453060072,1,1.0,1.0
11143,45341,1453060072,-1,NULL,NULL
11143,39765,1453060072,-1,-1.0,-1.0
11143,41145,1453060072,1,1.0,NULL
11143,41678,1453060072,0,0.0,0.0
11143,41830,1453060072,0,0.0,0.0
11143,41480,1453060072,0,0.0,0.0
11143,37742,1453060072,-1,-1.0,-1.0
11143,46135,1453060072,0,0.0,NULL
11143,45947,1453060072,0,-1.0,NULL
11143,51848,1453060072,0,0.0,0.0
11143,51833,1453060072,-1,NULL,NULL
11143,51832,1453060072,-1,NULL,NULL
11143,51829,1453060072,-1,-1.0,-1.0
11143,51830,1453060072,-1,-1.0,-1.0
11143,51838,1453060072,-1,-1.0,-1.0
11143,51849,1453060072,0,0.0,0.0
11143,51846,1453060072,-1,-1.0,-1.0
11143,51839,1453060072,0,0.0,0.0
11143,51840,1453060072,0,0.0,0.0
11146,45342,1453034223,-1,-1.0,-1.0
11146,51849,1453034223,0,0.0,0.0
11146,41147,1446800792,1,1.0,1.0
11146,51829,1453034223,1,1.0,1.0
11146,51832,1453034223,1,NULL,NULL
11146,52051,1446800792,-1,-1.0,-1.0
11146,41496,1446800792,0,0.0,0.0
11146,46013,1446800792,0,0.0,NULL
11146,40272,1446800792,0,0.0,0.0
11146,44070,1446800792,0,-1.0,-1.0
11146,45947,1453034223,0,0.0,NULL
11146,39830,1446800792,0,0.0,0.0
11146,41678,1453034223,0,0.0,0.0
11146,46296,1446800792,-1,-1.0,NULL
11146,44219,1446800792,0,NULL,NULL
11146,40308,1446800792,0,0.0,0.0
11146,43999,1446800792,0,0.0,0.0
11146,40318,1446800792,0,NULL,NULL
11146,40282,1446800792,0,0.0,0.0
11146,45947,1446800792,0,0.0,0.0
11146,43126,1446800792,-1,-1.0,-1.0
11146,51830,1453034223,1,1.0,1.0
11146,45943,1446800792,0,0.0,0.0
11146,47490,1446800792,-1,NULL,NULL
11146,43007,1446800792,0,0.0,0.0
11146,45341,1453034223,1,NULL,NULL
11146,44552,1453034223,0,0.0,0.0
11146,37742,1446800792,0,0.0,NULL
11146,51838,1453034223,1,1.0,1.0
11146,40822,1446800792,-1,-1.0,-1.0
11146,40821,1446800792,-1,NULL,NULL
11146,46114,1446800792,1,1.0,1.0
11146,45756,1446800792,-1,-1.0,NULL
11146,39765,1453034223,1,1.0,1.0
11146,47513,1446800792,0,NULL,NULL
11146,37742,1453034223,1,1.0,1.0
11146,44550,1446800792,-1,-1.0,NULL
11146,51833,1453034223,1,NULL,NULL
11146,51846,1453034223,1,1.0,1.0
11146,45930,1446800792,0,0.0,0.0
11146,46072,1446800792,-1,-1.0,NULL
11146,41865,1446800792,-1,NULL,NULL
11146,40320,1446800792,-1,-1.0,-1.0
11146,44001,1446800792,0,0.0,0.0
11146,37747,1446800792,-1,NULL,NULL
11146,40306,1446800792,0,0.0,0.0
11146,42960,1446800792,0,NULL,NULL
11146,46146,1446800792,0,0.0,NULL
11146,46153,1446800792,0,NULL,NULL
11146,37746,1446800792,0,NULL,NULL
11146,39668,1446800792,-1,NULL,NULL
11146,46135,1453034223,0,0.0,NULL
11146,43423,1446800792,0,0.0,0.0
11146,40310,1446800792,-1,NULL,NULL
11146,41145,1453034223,-1,-1.0,NULL
11146,51840,1453034223,0,0.0,0.0
11146,46096,1446800792,-1,NULL,NULL
11146,46120,1446800792,-1,-1.0,-1.0
11146,43124,1446800792,0,0.0,0.0
11146,43141,1446800792,-1,NULL,NULL
11147,51840,1453033603,0,0.0,0.0
11147,51846,1453033603,-1,-1.0,-1.0
11147,51839,1453033603,0,0.0,0.0
11147,51830,1453033603,-1,-1.0,-1.0
11147,51838,1453033603,-1,-1.0,-1.0
11147,51829,1453033603,-1,-1.0,-1.0
11147,51832,1453033603,-1,NULL,NULL
11147,51849,1453033603,0,0.0,0.0
11147,51833,1453033603,-1,NULL,NULL
11147,51848,1453033603,0,0.0,0.0
11147,45947,1453033603,0,0.0,NULL
11147,46135,1453033603,0,0.0,NULL
11147,37742,1453033603,-1,-1.0,-1.0
11147,41480,1453033603,0,0.0,0.0
11147,41830,1453033603,0,0.0,0.0
11147,41678,1453033603,0,0.0,0.0
11147,41145,1453033603,1,1.0,NULL
11147,39765,1453033603,-1,-1.0,-1.0
11147,45341,1453033603,-1,NULL,NULL
11147,45342,1453033603,1,1.0,1.0
11147,44552,1453033603,0,0.0,0.0
11147,44553,1453033603,0,0.0,NULL
11149,51830,1452971629,-1,-1.0,-1.0
11149,51832,1452972329,1,NULL,NULL
11149,41830,1452971629,0,0.0,0.0
11149,51830,1452972329,1,1.0,1.0
11149,44553,1452972329,0,NULL,NULL
11149,51838,1452542948,-1,-1.0,-1.0
11149,51833,1452971629,-1,NULL,NULL
11149,39765,1452542948,-1,-1.0,NULL
11149,37742,1452971629,-1,-1.0,-1.0
11149,51846,1452972329,1,1.0,1.0
11149,46135,1452972329,0,0.0,NULL
11149,41678,1452971629,0,0.0,0.0
11149,41480,1452542948,0,0.0,0.0
11149,51838,1452971629,-1,-1.0,-1.0
11149,44553,1452542948,0,NULL,NULL
11149,37742,1452542948,-1,-1.0,-1.0
11149,51840,1452972329,0,0.0,0.0
11149,51849,1452971629,0,0.0,0.0
11149,51829,1452542948,-1,-1.0,-1.0
11149,51849,1452542948,0,0.0,0.0
11149,51832,1452971629,-1,NULL,NULL
11149,45341,1452972329,1,NULL,NULL
11149,51838,1452972329,1,1.0,1.0
11149,37742,1452972329,1,1.0,1.0
11149,41480,1452971629,0,0.0,0.0
11149,44552,1452542948,0,0.0,0.0
11149,51830,1452542948,-1,-1.0,-1.0
11149,45947,1452972329,0,0.0,NULL
11149,45342,1452971629,1,1.0,1.0
11149,41145,1452972329,-1,-1.0,NULL
11149,45341,1452971629,-1,NULL,NULL
11149,51839,1452971629,0,0.0,0.0
11149,51829,1452971629,-1,-1.0,-1.0
11149,51832,1452542948,-1,NULL,NULL
11149,45947,1452542948,0,0.0,NULL
11149,51849,1452972329,0,0.0,0.0
11149,51848,1452971629,0,0.0,0.0
11149,39765,1452971629,-1,-1.0,-1.0
11149,46135,1452971629,0,0.0,NULL
11149,51848,1452542948,0,0.0,0.0
11149,51839,1452972329,0,0.0,0.0
11149,44553,1452971629,0,NULL,NULL
11149,41678,1452542948,0,0.0,0.0
11149,51833,1452542948,-1,NULL,NULL
11149,41145,1452971629,1,1.0,NULL
11149,51839,1452542948,0,0.0,0.0
11149,41480,1452972329,0,0.0,0.0
11149,51848,1452972329,0,0.0,0.0
11149,51829,1452972329,1,1.0,1.0
11149,41678,1452972329,0,0.0,0.0
11149,45947,1452971629,0,-1.0,NULL
11149,45341,1452542948,-1,NULL,NULL
11149,51840,1452971629,0,0.0,0.0
11149,45342,1452972329,-1,-1.0,-1.0
11149,39765,1452972329,1,1.0,1.0
11149,51846,1452542948,-1,-1.0,-1.0
11149,41830,1452972329,0,0.0,0.0
11149,44552,1452971629,0,0.0,0.0
11149,44552,1452972329,0,0.0,0.0
11149,45342,1452542948,1,1.0,1.0
11152,44552,1451314466,0,0.0,0.0
11152,44553,1451314466,0,NULL,NULL
11152,45342,1451314466,1,NULL,NULL
11152,45341,1451314466,-1,NULL,NULL
11152,39765,1451314466,-1,NULL,NULL
11152,37742,1451314466,-1,-1.0,-1.0
11152,41145,1451314466,1,1.0,NULL
11152,41830,1451314466,0,NULL,NULL
11152,41678,1451314466,0,0.0,0.0
11152,41480,1451314466,0,0.0,0.0
11152,51833,1451314466,-1,NULL,NULL
11152,47902,1451314466,0,NULL,NULL
11152,51496,1451314466,0,NULL,NULL
11152,45947,1451314466,0,0.0,NULL
11152,46135,1451314466,0,1.0,NULL
11152,51846,1451314466,-1,NULL,NULL
11152,51839,1451314466,0,NULL,NULL
11152,51829,1451314466,-1,NULL,NULL
11152,51830,1451314466,-1,NULL,NULL
11152,51838,1451314466,-1,NULL,NULL
11152,51840,1451314466,0,NULL,NULL
11152,51832,1451314466,-1,NULL,NULL
11152,51848,1451314466,0,NULL,NULL
11152,51849,1451314466,0,NULL,NULL
11152,51496,1452970021,0,NULL,NULL
11152,47902,1452970021,0,NULL,NULL
11154,52369,1422287866,-1,-1.0,-1.0
11154,46120,1422287866,1,1.0,1.0
11154,44564,1422287866,0,0.0,0.0
11154,45940,1422287866,1,NULL,NULL
11154,46276,1422287866,1,1.0,1.0
11154,47605,1422287866,0,NULL,NULL
11154,46171,1422287866,-1,NULL,NULL
11154,39576,1422287866,0,0.0,0.0
11154,46901,1422287866,-1,-1.0,-1.0
11154,46194,1452969737,0,0.0,0.0
11154,47473,1422287866,0,0.0,0.0
11154,43335,1422287866,1,1.0,1.0
11154,52238,1422287866,-1,-1.0,-1.0
11154,46120,1398688852,0,NULL,NULL
11154,45943,1422287866,-1,-1.0,NULL
11154,45888,1422287866,0,NULL,NULL
11154,44469,1422287866,-1,NULL,NULL
11154,56815,1422287866,1,1.0,NULL
11154,43328,1422287866,0,0.0,0.0
11154,46156,1422287866,1,NULL,NULL
11154,46194,1451568172,0,1.0,1.0
11154,43867,1422287866,-1,-1.0,-1.0
11154,44066,1422287866,0,0.0,0.0
11154,44483,1422287866,-1,NULL,NULL
11154,47600,1422287866,-1,-1.0,-1.0
11154,45536,1422287866,-1,-1.0,-1.0
11154,45744,1422287866,0,0.0,0.0
11154,43009,1422287866,0,NULL,NULL
11154,46971,1422287866,0,0.0,0.0
11154,52355,1422287866,0,0.0,0.0
11154,45892,1422287866,0,NULL,NULL
11154,52368,1422287866,-1,-1.0,-1.0
11154,41628,1422287866,0,0.0,0.0
11154,44553,1422287866,1,NULL,NULL
11154,46303,1422287866,1,1.0,1.0
11154,45733,1422287866,1,1.0,NULL
11154,39557,1422287866,1,1.0,1.0
11154,46194,1398688852,0,NULL,NULL
11154,39595,1422287866,1,1.0,1.0
11154,41480,1422287693,0,NULL,NULL
11154,47609,1422287866,0,NULL,NULL
11154,52243,1422287866,1,1.0,1.0
11154,40107,1422287866,0,0.0,0.0
11154,43851,1422287866,0,0.0,0.0
11154,39917,1422287866,1,1.0,1.0
11154,46194,1422287693,0,NULL,NULL
11154,39748,1422287866,0,0.0,0.0
11154,46294,1422287866,-1,-1.0,NULL
11154,52556,1422287866,0,0.0,0.0
11154,46766,1422287866,1,1.0,1.0
11154,41366,1422287866,0,0.0,0.0
11154,45543,1422287866,0,0.0,0.0
11154,46943,1422287866,1,1.0,1.0
11154,43008,1422287866,-1,-1.0,NULL
11154,52340,1422287866,1,1.0,NULL
11154,39226,1422287866,1,1.0,1.0
11154,37793,1422287866,0,0.0,0.0
11154,44476,1422287866,0,0.0,0.0
11154,47598,1422287866,1,NULL,NULL
11154,43221,1422287866,1,1.0,1.0
11160,46150,1452525513,1,NULL,NULL
11160,41285,1452525513,0,0.0,0.0
11160,41285,1452525751,0,0.0,0.0
11160,40155,1452525751,0,0.0,0.0
11162,46135,1452143848,0,0.0,NULL
11162,45947,1452143848,0,0.0,NULL
11162,51848,1452143848,0,NULL,NULL
11162,51833,1452143848,1,NULL,NULL
11162,51849,1452143848,0,NULL,NULL
11162,51832,1452143848,1,NULL,NULL
11162,51829,1452143848,1,NULL,NULL
11162,51838,1452143848,1,NULL,NULL
11162,51830,1452143848,1,NULL,NULL
11162,51839,1452143848,0,NULL,NULL
11162,51846,1452143848,1,NULL,NULL
11162,51840,1452143848,0,NULL,NULL
11162,44553,1452143848,0,NULL,NULL
11162,44552,1452143848,0,0.0,0.0
11162,45342,1452143848,-1,NULL,NULL
11162,45341,1452143848,1,NULL,NULL
11162,39765,1452143848,1,1.0,NULL
11162,41145,1452143848,-1,-1.0,NULL
11162,41678,1452143848,0,0.0,0.0
11162,41830,1452143848,0,0.0,NULL
11162,41480,1452143848,0,0.0,0.0
11162,37742,1452143848,1,1.0,1.0
11162,41285,1452428845,0,0.0,0.0
11162,41145,1452428845,-1,-1.0,NULL
11162,40155,1452428845,0,0.0,0.0
11162,41480,1452428845,0,0.0,0.0
11162,41678,1452428845,0,0.0,0.0
11162,41830,1452428845,0,0.0,0.0
11162,37742,1452428845,1,1.0,1.0
11162,39765,1452428845,1,1.0,NULL
11162,44552,1452428845,0,0.0,0.0
11162,44553,1452428845,0,NULL,NULL
11162,45342,1452428845,-1,-1.0,-1.0
11162,45341,1452428845,1,NULL,NULL
11162,45947,1452428845,0,0.0,NULL
11162,46135,1452428845,0,0.0,NULL
11162,51849,1452428845,0,NULL,NULL
11162,51832,1452428845,1,NULL,NULL
11162,51833,1452428845,1,NULL,NULL
11162,51848,1452428845,0,0.0,0.0
11162,51840,1452428845,0,0.0,0.0
11162,51846,1452428845,1,1.0,1.0
11162,51838,1452428845,1,NULL,NULL
11162,51839,1452428845,0,0.0,0.0
11162,51829,1452428845,1,1.0,1.0
11162,51830,1452428845,1,1.0,1.0
11164,39765,1452158473,-1,-1.0,NULL
11164,41285,1452158473,0,0.0,0.0
11164,41145,1452158473,1,1.0,NULL
11164,41480,1452158473,0,0.0,0.0
11164,37742,1452158473,-1,-1.0,-1.0
11164,41830,1452158473,0,0.0,NULL
11164,41678,1452158473,0,0.0,0.0
11164,45341,1452158473,-1,NULL,NULL
11164,45342,1452158473,1,NULL,NULL
11164,44553,1452158473,0,NULL,NULL
11164,44552,1452158473,0,0.0,0.0
11164,45947,1452158473,0,0.0,NULL
11164,46135,1452158473,0,0.0,NULL
11164,51848,1452158473,0,NULL,NULL
11164,51833,1452158473,-1,NULL,NULL
11164,51849,1452158473,0,NULL,NULL
11164,51832,1452158473,-1,NULL,NULL
11164,51839,1452158473,0,NULL,NULL
11164,51846,1452158473,-1,NULL,NULL
11164,51840,1452158473,0,NULL,NULL
11164,51838,1452158473,-1,-1.0,-1.0
11164,51830,1452158473,-1,NULL,NULL
11164,51829,1452158473,-1,NULL,NULL
11164,41285,1452280231,0,0.0,0.0
11164,40155,1452280231,0,0.0,0.0
11167,39765,1452104381,-1,-1.0,NULL
11167,41145,1452104381,1,1.0,NULL
11167,41480,1452104381,0,0.0,0.0
11167,37742,1452104381,-1,-1.0,-1.0
11167,41830,1452104381,0,0.0,NULL
11167,41678,1452104381,0,0.0,0.0
11167,45341,1452104381,-1,NULL,NULL
11167,45342,1452104381,1,NULL,NULL
11167,44553,1452104381,0,NULL,NULL
11167,44552,1452104381,0,0.0,0.0
11167,45947,1452104381,0,0.0,NULL
11167,46135,1452104381,0,0.0,NULL
11167,51848,1452104381,0,NULL,NULL
11167,51833,1452104381,-1,NULL,NULL
11167,51849,1452104381,0,NULL,NULL
11167,51832,1452104381,-1,NULL,NULL
11167,51846,1452104381,-1,NULL,NULL
11167,51839,1452104381,0,NULL,NULL
11167,51840,1452104381,0,NULL,NULL
11167,51838,1452104381,-1,NULL,NULL
11167,51830,1452104381,-1,NULL,NULL
11167,51829,1452104381,-1,NULL,NULL
11170,41132,1451318803,0,NULL,NULL
11171,51830,1450984026,0,NULL,NULL
11171,51829,1450984026,0,NULL,NULL
11171,45947,1450984026,0,-1.0,NULL
11171,51840,1450984026,0,-1.0,-1.0
11171,51848,1450984026,0,NULL,NULL
11171,41830,1450984026,0,NULL,NULL
11171,39765,1450984026,1,NULL,NULL
11171,45342,1450984026,0,NULL,NULL
11171,45342,1450984026,0,NULL,NULL
11171,45341,1450984026,1,0.0,0.0
11171,45341,1450984026,-1,0.0,0.0
11171,41480,1450984026,0,0.0,0.0
11171,41145,1450984026,-1,1.0,NULL
11171,37742,1450984026,1,1.0,1.0
11171,46135,1450984026,0,-1.0,NULL
11171,51849,1450984026,0,NULL,NULL
11171,51832,1450984026,1,0.0,0.0
11171,51833,1450984026,1,0.0,0.0
11171,51840,1450984026,0,-1.0,-1.0
11171,51846,1450984026,0,NULL,NULL
11171,51839,1450984026,0,NULL,NULL
11171,51838,1450984026,1,NULL,NULL
11171,51838,1450984026,1,NULL,NULL
11171,51829,1451298116,1,NULL,NULL
11171,51830,1451298116,1,NULL,NULL
11171,51838,1451298116,1,NULL,NULL
11171,51839,1451298116,0,NULL,NULL
11171,51846,1451298116,1,NULL,NULL
11171,51848,1451298116,0,NULL,NULL
11171,51833,1451298116,1,NULL,NULL
11171,51849,1451298116,0,NULL,NULL
11171,51832,1451298116,1,NULL,NULL
11171,45947,1451298116,0,-1.0,NULL
11171,46135,1451298116,0,-1.0,NULL
11171,51840,1451298116,0,NULL,NULL
11171,39765,1451298116,1,NULL,NULL
11171,41145,1451298116,-1,-1.0,NULL
11171,41480,1451298116,0,0.0,0.0
11171,37742,1451298116,1,1.0,1.0
11171,45342,1451298116,-1,NULL,NULL
11171,45341,1451298116,1,NULL,NULL
11171,41830,1451298116,0,NULL,NULL
11176,37742,1450792327,1,0.0,0.0
11184,43712,1449979082,1,NULL,NULL
11184,43720,1449979082,0,NULL,NULL
11184,43737,1449979082,0,NULL,NULL
11184,43720,1450033439,0,NULL,NULL
11184,43737,1450033439,0,NULL,NULL
11184,43712,1450033439,0,NULL,NULL
11185,45941,1450028610,0,0.0,0.0
11185,44578,1449752522,-1,-1.0,-1.0
11185,43034,1450028610,0,0.0,0.0
11185,46194,1450028610,1,1.0,1.0
11185,46723,1449752522,0,-1.0,-1.0
11185,45991,1450029862,0,0.0,0.0
11185,40819,1450028610,1,1.0,1.0
11185,46145,1449752522,0,0.0,NULL
11185,41540,1450029862,0,0.0,0.0
11185,44550,1449752522,0,NULL,NULL
11185,45949,1450029862,0,0.0,0.0
11185,41134,1450028610,0,0.0,0.0
11185,52038,1449752522,0,0.0,0.0
11185,43820,1450028610,0,0.0,0.0
11185,41458,1450028610,0,0.0,0.0
11185,46995,1450028610,0,0.0,0.0
11185,41531,1450029862,0,0.0,0.0
11185,42644,1449752522,0,0.0,0.0
11185,45929,1450028610,0,0.0,0.0
11185,41415,1450028610,0,0.0,0.0
11185,45350,1450029862,1,1.0,1.0
11185,44475,1450028610,0,0.0,0.0
11185,46996,1450028610,0,0.0,0.0
11185,42725,1450028610,0,0.0,0.0
11185,41678,1450029862,0,0.0,0.0
11185,45933,1450029862,0,NULL,NULL
11185,45104,1450028610,0,0.0,0.0
11185,45943,1450029862,0,0.0,0.0
11185,46304,1450028610,0,0.0,0.0
11185,46104,1449752522,0,0.0,0.0
11185,41566,1449752522,0,0.0,0.0
11185,45865,1450029862,0,NULL,NULL
11185,41523,1450029862,0,0.0,0.0
11185,46122,1450028610,0,0.0,0.0
11185,39728,1449752522,0,0.0,0.0
11185,46205,1450029862,0,0.0,0.0
11185,46009,1450029862,0,NULL,NULL
11185,47508,1450029862,1,NULL,NULL
11185,42658,1449752522,0,0.0,0.0
11185,44565,1450028610,0,NULL,NULL
11185,40305,1449752522,0,0.0,0.0
11185,43114,1450028610,0,0.0,0.0
11185,41634,1449752522,0,0.0,0.0
11185,45382,1449752522,0,0.0,0.0
11185,43820,1450029862,0,0.0,0.0
11185,43777,1450028610,0,0.0,0.0
11185,44219,1450029862,0,0.0,0.0
11185,46138,1449752522,0,0.0,0.0
11185,42630,1449752522,0,0.0,0.0
11185,41478,1450029862,0,0.0,0.0
11185,45672,1450028610,-1,-1.0,-1.0
11185,45387,1450028610,-1,-1.0,-1.0
11185,52011,1450029862,0,0.0,0.0
11185,43846,1449752522,0,NULL,NULL
11185,41574,1450028610,0,0.0,0.0
11185,46106,1449752522,0,0.0,0.0
11185,40312,1450029862,-1,-1.0,-1.0
11185,41258,1449752522,0,0.0,0.0
11185,46986,1449752522,0,0.0,0.0
11185,52027,1450029862,1,1.0,1.0
11188,52023,1450004840,0,0.0,0.0
11188,46148,1450013484,-1,NULL,NULL
11188,46988,1450004840,0,0.0,0.0
11188,41294,1450013484,0,0.0,0.0
11188,45904,1450004840,0,0.0,0.0
11188,41521,1450004840,0,0.0,0.0
11188,41357,1450013484,0,0.0,0.0
11188,44891,1450013484,0,0.0,0.0
11188,41772,1450004840,0,0.0,0.0
11188,45382,1450013484,0,0.0,0.0
11188,45350,1450004840,-1,-1.0,-1.0
11188,46088,1450013484,0,0.0,0.0
11188,46015,1450004840,0,0.0,0.0
11188,41349,1450004840,0,0.0,0.0
11188,46245,1450013484,0,0.0,0.0
11188,41347,1450013484,0,0.0,0.0
11188,47664,1450004840,-1,-1.0,-1.0
11188,42617,1450013484,0,0.0,0.0
11188,46283,1450013484,0,0.0,0.0
11188,42628,1450004840,0,0.0,0.0
11188,41372,1450013484,0,0.0,0.0
11188,46011,1450013484,0,0.0,0.0
11188,41381,1450013484,0,0.0,0.0
11188,46135,1450004840,-1,NULL,NULL
11188,39536,1450013484,0,0.0,0.0
11188,46109,1450004840,0,0.0,0.0
11188,42613,1450004840,0,0.0,0.0
11188,47695,1450004840,-1,-1.0,NULL
11188,45995,1450004840,0,0.0,0.0
11188,47858,1450013484,0,0.0,0.0
11188,52025,1450013484,1,1.0,1.0
11188,46999,1450004840,0,0.0,0.0
11188,45203,1450004840,0,NULL,NULL
11188,46076,1450013484,0,0.0,0.0
11188,46136,1450013484,0,0.0,0.0
11188,44579,1450004840,1,1.0,1.0
11188,46120,1450013484,0,0.0,0.0
11188,46136,1450004840,0,0.0,0.0
11188,43844,1450013484,0,0.0,0.0
11188,46138,1450013484,0,0.0,0.0
11188,45632,1450004840,0,0.0,0.0
11188,45203,1450013484,0,NULL,NULL
11188,45536,1450004840,0,0.0,0.0
11188,41333,1450013484,0,0.0,0.0
11188,46007,1450004840,0,0.0,0.0
11188,46112,1450013484,0,0.0,0.0
11188,46907,1450013484,1,1.0,1.0
11188,43948,1450013484,0,NULL,NULL
11188,44298,1450013484,0,0.0,0.0
11188,46005,1450013484,0,0.0,0.0
11188,42657,1450013484,0,0.0,0.0
11188,41405,1450004840,0,0.0,0.0
11188,41260,1450004840,0,0.0,0.0
11188,44223,1450013484,1,1.0,1.0
11188,41662,1450013484,0,0.0,0.0
11188,46140,1450004840,0,0.0,0.0
11188,45955,1450013484,0,0.0,0.0
11188,47868,1450013484,0,NULL,NULL
11188,47598,1450013484,1,1.0,1.0
11188,46083,1450013484,0,0.0,0.0
11191,46090,1449962061,0,0.0,0.0
11191,47598,1449933960,-1,-1.0,NULL
11191,41574,1449962017,0,0.0,0.0
11191,43979,1449962061,0,0.0,0.0
11191,44550,1449962017,0,NULL,NULL
11191,52049,1449962017,0,0.0,0.0
11191,42657,1449962017,0,0.0,0.0
11191,46930,1449962061,0,0.0,0.0
11191,41403,1449933960,0,0.0,0.0
11191,41364,1449962061,0,0.0,0.0
11191,43537,1449962017,0,0.0,0.0
11191,45946,1449962061,1,1.0,1.0
11191,47686,1449933960,1,NULL,NULL
11191,41568,1449962017,0,0.0,0.0
11191,44974,1449962061,0,0.0,0.0
11191,42657,1449962061,0,0.0,0.0
11191,43854,1449962017,0,0.0,0.0
11191,41859,1449933960,0,0.0,0.0
11191,45354,1449962017,-1,-1.0,-1.0
11191,43846,1449933960,0,NULL,NULL
11191,46148,1449962017,1,NULL,NULL
11191,46994,1449933960,0,0.0,0.0
11191,41792,1449962017,0,0.0,0.0
11191,41784,1449962061,0,0.0,0.0
11191,44067,1449933960,-1,-1.0,NULL
11191,46986,1449933960,0,0.0,0.0
11191,45355,1449962061,1,1.0,1.0
11191,47858,1449962061,0,0.0,0.0
11191,39779,1449933960,0,0.0,0.0
11191,45394,1449962061,-1,-1.0,-1.0
11191,41351,1449933960,-1,-1.0,-1.0
11191,46058,1449962061,0,0.0,0.0
11191,45541,1449962017,0,0.0,0.0
11191,45030,1449962017,0,0.0,0.0
11191,46142,1449962017,0,0.0,0.0
11191,41323,1449933960,0,0.0,0.0
11191,41654,1449933960,0,0.0,0.0
11191,45641,1449962017,0,0.0,0.0
11191,41329,1449962061,0,0.0,0.0
11191,44551,1449933960,0,0.0,0.0
11191,41262,1449962061,0,0.0,0.0
11191,46068,1449962061,0,0.0,0.0
11191,37863,1449933960,0,0.0,0.0
11191,46139,1449962061,0,0.0,0.0
11191,46185,1449962061,0,0.0,0.0
11191,45982,1449962017,0,0.0,0.0
11191,43546,1449962017,0,0.0,0.0
11191,43946,1449933960,0,0.0,0.0
11191,46141,1449933960,0,0.0,0.0
11191,43832,1449962017,0,0.0,0.0
11191,41289,1449933960,0,0.0,0.0
11191,46985,1449962061,0,0.0,0.0
11191,41854,1449962017,0,0.0,0.0
11191,47664,1449962017,-1,-1.0,-1.0
11191,44279,1449962061,0,0.0,NULL
11191,46137,1449962017,0,0.0,0.0
11191,45376,1449933960,0,0.0,0.0
11191,46134,1449962061,0,0.0,0.0
11191,43790,1449933960,0,0.0,0.0
11191,44469,1449933960,1,1.0,NULL
11194,41466,1448629781,0,0.0,0.0
11194,41364,1448629781,0,0.0,0.0
11194,45821,1448629781,0,0.0,0.0
11194,42725,1449927508,0,0.0,NULL
11194,52049,1449955759,0,0.0,0.0
11194,45341,1449955759,0,0.0,0.0
11194,43114,1448629781,0,0.0,0.0
11194,44293,1448629781,0,0.0,0.0
11194,45104,1449955759,0,0.0,0.0
11194,52012,1449927508,0,0.0,0.0
11194,41810,1448629781,0,NULL,NULL
11194,46013,1448629781,1,NULL,NULL
11194,41372,1449955759,0,0.0,0.0
11194,41570,1449927508,0,0.0,0.0
11194,45346,1449955759,1,1.0,1.0
11194,51833,1448629781,0,0.0,0.0
11194,41415,1448629781,0,0.0,0.0
11194,44237,1449955759,0,0.0,0.0
11194,41664,1449955759,0,NULL,NULL
11194,46207,1449955759,1,1.0,1.0
11194,47871,1449955759,0,0.0,0.0
11194,45394,1449955759,-1,-1.0,-1.0
11194,41443,1448629781,0,0.0,0.0
11194,40320,1449955759,0,0.0,NULL
11194,45993,1449927508,0,0.0,0.0
11194,41525,1449927508,0,0.0,0.0
11194,41572,1448629781,0,0.0,0.0
11194,46929,1449927508,0,0.0,0.0
11194,52023,1449955759,0,0.0,0.0
11194,45844,1449927508,0,0.0,0.0
11194,43546,1449927508,0,0.0,0.0
11194,46985,1448629781,0,0.0,0.0
11194,46296,1448629781,0,0.0,NULL
11194,44310,1449927508,0,0.0,0.0
11194,41515,1449927508,0,0.0,0.0
11194,41403,1449955759,0,0.0,0.0
11194,45984,1448629781,0,NULL,NULL
11194,45202,1449927508,0,0.0,0.0
11194,51625,1449927508,0,0.0,0.0
11194,41776,1449927508,0,0.0,0.0
11194,46995,1448629781,0,0.0,0.0
11194,44475,1449955759,0,0.0,0.0
11194,42644,1448629781,0,0.0,0.0
11194,45301,1449955759,0,0.0,0.0
11194,47870,1449927508,0,0.0,0.0
11194,41469,1449927508,0,0.0,0.0
11194,47598,1449927508,-1,-1.0,NULL
11194,41424,1448629781,0,0.0,NULL
11194,39865,1449927508,0,0.0,0.0
11194,44974,1448629781,0,0.0,0.0
11194,46954,1449927508,-1,-1.0,-1.0
11194,41572,1449955759,0,0.0,0.0
11194,44237,1448629781,0,0.0,0.0
11194,44321,1448629781,0,0.0,0.0
11194,47473,1449927508,0,0.0,0.0
11194,44315,1448629781,0,0.0,0.0
11194,46137,1449927508,0,0.0,0.0
11194,45649,1449927508,0,0.0,0.0
11194,43600,1449927508,0,0.0,0.0
11194,45904,1449927508,0,0.0,0.0
11198,41668,1449924920,0,NULL,NULL
11198,47680,1449924920,0,0.0,0.0
11198,43864,1449924920,0,0.0,0.0
11198,41289,1449924920,0,0.0,0.0
11198,46122,1449924920,0,0.0,0.0
11198,44876,1449924920,1,1.0,1.0
11198,44223,1449924920,-1,-1.0,-1.0
11198,45674,1449924920,0,0.0,0.0
11198,39779,1449924920,0,0.0,0.0
11198,37746,1449924920,0,0.0,NULL
11198,44317,1449924920,0,0.0,0.0
11198,46283,1449924920,0,0.0,0.0
11198,44313,1449924920,0,0.0,0.0
11198,41650,1449924920,0,0.0,0.0
11198,47473,1449924920,0,0.0,0.0
11198,47874,1449924920,-1,-1.0,-1.0
11198,43844,1449924920,0,0.0,0.0
11198,46137,1449924920,0,0.0,0.0
11198,44072,1449924920,0,0.0,0.0
11198,41640,1449924920,1,1.0,1.0
11198,43833,1449924920,1,NULL,NULL
11198,40311,1449924920,0,0.0,0.0
11198,41443,1449924920,0,0.0,0.0
11198,45932,1449924920,0,0.0,0.0
11198,46153,1449924920,0,NULL,NULL
11198,52014,1449924920,0,0.0,0.0
11198,43548,1449924920,0,0.0,0.0
11198,43813,1449924920,0,0.0,0.0
11198,41386,1449924920,0,0.0,0.0
11198,41560,1449924920,0,NULL,NULL
11198,41446,1449924920,0,0.0,0.0
11198,47870,1449924920,0,0.0,0.0
11198,44298,1449924920,0,0.0,0.0
11198,52013,1449924920,0,0.0,0.0
11198,46907,1449924920,-1,-1.0,-1.0
11198,44445,1449924920,0,0.0,NULL
11198,43842,1449924920,0,0.0,0.0
11198,45549,1449924920,0,0.0,0.0
11198,37743,1449924920,0,0.0,0.0
11198,46916,1449924920,1,1.0,1.0
11198,47646,1449924920,1,NULL,NULL
11198,45301,1449924920,0,0.0,0.0
11198,41647,1449924920,0,0.0,0.0
11198,45032,1449924920,0,0.0,0.0
11198,44553,1449924920,0,NULL,NULL
11198,45978,1449924920,0,0.0,0.0
11198,44894,1449924920,0,0.0,0.0
11198,42638,1449924920,0,0.0,0.0
11198,45543,1449924920,0,0.0,0.0
11198,41503,1449924920,0,0.0,0.0
11198,45991,1449924920,0,0.0,0.0
11198,46076,1449924920,0,0.0,0.0
11198,43948,1449924920,0,NULL,NULL
11198,47489,1449924920,0,0.0,0.0
11198,43792,1449924920,0,0.0,0.0
11198,41784,1449924920,0,0.0,0.0
11198,46190,1449924920,0,0.0,0.0
11198,46081,1449924920,0,0.0,0.0
11198,52038,1449924920,0,0.0,0.0
11198,41865,1449924920,0,0.0,NULL
11200,46126,1449916169,0,0.0,0.0
11200,46988,1449916169,0,0.0,NULL
11200,41531,1449916169,0,0.0,0.0
11200,46062,1449916169,0,NULL,NULL
11200,46015,1449916169,0,0.0,0.0
11200,45632,1449916169,0,0.0,0.0
11200,45933,1449916169,0,NULL,NULL
11200,39383,1449916169,-1,NULL,NULL
11200,45382,1449916169,0,0.0,0.0
11200,41666,1449916169,0,NULL,NULL
11200,45205,1449916169,0,0.0,0.0
11200,47598,1449916169,1,1.0,NULL
11200,44475,1449916169,0,0.0,0.0
11200,46153,1449916169,0,NULL,NULL
11200,41134,1449916169,0,0.0,0.0
11200,41634,1449916169,0,0.0,0.0
11200,46296,1449916169,0,0.0,NULL
11200,43978,1449916169,0,0.0,NULL
11200,40312,1449916169,-1,-1.0,-1.0
11200,41347,1449916169,0,0.0,0.0
11200,46129,1449916169,0,0.0,0.0
11200,41841,1449916169,0,0.0,0.0
11200,45546,1449916169,0,0.0,0.0
11200,51840,1449916169,1,1.0,1.0
11200,52013,1449916169,0,0.0,0.0
11200,46993,1449916169,0,0.0,0.0
11200,42784,1449916169,0,0.0,0.0
11200,46058,1449916169,0,0.0,0.0
11200,43037,1449916169,0,0.0,0.0
11200,43059,1449916169,0,0.0,0.0
11200,46141,1449916169,0,0.0,0.0
11200,44238,1449916169,0,0.0,0.0
11200,46068,1449916169,0,0.0,0.0
11200,41568,1449916169,0,0.0,0.0
11200,43815,1449916169,0,0.0,0.0
11200,44469,1449916169,1,1.0,NULL
11200,47458,1449916169,0,0.0,0.0
11200,47011,1449916169,0,0.0,0.0
11200,37855,1449916169,0,0.0,0.0
11200,46057,1449916169,0,0.0,0.0
11200,46098,1449916169,0,0.0,0.0
11200,41137,1449916169,1,1.0,1.0
11200,46972,1449916169,0,0.0,0.0
11200,45635,1449916169,0,0.0,0.0
11200,42649,1449916169,0,0.0,0.0
11200,51833,1449916169,0,0.0,0.0
11200,51633,1449916169,0,0.0,0.0
11200,45541,1449916169,0,0.0,0.0
11200,45034,1449916169,0,0.0,0.0
11200,45997,1449916169,0,0.0,0.0
11200,45984,1449916169,0,NULL,NULL
11200,41546,1449916169,0,0.0,0.0
11200,43962,1449916169,0,0.0,0.0
11200,41778,1449916169,0,0.0,0.0
11200,46007,1449916169,0,0.0,0.0
11200,40308,1449916169,0,NULL,NULL
11200,41418,1449916169,0,0.0,0.0
11200,40311,1449916169,0,0.0,0.0
11200,45036,1449916169,0,0.0,0.0
11200,45350,1449916169,1,1.0,1.0
11202,47916,1449816682,0,NULL,NULL
11202,46194,1449816682,1,1.0,1.0
11202,46148,1449816682,-1,NULL,NULL
11202,46148,1449910380,-1,NULL,NULL
11203,39794,1449568671,0,0.0,0.0
11203,46285,1449568671,0,0.0,0.0
11203,45674,1449568671,0,0.0,0.0
11203,43857,1449568671,0,0.0,0.0
11203,46907,1449568671,1,NULL,NULL
11203,45515,1449568671,1,1.0,1.0
11203,46134,1449568671,0,0.0,0.0
11203,45672,1449568671,1,1.0,1.0
11203,43951,1449568671,-1,-1.0,NULL
11203,41262,1449568671,0,0.0,0.0
11203,46954,1449568671,1,1.0,1.0
11203,46207,1449568671,1,1.0,NULL
11203,45385,1449568671,0,0.0,0.0
11203,39793,1449568671,0,0.0,0.0
11203,41258,1449568671,0,0.0,0.0
11203,40308,1449568671,0,NULL,NULL
11203,46998,1449568671,0,0.0,0.0
11203,45549,1449568671,0,0.0,0.0
11203,46184,1449568671,0,0.0,0.0
11203,45673,1449568671,1,1.0,1.0
11203,45928,1449568671,0,NULL,NULL
11203,41576,1449568671,0,0.0,0.0
11203,46141,1449568671,0,0.0,0.0
11203,46976,1449568671,1,1.0,1.0
11203,45976,1449568671,0,0.0,0.0
11203,41814,1449568671,0,0.0,0.0
11203,46046,1449568671,1,1.0,1.0
11203,42784,1449568671,0,0.0,0.0
11203,44579,1449568671,-1,-1.0,-1.0
11203,39666,1449568671,0,0.0,0.0
11203,44237,1449568671,0,0.0,0.0
11203,43809,1449568671,0,0.0,0.0
11203,46128,1449568671,0,0.0,0.0
11203,44549,1449568671,0,0.0,0.0
11203,46135,1449568671,1,NULL,NULL
11203,45988,1449568671,0,0.0,0.0
11203,41452,1449568671,0,0.0,0.0
11203,41678,1449568671,0,0.0,0.0
11203,47598,1449568671,1,1.0,NULL
11203,41869,1449568671,0,0.0,0.0
11203,43600,1449568671,0,0.0,0.0
11203,41605,1449568671,0,0.0,0.0
11203,46096,1449568671,0,NULL,NULL
11203,45937,1449568671,0,0.0,0.0
11203,44279,1449568671,0,NULL,NULL
11203,45392,1449568671,1,1.0,1.0
11203,39779,1449568671,0,0.0,0.0
11203,47596,1449568671,0,0.0,0.0
11203,41837,1449568671,0,0.0,0.0
11203,43820,1449568671,0,0.0,0.0
11203,51833,1449568671,0,0.0,0.0
11203,45900,1449568671,0,0.0,0.0
11203,46137,1449568671,0,0.0,0.0
11203,45899,1449568671,0,0.0,0.0
11203,46952,1449568671,0,0.0,0.0
11203,46240,1449568671,0,0.0,0.0
11203,44222,1449568671,0,0.0,0.0
11203,45104,1449568671,0,0.0,0.0
11203,41816,1449568671,0,0.0,0.0
11203,42644,1449568671,0,0.0,0.0
11205,43697,1449826071,0,NULL,NULL
11205,43720,1449826071,0,NULL,NULL
11205,43478,1449826071,0,NULL,NULL
11205,43712,1449826071,1,NULL,NULL
11205,43478,1449909234,0,NULL,NULL
11206,47916,1449773488,0,NULL,NULL
11206,46194,1449773488,-1,0.0,0.0
11206,46194,1449859515,-1,0.0,0.0
11207,45973,1449735252,1,0.0,NULL
11207,46029,1449735252,1,0.0,0.0
11207,45988,1449735252,0,0.0,0.0
11207,43706,1449735252,0,NULL,NULL
11207,43698,1449735252,0,NULL,NULL
11207,43699,1449735252,0,NULL,NULL
11207,43720,1449735252,0,NULL,NULL
11207,43703,1449735252,0,NULL,NULL
11207,43697,1449735252,0,NULL,NULL
11207,43705,1449735252,0,NULL,NULL
11207,43704,1449735252,0,NULL,NULL
11207,43700,1449735252,0,NULL,NULL
11207,43702,1449735252,0,NULL,NULL
11207,39718,1449735252,1,NULL,NULL
11207,47916,1449850483,0,NULL,NULL
11207,39718,1449850483,1,NULL,NULL
11207,45988,1449850483,0,0.0,0.0
11207,45973,1449850483,1,0.0,NULL
11207,46029,1449850483,1,1.0,1.0
11209,47916,1449836594,0,NULL,NULL
11211,43703,1449720474,0,NULL,NULL
11211,43706,1449720474,0,NULL,NULL
11211,43698,1449720474,0,NULL,NULL
11211,43697,1449720474,0,NULL,NULL
11211,43705,1449720474,0,NULL,NULL
11211,43699,1449720474,0,NULL,NULL
11211,43720,1449720474,0,NULL,NULL
11211,43700,1449720474,0,NULL,NULL
11211,43702,1449720474,0,NULL,NULL
11211,43704,1449720474,0,NULL,NULL
11211,43705,1449745328,0,NULL,NULL
11211,43697,1449745328,0,NULL,NULL
11211,43700,1449745328,0,NULL,NULL
11211,43702,1449745328,0,NULL,NULL
11211,43704,1449745328,0,NULL,NULL
11211,43699,1449745328,0,NULL,NULL
11211,43720,1449745328,0,NULL,NULL
11211,43703,1449745328,0,NULL,NULL
11211,43706,1449745328,0,NULL,NULL
11211,43698,1449745328,0,NULL,NULL
11215,44045,1449673930,0,NULL,NULL
11215,44273,1449673930,0,NULL,NULL
11215,44219,1449673930,0,0.0,NULL
11215,44631,1449673930,0,NULL,NULL
11215,41276,1449673930,-1,NULL,NULL
11215,40102,1449673930,1,NULL,NULL
11215,40063,1449673930,0,0.0,0.0
11215,40062,1449673930,-1,NULL,NULL
11215,41145,1449673930,0,NULL,NULL
11215,46066,1449673930,0,0.0,NULL
11215,47490,1449673930,0,-1.0,NULL
11219,46078,1449572353,0,0.0,NULL
11219,40272,1449572353,0,0.0,0.0
11219,37742,1449572353,0,0.0,0.0
11219,40821,1449572353,-1,-1.0,-1.0
11219,42870,1449572353,1,1.0,1.0
11219,45988,1449572353,0,0.0,0.0
11219,40308,1449572353,0,NULL,NULL
11219,46154,1449572353,0,0.0,0.0
11219,41678,1449572353,0,0.0,0.0
11219,41496,1449572353,0,0.0,0.0
11219,47644,1449572353,0,0.0,0.0
11219,39614,1449572353,0,0.0,0.0
11219,46212,1449572353,0,0.0,NULL
11219,41732,1449572353,-1,NULL,NULL
11219,44550,1449572353,-1,NULL,NULL
11219,43007,1449572353,0,0.0,0.0
11219,47508,1449572353,-1,NULL,NULL
11219,39668,1449572353,-1,NULL,NULL
11219,43981,1449572353,-1,1.0,NULL
11219,51637,1449572353,0,NULL,NULL
11219,40822,1449572353,-1,NULL,NULL
11219,44219,1449572353,0,0.0,NULL
11219,45947,1449572353,0,1.0,NULL
11219,39546,1449572353,0,0.0,0.0
11219,43141,1449572353,-1,-1.0,-1.0
11219,44071,1449572353,1,1.0,1.0
11219,41145,1449572353,-1,NULL,NULL
11219,43126,1449572353,-1,-1.0,-1.0
11219,43988,1449572353,0,0.0,0.0
11219,46114,1449572353,1,1.0,NULL
11219,46198,1449572353,0,0.0,0.0
11219,37820,1449572353,1,1.0,1.0
11219,44067,1449572353,-1,1.0,NULL
11219,44001,1449572353,0,0.0,0.0
11219,47847,1449572353,0,0.0,0.0
11219,46054,1449572353,0,0.0,NULL
11219,41668,1449572353,-1,NULL,NULL
11219,45930,1449572353,0,0.0,0.0
11219,41231,1449572353,0,NULL,NULL
11219,45243,1449572353,0,0.0,0.0
11219,46754,1449572353,0,NULL,NULL
11219,46211,1449572353,0,0.0,NULL
11219,39460,1449572353,0,0.0,0.0
11219,45973,1449572353,1,0.0,NULL
11219,47513,1449572353,0,1.0,NULL
11219,46296,1449572353,-1,0.0,NULL
11219,37746,1449572353,-1,0.0,NULL
11219,46013,1449572353,0,-1.0,-1.0
11219,41865,1449572353,-1,0.0,NULL
11219,45756,1449572353,-1,-1.0,NULL
11219,43124,1449572353,0,0.0,0.0
11219,46126,1449572353,-1,0.0,0.0
11219,40282,1449572353,0,0.0,0.0
11219,41285,1449572353,0,0.0,0.0
11219,45536,1449572353,-1,0.0,0.0
11219,52051,1449572353,-1,-1.0,-1.0
11219,40318,1449572353,0,NULL,NULL
11219,46974,1449572353,0,0.0,0.0
11219,46120,1449572353,-1,0.0,0.0
11219,44070,1449572353,0,0.0,NULL
11223,47011,1449509568,0,0.0,0.0
11223,46304,1449509568,0,0.0,0.0
11223,46001,1449509568,0,0.0,0.0
11223,41282,1449509568,0,NULL,NULL
11223,44464,1449509568,0,NULL,NULL
11223,41761,1449509568,-1,NULL,NULL
11223,41341,1449509568,0,0.0,0.0
11223,41656,1449509568,0,0.0,0.0
11223,39149,1449509568,0,NULL,NULL
11223,47649,1449509568,1,1.0,1.0
11223,44299,1449509568,0,0.0,0.0
11223,46126,1449509568,0,0.0,0.0
11223,45828,1449509568,0,0.0,NULL
11223,41525,1449509568,0,0.0,0.0
11223,46087,1449509568,0,0.0,0.0
11223,45638,1449509568,0,0.0,0.0
11223,41605,1449509568,0,0.0,0.0
11223,45939,1449509568,0,0.0,0.0
11223,41401,1449509568,0,0.0,0.0
11223,46285,1449509568,0,0.0,0.0
11223,41446,1449509568,0,0.0,0.0
11223,47509,1449509568,0,0.0,0.0
11223,45353,1449509568,1,1.0,1.0
11223,43783,1449509568,0,0.0,0.0
11223,42617,1449509568,0,0.0,0.0
11223,51615,1449509568,0,0.0,0.0
11223,43584,1449509568,-1,-1.0,-1.0
11223,41568,1449509568,0,0.0,0.0
11223,43813,1449509568,0,0.0,0.0
11223,41258,1449509568,0,0.0,0.0
11223,37742,1449509568,0,0.0,0.0
11223,47513,1449509568,1,1.0,NULL
11223,46921,1449509568,-1,-1.0,-1.0
11223,41630,1449509568,0,0.0,0.0
11223,41854,1449509568,0,0.0,0.0
11223,51833,1449509568,0,0.0,0.0
11223,43057,1449509568,0,0.0,0.0
11223,44454,1449509568,0,0.0,NULL
11223,47858,1449509568,0,0.0,0.0
11223,46256,1449509568,0,0.0,0.0
11223,41509,1449509568,0,0.0,0.0
11223,41658,1449509568,0,0.0,0.0
11223,44553,1449509568,0,NULL,NULL
11223,46194,1449509568,0,0.0,0.0
11223,45900,1449509568,0,0.0,0.0
11223,44894,1449509568,0,0.0,0.0
11223,45552,1449509568,0,0.0,0.0
11223,45973,1449509568,0,0.0,NULL
11223,44221,1449509568,0,NULL,NULL
11223,52049,1449509568,0,0.0,0.0
11223,46017,1449509568,0,0.0,0.0
11223,42784,1449509568,0,0.0,0.0
11223,46268,1449509568,0,0.0,0.0
11223,45034,1449509568,0,0.0,0.0
11223,46129,1449509568,0,0.0,0.0
11223,46085,1449509568,0,NULL,NULL
11223,47489,1449509568,0,0.0,0.0
11223,41640,1449509568,-1,-1.0,NULL
11223,45937,1449509568,0,0.0,0.0
11223,46994,1449509568,0,0.0,0.0
11226,51624,1449430888,1,1.0,1.0
11226,46985,1449430888,0,0.0,0.0
11226,46190,1449430888,0,0.0,0.0
11226,46256,1449430888,0,0.0,0.0
11226,52011,1449430888,0,NULL,NULL
11226,46982,1449430888,0,0.0,0.0
11226,37743,1449430888,0,0.0,0.0
11226,41357,1449430888,0,0.0,0.0
11226,46200,1449430888,0,0.0,0.0
11226,45649,1449430888,0,0.0,0.0
11226,45355,1449430888,1,1.0,1.0
11226,41636,1449430888,0,0.0,0.0
11226,41668,1449430888,0,NULL,NULL
11226,47664,1449430888,1,1.0,1.0
11226,46019,1449430888,0,0.0,0.0
11226,41578,1449430888,0,0.0,0.0
11226,47513,1449430888,1,1.0,NULL
11226,37746,1449430888,0,0.0,NULL
11226,46013,1449430888,-1,-1.0,NULL
11226,46134,1449430888,0,0.0,0.0
11226,41137,1449430888,1,1.0,1.0
11226,41424,1449430888,0,0.0,0.0
11226,43978,1449430888,0,NULL,NULL
11226,43783,1449430888,0,0.0,0.0
11226,45937,1449430888,0,0.0,0.0
11226,41458,1449430888,0,0.0,0.0
11226,45030,1449430888,0,0.0,0.0
11226,40308,1449430888,0,NULL,NULL
11226,43857,1449430888,0,0.0,0.0
11226,40819,1449430888,-1,-1.0,-1.0
11226,41521,1449430888,0,0.0,0.0
11226,46132,1449430888,0,0.0,NULL
11226,46005,1449430888,0,0.0,0.0
11226,46096,1449430888,1,0.0,NULL
11226,43962,1449430888,0,0.0,0.0
11226,41335,1449430888,0,0.0,0.0
11226,44445,1449430888,0,0.0,NULL
11226,46073,1449430888,0,0.0,0.0
11226,44565,1449430888,0,NULL,NULL
11226,45593,1449430888,0,0.0,0.0
11226,44279,1449430888,0,NULL,NULL
11226,45385,1449430888,0,0.0,0.0
11226,43584,1449430888,-1,-1.0,-1.0
11226,41364,1449430888,0,0.0,0.0
11226,42613,1449430888,0,0.0,0.0
11226,45934,1449430888,0,0.0,0.0
11226,46046,1449430888,1,1.0,1.0
11226,43410,1449430888,0,0.0,NULL
11226,40314,1449430888,0,0.0,0.0
11226,41258,1449430888,0,0.0,0.0
11226,42935,1449430888,0,0.0,0.0
11226,45370,1449430888,0,0.0,0.0
11226,43057,1449430888,0,0.0,0.0
11226,41865,1449430888,0,0.0,NULL
11226,40028,1449430888,0,0.0,0.0
11226,41772,1449430888,0,0.0,0.0
11226,43037,1449430888,0,0.0,0.0
11226,43786,1449430888,0,0.0,0.0
11226,43424,1449213357,1,0.0,0.0
11226,45352,1449430888,1,1.0,1.0
11231,45997,1449249495,0,0.0,0.0
11231,47596,1449249495,0,0.0,0.0
11231,42960,1449249495,0,0.0,0.0
11231,41256,1449249495,1,1.0,NULL
11231,41463,1449253144,0,0.0,0.0
11231,41411,1449253144,0,0.0,0.0
11231,47459,1449253144,0,0.0,0.0
11231,41799,1449253144,0,0.0,0.0
11231,46116,1449249495,0,0.0,0.0
11231,41594,1449253144,0,0.0,0.0
11231,44238,1449249495,0,0.0,0.0
11231,46194,1449249495,0,0.0,NULL
11231,46998,1449249495,0,0.0,0.0
11231,45842,1449253144,0,0.0,0.0
11231,41816,1449249495,0,0.0,0.0
11231,37727,1449249495,0,NULL,NULL
11231,40304,1449249495,0,0.0,0.0
11231,42784,1449249495,0,0.0,0.0
11231,41372,1449249495,0,0.0,0.0
11231,46051,1449253144,0,0.0,NULL
11231,45844,1449249495,0,0.0,0.0
11231,46128,1449253144,0,0.0,0.0
11231,44464,1449249495,0,NULL,NULL
11231,39402,1449249495,0,0.0,0.0
11231,46129,1449253144,0,0.0,0.0
11231,41859,1449249495,0,0.0,0.0
11231,45030,1449253144,0,0.0,0.0
11231,39794,1449249495,0,0.0,0.0
11231,52042,1449253144,0,0.0,0.0
11231,45385,1449249495,0,0.0,0.0
11231,46013,1449253144,1,NULL,NULL
11231,41645,1449253144,0,0.0,0.0
11231,45516,1449249495,1,1.0,1.0
11231,41386,1449249495,0,0.0,0.0
11231,44298,1449253144,0,0.0,0.0
11231,46017,1449253144,0,0.0,0.0
11231,46068,1449253144,0,0.0,0.0
11231,42617,1449253144,0,0.0,0.0
11231,51832,1449249495,0,0.0,0.0
11231,45929,1449249495,0,0.0,0.0
11231,41650,1449249495,0,0.0,0.0
11231,47870,1449249495,0,0.0,0.0
11231,46140,1449249495,0,0.0,0.0
11231,45304,1449253144,0,0.0,0.0
11231,46296,1449253144,0,0.0,NULL
11231,46985,1449253144,0,0.0,0.0
11231,44298,1449249495,0,0.0,0.0
11231,45995,1449249495,0,0.0,0.0
11231,46057,1449253144,0,0.0,0.0
11231,43842,1449253144,0,0.0,0.0
11231,43141,1446192047,-1,NULL,NULL
11231,45842,1449249495,0,0.0,0.0
11231,42644,1449249495,0,0.0,0.0
11231,46017,1449249495,0,0.0,0.0
11231,46237,1449249495,0,0.0,0.0
11231,39517,1449249495,0,0.0,0.0
11231,43813,1449249495,0,0.0,0.0
11231,46133,1449253144,0,0.0,0.0
11231,39666,1449253144,0,0.0,0.0
11231,45933,1449249495,0,NULL,NULL
11232,41335,1449213671,0,0.0,0.0
11232,41589,1449213671,0,0.0,0.0
11232,47596,1449213671,0,0.0,0.0
11232,52026,1449213671,-1,-1.0,-1.0
11232,45933,1449213671,0,NULL,NULL
11232,46120,1449213671,0,0.0,0.0
11232,52024,1449213671,0,0.0,0.0
11232,45516,1449213671,1,1.0,1.0
11232,41747,1449213671,0,0.0,0.0
11232,41578,1449213671,0,0.0,0.0
11232,43410,1449213671,0,0.0,NULL
11232,45376,1449213671,0,0.0,0.0
11232,41570,1449213671,0,0.0,0.0
11232,45928,1449213671,0,NULL,NULL
11232,43037,1449213671,0,0.0,0.0
11232,45641,1449213671,0,0.0,0.0
11232,43107,1449213671,0,0.0,0.0
11232,46104,1449213671,0,0.0,0.0
11232,47508,1449213671,-1,NULL,NULL
11232,41799,1449213671,0,0.0,0.0
11232,47874,1449213671,-1,-1.0,-1.0
11232,41411,1449213671,0,0.0,0.0
11232,45672,1449213671,-1,-1.0,-1.0
11232,41656,1449213671,0,0.0,0.0
11232,41458,1449213671,0,0.0,0.0
11232,45304,1449213671,0,0.0,0.0
11232,41503,1449213671,0,0.0,0.0
11232,45543,1449213671,0,0.0,0.0
11232,43820,1449213671,0,0.0,0.0
11232,46930,1449213671,0,0.0,0.0
11232,43948,1449213671,0,NULL,NULL
11232,41345,1449213671,0,0.0,0.0
11232,43857,1449213671,0,0.0,0.0
11232,51620,1449213671,-1,-1.0,-1.0
11232,41572,1449213671,0,0.0,0.0
11232,47598,1449213671,0,0.0,NULL
11232,46093,1449213671,0,0.0,0.0
11232,47513,1449213671,-1,-1.0,NULL
11232,40321,1449213671,0,0.0,0.0
11232,41780,1449213671,0,0.0,0.0
11232,44553,1449213671,0,NULL,NULL
11232,46762,1449213671,0,0.0,0.0
11232,40031,1449213671,0,0.0,0.0
11232,44469,1449213671,-1,-1.0,NULL
11232,41500,1449213671,0,0.0,0.0
11232,46198,1449213671,0,0.0,0.0
11232,41440,1449213671,0,0.0,0.0
11232,44313,1449213671,0,0.0,0.0
11232,45842,1449213671,0,0.0,0.0
11232,44972,1449213671,0,0.0,0.0
11232,46996,1449213671,0,0.0,0.0
11232,45950,1449213671,-1,-1.0,-1.0
11232,45939,1449213671,0,0.0,0.0
11232,46273,1449213671,0,0.0,0.0
11232,44298,1449213671,0,0.0,0.0
11232,43537,1449213671,0,NULL,NULL
11232,43548,1449213671,0,0.0,0.0
11232,43831,1449213671,0,0.0,0.0
11232,43854,1449213671,0,0.0,0.0
11232,41566,1449213671,0,0.0,0.0
11234,41550,1449150885,0,0.0,0.0
11234,37796,1449150885,-1,NULL,NULL
11234,42634,1449150885,0,0.0,0.0
11234,46120,1449150885,0,0.0,0.0
11234,52052,1449427456,0,0.0,0.0
11234,41347,1449427456,0,0.0,0.0
11234,46245,1449150885,0,0.0,0.0
11234,42658,1449427456,0,0.0,0.0
11234,46194,1449427456,0,0.0,0.0
11234,41675,1449427456,0,0.0,0.0
11234,45973,1449427456,0,0.0,NULL
11234,45941,1449427456,0,0.0,0.0
11234,41796,1449150885,0,0.0,0.0
11234,52052,1449150885,0,0.0,0.0
11234,45673,1449427456,-1,-1.0,-1.0
11234,41640,1449427456,1,1.0,NULL
11234,46094,1449427456,0,0.0,0.0
11234,46949,1449150885,0,0.0,0.0
11234,45986,1449427456,0,0.0,0.0
11234,45538,1449150885,0,0.0,0.0
11234,45635,1449150885,0,0.0,0.0
11234,45865,1449427456,0,NULL,NULL
11234,45672,1449427456,-1,-1.0,-1.0
11234,47513,1449427456,-1,-1.0,NULL
11234,37743,1449427456,0,0.0,0.0
11234,46983,1449150885,0,0.0,0.0
11234,41675,1449150885,0,0.0,0.0
11234,41448,1449427456,0,0.0,0.0
11234,45865,1449150885,0,NULL,NULL
11234,39793,1449427456,0,0.0,0.0
11234,46971,1449427456,0,0.0,0.0
11234,46140,1449427456,0,0.0,0.0
11234,41383,1449427456,0,0.0,0.0
11234,45904,1449150885,0,0.0,0.0
11234,41647,1449427456,0,0.0,0.0
11234,41786,1449427456,0,0.0,0.0
11234,46094,1449150885,0,0.0,0.0
11234,45934,1449427456,0,0.0,0.0
11234,45933,1449427456,0,NULL,NULL
11234,46190,1449427456,0,0.0,0.0
11234,41327,1449427456,0,0.0,0.0
11234,41491,1449150885,0,0.0,0.0
11234,40819,1449427456,1,1.0,1.0
11234,46996,1449427456,0,0.0,0.0
11234,39794,1449150885,0,0.0,0.0
11234,51627,1449427456,1,1.0,1.0
11234,41521,1449427456,0,0.0,0.0
11234,39793,1449150885,0,0.0,0.0
11234,37913,1449150885,0,0.0,0.0
11234,41372,1449150885,0,0.0,0.0
11234,46211,1449150885,0,0.0,NULL
11234,41413,1449150885,0,0.0,0.0
11234,46106,1449150885,0,0.0,0.0
11234,44872,1449150885,0,0.0,0.0
11234,46116,1449427456,0,0.0,0.0
11234,37798,1449150885,-1,-1.0,-1.0
11234,41654,1449427456,0,0.0,0.0
11234,45104,1449427456,0,0.0,0.0
11234,46268,1449150885,0,0.0,0.0
11234,46198,1449150885,0,0.0,0.0
11236,46114,1446458199,1,1.0,1.0
11236,52008,1446458199,0,0.0,0.0
11236,52012,1446458199,0,NULL,NULL
11236,52011,1446458199,0,NULL,NULL
11236,52009,1446458199,0,0.0,0.0
11236,45205,1446458199,0,NULL,NULL
11236,45205,1449337673,0,0.0,0.0
11236,51840,1449337673,-1,NULL,NULL
11236,52011,1449337673,0,NULL,NULL
11236,52012,1449337673,0,NULL,NULL
11236,52027,1449337673,-1,NULL,NULL
11236,52009,1449337673,0,0.0,0.0
11236,52008,1449337673,0,0.0,0.0
11237,45955,1449218336,0,0.0,0.0
11237,39794,1449218336,0,0.0,0.0
11237,42649,1449218336,0,0.0,0.0
11237,44550,1449253757,0,0.0,NULL
11237,39794,1449253757,0,0.0,0.0
11237,41664,1449218336,0,0.0,0.0
11237,41366,1449253757,0,0.0,0.0
11237,46134,1449253757,0,0.0,0.0
11237,45347,1449253757,1,1.0,1.0
11237,41580,1449253757,0,0.0,0.0
11237,41839,1449253757,0,0.0,0.0
11237,41418,1449218336,0,0.0,0.0
11237,45388,1449253757,1,NULL,NULL
11237,46086,1449218336,-1,-1.0,NULL
11237,45301,1449218336,0,0.0,0.0
11237,45156,1449253757,0,0.0,NULL
11237,42784,1449253757,0,0.0,0.0
11237,45350,1449253757,1,1.0,1.0
11237,41341,1449253757,0,0.0,0.0
11237,44310,1449253757,0,0.0,0.0
11237,45821,1449253757,0,0.0,0.0
11237,44550,1449218336,0,0.0,NULL
11237,41546,1449218336,0,0.0,0.0
11237,45993,1449218336,0,0.0,0.0
11237,46088,1449218336,0,0.0,0.0
11237,43554,1449253757,0,NULL,NULL
11237,41544,1449218336,0,0.0,0.0
11237,47473,1449218336,0,0.0,0.0
11237,46951,1449253757,0,0.0,0.0
11237,46211,1449218336,0,0.0,NULL
11237,44549,1449253757,0,0.0,0.0
11237,46054,1449218336,0,0.0,NULL
11237,51624,1449253757,1,1.0,1.0
11237,43836,1449253757,0,0.0,0.0
11237,46122,1449253757,0,0.0,0.0
11237,46247,1449253757,-1,-1.0,NULL
11237,41826,1449253757,0,0.0,0.0
11237,46098,1449218336,0,0.0,0.0
11237,45538,1449253757,0,0.0,0.0
11237,43815,1449253757,0,0.0,0.0
11237,41466,1449253757,0,0.0,0.0
11237,46003,1449253757,0,0.0,0.0
11237,46140,1449218336,0,0.0,0.0
11237,37798,1449218336,1,1.0,1.0
11237,37746,1449218336,0,0.0,NULL
11237,45973,1449218336,0,1.0,NULL
11237,43114,1449218336,0,0.0,0.0
11237,44317,1449218336,0,0.0,0.0
11237,44223,1449253757,1,NULL,NULL
11237,41515,1449253757,0,0.0,0.0
11237,41407,1449253757,0,0.0,0.0
11237,44323,1449253757,0,0.0,0.0
11237,47858,1449253757,0,0.0,0.0
11237,46129,1449253757,0,0.0,0.0
11237,44321,1449253757,0,0.0,0.0
11237,43107,1449253757,0,0.0,0.0
11237,46133,1449253757,0,0.0,0.0
11237,41327,1449218336,0,0.0,0.0
11237,45264,1449253757,0,0.0,0.0
11237,46089,1449218336,0,0.0,0.0
11241,43981,1449190140,1,-1.0,-1.0
11241,44223,1449190140,1,NULL,NULL
11241,44223,1449238036,1,NULL,NULL
11241,43981,1449238036,1,-1.0,NULL
11241,46058,1449238036,0,0.0,0.0
11242,41448,1449223523,0,0.0,0.0
11242,44454,1449223523,0,0.0,NULL
11242,41792,1449223523,0,0.0,0.0
11242,45350,1449223523,1,1.0,1.0
11242,41772,1449223523,0,0.0,0.0
11242,41638,1449223523,0,0.0,0.0
11242,41405,1449223523,0,0.0,0.0
11242,42632,1449223523,0,0.0,0.0
11242,45999,1449223523,0,0.0,0.0
11242,41523,1449223523,0,0.0,0.0
11242,41782,1449223523,0,0.0,0.0
11242,42937,1449223523,0,0.0,0.0
11242,46204,1449223523,0,0.0,NULL
11242,45672,1449223523,1,1.0,1.0
11242,41469,1449223523,0,0.0,0.0
11242,41333,1449223523,0,0.0,0.0
11242,43833,1449223523,-1,NULL,NULL
11242,46247,1449167406,0,-1.0,NULL
11242,41399,1449223523,0,0.0,0.0
11242,39536,1449223523,0,0.0,0.0
11242,43840,1449223523,0,NULL,NULL
11242,37827,1449223523,1,1.0,1.0
11242,46994,1449223523,0,0.0,0.0
11242,41841,1449223523,0,0.0,0.0
11242,51627,1449223523,-1,-1.0,-1.0
11242,45993,1449223523,0,0.0,0.0
11242,45937,1449223523,0,0.0,0.0
11242,45203,1449223523,0,NULL,NULL
11242,45202,1449223523,0,0.0,0.0
11242,47598,1449223523,0,0.0,NULL
11242,46296,1449223523,0,0.0,NULL
11242,45865,1449223523,0,NULL,NULL
11242,41411,1449223523,0,0.0,0.0
11242,39793,1449223523,0,0.0,0.0
11242,45394,1449223523,-1,-1.0,-1.0
11242,41542,1449223523,0,0.0,0.0
11242,51832,1449223523,0,0.0,0.0
11242,41814,1449223523,0,0.0,0.0
11242,44974,1449223523,0,0.0,0.0
11242,46135,1449223523,1,NULL,NULL
11242,43843,1449223523,0,0.0,0.0
11242,45034,1449223523,0,0.0,0.0
11242,41435,1449223523,0,0.0,0.0
11242,45385,1449223523,0,0.0,0.0
11242,44284,1449223523,0,0.0,0.0
11242,37742,1449223523,0,0.0,0.0
11242,46954,1449223523,1,1.0,1.0
11242,41589,1449223523,0,0.0,0.0
11242,44894,1449223523,0,0.0,0.0
11242,41458,1449223523,0,0.0,0.0
11242,45514,1449223523,1,1.0,1.0
11242,37863,1449223523,0,0.0,0.0
11242,47011,1449223523,0,0.0,0.0
11242,46112,1449223523,0,0.0,0.0
11242,46090,1449223523,0,0.0,0.0
11242,46194,1449223523,0,0.0,NULL
11242,44321,1449223523,0,0.0,0.0
11242,41630,1449223523,0,0.0,0.0
11242,45982,1449223523,0,0.0,0.0
11242,43809,1449223523,0,0.0,0.0
11245,43786,1449171761,0,0.0,0.0
11245,46194,1449171761,0,0.0,NULL
11245,41865,1449168969,0,NULL,NULL
11245,46141,1449168969,0,0.0,0.0
11245,41368,1449171761,0,0.0,0.0
11245,45774,1449168969,0,0.0,0.0
11245,45301,1449168969,0,0.0,0.0
11245,42636,1449171761,0,0.0,0.0
11245,47473,1449168969,0,0.0,0.0
11245,43107,1449171761,0,0.0,0.0
11245,41594,1449168969,0,0.0,0.0
11245,45933,1449168969,0,NULL,NULL
11245,41475,1449171761,0,0.0,0.0
11245,44551,1449168969,0,0.0,0.0
11245,41574,1449171761,0,0.0,0.0
11245,46140,1449168969,0,0.0,0.0
11245,43781,1449171761,0,0.0,0.0
11245,41658,1449168969,0,0.0,NULL
11245,45514,1449168969,-1,-1.0,-1.0
11245,41368,1449168969,0,0.0,0.0
11245,45939,1449171761,0,0.0,0.0
11245,46081,1449168969,0,0.0,0.0
11245,46144,1449168969,0,0.0,0.0
11245,41814,1449168969,0,0.0,0.0
11245,46763,1449168969,0,0.0,0.0
11245,44876,1449168969,1,1.0,1.0
11245,40305,1449168969,0,0.0,0.0
11245,47878,1449171761,0,0.0,0.0
11245,46007,1449171761,0,NULL,NULL
11245,46139,1449168969,0,0.0,0.0
11245,46090,1449171761,0,0.0,0.0
11245,45938,1449171761,0,0.0,0.0
11245,41411,1449168969,0,0.0,0.0
11245,41778,1449171761,0,0.0,0.0
11245,52024,1449171761,0,0.0,0.0
11245,41525,1449168969,0,0.0,0.0
11245,46196,1449168969,0,0.0,0.0
11245,37747,1449168969,0,NULL,NULL
11245,43854,1449171761,0,0.0,0.0
11245,46068,1449168969,0,0.0,0.0
11245,46982,1449171761,0,0.0,0.0
11245,45385,1449171761,0,0.0,0.0
11245,46153,1449049012,0,NULL,NULL
11245,41345,1449168969,0,0.0,0.0
11245,45536,1449171761,0,0.0,0.0
11245,43972,1449171761,0,NULL,NULL
11245,43962,1449168969,0,0.0,NULL
11245,44579,1449171761,-1,-1.0,-1.0
11245,47509,1449171761,0,0.0,0.0
11245,42784,1449171761,0,0.0,0.0
11245,41503,1449171761,0,0.0,0.0
11245,45080,1449168969,0,0.0,0.0
11245,41496,1449171761,0,0.0,0.0
11245,44553,1449168969,0,NULL,NULL
11245,41366,1449168969,0,0.0,0.0
11245,45993,1449171761,0,0.0,0.0
11245,41446,1449168969,0,0.0,0.0
11245,41282,1449168969,0,NULL,NULL
11245,51833,1449168969,0,0.0,0.0
11245,41421,1449168969,0,0.0,0.0
11247,47004,1448653382,1,0.0,0.0
11247,41448,1448653382,0,0.0,0.0
11247,51621,1448761496,-1,-1.0,-1.0
11247,47695,1448653382,-1,NULL,NULL
11247,46998,1448761496,0,0.0,0.0
11247,46205,1448761496,0,0.0,0.0
11247,42937,1448653382,0,0.0,NULL
11247,43846,1448653382,0,0.0,0.0
11247,46204,1448653382,0,0.0,NULL
11247,41521,1448653382,0,0.0,0.0
11247,41401,1448761496,0,0.0,0.0
11247,42613,1448653382,0,0.0,0.0
11247,41580,1448653382,0,0.0,0.0
11247,41432,1448653382,-1,NULL,NULL
11247,41466,1448653382,0,0.0,0.0
11247,45865,1448653382,0,NULL,NULL
11247,45515,1448653382,-1,-1.0,-1.0
11247,45392,1448653382,-1,NULL,NULL
11247,46046,1448653382,-1,-1.0,-1.0
11247,45995,1448761496,0,0.0,0.0
11247,42630,1448761496,0,0.0,0.0
11247,45928,1448761496,1,NULL,NULL
11247,47509,1448761496,0,0.0,0.0
11247,46005,1448653382,0,0.0,0.0
11247,43832,1448653382,0,0.0,0.0
11247,45104,1448653382,0,0.0,0.0
11247,39130,1449169816,1,NULL,NULL
11247,41285,1448653382,0,0.0,0.0
11247,45392,1448761496,-1,NULL,NULL
11247,45376,1448653382,0,0.0,0.0
11247,44971,1448761496,0,0.0,0.0
11247,47458,1448761496,0,NULL,NULL
11247,43037,1448653382,0,NULL,NULL
11247,45641,1448761496,0,0.0,0.0
11247,41323,1448761496,0,0.0,0.0
11247,45941,1448653382,0,0.0,0.0
11247,41366,1448653382,0,0.0,0.0
11247,46141,1448761496,0,0.0,0.0
11247,42938,1448761496,0,0.0,0.0
11247,41145,1448761496,0,NULL,NULL
11247,46091,1448761496,0,0.0,0.0
11247,45986,1448761496,0,0.0,0.0
11247,41596,1448761496,0,0.0,0.0
11247,43836,1448761496,0,0.0,0.0
11247,41252,1448653382,0,0.0,0.0
11247,40312,1448653382,1,1.0,1.0
11247,44284,1448761496,0,0.0,0.0
11247,45389,1448653382,-1,NULL,NULL
11247,41521,1448761496,0,0.0,0.0
11247,39757,1448761496,0,0.0,0.0
11247,40293,1448653382,0,0.0,0.0
11247,47004,1448761496,1,0.0,0.0
11247,46205,1448653382,0,0.0,0.0
11247,46289,1448653382,0,NULL,NULL
11247,46058,1448653382,0,0.0,0.0
11247,45032,1448761496,0,0.0,0.0
11247,41256,1448653382,0,NULL,NULL
11247,45346,1448761496,-1,-1.0,-1.0
11247,41668,1448761496,0,0.0,0.0
11247,46055,1449169816,0,NULL,NULL
11249,46296,1449089591,0,0.0,NULL
11249,41424,1449168836,0,0.0,0.0
11249,41518,1449168836,0,0.0,0.0
11249,45353,1449168836,1,1.0,1.0
11249,41329,1449168836,0,0.0,0.0
11249,44456,1449168836,0,0.0,0.0
11249,45346,1449089591,-1,-1.0,-1.0
11249,41503,1449168836,0,0.0,0.0
11249,41349,1449089591,0,0.0,0.0
11249,45301,1449089591,0,0.0,0.0
11249,40308,1449168836,0,NULL,NULL
11249,46156,1449168836,0,0.0,NULL
11249,41424,1449089591,0,0.0,0.0
11249,44313,1449168836,0,0.0,0.0
11249,46019,1449089591,0,0.0,0.0
11249,39666,1449089591,0,0.0,0.0
11249,37913,1449089591,0,0.0,0.0
11249,44294,1449168836,0,0.0,0.0
11249,46298,1449089591,0,0.0,0.0
11249,45078,1449168836,0,NULL,NULL
11249,51615,1449089591,0,0.0,0.0
11249,45943,1449089591,0,0.0,0.0
11249,41865,1449089591,0,NULL,NULL
11249,45672,1449089591,-1,-1.0,-1.0
11249,45999,1449089591,0,0.0,0.0
11249,45347,1449168836,1,1.0,1.0
11249,41446,1449168836,0,0.0,0.0
11249,41566,1449168836,0,0.0,0.0
11249,46271,1449168836,0,0.0,NULL
11249,41351,1449168836,1,NULL,NULL
11249,41144,1449089591,0,0.0,0.0
11249,45940,1449168836,0,0.0,0.0
11249,41485,1449168836,0,0.0,0.0
11249,41304,1449089591,0,0.0,0.0
11249,43777,1449168836,0,0.0,0.0
11249,39817,1449168836,0,0.0,0.0
11249,45125,1449089591,0,0.0,0.0
11249,45923,1449168836,0,0.0,0.0
11249,45392,1449089591,-1,NULL,NULL
11249,46057,1449089591,0,0.0,0.0
11249,42937,1449168836,0,0.0,0.0
11249,41357,1449168836,0,0.0,0.0
11249,42634,1449168836,0,0.0,0.0
11249,39728,1449168836,0,0.0,0.0
11249,41145,1449168836,0,NULL,NULL
11249,41304,1449168836,0,0.0,0.0
11249,46119,1449168836,0,0.0,NULL
11249,46120,1449089591,0,0.0,0.0
11249,43792,1449168836,0,0.0,0.0
11249,41820,1449168836,0,0.0,0.0
11249,46144,1449089591,0,0.0,0.0
11249,41662,1449089591,0,0.0,0.0
11249,40305,1449089591,0,0.0,0.0
11249,43832,1449089591,0,0.0,0.0
11249,41837,1449168836,0,0.0,0.0
11249,46001,1449168836,0,0.0,0.0
11249,45649,1449168836,0,0.0,0.0
11249,41544,1449089591,0,0.0,0.0
11249,41812,1449089591,0,NULL,NULL
11249,40047,1449089591,-1,-1.0,-1.0
11252,46207,1447756546,1,1.0,NULL
11252,46954,1447756546,1,NULL,NULL
11252,46055,1447756546,0,NULL,NULL
11252,46211,1447756546,0,NULL,NULL
11252,46054,1447756546,0,0.0,NULL
11252,46207,1449133132,1,1.0,NULL
11252,46954,1449133132,1,NULL,NULL
11252,46055,1449133132,0,NULL,NULL
11252,46054,1449133132,0,0.0,NULL
11252,46211,1449133132,0,NULL,NULL
11257,45515,1448876431,-1,-1.0,-1.0
11257,46112,1448876431,0,0.0,0.0
11257,43809,1448919052,0,0.0,0.0
11257,45392,1448876431,-1,NULL,NULL
11257,39793,1448443722,0,0.0,0.0
11257,41258,1448876431,0,0.0,0.0
11257,44460,1448443722,0,0.0,0.0
11257,41463,1448919052,0,0.0,0.0
11257,41857,1448919052,0,0.0,0.0
11257,43947,1448919052,0,0.0,0.0
11257,41598,1448443722,0,0.0,0.0
11257,45080,1448919052,0,0.0,0.0
11257,45032,1448443722,0,0.0,0.0
11257,41424,1448919052,0,0.0,0.0
11257,42725,1448443722,0,NULL,NULL
11257,45347,1448876431,-1,-1.0,-1.0
11257,45353,1448443722,-1,-1.0,-1.0
11257,42632,1448876431,0,0.0,0.0
11257,37863,1448443722,0,0.0,0.0
11257,46081,1448876431,0,0.0,0.0
11257,45946,1448919052,1,1.0,1.0
11257,41132,1448919052,0,1.0,NULL
11257,46247,1448876431,1,1.0,NULL
11257,41568,1448919052,0,0.0,0.0
11257,46145,1448443722,0,0.0,NULL
11257,43951,1448919052,-1,NULL,NULL
11257,46986,1448876431,0,0.0,0.0
11257,52038,1448876431,0,0.0,0.0
11257,43813,1448443722,0,0.0,0.0
11257,46285,1448919052,0,0.0,NULL
11257,45389,1448876431,-1,NULL,NULL
11257,46062,1448919052,0,NULL,NULL
11257,41145,1448443722,0,NULL,NULL
11257,41550,1448876431,0,0.0,0.0
11257,45899,1448443722,0,0.0,0.0
11257,45674,1448919052,0,0.0,0.0
11257,44460,1448876431,0,0.0,0.0
11257,46245,1448876431,0,0.0,0.0
11257,41401,1448876431,0,0.0,0.0
11257,45154,1448443722,0,NULL,NULL
11257,46951,1448919052,0,0.0,0.0
11257,42660,1448919052,0,0.0,0.0
11257,41258,1448919052,0,0.0,0.0
11257,45516,1448876431,1,1.0,1.0
11257,41672,1448443722,0,0.0,0.0
11257,45973,1448876431,0,0.0,NULL
11257,46090,1448443722,0,0.0,0.0
11257,41452,1448919052,0,0.0,0.0
11257,41491,1448443722,0,0.0,0.0
11257,42960,1448919052,0,0.0,0.0
11257,44969,1448443722,0,NULL,NULL
11257,39757,1448876431,0,0.0,0.0
11257,41544,1448876431,0,0.0,0.0
11257,46289,1448919052,0,NULL,NULL
11257,45984,1448876431,0,NULL,NULL
11257,46073,1448919052,0,0.0,0.0
11257,41333,1448876431,0,NULL,NULL
11257,41596,1448919052,0,0.0,0.0
11257,41677,1448443722,0,NULL,NULL
11257,41368,1448443722,0,0.0,0.0
11261,46271,1442388154,1,0.0,NULL
11261,46967,1442388154,-1,NULL,NULL
11261,45947,1442388154,0,0.0,NULL
11261,46200,1442388154,-1,-1.0,-1.0
11261,47513,1442388154,-1,NULL,NULL
11261,46960,1442388154,-1,0.0,0.0
11261,52041,1442388154,-1,NULL,NULL
11261,47899,1442388154,0,NULL,NULL
11261,47915,1442388154,0,NULL,NULL
11261,47901,1442388154,0,NULL,NULL
11261,52458,1442388154,1,NULL,NULL
11261,46289,1442388154,0,NULL,NULL
11261,47900,1442388154,-1,NULL,NULL
11261,46237,1442388154,-1,NULL,NULL
11261,46955,1442388154,-1,NULL,NULL
11261,47691,1442388154,-1,-1.0,-1.0
11261,46078,1442388154,-1,NULL,NULL
11261,45938,1442388154,0,0.0,0.0
11261,46077,1442388154,-1,-1.0,-1.0
11261,46086,1442388154,-1,1.0,NULL
11261,46211,1442388154,1,0.0,NULL
11261,46148,1442388154,0,NULL,NULL
11261,46154,1442388154,0,0.0,0.0
11261,45964,1442388154,0,0.0,0.0
11261,45944,1442388154,-1,NULL,NULL
11261,46054,1442388154,0,0.0,NULL
11261,45949,1442388154,1,NULL,NULL
11261,42960,1442388154,-1,NULL,NULL
11261,42866,1442388154,0,0.0,NULL
11261,42784,1442388154,0,0.0,0.0
11261,44070,1442388154,-1,-1.0,-1.0
11261,39390,1442388154,0,NULL,NULL
11261,39182,1442388154,0,0.0,0.0
11261,37863,1442388154,0,0.0,0.0
11261,39181,1442388154,0,0.0,0.0
11261,39134,1442388154,0,NULL,NULL
11261,37748,1442388154,-1,0.0,NULL
11261,37747,1442388154,0,0.0,NULL
11261,37742,1442388154,-1,-1.0,NULL
11261,41132,1442388154,-1,NULL,NULL
11261,40306,1442388154,0,NULL,NULL
11261,39725,1442388154,0,0.0,NULL
11261,39830,1442388154,0,0.0,NULL
11261,40312,1442388154,-1,NULL,NULL
11261,40770,1442388154,0,0.0,0.0
11261,41134,1442388154,0,0.0,NULL
11261,46086,1448865955,-1,0.0,NULL
11261,46156,1448865955,0,NULL,NULL
11263,41654,1448830813,0,0.0,0.0
11263,41782,1448830813,0,0.0,0.0
11263,45632,1448830813,0,0.0,0.0
11263,44549,1448830813,0,0.0,0.0
11263,43962,1448830813,0,0.0,NULL
11263,45950,1448830813,1,1.0,1.0
11263,41331,1448830813,0,0.0,0.0
11263,46051,1448729251,0,NULL,NULL
11263,46078,1448729251,0,NULL,NULL
11263,42935,1448830813,0,0.0,0.0
11263,47669,1448830813,0,NULL,NULL
11263,41812,1448830813,0,NULL,NULL
11263,45516,1447926463,-1,NULL,NULL
11263,41598,1448830813,0,0.0,0.0
11263,46247,1448729251,1,1.0,NULL
11263,45938,1448830813,0,0.0,0.0
11263,41469,1448830813,0,0.0,0.0
11263,47011,1448830813,0,0.0,0.0
11263,41645,1448729251,0,0.0,0.0
11263,40321,1448830813,0,0.0,0.0
11263,46304,1448830813,0,0.0,NULL
11263,39780,1448729251,0,0.0,NULL
11263,41647,1448830813,0,0.0,0.0
11263,45036,1448830813,0,0.0,0.0
11263,41409,1448729251,0,0.0,0.0
11263,47513,1448729251,0,NULL,NULL
11263,43600,1448830813,0,0.0,0.0
11263,46996,1448830813,0,0.0,0.0
11263,45939,1448830813,0,0.0,0.0
11263,45078,1448830813,0,NULL,NULL
11263,46951,1448729251,0,0.0,0.0
11263,47680,1447926463,0,0.0,0.0
11263,45674,1448830813,0,0.0,0.0
11263,45644,1448830813,0,0.0,0.0
11263,41503,1448729251,0,0.0,0.0
11263,47509,1448729251,0,0.0,0.0
11263,46723,1448729251,0,1.0,1.0
11263,41808,1448830813,0,0.0,0.0
11263,42630,1448830813,0,0.0,0.0
11263,44310,1448729251,0,0.0,0.0
11263,46085,1448729251,0,NULL,NULL
11263,52049,1448830813,0,0.0,0.0
11263,41839,1448729251,0,0.0,0.0
11263,46094,1448729251,0,0.0,0.0
11263,41325,1448729251,0,0.0,0.0
11263,46993,1448830813,0,0.0,0.0
11263,41282,1448830813,0,NULL,NULL
11263,45857,1448729251,0,0.0,0.0
11263,44565,1448830813,0,NULL,NULL
11263,41409,1448830813,0,0.0,0.0
11263,46114,1448830813,1,1.0,1.0
11263,51620,1448729251,-1,-1.0,-1.0
11263,39816,1448729251,0,0.0,0.0
11263,41792,1448830813,0,0.0,0.0
11263,41399,1448830813,0,0.0,0.0
11263,45352,1448729251,-1,-1.0,-1.0
11263,41630,1448830813,0,0.0,0.0
11263,41368,1448729251,0,0.0,0.0
11263,45930,1448729251,0,0.0,0.0
11263,41413,1448830813,0,0.0,0.0
11266,41668,1448784543,0,0.0,0.0
11266,41843,1448784543,0,0.0,0.0
11266,45541,1448519358,0,0.0,0.0
11266,44454,1448519358,0,NULL,NULL
11266,41780,1448784543,0,0.0,0.0
11266,43817,1448784543,0,0.0,0.0
11266,43539,1448784543,0,0.0,0.0
11266,41572,1448519358,0,NULL,NULL
11266,46011,1448519358,0,NULL,NULL
11266,45821,1448784543,0,0.0,0.0
11266,43783,1448519358,0,0.0,0.0
11266,40293,1448784543,0,0.0,0.0
11266,40310,1448519358,0,NULL,NULL
11266,41349,1448519358,0,0.0,0.0
11266,37727,1448519358,0,NULL,NULL
11266,46116,1448784543,0,0.0,0.0
11266,46171,1448519358,0,0.0,0.0
11266,45865,1448519358,0,NULL,NULL
11266,45513,1448519358,1,1.0,1.0
11266,41427,1448519358,0,0.0,0.0
11266,41466,1448784543,0,0.0,0.0
11266,43037,1448784543,0,0.0,0.0
11266,39728,1448519358,0,0.0,0.0
11266,46983,1448519358,0,0.0,0.0
11266,46144,1448784543,0,0.0,0.0
11266,41596,1448784543,0,0.0,0.0
11266,43813,1448784543,0,0.0,0.0
11266,51615,1448784543,0,0.0,0.0
11266,51833,1448784543,0,0.0,0.0
11266,46988,1448784543,0,NULL,NULL
11266,41144,1448784543,0,0.0,0.0
11266,45928,1448519358,0,0.0,0.0
11266,41630,1448519358,0,0.0,0.0
11266,41585,1448519358,0,NULL,NULL
11266,39780,1448784543,0,0.0,NULL
11266,41857,1448519358,0,NULL,NULL
11266,46988,1448519358,0,NULL,NULL
11266,43832,1448519358,0,0.0,0.0
11266,43034,1448784543,0,0.0,0.0
11266,41134,1448784543,0,0.0,NULL
11266,46982,1448519358,0,0.0,0.0
11266,45304,1448784543,0,0.0,NULL
11266,46062,1448784543,0,NULL,NULL
11266,46132,1448519358,0,NULL,NULL
11266,37746,1448784543,0,0.0,NULL
11266,44460,1448519358,0,0.0,0.0
11266,41463,1448784543,0,0.0,0.0
11266,42649,1448784543,0,0.0,0.0
11266,47490,1448784543,0,0.0,NULL
11266,46071,1448784543,0,0.0,0.0
11266,42628,1448519358,0,0.0,0.0
11266,45032,1448784543,0,0.0,0.0
11266,46001,1448784543,0,0.0,0.0
11266,43842,1448784543,0,0.0,0.0
11266,43059,1448519358,0,0.0,0.0
11266,40311,1448519358,0,0.0,0.0
11266,45205,1448519358,0,NULL,NULL
11266,41399,1448784543,0,0.0,0.0
11266,41325,1448519358,0,0.0,0.0
11266,44578,1448784543,1,NULL,NULL
11268,46081,1448718691,0,0.0,0.0
11268,44454,1448718691,0,NULL,NULL
11268,42651,1448718691,0,0.0,0.0
11268,42613,1448718691,0,0.0,0.0
11268,45376,1448718691,0,0.0,0.0
11268,43846,1448718691,0,0.0,0.0
11268,41381,1448718691,0,0.0,0.0
11268,41427,1448718691,0,0.0,0.0
11268,46723,1448718691,0,-1.0,-1.0
11268,41347,1448718691,0,0.0,0.0
11268,45202,1448718691,0,0.0,0.0
11268,41776,1448718691,0,0.0,0.0
11268,41478,1448718691,0,0.0,0.0
11268,45078,1448718691,0,0.0,0.0
11268,45549,1448718691,0,0.0,0.0
11268,41772,1448718691,0,0.0,0.0
11268,43833,1448718691,1,1.0,1.0
11268,45862,1448718691,0,0.0,0.0
11268,46984,1448718691,0,NULL,NULL
11268,41666,1448718691,0,NULL,NULL
11268,41544,1448718691,0,0.0,0.0
11268,46090,1448718691,0,0.0,0.0
11268,45392,1448718691,-1,NULL,NULL
11268,45980,1448718691,0,0.0,0.0
11268,41475,1448718691,0,0.0,0.0
11268,46116,1448718691,0,0.0,0.0
11268,42725,1448718691,0,NULL,NULL
11268,46283,1448718691,0,0.0,0.0
11268,45203,1448718691,0,NULL,NULL
11268,45080,1448718691,0,0.0,0.0
11268,43857,1448718691,0,0.0,0.0
11268,41458,1448718691,0,0.0,0.0
11268,45635,1448718691,0,0.0,0.0
11268,44565,1448718691,0,NULL,NULL
11268,43783,1448718691,0,0.0,0.0
11268,42770,1448719969,1,1.0,1.0
11268,47695,1448718691,-1,NULL,NULL
11268,44458,1448718691,0,0.0,0.0
11268,41645,1448718691,0,0.0,0.0
11268,46134,1448718691,0,0.0,0.0
11268,41383,1448718691,0,0.0,0.0
11268,41260,1448718691,0,0.0,0.0
11268,41256,1448718691,0,NULL,NULL
11268,41774,1448718691,0,0.0,0.0
11268,40314,1448718691,0,0.0,0.0
11268,47870,1448718691,0,0.0,0.0
11268,46202,1448718691,0,0.0,0.0
11268,46142,1448718691,0,0.0,0.0
11268,41845,1448718691,0,0.0,0.0
11268,45673,1448718691,-1,-1.0,-1.0
11268,46929,1448718691,0,0.0,0.0
11268,41816,1448718691,0,0.0,0.0
11268,46211,1448718691,0,0.0,NULL
11268,45857,1448718691,0,0.0,0.0
11268,41664,1448718691,0,0.0,0.0
11268,41576,1448718691,0,0.0,0.0
11268,45988,1448718691,0,0.0,0.0
11268,46085,1448718691,0,NULL,NULL
11268,43951,1448718691,1,NULL,NULL
11268,46120,1448718691,0,0.0,0.0
11271,44974,1448536797,0,0.0,0.0
11271,51616,1448536797,0,0.0,0.0
11271,37742,1448536797,0,0.0,NULL
11271,46055,1448661288,0,NULL,NULL
11271,41772,1448536797,0,0.0,0.0
11271,52042,1448536797,0,0.0,0.0
11271,45946,1448536797,-1,NULL,NULL
11271,46068,1448536797,0,0.0,0.0
11271,45999,1448536797,0,0.0,0.0
11271,41325,1448536797,0,0.0,0.0
11271,45388,1448536797,-1,NULL,NULL
11271,41421,1448536797,0,NULL,NULL
11271,45387,1448536797,-1,-1.0,-1.0
11271,45964,1441788807,0,NULL,NULL
11271,39830,1445831131,0,0.0,NULL
11271,46078,1442203964,1,NULL,NULL
11271,46140,1448536797,0,0.0,0.0
11271,41841,1448536797,0,0.0,0.0
11271,52023,1448536797,0,0.0,0.0
11271,43809,1448536797,0,NULL,NULL
11271,45842,1448536797,0,0.0,0.0
11271,45552,1448536797,0,0.0,0.0
11271,41678,1448536797,0,0.0,0.0
11271,46995,1448536797,0,0.0,0.0
11271,46200,1448536797,0,0.0,NULL
11271,41443,1448536797,0,0.0,0.0
11271,45536,1448536797,0,0.0,0.0
11271,44310,1448536797,0,0.0,0.0
11271,41427,1448536797,0,0.0,0.0
11271,42632,1448536797,0,0.0,0.0
11271,45350,1448536797,-1,-1.0,-1.0
11271,41656,1448536797,0,0.0,0.0
11271,47871,1448536797,0,0.0,0.0
11271,47669,1448536797,0,NULL,NULL
11271,41335,1448536797,0,0.0,0.0
11271,41788,1448536797,0,0.0,0.0
11271,46057,1448536797,0,0.0,0.0
11271,46985,1448536797,0,0.0,0.0
11271,45943,1445831132,0,-1.0,-1.0
11271,45354,1448536797,-1,-1.0,-1.0
11271,43852,1448536797,0,0.0,0.0
11271,37743,1448536797,0,NULL,NULL
11271,45649,1448536797,0,0.0,0.0
11271,46083,1448536797,0,0.0,0.0
11271,41258,1448536797,0,0.0,0.0
11271,45154,1448536797,0,0.0,NULL
11271,41368,1448536797,0,0.0,0.0
11271,41675,1448536797,0,0.0,NULL
11271,46096,1448536797,0,NULL,NULL
11271,45991,1448536797,0,0.0,NULL
11271,41647,1448536797,0,0.0,0.0
11271,44891,1448536797,0,0.0,0.0
11271,41285,1448536797,0,0.0,0.0
11271,41786,1448536797,0,0.0,0.0
11271,41403,1448536797,0,0.0,0.0
11271,41782,1448536797,0,0.0,0.0
11271,41768,1448536797,0,0.0,0.0
11271,44456,1448536797,0,0.0,0.0
11271,43857,1448536797,0,0.0,0.0
11271,45353,1448536797,-1,-1.0,-1.0
11273,41415,1448651402,0,0.0,0.0
11273,41845,1448651402,0,0.0,0.0
11273,45995,1448651402,0,0.0,NULL
11273,45930,1448651402,0,0.0,0.0
11273,41585,1448651402,0,0.0,0.0
11273,47870,1448651402,0,0.0,0.0
11273,43852,1448651402,0,0.0,0.0
11273,45354,1448651402,1,1.0,1.0
11273,45644,1448651402,0,0.0,0.0
11273,44894,1448651402,0,0.0,0.0
11273,41548,1448651402,0,0.0,0.0
11273,46122,1448651402,0,0.0,0.0
11273,45347,1448651402,1,1.0,1.0
11273,39817,1448651402,0,0.0,0.0
11273,41843,1448651402,0,0.0,0.0
11273,46171,1448651402,0,0.0,0.0
11273,41799,1448651402,0,0.0,0.0
11273,40293,1448651402,0,0.0,0.0
11273,46139,1448651402,0,0.0,0.0
11273,44293,1448651402,0,0.0,0.0
11273,45991,1448651402,0,0.0,NULL
11273,46007,1448651402,0,0.0,NULL
11273,47508,1448651402,1,NULL,NULL
11273,42634,1448651402,0,0.0,0.0
11273,41560,1448651402,0,NULL,NULL
11273,41329,1448651402,0,0.0,0.0
11273,41301,1448651402,0,NULL,NULL
11273,52038,1448651402,0,0.0,0.0
11273,41636,1448651402,0,0.0,0.0
11273,41776,1448651402,0,0.0,0.0
11273,46057,1448651402,0,0.0,0.0
11273,46138,1448651402,0,0.0,0.0
11273,45549,1448651402,0,0.0,0.0
11273,40047,1448651402,1,1.0,1.0
11273,41285,1448651402,0,0.0,0.0
11273,47878,1448651402,0,0.0,0.0
11273,46017,1448651402,0,0.0,0.0
11273,46972,1448651402,0,0.0,0.0
11273,45955,1448651402,0,NULL,NULL
11273,39780,1448651402,0,0.0,NULL
11273,46141,1448651402,0,0.0,0.0
11273,45946,1448651402,1,NULL,NULL
11273,43834,1448651402,0,0.0,0.0
11273,45842,1448651402,0,0.0,0.0
11273,45982,1448651402,0,0.0,0.0
11273,45030,1448651402,0,0.0,0.0
11273,46109,1448651402,0,0.0,NULL
11273,45341,1448651402,0,0.0,0.0
11273,46996,1448651402,0,0.0,0.0
11273,46055,1448651402,1,NULL,NULL
11273,41341,1448651402,0,0.0,0.0
11273,51633,1448651402,0,0.0,0.0
11273,42657,1448651402,0,0.0,0.0
11273,41857,1448651402,0,NULL,NULL
11273,45937,1448651402,0,0.0,0.0
11273,45672,1448651402,1,1.0,1.0
11273,43854,1448651402,0,0.0,0.0
11273,44460,1448651402,0,0.0,0.0
11273,41368,1448651402,0,0.0,0.0
11273,41143,1448651402,0,0.0,NULL
11275,43972,1448275724,0,NULL,NULL
11275,44219,1448275724,0,NULL,NULL
11275,44219,1448649875,0,NULL,NULL
11275,43972,1448649875,0,NULL,NULL
11276,44469,1448608910,-1,-1.0,NULL
11276,45388,1448608910,-1,NULL,NULL
11276,51621,1448608910,-1,-1.0,-1.0
11276,40282,1448608910,0,0.0,0.0
11276,47490,1448608910,-1,0.0,NULL
11276,39517,1448608910,0,0.0,0.0
11276,41725,1448608910,1,1.0,NULL
11276,39830,1448608910,0,0.0,0.0
11276,46245,1448608910,0,0.0,0.0
11276,51617,1448608910,0,0.0,0.0
11276,45370,1448608910,0,0.0,0.0
11276,45352,1448608910,-1,-1.0,-1.0
11276,43124,1448608910,0,0.0,0.0
11276,45516,1448608910,1,1.0,1.0
11276,41145,1448608910,-1,NULL,NULL
11276,40821,1448608910,-1,NULL,NULL
11276,46247,1448608910,0,-1.0,NULL
11276,45347,1448608910,-1,-1.0,-1.0
11276,45385,1448608910,0,0.0,0.0
11276,52025,1448608910,-1,-1.0,-1.0
11276,37820,1448608910,1,1.0,NULL
11276,47695,1448608910,-1,NULL,NULL
11276,45674,1448608910,0,0.0,0.0
11276,39546,1448608910,0,0.0,0.0
11276,44067,1448608910,-1,NULL,NULL
11276,44219,1448608910,0,NULL,NULL
11276,46296,1448608910,-1,0.0,NULL
11276,46013,1448608910,0,-1.0,NULL
11276,46153,1448608910,0,NULL,NULL
11276,37798,1448608910,-1,-1.0,-1.0
11276,47664,1448608910,-1,-1.0,-1.0
11276,41256,1448608910,1,NULL,NULL
11276,37863,1448608910,0,0.0,0.0
11276,45394,1448608910,1,1.0,1.0
11276,39331,1448608910,0,0.0,0.0
11276,40318,1448608910,0,NULL,NULL
11276,46111,1448608910,0,0.0,0.0
11276,40272,1448608910,0,0.0,0.0
11276,45988,1448608910,0,0.0,0.0
11276,37827,1448608910,-1,NULL,NULL
11276,52051,1448608910,-1,-1.0,-1.0
11276,51637,1448608910,0,NULL,NULL
11276,40310,1448608910,-1,NULL,NULL
11276,40819,1448608910,1,1.0,1.0
11276,47644,1448608910,0,0.0,0.0
11276,41566,1448608910,0,0.0,0.0
11276,46096,1448608910,-1,NULL,NULL
11276,37747,1448608910,-1,0.0,NULL
11276,40312,1448608910,1,1.0,1.0
11276,40308,1448608910,0,0.0,0.0
11276,44876,1448608910,1,1.0,1.0
11276,41285,1448608910,0,0.0,0.0
11276,46211,1448608910,0,NULL,NULL
11276,43972,1448608910,1,NULL,NULL
11276,37746,1448608910,0,0.0,NULL
11276,47847,1448608910,0,0.0,0.0
11276,40770,1448608910,0,0.0,0.0
11276,42960,1448608910,0,0.0,0.0
11276,45389,1448608910,-1,NULL,NULL
11276,47874,1448608910,-1,-1.0,-1.0
11282,40822,1448017853,-1,NULL,NULL
11282,41285,1448017853,0,0.0,0.0
11282,41732,1448017853,-1,NULL,NULL
11282,41725,1448017853,1,NULL,NULL
11282,41678,1448017853,0,0.0,0.0
11282,39794,1448017853,0,-1.0,-1.0
11282,39793,1448017853,0,0.0,0.0
11282,39728,1448017853,0,0.0,0.0
11282,40306,1448017853,0,0.0,0.0
11282,39817,1448017853,0,0.0,0.0
11282,39757,1448017853,0,NULL,NULL
11282,39779,1448017853,0,0.0,0.0
11282,39780,1448017853,0,-1.0,-1.0
11282,39816,1448017853,0,0.0,0.0
11282,39331,1448017853,0,0.0,0.0
11282,37742,1448017853,0,0.0,NULL
11282,44071,1448017853,1,1.0,1.0
11282,43124,1448017853,0,0.0,0.0
11282,43999,1448017853,0,0.0,0.0
11282,44219,1448017853,0,NULL,NULL
11282,44001,1448017853,0,0.0,0.0
11282,45950,1448017853,1,1.0,1.0
11282,44550,1448017853,-1,-1.0,-1.0
11282,44872,1448017853,0,NULL,NULL
11282,44060,1448017853,0,0.0,0.0
11282,45821,1448017853,0,NULL,NULL
11282,46111,1448017853,0,0.0,0.0
11282,45973,1448017853,0,0.0,NULL
11282,45949,1448017853,0,NULL,NULL
11282,46046,1448017853,1,0.0,0.0
11282,45946,1448017853,1,-1.0,-1.0
11282,46013,1448017853,0,0.0,NULL
11282,45988,1448017853,0,0.0,0.0
11282,46114,1448017853,1,1.0,1.0
11282,47490,1448017853,-1,NULL,NULL
11282,51617,1448017853,0,0.0,0.0
11282,47864,1448017853,0,0.0,0.0
11282,46751,1448017853,-1,NULL,NULL
11282,47644,1448017853,0,NULL,NULL
11282,47847,1448017853,0,0.0,0.0
11282,45821,1448279785,0,NULL,NULL
11282,45950,1448279785,1,1.0,1.0
11282,46046,1448279785,1,1.0,1.0
11282,45949,1448279785,0,NULL,NULL
11282,45946,1448279785,1,0.0,NULL
11282,43972,1448279785,0,NULL,NULL
11282,44219,1448279785,0,NULL,NULL
11282,44872,1448279785,0,NULL,NULL
11282,39757,1448279785,0,NULL,NULL
11282,39728,1448279785,0,0.0,0.0
11282,39817,1448279785,0,0.0,0.0
11282,39780,1448279785,0,0.0,NULL
11282,39779,1448279785,0,0.0,0.0
11282,39794,1448279785,0,0.0,NULL
11282,39816,1448279785,0,0.0,0.0
11282,39793,1448279785,0,0.0,0.0
11284,45346,1448274162,1,1.0,1.0
11284,40293,1448274162,0,0.0,NULL
11284,45376,1448274162,0,0.0,0.0
11284,40770,1448274162,0,0.0,0.0
11284,46135,1448274162,1,NULL,NULL
11284,52026,1448274162,1,1.0,1.0
11284,45674,1448274162,0,0.0,0.0
11284,40819,1448274162,-1,-1.0,-1.0
11284,45672,1448274162,1,NULL,NULL
11284,42784,1448274162,0,0.0,0.0
11284,45350,1448274162,1,1.0,1.0
11284,46243,1448274162,0,NULL,NULL
11284,44876,1448274162,-1,NULL,NULL
11284,46211,1448274162,0,NULL,NULL
11284,37827,1448274162,1,NULL,NULL
11284,46256,1448274162,0,0.0,0.0
11284,40047,1448274162,1,NULL,NULL
11284,47680,1448274162,0,0.0,0.0
11284,45673,1448274162,1,NULL,NULL
11284,51620,1448274162,1,1.0,1.0
11284,47695,1448274162,1,NULL,NULL
11284,45387,1448274162,1,1.0,1.0
11284,45392,1448274162,1,1.0,1.0
11284,45514,1448274162,1,1.0,1.0
11284,46245,1448274162,0,0.0,0.0
11284,44565,1448274162,0,-1.0,NULL
11284,44469,1448274162,1,1.0,NULL
11284,45516,1448274162,-1,-1.0,-1.0
11284,45372,1448274162,0,0.0,0.0
11284,45347,1448274162,1,1.0,1.0
11284,37798,1448274162,1,1.0,1.0
11284,41560,1448274162,0,NULL,NULL
11284,42960,1448274162,0,NULL,NULL
11284,51624,1448274162,1,1.0,1.0
11284,45388,1448274162,1,NULL,NULL
11284,41678,1448274162,0,0.0,0.0
11284,47874,1448274162,1,1.0,1.0
11284,51621,1448274162,1,1.0,1.0
11284,41432,1448274162,1,NULL,NULL
11284,44067,1448274162,1,NULL,NULL
11284,46055,1447751097,1,NULL,NULL
11284,40312,1448274162,-1,NULL,NULL
11284,51633,1448274162,0,0.0,0.0
11284,43951,1448274162,-1,NULL,NULL
11284,39536,1448274162,0,0.0,0.0
11284,45513,1448274162,1,1.0,1.0
11284,51625,1448274162,0,0.0,0.0
11284,45355,1448274162,1,1.0,1.0
11284,52025,1448274162,1,1.0,1.0
11284,46055,1448274162,1,NULL,NULL
11284,52052,1448274162,0,NULL,NULL
11284,45394,1448274162,-1,-1.0,-1.0
11284,40304,1448274162,0,0.0,0.0
11284,37796,1448274162,1,NULL,NULL
11284,47508,1448274162,1,NULL,NULL
11284,47513,1448274162,0,NULL,NULL
11284,51627,1448274162,-1,-1.0,-1.0
11284,47664,1448274162,1,NULL,NULL
11284,39517,1448274162,0,0.0,0.0
11284,45389,1448274162,1,NULL,NULL
11287,39536,1447089524,0,0.0,0.0
11287,39517,1447089524,0,0.0,0.0
11287,39666,1447089524,0,NULL,NULL
11287,40293,1447089524,0,0.0,NULL
11287,39517,1448193451,0,0.0,0.0
11287,39536,1448193451,0,0.0,0.0
11287,39666,1448193451,0,NULL,NULL
11287,40293,1448193451,0,0.0,NULL
11288,44067,1448193163,1,NULL,NULL
11288,46135,1447939040,-1,0.0,NULL
11288,45516,1448193163,-1,-1.0,-1.0
11288,45353,1448193163,1,1.0,1.0
11288,51637,1448192792,0,NULL,NULL
11288,40312,1448193163,-1,NULL,NULL
11288,45376,1447939040,0,NULL,NULL
11288,45514,1448193163,1,1.0,1.0
11288,51625,1448193163,0,0.0,0.0
11288,45376,1448193163,0,0.0,0.0
11288,45515,1448193163,1,1.0,1.0
11288,52026,1448193163,1,1.0,1.0
11288,41566,1447939040,0,0.0,0.0
11288,45346,1448193163,1,1.0,1.0
11288,52025,1448193163,1,1.0,1.0
11288,44469,1448193163,1,1.0,NULL
11288,45388,1447939040,-1,0.0,0.0
11288,45516,1447939040,1,NULL,NULL
11288,52025,1447939040,-1,NULL,NULL
11288,47669,1448193163,0,NULL,NULL
11288,45674,1448193163,0,0.0,0.0
11288,45350,1448193163,1,1.0,1.0
11288,46256,1448193163,0,0.0,0.0
11288,51625,1447939040,0,NULL,NULL
11288,47513,1448193163,0,NULL,NULL
11288,46055,1447939040,0,NULL,NULL
11288,47508,1448193163,1,NULL,NULL
11288,52026,1447939040,-1,NULL,NULL
11288,45352,1447939040,-1,NULL,NULL
11288,45385,1448193163,0,0.0,0.0
11288,47695,1448193163,1,NULL,NULL
11288,45388,1448193163,1,NULL,NULL
11288,43951,1448193163,-1,NULL,NULL
11288,45347,1447939040,-1,NULL,NULL
11288,45392,1448193163,1,NULL,NULL
11288,47669,1447939040,0,NULL,NULL
11288,41566,1448193163,0,0.0,0.0
11288,45352,1448193163,1,1.0,1.0
11288,45387,1447939040,-1,NULL,NULL
11288,51621,1448193163,1,1.0,1.0
11288,40047,1447939040,-1,NULL,NULL
11288,41432,1447939040,-1,NULL,NULL
11288,51621,1447939040,-1,NULL,NULL
11288,45389,1447939040,-1,NULL,NULL
11288,42784,1448193163,0,0.0,0.0
11288,45385,1447939040,0,NULL,NULL
11288,40304,1448193163,0,0.0,0.0
11288,46211,1448193163,0,0.0,NULL
11288,37913,1448193163,0,0.0,0.0
11288,40770,1448193163,0,0.0,0.0
11288,45372,1448193163,0,0.0,0.0
11288,47664,1447939040,-1,NULL,NULL
11288,42960,1448193163,0,NULL,NULL
11288,45514,1447939040,-1,NULL,NULL
11288,37863,1448193163,0,0.0,0.0
11288,45513,1447939040,-1,NULL,NULL
11288,45346,1447939040,-1,NULL,NULL
11288,40819,1448193163,-1,-1.0,-1.0
11288,47664,1448193163,1,NULL,NULL
11288,44469,1447939040,-1,-1.0,NULL
11290,41678,1447886142,0,0.0,0.0
11290,40047,1448049238,1,NULL,NULL
11290,40819,1448049238,-1,-1.0,-1.0
11290,41432,1448049238,1,NULL,NULL
11290,41566,1448049238,0,0.0,0.0
11290,41560,1448049238,0,NULL,NULL
11290,41678,1448049238,0,0.0,0.0
11290,37863,1448049238,0,0.0,0.0
11290,37796,1448049238,1,NULL,NULL
11290,37798,1448049238,1,NULL,NULL
11290,37913,1448049238,0,0.0,0.0
11290,43972,1448049238,0,NULL,NULL
11290,45515,1448049238,1,NULL,NULL
11290,45394,1448049238,-1,-1.0,-1.0
11290,44469,1448049238,1,1.0,NULL
11290,43951,1448049238,-1,NULL,NULL
11290,46055,1448049238,0,NULL,NULL
11290,45354,1448049238,1,NULL,NULL
11290,45388,1448049238,1,0.0,NULL
11290,45350,1448049238,1,NULL,NULL
11290,45347,1448049238,1,NULL,NULL
11290,45376,1448049238,0,NULL,NULL
11290,45370,1448049238,0,NULL,NULL
11290,45387,1448049238,1,NULL,NULL
11290,45392,1448049238,1,1.0,1.0
11290,45389,1448049238,1,NULL,NULL
11290,45385,1448049238,0,NULL,NULL
11290,45382,1448049238,0,NULL,NULL
11290,45516,1448049238,-1,NULL,NULL
11290,45353,1448049238,1,NULL,NULL
11290,45346,1448049238,1,NULL,NULL
11290,45513,1448049238,1,NULL,NULL
11290,45355,1448049238,1,NULL,NULL
11290,45352,1448049238,1,NULL,NULL
11290,45514,1448049238,1,NULL,NULL
11290,45372,1448049238,0,NULL,NULL
11290,46135,1448049238,1,NULL,NULL
11290,51621,1448049238,1,NULL,NULL
11290,51633,1448049238,0,NULL,NULL
11290,47664,1448049238,1,NULL,NULL
11290,47669,1448049238,0,NULL,NULL
11290,52025,1448049238,1,NULL,NULL
11290,51625,1448049238,0,NULL,NULL
11290,51620,1448049238,1,NULL,NULL
11290,51624,1448049238,1,NULL,NULL
11290,51627,1448049238,-1,NULL,NULL
11290,47695,1448049238,1,NULL,NULL
11290,52026,1448049238,1,1.0,1.0
11290,47874,1448049238,1,NULL,NULL
11290,47680,1448049238,0,0.0,0.0
11293,41678,1447670762,0,0.0,0.0
11293,41725,1447670762,-1,1.0,NULL
11293,47649,1448011897,-1,NULL,NULL
11293,47646,1448011897,1,NULL,NULL
11293,47394,1448011897,0,NULL,NULL
11293,41678,1448011897,0,0.0,0.0
11293,41725,1448011897,-1,NULL,NULL
11294,46114,1447772302,-1,-1.0,-1.0
11294,52025,1447952322,1,NULL,NULL
11294,46153,1447772302,0,NULL,NULL
11294,45388,1447848765,-1,0.0,0.0
11294,45376,1447848765,0,NULL,NULL
11294,45387,1447848765,-1,NULL,NULL
11294,37796,1447848765,-1,0.0,NULL
11294,41147,1447772302,-1,-1.0,-1.0
11294,45385,1447952322,0,NULL,NULL
11294,45352,1447952322,1,NULL,NULL
11294,39614,1447772302,0,0.0,0.0
11294,41560,1447848765,0,NULL,NULL
11294,43951,1447952322,-1,NULL,NULL
11294,43141,1447772302,1,1.0,1.0
11294,46135,1447848765,-1,0.0,0.0
11294,40819,1447848765,-1,-1.0,-1.0
11294,37747,1447772302,1,NULL,NULL
11294,46055,1447848765,0,NULL,NULL
11294,41145,1447772302,1,NULL,NULL
11294,44071,1447772302,-1,-1.0,-1.0
11294,47664,1447848765,-1,NULL,NULL
11294,47847,1447772302,0,0.0,0.0
11294,45389,1447952322,1,NULL,NULL
11294,43988,1447772302,0,0.0,0.0
11294,46072,1447772302,1,1.0,NULL
11294,41432,1447848765,-1,NULL,NULL
11294,45514,1447848765,-1,NULL,NULL
11294,45515,1447848765,-1,NULL,NULL
11294,51627,1447952322,-1,NULL,NULL
11294,45943,1447772302,0,0.0,0.0
11294,43124,1447772302,0,0.0,0.0
11294,41732,1447772302,1,1.0,1.0
11294,43972,1447772302,-1,NULL,NULL
11294,41496,1447772302,0,0.0,0.0
11294,45355,1447952322,1,NULL,NULL
11294,45372,1447848765,0,NULL,NULL
11294,45346,1447952322,1,NULL,NULL
11294,45756,1447772302,1,1.0,NULL
11294,37820,1447772302,-1,-1.0,NULL
11294,51624,1447952322,1,NULL,NULL
11294,45354,1447848765,-1,NULL,NULL
11294,45389,1447848765,-1,NULL,NULL
11294,41678,1447772302,0,0.0,0.0
11294,41480,1447772302,0,0.0,0.0
11294,42960,1447772302,0,NULL,NULL
11294,37796,1447952322,1,NULL,NULL
11294,47874,1447952322,1,NULL,NULL
11294,47490,1447772302,1,NULL,NULL
11294,46146,1447772302,0,0.0,0.0
11294,41566,1447952322,0,0.0,0.0
11294,39546,1447772302,0,0.0,0.0
11294,41560,1447952322,0,NULL,NULL
11294,51625,1447848765,0,NULL,NULL
11294,43126,1447772302,1,1.0,1.0
11294,45516,1447848765,1,NULL,NULL
11294,41678,1447952322,0,0.0,0.0
11294,51627,1447848765,1,NULL,NULL
11294,45394,1447848765,1,NULL,NULL
11294,40819,1447772302,-1,-1.0,-1.0
11294,51617,1447772302,0,0.0,0.0
11295,45392,1447951950,-1,-1.0,-1.0
11295,45352,1447951950,-1,NULL,NULL
11295,37913,1447951950,0,0.0,0.0
11295,46055,1447951950,0,NULL,NULL
11295,40819,1447860350,1,1.0,1.0
11295,45355,1447951950,-1,NULL,NULL
11295,45674,1447951950,0,0.0,0.0
11295,41678,1447951950,0,0.0,0.0
11295,45513,1447951950,-1,NULL,NULL
11295,45514,1447951950,-1,NULL,NULL
11295,39331,1447348431,0,0.0,0.0
11295,46135,1447951950,-1,0.0,NULL
11295,52052,1447951950,0,NULL,NULL
11295,45353,1447951950,-1,NULL,NULL
11295,43972,1447860350,0,NULL,NULL
11295,52026,1447951950,-1,NULL,NULL
11295,51624,1447951950,-1,NULL,NULL
11295,47644,1447348431,0,NULL,NULL
11295,43951,1447860350,1,NULL,NULL
11295,46243,1447951950,0,NULL,NULL
11295,41566,1447951950,0,0.0,0.0
11295,40312,1447951950,1,NULL,NULL
11295,45673,1447951950,-1,0.0,NULL
11295,45389,1447951950,-1,NULL,NULL
11295,45988,1447348431,0,0.0,0.0
11295,45387,1447951950,-1,NULL,NULL
11295,47669,1447951950,0,NULL,NULL
11295,42784,1447951950,0,0.0,0.0
11295,47664,1447951950,-1,NULL,NULL
11295,51627,1447951950,1,NULL,NULL
11295,47695,1447951950,-1,NULL,NULL
11295,47508,1447951950,-1,NULL,NULL
11295,45516,1447951950,1,NULL,NULL
11295,37796,1447951950,-1,NULL,NULL
11295,45394,1447951950,1,NULL,NULL
11295,40047,1447951950,-1,NULL,NULL
11295,47513,1447951950,0,NULL,NULL
11295,46211,1447951950,0,NULL,NULL
11295,44565,1447951950,0,1.0,1.0
11295,45672,1447951950,-1,NULL,NULL
11295,45515,1447951950,-1,NULL,NULL
11295,44067,1447951950,-1,NULL,NULL
11295,45346,1447951950,-1,NULL,NULL
11295,45354,1447951950,-1,NULL,NULL
11295,44469,1447951950,-1,-1.0,NULL
11295,37798,1447951950,-1,NULL,NULL
11295,45370,1447951950,0,NULL,NULL
11295,51620,1447951950,-1,NULL,NULL
11295,47874,1447951950,-1,NULL,NULL
11295,52025,1447951950,-1,NULL,NULL
11295,40770,1447951950,0,0.0,0.0
11295,51621,1447951950,-1,NULL,NULL
11295,45376,1447951950,0,NULL,NULL
11295,51633,1447951950,0,NULL,NULL
11295,41432,1447951950,-1,NULL,NULL
11295,47680,1447951950,0,0.0,0.0
11295,45382,1447951950,0,NULL,NULL
11295,51625,1447951950,0,NULL,NULL
11295,46256,1447951950,0,0.0,0.0
11295,37863,1447951950,0,0.0,0.0
11299,47695,1447702170,1,NULL,NULL
11299,47664,1447702170,1,NULL,NULL
11299,47669,1447702170,0,NULL,NULL
11299,44469,1447702170,1,1.0,NULL
11299,52025,1447702170,0,NULL,NULL
11299,52026,1447702170,1,NULL,NULL
11299,47644,1447702170,0,NULL,NULL
11299,47680,1447702170,0,0.0,0.0
11299,39331,1447702170,0,0.0,0.0
11299,41678,1447702170,0,0.0,0.0
11299,47695,1447702171,0,NULL,NULL
11299,47647,1447702171,0,NULL,NULL
11299,52026,1447702171,0,NULL,NULL
11299,44469,1447848685,1,1.0,NULL
11299,47680,1447848685,0,0.0,0.0
11299,52026,1447848685,1,NULL,NULL
11299,47695,1447848685,1,NULL,NULL
11299,47669,1447848685,0,NULL,NULL
11299,47664,1447848685,1,NULL,NULL
11299,52025,1447848685,1,NULL,NULL
11300,51621,1445954217,0,NULL,NULL
11300,51620,1445954217,0,NULL,NULL
11300,45372,1445954217,0,NULL,NULL
11300,45350,1447844949,1,NULL,NULL
11300,45347,1447844949,1,NULL,NULL
11300,41566,1445954217,0,0.0,0.0
11300,45516,1447844949,-1,NULL,NULL
11300,37796,1445954217,1,0.0,0.0
11300,45385,1445954217,0,NULL,NULL
11300,51627,1445954217,0,NULL,NULL
11300,45394,1445954217,-1,NULL,NULL
11300,46135,1447844949,1,0.0,0.0
11300,45346,1445954217,0,NULL,NULL
11300,37863,1447844949,0,0.0,0.0
11300,37913,1447844949,0,0.0,0.0
11300,45372,1447844949,0,NULL,NULL
11300,41432,1447844949,1,NULL,NULL
11300,45353,1445954217,0,NULL,NULL
11300,45392,1445954217,1,NULL,NULL
11300,46055,1445954217,0,1.0,NULL
11300,45355,1445954217,0,NULL,NULL
11300,46135,1445954217,1,0.0,0.0
11300,45350,1445954217,0,NULL,NULL
11300,45354,1445954217,0,NULL,NULL
11300,45376,1447844949,0,NULL,NULL
11300,45346,1447844949,1,NULL,NULL
11300,45387,1447844949,1,NULL,NULL
11300,41566,1447844949,0,0.0,0.0
11300,45514,1445954217,0,NULL,NULL
11300,45352,1447844949,1,NULL,NULL
11300,45388,1447844949,1,0.0,0.0
11300,37913,1445954217,0,0.0,0.0
11300,45354,1447844949,1,NULL,NULL
11300,40047,1447844949,1,NULL,NULL
11300,41432,1445954217,1,-1.0,NULL
11300,45514,1447844949,1,NULL,NULL
11300,45352,1445954217,0,NULL,NULL
11300,47874,1447844949,1,NULL,NULL
11300,51633,1447844949,0,NULL,NULL
11300,45389,1447844949,1,NULL,NULL
11300,51620,1447844949,1,NULL,NULL
11300,51624,1447844949,1,NULL,NULL
11300,45387,1445954217,0,NULL,NULL
11300,45513,1445954217,0,NULL,NULL
11300,41560,1445954217,0,NULL,NULL
11300,45382,1445954217,0,NULL,NULL
11300,45385,1447844949,0,NULL,NULL
11300,40047,1445954217,1,0.0,0.0
11300,51625,1447844949,0,NULL,NULL
11300,45353,1447844949,1,NULL,NULL
11300,45347,1445954217,0,NULL,NULL
11300,51624,1445954217,0,NULL,NULL
11300,45388,1445954217,1,0.0,0.0
11300,45370,1447844949,0,NULL,NULL
11300,45516,1445954217,0,NULL,NULL
11300,45382,1447844949,0,NULL,NULL
11300,45515,1445954217,0,NULL,NULL
11300,43126,1445954217,1,1.0,1.0
11300,45389,1445954217,1,0.0,NULL
11300,51633,1445954217,0,NULL,NULL
11301,39331,1447315557,0,0.0,0.0
11301,45988,1447315557,0,0.0,0.0
11301,47644,1447315557,0,NULL,NULL
11301,46211,1447842056,0,NULL,NULL
11301,41678,1447842136,0,0.0,0.0
11303,45756,1447761323,-1,-1.0,NULL
11303,44219,1447761323,0,NULL,NULL
11303,39546,1447761323,0,0.0,0.0
11303,39331,1447761323,0,0.0,0.0
11303,43124,1447761323,0,0.0,0.0
11303,41147,1447761323,1,1.0,1.0
11303,40306,1447761323,0,0.0,0.0
11303,37746,1447761323,0,NULL,NULL
11303,40308,1447761323,0,0.0,0.0
11303,45973,1447761323,0,0.0,NULL
11303,46207,1447761323,-1,-1.0,NULL
11303,41480,1447761323,0,0.0,0.0
11303,37742,1447761323,0,0.0,NULL
11303,40822,1447761323,-1,-1.0,-1.0
11303,39614,1447761323,0,0.0,0.0
11303,43972,1447761323,1,NULL,NULL
11303,45930,1447761323,0,0.0,0.0
11303,37820,1447761323,1,1.0,NULL
11303,39830,1447761323,0,0.0,0.0
11303,41285,1447761323,0,0.0,0.0
11303,39668,1447761323,-1,NULL,NULL
11303,43126,1447761323,-1,-1.0,-1.0
11303,46096,1447761323,-1,NULL,NULL
11303,47490,1447761323,-1,NULL,NULL
11303,42960,1447761323,0,NULL,NULL
11303,46120,1447761323,-1,0.0,0.0
11303,46072,1447761323,-1,NULL,NULL
11303,40821,1447761323,-1,NULL,NULL
11303,46211,1447761323,0,NULL,NULL
11303,43423,1447761323,0,0.0,0.0
11303,46751,1447761323,-1,NULL,NULL
11303,41732,1447761323,-1,-1.0,-1.0
11303,44001,1447761323,0,0.0,0.0
11303,46054,1447761323,0,0.0,NULL
11303,46198,1447761323,0,NULL,NULL
11303,47513,1447761323,0,NULL,NULL
11303,43141,1447761323,-1,-1.0,-1.0
11303,43999,1447761323,0,0.0,0.0
11303,40310,1447761323,-1,NULL,NULL
11303,44060,1447761323,0,0.0,0.0
11303,45988,1447761323,0,0.0,0.0
11303,47864,1447761323,0,0.0,0.0
11303,43988,1447761323,0,0.0,0.0
11303,46296,1447761323,-1,-1.0,NULL
11303,46114,1447761323,1,1.0,1.0
11303,44070,1447761323,0,0.0,NULL
11303,46013,1447761323,0,0.0,NULL
11303,41678,1447761323,0,0.0,0.0
11303,43007,1447761323,0,0.0,0.0
11303,46954,1447761323,-1,NULL,NULL
11303,46126,1447761323,-1,NULL,NULL
11303,46974,1447761323,0,0.0,0.0
11303,47847,1447761323,0,0.0,0.0
11303,40318,1447761323,0,NULL,NULL
11303,37747,1447761323,-1,NULL,NULL
11303,52051,1447761323,-1,-1.0,-1.0
11303,51617,1447761323,0,0.0,0.0
11303,41145,1447761323,-1,NULL,NULL
11303,46247,1447761323,0,-1.0,NULL
11303,44071,1447761323,1,1.0,1.0
11306,41732,1447059979,1,NULL,NULL
11306,41732,1447078433,1,NULL,NULL
11306,41732,1447087180,1,NULL,NULL
11306,43975,1447681274,0,0.0,0.0
11306,43980,1447681274,0,0.0,0.0
11306,43978,1447681274,0,-1.0,-1.0
11306,44070,1447681274,0,0.0,0.0
11306,43977,1447681274,0,0.0,0.0
11306,43976,1447681274,0,0.0,0.0
11306,43979,1447681274,0,0.0,0.0
11306,44221,1447681274,0,NULL,NULL
11306,44222,1447681274,0,NULL,NULL
11306,44072,1447681274,0,NULL,NULL
11306,46161,1447681276,0,NULL,NULL
11306,46153,1447681276,0,NULL,NULL
11306,45947,1447681276,0,1.0,NULL
11306,41852,1447681276,0,0.0,0.0
11306,46212,1447681276,0,0.0,NULL
11306,46055,1447681276,0,NULL,NULL
11306,46146,1447681276,0,0.0,NULL
11306,41851,1447681276,0,0.0,0.0
11306,37742,1447681276,0,0.0,NULL
11311,41732,1447079558,-1,NULL,NULL
11311,40293,1447114409,0,0.0,NULL
11311,39666,1447114409,0,NULL,NULL
11311,39536,1447114409,0,0.0,0.0
11311,39517,1447114409,0,0.0,0.0
11314,41732,1447066154,-1,NULL,NULL
11316,45988,1446816971,0,0.0,0.0
11319,42869,1446657707,0,0.0,0.0
11319,40310,1446657707,-1,NULL,NULL
11319,43988,1446657707,0,0.0,0.0
11319,40272,1446657707,0,0.0,0.0
11319,46974,1446657707,0,0.0,0.0
11319,46148,1446657707,0,NULL,NULL
11319,41678,1446657707,0,0.0,0.0
11319,45717,1446657707,1,NULL,NULL
11319,46072,1446657707,-1,NULL,NULL
11319,44550,1446657707,-1,-1.0,NULL
11319,46129,1446657707,0,0.0,0.0
11319,46200,1446657707,-1,-1.0,-1.0
11319,43972,1446657707,1,NULL,NULL
11319,47864,1446657707,0,0.0,0.0
11319,44894,1446657707,0,NULL,NULL
11319,46086,1446657707,1,1.0,NULL
11319,41668,1446657707,-1,-1.0,-1.0
11319,45202,1446657707,0,0.0,0.0
11319,46160,1446657707,0,NULL,NULL
11319,44469,1446657707,1,-1.0,NULL
11319,39182,1446657707,0,0.0,0.0
11319,44279,1446657707,1,NULL,NULL
11319,41432,1446657707,-1,1.0,NULL
11319,45888,1446657707,-1,0.0,NULL
11319,37742,1446657707,-1,0.0,NULL
11319,45892,1446657707,1,0.0,NULL
11319,47873,1446657707,0,NULL,NULL
11319,45156,1446657707,-1,NULL,NULL
11319,44070,1446657707,-1,0.0,0.0
11319,41712,1446657707,1,1.0,1.0
11319,37746,1446657707,0,NULL,NULL
11319,41718,1446657707,1,NULL,NULL
11319,37820,1446657707,1,NULL,NULL
11319,45840,1446657707,-1,-1.0,-1.0
11319,46161,1446657707,0,NULL,NULL
11319,43852,1446657707,0,0.0,0.0
11319,41725,1446657707,1,1.0,NULL
11319,43051,1446657707,0,0.0,0.0
11319,47296,1446657707,1,NULL,NULL
11319,46134,1446657707,0,0.0,0.0
11319,52061,1446657707,0,0.0,0.0
11319,46942,1446657707,0,NULL,NULL
11319,43843,1446657707,0,0.0,0.0
11319,46955,1446657707,-1,NULL,NULL
11319,43007,1446657707,0,0.0,0.0
11319,46166,1446657707,0,NULL,NULL
11319,39593,1446657707,-1,NULL,NULL
11319,43423,1446657707,0,0.0,0.0
11319,40312,1446657707,-1,NULL,NULL
11319,37747,1446657707,-1,NULL,NULL
11319,47410,1446657707,0,NULL,NULL
11319,45920,1446657707,1,1.0,NULL
11319,45209,1446657707,0,0.0,0.0
11319,44219,1446657707,1,NULL,NULL
11319,40282,1446657707,0,0.0,0.0
11319,46273,1446657707,-1,-1.0,NULL
11319,45938,1446657707,0,0.0,0.0
11319,46120,1446657707,-1,-1.0,-1.0
11319,39614,1446657707,0,0.0,0.0
11319,46233,1446657707,1,1.0,NULL
11321,41285,1446645542,0,0.0,0.0
11321,46114,1446497103,1,1.0,1.0
11321,44060,1446555516,0,0.0,0.0
11321,44219,1446497103,0,NULL,NULL
11321,44060,1446497103,0,NULL,NULL
11321,44219,1446641284,0,NULL,NULL
11321,47847,1446497103,0,NULL,NULL
11321,47490,1446641284,-1,-1.0,NULL
11321,47490,1446645542,1,1.0,NULL
11321,40306,1446497103,0,NULL,NULL
11321,47864,1446497103,0,NULL,NULL
11321,44219,1446645542,0,NULL,NULL
11321,44550,1446497103,-1,-1.0,NULL
11321,37742,1446641284,0,0.0,NULL
11321,45973,1446641284,0,0.0,NULL
11321,43999,1446645542,0,0.0,0.0
11321,44071,1446641284,1,1.0,1.0
11321,43999,1446497103,0,NULL,NULL
11321,43999,1446641284,0,0.0,0.0
11321,47847,1446645542,0,NULL,NULL
11321,46013,1446645542,0,0.0,NULL
11321,46111,1446645542,0,0.0,0.0
11321,47847,1446555516,0,NULL,NULL
11321,44060,1446645542,0,0.0,0.0
11321,43999,1446555516,0,0.0,0.0
11321,40306,1446641284,0,0.0,0.0
11321,44001,1446645542,0,0.0,0.0
11321,37742,1446645542,0,0.0,NULL
11321,44550,1446641284,-1,-1.0,NULL
11321,44071,1446497103,1,1.0,1.0
11321,41285,1446497103,0,0.0,0.0
11321,41285,1446641284,0,0.0,0.0
11321,51617,1446497103,0,0.0,0.0
11321,44001,1446497103,0,NULL,NULL
11321,46751,1446555516,-1,NULL,NULL
11321,40306,1446645542,0,0.0,0.0
11321,45973,1446645542,0,0.0,NULL
11321,47864,1446641284,0,0.0,0.0
11321,44060,1446641284,0,0.0,0.0
11321,44001,1446555516,0,0.0,0.0
11321,51617,1446555516,0,0.0,0.0
11321,46114,1446645542,-1,-1.0,-1.0
11321,44550,1446645542,1,1.0,NULL
11321,40822,1446645542,1,1.0,1.0
11321,44001,1446641284,0,0.0,0.0
11321,46751,1446645542,1,NULL,NULL
11321,43124,1446645542,0,0.0,0.0
11321,41285,1446555516,0,0.0,0.0
11321,43124,1446641284,0,0.0,0.0
11321,44219,1446555516,0,NULL,NULL
11321,46111,1446641284,0,0.0,0.0
11321,46751,1446497103,-1,NULL,NULL
11321,44071,1446645542,-1,-1.0,-1.0
11321,46114,1446641284,1,1.0,1.0
11321,44071,1446555516,1,1.0,1.0
11321,46114,1446555516,1,1.0,1.0
11321,40822,1446497103,-1,NULL,NULL
11321,51617,1446645542,0,0.0,0.0
11321,37742,1446497103,0,0.0,NULL
11321,47864,1446555516,0,0.0,0.0
11322,40282,1446178499,0,0.0,0.0
11322,40821,1446178499,-1,NULL,NULL
11322,37746,1446178499,0,NULL,NULL
11322,37820,1446178499,1,NULL,NULL
11322,43124,1446178499,0,0.0,0.0
11322,45973,1446178499,0,0.0,NULL
11322,46146,1446178499,0,0.0,NULL
11322,46013,1446178499,0,-1.0,-1.0
11322,46072,1446178499,-1,NULL,NULL
11322,46974,1446178499,0,0.0,0.0
11322,47864,1446613262,0,0.0,0.0
11322,51617,1446613262,0,0.0,0.0
11322,47490,1446613262,-1,NULL,NULL
11322,47847,1446613262,0,NULL,NULL
11322,46114,1446613262,1,1.0,1.0
11322,46751,1446613262,-1,NULL,NULL
11322,46974,1446613262,0,0.0,0.0
11322,40282,1446613262,0,0.0,0.0
11322,40821,1446613262,-1,NULL,NULL
11322,40306,1446613262,0,NULL,NULL
11322,40822,1446613262,-1,-1.0,-1.0
11322,41480,1446613262,0,0.0,0.0
11322,41285,1446613262,0,0.0,0.0
11322,39668,1446613262,-1,NULL,NULL
11322,37820,1446613262,1,NULL,NULL
11322,37746,1446613262,0,NULL,NULL
11322,37742,1446613262,0,0.0,NULL
11322,44219,1446613262,0,NULL,NULL
11322,44071,1446613262,1,1.0,1.0
11322,44001,1446613262,0,0.0,0.0
11322,44060,1446613262,0,0.0,0.0
11322,43999,1446613262,0,0.0,0.0
11322,43124,1446613262,0,0.0,0.0
11322,43423,1446613262,0,0.0,0.0
11322,44550,1446613262,-1,-1.0,NULL
11322,46146,1446613262,0,0.0,NULL
11322,46198,1446613262,0,NULL,NULL
11322,46013,1446613262,0,0.0,NULL
11322,45973,1446613262,0,0.0,NULL
11322,46072,1446613262,-1,NULL,NULL
11322,46120,1446613262,-1,-1.0,-1.0
11322,43124,1446634088,0,0.0,0.0
11322,45973,1446634088,0,0.0,NULL
11322,46013,1446634088,0,0.0,NULL
11324,46111,1446633471,0,0.0,0.0
11325,46114,1446538643,-1,-1.0,-1.0
11325,47490,1446538643,1,NULL,NULL
11325,51617,1446538643,0,0.0,0.0
11325,46751,1446538643,1,NULL,NULL
11325,47847,1446538643,0,NULL,NULL
11325,47864,1446538643,0,0.0,0.0
11325,44071,1446538643,-1,-1.0,-1.0
11325,43999,1446538643,0,NULL,NULL
11325,44219,1446538643,0,NULL,NULL
11325,44001,1446538643,0,0.0,0.0
11325,44550,1446538643,1,1.0,NULL
11325,44060,1446538643,0,0.0,0.0
11325,37742,1446538643,0,-1.0,NULL
11325,40822,1446538643,1,NULL,NULL
11325,40306,1446538643,0,NULL,NULL
11325,41285,1446538643,0,0.0,0.0
11325,44550,1446582652,1,1.0,NULL
11325,43999,1446582652,0,0.0,0.0
11325,44060,1446582652,0,0.0,0.0
11325,44001,1446582652,0,0.0,0.0
11325,44071,1446582652,-1,-1.0,-1.0
11325,44219,1446582652,0,NULL,NULL
11325,37742,1446582652,0,0.0,NULL
11325,41285,1446582652,0,0.0,0.0
11325,40822,1446582652,1,NULL,NULL
11325,40306,1446582652,0,NULL,NULL
11325,46751,1446582652,1,NULL,NULL
11325,46114,1446582652,-1,-1.0,-1.0
11325,47847,1446582652,0,NULL,NULL
11325,47490,1446582652,1,NULL,NULL
11325,51617,1446582652,0,0.0,0.0
11325,47864,1446582652,0,0.0,0.0
11327,47490,1446545891,-1,NULL,NULL
11328,46114,1446453499,-1,0.0,0.0
11328,46114,1446492776,-1,0.0,0.0
11330,37742,1446013285,0,-1.0,NULL
11330,37747,1446013285,1,NULL,NULL
11330,40308,1446013285,0,0.0,0.0
11330,40272,1446013285,0,NULL,NULL
11330,40318,1446013285,0,NULL,NULL
11330,39830,1446013285,0,0.0,0.0
11330,39546,1446013285,0,0.0,0.0
11330,39614,1446013285,0,0.0,0.0
11330,41496,1446013285,0,0.0,0.0
11330,40310,1446013285,1,NULL,NULL
11330,40320,1446013285,1,1.0,1.0
11330,41147,1446013285,-1,NULL,NULL
11330,41865,1446013285,1,NULL,NULL
11330,42960,1446013285,0,0.0,NULL
11330,43007,1446013285,0,0.0,0.0
11330,44070,1446013285,0,1.0,1.0
11330,43141,1446013285,1,NULL,NULL
11330,43126,1446013285,1,1.0,1.0
11330,43972,1446013285,-1,NULL,NULL
11330,44219,1446013285,0,NULL,NULL
11330,43988,1446013285,0,0.0,0.0
11330,46120,1446013285,1,1.0,1.0
11330,46153,1446013285,0,NULL,NULL
11330,45947,1446013285,0,0.0,0.0
11330,46247,1446013285,0,0.0,NULL
11330,45943,1446013285,0,0.0,0.0
11330,45973,1446013285,0,0.0,NULL
11330,46096,1446013285,1,NULL,NULL
11330,46126,1446013285,1,NULL,NULL
11330,46296,1446013285,1,1.0,NULL
11330,47513,1446013285,0,NULL,NULL
11330,46751,1446013285,1,NULL,NULL
11330,52051,1446013285,1,NULL,NULL
11330,37742,1446470301,0,0.0,NULL
11330,46751,1446470301,1,NULL,NULL
11331,46114,1446118498,0,0.0,0.0
11331,46114,1446470189,0,-1.0,-1.0
11333,41285,1446462274,0,0.0,0.0
11335,45205,1446461772,0,NULL,NULL
11335,52011,1446461772,0,NULL,NULL
11335,52012,1446461772,0,NULL,NULL
11335,52008,1446461772,0,0.0,0.0
11335,52009,1446461772,0,0.0,0.0
11337,46198,1446288906,0,NULL,NULL
11337,46120,1446288906,1,1.0,1.0
11337,43423,1446288906,0,0.0,0.0
11337,41480,1446288906,0,0.0,0.0
11337,39668,1446288906,1,NULL,NULL
11338,46120,1446277635,-1,-1.0,-1.0
11338,46198,1446277635,0,NULL,NULL
11338,43423,1446277635,0,0.0,0.0
11338,41480,1446277635,0,0.0,0.0
11338,39668,1446277635,-1,NULL,NULL
11340,46974,1446182685,0,0.0,0.0
11340,45973,1446182685,0,0.0,NULL
11340,46013,1446182685,0,1.0,1.0
11340,46146,1446182685,0,0.0,NULL
11340,46072,1446182685,1,NULL,NULL
11340,46120,1446182685,1,-1.0,-1.0
11340,37746,1446182685,0,NULL,NULL
11340,37820,1446182685,-1,NULL,NULL
11340,40282,1446182685,0,0.0,0.0
11340,41480,1446182685,0,-1.0,-1.0
11340,40821,1446182685,1,NULL,NULL
11340,43124,1446182685,0,0.0,0.0
11340,46120,1446220954,1,-1.0,-1.0
11340,41480,1446220954,0,0.0,0.0
11347,46114,1446128578,0,0.0,0.0
11348,52051,1446099291,1,1.0,1.0
11348,46126,1446099291,1,NULL,NULL
11348,46296,1446099291,1,1.0,NULL
11348,47513,1446099291,0,NULL,NULL
11348,45947,1446099291,0,0.0,0.0
11348,46153,1446099291,0,NULL,NULL
11348,46247,1446099291,0,0.0,NULL
11348,45756,1446099291,1,1.0,NULL
11348,45973,1446099291,0,0.0,NULL
11348,46096,1446099291,1,NULL,NULL
11348,45930,1446099291,0,0.0,0.0
11348,45943,1446099291,0,0.0,0.0
11348,46120,1446099291,1,1.0,1.0
11348,44219,1446099291,0,NULL,NULL
11348,43988,1446099291,0,0.0,0.0
11348,43141,1446099291,1,NULL,NULL
11348,44070,1446099291,0,0.0,0.0
11348,43126,1446099291,1,1.0,1.0
11348,43007,1446099291,0,0.0,0.0
11348,43972,1446099291,-1,NULL,NULL
11348,40310,1446099291,1,NULL,NULL
11348,40320,1446099291,1,1.0,1.0
11348,40308,1446099291,0,0.0,0.0
11348,41496,1446099291,0,0.0,0.0
11348,40318,1446099291,0,NULL,NULL
11348,40272,1446099291,0,0.0,NULL
11348,41865,1446099291,1,1.0,NULL
11348,41147,1446099291,-1,NULL,NULL
11348,41145,1446099291,1,NULL,NULL
11348,42960,1446099291,0,0.0,NULL
11348,37747,1446099291,1,NULL,NULL
11348,39830,1446099291,0,0.0,0.0
11348,39614,1446099291,0,0.0,0.0
11348,39546,1446099291,0,0.0,0.0
11350,45973,1446096495,0,0.0,NULL
11350,46096,1446096495,-1,NULL,NULL
11350,46247,1446096495,0,0.0,NULL
11350,45947,1446096495,0,0.0,0.0
11350,45943,1446096495,0,0.0,0.0
11350,46153,1446096495,0,NULL,NULL
11350,46120,1446096495,-1,-1.0,-1.0
11350,46126,1446096495,-1,NULL,NULL
11350,46296,1446096495,-1,-1.0,NULL
11350,47513,1446096495,0,NULL,NULL
11350,52051,1446096495,-1,NULL,NULL
11350,41865,1446096495,-1,NULL,NULL
11350,41147,1446096495,1,NULL,NULL
11350,40272,1446096495,0,NULL,NULL
11350,40318,1446096495,0,NULL,NULL
11350,39830,1446096495,0,0.0,0.0
11350,41496,1446096495,0,0.0,0.0
11350,40310,1446096495,-1,NULL,NULL
11350,40320,1446096495,-1,-1.0,-1.0
11350,40308,1446096495,0,0.0,0.0
11350,37747,1446096495,-1,NULL,NULL
11350,39546,1446096495,0,0.0,0.0
11350,39614,1446096495,0,0.0,0.0
11350,43972,1446096495,1,NULL,NULL
11350,43988,1446096495,0,0.0,0.0
11350,44219,1446096495,0,NULL,NULL
11350,43141,1446096495,-1,NULL,NULL
11350,44070,1446096495,0,0.0,0.0
11350,43126,1446096495,-1,-1.0,-1.0
11350,42960,1446096495,0,0.0,NULL
11350,43007,1446096495,0,0.0,0.0
11351,41145,1446090676,-1,NULL,NULL
11351,45756,1446090676,-1,-1.0,NULL
11351,45930,1446090676,0,0.0,0.0
11352,43126,1445971534,-1,-1.0,-1.0
11352,43141,1445971534,-1,NULL,NULL
11352,39546,1445971534,0,0.0,0.0
11352,37747,1445971534,-1,NULL,NULL
11352,39830,1445971534,0,0.0,NULL
11352,46296,1445971534,-1,NULL,NULL
11352,45943,1445971534,0,0.0,0.0
11352,46247,1445971534,0,NULL,NULL
11352,45973,1445971534,0,0.0,NULL
11352,41145,1446058317,-1,NULL,NULL
11352,39830,1446058317,0,0.0,0.0
11352,37747,1446058317,-1,NULL,NULL
11352,39546,1446058317,0,0.0,0.0
11352,43141,1446058317,-1,NULL,NULL
11352,43126,1446058317,-1,-1.0,-1.0
11352,45756,1446058317,-1,-1.0,NULL
11352,45973,1446058317,0,0.0,NULL
11352,45930,1446058317,0,0.0,0.0
11352,45943,1446058317,0,0.0,0.0
11352,46247,1446058317,0,0.0,NULL
11352,46296,1446058317,-1,-1.0,NULL
11352,39546,1446067480,0,0.0,0.0
11352,39830,1446067480,0,0.0,0.0
11352,37747,1446067480,1,NULL,NULL
11352,41145,1446067480,1,NULL,NULL
11352,43126,1446067480,1,1.0,1.0
11352,43141,1446067480,1,NULL,NULL
11352,45943,1446067480,0,0.0,0.0
11352,45930,1446067480,0,0.0,0.0
11352,45973,1446067480,0,0.0,NULL
11352,45756,1446067480,1,1.0,NULL
11352,46247,1446067480,0,0.0,NULL
11352,46296,1446067480,1,1.0,NULL
11353,46198,1446041159,0,NULL,NULL
11353,39668,1446041159,-1,0.0,NULL
11354,45930,1446032823,0,0.0,0.0
11354,45756,1446032823,-1,-1.0,NULL
11354,41145,1446032823,-1,NULL,NULL
11356,41145,1445840999,1,NULL,NULL
11356,41145,1446029782,1,NULL,NULL
11357,46247,1445979855,0,0.0,NULL
11357,45756,1445979855,1,0.0,NULL
11357,45756,1446028745,1,1.0,NULL
11358,45930,1443584125,0,0.0,0.0
11358,37742,1446028172,0,0.0,NULL
11358,45930,1446028172,0,0.0,0.0
11358,46751,1446028172,-1,NULL,NULL
11360,41147,1446011376,1,NULL,NULL
11360,41496,1446011376,0,0.0,0.0
11360,41865,1446011376,-1,NULL,NULL
11360,40320,1446011376,-1,-1.0,-1.0
11360,40310,1446011376,-1,NULL,NULL
11360,40308,1446011376,0,0.0,0.0
11360,40272,1446011376,0,NULL,NULL
11360,40318,1446011376,0,NULL,NULL
11360,39830,1446011376,0,0.0,0.0
11360,37747,1446011376,-1,NULL,NULL
11360,39546,1446011376,0,0.0,0.0
11360,39614,1446011376,0,0.0,0.0
11360,43141,1446011376,-1,NULL,NULL
11360,44070,1446011376,0,-1.0,-1.0
11360,43126,1446011376,-1,-1.0,-1.0
11360,43007,1446011376,0,0.0,0.0
11360,42960,1446011376,0,NULL,NULL
11360,43988,1446011376,0,0.0,0.0
11360,44219,1446011376,0,NULL,NULL
11360,43972,1446011376,1,NULL,NULL
11360,46096,1446011376,-1,NULL,NULL
11360,45973,1446011376,0,0.0,NULL
11360,46120,1446011376,-1,-1.0,-1.0
11360,45943,1446011376,0,0.0,0.0
11360,46247,1446011376,0,0.0,NULL
11360,45947,1446011376,0,0.0,0.0
11360,46153,1446011376,0,NULL,NULL
11360,47513,1446011376,0,NULL,NULL
11360,46296,1446011376,-1,-1.0,NULL
11360,46126,1446011376,-1,NULL,NULL
11360,52051,1446011376,-1,NULL,NULL
11361,46296,1446009996,1,1.0,NULL
11361,45973,1446009996,0,0.0,NULL
11361,45943,1446009996,0,0.0,0.0
11361,37747,1446009996,1,NULL,NULL
11361,39546,1446009996,0,0.0,0.0
11361,39830,1446009996,0,0.0,NULL
11361,45756,1446009996,-1,-1.0,NULL
11361,43126,1446009996,1,1.0,1.0
11361,43141,1446009996,1,NULL,NULL
11364,45973,1443437666,0,-1.0,NULL
11364,43126,1443437666,1,0.0,0.0
11364,43141,1443437666,1,0.0,0.0
11364,41147,1443437666,1,NULL,NULL
11364,41865,1443437666,-1,0.0,NULL
11364,43141,1445928475,1,NULL,NULL
11364,43126,1445928475,1,1.0,1.0
11364,45973,1445928475,0,0.0,NULL
11365,46247,1445861427,0,0.0,NULL
11365,46247,1445883385,0,0.0,NULL
11367,46247,1445866169,0,0.0,NULL
11368,45930,1443606810,0,0.0,0.0
11368,47513,1443698801,0,NULL,NULL
11368,40318,1443698801,0,NULL,NULL
11368,40308,1443698801,0,NULL,NULL
11368,40310,1443698801,-1,NULL,NULL
11368,40320,1443698801,-1,-1.0,-1.0
11368,41145,1445849941,-1,NULL,NULL
11372,43972,1442150010,1,NULL,NULL
11372,44219,1445803377,0,NULL,NULL
11372,43972,1445803377,-1,NULL,NULL
11373,42960,1445688127,0,NULL,NULL
11374,51617,1445608743,0,NULL,NULL
11374,43972,1445670896,1,NULL,NULL
11374,44219,1445670896,0,NULL,NULL
11374,39614,1445670896,0,0.0,0.0
11374,40272,1445670896,0,NULL,NULL
11374,52051,1445670896,1,NULL,NULL
11376,52051,1445520950,1,0.0,0.0
11376,44550,1445624343,-1,0.0,0.0
11376,40272,1445624343,0,NULL,NULL
11376,39614,1445624343,0,0.0,0.0
11376,52051,1445624343,1,NULL,NULL
11376,51617,1445624343,0,NULL,NULL
11376,47864,1445624343,0,NULL,NULL
11379,43972,1445594023,-1,NULL,NULL
11385,44070,1444968768,0,0.0,0.0
11385,43988,1444968768,0,NULL,NULL
11385,41147,1444968768,-1,NULL,NULL
11385,41865,1444968768,1,NULL,NULL
11385,40318,1444968768,0,NULL,NULL
11385,40308,1444968768,0,NULL,NULL
11385,40320,1444968768,1,1.0,1.0
11385,40310,1444968768,1,NULL,NULL
11385,47513,1444968768,0,NULL,NULL
11385,46153,1444968768,0,NULL,NULL
11385,46126,1444968768,1,NULL,NULL
11385,46126,1444996478,1,NULL,NULL
11385,40272,1444996478,0,NULL,NULL
11387,40318,1444906967,0,NULL,NULL
11387,40308,1444906967,0,NULL,NULL
11387,41865,1444906967,-1,NULL,NULL
11387,41147,1444906967,1,NULL,NULL
11387,40320,1444906967,-1,-1.0,-1.0
11387,40310,1444906967,-1,NULL,NULL
11387,43988,1444906967,0,NULL,NULL
11387,44070,1444906967,0,0.0,0.0
11387,46153,1444906967,0,NULL,NULL
11387,47513,1444906967,0,NULL,NULL
11390,44070,1444568232,0,0.0,0.0
11390,43988,1444568232,0,NULL,NULL
11390,46153,1444568252,0,NULL,NULL
11390,46153,1444568253,0,NULL,NULL
11390,46153,1444768714,0,NULL,NULL
11391,46153,1444571703,0,NULL,NULL
11391,44070,1444571703,0,0.0,0.0
11391,43988,1444571703,0,NULL,NULL
11393,44070,1443171663,0,-1.0,-1.0
11393,43988,1443171663,0,-1.0,-1.0
11393,43988,1444395148,0,NULL,NULL
11393,44070,1444395148,0,0.0,0.0
11397,43423,1444142472,0,0.0,0.0
11398,41865,1443384843,1,-1.0,NULL
11398,41147,1443384843,-1,NULL,NULL
11398,47513,1444022848,0,NULL,NULL
11398,40318,1444022848,0,NULL,NULL
11398,40308,1444022848,0,NULL,NULL
11398,40320,1444022848,-1,-1.0,-1.0
11398,40310,1444022848,-1,NULL,NULL
11398,41147,1444022848,-1,NULL,NULL
11398,41865,1444022848,1,NULL,NULL
11398,47513,1444025175,0,NULL,NULL
11398,40310,1444025175,1,NULL,NULL
11398,40320,1444025175,1,1.0,1.0
11398,40308,1444025175,0,NULL,NULL
11398,40318,1444025175,0,NULL,NULL
11399,40318,1443608031,0,NULL,NULL
11399,40308,1443608031,0,NULL,NULL
11399,40310,1443608031,1,0.0,NULL
11399,40320,1443608031,1,0.0,0.0
11399,47513,1443608031,0,NULL,NULL
11399,40318,1443794975,0,NULL,NULL
11399,40308,1443794975,0,NULL,NULL
11399,40320,1443794975,1,1.0,1.0
11399,40310,1443794975,1,NULL,NULL
11399,47513,1443794975,0,NULL,NULL
11404,46055,1442686221,1,1.0,NULL
11404,41432,1442686221,-1,-1.0,NULL
11404,41678,1442686221,0,0.0,0.0
11404,41668,1442686221,-1,-1.0,-1.0
11404,41865,1442686221,-1,0.0,NULL
11404,41333,1442686221,-1,NULL,NULL
11404,46133,1442686221,1,0.0,NULL
11404,46938,1442686221,1,NULL,NULL
11404,46916,1442686221,-1,0.0,0.0
11404,47691,1442686221,-1,-1.0,-1.0
11404,46938,1443101716,1,NULL,NULL
11404,46133,1443101716,1,NULL,NULL
11406,47691,1442470821,-1,-1.0,-1.0
11406,41432,1442470821,-1,-1.0,NULL
11406,41678,1442470821,0,0.0,0.0
11406,41333,1442470821,-1,0.0,NULL
11406,41668,1442470821,-1,-1.0,-1.0
11406,46055,1442470821,1,1.0,NULL
11406,40822,1443101700,0,NULL,NULL
11408,41432,1443017075,1,1.0,NULL
11408,41333,1443017075,1,1.0,NULL
11408,41865,1443017075,1,1.0,NULL
11408,41668,1443017075,1,1.0,1.0
11408,37747,1443017075,1,1.0,NULL
11408,37748,1443017075,0,0.0,NULL
11408,46055,1443017075,-1,-1.0,NULL
11408,45216,1443017075,1,1.0,1.0
11408,45156,1443017075,1,NULL,NULL
11408,45081,1443017075,1,NULL,NULL
11408,46148,1443017075,1,NULL,NULL
11408,46916,1443017075,1,NULL,NULL
11408,47900,1443017075,0,NULL,NULL
11409,46055,1443014140,1,1.0,NULL
11409,45216,1443014140,-1,-1.0,-1.0
11409,46148,1443014140,-1,NULL,NULL
11409,45081,1443014140,-1,NULL,NULL
11409,45156,1443014140,-1,NULL,NULL
11409,41668,1443014140,-1,-1.0,-1.0
11409,41333,1443014140,-1,-1.0,NULL
11409,41432,1443014140,-1,-1.0,NULL
11409,41865,1443014140,-1,-1.0,NULL
11409,37747,1443014140,-1,NULL,NULL
11409,37748,1443014140,0,0.0,NULL
11409,47900,1443014140,0,NULL,NULL
11409,46916,1443014140,-1,NULL,NULL
11411,46111,1443005377,0,0.0,0.0
11413,47900,1442987501,0,NULL,NULL
11413,37748,1442987501,0,0.0,NULL
11414,37748,1442835554,-1,0.0,NULL
11414,39134,1442835554,0,NULL,NULL
11414,37742,1442835554,-1,-1.0,NULL
11414,37747,1442835554,0,0.0,NULL
11414,37863,1442835554,0,0.0,0.0
11414,39181,1442835554,0,0.0,0.0
11414,39182,1442835554,0,0.0,0.0
11414,39390,1442835554,0,NULL,NULL
11414,40306,1442835554,0,NULL,NULL
11414,41132,1442835554,-1,NULL,NULL
11414,39830,1442835554,0,0.0,NULL
11414,39725,1442835554,0,0.0,NULL
11414,40312,1442835554,-1,NULL,NULL
11414,40770,1442835554,0,0.0,0.0
11414,41134,1442835554,0,0.0,NULL
11414,44070,1442835554,-1,-1.0,-1.0
11414,42960,1442835554,-1,NULL,NULL
11414,41678,1442835554,0,0.0,0.0
11414,42784,1442835554,0,0.0,0.0
11414,42866,1442835554,0,0.0,NULL
11414,44565,1442835554,-1,-1.0,-1.0
11414,44638,1442835554,0,NULL,NULL
11414,44553,1442835554,0,NULL,NULL
11414,47900,1442835554,-1,-1.0,-1.0
11414,46289,1442835554,0,NULL,NULL
11414,47899,1442835554,0,0.0,0.0
11414,47915,1442835554,0,0.0,0.0
11414,52458,1442835554,1,1.0,1.0
11414,47901,1442835554,0,0.0,0.0
11414,47691,1442835554,-1,-1.0,-1.0
11414,46237,1442835554,-1,NULL,NULL
11414,52041,1442835554,-1,NULL,NULL
11414,47513,1442835554,-1,NULL,NULL
11414,46960,1442835554,-1,0.0,0.0
11414,46271,1442835554,1,1.0,NULL
11414,46967,1442835554,-1,NULL,NULL
11414,45947,1442835554,0,0.0,0.0
11414,46200,1442835554,-1,-1.0,-1.0
11414,45964,1442835554,0,0.0,0.0
11414,45944,1442835554,-1,NULL,NULL
11414,45949,1442835554,1,NULL,NULL
11414,46211,1442835554,0,1.0,NULL
11414,46148,1442835554,0,NULL,NULL
11414,46154,1442835554,0,0.0,0.0
11414,46078,1442835554,-1,NULL,NULL
11414,45938,1442835554,0,0.0,0.0
11414,46077,1442835554,-1,-1.0,-1.0
11414,44565,1442916822,-1,-1.0,-1.0
11414,44638,1442916822,1,NULL,NULL
11414,44553,1442916822,0,NULL,NULL
11417,41678,1442833040,0,0.0,0.0
11417,46938,1442833040,-1,0.0,NULL
11417,46133,1442833040,-1,NULL,NULL
11417,47691,1442833040,1,1.0,1.0
11419,47691,1442404792,-1,-1.0,-1.0
11419,46289,1442404792,0,NULL,NULL
11419,41678,1442404792,0,0.0,0.0
11419,44070,1442404792,-1,-1.0,-1.0
11419,41678,1442477398,0,0.0,0.0
11419,47691,1442477398,1,1.0,1.0
11421,47691,1441966149,1,1.0,1.0
11421,46289,1441966149,0,NULL,NULL
11421,40312,1442224672,-1,NULL,NULL
11421,46154,1442224672,0,0.0,0.0
11421,46148,1442224672,0,NULL,NULL
11421,47513,1442224672,-1,NULL,NULL
11421,52041,1442224672,-1,NULL,NULL
11421,47691,1442224672,1,1.0,1.0
11421,47691,1442387992,1,1.0,1.0
11423,47901,1441965639,0,NULL,NULL
11423,52458,1441965639,1,NULL,NULL
11423,47915,1441965639,0,NULL,NULL
11423,47899,1441965639,0,NULL,NULL
11423,46289,1441965639,0,NULL,NULL
11423,47900,1441965639,-1,NULL,NULL
11423,41134,1441965639,0,1.0,NULL
11423,41132,1441965639,-1,NULL,NULL
11423,37748,1441965639,-1,0.0,0.0
11423,46289,1442308241,0,NULL,NULL
11424,44070,1442304604,1,-1.0,-1.0
11424,44070,1442307438,1,1.0,1.0
11424,41159,1442307438,0,NULL,NULL
11428,45949,1442224923,-1,NULL,NULL
11428,45938,1442224923,0,0.0,0.0
11428,46078,1442224923,1,NULL,NULL
11428,46077,1442224923,1,1.0,1.0
11428,46211,1442224923,0,0.0,NULL
11428,46200,1442224923,1,1.0,1.0
11428,46271,1442224923,-1,-1.0,NULL
11428,45947,1442224923,0,0.0,NULL
11428,46967,1442224923,1,NULL,NULL
11428,47513,1442224923,1,NULL,NULL
11428,52041,1442224923,1,NULL,NULL
11428,46960,1442224923,1,0.0,0.0
11428,46237,1442224923,1,NULL,NULL
11428,47899,1442224923,0,NULL,NULL
11428,47915,1442224923,0,NULL,NULL
11428,47901,1442224923,0,NULL,NULL
11428,52458,1442224923,-1,NULL,NULL
11428,47900,1442224923,1,NULL,NULL
11428,47691,1442224923,-1,-1.0,-1.0
11428,39182,1442224923,0,0.0,0.0
11428,37863,1442224923,0,0.0,0.0
11428,37742,1442224923,1,1.0,NULL
11428,37747,1442224923,0,0.0,NULL
11428,39134,1442224923,0,NULL,NULL
11428,37748,1442224923,1,0.0,0.0
11428,39181,1442224923,0,0.0,0.0
11428,39390,1442224923,0,NULL,NULL
11428,39725,1442224923,0,0.0,NULL
11428,39830,1442224923,0,NULL,NULL
11428,40770,1442224923,0,0.0,0.0
11428,40312,1442224923,1,NULL,NULL
11428,40306,1442224923,0,NULL,NULL
11428,41132,1442224923,1,NULL,NULL
11428,42784,1442224923,0,0.0,0.0
11428,42866,1442224923,0,0.0,NULL
11428,41134,1442224923,0,0.0,NULL
11428,45944,1442224923,1,NULL,NULL
11428,45964,1442224923,0,0.0,0.0
11428,42960,1442224923,1,NULL,NULL
11430,40770,1442212278,0,0.0,0.0
11431,46237,1441967855,1,NULL,NULL
11431,46967,1441967855,-1,1.0,NULL
11431,45938,1441967855,0,-1.0,-1.0
11431,42784,1441967855,0,0.0,0.0
11431,42960,1441967855,1,0.0,0.0
11431,39181,1441967855,0,0.0,0.0
11431,39134,1441967855,0,NULL,NULL
11431,39390,1441967855,0,NULL,NULL
11431,42960,1442204266,1,NULL,NULL
11431,42784,1442204266,0,0.0,0.0
11431,39134,1442204266,0,NULL,NULL
11431,46237,1442204266,1,NULL,NULL
11431,45938,1442204266,0,0.0,0.0
11432,39725,1442010451,0,-1.0,-1.0
11432,45947,1442169944,0,0.0,NULL
11432,39725,1442169944,0,0.0,NULL
11432,39725,1442175840,0,0.0,NULL
11432,45947,1442175840,0,0.0,NULL
11440,46271,1440744851,1,1.0,1.0
11440,45716,1441117120,1,1.0,1.0
11440,47691,1441966595,-1,-1.0,-1.0
11440,42870,1441117120,1,1.0,NULL
11440,39593,1440406910,0,0.0,0.0
11440,42957,1440744851,0,NULL,NULL
11440,45729,1440744851,0,0.0,0.0
11440,46960,1441966595,1,0.0,0.0
11440,45744,1441117120,0,0.0,0.0
11440,42872,1440744851,0,NULL,NULL
11440,44048,1440744851,0,NULL,NULL
11440,42871,1441117120,0,0.0,0.0
11440,39593,1440744851,1,0.0,0.0
11440,42957,1440406910,0,NULL,NULL
11440,41145,1440744851,0,NULL,NULL
11440,45756,1441117120,0,0.0,NULL
11440,42869,1440406910,0,NULL,NULL
11440,45729,1441117120,0,0.0,0.0
11440,42869,1441117120,0,NULL,NULL
11440,40194,1440744851,-1,NULL,NULL
11440,52062,1440744851,0,NULL,NULL
11440,45744,1440406910,0,0.0,0.0
11440,44219,1440744851,1,NULL,NULL
11440,43037,1440744851,0,NULL,NULL
11440,42864,1440406910,-1,NULL,NULL
11440,42866,1441966595,0,0.0,NULL
11440,46271,1440406910,1,0.0,0.0
11440,42866,1440744851,0,0.0,NULL
11440,45700,1440406910,0,-1.0,-1.0
11440,47683,1440744851,-1,NULL,NULL
11440,42966,1441117120,1,0.0,0.0
11440,44279,1440744851,1,0.0,0.0
11440,44540,1440744851,-1,NULL,NULL
11440,45716,1440744851,1,1.0,1.0
11440,46271,1441117120,1,1.0,1.0
11440,44469,1440744851,-1,-1.0,NULL
11440,42966,1440406910,1,1.0,1.0
11440,41153,1440744851,1,NULL,NULL
11440,42869,1440744851,0,NULL,NULL
11440,45700,1440744851,0,1.0,1.0
11440,42864,1440744851,-1,NULL,NULL
11440,44284,1440744851,0,0.0,0.0
11440,39593,1441117120,1,0.0,NULL
11440,45700,1441117120,0,0.0,NULL
11440,42872,1440406910,0,NULL,NULL
11440,45756,1440744851,0,-1.0,NULL
11440,46271,1441864890,-1,-1.0,NULL
11440,42966,1440744851,1,1.0,1.0
11440,43972,1440744851,1,NULL,NULL
11440,52061,1440744851,0,NULL,NULL
11440,42866,1441117120,0,0.0,NULL
11440,37747,1440744851,-1,0.0,NULL
11440,42870,1440744851,1,1.0,NULL
11440,42864,1441117120,-1,NULL,NULL
11440,42770,1440744851,-1,-1.0,-1.0
11440,41839,1440744851,0,0.0,0.0
11440,46271,1441966595,-1,-1.0,NULL
11440,42871,1440744851,0,0.0,0.0
11440,43963,1440744851,-1,NULL,NULL
11440,45756,1440406910,0,1.0,1.0
11442,52041,1441950132,-1,NULL,NULL
11442,46154,1441950132,0,0.0,0.0
11442,47513,1441950132,-1,NULL,NULL
11442,46148,1441950132,0,NULL,NULL
11442,40312,1441950132,-1,0.0,NULL
11443,46054,1441719269,0,1.0,NULL
11443,46154,1441719269,0,0.0,0.0
11443,46148,1441719269,0,NULL,NULL
11443,40306,1441800495,0,0.0,NULL
11443,46148,1441800495,0,NULL,NULL
11443,46154,1441800495,0,0.0,0.0
11445,43972,1441621917,-1,NULL,NULL
11445,45829,1441621917,-1,-1.0,NULL
11445,45828,1441621917,-1,NULL,NULL
11445,45833,1441621917,-1,NULL,NULL
11445,45835,1441621917,0,0.0,0.0
11445,45840,1441621917,-1,NULL,NULL
11445,45827,1441621917,-1,NULL,NULL
11445,46148,1441621917,1,NULL,NULL
11445,46296,1441621917,0,NULL,NULL
11445,46955,1441785558,1,NULL,NULL
11445,46296,1441785558,0,0.0,NULL
11445,45835,1441785558,0,0.0,0.0
11445,43972,1441785558,0,NULL,NULL
11445,45828,1441785558,1,NULL,NULL
11445,45829,1441785558,1,1.0,NULL
11445,45833,1441785558,1,NULL,NULL
11445,45840,1441785558,1,1.0,1.0
11445,45827,1441785558,1,1.0,1.0
11445,46148,1441785558,-1,NULL,NULL
11445,46211,1441785558,-1,-1.0,NULL
11445,46054,1441785558,0,0.0,NULL
11446,46146,1441775383,0,0.0,NULL
11446,44566,1441771548,1,NULL,NULL
11446,40306,1441771548,1,NULL,NULL
11446,46168,1441771548,0,NULL,NULL
11446,43442,1441771548,0,0.0,0.0
11446,46134,1441775383,0,0.0,0.0
11446,43988,1441775383,1,NULL,NULL
11446,47600,1441775383,-1,-1.0,-1.0
11446,47678,1441771548,1,NULL,NULL
11446,42725,1441771548,-1,NULL,NULL
11446,44553,1441775383,0,NULL,NULL
11446,47555,1441771548,1,NULL,NULL
11446,47547,1441771548,1,1.0,NULL
11446,43842,1441775383,0,0.0,0.0
11446,42869,1441775383,0,0.0,0.0
11446,41708,1441775383,-1,-1.0,-1.0
11446,42871,1441771548,0,0.0,0.0
11446,46089,1441771548,0,0.0,0.0
11446,43843,1441775383,0,0.0,0.0
11446,45209,1441775383,0,0.0,0.0
11446,45729,1441771548,0,0.0,0.0
11446,47411,1441771548,1,1.0,1.0
11446,41718,1441771548,1,NULL,NULL
11446,46120,1441771548,0,0.0,0.0
11446,44894,1441775383,0,NULL,NULL
11446,47437,1441775383,1,NULL,NULL
11446,42966,1441775383,-1,-1.0,NULL
11446,46247,1441775383,0,0.0,NULL
11446,47546,1441775383,-1,-1.0,-1.0
11446,43133,1441775383,0,0.0,0.0
11446,44483,1441775383,0,0.0,NULL
11446,47400,1441775383,-1,-1.0,-1.0
11446,45756,1441775383,-1,-1.0,NULL
11446,52061,1441771548,0,0.0,0.0
11446,40308,1441771548,1,NULL,NULL
11446,41550,1441771548,0,NULL,NULL
11446,46129,1441771548,0,0.0,0.0
11446,46184,1441771548,1,0.0,0.0
11446,46301,1441771548,0,NULL,NULL
11446,45729,1441775383,0,0.0,0.0
11446,44559,1441771548,0,0.0,0.0
11446,41713,1441771548,1,NULL,NULL
11446,43120,1441771548,1,-1.0,NULL
11446,43857,1441775383,0,NULL,NULL
11446,45835,1441775383,0,0.0,0.0
11446,46137,1441775383,0,0.0,0.0
11446,46138,1441775383,0,0.0,0.0
11446,43852,1441775383,0,0.0,0.0
11446,47410,1441771548,0,NULL,NULL
11446,45920,1441771548,1,1.0,NULL
11446,47546,1441771548,1,1.0,NULL
11446,47404,1441775383,-1,-1.0,-1.0
11446,47411,1441775383,-1,-1.0,-1.0
11446,39462,1441771548,0,0.0,0.0
11446,46106,1441775383,0,0.0,0.0
11446,44219,1441775383,-1,NULL,NULL
11446,41802,1441775383,-1,NULL,NULL
11446,43432,1441775383,0,0.0,NULL
11446,46921,1441771548,-1,-1.0,-1.0
11446,44540,1441771548,-1,NULL,NULL
11448,37747,1441017784,-1,-1.0,NULL
11448,44279,1441017784,1,0.0,NULL
11448,44219,1441017784,1,NULL,NULL
11448,44284,1441017784,0,0.0,0.0
11448,44240,1441017784,0,0.0,0.0
11448,44483,1441017784,0,0.0,NULL
11448,44281,1441017784,-1,0.0,0.0
11448,47863,1441017784,0,NULL,NULL
11448,52061,1441017784,0,NULL,NULL
11448,52051,1441017784,0,NULL,NULL
11448,52062,1441017784,0,NULL,NULL
11448,47437,1441017784,-1,NULL,NULL
11448,45947,1441017784,0,0.0,NULL
11448,45947,1441638032,0,0.0,NULL
11448,46271,1441638032,-1,-1.0,-1.0
11448,46921,1441638032,-1,-1.0,-1.0
11448,47863,1441638032,0,NULL,NULL
11448,46296,1441638032,0,NULL,NULL
11448,52061,1441638032,0,0.0,0.0
11448,46148,1441638032,1,NULL,NULL
11448,46086,1441638032,1,1.0,NULL
11448,45700,1441638032,0,0.0,NULL
11448,45744,1441638032,0,0.0,0.0
11448,45840,1441638032,-1,-1.0,-1.0
11448,45827,1441638032,-1,NULL,NULL
11448,45716,1441638032,-1,-1.0,-1.0
11448,45756,1441638032,0,0.0,NULL
11448,45729,1441638032,0,0.0,0.0
11448,45828,1441638032,-1,NULL,NULL
11448,45833,1441638032,-1,NULL,NULL
11448,45829,1441638032,-1,-1.0,NULL
11448,52051,1441638032,0,0.0,0.0
11448,52062,1441638032,0,NULL,NULL
11448,47437,1441638032,-1,NULL,NULL
11448,39593,1441638032,-1,NULL,NULL
11448,37747,1441638032,-1,-1.0,NULL
11448,43972,1441638032,-1,NULL,NULL
11448,44483,1441638032,0,0.0,NULL
11448,44281,1441638032,-1,-1.0,-1.0
11448,44219,1441638032,1,NULL,NULL
11448,44240,1441638032,0,0.0,0.0
11448,44284,1441638032,0,0.0,0.0
11448,44021,1441638032,0,0.0,0.0
11448,44279,1441638032,1,NULL,NULL
11448,45835,1441638032,0,0.0,0.0
11448,42966,1441638032,-1,-1.0,NULL
11448,42869,1441638032,0,0.0,0.0
11448,42870,1441638032,-1,-1.0,NULL
11448,42864,1441638032,1,NULL,NULL
11448,42871,1441638032,0,0.0,0.0
11448,42866,1441638032,0,0.0,NULL
11448,41285,1441712719,0,0.0,0.0
11451,46148,1441110709,0,NULL,NULL
11451,46921,1441110709,-1,NULL,NULL
11451,44021,1441110709,0,0.0,0.0
11451,44219,1441110709,-1,NULL,NULL
11451,46086,1441110709,1,1.0,NULL
11451,46086,1441206316,1,1.0,NULL
11451,45700,1441206316,0,0.0,NULL
11451,45716,1441206316,-1,-1.0,-1.0
11451,45744,1441206316,0,0.0,0.0
11451,45756,1441206316,0,0.0,NULL
11451,45729,1441206316,0,0.0,0.0
11451,44219,1441206316,-1,NULL,NULL
11451,43972,1441206316,-1,NULL,NULL
11451,44021,1441206316,0,0.0,0.0
11451,42869,1441206316,0,0.0,0.0
11451,42966,1441206316,-1,-1.0,NULL
11451,42864,1441206316,1,NULL,NULL
11451,42870,1441206316,-1,-1.0,NULL
11451,42866,1441206316,0,0.0,NULL
11451,42871,1441206316,0,0.0,0.0
11451,39593,1441206316,-1,NULL,NULL
11451,46921,1441206316,-1,NULL,NULL
11451,46148,1441206316,0,NULL,NULL
11451,46271,1441206316,-1,-1.0,-1.0
11451,46148,1441265936,-1,NULL,NULL
11451,46148,1441446078,-1,NULL,NULL
11453,46271,1441300042,1,1.0,1.0
11453,46921,1441300042,1,NULL,NULL
11453,45947,1441300042,0,0.0,NULL
11453,46296,1441300042,0,NULL,NULL
11453,52051,1441300042,0,NULL,NULL
11453,47437,1441300042,1,NULL,NULL
11453,39593,1441300042,1,NULL,NULL
11453,37747,1441300042,1,1.0,NULL
11453,42871,1441300042,0,0.0,0.0
11453,42866,1441300042,0,0.0,NULL
11453,42870,1441300042,1,1.0,NULL
11453,42864,1441300042,-1,NULL,NULL
11453,42966,1441300042,1,1.0,NULL
11453,42869,1441300042,0,0.0,0.0
11453,44021,1441300042,0,0.0,0.0
11453,43972,1441300042,1,NULL,NULL
11453,44219,1441300042,1,NULL,NULL
11453,44284,1441300042,0,0.0,0.0
11453,44281,1441300042,1,1.0,1.0
11453,45729,1441300042,0,0.0,0.0
11453,45756,1441300042,0,0.0,NULL
11453,45829,1441300042,-1,NULL,NULL
11453,45833,1441300042,-1,NULL,NULL
11453,45828,1441300042,-1,NULL,NULL
11453,45835,1441300042,0,0.0,0.0
11453,45744,1441300042,0,0.0,0.0
11453,45827,1441300042,-1,NULL,NULL
11453,45840,1441300042,-1,NULL,NULL
11453,45716,1441300042,1,1.0,1.0
11453,45700,1441300042,0,0.0,NULL
11453,46086,1441300042,-1,-1.0,NULL
11453,43972,1441437058,0,NULL,NULL
11454,45834,1440676823,0,NULL,NULL
11454,45828,1441084470,1,NULL,NULL
11454,44284,1441166563,0,0.0,0.0
11454,42871,1441166563,0,0.0,0.0
11454,46296,1440676820,0,NULL,NULL
11454,45840,1440676820,0,NULL,NULL
11454,42966,1441166563,-1,-1.0,NULL
11454,52051,1441283750,0,NULL,NULL
11454,44281,1441166563,-1,-1.0,-1.0
11454,45729,1441166563,0,0.0,0.0
11454,42866,1441166563,0,0.0,NULL
11454,45828,1441166563,1,NULL,NULL
11454,44219,1441166563,-1,NULL,NULL
11454,45840,1440676820,0,NULL,NULL
11454,45833,1441097980,0,-1.0,NULL
11454,45827,1440676820,0,NULL,NULL
11454,42864,1441166563,1,NULL,NULL
11454,52051,1441166563,0,NULL,NULL
11454,46271,1441166563,-1,-1.0,-1.0
11454,45829,1440676820,0,NULL,NULL
11454,45840,1441084470,1,NULL,NULL
11454,45820,1440676819,0,NULL,NULL
11454,45835,1440676820,0,0.0,0.0
11454,45828,1440676820,1,0.0,0.0
11454,45700,1441166563,0,0.0,NULL
11454,39593,1441166563,-1,0.0,NULL
11454,45756,1441166563,0,0.0,NULL
11454,45820,1440676820,1,NULL,NULL
11454,45826,1440676820,0,NULL,NULL
11454,45827,1441166563,1,NULL,NULL
11454,44281,1441084470,-1,-1.0,-1.0
11454,45827,1441425617,1,NULL,NULL
11454,45827,1441084470,1,NULL,NULL
11454,45833,1441425617,1,NULL,NULL
11454,46296,1441425617,0,NULL,NULL
11454,45833,1441084470,1,1.0,NULL
11454,45947,1441084470,0,0.0,NULL
11454,42870,1441166563,-1,-1.0,NULL
11454,45835,1441425617,0,0.0,0.0
11454,45827,1440676820,0,NULL,NULL
11454,45835,1441283750,0,0.0,0.0
11454,45833,1440676823,1,0.0,NULL
11454,37747,1441166563,-1,-1.0,NULL
11454,45829,1440676821,1,NULL,NULL
11454,45840,1441283750,1,NULL,NULL
11454,45833,1440676820,1,0.0,NULL
11454,37747,1441283750,-1,-1.0,NULL
11454,44021,1441084470,0,0.0,0.0
11454,45827,1441283750,1,NULL,NULL
11454,45840,1441425617,1,NULL,NULL
11454,45829,1441084470,1,NULL,NULL
11454,45826,1440676821,0,NULL,NULL
11454,46054,1441425617,0,1.0,NULL
11454,46296,1441166563,0,NULL,NULL
11454,45835,1441166563,0,0.0,0.0
11454,45835,1441084470,0,0.0,0.0
11454,45829,1441425617,1,1.0,NULL
11454,42869,1441166563,0,NULL,NULL
11454,45947,1441283750,0,0.0,NULL
11454,45820,1440676821,1,NULL,NULL
11456,43972,1440758130,1,NULL,NULL
11456,44284,1440758130,0,0.0,0.0
11456,44240,1440758130,0,0.0,0.0
11456,44219,1440758130,-1,NULL,NULL
11456,44483,1440758130,0,0.0,NULL
11456,44279,1440758130,-1,0.0,NULL
11456,52062,1440758130,0,NULL,NULL
11456,52061,1440758130,0,NULL,NULL
11456,47863,1440758130,0,NULL,NULL
11456,45947,1440758130,0,0.0,NULL
11456,43972,1441185954,1,NULL,NULL
11460,44021,1441108319,0,0.0,0.0
11460,44219,1441108319,1,NULL,NULL
11462,45543,1440812108,1,0.0,0.0
11462,42657,1440812108,0,0.0,0.0
11462,46144,1440812108,0,0.0,0.0
11462,45392,1440812108,0,NULL,NULL
11462,46138,1440812108,0,0.0,0.0
11462,45938,1440812108,-1,-1.0,-1.0
11462,42936,1440812108,0,0.0,0.0
11462,41596,1440812108,0,0.0,0.0
11462,40314,1440812108,0,NULL,NULL
11462,43834,1440812108,0,0.0,0.0
11462,45993,1440812108,0,NULL,NULL
11462,44475,1440812108,0,0.0,0.0
11462,41289,1440812108,0,1.0,1.0
11462,46190,1440812108,0,0.0,NULL
11462,37742,1440812108,0,0.0,NULL
11462,43851,1440812108,0,0.0,0.0
11462,41294,1440812108,0,0.0,0.0
11462,46111,1440812108,0,0.0,0.0
11462,41149,1440812108,0,0.0,NULL
11462,43847,1440812108,0,0.0,0.0
11462,46202,1440812108,0,0.0,0.0
11462,46072,1440812108,0,NULL,NULL
11462,44293,1440812108,0,NULL,NULL
11462,43853,1440812108,1,0.0,0.0
11462,45899,1440812108,0,0.0,0.0
11462,43546,1440812108,0,NULL,NULL
11462,41658,1440812108,0,-1.0,-1.0
11462,44454,1440812108,0,1.0,NULL
11462,41672,1440812108,0,0.0,0.0
11462,45245,1440812108,0,0.0,NULL
11462,45828,1440812108,0,NULL,NULL
11462,45341,1440812108,0,NULL,NULL
11462,46094,1440812108,0,0.0,0.0
11462,43831,1440812108,0,NULL,NULL
11462,46304,1440812108,0,0.0,NULL
11462,45862,1440812108,0,NULL,NULL
11462,42630,1440812108,0,0.0,0.0
11462,46106,1440812108,0,0.0,0.0
11462,43425,1440812108,0,NULL,NULL
11462,45209,1440812108,0,0.0,0.0
11462,43832,1440812108,0,0.0,0.0
11462,46204,1440812108,0,-1.0,NULL
11462,47509,1440812108,0,NULL,NULL
11462,42939,1440812108,0,-1.0,-1.0
11462,46723,1440812108,0,0.0,0.0
11462,45536,1440812108,0,-1.0,-1.0
11462,46133,1440812108,0,NULL,NULL
11462,43584,1440812108,-1,0.0,0.0
11462,41252,1440812108,0,0.0,0.0
11462,46134,1440812108,0,0.0,0.0
11462,44895,1440812108,0,NULL,NULL
11462,44284,1440812108,0,0.0,0.0
11462,41341,1440812108,0,0.0,0.0
11462,46128,1440812108,1,NULL,NULL
11462,45644,1440812108,0,0.0,0.0
11462,41837,1440812108,0,NULL,NULL
11462,41364,1440812108,0,0.0,0.0
11462,46139,1440812108,0,0.0,0.0
11462,41796,1440812108,0,NULL,NULL
11462,45774,1440812108,0,0.0,0.0
11472,37747,1439203444,1,-1.0,NULL
11472,39630,1439203444,0,NULL,NULL
11472,39630,1440585526,0,NULL,NULL
11472,37747,1440585526,1,-1.0,NULL
11473,44048,1440585001,0,NULL,NULL
11474,43963,1440580516,-1,NULL,NULL
11474,41145,1440580516,0,NULL,NULL
11474,41153,1440580516,1,NULL,NULL
11474,41839,1440580516,0,0.0,0.0
11474,41839,1440584683,0,0.0,0.0
11475,42770,1440582353,1,-1.0,-1.0
11475,44469,1440582353,1,-1.0,NULL
11475,44540,1440582353,1,NULL,NULL
11475,40194,1440582353,1,NULL,NULL
11476,47683,1440582264,1,NULL,NULL
11478,46089,1440160459,0,0.0,0.0
11478,47297,1440160459,0,NULL,NULL
11478,39462,1440160459,0,0.0,0.0
11478,41153,1440580639,-1,NULL,NULL
11478,41145,1440580639,0,NULL,NULL
11478,41839,1440580639,0,0.0,0.0
11478,43963,1440580639,1,NULL,NULL
11480,39462,1440154904,0,0.0,0.0
11480,41153,1440154904,-1,NULL,NULL
11480,41145,1440154904,0,NULL,NULL
11480,47297,1440154904,0,-1.0,NULL
11480,46089,1440154904,0,0.0,0.0
11480,41145,1440579278,0,NULL,NULL
11480,41153,1440579278,-1,NULL,NULL
11484,44219,1440570590,1,NULL,NULL
11484,44279,1440570590,1,0.0,0.0
11484,44240,1440570590,0,NULL,NULL
11484,44284,1440570590,0,0.0,0.0
11484,43037,1440570590,0,NULL,NULL
11484,44483,1440570590,0,0.0,NULL
11484,47863,1440570590,0,NULL,NULL
11484,52062,1440570590,0,NULL,NULL
11484,52061,1440570590,0,NULL,NULL
11487,42872,1440005096,0,NULL,NULL
11487,42957,1440005096,0,NULL,NULL
11487,40071,1440005096,0,NULL,NULL
11487,39978,1440005096,0,NULL,NULL
11487,42872,1440048087,0,NULL,NULL
11487,42957,1440048087,0,NULL,NULL
11487,39978,1440405769,0,NULL,NULL
11487,40071,1440405769,0,NULL,NULL
11487,42957,1440405769,0,NULL,NULL
11487,42872,1440405769,0,NULL,NULL
11491,39375,1439958845,1,0.0,0.0
11491,46289,1439958845,1,NULL,NULL
11491,46289,1439959014,0,NULL,NULL
11491,46966,1439959014,1,NULL,NULL
11491,39375,1439980122,1,1.0,1.0
11491,46289,1439980122,1,NULL,NULL
11491,46966,1439980122,1,NULL,NULL
11492,43846,1439813530,0,0.0,NULL
11492,46153,1439961610,0,NULL,NULL
11492,46139,1439813530,0,0.0,0.0
11492,47692,1439817846,0,NULL,NULL
11492,46151,1439961610,0,NULL,NULL
11492,45156,1439961610,0,NULL,NULL
11492,46148,1439813530,0,1.0,1.0
11492,46088,1439961610,0,0.0,0.0
11492,37743,1439961610,0,NULL,NULL
11492,46150,1439813530,0,-1.0,-1.0
11492,45947,1439899488,0,-1.0,-1.0
11492,46108,1439961610,0,0.0,0.0
11492,46111,1439899488,0,-1.0,-1.0
11492,44878,1439961610,0,NULL,NULL
11492,45389,1439899488,0,0.0,0.0
11492,46114,1439961610,0,0.0,0.0
11492,46966,1439961610,-1,NULL,NULL
11492,46120,1439961610,0,0.0,0.0
11492,46135,1439899488,0,0.0,0.0
11492,39375,1439961610,-1,-1.0,-1.0
11492,46142,1439813530,0,0.0,0.0
11492,45947,1439813530,0,-1.0,-1.0
11492,46942,1439899488,0,NULL,NULL
11492,44894,1439813530,0,NULL,NULL
11492,46137,1439813530,0,0.0,0.0
11492,47490,1439813530,0,NULL,NULL
11492,46289,1439961610,-1,NULL,NULL
11492,46137,1439961610,0,0.0,0.0
11492,46090,1439961610,0,0.0,0.0
11492,41277,1439899488,0,NULL,NULL
11492,43852,1439961610,0,0.0,0.0
11492,47692,1439899488,0,NULL,NULL
11492,46136,1439961610,0,NULL,NULL
11492,41845,1439961610,0,0.0,0.0
11492,44878,1439899488,0,NULL,NULL
11492,46090,1439899488,0,0.0,0.0
11492,45226,1439899488,0,0.0,0.0
11492,46111,1439961610,0,0.0,0.0
11492,46166,1439813530,0,NULL,NULL
11492,46171,1439899488,0,-1.0,-1.0
11492,46168,1439813530,0,NULL,NULL
11492,46184,1439899488,0,1.0,1.0
11492,52268,1439817846,0,NULL,NULL
11492,46140,1439813530,0,0.0,0.0
11492,43843,1439813530,0,0.0,0.0
11492,38064,1439813530,1,1.0,1.0
11492,46942,1439961610,0,NULL,NULL
11492,45252,1439899488,0,NULL,NULL
11492,37742,1439813530,0,0.0,NULL
11492,38064,1439899500,-1,1.0,1.0
11492,45226,1439961610,0,0.0,0.0
11492,43857,1439899488,0,NULL,NULL
11492,46156,1439813530,0,NULL,NULL
11492,46156,1439961610,0,NULL,NULL
11492,43840,1439813530,0,NULL,NULL
11492,41830,1439961610,1,NULL,NULL
11492,46145,1439961610,0,0.0,0.0
11492,46106,1439961610,0,0.0,0.0
11492,45202,1439813530,0,NULL,NULL
11492,46106,1439899488,0,0.0,0.0
11496,47692,1439813408,0,NULL,NULL
11496,46153,1439813408,0,NULL,NULL
11496,52268,1439813408,0,NULL,NULL
11498,47677,1439787028,1,NULL,NULL
11498,45892,1439787028,1,1.0,NULL
11498,52552,1439787028,0,0.0,0.0
11498,41802,1439787028,1,NULL,NULL
11498,46211,1439787028,-1,-1.0,NULL
11498,45893,1439787028,0,0.0,0.0
11498,39789,1439787028,-1,NULL,NULL
11498,52268,1439812494,0,NULL,NULL
11498,45756,1439467784,0,0.0,0.0
11498,52059,1439787028,-1,NULL,NULL
11498,45899,1439787028,0,0.0,0.0
11498,46207,1439787028,1,1.0,NULL
11498,39700,1439787028,-1,NULL,NULL
11498,44469,1439787028,1,1.0,NULL
11498,43051,1439787028,0,0.0,0.0
11498,47600,1439787028,1,1.0,1.0
11498,46273,1439787028,-1,-1.0,-1.0
11498,45906,1439787028,-1,-1.0,-1.0
11498,43120,1439787028,1,1.0,1.0
11498,46007,1439787028,-1,NULL,NULL
11498,44021,1439787028,0,0.0,0.0
11498,52339,1439787028,1,NULL,NULL
11498,47175,1439787028,1,1.0,1.0
11498,47296,1439787028,1,NULL,NULL
11498,46992,1439787028,1,0.0,0.0
11498,46007,1439467784,-1,NULL,NULL
11498,45717,1439787028,1,NULL,NULL
11498,52247,1439787028,1,NULL,NULL
11498,45900,1439787028,1,NULL,NULL
11498,47692,1439812494,0,NULL,NULL
11498,41713,1439787028,1,NULL,NULL
11498,47227,1439787028,1,NULL,NULL
11498,45950,1439787028,1,1.0,1.0
11498,52268,1439467784,0,NULL,NULL
11498,52364,1439787028,1,NULL,NULL
11498,47410,1439787028,0,NULL,NULL
11498,43117,1439787028,1,NULL,NULL
11498,41715,1439787028,1,1.0,1.0
11498,43972,1439787028,0,NULL,NULL
11498,45756,1439787028,0,1.0,1.0
11498,47692,1439787028,0,NULL,NULL
11498,46233,1439787028,1,1.0,NULL
11498,44219,1439787028,0,NULL,NULL
11498,41718,1439787028,1,NULL,NULL
11498,52268,1439787028,0,NULL,NULL
11498,43335,1439787028,1,1.0,1.0
11498,47012,1439787028,1,NULL,NULL
11498,52354,1439787028,1,NULL,NULL
11498,45888,1439787028,-1,0.0,NULL
11498,46109,1439787028,1,NULL,NULL
11498,43951,1439787028,1,NULL,NULL
11498,46145,1439787028,1,1.0,1.0
11498,44296,1439787028,1,NULL,NULL
11498,41725,1439787028,1,1.0,NULL
11498,47208,1439787028,1,1.0,1.0
11498,45920,1439787028,1,1.0,NULL
11498,52346,1439787028,1,NULL,NULL
11498,45222,1439787028,1,1.0,NULL
11498,47418,1439787028,0,NULL,NULL
11498,39789,1439467784,-1,0.0,NULL
11500,46153,1439806908,1,NULL,NULL
11509,41684,1438681156,1,NULL,NULL
11509,47411,1438861595,-1,NULL,NULL
11509,45756,1438861595,-1,-1.0,-1.0
11509,45906,1439538418,1,NULL,NULL
11509,52236,1438861595,1,NULL,NULL
11509,44553,1438861595,0,NULL,NULL
11509,43133,1438861595,0,0.0,0.0
11509,47508,1438861595,0,NULL,NULL
11509,43140,1438861595,-1,NULL,NULL
11509,45973,1438861595,1,1.0,NULL
11509,46184,1438861595,-1,-1.0,-1.0
11509,46207,1438861595,-1,-1.0,NULL
11509,37743,1438861595,-1,NULL,NULL
11509,43120,1438861595,-1,NULL,NULL
11509,43227,1438861595,0,0.0,0.0
11509,44607,1438861595,0,NULL,NULL
11509,41711,1438861595,1,NULL,NULL
11509,42966,1438861595,-1,-1.0,-1.0
11509,41709,1438861595,0,0.0,NULL
11509,52543,1438861595,0,0.0,0.0
11509,41704,1438681156,1,NULL,NULL
11509,41709,1438681156,0,NULL,NULL
11509,46055,1438861595,-1,-1.0,NULL
11509,43312,1438861595,0,0.0,0.0
11509,46301,1438861595,0,NULL,NULL
11509,41708,1438861595,-1,NULL,NULL
11509,40306,1438861595,-1,NULL,NULL
11509,43008,1438861595,0,0.0,0.0
11509,45950,1438861595,1,1.0,NULL
11509,45759,1438861595,-1,NULL,NULL
11509,45833,1438861595,1,1.0,1.0
11509,41831,1438861595,0,0.0,0.0
11509,41707,1438681156,-1,NULL,NULL
11509,43986,1438861595,0,0.0,0.0
11509,41704,1438861595,-1,NULL,NULL
11509,41289,1438861595,-1,NULL,NULL
11509,41289,1438681156,1,NULL,NULL
11509,41702,1438681156,1,NULL,NULL
11509,41550,1438861595,0,NULL,NULL
11509,41715,1438681156,1,1.0,1.0
11509,47549,1438861595,-1,NULL,NULL
11509,40318,1438681156,1,NULL,NULL
11509,41707,1438861595,1,NULL,NULL
11509,37749,1438861595,0,0.0,0.0
11509,43671,1438861595,0,NULL,NULL
11509,41695,1438681156,1,NULL,NULL
11509,43981,1438861595,0,0.0,0.0
11509,47545,1438861595,-1,NULL,NULL
11509,42784,1438861595,0,0.0,0.0
11509,44220,1438861595,0,0.0,0.0
11509,42955,1438861595,-1,-1.0,-1.0
11509,39615,1438861595,0,0.0,0.0
11509,47414,1438861595,-1,NULL,NULL
11509,37827,1438861595,1,NULL,NULL
11509,39256,1438861595,0,NULL,NULL
11509,47404,1438861595,-1,NULL,NULL
11509,47669,1438861595,0,NULL,NULL
11509,43049,1438861595,-1,NULL,NULL
11509,41802,1439538418,-1,0.0,NULL
11509,46066,1438861595,1,NULL,NULL
11510,52252,1439535741,-1,NULL,NULL
11510,45890,1439535741,0,0.0,0.0
11510,45892,1439535741,1,0.0,0.0
11510,45900,1439535741,1,NULL,NULL
11510,45906,1439535741,-1,NULL,NULL
11510,45888,1439535741,-1,0.0,0.0
11510,39738,1439535741,1,NULL,NULL
11510,44021,1439535741,0,NULL,NULL
11510,41802,1439535741,1,0.0,0.0
11510,45950,1439535741,1,1.0,NULL
11510,45899,1439535741,0,NULL,NULL
11510,43972,1439535741,0,NULL,NULL
11510,44219,1439535741,0,NULL,NULL
11511,45900,1439533724,-1,NULL,NULL
11511,45892,1439533724,-1,0.0,0.0
11511,45888,1439533724,0,0.0,0.0
11511,45906,1439533724,1,NULL,NULL
11511,45899,1439533724,0,NULL,NULL
11511,45890,1439533724,0,0.0,0.0
11511,45888,1439533756,1,0.0,0.0
11511,45892,1439533804,0,0.0,0.0
11511,45889,1439533804,0,NULL,NULL
11513,45950,1439533615,-1,-1.0,NULL
11513,52252,1439533615,1,NULL,NULL
11514,44021,1439530056,0,NULL,NULL
11514,43972,1439530056,0,NULL,NULL
11515,43120,1439529580,-1,NULL,NULL
11515,45756,1439529580,0,0.0,0.0
11515,46007,1439529580,1,NULL,NULL
11515,46072,1439529580,0,1.0,NULL
11515,39738,1439529580,-1,NULL,NULL
11515,39789,1439529580,1,NULL,NULL
11515,41712,1439529580,-1,NULL,NULL
11520,45756,1439451710,0,0.0,0.0
11521,44469,1439292245,-1,-1.0,NULL
11521,43002,1439292245,-1,NULL,NULL
11521,45717,1439292245,0,0.0,NULL
11521,46055,1439292245,-1,-1.0,NULL
11521,46086,1439292245,-1,0.0,0.0
11521,46243,1439292245,0,NULL,NULL
11521,42725,1439292245,-1,NULL,NULL
11521,40033,1439292245,0,0.0,0.0
11521,46289,1439292245,-1,NULL,NULL
11521,52315,1439292245,0,0.0,0.0
11521,46921,1439292245,-1,NULL,NULL
11522,41712,1439276626,-1,NULL,NULL
11522,41256,1439276626,-1,NULL,NULL
11522,47419,1439276626,-1,-1.0,-1.0
11522,43981,1439276626,0,0.0,0.0
11522,41692,1439276626,-1,-1.0,-1.0
11522,42758,1439276626,1,NULL,NULL
11522,47555,1439276626,-1,NULL,NULL
11522,46207,1439276626,-1,-1.0,NULL
11522,41711,1439276626,1,NULL,NULL
11522,45920,1439276626,0,0.0,NULL
11522,44009,1439276626,1,1.0,1.0
11522,43671,1439276626,0,NULL,NULL
11522,43227,1439276626,0,0.0,0.0
11522,43140,1439276626,-1,NULL,NULL
11522,45899,1439276626,0,NULL,NULL
11522,47547,1439276626,-1,NULL,NULL
11522,43335,1439276626,1,1.0,1.0
11522,47683,1439276626,1,NULL,NULL
11522,52103,1439276626,0,0.0,0.0
11522,44070,1439276626,1,1.0,1.0
11522,43312,1439276626,0,0.0,0.0
11522,47546,1439276626,-1,NULL,NULL
11522,47414,1439276626,-1,NULL,NULL
11522,52545,1439276626,0,0.0,0.0
11522,41719,1439276626,-1,NULL,NULL
11522,41718,1439276626,-1,-1.0,NULL
11522,46289,1439276626,-1,NULL,NULL
11522,46301,1439276626,0,NULL,NULL
11522,41715,1439276626,-1,-1.0,-1.0
11522,46055,1439276626,1,1.0,NULL
11522,47549,1439276626,-1,NULL,NULL
11522,45915,1439276626,0,0.0,0.0
11522,45892,1439276626,0,0.0,0.0
11522,43988,1439276626,1,1.0,1.0
11522,41134,1439276626,-1,-1.0,NULL
11522,44466,1439276626,-1,-1.0,NULL
11522,52266,1439276626,1,NULL,NULL
11522,47692,1439276626,0,NULL,NULL
11522,41708,1439276626,-1,NULL,NULL
11522,39615,1439276626,0,0.0,0.0
11522,41821,1439276626,0,0.0,0.0
11522,46153,1439276626,0,NULL,NULL
11522,41729,1439276626,-1,-1.0,-1.0
11522,41703,1439276626,-1,NULL,NULL
11522,41550,1439276626,0,NULL,NULL
11522,43370,1439276626,0,0.0,0.0
11522,52268,1439276626,-1,NULL,NULL
11522,43420,1439276626,-1,-1.0,-1.0
11522,42784,1439276626,0,0.0,0.0
11522,46921,1439276626,1,NULL,NULL
11522,46766,1439276626,-1,-1.0,-1.0
11522,43308,1439276626,-1,NULL,NULL
11522,45888,1439276626,0,0.0,0.0
11522,46184,1439276626,-1,-1.0,-1.0
11522,47669,1439276626,0,NULL,NULL
11522,40308,1439276626,-1,-1.0,-1.0
11522,41695,1439276626,-1,NULL,NULL
11522,43049,1439276626,-1,NULL,NULL
11522,52252,1439276626,0,NULL,NULL
11522,41709,1439276626,0,0.0,0.0
11524,45717,1435727856,0,-1.0,-1.0
11524,44469,1435727856,1,0.0,NULL
11524,42725,1435727856,1,NULL,NULL
11524,43002,1435727856,1,0.0,0.0
11524,40033,1435727856,0,0.0,0.0
11524,46243,1435727856,0,NULL,NULL
11524,52315,1435727856,0,0.0,0.0
11524,42725,1439254853,1,NULL,NULL
11524,40033,1439254853,0,0.0,0.0
11524,39630,1439254853,0,NULL,NULL
11524,37747,1439254853,-1,-1.0,NULL
11524,46243,1439254853,0,NULL,NULL
11524,45717,1439254853,0,-1.0,-1.0
11524,43002,1439254853,1,0.0,NULL
11524,44469,1439254853,1,0.0,NULL
11524,52315,1439254853,0,0.0,0.0
11525,45756,1439198504,1,1.0,1.0
11525,45759,1439198504,0,NULL,NULL
11525,46055,1439198504,-1,-1.0,NULL
11525,46072,1439198504,-1,-1.0,NULL
11525,46247,1439198504,0,0.0,NULL
11525,46153,1439198504,0,NULL,NULL
11525,46086,1439198504,1,1.0,1.0
11525,52266,1439198504,0,-1.0,NULL
11525,46921,1439198504,1,-1.0,-1.0
11525,46247,1439201595,0,NULL,NULL
11525,46153,1439201595,0,NULL,NULL
11525,52266,1439201595,0,NULL,NULL
11525,45759,1439201595,0,NULL,NULL
11525,45756,1439201595,-1,-1.0,-1.0
11525,46055,1439201595,1,1.0,NULL
11525,46072,1439201595,1,1.0,NULL
11527,45756,1439191467,-1,-1.0,-1.0
11527,46153,1439191467,0,NULL,NULL
11527,46247,1439191467,0,NULL,NULL
11527,46072,1439191467,1,1.0,NULL
11527,46055,1439191467,1,1.0,NULL
11527,45759,1439191467,0,NULL,NULL
11528,46153,1438950600,0,NULL,NULL
11528,46153,1438958661,0,NULL,NULL
11531,45829,1438804702,1,NULL,NULL
11531,39920,1438804702,0,0.0,0.0
11531,44483,1438804702,0,0.0,NULL
11531,41711,1438804702,1,NULL,NULL
11531,47547,1438804702,-1,NULL,NULL
11531,46086,1438804702,-1,-1.0,-1.0
11531,47400,1438804702,-1,NULL,NULL
11531,42784,1438804702,0,0.0,0.0
11531,43972,1438804702,0,NULL,NULL
11531,47413,1438804702,-1,NULL,NULL
11531,44553,1438804702,0,NULL,NULL
11531,46247,1438804702,0,-1.0,NULL
11531,42966,1438804702,-1,-1.0,-1.0
11531,37747,1438804702,1,1.0,NULL
11531,41132,1438804702,1,NULL,NULL
11531,41715,1438804702,-1,-1.0,-1.0
11531,46066,1438804702,1,NULL,NULL
11531,40306,1438804702,-1,NULL,NULL
11531,43981,1438804702,0,0.0,0.0
11531,41692,1438804702,-1,-1.0,-1.0
11531,44067,1438804702,0,0.0,NULL
11531,39615,1438804702,0,0.0,0.0
11531,44066,1438804702,0,0.0,0.0
11531,41712,1438804702,-1,NULL,NULL
11531,47555,1438804702,-1,NULL,NULL
11531,47541,1438804702,-1,NULL,NULL
11531,41640,1438804702,-1,-1.0,-1.0
11531,41710,1438804702,-1,NULL,NULL
11531,41821,1438804702,0,0.0,0.0
11531,43974,1438804702,0,0.0,0.0
11531,47409,1438804702,-1,NULL,NULL
11531,45899,1438804702,0,NULL,NULL
11531,45890,1438804702,0,0.0,0.0
11531,52545,1438804702,0,0.0,0.0
11531,43442,1438804702,0,NULL,NULL
11531,52103,1438804702,0,0.0,0.0
11531,47678,1438804702,-1,NULL,NULL
11531,45307,1438804702,-1,-1.0,-1.0
11531,43842,1438804702,0,0.0,0.0
11531,37827,1438804702,1,NULL,NULL
11531,47545,1438804702,-1,NULL,NULL
11531,46184,1438804702,-1,-1.0,-1.0
11531,46766,1438804702,-1,NULL,NULL
11531,43312,1438804702,0,0.0,0.0
11531,47412,1438804702,-1,NULL,NULL
11531,51990,1438804702,1,1.0,1.0
11531,43335,1438804702,1,1.0,1.0
11531,43227,1438804702,0,0.0,0.0
11531,43140,1438804702,-1,NULL,NULL
11531,44464,1438804702,0,NULL,NULL
11531,39603,1438804702,-1,0.0,NULL
11531,47692,1438804702,0,NULL,NULL
11531,41658,1438804702,1,1.0,1.0
11531,52308,1438804702,-1,NULL,NULL
11531,44567,1438804702,1,1.0,1.0
11531,43310,1438804702,0,0.0,NULL
11531,46207,1438804702,-1,-1.0,NULL
11531,44469,1438804702,0,0.0,NULL
11531,41550,1438804702,0,NULL,NULL
11531,43308,1438804702,-1,NULL,NULL
11536,43049,1438614605,1,NULL,NULL
11536,42966,1438614605,1,1.0,1.0
11536,40306,1438614605,1,NULL,NULL
11536,40318,1438614605,1,NULL,NULL
11536,41710,1438614605,1,NULL,NULL
11536,41709,1438614605,-1,NULL,NULL
11536,41712,1438614605,1,NULL,NULL
11536,41289,1438614605,1,NULL,NULL
11536,41134,1438614605,1,1.0,NULL
11536,41705,1438614605,1,NULL,NULL
11536,41707,1438614605,-1,NULL,NULL
11536,41708,1438614605,1,NULL,NULL
11536,41703,1438614605,1,NULL,NULL
11536,41704,1438614605,1,NULL,NULL
11536,41692,1438614605,1,NULL,NULL
11536,41695,1438614605,1,NULL,NULL
11536,41702,1438614605,1,NULL,NULL
11536,52266,1438614605,0,1.0,NULL
11536,46766,1438614605,-1,NULL,NULL
11536,52266,1438689029,0,0.0,NULL
11542,41692,1438581110,1,NULL,NULL
11542,41640,1438581110,1,1.0,1.0
11542,45829,1438581110,-1,NULL,NULL
11542,47555,1438581110,1,NULL,NULL
11542,47541,1438581110,1,NULL,NULL
11542,47409,1438581110,1,NULL,NULL
11542,43370,1438581110,0,0.0,0.0
11542,47413,1438581110,1,NULL,NULL
11542,45543,1438581110,1,1.0,1.0
11542,47400,1438581110,1,NULL,NULL
11542,43008,1438581110,0,0.0,0.0
11542,42784,1438581110,0,0.0,0.0
11542,46086,1438581110,1,1.0,1.0
11542,40306,1438581110,1,NULL,NULL
11542,41695,1438581110,1,NULL,NULL
11542,43671,1438581110,0,NULL,NULL
11542,52103,1438581110,0,0.0,0.0
11542,41709,1438581110,-1,NULL,NULL
11542,47678,1438581110,1,NULL,NULL
11542,40318,1438581110,1,0.0,NULL
11542,46271,1438581110,0,0.0,0.0
11542,46921,1438581110,-1,NULL,NULL
11542,43420,1438581110,1,NULL,NULL
11542,43049,1438581110,1,0.0,NULL
11542,52366,1438581110,1,NULL,NULL
11542,39920,1438581110,0,0.0,0.0
11542,41702,1438581110,1,NULL,NULL
11542,45833,1438581110,-1,-1.0,-1.0
11542,47553,1438581110,1,NULL,NULL
11542,43308,1438581110,1,NULL,NULL
11542,45836,1438581110,0,0.0,NULL
11542,41550,1438581110,0,0.0,NULL
11542,45973,1438581110,-1,-1.0,NULL
11542,41712,1438581110,1,0.0,NULL
11542,46211,1438581110,0,0.0,NULL
11542,44464,1438581110,0,NULL,NULL
11542,41705,1438581110,1,NULL,NULL
11542,45307,1438581110,1,1.0,1.0
11542,41132,1438581110,-1,NULL,NULL
11542,52545,1438581110,0,NULL,NULL
11542,52306,1438581110,1,NULL,NULL
11542,41707,1438581110,-1,NULL,NULL
11542,52543,1438581110,0,0.0,0.0
11542,47213,1438581110,1,NULL,NULL
11542,47695,1438581110,1,NULL,NULL
11542,47548,1438581110,0,0.0,0.0
11542,39615,1438581110,0,0.0,0.0
11542,40321,1438581110,1,NULL,NULL
11542,52236,1438581110,-1,NULL,NULL
11542,43312,1438581110,0,0.0,0.0
11542,47414,1438581110,1,NULL,NULL
11542,45764,1438581110,1,NULL,NULL
11542,46184,1438581110,1,0.0,0.0
11542,41289,1438581110,1,NULL,NULL
11542,42758,1438581110,1,NULL,NULL
11542,46766,1438592964,-1,-1.0,-1.0
11542,47411,1438581110,1,NULL,NULL
11542,43988,1438581110,-1,NULL,NULL
11542,47683,1438581110,0,NULL,NULL
11542,47549,1438581110,1,NULL,NULL
11545,47553,1438432216,-1,NULL,NULL
11545,47547,1438432216,-1,NULL,NULL
11545,43133,1438432216,0,0.0,0.0
11545,40308,1438432216,-1,NULL,NULL
11545,46271,1438432216,0,-1.0,-1.0
11545,47555,1438432216,-1,NULL,NULL
11545,52366,1438432216,-1,NULL,NULL
11545,41134,1438432216,-1,-1.0,NULL
11545,42725,1438432216,-1,NULL,NULL
11545,47678,1438432216,-1,NULL,NULL
11545,46301,1438432216,0,NULL,NULL
11545,47411,1438432216,-1,NULL,NULL
11545,52266,1438432216,0,1.0,1.0
11545,42758,1438432216,0,NULL,NULL
11545,47185,1438432216,-1,NULL,NULL
11545,47692,1438432216,0,NULL,NULL
11545,41640,1438432216,-1,-1.0,-1.0
11545,45759,1438432216,-1,-1.0,NULL
11545,44464,1438432216,0,NULL,NULL
11545,43442,1438432216,0,NULL,NULL
11545,47549,1438432216,-1,NULL,NULL
11545,43227,1438432216,0,0.0,0.0
11545,43370,1438432216,0,0.0,0.0
11545,52236,1438432216,1,0.0,NULL
11545,43308,1438432216,-1,NULL,NULL
11545,47695,1438432216,-1,NULL,NULL
11545,47413,1438432216,-1,NULL,NULL
11545,37749,1438432216,0,0.0,0.0
11545,47683,1438432216,0,NULL,NULL
11545,47404,1438432216,-1,NULL,NULL
11545,43310,1438432216,0,0.0,NULL
11545,43842,1438432216,0,1.0,1.0
11545,47542,1438432216,-1,NULL,NULL
11545,46184,1438432216,-1,0.0,0.0
11545,52545,1438432216,0,NULL,NULL
11545,44469,1438432216,0,0.0,NULL
11545,47548,1438432216,0,0.0,0.0
11545,41550,1438432216,0,0.0,NULL
11545,43420,1438432216,-1,NULL,NULL
11545,47412,1438432216,-1,NULL,NULL
11545,47409,1438432216,-1,NULL,NULL
11545,43951,1438432216,0,0.0,0.0
11545,52308,1438432216,-1,NULL,NULL
11545,47527,1438432216,0,NULL,NULL
11545,47414,1438432216,-1,NULL,NULL
11545,47419,1438432216,-1,NULL,NULL
11545,47546,1438432216,-1,NULL,NULL
11545,43671,1438432216,0,NULL,NULL
11545,45307,1438432216,-1,-1.0,-1.0
11545,45899,1438432216,0,NULL,NULL
11545,47691,1438432216,-1,NULL,NULL
11545,47400,1438432216,-1,NULL,NULL
11545,40321,1438432216,-1,NULL,NULL
11545,46921,1438432216,1,NULL,NULL
11545,44313,1438432216,-1,NULL,NULL
11545,47669,1438432216,0,NULL,NULL
11545,39920,1438432216,0,0.0,0.0
11545,47213,1438432216,-1,NULL,NULL
11545,41658,1438432216,1,1.0,1.0
11545,47545,1438432216,-1,NULL,NULL
11548,46211,1438157443,0,0.0,NULL
11548,46086,1438157443,-1,-1.0,-1.0
11548,45829,1438157443,1,NULL,NULL
11548,45833,1438157443,1,1.0,1.0
11548,45973,1438157443,1,1.0,NULL
11548,52306,1438157443,-1,NULL,NULL
11548,46207,1438157443,-1,-1.0,NULL
11548,46921,1438157443,1,NULL,NULL
11548,47508,1438157443,0,NULL,NULL
11548,52268,1438157443,-1,NULL,NULL
11548,52543,1438157443,0,0.0,0.0
11548,42955,1438157443,-1,-1.0,-1.0
11548,42758,1438157443,-1,NULL,NULL
11548,41658,1438157443,1,-1.0,-1.0
11548,42784,1438157443,0,-1.0,-1.0
11548,43008,1438157443,0,0.0,0.0
11548,41729,1438157443,1,NULL,NULL
11548,41715,1438157443,1,1.0,1.0
11548,45899,1438157443,0,NULL,NULL
11548,43988,1438157443,1,NULL,NULL
11548,37747,1438157443,1,1.0,NULL
11548,39603,1438157443,-1,0.0,NULL
11548,39615,1438157443,0,0.0,0.0
11548,41718,1438157443,1,NULL,NULL
11548,40321,1438157443,-1,NULL,NULL
11548,41132,1438157443,1,NULL,NULL
11549,46086,1437720367,-1,-1.0,NULL
11549,41132,1437720367,1,-1.0,NULL
11549,46921,1438062752,0,NULL,NULL
11551,39603,1437920868,1,0.0,0.0
11551,39603,1437920868,-1,0.0,0.0
11555,45899,1437395457,0,NULL,NULL
11555,52543,1437645119,0,0.0,0.0
11555,46087,1437645119,1,NULL,NULL
11555,45915,1437645119,0,NULL,NULL
11555,45950,1437395457,-1,-1.0,NULL
11555,45955,1437645119,1,1.0,1.0
11555,44466,1437395457,0,0.0,NULL
11555,42758,1437645119,-1,NULL,NULL
11555,43140,1437645119,1,NULL,NULL
11555,46211,1437645119,0,-1.0,NULL
11555,51990,1437645119,-1,-1.0,-1.0
11555,46087,1437395457,1,0.0,NULL
11555,44567,1437645119,-1,-1.0,-1.0
11555,45833,1437645119,1,1.0,1.0
11555,44784,1437645119,0,NULL,NULL
11555,47419,1437645119,1,NULL,NULL
11555,44469,1437395457,0,0.0,NULL
11555,41706,1437645119,1,NULL,NULL
11555,44626,1437395457,-1,NULL,NULL
11555,43974,1437395457,0,0.0,NULL
11555,43981,1437395457,0,0.0,NULL
11555,44483,1437645119,0,0.0,NULL
11555,44554,1437645119,1,NULL,NULL
11555,47683,1437395457,-1,NULL,NULL
11555,44009,1437395457,-1,NULL,NULL
11555,45920,1437645119,0,0.0,NULL
11555,44067,1437645119,0,NULL,NULL
11555,45915,1437395457,0,NULL,NULL
11555,45833,1437395457,1,-1.0,-1.0
11555,44483,1437395457,0,0.0,NULL
11555,44576,1437395457,0,NULL,NULL
11555,52338,1437395457,0,NULL,NULL
11555,41821,1437395457,0,0.0,0.0
11555,52337,1437395457,0,0.0,0.0
11555,44220,1437395457,0,NULL,NULL
11555,43986,1437645119,0,0.0,NULL
11555,43103,1437395457,0,NULL,NULL
11555,52288,1437645119,0,0.0,0.0
11555,43981,1437645119,0,0.0,0.0
11555,44554,1437395457,1,0.0,0.0
11555,47508,1437645119,1,1.0,NULL
11555,42972,1437395457,0,0.0,0.0
11555,52338,1437645119,0,NULL,NULL
11555,43335,1437645119,-1,-1.0,-1.0
11555,41686,1437395457,1,NULL,NULL
11555,45888,1437645119,0,0.0,0.0
11555,44466,1437645119,0,0.0,NULL
11555,41831,1437645119,0,0.0,0.0
11555,39256,1437645119,0,NULL,NULL
11555,44070,1437395457,-1,-1.0,-1.0
11555,47490,1437645119,0,NULL,NULL
11555,41719,1437645119,1,NULL,NULL
11555,41145,1437395457,-1,NULL,NULL
11555,37743,1437645119,1,NULL,NULL
11555,43133,1437645119,0,0.0,NULL
11555,42930,1437645119,-1,NULL,NULL
11555,42758,1437395457,-1,NULL,NULL
11555,37827,1437645119,-1,NULL,NULL
11555,37747,1437395457,-1,-1.0,NULL
11555,42972,1437645119,0,0.0,0.0
11557,46211,1437632295,0,-1.0,NULL
11558,52543,1437631725,0,0.0,0.0
11558,52268,1437631725,0,NULL,NULL
11558,52268,1437631726,0,NULL,NULL
11558,52543,1437631726,0,0.0,0.0
11558,52543,1437631726,0,0.0,0.0
11558,52268,1437631726,0,NULL,NULL
11560,42758,1436447191,1,0.0,0.0
11560,51990,1437124077,-1,-1.0,NULL
11560,47508,1437124077,1,NULL,NULL
11560,47683,1437124077,-1,NULL,NULL
11560,47490,1437124077,0,NULL,NULL
11560,46126,1437124077,1,0.0,0.0
11560,52252,1437124077,0,NULL,NULL
11560,52266,1437124077,-1,-1.0,-1.0
11560,47419,1437124077,1,NULL,NULL
11560,44469,1437124077,0,0.0,NULL
11560,44607,1437124077,-1,NULL,NULL
11560,43986,1437124077,0,NULL,NULL
11560,44553,1437124077,-1,NULL,NULL
11560,44576,1437124077,0,NULL,NULL
11560,44626,1437124077,-1,NULL,NULL
11560,44220,1437124077,0,NULL,NULL
11560,44067,1437124077,0,NULL,NULL
11560,44223,1437124077,0,1.0,1.0
11560,44483,1437124077,0,-1.0,NULL
11560,43972,1437124077,0,NULL,NULL
11560,44466,1437124077,0,0.0,NULL
11560,44784,1437124077,0,NULL,NULL
11560,44070,1437124077,-1,1.0,1.0
11560,43981,1437124077,0,0.0,NULL
11560,43973,1437124077,0,0.0,0.0
11560,43974,1437124077,0,-1.0,-1.0
11560,42758,1437124077,1,NULL,NULL
11560,43790,1437124077,1,NULL,NULL
11560,43140,1437124077,1,NULL,NULL
11560,45672,1437124077,-1,0.0,NULL
11560,45915,1437124077,0,NULL,NULL
11560,45892,1437124077,0,0.0,NULL
11560,45888,1437124077,0,0.0,0.0
11560,45950,1437124077,-1,0.0,NULL
11560,45899,1437124077,0,NULL,NULL
11560,44567,1437124077,-1,-1.0,-1.0
11560,46066,1437124077,-1,NULL,NULL
11560,45920,1437124077,0,0.0,NULL
11560,45890,1437124077,0,NULL,NULL
11560,37747,1437124077,-1,-1.0,NULL
11560,37743,1437124077,1,0.0,NULL
11560,37827,1437124077,-1,0.0,0.0
11560,39256,1437124077,0,NULL,NULL
11560,41145,1437124077,-1,NULL,NULL
11560,41719,1437124077,1,NULL,NULL
11560,41686,1437124077,1,NULL,NULL
11560,41831,1437124077,0,0.0,0.0
11560,41821,1437124077,0,0.0,0.0
11560,41696,1437124077,1,NULL,NULL
11560,41706,1437124077,1,NULL,NULL
11560,41747,1437124077,1,NULL,NULL
11560,42758,1437129694,1,NULL,NULL
11560,42758,1437581572,-1,NULL,NULL
11561,52252,1437572147,0,NULL,NULL
11561,52338,1437572147,0,NULL,NULL
11561,45833,1437572147,-1,-1.0,-1.0
11561,45890,1437572147,0,NULL,NULL
11561,47419,1437572147,-1,NULL,NULL
11561,44483,1437572147,0,0.0,NULL
11561,37743,1437572147,-1,NULL,NULL
11561,44220,1437572147,0,NULL,NULL
11561,52543,1437572147,0,0.0,0.0
11561,42758,1437572147,1,NULL,NULL
11561,43792,1437572147,0,0.0,0.0
11561,42972,1437572147,0,0.0,0.0
11561,46087,1437572147,-1,NULL,NULL
11561,43008,1437572147,0,-1.0,-1.0
11561,44067,1437572147,0,NULL,NULL
11561,47508,1437572147,-1,NULL,NULL
11561,45888,1437572147,0,0.0,0.0
11561,47490,1437572147,0,NULL,NULL
11561,42930,1437572147,1,NULL,NULL
11561,41379,1437572147,-1,NULL,NULL
11561,45920,1437572147,0,0.0,NULL
11561,37747,1437572147,1,1.0,NULL
11561,45672,1437572147,1,NULL,NULL
11561,44469,1437572147,0,0.0,NULL
11561,43790,1437572147,-1,NULL,NULL
11561,44626,1437572147,1,NULL,NULL
11561,43140,1437572147,-1,NULL,NULL
11561,45950,1437572147,1,1.0,NULL
11561,41747,1437572147,-1,NULL,NULL
11561,43103,1437572147,0,0.0,NULL
11561,43981,1437572147,0,0.0,0.0
11561,44009,1437572147,1,NULL,NULL
11561,44223,1437572147,0,0.0,NULL
11561,44070,1437572147,1,1.0,1.0
11561,52268,1437572147,-1,NULL,NULL
11561,44554,1437572147,-1,NULL,NULL
11561,52266,1437572147,1,1.0,1.0
11561,43133,1437572147,0,0.0,NULL
11561,44784,1437572147,0,NULL,NULL
11561,41706,1437572147,-1,NULL,NULL
11561,43969,1437572147,-1,-1.0,NULL
11561,45899,1437572147,0,NULL,NULL
11561,41686,1437572147,-1,NULL,NULL
11561,44466,1437572147,0,0.0,NULL
11561,44607,1437572147,1,NULL,NULL
11561,39256,1437572147,0,NULL,NULL
11561,43972,1437572147,0,NULL,NULL
11561,41145,1437572147,1,NULL,NULL
11561,43986,1437572147,0,0.0,NULL
11561,46126,1437572147,-1,NULL,NULL
11561,45892,1437572147,0,0.0,NULL
11561,43335,1437572147,1,1.0,1.0
11561,41821,1437572147,0,0.0,0.0
11561,46922,1437572147,1,NULL,NULL
11561,45836,1437572147,0,0.0,NULL
11561,44553,1437572147,1,NULL,NULL
11561,41696,1437572147,-1,NULL,NULL
11561,45915,1437572147,0,NULL,NULL
11561,47683,1437572147,1,NULL,NULL
11561,44576,1437572147,0,NULL,NULL
11563,52543,1437552391,0,0.0,0.0
11563,41729,1437552391,1,NULL,NULL
11563,41715,1437552391,1,1.0,1.0
11563,41718,1437552391,1,NULL,NULL
11563,52268,1437552391,-1,NULL,NULL
11565,41729,1437375509,1,NULL,NULL
11567,47508,1437129191,-1,NULL,NULL
11567,52266,1437129191,1,0.0,0.0
11567,52252,1437129191,0,NULL,NULL
11567,47419,1437129191,-1,NULL,NULL
11567,47490,1437129191,0,NULL,NULL
11567,47683,1437129191,1,NULL,NULL
11567,46126,1437129191,-1,0.0,NULL
11567,51990,1437129191,1,1.0,1.0
11567,41747,1437129191,-1,NULL,NULL
11567,41145,1437129191,1,NULL,NULL
11567,41706,1437129191,-1,NULL,NULL
11567,41696,1437129191,-1,NULL,NULL
11567,41719,1437129191,-1,NULL,NULL
11567,41686,1437129191,-1,NULL,NULL
11567,41821,1437129191,0,0.0,0.0
11567,41831,1437129191,0,0.0,0.0
11567,42758,1437129191,-1,NULL,NULL
11567,43790,1437129191,-1,NULL,NULL
11567,43140,1437129191,-1,NULL,NULL
11567,39256,1437129191,0,NULL,NULL
11567,37743,1437129191,-1,NULL,NULL
11567,37827,1437129191,1,0.0,NULL
11567,37747,1437129191,1,1.0,NULL
11567,43973,1437129191,0,0.0,0.0
11567,44009,1437129191,1,NULL,NULL
11567,43981,1437129191,0,0.0,NULL
11567,43974,1437129191,0,0.0,0.0
11567,44070,1437129191,1,1.0,1.0
11567,44223,1437129191,0,1.0,NULL
11567,44067,1437129191,0,NULL,NULL
11567,44466,1437129191,0,0.0,NULL
11567,44784,1437129191,0,NULL,NULL
11567,43972,1437129191,0,NULL,NULL
11567,44483,1437129191,0,0.0,NULL
11567,44220,1437129191,0,NULL,NULL
11567,44469,1437129191,0,0.0,NULL
11567,43986,1437129191,0,NULL,NULL
11567,44607,1437129191,1,NULL,NULL
11567,44576,1437129191,0,NULL,NULL
11567,44626,1437129191,1,NULL,NULL
11567,44553,1437129191,1,NULL,NULL
11567,45899,1437129191,0,NULL,NULL
11567,44567,1437129191,1,1.0,1.0
11567,45950,1437129191,1,1.0,NULL
11567,45672,1437129191,1,NULL,NULL
11567,45890,1437129191,0,NULL,NULL
11567,45915,1437129191,0,NULL,NULL
11567,45892,1437129191,0,0.0,NULL
11567,45888,1437129191,0,0.0,0.0
11567,45920,1437129191,0,0.0,NULL
11567,46066,1437129191,1,NULL,NULL
11567,46087,1437129191,-1,0.0,0.0
11567,46922,1437129191,1,0.0,0.0
11569,51990,1437120424,0,0.0,0.0
11569,45672,1437120424,1,0.0,0.0
11569,45672,1437120424,0,0.0,0.0
11569,52266,1437120424,1,0.0,0.0
11569,51990,1437120424,1,0.0,0.0
11569,37827,1437120424,1,0.0,0.0
11571,39256,1437051507,0,NULL,NULL
11574,44469,1437036298,0,0.0,NULL
11574,44466,1437036298,0,1.0,NULL
11574,44483,1437036298,0,-1.0,NULL
11574,47683,1437036298,1,NULL,NULL
11578,47490,1436851519,0,NULL,NULL
11578,46066,1436851519,1,NULL,NULL
11578,41821,1436851519,0,0.0,0.0
11578,41831,1436851519,0,0.0,0.0
11579,45920,1435573911,-1,0.0,0.0
11579,45893,1435573911,1,0.0,0.0
11579,45888,1435573911,1,0.0,0.0
11579,45900,1435573911,1,0.0,0.0
11579,45892,1435573911,1,0.0,0.0
11579,45921,1435573911,-1,0.0,0.0
11579,45949,1435573911,0,NULL,NULL
11579,46054,1435573911,-1,-1.0,NULL
11579,45917,1435573911,0,-1.0,-1.0
11579,45899,1435573911,1,-1.0,-1.0
11579,45950,1435573911,0,0.0,NULL
11579,41802,1435573911,0,0.0,0.0
11579,41812,1435573911,1,0.0,0.0
11579,41805,1435573911,0,0.0,0.0
11579,45899,1436849430,0,-1.0,NULL
11581,52252,1436529307,0,NULL,NULL
11581,45890,1436529307,0,NULL,NULL
11581,45920,1436529307,0,1.0,NULL
11581,45888,1436529307,0,0.0,0.0
11581,45892,1436529307,0,-1.0,-1.0
11581,45950,1436529307,1,0.0,NULL
11581,45915,1436529307,0,NULL,NULL
11585,46005,1436192122,-1,-1.0,-1.0
11585,43972,1435911884,-1,NULL,NULL
11585,47606,1435911884,0,0.0,0.0
11585,52540,1435926597,1,1.0,1.0
11585,39595,1435911884,-1,-1.0,-1.0
11585,39609,1435926597,-1,NULL,NULL
11585,46943,1435911884,-1,-1.0,-1.0
11585,47668,1435911884,0,NULL,NULL
11585,39502,1435911884,0,0.0,0.0
11585,42787,1435926597,1,1.0,1.0
11585,45900,1435926597,1,NULL,NULL
11585,45973,1435911884,1,0.0,NULL
11585,39996,1435911884,-1,-1.0,-1.0
11585,47601,1435911884,0,0.0,0.0
11585,40170,1435911884,0,0.0,0.0
11585,52368,1435911884,1,1.0,1.0
11585,45745,1435911884,1,1.0,1.0
11585,45166,1435911884,0,0.0,0.0
11585,39548,1435926597,0,0.0,0.0
11585,40282,1435911884,0,0.0,0.0
11585,39614,1435911884,0,0.0,0.0
11585,39525,1435926597,0,0.0,0.0
11585,47009,1435911884,0,0.0,0.0
11585,45209,1435911884,0,0.0,0.0
11585,39449,1435926597,0,0.0,0.0
11585,46094,1435926597,0,0.0,0.0
11585,41821,1435911884,0,0.0,0.0
11585,46211,1435911884,-1,-1.0,-1.0
11585,45716,1435911884,0,0.0,0.0
11585,45167,1435926597,0,0.0,0.0
11585,46936,1435911884,1,NULL,NULL
11585,39557,1435911884,-1,-1.0,-1.0
11585,39506,1435911884,0,0.0,0.0
11585,46139,1435911884,0,0.0,0.0
11585,42945,1435926597,0,0.0,0.0
11585,39550,1435911884,0,NULL,NULL
11585,37742,1435911884,0,NULL,NULL
11585,41285,1435911884,1,1.0,1.0
11585,45759,1435926597,0,0.0,0.0
11585,43839,1435911884,0,0.0,0.0
11585,39572,1435911884,0,0.0,0.0
11585,39535,1435926597,0,NULL,NULL
11585,39717,1435911884,1,1.0,1.0
11585,47606,1435926597,0,0.0,0.0
11585,39506,1435926597,0,0.0,0.0
11585,39745,1435926597,0,0.0,0.0
11585,40759,1435926597,0,0.0,0.0
11585,44284,1435911884,0,0.0,0.0
11585,42963,1435926597,1,1.0,1.0
11585,46292,1435926597,1,NULL,NULL
11585,39556,1435926597,-1,-1.0,-1.0
11585,39149,1435911884,-1,NULL,NULL
11585,47004,1435911884,0,0.0,0.0
11585,45266,1435911884,1,1.0,1.0
11585,43857,1435926597,-1,NULL,NULL
11585,39580,1435926597,0,0.0,0.0
11585,37793,1435926597,0,0.0,0.0
11585,46286,1435911884,1,1.0,1.0
11585,39539,1435926597,0,0.0,0.0
11585,52263,1435911884,-1,-1.0,-1.0
11586,46211,1436156126,-1,1.0,1.0
11586,46204,1436156126,-1,-1.0,NULL
11586,39256,1436156126,-1,NULL,NULL
11586,41732,1436156126,0,NULL,NULL
11586,40108,1436156126,-1,NULL,NULL
11586,44219,1436156126,-1,NULL,NULL
11586,46005,1436156126,-1,-1.0,-1.0
11586,43972,1436156126,-1,NULL,NULL
11586,44553,1436156126,0,NULL,NULL
11588,46249,1435903915,1,1.0,1.0
11588,39521,1435925214,0,0.0,0.0
11588,45974,1435925214,0,0.0,0.0
11588,44233,1435903915,0,0.0,0.0
11588,46289,1435925214,-1,NULL,NULL
11588,40774,1435925214,0,0.0,0.0
11588,45106,1435925214,0,0.0,0.0
11588,45974,1435903915,0,0.0,0.0
11588,37746,1435925214,-1,NULL,NULL
11588,45940,1435925214,1,1.0,1.0
11588,46948,1435925214,-1,-1.0,-1.0
11588,45266,1435903915,-1,0.0,0.0
11588,39515,1435903915,0,0.0,0.0
11588,41285,1435925214,-1,-1.0,-1.0
11588,42871,1435925214,0,0.0,0.0
11588,47609,1435903915,0,0.0,0.0
11588,39454,1435903915,0,NULL,NULL
11588,45940,1435903915,1,1.0,1.0
11588,44071,1435925214,0,0.0,0.0
11588,40086,1435925214,0,0.0,0.0
11588,44219,1435925214,-1,NULL,NULL
11588,45217,1435903915,0,0.0,0.0
11588,45266,1435925214,-1,-1.0,-1.0
11588,41810,1435925214,-1,NULL,NULL
11588,39610,1435925214,0,0.0,0.0
11588,47889,1435925214,-1,-1.0,NULL
11588,39347,1435925214,1,1.0,1.0
11588,45756,1435903915,-1,-1.0,-1.0
11588,40772,1435903915,0,0.0,0.0
11588,45244,1435925214,0,0.0,0.0
11588,39545,1435925214,0,0.0,0.0
11588,43857,1435925214,1,NULL,NULL
11588,44567,1435903915,-1,-1.0,-1.0
11588,46995,1435903915,0,0.0,0.0
11588,42945,1435903915,0,0.0,0.0
11588,46139,1435903915,0,0.0,0.0
11588,39461,1435903915,0,0.0,0.0
11588,46194,1435903915,1,NULL,NULL
11588,44240,1435903915,0,0.0,0.0
11588,40320,1435903915,1,1.0,1.0
11588,46304,1435925214,0,0.0,NULL
11588,44279,1435903915,0,0.0,0.0
11588,40304,1435903915,0,0.0,0.0
11588,40302,1435925214,0,0.0,0.0
11588,46296,1435925214,1,1.0,NULL
11588,45250,1435925214,1,1.0,1.0
11588,44565,1435903915,-1,-1.0,-1.0
11588,46929,1435925214,0,0.0,0.0
11588,45156,1435925214,-1,NULL,NULL
11588,39526,1435925214,0,0.0,0.0
11588,45900,1435925214,-1,NULL,NULL
11588,41812,1435903915,-1,NULL,NULL
11588,42835,1435925214,0,0.0,0.0
11588,41673,1435925214,1,1.0,1.0
11588,46083,1435903915,0,0.0,0.0
11588,46212,1435903915,-1,-1.0,NULL
11588,39370,1435903915,1,0.0,NULL
11588,41768,1435925214,-1,-1.0,-1.0
11588,44566,1435903915,0,0.0,0.0
11588,45156,1435903915,-1,NULL,NULL
11592,46005,1435917311,-1,-1.0,-1.0
11593,43972,1409926135,1,NULL,NULL
11593,43972,1435917078,-1,NULL,NULL
11593,44553,1435917078,0,NULL,NULL
11593,44219,1435917078,-1,NULL,NULL
11593,46211,1435917078,-1,1.0,1.0
11593,46204,1435917078,-1,0.0,NULL
11593,39256,1435917078,-1,NULL,NULL
11593,41732,1435917078,0,NULL,NULL
11593,40108,1435917078,-1,NULL,NULL
11597,43972,1435898208,-1,NULL,NULL
11597,44219,1435898208,-1,NULL,NULL
11597,39256,1435898208,-1,0.0,0.0
11597,40108,1435898208,-1,NULL,NULL
11597,41732,1435898208,0,NULL,NULL
11597,46211,1435898208,-1,-1.0,-1.0
11597,46204,1435898208,-1,0.0,NULL
11599,52135,1435755896,0,0.0,0.0
11599,52134,1435755896,0,NULL,NULL
11599,52241,1435755896,1,NULL,NULL
11599,52135,1435755896,1,0.0,0.0
11599,52241,1435755896,0,NULL,NULL
11599,52135,1435755896,0,0.0,0.0
11599,52135,1435755897,-1,0.0,0.0
11599,52135,1435755897,1,0.0,0.0
11599,52242,1435755897,-1,0.0,0.0
11599,52136,1435755897,0,NULL,NULL
11599,52145,1435755897,0,NULL,NULL
11599,52135,1435755897,-1,0.0,0.0
11599,52136,1435755897,0,NULL,NULL
11599,52150,1435755897,0,NULL,NULL
11599,52134,1435755897,0,NULL,NULL
11599,52242,1435755897,1,0.0,0.0
11599,52135,1435755897,1,0.0,0.0
11599,52241,1435755897,1,NULL,NULL
11599,52141,1435755897,0,NULL,NULL
11599,52135,1435755898,-1,-1.0,NULL
11599,52150,1435755898,0,NULL,NULL
11599,52136,1435755898,0,NULL,NULL
11599,52242,1435755898,1,0.0,0.0
11599,52241,1435755898,1,NULL,NULL
11599,52149,1435755898,0,NULL,NULL
11602,40282,1435755023,0,0.0,0.0
11603,42955,1435746806,1,-1.0,-1.0
11603,44469,1435746806,0,NULL,NULL
11604,45973,1435063988,0,-1.0,-1.0
11604,45973,1435170093,0,-1.0,NULL
11604,39618,1435170093,0,-1.0,-1.0
11607,46051,1434686433,1,NULL,NULL
11608,46153,1434638528,-1,NULL,NULL
11613,44567,1434532611,1,-1.0,-1.0
11614,45964,1434383756,-1,NULL,NULL
11614,44070,1434383756,1,1.0,1.0
11614,39149,1434383756,1,NULL,NULL
11614,45964,1434383907,1,NULL,NULL
11614,39149,1434383907,-1,NULL,NULL
11616,46198,1434110084,0,NULL,NULL
11617,45813,1434011703,-1,0.0,0.0
11617,45815,1434022623,0,0.0,0.0
11617,45813,1434104588,-1,0.0,0.0
11617,45815,1434104588,0,0.0,0.0
11618,45815,1434088503,0,0.0,0.0
11618,45813,1434088503,1,0.0,0.0
11624,43962,1433244436,1,0.0,0.0
11626,40787,1427428776,-1,-1.0,-1.0
11626,46992,1432927129,0,0.0,0.0
11626,47490,1432927166,-1,NULL,NULL
11626,46052,1432153802,0,0.0,0.0
11626,41821,1432927166,0,0.0,0.0
11626,39226,1427428696,1,1.0,1.0
11626,47508,1427428696,-1,NULL,NULL
11626,46153,1432927129,-1,NULL,NULL
11626,47657,1427428696,-1,-1.0,-1.0
11626,47598,1427428696,1,NULL,NULL
11626,43852,1432927129,1,1.0,1.0
11626,47004,1432153802,0,0.0,0.0
11626,44567,1427428696,-1,-1.0,NULL
11626,41821,1427428776,0,NULL,NULL
11626,39825,1427428776,1,1.0,1.0
11626,40320,1432927129,-1,-1.0,-1.0
11626,45156,1432153802,-1,NULL,NULL
11626,37793,1427428776,0,0.0,0.0
11626,39925,1432927129,0,0.0,0.0
11626,45244,1427428776,0,0.0,0.0
11626,41264,1427428696,-1,-1.0,NULL
11626,46205,1432927129,1,1.0,1.0
11626,44219,1432927166,-1,NULL,NULL
11626,39145,1432927166,0,0.0,0.0
11626,41678,1432153802,0,0.0,0.0
11626,47683,1427428776,1,1.0,NULL
11626,40168,1432927129,0,0.0,0.0
11626,37905,1432927129,0,0.0,0.0
11626,42967,1432927129,1,1.0,1.0
11626,46930,1432927166,-1,NULL,NULL
11626,41357,1432153802,-1,-1.0,-1.0
11626,45081,1432927166,-1,NULL,NULL
11626,45217,1427428776,0,0.0,0.0
11626,41143,1432927166,-1,-1.0,-1.0
11626,41145,1427428776,1,1.0,NULL
11626,46138,1427428696,-1,NULL,NULL
11626,44294,1432927166,0,0.0,0.0
11626,43836,1427428696,-1,-1.0,-1.0
11626,41357,1432927129,1,1.0,1.0
11626,39159,1432153802,0,0.0,0.0
11626,46156,1427428696,1,NULL,NULL
11626,47605,1432927129,0,0.0,0.0
11626,52340,1432927129,-1,-1.0,-1.0
11626,39546,1432927129,0,0.0,0.0
11626,44562,1432927129,-1,-1.0,-1.0
11626,45764,1427428776,1,NULL,NULL
11626,41480,1432927166,-1,-1.0,-1.0
11626,40828,1432927129,0,0.0,0.0
11626,47609,1427428776,0,NULL,NULL
11626,39553,1432927129,0,0.0,0.0
11626,45947,1432927166,-1,-1.0,-1.0
11626,46142,1432927129,0,0.0,0.0
11626,45166,1432153802,0,0.0,0.0
11626,44564,1432927129,-1,-1.0,NULL
11626,47602,1432927166,0,0.0,0.0
11626,45756,1427428696,-1,-1.0,-1.0
11626,37863,1432927166,0,0.0,0.0
11626,39572,1432927129,0,0.0,0.0
11626,46114,1432153802,-1,-1.0,-1.0
11626,40763,1432927166,0,0.0,0.0
11631,46971,1432828085,0,0.0,NULL
11631,46139,1432828085,0,0.0,0.0
11631,52103,1432828085,0,0.0,0.0
11631,46171,1432828085,1,1.0,1.0
11631,47009,1432828085,0,0.0,0.0
11631,46052,1432828085,0,0.0,0.0
11631,39347,1432828085,-1,-1.0,-1.0
11631,40763,1432828085,0,0.0,0.0
11631,45209,1432828085,0,0.0,0.0
11631,39450,1432828085,0,0.0,0.0
11631,39536,1432828085,0,0.0,0.0
11631,46013,1432828085,0,0.0,0.0
11631,45729,1432828085,0,0.0,0.0
11631,44300,1432828085,0,0.0,NULL
11631,39531,1432828085,0,0.0,0.0
11631,39557,1432828085,-1,-1.0,-1.0
11631,45700,1432828085,1,1.0,1.0
11631,39818,1432828085,0,0.0,0.0
11631,40209,1432828085,0,0.0,0.0
11631,39152,1432828085,0,0.0,NULL
11631,39453,1432828085,0,NULL,NULL
11631,39958,1432828085,-1,-1.0,-1.0
11631,39458,1432828085,0,0.0,0.0
11631,46249,1432828085,-1,-1.0,-1.0
11631,44294,1432828085,0,0.0,0.0
11631,45833,1432828085,1,1.0,1.0
11631,40765,1432828085,0,0.0,0.0
11631,45081,1432828085,1,NULL,NULL
11631,45929,1432828085,0,0.0,0.0
11631,40164,1432828085,-1,-1.0,-1.0
11631,41668,1432828085,0,0.0,0.0
11631,45250,1432828085,-1,-1.0,-1.0
11631,39461,1432828085,0,0.0,0.0
11631,39493,1432828085,0,0.0,NULL
11631,40152,1432828085,-1,-1.0,-1.0
11631,45920,1432828085,0,0.0,NULL
11631,46901,1432828085,1,1.0,1.0
11631,39556,1432828085,-1,-1.0,-1.0
11631,44277,1432828085,0,0.0,0.0
11631,46066,1432828085,1,NULL,NULL
11631,43854,1432828085,1,1.0,1.0
11631,39301,1432828085,0,0.0,0.0
11631,39159,1432828085,0,0.0,0.0
11631,39541,1432828085,0,0.0,NULL
11631,46173,1432828085,1,1.0,1.0
11631,39454,1432828085,0,NULL,NULL
11631,47871,1432828085,0,0.0,0.0
11631,46276,1432828085,-1,-1.0,-1.0
11631,39545,1432828085,0,0.0,0.0
11631,52340,1432828085,-1,-1.0,-1.0
11631,39507,1432828085,0,0.0,0.0
11631,43839,1432828085,0,0.0,0.0
11631,37796,1432828085,0,0.0,0.0
11631,43867,1432828085,1,1.0,1.0
11631,47614,1432828085,0,0.0,0.0
11631,47609,1432828085,0,0.0,0.0
11631,39554,1432828085,0,0.0,0.0
11631,44066,1432828085,1,1.0,1.0
11631,39514,1432828085,0,0.0,NULL
11631,46245,1432828085,1,1.0,1.0
11635,46055,1432731441,-1,-1.0,NULL
11636,44199,1432311436,-1,-1.0,-1.0
11636,44010,1432311436,0,NULL,NULL
11636,52556,1432311436,0,0.0,0.0
11636,52340,1432311436,-1,1.0,1.0
11636,46055,1432318089,0,-1.0,NULL
11636,52556,1432318089,1,0.0,0.0
11636,52340,1432318089,1,1.0,1.0
11636,44010,1432318089,0,NULL,NULL
11636,44199,1432318089,-1,-1.0,-1.0
11636,46101,1432318089,-1,0.0,0.0
11636,52340,1432635000,-1,1.0,1.0
11636,52556,1432635000,0,-1.0,-1.0
11636,46055,1432635000,1,-1.0,NULL
11636,46055,1432730356,1,-1.0,NULL
11638,52556,1432702191,0,0.0,0.0
11638,52340,1432702191,-1,-1.0,-1.0
11638,46055,1432702191,1,1.0,NULL
11639,39818,1432558096,0,0.0,0.0
11639,46083,1432558096,0,0.0,0.0
11639,46090,1432558096,0,0.0,0.0
11639,42935,1432558096,-1,NULL,NULL
11639,41678,1432558096,0,0.0,0.0
11639,39301,1432558096,0,0.0,0.0
11639,39529,1432558096,0,0.0,0.0
11639,43981,1432558096,-1,-1.0,-1.0
11639,44563,1432558096,0,0.0,0.0
11639,43335,1432558096,1,1.0,1.0
11639,42785,1432558096,-1,-1.0,-1.0
11639,46999,1432558096,0,0.0,0.0
11639,43842,1432558096,-1,-1.0,-1.0
11639,42968,1432558096,-1,-1.0,NULL
11639,40084,1432558096,1,1.0,1.0
11639,41831,1432558096,0,0.0,0.0
11639,41768,1432558096,-1,-1.0,-1.0
11639,44070,1432558096,1,1.0,1.0
11639,39487,1432558096,0,0.0,0.0
11639,39534,1432558096,0,0.0,NULL
11639,39349,1432558096,0,0.0,0.0
11639,45250,1432558096,1,1.0,1.0
11639,46289,1432558096,-1,NULL,NULL
11639,44483,1432558096,-1,-1.0,NULL
11639,44062,1432558096,0,0.0,0.0
11639,46245,1432558096,-1,-1.0,-1.0
11639,46138,1432558096,-1,-1.0,-1.0
11639,46051,1432558096,-1,NULL,NULL
11639,45704,1432558096,-1,-1.0,-1.0
11639,46960,1432558096,0,0.0,0.0
11639,45700,1432558096,-1,-1.0,-1.0
11639,39542,1432558096,0,0.0,NULL
11639,40767,1432558096,0,0.0,0.0
11639,39546,1432558096,0,0.0,0.0
11639,42963,1432558096,-1,-1.0,-1.0
11639,39453,1432558096,0,NULL,NULL
11639,39524,1432558096,0,0.0,0.0
11639,44552,1432558096,0,0.0,0.0
11639,39533,1432558096,0,0.0,0.0
11639,47598,1432558096,1,NULL,NULL
11639,47009,1432558096,0,0.0,0.0
11639,39540,1432558096,0,0.0,0.0
11639,45920,1432558096,0,0.0,NULL
11639,45956,1432558096,0,0.0,0.0
11639,39537,1432558096,0,0.0,0.0
11639,44219,1432561920,1,NULL,NULL
11639,37863,1432558096,0,0.0,0.0
11639,41560,1432558096,-1,NULL,NULL
11639,39547,1432558096,0,0.0,NULL
11639,39527,1432558096,0,0.0,0.0
11639,39812,1432558096,-1,-1.0,-1.0
11639,47612,1432558096,0,0.0,0.0
11639,39153,1432558096,0,0.0,0.0
11639,46135,1432558096,0,0.0,0.0
11639,40772,1432558096,0,0.0,0.0
11639,47490,1432558096,-1,NULL,NULL
11639,37916,1432558096,-1,-1.0,-1.0
11639,40038,1432558096,0,0.0,0.0
11639,47601,1432558096,0,0.0,0.0
11639,39579,1432558096,0,0.0,0.0
11641,45947,1432559224,1,1.0,1.0
11641,46091,1432559224,0,0.0,0.0
11641,46943,1432559224,-1,-1.0,-1.0
11641,46013,1432559224,0,0.0,0.0
11641,39488,1432559224,0,0.0,0.0
11641,42770,1432559224,1,1.0,1.0
11641,39502,1432559224,0,0.0,0.0
11641,46054,1432559224,1,1.0,NULL
11641,37863,1432559224,0,0.0,0.0
11641,47605,1432559224,0,0.0,0.0
11641,46139,1432559224,0,0.0,0.0
11641,39554,1432559224,0,0.0,0.0
11641,39577,1432559224,0,0.0,0.0
11641,42967,1432559224,1,1.0,1.0
11641,40302,1432559224,0,0.0,0.0
11641,45217,1432559224,0,0.0,0.0
11641,45921,1432559224,0,0.0,0.0
11641,43230,1432559224,-1,-1.0,-1.0
11641,44564,1432559224,-1,-1.0,NULL
11641,39595,1432559224,-1,-1.0,-1.0
11641,39389,1432559224,1,1.0,1.0
11641,39706,1432559224,1,1.0,1.0
11641,46142,1432559224,0,0.0,0.0
11641,40763,1432559224,0,0.0,0.0
11641,39453,1432559224,0,NULL,NULL
11641,46137,1432559224,0,0.0,0.0
11641,39526,1432559224,0,0.0,0.0
11641,39552,1432559224,0,0.0,0.0
11641,41458,1432559224,1,1.0,1.0
11641,39550,1432559224,0,NULL,NULL
11641,41624,1432559224,0,0.0,0.0
11641,39580,1432559224,0,0.0,0.0
11641,41835,1432559224,1,1.0,1.0
11641,41820,1432559224,0,0.0,0.0
11641,40765,1432559224,0,0.0,0.0
11641,46289,1432559224,1,NULL,NULL
11641,39461,1432559224,0,0.0,0.0
11641,46189,1432559224,0,0.0,0.0
11641,39576,1432559224,0,0.0,0.0
11641,44279,1432559224,0,0.0,0.0
11641,39226,1432559224,-1,-1.0,-1.0
11641,42984,1432559224,1,1.0,1.0
11641,46983,1432559224,1,1.0,1.0
11641,46204,1432559224,1,1.0,NULL
11641,39159,1432559224,0,0.0,0.0
11641,39534,1432559224,0,0.0,NULL
11641,46979,1432559224,0,0.0,0.0
11641,44567,1432559224,1,1.0,1.0
11641,37905,1432559224,0,0.0,0.0
11641,39506,1432559224,0,0.0,0.0
11641,46207,1432559224,1,1.0,NULL
11641,41768,1432559224,1,1.0,1.0
11641,42785,1432559224,1,1.0,1.0
11641,39536,1432559224,0,0.0,0.0
11641,39460,1432559224,0,0.0,0.0
11641,52243,1432559224,-1,-1.0,-1.0
11641,39507,1432559224,0,0.0,0.0
11641,39301,1432559224,0,0.0,0.0
11641,43946,1432559224,0,0.0,0.0
11641,57114,1432559224,0,0.0,0.0
11646,47601,1432555874,0,0.0,0.0
11646,52340,1432555874,1,1.0,1.0
11646,41624,1432555874,0,0.0,0.0
11646,39450,1432555874,0,0.0,0.0
11646,44560,1432555874,1,1.0,1.0
11646,46140,1432555874,0,0.0,0.0
11646,39145,1432555874,0,0.0,NULL
11646,46207,1432555874,-1,-1.0,NULL
11646,46929,1432555874,0,0.0,0.0
11646,37793,1432555874,0,0.0,0.0
11646,39958,1432555874,1,1.0,1.0
11646,46055,1432555874,-1,-1.0,NULL
11646,39609,1432555874,1,NULL,NULL
11646,39818,1432555874,0,0.0,0.0
11646,39515,1432555874,0,0.0,0.0
11646,47603,1432555874,0,0.0,0.0
11646,37815,1432555874,0,0.0,0.0
11646,42835,1432555874,0,0.0,0.0
11646,40304,1432555874,0,0.0,0.0
11646,42787,1432555874,-1,-1.0,-1.0
11646,40774,1432555874,0,0.0,0.0
11646,39508,1432555874,0,0.0,0.0
11646,39461,1432555874,0,0.0,0.0
11646,44553,1432555874,1,NULL,NULL
11646,47605,1432555874,0,0.0,0.0
11646,41605,1432555874,-1,NULL,NULL
11646,45893,1432555874,0,0.0,0.0
11646,46294,1432555874,-1,-1.0,-1.0
11646,37742,1432555874,0,NULL,NULL
11646,44746,1432555874,0,0.0,0.0
11646,45759,1432555874,0,NULL,NULL
11646,46088,1432555874,0,0.0,0.0
11646,42939,1432555874,-1,-1.0,-1.0
11646,45244,1432555874,0,0.0,0.0
11646,46134,1432555874,0,0.0,0.0
11646,39549,1432555874,0,0.0,0.0
11646,43972,1432555874,1,NULL,NULL
11646,46723,1432555874,0,0.0,0.0
11646,39523,1432555874,0,0.0,NULL
11646,41264,1432555874,-1,-1.0,NULL
11646,45080,1432555874,0,0.0,NULL
11646,47606,1432555874,0,0.0,0.0
11646,39603,1432555874,0,0.0,0.0
11646,46142,1432555874,0,0.0,0.0
11646,52239,1432555874,-1,-1.0,-1.0
11646,40077,1432555874,-1,-1.0,-1.0
11646,39486,1432555874,0,NULL,NULL
11646,47870,1432555874,0,0.0,0.0
11646,41628,1432555874,0,0.0,0.0
11646,46260,1432555874,-1,-1.0,-1.0
11646,43009,1432555874,-1,NULL,NULL
11646,40148,1432555874,0,0.0,0.0
11646,39555,1432555874,0,0.0,0.0
11646,43940,1432555874,0,0.0,0.0
11646,52369,1432555874,-1,-1.0,-1.0
11646,42725,1432555874,-1,NULL,NULL
11646,39825,1432555874,-1,-1.0,-1.0
11646,45892,1432555874,0,0.0,0.0
11646,39159,1432555874,0,0.0,0.0
11646,46245,1432555874,-1,-1.0,-1.0
11647,39817,1432557194,0,0.0,0.0
11647,41820,1432557194,0,0.0,0.0
11647,45203,1432557194,0,NULL,NULL
11647,44284,1432557194,0,0.0,0.0
11647,45744,1432557194,0,0.0,0.0
11647,52238,1432557194,1,1.0,1.0
11647,42963,1432557194,1,1.0,1.0
11647,39488,1432557194,0,0.0,0.0
11647,41145,1432557194,-1,NULL,NULL
11647,52261,1432557194,1,1.0,1.0
11647,45209,1432557194,0,0.0,0.0
11647,42868,1432557194,0,0.0,0.0
11647,39151,1432557194,0,0.0,0.0
11647,39458,1432557194,0,0.0,0.0
11647,39788,1432557194,1,1.0,1.0
11647,37905,1432557194,0,0.0,0.0
11647,44552,1432557194,0,0.0,0.0
11647,37742,1432557194,0,NULL,NULL
11647,43852,1432557194,1,1.0,1.0
11647,45729,1432557194,0,0.0,0.0
11647,44279,1432557194,0,0.0,0.0
11647,42833,1432557194,0,0.0,0.0
11647,39505,1432557194,0,0.0,0.0
11647,41264,1432557194,1,1.0,NULL
11647,39497,1432557194,-1,-1.0,-1.0
11647,41605,1432557194,1,NULL,NULL
11647,39748,1432557194,0,0.0,0.0
11647,44469,1432557194,0,0.0,NULL
11647,37743,1432557194,1,1.0,1.0
11647,44551,1432557194,0,0.0,0.0
11647,46936,1432557194,1,NULL,NULL
11647,43946,1432557194,0,0.0,0.0
11647,40819,1432557194,1,1.0,1.0
11647,46153,1432557194,-1,NULL,NULL
11647,45892,1432557194,0,0.0,0.0
11647,39508,1432557194,0,0.0,0.0
11647,42770,1432557194,1,1.0,1.0
11647,46054,1432557194,1,1.0,NULL
11647,42984,1432557194,1,1.0,1.0
11647,39490,1432557194,0,0.0,0.0
11647,39745,1432557194,0,0.0,0.0
11647,39663,1432557194,1,1.0,1.0
11647,39548,1432557194,0,0.0,NULL
11647,46232,1432557194,0,0.0,0.0
11647,46171,1432557194,1,1.0,1.0
11647,40828,1432557194,0,0.0,0.0
11647,39552,1432557194,0,0.0,0.0
11647,46134,1432557194,0,0.0,0.0
11647,44219,1432557194,1,NULL,NULL
11647,46971,1432557194,0,0.0,NULL
11647,44300,1432557194,0,0.0,NULL
11647,42939,1432557194,1,1.0,1.0
11647,46960,1432557194,0,0.0,0.0
11647,39495,1432557194,0,0.0,0.0
11647,43777,1432557194,0,0.0,0.0
11647,47602,1432557194,0,0.0,0.0
11647,45929,1432557194,0,0.0,0.0
11647,46294,1432557194,1,1.0,1.0
11647,42785,1432557194,1,1.0,1.0
11647,46017,1432557194,1,1.0,1.0
11657,37916,1432314730,1,1.0,1.0
11657,39538,1432314730,0,0.0,0.0
11657,52556,1432314712,0,0.0,0.0
11657,46294,1432314712,-1,-1.0,-1.0
11657,46943,1432314730,-1,-1.0,-1.0
11657,46208,1432314730,0,0.0,0.0
11657,39492,1432314712,-1,NULL,NULL
11657,52556,1432314730,0,0.0,0.0
11657,44071,1432314712,0,0.0,0.0
11657,39450,1432314730,0,0.0,0.0
11657,39540,1432314730,0,0.0,0.0
11657,39505,1432314730,0,0.0,0.0
11657,39523,1432314730,0,0.0,NULL
11657,39538,1432314712,0,0.0,0.0
11657,46189,1432314730,0,0.0,0.0
11657,46952,1432314730,0,0.0,0.0
11657,41678,1432314730,0,0.0,0.0
11657,41529,1432314712,1,1.0,1.0
11657,46051,1432314712,-1,NULL,NULL
11657,46289,1432314730,1,NULL,NULL
11657,39527,1432314730,0,0.0,0.0
11657,42787,1432314730,1,1.0,1.0
11657,44300,1432314730,0,0.0,NULL
11657,45519,1432314730,0,0.0,0.0
11657,45307,1432314712,1,1.0,1.0
11657,45536,1432314730,1,1.0,1.0
11657,44067,1432314730,0,NULL,NULL
11657,46052,1432314730,0,0.0,0.0
11657,43842,1432314730,1,1.0,1.0
11657,52238,1432314712,-1,-1.0,-1.0
11657,47009,1432314712,0,0.0,0.0
11657,43946,1432314730,0,0.0,0.0
11657,38029,1432314712,0,0.0,0.0
11657,46196,1432314730,0,0.0,0.0
11657,39551,1432314712,0,0.0,0.0
11657,46017,1432314730,1,1.0,1.0
11657,39453,1432314730,0,NULL,NULL
11657,39580,1432314712,0,0.0,0.0
11657,39302,1432314730,-1,-1.0,-1.0
11657,44560,1432314712,1,1.0,1.0
11657,40787,1432314712,1,1.0,1.0
11657,39449,1432314712,0,0.0,0.0
11657,46189,1432314712,0,0.0,0.0
11657,45704,1432314730,1,1.0,1.0
11657,46929,1432314712,0,0.0,0.0
11657,42833,1432314730,0,0.0,0.0
11657,41628,1432314730,0,0.0,0.0
11657,39349,1432314712,0,0.0,0.0
11657,45941,1432314712,0,0.0,0.0
11657,43009,1432314712,-1,NULL,NULL
11657,42868,1432314730,0,0.0,0.0
11657,46173,1432314730,1,1.0,1.0
11657,47871,1432314712,0,0.0,0.0
11657,42835,1432314712,0,0.0,0.0
11657,46952,1432314712,0,0.0,0.0
11657,45744,1432314712,0,0.0,0.0
11657,45245,1432314712,0,0.0,NULL
11657,46142,1432314730,0,0.0,0.0
11657,44199,1432314712,1,1.0,1.0
11657,39553,1432314712,0,0.0,NULL
11673,37749,1432289473,-1,-1.0,-1.0
11673,39493,1432289473,0,NULL,NULL
11673,39451,1432289473,0,0.0,0.0
11673,45943,1432289473,1,1.0,1.0
11673,45081,1432289473,1,NULL,NULL
11673,39543,1432289473,0,NULL,NULL
11673,45244,1432289473,0,0.0,0.0
11673,47606,1432289473,0,0.0,0.0
11673,46260,1432289473,1,1.0,1.0
11673,40003,1432289473,0,0.0,0.0
11673,39663,1432289473,1,1.0,1.0
11673,44066,1432289473,1,1.0,1.0
11673,44746,1432289473,0,0.0,0.0
11673,46204,1432289473,1,1.0,1.0
11673,46054,1432289473,1,1.0,NULL
11673,40084,1432289473,-1,-1.0,-1.0
11673,46288,1432289473,1,1.0,1.0
11673,45166,1432289473,0,0.0,0.0
11673,39922,1432289473,0,0.0,0.0
11673,45950,1432289473,0,NULL,NULL
11673,42945,1432289473,0,0.0,0.0
11673,44565,1432289473,1,1.0,NULL
11673,41560,1432289473,1,NULL,NULL
11673,46212,1432289473,1,NULL,NULL
11673,46929,1432289473,0,0.0,0.0
11673,44556,1432289473,-1,-1.0,-1.0
11673,52103,1432289473,0,0.0,0.0
11673,39454,1432289473,0,0.0,0.0
11673,46173,1432289473,1,1.0,1.0
11673,46134,1432289473,0,0.0,0.0
11673,44553,1432289473,-1,NULL,NULL
11673,39460,1432289473,0,0.0,0.0
11673,47004,1432289473,0,0.0,0.0
11673,41615,1432289473,1,1.0,1.0
11673,45949,1432289473,-1,NULL,NULL
11673,52556,1432289473,0,0.0,0.0
11673,39528,1432289473,0,NULL,NULL
11673,43777,1432289473,0,0.0,0.0
11673,41834,1432289473,0,0.0,0.0
11673,43335,1432289473,-1,-1.0,-1.0
11673,37743,1432289473,1,1.0,1.0
11673,37905,1432289473,0,0.0,0.0
11673,39557,1432289473,-1,-1.0,-1.0
11673,39349,1432289473,0,0.0,0.0
11673,41285,1432289473,1,1.0,1.0
11673,41624,1432289473,0,0.0,0.0
11673,45167,1432289473,0,0.0,0.0
11673,39546,1432289473,0,NULL,NULL
11673,39533,1432289473,0,NULL,NULL
11673,45893,1432289473,0,0.0,0.0
11673,46936,1432289473,1,NULL,NULL
11673,52368,1432289473,1,1.0,1.0
11673,46289,1432289473,1,NULL,NULL
11673,40302,1432289473,0,0.0,0.0
11673,45700,1432289473,1,1.0,1.0
11673,44562,1432289473,-1,NULL,NULL
11673,45974,1432289473,0,0.0,0.0
11673,37742,1432289473,0,NULL,NULL
11673,46017,1432289473,1,1.0,1.0
11673,46976,1432289473,0,0.0,0.0
11678,45716,1432278016,0,0.0,0.0
11678,42939,1432278016,1,1.0,1.0
11678,45764,1432278016,1,NULL,NULL
11678,39537,1432278016,0,0.0,0.0
11678,46027,1432278016,1,1.0,1.0
11678,40209,1432278016,0,0.0,0.0
11678,44566,1432278016,0,0.0,0.0
11678,39550,1432278016,0,NULL,NULL
11678,46054,1432278016,1,1.0,NULL
11678,45940,1432278016,-1,-1.0,-1.0
11678,47871,1432278016,0,0.0,0.0
11678,52368,1432278016,1,1.0,1.0
11678,39533,1432278016,0,NULL,NULL
11678,40086,1432278016,0,0.0,0.0
11678,46013,1432278016,0,0.0,0.0
11678,46017,1432278016,1,1.0,1.0
11678,45956,1432278016,0,0.0,0.0
11678,41562,1432278016,-1,-1.0,-1.0
11678,41458,1432278016,1,1.0,1.0
11678,39580,1432278016,0,0.0,0.0
11678,45949,1432278016,-1,NULL,NULL
11678,46211,1432278016,1,1.0,1.0
11678,47606,1432278016,0,0.0,0.0
11678,44067,1432278016,0,NULL,NULL
11678,41497,1432278016,0,0.0,0.0
11678,52261,1432278016,1,1.0,1.0
11678,37749,1432278016,-1,-1.0,-1.0
11678,46992,1432278016,0,0.0,0.0
11678,42945,1432278016,0,0.0,0.0
11678,39502,1432278016,0,0.0,0.0
11678,39788,1432278016,1,1.0,1.0
11678,45701,1432278016,0,NULL,NULL
11678,45717,1432278016,1,1.0,1.0
11678,39547,1432278016,0,NULL,NULL
11678,43842,1432278016,1,1.0,1.0
11678,46153,1432278016,-1,NULL,NULL
11678,39548,1432278016,0,0.0,0.0
11678,43981,1432278016,1,1.0,1.0
11678,44556,1432278016,-1,-1.0,-1.0
11678,39515,1432278016,0,0.0,NULL
11678,42968,1432278016,1,1.0,NULL
11678,39663,1432278016,1,1.0,1.0
11678,42757,1432278016,0,0.0,0.0
11678,45729,1432278016,0,0.0,0.0
11678,46052,1432278016,0,0.0,0.0
11678,40038,1432278016,0,0.0,0.0
11678,39568,1432278016,0,0.0,NULL
11678,39528,1432278016,0,NULL,NULL
11678,37863,1432278016,0,0.0,0.0
11678,45759,1432278016,0,NULL,NULL
11678,39494,1432278016,0,NULL,NULL
11678,41145,1432278016,-1,NULL,NULL
11678,47004,1432278016,0,0.0,0.0
11678,46723,1432278016,0,0.0,0.0
11678,39301,1432278016,0,0.0,0.0
11678,39495,1432278016,0,NULL,NULL
11678,46232,1432278016,0,0.0,0.0
11678,52556,1432278016,0,0.0,0.0
11678,42770,1432278016,1,1.0,1.0
11678,45947,1432278016,1,1.0,1.0
11680,45930,1432271936,1,1.0,1.0
11680,44300,1432271169,0,NULL,NULL
11680,43946,1432271936,0,0.0,0.0
11680,45943,1432271169,-1,-1.0,-1.0
11680,45216,1432271169,-1,-1.0,-1.0
11680,52368,1432271169,-1,-1.0,-1.0
11680,46134,1432271169,0,0.0,0.0
11680,46184,1432271169,0,0.0,0.0
11680,39452,1432271169,0,0.0,0.0
11680,39556,1432271169,1,1.0,1.0
11680,45519,1432271169,0,0.0,0.0
11680,39347,1432271169,1,1.0,1.0
11680,37747,1432271936,1,1.0,1.0
11680,46052,1432271936,0,0.0,0.0
11680,41715,1432271169,1,1.0,1.0
11680,42784,1432271936,1,1.0,1.0
11680,46952,1432271936,0,0.0,0.0
11680,39529,1432271169,0,0.0,0.0
11680,44279,1432271936,0,0.0,0.0
11680,39213,1432271936,1,1.0,1.0
11680,39545,1432271169,0,0.0,0.0
11680,46952,1432271169,0,0.0,0.0
11680,47513,1432271169,-1,-1.0,-1.0
11680,41821,1432271936,0,0.0,0.0
11680,46090,1432271169,0,0.0,0.0
11680,47004,1432271169,0,0.0,0.0
11680,45833,1432271169,-1,-1.0,-1.0
11680,39551,1432271169,0,0.0,0.0
11680,46196,1432271936,0,0.0,0.0
11680,40152,1432271936,-1,-1.0,-1.0
11680,41822,1432271169,0,0.0,0.0
11680,39526,1432271936,0,NULL,NULL
11680,43854,1432271169,-1,-1.0,-1.0
11680,47870,1432271936,0,0.0,0.0
11680,45389,1432271169,0,0.0,0.0
11680,41026,1432271169,0,0.0,0.0
11680,46971,1432271936,0,NULL,NULL
11680,39554,1432271169,0,NULL,NULL
11680,39521,1432271936,0,0.0,0.0
11680,39597,1432271169,-1,-1.0,-1.0
11680,41768,1432271169,-1,-1.0,-1.0
11680,45209,1432271169,0,0.0,0.0
11680,39505,1432271169,0,0.0,0.0
11680,46083,1432271169,0,0.0,0.0
11680,45744,1432271169,0,0.0,0.0
11680,39495,1432271936,0,NULL,NULL
11680,39507,1432271936,0,0.0,0.0
11680,39554,1432271936,0,NULL,NULL
11680,39456,1432271936,0,0.0,0.0
11680,44281,1432271169,1,1.0,1.0
11680,43851,1432271169,0,0.0,0.0
11680,44071,1432271936,0,0.0,0.0
11680,44562,1432271936,-1,NULL,NULL
11680,39503,1432271936,0,0.0,0.0
11680,44062,1432271936,0,0.0,0.0
11680,47606,1432271936,0,0.0,0.0
11680,46247,1432271169,-1,-1.0,NULL
11680,43152,1432271936,-1,-1.0,-1.0
11680,39524,1432271936,0,0.0,0.0
11680,42939,1432271169,-1,-1.0,-1.0
11686,57222,1432208215,0,NULL,NULL
11686,57236,1432208215,1,NULL,NULL
11686,44047,1432208247,0,0.0,0.0
11686,57243,1432208215,0,NULL,NULL
11686,44045,1432208247,0,NULL,NULL
11686,57231,1432208215,0,NULL,NULL
11686,57219,1432208215,0,NULL,NULL
11686,44008,1432208247,0,NULL,NULL
11686,44056,1432208247,0,NULL,NULL
11686,43996,1432208247,0,NULL,NULL
11686,44028,1432208247,0,NULL,NULL
11686,57209,1432208215,0,NULL,NULL
11686,44035,1432208247,0,NULL,NULL
11686,57235,1432208215,0,NULL,NULL
11686,43991,1432208247,0,NULL,NULL
11686,44030,1432208247,0,NULL,NULL
11686,57194,1432208215,0,NULL,NULL
11686,57217,1432208215,0,NULL,NULL
11686,57215,1432208215,0,NULL,NULL
11686,57227,1432208215,0,NULL,NULL
11686,57192,1432208215,0,NULL,NULL
11686,44002,1432208247,0,NULL,NULL
11686,43992,1432208247,0,NULL,NULL
11686,40289,1432208215,1,NULL,NULL
11686,44024,1432208247,0,NULL,NULL
11686,57232,1432208215,0,NULL,NULL
11686,57225,1432208215,0,NULL,NULL
11686,44016,1432208247,0,NULL,NULL
11686,57224,1432208215,0,NULL,NULL
11686,44037,1432208247,0,NULL,NULL
11686,44001,1432208247,0,NULL,NULL
11686,57190,1432208215,0,NULL,NULL
11686,57230,1432208215,0,NULL,NULL
11686,57239,1432208215,0,NULL,NULL
11686,44553,1432209589,0,NULL,NULL
11686,44012,1432208247,0,NULL,NULL
11686,57228,1432208215,0,NULL,NULL
11686,44010,1432208247,0,NULL,NULL
11686,43988,1432208247,0,NULL,NULL
11686,57220,1432208215,0,NULL,NULL
11686,44011,1432208247,0,NULL,NULL
11686,44036,1432208247,0,NULL,NULL
11686,44054,1432208247,0,NULL,NULL
11686,44041,1432208247,0,NULL,NULL
11686,57195,1432208215,0,NULL,NULL
11686,57200,1432208215,0,NULL,NULL
11686,57221,1432208215,0,NULL,NULL
11686,57206,1432208215,0,NULL,NULL
11686,57240,1432208215,0,NULL,NULL
11686,44026,1432208247,0,NULL,NULL
11686,44006,1432208247,0,NULL,NULL
11686,57247,1432208215,0,NULL,NULL
11686,57205,1432208215,0,NULL,NULL
11686,57210,1432208215,0,NULL,NULL
11686,57233,1432208215,0,NULL,NULL
11686,44055,1432208247,0,NULL,NULL
11686,57203,1432208215,0,NULL,NULL
11686,57216,1432208215,0,NULL,NULL
11686,57189,1432208215,0,NULL,NULL
11686,44040,1432208247,0,NULL,NULL
11699,47598,1431500330,-1,NULL,NULL
11699,47598,1432135850,-1,NULL,NULL
11702,43981,1432121336,1,-1.0,-1.0
11702,43972,1432121336,0,NULL,NULL
11703,45166,1429873149,0,0.0,0.0
11703,52540,1429873149,1,1.0,1.0
11703,45156,1432101975,-1,0.0,NULL
11703,45888,1429873149,1,NULL,NULL
11703,46983,1430909732,1,1.0,1.0
11703,41820,1430909732,0,0.0,0.0
11703,39706,1430909732,1,1.0,1.0
11703,46286,1429873149,-1,NULL,NULL
11703,46090,1429873149,0,0.0,0.0
11703,45700,1429873149,1,NULL,NULL
11703,45758,1430909732,1,1.0,1.0
11703,47004,1429873149,0,0.0,0.0
11703,45166,1432101975,0,0.0,0.0
11703,52352,1429873149,1,1.0,1.0
11703,45828,1429873149,0,0.0,0.0
11703,46173,1430909732,1,1.0,1.0
11703,39524,1429873149,1,1.0,1.0
11703,43424,1429873149,0,0.0,0.0
11703,44557,1429873149,-1,-1.0,-1.0
11703,46098,1429873149,0,0.0,0.0
11703,46233,1430909732,1,NULL,NULL
11703,40213,1430909732,1,1.0,1.0
11703,45167,1429873149,0,0.0,0.0
11703,43335,1430909732,-1,-1.0,-1.0
11703,45649,1429873149,0,0.0,0.0
11703,41496,1429873149,1,1.0,1.0
11703,43951,1429873149,1,1.0,1.0
11703,57115,1429873149,1,1.0,1.0
11703,47609,1430909732,0,0.0,NULL
11703,39603,1429873149,0,0.0,0.0
11703,46120,1429873149,0,0.0,0.0
11703,40107,1429873149,0,0.0,0.0
11703,39383,1429873149,0,0.0,NULL
11703,39817,1430909732,0,0.0,0.0
11703,39597,1429873149,1,1.0,1.0
11703,47605,1429873149,1,NULL,NULL
11703,46771,1432101975,0,0.0,0.0
11703,43037,1429873149,0,0.0,0.0
11703,41831,1429873149,0,0.0,0.0
11703,47021,1432101975,-1,NULL,NULL
11703,43963,1429873149,0,NULL,NULL
11703,39717,1429873149,1,1.0,1.0
11703,46090,1430909732,0,0.0,0.0
11703,41026,1430909732,0,0.0,0.0
11703,39577,1430909732,0,0.0,0.0
11703,46904,1429873149,0,0.0,0.0
11703,42784,1429873149,-1,NULL,NULL
11703,47605,1430909732,0,0.0,NULL
11703,46027,1430909732,1,1.0,1.0
11703,46135,1429873149,0,0.0,0.0
11703,46055,1429873149,1,1.0,1.0
11703,45974,1430909732,0,0.0,0.0
11703,42787,1429873149,1,1.0,NULL
11703,56967,1429873149,-1,-1.0,-1.0
11703,46141,1430909732,0,0.0,0.0
11703,46971,1429873149,1,NULL,NULL
11703,46083,1429873149,0,0.0,0.0
11703,42934,1430909732,1,1.0,1.0
11703,39663,1429873149,1,1.0,1.0
11703,46243,1429873149,-1,NULL,NULL
11706,41605,1431931695,-1,-1.0,-1.0
11706,45081,1431931695,-1,-1.0,-1.0
11706,45156,1431931695,-1,-1.0,-1.0
11706,45167,1431931695,0,0.0,0.0
11706,45080,1431931695,0,0.0,NULL
11706,45166,1431931695,0,0.0,0.0
11706,44219,1431931695,1,NULL,NULL
11706,43972,1431931695,-1,NULL,NULL
11706,39494,1431931695,0,NULL,NULL
11706,40289,1431931695,0,NULL,NULL
11706,40763,1431931695,0,0.0,0.0
11706,40769,1431931695,0,0.0,0.0
11706,40765,1431931695,0,0.0,0.0
11706,40779,1431931695,-1,NULL,NULL
11706,40767,1431931695,0,0.0,0.0
11706,40759,1431931695,0,NULL,NULL
11706,40086,1431931695,0,0.0,0.0
11706,47019,1431931695,-1,-1.0,-1.0
11706,57236,1431931695,-1,NULL,NULL
11706,57190,1431931695,0,NULL,NULL
11706,57248,1431931695,0,NULL,NULL
11706,47490,1431931695,-1,NULL,NULL
11706,46936,1431931695,-1,NULL,NULL
11706,47598,1431931695,-1,NULL,NULL
11706,46770,1431931695,-1,-1.0,-1.0
11706,47020,1431931695,-1,NULL,NULL
11706,47021,1431931695,-1,NULL,NULL
11706,46771,1431931695,0,0.0,0.0
11706,46769,1431931695,-1,NULL,NULL
11706,46153,1431931695,1,NULL,NULL
11706,46066,1431931695,-1,NULL,NULL
11706,46243,1431931695,-1,NULL,NULL
11706,46054,1431931695,0,-1.0,-1.0
11706,46072,1431931695,-1,-1.0,NULL
11706,46055,1431931695,1,-1.0,NULL
11710,44469,1431502396,0,NULL,NULL
11710,46054,1431502396,-1,-1.0,-1.0
11710,45216,1431502396,-1,-1.0,-1.0
11710,39663,1431502396,-1,-1.0,-1.0
11710,39497,1431502396,1,1.0,1.0
11710,42945,1431502396,0,0.0,0.0
11710,41822,1431502396,0,0.0,0.0
11710,39580,1431502396,0,0.0,0.0
11710,41835,1431502396,-1,-1.0,-1.0
11710,40828,1431502396,0,0.0,0.0
11710,39818,1431502396,0,0.0,0.0
11710,41658,1431502396,-1,-1.0,-1.0
11710,45969,1431502396,0,0.0,0.0
11710,57115,1422965895,0,NULL,NULL
11710,44567,1431502396,-1,-1.0,NULL
11710,45203,1431502396,0,NULL,NULL
11710,44284,1431502396,0,0.0,0.0
11710,37796,1431502396,0,0.0,0.0
11710,45744,1431502396,0,0.0,0.0
11710,44562,1431502396,1,NULL,NULL
11710,40003,1431502396,0,0.0,0.0
11710,43230,1431502396,1,NULL,NULL
11710,45167,1431502396,0,0.0,0.0
11710,41834,1431502396,0,0.0,0.0
11710,52243,1431502396,1,1.0,1.0
11710,44564,1431502396,1,NULL,NULL
11710,46196,1431502396,0,0.0,0.0
11710,46052,1431502396,0,0.0,0.0
11710,47004,1431502396,0,0.0,0.0
11710,41839,1431502396,0,NULL,NULL
11710,41562,1431502396,1,1.0,1.0
11710,47513,1431502396,-1,-1.0,-1.0
11710,39812,1431502396,-1,-1.0,-1.0
11710,46194,1431502396,1,NULL,NULL
11710,37913,1431502396,0,0.0,0.0
11710,44277,1431502396,0,0.0,0.0
11710,41497,1431502396,0,0.0,0.0
11710,39213,1431502396,-1,-1.0,-1.0
11710,47598,1431502396,1,NULL,NULL
11710,43839,1431502396,0,0.0,0.0
11710,42757,1431502396,0,0.0,0.0
11710,39925,1431502396,0,0.0,0.0
11710,43335,1431502396,1,1.0,1.0
11710,41458,1431502396,-1,-1.0,-1.0
11710,46289,1431502396,-1,NULL,NULL
11710,41026,1431502396,0,0.0,0.0
11710,40787,1431502396,1,1.0,1.0
11710,40763,1431502396,0,0.0,0.0
11710,46132,1431502396,-1,NULL,NULL
11710,46960,1431502396,0,0.0,0.0
11710,43777,1431502396,0,0.0,0.0
11710,44560,1431502396,1,1.0,1.0
11710,46138,1431502396,-1,-1.0,-1.0
11710,46925,1431502396,0,0.0,0.0
11710,41820,1431502396,0,0.0,0.0
11710,52368,1431502396,-1,-1.0,-1.0
11710,47606,1431502396,0,0.0,0.0
11710,38029,1431502396,0,0.0,0.0
11710,40084,1431502396,1,1.0,1.0
11710,40302,1431502396,0,0.0,0.0
11721,41143,1431062319,1,0.0,0.0
11723,57236,1430982134,1,NULL,NULL
11723,40288,1430982134,0,NULL,NULL
11723,40763,1430982134,0,0.0,0.0
11723,40769,1430982134,0,0.0,0.0
11723,40759,1430982134,0,NULL,NULL
11723,40774,1430982134,0,0.0,0.0
11723,40086,1430982134,0,0.0,0.0
11723,40767,1430982134,0,0.0,0.0
11723,40765,1430982134,0,0.0,0.0
11723,40779,1430982134,1,NULL,NULL
11723,40772,1430982134,0,0.0,0.0
11723,44219,1430982134,-1,NULL,NULL
11723,43972,1430982134,1,NULL,NULL
11723,43230,1430982134,-1,NULL,NULL
11723,43152,1430982134,-1,NULL,NULL
11723,45250,1430982134,-1,NULL,NULL
11725,43230,1430918524,-1,0.0,0.0
11725,45250,1430918524,-1,0.0,0.0
11725,43152,1430918524,-1,NULL,NULL
11729,39925,1430869581,0,0.0,0.0
11729,45929,1430869581,0,0.0,0.0
11729,40164,1430869581,1,1.0,1.0
11729,39226,1430832396,1,1.0,1.0
11729,44554,1430869581,0,0.0,0.0
11729,44066,1430869581,-1,-1.0,NULL
11729,46948,1430869581,-1,-1.0,-1.0
11729,45833,1430869581,-1,-1.0,-1.0
11729,46988,1430832396,1,NULL,NULL
11729,46088,1430869581,0,0.0,0.0
11729,45245,1430869581,0,NULL,NULL
11729,46233,1430832396,-1,NULL,NULL
11729,39595,1430832396,1,1.0,1.0
11729,46243,1430869581,-1,NULL,NULL
11729,46156,1430869581,1,NULL,NULL
11729,46208,1430869581,0,0.0,0.0
11729,46017,1430869581,-1,-1.0,NULL
11729,44279,1430832396,0,0.0,0.0
11729,42787,1430869581,-1,-1.0,NULL
11729,45166,1430832396,0,0.0,0.0
11729,45307,1430869581,1,1.0,1.0
11729,45892,1430832396,0,NULL,NULL
11729,46137,1430832396,0,0.0,0.0
11729,52103,1430869581,0,0.0,0.0
11729,37905,1430832396,0,0.0,0.0
11729,47490,1430832396,-1,NULL,NULL
11729,44565,1430869581,-1,-1.0,NULL
11729,39159,1430832396,0,0.0,NULL
11729,39159,1430869581,0,0.0,NULL
11729,47612,1430869581,0,0.0,NULL
11729,46135,1430832396,0,0.0,0.0
11729,47180,1430869581,0,0.0,0.0
11729,46171,1430832396,-1,-1.0,NULL
11729,41264,1430832396,-1,-1.0,NULL
11729,42785,1430869581,-1,-1.0,-1.0
11729,40084,1430832396,1,1.0,1.0
11729,45244,1430869581,0,0.0,0.0
11729,45217,1430832396,0,0.0,0.0
11729,45167,1430832396,0,0.0,0.0
11729,41673,1430869581,1,NULL,NULL
11729,45921,1430869581,0,0.0,0.0
11729,43951,1430869581,-1,-1.0,-1.0
11729,37905,1430869581,0,0.0,0.0
11729,46196,1430869581,0,0.0,0.0
11729,41839,1430832396,0,0.0,0.0
11729,37743,1430832396,-1,NULL,NULL
11729,42784,1430832396,-1,-1.0,-1.0
11729,45704,1430869581,-1,-1.0,-1.0
11729,44066,1430832396,-1,-1.0,NULL
11729,46976,1430869581,0,0.0,0.0
11729,43972,1430869581,-1,-1.0,NULL
11729,39598,1430832396,0,0.0,0.0
11729,46207,1430832396,-1,NULL,NULL
11729,46134,1430832396,0,0.0,0.0
11729,46171,1430869581,-1,-1.0,NULL
11729,43962,1430832396,0,0.0,0.0
11729,40210,1430832396,0,0.0,0.0
11729,39580,1430832396,0,0.0,0.0
11729,45941,1430869581,0,0.0,0.0
11729,46925,1430869581,0,0.0,0.0
11732,45729,1430838837,0,0.0,0.0
11732,39576,1430838837,0,0.0,0.0
11732,46114,1430740273,1,1.0,1.0
11732,37905,1430740273,0,0.0,0.0
11732,45941,1430740273,0,0.0,0.0
11732,46723,1430740273,0,0.0,0.0
11732,44062,1430838837,0,0.0,0.0
11732,44066,1430740273,1,1.0,NULL
11732,39748,1430838837,0,0.0,0.0
11732,46294,1430740273,1,1.0,1.0
11732,45758,1430740273,1,1.0,1.0
11732,45167,1430838837,0,0.0,0.0
11732,46134,1430838837,0,0.0,0.0
11732,39618,1430740273,1,1.0,1.0
11732,46271,1430838837,1,1.0,1.0
11732,40152,1430740273,-1,-1.0,-1.0
11732,44070,1430838837,-1,-1.0,-1.0
11732,40763,1430740273,0,0.0,0.0
11732,47004,1430838837,0,0.0,0.0
11732,41673,1430838837,-1,NULL,NULL
11732,46194,1430740273,-1,NULL,NULL
11732,41615,1430838837,1,1.0,1.0
11732,44300,1430740273,0,NULL,NULL
11732,42787,1430740273,1,1.0,NULL
11732,39301,1430838837,0,0.0,0.0
11732,45973,1430740273,1,1.0,NULL
11732,44071,1430740273,0,0.0,0.0
11732,45947,1430838837,1,1.0,1.0
11732,41668,1430740273,0,0.0,0.0
11732,46979,1430838837,0,0.0,0.0
11732,47513,1430740273,1,1.0,1.0
11732,45892,1430740273,0,NULL,NULL
11732,44746,1430740273,0,0.0,0.0
11732,43008,1430838837,0,0.0,0.0
11732,39598,1430838837,0,0.0,0.0
11732,46995,1430740273,0,0.0,0.0
11732,38029,1430838837,0,0.0,0.0
11732,41834,1430740273,0,0.0,0.0
11732,43867,1430838837,1,1.0,1.0
11732,40084,1430838837,-1,-1.0,-1.0
11732,41768,1430838837,1,1.0,1.0
11732,46260,1430838837,1,1.0,1.0
11732,47189,1430838837,0,0.0,0.0
11732,39556,1430740273,-1,-1.0,-1.0
11732,39578,1430740273,0,0.0,0.0
11732,40320,1430740273,-1,-1.0,-1.0
11732,52556,1430838837,0,0.0,0.0
11732,45756,1430838837,1,1.0,1.0
11732,39379,1430838837,1,1.0,1.0
11732,40038,1430838837,0,0.0,0.0
11732,56815,1430838837,-1,-1.0,-1.0
11732,47601,1430740273,0,0.0,NULL
11732,46988,1430838837,-1,NULL,NULL
11732,37815,1430740273,0,0.0,0.0
11732,39706,1430838837,1,1.0,1.0
11732,46901,1430838837,1,1.0,1.0
11732,46196,1430740273,0,0.0,0.0
11732,45704,1430838837,1,1.0,1.0
11732,44563,1430838837,0,0.0,0.0
11732,40197,1430740273,0,0.0,0.0
11734,56834,1384963870,0,NULL,NULL
11734,56755,1384963870,0,NULL,NULL
11734,37793,1430727780,0,0.0,0.0
11734,56335,1384963870,0,NULL,NULL
11734,55865,1384963870,0,NULL,NULL
11734,41263,1385042966,0,NULL,NULL
11734,39228,1385042966,0,NULL,NULL
11734,45244,1430407972,0,0.0,0.0
11734,46042,1385042966,0,NULL,NULL
11734,47665,1384963870,0,NULL,NULL
11734,44469,1384963870,0,NULL,NULL
11734,43803,1385042966,0,0.0,0.0
11734,46961,1384963870,0,0.0,0.0
11734,39347,1430727780,1,1.0,1.0
11734,47227,1385042966,0,NULL,NULL
11734,56550,1384963870,0,NULL,NULL
11734,56928,1384963870,0,NULL,NULL
11734,43840,1384963870,-1,NULL,NULL
11734,45074,1384963870,0,NULL,NULL
11734,41494,1385042966,0,NULL,NULL
11734,43424,1430407972,0,0.0,0.0
11734,55884,1385042966,0,NULL,NULL
11734,56160,1384963870,0,NULL,NULL
11734,56557,1385042966,0,NULL,NULL
11734,56635,1385042966,0,NULL,NULL
11734,44546,1384963870,0,NULL,NULL
11734,41537,1384963870,0,NULL,NULL
11734,47639,1384963870,0,NULL,NULL
11734,39794,1385042966,0,NULL,NULL
11734,55907,1385042966,0,NULL,NULL
11734,56503,1385042966,0,NULL,NULL
11734,47183,1385042966,0,NULL,NULL
11734,56073,1384963870,0,NULL,NULL
11734,45538,1385042966,0,0.0,0.0
11734,55906,1384963870,0,NULL,NULL
11734,52361,1385042966,0,NULL,NULL
11734,56084,1384963870,0,NULL,NULL
11734,56231,1385042966,0,NULL,NULL
11734,39322,1384963870,0,NULL,NULL
11734,55887,1384963870,0,NULL,NULL
11734,42624,1384963870,0,NULL,NULL
11734,56479,1385042966,0,NULL,NULL
11734,56966,1384963870,0,NULL,NULL
11734,46276,1384963870,0,NULL,NULL
11734,56159,1384963870,0,NULL,NULL
11734,39465,1384963870,0,0.0,0.0
11734,47195,1384963870,0,NULL,NULL
11734,43046,1385042966,0,NULL,NULL
11734,55812,1384963870,0,NULL,NULL
11734,44235,1385042966,0,0.0,0.0
11734,47611,1385042966,0,NULL,NULL
11734,45017,1385042966,0,NULL,NULL
11734,56489,1385042966,0,NULL,NULL
11734,39902,1384963870,0,NULL,NULL
11734,56110,1384963870,0,NULL,NULL
11734,46141,1384963870,-1,0.0,0.0
11734,41852,1385042966,0,NULL,NULL
11734,51601,1385042966,0,NULL,NULL
11734,43239,1384963870,0,NULL,NULL
11734,56908,1384963870,0,0.0,0.0
11735,45764,1430464796,1,NULL,NULL
11735,39595,1430464796,-1,-1.0,-1.0
11735,42934,1430464796,1,1.0,NULL
11735,46260,1430464796,1,1.0,1.0
11735,40209,1430464796,0,0.0,0.0
11735,46212,1430464796,1,NULL,NULL
11735,46017,1430464796,1,1.0,NULL
11735,42833,1430464796,0,0.0,0.0
11735,41285,1430464796,1,1.0,1.0
11735,45893,1430464796,0,0.0,0.0
11735,46233,1430464796,1,NULL,NULL
11735,47009,1430464796,0,0.0,0.0
11735,46194,1430464796,-1,NULL,NULL
11735,44294,1430464796,0,0.0,0.0
11735,47189,1430464796,0,0.0,0.0
11735,45217,1430464796,0,0.0,0.0
11735,56746,1430464796,0,0.0,0.0
11735,47603,1430464796,0,NULL,NULL
11735,46051,1430661370,0,NULL,NULL
11735,47513,1430464796,1,1.0,1.0
11735,40320,1430464796,-1,-1.0,-1.0
11735,46184,1430464796,0,0.0,0.0
11735,41628,1430464796,0,0.0,0.0
11735,46134,1430464796,0,0.0,0.0
11735,46976,1430464796,0,0.0,0.0
11735,46083,1430464796,0,0.0,0.0
11735,44557,1430464796,-1,-1.0,-1.0
11735,39922,1430464796,0,0.0,0.0
11735,46196,1430464796,0,0.0,0.0
11735,43940,1430464796,0,0.0,0.0
11735,46243,1430464796,1,NULL,NULL
11735,43962,1430464796,0,0.0,0.0
11735,44560,1430464796,-1,-1.0,-1.0
11735,52355,1430464796,0,0.0,0.0
11735,44067,1430464796,0,NULL,NULL
11735,43972,1430464796,1,1.0,NULL
11735,39597,1430464796,1,1.0,1.0
11735,39996,1430464796,-1,-1.0,-1.0
11735,42945,1430464796,0,0.0,0.0
11735,46171,1430464796,1,1.0,NULL
11735,45209,1430464796,0,0.0,0.0
11735,45216,1430464796,1,1.0,1.0
11735,43424,1430464796,0,0.0,0.0
11735,39226,1430464796,-1,-1.0,-1.0
11735,44066,1430464796,1,1.0,NULL
11735,45519,1430464796,0,0.0,0.0
11735,41821,1430464796,0,0.0,NULL
11735,43842,1430464796,1,1.0,1.0
11735,46045,1430464796,1,NULL,NULL
11735,41673,1430464796,-1,NULL,NULL
11735,41560,1430464796,1,NULL,NULL
11735,44300,1430464796,0,NULL,NULL
11735,46294,1430464796,1,1.0,1.0
11735,44551,1430464796,0,0.0,0.0
11735,39598,1430464796,0,0.0,0.0
11735,46055,1430464796,1,1.0,NULL
11735,37796,1430464796,0,0.0,0.0
11735,44552,1430464796,0,0.0,0.0
11735,37746,1430464796,1,NULL,NULL
11735,41624,1430464796,0,0.0,0.0
11737,44559,1430658273,0,0.0,0.0
11737,41628,1430658273,0,0.0,0.0
11737,41560,1430658273,-1,NULL,NULL
11737,43424,1430658273,0,0.0,0.0
11737,46052,1430658273,0,0.0,0.0
11737,46979,1430658273,0,0.0,0.0
11737,44067,1430658273,0,NULL,NULL
11737,44281,1430658273,1,1.0,1.0
11737,46088,1430658273,0,0.0,0.0
11737,44294,1430658273,0,0.0,0.0
11737,40084,1430658273,1,1.0,1.0
11737,46289,1430658273,-1,NULL,NULL
11737,45756,1430658273,-1,-1.0,-1.0
11737,41458,1430658273,-1,-1.0,-1.0
11737,41026,1430658273,0,0.0,0.0
11737,46988,1430658273,1,NULL,NULL
11737,46184,1430658273,0,0.0,0.0
11737,45729,1430658273,0,0.0,0.0
11737,41137,1430658273,-1,-1.0,-1.0
11737,40170,1430658273,0,0.0,0.0
11737,37749,1430658273,1,1.0,NULL
11737,42868,1430658273,0,0.0,0.0
11737,44219,1430658273,1,1.0,1.0
11737,47609,1430658273,0,NULL,NULL
11737,41615,1430658273,-1,-1.0,-1.0
11737,41480,1430658273,-1,-1.0,-1.0
11737,39580,1430658273,0,0.0,0.0
11737,37742,1430658273,0,NULL,NULL
11737,46207,1430658273,-1,NULL,NULL
11737,39349,1430658273,0,0.0,0.0
11737,45892,1430658273,0,NULL,NULL
11737,47473,1430658273,0,0.0,0.0
11737,39389,1430658273,-1,-1.0,-1.0
11737,46901,1430658273,-1,-1.0,-1.0
11737,46120,1430658273,0,0.0,0.0
11737,46995,1430658273,0,0.0,0.0
11737,45947,1430658273,-1,-1.0,-1.0
11737,46072,1430658273,-1,-1.0,NULL
11737,45307,1430658273,1,1.0,1.0
11737,42784,1430658273,-1,-1.0,-1.0
11737,39996,1430658273,1,1.0,1.0
11737,45758,1430658273,-1,-1.0,-1.0
11737,44552,1430658273,0,0.0,0.0
11737,40787,1430658273,1,1.0,1.0
11737,39576,1430658273,0,0.0,0.0
11737,41835,1430658273,-1,-1.0,-1.0
11737,40148,1430658273,0,0.0,0.0
11737,37913,1430658273,0,0.0,0.0
11737,40302,1430658273,0,0.0,0.0
11737,41673,1430658273,1,NULL,NULL
11737,45949,1430658273,1,NULL,NULL
11737,37815,1430658273,0,0.0,0.0
11737,46723,1430658273,0,0.0,0.0
11737,44746,1430658273,0,0.0,0.0
11737,37863,1430658273,0,0.0,0.0
11737,39578,1430658273,0,0.0,0.0
11737,44557,1430658273,1,1.0,1.0
11737,47871,1430658273,0,0.0,0.0
11737,41624,1430658273,0,0.0,0.0
11737,45930,1430658273,-1,-1.0,-1.0
11741,44566,1430486693,0,0.0,0.0
11741,41145,1430486860,-1,NULL,NULL
11741,56815,1430486693,1,1.0,1.0
11741,52239,1430486693,-1,-1.0,-1.0
11741,41137,1430486860,1,1.0,1.0
11741,46044,1430486693,-1,NULL,NULL
11741,43962,1430486693,0,0.0,0.0
11741,44067,1430486693,0,NULL,NULL
11741,39579,1430486860,0,0.0,0.0
11741,45081,1430486860,1,1.0,1.0
11741,46976,1430486860,0,0.0,0.0
11741,39379,1430486860,1,1.0,1.0
11741,45941,1430486693,0,0.0,0.0
11741,41480,1430486860,1,1.0,1.0
11741,45921,1430486860,0,0.0,0.0
11741,47605,1430486693,0,NULL,NULL
11741,41715,1430486860,-1,-1.0,-1.0
11741,44551,1430486860,0,0.0,0.0
11741,40197,1430486860,0,0.0,0.0
11741,43867,1430486860,1,1.0,1.0
11741,45729,1430486693,0,0.0,0.0
11741,39618,1430486860,1,1.0,1.0
11741,41675,1430486860,1,NULL,NULL
11741,46090,1430486860,0,0.0,0.0
11741,41822,1430486693,0,0.0,0.0
11741,39576,1430486860,0,0.0,0.0
11741,39706,1430486860,1,1.0,1.0
11741,45892,1430486860,0,NULL,NULL
11741,47189,1430486693,0,0.0,0.0
11741,45756,1430486693,-1,-1.0,-1.0
11741,52340,1430486860,-1,-1.0,-1.0
11741,44558,1430486693,0,0.0,0.0
11741,46189,1430486860,0,0.0,0.0
11741,47009,1430486693,0,0.0,0.0
11741,45081,1430486693,-1,-1.0,-1.0
11741,46988,1430486693,1,NULL,NULL
11741,46205,1430486693,-1,-1.0,-1.0
11741,45744,1430486693,0,0.0,0.0
11741,44284,1430486860,0,0.0,0.0
11741,39603,1430486860,0,0.0,0.0
11741,37863,1430486860,0,0.0,0.0
11741,46194,1430486693,1,NULL,NULL
11741,46052,1430486860,0,0.0,0.0
11741,46992,1430486693,0,0.0,0.0
11741,57114,1430486693,0,0.0,0.0
11741,39389,1430486693,-1,-1.0,-1.0
11741,40302,1430486860,0,0.0,0.0
11741,46296,1430486860,-1,NULL,NULL
11741,46013,1430486693,0,0.0,0.0
11741,46054,1397760706,0,0.0,0.0
11741,52355,1430486693,0,0.0,0.0
11741,45536,1430486860,1,1.0,1.0
11741,46943,1430486860,-1,-1.0,-1.0
11741,40038,1430486693,0,0.0,0.0
11741,52243,1430486693,1,1.0,1.0
11741,45947,1430486860,1,1.0,1.0
11741,47609,1430486860,0,NULL,NULL
11741,37905,1430486693,0,0.0,0.0
11741,46925,1430486860,0,0.0,0.0
11741,37743,1430486693,-1,NULL,NULL
11749,46055,1430385258,1,-1.0,-1.0
11750,40003,1430385202,0,NULL,NULL
