7,9129,1582176894,1,NULL,NULL
9,21736,1582148042,0,NULL,NULL
9,14586,1582174558,0,NULL,NULL
9,32219,1582174558,0,NULL,NULL
14,36174,1582117537,0,NULL,NULL
14,26016,1581946177,0,1.0,1.0
14,37342,1581946177,0,NULL,NULL
14,9944,1582117537,0,0.0,0.0
14,4650,1582103456,0,0.0,0.0
14,6141,1582103456,-1,NULL,NULL
14,24701,1581940107,0,NULL,NULL
14,29694,1582103456,0,0.0,0.0
14,21947,1581940107,-1,NULL,NULL
14,1176,1582117537,0,NULL,NULL
20,16940,1581941082,0,NULL,NULL
20,8807,1581941082,0,NULL,NULL
20,12304,1581941082,0,NULL,NULL
20,35495,1581941082,0,NULL,NULL
20,25203,1581941082,0,NULL,NULL
20,32471,1581941082,0,NULL,NULL
20,8457,1581941082,0,0.0,0.0
20,28472,1581941082,0,0.0,0.0
20,13344,1581941082,0,NULL,NULL
20,33255,1581941082,0,NULL,NULL
24,8925,1581924082,0,0.0,0.0
24,7703,1581924082,1,NULL,NULL
24,10354,1581924082,1,NULL,NULL
24,14223,1581924082,0,NULL,NULL
24,30093,1581924082,1,NULL,NULL
24,31170,1581924082,0,NULL,NULL
27,26538,1581692767,0,0.0,0.0
27,5251,1581692767,0,NULL,NULL
27,34166,1581692767,-1,NULL,NULL
27,12357,1581692767,0,NULL,NULL
27,24537,1581692767,0,0.0,0.0
27,4445,1581692767,0,NULL,NULL
27,22034,1581692767,0,NULL,NULL
27,16853,1581692767,-1,NULL,NULL
27,18188,1581692767,0,NULL,NULL
30,13889,1581675586,0,NULL,NULL
30,31475,1581675586,0,NULL,NULL
30,1456,1581681258,0,-1.0,-1.0
30,4713,1581681258,1,0.0,0.0
33,6042,1581615466,0,NULL,NULL
44,26934,1581475089,0,0.0,0.0
44,8114,1581475089,0,NULL,NULL
44,10731,1581475089,0,NULL,NULL
44,16677,1581475089,-1,NULL,NULL
44,4935,1581475089,0,NULL,NULL
44,23394,1581454300,1,NULL,NULL
44,34144,1581475089,0,NULL,NULL
44,27637,1581454300,0,0.0,0.0
44,36998,1581454300,0,NULL,NULL
44,32496,1581475089,0,NULL,NULL
45,19892,1579255238,0,NULL,NULL
45,13988,1579255442,-1,NULL,NULL
45,20261,1579256497,0,NULL,NULL
45,18590,1579256497,0,NULL,NULL
45,25962,1579258648,0,1.0,1.0
45,27469,1581434035,0,0.0,0.0
45,6193,1581436796,0,NULL,NULL
48,4492,1581423710,1,NULL,NULL
48,8657,1581423710,0,NULL,NULL
48,5986,1581423710,0,NULL,NULL
48,27471,1581423710,1,0.0,0.0
48,10181,1581423710,1,NULL,NULL
48,4379,1581423710,1,NULL,NULL
48,24607,1581423710,-1,NULL,NULL
48,9035,1581423710,0,NULL,NULL
48,33769,1581423710,1,NULL,NULL
48,8909,1581423710,1,NULL,NULL
55,8437,1581345116,0,NULL,NULL
55,10846,1581345116,1,NULL,NULL
55,13395,1581345116,1,NULL,NULL
55,13570,1581345116,0,NULL,NULL
55,9238,1581345116,0,NULL,NULL
55,14586,1581345116,0,NULL,NULL
55,37087,1581350241,0,NULL,NULL
56,15617,1581308505,0,NULL,NULL
56,4061,1581308505,1,0.0,0.0
56,1458,1581308505,1,NULL,NULL
56,331,1581308505,1,NULL,NULL
57,24101,1581308385,0,NULL,NULL
57,12497,1581308385,0,NULL,NULL
57,4974,1581308385,0,NULL,NULL
57,23515,1581308385,0,0.0,0.0
57,12734,1581308385,0,NULL,NULL
57,2230,1581308385,0,NULL,NULL
57,6986,1581308385,0,NULL,NULL
57,24171,1581308385,0,NULL,NULL
57,6120,1581308385,0,NULL,NULL
57,13219,1581308385,0,NULL,NULL
62,9909,1581076684,0,NULL,NULL
62,19743,1581076684,0,NULL,NULL
62,7157,1581076684,0,NULL,NULL
62,8429,1581076684,0,NULL,NULL
62,7171,1581076684,0,NULL,NULL
62,16583,1581076684,0,NULL,NULL
62,32551,1581076684,0,NULL,NULL
62,355,1581076684,0,NULL,NULL
62,24478,1581076684,0,0.0,0.0
62,21888,1581076684,0,NULL,NULL
63,27744,1581070962,0,0.0,0.0
63,21394,1581070962,1,NULL,NULL
64,14530,1581070242,0,NULL,NULL
64,11015,1581070242,0,NULL,NULL
70,33826,1580997515,1,NULL,NULL
70,18097,1581000197,0,NULL,NULL
70,27725,1581000424,0,0.0,0.0
76,33545,1580911552,0,NULL,NULL
76,28120,1580911552,0,-1.0,-1.0
76,12811,1580911552,0,NULL,NULL
76,35115,1580911552,0,NULL,NULL
76,35074,1580911552,1,NULL,NULL
76,1328,1580911552,0,NULL,NULL
76,8457,1580911552,1,0.0,0.0
76,29056,1580911552,1,NULL,NULL
76,12760,1580911552,-1,NULL,NULL
76,4163,1580911552,-1,0.0,0.0
82,1601,1580831210,0,0.0,0.0
82,8568,1580831210,0,0.0,0.0
82,11068,1580743780,1,NULL,NULL
82,28538,1580831210,0,0.0,0.0
82,23032,1580831210,0,NULL,NULL
82,10484,1580831210,0,NULL,NULL
82,10397,1580743780,0,NULL,NULL
82,15355,1580831210,0,NULL,NULL
82,6057,1580831210,0,NULL,NULL
82,9526,1580831210,0,NULL,NULL
83,27867,1580831197,0,0.0,0.0
83,752,1580831197,-1,NULL,NULL
83,21123,1580831197,0,NULL,NULL
83,35445,1580831197,1,NULL,NULL
83,33775,1580831197,1,NULL,NULL
83,37318,1580831197,-1,NULL,NULL
83,12311,1580831197,-1,0.0,0.0
83,4856,1580831197,0,NULL,NULL
83,37085,1580831197,0,0.0,0.0
83,31854,1580831197,0,NULL,NULL
87,457,1580730120,0,0.0,0.0
87,30990,1580730120,-1,NULL,NULL
87,16398,1580730120,1,0.0,0.0
87,23734,1580730121,0,NULL,NULL
87,31002,1580730120,1,0.0,0.0
87,1538,1580730121,0,NULL,NULL
87,12720,1580730120,-1,NULL,NULL
87,17657,1580730120,0,NULL,NULL
87,9603,1580730120,0,0.0,0.0
87,20991,1580730120,0,NULL,NULL
88,5128,1580735867,1,NULL,NULL
88,24273,1580735867,0,NULL,NULL
88,1645,1580735867,0,NULL,NULL
88,30981,1580735867,1,NULL,NULL
88,24321,1580735867,1,NULL,NULL
88,401,1580735867,1,NULL,NULL
88,28347,1580735867,0,0.0,0.0
88,26595,1580735867,1,NULL,NULL
88,32468,1580735867,1,NULL,NULL
88,4704,1580735867,1,0.0,0.0
92,8368,1580480849,1,NULL,NULL
92,28364,1580480849,0,0.0,0.0
92,26667,1580480849,0,NULL,NULL
92,5730,1580480849,0,NULL,NULL
92,34709,1580480849,0,NULL,NULL
92,4866,1580480849,0,0.0,0.0
92,30679,1580480849,0,NULL,NULL
92,11904,1580480849,0,NULL,NULL
95,10517,1580454019,0,NULL,NULL
98,31952,1580143435,0,NULL,NULL
98,19631,1580139820,0,NULL,NULL
98,33500,1580139808,0,NULL,NULL
98,26958,1580139808,0,0.0,0.0
98,27233,1580139970,0,0.0,0.0
98,13898,1580139808,1,NULL,NULL
98,5018,1580249309,1,NULL,NULL
98,15778,1580139715,0,NULL,NULL
98,25706,1580138592,1,0.0,0.0
98,23029,1580138592,0,NULL,NULL
100,28511,1580313510,1,0.0,0.0
100,21240,1580313510,1,NULL,NULL
100,12772,1580317859,0,NULL,NULL
104,465,1580151639,0,0.0,0.0
104,13116,1580151639,0,NULL,NULL
104,17056,1580151639,-1,NULL,NULL
104,14043,1580151639,0,NULL,NULL
104,21638,1580151639,-1,NULL,NULL
104,16902,1580151639,0,0.0,0.0
104,25920,1580151639,1,0.0,0.0
104,5013,1580151639,1,NULL,NULL
104,24538,1580151639,1,NULL,NULL
104,12004,1580080190,-1,NULL,NULL
107,10679,1580133976,-1,NULL,NULL
107,30901,1580133976,0,0.0,0.0
107,5081,1580134625,0,NULL,NULL
107,36831,1580133976,0,NULL,NULL
107,23516,1580133976,0,NULL,NULL
107,14113,1580133976,0,NULL,NULL
107,1617,1580133976,1,NULL,NULL
107,36253,1580133976,0,NULL,NULL
107,20412,1580133976,1,0.0,0.0
107,20351,1580133976,0,0.0,0.0
109,28535,1580041120,0,0.0,0.0
109,16257,1579965411,1,NULL,NULL
109,23753,1580036689,1,NULL,NULL
109,7679,1580035306,1,NULL,NULL
109,17537,1580041120,1,NULL,NULL
109,16428,1580033277,0,0.0,0.0
109,13459,1580033277,0,NULL,NULL
109,2312,1579983547,1,NULL,NULL
109,13247,1580033743,0,NULL,NULL
109,28035,1579983547,0,0.0,0.0
110,20498,1579941076,0,NULL,NULL
110,31728,1579941076,0,NULL,NULL
110,26170,1579941076,1,NULL,NULL
110,28663,1579941076,-1,-1.0,-1.0
110,5082,1579941076,-1,NULL,NULL
110,9330,1579942843,0,NULL,NULL
110,32502,1579941076,0,NULL,NULL
110,36571,1579941076,0,NULL,NULL
110,35205,1579941076,-1,NULL,NULL
110,22144,1579942843,0,NULL,NULL
117,8851,1579769094,0,NULL,NULL
117,31797,1579769094,0,NULL,NULL
117,10855,1579762920,0,NULL,NULL
117,4465,1579762920,0,NULL,NULL
117,22865,1579769094,1,NULL,NULL
117,33218,1579769094,0,NULL,NULL
117,25996,1579762920,1,0.0,NULL
117,14073,1579762920,1,NULL,NULL
117,30854,1579769094,0,0.0,0.0
117,12085,1579769094,1,0.0,0.0
118,13874,1579769605,1,NULL,NULL
118,24249,1579769605,1,NULL,NULL
118,19378,1579769605,0,NULL,NULL
118,28522,1579769605,1,0.0,0.0
118,37272,1579769605,0,NULL,NULL
118,10867,1579769605,-1,NULL,NULL
118,22949,1579769843,-1,0.0,0.0
119,31670,1579757159,1,NULL,NULL
123,26455,1579529702,0,0.0,0.0
123,22032,1579529702,0,NULL,NULL
123,14287,1579529702,-1,NULL,NULL
123,31406,1579532617,0,NULL,NULL
123,34784,1579586732,0,NULL,NULL
125,15240,1579516182,1,NULL,NULL
125,6208,1579516182,1,0.0,0.0
125,33884,1579516182,0,NULL,NULL
125,1685,1579516182,1,NULL,NULL
125,27200,1579516182,0,0.0,0.0
125,7576,1579516183,0,0.0,0.0
130,17612,1579179767,0,NULL,NULL
130,37272,1579179767,0,NULL,NULL
130,4901,1579195745,1,NULL,NULL
130,12701,1579195745,0,NULL,NULL
130,9831,1579199999,0,NULL,NULL
130,473,1579179767,-1,NULL,NULL
130,1137,1579199999,1,0.0,0.0
130,19967,1579199999,0,NULL,NULL
130,11944,1579199999,0,NULL,NULL
130,7069,1579195745,1,NULL,NULL
132,21843,1579114511,0,NULL,NULL
132,35426,1579111154,0,NULL,NULL
132,24242,1579111154,0,NULL,NULL
132,30918,1579111154,0,0.0,0.0
132,30237,1579111154,0,NULL,NULL
132,27042,1579114292,0,0.0,0.0
132,21474,1579111154,0,NULL,NULL
132,21304,1579111154,0,NULL,NULL
132,12047,1579111154,0,NULL,NULL
132,26556,1579114511,1,0.0,0.0
133,17651,1579096301,0,NULL,NULL
133,17427,1579096301,-1,0.0,0.0
133,10399,1579096301,0,0.0,0.0
133,14957,1579096301,0,0.0,0.0
133,6487,1579096301,0,0.0,0.0
133,31424,1579096301,0,NULL,NULL
133,19646,1579096301,0,NULL,NULL
133,8575,1579096301,0,NULL,NULL
133,24716,1579096301,0,NULL,NULL
133,17985,1579096301,0,NULL,NULL
134,14885,1579091658,0,NULL,NULL
134,11791,1579091658,-1,NULL,NULL
134,28202,1579091658,-1,NULL,NULL
134,32072,1579091658,-1,NULL,NULL
134,15648,1579091658,1,NULL,NULL
140,1771,1578915026,0,NULL,NULL
140,6959,1578915026,0,NULL,NULL
140,13142,1578915026,0,NULL,NULL
140,16121,1578915026,0,0.0,0.0
140,20298,1578915026,0,0.0,0.0
140,10295,1578915026,0,NULL,NULL
140,17152,1578915026,0,NULL,NULL
140,7887,1578915026,0,0.0,0.0
145,7556,1578410615,-1,0.0,0.0
145,18811,1578411541,0,NULL,NULL
145,7700,1578652719,0,NULL,NULL
145,9185,1578411541,0,0.0,0.0
145,21058,1578245542,-1,NULL,NULL
145,36806,1578153360,-1,NULL,NULL
145,6538,1578243959,-1,NULL,NULL
145,35085,1578154699,-1,NULL,NULL
145,27035,1578154699,0,0.0,0.0
145,13048,1578410615,-1,NULL,NULL
148,30139,1578555550,1,NULL,NULL
148,25995,1578629683,-1,0.0,0.0
156,4135,1578515014,1,0.0,0.0
156,9570,1578515014,0,NULL,NULL
163,33884,1578408181,0,NULL,NULL
163,9003,1578408181,0,NULL,NULL
163,8636,1578408181,0,NULL,NULL
163,11963,1578408181,0,NULL,NULL
163,30657,1578408181,0,NULL,NULL
163,30664,1578408181,0,NULL,NULL
163,9031,1578408181,0,NULL,NULL
163,22274,1578408181,0,0.0,0.0
163,34169,1578408181,0,NULL,NULL
163,15584,1578408181,0,NULL,NULL
164,7734,1578410687,0,NULL,NULL
164,12183,1578410687,0,0.0,0.0
164,5686,1578410687,0,NULL,NULL
164,12790,1578410687,0,NULL,NULL
164,31366,1578410687,0,NULL,NULL
164,15402,1578410687,0,NULL,NULL
164,19780,1578410687,0,NULL,NULL
164,36336,1578410687,0,NULL,NULL
164,2168,1578410687,0,NULL,NULL
164,13038,1578410687,0,NULL,NULL
171,22595,1577978212,-1,0.0,0.0
171,15336,1577978212,0,NULL,NULL
171,23078,1577978212,0,0.0,0.0
171,210,1578025818,1,NULL,NULL
171,13442,1577978212,0,NULL,NULL
171,24384,1577978212,0,NULL,NULL
171,24369,1577978212,0,1.0,1.0
171,4845,1577978212,0,0.0,0.0
171,2352,1577978212,-1,NULL,NULL
171,11686,1577978212,0,NULL,NULL
176,1659,1577936668,-1,NULL,NULL
176,6467,1577936668,1,0.0,0.0
176,11004,1577936668,0,NULL,NULL
176,20855,1577936668,0,NULL,NULL
176,30583,1577936668,-1,0.0,0.0
176,32656,1577936668,1,0.0,0.0
176,6122,1577936668,-1,NULL,NULL
176,11112,1577936668,0,NULL,NULL
176,12486,1577936668,0,NULL,NULL
176,16691,1577936668,-1,NULL,NULL
179,18131,1577951931,1,NULL,NULL
179,6186,1577951931,1,0.0,0.0
179,19854,1577951931,1,NULL,NULL
179,17617,1577951931,0,NULL,NULL
179,9025,1577951931,0,NULL,NULL
180,26778,1577875589,0,0.0,0.0
182,23758,1577453860,1,NULL,NULL
182,14053,1577696900,-1,NULL,NULL
182,27364,1577696900,0,0.0,0.0
184,17267,1577685151,0,0.0,0.0
184,30306,1577685151,0,NULL,NULL
184,22400,1577685151,0,NULL,NULL
184,26559,1577685151,0,0.0,0.0
193,26508,1577097126,1,NULL,NULL
194,31060,1577087143,0,NULL,NULL
194,9819,1577087143,0,NULL,NULL
206,29644,1576666942,1,NULL,NULL
209,15179,1576576474,0,0.0,0.0
209,5076,1576576474,1,NULL,NULL
209,27999,1576576474,0,0.0,0.0
209,37222,1576576474,0,NULL,NULL
209,31590,1576576474,1,NULL,NULL
212,16063,1576567179,0,0.0,0.0
212,31011,1576567179,1,0.0,0.0
221,24387,1576050024,0,NULL,NULL
223,33319,1575896585,1,NULL,NULL
223,8045,1575904763,-1,NULL,NULL
223,11828,1575909257,-1,NULL,NULL
223,16490,1575909257,-1,0.0,0.0
223,33778,1575962748,1,NULL,NULL
223,28448,1575962748,1,0.0,0.0
223,9412,1575970414,-1,0.0,0.0
223,34940,1575970414,-1,NULL,NULL
225,9407,1575831792,1,NULL,NULL
225,18960,1575831792,1,NULL,NULL
225,13108,1575906226,1,NULL,NULL
226,15822,1575905753,0,NULL,NULL
238,30325,1575542711,0,NULL,NULL
242,16568,1575450027,0,0.0,0.0
242,34967,1575450027,0,NULL,NULL
242,19878,1575450027,0,NULL,NULL
242,6968,1575450027,-1,NULL,NULL
242,17628,1575450027,0,NULL,NULL
242,36353,1575450027,0,NULL,NULL
242,6235,1575450027,0,NULL,NULL
242,23021,1575450027,1,NULL,NULL
242,21349,1575450027,0,0.0,0.0
242,7098,1575450027,0,NULL,NULL
245,12554,1575440435,1,NULL,NULL
245,31792,1575440435,0,NULL,NULL
245,12007,1575440435,1,NULL,NULL
245,26966,1575440435,0,0.0,0.0
245,30141,1575440435,0,NULL,NULL
245,6760,1575440435,0,0.0,0.0
245,14586,1575440435,1,NULL,NULL
245,200,1575440435,1,NULL,NULL
245,25787,1575440435,0,NULL,NULL
245,31390,1575440435,0,NULL,NULL
248,10658,1575384505,0,NULL,NULL
248,1184,1575384505,0,NULL,NULL
248,24773,1575384505,1,NULL,NULL
249,33482,1575378650,0,NULL,NULL
249,35480,1575378650,1,NULL,NULL
249,19337,1575378650,1,NULL,NULL
256,5985,1575037356,0,NULL,NULL
257,16681,1575020260,1,0.0,0.0
257,8632,1575020260,0,0.0,0.0
257,4009,1575031150,1,0.0,0.0
257,33335,1575031150,0,NULL,NULL
261,10732,1574827262,0,0.0,0.0
261,33120,1574827262,1,0.0,0.0
261,35566,1574827262,0,NULL,NULL
261,22777,1574827262,0,0.0,0.0
262,8045,1574675625,0,NULL,NULL
262,17008,1574675625,0,NULL,NULL
263,16148,1541670803,1,0.0,0.0
263,21262,1540473486,0,NULL,NULL
263,30320,1541670803,1,NULL,NULL
263,28803,1541670803,0,NULL,NULL
263,4093,1542010001,0,NULL,NULL
263,16111,1540473486,0,NULL,NULL
263,21275,1542010001,0,NULL,NULL
263,22313,1541670803,0,NULL,NULL
263,28736,1541670803,0,0.0,0.0
263,26679,1541670803,0,0.0,0.0
264,30840,1574412696,0,0.0,0.0
264,15758,1574413819,1,NULL,NULL
264,12113,1574412634,0,-1.0,-1.0
264,1749,1574412696,0,NULL,NULL
264,9982,1574502898,1,NULL,NULL
264,19490,1574412634,0,NULL,NULL
264,11980,1574413819,-1,NULL,NULL
264,28251,1574413819,0,0.0,0.0
264,17793,1574412634,1,NULL,NULL
264,15551,1574412634,-1,0.0,0.0
265,543,1574495531,0,0.0,0.0
267,8820,1574406850,0,NULL,NULL
267,8553,1574406850,0,NULL,NULL
268,19540,1574362213,1,0.0,0.0
268,2068,1574362213,-1,NULL,NULL
269,8696,1574359948,0,0.0,0.0
269,25746,1574359948,0,0.0,NULL
269,6460,1574359948,-1,NULL,NULL
269,26192,1574359948,0,NULL,NULL
270,10938,1574358723,0,NULL,NULL
270,13263,1574358723,0,NULL,NULL
270,7566,1574358723,1,0.0,0.0
271,27956,1574351866,0,0.0,0.0
271,26241,1574351866,0,NULL,NULL
271,13995,1574351866,0,NULL,NULL
271,8704,1574351866,0,NULL,NULL
271,31676,1574354553,0,NULL,NULL
271,17440,1574354553,0,NULL,NULL
271,8732,1574354553,0,NULL,NULL
275,30449,1574327270,1,NULL,NULL
290,35166,1573820692,0,NULL,NULL
290,14945,1573820692,0,NULL,NULL
290,30215,1573820692,0,0.0,0.0
290,1087,1573820692,0,NULL,NULL
290,16889,1573820692,0,0.0,0.0
290,34307,1573820692,0,NULL,NULL
290,2787,1573820692,0,NULL,NULL
290,1397,1573820692,0,NULL,NULL
290,24833,1573820692,0,NULL,NULL
290,10377,1573820692,0,NULL,NULL
292,21617,1573732107,0,NULL,NULL
292,2117,1573732107,-1,NULL,NULL
292,31545,1573732107,0,NULL,NULL
292,18714,1573732107,0,NULL,NULL
292,12671,1573732107,0,NULL,NULL
292,14821,1573732107,0,NULL,NULL
292,751,1573786956,0,NULL,NULL
292,8194,1573732107,0,NULL,NULL
292,8240,1573732107,0,NULL,NULL
292,31613,1573732107,-1,NULL,NULL
294,18324,1573708416,1,NULL,NULL
294,16663,1573708416,0,NULL,NULL
294,5960,1573708416,0,NULL,NULL
294,17830,1573708416,0,NULL,NULL
294,21804,1573709131,0,NULL,NULL
294,550,1573709131,0,NULL,NULL
295,36926,1573678918,0,NULL,NULL
296,193,1573678882,0,NULL,NULL
296,21037,1573678882,0,0.0,0.0
297,4139,1573551091,0,0.0,0.0
297,24859,1573551091,0,0.0,0.0
297,5281,1573551091,0,0.0,0.0
297,34397,1573551091,0,NULL,NULL
297,7179,1573551091,0,NULL,NULL
297,12514,1573551091,0,NULL,NULL
297,26727,1573551091,1,0.0,0.0
297,1298,1573551091,0,NULL,NULL
297,27961,1573551091,0,NULL,NULL
297,14226,1573551091,0,NULL,NULL
298,15683,1573616974,0,NULL,NULL
302,4893,1573496374,1,NULL,NULL
302,7719,1573496374,1,NULL,NULL
302,15335,1573499780,1,NULL,NULL
303,16763,1573493285,1,NULL,NULL
303,12465,1573493285,0,NULL,NULL
303,30848,1573493285,1,0.0,0.0
303,739,1573493285,1,NULL,NULL
303,31527,1573498251,-1,NULL,NULL
303,19840,1573493285,1,NULL,NULL
303,16170,1573493285,0,NULL,NULL
303,6594,1573493285,0,0.0,0.0
303,7185,1573493285,1,NULL,NULL
303,9383,1573493285,0,NULL,NULL
304,16247,1573480105,-1,NULL,NULL
304,12569,1573480105,0,NULL,NULL
304,9521,1573480105,-1,NULL,NULL
304,5587,1573480105,-1,NULL,NULL
331,1564,1572781125,0,NULL,NULL
331,6447,1572781125,0,0.0,0.0
343,17424,1572428493,1,0.0,0.0
345,28116,1572409897,-1,0.0,0.0
345,10027,1572409897,1,NULL,NULL
345,21941,1572409897,0,0.0,0.0
345,6874,1572409897,0,0.0,0.0
345,11100,1572409897,0,NULL,NULL
345,1303,1572410115,0,NULL,NULL
345,11893,1572409897,0,NULL,NULL
345,17878,1572409897,1,NULL,NULL
345,8053,1572409897,-1,NULL,NULL
345,26434,1572409897,0,0.0,0.0
353,15140,1572173969,0,NULL,NULL
353,24542,1572173969,-1,0.0,0.0
353,32521,1572173969,0,NULL,NULL
353,30958,1572173969,0,0.0,0.0
353,13590,1572173969,0,NULL,NULL
353,17995,1572173969,0,NULL,NULL
353,17266,1572173969,0,0.0,0.0
353,24821,1572173969,0,NULL,NULL
353,7011,1572173969,0,NULL,NULL
353,18102,1572173969,0,NULL,NULL
355,2191,1571844047,0,NULL,NULL
355,28474,1571844047,1,0.0,0.0
355,1713,1571844047,1,NULL,NULL
355,66,1571844047,0,NULL,NULL
355,9020,1571844047,0,NULL,NULL
365,4217,1571410795,1,NULL,NULL
365,1673,1571410795,0,NULL,NULL
365,4239,1571410795,0,NULL,NULL
365,13929,1571410795,-1,NULL,NULL
365,21323,1571410795,1,NULL,NULL
365,692,1571410795,0,NULL,NULL
365,16783,1571410795,1,NULL,NULL
365,31314,1571410795,0,NULL,NULL
365,34180,1571410795,1,NULL,NULL
365,13782,1571410795,0,NULL,NULL
368,13683,1571383862,-1,NULL,NULL
368,13154,1571383862,0,NULL,NULL
368,9839,1571383862,0,NULL,NULL
368,5490,1571383862,1,NULL,NULL
368,10252,1571383862,0,NULL,NULL
368,17662,1571383862,1,NULL,NULL
368,6827,1571383862,0,NULL,NULL
374,31676,1571041863,0,NULL,NULL
374,12553,1571041863,0,NULL,NULL
374,27422,1571041863,0,0.0,0.0
374,15188,1571041863,0,NULL,NULL
374,12515,1571041863,0,NULL,NULL
374,9837,1571041863,0,NULL,NULL
374,12158,1571042805,1,NULL,NULL
374,17964,1571128975,0,NULL,NULL
378,12914,1571047286,1,NULL,NULL
378,1090,1571047466,1,NULL,NULL
381,27004,1571034670,1,0.0,0.0
381,9255,1571034670,1,NULL,NULL
381,20481,1571034670,1,0.0,0.0
381,22927,1571034670,1,NULL,NULL
383,9424,1570797610,1,NULL,NULL
384,30127,1570796620,0,NULL,NULL
386,19088,1570791016,-1,NULL,NULL
386,9672,1570791016,0,NULL,NULL
386,31219,1570791016,0,NULL,NULL
386,31816,1570791016,0,NULL,NULL
393,96,1570685013,1,NULL,NULL
393,7425,1570687975,0,NULL,NULL
394,24976,1570685187,0,0.0,0.0
397,1770,1570505716,0,NULL,NULL
397,15853,1570505716,0,NULL,NULL
397,27831,1570505716,0,0.0,0.0
397,13914,1570505716,1,NULL,NULL
397,24135,1570505716,1,NULL,NULL
397,6158,1570505716,0,NULL,NULL
397,8762,1570505716,0,NULL,NULL
397,21677,1570505716,0,0.0,0.0
397,5666,1570505716,0,NULL,NULL
397,6947,1570505716,0,0.0,0.0
400,25017,1570431227,1,0.0,0.0
408,14508,1570089602,0,0.0,0.0
410,9275,1569856012,0,NULL,NULL
412,28657,1569832709,0,-1.0,-1.0
414,9444,1569814979,1,NULL,NULL
426,4406,1568640878,0,NULL,NULL
426,14576,1568640878,0,0.0,0.0
426,31135,1568640878,0,NULL,NULL
426,37001,1568640878,0,NULL,NULL
426,1894,1568640878,0,NULL,NULL
426,10507,1568640878,0,NULL,NULL
426,6359,1568974769,1,NULL,NULL
427,6938,1568970048,0,NULL,NULL
427,13877,1568970048,1,NULL,NULL
431,6206,1568804366,0,0.0,0.0
431,24253,1568804366,0,NULL,NULL
431,6688,1568804366,0,0.0,0.0
431,19477,1568804366,0,NULL,NULL
431,1790,1568804366,0,NULL,NULL
431,21041,1568804366,1,NULL,NULL
431,7112,1568804366,-1,NULL,NULL
431,11934,1568804366,0,NULL,NULL
431,37630,1568804366,0,NULL,NULL
431,35449,1568804366,0,NULL,NULL
435,21387,1568729255,-1,NULL,NULL
435,6889,1568729255,-1,NULL,NULL
435,12752,1568729255,1,NULL,NULL
435,22,1568729255,-1,NULL,NULL
435,1444,1568729255,0,NULL,NULL
437,13033,1568726936,0,NULL,NULL
437,34329,1568726936,0,NULL,NULL
440,10076,1567752781,-1,NULL,NULL
440,18679,1568707135,1,NULL,NULL
440,6469,1568707135,1,0.0,0.0
441,16852,1568706503,1,NULL,NULL
441,16661,1568706503,1,0.0,0.0
451,27544,1568274701,0,0.0,0.0
451,27257,1568274701,0,0.0,0.0
451,30416,1568274701,0,0.0,NULL
456,16442,1568192132,0,NULL,NULL
459,27229,1568125458,0,0.0,0.0
459,34187,1568125458,0,NULL,NULL
460,18388,1568116640,1,NULL,NULL
462,17802,1568107443,0,NULL,NULL
462,13970,1568107606,0,NULL,NULL
462,11126,1568107792,0,0.0,0.0
464,7055,1567987563,0,NULL,NULL
464,2223,1567987563,0,NULL,NULL
464,7619,1567987563,0,0.0,0.0
464,21245,1567987563,0,NULL,NULL
464,24114,1567987563,0,NULL,NULL
469,6636,1567756279,0,0.0,0.0
469,7037,1567756279,0,NULL,NULL
469,1041,1567756279,0,NULL,NULL
469,24306,1567756279,1,NULL,NULL
469,14355,1567756279,1,NULL,NULL
469,34466,1567756279,0,NULL,NULL
469,18103,1567756279,0,NULL,NULL
469,15754,1567756279,1,NULL,NULL
469,16399,1567756279,-1,0.0,0.0
469,16500,1567756279,1,NULL,NULL
479,10286,1489521523,0,NULL,NULL
479,5199,1567521246,1,NULL,NULL
479,25996,1567521246,0,0.0,NULL
480,12490,1567438039,0,NULL,NULL
480,10719,1567438039,0,NULL,NULL
480,1515,1567438039,0,NULL,NULL
480,26011,1567438039,0,0.0,0.0
480,33657,1567438039,0,NULL,NULL
480,7659,1567438039,0,0.0,0.0
480,13762,1567438039,0,NULL,NULL
480,16835,1567438039,0,NULL,NULL
480,18261,1567438039,0,NULL,NULL
480,12260,1567438039,0,NULL,NULL
485,17085,1567404510,0,NULL,NULL
485,12026,1567404510,1,NULL,NULL
486,31401,1567330055,0,NULL,NULL
486,12845,1567268491,1,NULL,NULL
486,11709,1567238894,0,NULL,NULL
486,15651,1567238894,-1,NULL,NULL
486,22867,1567268491,1,NULL,NULL
486,16464,1567268491,0,0.0,0.0
486,2407,1567327072,0,NULL,NULL
486,27067,1567330055,0,NULL,NULL
486,4271,1567268491,0,NULL,NULL
486,19818,1567330055,1,NULL,NULL
487,17809,1567067241,0,NULL,NULL
487,13272,1567067241,1,NULL,NULL
490,23109,1566733360,1,0.0,0.0
490,2241,1566733360,1,NULL,NULL
490,13257,1566733360,1,NULL,NULL
490,7605,1566733360,0,NULL,NULL
490,4457,1566733360,0,NULL,NULL
490,16121,1566733360,0,0.0,0.0
490,32434,1566733360,0,NULL,NULL
490,33843,1566741831,0,NULL,NULL
491,33280,1566555928,0,NULL,NULL
491,5100,1566555928,0,NULL,NULL
491,17076,1566555928,0,NULL,NULL
491,18499,1566555928,0,NULL,NULL
491,6791,1566555928,0,NULL,NULL
491,22640,1566555928,0,NULL,NULL
491,35491,1566555928,-1,NULL,NULL
491,11993,1566555928,0,NULL,NULL
491,1875,1566555928,0,NULL,NULL
491,6874,1566555928,1,0.0,0.0
492,5387,1566452212,0,NULL,NULL
492,6860,1566630197,0,0.0,0.0
492,15148,1566630197,0,NULL,NULL
492,18766,1566630197,0,NULL,NULL
492,35053,1566630197,0,NULL,NULL
493,21640,1566593122,0,NULL,NULL
493,1827,1566593122,1,NULL,NULL
495,7725,1566489034,0,NULL,NULL
495,4492,1566497173,0,NULL,NULL
495,17683,1566560375,0,NULL,NULL
495,23948,1566497172,0,NULL,NULL
495,8558,1566560375,0,NULL,NULL
495,23942,1566497173,0,NULL,NULL
495,18436,1566497173,0,NULL,NULL
495,23705,1566489034,0,NULL,NULL
495,25685,1566497172,1,0.0,0.0
495,23877,1566497173,1,NULL,NULL
496,9831,1566547401,1,0.0,0.0
496,516,1566547401,-1,0.0,0.0
496,720,1566547401,1,NULL,NULL
496,21339,1566547401,1,0.0,0.0
508,12476,1565603839,0,NULL,NULL
508,12434,1565603839,0,NULL,NULL
508,8017,1565603839,0,NULL,NULL
508,4674,1565603839,1,NULL,NULL
510,8011,1565603839,-1,NULL,NULL
510,24173,1565603839,1,NULL,NULL
518,35659,1565343764,0,NULL,NULL
518,8779,1565343764,0,NULL,NULL
518,21569,1565343764,0,NULL,NULL
518,32149,1565343764,0,0.0,0.0
518,1390,1565343764,0,NULL,NULL
518,12432,1565343764,0,NULL,NULL
518,22172,1565343764,0,NULL,NULL
518,10721,1565343764,0,NULL,NULL
518,7292,1565343764,0,NULL,NULL
518,14476,1565343764,0,NULL,NULL
520,18021,1565288034,1,NULL,NULL
520,16200,1565288034,1,NULL,NULL
520,5480,1565288034,1,NULL,NULL
520,28352,1565288034,-1,NULL,NULL
520,12435,1565288034,1,NULL,NULL
520,12106,1565288034,1,0.0,0.0
520,19509,1565288034,0,NULL,NULL
520,2253,1565288034,1,NULL,NULL
520,9880,1565288034,1,NULL,NULL
520,35042,1565288034,-1,NULL,NULL
521,15624,1565245177,-1,NULL,NULL
521,12503,1565245177,0,NULL,NULL
521,17536,1565245177,0,NULL,NULL
521,17155,1565245177,0,NULL,NULL
521,29758,1565245177,0,NULL,NULL
521,21235,1565245177,0,NULL,NULL
525,272,1565171965,0,NULL,NULL
525,27176,1565171965,0,NULL,NULL
525,13686,1565171965,0,NULL,NULL
525,5909,1565171965,0,NULL,NULL
525,27997,1565171965,0,0.0,0.0
525,29710,1565171965,1,NULL,NULL
535,11859,1565083067,1,NULL,NULL
535,20706,1565083067,1,NULL,NULL
535,32521,1565083067,0,NULL,NULL
535,13705,1565083067,1,NULL,NULL
535,31985,1565083276,1,0.0,0.0
535,12617,1565083276,1,NULL,NULL
539,15669,1565068838,-1,NULL,NULL
539,17065,1565068838,0,NULL,NULL
539,5721,1565068838,0,NULL,NULL
542,15587,1565007406,0,NULL,NULL
542,1090,1565007406,1,NULL,NULL
542,22656,1565007406,0,0.0,0.0
542,2812,1565007406,1,NULL,NULL
548,14363,1560253901,0,NULL,NULL
548,11143,1558620452,0,NULL,NULL
548,26659,1558620452,-1,-1.0,-1.0
548,4020,1558620452,0,NULL,NULL
548,14030,1560253901,0,NULL,NULL
548,1180,1558620452,0,NULL,NULL
548,31090,1558620452,0,0.0,0.0
548,7550,1558684841,0,0.0,0.0
548,16824,1558684841,0,0.0,0.0
548,20051,1558684841,0,NULL,NULL
550,5423,1564650114,1,NULL,NULL
563,19273,1564494028,1,NULL,NULL
563,32902,1564494028,0,NULL,NULL
563,13503,1564494028,1,NULL,NULL
563,17416,1564494028,0,NULL,NULL
567,12901,1564379056,1,NULL,NULL
567,9495,1564379056,0,0.0,0.0
567,24619,1564379056,1,0.0,0.0
567,28278,1564379056,0,0.0,0.0
567,18959,1564379056,1,NULL,NULL
567,1938,1564379056,0,NULL,NULL
567,20703,1564379056,0,NULL,NULL
567,10782,1564379056,0,NULL,NULL
567,33025,1564379056,0,NULL,NULL
567,27313,1564379056,0,NULL,NULL
568,22111,1564211859,0,NULL,NULL
568,1617,1564211859,0,NULL,NULL
568,9529,1564214937,-1,NULL,NULL
568,27493,1564211859,-1,0.0,0.0
568,17106,1564214937,-1,NULL,NULL
568,17464,1564211859,0,NULL,NULL
568,7955,1564214937,-1,NULL,NULL
568,34396,1564211859,-1,NULL,NULL
568,579,1564214937,0,NULL,NULL
568,31678,1564211859,-1,NULL,NULL
569,9368,1564144543,0,NULL,NULL
569,7898,1564144543,0,NULL,NULL
569,22268,1564144543,0,0.0,0.0
569,35168,1564144543,1,NULL,NULL
569,2292,1564144543,1,NULL,NULL
569,16751,1564144543,1,0.0,0.0
569,19727,1564144543,0,0.0,0.0
569,35580,1564144543,0,NULL,NULL
569,17088,1564144543,0,NULL,NULL
569,37338,1564144543,0,NULL,NULL
570,8167,1564150338,1,NULL,NULL
570,12969,1564150338,1,NULL,NULL
570,31575,1564150338,1,NULL,NULL
570,5393,1564150338,0,NULL,NULL
576,16760,1563521941,0,NULL,NULL
576,5701,1563521941,1,NULL,NULL
576,13453,1564127599,0,NULL,NULL
576,21191,1564127599,0,NULL,NULL
577,37210,1563534245,1,NULL,NULL
577,13501,1563542763,1,NULL,NULL
577,12344,1564071237,-1,NULL,NULL
577,11329,1564071237,-1,NULL,NULL
578,19765,1564038278,0,NULL,NULL
578,33496,1564038278,0,NULL,NULL
582,22998,1562142403,0,NULL,NULL
582,1673,1562142403,0,NULL,NULL
582,8278,1562142403,0,NULL,NULL
582,27204,1563205697,0,NULL,NULL
582,15329,1563824707,0,0.0,0.0
582,21936,1563824707,0,NULL,NULL
582,33297,1563824707,0,NULL,NULL
582,20429,1563824707,0,0.0,0.0
582,6743,1563824707,0,NULL,NULL
586,8566,1563462964,0,0.0,0.0
586,5510,1563462964,-1,NULL,NULL
586,4174,1563462964,0,NULL,NULL
586,6016,1563462964,-1,NULL,NULL
586,31007,1563462964,0,0.0,0.0
586,9642,1563462964,0,0.0,0.0
586,14510,1563462964,0,0.0,0.0
586,6840,1563462964,-1,0.0,0.0
586,22799,1563462964,0,NULL,NULL
598,9583,1562924606,0,NULL,NULL
598,26423,1562924606,0,0.0,0.0
598,18612,1562924606,-1,NULL,NULL
598,23695,1562924606,0,NULL,NULL
598,17176,1562924606,-1,NULL,NULL
598,15796,1562924605,0,NULL,NULL
598,9731,1562924606,0,NULL,NULL
598,14369,1562924606,-1,NULL,NULL
598,7949,1562924606,1,NULL,NULL
598,15676,1562924606,-1,NULL,NULL
602,17995,1562842528,0,NULL,NULL
602,16492,1562842528,0,0.0,0.0
602,27101,1562842528,0,0.0,0.0
602,23142,1562842528,1,NULL,NULL
602,1431,1562842528,0,NULL,NULL
602,29613,1562842528,0,NULL,NULL
602,22229,1562842528,0,NULL,NULL
602,4877,1562842528,0,0.0,0.0
602,30353,1562842528,0,NULL,NULL
602,33633,1562842528,0,NULL,NULL
621,19238,1562072000,0,NULL,NULL
621,22144,1562077190,0,NULL,NULL
621,10845,1562077190,0,NULL,NULL
624,8179,1562061231,-1,0.0,0.0
624,1350,1562061231,-1,NULL,NULL
624,36015,1562061231,-1,NULL,NULL
624,24266,1562061231,0,0.0,0.0
624,13284,1562061231,-1,NULL,NULL
634,7261,1561706531,0,NULL,NULL
634,7309,1561706531,0,NULL,NULL
636,5492,1561553177,0,NULL,NULL
636,27024,1561553177,0,NULL,NULL
636,10400,1561553177,1,0.0,0.0
636,12891,1561553177,0,NULL,NULL
636,1911,1561553177,1,NULL,NULL
636,28282,1561553177,-1,NULL,NULL
636,4429,1561553177,1,NULL,NULL
636,30941,1561553177,1,0.0,0.0
636,21528,1561700625,0,NULL,NULL
636,35814,1561553177,-1,NULL,NULL
640,33794,1561649363,0,NULL,NULL
640,32206,1561649363,1,NULL,NULL
642,4010,1561609924,0,NULL,NULL
642,4573,1561609924,1,NULL,NULL
642,21424,1561609924,1,0.0,0.0
642,16608,1561614648,0,0.0,0.0
642,16825,1561614648,0,NULL,NULL
643,9770,1561581868,1,NULL,NULL
643,9075,1561581868,1,NULL,NULL
643,2728,1561581868,0,NULL,NULL
649,22629,1561379660,-1,0.0,0.0
649,36517,1561379660,-1,NULL,NULL
649,5688,1561379660,0,NULL,NULL
649,27952,1561379660,1,0.0,0.0
649,21258,1561379660,0,NULL,NULL
649,16679,1561379660,0,0.0,0.0
649,10424,1561379660,0,NULL,NULL
649,13253,1561379660,0,NULL,NULL
649,16932,1561379660,1,0.0,0.0
649,5109,1561379660,0,NULL,NULL
656,8959,1560953182,0,0.0,0.0
656,8985,1560953182,1,NULL,NULL
670,28468,1560443225,0,0.0,0.0
670,28146,1560443225,1,0.0,0.0
670,1960,1560443225,-1,NULL,NULL
671,4704,1560363251,0,NULL,NULL
674,15634,1560325329,-1,0.0,0.0
674,8861,1560325329,0,0.0,0.0
675,19508,1560310555,0,NULL,NULL
675,26498,1560310556,1,0.0,0.0
675,31577,1560310555,0,NULL,NULL
675,30244,1560310555,0,NULL,NULL
675,34326,1560310556,0,NULL,NULL
675,33222,1560310556,0,NULL,NULL
675,15900,1560311474,0,0.0,0.0
675,1783,1560314326,0,NULL,NULL
675,26681,1560311474,0,-1.0,-1.0
675,1191,1560311474,0,NULL,NULL
677,36466,1560247762,1,NULL,NULL
677,14015,1560247762,1,NULL,NULL
688,17618,1559818751,0,NULL,NULL
688,22583,1559818751,-1,0.0,0.0
688,32096,1559818751,-1,NULL,NULL
688,6152,1559818751,1,NULL,NULL
688,19754,1559818751,1,NULL,NULL
688,35064,1559818751,-1,0.0,0.0
690,21536,1559739733,0,NULL,NULL
690,7913,1559739807,0,0.0,0.0
690,31009,1559739988,0,0.0,0.0
695,13084,1559629710,1,NULL,NULL
695,34228,1559629710,1,NULL,NULL
695,11704,1559629710,0,NULL,NULL
695,6407,1559629710,0,NULL,NULL
697,33539,1559576091,0,NULL,NULL
704,33693,1558692749,0,NULL,NULL
704,4420,1558692749,0,NULL,NULL
704,33583,1558692749,0,NULL,NULL
704,27878,1558692749,0,NULL,NULL
704,23106,1558692749,0,NULL,NULL
704,23948,1558852670,1,NULL,NULL
704,20844,1558692749,0,NULL,NULL
704,3020,1558692749,0,NULL,NULL
704,30877,1558692749,0,0.0,0.0
704,32826,1558938169,1,NULL,NULL
705,15869,1559204455,0,NULL,NULL
705,4212,1559204455,0,NULL,NULL
706,26258,1559078259,-1,0.0,0.0
706,28654,1559078260,0,-1.0,-1.0
706,14898,1559078259,1,NULL,NULL
706,6476,1559078260,-1,0.0,0.0
706,14332,1559078259,0,NULL,NULL
706,30292,1559078259,1,0.0,0.0
706,33328,1559129960,1,NULL,NULL
706,5325,1559078260,0,NULL,NULL
706,125,1559078259,1,NULL,NULL
706,248,1559078259,-1,NULL,NULL
712,30134,1559014879,0,NULL,NULL
712,20417,1559014879,1,NULL,NULL
712,36368,1559015117,0,NULL,NULL
712,4350,1559015117,0,NULL,NULL
712,10019,1559015117,0,0.0,0.0
720,20084,1558702307,1,NULL,NULL
720,19928,1558702307,0,0.0,0.0
720,27386,1558702307,0,0.0,0.0
720,31337,1558702307,0,0.0,0.0
720,19268,1558702307,0,NULL,NULL
720,7477,1558702307,0,NULL,NULL
720,33671,1558702307,1,NULL,NULL
720,8221,1558702307,0,NULL,NULL
720,19560,1558702308,0,NULL,NULL
720,36382,1558702307,0,NULL,NULL
721,12443,1558692749,0,NULL,NULL
721,18710,1558692749,0,NULL,NULL
726,30664,1558516468,-1,NULL,NULL
726,12404,1558520064,1,0.0,NULL
726,18471,1558520064,1,NULL,NULL
726,2029,1558520064,-1,NULL,NULL
727,2281,1558515048,0,NULL,NULL
727,8577,1558515048,1,NULL,NULL
735,31515,1558424087,1,NULL,NULL
736,30891,1558423551,0,NULL,NULL
736,26578,1558423551,1,0.0,0.0
736,23914,1558423551,1,NULL,NULL
736,26278,1558423551,1,NULL,NULL
736,7981,1558423551,0,NULL,NULL
736,17680,1558423551,1,NULL,NULL
736,13830,1558423551,0,NULL,NULL
736,9101,1558423551,1,0.0,0.0
736,17775,1558423551,0,NULL,NULL
736,8608,1558423551,0,0.0,0.0
740,33040,1556794878,1,NULL,NULL
740,26026,1556794879,1,NULL,NULL
740,13192,1556794879,0,NULL,NULL
740,4234,1556794878,0,NULL,NULL
740,13914,1558274184,0,NULL,NULL
740,28014,1556794879,0,0.0,0.0
740,13095,1556794879,0,NULL,NULL
740,9813,1556794879,-1,0.0,0.0
740,17054,1556794879,0,NULL,NULL
740,7589,1558274184,0,NULL,NULL
741,19275,1558273823,0,NULL,NULL
742,20260,1557989963,0,NULL,NULL
742,10472,1557989963,0,NULL,NULL
742,35240,1557989963,0,NULL,NULL
742,20803,1557989963,0,0.0,0.0
742,6030,1557989963,0,NULL,NULL
742,12223,1557989963,0,NULL,NULL
742,270,1557989963,0,NULL,NULL
742,9031,1558097288,0,NULL,NULL
742,1229,1558097288,0,NULL,NULL
742,24369,1557989963,0,1.0,1.0
747,27648,1558081104,0,0.0,0.0
747,8040,1558081104,1,NULL,NULL
747,7572,1558081104,0,0.0,0.0
747,27023,1558081104,0,0.0,0.0
747,25852,1558081104,0,NULL,NULL
747,24888,1558081104,0,0.0,0.0
747,23341,1558081104,0,NULL,NULL
747,24108,1558081104,0,NULL,NULL
748,12984,1558022869,0,NULL,NULL
749,22157,1558001351,-1,NULL,NULL
750,17101,1557995239,1,NULL,NULL
750,19866,1558000043,0,NULL,NULL
750,14242,1558000043,1,NULL,NULL
753,27303,1557975816,0,0.0,0.0
755,22076,1557929155,1,0.0,0.0
755,9695,1557929155,1,0.0,0.0
755,4895,1557929155,1,NULL,NULL
755,23796,1557929470,0,NULL,NULL
763,2404,1557852476,1,NULL,NULL
763,14422,1557852476,1,NULL,NULL
763,9738,1557852476,0,NULL,NULL
763,31245,1557852476,0,NULL,NULL
763,34244,1557852476,1,NULL,NULL
763,13954,1557852476,1,NULL,NULL
766,16769,1557801833,-1,0.0,0.0
766,33222,1557801833,1,NULL,NULL
766,19296,1557807672,0,NULL,NULL
766,19937,1557801833,0,NULL,NULL
766,8402,1557806683,1,NULL,NULL
766,27780,1557801833,0,0.0,0.0
766,24706,1557806683,1,NULL,NULL
766,11137,1557801833,1,NULL,NULL
766,33421,1557801833,0,NULL,NULL
766,17590,1557808110,1,NULL,NULL
767,28516,1557758201,-1,0.0,0.0
767,2197,1557758201,0,NULL,NULL
767,36125,1557758201,-1,NULL,NULL
767,1798,1557758201,0,NULL,NULL
767,20375,1557758201,-1,0.0,0.0
767,13481,1557758201,1,NULL,NULL
767,31087,1557758201,-1,0.0,0.0
767,6881,1557758201,0,NULL,NULL
767,14353,1557758201,0,NULL,NULL
767,1975,1557758201,-1,NULL,NULL
770,17287,1557652275,1,0.0,0.0
770,7397,1557652275,0,NULL,NULL
770,5660,1557652275,0,NULL,NULL
770,19491,1557653918,0,NULL,NULL
775,16514,1557405087,0,0.0,0.0
775,14542,1557405087,0,NULL,NULL
775,3000,1557405087,0,NULL,NULL
775,24324,1557405087,0,NULL,NULL
775,37461,1557405087,0,NULL,NULL
775,26817,1557405087,0,-1.0,-1.0
775,32683,1557405087,0,NULL,NULL
775,18968,1557405087,0,NULL,NULL
775,6899,1557405087,0,0.0,0.0
775,19318,1557405087,0,NULL,NULL
777,29468,1557384986,0,NULL,NULL
777,7051,1557385072,0,NULL,NULL
777,34536,1557386331,0,NULL,NULL
788,15808,1556631186,0,NULL,NULL
788,26740,1556631186,0,-1.0,-1.0
793,17097,1556523658,0,NULL,NULL
793,4778,1556523658,0,0.0,0.0
793,6113,1556523658,0,NULL,NULL
793,35238,1556523658,0,NULL,NULL
793,33522,1556523658,0,NULL,NULL
793,13746,1556525438,0,NULL,NULL
797,30782,1556281977,-1,NULL,NULL
797,33395,1556281977,-1,NULL,NULL
797,9595,1556281977,-1,0.0,0.0
797,27281,1556281977,-1,0.0,0.0
797,13358,1556282282,0,NULL,NULL
804,28607,1556104624,0,0.0,0.0
804,17296,1556104624,-1,0.0,0.0
804,24226,1556104624,0,0.0,0.0
804,27495,1556104624,0,0.0,0.0
804,32284,1556104624,-1,NULL,NULL
804,33196,1556104624,-1,NULL,NULL
804,34166,1556104624,1,NULL,NULL
806,6853,1555945393,0,NULL,NULL
806,34104,1555945393,0,NULL,NULL
806,2816,1555945393,0,NULL,NULL
806,12044,1555945393,0,NULL,NULL
806,26680,1555945393,0,0.0,0.0
806,10996,1555945393,0,NULL,NULL
806,27642,1555945393,0,0.0,0.0
806,15671,1555945393,0,NULL,NULL
808,24541,1556008210,0,1.0,1.0
808,28236,1556008448,0,0.0,0.0
808,3989,1556009575,0,NULL,NULL
808,19108,1556009712,0,0.0,0.0
818,27852,1555503701,1,NULL,NULL
818,16257,1555503701,0,NULL,NULL
825,14890,1555063240,1,NULL,NULL
825,26222,1555063688,1,NULL,NULL
830,13282,1554801031,0,NULL,NULL
830,13866,1554794368,1,NULL,NULL
830,33799,1554965956,1,NULL,NULL
830,19505,1554801031,1,0.0,0.0
830,22358,1554907936,1,NULL,NULL
830,35811,1554794080,1,0.0,0.0
830,33695,1554892697,0,NULL,NULL
830,26914,1554892697,0,0.0,0.0
830,11793,1554893796,1,NULL,NULL
830,21827,1554892697,1,NULL,NULL
832,28680,1533578855,1,NULL,NULL
832,27151,1533578855,0,NULL,NULL
833,3919,1554900612,-1,NULL,NULL
833,11998,1554900612,0,NULL,NULL
839,2186,1554714574,-1,NULL,NULL
840,15712,1548867786,0,NULL,NULL
840,25813,1548867786,0,NULL,NULL
840,27047,1548867786,0,NULL,NULL
840,32467,1548867786,0,NULL,NULL
840,14833,1548867786,0,NULL,NULL
840,22243,1548867786,1,NULL,NULL
840,19010,1548867786,0,0.0,0.0
840,13433,1548867786,-1,NULL,NULL
840,16577,1548867786,0,NULL,NULL
840,15329,1548867786,1,0.0,0.0
842,21529,1554437411,0,NULL,NULL
842,23026,1554541346,0,NULL,NULL
849,8208,1553894321,0,NULL,NULL
849,2152,1553894321,1,NULL,NULL
849,17450,1553894321,1,0.0,0.0
849,12607,1553894321,0,NULL,NULL
849,15697,1553894321,0,0.0,0.0
849,12641,1553894321,0,NULL,NULL
849,10177,1553894321,0,NULL,NULL
849,27748,1553894321,0,0.0,0.0
849,5942,1553894321,0,NULL,NULL
849,4631,1553894321,0,NULL,NULL
850,20189,1553894321,0,NULL,NULL
858,18696,1553675365,0,NULL,NULL
861,11740,1553594355,1,NULL,NULL
864,37341,1553507155,0,NULL,NULL
864,29560,1553507155,0,0.0,0.0
864,21013,1553507155,0,0.0,0.0
866,27627,1553419403,1,0.0,0.0
866,34367,1553419403,0,NULL,NULL
867,15680,1553418789,1,NULL,NULL
868,31360,1553418576,0,NULL,NULL
869,2932,1553331324,-1,NULL,NULL
870,28361,1553245046,0,0.0,0.0
870,5789,1553245046,0,NULL,NULL
870,31041,1553245046,0,NULL,NULL
870,26057,1553245046,0,0.0,0.0
870,30755,1553245046,0,NULL,NULL
870,20775,1553245046,0,NULL,NULL
870,36553,1553245046,0,NULL,NULL
870,13105,1553245046,0,NULL,NULL
871,20234,1553132765,0,0.0,0.0
875,29609,1553082459,1,-1.0,-1.0
875,27895,1553082459,0,NULL,NULL
877,16474,1553074287,1,NULL,NULL
878,7185,1553059549,1,0.0,0.0
881,32864,1552920500,0,NULL,NULL
884,161,1552641410,1,NULL,NULL
884,33455,1552642050,0,NULL,NULL
884,7180,1552642318,1,0.0,0.0
885,17043,1552559652,0,NULL,NULL
885,16523,1552559652,0,NULL,NULL
885,37070,1552559838,0,NULL,NULL
885,26874,1552559838,0,0.0,0.0
885,12694,1552559838,0,NULL,NULL
885,19502,1552561038,0,0.0,0.0
885,17821,1552569793,0,NULL,NULL
885,21,1552637475,0,NULL,NULL
890,10092,1552533136,0,NULL,NULL
890,15880,1552533136,0,NULL,NULL
890,9958,1552533136,1,NULL,NULL
890,21110,1552539038,0,NULL,NULL
890,17164,1552539038,1,NULL,NULL
890,6619,1552539364,0,NULL,NULL
899,4850,1552397902,0,NULL,NULL
900,32751,1552396585,0,NULL,NULL
912,1631,1551786831,1,NULL,NULL
912,34264,1552023326,0,NULL,NULL
914,6493,1551967256,0,0.0,0.0
915,22693,1551956282,-1,0.0,0.0
915,33037,1551956282,-1,NULL,NULL
915,7496,1551956282,1,NULL,NULL
916,32273,1551930691,0,NULL,NULL
916,12775,1551930691,-1,NULL,NULL
916,6953,1551930691,-1,NULL,NULL
916,2100,1551930691,-1,NULL,NULL
922,358,1551707990,0,NULL,NULL
925,9119,1551674868,0,NULL,NULL
934,2812,1551167777,1,NULL,NULL
934,9135,1551167777,1,0.0,0.0
934,27459,1551167777,0,0.0,0.0
934,32465,1551167777,0,NULL,NULL
934,9905,1551167777,0,NULL,NULL
934,16635,1551167777,0,NULL,NULL
934,15727,1551167777,1,NULL,NULL
934,5170,1551167777,1,NULL,NULL
934,29715,1551167777,0,NULL,NULL
934,16076,1551167777,0,NULL,NULL
938,8212,1551102602,1,NULL,NULL
938,2068,1551102602,0,NULL,NULL
938,5199,1551102602,0,NULL,NULL
938,2280,1551103120,0,NULL,NULL
938,6811,1551103120,0,NULL,NULL
944,21756,1550669918,0,NULL,NULL
944,30787,1550669918,0,NULL,NULL
944,1086,1550669918,-1,NULL,NULL
944,6849,1550669935,0,NULL,NULL
951,2881,1550388345,1,NULL,NULL
951,578,1550388945,0,NULL,NULL
951,8935,1550388945,0,0.0,0.0
952,9013,1550217814,0,NULL,NULL
955,4811,1550156560,0,NULL,NULL
955,14019,1550156560,1,NULL,NULL
955,16906,1550156560,1,NULL,NULL
955,16258,1550157226,0,0.0,0.0
955,8342,1550157226,0,1.0,1.0
955,2096,1550157226,0,0.0,0.0
957,17616,1550140640,0,0.0,0.0
957,28467,1550140640,0,0.0,0.0
957,21719,1550140640,0,NULL,NULL
957,12294,1550140640,0,NULL,NULL
958,2734,1550128562,0,NULL,NULL
958,16538,1550128562,0,0.0,0.0
958,24378,1550128562,0,0.0,0.0
958,11331,1550128562,0,NULL,NULL
958,11737,1550128562,0,NULL,NULL
958,13311,1550128562,0,NULL,NULL
958,30943,1550128562,0,0.0,0.0
958,20081,1550128562,0,NULL,NULL
958,30565,1550128562,0,NULL,NULL
964,9784,1550051016,1,NULL,NULL
964,8842,1550051016,0,0.0,0.0
964,8792,1550051017,-1,NULL,NULL
964,27255,1550051017,1,0.0,0.0
965,30824,1550040622,1,NULL,NULL
967,5855,1548659647,0,NULL,NULL
967,9061,1549982217,1,NULL,NULL
967,7840,1548659647,0,NULL,NULL
967,24315,1549982217,0,NULL,NULL
967,10107,1549982217,0,NULL,NULL
967,37284,1548659647,0,NULL,NULL
967,31328,1548659647,0,0.0,0.0
967,12451,1548659647,0,NULL,NULL
967,21713,1548659647,0,0.0,0.0
967,35540,1548659647,0,NULL,NULL
971,10966,1549965717,-1,NULL,NULL
971,1300,1549965717,-1,NULL,NULL
971,4390,1549965717,0,NULL,NULL
971,23846,1549965717,-1,NULL,NULL
971,9042,1549965717,0,NULL,NULL
971,4686,1549965717,0,NULL,NULL
971,28453,1549965717,1,0.0,0.0
971,36355,1549965717,1,NULL,NULL
971,33337,1549965717,-1,NULL,NULL
971,17050,1549965717,0,NULL,NULL
976,17669,1549524450,0,0.0,0.0
978,1619,1549450008,1,NULL,NULL
978,7934,1549450008,0,NULL,NULL
982,24886,1549264559,0,0.0,0.0
982,7007,1549264559,1,NULL,NULL
982,4149,1549343905,0,NULL,NULL
982,16037,1549343905,0,NULL,NULL
982,33292,1549343905,0,NULL,NULL
982,26711,1549343905,0,0.0,0.0
982,35603,1549343905,0,NULL,NULL
982,30320,1549345398,0,NULL,NULL
982,15121,1549386158,0,NULL,NULL
985,13626,1549363405,0,NULL,NULL
985,5284,1549363405,1,NULL,NULL
985,23248,1549363405,0,NULL,NULL
985,18518,1549363405,0,0.0,0.0
985,21969,1549364347,0,NULL,NULL
985,28755,1549364347,1,NULL,NULL
985,22090,1549364347,1,NULL,NULL
985,26170,1549364347,1,NULL,NULL
988,22991,1549265878,1,NULL,NULL
988,19616,1549265878,-1,NULL,NULL
988,10168,1549275141,0,NULL,NULL
988,37410,1549275141,1,NULL,NULL
988,18960,1549275141,0,NULL,NULL
988,32156,1549275141,0,0.0,0.0
995,20032,1548606483,-1,NULL,NULL
995,4684,1548606483,0,NULL,NULL
995,21760,1548606483,0,NULL,NULL
995,27190,1548606483,0,0.0,0.0
995,25792,1548606483,0,NULL,NULL
995,200,1548606483,0,0.0,0.0
995,15705,1548606483,-1,NULL,NULL
995,12442,1548606483,0,NULL,NULL
995,12008,1548745471,0,NULL,NULL
995,21943,1548606483,0,NULL,NULL
996,194,1548739443,0,NULL,NULL
996,22216,1548739443,0,NULL,NULL
996,24402,1548742636,0,0.0,0.0
996,22366,1548739443,1,NULL,NULL
996,13261,1548739443,1,NULL,NULL
996,17056,1548742127,1,NULL,NULL
996,36227,1548742127,1,NULL,NULL
996,5264,1548742636,0,NULL,NULL
996,22114,1548739443,0,NULL,NULL
996,23758,1548742636,0,NULL,NULL
998,16107,1548683025,-1,NULL,NULL
998,35941,1548683025,0,NULL,NULL
998,2884,1548683025,0,NULL,NULL
998,15146,1548683025,1,NULL,NULL
998,6759,1548683025,0,NULL,NULL
998,27471,1548683025,1,0.0,0.0
998,21269,1548683025,1,NULL,NULL
998,36580,1548683025,1,NULL,NULL
998,29890,1548683025,-1,NULL,NULL
998,25647,1548683025,1,0.0,0.0
1001,33473,1548668317,-1,NULL,NULL
1001,21513,1548668317,-1,NULL,NULL
1001,16620,1548668317,0,0.0,0.0
1004,21341,1548168986,0,0.0,0.0
1004,15538,1548404516,0,0.0,0.0
1006,3072,1548273403,1,NULL,NULL
1009,26500,1548252117,-1,NULL,NULL
1009,2035,1548252117,1,NULL,NULL
1010,14477,1548250802,0,NULL,NULL
1010,17036,1548250801,0,NULL,NULL
1010,4484,1548250802,0,NULL,NULL
1010,35297,1548250802,0,NULL,NULL
1010,28190,1548250802,0,NULL,NULL
1010,2030,1548250802,0,0.0,0.0
1010,32219,1548250802,0,NULL,NULL
1010,31679,1548250802,0,NULL,NULL
1010,19833,1548250801,0,NULL,NULL
1010,26005,1548250802,0,1.0,NULL
1015,23752,1548195038,0,NULL,NULL
1015,10832,1548195038,0,NULL,NULL
1015,27563,1548195038,0,0.0,0.0
1015,12933,1548195038,0,NULL,NULL
1015,13717,1548195038,0,NULL,NULL
1015,21124,1548195039,0,0.0,0.0
1015,10891,1548195039,0,NULL,NULL
1015,19289,1548195039,0,0.0,0.0
1015,31637,1548195039,0,0.0,0.0
1019,13280,1548099153,0,NULL,NULL
1021,1941,1547819809,0,NULL,NULL
1021,15499,1547819809,0,NULL,NULL
1021,9600,1547819809,-1,0.0,0.0
1021,20290,1547819809,0,NULL,NULL
1021,18086,1547819809,0,NULL,NULL
1021,7126,1547819809,0,NULL,NULL
1021,22047,1547819809,0,NULL,NULL
1021,20653,1547819809,0,NULL,NULL
1021,27408,1547819809,0,NULL,NULL
1021,21424,1547819809,0,0.0,0.0
1022,12916,1547818875,0,NULL,NULL
1028,27582,1547651637,1,0.0,0.0
1035,30263,1547545214,0,NULL,NULL
1036,294,1547541816,0,NULL,NULL
1038,35493,1547285506,-1,NULL,NULL
1038,20346,1547285506,-1,NULL,NULL
1038,31045,1547285593,0,0.0,0.0
1038,19292,1547296117,-1,NULL,NULL
1038,12304,1547296117,0,NULL,NULL
1043,32275,1547111525,1,0.0,0.0
1043,12609,1547111525,1,NULL,NULL
1043,6161,1547111525,1,NULL,NULL
1044,34249,1547104639,0,NULL,NULL
1044,6130,1547104781,0,NULL,NULL
1044,37495,1547104781,0,NULL,NULL
1052,15377,1546509199,1,-1.0,-1.0
1056,9975,1546163984,0,NULL,NULL
1056,10750,1546164588,0,NULL,NULL
1060,31944,1545424498,0,NULL,NULL
1060,4731,1545424498,0,0.0,0.0
1067,26851,1545308921,0,-1.0,-1.0
1067,7745,1545308921,-1,NULL,NULL
1068,8626,1545296914,0,NULL,NULL
1069,11037,1545220307,0,NULL,NULL
1069,26193,1545220307,1,NULL,NULL
1069,27776,1545220307,1,0.0,0.0
1069,9092,1545220307,1,NULL,NULL
1069,9073,1545220307,1,NULL,NULL
1069,9793,1545220307,0,NULL,NULL
1076,21266,1544809157,0,NULL,NULL
1076,17755,1544809157,0,NULL,NULL
1076,23111,1544809157,0,NULL,NULL
1077,12890,1544608589,0,NULL,NULL
1077,18124,1544707089,0,NULL,NULL
1079,16684,1544690256,0,NULL,NULL
1079,36978,1544691125,0,NULL,NULL
1079,27838,1544691350,0,0.0,0.0
1079,28767,1544690256,0,NULL,NULL
1079,19764,1544690256,0,NULL,NULL
1079,9120,1544691125,0,NULL,NULL
1079,27822,1544691125,0,0.0,0.0
1079,24075,1544690256,0,NULL,NULL
1079,18004,1544690256,0,NULL,NULL
1079,8089,1544691350,0,NULL,NULL
1082,18965,1544438924,0,NULL,NULL
1082,31410,1544438924,0,0.0,0.0
1082,31088,1544438924,0,NULL,NULL
1082,13622,1544438924,0,NULL,NULL
1082,2255,1544438924,0,NULL,NULL
1082,8435,1544438924,0,NULL,NULL
1082,12958,1544438924,0,NULL,NULL
1082,26624,1544438924,0,0.0,0.0
1082,28451,1544445607,0,0.0,0.0
1086,27543,1544022795,0,NULL,NULL
1086,13941,1544022795,0,NULL,NULL
1086,17893,1544022795,1,NULL,NULL
1086,35830,1544022795,1,NULL,NULL
1086,8563,1544022819,0,NULL,NULL
1088,18223,1544011960,1,NULL,NULL
1088,25658,1544011960,1,NULL,NULL
1088,24973,1544011960,1,0.0,0.0
1088,25953,1544011960,1,NULL,NULL
1088,30963,1544011960,0,0.0,0.0
1088,1238,1544011960,1,NULL,NULL
1088,19006,1544011960,1,0.0,0.0
1088,15769,1544012034,0,NULL,NULL
1088,8158,1544012034,0,0.0,0.0
1090,21159,1544011563,0,NULL,NULL
1091,492,1544011404,0,NULL,NULL
1091,26128,1544011404,0,0.0,0.0
1091,23227,1544011404,0,0.0,0.0
1091,8580,1544011404,0,NULL,NULL
1091,17473,1544011404,0,0.0,0.0
1091,28052,1544011404,0,0.0,0.0
1091,7655,1544011404,0,-1.0,-1.0
1091,7679,1544011404,0,NULL,NULL
1091,26070,1544011404,0,0.0,0.0
1091,20066,1544011404,0,NULL,NULL
1092,8775,1544006115,0,NULL,NULL
1092,10463,1544006115,0,NULL,NULL
1092,8780,1544006115,0,NULL,NULL
1092,25961,1544006115,0,1.0,1.0
1092,13972,1544006115,0,NULL,NULL
1092,13738,1544006115,0,NULL,NULL
1092,24862,1544006115,0,0.0,0.0
1092,15850,1544006115,0,NULL,NULL
1092,8589,1544006115,0,NULL,NULL
1092,24055,1544006115,0,NULL,NULL
1096,19660,1543999457,0,NULL,NULL
1096,1632,1543999457,0,NULL,NULL
1096,4711,1543999457,0,0.0,0.0
1096,13655,1543999457,0,NULL,NULL
1096,12889,1543999457,0,NULL,NULL
1096,16254,1543999457,0,NULL,NULL
1096,22715,1543999457,0,0.0,0.0
1096,11688,1543999457,0,NULL,NULL
1096,34332,1543999457,0,NULL,NULL
1096,27063,1543999457,0,-1.0,-1.0
1098,5973,1536127776,0,NULL,NULL
1098,8300,1536127776,0,NULL,NULL
1098,35227,1536127776,0,NULL,NULL
1098,357,1536127776,0,NULL,NULL
1098,8335,1543934530,0,0.0,0.0
1098,5247,1543934530,1,NULL,NULL
1099,7118,1543932606,1,NULL,NULL
1099,28776,1543932618,1,0.0,0.0
1106,9060,1543848459,0,0.0,0.0
1106,739,1543848482,0,NULL,NULL
1107,31480,1543848437,-1,NULL,NULL
1109,14240,1543568102,0,NULL,NULL
1109,31563,1543568102,0,0.0,0.0
1109,29660,1543568102,1,NULL,NULL
1109,7569,1543568102,0,NULL,NULL
1109,17415,1543568102,1,NULL,NULL
1110,3919,1543564242,0,NULL,NULL
1110,11016,1543564242,0,NULL,NULL
1110,586,1543564242,0,NULL,NULL
1119,23930,1541421705,1,NULL,NULL
1123,12480,1540810811,0,NULL,NULL
1123,4843,1540810811,0,0.0,0.0
1127,32702,1540386478,0,NULL,NULL
1127,24713,1540386478,1,NULL,NULL
1127,4044,1540387874,0,NULL,NULL
1130,24692,1540187096,0,NULL,NULL
1130,10491,1540187096,0,NULL,NULL
1130,33723,1540187096,0,NULL,NULL
1130,37684,1540187096,0,NULL,NULL
1130,5293,1540187096,0,NULL,NULL
1130,7799,1540187096,0,NULL,NULL
1130,13701,1540187096,-1,NULL,NULL
1130,27017,1540187096,0,0.0,0.0
1130,32683,1540187096,0,NULL,NULL
1130,13640,1540187096,-1,NULL,NULL
1132,1738,1540108158,0,NULL,NULL
1132,33781,1540108158,-1,NULL,NULL
1132,32903,1540108158,1,NULL,NULL
1132,34077,1540108158,0,NULL,NULL
1132,34306,1540108158,0,NULL,NULL
1132,15938,1540108158,0,NULL,NULL
1132,27146,1540108158,0,0.0,0.0
1132,1411,1540108158,0,NULL,NULL
1132,10642,1540108158,0,NULL,NULL
1132,5295,1540108158,1,NULL,NULL
1134,27572,1540108157,0,0.0,0.0
1134,23003,1540108157,-1,NULL,NULL
1134,8952,1540108157,-1,0.0,0.0
1134,7491,1540108157,-1,NULL,NULL
1134,15550,1540108157,-1,NULL,NULL
1134,7304,1540108157,-1,NULL,NULL
1134,1830,1540108157,0,NULL,NULL
1134,20482,1540108157,-1,0.0,0.0
1134,21176,1540108157,-1,NULL,NULL
1134,17028,1540108157,-1,NULL,NULL
1135,27867,1540108157,0,0.0,0.0
1135,27976,1540108157,0,0.0,0.0
1135,19370,1540108157,0,NULL,NULL
1135,7535,1540108157,-1,NULL,NULL
1135,22694,1540108157,-1,NULL,NULL
1135,30869,1540108157,0,NULL,NULL
1135,36913,1540108157,-1,NULL,NULL
1135,21089,1540108157,0,NULL,NULL
1135,11887,1540108157,-1,NULL,NULL
1135,16015,1540108157,0,NULL,NULL
1139,18249,1539891124,0,NULL,NULL
1139,21728,1539891124,-1,NULL,NULL
1139,8863,1539891124,0,NULL,NULL
1139,30147,1539891124,-1,NULL,NULL
1139,5208,1539891124,1,NULL,NULL
1139,10766,1539891124,0,NULL,NULL
1139,4591,1539891124,0,NULL,NULL
1139,17142,1539891124,0,NULL,NULL
1139,18505,1539891124,0,NULL,NULL
1139,10706,1539891124,-1,NULL,NULL
1141,20632,1539699992,0,NULL,NULL
1141,5692,1539699992,0,NULL,NULL
1141,6667,1539699992,0,-1.0,-1.0
1141,10656,1539699992,1,NULL,NULL
1141,33371,1539699992,0,NULL,NULL
1141,32034,1539699992,1,NULL,NULL
1142,24942,1539673113,1,NULL,NULL
1142,28079,1539673113,1,0.0,0.0
1148,16622,1539047067,0,NULL,NULL
1148,19545,1539047067,0,NULL,NULL
1155,9146,1538727068,0,NULL,NULL
1161,16762,1538483690,1,NULL,NULL
1161,9599,1538483690,1,NULL,NULL
1161,15676,1538483690,1,NULL,NULL
1161,10705,1538483690,1,NULL,NULL
1162,28183,1538461017,-1,NULL,NULL
1168,7637,1538042853,1,NULL,NULL
1168,24045,1538042853,0,NULL,NULL
1168,22768,1538042853,-1,NULL,NULL
1168,1828,1538042853,1,NULL,NULL
1168,28522,1538042853,1,0.0,0.0
1168,14482,1538042853,1,NULL,NULL
1168,8697,1538042853,1,NULL,NULL
1168,26524,1538042853,0,0.0,0.0
1174,19078,1537712628,0,NULL,NULL
1174,8299,1537712769,0,NULL,NULL
1177,1374,1537534730,1,NULL,NULL
1179,33717,1537381175,1,NULL,NULL
1180,2952,1528297636,-1,NULL,NULL
1180,1070,1528297636,0,NULL,NULL
1180,21721,1528297636,0,NULL,NULL
1180,2803,1528297636,0,NULL,NULL
1180,28588,1528297636,0,NULL,NULL
1180,8684,1528297636,0,NULL,NULL
1180,17652,1528297636,0,NULL,NULL
1180,6615,1528297636,0,NULL,NULL
1180,16181,1537356684,0,NULL,NULL
1182,24103,1536933822,1,NULL,NULL
1182,6327,1536933822,1,NULL,NULL
1182,34144,1536933822,0,NULL,NULL
1186,27958,1536736936,-1,0.0,0.0
1193,28030,1536171290,0,NULL,NULL
1193,22337,1536171290,0,NULL,NULL
1193,1396,1536259446,0,NULL,NULL
1193,1612,1536301350,0,NULL,NULL
1195,23588,1520245176,0,NULL,NULL
1195,33958,1520245176,1,NULL,NULL
1195,21984,1536212607,1,NULL,NULL
1195,30792,1536212607,0,NULL,NULL
1195,24536,1536212607,0,NULL,NULL
1195,23419,1536212607,0,NULL,NULL
1196,19001,1536149440,0,NULL,NULL
1200,4066,1536073365,0,NULL,NULL
1202,25805,1536047690,0,NULL,NULL
1204,24619,1535969486,0,0.0,0.0
1204,24861,1535969486,0,NULL,NULL
1204,12011,1535969468,0,NULL,NULL
1204,24495,1535969468,0,NULL,NULL
1204,4710,1535969486,0,NULL,NULL
1204,21814,1535969486,0,NULL,NULL
1204,27985,1535969486,0,NULL,NULL
1204,34211,1535969468,0,NULL,NULL
1204,20921,1535969468,0,NULL,NULL
1204,12908,1535969486,0,NULL,NULL
1205,27543,1535969451,0,NULL,NULL
1206,22953,1535969441,-1,NULL,NULL
1206,20849,1535969441,0,NULL,NULL
1206,9945,1535969441,0,NULL,NULL
1209,20869,1535542678,-1,NULL,NULL
1210,9208,1535462134,0,NULL,NULL
1218,22053,1534927457,1,NULL,NULL
1218,18031,1535004385,0,NULL,NULL
1218,22555,1535004385,0,NULL,NULL
1219,32787,1534933514,0,NULL,NULL
1219,4727,1534933514,0,NULL,NULL
1219,5709,1534933514,0,NULL,NULL
1219,8043,1534933514,1,NULL,NULL
1219,27930,1534933514,0,NULL,NULL
1219,14146,1534933514,1,NULL,NULL
1229,23801,1534404984,1,NULL,NULL
1229,28641,1534426079,1,NULL,NULL
1230,31234,1534409120,0,NULL,NULL
1230,18381,1534409120,1,NULL,NULL
1231,8296,1534345543,0,NULL,NULL
1231,5307,1534345543,0,NULL,NULL
1231,20984,1534345543,0,NULL,NULL
1231,23813,1534345543,1,NULL,NULL
1231,8719,1534345543,0,NULL,NULL
1233,24927,1534315429,0,NULL,NULL
1234,702,1534315417,-1,NULL,NULL
1235,27047,1534260229,1,NULL,NULL
1235,4268,1534260229,1,NULL,NULL
1235,6411,1534314975,0,NULL,NULL
1235,27892,1534314975,0,NULL,NULL
1238,25863,1534005301,0,NULL,NULL
1238,1661,1534005301,0,NULL,NULL
1238,4853,1534005301,0,0.0,0.0
1238,15359,1534005301,0,NULL,NULL
1240,10399,1532008155,0,NULL,NULL
1240,36015,1532008155,0,NULL,NULL
1240,19904,1532008155,0,NULL,NULL
1240,37242,1531910376,0,NULL,NULL
1240,5471,1531910376,0,NULL,NULL
1240,16410,1531921124,0,NULL,NULL
1240,10189,1531910376,0,NULL,NULL
1240,34561,1531921124,0,NULL,NULL
1240,36687,1531921124,0,NULL,NULL
1240,7216,1531910376,0,NULL,NULL
1244,5696,1533729478,-1,NULL,NULL
1246,36994,1533643355,1,NULL,NULL
1246,26400,1533643551,0,NULL,NULL
1255,27702,1533045152,-1,NULL,NULL
1258,34808,1532706286,0,NULL,NULL
1258,7788,1532706286,0,NULL,NULL
1258,22578,1532706286,0,NULL,NULL
1258,26035,1532727961,0,0.0,0.0
1258,8010,1532706286,0,NULL,NULL
1258,33026,1532727961,0,NULL,NULL
1258,15146,1532727961,0,NULL,NULL
1258,45,1532727961,0,NULL,NULL
1258,20162,1532706286,0,NULL,NULL
1258,36889,1532727961,0,NULL,NULL
1263,36702,1532545815,1,NULL,NULL
1263,30062,1532545815,1,NULL,NULL
1264,33547,1532431965,1,NULL,NULL
1264,13386,1532427249,0,NULL,NULL
1264,4556,1532512083,1,NULL,NULL
1264,9175,1532431965,0,NULL,NULL
1264,19654,1532431965,0,NULL,NULL
1264,6227,1532427249,0,NULL,NULL
1264,33118,1532431965,1,0.0,0.0
1264,17094,1532427249,0,NULL,NULL
1264,37429,1532427249,0,NULL,NULL
1264,14009,1532431965,1,NULL,NULL
1265,20606,1532505403,0,NULL,NULL
1265,18266,1532505403,0,NULL,NULL
1279,23141,1531918621,1,NULL,NULL
1279,26726,1531918621,1,NULL,NULL
1280,35069,1531917586,0,NULL,NULL
1280,5051,1531917586,0,NULL,NULL
1280,21243,1531917586,0,NULL,NULL
1280,15702,1531917586,0,NULL,NULL
1280,14894,1531917586,0,NULL,NULL
1280,22359,1531917586,0,NULL,NULL
1280,15648,1531917586,0,NULL,NULL
1280,22410,1531917586,0,NULL,NULL
1280,223,1531917586,0,NULL,NULL
1280,35015,1531917586,0,NULL,NULL
1284,19013,1531837723,0,NULL,NULL
1284,13720,1531837624,0,NULL,NULL
1284,19782,1531837624,0,NULL,NULL
1284,24927,1531837624,0,NULL,NULL
1284,16894,1531837624,1,NULL,NULL
1284,23178,1531837723,0,NULL,NULL
1284,14368,1531837723,0,NULL,NULL
1284,36980,1531837624,0,NULL,NULL
1284,33788,1531837828,1,NULL,NULL
1284,34084,1531837624,1,NULL,NULL
1289,2344,1531635472,0,NULL,NULL
1289,24376,1531635472,0,NULL,NULL
1289,4525,1531635472,0,NULL,NULL
1289,13216,1531635472,0,NULL,NULL
1289,30063,1531635472,0,NULL,NULL
1289,28342,1531635472,0,NULL,NULL
1289,37064,1531635472,0,NULL,NULL
1289,4914,1531635472,0,NULL,NULL
1289,417,1531635472,0,NULL,NULL
1289,31983,1531635472,0,NULL,NULL
1296,28443,1531381050,0,NULL,NULL
1296,35163,1531381050,1,NULL,NULL
1296,14453,1531381050,1,NULL,NULL
1296,10653,1531381050,-1,NULL,NULL
1296,31147,1531381050,0,NULL,NULL
1297,37130,1531374519,1,NULL,NULL
1297,14142,1531374519,1,NULL,NULL
1298,5730,1531297059,0,NULL,NULL
1307,30132,1531124335,0,NULL,NULL
1307,32211,1531124335,0,NULL,NULL
1311,25205,1530800367,0,NULL,NULL
1311,18654,1530800367,0,NULL,NULL
1320,20598,1530520107,1,NULL,NULL
1320,30903,1530520107,0,NULL,NULL
1320,27227,1530520107,1,NULL,NULL
1320,30991,1530520107,1,NULL,NULL
1320,6144,1530520107,0,NULL,NULL
1320,16626,1530520118,0,NULL,NULL
1321,4103,1530283012,0,NULL,NULL
1322,4711,1529417378,0,NULL,NULL
1322,10397,1529498729,0,NULL,NULL
1322,13606,1530251787,1,NULL,NULL
1326,32659,1530110324,0,NULL,NULL
1330,12885,1527809593,1,NULL,NULL
1330,14504,1527809593,0,NULL,NULL
1330,14284,1530010561,0,NULL,NULL
1330,22521,1530010561,0,NULL,NULL
1330,11861,1528066248,0,NULL,NULL
1330,34320,1528066248,0,NULL,NULL
1330,24319,1528066248,0,NULL,NULL
1330,13475,1528066248,0,NULL,NULL
1330,14827,1528066248,0,NULL,NULL
1330,35303,1527809649,0,NULL,NULL
1331,31852,1529927955,1,NULL,NULL
1331,27028,1529927955,0,NULL,NULL
1331,593,1529927955,0,NULL,NULL
1331,691,1529927955,1,NULL,NULL
1331,7093,1529927955,0,NULL,NULL
1331,13352,1529927955,0,NULL,NULL
1331,9818,1529927955,0,NULL,NULL
1337,7671,1528757269,0,NULL,NULL
1337,17296,1528757269,0,NULL,NULL
1337,32360,1528757269,0,NULL,NULL
1337,18254,1528757269,0,NULL,NULL
1337,9645,1528757269,0,NULL,NULL
1337,11704,1528757269,0,NULL,NULL
1337,2885,1528757269,-1,NULL,NULL
1337,21580,1529332032,0,NULL,NULL
1337,25101,1528757269,0,NULL,NULL
1337,12751,1529332032,0,NULL,NULL
1339,24980,1529310674,0,NULL,NULL
1339,27171,1529310674,-1,NULL,NULL
1339,21584,1529310674,0,NULL,NULL
1339,1980,1529310674,-1,NULL,NULL
1339,28250,1529310674,-1,NULL,NULL
1339,9045,1529310674,0,NULL,NULL
1339,31160,1529310674,0,NULL,NULL
1339,14925,1529310674,0,NULL,NULL
1339,15652,1529310674,0,NULL,NULL
1339,15729,1529310674,1,NULL,NULL
1340,14390,1529308284,0,NULL,NULL
1343,6795,1528996502,0,NULL,NULL
1346,9683,1528873310,0,NULL,NULL
1346,362,1528873310,-1,NULL,NULL
1346,27544,1528873310,0,NULL,NULL
1346,16382,1528873310,-1,NULL,NULL
1346,14591,1528873310,0,NULL,NULL
1347,9194,1528868033,0,NULL,NULL
1347,4719,1528868033,0,NULL,NULL
1347,24859,1528868444,0,NULL,NULL
1347,13160,1528868444,0,NULL,NULL
1356,33965,1528441611,1,NULL,NULL
1356,23129,1528441611,0,NULL,NULL
1356,12203,1528441611,0,0.0,0.0
1356,20426,1528441611,1,NULL,NULL
1357,20999,1528382801,0,NULL,NULL
1357,21544,1528382801,0,NULL,NULL
1357,20019,1528382801,0,NULL,NULL
1357,14386,1528382801,0,NULL,NULL
1357,27763,1528382801,0,NULL,NULL
1357,29609,1528382801,0,NULL,NULL
1357,17079,1528382801,0,NULL,NULL
1357,20443,1528382801,0,NULL,NULL
1360,407,1528205163,1,NULL,NULL
1360,6874,1528205163,0,-1.0,-1.0
1360,9198,1528205163,1,NULL,NULL
1361,23750,1528200424,1,NULL,NULL
1361,13626,1528200424,1,NULL,NULL
1361,10189,1528200424,1,NULL,NULL
1366,29560,1527788927,0,NULL,NULL
1366,6191,1527753706,1,NULL,NULL
1366,11773,1527788927,0,NULL,NULL
1366,30960,1527753706,0,NULL,NULL
1366,29728,1527753706,-1,NULL,NULL
1366,16902,1527788927,0,0.0,0.0
1366,9894,1527788927,-1,NULL,NULL
1366,4127,1527753706,1,NULL,NULL
1366,12091,1527753706,-1,NULL,NULL
1366,4636,1527788927,-1,NULL,NULL
1369,12244,1527674663,1,NULL,NULL
1369,31452,1527674663,-1,NULL,NULL
1369,20575,1527674663,0,NULL,NULL
1372,1975,1527620423,1,NULL,NULL
1372,20247,1527620423,1,NULL,NULL
1372,31801,1527620423,1,NULL,NULL
1374,4831,1527583782,1,0.0,0.0
1374,32163,1527583782,0,-1.0,-1.0
1374,34102,1527583782,1,NULL,NULL
1374,8993,1527583886,0,NULL,NULL
1377,8276,1527400727,1,NULL,NULL
1377,35823,1527400727,1,NULL,NULL
1377,2876,1527400727,0,NULL,NULL
1377,31583,1527400727,0,NULL,NULL
1379,10493,1527151540,0,NULL,NULL
1381,26769,1526974279,1,NULL,NULL
1381,12517,1526974279,1,NULL,NULL
1381,37357,1526974279,0,NULL,NULL
1381,7950,1526974279,1,NULL,NULL
1384,20889,1526890332,-1,NULL,NULL
1384,16240,1526890332,0,NULL,NULL
1384,13124,1526890332,0,NULL,NULL
1385,7721,1526601610,1,NULL,NULL
1385,20576,1526601610,0,NULL,NULL
1385,31837,1526601610,1,NULL,NULL
1385,4035,1526601610,1,NULL,NULL
1385,20639,1526601610,1,NULL,NULL
1387,4046,1526545215,0,NULL,NULL
1387,2662,1526545215,1,NULL,NULL
1392,15391,1526384589,1,NULL,NULL
1392,20271,1526384589,0,NULL,NULL
1392,5053,1526384589,0,NULL,NULL
1392,2333,1526384589,1,NULL,NULL
1392,276,1526384589,1,NULL,NULL
1392,32231,1526384589,1,NULL,NULL
1392,22401,1526385010,0,NULL,NULL
1394,22162,1526288999,0,NULL,NULL
1394,24058,1526288999,0,NULL,NULL
1394,34820,1526288999,0,NULL,NULL
1394,7480,1526288999,0,NULL,NULL
1394,11413,1526288999,0,NULL,NULL
1394,22078,1526288999,0,NULL,NULL
1394,35040,1526288999,0,NULL,NULL
1394,13789,1526288999,0,NULL,NULL
1396,27803,1526137174,0,NULL,NULL
1399,477,1525874644,0,NULL,NULL
1401,9743,1523434407,0,NULL,NULL
1401,7445,1523434353,0,NULL,NULL
1401,13836,1523434353,0,NULL,NULL
1401,5574,1523434353,0,NULL,NULL
1401,22530,1523434407,-1,NULL,NULL
1401,20785,1523434353,0,NULL,NULL
1401,4681,1523434353,0,NULL,NULL
1401,19091,1523434406,-1,NULL,NULL
1401,28063,1523434353,1,NULL,NULL
1401,385,1523434406,0,NULL,NULL
1404,7574,1525768449,0,NULL,NULL
1405,34092,1525674219,1,NULL,NULL
1405,5108,1525674219,0,NULL,NULL
1405,24496,1525674219,1,NULL,NULL
1405,31315,1525674219,0,1.0,1.0
1407,34432,1525595482,-1,NULL,NULL
1413,15583,1524748339,0,NULL,NULL
1413,30218,1524748339,1,NULL,NULL
1414,9339,1524731915,0,NULL,NULL
1414,27025,1524731915,1,NULL,NULL
1414,21345,1524731915,1,NULL,NULL
1414,10242,1524731915,0,NULL,NULL
1414,13698,1524731915,0,NULL,NULL
1414,428,1524731915,0,NULL,NULL
1414,20255,1524731915,1,NULL,NULL
1414,30805,1524731915,1,NULL,NULL
1414,28125,1524731915,1,NULL,NULL
1414,36803,1524731915,1,NULL,NULL
1415,5918,1524475077,0,NULL,NULL
1415,20487,1524475077,0,NULL,NULL
1415,18212,1524475077,0,NULL,NULL
1415,402,1524475077,1,NULL,NULL
1417,30312,1524185565,-1,NULL,NULL
1417,7098,1524185565,1,NULL,NULL
1417,16645,1524185565,0,NULL,NULL
1417,36532,1524185565,-1,NULL,NULL
1417,16297,1524206110,0,NULL,NULL
1417,12090,1524206110,0,NULL,NULL
1417,31162,1524206110,0,NULL,NULL
1418,21292,1524122598,0,NULL,NULL
1420,216,1524051003,0,NULL,NULL
1420,5909,1524051003,0,NULL,NULL
1420,9195,1524051003,0,NULL,NULL
1420,20318,1524064728,1,NULL,NULL
1420,36626,1524064728,0,NULL,NULL
1422,22631,1523951624,0,NULL,NULL
1422,27455,1523951624,0,NULL,NULL
1422,16509,1523951831,0,NULL,NULL
1427,1021,1523868924,0,NULL,NULL
1427,26974,1523868924,1,NULL,NULL
1429,4012,1523604059,0,NULL,NULL
1429,10665,1523604059,0,NULL,NULL
1432,13838,1523544651,1,NULL,NULL
1432,35444,1523544651,1,NULL,NULL
1434,9978,1523541856,1,NULL,NULL
1436,17498,1523538813,1,NULL,NULL
1436,29586,1523538813,0,NULL,NULL
1436,22189,1523538813,0,NULL,NULL
1437,21713,1523533645,0,NULL,NULL
1437,13907,1523535039,0,NULL,NULL
1442,26691,1523434408,0,NULL,NULL
1442,26267,1523434408,0,NULL,NULL
1442,18915,1523434408,1,NULL,NULL
1442,22557,1523434408,1,NULL,NULL
1444,28191,1523384632,0,NULL,NULL
1444,276,1523384632,0,NULL,NULL
1444,8444,1523384632,1,NULL,NULL
1444,27730,1523384632,-1,NULL,NULL
1444,6216,1523384632,0,NULL,NULL
1448,21663,1522847075,0,NULL,NULL
1448,7879,1522847075,-1,NULL,NULL
1451,25774,1522323359,0,NULL,NULL
1452,6876,1522262723,0,-1.0,-1.0
1452,4647,1522262723,0,NULL,NULL
1452,26916,1522262040,0,NULL,NULL
1452,13604,1522262723,0,NULL,NULL
1452,23804,1522258534,0,NULL,NULL
1452,19930,1522262723,0,NULL,NULL
1452,18241,1522262040,0,NULL,NULL
1452,579,1522258534,-1,NULL,NULL
1452,31338,1522262040,0,NULL,NULL
1452,17986,1522262040,1,NULL,NULL
1463,27370,1521798603,1,NULL,NULL
1463,27937,1521798603,1,NULL,NULL
1465,33320,1521792371,0,NULL,NULL
1465,605,1521792371,0,NULL,NULL
1465,34685,1521792371,0,NULL,NULL
1467,15522,1521711303,0,NULL,NULL
1467,17103,1521711557,0,NULL,NULL
1470,26068,1521642094,1,NULL,NULL
1470,26530,1521642094,1,NULL,NULL
1470,2169,1521642094,1,NULL,NULL
1470,7677,1521642780,1,NULL,NULL
1472,20252,1521557037,0,NULL,NULL
1475,21053,1519827965,0,NULL,NULL
1475,7108,1519892441,-1,NULL,NULL
1475,22089,1519892441,-1,NULL,NULL
1475,18760,1519892441,0,NULL,NULL
1475,19120,1521505791,0,NULL,NULL
1475,33511,1521505791,1,NULL,NULL
1475,32752,1521505791,0,NULL,NULL
1475,9965,1521528068,0,NULL,NULL
1478,5125,1521435143,0,NULL,NULL
1480,5319,1521292051,0,NULL,NULL
1481,31335,1521280442,0,NULL,NULL
1481,15978,1521280442,0,NULL,NULL
1481,18719,1521280442,0,NULL,NULL
1485,31214,1520872588,0,NULL,NULL
1485,12748,1520872588,0,NULL,NULL
1485,32702,1520872588,1,NULL,NULL
1490,20722,1520612252,0,NULL,NULL
1492,19404,1520496305,0,NULL,NULL
1492,21671,1520496305,0,NULL,NULL
1492,7469,1520496305,-1,NULL,NULL
1492,12089,1520496305,0,NULL,NULL
1492,4431,1520496305,0,NULL,NULL
1492,31391,1520496305,0,NULL,NULL
1492,5369,1520496305,0,NULL,NULL
1497,28204,1520426127,0,NULL,NULL
1497,24797,1520426224,0,NULL,NULL
1497,12365,1520426300,0,NULL,NULL
1497,4316,1520426345,0,NULL,NULL
1497,8294,1520426401,0,NULL,NULL
1497,4401,1520426469,0,NULL,NULL
1497,5147,1520426513,0,NULL,NULL
1502,23,1520263875,1,NULL,NULL
1502,13166,1520263875,1,NULL,NULL
1502,19659,1520263875,1,NULL,NULL
1502,20579,1520263875,1,NULL,NULL
1503,20768,1520250198,0,NULL,NULL
1506,3999,1520233960,0,NULL,NULL
1506,21362,1520233960,1,NULL,NULL
1506,32753,1520234000,0,NULL,NULL
1506,24485,1520234003,0,NULL,NULL
1506,7684,1520234003,0,NULL,NULL
1509,31952,1520110721,0,NULL,NULL
1509,27352,1520110721,1,NULL,NULL
1509,8950,1520110721,0,NULL,NULL
1509,19651,1520110721,0,NULL,NULL
1509,6729,1520110721,-1,NULL,NULL
1509,14482,1520110721,0,NULL,NULL
1509,5809,1520110721,0,NULL,NULL
1509,15206,1520110721,1,NULL,NULL
1509,35644,1520110721,1,NULL,NULL
1509,17770,1520110721,0,NULL,NULL
1511,18189,1520093409,-1,NULL,NULL
1511,11893,1520093409,0,NULL,NULL
1511,30047,1520093409,1,NULL,NULL
1512,9176,1520085390,0,NULL,NULL
1513,7415,1519893582,0,NULL,NULL
1518,16655,1519802393,-1,NULL,NULL
1520,24490,1519735741,0,NULL,NULL
1520,22962,1519735741,0,NULL,NULL
1520,33804,1519735741,1,NULL,NULL
1522,31502,1519732738,0,NULL,NULL
1522,7198,1519732738,1,NULL,NULL
1522,20744,1519732738,0,NULL,NULL
1522,29669,1519732738,0,NULL,NULL
1522,34655,1519732738,1,0.0,0.0
1522,36534,1519732738,0,NULL,NULL
1522,27941,1519732738,0,NULL,NULL
1522,8963,1519732738,1,NULL,NULL
1524,30994,1519655112,0,NULL,NULL
1524,13851,1519655112,0,NULL,NULL
1524,22536,1519655112,1,NULL,NULL
1532,13339,1519209205,1,NULL,NULL
1532,4679,1519209205,0,NULL,NULL
1538,14340,1518785064,1,NULL,NULL
1538,26036,1518785064,0,0.0,0.0
1538,8076,1518785064,0,NULL,NULL
1538,16286,1518785064,0,NULL,NULL
1538,26093,1518785064,0,NULL,NULL
1539,28748,1518774168,0,NULL,NULL
1539,6111,1518774168,0,NULL,NULL
1539,5900,1518774168,0,NULL,NULL
1543,8307,1518681320,0,NULL,NULL
1543,24489,1518681320,0,NULL,NULL
1543,29738,1518681320,0,NULL,NULL
1546,23792,1518535548,0,NULL,NULL
1546,18956,1518535548,0,NULL,NULL
1546,14021,1518535548,1,NULL,NULL
1548,5282,1518532365,1,NULL,NULL
1548,35855,1518532365,1,NULL,NULL
1548,33956,1518532365,0,NULL,NULL
1548,32496,1518532365,0,NULL,NULL
1548,34561,1518532365,0,NULL,NULL
1552,13166,1518467159,0,NULL,NULL
1552,35037,1518467159,1,NULL,NULL
1552,10696,1518467159,0,NULL,NULL
1553,32012,1518443540,0,NULL,NULL
1553,35350,1518443540,1,NULL,NULL
1553,8821,1518443540,1,NULL,NULL
1553,25658,1518443540,0,NULL,NULL
1554,35629,1518352442,1,NULL,NULL
1554,13435,1518352442,1,NULL,NULL
1555,4281,1518254253,0,NULL,NULL
1555,32790,1518254253,1,NULL,NULL
1555,13221,1518305736,0,NULL,NULL
1555,12532,1518305736,1,NULL,NULL
1562,14327,1518012831,0,NULL,NULL
1562,32034,1518103168,0,NULL,NULL
1567,33416,1517995935,0,NULL,NULL
1567,354,1517994025,0,NULL,NULL
1567,30520,1517996299,-1,0.0,0.0
1567,5944,1517992694,0,NULL,NULL
1567,28057,1517995935,0,NULL,NULL
1567,4822,1517995079,0,NULL,NULL
1567,28158,1517992694,0,NULL,NULL
1567,13271,1517993391,0,NULL,NULL
1567,6320,1517992890,0,NULL,NULL
1567,13387,1517995935,-1,NULL,NULL
1574,13278,1517565008,0,NULL,NULL
1575,9480,1517561276,1,NULL,NULL
1578,12526,1517496295,1,NULL,NULL
1580,17631,1517474119,1,NULL,NULL
1580,27737,1517474119,-1,NULL,NULL
1585,4110,1517301566,1,NULL,NULL
1585,36334,1517301571,0,NULL,NULL
1593,27038,1516971711,1,NULL,NULL
1593,25143,1516971711,1,NULL,NULL
1593,22176,1516971711,1,NULL,NULL
1595,12406,1516875274,0,0.0,0.0
1595,12903,1516956394,0,NULL,NULL
1595,7081,1516956497,0,NULL,NULL
1595,11943,1516956497,0,NULL,NULL
1595,6809,1516960949,0,NULL,NULL
1595,37280,1516960949,0,NULL,NULL
1597,30355,1516949042,-1,NULL,NULL
1597,6833,1516949042,0,NULL,NULL
1597,26010,1516949042,0,NULL,NULL
1597,2291,1516950103,0,NULL,NULL
1597,6287,1516950103,0,-1.0,-1.0
1601,11819,1516798141,0,NULL,NULL
1601,12544,1516798589,0,NULL,NULL
1605,35459,1516721537,1,NULL,NULL
1611,22413,1516611917,0,NULL,NULL
1611,4688,1516611917,0,NULL,NULL
1611,6225,1516611917,0,NULL,NULL
1612,1094,1516611423,0,NULL,NULL
1612,7601,1516611423,0,NULL,NULL
1612,14919,1516611423,0,NULL,NULL
1612,35481,1516611423,0,NULL,NULL
1613,20529,1516609814,1,NULL,NULL
1613,9408,1516609814,0,NULL,NULL
1613,23793,1516609814,0,NULL,NULL
1613,7175,1516609814,0,NULL,NULL
1615,9080,1516359021,1,NULL,NULL
1615,16179,1516359021,0,NULL,NULL
1615,6125,1516359021,0,NULL,NULL
1615,37695,1516359021,0,NULL,NULL
1615,5622,1516368013,0,NULL,NULL
1615,19136,1516368411,0,NULL,NULL
1615,21480,1516368411,0,NULL,NULL
1615,15748,1516368411,-1,NULL,NULL
1615,6401,1516368411,-1,NULL,NULL
1616,35092,1516368013,1,NULL,NULL
1616,22858,1516368013,0,NULL,NULL
1616,18624,1516368013,1,NULL,NULL
1616,10522,1516368013,0,NULL,NULL
1616,6990,1516368013,0,-1.0,-1.0
1616,2299,1516368013,0,NULL,NULL
1622,23914,1516269131,0,NULL,NULL
1622,10601,1516269131,1,NULL,NULL
1624,11837,1516193491,0,NULL,NULL
1624,11930,1516193491,0,NULL,NULL
1625,26930,1516186072,1,NULL,NULL
1625,28658,1516186072,0,NULL,NULL
1625,26713,1516186072,0,NULL,NULL
1625,8032,1516186072,1,NULL,NULL
1632,1844,1516092194,0,NULL,NULL
1632,7956,1516092194,-1,NULL,NULL
1633,27107,1516086168,0,NULL,NULL
1633,16310,1516086168,0,NULL,NULL
1633,14255,1516086168,1,NULL,NULL
1633,31106,1516086169,0,NULL,NULL
1633,33767,1516086168,-1,NULL,NULL
1633,9102,1516086169,0,NULL,NULL
1633,11888,1516086169,0,NULL,NULL
1633,671,1516086168,1,NULL,NULL
1633,33834,1516086168,1,NULL,NULL
1633,28354,1516086168,1,NULL,NULL
1635,26420,1516013102,0,NULL,NULL
1635,6202,1516013102,1,NULL,NULL
1635,34435,1516013102,0,NULL,NULL
1638,26120,1511768971,0,NULL,NULL
1638,27243,1513157969,0,NULL,NULL
1638,7214,1516006154,0,NULL,NULL
1638,30280,1511768971,1,NULL,NULL
1638,32096,1511768971,1,NULL,NULL
1638,1246,1511768971,0,NULL,NULL
1638,13155,1513157969,0,NULL,NULL
1638,18189,1511768971,0,NULL,NULL
1638,25989,1511768971,0,NULL,NULL
1638,674,1511768971,0,NULL,NULL
1639,4760,1516000825,0,NULL,NULL
1639,6206,1516000825,0,NULL,NULL
1639,12106,1516000825,0,NULL,NULL
1642,657,1515762988,1,NULL,NULL
1642,11041,1515762988,0,NULL,NULL
1642,12786,1515762988,1,NULL,NULL
1642,33141,1515762988,1,NULL,NULL
1643,27786,1515761378,1,NULL,NULL
1643,16977,1515761378,0,NULL,NULL
1643,8260,1515761378,0,NULL,NULL
1643,32411,1515761378,1,NULL,NULL
1643,27016,1515761570,0,NULL,NULL
1645,16695,1515694940,1,NULL,NULL
1645,30825,1515694940,0,NULL,NULL
1645,26737,1515694940,1,NULL,NULL
1646,15938,1515680653,0,NULL,NULL
1648,27229,1515659746,1,NULL,NULL
1648,18370,1515659746,0,NULL,NULL
1648,134,1515659746,0,NULL,NULL
1648,6236,1515659746,0,NULL,NULL
1648,30843,1503382762,0,NULL,NULL
1648,20956,1515659769,0,NULL,NULL
1648,362,1503382762,0,NULL,NULL
1648,31740,1503382762,0,NULL,NULL
1648,107,1515659746,0,NULL,NULL
1648,2112,1515659746,1,NULL,NULL
1649,16537,1513528548,1,NULL,NULL
1649,23735,1513528548,0,NULL,NULL
1649,1511,1515595388,1,NULL,NULL
1652,22635,1515586040,1,NULL,NULL
1659,14428,1515080311,0,NULL,NULL
1659,4219,1515080311,0,NULL,NULL
1659,37410,1515080311,-1,NULL,NULL
1659,28249,1515080311,0,NULL,NULL
1659,17941,1515080311,0,NULL,NULL
1659,31819,1515080311,0,NULL,NULL
1659,11744,1515080311,-1,NULL,NULL
1659,20282,1515080311,1,1.0,1.0
1659,9410,1515080311,1,0.0,0.0
1660,10907,1515080311,1,NULL,NULL
1660,28202,1515080311,0,NULL,NULL
1660,15935,1515080311,0,NULL,NULL
1665,13273,1514978537,1,NULL,NULL
1670,31886,1513872075,1,NULL,NULL
1670,27559,1513534244,0,NULL,NULL
1670,7111,1513534244,0,NULL,NULL
1670,23832,1513534244,0,NULL,NULL
1670,31889,1513534244,0,NULL,NULL
1670,20563,1513534244,0,NULL,NULL
1670,30456,1513873866,0,NULL,NULL
1670,5293,1513534244,0,NULL,NULL
1670,33384,1513872075,1,NULL,NULL
1670,9455,1513534244,0,NULL,NULL
1671,10264,1513871959,1,NULL,NULL
1671,26714,1513871959,1,NULL,NULL
1671,16346,1513871959,1,NULL,NULL
1677,28698,1513617645,0,NULL,NULL
1677,433,1513617645,0,NULL,NULL
1677,19105,1513617645,0,NULL,NULL
1677,18597,1513617645,0,NULL,NULL
1677,19549,1513617645,0,NULL,NULL
1677,23094,1513617645,-1,NULL,NULL
1677,32466,1513617645,0,NULL,NULL
1677,31108,1513617645,0,NULL,NULL
1677,31327,1513617645,1,NULL,NULL
1677,6027,1513617645,0,NULL,NULL
1678,28552,1513605910,1,NULL,NULL
1679,16539,1513601991,0,NULL,NULL
1679,22006,1513604156,0,NULL,NULL
1680,4625,1513601019,0,NULL,NULL
1680,10844,1513601019,0,NULL,NULL
1681,35076,1513536915,0,NULL,NULL
1681,28298,1513599744,0,NULL,NULL
1681,36820,1513599744,0,NULL,NULL
1681,10793,1513599744,0,NULL,NULL
1682,15365,1513534244,1,NULL,NULL
1682,21603,1513534244,1,NULL,NULL
1682,9942,1513534244,1,NULL,NULL
1682,18054,1513534244,1,NULL,NULL
1682,13078,1513534244,1,NULL,NULL
1682,1120,1513534244,1,NULL,NULL
1682,1194,1513534244,1,NULL,NULL
1685,13899,1513244677,0,NULL,NULL
1685,2226,1513244677,1,NULL,NULL
1685,21582,1513244677,1,NULL,NULL
1685,27094,1513244677,0,NULL,NULL
1685,11939,1513246208,0,NULL,NULL
1689,9806,1513154968,1,NULL,NULL
1689,34659,1513155185,0,NULL,NULL
1689,21464,1513155185,1,NULL,NULL
1693,10445,1512655542,1,NULL,NULL
1693,29662,1512655542,-1,NULL,NULL
1693,2227,1512655542,1,NULL,NULL
1693,4872,1512655543,1,NULL,NULL
1695,16200,1512636855,0,NULL,NULL
1699,2220,1512466725,1,NULL,NULL
1699,23246,1512466725,0,NULL,NULL
1699,13483,1512466725,0,NULL,NULL
1709,33476,1511534312,0,NULL,NULL
1709,22754,1511534312,1,NULL,NULL
1709,27203,1511534312,0,NULL,NULL
1709,9074,1511534312,-1,NULL,NULL
1709,9239,1511534312,0,NULL,NULL
1709,6602,1511534312,0,-1.0,-1.0
1709,16343,1511770619,1,NULL,NULL
1709,5494,1511770619,1,NULL,NULL
1713,20921,1511448621,1,NULL,NULL
1716,283,1511426760,0,NULL,NULL
1716,24363,1511428116,0,1.0,1.0
1719,15833,1511374676,0,NULL,NULL
1719,24493,1511374676,-1,NULL,NULL
1725,12025,1510909216,-1,NULL,NULL
1729,6304,1510671686,1,NULL,NULL
1729,27048,1510671686,0,NULL,NULL
1741,22801,1509963809,0,NULL,NULL
1741,8145,1509963809,1,NULL,NULL
1743,17602,1509786286,0,NULL,NULL
1743,1603,1509786286,0,NULL,NULL
1747,14476,1509701874,0,NULL,NULL
1749,23756,1509650356,0,NULL,NULL
1755,9261,1509563091,0,NULL,NULL
1756,27837,1509560949,1,NULL,NULL
1757,5518,1509545809,0,NULL,NULL
1757,20125,1509545809,1,NULL,NULL
1757,95,1509545809,-1,NULL,NULL
1760,20437,1509532205,0,NULL,NULL
1765,16357,1509403510,1,NULL,NULL
1765,1715,1509403510,1,NULL,NULL
1765,13036,1509403510,0,NULL,NULL
1765,17054,1509403510,1,NULL,NULL
1765,36228,1509403510,0,NULL,NULL
1766,35614,1509362241,0,NULL,NULL
1766,37244,1509362241,0,NULL,NULL
1766,12873,1509362241,0,NULL,NULL
1766,17582,1509362241,0,NULL,NULL
1768,22089,1509180004,-1,NULL,NULL
1768,17287,1509180004,1,NULL,NULL
1768,18256,1509180004,1,NULL,NULL
1790,4399,1508614180,-1,NULL,NULL
1790,8887,1508614180,1,NULL,NULL
1790,18428,1508614180,1,NULL,NULL
1790,8882,1508614180,0,NULL,NULL
1790,18677,1508614180,0,NULL,NULL
1790,9624,1508614180,0,NULL,NULL
1790,13719,1508614181,1,NULL,NULL
1790,8996,1508614181,1,NULL,NULL
1796,8144,1508307277,0,NULL,NULL
1799,9586,1508230014,0,NULL,NULL
1799,13022,1508230014,0,NULL,NULL
1799,8712,1508230014,0,NULL,NULL
1802,18037,1508138292,0,NULL,NULL
1802,20036,1508138808,0,NULL,NULL
1802,27732,1508138808,0,NULL,NULL
1806,9301,1506508110,0,NULL,NULL
1806,425,1506667647,-1,NULL,NULL
1806,20880,1506581414,0,NULL,NULL
1806,21123,1507015656,0,NULL,NULL
1806,14193,1507833198,0,NULL,NULL
1806,15810,1506667647,-1,NULL,NULL
1806,12997,1506667647,0,NULL,NULL
1806,28802,1506508110,0,NULL,NULL
1806,27272,1507833198,1,NULL,NULL
1806,4484,1507833198,1,NULL,NULL
1811,26447,1507815388,1,NULL,NULL
1812,20869,1507813609,0,NULL,NULL
1812,33382,1507813609,0,NULL,NULL
1820,23899,1507288671,1,NULL,NULL
1820,16147,1507288671,1,NULL,NULL
1820,21958,1507288671,0,NULL,NULL
1820,12088,1507288671,1,NULL,NULL
1822,19907,1507203437,-1,NULL,NULL
1822,23896,1507203437,1,NULL,NULL
1822,21264,1507203437,0,NULL,NULL
1822,33455,1507203437,-1,NULL,NULL
1822,30282,1507203437,-1,NULL,NULL
1822,9625,1507203437,0,NULL,NULL
1822,24654,1507203437,0,NULL,NULL
1822,27390,1507203437,1,NULL,NULL
1822,32210,1507203437,1,-1.0,-1.0
1822,7597,1507203437,0,NULL,NULL
1826,1438,1507177456,0,NULL,NULL
1828,24198,1507127335,0,NULL,NULL
1828,9354,1507127335,0,NULL,NULL
1828,22003,1507127335,0,NULL,NULL
1830,8246,1507103925,0,NULL,NULL
1830,28072,1507103925,0,NULL,NULL
1830,16164,1507103925,0,NULL,NULL
1830,7237,1507103925,0,NULL,NULL
1830,21739,1507103925,0,NULL,NULL
1830,35574,1507103925,0,NULL,NULL
1830,27273,1507103925,0,NULL,NULL
1834,14577,1507041470,0,NULL,NULL
1834,17009,1507041470,0,NULL,NULL
1834,29716,1507041470,-1,NULL,NULL
1834,13797,1507041470,0,NULL,NULL
1834,32923,1507041470,0,NULL,NULL
1834,28475,1507041470,0,NULL,NULL
1834,7599,1507041470,0,NULL,NULL
1834,31321,1507041470,0,NULL,NULL
1834,35576,1507041470,0,NULL,NULL
1834,21890,1507041470,0,NULL,NULL
1835,7513,1507030796,0,NULL,NULL
1835,26738,1507030796,0,NULL,NULL
1835,36786,1507030964,0,NULL,NULL
1849,34187,1506512516,0,NULL,NULL
1849,24586,1506512516,0,NULL,NULL
1849,5687,1506512516,0,NULL,NULL
1852,31315,1506498911,1,NULL,NULL
1852,4634,1506498911,1,NULL,NULL
1852,26563,1506498911,0,NULL,NULL
1852,9333,1506498911,0,NULL,NULL
1854,18399,1506410459,1,NULL,NULL
1854,28464,1506410459,0,NULL,NULL
1854,5423,1506410459,0,NULL,NULL
1854,2792,1506410459,0,NULL,NULL
1854,24969,1506410459,1,NULL,NULL
1854,21352,1506410459,0,NULL,NULL
1854,1448,1506410459,1,NULL,NULL
1854,33817,1506410459,0,NULL,NULL
1854,12691,1506434206,0,NULL,NULL
1856,10643,1506431717,0,NULL,NULL
1863,26963,1506349875,-1,NULL,NULL
1875,443,1506157003,0,NULL,NULL
1875,30731,1506157003,0,0.0,0.0
1875,23505,1506157003,0,NULL,NULL
1877,16350,1506087473,0,NULL,NULL
1877,36459,1506087473,0,NULL,NULL
1877,14471,1506087473,0,NULL,NULL
1877,14471,1506079070,0,NULL,NULL
1877,17840,1506079070,0,NULL,NULL
1877,31679,1506087473,0,NULL,NULL
1877,12915,1506079070,0,NULL,NULL
1877,20750,1506087473,0,NULL,NULL
1877,8826,1506087473,0,NULL,NULL
1877,19014,1506087473,0,NULL,NULL
1878,21866,1506065042,-1,NULL,NULL
1878,12653,1506065042,0,NULL,NULL
1878,17083,1506065042,1,NULL,NULL
1880,7222,1505978565,-1,NULL,NULL
1880,19236,1505978565,1,NULL,NULL
1880,15528,1506061070,0,NULL,NULL
1884,8588,1505925729,0,NULL,NULL
1884,16925,1505925729,-1,NULL,NULL
1884,16881,1505925729,0,NULL,NULL
1884,22074,1505925729,1,NULL,NULL
1884,13642,1505925729,0,NULL,NULL
1884,12947,1505925729,0,NULL,NULL
1884,15174,1505925729,0,NULL,NULL
1884,20434,1505925729,1,NULL,NULL
1884,2401,1505925729,-1,NULL,NULL
1884,32899,1505925729,0,NULL,NULL
1886,28522,1505909422,1,NULL,NULL
1889,15836,1505893272,0,NULL,NULL
1889,27235,1505893272,0,NULL,NULL
1889,30678,1505893272,0,NULL,NULL
1889,6927,1505893272,1,-1.0,-1.0
1892,30821,1505820945,0,NULL,NULL
1893,27930,1505806257,1,NULL,NULL
1893,12189,1505806257,0,NULL,NULL
1893,36799,1505806257,0,NULL,NULL
1893,464,1505806257,1,NULL,NULL
1895,10034,1505741689,0,NULL,NULL
1895,12351,1505741689,0,NULL,NULL
1900,18371,1505225246,1,NULL,NULL
1904,25672,1505207054,-1,NULL,NULL
1912,17529,1504877578,0,NULL,NULL
1912,18808,1504877578,0,NULL,NULL
1915,13248,1504796507,1,NULL,NULL
1915,6895,1504796507,0,NULL,NULL
1915,11848,1504796507,0,NULL,NULL
1919,30853,1504722457,0,NULL,NULL
1919,31362,1504767043,0,NULL,NULL
1921,31679,1504708842,0,NULL,NULL
1928,12787,1504619515,0,NULL,NULL
1929,17111,1504537100,0,NULL,NULL
1929,16662,1504537100,0,NULL,NULL
1929,35484,1504537100,0,NULL,NULL
1929,11974,1504537100,0,NULL,NULL
1929,8269,1504537100,0,NULL,NULL
1929,1311,1504537100,0,NULL,NULL
1929,10415,1504537100,0,NULL,NULL
1929,36808,1504537100,0,NULL,NULL
1929,20730,1504537100,0,NULL,NULL
1929,35183,1504537100,0,NULL,NULL
1930,13803,1504532038,0,NULL,NULL
1933,9910,1504462804,-1,NULL,NULL
1937,20969,1504340471,1,NULL,NULL
1937,21836,1504340471,1,NULL,NULL
1937,453,1504340471,0,NULL,NULL
1939,21038,1504263300,0,NULL,NULL
1939,6294,1504256672,1,NULL,NULL
1939,21892,1504263300,0,NULL,NULL
1939,28094,1504259524,0,NULL,NULL
1939,11077,1504258878,0,NULL,NULL
1939,31157,1504262709,0,NULL,NULL
1939,30081,1504260036,-1,NULL,NULL
1939,26595,1504258878,-1,NULL,NULL
1939,56,1504259524,-1,NULL,NULL
1939,20339,1504265552,-1,NULL,NULL
1940,14523,1504177058,0,NULL,NULL
1940,25153,1504177058,1,NULL,NULL
1940,24946,1504177058,0,NULL,NULL
1951,13436,1503921618,0,NULL,NULL
1951,17965,1503921618,0,NULL,NULL
1951,19270,1503921618,0,NULL,NULL
1951,1555,1503921618,0,NULL,NULL
1951,9498,1503921618,0,NULL,NULL
1951,27641,1503921618,0,NULL,NULL
1952,4902,1503901850,0,NULL,NULL
1952,13617,1503901850,0,NULL,NULL
1952,30673,1503901850,0,NULL,NULL
1952,552,1503901850,0,NULL,NULL
1952,17064,1503901850,0,NULL,NULL
1952,15115,1503903583,0,NULL,NULL
1954,4668,1503662127,0,NULL,NULL
1954,1560,1503662127,1,NULL,NULL
1954,21466,1503662127,0,NULL,NULL
1954,2398,1503662419,0,NULL,NULL
1954,30979,1503662419,0,NULL,NULL
1954,20481,1503662419,0,NULL,NULL
1956,13425,1503646409,1,NULL,NULL
1956,6736,1503646409,1,NULL,NULL
1956,14503,1503646409,1,NULL,NULL
1956,14167,1503646409,1,NULL,NULL
1956,9033,1503646409,1,NULL,NULL
1956,37336,1503646409,0,NULL,NULL
1956,34303,1503646409,1,NULL,NULL
1956,32163,1503646409,1,NULL,NULL
1956,18230,1503646409,1,NULL,NULL
1959,4745,1503566326,0,NULL,NULL
1959,11412,1503566326,0,NULL,NULL
1959,1812,1503566327,0,NULL,NULL
1959,26667,1503566327,0,NULL,NULL
1959,27298,1503566328,0,NULL,NULL
1960,1458,1503494543,1,NULL,NULL
1960,19847,1503494543,0,NULL,NULL
1960,31679,1503555979,0,NULL,NULL
1960,11765,1503555979,0,NULL,NULL
1963,5525,1503478323,1,NULL,NULL
1964,31051,1503476804,0,NULL,NULL
1964,27351,1503476804,1,NULL,NULL
1964,4894,1503476804,1,NULL,NULL
1964,22636,1503477350,1,NULL,NULL
1964,9442,1503477350,1,NULL,NULL
1965,15654,1503415701,0,NULL,NULL
1965,22008,1503384906,0,NULL,NULL
1965,34379,1503384906,0,NULL,NULL
1965,9108,1503415701,0,NULL,NULL
1965,9400,1503415701,-1,NULL,NULL
1965,21803,1503384906,0,NULL,NULL
1965,16962,1503384906,0,NULL,NULL
1965,4840,1503384906,0,NULL,NULL
1965,4164,1503384906,0,NULL,NULL
1965,10921,1503384906,1,NULL,NULL
1966,1990,1503392347,0,NULL,NULL
1966,22417,1503392535,0,NULL,NULL
1967,32828,1503384044,0,NULL,NULL
1967,220,1503384044,0,NULL,NULL
1967,12580,1503384044,0,NULL,NULL
1967,23316,1503384044,-1,NULL,NULL
1967,33460,1503384044,0,NULL,NULL
1967,18172,1503384044,-1,NULL,NULL
1967,18719,1503384044,0,NULL,NULL
1967,17619,1503384044,0,NULL,NULL
1967,15872,1503384044,0,NULL,NULL
1967,6601,1503384044,-1,NULL,NULL
1968,36049,1502282326,0,NULL,NULL
1968,15931,1502282326,1,NULL,NULL
1968,35842,1502282326,0,NULL,NULL
1968,31396,1503381860,-1,NULL,NULL
1968,29304,1503381860,0,NULL,NULL
1968,17618,1503381860,0,NULL,NULL
1969,13703,1503319014,1,NULL,NULL
1969,17987,1503319014,1,NULL,NULL
1969,20434,1503319014,0,NULL,NULL
1974,9163,1503078353,0,NULL,NULL
1974,1929,1503078353,0,NULL,NULL
1974,6075,1503078353,0,NULL,NULL
1974,27230,1503078353,0,NULL,NULL
1974,2924,1503078353,0,NULL,NULL
1974,25925,1503078353,0,NULL,NULL
1974,36340,1503078353,0,NULL,NULL
1974,37436,1503078353,0,NULL,NULL
1974,6636,1503078353,0,NULL,NULL
1974,29738,1503078353,0,NULL,NULL
1979,14184,1502456083,1,NULL,NULL
1979,36326,1502456083,0,NULL,NULL
1979,6771,1502456083,1,NULL,NULL
1979,20587,1502456083,1,NULL,NULL
1981,32737,1502268169,0,NULL,NULL
1981,18783,1502268169,-1,NULL,NULL
1981,12350,1502268169,0,0.0,0.0
1981,19738,1502268491,0,NULL,NULL
1981,21796,1502269143,0,NULL,NULL
1981,4399,1502268491,0,NULL,NULL
1981,24755,1502268491,0,NULL,NULL
1981,9908,1502268491,0,NULL,NULL
1981,8632,1502268169,0,NULL,NULL
1981,8504,1502268169,-1,NULL,NULL
1986,20020,1502191768,1,NULL,NULL
1986,12026,1502191768,0,NULL,NULL
1986,14485,1502191768,0,NULL,NULL
1987,31917,1502191768,0,0.0,0.0
1987,14901,1502191768,0,NULL,NULL
1987,17429,1502191768,-1,NULL,NULL
1992,10267,1502191767,0,NULL,NULL
1992,13557,1502191767,0,NULL,NULL
1992,2739,1502191767,1,NULL,NULL
1992,15918,1502191767,1,NULL,NULL
1993,21003,1502191764,0,NULL,NULL
1994,23856,1502189153,0,NULL,NULL
1994,23922,1502189153,-1,NULL,NULL
1996,24972,1502136653,0,NULL,NULL
2004,21069,1501862945,1,NULL,NULL
2004,21387,1501862945,1,NULL,NULL
2004,14834,1501862945,1,NULL,NULL
2004,34382,1501862945,1,NULL,NULL
2004,33387,1501862945,1,NULL,NULL
2004,24086,1501862945,0,NULL,NULL
2005,24245,1501862945,0,NULL,NULL
2005,13176,1501862945,0,NULL,NULL
2005,229,1501862945,1,NULL,NULL
2005,22910,1501862945,1,NULL,NULL
2005,1790,1501862945,1,NULL,NULL
2005,24866,1501862945,1,NULL,NULL
2005,26878,1501862945,1,NULL,NULL
2005,27611,1501862945,1,NULL,NULL
2005,30268,1501862945,1,NULL,NULL
2005,28088,1501862945,1,NULL,NULL
2007,20520,1501862944,0,NULL,NULL
2007,16523,1501862944,0,NULL,NULL
2007,19917,1501862944,0,NULL,NULL
2007,13271,1501862944,0,NULL,NULL
2007,37546,1501862944,0,NULL,NULL
2007,6011,1501862944,1,NULL,NULL
2007,33419,1501862944,1,NULL,NULL
2007,16213,1501862944,0,NULL,NULL
2007,30321,1501862944,0,NULL,NULL
2007,17965,1501862944,0,NULL,NULL
2008,15380,1501849810,0,NULL,NULL
2009,15527,1501835187,0,NULL,NULL
2009,16729,1501835186,0,NULL,NULL
2009,11743,1501835186,0,NULL,NULL
2009,24628,1501835187,1,NULL,NULL
2009,30107,1501835187,0,NULL,NULL
2009,33449,1501835187,0,NULL,NULL
2009,14454,1501835186,0,NULL,NULL
2009,1125,1501835187,0,NULL,NULL
2009,2881,1501835187,-1,NULL,NULL
2009,10665,1501835186,0,NULL,NULL
2012,30862,1501746232,0,NULL,NULL
2012,9257,1501746233,1,NULL,NULL
2012,1819,1501746233,1,NULL,NULL
2015,13162,1501670542,0,NULL,NULL
2015,6776,1501670542,0,NULL,NULL
2015,17750,1501670542,0,NULL,NULL
2022,11136,1501253610,1,NULL,NULL
2022,27759,1501253610,1,NULL,NULL
2029,4635,1501055318,0,NULL,NULL
2029,18332,1501055318,0,NULL,NULL
2029,21300,1501055318,0,NULL,NULL
2029,27167,1501055318,0,NULL,NULL
2030,33255,1501010871,0,NULL,NULL
2030,6030,1501010871,0,NULL,NULL
2033,28267,1500984262,1,NULL,NULL
2033,6119,1500984262,0,NULL,NULL
2033,14178,1500984467,1,NULL,NULL
2055,28540,1500380928,0,NULL,NULL
2055,37629,1500380928,0,NULL,NULL
2055,8688,1500380928,0,NULL,NULL
2055,2501,1500380928,0,NULL,NULL
2055,11749,1500380928,1,NULL,NULL
2055,11976,1500380928,0,NULL,NULL
2059,6663,1500281468,0,NULL,NULL
2064,20234,1499934492,0,NULL,NULL
2064,26837,1499934492,0,NULL,NULL
2064,2910,1499934492,0,NULL,NULL
2064,12119,1499934492,1,NULL,NULL
2064,26251,1499934492,1,NULL,NULL
2067,33937,1499868432,1,NULL,NULL
2068,18246,1499785408,1,NULL,NULL
2068,5998,1499797865,0,NULL,NULL
2073,14942,1499717153,1,NULL,NULL
2075,3067,1499380658,0,NULL,NULL
2075,11922,1499380658,1,NULL,NULL
2078,12693,1499282594,1,NULL,NULL
2078,5891,1499282594,0,NULL,NULL
2078,13199,1499282594,0,NULL,NULL
2079,27846,1499279248,0,NULL,NULL
2079,5148,1499279248,0,NULL,NULL
2081,9133,1499239702,1,NULL,NULL
2081,4869,1499239702,0,NULL,NULL
2081,33959,1499239702,0,NULL,NULL
2081,8443,1499239702,0,NULL,NULL
2081,31818,1499239702,0,NULL,NULL
2081,19834,1499239702,0,NULL,NULL
2081,22803,1499239702,0,NULL,NULL
2081,2227,1499239702,1,NULL,NULL
2081,11787,1499239702,0,NULL,NULL
2081,10220,1499239702,0,NULL,NULL
2082,33466,1499152994,0,NULL,NULL
2082,13161,1499158339,1,NULL,NULL
2082,668,1499165211,0,NULL,NULL
2083,4580,1499152456,1,NULL,NULL
2083,5486,1499152456,0,NULL,NULL
2083,10610,1499152456,1,NULL,NULL
2083,1058,1499152456,1,NULL,NULL
2085,28027,1495051098,0,NULL,NULL
2085,27773,1495051098,0,NULL,NULL
2085,15173,1495141903,0,NULL,NULL
2085,2194,1495051800,0,NULL,NULL
2085,28444,1495051800,0,0.0,0.0
2085,5616,1495051098,1,NULL,NULL
2085,21250,1495051098,0,NULL,NULL
2085,20681,1495134808,1,NULL,NULL
2085,32580,1499025668,0,NULL,NULL
2085,2283,1495051098,1,NULL,NULL
2087,36799,1498937072,1,NULL,NULL
2087,5710,1498937072,0,NULL,NULL
2087,7175,1498983361,1,NULL,NULL
2087,32275,1498983361,0,NULL,NULL
2087,28620,1498983361,0,NULL,NULL
2087,37113,1498983361,0,NULL,NULL
2088,31045,1498915154,0,NULL,NULL
2088,23322,1498915154,1,NULL,NULL
2090,2278,1498816307,1,NULL,NULL
2090,24977,1498805949,1,NULL,NULL
2090,37161,1498816307,1,NULL,NULL
2090,23011,1498816307,1,NULL,NULL
2090,13562,1498816307,0,NULL,NULL
2090,33873,1498808725,0,NULL,NULL
2090,34199,1498808725,1,NULL,NULL
2090,19630,1498816307,0,NULL,NULL
2090,27351,1498805949,1,NULL,NULL
2090,32013,1498816307,1,NULL,NULL
2095,9571,1498737218,1,NULL,NULL
2095,17402,1498737218,1,NULL,NULL
2095,6285,1498737218,1,NULL,NULL
2097,35526,1498727058,0,NULL,NULL
2106,25166,1498576686,1,NULL,NULL
2122,2221,1498151313,0,NULL,NULL
2122,5047,1498151313,1,NULL,NULL
2123,11745,1498151143,0,NULL,NULL
2123,16319,1498151144,1,NULL,NULL
2123,6997,1498151144,-1,NULL,NULL
2123,27452,1498151144,0,NULL,NULL
2123,29571,1498151144,0,NULL,NULL
2123,26872,1498151144,0,NULL,NULL
2126,31567,1498124940,0,NULL,NULL
2133,9559,1497947150,0,NULL,NULL
2136,31106,1497626384,1,NULL,NULL
2136,7118,1497626384,0,NULL,NULL
2136,4674,1497626384,1,NULL,NULL
2136,329,1497626384,1,NULL,NULL
2136,13485,1497626384,0,NULL,NULL
2136,20730,1497626384,1,NULL,NULL
2136,19305,1497626384,0,NULL,NULL
2136,27155,1497626803,0,NULL,NULL
2143,28649,1497434197,0,NULL,NULL
2143,9528,1497434197,1,NULL,NULL
2143,34530,1497434197,0,NULL,NULL
2143,18620,1497434197,0,NULL,NULL
2143,7620,1497434197,0,NULL,NULL
2143,36159,1497434517,0,NULL,NULL
2147,28615,1497005041,0,NULL,NULL
2147,8491,1497005041,0,NULL,NULL
2147,14856,1497005041,0,NULL,NULL
2147,15575,1497005041,0,NULL,NULL
2147,20359,1497005041,0,NULL,NULL
2149,12948,1496995617,-1,NULL,NULL
2150,12773,1496994674,0,NULL,NULL
2150,13631,1496994674,0,NULL,NULL
2152,28238,1496926974,0,NULL,NULL
2153,17019,1496831837,0,NULL,NULL
2153,19723,1496831837,0,NULL,NULL
2153,31328,1496831837,0,NULL,NULL
2153,12216,1496831837,0,NULL,NULL
2153,4284,1496831837,0,NULL,NULL
2153,34100,1496831837,0,NULL,NULL
2153,1044,1496831837,0,NULL,NULL
2153,13037,1496831837,0,NULL,NULL
2153,33246,1496831837,0,NULL,NULL
2153,9360,1496831837,1,NULL,NULL
2157,37342,1496732825,0,NULL,NULL
2157,20425,1496732825,0,NULL,NULL
2157,7566,1496732825,1,NULL,NULL
2157,9720,1496732825,1,NULL,NULL
2157,20300,1496732825,1,NULL,NULL
2157,35459,1496732825,1,NULL,NULL
2157,12311,1496732825,0,NULL,NULL
2157,33501,1496732825,1,NULL,NULL
2157,21440,1496732825,0,NULL,NULL
2157,10785,1496732825,0,NULL,NULL
2160,20483,1496400972,0,NULL,NULL
2160,16988,1496400972,0,NULL,NULL
2160,17906,1496400972,0,NULL,NULL
2160,22631,1496400972,0,NULL,NULL
2160,22969,1496400972,0,NULL,NULL
2160,22973,1496400972,0,NULL,NULL
2160,27571,1496400972,0,NULL,NULL
2160,16026,1496400972,0,NULL,NULL
2160,1458,1496400972,0,NULL,NULL
2160,28563,1496400972,0,NULL,NULL
2161,10432,1496387834,0,NULL,NULL
2162,12935,1496325752,-1,NULL,NULL
2162,10002,1496327392,-1,NULL,NULL
2163,25853,1496306891,0,NULL,NULL
2163,23168,1496306891,-1,NULL,NULL
2164,3930,1496304754,0,NULL,NULL
2167,5975,1496217571,0,NULL,NULL
2167,6838,1496217571,0,NULL,NULL
2167,22125,1496217571,-1,NULL,NULL
2167,31570,1496217571,0,NULL,NULL
2167,22381,1496217571,0,NULL,NULL
2167,32863,1496217571,0,NULL,NULL
2167,7242,1496217571,0,NULL,NULL
2167,9095,1496217571,0,NULL,NULL
2167,4005,1496217571,0,NULL,NULL
2167,1389,1496217571,0,NULL,NULL
2171,4969,1496134870,0,NULL,NULL
2171,32035,1496134870,0,NULL,NULL
2171,15206,1496134870,0,NULL,NULL
2171,14060,1496134870,0,NULL,NULL
2171,33776,1496134871,0,NULL,NULL
2171,7537,1496134871,0,NULL,NULL
2171,19378,1496134871,0,NULL,NULL
2171,27568,1496134871,0,NULL,NULL
2171,37034,1496134871,0,NULL,NULL
2171,7457,1496134871,0,NULL,NULL
2173,4765,1496128060,-1,NULL,NULL
2176,21181,1496058592,0,NULL,NULL
2176,20425,1496058592,0,NULL,NULL
2176,10345,1496058592,0,NULL,NULL
2186,33369,1495871278,0,NULL,NULL
2190,31666,1495868626,0,NULL,NULL
2192,12415,1495799496,0,0.0,0.0
2200,5099,1495637688,1,NULL,NULL
2200,31347,1495637688,1,NULL,NULL
2200,21325,1495637688,0,NULL,NULL
2200,9127,1495637688,0,NULL,NULL
2200,18688,1495637688,-1,NULL,NULL
2202,9253,1495629328,1,NULL,NULL
2202,15136,1495629328,0,NULL,NULL
2202,34,1495629328,0,NULL,NULL
2202,23807,1495629328,1,NULL,NULL
2202,6241,1495629328,0,NULL,NULL
2204,27815,1495624263,-1,NULL,NULL
2204,30730,1495624263,0,-1.0,-1.0
2204,20670,1495624263,0,NULL,NULL
2204,35487,1495624263,0,NULL,NULL
2204,17074,1495624263,0,NULL,NULL
2204,32545,1495624263,0,NULL,NULL
2204,5845,1495624263,0,NULL,NULL
2204,4342,1495624263,0,NULL,NULL
2204,8307,1495624263,-1,NULL,NULL
2204,15870,1495624263,0,NULL,NULL
2206,1557,1495624996,1,NULL,NULL
2220,15861,1495460651,0,NULL,NULL
2220,4152,1495460651,-1,NULL,NULL
2220,6660,1495460651,-1,NULL,NULL
2220,22042,1495460651,-1,NULL,NULL
2220,26784,1495460651,-1,NULL,NULL
2220,27368,1495460651,-1,NULL,NULL
2220,1217,1495460651,-1,NULL,NULL
2220,27051,1495460651,-1,NULL,NULL
2220,29564,1495460651,-1,NULL,NULL
2220,27170,1495460651,-1,NULL,NULL
2222,24303,1495385808,0,NULL,NULL
2222,7177,1495385808,-1,NULL,NULL
2227,29577,1495012248,0,NULL,NULL
2227,28804,1495012248,-1,NULL,NULL
2227,23806,1495012248,0,NULL,NULL
2228,9350,1495010402,0,NULL,NULL
2228,23873,1495010402,0,NULL,NULL
2229,23493,1495006305,1,NULL,NULL
2229,5325,1495006305,0,NULL,NULL
2235,28180,1494934579,-1,NULL,NULL
2235,16820,1494934579,1,NULL,NULL
2235,5435,1494934579,-1,NULL,NULL
2235,8485,1494934579,-1,NULL,NULL
2235,22747,1494934579,0,NULL,NULL
2235,23289,1494934579,0,NULL,NULL
2235,1601,1494934579,1,NULL,NULL
2235,1935,1494934579,-1,NULL,NULL
2237,9410,1494930480,0,0.0,0.0
2237,19851,1494930480,0,NULL,NULL
2237,30682,1494930480,0,NULL,NULL
2240,6182,1494844453,1,NULL,NULL
2240,17703,1494602406,1,NULL,NULL
2240,1373,1494844453,1,NULL,NULL
2240,7930,1494845216,-1,NULL,NULL
2240,6041,1494844453,-1,NULL,NULL
2240,14289,1494844453,1,NULL,NULL
2240,15672,1494844453,1,NULL,NULL
2240,19972,1494845216,0,NULL,NULL
2240,12479,1494844453,1,NULL,NULL
2240,8766,1494844453,1,NULL,NULL
2241,26942,1494842222,0,NULL,NULL
2241,9106,1494842222,0,NULL,NULL
2241,21029,1494842222,1,NULL,NULL
2241,6618,1494842222,1,NULL,NULL
2241,7611,1494842236,-1,NULL,NULL
2241,1643,1494842236,0,NULL,NULL
2241,18105,1494842236,0,NULL,NULL
2243,35006,1494830043,-1,NULL,NULL
2248,30279,1494535325,0,NULL,NULL
2251,21843,1494493122,-1,NULL,NULL
2260,19920,1494247089,0,NULL,NULL
2260,1770,1494247089,1,NULL,NULL
2260,6036,1494247089,1,NULL,NULL
2261,29669,1494089501,0,NULL,NULL
2261,24198,1494089501,0,NULL,NULL
2261,5054,1494089501,0,NULL,NULL
2261,15579,1494089501,0,NULL,NULL
2261,23953,1494089501,0,NULL,NULL
2261,20089,1494089501,0,NULL,NULL
2261,14334,1494089501,0,NULL,NULL
2261,28483,1494089501,0,NULL,NULL
2261,7229,1494089501,0,NULL,NULL
2261,13340,1494089501,0,NULL,NULL
2262,27836,1493991617,0,NULL,NULL
2262,9142,1493991617,0,NULL,NULL
2262,2774,1493991617,1,NULL,NULL
2262,22190,1493991617,1,NULL,NULL
2262,14198,1493991617,0,NULL,NULL
2262,17066,1493991617,0,NULL,NULL
2265,7005,1493982606,0,NULL,NULL
2265,559,1493982606,0,NULL,NULL
2265,36603,1493982606,1,NULL,NULL
2265,23438,1493982606,0,NULL,NULL
2265,23214,1493982606,0,NULL,NULL
2270,34513,1493298749,-1,NULL,NULL
2271,16665,1493297642,0,NULL,NULL
2277,18776,1493225782,1,NULL,NULL
2284,23303,1229570220,1,NULL,NULL
2284,24182,1229570220,0,NULL,NULL
2284,1932,1493032481,1,NULL,NULL
2284,10187,1493032481,1,NULL,NULL
2284,9889,1493032481,0,NULL,NULL
2286,5508,1492796142,-1,NULL,NULL
2286,1398,1492796142,-1,NULL,NULL
2286,27480,1492796142,1,NULL,NULL
2286,2049,1492796142,-1,NULL,NULL
2286,8286,1492796142,-1,NULL,NULL
2287,7170,1492703693,-1,NULL,NULL
2287,12131,1492703693,0,NULL,NULL
2290,19494,1492674464,1,NULL,NULL
2290,26188,1492674464,0,NULL,NULL
2292,26682,1492595120,0,NULL,NULL
2292,33653,1492595120,0,NULL,NULL
2292,14936,1492595120,0,NULL,NULL
2292,669,1492595120,0,NULL,NULL
2292,31957,1492595120,0,NULL,NULL
2295,5155,1492521422,1,NULL,NULL
2295,605,1492521422,1,NULL,NULL
2295,9705,1492591679,1,NULL,NULL
2295,6338,1492591679,1,NULL,NULL
2297,36780,1492514480,0,NULL,NULL
2297,23950,1492514480,1,NULL,NULL
2297,33244,1492514480,1,NULL,NULL
2297,22103,1492514480,1,NULL,NULL
2299,13001,1492095139,0,NULL,NULL
2299,13482,1492095139,0,NULL,NULL
2299,27550,1492181603,0,NULL,NULL
2299,22910,1492095139,0,NULL,NULL
2299,17321,1492095139,0,NULL,NULL
2299,21682,1492095139,0,NULL,NULL
2299,21906,1492095139,0,NULL,NULL
2299,4620,1492095139,0,NULL,NULL
2299,26125,1492095139,0,0.0,0.0
2299,35387,1492095139,0,NULL,NULL
2300,19983,1492026967,0,NULL,NULL
2300,35522,1492026967,0,NULL,NULL
2300,24343,1492026967,0,NULL,NULL
2300,9775,1492096988,-1,NULL,NULL
2300,33662,1492096988,1,NULL,NULL
2300,30905,1492096988,1,NULL,NULL
2300,29662,1492096988,1,NULL,NULL
2300,34096,1492096988,-1,NULL,NULL
2303,6099,1492081312,1,NULL,NULL
2303,34943,1492081312,1,NULL,NULL
2303,16233,1492081312,0,NULL,NULL
2303,188,1492082802,0,NULL,NULL
2303,27843,1492082802,0,NULL,NULL
2305,10272,1492064507,1,NULL,NULL
2308,28430,1491919462,0,NULL,NULL
2308,11955,1491919462,-1,NULL,NULL
2308,28299,1491919259,1,NULL,NULL
2308,4560,1491919462,0,NULL,NULL
2308,12366,1491919462,0,NULL,NULL
2308,15212,1491919462,0,NULL,NULL
2308,13057,1491919462,-1,NULL,NULL
2308,17916,1491919462,0,NULL,NULL
2308,36571,1491919462,-1,NULL,NULL
2308,24917,1491919462,-1,NULL,NULL
2309,7705,1491996634,0,NULL,NULL
2309,18671,1491996634,0,NULL,NULL
2310,32700,1491933200,1,NULL,NULL
2310,680,1491933200,0,NULL,NULL
2310,12609,1491933200,0,NULL,NULL
2310,26563,1491933200,0,NULL,NULL
2310,5304,1491933200,1,NULL,NULL
2310,14241,1491933200,0,NULL,NULL
2310,20978,1491933879,0,NULL,NULL
2310,28510,1491933879,0,NULL,NULL
2310,31412,1491994712,-1,NULL,NULL
2312,28580,1491985578,1,NULL,NULL
2314,3951,1491915188,0,NULL,NULL
2316,9948,1491903117,0,NULL,NULL
2316,76,1491903117,0,NULL,NULL
2318,27634,1491832307,0,NULL,NULL
2318,2200,1491832307,0,NULL,NULL
2318,11345,1491832307,0,NULL,NULL
2319,6895,1491825396,0,NULL,NULL
2319,24179,1491825396,0,NULL,NULL
2319,36371,1491825396,0,NULL,NULL
2319,23810,1491825396,0,NULL,NULL
2319,9907,1491825396,0,NULL,NULL
2319,27280,1491825396,0,NULL,NULL
2319,9542,1491825396,0,NULL,NULL
2319,27049,1491825396,0,NULL,NULL
2331,35374,1491469249,1,NULL,NULL
2331,9307,1491469249,1,NULL,NULL
2331,19975,1491469249,1,NULL,NULL
2331,20404,1491469249,1,NULL,NULL
2331,30032,1491469249,0,0.0,0.0
2331,28222,1491469249,1,NULL,NULL
2334,23193,1491401096,0,NULL,NULL
2334,30800,1491401096,1,NULL,NULL
2338,16298,1491322913,0,NULL,NULL
2338,12058,1491322913,1,NULL,NULL
2338,36408,1491322913,0,NULL,NULL
2338,2299,1491322913,1,NULL,NULL
2338,10840,1491322913,0,NULL,NULL
2338,23508,1491322913,0,NULL,NULL
2338,36210,1491322913,1,NULL,NULL
2338,11996,1491322913,-1,NULL,NULL
2338,7122,1491322913,1,NULL,NULL
2340,8037,1491312611,1,NULL,NULL
2340,11787,1491312611,1,NULL,NULL
2342,31671,1491206527,1,NULL,NULL
2343,34370,1491205395,0,NULL,NULL
2345,31545,1490988529,-1,NULL,NULL
2346,24623,1490945964,0,NULL,NULL
2346,19917,1490945964,0,NULL,NULL
2347,24221,1490881051,-1,NULL,NULL
2349,9600,1490862642,-1,NULL,NULL
2349,5147,1490862642,-1,NULL,NULL
2351,6978,1490786464,1,NULL,NULL
2351,14401,1490786464,0,NULL,NULL
2353,22126,1490718895,1,NULL,NULL
2354,20171,1490713608,1,NULL,NULL
2354,12312,1490713608,-1,NULL,NULL
2355,1074,1490713607,-1,NULL,NULL
2355,6867,1490713607,1,NULL,NULL
2357,22775,1490713607,1,NULL,NULL
2357,9875,1490713607,0,NULL,NULL
2357,27001,1490713607,0,NULL,NULL
2357,17036,1490713607,1,NULL,NULL
2357,7478,1490713607,-1,NULL,NULL
2357,6995,1490713607,0,NULL,NULL
2357,24985,1490713607,0,NULL,NULL
2357,16941,1490713607,0,NULL,NULL
2357,8090,1490713607,1,NULL,NULL
2357,413,1490713607,-1,NULL,NULL
2368,15401,1490431914,0,NULL,NULL
2368,28670,1490431914,0,NULL,NULL
2369,37432,1488296581,0,NULL,NULL
2369,31066,1490431086,0,NULL,NULL
2369,25626,1488301783,0,NULL,NULL
2369,26374,1488296581,0,NULL,NULL
2369,21965,1488301783,0,NULL,NULL
2369,27538,1488301783,0,NULL,NULL
2369,23242,1488190751,0,NULL,NULL
2369,24409,1488301783,0,NULL,NULL
2369,31139,1490431086,0,NULL,NULL
2369,33873,1488301783,0,NULL,NULL
2370,7950,1490388603,1,NULL,NULL
2370,8735,1490388603,0,NULL,NULL
2370,9956,1490388603,-1,NULL,NULL
2370,9734,1490388603,0,NULL,NULL
2370,32571,1490388603,0,NULL,NULL
2370,1725,1490388603,0,NULL,NULL
2370,1536,1490388603,0,NULL,NULL
2374,26488,1490361254,1,NULL,NULL
2376,4655,1490349154,0,NULL,NULL
2376,25781,1490349154,0,NULL,NULL
2376,13237,1490349154,0,NULL,NULL
2376,24740,1490349154,0,NULL,NULL
2376,2023,1490349154,0,NULL,NULL
2376,4982,1490349154,0,NULL,NULL
2376,19269,1490349154,0,NULL,NULL
2376,19249,1490349154,1,NULL,NULL
2376,20242,1490349154,0,NULL,NULL
2380,12952,1490279351,-1,NULL,NULL
2380,30351,1490279351,-1,NULL,NULL
2380,17095,1490279351,0,NULL,NULL
2380,5455,1490279351,-1,NULL,NULL
2380,20394,1490279351,0,NULL,NULL
2386,37589,1490219074,0,NULL,NULL
2386,18790,1490219074,0,NULL,NULL
2386,35841,1490219074,0,NULL,NULL
2389,4537,1490204609,0,NULL,NULL
2389,2228,1490204609,-1,NULL,NULL
2389,33501,1490205318,0,NULL,NULL
2398,22775,1489679885,1,NULL,NULL
2398,28373,1489679885,1,NULL,NULL
2398,20801,1489679885,1,NULL,NULL
2401,31808,1489666846,1,NULL,NULL
2401,24760,1489666846,1,NULL,NULL
2401,7610,1489666847,1,NULL,NULL
2401,12942,1489666847,1,NULL,NULL
2401,15638,1489666847,1,NULL,NULL
2401,11822,1489666847,0,NULL,NULL
2404,6757,1489660971,0,NULL,NULL
2404,6377,1489660971,0,NULL,NULL
2407,9039,1489582603,1,NULL,NULL
2407,33378,1489585221,1,NULL,NULL
2409,14415,1489572803,-1,NULL,NULL
2409,210,1489572803,-1,NULL,NULL
2412,1130,1489512578,0,NULL,NULL
2412,10114,1489512578,1,NULL,NULL
2412,13093,1489512578,1,NULL,NULL
2412,14914,1489512578,1,NULL,NULL
2412,35484,1489512578,0,NULL,NULL
2412,37055,1489512578,1,NULL,NULL
2412,13419,1489512578,1,NULL,NULL
2412,28349,1489512578,0,NULL,NULL
2412,18632,1489512578,-1,NULL,NULL
2412,14180,1489512578,-1,NULL,NULL
2415,14010,1489497260,0,NULL,NULL
2415,9008,1489497260,0,NULL,NULL
2415,1416,1489498298,0,NULL,NULL
2420,30337,1489481407,1,NULL,NULL
2420,26518,1489481407,0,NULL,NULL
2420,35287,1489481407,1,NULL,NULL
2428,12997,1489398193,0,NULL,NULL
2428,27800,1489399789,0,NULL,NULL
2432,9328,1489310117,-1,NULL,NULL
2432,19377,1489310117,0,NULL,NULL
2432,26817,1489310117,1,NULL,NULL
2432,37546,1489316937,1,NULL,NULL
2442,13275,1489075728,0,NULL,NULL
2442,9854,1489075728,0,NULL,NULL
2442,30867,1489075728,1,NULL,NULL
2442,5599,1489075728,0,NULL,NULL
2442,28200,1489075728,0,NULL,NULL
2442,37628,1489075728,0,NULL,NULL
2442,34599,1489075728,0,NULL,NULL
2444,22715,1489048779,1,NULL,NULL
2444,16387,1489048779,-1,NULL,NULL
2444,30738,1489062887,0,NULL,NULL
2444,33219,1489062887,0,NULL,NULL
2446,4134,1489056071,0,NULL,NULL
2446,4364,1489056071,0,NULL,NULL
2446,7817,1489056071,1,NULL,NULL
2446,26267,1489056071,0,NULL,NULL
2446,23851,1489056071,0,NULL,NULL
2446,17975,1489056071,0,NULL,NULL
2447,23284,1489054590,1,NULL,NULL
2447,27064,1489054590,0,NULL,NULL
2447,37310,1489054590,0,NULL,NULL
2458,33616,1488895033,0,NULL,NULL
2458,8472,1488895033,0,NULL,NULL
2458,29585,1488895033,0,0.0,NULL
2458,33446,1488895033,0,NULL,NULL
2458,2192,1488895033,1,NULL,NULL
2458,34344,1488895033,0,NULL,NULL
2458,6093,1488895033,0,NULL,NULL
2458,22230,1488895033,0,NULL,NULL
2459,12460,1488894155,1,NULL,NULL
2459,266,1488894155,0,NULL,NULL
2459,26711,1488894155,0,NULL,NULL
2459,12746,1488894155,1,NULL,NULL
2460,10283,1488892557,-1,NULL,NULL
2460,21641,1488892557,0,NULL,NULL
2460,24659,1488892557,1,NULL,NULL
2464,5327,1488797924,-1,NULL,NULL
2464,31102,1488798624,0,NULL,NULL
2464,13341,1488798624,0,NULL,NULL
2464,34265,1488798624,0,NULL,NULL
2464,12125,1488798624,0,NULL,NULL
2464,28565,1488798624,0,NULL,NULL
2464,16206,1488798624,0,NULL,NULL
2464,11415,1488798624,0,NULL,NULL
2467,37499,1488736178,0,NULL,NULL
2467,25693,1488736178,1,0.0,0.0
2467,25009,1488736365,0,NULL,NULL
2469,8247,1488643011,-1,NULL,NULL
2469,13199,1488643011,0,NULL,NULL
2470,9972,1488628191,0,NULL,NULL
2470,5960,1488639447,-1,NULL,NULL
2470,8530,1488639447,-1,NULL,NULL
2470,8002,1488628191,0,NULL,NULL
2470,26027,1488628191,0,NULL,NULL
2470,30232,1488628191,0,NULL,NULL
2470,25668,1488628191,0,NULL,NULL
2470,32245,1488639447,-1,NULL,NULL
2470,12616,1488639447,-1,NULL,NULL
2470,12195,1488628191,0,NULL,NULL
2471,31100,1488633407,1,0.0,0.0
2475,12319,1488556925,0,NULL,NULL
2489,34465,1488388836,0,NULL,NULL
2489,14015,1488388836,0,NULL,NULL
2489,16984,1488388836,0,NULL,NULL
2489,35824,1488388836,0,NULL,NULL
2489,615,1488388836,0,NULL,NULL
2489,12147,1488388836,0,NULL,NULL
2489,17102,1488388836,0,NULL,NULL
2490,28496,1488387150,-1,NULL,NULL
2490,12951,1488387150,0,NULL,NULL
2490,30984,1488387150,0,NULL,NULL
2490,10647,1488387150,1,NULL,NULL
2490,13227,1488387150,1,NULL,NULL
2490,18,1488387150,0,NULL,NULL
2490,21660,1488387507,0,NULL,NULL
2490,34044,1488387150,-1,NULL,NULL
2490,22446,1488387150,0,NULL,NULL
2490,8979,1488387150,0,NULL,NULL
2491,17516,1488367945,-1,NULL,NULL
2494,20696,1488343861,0,NULL,NULL
2494,21241,1488343861,0,NULL,NULL
2494,28660,1488343861,-1,NULL,NULL
2494,9675,1488343861,0,NULL,NULL
2494,4176,1488343861,1,NULL,NULL
2494,10685,1488343861,0,NULL,NULL
2494,28254,1488343861,1,NULL,NULL
2494,28199,1488343861,1,NULL,NULL
2494,12893,1488343861,1,NULL,NULL
2494,8305,1488343861,0,NULL,NULL
2497,7155,1488278325,0,NULL,NULL
2497,11748,1488278325,1,NULL,NULL
2500,21526,1488200865,0,NULL,NULL
2500,37080,1488200865,0,NULL,NULL
2500,16695,1488200865,0,NULL,NULL
2500,6723,1488200865,-1,NULL,NULL
2500,379,1488200865,0,NULL,NULL
2500,15643,1488200865,0,NULL,NULL
2500,5102,1488200865,0,NULL,NULL
2500,34926,1488200865,0,NULL,NULL
2500,10283,1488203538,-1,NULL,NULL
2500,7489,1488200865,0,NULL,NULL
2507,16936,1487940325,0,NULL,NULL
2514,3925,1487850357,0,NULL,NULL
2514,26768,1487850357,0,NULL,NULL
2516,269,1487840426,0,NULL,NULL
2516,23774,1487840424,-1,NULL,NULL
2516,25994,1487840426,-1,NULL,NULL
2516,21129,1487840425,0,NULL,NULL
2516,6328,1487840424,0,NULL,NULL
2516,515,1487840423,0,NULL,NULL
2516,22280,1487840425,1,NULL,NULL
2516,1639,1487840423,0,NULL,NULL
2516,1271,1487840426,0,NULL,NULL
2516,6859,1487840424,1,NULL,NULL
2518,21187,1487768432,1,NULL,NULL
2518,33556,1487768432,0,NULL,NULL
2518,34142,1487768432,1,NULL,NULL
2518,33496,1487768432,-1,NULL,NULL
2518,28804,1487768432,0,NULL,NULL
2518,22203,1487768432,-1,NULL,NULL
2518,6588,1487768432,0,NULL,NULL
2518,31708,1487768432,1,NULL,NULL
2518,6944,1487768432,0,NULL,NULL
2518,21306,1487768432,1,NULL,NULL
2523,34114,1487693188,0,NULL,NULL
2523,22376,1487693188,1,NULL,NULL
2527,33605,1487099527,0,NULL,NULL
2527,668,1487595254,1,NULL,NULL
2527,26164,1487596750,0,NULL,NULL
2527,22078,1487596750,0,NULL,NULL
2527,13802,1487096386,0,NULL,NULL
2527,34594,1487598825,0,NULL,NULL
2527,8423,1487598825,1,0.0,0.0
2527,25829,1487598825,1,0.0,0.0
2527,21662,1487096386,0,NULL,NULL
2527,35557,1487099527,-1,NULL,NULL
2532,35831,1487504836,0,NULL,NULL
2534,36370,1468568814,0,NULL,NULL
2552,7638,1487145086,0,NULL,NULL
2553,26941,1487072626,0,NULL,NULL
2553,35100,1487072626,1,NULL,NULL
2553,15526,1487072626,0,NULL,NULL
2553,31711,1487072626,0,NULL,NULL
2553,19854,1487072626,1,NULL,NULL
2553,23862,1487072626,0,NULL,NULL
2553,12128,1487072626,0,NULL,NULL
2553,19785,1487072626,0,NULL,NULL
2553,6365,1487072626,0,NULL,NULL
2553,30688,1487072626,0,NULL,NULL
2556,23103,1487002502,1,NULL,NULL
2556,5258,1487003527,0,NULL,NULL
2556,6624,1487003527,1,NULL,NULL
2559,16269,1485776994,0,NULL,NULL
2559,28285,1485776994,0,NULL,NULL
2559,32448,1486980059,0,NULL,NULL
2559,31337,1485776994,0,NULL,NULL
2559,25887,1486980059,1,NULL,NULL
2559,14088,1485776994,0,NULL,NULL
2559,36331,1486980059,1,NULL,NULL
2559,28583,1485776994,1,NULL,NULL
2559,17557,1485776994,1,NULL,NULL
2559,10812,1486980059,0,NULL,NULL
2561,14892,1486976629,1,NULL,NULL
2572,11077,1486488730,-1,NULL,NULL
2572,6927,1486488730,0,NULL,NULL
2572,11967,1486488730,0,NULL,NULL
2572,142,1486488730,1,NULL,NULL
2573,4674,1486488146,1,NULL,NULL
2573,9535,1486488146,1,NULL,NULL
2575,34291,1486472338,1,NULL,NULL
2575,26116,1486472338,1,NULL,NULL
2575,16966,1486472338,0,NULL,NULL
2576,10485,1486401336,-1,NULL,NULL
2576,28104,1486401336,0,NULL,NULL
2576,12316,1486401336,0,NULL,NULL
2576,15860,1486401336,0,NULL,NULL
2576,25658,1486401336,1,NULL,NULL
2581,17048,1486127499,0,NULL,NULL
2585,13664,1485945515,0,NULL,NULL
2585,17866,1485945515,1,NULL,NULL
2585,35520,1485945515,-1,NULL,NULL
2585,26448,1485945515,0,NULL,NULL
2585,1383,1485945515,0,NULL,NULL
2585,9864,1485945515,0,NULL,NULL
2585,1982,1485945515,0,NULL,NULL
2585,32253,1485945515,0,NULL,NULL
2585,4801,1485945515,0,NULL,NULL
2585,17310,1485945515,1,NULL,NULL
2590,9311,1485805911,0,NULL,NULL
2592,23366,1485795394,1,NULL,NULL
2592,11930,1485795394,1,NULL,NULL
2599,21122,1485155209,1,NULL,NULL
2599,2235,1485155209,1,NULL,NULL
2601,6931,1485111959,1,NULL,NULL
2601,5489,1485111959,0,NULL,NULL
2601,13287,1485111959,0,NULL,NULL
2601,8548,1485111959,0,NULL,NULL
2601,14347,1485111959,0,NULL,NULL
2601,11078,1485111959,1,NULL,NULL
2601,20796,1485111959,0,NULL,NULL
2604,28457,1485093561,0,NULL,NULL
2604,14398,1485093561,0,NULL,NULL
2606,18470,1484985735,1,NULL,NULL
2606,36453,1484985735,0,NULL,NULL
2606,28375,1484985735,1,NULL,NULL
2606,22409,1484985735,1,NULL,NULL
2606,12863,1484985735,1,NULL,NULL
2606,17849,1484985735,0,NULL,NULL
2606,37041,1484985735,1,NULL,NULL
2606,30101,1484985735,0,NULL,NULL
2606,5642,1484985735,1,NULL,NULL
2606,33878,1484985735,0,NULL,NULL
2615,19409,1484739813,1,NULL,NULL
2616,8278,1484727843,0,NULL,NULL
2617,27606,1484656014,0,NULL,NULL
2617,34465,1484656014,1,NULL,NULL
2617,20180,1484658190,-1,NULL,NULL
2620,22419,1484643417,0,NULL,NULL
2622,24171,1484587750,0,NULL,NULL
2622,13889,1484587750,0,NULL,NULL
2626,8438,1484326945,1,NULL,NULL
2626,33416,1484326945,1,NULL,NULL
2629,22319,1484308750,1,NULL,NULL
2629,33326,1484308750,1,NULL,NULL
2634,10929,1484211192,1,NULL,NULL
2634,31590,1484211192,0,NULL,NULL
2634,12172,1484211192,1,NULL,NULL
2639,26863,1484062024,1,NULL,NULL
2639,26205,1484062024,0,NULL,NULL
2639,6239,1484067102,0,NULL,NULL
2641,14950,1484056643,1,NULL,NULL
2647,23218,1483960092,1,NULL,NULL
2647,25743,1483960092,1,NULL,NULL
2647,17469,1483960092,1,NULL,NULL
2647,27750,1483960092,0,NULL,NULL
2648,1791,1483708845,1,NULL,NULL
2648,13926,1483708845,1,NULL,NULL
2648,33654,1483708845,0,NULL,NULL
2648,33633,1483708845,1,NULL,NULL
2648,9443,1483708845,0,NULL,NULL
2658,36618,1483030447,1,NULL,NULL
2658,6674,1483030447,-1,NULL,NULL
2659,2034,1483002837,0,NULL,NULL
2660,438,1482865703,1,NULL,NULL
2660,17506,1482865703,1,NULL,NULL
2660,10316,1482944457,1,NULL,NULL
2663,14062,1482517045,0,NULL,NULL
2665,5381,1482488541,0,NULL,NULL
2665,28155,1482488541,1,NULL,NULL
2665,6170,1482494064,1,NULL,NULL
2665,13771,1482494441,0,NULL,NULL
2665,20462,1482494441,0,NULL,NULL
2668,4400,1482479312,1,NULL,NULL
2668,21912,1482479312,0,NULL,NULL
2669,6625,1482434535,1,NULL,NULL
2669,1911,1482434535,0,NULL,NULL
2669,25094,1482434535,0,NULL,NULL
2669,16689,1482434535,1,NULL,NULL
2671,8975,1482352787,0,NULL,NULL
2671,2044,1482352787,0,NULL,NULL
2671,33352,1482352787,0,NULL,NULL
2671,12587,1482354579,0,NULL,NULL
2671,9276,1482350036,0,NULL,NULL
2671,7649,1482352787,0,NULL,NULL
2671,18222,1482358142,1,NULL,NULL
2671,17904,1482352787,0,NULL,NULL
2671,23309,1482350036,0,NULL,NULL
2671,36691,1482352787,0,NULL,NULL
2676,16700,1482335925,0,NULL,NULL
2676,7479,1482335925,0,NULL,NULL
2676,14187,1482329852,0,NULL,NULL
2676,5121,1482322625,-1,NULL,NULL
2676,28005,1482322625,0,NULL,NULL
2676,26160,1482332324,0,NULL,NULL
2676,10258,1482328198,0,NULL,NULL
2676,493,1482322625,0,NULL,NULL
2676,6624,1482335925,0,NULL,NULL
2676,32429,1482335925,0,NULL,NULL
2678,16087,1482236729,0,NULL,NULL
2678,10648,1482236729,1,NULL,NULL
2681,17154,1482171448,1,NULL,NULL
2681,14342,1482171448,-1,NULL,NULL
2681,11029,1482171448,1,NULL,NULL
2681,28496,1482171448,1,NULL,NULL
2687,33907,1481973915,0,NULL,NULL
2687,23873,1481973915,0,NULL,NULL
2687,33962,1481973915,0,NULL,NULL
2687,33762,1481973915,0,NULL,NULL
2687,2327,1481973915,0,NULL,NULL
2687,1859,1481973915,0,NULL,NULL
2687,10669,1481973915,0,NULL,NULL
2687,416,1481973915,0,NULL,NULL
2687,27541,1481973915,0,NULL,NULL
2687,26238,1481973915,0,NULL,NULL
2693,8183,1481799265,0,NULL,NULL
2693,25805,1481799265,1,NULL,NULL
2693,23475,1481799265,0,NULL,NULL
2693,7555,1481799265,1,NULL,NULL
2695,14205,1481729079,0,NULL,NULL
2697,4233,1481717254,0,NULL,NULL
2697,11796,1481717254,0,NULL,NULL
2697,7326,1481717254,0,NULL,NULL
2704,8949,1481552280,0,NULL,NULL
2704,1238,1481552280,1,NULL,NULL
2704,33315,1481552280,0,NULL,NULL
2707,13812,1480956158,0,NULL,NULL
2707,14560,1481014339,0,NULL,NULL
2707,6209,1481284375,0,NULL,NULL
2707,669,1481534065,0,NULL,NULL
2708,13123,1481533738,1,NULL,NULL
2708,18685,1481533738,1,NULL,NULL
2710,22822,1481305939,0,NULL,NULL
2710,19835,1481305939,1,NULL,NULL
2710,32429,1481305939,1,NULL,NULL
2710,9742,1481305939,1,NULL,NULL
2710,33448,1481305939,1,NULL,NULL
2710,27013,1481305939,1,NULL,NULL
2710,6637,1481305939,1,NULL,NULL
2710,20332,1481305939,1,NULL,NULL
2710,10886,1481305939,1,NULL,NULL
2710,5119,1481305939,1,NULL,NULL
2711,14330,1481289454,0,NULL,NULL
2711,36070,1481289454,0,NULL,NULL
2711,13711,1481289454,1,NULL,NULL
2711,22019,1481289455,0,NULL,NULL
2711,21039,1481295471,0,NULL,NULL
2712,657,1481224087,-1,NULL,NULL
2720,8515,1481026359,0,NULL,NULL
2720,8312,1481026359,0,0.0,0.0
2720,12665,1481026359,0,NULL,NULL
2720,31090,1481026359,0,NULL,NULL
2720,1456,1481026359,0,NULL,NULL
2720,19394,1481026359,0,NULL,NULL
2720,15773,1481026359,0,NULL,NULL
2720,13585,1481026359,0,NULL,NULL
2720,26889,1481026359,0,NULL,NULL
2720,2062,1481026359,0,NULL,NULL
2725,30078,1480858365,1,NULL,NULL
2728,30224,1480447219,0,NULL,NULL
2728,15185,1480447219,0,NULL,NULL
2728,10705,1480447219,-1,NULL,NULL
2728,13701,1480447219,0,NULL,NULL
2728,23831,1480447219,0,NULL,NULL
2728,4809,1480447219,0,NULL,NULL
2728,33657,1480447219,0,NULL,NULL
2728,1979,1480447219,-1,NULL,NULL
2728,27089,1480447219,0,NULL,NULL
2728,7323,1480447219,-1,NULL,NULL
2729,4696,1480591402,0,NULL,NULL
2729,19636,1480591402,1,NULL,NULL
2729,161,1480591402,1,NULL,NULL
2729,7708,1480591402,0,NULL,NULL
2730,9009,1480586011,0,NULL,NULL
2730,27713,1480586011,-1,NULL,NULL
2731,33400,1480576905,0,NULL,NULL
2731,20647,1480576905,0,NULL,NULL
2731,8671,1480576905,1,NULL,NULL
2731,10034,1480576905,1,NULL,NULL
2731,34802,1480576905,0,NULL,NULL
2731,7802,1480576905,0,NULL,NULL
2731,9697,1480576905,0,NULL,NULL
2733,4868,1480434541,1,0.0,0.0
2735,25972,1480331104,0,0.0,NULL
2735,32,1480331104,0,NULL,NULL
2735,31646,1480332252,0,NULL,NULL
2735,10497,1480332421,0,NULL,NULL
2735,13065,1480332421,0,NULL,NULL
2741,2198,1479980713,0,NULL,NULL
2741,1783,1479980713,0,NULL,NULL
2741,6027,1479980713,0,NULL,NULL
2741,30671,1479980713,1,NULL,NULL
2741,5385,1479980713,1,NULL,NULL
2741,11335,1479980713,0,NULL,NULL
2741,9807,1479980713,1,NULL,NULL
2741,21547,1479980713,0,NULL,NULL
2741,33949,1480003968,1,NULL,NULL
2741,1087,1479980713,1,NULL,NULL
2744,4986,1479927192,0,NULL,NULL
2746,6274,1479916286,0,NULL,NULL
2746,165,1479916286,0,NULL,NULL
2746,22406,1479916286,-1,NULL,NULL
2746,8374,1479916286,0,NULL,NULL
2746,4637,1479916286,0,NULL,NULL
2746,1128,1479916286,0,NULL,NULL
2746,20959,1479916286,0,NULL,NULL
2746,28155,1479916286,-1,NULL,NULL
2746,33492,1479916286,0,NULL,NULL
2746,18740,1479916286,0,NULL,NULL
2749,28714,1479844564,0,NULL,NULL
2749,16640,1479844564,-1,NULL,NULL
2749,28818,1479844564,0,NULL,NULL
2752,16637,1479806518,1,NULL,NULL
2752,11723,1479806518,1,NULL,NULL
2752,27485,1479806518,1,NULL,NULL
2752,9584,1479806518,0,NULL,NULL
2755,21863,1479727277,1,NULL,NULL
2762,24317,1479289236,1,NULL,NULL
2762,18778,1479289236,1,NULL,NULL
2763,14595,1479176746,0,NULL,NULL
2763,11691,1479176746,1,NULL,NULL
2763,2132,1479176746,-1,NULL,NULL
2763,16329,1479185214,1,NULL,NULL
2763,24918,1479200806,1,NULL,NULL
2763,29532,1479200806,1,NULL,NULL
2765,30309,1479177859,0,NULL,NULL
2766,20523,1479111052,0,NULL,NULL
2769,24366,1478859940,0,NULL,NULL
2769,23833,1478859940,0,NULL,NULL
2775,12611,1478631178,0,NULL,NULL
2775,28393,1478631178,0,NULL,NULL
2776,24051,1478609418,-1,NULL,NULL
2776,21757,1478609418,-1,NULL,NULL
2776,8873,1478609745,1,NULL,NULL
2783,27348,1478511369,0,NULL,NULL
2783,8490,1478511369,1,NULL,NULL
2784,4385,1478510894,1,NULL,NULL
2784,9314,1478510894,1,NULL,NULL
2791,20121,1478248316,0,NULL,NULL
2791,10051,1478248316,0,NULL,NULL
2795,33226,1478016532,1,NULL,NULL
2795,28379,1478016532,0,NULL,NULL
2797,1952,1477999747,0,NULL,NULL
2797,34326,1477999747,1,NULL,NULL
2798,16641,1477999499,1,NULL,NULL
2802,30982,1477769214,0,NULL,NULL
2802,23901,1477769214,0,NULL,NULL
2802,10214,1477769214,0,NULL,NULL
2802,17178,1477769214,0,NULL,NULL
2802,17502,1477769214,0,NULL,NULL
2802,82,1477769214,0,NULL,NULL
2802,28629,1477769214,0,NULL,NULL
2802,33293,1477769214,0,NULL,NULL
2802,4310,1477769214,0,NULL,NULL
2802,7970,1477769214,0,NULL,NULL
2808,4048,1477636026,-1,NULL,NULL
2808,31315,1477636026,-1,NULL,NULL
2808,13428,1477636026,1,NULL,NULL
2808,5623,1477636026,1,NULL,NULL
2819,4932,1477045140,0,NULL,NULL
2819,29687,1477045140,0,NULL,NULL
2821,4877,1476966196,0,NULL,NULL
2821,2275,1476966196,1,NULL,NULL
2821,11789,1476966196,0,NULL,NULL
2821,4665,1476966370,0,NULL,NULL
2828,9421,1476797752,1,NULL,NULL
2828,16677,1476797752,-1,NULL,NULL
2828,6323,1476797752,1,NULL,NULL
2828,26798,1476797752,-1,NULL,NULL
2828,20737,1476797752,1,NULL,NULL
2828,8750,1476797752,0,NULL,NULL
2835,30660,1476433134,1,NULL,NULL
2835,22536,1476433134,1,NULL,NULL
2841,10728,1476116797,0,NULL,NULL
2841,12820,1476116797,0,NULL,NULL
2841,6315,1476116797,0,NULL,NULL
2841,190,1476116797,0,NULL,NULL
2841,2322,1476116797,0,NULL,NULL
2841,15529,1476116797,1,NULL,NULL
2841,20204,1476116797,0,NULL,NULL
2841,26407,1476116797,1,NULL,NULL
2841,27009,1476116797,0,NULL,NULL
2841,34972,1476116797,0,NULL,NULL
2843,10522,1475890337,1,NULL,NULL
2843,12469,1475890337,0,NULL,NULL
2843,7746,1475890337,0,NULL,NULL
2844,5364,1475847630,1,NULL,NULL
2849,24693,1475236121,-1,NULL,NULL
2856,29671,1442912642,1,NULL,NULL
2856,30125,1442837121,1,NULL,NULL
2856,12101,1442838198,0,NULL,NULL
2856,19389,1442912642,1,NULL,NULL
2856,11787,1442223209,0,NULL,NULL
2856,36002,1442848969,1,NULL,NULL
2856,23309,1442837121,0,NULL,NULL
2856,13265,1442906788,0,NULL,NULL
2856,4054,1442846533,1,NULL,NULL
2856,21288,1442837494,0,NULL,NULL
2860,24543,1474456776,1,NULL,NULL
2860,32035,1474457926,0,NULL,NULL
2864,6406,1474187231,1,NULL,NULL
2864,34972,1474187231,1,NULL,NULL
2875,32228,1473576208,0,NULL,NULL
2875,34921,1473576208,1,NULL,NULL
2878,5906,1473342911,1,NULL,NULL
2878,18470,1473342911,1,NULL,NULL
2878,8410,1473342911,1,NULL,NULL
2882,15216,1473315360,-1,NULL,NULL
2882,28233,1473315456,0,NULL,NULL
2882,25070,1473315467,0,NULL,NULL
2882,17080,1473315467,1,NULL,NULL
2888,7112,1473151700,1,NULL,NULL
2888,4017,1473151700,1,NULL,NULL
2890,6453,1473104288,0,NULL,NULL
2890,1686,1473104288,1,NULL,NULL
2890,9761,1473139850,1,NULL,NULL
2899,37413,1472665438,0,NULL,NULL
2899,17957,1472665438,0,NULL,NULL
2899,11960,1472749529,0,NULL,NULL
2903,22878,1472412510,0,NULL,NULL
2903,12362,1472412510,0,NULL,NULL
2910,7925,1288256049,0,NULL,NULL
2910,6937,1472209582,-1,NULL,NULL
2919,21853,1464269193,0,NULL,NULL
2919,17017,1464269193,0,NULL,NULL
2919,27644,1464269193,1,NULL,NULL
2919,22035,1471859350,0,NULL,NULL
2919,16843,1471859350,0,NULL,NULL
2919,22964,1471859350,-1,NULL,NULL
2933,36626,1467049792,1,NULL,NULL
2933,28204,1467049792,1,NULL,NULL
2933,13871,1467049792,0,NULL,NULL
2933,33499,1467057031,-1,NULL,NULL
2933,24619,1467149703,0,NULL,NULL
2933,10110,1469577508,0,NULL,NULL
2933,2365,1470945530,0,NULL,NULL
2936,1980,1470905874,0,NULL,NULL
2936,13749,1470905874,1,NULL,NULL
2936,21119,1470905874,0,NULL,NULL
2936,14061,1470906589,0,NULL,NULL
2938,31346,1470842794,0,NULL,NULL
2938,25707,1470842794,0,NULL,NULL
2938,6220,1470842794,1,NULL,NULL
2938,35855,1470842794,-1,NULL,NULL
2938,17101,1470842794,0,NULL,NULL
2938,20907,1470842794,0,NULL,NULL
2938,19909,1470842794,0,NULL,NULL
2938,14419,1470842794,-1,NULL,NULL
2938,8860,1470842794,0,NULL,NULL
2938,18021,1470842794,0,NULL,NULL
2942,5806,1470636053,1,NULL,NULL
2942,27240,1470637106,0,NULL,NULL
2942,20769,1470637106,0,NULL,NULL
2942,22940,1470637106,1,NULL,NULL
2942,13916,1470637106,1,NULL,NULL
2943,27850,1470578961,1,NULL,NULL
2943,5432,1470578961,-1,NULL,NULL
2943,16070,1470578961,-1,NULL,NULL
2945,23893,1470387875,1,NULL,NULL
2945,20535,1470387875,0,NULL,NULL
2946,27563,1470377384,1,NULL,NULL
2946,28274,1470377384,1,NULL,NULL
2946,4466,1470377384,1,NULL,NULL
2946,21708,1469707726,0,NULL,NULL
2946,14948,1470377384,1,NULL,NULL
2946,22020,1470377384,1,NULL,NULL
2946,344,1470377384,1,NULL,NULL
2946,11975,1470377384,0,NULL,NULL
2946,28108,1470377384,-1,NULL,NULL
2946,23082,1470377384,1,NULL,NULL
2947,8777,1470376397,1,NULL,NULL
2947,14249,1470376397,1,NULL,NULL
2951,2754,1470150181,1,NULL,NULL
2951,1092,1470150181,0,NULL,NULL
2955,18516,1470061621,0,NULL,NULL
2955,5333,1470061621,0,NULL,NULL
2957,7118,1470048798,1,NULL,NULL
2957,28215,1470048798,1,NULL,NULL
2961,18395,1469818957,1,NULL,NULL
2961,12003,1469818957,0,NULL,NULL
2961,9811,1469818957,1,NULL,NULL
2961,6358,1469818957,1,NULL,NULL
2961,36176,1469818957,0,NULL,NULL
2962,14958,1469792152,0,NULL,NULL
2962,16875,1469792152,0,NULL,NULL
2962,16013,1469792152,0,NULL,NULL
2962,24063,1469792152,0,NULL,NULL
2962,8282,1469792152,0,NULL,NULL
2962,122,1469792152,0,NULL,NULL
2962,18005,1469792152,0,NULL,NULL
2962,26145,1469792152,0,NULL,NULL
2962,33844,1469792152,0,NULL,NULL
2962,8805,1469792152,0,NULL,NULL
2970,5615,1469531003,1,NULL,NULL
2979,8136,1469360896,-1,NULL,NULL
2982,14011,1469094460,0,NULL,NULL
2982,11690,1469094460,0,NULL,NULL
2982,6692,1469094460,0,NULL,NULL
2982,8221,1469094460,0,NULL,NULL
2982,21718,1469094460,0,NULL,NULL
2982,8408,1469094460,0,NULL,NULL
2982,24713,1469094460,0,NULL,NULL
2988,11828,1469093464,0,NULL,NULL
2988,22905,1469093464,0,NULL,NULL
2989,10072,1469084006,0,NULL,NULL
2989,32918,1469084006,0,NULL,NULL
2993,20615,1468923824,0,NULL,NULL
2993,24096,1468923824,0,NULL,NULL
2993,10433,1468923824,0,NULL,NULL
2993,18429,1468923824,0,NULL,NULL
2993,27777,1468923824,0,NULL,NULL
2993,21984,1468923824,0,NULL,NULL
2993,19110,1468923824,0,NULL,NULL
2993,306,1468923824,1,NULL,NULL
2993,24649,1468923824,0,NULL,NULL
2993,26215,1468923824,1,NULL,NULL
2996,9306,1468654554,-1,NULL,NULL
2997,24585,1468565967,0,NULL,NULL
2997,22482,1468565967,0,NULL,NULL
2997,4638,1468565967,0,NULL,NULL
2997,3903,1468595067,1,NULL,NULL
2999,2754,1468572869,0,NULL,NULL
3004,19457,1468466219,0,NULL,NULL
3004,26184,1468466219,0,NULL,NULL
3004,23104,1468466219,0,NULL,NULL
3005,27780,1468465923,0,NULL,NULL
3006,31532,1468313400,0,NULL,NULL
3008,32731,1467967948,1,NULL,NULL
3008,19783,1467967948,1,NULL,NULL
3008,34989,1467967949,0,NULL,NULL
3011,35492,1467876066,0,NULL,NULL
3012,14907,1467634546,0,NULL,NULL
3012,27322,1467628831,0,NULL,NULL
3012,7650,1467628831,0,NULL,NULL
3012,36228,1467628831,0,NULL,NULL
3012,25730,1467628831,0,0.0,0.0
3012,28601,1467628831,0,NULL,NULL
3012,14801,1467628831,0,NULL,NULL
3012,8528,1467628831,1,NULL,NULL
3012,18503,1467628831,0,NULL,NULL
3012,9706,1467628831,0,NULL,NULL
3016,27762,1467787170,0,NULL,NULL
3017,1277,1467758201,0,NULL,NULL
3018,21096,1467715610,0,0.0,0.0
3018,31029,1467715610,0,NULL,NULL
3018,26184,1467715610,0,NULL,NULL
3018,36332,1467715610,1,NULL,NULL
3018,13444,1467715610,0,NULL,NULL
3019,8625,1467700545,-1,NULL,NULL
3019,1830,1467700545,-1,NULL,NULL
3023,30621,1467473147,0,NULL,NULL
3023,32961,1457514119,0,NULL,NULL
3023,2369,1457514119,-1,NULL,NULL
3023,20302,1457514119,-1,NULL,NULL
3023,22212,1467473147,0,NULL,NULL
3023,14514,1457514119,-1,NULL,NULL
3023,26696,1457514119,0,NULL,NULL
3023,12692,1457514119,1,NULL,NULL
3023,18841,1457514119,0,NULL,NULL
3023,3942,1457514119,0,NULL,NULL
3024,24968,1467414446,1,NULL,NULL
3024,26930,1467414446,0,NULL,NULL
3024,19696,1467414446,0,NULL,NULL
3024,26889,1467416217,1,NULL,NULL
3026,23441,1467386507,1,NULL,NULL
3026,22979,1467386507,0,NULL,NULL
3027,5946,1467380784,1,NULL,NULL
3029,28253,1467367254,0,NULL,NULL
3029,7174,1467367254,0,NULL,NULL
3031,22840,1467355948,0,NULL,NULL
3031,12637,1467355948,0,NULL,NULL
3031,6423,1467355948,1,NULL,NULL
3031,23889,1467356125,0,NULL,NULL
3031,27129,1467356125,0,NULL,NULL
3039,21158,1466937759,1,NULL,NULL
3039,32402,1466937759,-1,NULL,NULL
3039,14418,1466942658,-1,NULL,NULL
3053,11901,1466202921,0,NULL,NULL
3053,28404,1466271354,0,NULL,NULL
3053,12174,1466202921,1,NULL,NULL
3053,16579,1466271354,0,NULL,NULL
3053,7841,1466271354,1,NULL,NULL
3053,11997,1466271354,0,NULL,NULL
3053,17007,1466271354,1,NULL,NULL
3053,12310,1466271354,0,NULL,NULL
3053,30803,1466271354,0,NULL,NULL
3053,22692,1466271354,0,NULL,NULL
3056,19055,1466149355,1,NULL,NULL
3056,5837,1466149355,1,NULL,NULL
3057,7652,1466097275,1,NULL,NULL
3057,33779,1466097817,0,NULL,NULL
3058,17053,1465995244,0,NULL,NULL
3065,12767,1465734106,0,NULL,NULL
3065,23504,1465734106,1,NULL,NULL
3065,7765,1465734106,0,NULL,NULL
3065,4889,1465734106,0,NULL,NULL
3066,11838,1465722608,-1,NULL,NULL
3066,1124,1465724386,0,NULL,NULL
3069,17496,1465629681,0,NULL,NULL
3069,34192,1465565863,0,NULL,NULL
3069,13521,1465565863,0,NULL,NULL
3069,424,1465565863,0,NULL,NULL
3069,24866,1465629681,0,NULL,NULL
3069,570,1465565863,0,NULL,NULL
3069,32628,1465629681,0,NULL,NULL
3069,5467,1465565863,0,NULL,NULL
3069,20550,1465565863,0,NULL,NULL
3069,8576,1465631873,0,NULL,NULL
3071,6800,1465563177,0,NULL,NULL
3071,19246,1465563177,1,NULL,NULL
3071,14166,1465564623,0,NULL,NULL
3080,15242,1465309843,0,NULL,NULL
3080,13551,1465309843,0,NULL,NULL
3080,8521,1465309843,0,NULL,NULL
3080,13275,1465309843,0,NULL,NULL
3080,19105,1465309843,1,NULL,NULL
3080,18213,1465309843,-1,NULL,NULL
3080,14228,1465309843,0,NULL,NULL
3080,26507,1465309843,0,NULL,NULL
3080,1632,1465309843,0,NULL,NULL
3080,6377,1465309843,0,NULL,NULL
3083,17267,1465309843,0,NULL,NULL
3083,565,1465309843,0,NULL,NULL
3083,21949,1465309843,-1,NULL,NULL
3083,11920,1465309843,0,NULL,NULL
3083,13108,1465309843,0,NULL,NULL
3083,33959,1465309843,0,NULL,NULL
3083,30163,1465309843,0,NULL,NULL
3083,19607,1465309843,0,NULL,NULL
3087,5385,1464958529,0,NULL,NULL
3089,23314,1464943494,0,NULL,NULL
3094,10058,1464787670,1,NULL,NULL
3094,14082,1464787843,1,NULL,NULL
3095,7171,1464775824,1,NULL,NULL
3095,6427,1464775824,0,NULL,NULL
3096,31187,1464687585,0,NULL,NULL
3096,13432,1464687585,1,NULL,NULL
3096,16095,1464687585,1,NULL,NULL
3096,31794,1464687585,1,NULL,NULL
3096,8710,1464687585,0,NULL,NULL
3096,14145,1464687585,0,NULL,NULL
3096,4187,1464687585,1,NULL,NULL
3097,28467,1464679047,1,NULL,NULL
3097,31111,1464679047,-1,NULL,NULL
3097,32726,1464679047,-1,NULL,NULL
3097,21579,1464679047,-1,NULL,NULL
3097,26691,1464679047,-1,NULL,NULL
3097,37319,1464679047,-1,NULL,NULL
3097,9152,1464679047,-1,NULL,NULL
3097,5652,1464679047,-1,NULL,NULL
3103,16991,1464418099,0,NULL,NULL
3103,2160,1464418099,0,NULL,NULL
3103,18411,1464418099,1,NULL,NULL
3103,33234,1464418099,1,NULL,NULL
3108,4524,1423731370,0,NULL,NULL
3108,27061,1423731370,0,NULL,NULL
3108,13795,1423731370,0,NULL,NULL
3108,5191,1423731370,0,NULL,NULL
3108,21124,1464163192,-1,NULL,NULL
3108,32992,1464163192,0,NULL,NULL
3108,6498,1464163192,1,NULL,NULL
3111,19948,1464083383,0,NULL,NULL
3111,27129,1464083383,0,NULL,NULL
3111,30342,1464083383,0,0.0,0.0
3111,11688,1464083383,0,NULL,NULL
3111,28655,1464083383,0,NULL,NULL
3111,36075,1464083383,0,NULL,NULL
3111,8744,1464083383,0,NULL,NULL
3111,31929,1464083383,0,NULL,NULL
3112,28531,1464075276,0,NULL,NULL
3112,28381,1464075276,0,NULL,NULL
3112,23266,1464075276,0,NULL,NULL
3112,18466,1464075276,0,NULL,NULL
3112,32186,1464075276,0,NULL,NULL
3112,8526,1464075276,0,-1.0,-1.0
3112,17178,1464075276,0,NULL,NULL
3112,30274,1464075276,0,0.0,0.0
3113,26038,1464073947,1,NULL,NULL
3113,9502,1464073947,1,NULL,NULL
3116,15123,1464014637,0,NULL,NULL
3118,6741,1463943550,1,NULL,NULL
3118,21475,1463943550,1,NULL,NULL
3118,26547,1463943550,-1,NULL,NULL
3118,582,1463943550,1,NULL,NULL
3121,16527,1463827036,0,NULL,NULL
3121,1720,1463827036,0,NULL,NULL
3121,9615,1463827036,0,NULL,NULL
3121,26799,1463827036,0,NULL,NULL
3121,4429,1463827036,1,NULL,NULL
3121,1291,1463827036,0,NULL,NULL
3121,2493,1463827036,0,NULL,NULL
3121,4739,1463827036,1,0.0,0.0
3121,6706,1463827036,0,NULL,NULL
3121,33551,1463827036,0,NULL,NULL
3127,9740,1463640410,1,NULL,NULL
3131,24064,1463151573,1,NULL,NULL
3131,31680,1463151573,1,NULL,NULL
3131,9237,1463151573,1,NULL,NULL
3142,8367,1462686609,1,NULL,NULL
3142,31170,1462686609,0,NULL,NULL
3145,1890,1462551443,1,NULL,NULL
3145,31362,1462551443,-1,NULL,NULL
3156,34972,1462278494,0,NULL,NULL
3156,25882,1462278494,0,NULL,NULL
3156,255,1462283194,0,NULL,NULL
3156,4209,1462283194,0,NULL,NULL
3156,26499,1462283194,0,NULL,NULL
3158,2698,1462267335,1,NULL,NULL
3158,24727,1462267335,0,NULL,NULL
3160,8892,1462266584,1,NULL,NULL
3162,22320,1462195489,1,NULL,NULL
3164,6511,1462116676,0,NULL,NULL
3164,27317,1462116676,0,NULL,NULL
3168,6385,1462001009,1,NULL,NULL
3168,8791,1462001009,0,NULL,NULL
3179,5297,1461839859,1,NULL,NULL
3180,441,1461832032,-1,NULL,NULL
3180,32961,1461832032,0,NULL,NULL
3180,28101,1461832032,0,NULL,NULL
3180,24402,1461832032,0,NULL,NULL
3181,9597,1461827354,0,NULL,NULL
3182,20138,1461827144,0,NULL,NULL
3182,16169,1461827144,-1,NULL,NULL
3184,31731,1461771088,1,NULL,NULL
3184,579,1461771088,1,NULL,NULL
3184,2051,1461771088,1,NULL,NULL
3185,22647,1461770157,-1,NULL,NULL
3185,16986,1461770157,1,NULL,NULL
3185,4001,1461770157,0,NULL,NULL
3185,17463,1461770157,0,NULL,NULL
3196,22363,1461488828,1,NULL,NULL
3196,36265,1461488828,1,NULL,NULL
3196,17451,1461490514,0,NULL,NULL
3196,13514,1461490514,1,NULL,NULL
3196,16252,1461490514,0,NULL,NULL
3196,9686,1461490514,0,NULL,NULL
3198,6276,1461487821,0,NULL,NULL
3198,4671,1461487821,1,NULL,NULL
3198,7636,1461488274,0,NULL,NULL
3199,2147,1461406481,0,NULL,NULL
3199,14860,1461406481,0,NULL,NULL
3202,12815,1461394363,1,NULL,NULL
3203,18048,1461352384,1,NULL,NULL
3205,23796,1461351535,0,NULL,NULL
3205,36651,1461351535,0,NULL,NULL
3205,12892,1461351535,0,NULL,NULL
3205,5716,1461351535,0,NULL,NULL
3211,32683,1461244720,1,NULL,NULL
3211,30979,1461244720,-1,NULL,NULL
3211,12046,1461244720,0,NULL,NULL
3211,13559,1461244720,0,NULL,NULL
3211,1601,1461244720,1,NULL,NULL
3216,13403,1460797506,1,NULL,NULL
3216,28188,1460797506,0,NULL,NULL
3217,12156,1460748758,0,NULL,NULL
3217,24320,1460748759,0,NULL,NULL
3224,11725,1460612302,0,NULL,NULL
3226,15191,1460547177,0,NULL,NULL
3228,33016,1460539210,-1,NULL,NULL
3233,12403,1460358428,0,NULL,NULL
3238,13339,1460191526,0,NULL,NULL
3238,12831,1460191526,1,NULL,NULL
3238,24217,1460191526,0,NULL,NULL
3238,8055,1460191526,0,NULL,NULL
3238,25930,1460191526,0,NULL,NULL
3238,21142,1460191526,0,NULL,NULL
3239,28100,1460186358,1,NULL,NULL
3241,9471,1460131493,0,NULL,NULL
3241,13699,1460131493,0,NULL,NULL
3241,30240,1460184079,0,NULL,NULL
3241,28160,1460184079,0,NULL,NULL
3241,1127,1460184079,0,NULL,NULL
3243,34153,1460180620,-1,NULL,NULL
3245,22984,1460120711,0,NULL,NULL
3245,14157,1460120711,0,NULL,NULL
3245,14366,1460120711,-1,NULL,NULL
3254,12026,1459934866,0,NULL,NULL
3255,15759,1459910085,1,NULL,NULL
3255,8859,1459910085,1,NULL,NULL
3255,20486,1459910085,0,NULL,NULL
3255,4473,1459931561,0,NULL,NULL
3255,31487,1459931561,0,NULL,NULL
3271,34543,1459581568,-1,NULL,NULL
3271,25143,1459581568,0,NULL,NULL
3271,27860,1459581568,0,NULL,NULL
3271,13444,1459581568,0,NULL,NULL
3271,16697,1459581568,-1,NULL,NULL
3271,27915,1459581568,-1,NULL,NULL
3271,33607,1459581568,-1,NULL,NULL
3271,26795,1459581568,-1,NULL,NULL
3273,4066,1459531600,0,NULL,NULL
3280,11021,1459359946,1,NULL,NULL
3280,11704,1459359946,0,NULL,NULL
3295,15524,1458723307,1,NULL,NULL
3295,24145,1458723307,1,NULL,NULL
3295,4922,1458723307,0,NULL,NULL
3295,12873,1458723307,-1,NULL,NULL
3295,26764,1458723307,0,NULL,NULL
3295,2195,1458723307,1,NULL,NULL
3295,7293,1458723307,0,0.0,0.0
3295,6499,1458723307,0,NULL,NULL
3295,19991,1458723307,-1,NULL,NULL
3295,15411,1458723307,0,NULL,NULL
3308,18795,1458295529,0,NULL,NULL
3308,28259,1458295529,0,NULL,NULL
3308,5557,1458295529,1,NULL,NULL
3308,20864,1458295529,0,NULL,NULL
3308,13353,1458371360,0,NULL,NULL
3308,28767,1458460913,0,NULL,NULL
3309,19555,1458228286,0,NULL,NULL
3310,28250,1458212078,0,NULL,NULL
3310,20799,1458212078,0,NULL,NULL
3310,16032,1458212078,0,NULL,NULL
3310,20911,1458212078,0,NULL,NULL
3310,20593,1458221635,0,NULL,NULL
3310,34495,1458221635,0,NULL,NULL
3310,9501,1458221635,0,NULL,NULL
3311,36459,1458212072,0,NULL,NULL
3311,8013,1458212072,0,NULL,NULL
3311,16792,1458212072,1,NULL,NULL
3311,1247,1458212072,0,NULL,NULL
3311,13763,1458212072,0,NULL,NULL
3311,22521,1458212072,0,NULL,NULL
3313,8538,1458118632,1,NULL,NULL
3319,16,1457979795,-1,NULL,NULL
3324,9668,1457701916,0,NULL,NULL
3324,21906,1457701916,1,NULL,NULL
3326,5434,1457694466,0,NULL,NULL
3326,24433,1457694466,0,NULL,NULL
3326,1965,1457694466,-1,NULL,NULL
3326,19002,1457694466,0,NULL,NULL
3326,16301,1457694466,0,NULL,NULL
3328,25750,1457626203,0,NULL,NULL
3328,14295,1457626203,1,NULL,NULL
3329,37030,1457603737,0,NULL,NULL
3329,9116,1457603737,0,NULL,NULL
3329,22266,1457603737,0,NULL,NULL
3330,35166,1457553777,0,NULL,NULL
3330,31452,1457553777,1,NULL,NULL
3330,324,1457553777,1,NULL,NULL
3330,6094,1457553777,1,NULL,NULL
3330,21722,1457592045,0,NULL,NULL
3330,21014,1457592045,0,NULL,NULL
3331,15541,1457533872,1,NULL,NULL
3331,20376,1457533872,1,NULL,NULL
3335,12047,1457455320,0,NULL,NULL
3335,16058,1457455320,0,NULL,NULL
3335,36438,1457455320,0,NULL,NULL
3336,27542,1457447971,0,NULL,NULL
3336,18794,1457447971,0,NULL,NULL
3338,23017,1457425354,0,NULL,NULL
3338,6344,1457425354,0,NULL,NULL
3338,31,1457425354,1,NULL,NULL
3340,17199,1457338796,0,NULL,NULL
3341,9245,1457265959,1,NULL,NULL
3341,19607,1457265959,1,NULL,NULL
3344,19932,1457102281,1,NULL,NULL
3348,12997,1457085334,1,NULL,NULL
3348,6911,1457085334,1,NULL,NULL
3348,24400,1457085334,1,0.0,0.0
3350,28539,1457082923,0,NULL,NULL
3350,27244,1457082923,1,NULL,NULL
3350,11100,1457082923,0,NULL,NULL
3350,18989,1457082923,0,NULL,NULL
3351,26817,1457078637,1,NULL,NULL
3351,5687,1457078637,1,NULL,NULL
3352,14343,1457077984,0,NULL,NULL
3352,4166,1457077984,0,NULL,NULL
3352,7900,1457077984,0,NULL,NULL
3353,31223,1457077984,0,NULL,NULL
3356,33785,1456763739,1,NULL,NULL
3356,8211,1456763739,0,NULL,NULL
3356,33574,1456763739,0,NULL,NULL
3356,10607,1456763739,1,NULL,NULL
3356,10282,1456763739,-1,NULL,NULL
3356,15878,1456763739,0,NULL,NULL
3356,4488,1456763739,0,NULL,NULL
3356,8390,1456763739,0,NULL,NULL
3356,21119,1456763739,-1,NULL,NULL
3356,18426,1456763739,0,NULL,NULL
3357,23022,1456730686,0,NULL,NULL
3358,28809,1456663840,1,NULL,NULL
3358,36398,1456663840,0,NULL,NULL
3358,20887,1456663840,0,NULL,NULL
3358,33574,1456663840,1,NULL,NULL
3358,15990,1456663840,1,NULL,NULL
3358,22883,1456663840,1,NULL,NULL
3358,27976,1456663840,0,NULL,NULL
3358,8347,1456663840,0,NULL,NULL
3358,27570,1456663840,1,NULL,NULL
3358,23045,1456663840,0,NULL,NULL
3359,17857,1456659801,1,NULL,NULL
3361,24182,1456586710,1,NULL,NULL
3361,16572,1456586710,0,NULL,NULL
3361,12622,1456586710,1,NULL,NULL
3361,26832,1456586710,-1,NULL,NULL
3361,9622,1456586710,-1,NULL,NULL
3361,23106,1456586710,0,NULL,NULL
3361,4615,1456586710,0,NULL,NULL
3361,16153,1456586710,0,NULL,NULL
3361,21373,1456586710,1,NULL,NULL
3363,17142,1456416872,0,NULL,NULL
3363,12017,1456416872,1,NULL,NULL
3363,8131,1456416872,1,NULL,NULL
3363,27193,1456416872,0,NULL,NULL
3363,1429,1456416872,0,NULL,NULL
3363,22337,1456416872,-1,NULL,NULL
3363,30625,1456416872,0,NULL,NULL
3363,1570,1456416872,0,NULL,NULL
3363,29536,1456416872,0,NULL,NULL
3363,11784,1456416872,1,NULL,NULL
3364,16175,1456402399,0,NULL,NULL
3364,5173,1456402399,0,NULL,NULL
3364,6557,1456402399,0,NULL,NULL
3364,6050,1456402399,1,NULL,NULL
3365,9448,1456401899,1,NULL,NULL
3365,13585,1456401899,1,NULL,NULL
3365,7201,1456401899,1,NULL,NULL
3365,1989,1456401899,1,NULL,NULL
3365,8869,1456401899,1,NULL,NULL
3365,5436,1456401899,0,NULL,NULL
3365,30891,1456401899,1,NULL,NULL
3365,6362,1456401899,0,NULL,NULL
3371,16657,1456295809,0,NULL,NULL
3371,21387,1456320648,1,NULL,NULL
3371,25024,1456320648,1,NULL,NULL
3371,7180,1456320648,0,NULL,NULL
3374,1193,1385904644,0,NULL,NULL
3374,16341,1385904644,0,NULL,NULL
3374,32449,1409904787,0,NULL,NULL
3374,13709,1385904644,0,NULL,NULL
3374,21492,1409903401,0,NULL,NULL
3374,4119,1385904644,-1,NULL,NULL
3374,16438,1456304833,1,NULL,NULL
3374,1710,1385904644,-1,NULL,NULL
3374,9669,1409903401,0,NULL,NULL
3374,2297,1409904787,0,NULL,NULL
3376,1498,1456211633,0,NULL,NULL
3376,35182,1441959768,0,0.0,0.0
3376,18261,1456211633,0,NULL,NULL
3376,8806,1456211394,0,NULL,NULL
3376,26205,1456224703,1,NULL,NULL
3376,4640,1456224703,0,NULL,NULL
3376,24096,1456211633,0,NULL,NULL
3376,24398,1456211394,0,NULL,NULL
3376,31645,1456211633,0,NULL,NULL
3376,14873,1456211394,0,NULL,NULL
3377,22639,1454360784,1,NULL,NULL
3377,6587,1454360784,0,NULL,NULL
3377,16939,1456208953,0,NULL,NULL
3377,18239,1454360784,1,NULL,NULL
3377,5654,1454360784,1,NULL,NULL
3377,19287,1454360784,-1,NULL,NULL
3377,6188,1454360784,0,NULL,NULL
3377,19239,1454360784,0,NULL,NULL
3377,2167,1454360784,0,NULL,NULL
3377,20214,1454360784,1,NULL,NULL
3380,1988,1456052964,0,NULL,NULL
3380,28589,1456052964,1,NULL,NULL
3380,16064,1456052964,1,NULL,NULL
3380,1487,1456052964,1,NULL,NULL
3381,2115,1456049903,0,NULL,NULL
3383,30730,1455981035,-1,NULL,NULL
3383,24701,1455981035,0,NULL,NULL
3384,31808,1455524843,-1,NULL,NULL
3384,9132,1455524843,0,NULL,NULL
3384,453,1455972228,0,NULL,NULL
3384,36401,1455524843,0,NULL,NULL
3384,22854,1455524843,-1,NULL,NULL
3384,13366,1455524843,0,NULL,NULL
3384,30218,1455972228,-1,NULL,NULL
3384,9398,1455524843,-1,NULL,NULL
3384,629,1455524843,0,NULL,NULL
3384,6838,1455524843,-1,NULL,NULL
3385,28581,1455967322,0,NULL,NULL
3385,4064,1455967322,0,NULL,NULL
3385,8907,1455967322,0,NULL,NULL
3385,6231,1455967322,0,NULL,NULL
3385,21992,1455967322,0,NULL,NULL
3385,14464,1455967322,0,NULL,NULL
3385,32547,1455967322,0,NULL,NULL
3385,19633,1455967322,0,NULL,NULL
3385,7412,1455967322,0,NULL,NULL
3385,12748,1455967322,0,NULL,NULL
3386,1275,1455959783,-1,NULL,NULL
3386,7558,1455959783,1,NULL,NULL
3386,26468,1455959783,1,NULL,NULL
3386,12621,1455959783,1,NULL,NULL
3387,8467,1455958677,0,NULL,NULL
3388,6672,1455907501,1,NULL,NULL
3390,13753,1455897931,1,NULL,NULL
3392,26997,1455881258,0,NULL,NULL
3392,10711,1455881258,1,NULL,NULL
3392,17583,1455881258,1,NULL,NULL
3392,1162,1455881258,0,NULL,NULL
3392,32783,1455881258,0,NULL,NULL
3392,19502,1455884812,0,NULL,NULL
3392,13428,1455881258,0,NULL,NULL
3392,1558,1455886182,1,NULL,NULL
3392,32537,1455881258,0,NULL,NULL
3392,28355,1455881258,0,NULL,NULL
3394,6285,1455871346,1,NULL,NULL
3395,8395,1455869878,1,NULL,NULL
3406,37083,1455451255,1,NULL,NULL
3412,7840,1455270672,1,NULL,NULL
3412,30276,1455270672,-1,NULL,NULL
3416,5122,1455016847,1,NULL,NULL
3417,26482,1455014108,0,NULL,NULL
3417,33527,1455014108,0,NULL,NULL
3417,22617,1455014108,1,NULL,NULL
3417,26809,1455015136,0,NULL,NULL
3417,9062,1455015136,-1,NULL,NULL
3417,5884,1455015136,0,NULL,NULL
3423,15689,1454949920,-1,NULL,NULL
3423,7030,1454949920,0,NULL,NULL
3423,20719,1454949921,0,NULL,NULL
3423,9864,1454949920,0,NULL,NULL
3423,31060,1454949920,0,NULL,NULL
3423,14889,1454949920,0,NULL,NULL
3423,32182,1454949920,0,NULL,NULL
3423,29728,1454949921,0,NULL,NULL
3423,31567,1454949920,0,NULL,NULL
3423,15945,1454949921,0,NULL,NULL
3426,8888,1454748099,0,NULL,NULL
3427,1901,1454731210,1,NULL,NULL
3427,16020,1454731210,1,NULL,NULL
3427,15514,1454731210,0,NULL,NULL
3431,35797,1454485042,0,NULL,NULL
3433,10642,1454433521,1,NULL,NULL
3433,26866,1454433521,0,NULL,NULL
3433,28435,1454433521,1,0.0,0.0
3438,26266,1454232671,0,NULL,NULL
3438,15218,1454233534,0,NULL,NULL
3438,27320,1454232671,0,NULL,NULL
3438,5811,1454233534,0,NULL,NULL
3438,6360,1454232671,0,NULL,NULL
3438,20050,1454233534,0,NULL,NULL
3438,20578,1454232671,1,NULL,NULL
3438,12946,1454232671,1,NULL,NULL
3438,35381,1454232671,1,NULL,NULL
3438,5502,1454233534,0,NULL,NULL
3439,30232,1454169976,1,NULL,NULL
3439,27337,1454169976,1,NULL,NULL
3439,23371,1454169976,-1,NULL,NULL
3439,25731,1454169976,1,0.0,NULL
3439,37224,1454169976,1,0.0,0.0
3439,27981,1454169976,1,NULL,NULL
3439,24091,1454169976,0,NULL,NULL
3439,4983,1454169976,1,NULL,NULL
3441,8851,1454143344,1,NULL,NULL
3445,20131,1453969280,1,NULL,NULL
3445,31326,1453969280,0,NULL,NULL
3445,27588,1453969280,0,NULL,NULL
3445,8806,1453969280,1,NULL,NULL
3445,16023,1453969280,-1,NULL,NULL
3445,27187,1453969280,0,NULL,NULL
3445,2095,1453969280,0,NULL,NULL
3447,26505,1453909146,0,NULL,NULL
3447,25884,1453909146,0,0.0,0.0
3447,25726,1453909146,0,NULL,NULL
3447,11702,1453909146,0,NULL,NULL
3447,13011,1453909146,0,NULL,NULL
3447,14066,1453909146,0,NULL,NULL
3447,2007,1453909146,0,NULL,NULL
3447,6611,1453909146,0,NULL,NULL
3447,11045,1453909146,0,NULL,NULL
3447,5412,1453909146,0,NULL,NULL
3449,15889,1347176465,1,NULL,NULL
3449,16816,1453829180,0,NULL,NULL
3450,31053,1453814287,1,NULL,NULL
3450,3994,1453814287,1,NULL,NULL
3450,11144,1453814287,1,NULL,NULL
3450,2039,1453814287,0,NULL,NULL
3450,33767,1453814287,1,NULL,NULL
3450,13299,1453814287,1,NULL,NULL
3451,31823,1453801000,1,NULL,NULL
3451,9896,1453801000,1,NULL,NULL
3451,22136,1453801000,1,NULL,NULL
3452,8696,1453798129,1,NULL,NULL
3452,13881,1453798129,1,NULL,NULL
3453,26842,1453735557,1,NULL,NULL
3454,18130,1453726517,1,NULL,NULL
3454,6880,1453726517,0,NULL,NULL
3454,5317,1453726517,0,NULL,NULL
3454,15228,1453726517,1,NULL,NULL
3458,30220,1453321450,1,NULL,NULL
3460,19014,1453227472,1,NULL,NULL
3460,4799,1453227472,0,NULL,NULL
3460,12432,1453227472,1,NULL,NULL
3460,10851,1453227472,0,NULL,NULL
3460,26027,1453227472,0,NULL,NULL
3460,16848,1453227472,0,NULL,NULL
3464,21199,1453078835,0,NULL,NULL
3464,13645,1453078835,0,NULL,NULL
3464,13830,1453079004,0,NULL,NULL
3466,12260,1452860447,1,NULL,NULL
3468,9738,1452854167,1,NULL,NULL
3468,22816,1452854167,1,NULL,NULL
3470,7128,1452840716,1,NULL,NULL
3470,17911,1452840716,1,NULL,NULL
3474,2877,1452598110,0,NULL,NULL
3474,35648,1452598110,1,NULL,NULL
3476,9610,1452430395,0,NULL,NULL
3476,35634,1452430395,0,NULL,NULL
3476,22112,1452430395,1,NULL,NULL
3476,19158,1452430395,-1,NULL,NULL
3478,12165,1452351081,0,NULL,NULL
3480,26860,1452103577,0,NULL,NULL
3480,34415,1452327978,0,NULL,NULL
3483,1605,1452249161,1,NULL,NULL
3484,16358,1452094918,0,NULL,NULL
3484,27500,1452094918,0,NULL,NULL
3484,25105,1452094918,1,NULL,NULL
3484,23455,1452095898,0,NULL,NULL
3484,21446,1452094918,0,NULL,NULL
3484,12704,1452094918,1,NULL,NULL
3484,4595,1452094918,1,NULL,NULL
3484,10843,1452095898,0,NULL,NULL
3484,28080,1452095898,1,NULL,NULL
3484,19796,1452095898,0,NULL,NULL
3485,22795,1451910300,0,NULL,NULL
3485,6553,1451917458,0,NULL,NULL
3485,27265,1451906534,0,NULL,NULL
3485,8000,1451925761,0,NULL,NULL
3485,18976,1451928385,0,NULL,NULL
3485,25653,1451926419,0,NULL,NULL
3485,35443,1451927048,0,NULL,NULL
3485,34197,1451927048,-1,NULL,NULL
3485,8838,1451906534,1,NULL,NULL
3485,26019,1451906534,1,0.0,0.0
3486,13207,1451983787,1,NULL,NULL
3487,14550,1451941846,0,NULL,NULL
3487,17563,1451941846,0,NULL,NULL
3487,13507,1451941846,0,NULL,NULL
3487,9438,1451941846,0,NULL,NULL
3487,26306,1451941846,0,NULL,NULL
3487,8864,1451941846,0,NULL,NULL
3489,5414,1451909786,0,-1.0,-1.0
3489,11836,1451909786,0,NULL,NULL
3489,5519,1451909786,1,NULL,NULL
3489,23733,1451909786,0,NULL,NULL
3489,5533,1451909786,0,NULL,NULL
3489,1385,1451909786,0,NULL,NULL
3489,36353,1451909786,0,NULL,NULL
3489,12202,1451909786,0,NULL,NULL
3491,28353,1451899098,0,NULL,NULL
3491,30326,1451899098,0,NULL,NULL
3491,34107,1451899098,1,NULL,NULL
3491,15546,1451899098,0,NULL,NULL
3491,14955,1451899098,1,NULL,NULL
3491,32579,1451899098,0,NULL,NULL
3491,11702,1451899098,0,NULL,NULL
3491,5878,1451899098,1,NULL,NULL
3495,32516,1451816051,0,NULL,NULL
3496,21860,1450882401,0,NULL,NULL
3496,7603,1450883199,0,NULL,NULL
3496,16503,1450871065,0,NULL,NULL
3496,2878,1450869806,-1,NULL,NULL
3496,12593,1450870914,0,NULL,NULL
3496,17016,1450870456,-1,NULL,NULL
3496,26860,1450869806,1,NULL,NULL
3496,8108,1450871065,0,NULL,NULL
3496,7612,1450881949,0,NULL,NULL
3496,8835,1451557665,0,NULL,NULL
3497,4607,1451465974,0,NULL,NULL
3497,7931,1451465974,0,NULL,NULL
3497,4314,1451465974,0,NULL,NULL
3497,27538,1451465974,0,NULL,NULL
3497,2022,1451465974,0,NULL,NULL
3497,10107,1451465974,0,NULL,NULL
3500,21234,1451308509,0,NULL,NULL
3500,28601,1451308509,0,NULL,NULL
3500,2181,1451308509,0,NULL,NULL
3507,10476,1451206218,1,NULL,NULL
3507,25070,1451206218,1,NULL,NULL
3508,33226,1348824192,1,NULL,NULL
3508,21864,1451121248,1,NULL,NULL
3514,7960,1450886155,0,NULL,NULL
3514,27089,1450886210,0,NULL,NULL
3514,9158,1450883937,0,NULL,NULL
3514,8917,1450886155,0,NULL,NULL
3514,13944,1450886155,0,NULL,NULL
3514,2078,1450886155,0,NULL,NULL
3514,35110,1450883937,0,NULL,NULL
3514,23742,1450886155,0,NULL,NULL
3514,23324,1450886155,0,NULL,NULL
3514,27624,1450886210,0,NULL,NULL
3515,518,1450785480,1,NULL,NULL
3515,2707,1450785480,1,NULL,NULL
3515,22750,1450786452,0,NULL,NULL
3515,2082,1450798349,1,NULL,NULL
3515,4226,1450798349,0,NULL,NULL
3517,13135,1450598580,0,NULL,NULL
3527,14553,1450247706,1,NULL,NULL
3527,2246,1450247706,1,NULL,NULL
3528,19671,1450197018,0,NULL,NULL
3528,2787,1450197018,0,NULL,NULL
3528,12330,1450197018,0,NULL,NULL
3528,13574,1450197018,1,NULL,NULL
3528,10290,1450197018,0,NULL,NULL
3533,1605,1450076438,1,NULL,NULL
3533,8544,1450076438,1,NULL,NULL
3533,32094,1450076825,0,0.0,0.0
3535,380,1449760969,1,NULL,NULL
3535,9906,1449760969,1,NULL,NULL
3536,2359,1449755947,1,NULL,NULL
3536,13210,1449755947,1,NULL,NULL
3536,7267,1449756944,1,NULL,NULL
3536,15594,1449756944,1,NULL,NULL
3536,10113,1449756944,0,NULL,NULL
3551,6276,1449305306,0,NULL,NULL
3551,6667,1449305306,0,NULL,NULL
3551,9765,1449305306,0,NULL,NULL
3551,15361,1449305306,0,NULL,NULL
3551,28149,1449305306,0,NULL,NULL
3551,37377,1449305306,0,NULL,NULL
3551,24731,1449305306,0,NULL,NULL
3551,27232,1449305306,0,NULL,NULL
3556,15531,1448979845,-1,NULL,NULL
3556,12232,1448983822,0,NULL,NULL
3556,22259,1448986461,0,NULL,NULL
3558,8136,1448898027,-1,NULL,NULL
3558,27289,1448898277,0,NULL,NULL
3566,26718,1448538140,0,NULL,NULL
3566,20878,1448538140,1,NULL,NULL
3568,7273,1448472165,1,NULL,NULL
3570,12439,1448458564,1,NULL,NULL
3570,13504,1448458564,1,NULL,NULL
3582,13659,1446727006,-1,NULL,NULL
3582,9710,1446727006,0,NULL,NULL
3582,11752,1447919333,-1,NULL,NULL
3582,19264,1446727006,-1,NULL,NULL
3582,30608,1447919333,0,NULL,NULL
3582,17190,1447919333,1,NULL,NULL
3582,13377,1446727006,0,NULL,NULL
3582,13035,1446727006,1,NULL,NULL
3582,31182,1446727006,1,NULL,NULL
3582,12917,1446727006,1,NULL,NULL
3585,30913,1447835508,1,NULL,NULL
3587,24493,1447693323,1,NULL,NULL
3587,8007,1447693323,1,NULL,NULL
3587,14091,1447693323,-1,NULL,NULL
3587,13277,1447693323,1,NULL,NULL
3587,34702,1447693323,1,NULL,NULL
3587,7370,1447693323,1,NULL,NULL
3593,1837,1447432502,0,NULL,NULL
3593,165,1447432502,0,NULL,NULL
3602,27843,1447248543,0,NULL,NULL
3602,30944,1447248543,1,NULL,NULL
3602,34561,1447316355,0,NULL,NULL
3603,21424,1447227332,0,NULL,NULL
3603,23203,1447227332,1,NULL,NULL
3603,17608,1447227506,1,NULL,NULL
3604,37106,1447225958,0,0.0,0.0
3604,16987,1447225958,-1,NULL,NULL
3606,6067,1447159408,0,NULL,NULL
3606,14291,1447159408,1,NULL,NULL
3612,27609,1446795265,0,NULL,NULL
3612,7318,1446795265,0,NULL,NULL
3612,1428,1446795265,0,NULL,NULL
3612,20682,1446795265,1,NULL,NULL
3616,26552,1446137548,0,NULL,NULL
3616,27797,1446137548,0,NULL,NULL
3616,8073,1446187541,0,NULL,NULL
3619,27934,1445946225,0,NULL,NULL
3619,17283,1445946225,1,NULL,NULL
3624,13661,1445857127,0,NULL,NULL
3626,17763,1445804919,0,NULL,NULL
3626,21868,1445804919,1,NULL,NULL
3626,11412,1445804919,0,NULL,NULL
3627,14483,1445767298,0,NULL,NULL
3627,1360,1445767298,1,NULL,NULL
3642,28644,1445064110,-1,NULL,NULL
3642,36826,1445064674,0,NULL,NULL
3642,32948,1445064674,0,NULL,NULL
3642,16574,1445064674,0,NULL,NULL
3644,2787,1444888816,0,NULL,NULL
3644,20860,1444888816,0,NULL,NULL
3649,17526,1425474091,1,NULL,NULL
3649,27047,1444576740,1,NULL,NULL
3653,4231,1444415216,1,NULL,NULL
3658,11044,1444203950,0,NULL,NULL
3658,20597,1444203950,1,NULL,NULL
3658,25827,1444203950,1,NULL,NULL
3671,13208,1443434133,0,NULL,NULL
3675,17144,1443424378,0,NULL,NULL
3676,31399,1443337873,0,NULL,NULL
3678,9270,1443249969,0,NULL,NULL
3678,10864,1443249969,0,NULL,NULL
3678,25106,1443249969,0,NULL,NULL
3678,712,1443250315,0,NULL,NULL
3678,20833,1443250315,0,NULL,NULL
3685,4982,1443099275,1,NULL,NULL
3685,14269,1443099275,0,NULL,NULL
3685,17276,1443099275,0,NULL,NULL
3685,10497,1443099275,0,NULL,NULL
3685,18185,1443099275,0,NULL,NULL
3686,12651,1443095813,0,NULL,NULL
3686,13859,1443095813,0,NULL,NULL
3687,22189,1442987465,0,NULL,NULL
3687,27901,1442987463,-1,NULL,NULL
3687,9470,1442992777,1,NULL,NULL
3687,14551,1442987463,0,NULL,NULL
3687,25712,1442987464,1,NULL,NULL
3687,12658,1442987465,1,NULL,NULL
3687,28611,1442987463,0,NULL,NULL
3687,28674,1442987465,0,NULL,NULL
3687,17905,1443009205,-1,NULL,NULL
3687,12265,1442999861,1,NULL,NULL
3690,17914,1442909853,0,NULL,NULL
3690,22272,1442908357,0,NULL,NULL
3690,4615,1442909853,0,NULL,NULL
3690,16273,1442909853,0,NULL,NULL
3690,21571,1442910421,0,NULL,NULL
3690,492,1442908357,0,NULL,NULL
3690,14920,1442908357,0,NULL,NULL
3690,24751,1442908357,0,NULL,NULL
3690,34217,1442909853,0,NULL,NULL
3690,7660,1442906295,-1,NULL,NULL
3692,2662,1442568699,0,NULL,NULL
3692,31797,1442568699,0,NULL,NULL
3693,4187,1442562178,0,NULL,NULL
3693,22428,1442562178,1,NULL,NULL
3694,33465,1442481481,1,NULL,NULL
3694,7462,1442559829,0,NULL,NULL
3696,4884,1442410053,1,NULL,NULL
3696,28053,1442410053,0,NULL,NULL
3697,21225,1442188751,0,NULL,NULL
3697,7521,1442188751,0,NULL,NULL
3703,37372,1442156702,1,NULL,NULL
3707,17601,1441961757,0,NULL,NULL
3715,15373,1441622550,0,NULL,NULL
3718,35487,1441464379,0,NULL,NULL
3720,28190,1441438091,1,NULL,NULL
3720,26011,1441438091,1,NULL,NULL
3720,27611,1441438091,-1,NULL,NULL
3724,29557,1440773498,1,NULL,NULL
3730,36286,1440142974,1,NULL,NULL
3730,2303,1440147183,0,NULL,NULL
3730,4096,1440147182,0,NULL,NULL
3730,15761,1440142154,1,NULL,NULL
3730,29674,1440147183,0,0.0,0.0
3730,13230,1440147183,1,NULL,NULL
3730,4669,1440147183,1,NULL,NULL
3730,34443,1440147183,0,NULL,NULL
3730,33338,1440147182,1,NULL,NULL
3730,12550,1440147182,1,NULL,NULL
3732,15506,1439967982,1,NULL,NULL
3732,24490,1439967982,0,NULL,NULL
3732,25190,1439967982,0,NULL,NULL
3738,10567,1439383033,1,NULL,NULL
3738,11772,1439383033,1,NULL,NULL
3738,18441,1439390484,-1,NULL,NULL
3740,15619,1439225552,1,NULL,NULL
3740,30113,1439224233,1,0.0,0.0
3740,27213,1439226083,0,NULL,NULL
3740,10547,1439226083,0,NULL,NULL
3740,22938,1439224233,1,NULL,NULL
3740,25693,1439226083,0,0.0,0.0
3740,596,1439224233,0,NULL,NULL
3740,26943,1439224233,-1,NULL,NULL
3740,1043,1439231328,0,NULL,NULL
3740,16833,1439226083,0,NULL,NULL
3745,15557,1439030710,0,NULL,NULL
3745,5056,1439030710,0,NULL,NULL
3745,2224,1439030710,1,NULL,NULL
3745,17803,1439030710,1,NULL,NULL
3746,23043,1438938304,0,NULL,NULL
3746,20511,1438938348,0,0.0,0.0
3746,27741,1438938347,-1,NULL,NULL
3746,13927,1438938304,0,NULL,NULL
3746,14912,1438938304,0,NULL,NULL
3746,18900,1438938304,0,NULL,NULL
3746,17429,1438938347,0,NULL,NULL
3746,8300,1438938304,0,NULL,NULL
3746,16947,1438938347,1,NULL,NULL
3746,2014,1438938304,0,NULL,NULL
3756,20084,1438782718,0,NULL,NULL
3756,34416,1438782718,0,NULL,NULL
3761,31130,1438761832,0,NULL,NULL
3761,13977,1438761832,0,NULL,NULL
3761,34434,1438761832,0,NULL,NULL
3761,6485,1438761832,0,NULL,NULL
3762,16474,1438593406,-1,NULL,NULL
3762,1760,1438593406,-1,NULL,NULL
3767,37691,1438341242,0,NULL,NULL
3768,22197,1438340821,1,NULL,NULL
3768,1458,1438340821,0,NULL,NULL
3771,24218,1438270425,0,NULL,NULL
3771,12768,1438270425,1,NULL,NULL
3772,5208,1438262571,0,NULL,NULL
3773,15175,1438175607,0,NULL,NULL
3774,5097,1438174709,1,NULL,NULL
3774,14445,1438174709,1,NULL,NULL
3777,5008,1438092570,0,NULL,NULL
3778,747,1437825578,0,NULL,NULL
3778,8814,1437910988,1,NULL,NULL
3778,5510,1437825579,1,NULL,NULL
3778,28718,1437912628,0,NULL,NULL
3778,11350,1437991475,1,NULL,NULL
3778,17520,1437825579,0,NULL,NULL
3778,8349,1437910453,0,NULL,NULL
3778,37390,1437985833,0,NULL,NULL
3778,5661,1437935595,-1,NULL,NULL
3778,8863,1437910453,1,NULL,NULL
3783,355,1438001484,1,NULL,NULL
3783,10990,1438001484,0,NULL,NULL
3784,21556,1428611719,0,NULL,NULL
3784,34026,1427515670,0,NULL,NULL
3784,8491,1438000964,1,NULL,NULL
3784,8152,1438000964,-1,NULL,NULL
3784,9130,1428611719,1,NULL,NULL
3784,2394,1427795284,0,NULL,NULL
3784,26797,1427795284,0,NULL,NULL
3784,33516,1427512329,0,NULL,NULL
3784,12699,1438000964,1,NULL,NULL
3784,23842,1438000964,1,NULL,NULL
3785,20984,1437991976,1,NULL,NULL
3785,33972,1437992419,0,NULL,NULL
3787,23166,1437910453,1,NULL,NULL
3787,33330,1437910452,1,NULL,NULL
3787,31676,1437910452,0,NULL,NULL
3787,24587,1437910452,0,NULL,NULL
3787,10442,1437910452,1,NULL,NULL
3787,650,1437910452,1,NULL,NULL
3787,27470,1437910453,0,NULL,NULL
3787,12599,1437910452,1,NULL,NULL
3787,34260,1437910452,0,NULL,NULL
3787,4122,1437910452,1,NULL,NULL
3788,29568,1437910452,-1,NULL,NULL
3788,28473,1437910452,-1,NULL,NULL
3790,10448,1437491801,1,NULL,NULL
3790,22263,1437483026,1,NULL,NULL
3790,6880,1437490787,0,NULL,NULL
3790,27793,1437480949,0,NULL,NULL
3790,12360,1437564774,0,NULL,NULL
3790,16260,1437812297,0,NULL,NULL
3790,16007,1437490787,0,NULL,NULL
3790,28429,1437551598,-1,NULL,NULL
3790,19459,1437482294,0,NULL,NULL
3790,4042,1437494786,1,NULL,NULL
3793,24275,1437740643,0,NULL,NULL
3793,6036,1437740643,1,NULL,NULL
3793,2134,1437740643,1,NULL,NULL
3793,6345,1437740643,0,NULL,NULL
3796,24422,1437680932,-1,NULL,NULL
3796,28764,1437680932,0,NULL,NULL
3796,4472,1437680932,1,NULL,NULL
3796,33255,1437680932,-1,NULL,NULL
3796,28646,1437680932,0,NULL,NULL
3796,31338,1437680932,0,NULL,NULL
3796,195,1437680932,-1,NULL,NULL
3796,9348,1437680932,0,NULL,NULL
3796,13211,1437680932,-1,NULL,NULL
3797,9085,1437678625,0,NULL,NULL
3799,28809,1437666682,1,NULL,NULL
3799,32034,1437666682,1,NULL,NULL
3802,13665,1437552603,0,NULL,NULL
3822,13337,1437130347,0,NULL,NULL
3822,7303,1437130347,0,NULL,NULL
3822,10693,1437130683,0,NULL,NULL
3822,22423,1437130683,0,-1.0,-1.0
3822,15553,1437130683,1,NULL,NULL
3826,7126,1437061982,1,NULL,NULL
3826,24561,1437061982,1,NULL,NULL
3826,5407,1437061982,0,NULL,NULL
3828,11032,1436946164,0,NULL,NULL
3831,25821,1436861550,1,NULL,NULL
3831,28612,1436861550,1,NULL,NULL
3831,16448,1436863514,0,NULL,NULL
3835,37301,1436782228,0,NULL,NULL
3838,13271,1436724975,0,NULL,NULL
3843,28491,1436627349,1,NULL,NULL
3843,31475,1436627349,0,NULL,NULL
3843,426,1436627987,0,NULL,NULL
3843,1579,1436627987,-1,NULL,NULL
3846,23814,1436608715,0,NULL,NULL
3846,6774,1436608715,0,NULL,NULL
3846,26027,1436608715,0,NULL,NULL
3846,27315,1436608715,1,NULL,NULL
3848,13189,1436596637,1,NULL,NULL
3850,11805,1436595348,0,NULL,NULL
3856,34548,1436524588,1,NULL,NULL
3856,9824,1436524588,0,NULL,NULL
3856,19951,1436526032,1,NULL,NULL
3856,6190,1436526032,0,NULL,NULL
3856,30786,1436526032,-1,NULL,NULL
3856,4216,1436526032,0,NULL,NULL
3859,22201,1402925224,0,NULL,NULL
3859,11796,1436518546,0,NULL,NULL
3859,37006,1436518546,0,NULL,NULL
3859,18795,1436518546,0,NULL,NULL
3859,21638,1436518546,0,NULL,NULL
3860,1744,1436514996,0,NULL,NULL
3860,9960,1436514996,1,NULL,NULL
3860,20322,1436514996,0,NULL,NULL
3861,1642,1436457997,1,NULL,NULL
3861,19994,1436457997,0,NULL,NULL
3861,23105,1436457997,1,NULL,NULL
3861,5871,1436457997,1,NULL,NULL
3862,23137,1436442348,0,NULL,NULL
3863,26812,1436441288,1,NULL,NULL
3863,27835,1436441288,1,NULL,NULL
3869,15708,1436430407,1,NULL,NULL
3869,8302,1436430407,-1,NULL,NULL
3869,26537,1436430407,0,NULL,NULL
3869,26230,1436430407,1,NULL,NULL
3869,10159,1436430407,1,NULL,NULL
3869,18623,1436430407,-1,NULL,NULL
3869,20357,1436430407,-1,NULL,NULL
3870,10674,1436423469,-1,NULL,NULL
3873,31500,1436272122,0,NULL,NULL
3878,24561,1435830557,1,NULL,NULL
3878,13354,1435830557,1,NULL,NULL
3883,31193,1435742564,1,NULL,NULL
3887,30221,1435655679,0,NULL,NULL
3887,14095,1435655679,0,NULL,NULL
3889,1915,1435573135,0,NULL,NULL
3889,10424,1435573135,1,-1.0,-1.0
3889,30868,1435573135,1,NULL,NULL
3897,21049,1435203212,0,NULL,NULL
3897,25818,1435203212,0,NULL,NULL
3897,26900,1435203212,1,NULL,NULL
3897,24246,1435203212,0,NULL,NULL
3897,30358,1435203212,0,NULL,NULL
3897,24933,1435203212,0,NULL,NULL
3897,22111,1435203212,0,NULL,NULL
3897,16734,1435203212,0,NULL,NULL
3897,19297,1435203212,0,NULL,NULL
3897,12137,1435203212,0,NULL,NULL
3900,13137,1435081390,0,NULL,NULL
3900,19508,1435081390,0,NULL,NULL
3900,4297,1435081390,0,NULL,NULL
3900,5478,1435081390,0,NULL,NULL
3900,33057,1435081390,0,NULL,NULL
3901,27116,1434726949,1,NULL,NULL
3901,16891,1434726949,-1,NULL,NULL
3903,17974,1434641842,0,NULL,NULL
3903,11102,1434641842,0,NULL,NULL
3903,37237,1434641842,0,NULL,NULL
3903,7262,1434641842,1,NULL,NULL
3903,16089,1434641842,1,-1.0,-1.0
3903,1651,1434641842,1,NULL,NULL
3904,6690,1434641602,1,NULL,NULL
3904,21466,1434641602,1,NULL,NULL
3904,27335,1434641602,1,NULL,NULL
3904,14441,1434641602,1,NULL,NULL
3904,30786,1434641602,-1,NULL,NULL
3904,7144,1434641602,-1,NULL,NULL
3907,36907,1434447864,1,NULL,NULL
3907,31330,1434447864,1,NULL,NULL
3907,23339,1434447864,1,NULL,NULL
3907,30867,1434447864,0,NULL,NULL
3909,21908,1434382182,0,NULL,NULL
3909,35451,1434382182,1,NULL,NULL
3909,32024,1434382181,1,NULL,NULL
3909,19348,1434382182,0,NULL,NULL
3909,27363,1434382181,1,NULL,NULL
3909,14887,1434382182,1,NULL,NULL
3909,36618,1434382181,0,NULL,NULL
3909,32204,1434382182,1,NULL,NULL
3909,26885,1434382182,0,NULL,NULL
3909,10251,1434382181,1,NULL,NULL
3910,5261,1434367041,-1,NULL,NULL
3964,28400,1431373497,0,NULL,NULL
3964,16283,1431373497,0,NULL,NULL
3964,1040,1431373497,0,NULL,NULL
3964,6746,1431373497,0,NULL,NULL
3964,17474,1431373497,0,NULL,NULL
3964,2078,1431373497,0,NULL,NULL
3964,12383,1431373497,1,NULL,NULL
3971,31028,1431194576,0,NULL,NULL
3974,28653,1431061472,0,NULL,NULL
3978,24751,1428252211,0,NULL,NULL
3978,8287,1428252211,0,NULL,NULL
4036,24933,1360658697,0,NULL,NULL
4036,8519,1360658697,0,NULL,NULL
4036,22853,1360658697,0,NULL,NULL
4036,4729,1360658697,0,NULL,NULL
4036,2584,1360658697,0,NULL,NULL
4064,6128,1428604478,0,NULL,NULL
4064,30129,1428604478,1,NULL,NULL
4065,27314,1428589360,0,NULL,NULL
4065,37683,1428589360,0,NULL,NULL
4069,37106,1428393110,0,0.0,0.0
4070,13816,1428386833,0,NULL,NULL
4070,36951,1428386833,0,NULL,NULL
4071,21867,1428352140,0,NULL,NULL
4071,30965,1428352140,1,NULL,NULL
4073,30268,1428217579,0,NULL,NULL
4073,15869,1428218070,1,NULL,NULL
4073,2571,1428218807,0,NULL,NULL
4073,9883,1428218807,1,NULL,NULL
4074,27124,1428156439,0,NULL,NULL
4075,20473,1428127804,0,NULL,NULL
4075,4594,1428127538,1,NULL,NULL
4075,28301,1428127804,0,NULL,NULL
4075,13720,1428127804,0,NULL,NULL
4075,4783,1428127804,0,NULL,NULL
4075,17317,1428127804,0,NULL,NULL
4075,4972,1428127538,0,NULL,NULL
4075,27263,1428127804,0,NULL,NULL
4075,9589,1428127804,0,NULL,NULL
4075,9355,1428127538,1,NULL,NULL
4079,20562,1428026477,-1,NULL,NULL
4081,34380,1427997813,1,NULL,NULL
4081,13660,1427997813,1,NULL,NULL
4081,27146,1427997813,0,NULL,NULL
4081,30672,1427997813,-1,NULL,NULL
4081,12766,1427997813,0,NULL,NULL
4081,25743,1427997813,0,NULL,NULL
4081,16085,1427997813,0,NULL,NULL
4081,26254,1427997813,1,NULL,NULL
4081,14224,1427997813,0,NULL,NULL
4081,18905,1427997813,0,NULL,NULL
4083,4074,1427962305,0,NULL,NULL
4085,14,1427912359,0,NULL,NULL
4085,22230,1427912359,0,NULL,NULL
4085,22093,1427917613,0,NULL,NULL
4085,22844,1427917613,0,NULL,NULL
4089,21021,1427718302,0,NULL,NULL
4089,16965,1427718302,1,NULL,NULL
4089,19917,1427718859,0,NULL,NULL
4090,12743,1427678442,1,NULL,NULL
4090,6698,1427679100,0,NULL,NULL
4093,28606,1420527877,0,NULL,NULL
4093,27545,1420365392,0,NULL,NULL
4093,23314,1425298974,-1,NULL,NULL
4093,21266,1420012703,0,NULL,NULL
4093,13479,1422623390,0,NULL,NULL
4093,7906,1415647480,1,NULL,NULL
4093,23025,1423554371,0,NULL,NULL
4093,8986,1420379851,0,NULL,NULL
4093,34666,1415799631,0,NULL,NULL
4093,5019,1421844530,1,NULL,NULL
4101,22465,1427279110,-1,NULL,NULL
4101,10857,1427279110,1,NULL,NULL
4101,9158,1427279110,0,NULL,NULL
4101,31806,1427279111,0,NULL,NULL
4108,12647,1427090212,0,NULL,NULL
4108,32865,1427090212,0,NULL,NULL
4108,28587,1427090212,0,NULL,NULL
4108,13562,1427090212,0,NULL,NULL
4108,13952,1427090212,0,NULL,NULL
4108,17954,1427090212,-1,NULL,NULL
4108,11426,1427090212,0,NULL,NULL
4108,1759,1427090212,0,NULL,NULL
4108,1765,1427090212,0,NULL,NULL
4108,35993,1427090212,0,NULL,NULL
4109,6644,1427038599,-1,NULL,NULL
4109,14289,1427038599,0,NULL,NULL
4109,1196,1427038095,-1,NULL,NULL
4109,269,1427038095,0,NULL,NULL
4109,30256,1427038095,0,NULL,NULL
4109,22007,1427038095,0,NULL,NULL
4109,8883,1427038095,-1,NULL,NULL
4109,26692,1427038599,0,NULL,NULL
4109,11952,1427038599,0,NULL,NULL
4109,15403,1427038095,-1,NULL,NULL
4114,30966,1426919904,1,NULL,NULL
4115,17195,1426883808,0,NULL,NULL
4115,5366,1426883808,0,NULL,NULL
4115,21427,1426883808,0,NULL,NULL
4115,28449,1426883808,0,NULL,NULL
4115,27950,1426883808,1,NULL,NULL
4115,17659,1426883808,1,NULL,NULL
4116,26686,1426870623,0,NULL,NULL
4118,31116,1426866191,0,NULL,NULL
4118,5822,1426866191,1,NULL,NULL
4121,25672,1423147883,1,NULL,NULL
4121,27460,1423147883,0,NULL,NULL
4121,188,1423147883,1,NULL,NULL
4121,7149,1423147884,0,NULL,NULL
4121,26227,1426708532,1,NULL,NULL
4121,6687,1426831985,0,NULL,NULL
4122,9490,1426776465,0,NULL,NULL
4122,24064,1426776465,0,NULL,NULL
4123,8649,1426768384,0,NULL,NULL
4123,10764,1426768384,1,NULL,NULL
4124,30777,1426507208,0,NULL,NULL
4124,5588,1426507208,0,NULL,NULL
4124,8953,1426507208,1,NULL,NULL
4124,14336,1426507208,0,NULL,NULL
4124,28308,1426507208,1,NULL,NULL
4124,11839,1426510074,0,NULL,NULL
4124,6981,1426663798,0,NULL,NULL
4124,28184,1426663798,0,NULL,NULL
4124,31063,1426767936,0,NULL,NULL
4125,30078,1426750198,1,NULL,NULL
4125,27062,1426750198,1,NULL,NULL
4125,30729,1426750198,0,NULL,NULL
4130,34641,1426678236,0,NULL,NULL
4130,20259,1426745398,0,NULL,NULL
4131,143,1426682870,1,NULL,NULL
4131,36584,1426682870,1,NULL,NULL
4131,35631,1426682870,1,NULL,NULL
4131,15196,1426682870,0,NULL,NULL
4133,34169,1426664134,0,NULL,NULL
4133,21076,1426664134,0,NULL,NULL
4133,13698,1426664134,1,NULL,NULL
4133,5121,1426664134,0,NULL,NULL
4133,17183,1426664134,0,NULL,NULL
4133,19756,1426664134,1,NULL,NULL
4136,8907,1426542364,-1,NULL,NULL
4136,23921,1426542364,1,NULL,NULL
4136,20978,1426575935,1,NULL,NULL
4145,26171,1426224151,0,NULL,NULL
4145,2004,1426224151,0,NULL,NULL
4145,6657,1426224151,1,NULL,NULL
4147,16891,1426088019,1,NULL,NULL
4147,31314,1426088019,1,NULL,NULL
4147,16539,1426088019,0,NULL,NULL
4147,28403,1426088019,0,NULL,NULL
4147,16819,1426088019,1,NULL,NULL
4147,6928,1426088019,1,NULL,NULL
4147,34946,1426088019,1,NULL,NULL
4153,386,1425896999,-1,NULL,NULL
4157,16567,1425895578,1,NULL,NULL
4157,7280,1425895592,1,NULL,NULL
4162,1068,1425640374,-1,NULL,NULL
4176,16602,1425389239,0,NULL,NULL
4185,8411,1425280684,1,NULL,NULL
4185,21278,1425280684,1,NULL,NULL
4187,23701,1425085644,0,NULL,NULL
4187,6327,1425274724,0,NULL,NULL
4187,26835,1425274724,0,NULL,NULL
4187,8796,1425274724,1,NULL,NULL
4187,12670,1425274744,0,NULL,NULL
4189,1624,1425198289,0,0.0,0.0
4189,24752,1425198289,1,NULL,NULL
4189,11143,1425198289,-1,NULL,NULL
4197,12032,1424941959,1,NULL,NULL
4197,17711,1424941959,0,NULL,NULL
4199,26216,1424846798,1,NULL,NULL
4199,22349,1424867619,0,NULL,NULL
4200,18758,1424846382,1,NULL,NULL
4201,11960,1424724141,0,NULL,NULL
4203,12533,1424675020,0,NULL,NULL
4203,26630,1424675020,1,NULL,NULL
4203,22270,1424675020,1,NULL,NULL
4203,4288,1424675020,1,NULL,NULL
4203,13806,1424675020,0,NULL,NULL
4203,10272,1424675020,0,NULL,NULL
4203,36034,1424675020,0,NULL,NULL
4203,30136,1424675020,0,NULL,NULL
4203,9391,1424675020,0,NULL,NULL
4203,33566,1424675020,1,NULL,NULL
4204,35592,1424618252,0,NULL,NULL
4209,15613,1424428389,1,NULL,NULL
4209,2322,1424428389,0,NULL,NULL
4209,25714,1424428389,-1,0.0,0.0
4209,12926,1424428389,0,NULL,NULL
4209,13414,1424516327,-1,NULL,NULL
4210,27591,1424271286,0,NULL,NULL
4210,14512,1424511204,0,NULL,NULL
4210,17292,1424271286,1,NULL,NULL
4210,22823,1424511204,0,NULL,NULL
4210,1673,1424511204,0,NULL,NULL
4210,10100,1424513562,0,NULL,NULL
4210,34639,1424271286,1,NULL,NULL
4210,23156,1424511204,0,NULL,NULL
4210,1991,1424511204,0,NULL,NULL
4210,32919,1424271286,1,NULL,NULL
4211,23826,1424505347,0,NULL,NULL
4211,26710,1424505347,0,NULL,NULL
4211,16319,1424505347,0,NULL,NULL
4211,4566,1424505347,0,NULL,NULL
4220,20908,1424243629,0,NULL,NULL
4220,14363,1424243629,0,NULL,NULL
4220,20124,1424243629,0,NULL,NULL
4221,32105,1424242198,0,NULL,NULL
4225,6870,1424089457,0,NULL,NULL
4225,1797,1424089457,0,NULL,NULL
4225,25662,1424085131,0,NULL,NULL
4225,16253,1424085131,0,NULL,NULL
4225,18947,1424089457,1,NULL,NULL
4225,5110,1424089457,1,NULL,NULL
4225,28252,1424085131,0,NULL,NULL
4225,37305,1424085131,0,NULL,NULL
4225,525,1424089457,1,NULL,NULL
4225,19953,1424089457,0,NULL,NULL
4231,33692,1424013602,1,NULL,NULL
4233,12471,1424002520,-1,NULL,NULL
4233,34059,1424002520,0,NULL,NULL
4236,12255,1423996335,1,NULL,NULL
4236,36886,1423996335,1,NULL,NULL
4243,9280,1423753530,1,NULL,NULL
4243,10419,1423753531,0,NULL,NULL
4245,8556,1423750790,0,NULL,NULL
4245,16358,1423750790,0,NULL,NULL
4245,9308,1423750791,0,NULL,NULL
4245,17136,1423750789,0,NULL,NULL
4245,4207,1423750790,0,NULL,NULL
4245,22809,1423750790,0,NULL,NULL
4245,8464,1423750790,0,NULL,NULL
4245,16311,1423750790,0,NULL,NULL
4245,11129,1423750791,0,NULL,NULL
4245,9891,1423750791,0,NULL,NULL
4248,4872,1423734012,1,NULL,NULL
4257,1806,1423551282,1,NULL,NULL
4257,12921,1423551282,0,NULL,NULL
4258,6308,1422589575,-1,NULL,NULL
4258,27086,1423547801,1,NULL,NULL
4258,4624,1423547801,1,NULL,NULL
4258,11954,1423547801,0,NULL,NULL
4261,17682,1423229033,1,NULL,NULL
4261,7002,1423229033,0,NULL,NULL
4264,4223,1423222473,0,NULL,NULL
4264,26719,1423222473,1,NULL,NULL
4265,10382,1423221911,1,NULL,NULL
4268,8682,1423147883,0,NULL,NULL
4268,21085,1423147883,0,NULL,NULL
4268,4012,1423147883,0,NULL,NULL
4268,9520,1423147883,0,NULL,NULL
4268,23210,1423147883,0,NULL,NULL
4268,33107,1423147883,0,NULL,NULL
4268,16404,1423147883,0,NULL,NULL
4268,28138,1418150344,1,NULL,NULL
4268,35814,1423147883,0,NULL,NULL
4268,27406,1423147883,0,NULL,NULL
4269,28084,1423123509,0,NULL,NULL
4272,9168,1422899200,1,NULL,NULL
4275,10536,1422594149,0,NULL,NULL
4275,13596,1422594149,0,NULL,NULL
4275,4543,1422594149,0,NULL,NULL
4275,12664,1422594149,0,NULL,NULL
4275,36250,1422594149,0,NULL,NULL
4275,6186,1422594149,0,NULL,NULL
4278,34194,1422531195,0,NULL,NULL
4278,2051,1422531195,0,NULL,NULL
4278,30121,1422534655,0,NULL,NULL
4278,21776,1422534655,0,NULL,NULL
4280,4547,1422437554,1,NULL,NULL
4280,10403,1422437554,0,NULL,NULL
4284,5256,1422280017,1,NULL,NULL
4284,33837,1422280017,1,NULL,NULL
4284,36777,1422280017,1,NULL,NULL
4286,2151,1422004606,0,NULL,NULL
4287,10770,1421930512,-1,NULL,NULL
4287,18439,1421930512,0,NULL,NULL
4287,10150,1421930512,0,NULL,NULL
4287,13132,1421930512,0,NULL,NULL
4290,20522,1421833902,1,NULL,NULL
4290,23741,1421833902,-1,NULL,NULL
4290,28608,1421833902,0,NULL,NULL
4290,7814,1421833902,1,NULL,NULL
4290,14337,1421833902,-1,NULL,NULL
4290,7452,1421833902,0,NULL,NULL
4290,8951,1421833902,0,NULL,NULL
4290,6874,1421833902,-1,NULL,NULL
4290,18740,1421833902,0,NULL,NULL
4290,20228,1421833902,0,NULL,NULL
4291,22309,1421788203,1,NULL,NULL
4295,27953,1421595637,0,NULL,NULL
4295,9736,1421595637,0,NULL,NULL
4295,13306,1421595637,1,NULL,NULL
4295,26719,1421595637,0,NULL,NULL
4295,35408,1421595637,1,NULL,NULL
4296,14301,1421573713,0,NULL,NULL
4296,9626,1421576863,0,NULL,NULL
4296,10064,1421561426,1,NULL,NULL
4296,32647,1421561426,0,NULL,NULL
4296,12999,1421576863,0,NULL,NULL
4296,6501,1421561426,1,NULL,NULL
4296,26443,1421570527,0,NULL,NULL
4296,26857,1421576863,0,NULL,NULL
4296,18768,1421573713,-1,NULL,NULL
4296,17720,1421561426,0,NULL,NULL
4298,5007,1421550823,1,NULL,NULL
4298,26092,1421550823,1,NULL,NULL
4299,18629,1421498072,0,NULL,NULL
4299,6567,1421498072,0,NULL,NULL
4301,22430,1421398404,0,NULL,NULL
4301,24979,1421412673,0,NULL,NULL
4301,27297,1421398404,0,NULL,NULL
4301,6266,1421398404,0,NULL,NULL
4301,26683,1421412673,0,NULL,NULL
4301,3071,1421398404,0,NULL,NULL
4301,7480,1421398404,0,NULL,NULL
4301,35446,1421398404,0,NULL,NULL
4301,30959,1421398404,0,NULL,NULL
4301,10231,1421425775,0,NULL,NULL
4303,11917,1421414324,1,NULL,NULL
4303,26657,1421414701,1,NULL,NULL
4303,26518,1421414701,0,NULL,NULL
4303,25952,1421414701,0,NULL,NULL
4303,13402,1421415619,1,NULL,NULL
4306,25877,1421297879,1,NULL,NULL
4306,26220,1421297879,0,NULL,NULL
4308,7654,1421246304,-1,NULL,NULL
4308,13002,1421246304,1,NULL,NULL
4308,15389,1421246303,0,NULL,NULL
4308,33332,1421246303,0,NULL,NULL
4308,17503,1421246302,0,NULL,NULL
4308,8343,1421246304,0,NULL,NULL
4308,16164,1421246303,0,NULL,NULL
4308,33105,1421246304,1,NULL,NULL
4308,30753,1421246302,1,NULL,NULL
4308,1340,1421246303,1,NULL,NULL
4316,21396,1421087798,1,NULL,NULL
4316,20621,1421087798,0,NULL,NULL
4318,7277,1421066713,0,NULL,NULL
4319,25117,1421060282,1,NULL,NULL
4319,520,1421065448,1,NULL,NULL
4324,5379,1420700447,0,NULL,NULL
4324,15981,1420700447,0,NULL,NULL
4324,16883,1420700447,1,NULL,NULL
4324,30858,1420701041,0,NULL,NULL
4326,6157,1420656418,0,NULL,NULL
4326,9455,1420656418,0,NULL,NULL
4326,15615,1420656418,0,0.0,0.0
4326,15996,1420656418,0,NULL,NULL
4326,28016,1420656418,0,NULL,NULL
4326,27852,1420656418,0,NULL,NULL
4331,32109,1420356927,1,NULL,NULL
4331,37528,1420356927,1,NULL,NULL
4331,34424,1420356927,1,NULL,NULL
4331,19343,1420356927,1,NULL,NULL
4331,10379,1420356927,1,NULL,NULL
4331,5899,1420423375,0,NULL,NULL
4332,11072,1420375391,1,NULL,NULL
4334,27091,1420352911,0,NULL,NULL
4336,15201,1418934477,0,NULL,NULL
4336,27994,1418934477,0,NULL,NULL
4336,17077,1419153219,-1,NULL,NULL
4336,33384,1418934477,1,NULL,NULL
4336,14232,1418934477,0,NULL,NULL
4336,28634,1419153219,0,NULL,NULL
4336,6931,1418934477,1,NULL,NULL
4336,16625,1418934477,0,NULL,NULL
4336,1680,1419153219,1,NULL,NULL
4336,10435,1418934477,0,NULL,NULL
4347,4444,1419334724,0,NULL,NULL
4347,28113,1419334724,0,NULL,NULL
4347,28154,1419334724,1,NULL,NULL
4347,10282,1419334724,-1,NULL,NULL
4347,12030,1419334724,0,NULL,NULL
4347,7444,1419334948,0,NULL,NULL
4347,27550,1419334948,0,NULL,NULL
4348,700,1419329734,1,NULL,NULL
4348,24367,1419329734,1,NULL,NULL
4352,12840,1419167239,0,NULL,NULL
4358,25863,1418883649,1,NULL,NULL
4358,24099,1418886383,0,NULL,NULL
4359,11782,1418833115,0,NULL,NULL
4359,18069,1418833115,0,NULL,NULL
4359,5702,1418833115,0,NULL,NULL
4359,28414,1418833115,0,NULL,NULL
4359,33224,1418833115,0,NULL,NULL
4359,11767,1418833115,0,NULL,NULL
4359,27198,1418833115,0,0.0,0.0
4359,30032,1418885005,0,NULL,NULL
4369,21230,1418342461,-1,NULL,NULL
4369,8786,1418342461,0,NULL,NULL
4371,14097,1418304585,0,NULL,NULL
4371,26865,1418304585,0,NULL,NULL
4372,12141,1418296722,1,NULL,NULL
4372,28651,1418296722,0,NULL,NULL
4377,139,1418118008,1,NULL,NULL
4377,22481,1418118008,0,NULL,NULL
4379,17946,1418059887,1,NULL,NULL
4379,16260,1418059887,1,NULL,NULL
4379,36352,1418059887,1,NULL,NULL
4379,2191,1418059887,1,NULL,NULL
4379,4299,1418059887,0,NULL,NULL
4379,17444,1418059887,1,NULL,NULL
4388,4118,1417637936,-1,NULL,NULL
4388,22799,1417680604,0,NULL,NULL
4388,26053,1417680604,1,NULL,NULL
4388,23827,1417680604,0,NULL,NULL
4390,3996,1417677497,0,NULL,NULL
4395,18916,1417633300,0,NULL,NULL
4395,20684,1417633300,0,NULL,NULL
4397,34043,1417631231,1,NULL,NULL
4397,13191,1417631231,1,NULL,NULL
4397,15658,1417631461,0,NULL,NULL
4398,13225,1417615177,1,NULL,NULL
4398,16708,1417615177,0,NULL,NULL
4398,7173,1417615177,1,NULL,NULL
4403,16586,1417530393,1,NULL,NULL
4403,24676,1417530393,1,NULL,NULL
4403,25968,1417530393,1,NULL,NULL
4403,5021,1417572802,0,NULL,NULL
4407,21216,1417522481,0,NULL,NULL
4407,16494,1417522481,1,NULL,NULL
4407,2402,1417522481,1,NULL,NULL
4407,1607,1417522481,1,NULL,NULL
4407,21004,1417522481,0,NULL,NULL
4407,26614,1417522481,1,NULL,NULL
4407,12463,1417530423,-1,NULL,NULL
4413,35272,1417428144,0,0.0,0.0
4422,22320,1415877369,-1,NULL,NULL
4422,34433,1417352784,0,NULL,NULL
4422,435,1417352784,0,NULL,NULL
4423,20810,1417351430,-1,NULL,NULL
4425,13218,1417301819,0,NULL,NULL
4425,27047,1417301819,0,NULL,NULL
4425,4331,1417301819,0,NULL,NULL
4425,27692,1417301819,0,NULL,NULL
4428,20615,1417170404,-1,NULL,NULL
4430,30255,1415973149,0,NULL,NULL
4430,35376,1415976457,0,NULL,NULL
4430,13038,1416998514,0,NULL,NULL
4430,6932,1416993804,0,NULL,NULL
4430,17497,1417137743,1,NULL,NULL
4430,26284,1415790446,1,NULL,NULL
4430,34682,1416813037,-1,NULL,NULL
4430,36099,1416898496,1,0.0,0.0
4430,10654,1416811925,0,NULL,NULL
4430,16234,1415973149,1,NULL,NULL
4432,12280,1417074067,0,NULL,NULL
4432,27911,1417081470,0,NULL,NULL
4434,22941,1417072577,0,NULL,NULL
4434,10358,1417072577,0,NULL,NULL
4438,24779,1416582047,1,NULL,NULL
4443,22099,1416482646,0,NULL,NULL
4450,20413,1416278368,1,NULL,NULL
4450,16032,1416278368,1,NULL,NULL
4451,21070,1416197162,1,NULL,NULL
4451,14013,1416197239,0,NULL,NULL
4451,251,1416197239,0,NULL,NULL
4451,31938,1416197162,1,NULL,NULL
4451,27541,1416197239,0,NULL,NULL
4451,1500,1416197198,0,NULL,NULL
4451,14472,1416197198,0,NULL,NULL
4451,12581,1416197239,0,NULL,NULL
4451,20983,1416197162,0,NULL,NULL
4451,31753,1416197198,0,NULL,NULL
4457,8615,1415886433,1,NULL,NULL
4457,15544,1415886433,1,NULL,NULL
4459,37430,1415777420,-1,NULL,NULL
4459,25902,1415777420,1,NULL,NULL
4459,24168,1415777420,0,NULL,NULL
4459,6467,1415777420,-1,NULL,NULL
4459,11913,1415790446,0,NULL,NULL
4460,12297,1415625101,0,NULL,NULL
4460,36000,1415788902,-1,NULL,NULL
4460,18697,1415786145,0,NULL,NULL
4460,2350,1415786145,0,NULL,NULL
4460,8367,1415788902,-1,NULL,NULL
4460,13103,1415625101,0,NULL,NULL
4460,26623,1415625101,0,NULL,NULL
4460,7933,1415625101,0,NULL,NULL
4460,21158,1415625102,0,NULL,NULL
4460,6845,1415625101,0,NULL,NULL
4462,6763,1415783678,1,NULL,NULL
4465,17046,1415711625,1,NULL,NULL
4466,27119,1415709436,-1,NULL,NULL
4466,25763,1415709436,1,NULL,NULL
4466,10841,1415709436,0,NULL,NULL
4467,33796,1415699736,0,NULL,NULL
4467,20681,1415699736,-1,NULL,NULL
4467,26725,1415699736,-1,NULL,NULL
4467,30798,1415699736,-1,NULL,NULL
4467,36584,1415709436,0,NULL,NULL
4476,9051,1415367111,-1,NULL,NULL
4478,9171,1415326825,1,NULL,NULL
4479,30356,1415068933,1,NULL,NULL
4479,15152,1415068933,1,NULL,NULL
4479,11983,1415068933,-1,NULL,NULL
4479,20724,1415069694,0,NULL,NULL
4479,23054,1415324064,0,NULL,NULL
4482,27452,1415189526,0,NULL,NULL
4482,4,1415189526,-1,NULL,NULL
4484,11842,1414381476,0,NULL,NULL
4484,15340,1415085482,0,NULL,NULL
4484,31329,1415085482,0,NULL,NULL
4487,8274,1415068933,0,NULL,NULL
4487,34629,1415068933,0,NULL,NULL
4489,20549,1415024390,0,NULL,NULL
4489,1865,1415024390,1,NULL,NULL
4489,15809,1415024390,1,NULL,NULL
4489,26056,1415024390,1,NULL,NULL
4489,20613,1415024390,0,NULL,NULL
4492,20259,1414919458,0,NULL,NULL
4492,21500,1414919458,0,NULL,NULL
4492,2131,1414919458,0,NULL,NULL
4492,23316,1414919458,0,NULL,NULL
4492,11937,1414919458,0,NULL,NULL
4492,13620,1414919458,0,NULL,NULL
4492,10897,1414919458,0,NULL,NULL
4496,27252,1414853215,1,NULL,NULL
4496,6637,1414853215,0,NULL,NULL
4500,14139,1414659868,0,NULL,NULL
4500,17767,1414659868,1,NULL,NULL
4502,4388,1414567725,0,NULL,NULL
4502,8284,1414567725,0,NULL,NULL
4503,13700,1414556849,0,NULL,NULL
4503,37080,1414556849,1,NULL,NULL
4503,1784,1414556849,0,NULL,NULL
4506,28263,1414410987,0,NULL,NULL
4506,23396,1414420856,0,0.0,0.0
4506,15204,1414410987,0,NULL,NULL
4506,10417,1414420856,0,NULL,NULL
4506,22865,1414421964,1,NULL,NULL
4506,28658,1414421964,1,NULL,NULL
4506,10700,1414420856,0,NULL,NULL
4506,4933,1414439695,0,NULL,NULL
4506,22171,1414420856,0,NULL,NULL
4506,18037,1414420856,0,NULL,NULL
4512,16676,1414186996,0,NULL,NULL
4512,201,1414186996,0,NULL,NULL
4513,15751,1414186996,0,NULL,NULL
4513,21756,1414186996,-1,NULL,NULL
4513,27060,1414186996,0,NULL,NULL
4513,3950,1414186996,1,NULL,NULL
4515,6711,1414186995,0,NULL,NULL
4515,2277,1414186995,0,NULL,NULL
4515,11790,1414186995,0,NULL,NULL
4525,20133,1413790634,1,NULL,NULL
4526,18826,1413776058,1,NULL,NULL
4526,25013,1413776058,0,NULL,NULL
4526,25857,1413776059,0,NULL,NULL
4526,9557,1413789689,0,NULL,NULL
4530,35593,1413654697,0,NULL,NULL
4533,27169,1413526258,1,NULL,NULL
4541,7683,1412953768,0,NULL,NULL
4541,13296,1412953768,0,NULL,NULL
4541,25776,1412953344,-1,NULL,NULL
4541,30276,1412953768,0,NULL,NULL
4541,22960,1412953768,0,NULL,NULL
4541,30999,1412953344,-1,NULL,NULL
4541,15232,1412953344,-1,NULL,NULL
4541,12163,1412953344,-1,NULL,NULL
4541,5905,1412953768,0,NULL,NULL
4541,23409,1412953768,1,NULL,NULL
4542,34380,1412953344,0,NULL,NULL
4542,16570,1412953344,0,NULL,NULL
4545,17473,1412840205,0,NULL,NULL
4545,11824,1412840280,0,NULL,NULL
4545,30176,1412840205,0,NULL,NULL
4545,5684,1412840205,1,NULL,NULL
4545,27576,1412840255,0,NULL,NULL
4545,13843,1412840255,1,NULL,NULL
4545,30990,1412840280,0,NULL,NULL
4545,29589,1412840255,0,NULL,NULL
4545,10989,1412840280,1,NULL,NULL
4545,30389,1412840280,0,NULL,NULL
4549,30616,1411996392,1,NULL,NULL
4556,16081,1411847187,1,NULL,NULL
4556,28164,1411847187,1,NULL,NULL
4556,4936,1411847187,0,NULL,NULL
4556,26864,1411847187,0,NULL,NULL
4557,3968,1411818953,0,NULL,NULL
4563,9638,1411631440,0,NULL,NULL
4563,18131,1411631440,1,NULL,NULL
4563,31083,1411631440,1,NULL,NULL
4563,10889,1411631440,1,NULL,NULL
4563,13437,1411631440,0,NULL,NULL
4565,16492,1411536260,0,NULL,NULL
4565,21008,1411536260,1,NULL,NULL
4569,31688,1411369571,0,NULL,NULL
4569,16077,1411369571,0,NULL,NULL
4572,23519,1411291383,0,NULL,NULL
4574,17290,1411105889,1,NULL,NULL
4574,32578,1411105889,1,NULL,NULL
4574,28664,1411105995,0,NULL,NULL
4574,13247,1411105995,0,NULL,NULL
4577,23142,1392715556,1,NULL,NULL
4577,4031,1410922136,0,NULL,NULL
4579,20810,1410870576,-1,NULL,NULL
4579,16906,1410872032,0,NULL,NULL
4582,416,1410425557,-1,NULL,NULL
4582,5052,1410425557,0,NULL,NULL
4582,21008,1410425557,1,NULL,NULL
4582,7294,1410425557,0,NULL,NULL
4582,2000,1410427150,0,NULL,NULL
4582,24383,1410795449,-1,NULL,NULL
4588,12086,1410356995,0,NULL,NULL
4588,16814,1410356995,-1,NULL,NULL
4588,36407,1410356995,0,NULL,NULL
4588,22855,1410356995,0,NULL,NULL
4588,15211,1410356995,0,NULL,NULL
4588,18005,1410356995,0,NULL,NULL
4588,20186,1410356995,0,NULL,NULL
4588,14422,1410356995,-1,NULL,NULL
4588,11407,1410356995,0,NULL,NULL
4588,9399,1410356995,0,0.0,0.0
4589,16433,1410353746,0,NULL,NULL
4594,8636,1410164713,0,NULL,NULL
4600,30143,1409685122,0,NULL,NULL
4600,4917,1409685122,1,NULL,NULL
4600,13288,1409685122,0,NULL,NULL
4600,33516,1409685122,0,NULL,NULL
4600,28082,1409685122,0,NULL,NULL
4600,28055,1409690663,-1,NULL,NULL
4600,36075,1409690663,0,NULL,NULL
4600,31571,1409773455,0,NULL,NULL
4609,12061,1409553669,0,NULL,NULL
4610,22627,1409550335,0,NULL,NULL
4612,14247,1409390406,0,NULL,NULL
4612,24171,1409390406,0,NULL,NULL
4612,11414,1409390406,0,NULL,NULL
4612,34378,1409390406,0,NULL,NULL
4615,27537,1409381522,1,NULL,NULL
4615,11933,1409381522,1,NULL,NULL
4615,36968,1409381522,1,NULL,NULL
4615,7239,1409381522,1,NULL,NULL
4615,19855,1409381522,1,NULL,NULL
4615,6752,1409381522,1,NULL,NULL
4615,15894,1409381522,-1,NULL,NULL
4615,28257,1409381522,1,NULL,NULL
4615,11765,1409381522,-1,NULL,NULL
4615,35657,1409381522,0,NULL,NULL
4616,16307,1409321088,0,NULL,NULL
4618,11823,1409304001,1,NULL,NULL
4618,27666,1409304001,1,NULL,NULL
4622,13761,1409208593,1,NULL,NULL
4623,15575,1408948256,0,NULL,NULL
4623,12341,1408949298,1,NULL,NULL
4623,15771,1408949298,1,NULL,NULL
4623,19149,1408949298,0,NULL,NULL
4623,30426,1408948256,0,NULL,NULL
4623,35296,1408949298,1,NULL,NULL
4623,25087,1409152619,1,NULL,NULL
4623,19481,1408949298,1,NULL,NULL
4623,26843,1408949298,1,NULL,NULL
4623,37390,1408949298,1,NULL,NULL
4624,37574,1409130730,0,NULL,NULL
4624,76,1409130730,0,NULL,NULL
4624,15411,1409140378,-1,NULL,NULL
4624,28027,1409140378,0,NULL,NULL
4624,1013,1409140378,1,NULL,NULL
4624,36880,1409140378,-1,NULL,NULL
4624,20723,1409140378,-1,NULL,NULL
4624,13791,1409141227,0,NULL,NULL
4626,22537,1409133250,1,NULL,NULL
4626,32156,1409135222,1,NULL,NULL
4628,6635,1409118999,1,NULL,NULL
4628,9104,1409118999,0,NULL,NULL
4628,24746,1409118999,1,NULL,NULL
4630,6504,1409093859,0,NULL,NULL
4630,3913,1409093859,0,NULL,NULL
4631,20622,1409084908,0,NULL,NULL
4633,31299,1409061488,0,NULL,NULL
4635,12875,1409061020,1,NULL,NULL
4636,18644,1409042052,1,NULL,NULL
4636,10436,1409042052,0,NULL,NULL
4637,1017,1409039805,1,NULL,NULL
4637,13209,1409039805,1,NULL,NULL
4637,13114,1409039805,1,NULL,NULL
4638,26491,1408971395,0,NULL,NULL
4638,23936,1408971395,0,NULL,NULL
4638,14334,1408971395,1,NULL,NULL
4640,23023,1408959180,0,NULL,NULL
4640,5378,1408959180,0,NULL,NULL
4640,12554,1408959180,0,NULL,NULL
4640,34701,1408959180,0,NULL,NULL
4640,27849,1408959180,0,NULL,NULL
4640,11970,1408959180,0,NULL,NULL
4640,24274,1408959180,0,NULL,NULL
4640,5177,1408959180,0,NULL,NULL
4640,30959,1408959180,0,NULL,NULL
4640,5834,1408959180,0,NULL,NULL
4641,374,1408953663,0,NULL,NULL
4641,33398,1408953663,-1,NULL,NULL
4641,11810,1408953663,1,NULL,NULL
4641,33373,1408953663,0,NULL,NULL
4641,7492,1408953663,1,NULL,NULL
4642,28601,1408935958,1,NULL,NULL
4642,1932,1408935958,1,NULL,NULL
4642,31586,1408935958,0,NULL,NULL
4642,18617,1408947832,0,NULL,NULL
4650,13785,1408664625,0,NULL,NULL
4650,19148,1408664625,0,NULL,NULL
4650,24082,1408664625,0,NULL,NULL
4650,15535,1408664625,1,NULL,NULL
4650,22775,1408664625,-1,NULL,NULL
4650,23753,1408664625,0,NULL,NULL
4650,16584,1408664625,1,NULL,NULL
4650,12512,1408664625,0,NULL,NULL
4650,13606,1408664625,0,NULL,NULL
4650,16548,1408664625,-1,NULL,NULL
4652,24639,1408586884,0,NULL,NULL
4652,28212,1408586884,1,NULL,NULL
4652,37206,1408586884,0,NULL,NULL
4652,14837,1408586884,-1,NULL,NULL
4652,29554,1408586884,1,NULL,NULL
4652,34174,1408587378,0,NULL,NULL
4652,32190,1408586884,0,NULL,NULL
4652,16670,1408586884,0,NULL,NULL
4652,4471,1408586884,-1,NULL,NULL
4652,6021,1408586884,-1,NULL,NULL
4654,9251,1408520137,0,NULL,NULL
4657,13136,1408443847,1,NULL,NULL
4657,13754,1408443847,1,NULL,NULL
4667,28213,1408259375,1,NULL,NULL
4667,28583,1408259375,0,NULL,NULL
4667,8203,1408259375,0,NULL,NULL
4667,10243,1408259375,1,NULL,NULL
4667,10740,1408259375,0,NULL,NULL
4667,31304,1408259375,0,NULL,NULL
4667,32417,1408259375,-1,NULL,NULL
4667,8761,1408259375,1,NULL,NULL
4667,9970,1408259375,1,NULL,NULL
4667,27664,1408259375,0,NULL,NULL
4670,22952,1408071482,0,NULL,NULL
4670,4389,1408071482,-1,NULL,NULL
4670,20693,1408071522,0,NULL,NULL
4670,7191,1408076848,1,NULL,NULL
4670,23324,1408076848,0,NULL,NULL
4670,445,1408076848,0,0.0,0.0
4671,12739,1408052164,0,NULL,NULL
4677,22593,1407158253,0,NULL,NULL
4677,9832,1405755528,0,NULL,NULL
4677,16073,1405755527,0,NULL,NULL
4677,8741,1405755528,1,NULL,NULL
4677,23395,1406726700,1,NULL,NULL
4677,13817,1405755527,0,NULL,NULL
4677,6417,1405755527,0,NULL,NULL
4677,26015,1405755531,1,NULL,NULL
4677,27754,1405755531,0,NULL,NULL
4677,4782,1405755532,-1,NULL,NULL
4679,17843,1407923390,-1,NULL,NULL
4679,33189,1407923390,1,NULL,NULL
4679,32447,1407923390,-1,NULL,NULL
4679,33663,1407923390,1,NULL,NULL
4679,4174,1407923390,1,NULL,NULL
4679,7452,1407923390,0,NULL,NULL
4686,10234,1407828922,1,NULL,NULL
4687,13083,1407782351,0,NULL,NULL
4688,16299,1407237639,-1,NULL,NULL
4688,21476,1407237639,0,NULL,NULL
4688,25222,1407237639,1,NULL,NULL
4688,4028,1407237639,0,NULL,NULL
4688,36899,1407237639,1,NULL,NULL
4688,27365,1407252459,0,NULL,NULL
4688,16430,1407237639,0,NULL,NULL
4688,28410,1407237639,0,NULL,NULL
4688,33449,1407317205,0,NULL,NULL
4688,6203,1407237639,0,NULL,NULL
4693,22473,1407169212,0,NULL,NULL
4696,6590,1406791258,1,NULL,NULL
4696,16766,1406791258,0,0.0,0.0
4696,31193,1406791258,1,NULL,NULL
4696,22412,1407140302,0,NULL,NULL
4696,14086,1407140302,1,NULL,NULL
4697,17644,1407137049,1,NULL,NULL
4708,35240,1406208082,0,NULL,NULL
4709,27116,1406187077,0,NULL,NULL
4709,31710,1406187077,-1,NULL,NULL
4709,17105,1406187077,1,NULL,NULL
4709,22392,1406187077,0,NULL,NULL
4709,9920,1406187077,-1,NULL,NULL
4709,27724,1406187077,1,NULL,NULL
4709,6676,1406187077,1,NULL,NULL
4709,17987,1406187077,0,NULL,NULL
4710,33015,1406162660,1,NULL,NULL
4711,8050,1406144558,-1,NULL,NULL
4714,4657,1406054182,1,NULL,NULL
4714,13317,1406054182,0,NULL,NULL
4715,7956,1406047632,0,NULL,NULL
4715,19851,1406047632,0,NULL,NULL
4715,19249,1406047632,1,NULL,NULL
4715,8040,1406047632,0,NULL,NULL
4715,4619,1406047632,1,NULL,NULL
4718,16425,1406020582,-1,NULL,NULL
4725,34106,1405842178,1,NULL,NULL
4725,21371,1405842178,1,NULL,NULL
4725,1364,1405842178,0,NULL,NULL
4726,13817,1405736273,0,NULL,NULL
4726,2169,1405736273,0,NULL,NULL
4726,32308,1405736273,1,NULL,NULL
4726,23481,1405736273,1,NULL,NULL
4726,13921,1405839285,-1,NULL,NULL
4726,21155,1405839285,1,NULL,NULL
4729,6307,1405414867,0,NULL,NULL
4729,7296,1405411766,1,NULL,NULL
4729,8368,1405424329,1,NULL,NULL
4729,12554,1405414867,0,NULL,NULL
4729,20828,1405423723,0,NULL,NULL
4729,13068,1405411766,0,NULL,NULL
4729,7788,1405414867,0,NULL,NULL
4729,34690,1405411766,0,NULL,NULL
4729,19280,1405423723,-1,NULL,NULL
4729,20858,1405414867,0,NULL,NULL
4730,6702,1405411235,-1,NULL,NULL
4730,23940,1405411235,-1,NULL,NULL
4730,25777,1405411235,0,NULL,NULL
4730,1162,1405411235,-1,NULL,NULL
4730,5498,1405411235,-1,NULL,NULL
4730,36673,1405411235,0,NULL,NULL
4730,23802,1405411235,1,NULL,NULL
4730,12932,1405411235,0,NULL,NULL
4730,13770,1405411235,0,NULL,NULL
4730,19907,1405411235,0,NULL,NULL
4733,5469,1405154514,0,NULL,NULL
4733,11334,1405154514,0,NULL,NULL
4733,16405,1405155340,1,NULL,NULL
4733,16959,1405154514,0,NULL,NULL
4733,2889,1405155340,0,NULL,NULL
4733,9734,1405155340,0,NULL,NULL
4733,14284,1405155340,1,NULL,NULL
4733,13919,1405154514,0,NULL,NULL
4733,17291,1405155340,1,NULL,NULL
4733,30214,1405154514,-1,NULL,NULL
4734,23095,1404234679,1,NULL,NULL
4734,9130,1401697171,0,NULL,NULL
4734,2220,1402065956,1,NULL,NULL
4734,7504,1401697171,-1,NULL,NULL
4734,2223,1401207966,-1,NULL,NULL
4734,16860,1401697171,-1,NULL,NULL
4734,2404,1401697171,0,NULL,NULL
4734,4335,1401697171,1,0.0,0.0
4734,26157,1401697171,0,NULL,NULL
4734,13464,1401207966,1,NULL,NULL
4736,32646,1405073171,1,NULL,NULL
4736,20310,1405073171,1,NULL,NULL
4736,9452,1405073171,0,NULL,NULL
4738,26155,1405069428,0,NULL,NULL
4738,12609,1405069428,0,NULL,NULL
4739,33642,1404889316,0,NULL,NULL
4739,34233,1404639850,0,NULL,NULL
4739,35591,1404639850,0,NULL,NULL
4739,4530,1404639850,0,NULL,NULL
4739,28718,1404889316,0,NULL,NULL
4739,4143,1404889316,0,NULL,NULL
4739,5945,1404639850,1,NULL,NULL
4739,238,1404639850,0,NULL,NULL
4739,34167,1404639850,1,NULL,NULL
4739,1671,1404889316,0,NULL,NULL
4744,8959,1404890705,0,NULL,NULL
4744,2093,1404890705,0,NULL,NULL
4744,12600,1404890705,0,NULL,NULL
4744,21809,1404890705,1,NULL,NULL
4744,9540,1404890705,1,NULL,NULL
4744,7366,1404890705,0,NULL,NULL
4744,1613,1404890705,0,NULL,NULL
4744,9687,1404890705,1,NULL,NULL
4744,6344,1404890705,0,NULL,NULL
4744,22182,1404890705,1,NULL,NULL
4749,25812,1404482904,0,NULL,NULL
4749,36344,1404482904,1,NULL,NULL
4754,16547,1404387148,0,0.0,0.0
4754,35803,1404387148,0,NULL,NULL
4754,13266,1404387148,0,NULL,NULL
4754,29828,1404387148,0,NULL,NULL
4755,13194,1404386246,-1,NULL,NULL
4755,1194,1404383133,0,NULL,NULL
4755,9517,1404386246,0,NULL,NULL
4755,37209,1404386246,0,NULL,NULL
4755,11041,1404386246,1,NULL,NULL
4755,11743,1404386246,0,NULL,NULL
4755,34101,1404386246,0,NULL,NULL
4755,17429,1404386246,1,NULL,NULL
4755,14844,1404386246,0,NULL,NULL
4755,15330,1404386246,0,0.0,0.0
4759,2650,1404358312,1,NULL,NULL
4760,7661,1404318014,0,NULL,NULL
4760,33967,1404327542,0,NULL,NULL
4760,31831,1404327542,0,NULL,NULL
4760,4921,1404318014,1,NULL,NULL
4760,14409,1404318014,0,NULL,NULL
4760,21213,1404318014,0,NULL,NULL
4760,28479,1404327542,0,NULL,NULL
4760,4983,1404327542,0,NULL,NULL
4760,23008,1404318014,0,NULL,NULL
4760,16596,1404318014,0,NULL,NULL
4765,15344,1404192132,-1,NULL,NULL
4765,16412,1404192132,0,NULL,NULL
4767,13040,1403864683,0,NULL,NULL
4767,7108,1403864683,-1,NULL,NULL
4767,20068,1403864683,1,NULL,NULL
4767,10367,1403864683,1,NULL,NULL
4767,34909,1403864683,1,NULL,NULL
4767,9388,1403864683,1,NULL,NULL
4767,21352,1403864683,1,NULL,NULL
4769,31322,1403858390,0,NULL,NULL
4769,9733,1403858390,0,NULL,NULL
4769,29629,1403858390,0,NULL,NULL
4769,443,1403858390,0,NULL,NULL
4769,4429,1403858390,-1,NULL,NULL
4769,28687,1403858390,1,NULL,NULL
4769,34464,1403858390,0,NULL,NULL
4769,16667,1403858390,0,NULL,NULL
4769,7470,1403858390,1,NULL,NULL
4769,8697,1403858390,0,NULL,NULL
4771,30991,1403811324,1,NULL,NULL
4772,23078,1403805125,-1,NULL,NULL
4772,9090,1403805125,0,NULL,NULL
4772,15850,1403805125,1,NULL,NULL
4773,14006,1403795045,0,NULL,NULL
4775,15110,1403755392,1,NULL,NULL
4775,6220,1403755392,1,NULL,NULL
4775,31293,1403764212,0,NULL,NULL
4775,30897,1403764212,0,NULL,NULL
4777,6696,1403755392,1,NULL,NULL
4777,26964,1403755392,1,NULL,NULL
4780,23481,1403698874,0,NULL,NULL
4780,13683,1403698874,0,NULL,NULL
4780,13824,1403698874,0,NULL,NULL
4780,8223,1403703876,0,NULL,NULL
4784,6181,1397115395,0,NULL,NULL
4784,20519,1397115395,0,NULL,NULL
4784,36441,1403623279,-1,NULL,NULL
4787,351,1403496357,0,NULL,NULL
4787,35079,1403496357,0,NULL,NULL
4787,25696,1403496357,0,NULL,NULL
4787,9013,1403496357,1,NULL,NULL
4787,10999,1403496357,0,NULL,NULL
4788,32226,1386773397,0,NULL,NULL
4788,35074,1386773397,0,NULL,NULL
4788,9241,1386773397,0,NULL,NULL
4788,20246,1386776691,0,NULL,NULL
4788,4331,1386776691,0,NULL,NULL
4788,27934,1403434770,0,NULL,NULL
4788,1785,1403434770,0,NULL,NULL
4788,11102,1403434770,0,NULL,NULL
4788,5182,1403434770,0,NULL,NULL
4789,11771,1403269806,1,NULL,NULL
4789,14277,1403269806,0,NULL,NULL
4791,28757,1403074575,0,NULL,NULL
4791,31737,1403074575,-1,NULL,NULL
4791,16167,1403074575,0,NULL,NULL
4791,16693,1403074575,0,NULL,NULL
4791,30940,1403074575,0,NULL,NULL
4791,31075,1403074575,1,NULL,NULL
4791,1334,1403074575,0,NULL,NULL
4791,37247,1403074773,0,NULL,NULL
4791,22981,1403074773,0,NULL,NULL
4793,34641,1403030344,-1,NULL,NULL
4797,15151,1402933689,0,NULL,NULL
4797,26785,1402933689,0,NULL,NULL
4797,510,1402933689,0,NULL,NULL
4797,21921,1402944125,0,NULL,NULL
4797,37135,1402944125,0,NULL,NULL
4797,30359,1402944125,0,NULL,NULL
4798,19321,1402926308,0,NULL,NULL
4798,13391,1402926308,0,NULL,NULL
4798,22503,1402944084,0,NULL,NULL
4798,20333,1402944084,0,NULL,NULL
4801,36309,1402913007,0,NULL,NULL
4801,4423,1402913007,0,NULL,NULL
4802,34946,1402674336,0,NULL,NULL
4802,18766,1402674336,0,NULL,NULL
4802,10372,1402674336,0,NULL,NULL
4802,2075,1402674336,0,NULL,NULL
4802,23822,1402729800,0,NULL,NULL
4802,8225,1402729800,0,NULL,NULL
4804,6187,1402640974,0,NULL,NULL
4810,9616,1402476861,1,NULL,NULL
4813,373,1402406243,0,NULL,NULL
4813,7871,1402406243,0,NULL,NULL
4814,118,1402401263,0,NULL,NULL
4814,7570,1402401263,0,NULL,NULL
4814,31846,1402402884,0,NULL,NULL
4815,24526,1402058056,0,NULL,NULL
4815,15912,1402060209,0,NULL,NULL
4815,13265,1402058056,0,NULL,NULL
4815,31296,1402060209,0,NULL,NULL
4815,2003,1402058056,0,NULL,NULL
4815,32720,1402058056,1,NULL,NULL
4815,13352,1402058056,0,NULL,NULL
4815,13836,1402060209,0,NULL,NULL
4815,10410,1402060209,1,NULL,NULL
4815,6195,1402058056,0,NULL,NULL
4821,16581,1402016105,1,NULL,NULL
4824,23319,1401852938,0,NULL,NULL
4824,407,1401852938,0,NULL,NULL
4824,30149,1401853466,0,NULL,NULL
4824,32016,1401853466,0,NULL,NULL
4826,18356,1401369911,1,NULL,NULL
4827,30675,1401353367,0,NULL,NULL
4827,28312,1401353367,0,NULL,NULL
4827,15915,1401353367,0,NULL,NULL
4827,10720,1401353368,0,NULL,NULL
4827,36450,1401353368,-1,NULL,NULL
4827,19655,1401353368,0,NULL,NULL
4827,10232,1401362835,0,NULL,NULL
4827,18115,1401362835,0,NULL,NULL
4827,29533,1401362835,0,NULL,NULL
4828,28424,1401281886,1,NULL,NULL
4828,461,1401284518,0,NULL,NULL
4828,32271,1401284518,0,NULL,NULL
4828,24942,1401281886,-1,NULL,NULL
4828,36357,1401281886,0,NULL,NULL
4828,6646,1401284518,1,NULL,NULL
4828,21581,1401284518,1,NULL,NULL
4828,16344,1401281886,-1,NULL,NULL
4828,25864,1401284518,0,NULL,NULL
4828,27889,1401281886,0,NULL,NULL
4832,13001,1401170632,0,NULL,NULL
4832,28248,1400752434,-1,NULL,NULL
4832,4856,1400752434,0,0.0,0.0
4832,16604,1400752434,-1,NULL,NULL
4832,18793,1401170632,0,NULL,NULL
4832,4980,1400752434,0,NULL,NULL
4832,12635,1400752434,-1,NULL,NULL
4832,10805,1401168645,-1,NULL,NULL
4832,10663,1400752434,0,NULL,NULL
4832,14937,1400752434,0,NULL,NULL
4833,17318,1401091627,1,NULL,NULL
4833,6193,1401105526,0,NULL,NULL
4833,18912,1401105526,0,NULL,NULL
4834,17496,1401086669,1,NULL,NULL
4834,35333,1401086669,1,NULL,NULL
4838,21397,1400728253,1,NULL,NULL
4838,5524,1400728253,0,NULL,NULL
4841,27947,1398414372,1,NULL,NULL
4841,1456,1398414372,0,NULL,NULL
4841,5375,1398414372,1,NULL,NULL
4841,16499,1398414372,1,NULL,NULL
4841,25982,1400160152,0,NULL,NULL
4841,18085,1400160152,0,NULL,NULL
4843,32176,1400031123,1,NULL,NULL
4843,27704,1400032566,1,NULL,NULL
4847,11846,1399867649,0,NULL,NULL
4854,8762,1399363024,0,NULL,NULL
4854,11764,1399363024,0,NULL,NULL
4854,21397,1399525728,0,NULL,NULL
4856,17939,1399260811,0,NULL,NULL
4856,12598,1399260811,-1,NULL,NULL
4859,21249,1398998520,0,NULL,NULL
4859,11893,1399022208,0,NULL,NULL
4860,27230,1399013346,0,NULL,NULL
4863,27302,1398782164,0,NULL,NULL
4866,10517,1398663504,0,NULL,NULL
4869,18757,1398414535,1,NULL,NULL
4880,24769,1397661071,1,NULL,NULL
4880,11935,1397661071,0,NULL,NULL
4880,8581,1397661071,0,NULL,NULL
4882,9335,1397571008,-1,NULL,NULL
4882,28091,1397571008,0,NULL,NULL
4882,23946,1397571008,0,NULL,NULL
4882,9139,1397578482,0,NULL,NULL
4890,14798,1397032918,1,NULL,NULL
4890,22541,1397032918,1,NULL,NULL
4890,8938,1397032918,0,NULL,NULL
4891,22746,1396966005,0,NULL,NULL
4891,20619,1396966005,0,NULL,NULL
4891,27273,1396966005,0,NULL,NULL
4891,8933,1396966005,1,NULL,NULL
4891,25972,1396966005,1,NULL,NULL
4891,34965,1396968377,0,NULL,NULL
4893,17924,1396514355,0,NULL,NULL
4893,19631,1396940192,0,NULL,NULL
4893,30785,1396593499,0,NULL,NULL
4893,8069,1396618585,-1,NULL,NULL
4893,9795,1396522278,1,NULL,NULL
4893,35939,1396593297,1,NULL,NULL
4893,27228,1396940192,0,NULL,NULL
4893,4049,1396514355,1,NULL,NULL
4893,20285,1396514355,0,NULL,NULL
4893,4626,1396514355,1,NULL,NULL
4894,17409,1396874555,1,NULL,NULL
4894,21433,1396874555,0,NULL,NULL
4895,5073,1396862286,0,NULL,NULL
4895,37207,1396862286,0,NULL,NULL
4895,12240,1396862286,0,NULL,NULL
4903,22757,1396235494,1,NULL,NULL
4903,14232,1396331667,1,NULL,NULL
4903,6316,1396331667,0,NULL,NULL
4903,16626,1396340523,1,NULL,NULL
4903,13806,1396340523,1,NULL,NULL
4909,26547,1395305114,1,NULL,NULL
4909,30951,1395305114,1,NULL,NULL
4909,13020,1396010575,1,NULL,NULL
4912,17650,1395757200,0,NULL,NULL
4913,11685,1395884854,0,NULL,NULL
4913,32788,1395884854,0,NULL,NULL
4924,25108,1395137210,1,NULL,NULL
4928,12379,1395051151,0,NULL,NULL
4928,27650,1395051151,1,NULL,NULL
4928,32507,1395051151,1,NULL,NULL
4928,17974,1395051151,0,NULL,NULL
4930,36610,1395006415,-1,NULL,NULL
4930,36884,1395006415,-1,NULL,NULL
4930,2167,1395006415,0,NULL,NULL
4930,16655,1395006415,-1,NULL,NULL
4930,16646,1395006415,-1,NULL,NULL
4930,15171,1395006415,0,NULL,NULL
4930,31544,1395006415,0,NULL,NULL
4930,4729,1395006415,0,NULL,NULL
4930,27813,1395006415,-1,NULL,NULL
4930,8555,1395006415,0,NULL,NULL
4932,33374,1394791263,1,NULL,NULL
4932,14046,1394791263,0,NULL,NULL
4932,8819,1394791431,0,NULL,NULL
4932,16053,1394791431,0,NULL,NULL
4939,27583,1394614602,1,NULL,NULL
4939,22971,1394614602,-1,NULL,NULL
4939,6709,1394614602,-1,NULL,NULL
4939,27579,1394614602,0,NULL,NULL
4939,36123,1394614602,0,NULL,NULL
4939,28076,1394630465,-1,NULL,NULL
4939,37136,1394630465,0,NULL,NULL
4942,27024,1394519989,1,NULL,NULL
4944,27533,1394453430,1,NULL,NULL
4944,28291,1394453430,0,NULL,NULL
4947,11947,1394210692,1,NULL,NULL
4950,26834,1394045965,1,NULL,NULL
4950,32138,1394045965,0,NULL,NULL
4956,23731,1393811435,1,NULL,NULL
4956,6779,1393811435,1,NULL,NULL
4989,28648,1392381182,1,NULL,NULL
4989,32686,1392381182,1,NULL,NULL
4989,16610,1392381182,0,NULL,NULL
4989,19779,1392381182,0,NULL,NULL
4989,4140,1392381182,0,NULL,NULL
4991,14545,1392295122,1,NULL,NULL
4991,31181,1392295122,0,NULL,NULL
4991,12693,1392295122,1,NULL,NULL
4991,379,1392295444,0,NULL,NULL
4992,16702,1392295122,1,NULL,NULL
4992,7838,1392295122,0,NULL,NULL
4992,24074,1392295122,1,NULL,NULL
4994,7505,1392043252,1,NULL,NULL
4994,5518,1392043252,1,NULL,NULL
4994,32167,1392043252,1,NULL,NULL
4994,13635,1392287194,1,NULL,NULL
4994,30333,1392287194,1,NULL,NULL
4994,19540,1392287194,1,NULL,NULL
4994,8577,1392287194,0,NULL,NULL
4994,21077,1392287720,0,NULL,NULL
4994,9896,1392287720,0,NULL,NULL
4997,5116,1392175091,0,NULL,NULL
4997,36122,1392175091,1,NULL,NULL
4997,26844,1392175091,1,NULL,NULL
4999,31462,1392038989,1,NULL,NULL
4999,12782,1392038989,0,NULL,NULL
5000,1849,1392033941,0,NULL,NULL
5005,114,1391846745,1,NULL,NULL
5008,6353,1391790298,0,NULL,NULL
5016,8576,1391594981,1,NULL,NULL
5016,9151,1391594981,1,NULL,NULL
5016,28240,1391594981,0,NULL,NULL
5020,27308,1391454837,1,NULL,NULL
5020,31208,1391454837,1,NULL,NULL
5020,14041,1391454837,1,NULL,NULL
5021,28629,1391436891,-1,NULL,NULL
5025,36374,1391185478,1,NULL,NULL
5025,13250,1391185478,-1,NULL,NULL
5028,22524,1390923863,1,NULL,NULL
5031,32186,1388841526,0,NULL,NULL
5031,31101,1388841526,1,NULL,NULL
5031,26225,1390897776,0,NULL,NULL
5031,8268,1390897776,1,NULL,NULL
5038,35260,1389960824,0,NULL,NULL
5038,16866,1389960824,0,NULL,NULL
5041,22619,1389756304,0,NULL,NULL
5041,1336,1389756304,1,NULL,NULL
5044,21699,1389582168,0,NULL,NULL
5044,35838,1389582168,-1,NULL,NULL
5047,20087,1389348786,1,NULL,NULL
5047,17099,1389348786,0,NULL,NULL
5050,5966,1389346085,0,NULL,NULL
5050,33002,1389346085,0,NULL,NULL
5050,29692,1389346085,0,NULL,NULL
5050,28325,1389346085,-1,NULL,NULL
5050,515,1389346085,0,NULL,NULL
5055,10063,1389113360,0,NULL,NULL
5055,21433,1389113360,1,NULL,NULL
5056,14068,1389086985,0,NULL,NULL
5059,26173,1388989448,0,NULL,NULL
5059,27558,1388989448,0,NULL,NULL
5059,1773,1388990221,0,NULL,NULL
5059,8152,1388990221,0,NULL,NULL
5060,7650,1388842687,0,NULL,NULL
5060,12915,1388843396,0,NULL,NULL
5064,15643,1388730778,-1,NULL,NULL
5064,10434,1388730778,0,NULL,NULL
5064,7805,1388730778,1,NULL,NULL
5064,8410,1388730778,1,NULL,NULL
5064,10656,1388730778,0,NULL,NULL
5073,4020,1387683871,0,NULL,NULL
5073,33417,1388071888,-1,NULL,NULL
5073,12733,1387941557,0,NULL,NULL
5073,31209,1387683871,0,NULL,NULL
5073,28126,1387682204,1,NULL,NULL
5073,2090,1387941557,0,NULL,NULL
5073,35457,1387682204,1,NULL,NULL
5073,8668,1388073982,1,NULL,NULL
5073,17443,1387682204,-1,NULL,NULL
5073,257,1387683871,0,NULL,NULL
5074,32043,1388070191,0,NULL,NULL
5074,24910,1388070191,1,NULL,NULL
5075,16341,1387296387,1,NULL,NULL
5075,16289,1387296387,1,NULL,NULL
5075,25831,1387296387,1,NULL,NULL
5075,33055,1387296387,0,NULL,NULL
5075,7413,1387296387,0,NULL,NULL
5075,6750,1387296387,0,NULL,NULL
5075,10072,1388050197,0,NULL,NULL
5076,22740,1387942487,1,NULL,NULL
5076,8435,1387942487,0,NULL,NULL
5076,345,1387942487,0,NULL,NULL
5076,28159,1387944649,0,NULL,NULL
5078,31031,1387681386,0,NULL,NULL
5078,2,1387681386,0,NULL,NULL
5083,5036,1387538999,1,NULL,NULL
5083,5775,1387538999,1,NULL,NULL
5083,22084,1387538999,0,NULL,NULL
5088,26442,1387346960,0,NULL,NULL
5090,9466,1387208629,-1,NULL,NULL
5093,1228,1387011911,1,NULL,NULL
5093,9102,1387011911,0,NULL,NULL
5095,26470,1386904719,0,NULL,NULL
5098,2175,1386425549,0,NULL,NULL
5098,31434,1386425549,0,NULL,NULL
5098,27029,1386850250,0,NULL,NULL
5098,28287,1386425549,0,NULL,NULL
5098,34794,1386427412,0,NULL,NULL
5098,33484,1386425549,0,NULL,NULL
5098,17785,1386425549,0,NULL,NULL
5098,20929,1386425549,-1,NULL,NULL
5098,4681,1386850250,0,NULL,NULL
5098,35055,1386425549,0,NULL,NULL
5102,35983,1386687520,0,NULL,NULL
5105,16758,1386425549,1,NULL,NULL
5106,1342,1386324121,0,NULL,NULL
5116,8672,1386017060,0,NULL,NULL
5116,33232,1386017060,1,NULL,NULL
5118,34223,1385977893,0,NULL,NULL
5118,13851,1385977893,0,NULL,NULL
5120,8690,1385732364,1,NULL,NULL
5121,10793,1385549838,0,NULL,NULL
5121,16832,1385549838,0,NULL,NULL
5121,15701,1385549838,0,NULL,NULL
5124,2548,1385575474,0,NULL,NULL
5124,4385,1385575474,-1,NULL,NULL
5124,12918,1385575474,-1,NULL,NULL
5124,12347,1385575474,0,NULL,NULL
5126,32499,1385542316,1,NULL,NULL
5126,7483,1385542316,1,NULL,NULL
5126,20414,1385542316,0,NULL,NULL
5131,18012,1385292978,1,NULL,NULL
5132,32435,1385288840,1,NULL,NULL
5132,9635,1385288840,1,NULL,NULL
5132,30794,1385288840,0,NULL,NULL
5134,23924,1385068972,1,NULL,NULL
5134,13333,1385068972,1,NULL,NULL
5134,4405,1385281293,-1,NULL,NULL
5139,33537,1385065853,0,NULL,NULL
5142,18314,1385053401,-1,NULL,NULL
5142,7005,1385053401,1,NULL,NULL
5142,17018,1385053401,1,NULL,NULL
5142,16455,1385053401,0,NULL,NULL
5142,22517,1385053794,0,NULL,NULL
5144,17052,1385029584,1,NULL,NULL
5145,7109,1384168764,1,NULL,NULL
5145,15860,1384168764,1,NULL,NULL
5145,15366,1385028123,-1,NULL,NULL
5151,28407,1384853066,0,NULL,NULL
5151,23153,1384853066,1,NULL,NULL
5151,28730,1384853066,0,NULL,NULL
5151,27491,1384866507,1,NULL,NULL
5151,8490,1384867650,-1,NULL,NULL
5151,31512,1384878085,1,NULL,NULL
5152,7413,1384874926,0,NULL,NULL
5152,25887,1384874926,0,NULL,NULL
5152,34690,1384874926,0,NULL,NULL
5152,2204,1384874926,-1,NULL,NULL
5155,15744,1384748900,1,NULL,NULL
5155,6745,1384748900,1,NULL,NULL
5155,10601,1384852527,-1,NULL,NULL
5161,27040,1384436685,0,NULL,NULL
5161,1411,1384436685,0,NULL,NULL
5161,22975,1384436685,0,NULL,NULL
5161,22587,1384436685,-1,NULL,NULL
5161,28307,1384436685,0,NULL,NULL
5161,9331,1384436685,-1,NULL,NULL
5161,13320,1384436685,0,NULL,NULL
5162,4780,1384426908,-1,NULL,NULL
5167,1118,1384252018,0,NULL,NULL
5170,36375,1384245172,0,NULL,NULL
5170,4749,1384245172,0,NULL,NULL
5172,18656,1384171109,1,NULL,NULL
5172,23708,1384181745,1,NULL,NULL
5172,1395,1384181745,1,NULL,NULL
5180,35525,1383888998,0,NULL,NULL
5180,15191,1383888998,0,NULL,NULL
5180,24844,1383888998,0,NULL,NULL
5180,5455,1383888998,-1,NULL,NULL
5180,2928,1383888998,0,NULL,NULL
5181,13997,1383637498,1,NULL,NULL
5181,12105,1383745768,0,NULL,NULL
5181,20700,1383788280,0,NULL,NULL
5182,6344,1383773139,-1,NULL,NULL
5185,15699,1383745768,0,NULL,NULL
5187,22098,1383598580,1,NULL,NULL
5187,7980,1383598580,0,NULL,NULL
5187,31539,1383598580,1,NULL,NULL
5187,2260,1383598580,1,NULL,NULL
5187,18922,1383598580,1,NULL,NULL
5187,19135,1383598580,0,NULL,NULL
5190,30049,1383251616,1,NULL,NULL
5192,18183,1382034982,1,NULL,NULL
5192,12224,1383139093,1,NULL,NULL
5192,1864,1383139093,1,NULL,NULL
5192,7768,1382034982,0,NULL,NULL
5192,20871,1383139093,-1,NULL,NULL
5192,32746,1383139093,-1,NULL,NULL
5192,5897,1383139093,-1,NULL,NULL
5192,12275,1382034982,0,NULL,NULL
5192,12633,1382034982,1,NULL,NULL
5192,23511,1383139093,0,NULL,NULL
5193,7879,1383124776,0,NULL,NULL
5193,22940,1383124776,1,NULL,NULL
5193,30887,1383124776,1,NULL,NULL
5193,24727,1383124776,0,NULL,NULL
5196,26036,1383017950,1,NULL,NULL
5196,17968,1383017950,1,NULL,NULL
5200,28069,1382960772,1,NULL,NULL
5200,13539,1382960772,1,NULL,NULL
5200,21083,1382960772,1,NULL,NULL
5200,1036,1382960772,0,NULL,NULL
5200,12327,1382960772,1,NULL,NULL
5206,28557,1382698041,0,NULL,NULL
5206,9195,1382698041,-1,NULL,NULL
5206,6760,1382698041,-1,NULL,NULL
5206,23205,1382698041,1,NULL,NULL
5207,21636,1382535707,1,NULL,NULL
5207,12563,1382675987,0,NULL,NULL
5209,22034,1382560934,0,NULL,NULL
5209,446,1382560934,0,NULL,NULL
5209,16844,1382560934,0,NULL,NULL
5209,23044,1382560934,0,NULL,NULL
5212,6782,1382363514,1,NULL,NULL
5212,8405,1382459490,0,NULL,NULL
5212,30988,1382459490,-1,NULL,NULL
5216,9907,1382354422,0,NULL,NULL
5216,1085,1382354422,0,NULL,NULL
5216,10933,1382354422,1,NULL,NULL
5216,15894,1382354422,0,NULL,NULL
5216,13575,1382354422,0,NULL,NULL
5216,20169,1382354840,1,NULL,NULL
5216,35300,1382356307,0,NULL,NULL
5218,34540,1382342443,1,NULL,NULL
5218,27491,1382342531,0,NULL,NULL
5219,28742,1382329789,0,NULL,NULL
5220,12952,1382257552,1,NULL,NULL
5220,21744,1382257552,0,NULL,NULL
5220,37571,1382257552,-1,NULL,NULL
5220,36356,1382257552,0,NULL,NULL
5222,16615,1382141421,-1,NULL,NULL
5222,4720,1382141421,0,NULL,NULL
5222,28667,1382141421,0,NULL,NULL
5222,4859,1382141421,1,NULL,NULL
5222,16445,1382141421,0,NULL,NULL
5222,15756,1382141421,0,NULL,NULL
5222,17666,1382141421,0,NULL,NULL
5222,1533,1382141421,-1,NULL,NULL
5224,453,1381989054,1,NULL,NULL
5224,27414,1381989054,1,NULL,NULL
5224,345,1382028065,1,NULL,NULL
5224,23784,1382028065,1,NULL,NULL
5228,35989,1380016411,0,NULL,NULL
5228,16304,1380016411,0,NULL,NULL
5228,25783,1380016411,0,NULL,NULL
5228,26570,1380016411,0,NULL,NULL
5228,16331,1380016411,0,NULL,NULL
5228,27846,1382001236,0,NULL,NULL
5228,31183,1382001236,1,NULL,NULL
5228,1623,1380098046,0,NULL,NULL
5228,2227,1380016411,0,NULL,NULL
5228,13546,1380016411,0,NULL,NULL
5229,17035,1381757089,1,NULL,NULL
5229,8138,1381757089,0,NULL,NULL
5230,18720,1381739733,1,NULL,NULL
5230,24561,1381739733,0,NULL,NULL
5232,27728,1381655581,0,NULL,NULL
5232,21947,1381655581,0,NULL,NULL
5235,36256,1381573042,0,NULL,NULL
5236,20087,1381571383,0,NULL,NULL
5236,6144,1381572263,0,NULL,NULL
5240,28719,1381496908,1,NULL,NULL
5240,10891,1381496908,1,NULL,NULL
5240,30896,1381496908,0,NULL,NULL
5240,23124,1381496908,1,NULL,NULL
5241,19776,1381491888,0,NULL,NULL
5242,27949,1381487561,1,NULL,NULL
5242,24419,1381487561,1,NULL,NULL
5242,12311,1381487561,1,NULL,NULL
5244,30940,1381397494,0,NULL,NULL
5245,22449,1381393310,1,NULL,NULL
5246,26727,1381264532,-1,NULL,NULL
5246,36238,1381295702,1,NULL,NULL
5246,22973,1381295702,0,NULL,NULL
5246,4706,1381375024,1,NULL,NULL
5246,20686,1381295702,1,NULL,NULL
5246,31574,1381264532,1,NULL,NULL
5246,24046,1381295702,1,NULL,NULL
5246,10289,1381375024,-1,NULL,NULL
5246,13777,1381295702,1,NULL,NULL
5246,21421,1381375024,0,NULL,NULL
5250,12464,1381289624,1,NULL,NULL
5253,6175,1381213584,0,NULL,NULL
5253,26421,1381213584,0,-1.0,-1.0
5254,1765,1381196413,0,NULL,NULL
5256,19567,1359461482,1,NULL,NULL
5256,9866,1359461482,1,NULL,NULL
5256,22951,1359461482,0,NULL,NULL
5256,19076,1381163296,0,NULL,NULL
5259,2791,1380876998,0,NULL,NULL
5260,18681,1380797616,1,NULL,NULL
5260,26200,1380797616,0,NULL,NULL
5261,14492,1380795523,1,NULL,NULL
5267,20032,1380620839,1,NULL,NULL
5271,30342,1380610173,1,NULL,NULL
5271,30178,1380610173,0,NULL,NULL
5271,20995,1380610173,1,NULL,NULL
5271,18768,1380610173,-1,NULL,NULL
5271,27882,1380610173,1,NULL,NULL
5271,5183,1380610173,1,NULL,NULL
5271,28052,1380610328,0,NULL,NULL
5271,14589,1380610328,0,NULL,NULL
5271,115,1380610328,1,NULL,NULL
5272,22477,1380583852,0,NULL,NULL
5272,36573,1380583852,0,NULL,NULL
5272,36415,1380583852,0,NULL,NULL
5272,2801,1380583852,1,NULL,NULL
5272,4501,1380583852,0,NULL,NULL
5274,7337,1380571617,0,NULL,NULL
5274,5789,1380571617,0,NULL,NULL
5274,4903,1380571617,1,NULL,NULL
5289,14087,1379693364,0,NULL,NULL
5289,21159,1379693364,1,NULL,NULL
5289,31007,1379693364,0,NULL,NULL
5289,2286,1379693364,0,NULL,NULL
5289,28295,1379693364,0,NULL,NULL
5290,21164,1379660829,0,NULL,NULL
5292,6704,1379513527,0,NULL,NULL
5313,37208,1379253900,-1,NULL,NULL
5313,2118,1379253900,0,NULL,NULL
5313,35455,1379253900,0,NULL,NULL
5313,15578,1379253900,0,NULL,NULL
5314,27696,1379233656,1,NULL,NULL
5314,9529,1379233656,1,NULL,NULL
5316,29628,1379076760,1,NULL,NULL
5316,35381,1379076760,0,NULL,NULL
5316,33242,1379076760,1,NULL,NULL
5316,1212,1379076760,0,NULL,NULL
5316,6809,1379076760,0,NULL,NULL
5316,28597,1379076760,0,NULL,NULL
5319,22336,1379060852,1,NULL,NULL
5319,604,1379060852,1,NULL,NULL
5319,422,1379060852,0,NULL,NULL
5319,33313,1379060852,0,NULL,NULL
5320,12544,1378970759,1,NULL,NULL
5320,33319,1378970759,0,NULL,NULL
5325,29830,1378826017,1,NULL,NULL
5325,19916,1378826017,0,NULL,NULL
5325,26690,1378826017,0,NULL,NULL
5336,4482,1378286521,1,NULL,NULL
5336,23296,1378286521,1,NULL,NULL
5340,28226,1378172086,0,NULL,NULL
5342,22372,1378117940,1,NULL,NULL
5346,5492,1377950282,1,NULL,NULL
5346,2371,1377950282,0,NULL,NULL
5350,4355,1370445151,0,NULL,NULL
5350,20205,1370445151,0,NULL,NULL
5350,5186,1370674679,1,NULL,NULL
5350,7839,1370445151,0,NULL,NULL
5350,4203,1370674679,0,NULL,NULL
5350,34941,1370674679,0,NULL,NULL
5350,28302,1370445151,0,NULL,NULL
5350,12744,1370445151,0,NULL,NULL
5350,21611,1377919661,0,NULL,NULL
5350,22062,1370445151,0,NULL,NULL
5352,25212,1377830732,1,NULL,NULL
5353,26704,1375358858,1,NULL,NULL
5353,19501,1377780021,1,NULL,NULL
5354,27011,1377770411,1,NULL,NULL
5354,31330,1377770411,0,NULL,NULL
5356,10287,1377699603,1,NULL,NULL
5356,6180,1377699603,1,NULL,NULL
5356,1668,1377699603,1,NULL,NULL
5356,22786,1377699603,1,NULL,NULL
5356,23753,1377699603,0,NULL,NULL
5356,28484,1377699603,0,NULL,NULL
5356,17970,1377699603,1,NULL,NULL
5356,30357,1377699603,0,NULL,NULL
5356,16164,1377699603,1,NULL,NULL
5356,16298,1377699603,0,NULL,NULL
5358,27654,1377611504,0,NULL,NULL
5358,15522,1368773368,0,NULL,NULL
5358,15673,1377611504,0,NULL,NULL
5358,24770,1377611504,0,NULL,NULL
5358,34946,1377611504,0,NULL,NULL
5358,32075,1377611504,0,NULL,NULL
5358,16765,1377611504,0,NULL,NULL
5358,26230,1377611504,0,0.0,0.0
5358,27168,1377611504,0,NULL,NULL
5358,27228,1377611504,0,NULL,NULL
5360,24883,1377540098,1,NULL,NULL
5364,59,1377520286,0,NULL,NULL
5365,8295,1377519119,1,NULL,NULL
5365,36102,1377519119,1,NULL,NULL
5365,7139,1377519119,1,NULL,NULL
5365,30682,1377519119,1,0.0,0.0
5365,31601,1377520219,1,NULL,NULL
5365,27153,1377520219,1,NULL,NULL
5365,29715,1377520219,1,NULL,NULL
5365,21234,1377520219,0,NULL,NULL
5366,33736,1377441032,0,NULL,NULL
5366,365,1377441032,0,NULL,NULL
5366,37173,1377441032,1,NULL,NULL
5371,7297,1377253979,-1,NULL,NULL
5372,26706,1377250188,0,NULL,NULL
5378,192,1377203467,1,NULL,NULL
5378,18397,1377203467,1,NULL,NULL
5382,9321,1377177654,1,NULL,NULL
5388,32826,1377153457,1,NULL,NULL
5388,13800,1377153457,1,NULL,NULL
5393,24057,1377011702,1,NULL,NULL
5393,9528,1377011702,0,NULL,NULL
5396,13768,1376653153,1,NULL,NULL
5396,13523,1376653153,1,NULL,NULL
5396,5334,1376653153,0,NULL,NULL
5396,17460,1376653153,1,NULL,NULL
5396,22012,1376653153,1,NULL,NULL
5396,26120,1376653305,0,NULL,NULL
5401,12802,1376573256,1,NULL,NULL
5411,9513,1374319131,1,NULL,NULL
5411,5109,1374421365,1,NULL,NULL
5411,14104,1374141724,0,NULL,NULL
5411,13077,1374080213,0,NULL,NULL
5411,16841,1374421365,0,NULL,NULL
5411,21431,1374498682,0,NULL,NULL
5411,19564,1374319131,1,NULL,NULL
5411,25813,1374311562,0,NULL,NULL
5411,23952,1374315003,-1,NULL,NULL
5411,10651,1374073888,-1,NULL,NULL
5420,25897,1376034290,1,NULL,NULL
5428,22542,1375865011,1,NULL,NULL
5428,13046,1375865011,0,NULL,NULL
5428,26288,1375865011,0,NULL,NULL
5428,684,1375865011,0,NULL,NULL
5434,22546,1375745777,0,NULL,NULL
5453,1396,1375000947,0,NULL,NULL
5453,15805,1375000947,-1,NULL,NULL
5453,35080,1375000947,-1,NULL,NULL
5467,27421,1374507067,0,NULL,NULL
5467,6637,1374507067,1,NULL,NULL
5470,26436,1369400905,1,NULL,NULL
5470,2277,1369400905,1,NULL,NULL
5470,26958,1369400905,1,NULL,NULL
5470,8097,1369400905,0,NULL,NULL
5470,28135,1373882225,0,NULL,NULL
5470,4935,1373882225,0,NULL,NULL
5471,11810,1374055872,1,NULL,NULL
5471,5942,1374055872,1,NULL,NULL
5481,2059,1373793347,0,NULL,NULL
5481,581,1369981919,0,NULL,NULL
5481,7333,1369981919,1,NULL,NULL
5481,31625,1371125007,0,NULL,NULL
5481,28506,1370002014,1,NULL,NULL
5481,20035,1371125007,1,NULL,NULL
5481,36326,1371125007,1,NULL,NULL
5481,36383,1370002014,0,NULL,NULL
5481,17587,1373793347,0,NULL,NULL
5481,2928,1369981919,1,NULL,NULL
5484,12057,1371720388,0,NULL,NULL
5484,26509,1371720388,0,NULL,NULL
5484,31033,1371720388,0,NULL,NULL
5484,672,1371720980,0,NULL,NULL
5486,34156,1373576444,0,NULL,NULL
5487,27002,1373558679,0,NULL,NULL
5487,20698,1373558679,1,NULL,NULL
5489,35197,1355735497,0,NULL,NULL
5489,19088,1355735497,0,NULL,NULL
5489,22276,1373527436,1,NULL,NULL
5489,11811,1373527436,1,NULL,NULL
5491,30390,1373488668,0,0.0,0.0
5494,21735,1373464118,0,NULL,NULL
5494,16045,1373465273,-1,NULL,NULL
5500,20436,1373271222,-1,NULL,NULL
5500,15876,1373271222,1,NULL,NULL
5500,35310,1373271222,0,NULL,NULL
5500,24934,1373271222,1,NULL,NULL
5500,12482,1373271222,0,NULL,NULL
5500,15227,1373271222,0,NULL,NULL
5502,27125,1373044601,-1,NULL,NULL
5502,34345,1373044601,1,NULL,NULL
5503,22625,1372905219,1,NULL,NULL
5503,16379,1372905219,1,NULL,NULL
5503,9405,1372986754,0,NULL,NULL
5503,31543,1372986754,0,NULL,NULL
5506,27151,1372757626,1,NULL,NULL
5506,2106,1372757626,0,NULL,NULL
5518,4135,1372077642,0,NULL,NULL
5518,4118,1372077642,1,NULL,NULL
5518,30296,1372077642,1,NULL,NULL
5518,12867,1372077642,0,NULL,NULL
5518,17974,1372077642,0,NULL,NULL
5520,9378,1372059986,1,NULL,NULL
5520,4422,1372059986,1,NULL,NULL
5520,31985,1372059986,0,NULL,NULL
5520,15850,1372060498,0,NULL,NULL
5521,21491,1371975565,0,NULL,NULL
5521,26505,1371975565,0,NULL,NULL
5521,16992,1371975565,1,NULL,NULL
5521,23245,1371975565,-1,NULL,NULL
5522,1224,1371973139,-1,NULL,NULL
5523,32694,1371972388,0,NULL,NULL
5523,4528,1371972388,0,NULL,NULL
5523,16764,1371972388,0,NULL,NULL
5531,24317,1370497734,0,NULL,NULL
5531,21783,1370497734,0,NULL,NULL
5531,13560,1370497734,0,NULL,NULL
5531,2219,1370497734,0,NULL,NULL
5531,20411,1370498398,0,NULL,NULL
5531,24800,1370498398,0,NULL,NULL
5531,2203,1371048352,1,NULL,NULL
5532,13834,1370739394,0,NULL,NULL
5533,32378,1370610941,-1,NULL,NULL
5534,12738,1370340825,1,NULL,NULL
5534,23137,1370340825,0,NULL,NULL
5534,13395,1370590987,0,NULL,NULL
5534,22365,1370593582,0,NULL,NULL
5534,10455,1370593582,0,NULL,NULL
5534,36002,1370593582,0,NULL,NULL
5536,16735,1370525104,0,NULL,NULL
5537,5210,1354776370,1,NULL,NULL
5537,6229,1354776370,0,NULL,NULL
5537,23229,1354776370,0,NULL,NULL
5537,27621,1355139223,1,NULL,NULL
5537,7388,1354776370,1,NULL,NULL
5537,34394,1370524573,0,NULL,NULL
5537,202,1354776370,0,NULL,NULL
5537,21216,1354776370,1,NULL,NULL
5537,9369,1355139223,0,NULL,NULL
5537,27359,1355139223,0,NULL,NULL
5539,14269,1370274533,0,NULL,NULL
5539,28509,1370274533,1,NULL,NULL
5539,34928,1370277921,1,NULL,NULL
5539,8076,1370440525,0,NULL,NULL
5539,20042,1370440525,0,NULL,NULL
5539,14215,1370440525,0,NULL,NULL
5539,31629,1370440525,0,NULL,NULL
5541,24318,1370357160,-1,NULL,NULL
5541,18733,1370357160,1,NULL,NULL
5541,36216,1370357160,0,NULL,NULL
5541,27466,1370357160,0,NULL,NULL
5544,13009,1370281702,1,NULL,NULL
5544,9261,1370281918,0,NULL,NULL
5545,25787,1370267280,-1,NULL,NULL
5545,7201,1370267280,-1,NULL,NULL
5545,8254,1370267280,0,NULL,NULL
5545,8012,1370267280,1,NULL,NULL
5545,426,1370267280,-1,NULL,NULL
5549,27828,1370188984,1,NULL,NULL
5552,27050,1370166143,0,NULL,NULL
5552,32383,1370166143,0,NULL,NULL
5552,19339,1370166143,0,NULL,NULL
5553,12272,1370010949,0,NULL,NULL
5560,33638,1369656487,0,NULL,NULL
5560,4889,1369656487,0,NULL,NULL
5560,32167,1369656487,1,NULL,NULL
5560,13573,1369656487,1,NULL,NULL
5570,2735,1369387393,1,NULL,NULL
5570,7299,1369387393,1,NULL,NULL
5570,2709,1369387393,1,NULL,NULL
5572,30830,1369301477,0,NULL,NULL
5576,13113,1368800012,0,NULL,NULL
5577,10955,1368799558,0,NULL,NULL
5578,35197,1368799078,1,NULL,NULL
5585,15380,1363882314,1,NULL,NULL
5585,27865,1363882314,1,NULL,NULL
5585,32994,1368770633,1,NULL,NULL
5585,34204,1368770633,1,NULL,NULL
5588,25896,1368530416,0,NULL,NULL
5589,16328,1368522232,1,NULL,NULL
5589,21915,1368522232,0,NULL,NULL
5589,25191,1368522232,0,NULL,NULL
5594,28391,1368357854,-1,NULL,NULL
5594,24100,1368357854,-1,NULL,NULL
5594,34108,1368359599,0,NULL,NULL
5594,30829,1368359599,1,NULL,NULL
5594,12651,1368359599,0,NULL,NULL
5594,11841,1368359599,0,NULL,NULL
5594,5541,1368359599,0,NULL,NULL
5594,30081,1368359599,0,NULL,NULL
5596,7502,1368267678,0,NULL,NULL
5597,36375,1368263112,1,NULL,NULL
5597,10401,1368263112,0,NULL,NULL
5597,34140,1368263112,1,NULL,NULL
5602,11347,1368119590,0,NULL,NULL
5603,23504,1368004799,-1,NULL,NULL
5603,32214,1368004799,0,NULL,NULL
5603,8468,1368004799,1,NULL,NULL
5603,33616,1368004799,0,NULL,NULL
5603,7626,1368004799,1,NULL,NULL
5603,11854,1368005408,0,NULL,NULL
5603,14069,1368005408,0,NULL,NULL
5605,25983,1368002103,1,NULL,NULL
5607,18952,1367421215,1,NULL,NULL
5607,33342,1367421215,0,NULL,NULL
5609,22381,1367388523,1,NULL,NULL
5609,21006,1367388523,1,NULL,NULL
5612,5831,1367311394,0,NULL,NULL
5612,9576,1367311394,0,NULL,NULL
5614,1173,1367044606,1,NULL,NULL
5614,14828,1367044606,1,NULL,NULL
5615,18907,1366966780,0,NULL,NULL
5615,4235,1366966780,1,NULL,NULL
5615,15693,1366966780,0,NULL,NULL
5615,11958,1366966780,0,NULL,NULL
5615,9396,1366966780,0,NULL,NULL
5615,16855,1366966780,1,NULL,NULL
5615,2141,1366966780,-1,NULL,NULL
5620,9064,1366810445,1,NULL,NULL
5620,31077,1366810445,1,NULL,NULL
5622,1657,1366796529,1,NULL,NULL
5623,21443,1366792993,1,NULL,NULL
5623,18495,1366792993,1,NULL,NULL
5623,5241,1366792993,1,NULL,NULL
5624,9886,1366704007,0,NULL,NULL
5624,15522,1366704007,0,NULL,NULL
5624,8664,1366704138,0,0.0,0.0
5624,16958,1366704138,0,NULL,NULL
5624,18926,1366704007,0,NULL,NULL
5624,27583,1366704007,0,NULL,NULL
5624,32305,1366704138,0,NULL,NULL
5624,7329,1366704138,0,NULL,NULL
5624,9867,1366704138,0,NULL,NULL
5624,13399,1366704138,0,NULL,NULL
5625,74,1366638379,0,NULL,NULL
5625,21901,1366638379,1,NULL,NULL
5626,13268,1366356173,1,NULL,NULL
5626,32111,1366626011,-1,NULL,NULL
5627,7620,1366625954,1,NULL,NULL
5628,16221,1366625072,1,NULL,NULL
5628,11888,1366625072,1,NULL,NULL
5628,23815,1366625072,-1,NULL,NULL
5628,2293,1366625212,0,NULL,NULL
5638,32755,1365932597,0,NULL,NULL
5638,27622,1365932597,0,NULL,NULL
5638,8128,1365935431,0,NULL,NULL
5638,20252,1365935431,1,NULL,NULL
5638,31445,1366009626,1,NULL,NULL
5643,17306,1365838536,1,NULL,NULL
5644,26966,1365781613,1,NULL,NULL
5644,31309,1365781613,-1,NULL,NULL
5652,36459,1365078289,1,NULL,NULL
5652,36535,1365085659,0,NULL,NULL
5652,4453,1365088285,0,NULL,NULL
5652,14074,1365083366,-1,NULL,NULL
5652,12448,1365076802,1,NULL,NULL
5652,14575,1365088285,0,NULL,NULL
5652,27225,1365085659,1,NULL,NULL
5652,20920,1365088285,1,NULL,NULL
5652,21351,1365078289,1,NULL,NULL
5652,26652,1365085659,1,NULL,NULL
5655,19422,1364982226,-1,NULL,NULL
5655,34911,1364982226,0,NULL,NULL
5655,2218,1364982226,-1,NULL,NULL
5658,5606,1364939806,1,NULL,NULL
5658,4530,1364939806,0,NULL,NULL
5661,33480,1364755322,1,NULL,NULL
5663,11768,1364543343,0,NULL,NULL
5663,29536,1364543343,1,0.0,0.0
5667,30308,1364407149,0,NULL,NULL
5668,8920,1360946907,1,NULL,NULL
5668,28320,1360946907,1,NULL,NULL
5668,16963,1360946907,1,NULL,NULL
5668,20311,1361207849,0,NULL,NULL
5668,6326,1361207849,0,NULL,NULL
5668,52,1361966417,1,NULL,NULL
5668,14889,1364401230,0,NULL,NULL
5671,6338,1364377469,0,NULL,NULL
5671,16246,1364377469,0,NULL,NULL
5672,7392,1364362255,1,NULL,NULL
5672,18452,1364362255,-1,NULL,NULL
5674,6183,1364226778,1,NULL,NULL
5674,12540,1364226778,1,NULL,NULL
5674,27703,1364226778,1,NULL,NULL
5675,28833,1364108048,0,NULL,NULL
5676,10726,1364217812,1,NULL,NULL
5676,6165,1364217812,0,NULL,NULL
5683,15617,1363864183,0,NULL,NULL
5683,28094,1363864183,0,NULL,NULL
5690,26032,1363788578,0,NULL,NULL
5691,6975,1363772212,1,NULL,NULL
5692,18718,1356056314,1,NULL,NULL
5692,14210,1356056314,1,NULL,NULL
5692,17182,1356094721,1,NULL,NULL
5692,26691,1356094721,-1,NULL,NULL
5692,16846,1356101320,0,NULL,NULL
5692,31479,1363510495,1,NULL,NULL
5692,25039,1363750774,1,NULL,NULL
5701,7452,1363427293,1,NULL,NULL
5706,6776,1362665662,1,NULL,NULL
5706,13093,1362665662,1,NULL,NULL
5706,23813,1363181836,0,NULL,NULL
5706,11958,1363181836,1,NULL,NULL
5706,26986,1362665662,1,NULL,NULL
5706,21084,1362665662,0,NULL,NULL
5706,28403,1363181836,0,NULL,NULL
5706,2967,1362665662,0,NULL,NULL
5706,151,1362665662,0,NULL,NULL
5706,28340,1363181836,0,NULL,NULL
5710,4818,1363079187,0,NULL,NULL
5710,17869,1363079187,0,NULL,NULL
5710,1080,1363079187,0,NULL,NULL
5710,20460,1363079187,0,NULL,NULL
5710,34263,1363079187,0,NULL,NULL
5710,7474,1363079187,0,NULL,NULL
5710,32084,1363079187,0,NULL,NULL
5714,36795,1362716422,1,NULL,NULL
5714,1077,1362716422,1,NULL,NULL
5719,13309,1362637404,1,NULL,NULL
5720,22759,1362574831,-1,NULL,NULL
5720,26657,1362574831,1,NULL,NULL
5723,27378,1362470973,1,NULL,NULL
5723,8471,1362474319,0,NULL,NULL
5725,12387,1362415128,0,NULL,NULL
5726,7523,1362288391,0,NULL,NULL
5726,6970,1362288391,1,NULL,NULL
5726,18252,1362288391,0,NULL,NULL
5726,13614,1362288391,1,NULL,NULL
5726,24109,1362288391,1,NULL,NULL
5727,21428,1362131271,1,NULL,NULL
5728,32004,1362035059,0,NULL,NULL
5728,31086,1362035059,1,NULL,NULL
5730,18469,1360308431,1,NULL,NULL
5730,15514,1361959087,0,NULL,NULL
5730,20155,1361959087,-1,NULL,NULL
5730,31382,1361959087,1,NULL,NULL
5734,30800,1361543687,1,NULL,NULL
5737,9855,1361415012,0,NULL,NULL
5737,15666,1361415012,0,NULL,NULL
5737,10091,1361415012,0,NULL,NULL
5738,26631,1361302684,1,NULL,NULL
5738,17784,1361302684,1,NULL,NULL
5741,4099,1361089172,1,NULL,NULL
5741,9866,1361089172,1,NULL,NULL
5744,9080,1361003398,1,NULL,NULL
5746,19407,1360940251,0,NULL,NULL
5746,5571,1360940251,0,NULL,NULL
5746,7120,1360940251,0,NULL,NULL
5746,6127,1360940251,0,NULL,NULL
5748,7597,1360321077,1,NULL,NULL
5748,6583,1360324485,1,NULL,NULL
5748,23925,1360335319,1,NULL,NULL
5748,20602,1360840554,1,NULL,NULL
5751,36844,1360660735,1,NULL,NULL
5751,8268,1360660735,1,NULL,NULL
5761,5484,1360248626,-1,NULL,NULL
5762,21450,1360245794,1,NULL,NULL
5762,20102,1360245794,0,NULL,NULL
5762,12505,1360245794,1,NULL,NULL
5762,18322,1360245794,0,NULL,NULL
5766,26202,1360051874,0,NULL,NULL
5771,34386,1359885305,1,NULL,NULL
5771,27861,1359885305,0,NULL,NULL
5775,25988,1359811540,0,NULL,NULL
5775,17283,1359811540,0,NULL,NULL
5775,20320,1359811540,0,NULL,NULL
5775,30583,1359811540,0,NULL,NULL
5775,22696,1359811540,0,NULL,NULL
5775,11091,1359811540,0,NULL,NULL
5775,30163,1359811540,0,NULL,NULL
5775,14865,1359811540,0,NULL,NULL
5775,15547,1359811540,0,NULL,NULL
5775,17081,1359811540,0,NULL,NULL
5791,33701,1359098449,-1,NULL,NULL
5797,11120,1358784475,1,NULL,NULL
5800,1750,1358762241,0,NULL,NULL
5800,1800,1358762241,1,NULL,NULL
5800,29596,1358762241,-1,NULL,NULL
5800,5140,1358762241,1,NULL,NULL
5801,7027,1358753622,1,NULL,NULL
5801,106,1358753622,1,NULL,NULL
5801,13418,1358753622,0,NULL,NULL
5804,9409,1358594971,1,NULL,NULL
5805,31487,1358586597,-1,NULL,NULL
5805,24902,1358586675,0,NULL,NULL
5812,12764,1358474253,0,NULL,NULL
5812,8783,1358474253,1,NULL,NULL
5812,27513,1358474253,1,NULL,NULL
5812,13328,1358498734,0,NULL,NULL
5812,20360,1358498734,0,NULL,NULL
5815,24072,1358333181,-1,NULL,NULL
5815,5908,1358333181,1,NULL,NULL
5817,2173,1358269142,1,NULL,NULL
5817,26897,1358269246,0,NULL,NULL
5819,33433,1358149572,0,NULL,NULL
5821,21881,1358001172,1,NULL,NULL
5821,26007,1358001172,1,0.0,0.0
5821,20539,1358001172,1,NULL,NULL
5821,28096,1358001172,1,NULL,NULL
5824,5083,1357868171,1,NULL,NULL
5824,12741,1357892873,1,NULL,NULL
5830,33878,1357720420,0,NULL,NULL
5830,21172,1357720420,1,NULL,NULL
5830,607,1357816666,1,NULL,NULL
5830,36352,1357816666,0,NULL,NULL
5833,27612,1357638506,1,NULL,NULL
5833,4304,1357638506,0,NULL,NULL
5834,21145,1357548375,0,NULL,NULL
5834,30694,1357548375,0,NULL,NULL
5834,14176,1357548375,0,NULL,NULL
5834,29640,1357571720,0,NULL,NULL
5846,23868,1357131638,0,NULL,NULL
5846,22810,1357131638,-1,NULL,NULL
5846,28768,1357131638,0,NULL,NULL
5846,8951,1357131638,0,NULL,NULL
5846,14254,1357131638,0,NULL,NULL
5846,30682,1357131638,0,NULL,NULL
5846,9127,1357131638,0,NULL,NULL
5846,564,1357131638,0,NULL,NULL
5849,4784,1356694393,0,NULL,NULL
5849,13850,1356694393,1,NULL,NULL
5849,15721,1356616478,0,NULL,NULL
5849,30346,1356614321,1,NULL,NULL
5849,12131,1356616478,0,NULL,NULL
5849,8335,1356616478,0,NULL,NULL
5849,535,1356694393,0,NULL,NULL
5849,23760,1356695198,1,NULL,NULL
5849,35040,1356699340,0,NULL,NULL
5849,17151,1356694393,0,NULL,NULL
5851,16366,1347005541,1,NULL,NULL
5851,17457,1347005541,1,NULL,NULL
5851,35331,1347005603,1,NULL,NULL
5851,7267,1347005603,0,NULL,NULL
5851,30099,1356514957,1,NULL,NULL
5852,15336,1356420575,1,NULL,NULL
5852,9877,1356420575,1,NULL,NULL
5854,300,1356117973,1,NULL,NULL
5854,32220,1356252959,0,NULL,NULL
5859,7970,1353050613,1,NULL,NULL
5859,15795,1353050613,1,NULL,NULL
5859,26865,1353050613,0,NULL,NULL
5859,24250,1356007516,0,NULL,NULL
5860,27153,1356000482,0,NULL,NULL
5860,6692,1356000482,1,NULL,NULL
5869,27750,1355756024,0,NULL,NULL
5869,28567,1355756024,0,NULL,NULL
5869,29549,1355756529,0,NULL,NULL
5875,13627,1355571298,0,NULL,NULL
5875,17869,1355571298,1,NULL,NULL
5875,37166,1355571298,-1,NULL,NULL
5876,31187,1355489969,1,NULL,NULL
5876,20070,1355171344,0,NULL,NULL
5876,4573,1355165137,0,NULL,NULL
5876,8237,1355165137,0,NULL,NULL
5876,12671,1355216561,1,NULL,NULL
5876,23370,1355165137,0,NULL,NULL
5876,14212,1355165137,-1,NULL,NULL
5876,7271,1355165137,1,NULL,NULL
5876,9508,1355165137,0,NULL,NULL
5876,17616,1355165137,-1,NULL,NULL
5877,446,1355477368,0,0.0,NULL
5885,134,1354307196,0,NULL,NULL
5885,35573,1354307196,0,NULL,NULL
5885,30243,1354317074,0,NULL,NULL
5885,17702,1354317074,0,NULL,NULL
5885,19162,1354317074,1,NULL,NULL
5885,31323,1354373437,1,NULL,NULL
5885,4871,1354373437,0,NULL,NULL
5885,7924,1354373437,0,NULL,NULL
5885,33476,1355133463,-1,NULL,NULL
5888,37589,1354934332,1,NULL,NULL
5895,16429,1354006360,0,NULL,NULL
5896,14893,1353985958,0,NULL,NULL
5902,1776,1353783292,0,NULL,NULL
5902,17177,1353783292,1,NULL,NULL
5904,655,1353612986,0,NULL,NULL
5904,10377,1353612986,1,NULL,NULL
5904,1806,1353612986,0,NULL,NULL
5904,17178,1353612986,0,NULL,NULL
5904,15914,1353612986,0,NULL,NULL
5904,19936,1353612986,0,NULL,NULL
5905,37146,1353419676,1,NULL,NULL
5905,27612,1353587467,0,NULL,NULL
5905,8168,1353587467,-1,NULL,NULL
5905,27760,1353581950,0,NULL,NULL
5905,17171,1353419676,1,NULL,NULL
5905,27918,1353582323,0,NULL,NULL
5905,1092,1353587467,0,NULL,NULL
5905,16332,1353582323,0,NULL,NULL
5905,28826,1353587467,0,NULL,NULL
5905,12879,1353581950,1,NULL,NULL
5906,9214,1353565821,1,NULL,NULL
5909,16491,1353506042,1,NULL,NULL
5909,4470,1353510560,0,NULL,NULL
5913,27939,1353320279,1,NULL,NULL
5913,37692,1353320279,1,NULL,NULL
5921,4636,1352841234,-1,NULL,NULL
5921,18670,1352120089,-1,NULL,NULL
5921,21940,1352120089,1,NULL,NULL
5921,15730,1352120089,1,NULL,NULL
5921,23858,1352120089,1,NULL,NULL
5921,17471,1352120089,1,NULL,NULL
5921,27975,1352120089,1,NULL,NULL
5921,13168,1352120089,1,NULL,NULL
5921,8381,1352120089,1,NULL,NULL
5921,28747,1352120089,1,NULL,NULL
5923,20727,1352777264,0,NULL,NULL
5923,1876,1352777264,1,NULL,NULL
5923,6224,1352777264,0,NULL,NULL
5924,10399,1352362958,1,NULL,NULL
5924,31574,1352363787,0,NULL,NULL
5924,33009,1352466459,0,NULL,NULL
5924,30879,1352471148,0,NULL,NULL
5927,14871,1352558807,1,NULL,NULL
5929,22636,1352546588,1,NULL,NULL
5929,22585,1352546588,1,NULL,NULL
5929,6638,1352546588,1,NULL,NULL
5929,19975,1352546588,0,NULL,NULL
5941,6432,1351761992,0,NULL,NULL
5941,10702,1351761992,0,NULL,NULL
5941,28313,1351761992,0,NULL,NULL
5942,31043,1351760677,1,NULL,NULL
5942,23034,1351760677,1,NULL,NULL
5942,25094,1351760677,1,NULL,NULL
5942,2021,1351760677,0,NULL,NULL
5942,12141,1351760677,1,NULL,NULL
5942,11821,1351760677,1,NULL,NULL
5942,10090,1351760726,1,NULL,NULL
5951,19294,1351310351,0,NULL,NULL
5958,9113,1351025608,0,NULL,NULL
5958,10592,1351025608,0,NULL,NULL
5961,17083,1350971892,1,NULL,NULL
5975,13450,1350650341,1,NULL,NULL
5975,30520,1350650341,0,NULL,NULL
5976,28548,1350588612,1,NULL,NULL
5976,36990,1350588612,0,NULL,NULL
5983,30913,1350139020,1,NULL,NULL
5983,9642,1350139020,1,NULL,NULL
5983,6698,1350139020,0,NULL,NULL
5994,2350,1349439946,0,NULL,NULL
5994,22789,1349439946,1,NULL,NULL
5998,20362,1349264492,0,NULL,NULL
6001,17877,1349062379,1,NULL,NULL
6001,27696,1349062379,0,NULL,NULL
6001,20487,1349062379,0,NULL,NULL
6001,4467,1349062379,1,NULL,NULL
6008,22824,1348755346,1,NULL,NULL
6008,10476,1348757957,1,NULL,NULL
6011,8038,1348740711,-1,NULL,NULL
6011,23664,1348740711,0,NULL,NULL
6012,30995,1348706840,1,NULL,NULL
6012,1418,1348706840,0,NULL,NULL
6012,34271,1348706840,0,NULL,NULL
6012,14200,1348706840,0,NULL,NULL
6012,4344,1348706840,-1,NULL,NULL
6012,24664,1348706840,0,NULL,NULL
6012,1901,1348706840,0,NULL,NULL
6012,65,1348706840,0,NULL,NULL
6013,12098,1348584646,0,NULL,NULL
6013,35057,1348661237,0,NULL,NULL
6017,522,1348572741,0,NULL,NULL
6017,21341,1348572741,-1,NULL,NULL
6017,22531,1348572741,0,NULL,NULL
6017,13082,1348572741,0,NULL,NULL
6017,23760,1348572741,0,NULL,NULL
6017,21695,1348572741,0,NULL,NULL
6017,6981,1348572741,0,NULL,NULL
6017,20606,1348572741,0,NULL,NULL
6017,9038,1348572741,0,NULL,NULL
6017,13497,1348572741,0,NULL,NULL
6021,24856,1348477285,1,NULL,NULL
6022,7367,1348422793,1,NULL,NULL
6022,2924,1348422793,1,NULL,NULL
6025,12689,1348306627,-1,NULL,NULL
6025,27364,1348306627,1,NULL,NULL
6025,5590,1348306627,0,NULL,NULL
6029,23173,1348210540,0,NULL,NULL
6037,20529,1347949632,0,NULL,NULL
6037,12918,1347949632,0,NULL,NULL
6037,12435,1347949632,0,NULL,NULL
6038,14112,1347897118,0,NULL,NULL
6038,33562,1347897118,0,NULL,NULL
6040,16956,1347888739,0,NULL,NULL
6040,20895,1347888739,0,NULL,NULL
6043,22895,1347629337,0,NULL,NULL
6043,12610,1347629337,0,NULL,NULL
6043,15154,1347669696,-1,NULL,NULL
6046,26135,1347483667,-1,NULL,NULL
6046,22842,1347483667,0,NULL,NULL
6046,12712,1347559787,-1,NULL,NULL
6047,29559,1347546622,1,NULL,NULL
6047,17580,1347546622,1,NULL,NULL
6049,24099,1297966193,0,NULL,NULL
6049,8306,1297966193,0,NULL,NULL
6049,4043,1297975937,0,NULL,NULL
6049,8961,1297973105,0,NULL,NULL
6049,16531,1297975937,0,NULL,NULL
6049,35108,1297975937,0,NULL,NULL
6049,4315,1297966193,0,NULL,NULL
6049,5296,1297975937,0,NULL,NULL
6049,37296,1297969516,0,NULL,NULL
6049,12508,1297966193,0,NULL,NULL
6052,7720,1347388466,0,NULL,NULL
6052,6563,1347388466,0,NULL,NULL
6052,30708,1347388466,0,NULL,NULL
6052,30682,1347388466,0,NULL,NULL
6052,12048,1347388466,0,NULL,NULL
6052,9411,1347388466,0,NULL,NULL
6052,31597,1347388466,0,NULL,NULL
6052,25685,1347388466,0,NULL,NULL
6052,4793,1347388466,0,NULL,NULL
6052,17173,1347388466,0,NULL,NULL
6053,25937,1346662711,-1,NULL,NULL
6053,13181,1346662711,0,NULL,NULL
6053,34919,1346662711,1,NULL,NULL
6053,15844,1347338084,0,NULL,NULL
6059,20359,1347104857,0,NULL,NULL
6059,13106,1347104857,-1,NULL,NULL
6059,18440,1347104857,-1,NULL,NULL
6059,18522,1347104857,0,NULL,NULL
6059,11014,1347104857,0,NULL,NULL
6059,27364,1347187865,0,NULL,NULL
6059,12258,1347187865,0,NULL,NULL
6061,22229,1347180027,1,NULL,NULL
6061,26699,1347180027,0,NULL,NULL
6061,24497,1347180027,1,NULL,NULL
6061,16211,1347180027,0,NULL,NULL
6070,13595,1346770111,0,NULL,NULL
6070,26228,1346770111,1,NULL,NULL
6072,14015,1346668761,0,NULL,NULL
6072,12436,1346668761,0,NULL,NULL
6072,21512,1346675991,1,NULL,NULL
6072,15243,1346421110,0,NULL,NULL
6072,21331,1346668761,0,NULL,NULL
6072,22619,1346675991,0,NULL,NULL
6072,34624,1346675991,1,NULL,NULL
6072,9904,1346675991,0,NULL,NULL
6072,19917,1346675991,0,NULL,NULL
6072,20076,1346664651,1,NULL,NULL
6074,34796,1346679679,1,NULL,NULL
6074,1897,1346679679,0,NULL,NULL
6074,14448,1346679679,1,NULL,NULL
6081,30962,1346292102,0,NULL,NULL
6081,28486,1346292102,1,NULL,NULL
6081,1136,1346292102,1,NULL,NULL
6086,19117,1346241813,-1,NULL,NULL
6089,26896,1346052052,1,NULL,NULL
6089,30909,1346052052,1,NULL,NULL
6089,19487,1346052052,0,NULL,NULL
6089,1651,1346052052,1,NULL,NULL
6089,19010,1346052052,1,NULL,NULL
6089,28725,1346129956,0,NULL,NULL
6092,4216,1346051410,1,NULL,NULL
6092,32856,1346051410,1,NULL,NULL
6092,21216,1346051410,1,NULL,NULL
6092,13452,1346051410,0,NULL,NULL
6092,24402,1346051410,1,NULL,NULL
6093,22488,1345982708,1,NULL,NULL
6093,26586,1345982708,0,NULL,NULL
6093,22596,1345982708,0,NULL,NULL
6093,2157,1345982708,1,NULL,NULL
6096,33141,1345973264,0,NULL,NULL
6096,13443,1345973264,0,NULL,NULL
6096,9488,1345973264,0,NULL,NULL
6098,7743,1345890859,0,NULL,NULL
6098,13862,1345890859,0,NULL,NULL
6098,27303,1345890859,0,NULL,NULL
6098,23695,1345890859,0,NULL,NULL
6098,34350,1345890859,-1,NULL,NULL
6098,7978,1345890859,-1,NULL,NULL
6102,29597,1345726632,0,NULL,NULL
6102,10192,1345726632,0,NULL,NULL
6102,31236,1345726632,0,NULL,NULL
6102,5709,1345726632,0,NULL,NULL
6102,18357,1345726632,0,NULL,NULL
6102,30853,1345726632,-1,NULL,NULL
6102,6199,1345726632,-1,NULL,NULL
6104,13627,1324737360,1,NULL,NULL
6104,16227,1326870249,0,NULL,NULL
6104,5936,1345646885,0,NULL,NULL
6104,30656,1345646885,0,NULL,NULL
6104,8962,1325074378,-1,NULL,NULL
6104,9916,1324898905,0,NULL,NULL
6104,23935,1325074378,-1,NULL,NULL
6104,34413,1325074378,-1,NULL,NULL
6104,2301,1324737360,0,NULL,NULL
6104,9793,1326870249,0,NULL,NULL
6108,8004,1345517945,1,NULL,NULL
6118,4097,1344832027,0,NULL,NULL
6118,35192,1344832027,1,NULL,NULL
6118,12614,1345109405,1,NULL,NULL
6118,13377,1345109405,1,NULL,NULL
6118,6129,1345109405,0,NULL,NULL
6118,9587,1345109405,0,NULL,NULL
6118,28334,1345109405,0,NULL,NULL
6120,31300,1345082521,1,NULL,NULL
6120,27966,1345082521,1,NULL,NULL
6120,24266,1345082521,0,NULL,NULL
6120,21533,1345088231,1,NULL,NULL
6133,13896,1340873576,0,NULL,NULL
6133,21504,1340957925,1,NULL,NULL
6133,34907,1340958269,1,NULL,NULL
6133,26693,1344435745,0,NULL,NULL
6133,37072,1344435745,1,NULL,NULL
6135,30305,1344395792,0,NULL,NULL
6139,14329,1344346363,1,NULL,NULL
6139,17400,1344346363,1,NULL,NULL
6145,13405,1343299035,1,NULL,NULL
6146,31430,1343293861,1,NULL,NULL
6153,12353,1342461077,0,NULL,NULL
6153,24653,1342461077,0,NULL,NULL
6153,18120,1342461077,1,0.0,0.0
6153,17589,1342461077,0,NULL,NULL
6153,18095,1342543806,0,NULL,NULL
6153,1062,1342543806,0,NULL,NULL
6153,32931,1342547239,0,NULL,NULL
6153,13489,1342547239,1,NULL,NULL
6153,25005,1342626014,0,NULL,NULL
6155,24218,1292870894,1,NULL,NULL
6155,26446,1292870894,1,NULL,NULL
6155,13805,1292870894,1,NULL,NULL
6155,34162,1292913784,0,NULL,NULL
6155,34426,1292913784,0,NULL,NULL
6155,32809,1342579476,0,NULL,NULL
6158,17087,1342458052,-1,NULL,NULL
6158,28272,1342458052,0,NULL,NULL
6159,15557,1342457637,1,NULL,NULL
6159,17651,1342457637,1,NULL,NULL
6161,27493,1342437937,1,NULL,NULL
6166,10065,1341612831,1,NULL,NULL
6166,21064,1341612831,1,NULL,NULL
6166,4673,1341612831,0,NULL,NULL
6166,10981,1341612831,1,NULL,NULL
6166,28372,1342117328,-1,NULL,NULL
6166,455,1342117328,-1,NULL,NULL
6166,13071,1342117328,-1,NULL,NULL
6166,32790,1342117328,0,NULL,NULL
6168,27996,1341988295,0,NULL,NULL
6168,8230,1342106304,0,NULL,NULL
6169,35637,1342083080,0,NULL,NULL
6169,27644,1342083080,0,NULL,NULL
6169,5714,1342083080,1,NULL,NULL
6169,6672,1342083080,0,NULL,NULL
6169,19932,1342083080,1,NULL,NULL
6169,25938,1342083080,0,NULL,NULL
6178,16939,1341575165,1,NULL,NULL
6178,17430,1341575165,1,NULL,NULL
6179,27597,1341474664,-1,NULL,NULL
6179,17466,1341474664,0,NULL,NULL
6179,9181,1341474664,1,NULL,NULL
6180,4551,1341421218,0,NULL,NULL
6183,366,1341076618,-1,NULL,NULL
6188,13786,1340542680,-1,NULL,NULL
6188,17998,1340542680,0,NULL,NULL
6193,12643,1340111803,0,NULL,NULL
6193,8805,1340111803,1,NULL,NULL
6199,8106,1339935552,0,NULL,NULL
6199,31219,1339935552,1,NULL,NULL
6199,20229,1339935552,0,NULL,NULL
6199,14057,1339935552,-1,NULL,NULL
6199,4724,1339935552,0,NULL,NULL
6199,2735,1339937368,0,NULL,NULL
6201,37155,1339846386,0,NULL,NULL
6201,1823,1339846386,1,NULL,NULL
6201,26683,1339846386,1,NULL,NULL
6201,35400,1339846386,0,NULL,NULL
6201,9294,1339846386,0,NULL,NULL
6201,21194,1339846386,0,NULL,NULL
6201,36825,1339846386,-1,NULL,NULL
6201,24495,1339846386,0,NULL,NULL
6201,13301,1339846386,0,NULL,NULL
6209,509,1339579516,0,NULL,NULL
6209,19262,1339579516,0,NULL,NULL
6209,6188,1339579516,0,NULL,NULL
6209,10638,1339169292,1,NULL,NULL
6209,5818,1339169292,0,NULL,NULL
6209,7177,1339169292,0,NULL,NULL
6209,10279,1339579516,0,NULL,NULL
6209,27907,1339169292,0,NULL,NULL
6209,12929,1339579516,0,NULL,NULL
6209,1142,1339169292,0,NULL,NULL
6211,4346,1339507862,1,NULL,NULL
6216,10000,1339400413,0,NULL,NULL
6216,21308,1339400413,1,NULL,NULL
6217,29577,1339398426,1,NULL,NULL
6223,13360,1337951157,1,NULL,NULL
6223,18242,1337851764,1,NULL,NULL
6223,9370,1337851764,-1,NULL,NULL
6223,11723,1337942455,0,NULL,NULL
6223,15361,1339147255,-1,NULL,NULL
6223,26900,1337952571,1,NULL,NULL
6223,9543,1339147255,-1,NULL,NULL
6223,21345,1337851764,0,NULL,NULL
6223,28153,1337942455,1,NULL,NULL
6223,14209,1337942455,0,NULL,NULL
6224,16642,1339139810,1,NULL,NULL
6224,15582,1339139810,1,NULL,NULL
6226,21272,1339137332,0,NULL,NULL
6226,15670,1339137332,0,NULL,NULL
6226,24380,1339137332,0,NULL,NULL
6226,16936,1339137332,0,NULL,NULL
6229,23817,1338975194,1,NULL,NULL
6236,13598,1338811415,1,NULL,NULL
6236,18853,1338811415,0,NULL,NULL
6239,22476,1338755308,1,NULL,NULL
6239,16656,1338755308,1,NULL,NULL
6239,33968,1338755308,1,NULL,NULL
6239,10220,1338755308,-1,NULL,NULL
6239,20446,1338755308,0,NULL,NULL
6239,16830,1338755308,1,NULL,NULL
6243,23040,1338714900,1,NULL,NULL
6243,26472,1338714900,1,NULL,NULL
6243,8935,1338714900,1,NULL,NULL
6243,8278,1338714900,0,NULL,NULL
6243,33622,1338714900,0,NULL,NULL
6243,33450,1338714900,0,NULL,NULL
6243,19835,1338714900,-1,NULL,NULL
6243,23911,1338714900,1,NULL,NULL
6245,4911,1338666022,1,NULL,NULL
6245,4870,1338666022,0,NULL,NULL
6245,26006,1338666022,0,0.0,0.0
6245,9068,1338666567,0,NULL,NULL
6245,1017,1338666022,0,NULL,NULL
6245,26685,1338666022,1,NULL,NULL
6245,13652,1338666022,1,NULL,NULL
6245,5915,1338666022,1,NULL,NULL
6245,4779,1338666022,-1,NULL,NULL
6245,17667,1338666022,1,NULL,NULL
6248,18651,1338045466,1,NULL,NULL
6248,4702,1338045466,0,NULL,NULL
6248,1211,1338045466,1,NULL,NULL
6248,14200,1338045466,1,NULL,NULL
6248,274,1338055955,0,NULL,NULL
6248,1780,1338055955,1,NULL,NULL
6248,22587,1338312998,0,NULL,NULL
6248,8710,1338312998,0,NULL,NULL
6258,1901,1337868694,0,NULL,NULL
6258,27167,1337868694,0,NULL,NULL
6258,32254,1337787858,1,NULL,NULL
6258,15189,1337787858,0,NULL,NULL
6258,16346,1337787858,0,NULL,NULL
6258,37088,1337868694,1,NULL,NULL
6258,18847,1337868694,0,NULL,NULL
6258,23859,1337868694,1,NULL,NULL
6258,37575,1337787858,0,NULL,NULL
6258,20244,1337787858,0,NULL,NULL
6259,22489,1337836468,1,NULL,NULL
6259,10712,1337836468,1,NULL,NULL
6259,4385,1337836468,-1,NULL,NULL
6262,9831,1337799519,0,NULL,NULL
6263,20655,1337266008,1,NULL,NULL
6263,5471,1337266008,1,NULL,NULL
6263,35647,1337266008,0,NULL,NULL
6263,25681,1337266008,1,NULL,NULL
6263,15832,1337266008,0,NULL,NULL
6263,19156,1337793117,1,NULL,NULL
6263,15665,1337793117,1,NULL,NULL
6263,33234,1337793117,1,NULL,NULL
6266,16152,1337310815,0,NULL,NULL
6266,13919,1337608768,1,NULL,NULL
6269,16724,1337501426,0,NULL,NULL
6273,9105,1337431685,1,NULL,NULL
6273,34901,1337431685,0,NULL,NULL
6273,8305,1337431685,0,NULL,NULL
6273,25661,1337431685,0,0.0,0.0
6273,1917,1337431685,0,NULL,NULL
6273,9387,1337431685,0,NULL,NULL
6273,22328,1337431685,0,NULL,NULL
6273,8533,1337431685,0,NULL,NULL
6273,10782,1337431685,0,NULL,NULL
6273,32093,1337431685,0,NULL,NULL
6274,34221,1337300913,1,NULL,NULL
6274,6046,1337300913,1,NULL,NULL
6274,27809,1337300913,0,NULL,NULL
6279,19097,1336718177,0,NULL,NULL
6279,26205,1336718177,0,NULL,NULL
6279,12145,1336718177,0,NULL,NULL
6280,5825,1334502428,1,NULL,NULL
6280,31915,1334502428,0,NULL,NULL
6280,16603,1334502428,1,NULL,NULL
6280,30742,1336642311,1,NULL,NULL
6280,13705,1336642311,1,NULL,NULL
6280,14033,1334502428,1,NULL,NULL
6280,20567,1334554294,-1,NULL,NULL
6280,20785,1334502428,0,NULL,NULL
6280,9055,1334554294,-1,NULL,NULL
6280,14467,1334502428,0,NULL,NULL
6284,35519,1336583766,0,NULL,NULL
6289,33301,1336204259,1,NULL,NULL
6289,9231,1336204259,0,NULL,NULL
6289,2059,1336204259,0,NULL,NULL
6289,17045,1336204259,0,NULL,NULL
6289,21958,1336204259,0,NULL,NULL
6292,24318,1335885915,0,NULL,NULL
6292,33721,1335885915,0,NULL,NULL
6292,410,1335885915,0,NULL,NULL
6292,14412,1335885915,0,NULL,NULL
6292,2395,1335885915,0,NULL,NULL
6292,2336,1335885915,0,NULL,NULL
6292,1212,1335885915,-1,NULL,NULL
6292,29879,1335885915,1,NULL,NULL
6292,10347,1335885915,0,NULL,NULL
6292,17416,1335885915,0,NULL,NULL
6296,7640,1319379754,1,NULL,NULL
6300,20371,1326793645,-1,NULL,NULL
6300,2222,1335625139,1,NULL,NULL
6300,8945,1326793645,1,NULL,NULL
6300,7461,1335625139,0,NULL,NULL
6300,538,1326793645,0,NULL,NULL
6300,6876,1326793645,1,NULL,NULL
6300,33529,1335625139,0,NULL,NULL
6300,4141,1335625139,0,NULL,NULL
6300,6274,1335625139,0,NULL,NULL
6300,17981,1326793645,0,NULL,NULL
6304,22671,1335525854,1,NULL,NULL
6304,23280,1335525854,1,NULL,NULL
6305,6296,1335524493,0,NULL,NULL
6306,14108,1335513365,0,NULL,NULL
6313,613,1335355362,1,NULL,NULL
6313,36154,1335355362,-1,NULL,NULL
6313,4328,1335414896,-1,NULL,NULL
6316,8654,1335353160,0,NULL,NULL
6316,20923,1335353160,1,NULL,NULL
6316,4647,1335353160,1,NULL,NULL
6316,31740,1335353160,0,NULL,NULL
6316,22652,1335353160,0,NULL,NULL
6316,9540,1335353160,0,NULL,NULL
6317,6475,1335308171,1,NULL,NULL
6324,17486,1335164191,0,NULL,NULL
6324,17112,1335164191,0,NULL,NULL
6324,19399,1335164191,0,NULL,NULL
6324,16004,1335164191,1,NULL,NULL
6327,27792,1335085363,-1,NULL,NULL
6327,21158,1335085363,-1,NULL,NULL
6327,14097,1335085363,-1,NULL,NULL
6327,13450,1335085363,-1,NULL,NULL
6327,32234,1335085363,-1,NULL,NULL
6327,22860,1335085363,-1,NULL,NULL
6327,37390,1335085363,-1,NULL,NULL
6327,30774,1335085363,-1,NULL,NULL
6327,25950,1335085363,0,NULL,NULL
6327,13010,1335085363,-1,NULL,NULL
6336,11812,1334753702,1,NULL,NULL
6353,14123,1334123303,1,NULL,NULL
6353,34923,1334123303,0,NULL,NULL
6356,6423,1333884524,0,NULL,NULL
6356,20615,1333884524,0,NULL,NULL
6356,15332,1333884524,1,NULL,NULL
6356,15774,1333884524,1,NULL,NULL
6356,21789,1333986797,0,NULL,NULL
6357,29437,1333980572,1,NULL,NULL
6357,7653,1333980572,-1,NULL,NULL
6357,2279,1333984357,1,NULL,NULL
6357,23461,1333984357,1,NULL,NULL
6357,16955,1333984357,1,NULL,NULL
6357,19002,1333984357,0,NULL,NULL
6359,16176,1333889216,0,NULL,NULL
6359,24647,1333889216,0,NULL,NULL
6359,9591,1333889216,-1,NULL,NULL
6359,31444,1333889216,1,NULL,NULL
6359,13688,1333889216,0,NULL,NULL
6359,22131,1333889216,0,NULL,NULL
6359,31721,1333889216,-1,NULL,NULL
6365,21166,1333728038,1,NULL,NULL
6365,7595,1333728038,0,NULL,NULL
6365,35023,1333728038,0,NULL,NULL
6372,18946,1333621062,1,NULL,NULL
6372,5908,1333621062,0,NULL,NULL
6372,15846,1333621062,0,NULL,NULL
6372,16693,1333621062,0,NULL,NULL
6372,25755,1333621062,0,NULL,NULL
6372,27302,1333621062,0,NULL,NULL
6372,8467,1333621062,0,NULL,NULL
6373,30250,1333321361,0,NULL,NULL
6373,27907,1333396952,0,NULL,NULL
6373,387,1333396952,0,NULL,NULL
6373,15769,1333396952,0,NULL,NULL
6373,16583,1333397390,0,NULL,NULL
6373,26511,1333397390,0,NULL,NULL
6373,37439,1333397639,0,NULL,NULL
6373,12360,1333398253,0,NULL,NULL
6373,7807,1333398253,0,NULL,NULL
6376,27334,1333198296,0,NULL,NULL
6376,16619,1333198296,0,NULL,NULL
6378,25692,1332836754,-1,NULL,NULL
6378,12977,1332836754,0,NULL,NULL
6378,14854,1332836754,-1,NULL,NULL
6378,9565,1332836754,0,NULL,NULL
6378,15781,1332836754,-1,NULL,NULL
6386,12738,1332361427,0,NULL,NULL
6390,27370,1331886541,1,NULL,NULL
6390,13417,1331886541,1,NULL,NULL
6390,13621,1332059658,0,NULL,NULL
6394,28002,1247086812,0,NULL,NULL
6394,27801,1247086812,0,NULL,NULL
6394,30455,1247086812,0,NULL,NULL
6394,21685,1331935855,0,NULL,NULL
6394,6935,1247086812,0,NULL,NULL
6394,12912,1331935855,0,NULL,NULL
6394,9874,1331935855,0,NULL,NULL
6394,28250,1331935855,0,NULL,NULL
6394,13873,1247086812,0,NULL,NULL
6394,8856,1247086812,0,NULL,NULL
6397,6268,1331890891,-1,NULL,NULL
6398,715,1331833218,-1,NULL,NULL
6398,34308,1331833218,1,NULL,NULL
6400,12556,1331815141,0,NULL,NULL
6402,27158,1331780440,1,NULL,NULL
6403,31895,1331777283,0,NULL,NULL
6403,2057,1331777283,0,NULL,NULL
6403,35860,1331777283,1,NULL,NULL
6403,33123,1331777283,1,NULL,NULL
6407,13140,1331623159,-1,NULL,NULL
6407,15373,1331624261,0,NULL,NULL
6418,20577,1331234611,1,NULL,NULL
6418,29559,1331234611,1,NULL,NULL
6418,17477,1331234611,1,NULL,NULL
6418,26436,1331251528,1,NULL,NULL
6424,7818,1330973608,0,NULL,NULL
6424,33293,1330973608,0,NULL,NULL
6424,5081,1330973608,0,NULL,NULL
6424,26222,1330973608,0,NULL,NULL
6424,5950,1330973608,0,NULL,NULL
6424,9348,1330973608,0,NULL,NULL
6424,23690,1330973608,0,NULL,NULL
6424,9829,1330973608,0,NULL,NULL
6424,6926,1330973608,0,NULL,NULL
6424,13980,1330973608,0,NULL,NULL
6428,7943,1330864743,1,NULL,NULL
6428,19395,1330867130,0,NULL,NULL
6428,19482,1330934675,-1,NULL,NULL
6428,16545,1330936108,1,NULL,NULL
6430,20238,1330864073,0,NULL,NULL
6430,23915,1330865312,0,NULL,NULL
6430,27069,1330858285,1,NULL,NULL
6430,5713,1330864073,0,NULL,NULL
6430,7579,1330865312,0,NULL,NULL
6430,22754,1330865312,0,NULL,NULL
6430,3041,1330864073,0,NULL,NULL
6430,10181,1330865312,0,NULL,NULL
6430,6248,1330864073,0,NULL,NULL
6430,20998,1330858285,0,NULL,NULL
6436,22983,1330617019,1,NULL,NULL
6436,35116,1330617019,1,NULL,NULL
6436,36824,1330617019,1,NULL,NULL
6436,17804,1330617019,1,NULL,NULL
6436,32931,1330617019,0,NULL,NULL
6436,28389,1330617019,0,NULL,NULL
6438,33326,1330524759,1,NULL,NULL
6441,6718,1330474082,1,NULL,NULL
6441,22611,1330474082,0,NULL,NULL
6446,34785,1330359196,1,NULL,NULL
6446,9492,1330359196,0,NULL,NULL
6446,23928,1330415301,0,NULL,NULL
6446,32700,1330359196,1,NULL,NULL
6446,30889,1330432120,0,NULL,NULL
6446,14295,1330410951,0,NULL,NULL
6446,4363,1330359196,0,NULL,NULL
6446,2370,1330359196,0,NULL,NULL
6446,13958,1330359196,0,NULL,NULL
6446,4153,1330359196,0,NULL,NULL
6447,18208,1330425087,0,NULL,NULL
6447,66,1330425087,0,NULL,NULL
6449,9709,1330408133,0,NULL,NULL
6449,18704,1330408133,1,NULL,NULL
6449,6455,1330408133,0,NULL,NULL
6449,19321,1330408133,0,NULL,NULL
6450,5667,1330345767,-1,NULL,NULL
6450,18322,1330345767,-1,NULL,NULL
6453,10907,1330173308,0,NULL,NULL
6454,20578,1328956291,1,NULL,NULL
6454,13746,1330168786,0,NULL,NULL
6454,26860,1328847619,1,NULL,NULL
6454,8802,1328895427,0,NULL,NULL
6454,1728,1328847619,0,NULL,NULL
6454,17211,1328847619,0,NULL,NULL
6454,27334,1328870835,0,NULL,NULL
6454,5116,1328889398,0,NULL,NULL
6454,16871,1328869773,0,NULL,NULL
6454,37558,1328893349,1,NULL,NULL
6463,8994,1329928536,1,NULL,NULL
6463,1620,1329928536,0,NULL,NULL
6463,36528,1329928536,0,NULL,NULL
6472,19804,1329375941,-1,NULL,NULL
6472,9119,1329790744,1,NULL,NULL
6472,14482,1329826229,0,NULL,NULL
6472,12213,1329837865,1,NULL,NULL
6476,22012,1329407826,0,NULL,NULL
6476,10071,1329407826,0,NULL,NULL
6476,5711,1329407826,0,NULL,NULL
6476,4487,1329407826,0,NULL,NULL
6476,10927,1329407826,0,NULL,NULL
6476,32558,1329412007,0,NULL,NULL
6476,30081,1329412007,0,NULL,NULL
6476,6051,1329412007,0,NULL,NULL
6476,34392,1329412007,0,NULL,NULL
6478,14564,1329377919,0,NULL,NULL
6478,15529,1329377919,1,NULL,NULL
6480,9104,1329262563,1,NULL,NULL
6480,4220,1329262563,0,NULL,NULL
6480,9546,1329338772,-1,NULL,NULL
6485,31240,1328963432,-1,NULL,NULL
6485,36546,1328963432,0,NULL,NULL
6485,22603,1328963432,0,NULL,NULL
6487,18791,1328758760,0,NULL,NULL
6487,23581,1328758760,1,NULL,NULL
6487,21625,1328758760,0,NULL,NULL
6487,33244,1328758760,0,NULL,NULL
6487,25786,1328758760,0,NULL,NULL
6491,30372,1328565595,1,NULL,NULL
6491,31891,1328565595,1,NULL,NULL
6494,15741,1328430910,0,NULL,NULL
6497,22739,1328256986,1,NULL,NULL
6497,10527,1328256986,-1,NULL,NULL
6498,31333,1328253261,0,NULL,NULL
6498,25823,1328253261,1,NULL,NULL
6503,9956,1328006903,1,NULL,NULL
6503,37274,1328006903,1,NULL,NULL
6509,22845,1327751403,0,NULL,NULL
6515,22692,1327420531,1,NULL,NULL
6515,33042,1327420531,0,NULL,NULL
6515,31936,1327420531,0,NULL,NULL
6515,26652,1327420531,0,NULL,NULL
6515,9116,1327420531,0,NULL,NULL
6515,33398,1327420531,0,NULL,NULL
6515,19732,1327420531,0,NULL,NULL
6515,17827,1327420531,0,NULL,NULL
6516,33296,1327416359,0,NULL,NULL
6518,15865,1327385123,0,NULL,NULL
6518,22266,1327385123,0,NULL,NULL
6518,28408,1327385123,0,NULL,NULL
6518,6606,1327385123,0,NULL,NULL
6518,36535,1327385123,0,NULL,NULL
6518,20659,1327385123,0,NULL,NULL
6520,10947,1327322271,1,NULL,NULL
6520,14465,1327322271,0,NULL,NULL
6520,15498,1327322271,0,NULL,NULL
6520,12098,1327322271,0,NULL,NULL
6520,11711,1327322271,0,NULL,NULL
6520,13277,1327322271,1,NULL,NULL
6520,10703,1327322271,0,NULL,NULL
6520,656,1327322271,1,NULL,NULL
6520,22215,1327322271,1,NULL,NULL
6528,5291,1326947921,0,NULL,NULL
6528,5434,1326947921,-1,NULL,NULL
6528,34676,1326947921,0,NULL,NULL
6529,14544,1326907405,-1,NULL,NULL
6529,14368,1326907405,-1,NULL,NULL
6529,12327,1326907405,0,NULL,NULL
6529,13703,1326907405,-1,NULL,NULL
6529,37028,1326907405,-1,NULL,NULL
6529,33028,1326907405,0,NULL,NULL
6529,26017,1326907405,0,NULL,NULL
6529,31453,1326907405,0,NULL,NULL
6529,12258,1326907405,0,NULL,NULL
6529,36342,1326907405,-1,NULL,NULL
6530,15811,1326885550,1,NULL,NULL
6530,4297,1326885708,1,NULL,NULL
6532,35079,1326863193,-1,NULL,NULL
6532,36459,1326863193,0,NULL,NULL
6532,14202,1326863193,0,NULL,NULL
6535,35101,1326810867,0,NULL,NULL
6536,37036,1326781797,0,NULL,NULL
6536,24249,1326781797,0,NULL,NULL
6536,7433,1326781797,0,NULL,NULL
6538,26818,1310540298,0,NULL,NULL
6538,37065,1310540298,0,NULL,NULL
6538,30121,1310540298,0,NULL,NULL
6538,33784,1326725788,0,NULL,NULL
6538,23924,1326725788,0,NULL,NULL
6538,9362,1326725788,0,NULL,NULL
6538,15329,1326725788,-1,NULL,NULL
6538,17302,1326725788,0,NULL,NULL
6546,9976,1326330612,0,NULL,NULL
6546,24851,1326330612,0,NULL,NULL
6547,33293,1326244730,1,NULL,NULL
6547,7838,1326244730,0,NULL,NULL
6547,27749,1326244730,0,NULL,NULL
6549,19719,1326163910,0,NULL,NULL
6549,24546,1326173879,0,NULL,NULL
6549,5536,1326173879,0,NULL,NULL
6549,33936,1326163910,0,NULL,NULL
6549,8853,1326163910,0,NULL,NULL
6549,27935,1326163910,-1,NULL,NULL
6549,6352,1326173879,0,NULL,NULL
6549,16214,1326163910,-1,NULL,NULL
6549,9209,1326163910,-1,NULL,NULL
6549,326,1326163910,0,NULL,NULL
6551,302,1325200255,0,NULL,NULL
6551,19362,1325200255,0,NULL,NULL
6551,22570,1325200255,-1,NULL,NULL
6551,7793,1325280526,0,NULL,NULL
6551,22643,1325283443,0,NULL,NULL
6551,10787,1326057091,0,NULL,NULL
6554,16827,1325834727,0,NULL,NULL
6554,36929,1325834727,0,NULL,NULL
6554,21625,1325834727,0,NULL,NULL
6554,2252,1325834727,0,NULL,NULL
6554,5085,1325834727,0,NULL,NULL
6554,27565,1325834727,0,NULL,NULL
6554,23245,1325834727,0,NULL,NULL
6554,18766,1325834727,0,NULL,NULL
6554,26511,1325834727,0,NULL,NULL
6554,26837,1325834727,0,NULL,NULL
6557,2499,1325664894,1,NULL,NULL
6557,17655,1325664894,0,NULL,NULL
6557,4783,1325664894,1,NULL,NULL
6557,7554,1325664894,1,NULL,NULL
6557,35632,1325664894,0,NULL,NULL
6557,19390,1325743578,0,NULL,NULL
6557,14122,1325743578,0,NULL,NULL
6557,18405,1325743578,1,NULL,NULL
6558,13200,1322057976,0,NULL,NULL
6558,9161,1325728566,1,NULL,NULL
6560,30097,1325694794,0,NULL,NULL
6566,19277,1325501273,1,NULL,NULL
6566,28835,1325501273,1,NULL,NULL
6566,22452,1325501273,1,NULL,NULL
6566,12012,1325501273,0,NULL,NULL
6585,16639,1324377024,0,NULL,NULL
6585,23687,1324392701,0,NULL,NULL
6585,5629,1324397839,0,NULL,NULL
6585,13701,1324398015,0,NULL,NULL
6586,6404,1324366937,0,NULL,NULL
6586,13933,1324366937,0,NULL,NULL
6586,37246,1324366937,1,NULL,NULL
6586,12748,1324366937,1,NULL,NULL
6586,19159,1324366937,0,NULL,NULL
6589,7097,1324304207,0,NULL,NULL
6589,12691,1324304207,0,NULL,NULL
6589,16344,1324304207,0,NULL,NULL
6589,18023,1324304207,0,NULL,NULL
6589,31038,1324304207,0,NULL,NULL
6589,5522,1324304207,0,NULL,NULL
6589,30993,1324304207,0,NULL,NULL
6591,21465,1324198084,0,NULL,NULL
6591,27383,1324198084,1,NULL,NULL
6591,34295,1324198084,1,NULL,NULL
6592,23144,1324127019,1,NULL,NULL
6592,20751,1324127019,0,NULL,NULL
6592,11410,1324194519,0,NULL,NULL
6592,17407,1324194519,0,NULL,NULL
6592,27229,1324194519,1,NULL,NULL
6595,12191,1324046118,0,NULL,NULL
6595,30402,1324051342,1,NULL,NULL
6595,13857,1324051342,0,NULL,NULL
6595,24772,1324051342,1,NULL,NULL
6595,13977,1324053295,0,NULL,NULL
6596,36886,1323933005,1,NULL,NULL
6599,15750,1323856372,0,NULL,NULL
6599,34306,1323856372,0,NULL,NULL
6600,27096,1323786427,0,NULL,NULL
6600,28338,1323786427,0,NULL,NULL
6602,25024,1323691244,0,NULL,NULL
6603,26436,1323680223,0,NULL,NULL
6603,30969,1323680223,0,NULL,NULL
6603,28656,1323680223,0,NULL,NULL
6603,28192,1323680223,0,NULL,NULL
6603,33392,1323680223,0,NULL,NULL
6603,36211,1323680223,0,NULL,NULL
6603,20819,1323680223,0,NULL,NULL
6603,18301,1323680223,0,NULL,NULL
6603,4989,1323680223,0,NULL,NULL
6603,12705,1323680223,0,NULL,NULL
6612,17858,1323252308,1,NULL,NULL
6612,4780,1323252308,-1,NULL,NULL
6616,22103,1323148087,0,NULL,NULL
6616,9304,1323148087,1,NULL,NULL
6616,9655,1323148087,0,NULL,NULL
6618,26419,1323088637,0,NULL,NULL
6618,24248,1323088637,1,NULL,NULL
6618,18787,1323088637,0,NULL,NULL
6618,28298,1323088637,-1,NULL,NULL
6626,33975,1322823682,0,NULL,NULL
6626,32378,1322823682,1,NULL,NULL
6626,7142,1322823682,0,NULL,NULL
6626,31493,1322823682,0,NULL,NULL
6635,17177,1322364406,1,NULL,NULL
6635,31387,1322364406,1,NULL,NULL
6636,23489,1322320528,0,NULL,NULL
6636,16760,1322320528,1,NULL,NULL
6636,31479,1322322272,1,NULL,NULL
6636,37683,1322322272,0,NULL,NULL
6637,7167,1322310120,-1,NULL,NULL
6637,29597,1322310120,0,NULL,NULL
6637,27038,1322310120,0,NULL,NULL
6637,10257,1322310120,-1,NULL,NULL
6637,465,1322310120,0,NULL,NULL
6637,515,1322310120,0,NULL,NULL
6637,30930,1322310120,0,NULL,NULL
6637,7589,1322310120,0,NULL,NULL
6637,28052,1322310120,0,NULL,NULL
6637,9856,1322310120,-1,NULL,NULL
6644,14295,1322061228,1,NULL,NULL
6644,9936,1322061434,0,NULL,NULL
6646,16515,1321987470,0,NULL,NULL
6646,33968,1321987470,0,NULL,NULL
6646,16334,1321987470,0,NULL,NULL
6646,24642,1321987470,1,NULL,NULL
6646,17551,1321987470,1,NULL,NULL
6648,34652,1321972216,0,NULL,NULL
6648,32091,1321972216,1,NULL,NULL
6648,20290,1321972216,0,NULL,NULL
6648,28740,1321972216,1,NULL,NULL
6648,7237,1321972216,0,NULL,NULL
6648,22329,1321982390,1,NULL,NULL
6650,33446,1321466962,0,NULL,NULL
6650,2756,1321466962,0,NULL,NULL
6650,12416,1321466962,0,NULL,NULL
6650,12454,1321974580,0,NULL,NULL
6650,9512,1321974580,1,NULL,NULL
6650,23396,1321974580,-1,0.0,0.0
6650,6908,1321974580,0,NULL,NULL
6655,21190,1321372404,1,NULL,NULL
6658,17193,1321367012,0,NULL,NULL
6666,590,1321092447,-1,NULL,NULL
6666,32516,1321092447,0,NULL,NULL
6667,22679,1321049709,0,NULL,NULL
6667,9752,1321049709,0,NULL,NULL
6679,22527,1320762646,1,NULL,NULL
6688,6157,1320504254,0,NULL,NULL
6688,1611,1320504254,0,NULL,NULL
6688,35494,1320504254,1,NULL,NULL
6689,27357,1320492214,1,NULL,NULL
6694,8835,1320331982,1,NULL,NULL
6694,30992,1320331982,0,NULL,NULL
6694,11912,1320331982,0,NULL,NULL
6694,18689,1320331982,0,NULL,NULL
6694,22204,1320331982,0,NULL,NULL
6694,23512,1320331982,1,NULL,NULL
6694,2135,1320331982,1,NULL,NULL
6697,30670,1320257795,1,NULL,NULL
6697,6841,1320257795,1,NULL,NULL
6697,227,1320257795,0,NULL,NULL
6700,16145,1319972091,0,NULL,NULL
6700,8346,1319972091,1,NULL,NULL
6706,28262,1319720929,1,NULL,NULL
6709,14821,1319688083,1,NULL,NULL
6714,16263,1319571820,1,NULL,NULL
6714,32420,1319573041,-1,NULL,NULL
6724,22175,1319367532,0,NULL,NULL
6724,20860,1319367532,1,NULL,NULL
6724,2890,1319367532,1,NULL,NULL
6724,14521,1319367933,1,NULL,NULL
6725,14100,1319292282,0,NULL,NULL
6725,20776,1319292282,1,NULL,NULL
6726,22096,1319291358,1,NULL,NULL
6727,5089,1319272485,-1,NULL,NULL
6727,18604,1319272780,-1,NULL,NULL
6730,36886,1319206691,0,NULL,NULL
6730,13277,1319206691,1,NULL,NULL
6730,7503,1319206691,1,NULL,NULL
6733,2130,1319187631,1,NULL,NULL
6736,18275,1319114928,0,NULL,NULL
6736,13629,1319114928,0,NULL,NULL
6746,13488,1317851746,-1,NULL,NULL
6746,25721,1317851746,-1,NULL,NULL
6746,41,1317851746,0,NULL,NULL
6746,392,1318787195,0,NULL,NULL
6746,1079,1318787195,0,NULL,NULL
6746,1802,1317851746,-1,NULL,NULL
6746,4366,1317851746,1,NULL,NULL
6746,20325,1318787195,0,NULL,NULL
6746,8408,1318787195,0,NULL,NULL
6746,22953,1317851746,-1,NULL,NULL
6749,15615,1318586280,0,NULL,NULL
6751,28776,1318405667,0,NULL,NULL
6753,19281,1318161449,0,NULL,NULL
6753,1330,1318161449,-1,NULL,NULL
6753,27285,1318161449,0,NULL,NULL
6753,8001,1318161449,0,NULL,NULL
6753,22635,1318161449,0,NULL,NULL
6754,7928,1318145682,1,NULL,NULL
6754,26467,1318145682,1,NULL,NULL
6754,10395,1318145682,1,NULL,NULL
6754,29655,1318145682,1,NULL,NULL
6754,27790,1318145682,1,NULL,NULL
6754,22550,1318145682,1,NULL,NULL
6756,16558,1317940966,1,NULL,NULL
6759,10580,1317807753,1,NULL,NULL
6759,31620,1317807753,0,NULL,NULL
6760,24314,1317801403,1,NULL,NULL
6760,23000,1317801403,0,NULL,NULL
6761,11745,1317796195,0,NULL,NULL
6769,12309,1317243118,1,NULL,NULL
6769,11939,1316637712,0,NULL,NULL
6769,36535,1317243118,0,NULL,NULL
6769,24472,1317245200,0,NULL,NULL
6769,28454,1317243118,-1,NULL,NULL
6769,27873,1316709580,0,NULL,NULL
6769,9486,1316637712,0,NULL,NULL
6769,9195,1317245200,0,NULL,NULL
6769,25757,1316709580,0,NULL,NULL
6769,6725,1317243118,-1,NULL,NULL
6776,1717,1316972059,0,NULL,NULL
6778,26682,1316937978,1,NULL,NULL
6778,31880,1316937978,1,NULL,NULL
6796,11936,1316520817,0,NULL,NULL
6800,17323,1316258550,1,NULL,NULL
6800,16183,1316258550,1,NULL,NULL
6802,7408,1316186153,1,NULL,NULL
6808,10883,1316102464,0,NULL,NULL
6808,27259,1316102464,0,NULL,NULL
6813,24170,1314106063,0,NULL,NULL
6813,34580,1314106063,0,NULL,NULL
6813,27219,1314106063,0,NULL,NULL
6813,12055,1314106063,0,NULL,NULL
6813,6274,1315999551,0,NULL,NULL
6813,1388,1314106063,0,NULL,NULL
6813,2724,1314106063,0,NULL,NULL
6813,9540,1314106063,0,NULL,NULL
6813,15749,1314106063,0,NULL,NULL
6813,6874,1314106063,0,NULL,NULL
6814,8302,1315928568,1,NULL,NULL
6814,24274,1315928568,-1,NULL,NULL
6814,10050,1315928568,0,NULL,NULL
6814,15825,1315928568,0,NULL,NULL
6814,18500,1315928568,1,NULL,NULL
6814,14250,1315928568,1,NULL,NULL
6814,13913,1315928568,-1,NULL,NULL
6814,21802,1315928568,1,NULL,NULL
6814,12721,1315928568,0,NULL,NULL
6814,22581,1315992684,-1,NULL,NULL
6818,3996,1315902079,1,NULL,NULL
6818,7913,1315902079,-1,NULL,NULL
6819,2707,1315901888,1,NULL,NULL
6825,37362,1315575727,0,NULL,NULL
6825,1443,1315575942,1,NULL,NULL
6828,34813,1314742034,-1,NULL,NULL
6828,18313,1315414831,0,NULL,NULL
6828,6209,1315414831,0,NULL,NULL
6828,8735,1314810653,0,NULL,NULL
6828,13909,1314742034,1,NULL,NULL
6828,121,1314742034,0,NULL,NULL
6828,13970,1315414831,-1,NULL,NULL
6828,7968,1314742034,-1,NULL,NULL
6828,10471,1314742034,0,NULL,NULL
6828,8852,1314742034,-1,NULL,NULL
6833,5200,1315126101,1,NULL,NULL
6838,34933,1314672428,0,NULL,NULL
6838,33407,1314672428,0,NULL,NULL
6838,387,1314892705,0,NULL,NULL
6838,31072,1314672428,0,NULL,NULL
6838,7576,1314842862,0,NULL,NULL
6838,17822,1314672428,0,NULL,NULL
6838,6312,1314672428,0,NULL,NULL
6838,30773,1314672428,0,NULL,NULL
6838,12712,1314672428,0,NULL,NULL
6838,9953,1314672428,0,NULL,NULL
6843,21635,1314656723,0,NULL,NULL
6843,10704,1314656723,0,NULL,NULL
6843,8973,1314656723,0,NULL,NULL
6843,16705,1314656723,0,NULL,NULL
6843,17266,1314689738,0,NULL,NULL
6843,25182,1314656723,0,NULL,NULL
6843,20067,1314656723,0,NULL,NULL
6843,15541,1314656723,0,NULL,NULL
6843,7486,1314656723,0,NULL,NULL
6843,8145,1314656723,1,NULL,NULL
6844,27547,1314613024,1,NULL,NULL
6844,26884,1314613024,1,NULL,NULL
6844,18608,1314613024,0,NULL,NULL
6844,33629,1314622020,0,NULL,NULL
6844,10819,1314622020,0,NULL,NULL
6844,35397,1314714706,1,NULL,NULL
6844,18,1314714706,-1,NULL,NULL
6845,22854,1314695951,0,NULL,NULL
6845,6746,1314695951,1,NULL,NULL
6845,28102,1314695951,1,NULL,NULL
6846,1300,1314695830,0,NULL,NULL
6846,20056,1314695830,0,NULL,NULL
6847,29118,1314584386,-1,NULL,NULL
6847,1967,1314584386,-1,NULL,NULL
6847,36252,1314593373,1,NULL,NULL
6847,28552,1314593373,1,NULL,NULL
6847,6732,1314593373,0,NULL,NULL
6847,14175,1314623659,0,NULL,NULL
6847,1435,1314623659,0,NULL,NULL
6847,24912,1314623659,0,NULL,NULL
6850,9273,1314462453,1,NULL,NULL
6853,14397,1314361501,1,NULL,NULL
6853,28216,1314361501,0,NULL,NULL
6853,8437,1314361501,0,NULL,NULL
6853,30111,1314361501,0,NULL,NULL
6857,19925,1314243365,0,NULL,NULL
6857,17044,1314243365,1,NULL,NULL
6857,6250,1314243365,1,NULL,NULL
6859,31538,1314176597,1,NULL,NULL
6859,28446,1314176597,0,NULL,NULL
6860,3994,1314175405,1,NULL,NULL
6870,29576,1313579212,1,NULL,NULL
6870,5387,1313579212,1,NULL,NULL
6870,25804,1313764680,0,NULL,NULL
6870,20961,1313764680,0,NULL,NULL
6870,9182,1313764680,0,NULL,NULL
6870,36795,1313764680,0,NULL,NULL
6870,729,1313764680,0,NULL,NULL
6870,9002,1313764680,0,NULL,NULL
6875,28697,1313699964,0,NULL,NULL
6877,10818,1313667192,0,NULL,NULL
6885,27402,1313304505,1,NULL,NULL
6885,21380,1313304505,0,NULL,NULL
6885,23823,1313304505,0,NULL,NULL
6885,27100,1313304505,0,NULL,NULL
6885,32740,1313304505,1,NULL,NULL
6885,21002,1313493867,1,NULL,NULL
6885,17547,1313503699,1,NULL,NULL
6886,8887,1313413213,0,NULL,NULL
6886,26837,1313413213,1,NULL,NULL
6886,376,1313413213,1,NULL,NULL
6886,24362,1313483663,0,NULL,NULL
6888,205,1313480947,1,NULL,NULL
6888,9098,1313480947,0,NULL,NULL
6894,25665,1313163170,0,NULL,NULL
6894,19398,1313163170,0,NULL,NULL
6894,4227,1313163170,1,NULL,NULL
6894,8429,1313163170,0,NULL,NULL
6894,20468,1313163170,1,NULL,NULL
6894,36918,1313163170,0,NULL,NULL
6894,24183,1313163170,0,NULL,NULL
6894,12891,1313163170,0,NULL,NULL
6894,8523,1313163170,0,NULL,NULL
6894,34116,1313163170,-1,NULL,NULL
6895,10891,1313001787,1,NULL,NULL
6895,17649,1313001787,0,NULL,NULL
6895,26297,1313001787,1,NULL,NULL
6895,32445,1313001787,0,NULL,NULL
6898,19599,1312872961,1,NULL,NULL
6898,13708,1312881644,0,NULL,NULL
6898,9876,1312891651,0,NULL,NULL
6904,17175,1312453192,0,NULL,NULL
6905,14291,1312451718,0,NULL,NULL
6905,26580,1312451718,0,NULL,NULL
6912,13497,1309517446,0,NULL,NULL
6912,17581,1309936664,1,NULL,NULL
6912,303,1309936664,0,NULL,NULL
6912,14791,1312269839,0,NULL,NULL
6912,28567,1312272823,0,NULL,NULL
6914,20898,1312219937,0,NULL,NULL
6914,5954,1312219937,1,NULL,NULL
6914,5386,1312219937,1,NULL,NULL
6914,16563,1312219937,1,NULL,NULL
6914,7140,1312219937,0,NULL,NULL
6916,27557,1312196024,1,NULL,NULL
6916,35488,1312196024,1,NULL,NULL
6920,31729,1312112437,0,NULL,NULL
6920,17137,1312112437,0,NULL,NULL
6920,116,1312112437,0,NULL,NULL
6920,18400,1312130955,0,NULL,NULL
6920,6872,1312130955,0,NULL,NULL
6920,8517,1312130955,0,NULL,NULL
6922,20732,1311951453,1,NULL,NULL
6922,36886,1311951453,0,NULL,NULL
6922,7809,1311951453,-1,NULL,NULL
6923,10547,1311939546,1,NULL,NULL
6923,7369,1311939546,1,NULL,NULL
6923,13207,1311939546,0,NULL,NULL
6926,17775,1311861175,0,0.0,0.0
6926,18752,1311861175,0,NULL,NULL
6926,17453,1311861175,0,NULL,NULL
6926,9928,1311861175,0,NULL,NULL
6926,12160,1311861175,1,NULL,NULL
6926,25649,1311861175,0,0.0,0.0
6926,7562,1311861175,0,NULL,NULL
6926,17297,1311861175,1,NULL,NULL
6926,30971,1311861175,0,NULL,NULL
6926,17502,1311861175,0,NULL,NULL
6927,10952,1311838731,0,NULL,NULL
6927,1900,1311838731,0,NULL,NULL
6927,28443,1311838731,-1,NULL,NULL
6927,28298,1311838731,0,NULL,NULL
6927,11974,1311838731,0,NULL,NULL
6927,13152,1311838731,0,NULL,NULL
6927,1940,1311838731,0,NULL,NULL
6927,2277,1311838731,0,NULL,NULL
6927,3944,1311838731,-1,NULL,NULL
6927,6764,1311838731,0,NULL,NULL
6930,21608,1311750381,0,NULL,NULL
6930,30246,1311750381,0,NULL,NULL
6930,6498,1311750381,0,NULL,NULL
6930,2950,1311750381,0,NULL,NULL
6930,34350,1311750381,0,NULL,NULL
6930,30274,1311750381,-1,NULL,NULL
6930,25698,1311750381,0,NULL,NULL
6930,22259,1311750381,0,NULL,NULL
6930,20267,1311750381,-1,NULL,NULL
6930,27622,1311750381,0,NULL,NULL
6931,16787,1311692742,0,NULL,NULL
6931,22515,1311692742,1,NULL,NULL
6939,21737,1311334378,1,NULL,NULL
6942,37603,1311319728,1,NULL,NULL
6942,6251,1311319728,1,NULL,NULL
6944,5064,1311306616,1,NULL,NULL
6944,26753,1311306616,0,NULL,NULL
6944,30308,1311306616,0,NULL,NULL
6944,28341,1311306616,0,NULL,NULL
6944,7380,1311306616,0,NULL,NULL
6944,3970,1311306616,0,NULL,NULL
6944,11062,1311306616,-1,NULL,NULL
6944,18239,1311306616,1,NULL,NULL
6944,7559,1311306616,1,NULL,NULL
6944,37701,1311306616,-1,NULL,NULL
6949,2492,1310981350,0,NULL,NULL
6949,26839,1310981350,0,NULL,NULL
6949,7330,1310981350,0,NULL,NULL
6949,8368,1310981350,0,NULL,NULL
6949,7900,1310992170,0,NULL,NULL
6949,12929,1310981350,0,NULL,NULL
6949,27964,1310981350,0,NULL,NULL
6949,15672,1310981350,0,NULL,NULL
6949,8419,1310981350,0,NULL,NULL
6949,2092,1310981350,0,NULL,NULL
6958,4219,1310661470,1,NULL,NULL
6958,28163,1310661470,1,NULL,NULL
6958,3947,1310661470,1,NULL,NULL
6958,12653,1310661470,1,NULL,NULL
6958,5551,1310661470,0,NULL,NULL
6958,27493,1310661470,0,NULL,NULL
6958,9219,1310661470,1,NULL,NULL
6958,28031,1310661470,1,NULL,NULL
6958,26916,1310661470,1,NULL,NULL
6958,4484,1310661470,1,NULL,NULL
6967,14333,1310218694,1,NULL,NULL
6967,18741,1310218694,1,NULL,NULL
6967,7648,1310218694,1,NULL,NULL
6970,2923,1310130092,-1,NULL,NULL
6970,13575,1310130092,0,NULL,NULL
6970,19017,1310130092,0,NULL,NULL
6970,14917,1310130092,0,NULL,NULL
6971,11059,1310122322,1,NULL,NULL
6974,10831,1307756711,1,NULL,NULL
6974,35490,1307756711,0,NULL,NULL
6974,9768,1307756711,0,NULL,NULL
6974,22733,1307756711,0,NULL,NULL
6974,6666,1307756711,0,NULL,NULL
6974,31912,1307756711,1,NULL,NULL
6974,34180,1307780039,0,NULL,NULL
6974,23932,1307780039,0,NULL,NULL
6976,20574,1309783105,0,NULL,NULL
6976,19544,1309783105,0,NULL,NULL
6976,9681,1309783105,0,NULL,NULL
6976,28468,1309783105,0,NULL,NULL
6976,26694,1309783105,0,NULL,NULL
6976,27647,1309966396,0,NULL,NULL
6976,19394,1310025088,0,NULL,NULL
6980,25840,1309509001,0,NULL,NULL
6980,22680,1309937494,-1,NULL,NULL
6980,4160,1309509001,-1,NULL,NULL
6980,15515,1309516312,1,NULL,NULL
6980,7606,1309509001,0,NULL,NULL
6980,10829,1309509001,0,NULL,NULL
6980,3933,1309937494,-1,NULL,NULL
6980,22432,1309516351,1,NULL,NULL
6980,10520,1309937465,0,NULL,NULL
6980,7238,1309937465,-1,NULL,NULL
6982,16341,1309796137,1,NULL,NULL
6983,26836,1309785916,0,NULL,NULL
6983,2344,1309785916,0,NULL,NULL
6983,20565,1309785916,1,NULL,NULL
6983,19607,1309785916,0,NULL,NULL
6989,45,1309321177,0,NULL,NULL
6989,20870,1309321177,0,NULL,NULL
6989,27467,1309321177,1,NULL,NULL
6990,36850,1309271086,1,NULL,NULL
6990,37002,1309271086,1,NULL,NULL
6990,7426,1309271086,1,NULL,NULL
6990,5209,1309271086,1,NULL,NULL
6991,24434,1309182816,1,NULL,NULL
6991,29931,1309182816,1,NULL,NULL
6991,22183,1309261146,0,NULL,NULL
6991,5952,1309261146,1,NULL,NULL
6991,10184,1309261146,1,NULL,NULL
6991,4841,1309263417,0,NULL,NULL
6991,36800,1309263417,-1,NULL,NULL
6991,17676,1309264815,0,NULL,NULL
6991,4619,1309264815,0,NULL,NULL
6993,26511,1309166332,-1,NULL,NULL
7000,3978,1309077378,0,NULL,NULL
7003,5139,1308896070,1,NULL,NULL
7003,6362,1308896070,1,NULL,NULL
7005,17009,1308840165,0,NULL,NULL
7005,5078,1308840165,0,NULL,NULL
7005,28381,1308840165,1,NULL,NULL
7005,18951,1308840165,0,NULL,NULL
7008,19803,1308788876,-1,NULL,NULL
7008,32023,1308788876,1,NULL,NULL
7008,26170,1308788876,0,NULL,NULL
7008,10264,1308788876,0,NULL,NULL
7008,16327,1308788876,1,NULL,NULL
7008,7042,1308788876,0,NULL,NULL
7008,30898,1308788876,0,NULL,NULL
7008,12412,1308788876,-1,NULL,NULL
7008,15872,1308788876,1,NULL,NULL
7008,33651,1308788876,1,NULL,NULL
7009,14806,1308732120,1,NULL,NULL
7009,1440,1308732120,1,NULL,NULL
7015,24903,1308040833,0,NULL,NULL
7015,8343,1308141328,0,NULL,NULL
7015,25841,1308484003,-1,NULL,NULL
7025,16072,1307947958,-1,NULL,NULL
7025,9524,1308017465,0,NULL,NULL
7034,5926,1307798144,0,NULL,NULL
7039,7572,1307716161,0,NULL,NULL
7042,35566,1307700072,1,NULL,NULL
7045,15869,1307617753,1,NULL,NULL
7045,19814,1307617753,0,NULL,NULL
7045,31164,1307617753,1,NULL,NULL
7045,14097,1307617753,0,NULL,NULL
7045,4168,1307617753,1,NULL,NULL
7045,37187,1307617753,1,NULL,NULL
7045,370,1307617753,1,NULL,NULL
7045,29554,1307617753,1,NULL,NULL
7045,12632,1307617753,0,NULL,NULL
7045,27696,1307617753,0,NULL,NULL
7046,37007,1307649316,0,NULL,NULL
7057,28499,1307271211,0,NULL,NULL
7057,2251,1307271211,0,NULL,NULL
7057,10858,1307271211,1,NULL,NULL
7057,22537,1307271211,0,NULL,NULL
7060,10654,1307198869,0,NULL,NULL
7060,21529,1307198869,0,NULL,NULL
7060,11141,1307198869,1,NULL,NULL
7060,14875,1307198869,0,NULL,NULL
7064,1337,1307114392,-1,NULL,NULL
7064,16129,1307114392,-1,0.0,0.0
7064,10997,1307114392,-1,NULL,NULL
7064,95,1307114392,-1,NULL,NULL
7064,11064,1307114392,0,NULL,NULL
7064,13855,1307114392,-1,NULL,NULL
7064,14222,1307114392,0,NULL,NULL
7064,32433,1307114392,-1,NULL,NULL
7064,6656,1307114392,-1,NULL,NULL
7064,13846,1307114392,-1,NULL,NULL
7066,8095,1307028372,1,NULL,NULL
7066,7527,1307034930,0,NULL,NULL
7066,9687,1307034930,0,NULL,NULL
7066,9562,1307028372,1,NULL,NULL
7066,32159,1307028372,0,NULL,NULL
7066,20415,1307034930,0,NULL,NULL
7066,30822,1307028372,0,NULL,NULL
7066,18742,1307034930,0,NULL,NULL
7066,33622,1307028372,0,NULL,NULL
7066,33532,1307034930,0,NULL,NULL
7070,4794,1306943610,1,NULL,NULL
7070,13249,1306943610,1,NULL,NULL
7071,17127,1306918481,1,NULL,NULL
7071,31855,1306918481,1,NULL,NULL
7075,34175,1306745891,1,NULL,NULL
7075,9660,1306745891,0,NULL,NULL
7075,4605,1306745891,0,NULL,NULL
7081,37375,1306598071,0,NULL,NULL
7081,34415,1306598071,1,NULL,NULL
7081,23019,1306598071,0,NULL,NULL
7081,12048,1306598071,0,NULL,NULL
7081,20399,1303700087,1,NULL,NULL
7081,28366,1306598071,1,NULL,NULL
7081,6253,1306598071,0,NULL,NULL
7081,2893,1303700087,0,NULL,NULL
7081,28355,1306598071,0,NULL,NULL
7081,29622,1303700151,0,NULL,NULL
7082,7962,1306589715,0,NULL,NULL
7084,19566,1306512562,1,NULL,NULL
7084,4481,1306512562,0,NULL,NULL
7084,30338,1306563080,0,NULL,NULL
7084,6291,1306563080,0,NULL,NULL
7084,19010,1306563080,1,NULL,NULL
7084,6514,1306563080,0,NULL,NULL
7088,21968,1306415111,0,NULL,NULL
7090,22313,1306148858,1,NULL,NULL
7094,10504,1305822622,0,NULL,NULL
7094,26226,1305822622,0,NULL,NULL
7099,5007,1305718598,1,NULL,NULL
7099,31757,1305182655,1,NULL,NULL
7099,31761,1305104763,1,NULL,NULL
7099,16720,1305182655,1,NULL,NULL
7099,22335,1305711308,1,NULL,NULL
7099,19425,1305104763,0,NULL,NULL
7099,18667,1305188229,0,NULL,NULL
7099,34178,1305186195,0,NULL,NULL
7099,35375,1305188229,1,NULL,NULL
7099,7871,1305104763,1,NULL,NULL
7104,4348,1305598328,0,NULL,NULL
7104,1398,1305598328,0,NULL,NULL
7104,691,1305598328,0,NULL,NULL
7104,13858,1305598328,0,NULL,NULL
7109,26215,1305284099,0,0.0,0.0
7109,12352,1305284099,1,NULL,NULL
7109,12660,1305284099,-1,NULL,NULL
7109,24718,1305284099,1,NULL,NULL
7109,24660,1305284099,-1,NULL,NULL
7109,34980,1305284099,0,NULL,NULL
7112,17510,1305183367,0,NULL,NULL
7112,27411,1305183367,0,NULL,NULL
7112,6362,1305183367,0,NULL,NULL
7112,20267,1305183367,0,NULL,NULL
7112,23819,1305183367,0,NULL,NULL
7112,35069,1305183367,0,NULL,NULL
7112,33124,1305183367,0,NULL,NULL
7112,19974,1305183367,0,NULL,NULL
7112,31194,1305183367,0,NULL,NULL
7112,17785,1305183367,0,NULL,NULL
7113,9908,1305180785,1,NULL,NULL
7121,19265,1304848152,1,NULL,NULL
7122,4782,1304764295,0,NULL,NULL
7122,5991,1304764295,0,NULL,NULL
7122,4029,1304764295,0,NULL,NULL
7122,27762,1304764295,0,NULL,NULL
7122,28117,1304764295,0,NULL,NULL
7122,10403,1304759671,1,NULL,NULL
7122,28150,1304764295,0,NULL,NULL
7122,10961,1304786964,0,NULL,NULL
7122,37313,1304764295,1,NULL,NULL
7122,27601,1304786964,0,NULL,NULL
7125,5485,1304429240,-1,NULL,NULL
7125,33822,1304429240,1,NULL,NULL
7125,24690,1304049188,1,NULL,NULL
7125,16034,1304049188,-1,NULL,NULL
7125,15171,1304429240,0,NULL,NULL
7125,14361,1304429240,1,NULL,NULL
7125,9957,1304429240,1,NULL,NULL
7125,27638,1304429240,0,NULL,NULL
7125,18116,1304049188,0,NULL,NULL
7125,30130,1304049188,0,NULL,NULL
7129,28247,1304453778,0,NULL,NULL
7131,1308,1304357948,0,NULL,NULL
7132,9441,1304350554,0,NULL,NULL
7132,18708,1304350554,1,NULL,NULL
7133,31939,1304350413,0,NULL,NULL
7134,33805,1304347052,0,NULL,NULL
7134,32152,1304347052,0,NULL,NULL
7134,27992,1304347052,1,NULL,NULL
7134,11880,1304347052,1,NULL,NULL
7134,2152,1304347052,0,NULL,NULL
7134,4227,1304347052,0,NULL,NULL
7134,13227,1304347052,0,NULL,NULL
7135,20514,1304344785,0,NULL,NULL
7135,2406,1304344785,0,NULL,NULL
7135,25730,1304344785,0,NULL,NULL
7135,17295,1304344785,0,NULL,NULL
7135,5697,1304344785,1,NULL,NULL
7135,24206,1304344785,0,NULL,NULL
7135,16683,1304344785,1,NULL,NULL
7135,26544,1304344785,0,NULL,NULL
7140,8791,1304103382,-1,NULL,NULL
7140,31487,1304103382,1,NULL,NULL
7145,9702,1304081854,0,NULL,NULL
7145,23172,1304081854,0,NULL,NULL
7147,4353,1303939641,0,NULL,NULL
7148,15353,1303938483,0,NULL,NULL
7149,21776,1303847897,0,NULL,NULL
7149,7839,1303847897,0,NULL,NULL
7149,31065,1303847897,1,NULL,NULL
7149,21381,1303847897,0,NULL,NULL
7149,3994,1303847897,1,NULL,NULL
7149,10680,1303937346,1,NULL,NULL
7149,16297,1303937346,1,NULL,NULL
7153,28255,1303637554,0,NULL,NULL
7153,7688,1303637554,1,NULL,NULL
7153,15594,1303637554,0,NULL,NULL
7153,25232,1303637554,1,NULL,NULL
7153,24092,1303637554,0,NULL,NULL
7157,26630,1303372229,0,NULL,NULL
7157,13589,1303372229,0,NULL,NULL
7157,13701,1303372229,0,NULL,NULL
7157,660,1303372229,0,NULL,NULL
7157,521,1303372229,0,NULL,NULL
7157,16308,1303372229,0,NULL,NULL
7157,16686,1303372229,0,NULL,NULL
7157,12671,1303372229,0,NULL,NULL
7157,24994,1303372229,1,NULL,NULL
7157,9836,1303372229,0,NULL,NULL
7159,16009,1303334319,0,NULL,NULL
7159,33655,1303334319,0,NULL,NULL
7169,24415,1303053487,0,NULL,NULL
7169,26660,1303053487,0,NULL,NULL
7169,33551,1303053487,0,NULL,NULL
7170,23025,1303050429,0,NULL,NULL
7174,22035,1302958014,1,NULL,NULL
7174,6948,1302958014,-1,NULL,NULL
7174,36409,1302958014,1,NULL,NULL
7174,19447,1302958014,1,NULL,NULL
7175,17539,1302956663,0,NULL,NULL
7179,13624,1302818705,-1,NULL,NULL
7179,17609,1302818705,1,NULL,NULL
7185,7045,1302695226,1,NULL,NULL
7185,30136,1302695226,0,NULL,NULL
7187,2363,1302619012,1,NULL,NULL
7187,22134,1302619012,1,NULL,NULL
7187,15941,1302619012,1,NULL,NULL
7187,22803,1302619012,0,NULL,NULL
7188,31445,1302470989,1,NULL,NULL
7188,10947,1302470989,1,NULL,NULL
7188,33600,1302546757,0,NULL,NULL
7188,12495,1302546916,0,NULL,NULL
7188,1399,1302546916,0,NULL,NULL
7193,33822,1294767645,0,NULL,NULL
7193,8347,1302376554,0,NULL,NULL
7197,20769,1302261937,0,NULL,NULL
7197,25747,1302261937,0,NULL,NULL
7205,13540,1301643475,-1,NULL,NULL
7205,12897,1301643475,-1,NULL,NULL
7206,26172,1301593672,0,NULL,NULL
7206,23173,1301593672,0,NULL,NULL
7206,11776,1301600525,-1,NULL,NULL
7209,25648,1301476663,1,NULL,NULL
7209,3979,1301476663,1,NULL,NULL
7209,30224,1301476663,1,NULL,NULL
7209,5491,1301476663,0,NULL,NULL
7209,4570,1301488854,0,NULL,NULL
7209,11821,1301488854,0,NULL,NULL
7209,28157,1301488854,0,NULL,NULL
7209,27810,1301488854,0,NULL,NULL
7224,22319,1300842159,1,NULL,NULL
7224,28113,1300842159,1,NULL,NULL
7229,17170,1300702339,0,NULL,NULL
7229,14977,1300702380,0,NULL,NULL
7231,21281,1299932582,1,NULL,NULL
7232,22209,1299873149,0,NULL,NULL
7232,35634,1299873149,1,NULL,NULL
7232,28655,1299924003,0,NULL,NULL
7232,16896,1299924003,1,NULL,NULL
7232,19494,1299924003,1,NULL,NULL
7232,22922,1299924003,0,NULL,NULL
7233,34661,1299919876,0,NULL,NULL
7233,13018,1299919876,0,NULL,NULL
7248,17997,1298999403,0,NULL,NULL
7248,33476,1298999403,1,NULL,NULL
7248,18096,1298999403,0,NULL,NULL
7254,5106,1297371099,1,NULL,NULL
7254,30658,1297456928,1,NULL,NULL
7254,27856,1297633251,-1,NULL,NULL
7254,13551,1297795631,1,NULL,NULL
7254,7801,1297795631,0,NULL,NULL
7254,16019,1298810600,0,NULL,NULL
7254,9007,1298810600,0,NULL,NULL
7254,13997,1298918482,1,NULL,NULL
7254,11731,1298918482,1,NULL,NULL
7258,33801,1298805713,1,NULL,NULL
7258,4537,1298805713,1,NULL,NULL
7259,34102,1298793522,1,NULL,NULL
7259,10015,1298793522,0,NULL,NULL
7259,9907,1298793522,1,NULL,NULL
7259,25824,1298793522,0,NULL,NULL
7259,4600,1298793522,1,NULL,NULL
7259,30280,1298793522,0,NULL,NULL
7259,17971,1298793522,-1,NULL,NULL
7259,30817,1298793522,0,NULL,NULL
7259,24496,1298793522,0,NULL,NULL
7262,12606,1298707864,0,NULL,NULL
7263,11899,1298619517,1,NULL,NULL
7263,9938,1298619517,0,NULL,NULL
7263,19767,1298619517,-1,NULL,NULL
7263,10701,1298619517,0,NULL,NULL
7273,28024,1298474703,0,NULL,NULL
7273,566,1298474703,0,NULL,NULL
7273,14281,1298474703,0,NULL,NULL
7273,17063,1298474703,0,NULL,NULL
7273,14210,1298474703,0,NULL,NULL
7273,25732,1298474703,0,NULL,NULL
7273,14029,1298474703,0,NULL,NULL
7273,27319,1298474703,0,NULL,NULL
7273,7828,1298474703,0,NULL,NULL
7273,12191,1298474703,0,NULL,NULL
7284,12891,1298361632,0,NULL,NULL
7284,36713,1298361632,-1,NULL,NULL
7284,19524,1298361632,0,NULL,NULL
7284,24854,1298361632,0,NULL,NULL
7284,4470,1298361632,-1,NULL,NULL
7284,4926,1298361632,-1,NULL,NULL
7284,24864,1298361632,-1,NULL,NULL
7284,34906,1298361632,-1,NULL,NULL
7284,15401,1298361632,1,NULL,NULL
7284,14876,1298361632,1,NULL,NULL
7286,21572,1298306414,-1,NULL,NULL
7286,8791,1298306414,-1,NULL,NULL
7289,2159,1298279928,0,NULL,NULL
7292,28118,1298012260,0,NULL,NULL
7292,21622,1298012260,0,NULL,NULL
7299,4920,1297750915,0,NULL,NULL
7299,8377,1297750915,1,NULL,NULL
7299,19491,1297750915,0,NULL,NULL
7300,6228,1297694184,1,NULL,NULL
7300,9250,1297694184,0,NULL,NULL
7307,2259,1297404551,1,NULL,NULL
7310,14175,1297401925,-1,NULL,NULL
7311,9280,1297377495,1,NULL,NULL
7311,16829,1297377495,0,NULL,NULL
7311,8665,1297377495,0,NULL,NULL
7311,2965,1297377495,0,NULL,NULL
7311,5570,1297377495,0,NULL,NULL
7311,27151,1297377495,1,NULL,NULL
7311,27176,1297377495,0,NULL,NULL
7311,20442,1297377495,1,NULL,NULL
7311,3992,1297377495,0,NULL,NULL
7311,8866,1297377495,0,NULL,NULL
7312,10947,1297353831,1,NULL,NULL
7312,4508,1297353831,1,NULL,NULL
7312,8687,1297353831,0,NULL,NULL
7312,9,1297353831,0,NULL,NULL
7312,27262,1297353831,1,NULL,NULL
7312,13695,1297353831,0,NULL,NULL
7312,26800,1297353831,0,NULL,NULL
7312,13745,1297353831,1,NULL,NULL
7312,33966,1297355146,-1,NULL,NULL
7317,9599,1297255329,0,NULL,NULL
7320,14948,1297179311,0,NULL,NULL
7320,18612,1297179311,1,NULL,NULL
7320,9504,1297228753,0,NULL,NULL
7329,13311,1296873394,0,NULL,NULL
7329,13424,1296907256,0,NULL,NULL
7329,23317,1296873394,0,NULL,NULL
7329,1142,1296873394,0,NULL,NULL
7329,14918,1296907256,0,NULL,NULL
7329,28050,1296907256,0,NULL,NULL
7329,614,1296907256,0,NULL,NULL
7329,27842,1296907256,0,NULL,NULL
7329,13391,1296907256,-1,NULL,NULL
7329,8583,1296873394,0,NULL,NULL
7331,23896,1296841723,0,NULL,NULL
7331,5844,1296841723,0,NULL,NULL
7331,1270,1296841723,0,NULL,NULL
7331,5492,1296841723,0,NULL,NULL
7332,6270,1296813403,0,NULL,NULL
7332,5437,1296819953,0,NULL,NULL
7333,18409,1296722296,1,NULL,NULL
7333,2361,1296722296,1,NULL,NULL
7333,13854,1296722296,0,NULL,NULL
7333,24664,1296722296,1,NULL,NULL
7333,18452,1296722296,1,NULL,NULL
7333,6904,1296722296,0,NULL,NULL
7333,15336,1296722296,1,NULL,NULL
7333,23733,1296722296,0,NULL,NULL
7333,19472,1296748063,0,NULL,NULL
7333,9911,1296722296,1,NULL,NULL
7337,30054,1296593548,0,NULL,NULL
7337,13642,1296593548,1,NULL,NULL
7337,24046,1296593548,0,NULL,NULL
7337,10367,1296593548,0,NULL,NULL
7337,19006,1296593548,0,NULL,NULL
7337,15412,1296593548,0,NULL,NULL
7337,31257,1296593548,0,NULL,NULL
7337,33038,1296593548,0,NULL,NULL
7337,7487,1296593548,0,NULL,NULL
7342,6631,1296461749,0,NULL,NULL
7347,28531,1294418531,0,NULL,NULL
7347,28839,1294418924,0,NULL,NULL
7347,22452,1294423906,1,NULL,NULL
7347,16438,1296341147,0,NULL,NULL
7347,28249,1296363840,0,NULL,NULL
7349,4665,1296234419,0,NULL,NULL
7349,22379,1296234419,0,NULL,NULL
7349,26974,1296234419,1,NULL,NULL
7349,9960,1296234419,0,NULL,NULL
7349,24633,1296234419,0,NULL,NULL
7349,1955,1296234419,1,NULL,NULL
7349,16760,1296234419,-1,NULL,NULL
7349,18251,1296234419,0,NULL,NULL
7349,10677,1296234419,0,NULL,NULL
7349,4683,1296234419,-1,NULL,NULL
7352,14888,1295877322,0,NULL,NULL
7352,14474,1295877322,0,NULL,NULL
7353,28142,1295525367,1,NULL,NULL
7353,19690,1295525367,0,NULL,NULL
7353,4573,1295525367,0,NULL,NULL
7353,12443,1295627811,1,NULL,NULL
7361,18437,1295435944,1,NULL,NULL
7361,26560,1295435944,1,NULL,NULL
7361,15406,1295438471,-1,NULL,NULL
7361,9269,1295438471,0,NULL,NULL
7362,7838,1288338991,0,NULL,NULL
7362,21988,1288338991,1,NULL,NULL
7362,19689,1295431929,1,NULL,NULL
7362,13434,1295431929,1,NULL,NULL
7362,21973,1295431929,0,NULL,NULL
7362,10766,1288338991,0,NULL,NULL
7362,4204,1295431929,1,NULL,NULL
7362,28424,1288338991,0,NULL,NULL
7362,13508,1288338991,1,NULL,NULL
7362,14245,1295431929,1,NULL,NULL
7363,21597,1295363227,0,NULL,NULL
7364,8293,1295354132,0,NULL,NULL
7367,33633,1294971204,1,NULL,NULL
7367,32159,1294971204,1,NULL,NULL
7367,34195,1294981900,0,NULL,NULL
7367,21047,1294981900,0,NULL,NULL
7367,5297,1294997216,0,NULL,NULL
7367,31762,1294997729,0,NULL,NULL
7367,16303,1295167014,1,NULL,NULL
7367,15176,1295167014,0,NULL,NULL
7367,8549,1295167014,1,NULL,NULL
7369,31331,1295105755,0,NULL,NULL
7369,22574,1295108720,1,NULL,NULL
7369,6349,1295108720,0,NULL,NULL
7369,6682,1295108720,1,NULL,NULL
7369,20984,1295108720,0,NULL,NULL
7371,15339,1295001419,1,NULL,NULL
7371,17436,1295001419,0,NULL,NULL
7375,27178,1294920065,0,NULL,NULL
7375,35625,1294920065,0,NULL,NULL
7375,25118,1294920065,0,NULL,NULL
7375,25018,1294920065,0,NULL,NULL
7375,6792,1294920065,0,NULL,NULL
7375,27910,1294920065,0,NULL,NULL
7375,30756,1294920065,0,NULL,NULL
7375,7254,1294920065,0,NULL,NULL
7375,22219,1294920065,1,NULL,NULL
7375,27639,1294920065,0,NULL,NULL
7387,91,1294650185,1,NULL,NULL
7387,13109,1294480319,-1,NULL,NULL
7387,24892,1294480319,0,NULL,NULL
7387,19605,1294507740,1,NULL,NULL
7387,21107,1294653562,1,NULL,NULL
7387,33727,1294480319,1,NULL,NULL
7387,13118,1294650185,0,NULL,NULL
7387,8961,1294650185,1,NULL,NULL
7387,25751,1294650185,0,NULL,NULL
7387,13245,1294480319,1,NULL,NULL
7390,2945,1294476258,0,NULL,NULL
7392,18689,1294327853,0,NULL,NULL
7392,463,1294327853,0,NULL,NULL
7392,17957,1294327853,0,NULL,NULL
7392,28589,1294327853,0,NULL,NULL
7401,30255,1294215627,0,NULL,NULL
7407,671,1294150634,-1,NULL,NULL
7407,21356,1294150634,0,NULL,NULL
7409,20017,1294061760,-1,NULL,NULL
7412,17296,1293907120,0,NULL,NULL
7412,30263,1293907120,1,NULL,NULL
7412,26206,1293907120,0,NULL,NULL
7412,18600,1293907120,1,NULL,NULL
7412,11821,1293907120,1,NULL,NULL
7417,4482,1293457436,-1,NULL,NULL
7417,21332,1293457436,0,NULL,NULL
7417,9276,1293457436,0,NULL,NULL
7417,2469,1293457436,1,NULL,NULL
7418,19262,1293541859,0,NULL,NULL
7418,14122,1293541859,0,NULL,NULL
7418,10401,1293541859,0,NULL,NULL
7418,9562,1293541859,0,NULL,NULL
7418,10056,1293541859,0,NULL,NULL
7418,21365,1293541859,0,NULL,NULL
7418,12835,1293541859,0,NULL,NULL
7418,17440,1293541859,0,NULL,NULL
7418,8752,1293541859,0,NULL,NULL
7421,13360,1293184183,1,NULL,NULL
7421,9126,1293184183,1,NULL,NULL
7421,16246,1293184183,0,NULL,NULL
7421,18820,1293184183,1,NULL,NULL
7421,36526,1293184183,1,NULL,NULL
7421,11688,1293184183,1,NULL,NULL
7421,4674,1293184183,1,NULL,NULL
7421,10641,1293184183,1,NULL,NULL
7421,24474,1293184183,1,NULL,NULL
7422,17904,1293181952,1,NULL,NULL
7422,2064,1293181952,0,NULL,NULL
7422,428,1293182064,0,NULL,NULL
7426,20976,1292854998,1,NULL,NULL
7426,23730,1292854998,1,NULL,NULL
7426,11696,1292854998,-1,NULL,NULL
7426,16801,1292854998,0,NULL,NULL
7426,1166,1292854998,0,NULL,NULL
7427,20724,1292854636,0,NULL,NULL
7429,27388,1292838513,0,NULL,NULL
7429,21344,1292838513,0,NULL,NULL
7433,8328,1292669284,-1,NULL,NULL
7433,28706,1292665676,0,NULL,NULL
7433,13164,1292665224,0,NULL,NULL
7433,33315,1292665676,0,NULL,NULL
7433,35181,1292665224,0,NULL,NULL
7433,12466,1292665224,1,NULL,NULL
7433,28251,1292665224,1,NULL,NULL
7433,16877,1292665224,-1,NULL,NULL
7433,16058,1292665224,0,NULL,NULL
7433,4773,1292665224,0,NULL,NULL
7435,33182,1292578472,0,NULL,NULL
7435,4219,1292578472,0,NULL,NULL
7435,32579,1292578472,1,NULL,NULL
7442,18734,1292390154,0,NULL,NULL
7442,31229,1292390154,1,NULL,NULL
7445,27342,1292243619,0,NULL,NULL
7445,9236,1292243619,1,NULL,NULL
7445,4681,1292243619,0,NULL,NULL
7445,27857,1292243619,1,NULL,NULL
7445,16493,1292243619,0,NULL,NULL
7445,1224,1292243619,0,NULL,NULL
7445,21441,1292243619,0,NULL,NULL
7445,4914,1292243619,-1,NULL,NULL
7445,22485,1292312248,1,NULL,NULL
7449,35577,1291889777,0,NULL,NULL
7449,28012,1291907871,0,NULL,NULL
7449,9175,1291889777,0,NULL,NULL
7449,10997,1291907871,0,NULL,NULL
7449,34989,1291889777,0,NULL,NULL
7449,9858,1291889777,0,NULL,NULL
7449,16013,1291916911,1,NULL,NULL
7449,28021,1291907871,0,NULL,NULL
7449,24653,1291889777,-1,NULL,NULL
7449,26662,1291889777,0,NULL,NULL
7465,28296,1291667362,1,NULL,NULL
7465,22856,1291667362,1,NULL,NULL
7476,13022,1291011777,-1,NULL,NULL
7476,26933,1291011777,0,NULL,NULL
7476,22011,1291011777,0,NULL,NULL
7476,9583,1291011777,1,NULL,NULL
7476,25176,1291011777,1,NULL,NULL
7476,1123,1291011777,-1,NULL,NULL
7486,21155,1290607447,0,NULL,NULL
7486,22468,1290522095,-1,NULL,NULL
7486,11712,1290522095,-1,NULL,NULL
7486,5420,1290607447,0,NULL,NULL
7486,26240,1290607447,0,NULL,NULL
7486,8411,1290607447,0,NULL,NULL
7486,33403,1290607447,0,NULL,NULL
7486,16402,1290607447,1,NULL,NULL
7486,27974,1290607447,1,NULL,NULL
7486,9865,1290522095,-1,NULL,NULL
7491,6008,1290206626,0,NULL,NULL
7499,31598,1289655765,1,NULL,NULL
7499,6171,1289655765,0,NULL,NULL
7503,10466,1289554298,0,NULL,NULL
7503,31,1289554298,0,NULL,NULL
7505,31612,1289476660,0,NULL,NULL
7509,5486,1289237390,-1,NULL,NULL
7509,2320,1289237390,1,NULL,NULL
7509,21921,1289237390,0,NULL,NULL
7512,22347,1289066889,0,NULL,NULL
7512,31472,1289066889,0,NULL,NULL
7512,9239,1289066889,0,NULL,NULL
7512,7758,1289066889,0,NULL,NULL
7512,12832,1289068983,0,NULL,NULL
7512,19338,1289068983,0,NULL,NULL
7512,1044,1289068983,0,NULL,NULL
7514,19871,1289053767,1,NULL,NULL
7514,17645,1289053767,1,NULL,NULL
7514,20348,1289053767,1,NULL,NULL
7514,30330,1289053767,0,NULL,NULL
7515,27240,1288860325,0,NULL,NULL
7515,36808,1288860325,0,NULL,NULL
7515,32283,1288860325,0,NULL,NULL
7515,30887,1288860325,0,NULL,NULL
7515,21916,1289029425,0,NULL,NULL
7515,23188,1289029425,1,NULL,NULL
7515,14041,1289029425,1,NULL,NULL
7519,9012,1288937216,0,NULL,NULL
7519,21238,1288939232,0,NULL,NULL
7519,21812,1288939232,-1,NULL,NULL
7522,16777,1288862412,0,NULL,NULL
7523,15220,1288774791,1,NULL,NULL
7523,16238,1288774791,0,NULL,NULL
7523,31066,1288774791,1,NULL,NULL
7525,35637,1288345643,0,NULL,NULL
7525,10092,1288345643,1,NULL,NULL
7525,12763,1288345643,0,NULL,NULL
7525,21085,1288345643,0,NULL,NULL
7527,15994,1288249332,1,NULL,NULL
7527,26903,1288249332,1,NULL,NULL
7530,6307,1288103512,1,NULL,NULL
7530,1683,1288103512,0,NULL,NULL
7532,19856,1288075285,0,NULL,NULL
7536,16657,1287683460,0,NULL,NULL
7549,26454,1286862857,0,NULL,NULL
7549,24851,1286862857,0,NULL,NULL
7549,37341,1286862857,0,NULL,NULL
7549,27224,1286862857,0,NULL,NULL
7549,37295,1286862857,0,NULL,NULL
7549,19632,1286862857,0,NULL,NULL
7549,28490,1286862857,0,NULL,NULL
7549,10483,1286862857,0,NULL,NULL
7550,1642,1286812659,1,NULL,NULL
7550,7096,1286812659,0,NULL,NULL
7550,24445,1286857368,1,NULL,NULL
7559,21909,1286431280,1,NULL,NULL
7559,18495,1286431280,0,NULL,NULL
7564,11069,1286037617,1,NULL,NULL
7564,21626,1286037617,1,NULL,NULL
7564,19652,1286037617,-1,NULL,NULL
7571,1151,1285707753,1,NULL,NULL
7571,13871,1285707753,0,NULL,NULL
7571,33447,1285707753,0,NULL,NULL
7571,13034,1285707753,0,NULL,NULL
7571,9762,1285707753,1,NULL,NULL
7580,16250,1285383113,0,NULL,NULL
7580,23957,1285383113,0,NULL,NULL
7580,13498,1285407954,1,NULL,NULL
7580,4261,1285407954,1,NULL,NULL
7580,28257,1285407954,0,NULL,NULL
7580,24037,1285407954,0,NULL,NULL
7580,15834,1285408297,-1,NULL,NULL
7581,20590,1285321028,1,NULL,NULL
7581,12207,1285321028,1,NULL,NULL
7583,32611,1285248687,0,NULL,NULL
7583,6987,1285248687,0,NULL,NULL
7583,32553,1285248687,0,NULL,NULL
7583,22801,1285248687,0,NULL,NULL
7583,9958,1285248687,0,NULL,NULL
7586,23213,1274364875,0,NULL,NULL
7586,35402,1274409143,0,NULL,NULL
7586,32112,1274409143,0,NULL,NULL
7586,4223,1285080423,1,NULL,NULL
7586,34271,1285080423,0,NULL,NULL
7588,599,1285060345,0,NULL,NULL
7588,22093,1285060345,0,NULL,NULL
7588,28598,1285060345,0,NULL,NULL
7588,4785,1285060345,0,NULL,NULL
7588,18124,1285060345,0,NULL,NULL
7588,28296,1285060345,0,NULL,NULL
7588,4571,1285060345,1,NULL,NULL
7588,21365,1285060345,0,NULL,NULL
7588,24558,1285060345,-1,NULL,NULL
7588,25983,1285060345,0,NULL,NULL
7589,35600,1285060151,1,NULL,NULL
7589,9067,1285060255,0,NULL,NULL
7592,6729,1284928790,0,NULL,NULL
7599,264,1284658336,0,NULL,NULL
7599,614,1284658336,0,NULL,NULL
7603,447,1284546383,0,NULL,NULL
7603,4509,1284546383,0,NULL,NULL
7603,15981,1284546383,0,NULL,NULL
7603,16070,1284551846,1,NULL,NULL
7603,1212,1284551846,0,NULL,NULL
7603,30352,1284553705,0,NULL,NULL
7603,34695,1284555412,0,NULL,NULL
7608,6541,1284428460,0,NULL,NULL
7608,36888,1284428460,0,NULL,NULL
7608,20129,1284428460,1,NULL,NULL
7610,31478,1284175318,0,NULL,NULL
7610,22534,1284175318,1,NULL,NULL
7610,21513,1284175318,0,NULL,NULL
7610,10548,1284175318,0,NULL,NULL
7612,24872,1283605545,0,NULL,NULL
7612,16407,1283607453,1,NULL,NULL
7612,28345,1283612805,0,NULL,NULL
7612,146,1283612805,1,NULL,NULL
7612,19157,1283612805,0,NULL,NULL
7612,24305,1283612805,0,NULL,NULL
7612,27456,1283678563,0,NULL,NULL
7612,6756,1283845378,0,NULL,NULL
7615,6186,1283529391,1,NULL,NULL
7616,23718,1283522226,0,NULL,NULL
7616,7943,1283522999,0,NULL,NULL
7616,108,1283524351,0,NULL,NULL
7617,14469,1283521025,0,NULL,NULL
7617,12584,1283521025,0,NULL,NULL
7619,19595,1283404244,0,NULL,NULL
7619,7469,1283404244,0,NULL,NULL
7619,11746,1283404746,0,NULL,NULL
7619,1838,1283404746,0,NULL,NULL
7620,30318,1283346878,0,NULL,NULL
7620,33789,1283346878,0,NULL,NULL
7622,28723,1283319579,0,NULL,NULL
7623,14312,1283308369,1,NULL,NULL
7623,27188,1283308369,0,NULL,NULL
7636,1039,1282742349,0,NULL,NULL
7638,7192,1282737085,0,NULL,NULL
7638,36129,1282737085,0,NULL,NULL
7639,13868,1282639695,0,NULL,NULL
7639,6896,1282639695,0,NULL,NULL
7639,10433,1282639695,0,NULL,NULL
7639,34180,1282639695,0,NULL,NULL
7639,19333,1282736619,0,NULL,NULL
7639,29590,1282736619,0,NULL,NULL
7645,6736,1282291374,0,NULL,NULL
7645,22822,1282291374,1,NULL,NULL
7647,34178,1282268579,-1,NULL,NULL
7649,7968,1282215776,0,NULL,NULL
7653,10522,1282157338,-1,NULL,NULL
7653,27844,1282157338,-1,NULL,NULL
7653,20893,1282157338,1,NULL,NULL
7653,17763,1282157338,1,NULL,NULL
7653,10459,1282157338,0,NULL,NULL
7654,4873,1281733067,1,NULL,NULL
7654,17090,1281733067,0,NULL,NULL
7654,17545,1281733067,0,NULL,NULL
7654,10453,1281733067,0,NULL,NULL
7654,21577,1281733067,0,NULL,NULL
7654,13554,1281733067,1,NULL,NULL
7654,17724,1281733067,0,NULL,NULL
7654,19008,1281733067,0,NULL,NULL
7654,13213,1282063746,0,NULL,NULL
7659,20455,1281621048,1,NULL,NULL
7665,31033,1281497621,-1,NULL,NULL
7665,28168,1281176279,0,NULL,NULL
7665,35528,1281176279,0,NULL,NULL
7665,26262,1281176279,0,NULL,NULL
7665,13710,1281496610,1,NULL,NULL
7665,8479,1281176279,1,NULL,NULL
7665,33641,1281176279,0,NULL,NULL
7665,4722,1281176279,0,NULL,NULL
7665,19930,1281176279,0,NULL,NULL
7665,13037,1281176279,-1,NULL,NULL
7669,34248,1281349510,1,NULL,NULL
7669,6486,1281349510,1,NULL,NULL
7671,31990,1281104350,1,NULL,NULL
7672,16575,1281021972,1,NULL,NULL
7672,36984,1281021972,0,NULL,NULL
7672,10952,1281022043,1,NULL,NULL
7672,37694,1281022043,1,NULL,NULL
7672,25216,1281022043,0,NULL,NULL
7672,13370,1281022043,1,NULL,NULL
7672,25182,1281022043,0,NULL,NULL
7672,28573,1281022043,0,NULL,NULL
7672,3937,1281080389,1,NULL,NULL
7674,6132,1281021027,0,NULL,NULL
7674,9014,1281021027,1,NULL,NULL
7674,5418,1281021027,0,NULL,NULL
7674,27226,1281021027,0,NULL,NULL
7674,31260,1281021027,0,NULL,NULL
7674,34174,1281021027,1,NULL,NULL
7676,27163,1281011665,-1,NULL,NULL
7676,5695,1281011665,1,NULL,NULL
7677,9178,1280987409,0,NULL,NULL
7679,1074,1280923816,1,NULL,NULL
7679,31157,1280923816,0,NULL,NULL
7681,35350,1280828449,0,NULL,NULL
7691,20455,1280398079,0,NULL,NULL
7691,1336,1280398079,0,NULL,NULL
7691,7443,1280398079,1,NULL,NULL
7691,10421,1280398079,1,NULL,NULL
7691,30344,1280398079,1,NULL,NULL
7693,9330,1280394623,0,NULL,NULL
7693,31644,1280394623,0,NULL,NULL
7693,9610,1280394623,1,NULL,NULL
7693,3018,1280394623,0,NULL,NULL
7693,6417,1280394623,0,NULL,NULL
7693,30223,1280394623,1,NULL,NULL
7693,10743,1280394623,1,NULL,NULL
7693,30919,1280394623,1,NULL,NULL
7693,14007,1280394623,1,NULL,NULL
7693,14285,1280394623,-1,NULL,NULL
7696,33549,1280296244,1,NULL,NULL
7696,13125,1280296244,0,NULL,NULL
7696,26177,1280296244,-1,NULL,NULL
7696,36059,1280296244,0,NULL,NULL
7696,4816,1280296244,1,NULL,NULL
7698,13485,1280246893,0,NULL,NULL
7698,14893,1280246893,1,NULL,NULL
7698,8106,1280246893,0,NULL,NULL
7698,16488,1280246893,0,NULL,NULL
7698,12796,1280246893,0,NULL,NULL
7698,29590,1280246893,1,NULL,NULL
7701,5721,1279698877,-1,NULL,NULL
7701,7134,1280043089,-1,NULL,NULL
7701,13215,1280043089,-1,NULL,NULL
7701,5037,1280043089,-1,NULL,NULL
7701,30366,1279698877,0,NULL,NULL
7701,12758,1280220692,0,NULL,NULL
7701,23733,1280043089,1,NULL,NULL
7701,9142,1280043089,0,NULL,NULL
7701,6286,1280043089,-1,NULL,NULL
7701,32877,1280043089,-1,NULL,NULL
7702,13281,1280151162,0,NULL,NULL
7702,16554,1280151162,0,NULL,NULL
7702,26233,1280151162,1,NULL,NULL
7702,13109,1280151314,0,NULL,NULL
7704,5302,1280150740,0,NULL,NULL
7704,28274,1280150740,1,NULL,NULL
7704,7670,1280150740,1,NULL,NULL
7704,28040,1280150740,0,NULL,NULL
7708,31549,1279359953,0,NULL,NULL
7708,24096,1279359953,0,NULL,NULL
7708,29668,1279359953,0,NULL,NULL
7708,4558,1279359953,0,NULL,NULL
7708,13287,1279359953,0,NULL,NULL
7708,18849,1279807694,0,NULL,NULL
7708,31189,1279888681,1,NULL,NULL
7711,10080,1279810708,-1,NULL,NULL
7711,2096,1279810815,0,NULL,NULL
7711,23085,1279810815,1,NULL,NULL
7715,15150,1275984047,1,NULL,NULL
7715,12702,1275984047,0,NULL,NULL
7715,18388,1279764249,1,NULL,NULL
7715,15663,1279764249,1,NULL,NULL
7718,7465,1279568799,-1,NULL,NULL
7725,5479,1279368920,0,NULL,NULL
7725,22367,1279368920,0,NULL,NULL
7726,28594,1279272705,1,NULL,NULL
7729,7875,1279160370,1,NULL,NULL
7729,8547,1279160370,0,NULL,NULL
7729,33616,1279161918,-1,NULL,NULL
7736,9952,1278866148,1,NULL,NULL
7736,32008,1278866148,0,NULL,NULL
7736,4748,1278876805,0,NULL,NULL
7736,15158,1278876805,0,NULL,NULL
7737,8664,1278668826,0,0.0,0.0
7737,36229,1278850849,0,NULL,NULL
7737,9273,1278850849,0,NULL,NULL
7738,36408,1278795352,0,NULL,NULL
7738,19658,1278795352,1,NULL,NULL
7738,33620,1278795352,-1,NULL,NULL
7738,28376,1278795352,1,NULL,NULL
7738,31215,1278795352,-1,NULL,NULL
7738,8540,1278795352,0,NULL,NULL
7738,18194,1278795352,1,NULL,NULL
7738,5144,1278795352,0,NULL,NULL
7738,10039,1278795352,1,NULL,NULL
7739,13643,1278748669,0,NULL,NULL
7739,31200,1278748669,1,NULL,NULL
7739,2185,1278748669,-1,NULL,NULL
7739,17137,1278748697,0,NULL,NULL
7739,33513,1278748697,0,NULL,NULL
7739,6712,1278749940,0,NULL,NULL
7744,36401,1278575015,0,NULL,NULL
7744,20134,1278575015,0,NULL,NULL
7744,5485,1278591782,1,NULL,NULL
7744,20740,1278575015,1,NULL,NULL
7744,9744,1278577761,0,NULL,NULL
7744,20721,1278575015,1,NULL,NULL
7744,27276,1278575015,0,NULL,NULL
7744,28539,1278575015,0,NULL,NULL
7744,3068,1278575015,0,NULL,NULL
7744,14067,1278655972,1,NULL,NULL
7750,21179,1278483858,0,NULL,NULL
7750,35013,1278483858,1,NULL,NULL
7750,7113,1278483858,1,NULL,NULL
7750,25742,1278483858,0,NULL,NULL
7751,23113,1278429360,1,NULL,NULL
7751,9577,1278429360,0,NULL,NULL
7751,23953,1278429360,0,NULL,NULL
7751,20428,1278429360,1,NULL,NULL
7751,1165,1278429360,1,NULL,NULL
7751,10868,1278429360,0,NULL,NULL
7758,15496,1278299916,0,NULL,NULL
7758,34459,1278307172,0,NULL,NULL
7758,31802,1278307172,0,NULL,NULL
7758,26998,1278307172,0,NULL,NULL
7761,2319,1278076499,1,NULL,NULL
7761,17082,1278076499,-1,NULL,NULL
7761,30342,1278076499,1,NULL,NULL
7761,21575,1278076499,-1,NULL,NULL
7761,16300,1278076499,0,NULL,NULL
7761,7714,1278076499,1,NULL,NULL
7761,22926,1278076499,-1,NULL,NULL
7761,16651,1278076499,1,NULL,NULL
7761,33509,1278076499,0,NULL,NULL
7761,20621,1278076499,0,NULL,NULL
7764,33779,1278053836,1,NULL,NULL
7767,28679,1277988469,0,NULL,NULL
7767,33958,1277988469,0,NULL,NULL
7767,12730,1277988469,0,NULL,NULL
7767,30389,1277988469,0,NULL,NULL
7767,16276,1277988469,0,NULL,NULL
7767,12186,1277988469,0,NULL,NULL
7767,457,1277988469,0,NULL,NULL
7767,7635,1277988469,0,NULL,NULL
7767,15781,1277988469,0,NULL,NULL
7767,6895,1277988469,0,NULL,NULL
7770,21975,1277975699,0,NULL,NULL
7770,30819,1277975699,0,NULL,NULL
7770,31117,1277975699,0,NULL,NULL
7770,32079,1277975699,0,NULL,NULL
7770,31837,1277975699,0,NULL,NULL
7770,14281,1277975699,0,NULL,NULL
7770,20478,1277975699,0,NULL,NULL
7770,9250,1277975699,0,NULL,NULL
7770,21198,1277975699,0,NULL,NULL
7770,21724,1277975699,0,NULL,NULL
7773,25760,1277921329,0,NULL,NULL
7773,8496,1277921329,-1,NULL,NULL
7773,14327,1277888457,1,NULL,NULL
7773,6414,1277921329,1,NULL,NULL
7773,31379,1277921329,0,NULL,NULL
7773,13392,1277921329,-1,NULL,NULL
7773,13112,1277921329,0,NULL,NULL
7773,26453,1277921329,0,NULL,NULL
7773,5474,1277921329,0,NULL,NULL
7773,9543,1277921329,0,NULL,NULL
7774,17669,1277891996,0,NULL,NULL
7774,28388,1277891996,0,NULL,NULL
7774,26960,1277891996,1,NULL,NULL
7775,24563,1277880866,0,NULL,NULL
7775,28520,1277880866,1,NULL,NULL
7775,28315,1277880866,0,NULL,NULL
7775,28536,1277880866,-1,NULL,NULL
7775,23588,1277880866,0,NULL,NULL
7775,11766,1277880866,0,NULL,NULL
7779,9820,1277805575,0,NULL,NULL
7782,32739,1277795697,1,NULL,NULL
7785,30272,1277721471,1,NULL,NULL
7790,30312,1277700075,0,NULL,NULL
7790,2070,1277700075,1,NULL,NULL
7790,37666,1277700075,0,NULL,NULL
7790,8033,1277700075,0,NULL,NULL
7790,14054,1277700075,1,NULL,NULL
7790,35528,1277700075,0,NULL,NULL
7790,28464,1277700075,1,NULL,NULL
7790,14272,1277700075,1,NULL,NULL
7794,24711,1277535769,1,NULL,NULL
7797,21030,1277474179,0,NULL,NULL
7797,22473,1277477043,1,NULL,NULL
7797,1840,1277474179,1,NULL,NULL
7797,4130,1277474179,-1,NULL,NULL
7797,24743,1277477043,-1,NULL,NULL
7797,31057,1277474179,0,NULL,NULL
7797,14122,1277474179,0,NULL,NULL
7797,8681,1277474179,-1,NULL,NULL
7797,23436,1277477043,0,NULL,NULL
7797,20228,1277474179,-1,NULL,NULL
7799,21198,1277456764,0,NULL,NULL
7799,13839,1277456764,0,NULL,NULL
7800,13401,1277455883,1,NULL,NULL
7801,34060,1277454758,1,NULL,NULL
7801,9073,1277454758,0,NULL,NULL
7805,22849,1277384025,0,NULL,NULL
7805,1185,1277384025,0,NULL,NULL
7805,29901,1277384025,0,NULL,NULL
7805,4218,1277384025,1,NULL,NULL
7805,12900,1277384025,0,NULL,NULL
7805,16951,1277384025,0,NULL,NULL
7805,11117,1277384025,0,NULL,NULL
7805,27619,1277384025,0,NULL,NULL
7805,9696,1277384025,0,NULL,NULL
7805,13072,1277384025,1,NULL,NULL
7806,15730,1277340675,1,NULL,NULL
7807,5157,1277215865,0,NULL,NULL
7807,22198,1277215865,0,NULL,NULL
7807,5157,1277215865,0,NULL,NULL
7807,7186,1277215865,0,NULL,NULL
7807,20864,1277215865,-1,NULL,NULL
7807,24716,1277215865,1,NULL,NULL
7807,32931,1277215865,1,NULL,NULL
7807,28686,1277297372,-1,NULL,NULL
7808,4295,1277292746,1,NULL,NULL
7808,19835,1277292746,0,NULL,NULL
7812,22259,1259743123,0,NULL,NULL
7812,26444,1277237998,0,NULL,NULL
7816,15391,1276787991,0,NULL,NULL
7816,2336,1276787991,0,NULL,NULL
7816,9960,1276858355,-1,NULL,NULL
7816,30662,1276858355,1,NULL,NULL
7816,16429,1276858355,0,NULL,NULL
7816,20420,1276858355,0,NULL,NULL
7816,7701,1277126591,1,NULL,NULL
7816,17681,1277126591,0,NULL,NULL
7816,23730,1277126591,0,NULL,NULL
7822,17682,1276677202,1,NULL,NULL
7824,20405,1276661784,0,NULL,NULL
7827,30026,1276592595,1,NULL,NULL
7835,18601,1273484315,1,NULL,NULL
7835,14938,1273484315,1,NULL,NULL
7835,23104,1273484315,1,NULL,NULL
7835,24102,1276361681,0,NULL,NULL
7841,24525,1276080947,0,NULL,NULL
7842,1123,1276064500,0,NULL,NULL
7842,20938,1275988113,1,NULL,NULL
7842,6499,1276056558,0,NULL,NULL
7842,13864,1276056558,0,NULL,NULL
7842,6926,1275910995,0,NULL,NULL
7842,25645,1275988113,0,NULL,NULL
7842,3932,1275988113,0,NULL,NULL
7842,25885,1275988113,-1,NULL,NULL
7842,4658,1275910350,0,NULL,NULL
7842,10369,1276056558,0,NULL,NULL
7844,20645,1275984786,0,NULL,NULL
7844,11834,1275984786,1,NULL,NULL
7844,23498,1275984786,0,NULL,NULL
7848,14568,1275671789,1,NULL,NULL
7848,22553,1275671789,-1,NULL,NULL
7848,5193,1275724197,0,NULL,NULL
7848,13276,1275671789,-1,NULL,NULL
7848,12469,1275671789,-1,NULL,NULL
7848,12500,1275671789,0,NULL,NULL
7848,7191,1275671789,-1,NULL,NULL
7848,2281,1275671789,0,NULL,NULL
7848,22371,1275671789,0,NULL,NULL
7848,27368,1275671789,0,NULL,NULL
7849,13891,1271837818,0,NULL,NULL
7849,8310,1275643195,1,NULL,NULL
7849,4167,1275643195,0,NULL,NULL
7849,26779,1275643195,1,NULL,NULL
7849,28703,1275643195,-1,NULL,NULL
7849,8628,1275651075,0,NULL,NULL
7850,9070,1275627671,1,NULL,NULL
7853,1137,1275479067,0,NULL,NULL
7853,2060,1275479067,1,NULL,NULL
7853,26267,1275534327,0,NULL,NULL
7853,22738,1275534327,0,NULL,NULL
7853,11738,1275534327,0,NULL,NULL
7853,10782,1275534327,0,NULL,NULL
7855,18097,1275485683,1,NULL,NULL
7855,33605,1275485683,0,NULL,NULL
7855,5320,1275485683,0,NULL,NULL
7855,36365,1275485683,0,NULL,NULL
7855,18644,1275485683,0,NULL,NULL
7855,8247,1275485683,0,NULL,NULL
7855,28505,1275485683,0,NULL,NULL
7855,2804,1275485683,0,NULL,NULL
7855,27681,1275485683,0,NULL,NULL
7867,14166,1275030312,0,NULL,NULL
7867,26831,1275030312,0,NULL,NULL
7869,9562,1274967020,0,NULL,NULL
7869,14304,1274967020,1,NULL,NULL
7878,27619,1274425937,1,NULL,NULL
7880,10965,1274424258,1,NULL,NULL
7880,372,1274424380,0,NULL,NULL
7884,6618,1274242835,0,NULL,NULL
7884,6231,1274242835,0,NULL,NULL
7891,5065,1273881231,-1,NULL,NULL
7891,33744,1273881231,1,NULL,NULL
7891,26411,1273881231,0,NULL,NULL
7891,2158,1273881368,0,NULL,NULL
7891,12131,1273894298,-1,NULL,NULL
7892,13077,1273817758,1,NULL,NULL
7892,27167,1273817758,1,NULL,NULL
7892,33638,1273817758,1,NULL,NULL
7892,37529,1273817758,1,NULL,NULL
7892,31048,1273827898,0,NULL,NULL
7893,30149,1273759679,1,NULL,NULL
7895,13827,1273679840,1,NULL,NULL
7895,23971,1273679840,0,NULL,NULL
7895,27676,1273679840,1,NULL,NULL
7895,28188,1273679840,1,NULL,NULL
7895,1062,1273679840,0,NULL,NULL
7895,33908,1273679840,0,NULL,NULL
7895,28070,1273679840,1,NULL,NULL
7895,7201,1273679840,1,NULL,NULL
7895,31101,1273734475,0,NULL,NULL
7897,33602,1273562018,-1,NULL,NULL
7897,21929,1273562018,1,NULL,NULL
7897,28479,1273562018,0,NULL,NULL
7897,31373,1273647606,0,NULL,NULL
7898,20877,1273638287,0,NULL,NULL
7898,23142,1272023038,0,NULL,NULL
7898,18261,1273594823,0,NULL,NULL
7898,9924,1273594823,1,NULL,NULL
7898,23802,1273594823,1,NULL,NULL
7898,37528,1273594823,1,NULL,NULL
7898,1922,1273594823,-1,NULL,NULL
7898,15413,1273594823,-1,NULL,NULL
7898,12220,1272023038,1,NULL,NULL
7898,7485,1273638287,0,NULL,NULL
7900,5116,1273569424,0,NULL,NULL
7900,31718,1273569424,0,NULL,NULL
7900,9250,1273569424,0,NULL,NULL
7900,27864,1273569424,0,NULL,NULL
7900,30138,1273569424,-1,NULL,NULL
7902,15348,1273541802,0,NULL,NULL
7903,9709,1273153488,1,NULL,NULL
7904,34187,1273137734,1,NULL,NULL
7904,14390,1273137734,1,NULL,NULL
7904,31006,1273137734,1,NULL,NULL
7904,16536,1273137734,1,NULL,NULL
7904,19379,1273137734,0,NULL,NULL
7904,5906,1273137734,-1,NULL,NULL
7904,16168,1273137734,0,NULL,NULL
7904,31241,1273138307,0,NULL,NULL
7907,14124,1273024980,0,NULL,NULL
7907,5057,1273024980,0,NULL,NULL
7907,23197,1273024980,0,NULL,NULL
7907,34262,1273024980,0,NULL,NULL
7907,14514,1273024980,0,NULL,NULL
7907,35425,1273024980,0,NULL,NULL
7909,24447,1272619729,1,NULL,NULL
7909,22945,1272620911,0,NULL,NULL
7909,1243,1272620911,0,NULL,NULL
7909,9315,1272624378,0,NULL,NULL
7911,499,1272589442,0,NULL,NULL
7913,27551,1272445674,0,NULL,NULL
7914,28387,1272444259,1,NULL,NULL
7914,28114,1272444259,0,NULL,NULL
7914,8335,1272444259,0,NULL,NULL
7914,21276,1272444259,1,NULL,NULL
7914,34308,1272444259,0,NULL,NULL
7914,8457,1272444259,1,NULL,NULL
7914,6043,1272444259,0,NULL,NULL
7914,33517,1272444259,0,NULL,NULL
7914,8578,1272444259,0,NULL,NULL
7914,24145,1272444259,1,NULL,NULL
7928,25111,1271840844,0,NULL,NULL
7928,14216,1271840844,0,NULL,NULL
7928,37490,1271840844,0,NULL,NULL
7928,8070,1271840844,1,NULL,NULL
7930,14139,1271830085,1,NULL,NULL
7931,10894,1271814663,1,NULL,NULL
7931,6328,1271814663,1,NULL,NULL
7934,9111,1271663938,1,NULL,NULL
7934,19673,1271663938,1,NULL,NULL
7934,13807,1271663938,1,NULL,NULL
7934,5187,1271663938,0,NULL,NULL
7934,12165,1271663938,0,NULL,NULL
7945,17179,1271237344,0,NULL,NULL
7950,2146,1271081139,0,NULL,NULL
7950,18411,1271081139,0,NULL,NULL
7950,6870,1271081139,0,NULL,NULL
7950,7085,1271081139,0,NULL,NULL
7952,17473,1271064568,0,NULL,NULL
7952,17878,1271064568,1,NULL,NULL
7952,22324,1271075237,0,NULL,NULL
7952,27560,1271075237,1,NULL,NULL
7952,12627,1271075237,1,NULL,NULL
7956,22907,1270899956,0,NULL,NULL
7956,5299,1270899956,0,NULL,NULL
7956,12533,1270901317,0,NULL,NULL
7956,5205,1270899956,0,NULL,NULL
7956,16908,1270899956,0,NULL,NULL
7956,23507,1270899956,0,NULL,NULL
7956,13933,1270899956,0,NULL,NULL
7956,15362,1270899956,1,NULL,NULL
7956,23023,1270899956,0,NULL,NULL
7956,35100,1270899956,0,NULL,NULL
7962,3016,1270636837,0,NULL,NULL
7962,4268,1270636837,0,NULL,NULL
7962,13072,1270636837,0,NULL,NULL
7964,20838,1270629965,-1,NULL,NULL
7971,37499,1270193609,0,NULL,NULL
7971,20979,1270193609,0,NULL,NULL
7974,21174,1269929613,-1,NULL,NULL
7974,7368,1269929613,1,NULL,NULL
7975,32747,1269883744,0,NULL,NULL
7975,31990,1269883744,1,NULL,NULL
7975,4759,1269883744,1,NULL,NULL
7975,15988,1269883744,0,NULL,NULL
7975,34217,1269883744,0,NULL,NULL
7975,28661,1269883744,1,NULL,NULL
7975,27026,1269883744,0,NULL,NULL
7975,8961,1269883744,0,NULL,NULL
7975,5320,1269883744,0,NULL,NULL
7976,19913,1269788869,1,NULL,NULL
7976,4016,1269859695,1,NULL,NULL
7979,33566,1269666379,0,NULL,NULL
7979,383,1269574173,0,NULL,NULL
7979,16508,1269663886,1,NULL,NULL
7979,7499,1269666379,1,NULL,NULL
7979,10576,1269666379,0,NULL,NULL
7979,6522,1269827813,0,NULL,NULL
7979,34530,1269603209,0,NULL,NULL
7979,22483,1269574173,0,NULL,NULL
7979,18407,1269827813,-1,NULL,NULL
7979,24402,1269827813,-1,NULL,NULL
7980,10656,1269788456,0,NULL,NULL
7982,10442,1269590984,1,NULL,NULL
7983,35289,1269590580,0,NULL,NULL
7983,36326,1269590580,0,NULL,NULL
7983,13951,1269590580,0,NULL,NULL
7983,7606,1269590580,0,NULL,NULL
7983,13428,1269590580,0,NULL,NULL
7983,27814,1269590580,0,NULL,NULL
7983,15362,1269590580,0,NULL,NULL
7983,27903,1269590580,0,NULL,NULL
7983,28435,1269590580,0,NULL,NULL
7983,5921,1269590580,0,NULL,NULL
7985,1880,1269334186,0,NULL,NULL
7985,6748,1269334186,0,NULL,NULL
7985,22954,1269334186,0,NULL,NULL
7985,13838,1269497557,0,NULL,NULL
7985,13667,1269497557,0,NULL,NULL
7985,19407,1269497557,0,NULL,NULL
7985,19654,1269497557,0,NULL,NULL
7988,27947,1269418729,-1,NULL,NULL
7991,13426,1269256967,0,NULL,NULL
7991,17045,1269256967,1,NULL,NULL
7993,19340,1269226978,1,NULL,NULL
7996,1022,1268477685,1,NULL,NULL
7996,35629,1269096851,0,NULL,NULL
7996,13924,1268740957,0,NULL,NULL
7996,37057,1268646987,1,NULL,NULL
7996,686,1268384250,0,NULL,NULL
7996,6499,1268823297,-1,NULL,NULL
7996,455,1268731486,0,NULL,NULL
7996,24434,1268477685,0,NULL,NULL
7996,29711,1267788456,0,NULL,NULL
7996,30325,1268719241,0,NULL,NULL
7997,13705,1268988976,0,NULL,NULL
8000,27979,1268659609,1,NULL,NULL
8000,19397,1268659609,1,NULL,NULL
8000,33457,1268919858,0,NULL,NULL
8002,203,1268854823,1,NULL,NULL
8002,29056,1268854823,0,NULL,NULL
8002,8865,1268854823,0,NULL,NULL
8002,16010,1268854823,0,NULL,NULL
8005,4900,1268725048,0,NULL,NULL
8005,26455,1268725048,0,NULL,NULL
8012,31815,1268309134,1,NULL,NULL
8012,37361,1268309134,0,0.0,0.0
8012,33804,1268309134,1,NULL,NULL
8021,7502,1267861546,1,NULL,NULL
8021,22205,1267861546,0,NULL,NULL
8021,24496,1267861546,0,NULL,NULL
8021,12670,1267861546,1,NULL,NULL
8021,18993,1267861546,1,NULL,NULL
8021,20576,1267861546,1,NULL,NULL
8021,36381,1267863899,1,NULL,NULL
8021,104,1267861546,1,NULL,NULL
8021,26688,1267861546,0,NULL,NULL
8021,31053,1267861546,0,NULL,NULL
8029,18442,1267540646,0,NULL,NULL
8031,36525,1267451821,0,NULL,NULL
8031,31046,1267451821,1,NULL,NULL
8031,10724,1267452979,0,NULL,NULL
8038,3973,1267165860,0,NULL,NULL
8038,6240,1267165860,-1,NULL,NULL
8038,22115,1267165860,0,NULL,NULL
8038,8484,1267165860,0,NULL,NULL
8042,26574,1266918907,1,NULL,NULL
8042,35406,1266918907,1,NULL,NULL
8042,19322,1266918907,0,NULL,NULL
8044,22372,1266666980,0,NULL,NULL
8044,34630,1266666980,1,NULL,NULL
8044,8755,1266666980,0,NULL,NULL
8044,22966,1266666980,-1,NULL,NULL
8044,22125,1266666980,0,NULL,NULL
8044,28581,1266666980,1,NULL,NULL
8046,13427,1266588598,0,NULL,NULL
8046,26891,1266588598,0,NULL,NULL
8046,13849,1266588598,1,NULL,NULL
8046,12865,1266588598,1,NULL,NULL
8048,21554,1266501679,0,NULL,NULL
8048,15939,1266501679,0,NULL,NULL
8048,24978,1266501679,0,NULL,NULL
8048,22172,1266574608,0,NULL,NULL
8048,28536,1266574608,1,NULL,NULL
8053,33858,1266422768,0,NULL,NULL
8053,22610,1266422768,0,NULL,NULL
8054,27007,1266422550,1,NULL,NULL
8055,10398,1266422151,0,NULL,NULL
8055,719,1266422151,0,NULL,NULL
8057,188,1266146266,0,NULL,NULL
8057,8567,1266146266,0,NULL,NULL
8059,17928,1265769575,0,NULL,NULL
8059,710,1265769575,0,NULL,NULL
8059,7425,1265958122,0,NULL,NULL
8059,29579,1265958122,0,NULL,NULL
8061,5412,1265878553,1,NULL,NULL
8062,19777,1265843462,1,NULL,NULL
8062,23910,1265843462,0,NULL,NULL
8065,26783,1265706411,0,NULL,NULL
8065,10238,1265706411,0,NULL,NULL
8065,22190,1265710092,0,NULL,NULL
8065,29817,1265794733,1,NULL,NULL
8065,470,1265794733,0,NULL,NULL
8068,35536,1263562939,1,NULL,NULL
8068,1842,1263562939,1,NULL,NULL
8068,2390,1263562939,0,NULL,NULL
8068,35461,1263562939,0,NULL,NULL
8068,635,1265703228,0,NULL,NULL
8068,10077,1265729594,1,NULL,NULL
8068,26262,1265729594,1,NULL,NULL
8068,15217,1265729594,0,NULL,NULL
8069,4229,1265712138,0,NULL,NULL
8069,547,1265712138,1,NULL,NULL
8069,18466,1265712138,0,NULL,NULL
8069,22084,1265712138,1,NULL,NULL
8071,12100,1265535521,0,NULL,NULL
8071,16881,1265535521,0,NULL,NULL
8071,16590,1265535521,0,NULL,NULL
8071,6600,1265535521,0,NULL,NULL
8071,27899,1265535521,0,NULL,NULL
8071,26956,1265535521,0,NULL,NULL
8071,8415,1265535521,0,NULL,NULL
8071,4630,1265535521,0,NULL,NULL
8073,2197,1265276226,1,NULL,NULL
8073,14243,1265276226,0,NULL,NULL
8074,31706,1265254660,1,NULL,NULL
8074,19708,1265267236,0,NULL,NULL
8089,9650,1264799548,1,NULL,NULL
8100,32732,1264388451,1,NULL,NULL
8100,10194,1264388451,1,NULL,NULL
8100,9405,1264388451,1,NULL,NULL
8101,19886,1264350190,1,NULL,NULL
8101,24054,1264351014,0,NULL,NULL
8102,5152,1264173590,1,NULL,NULL
8102,25908,1264173590,0,NULL,NULL
8102,27214,1264173590,0,NULL,NULL
8102,11885,1264173590,1,NULL,NULL
8102,16126,1264173590,-1,NULL,NULL
8102,19068,1264173590,0,NULL,NULL
8102,12920,1264336793,1,NULL,NULL
8103,16082,1263994354,1,NULL,NULL
8103,20915,1263994354,1,NULL,NULL
8103,10555,1264145182,0,NULL,NULL
8103,11702,1264145182,1,NULL,NULL
8103,8232,1264145182,1,NULL,NULL
8103,24909,1264145182,0,NULL,NULL
8103,24696,1264145182,0,NULL,NULL
8109,18243,1263986513,0,NULL,NULL
8109,22077,1263986513,1,NULL,NULL
8109,25935,1263986513,0,NULL,NULL
8111,21197,1263881079,0,NULL,NULL
8111,23243,1263881079,0,NULL,NULL
8114,4919,1263803423,1,NULL,NULL
8114,20363,1263803423,1,NULL,NULL
8114,7433,1263803423,1,NULL,NULL
8114,26799,1263803423,1,NULL,NULL
8114,6359,1263803423,1,NULL,NULL
8115,33692,1263646178,1,NULL,NULL
8115,37503,1263646178,0,NULL,NULL
8115,21985,1263646178,0,NULL,NULL
8115,13666,1263646178,0,NULL,NULL
8115,2173,1263646178,0,NULL,NULL
8117,9509,1263556007,0,NULL,NULL
8117,21193,1263556007,0,NULL,NULL
8121,9504,1263461353,1,NULL,NULL
8121,21239,1263461353,1,NULL,NULL
8125,6968,1263363348,1,NULL,NULL
8125,31102,1263363348,0,NULL,NULL
8128,19256,1263225270,0,NULL,NULL
8128,22713,1263225270,0,NULL,NULL
8133,11730,1262866383,1,NULL,NULL
8136,6689,1262692713,0,NULL,NULL
8136,6518,1262692713,0,NULL,NULL
8136,27896,1262692713,1,NULL,NULL
8140,6743,1262505222,1,NULL,NULL
8140,16104,1262505222,1,NULL,NULL
8140,1377,1262505222,0,NULL,NULL
8140,8754,1262505222,1,NULL,NULL
8140,6594,1262505222,1,NULL,NULL
8140,23280,1262505222,1,NULL,NULL
8146,13550,1262062790,0,NULL,NULL
8146,9903,1262062790,0,NULL,NULL
8146,1498,1262062790,0,NULL,NULL
8146,16116,1262062790,1,NULL,NULL
8150,20019,1261731183,1,NULL,NULL
8155,26949,1261480212,0,NULL,NULL
8162,13437,1261141941,0,NULL,NULL
8162,21572,1261141941,0,NULL,NULL
8162,1880,1261141941,0,NULL,NULL
8166,5065,1261037404,0,NULL,NULL
8166,22798,1261037404,-1,NULL,NULL
8169,20737,1260954721,1,NULL,NULL
8169,4198,1260954721,1,NULL,NULL
8169,31516,1260965393,0,NULL,NULL
8172,29653,1260948928,1,NULL,NULL
8172,24759,1260948928,1,NULL,NULL
8172,31479,1260948928,0,NULL,NULL
8173,17124,1260782750,0,NULL,NULL
8173,12030,1260459045,1,NULL,NULL
8173,13855,1260782750,0,NULL,NULL
8173,16778,1260783279,0,NULL,NULL
8173,28386,1260782750,0,NULL,NULL
8173,6073,1260782750,0,NULL,NULL
8173,27595,1260782750,0,NULL,NULL
8173,27150,1260782750,0,NULL,NULL
8173,33471,1260782750,0,NULL,NULL
8173,24565,1260782750,0,NULL,NULL
8175,2267,1260808207,1,NULL,NULL
8175,2092,1260808207,0,NULL,NULL
8184,16052,1260346820,1,NULL,NULL
8184,12008,1260346820,0,NULL,NULL
8184,31253,1260346820,0,NULL,NULL
8184,30722,1260346820,1,NULL,NULL
8184,22274,1260346820,-1,NULL,NULL
8187,26719,1260258143,0,NULL,NULL
8187,12343,1260258143,1,NULL,NULL
8187,393,1260258143,0,NULL,NULL
8187,23817,1260258143,0,NULL,NULL
8187,2084,1260258143,1,NULL,NULL
8187,2140,1260258143,0,NULL,NULL
8188,22428,1260190212,1,NULL,NULL
8188,4313,1260190212,0,NULL,NULL
8193,28761,1259826263,1,NULL,NULL
8193,13980,1259826263,1,NULL,NULL
8193,20358,1259826263,1,NULL,NULL
8194,17410,1259766162,0,NULL,NULL
8194,20800,1259766162,0,NULL,NULL
8194,28106,1259766162,0,NULL,NULL
8194,6583,1259766162,0,NULL,NULL
8194,6736,1259766162,0,NULL,NULL
8194,12650,1259766162,0,NULL,NULL
8194,25232,1259766162,0,NULL,NULL
8194,23468,1259766162,0,NULL,NULL
8194,4169,1259766162,0,NULL,NULL
8194,25695,1259766162,0,NULL,NULL
8198,9905,1259662781,1,NULL,NULL
8199,11126,1259661114,0,NULL,NULL
8199,6504,1259661114,1,NULL,NULL
8199,16182,1259661114,1,NULL,NULL
8199,37238,1259661114,0,NULL,NULL
8200,30677,1259580460,1,NULL,NULL
8200,7488,1259580460,0,NULL,NULL
8200,22126,1259580460,0,NULL,NULL
8205,14498,1259303459,0,NULL,NULL
8205,16355,1259303459,0,NULL,NULL
8206,20084,1259234335,1,NULL,NULL
8207,7004,1259224575,1,NULL,NULL
8207,34264,1259224575,1,NULL,NULL
8207,8432,1259224575,0,NULL,NULL
8218,31448,1258962186,0,NULL,NULL
8222,16468,1256545298,0,NULL,NULL
8222,23280,1256545298,0,NULL,NULL
8222,8539,1258797983,0,NULL,NULL
8222,12715,1258797983,-1,NULL,NULL
8227,34200,1258609475,0,NULL,NULL
8228,10842,1258548962,0,NULL,NULL
8228,8356,1258552813,0,NULL,NULL
8233,36357,1258468329,1,NULL,NULL
8233,18003,1258468329,1,NULL,NULL
8233,26530,1258468329,0,NULL,NULL
8233,7392,1258468329,0,NULL,NULL
8233,32113,1258468329,1,NULL,NULL
8233,4069,1258468329,0,NULL,NULL
8233,15580,1258469409,0,NULL,NULL
8236,7987,1258381182,0,NULL,NULL
8236,4187,1258434298,0,NULL,NULL
8241,25703,1258359860,1,NULL,NULL
8243,9635,1258280067,0,NULL,NULL
8243,4731,1258280067,0,NULL,NULL
8243,12356,1258280067,1,NULL,NULL
8243,21525,1258280067,1,NULL,NULL
8243,27052,1258280067,0,NULL,NULL
8243,1935,1258280067,0,NULL,NULL
8243,1620,1258280067,1,NULL,NULL
8243,27357,1258280067,1,NULL,NULL
8247,30843,1258054528,0,NULL,NULL
8248,33176,1258011520,0,NULL,NULL
8248,22380,1258011520,0,NULL,NULL
8248,21461,1258011520,0,NULL,NULL
8248,8479,1258011520,1,NULL,NULL
8253,1304,1257837548,1,NULL,NULL
8253,8264,1257837548,-1,NULL,NULL
8253,26670,1257837548,0,NULL,NULL
8254,6372,1257780059,0,NULL,NULL
8256,14927,1257679921,0,NULL,NULL
8259,13495,1257509398,1,NULL,NULL
8259,10387,1257509398,1,NULL,NULL
8259,8815,1257512541,0,NULL,NULL
8259,10372,1257512541,1,0.0,0.0
8261,19298,1257477737,1,NULL,NULL
8261,14912,1257477737,1,NULL,NULL
8261,574,1257477737,1,NULL,NULL
8261,10408,1257506666,1,NULL,NULL
8261,9976,1257506666,1,NULL,NULL
8261,6688,1257506666,1,NULL,NULL
8268,32215,1257299899,0,NULL,NULL
8270,15193,1257243786,-1,NULL,NULL
8270,12984,1257243786,0,NULL,NULL
8270,5037,1257243786,1,NULL,NULL
8271,26940,1257158096,0,NULL,NULL
8271,360,1257158096,0,NULL,NULL
8271,30698,1257158096,0,NULL,NULL
8271,17466,1256894972,0,NULL,NULL
8271,37087,1256894972,0,NULL,NULL
8271,21234,1256894972,0,NULL,NULL
8271,12963,1256894972,0,NULL,NULL
8271,1992,1256894972,0,NULL,NULL
8271,34537,1256894972,0,NULL,NULL
8271,6725,1256894972,-1,NULL,NULL
8277,23011,1256752354,1,NULL,NULL
8277,15769,1256752354,0,NULL,NULL
8277,18719,1256752354,0,NULL,NULL
8278,15197,1256653263,0,NULL,NULL
8278,7318,1256653263,0,NULL,NULL
8278,31566,1256653263,0,NULL,NULL
8278,9652,1256653263,0,NULL,NULL
8278,35576,1256653263,0,NULL,NULL
8278,24156,1256653263,0,NULL,NULL
8278,25935,1256653263,0,NULL,NULL
8278,15232,1256653263,0,NULL,NULL
8279,7901,1256643038,0,NULL,NULL
8282,23046,1256553377,1,NULL,NULL
8282,7606,1256553377,0,NULL,NULL
8282,9278,1256553377,0,NULL,NULL
8282,31448,1256553377,1,NULL,NULL
8282,5005,1256553377,0,NULL,NULL
8282,4014,1256553377,0,NULL,NULL
8285,4983,1256482915,-1,NULL,NULL
8285,1381,1256482915,1,NULL,NULL
8285,21728,1256482915,1,NULL,NULL
8285,8124,1256482915,0,NULL,NULL
8285,25725,1256482915,0,NULL,NULL
8287,29147,1256379654,1,NULL,NULL
8288,2199,1256294521,0,NULL,NULL
8288,15517,1255962473,-1,NULL,NULL
8288,11995,1256294521,0,NULL,NULL
8288,6697,1256294521,0,NULL,NULL
8288,12840,1255962473,0,NULL,NULL
8288,17787,1255962473,-1,NULL,NULL
8288,13998,1255962473,0,NULL,NULL
8288,19048,1255962473,1,NULL,NULL
8288,19620,1255962473,1,NULL,NULL
8288,6260,1256297892,0,NULL,NULL
8291,6585,1256200915,0,NULL,NULL
8291,16424,1256200915,0,NULL,NULL
8291,10986,1256200915,0,NULL,NULL
8293,32715,1256199519,0,NULL,NULL
8293,24141,1256199519,0,NULL,NULL
8297,12789,1256181529,-1,NULL,NULL
8299,8338,1256129187,1,NULL,NULL
8299,27947,1256129187,0,NULL,NULL
8299,19380,1256129187,1,NULL,NULL
8299,14020,1256129187,-1,NULL,NULL
8306,16438,1255949343,0,NULL,NULL
8306,10361,1255949343,1,NULL,NULL
8308,27022,1255892578,1,NULL,NULL
8317,5617,1255520406,1,NULL,NULL
8317,25645,1255520406,1,NULL,NULL
8317,18106,1255520406,0,NULL,NULL
8317,27645,1255082669,1,NULL,NULL
8317,2320,1255520406,0,NULL,NULL
8317,21014,1255520406,0,NULL,NULL
8317,16331,1255520406,0,NULL,NULL
8317,28176,1255082669,1,NULL,NULL
8317,24042,1255520406,-1,NULL,NULL
8317,33745,1255520406,1,NULL,NULL
8323,21536,1255344487,0,NULL,NULL
8323,1129,1255344487,0,NULL,NULL
8323,24435,1255344487,0,NULL,NULL
8323,17263,1255344487,0,NULL,NULL
8328,7376,1254593954,1,NULL,NULL
8328,6859,1254593954,1,NULL,NULL
8328,2292,1254644602,1,NULL,NULL
8328,21132,1254644602,1,NULL,NULL
8328,28719,1254644602,0,NULL,NULL
8328,14568,1254644602,0,NULL,NULL
8328,368,1254644602,0,NULL,NULL
8334,8758,1253877007,0,NULL,NULL
8334,27979,1253877007,1,NULL,NULL
8334,9974,1253877007,0,NULL,NULL
8334,33773,1253877007,1,NULL,NULL
8334,12454,1253877007,0,NULL,NULL
8337,27414,1253689624,1,NULL,NULL
8337,11985,1253689624,0,NULL,NULL
8337,22536,1253689624,0,NULL,NULL
8338,21809,1253618800,0,NULL,NULL
8338,25650,1253618800,0,0.0,0.0
8338,14109,1253618800,0,NULL,NULL
8338,19414,1253618800,0,NULL,NULL
8338,27950,1253618800,0,NULL,NULL
8338,5991,1253618800,0,NULL,NULL
8338,28398,1253618800,0,NULL,NULL
8338,16606,1253618800,0,NULL,NULL
8338,20824,1253618800,0,NULL,NULL
8338,13300,1253618800,0,NULL,NULL
8344,6693,1253521362,1,NULL,NULL
8344,32211,1253521362,0,NULL,NULL
8347,17302,1253343227,1,NULL,NULL
8348,7558,1253309008,0,NULL,NULL
8348,28379,1253309008,1,NULL,NULL
8350,35183,1253245380,1,NULL,NULL
8350,1033,1253245380,1,NULL,NULL
8352,13643,1253171706,1,NULL,NULL
8357,27157,1253007247,0,NULL,NULL
8361,13168,1252927601,0,NULL,NULL
8362,24851,1252924461,0,NULL,NULL
8364,9830,1252834819,1,NULL,NULL
8376,4704,1252408877,0,NULL,NULL
8376,8411,1252404555,0,NULL,NULL
8376,24181,1252401866,1,NULL,NULL
8376,12156,1252404555,-1,NULL,NULL
8376,1745,1252401866,0,NULL,NULL
8376,17066,1252407820,0,NULL,NULL
8376,15857,1252407820,0,NULL,NULL
8376,14799,1252401866,0,NULL,NULL
8376,29558,1252401866,-1,NULL,NULL
8376,34267,1252401866,0,NULL,NULL
8383,35760,1251972903,0,NULL,NULL
8383,1747,1251972903,1,NULL,NULL
8383,16014,1251972903,1,NULL,NULL
8383,34631,1251972903,1,NULL,NULL
8383,6636,1251972903,0,NULL,NULL
8387,4038,1251899680,0,NULL,NULL
8387,27543,1251903261,0,NULL,NULL
8387,5608,1251903261,0,NULL,NULL
8387,15516,1251903261,0,NULL,NULL
8387,27935,1251899680,0,NULL,NULL
8387,5593,1251903261,0,NULL,NULL
8387,20007,1251903261,0,NULL,NULL
8387,17261,1251903261,0,NULL,NULL
8387,11880,1251903261,0,NULL,NULL
8387,34020,1251903261,0,NULL,NULL
8390,21431,1251791883,-1,NULL,NULL
8390,1340,1251797691,0,NULL,NULL
8393,20163,1251535255,0,NULL,NULL
8393,35799,1251535255,-1,NULL,NULL
8396,10584,1251531323,1,NULL,NULL
8397,27011,1251461661,0,NULL,NULL
8397,19268,1251461661,1,NULL,NULL
8397,1243,1251461661,1,NULL,NULL
8397,17112,1251464751,0,NULL,NULL
8403,2096,1251283784,-1,NULL,NULL
8403,17916,1251289598,1,NULL,NULL
8403,20387,1251283784,0,NULL,NULL
8403,33750,1251289265,0,NULL,NULL
8403,23737,1251283784,0,NULL,NULL
8403,30253,1251283784,0,NULL,NULL
8403,13294,1251283784,1,NULL,NULL
8403,14058,1251283784,0,NULL,NULL
8403,24198,1251283784,1,NULL,NULL
8403,22572,1251289265,1,NULL,NULL
8405,5056,1251171446,1,NULL,NULL
8405,18513,1251171446,1,NULL,NULL
8405,3908,1251171446,1,NULL,NULL
8405,20242,1251171446,1,NULL,NULL
8410,14546,1251099942,0,NULL,NULL
8410,35754,1251099942,0,NULL,NULL
8410,33725,1251099942,1,NULL,NULL
8413,14339,1251036363,0,NULL,NULL
8413,32931,1251036363,-1,NULL,NULL
8413,10492,1251089058,1,NULL,NULL
8413,18801,1251089058,0,NULL,NULL
8413,7149,1251089058,0,NULL,NULL
8416,909,1250923307,1,NULL,NULL
8416,33698,1250923307,-1,NULL,NULL
8416,33214,1250923307,-1,NULL,NULL
8416,5987,1250923307,-1,NULL,NULL
8416,1230,1250923307,0,NULL,NULL
8416,4152,1250923307,1,NULL,NULL
8416,681,1250923307,-1,NULL,NULL
8430,17960,1249639625,-1,NULL,NULL
8430,13392,1249639625,1,NULL,NULL
8430,32423,1249639625,0,NULL,NULL
8430,37436,1249639625,-1,NULL,NULL
8430,14595,1249639625,1,NULL,NULL
8436,15414,1249460941,-1,NULL,NULL
8436,27180,1249476617,0,NULL,NULL
8436,22808,1249476617,-1,NULL,NULL
8436,14856,1249476617,0,NULL,NULL
8438,21696,1249397986,0,NULL,NULL
8438,16869,1249393625,0,NULL,NULL
8438,21741,1249393625,0,NULL,NULL
8438,2066,1249393946,1,NULL,NULL
8438,8842,1249393946,1,NULL,NULL
8438,30937,1249452418,1,NULL,NULL
8438,16555,1249393625,0,NULL,NULL
8438,21387,1249393946,1,NULL,NULL
8438,11693,1249393625,0,NULL,NULL
8438,32920,1249453088,0,NULL,NULL
8441,28177,1249304191,1,NULL,NULL
8441,16401,1249304191,0,NULL,NULL
8441,10475,1249304191,1,NULL,NULL
8441,13056,1249304191,1,NULL,NULL
8441,24307,1249304191,0,NULL,NULL
8441,33412,1249308562,1,NULL,NULL
8441,19338,1249308562,0,NULL,NULL
8441,16885,1249308562,0,NULL,NULL
8444,17291,1249134977,0,NULL,NULL
8444,14937,1249146920,0,NULL,NULL
8444,10699,1249146920,0,NULL,NULL
8444,16939,1249134977,-1,NULL,NULL
8444,25103,1247239458,0,NULL,NULL
8444,27419,1249097647,0,NULL,NULL
8444,27196,1247239458,0,NULL,NULL
8444,7375,1247239458,0,NULL,NULL
8444,8532,1247239458,0,NULL,NULL
8444,11786,1249097647,-1,NULL,NULL
8448,11042,1248960087,0,NULL,NULL
8448,5221,1248960087,1,NULL,NULL
8448,5028,1248960087,0,NULL,NULL
8448,27148,1248960087,0,NULL,NULL
8448,6258,1248960087,0,NULL,NULL
8448,9565,1248960087,0,NULL,NULL
8448,21028,1248960087,0,NULL,NULL
8448,6715,1248960087,-1,NULL,NULL
8448,698,1248960087,0,NULL,NULL
8448,21626,1248960087,0,NULL,NULL
8454,21288,1248679917,0,NULL,NULL
8454,13003,1248679917,0,NULL,NULL
8454,26675,1248679917,0,NULL,NULL
8454,13226,1248679917,0,NULL,NULL
8454,1251,1248679917,0,NULL,NULL
8454,292,1248679917,0,NULL,NULL
8454,4664,1248679917,0,NULL,NULL
8454,20032,1248679917,0,NULL,NULL
8454,27267,1248679917,0,NULL,NULL
8455,746,1248670713,0,NULL,NULL
8455,16360,1248670713,0,NULL,NULL
8455,13266,1248670713,0,NULL,NULL
8455,15138,1248673682,1,NULL,NULL
8457,11344,1248607794,1,NULL,NULL
8457,19431,1248607794,0,NULL,NULL
8457,28623,1248607794,1,NULL,NULL
8457,9130,1248607794,-1,NULL,NULL
8457,28828,1248607794,-1,NULL,NULL
8457,33817,1248607794,1,NULL,NULL
8457,2203,1248607794,1,NULL,NULL
8457,7104,1248611664,1,NULL,NULL
8457,33142,1248611664,0,NULL,NULL
8457,7117,1248607794,0,NULL,NULL
8465,8940,1247747524,1,NULL,NULL
8465,18755,1247747524,1,NULL,NULL
8465,7896,1247754444,1,NULL,NULL
8465,18421,1247754444,1,NULL,NULL
8467,4429,1247737505,0,NULL,NULL
8467,18097,1247737505,0,NULL,NULL
8467,2150,1247737505,0,NULL,NULL
8468,13374,1247724843,0,NULL,NULL
8468,33704,1247724843,0,NULL,NULL
8478,17188,1247106084,1,NULL,NULL
8478,23341,1247106084,-1,NULL,NULL
8478,18401,1247106084,1,NULL,NULL
8481,17077,1246978734,-1,NULL,NULL
8482,28442,1246972556,0,NULL,NULL
8484,15776,1246886325,1,NULL,NULL
8488,17837,1246159258,0,NULL,NULL
8488,24320,1246068977,0,NULL,NULL
8488,4908,1246068977,0,NULL,NULL
8488,17676,1245903785,0,NULL,NULL
8488,3928,1245702476,0,NULL,NULL
8488,28151,1246494790,0,NULL,NULL
8488,36887,1245705363,1,NULL,NULL
8488,26040,1245903785,0,NULL,NULL
8488,28239,1246372334,-1,NULL,NULL
8488,14888,1246693956,-1,NULL,NULL
8490,6478,1246636467,1,NULL,NULL
8490,17581,1246636467,1,NULL,NULL
8490,8681,1246636467,1,NULL,NULL
8491,10447,1246632955,0,NULL,NULL
8493,20647,1246616271,0,NULL,NULL
8493,5963,1246616271,1,NULL,NULL
8493,1451,1246616271,0,NULL,NULL
8493,4687,1246616271,0,NULL,NULL
8493,28526,1246616271,0,NULL,NULL
8493,18724,1246616271,0,NULL,NULL
8493,35195,1246616271,0,NULL,NULL
8493,13057,1246616271,0,NULL,NULL
8493,1928,1246616271,1,NULL,NULL
8501,22820,1246439997,0,NULL,NULL
8502,32251,1246433878,1,NULL,NULL
8502,10484,1246433878,0,NULL,NULL
8510,19157,1246025869,0,NULL,NULL
8514,690,1245843098,1,NULL,NULL
8516,28079,1245835914,0,NULL,NULL
8516,37298,1245835914,0,NULL,NULL
8516,15851,1245835914,1,NULL,NULL
8517,9368,1245833882,0,NULL,NULL
8523,27449,1245744411,0,NULL,NULL
8523,11909,1245744411,0,NULL,NULL
8532,33219,1245317632,0,NULL,NULL
8532,15593,1245317632,0,NULL,NULL
8532,26697,1245317632,0,NULL,NULL
8539,9522,1245232723,0,NULL,NULL
8542,33367,1245158680,1,NULL,NULL
8543,28296,1245128648,0,NULL,NULL
8543,11854,1245128648,0,NULL,NULL
8543,14838,1245128648,0,NULL,NULL
8553,5899,1244724024,0,NULL,NULL
8553,9069,1244724024,0,NULL,NULL
8553,4403,1244724024,0,NULL,NULL
8553,17400,1244724024,0,NULL,NULL
8558,7493,1244537702,1,NULL,NULL
8558,8493,1244538398,0,NULL,NULL
8558,16447,1244538398,0,NULL,NULL
8563,7517,1244460314,-1,NULL,NULL
8564,8108,1244449987,-1,NULL,NULL
8565,21233,1244440695,0,NULL,NULL
8565,36416,1244440695,0,NULL,NULL
8565,15819,1244440695,0,NULL,NULL
8565,12645,1244440695,0,NULL,NULL
8565,37049,1244440695,0,NULL,NULL
8565,18678,1244440695,0,NULL,NULL
8565,33318,1244440695,0,NULL,NULL
8565,27902,1244440695,0,NULL,NULL
8565,10380,1244440695,0,NULL,NULL
8565,31106,1244440695,0,NULL,NULL
8571,13331,1244115446,1,NULL,NULL
8571,37498,1244115446,0,NULL,NULL
8571,26844,1244115446,-1,NULL,NULL
8571,34435,1244115446,0,NULL,NULL
8571,26796,1244115446,0,NULL,NULL
8574,1466,1243955095,-1,NULL,NULL
8574,21181,1243955095,-1,NULL,NULL
8574,318,1243955095,1,NULL,NULL
8574,6937,1243955095,0,NULL,NULL
8574,31401,1243955095,0,NULL,NULL
8574,5565,1243955095,1,NULL,NULL
8580,19637,1243501094,-1,NULL,NULL
8580,18188,1243501094,0,NULL,NULL
8580,9435,1243501094,0,NULL,NULL
8580,30830,1243501094,1,NULL,NULL
8580,16762,1243501094,-1,NULL,NULL
8580,11915,1243501094,0,NULL,NULL
8580,13585,1243501094,-1,NULL,NULL
8585,16417,1243241409,0,NULL,NULL
8585,28510,1243241409,0,NULL,NULL
8585,13994,1243241409,0,NULL,NULL
8585,5435,1243241409,0,NULL,NULL
8585,25964,1243241409,0,NULL,NULL
8585,31520,1243241409,0,NULL,NULL
8585,21940,1243241409,1,NULL,NULL
8585,20901,1243241409,0,NULL,NULL
8585,13133,1243241409,0,NULL,NULL
8585,1079,1243257971,0,NULL,NULL
8587,20466,1243253421,0,NULL,NULL
8587,13543,1243253421,0,NULL,NULL
8587,14811,1243253421,0,NULL,NULL
8587,16333,1243253421,0,NULL,NULL
8588,13567,1243153777,-1,NULL,NULL
8588,7832,1243153777,1,NULL,NULL
8599,18127,1242714051,1,NULL,NULL
8599,36528,1242714051,1,NULL,NULL
8608,31814,1242478650,0,NULL,NULL
8608,27259,1242478650,1,NULL,NULL
8608,28361,1242478650,0,NULL,NULL
8608,22111,1242478650,0,NULL,NULL
8608,748,1242397964,1,NULL,NULL
8608,9841,1242478650,0,NULL,NULL
8608,16672,1242393031,0,NULL,NULL
8608,13566,1242478650,0,NULL,NULL
8608,31227,1242478650,0,NULL,NULL
8608,22456,1242393031,0,NULL,NULL
8616,28195,1242104293,0,NULL,NULL
8616,22625,1242104293,0,NULL,NULL
8616,6733,1242104293,0,NULL,NULL
8631,26720,1241444844,1,NULL,NULL
8631,16797,1241445758,0,NULL,NULL
8636,33704,1241199901,0,NULL,NULL
8636,25791,1241199901,0,NULL,NULL
8636,15935,1241197351,0,NULL,NULL
8636,16577,1241199901,0,NULL,NULL
8636,7172,1241199901,1,NULL,NULL
8636,25918,1241199901,1,NULL,NULL
8636,1189,1241197351,0,NULL,NULL
8636,10346,1241197351,0,NULL,NULL
8636,17449,1241197351,0,NULL,NULL
8636,24864,1241197351,-1,NULL,NULL
8637,5109,1241182358,0,NULL,NULL
8637,24981,1241182788,0,NULL,NULL
8637,7968,1240836238,0,NULL,NULL
8637,13925,1240850097,0,NULL,NULL
8637,6293,1240850097,0,NULL,NULL
8637,17444,1240836238,-1,NULL,NULL
8637,10232,1240850097,0,NULL,NULL
8637,23891,1240836238,1,NULL,NULL
8637,27244,1241182358,0,NULL,NULL
8637,193,1240836238,1,NULL,NULL
8640,32850,1241028708,0,NULL,NULL
8640,1952,1241028708,-1,NULL,NULL
8640,11866,1241028708,0,NULL,NULL
8640,8219,1241028708,0,NULL,NULL
8640,2060,1241028708,0,NULL,NULL
8640,33280,1241033080,0,NULL,NULL
8640,13647,1241035004,0,NULL,NULL
8640,4739,1241035738,0,NULL,NULL
8642,14501,1240935335,-1,NULL,NULL
8642,33654,1240935335,0,NULL,NULL
8642,8711,1240935335,0,NULL,NULL
8642,27014,1240935335,0,NULL,NULL
8642,14277,1240935335,-1,NULL,NULL
8642,11755,1240935335,-1,NULL,NULL
8642,10379,1240935335,0,NULL,NULL
8642,26944,1240935335,0,NULL,NULL
8642,22688,1240935335,0,NULL,NULL
8642,10666,1240935335,-1,NULL,NULL
8643,17186,1240894644,0,NULL,NULL
8643,12689,1240932589,1,NULL,NULL
8646,17175,1240897517,0,NULL,NULL
8646,10287,1240897517,1,NULL,NULL
8647,16297,1240589119,1,NULL,NULL
8647,12401,1240589119,0,NULL,NULL
8648,24822,1240587672,0,NULL,NULL
8651,36583,1240577777,0,NULL,NULL
8652,35195,1240560218,0,NULL,NULL
8652,25719,1240560218,0,NULL,NULL
8652,12872,1240560218,0,NULL,NULL
8652,6609,1240560218,-1,NULL,NULL
8653,28586,1240470637,0,NULL,NULL
8655,35398,1240387701,1,NULL,NULL
8655,24975,1240387701,0,NULL,NULL
8655,10996,1240387701,1,NULL,NULL
8655,13211,1240387701,-1,NULL,NULL
8655,13256,1240387701,1,NULL,NULL
8655,3030,1240387701,0,NULL,NULL
8655,10070,1240387701,-1,NULL,NULL
8655,13064,1240387701,-1,NULL,NULL
8655,16379,1240387701,-1,NULL,NULL
8655,36072,1240387701,0,NULL,NULL
8658,23854,1240221423,1,NULL,NULL
8658,22473,1240221423,0,NULL,NULL
8658,31203,1240221423,1,NULL,NULL
8658,24658,1240221423,0,NULL,NULL
8660,7549,1240202808,0,NULL,NULL
8662,30822,1239982698,0,NULL,NULL
8662,20613,1239982698,0,NULL,NULL
8662,35597,1239982698,0,NULL,NULL
8662,14359,1240126071,0,NULL,NULL
8662,11075,1239982698,0,NULL,NULL
8662,15888,1239982698,0,NULL,NULL
8662,2025,1239982698,0,NULL,NULL
8662,18113,1239982698,0,NULL,NULL
8662,19796,1239982698,0,NULL,NULL
8662,33799,1239982698,0,NULL,NULL
8665,19524,1240048188,1,NULL,NULL
8665,32849,1240048188,1,NULL,NULL
8667,19612,1239087668,1,NULL,NULL
8667,4530,1239960779,0,NULL,NULL
8667,10489,1239960779,-1,NULL,NULL
8667,6599,1239091580,1,NULL,NULL
8667,23727,1239960779,1,NULL,NULL
8667,8631,1239694340,-1,NULL,NULL
8667,7196,1239960779,0,NULL,NULL
8667,309,1239960779,0,NULL,NULL
8667,37036,1239689417,0,NULL,NULL
8667,1974,1239087668,0,NULL,NULL
8675,425,1239264195,0,NULL,NULL
8675,33658,1239264195,-1,NULL,NULL
8675,21477,1239264195,-1,NULL,NULL
8675,35575,1239264195,-1,NULL,NULL
8675,33357,1239264195,-1,NULL,NULL
8675,23281,1239264195,0,NULL,NULL
8676,2713,1239238662,1,NULL,NULL
8676,7152,1239238662,0,NULL,NULL
8687,37492,1238682711,0,NULL,NULL
8687,4108,1238682711,1,NULL,NULL
8687,16391,1238682711,-1,NULL,NULL
8691,16136,1238598020,1,NULL,NULL
8691,3939,1238598020,-1,NULL,NULL
8691,32226,1238598020,1,NULL,NULL
8691,33529,1238598020,0,NULL,NULL
8694,2361,1238561057,0,NULL,NULL
8696,31811,1238404726,1,NULL,NULL
8696,4119,1238404726,1,NULL,NULL
8696,2306,1238404726,0,NULL,NULL
8698,10581,1238237832,0,NULL,NULL
8700,6690,1238139051,1,NULL,NULL
8700,19886,1238146091,-1,NULL,NULL
8703,12132,1237532580,1,NULL,NULL
8703,28552,1237532580,0,NULL,NULL
8703,27639,1237532580,1,NULL,NULL
8703,20561,1237532580,1,NULL,NULL
8703,34059,1237532580,1,NULL,NULL
8703,25902,1238136736,0,NULL,NULL
8703,6537,1238137193,0,NULL,NULL
8707,9695,1238053857,0,NULL,NULL
8707,4073,1238053857,1,NULL,NULL
8707,490,1238053857,0,NULL,NULL
8708,14844,1238052494,0,NULL,NULL
8709,5938,1238035325,0,NULL,NULL
8709,7100,1238035325,1,NULL,NULL
8709,5320,1238035325,0,NULL,NULL
8709,27192,1238035325,1,NULL,NULL
8709,13421,1238035325,0,NULL,NULL
8709,13385,1238035325,0,NULL,NULL
8709,26704,1238035325,0,NULL,NULL
8709,23170,1238035325,0,NULL,NULL
8709,19047,1238035325,0,NULL,NULL
8709,18413,1238035325,0,NULL,NULL
8713,33415,1237901147,0,NULL,NULL
8713,15719,1237909930,0,NULL,NULL
8713,10107,1237909930,0,NULL,NULL
8717,4693,1237789353,0,NULL,NULL
8717,1436,1237791573,0,NULL,NULL
8717,1973,1237791573,0,NULL,NULL
8717,19405,1237789353,-1,NULL,NULL
8717,24344,1237791573,0,NULL,NULL
8717,213,1237789353,1,NULL,NULL
8717,16842,1237789353,0,NULL,NULL
8717,13185,1237789353,0,NULL,NULL
8717,30114,1237789353,1,NULL,NULL
8717,7717,1237791573,0,NULL,NULL
8718,30462,1237741207,0,NULL,NULL
8718,25920,1237743794,0,NULL,NULL
8718,2813,1237743794,0,NULL,NULL
8718,691,1237743794,0,NULL,NULL
8721,2019,1237552392,0,NULL,NULL
8728,10065,1237273686,1,NULL,NULL
8728,4916,1237273686,-1,NULL,NULL
8728,13390,1237273686,1,NULL,NULL
8728,20697,1237273686,0,NULL,NULL
8728,22966,1237273686,0,NULL,NULL
8728,8800,1237273686,-1,NULL,NULL
8732,12389,1236955010,0,NULL,NULL
8732,13740,1236955010,1,NULL,NULL
8732,9637,1236955010,1,NULL,NULL
8732,26075,1236955010,0,NULL,NULL
8732,35460,1236955010,0,NULL,NULL
8732,11873,1236955010,1,NULL,NULL
8732,12013,1236955010,0,NULL,NULL
8732,28473,1236955010,-1,NULL,NULL
8732,6180,1236955010,1,NULL,NULL
8732,2724,1236955010,0,NULL,NULL
8742,16649,1236791952,1,NULL,NULL
8742,448,1236791952,0,NULL,NULL
8742,36232,1236791952,0,NULL,NULL
8742,13444,1236791952,1,NULL,NULL
8742,16655,1236791952,1,NULL,NULL
8742,27515,1236791952,-1,NULL,NULL
8742,28717,1236791952,0,NULL,NULL
8742,4805,1236791952,1,NULL,NULL
8742,22013,1236791952,0,NULL,NULL
8742,6195,1236791952,1,NULL,NULL
8743,4627,1236771699,0,NULL,NULL
8743,7921,1236771699,0,NULL,NULL
8743,24041,1236771699,1,NULL,NULL
8743,30973,1236771699,1,NULL,NULL
8751,35667,1236526349,1,NULL,NULL
8751,14832,1236526349,1,NULL,NULL
8751,5692,1236526349,0,NULL,NULL
8753,225,1236418277,0,NULL,NULL
8753,19293,1236418277,0,NULL,NULL
8753,7055,1236418277,0,NULL,NULL
8753,8821,1236418277,0,NULL,NULL
8753,4319,1236418277,0,NULL,NULL
8753,21366,1236418277,0,NULL,NULL
8753,5024,1236418277,0,NULL,NULL
8753,16547,1236418277,0,0.0,0.0
8753,22933,1236418277,0,NULL,NULL
8753,25093,1236418277,0,NULL,NULL
8754,36437,1236415890,0,NULL,NULL
8754,30929,1236415890,0,NULL,NULL
8754,15331,1236415890,-1,NULL,NULL
8754,7163,1236415890,0,NULL,NULL
8754,9067,1236415890,0,NULL,NULL
8754,7245,1236415890,0,NULL,NULL
8754,27256,1236415890,0,NULL,NULL
8754,13780,1236415890,0,NULL,NULL
8757,13967,1236098343,0,NULL,NULL
8757,421,1236098343,0,NULL,NULL
8757,36825,1236098343,-1,NULL,NULL
8757,6706,1236098343,1,NULL,NULL
8757,23711,1236098343,0,NULL,NULL
8757,22889,1236098343,0,NULL,NULL
8757,512,1236098343,1,NULL,NULL
8757,9333,1236255075,0,NULL,NULL
8757,23257,1236098343,0,NULL,NULL
8757,35458,1236098343,0,NULL,NULL
8759,27543,1236234347,0,NULL,NULL
8769,15866,1235903684,0,NULL,NULL
8769,6377,1235903684,1,NULL,NULL
8769,23886,1235903684,0,NULL,NULL
8772,10468,1235820873,-1,NULL,NULL
8772,20803,1235820873,0,NULL,NULL
8773,23197,1235755329,1,NULL,NULL
8775,17989,1235737299,0,NULL,NULL
8775,33948,1235740315,0,NULL,NULL
8775,33478,1235740315,0,NULL,NULL
8775,20762,1235737299,0,NULL,NULL
8775,30257,1235737299,1,NULL,NULL
8775,1782,1235737299,0,NULL,NULL
8775,5274,1235737299,0,NULL,NULL
8775,32850,1235740315,-1,NULL,NULL
8775,1602,1235740315,0,NULL,NULL
8775,13497,1235740315,0,NULL,NULL
8776,15914,1235730373,1,NULL,NULL
8777,14299,1235728811,0,NULL,NULL
8777,16175,1235728811,0,NULL,NULL
8777,20640,1235728811,-1,NULL,NULL
8777,9486,1235728811,0,NULL,NULL
8782,8124,1235575841,-1,NULL,NULL
8782,21968,1235575841,-1,NULL,NULL
8783,22027,1235551194,0,NULL,NULL
8783,30955,1235551194,0,NULL,NULL
8783,22855,1235551194,0,NULL,NULL
8783,28104,1235551194,0,NULL,NULL
8783,30117,1235551194,0,NULL,NULL
8783,12527,1235551194,0,NULL,NULL
8792,31836,1235142170,1,NULL,NULL
8795,21622,1235036389,0,NULL,NULL
8797,8636,1234961287,1,NULL,NULL
8797,24909,1234961287,1,NULL,NULL
8797,28283,1234961287,0,NULL,NULL
8797,23190,1234961287,0,NULL,NULL
8797,4133,1234961287,0,NULL,NULL
8802,17950,1234800656,0,NULL,NULL
8802,28779,1234720144,1,NULL,NULL
8802,5291,1234760966,0,NULL,NULL
8802,21545,1234800656,0,NULL,NULL
8802,10918,1234720144,0,NULL,NULL
8802,24309,1234760966,0,NULL,NULL
8802,16612,1234720144,0,NULL,NULL
8802,21950,1234800656,-1,NULL,NULL
8802,17517,1234720144,1,NULL,NULL
8802,13891,1234800656,0,NULL,NULL
8804,13161,1234668737,0,NULL,NULL
8804,7485,1234668737,0,NULL,NULL
8810,37667,1234256869,0,NULL,NULL
8810,12232,1234257733,-1,NULL,NULL
8810,5516,1234256869,0,NULL,NULL
8810,4883,1234256869,0,NULL,NULL
8810,2143,1234256869,0,NULL,NULL
8810,13785,1234256869,0,NULL,NULL
8810,2965,1234411353,0,NULL,NULL
8810,276,1234256869,0,NULL,NULL
8810,30932,1234257733,-1,NULL,NULL
8810,13049,1234411353,1,NULL,NULL
8811,15497,1234371749,0,NULL,NULL
8811,12257,1234371749,0,NULL,NULL
8811,13700,1234371749,0,NULL,NULL
8812,14521,1234358169,0,NULL,NULL
8812,3930,1234358169,0,NULL,NULL
8812,3974,1234358169,1,NULL,NULL
8812,12664,1234358169,0,NULL,NULL
8812,5954,1234358169,0,NULL,NULL
8812,5798,1234358169,0,NULL,NULL
8812,1033,1234358169,-1,NULL,NULL
8812,23781,1234358169,0,NULL,NULL
8812,28421,1234358169,0,NULL,NULL
8812,37413,1234358169,0,NULL,NULL
8817,35059,1234242511,-1,NULL,NULL
8817,22964,1234243880,0,NULL,NULL
8818,17573,1234214295,1,NULL,NULL
8818,27855,1234214295,1,NULL,NULL
8818,27365,1234214295,0,NULL,NULL
8818,17307,1234214295,1,NULL,NULL
8821,6877,1234098794,0,NULL,NULL
8821,12296,1234098794,0,NULL,NULL
8821,3883,1234098794,0,NULL,NULL
8821,23188,1234098794,0,NULL,NULL
8821,6554,1234098794,0,NULL,NULL
8821,19481,1234098794,-1,NULL,NULL
8821,8519,1234098794,0,NULL,NULL
8821,5382,1234098794,0,NULL,NULL
8821,14810,1234098794,0,NULL,NULL
8821,29470,1234098794,-1,NULL,NULL
8822,17703,1234034173,0,NULL,NULL
8822,19910,1234034173,0,NULL,NULL
8822,36906,1234034173,0,NULL,NULL
8822,19944,1234034173,0,NULL,NULL
8822,36777,1234034173,0,NULL,NULL
8822,24159,1234034173,0,NULL,NULL
8822,33919,1234034173,0,NULL,NULL
8829,29163,1233822599,0,NULL,NULL
8829,28658,1233822599,1,NULL,NULL
8832,640,1233720388,0,NULL,NULL
8832,19457,1233720388,1,NULL,NULL
8832,16699,1233720388,0,NULL,NULL
8837,26662,1233641521,0,NULL,NULL
8837,30455,1233641521,0,NULL,NULL
8837,6691,1233641521,-1,NULL,NULL
8838,21190,1233600898,0,NULL,NULL
8838,15212,1233600898,0,NULL,NULL
8838,25005,1233600898,0,NULL,NULL
8842,197,1233250656,1,0.0,0.0
8842,6621,1233250656,0,NULL,NULL
8842,20280,1233250656,0,NULL,NULL
8842,27911,1233250656,0,NULL,NULL
8842,9058,1233250656,0,NULL,NULL
8842,35407,1233250656,0,NULL,NULL
8843,8414,1233245772,0,NULL,NULL
8844,14417,1233148593,0,NULL,NULL
8844,23303,1233241315,0,NULL,NULL
8845,22952,1233230834,0,NULL,NULL
8845,30823,1233229362,0,NULL,NULL
8845,14501,1233230834,0,NULL,NULL
8845,7917,1233229362,1,NULL,NULL
8845,4524,1233229362,0,NULL,NULL
8845,33322,1233229362,0,NULL,NULL
8845,7030,1233229362,0,NULL,NULL
8845,22178,1233229362,0,NULL,NULL
8845,5431,1233229362,0,NULL,NULL
8845,32171,1233229362,-1,NULL,NULL
8846,16799,1233079088,1,NULL,NULL
8846,26679,1233079088,0,NULL,NULL
8848,13257,1232782057,0,NULL,NULL
8848,16331,1232782057,0,NULL,NULL
8848,19656,1232782057,0,NULL,NULL
8848,16322,1232782057,0,NULL,NULL
8848,4445,1232782057,1,NULL,NULL
8848,9436,1232782057,0,NULL,NULL
8848,36308,1232870413,1,NULL,NULL
8848,27673,1232870413,-1,NULL,NULL
8848,17544,1232870413,0,NULL,NULL
8849,33711,1232690619,1,NULL,NULL
8852,4003,1232600323,0,NULL,NULL
8852,8891,1232600323,0,NULL,NULL
8854,8548,1232550406,0,NULL,NULL
8854,5517,1232550406,-1,NULL,NULL
8854,12240,1232550406,0,NULL,NULL
8854,22238,1232550406,0,NULL,NULL
8854,6448,1232550406,-1,NULL,NULL
8854,8162,1232550406,-1,NULL,NULL
8854,18108,1232550406,0,NULL,NULL
8854,10531,1232550406,-1,NULL,NULL
8854,5944,1232550406,0,NULL,NULL
8854,14928,1232550406,0,NULL,NULL
8855,736,1221063587,0,NULL,NULL
8855,12687,1232046700,0,NULL,NULL
8855,4311,1232523094,0,NULL,NULL
8855,5414,1232046700,1,NULL,NULL
8855,15922,1221063587,0,NULL,NULL
8855,23940,1221139861,0,NULL,NULL
8855,30690,1232050954,1,NULL,NULL
8855,30732,1232523094,0,NULL,NULL
8855,9286,1221139861,1,NULL,NULL
8855,10739,1221063587,0,NULL,NULL
8857,5550,1232516896,1,NULL,NULL
8863,35671,1232379814,0,NULL,NULL
8864,25040,1232329721,0,NULL,NULL
8864,11955,1232329721,0,NULL,NULL
8864,9862,1232329721,0,NULL,NULL
8864,4036,1232329721,0,NULL,NULL
8864,18895,1232329721,1,NULL,NULL
8864,23211,1232329721,1,NULL,NULL
8864,22212,1232329721,0,NULL,NULL
8864,33509,1232329721,0,NULL,NULL
8864,9006,1232329721,0,NULL,NULL
8864,17413,1232329721,1,NULL,NULL
8869,16664,1232091400,0,NULL,NULL
8870,26611,1232051151,0,NULL,NULL
8870,28139,1232051151,0,NULL,NULL
8874,25969,1231915198,0,NULL,NULL
8874,1935,1231915198,0,NULL,NULL
8874,23082,1231915198,0,NULL,NULL
8874,24356,1231915198,0,NULL,NULL
8874,7440,1231915198,1,NULL,NULL
8874,23180,1231915198,0,NULL,NULL
8875,21474,1231912903,1,NULL,NULL
8877,28835,1231843074,0,NULL,NULL
8877,33522,1231843074,0,NULL,NULL
8877,16587,1231843074,0,NULL,NULL
8877,28233,1231843074,1,NULL,NULL
8877,190,1231844515,-1,NULL,NULL
8877,22668,1231850582,-1,NULL,NULL
8877,22373,1231856690,0,NULL,NULL
8882,9183,1231474985,0,NULL,NULL
8882,17961,1231474985,1,NULL,NULL
8882,24844,1231474985,-1,NULL,NULL
8882,17053,1231474985,0,NULL,NULL
8882,25730,1231479952,0,NULL,NULL
8882,10819,1231480194,0,NULL,NULL
8887,324,1231297764,1,NULL,NULL
8887,19148,1231297764,1,NULL,NULL
8887,7369,1231297764,0,NULL,NULL
8887,9279,1231297764,1,NULL,NULL
8887,6537,1231297764,0,NULL,NULL
8887,15355,1231297764,0,NULL,NULL
8891,13875,1231185972,1,NULL,NULL
8891,23282,1231185972,1,NULL,NULL
8893,34109,1231065671,0,NULL,NULL
8893,13105,1231065671,0,NULL,NULL
8894,9534,1230971071,-1,NULL,NULL
8894,19887,1230971071,1,NULL,NULL
8894,22420,1230971071,0,NULL,NULL
8894,6857,1230971071,0,NULL,NULL
8894,34785,1230971071,-1,NULL,NULL
8895,21080,1230964231,0,NULL,NULL
8908,22958,1230193688,1,NULL,NULL
8908,5841,1230193688,0,NULL,NULL
8908,16473,1230193688,0,NULL,NULL
8908,18120,1230193688,0,NULL,NULL
8908,10744,1230193688,0,NULL,NULL
8914,27928,1229520686,1,NULL,NULL
8914,8369,1229520686,1,NULL,NULL
8915,16681,1229520434,0,NULL,NULL
8915,35007,1229520434,1,NULL,NULL
8915,26527,1229520434,0,NULL,NULL
8915,392,1229520434,1,NULL,NULL
8915,24046,1229520434,0,NULL,NULL
8915,6431,1229520434,1,NULL,NULL
8915,9175,1229520434,0,NULL,NULL
8915,51,1229520434,1,NULL,NULL
8915,28304,1229520434,1,NULL,NULL
8918,15660,1229396806,-1,NULL,NULL
8918,14553,1229396806,1,NULL,NULL
8918,33616,1229396806,0,NULL,NULL
8924,34170,1228960401,0,NULL,NULL
8924,30280,1228960401,0,NULL,NULL
8924,12519,1228960401,0,NULL,NULL
8924,10271,1228960401,0,NULL,NULL
8924,22229,1228960401,0,NULL,NULL
8924,16563,1228960401,0,NULL,NULL
8924,27401,1228960401,0,NULL,NULL
8924,19360,1228960401,0,NULL,NULL
8924,2028,1228960401,0,NULL,NULL
8924,18793,1228960401,0,NULL,NULL
8925,7066,1228938140,0,NULL,NULL
8925,21215,1228909872,0,NULL,NULL
8925,13565,1228806279,0,NULL,NULL
8925,8457,1228909872,0,NULL,NULL
8925,18857,1228806279,0,NULL,NULL
8925,12875,1228909872,0,NULL,NULL
8925,22495,1228909872,0,NULL,NULL
8925,30697,1228941673,0,NULL,NULL
8925,26059,1228806279,0,NULL,NULL
8925,19754,1228806279,0,NULL,NULL
8934,4169,1228243744,-1,NULL,NULL
8934,12264,1228243744,0,NULL,NULL
8934,11785,1228243744,0,NULL,NULL
8934,26074,1228507850,0,NULL,NULL
8934,1402,1228334267,0,NULL,NULL
8934,96,1228334984,0,NULL,NULL
8934,28592,1228261488,0,NULL,NULL
8934,21745,1228334267,0,NULL,NULL
8934,14209,1228507850,0,NULL,NULL
8934,37337,1228334267,1,NULL,NULL
8950,24973,1228099073,0,NULL,NULL
8950,4178,1227838776,0,NULL,NULL
8950,34102,1228099073,0,NULL,NULL
8950,13476,1227838776,0,NULL,NULL
8950,1345,1227838776,0,NULL,NULL
8950,15197,1228099073,0,NULL,NULL
8950,23014,1227838776,0,NULL,NULL
8950,36394,1227838776,0,NULL,NULL
8950,2801,1227838776,0,NULL,NULL
8950,33419,1227838776,0,NULL,NULL
8951,31869,1228044964,1,NULL,NULL
8951,14272,1227979796,-1,NULL,NULL
8951,5537,1228044964,1,NULL,NULL
8951,26546,1227993335,1,NULL,NULL
8951,11032,1227993335,1,NULL,NULL
8951,22679,1228046158,0,NULL,NULL
8951,35408,1228044964,1,NULL,NULL
8951,19975,1227979796,1,NULL,NULL
8951,21515,1227993335,0,NULL,NULL
8951,34794,1228060985,0,NULL,NULL
8953,30857,1228024615,0,NULL,NULL
8953,1822,1228024615,1,NULL,NULL
8953,27443,1228024615,0,NULL,NULL
8954,15349,1227972822,1,NULL,NULL
8954,4768,1227972822,-1,NULL,NULL
8958,9959,1227856687,0,NULL,NULL
8958,31480,1227856687,0,NULL,NULL
8959,34620,1227843813,1,NULL,NULL
8959,27195,1227843813,1,NULL,NULL
8959,30046,1227845791,0,NULL,NULL
8959,37435,1227845791,0,NULL,NULL
8959,9442,1227845967,0,NULL,NULL
8966,16970,1227620655,0,NULL,NULL
8966,8643,1227620655,0,NULL,NULL
8966,14931,1227688204,0,NULL,NULL
8966,20892,1227688204,0,NULL,NULL
8966,10472,1227688204,0,NULL,NULL
8966,26792,1227688204,0,NULL,NULL
8966,21131,1227688204,0,NULL,NULL
8967,733,1227554891,0,NULL,NULL
8967,22482,1226906474,0,NULL,NULL
8967,5585,1227643224,0,NULL,NULL
8967,36,1227554891,0,NULL,NULL
8967,5658,1227554891,0,NULL,NULL
8967,36743,1227643224,0,NULL,NULL
8967,14552,1227554891,0,NULL,NULL
8967,7384,1227643224,0,NULL,NULL
8967,4342,1227554891,0,NULL,NULL
8967,24951,1227643224,0,NULL,NULL
8982,7170,1226651619,0,NULL,NULL
8982,31726,1226651619,0,NULL,NULL
8982,13489,1226651619,0,NULL,NULL
8982,14804,1226651619,0,NULL,NULL
8982,27275,1226651619,0,NULL,NULL
8982,26524,1226651619,0,NULL,NULL
8982,2780,1226651619,1,NULL,NULL
8985,35311,1226432891,1,NULL,NULL
8985,5170,1226571709,0,NULL,NULL
8987,12694,1226518886,0,NULL,NULL
8987,27303,1226518886,0,NULL,NULL
8987,20121,1226518886,-1,NULL,NULL
8987,21182,1226518886,1,NULL,NULL
8987,33781,1226518886,1,NULL,NULL
8987,18772,1226520054,0,NULL,NULL
8988,13867,1226478261,0,NULL,NULL
8990,33618,1226475629,1,NULL,NULL
8990,33125,1226475629,0,NULL,NULL
8993,22188,1226378057,0,NULL,NULL
8993,18331,1226348945,0,NULL,NULL
8993,6774,1226296872,0,NULL,NULL
8993,33450,1226353400,0,NULL,NULL
8993,25894,1226296872,0,NULL,NULL
8993,28615,1226302674,0,NULL,NULL
8993,5063,1226305935,0,NULL,NULL
8993,4562,1226290911,0,NULL,NULL
8993,33412,1226302674,0,NULL,NULL
8993,15796,1226378057,0,NULL,NULL
8994,14807,1226372689,0,NULL,NULL
8994,1265,1226372689,0,NULL,NULL
8995,15373,1226348256,0,NULL,NULL
8997,18264,1226088664,0,NULL,NULL
9000,10655,1226063471,0,NULL,NULL
9007,13030,1225898357,1,NULL,NULL
9007,4333,1225898357,-1,NULL,NULL
9007,11954,1225898357,-1,NULL,NULL
9007,34989,1225898357,0,NULL,NULL
9007,4057,1225898357,-1,NULL,NULL
9007,16439,1225898357,0,NULL,NULL
9007,32007,1225898357,-1,NULL,NULL
9009,19325,1225792507,0,NULL,NULL
9009,4361,1225792507,0,NULL,NULL
9009,8240,1225792507,0,NULL,NULL
9009,11739,1225792507,0,NULL,NULL
9009,12904,1225792507,0,NULL,NULL
9014,5281,1225376153,0,NULL,NULL
9014,13340,1225376153,1,NULL,NULL
9014,13188,1225376153,0,NULL,NULL
9014,8612,1225376153,0,NULL,NULL
9014,28233,1225386157,0,NULL,NULL
9014,4884,1225376153,1,NULL,NULL
9014,15828,1225376153,0,NULL,NULL
9014,733,1225386157,0,NULL,NULL
9014,8869,1225376153,1,NULL,NULL
9014,9208,1225386157,0,NULL,NULL
9016,34553,1225279407,0,NULL,NULL
9019,12802,1225116460,1,NULL,NULL
9020,36198,1225097088,0,NULL,NULL
9020,21756,1225097088,1,NULL,NULL
9025,440,1224733014,0,NULL,NULL
9025,34676,1224733014,0,NULL,NULL
9025,36368,1224733014,0,NULL,NULL
9026,6490,1224664687,0,NULL,NULL
9026,5625,1224699835,0,NULL,NULL
9026,19016,1224699835,0,NULL,NULL
9026,16795,1224699835,0,NULL,NULL
9026,15327,1224670855,0,NULL,NULL
9026,31831,1224614055,-1,NULL,NULL
9026,8978,1224699835,0,NULL,NULL
9026,26483,1224664687,0,NULL,NULL
9026,28647,1224699835,0,NULL,NULL
9026,27006,1224614055,1,NULL,NULL
9032,17752,1224610510,1,NULL,NULL
9032,8575,1224632823,0,NULL,NULL
9033,16469,1224599541,1,NULL,NULL
9033,25207,1224610081,1,NULL,NULL
9041,24076,1224322401,0,NULL,NULL
9044,12638,1224187668,0,NULL,NULL
9044,3060,1224187668,1,NULL,NULL
9044,21565,1224190317,-1,NULL,NULL
9044,34230,1224190317,0,NULL,NULL
9044,35754,1224190317,0,NULL,NULL
9044,22870,1224190317,0,NULL,NULL
9047,17619,1224087956,0,NULL,NULL
9047,8132,1224087956,0,NULL,NULL
9047,27619,1224087956,-1,NULL,NULL
9050,10394,1223898423,1,NULL,NULL
9056,20015,1223600769,1,NULL,NULL
9056,1581,1223600769,0,NULL,NULL
9056,16631,1223600769,1,NULL,NULL
9062,32840,1223450121,1,NULL,NULL
9065,5606,1220465183,0,NULL,NULL
9065,28189,1220465183,0,NULL,NULL
9065,27045,1220465183,0,NULL,NULL
9065,31429,1220465183,0,NULL,NULL
9065,21106,1220465628,0,NULL,NULL
9065,14282,1220465183,0,NULL,NULL
9065,269,1220465183,1,NULL,NULL
9065,21592,1223085739,0,NULL,NULL
9065,9314,1220465183,0,NULL,NULL
9065,28608,1220465183,-1,NULL,NULL
9067,466,1222912454,-1,NULL,NULL
9067,34670,1222960708,0,NULL,NULL
9067,19265,1222960708,1,NULL,NULL
9069,12745,1222871448,1,NULL,NULL
9069,2289,1222871448,1,NULL,NULL
9070,13907,1221916127,0,NULL,NULL
9070,14550,1221916127,0,NULL,NULL
9070,15835,1221916127,0,NULL,NULL
9070,35119,1221916127,0,NULL,NULL
9070,18102,1221916127,0,NULL,NULL
9070,30977,1221916127,0,NULL,NULL
9070,1078,1222797072,0,NULL,NULL
9070,8388,1221916127,0,NULL,NULL
9070,21579,1221916127,0,NULL,NULL
9070,27788,1221916127,0,NULL,NULL
9072,12457,1222322664,0,NULL,NULL
9072,5113,1222322664,1,NULL,NULL
9072,17463,1222331045,-1,NULL,NULL
9072,32024,1222325257,-1,NULL,NULL
9072,5440,1222322664,1,NULL,NULL
9072,31794,1222322664,1,NULL,NULL
9072,13633,1222322664,-1,NULL,NULL
9072,4043,1222783662,0,NULL,NULL
9072,17149,1222332323,0,NULL,NULL
9072,2308,1222322664,1,NULL,NULL
9073,36375,1222690567,1,NULL,NULL
9073,28740,1222690567,0,NULL,NULL
9073,7453,1222710593,0,NULL,NULL
9073,12162,1222710593,0,NULL,NULL
9073,26632,1222710593,0,NULL,NULL
9076,6241,1222075367,0,NULL,NULL
9076,22375,1222075367,0,NULL,NULL
9076,30025,1222591900,0,NULL,NULL
9076,3978,1222075367,0,NULL,NULL
9076,35829,1222075367,0,NULL,NULL
9076,35481,1222075367,0,NULL,NULL
9076,30693,1222077368,0,NULL,NULL
9076,21223,1222075367,-1,NULL,NULL
9076,18275,1222591900,0,NULL,NULL
9076,33643,1222075367,0,NULL,NULL
9077,24315,1222073810,0,NULL,NULL
9077,21203,1222590908,-1,NULL,NULL
9077,27358,1222590908,0,NULL,NULL
9080,8207,1222531060,1,NULL,NULL
9080,23862,1222531060,1,NULL,NULL
9080,27580,1222531060,1,NULL,NULL
9080,8776,1222531060,0,NULL,NULL
9080,2315,1222531060,0,NULL,NULL
9080,8183,1222531060,0,NULL,NULL
9080,27993,1222531060,0,NULL,NULL
9080,19,1222531060,1,NULL,NULL
9080,14078,1222531060,0,NULL,NULL
9081,8747,1222328232,1,NULL,NULL
9081,1536,1222328232,1,NULL,NULL
9081,22193,1222515310,0,NULL,NULL
9081,4899,1222328232,0,NULL,NULL
9081,36998,1222328232,0,NULL,NULL
9081,13703,1222328232,0,NULL,NULL
9081,596,1222328232,-1,NULL,NULL
9081,12618,1222515310,0,NULL,NULL
9081,22884,1222328232,1,NULL,NULL
9081,27190,1222515310,-1,NULL,NULL
9082,34426,1222501979,1,NULL,NULL
9084,26171,1222335380,-1,NULL,NULL
9084,1372,1222335380,1,NULL,NULL
9095,8383,1221843576,0,NULL,NULL
9095,33960,1221843576,0,NULL,NULL
9096,2238,1221820414,0,NULL,NULL
9096,27991,1221820414,1,NULL,NULL
9096,28012,1221820414,0,NULL,NULL
9102,16193,1221611914,0,NULL,NULL
9102,8260,1221611914,1,NULL,NULL
9105,28453,1221506264,0,NULL,NULL
9107,34329,1221496231,1,NULL,NULL
9107,1799,1221496231,0,NULL,NULL
9107,28845,1221496231,1,NULL,NULL
9107,21846,1221496231,0,NULL,NULL
9111,17039,1221408328,0,NULL,NULL
9111,9746,1221408328,0,NULL,NULL
9111,5166,1221408328,0,NULL,NULL
9111,7921,1221408328,1,NULL,NULL
9111,25070,1221408328,1,NULL,NULL
9112,7701,1221383043,0,NULL,NULL
9112,8004,1221383043,0,NULL,NULL
9112,23394,1221383043,1,NULL,NULL
9112,3911,1221386473,0,NULL,NULL
9112,28463,1221386473,0,NULL,NULL
9123,5316,1219901319,0,NULL,NULL
9123,10475,1220193323,1,NULL,NULL
9123,5369,1220806539,-1,NULL,NULL
9123,9856,1220806539,0,NULL,NULL
9130,524,1220445004,1,NULL,NULL
9130,22302,1220445004,1,NULL,NULL
9130,20498,1220445004,0,NULL,NULL
9134,5053,1220262664,-1,NULL,NULL
9134,8390,1220262664,1,NULL,NULL
9137,10896,1219904689,0,NULL,NULL
9137,17762,1219904689,0,NULL,NULL
9137,18599,1220094235,1,NULL,NULL
9139,20104,1219864895,1,NULL,NULL
9140,16608,1219889636,1,NULL,NULL
9142,33026,1219822278,0,NULL,NULL
9142,5241,1219822278,0,NULL,NULL
9142,27277,1219822278,1,NULL,NULL
9142,1479,1219822278,0,NULL,NULL
9142,25770,1219822278,1,NULL,NULL
9147,11685,1219721370,0,NULL,NULL
9147,14914,1219721370,1,NULL,NULL
9148,26634,1219633383,1,NULL,NULL
9148,33507,1219633383,1,NULL,NULL
9148,25626,1219633383,-1,NULL,NULL
9148,9351,1219633383,0,NULL,NULL
9148,18955,1219636487,0,NULL,NULL
9148,3955,1219636487,-1,NULL,NULL
9148,29622,1219655627,-1,NULL,NULL
9148,17434,1219655627,0,NULL,NULL
9148,27005,1219655627,1,NULL,NULL
9157,163,1219215848,0,NULL,NULL
9157,32620,1219215848,-1,NULL,NULL
9157,24405,1219215848,1,NULL,NULL
9157,37368,1219215848,0,NULL,NULL
9157,11820,1219215848,-1,NULL,NULL
9157,13440,1219216344,0,NULL,NULL
9165,31620,1218874673,0,NULL,NULL
9165,17870,1218874673,0,NULL,NULL
9165,18439,1218874673,0,NULL,NULL
9165,5397,1218874673,0,NULL,NULL
9169,22427,1218652878,1,NULL,NULL
9170,21812,1218637120,1,NULL,NULL
9170,26798,1218637120,1,NULL,NULL
9172,484,1218634418,1,NULL,NULL
9172,24293,1218634418,0,NULL,NULL
9172,36109,1218634418,1,NULL,NULL
9178,4171,1218507431,-1,NULL,NULL
9178,747,1218507431,0,NULL,NULL
9178,26873,1218507431,0,NULL,NULL
9178,1760,1218507431,0,NULL,NULL
9178,2108,1218507431,0,NULL,NULL
9178,14897,1218507431,0,NULL,NULL
9178,27039,1218507431,0,NULL,NULL
9178,23865,1218507431,0,NULL,NULL
9178,30849,1218507431,0,NULL,NULL
9178,1658,1218507431,0,NULL,NULL
9181,16727,1214203013,0,NULL,NULL
9181,36500,1218384708,0,NULL,NULL
9181,22788,1218384708,0,NULL,NULL
9181,9792,1218384708,0,NULL,NULL
9181,10664,1218384708,0,NULL,NULL
9184,27185,1218300682,-1,NULL,NULL
9184,31311,1218300682,0,NULL,NULL
9185,8496,1218281694,0,NULL,NULL
9185,1673,1218281694,0,NULL,NULL
9192,33661,1218169108,0,NULL,NULL
9192,19239,1218169108,0,NULL,NULL
9192,74,1218169108,0,NULL,NULL
9192,8210,1218169108,0,NULL,NULL
9192,22,1218169108,0,NULL,NULL
9192,21289,1218169108,0,NULL,NULL
9192,15343,1218169108,0,NULL,NULL
9192,663,1218169108,0,NULL,NULL
9192,18192,1218169108,0,NULL,NULL
9192,5319,1218169108,0,NULL,NULL
9197,17270,1218099172,0,NULL,NULL
9198,12507,1217225076,1,NULL,NULL
9198,7553,1217225076,0,NULL,NULL
9198,21419,1217225076,0,NULL,NULL
9198,27512,1217225076,-1,NULL,NULL
9198,6628,1217348634,1,NULL,NULL
9198,20645,1217348634,-1,NULL,NULL
9198,16406,1218047092,0,NULL,NULL
9205,12881,1217589590,0,NULL,NULL
9205,1082,1217589590,1,NULL,NULL
9205,33495,1217820722,-1,NULL,NULL
9210,14477,1217397195,0,NULL,NULL
9210,4887,1217397195,0,NULL,NULL
9210,31855,1217397195,0,NULL,NULL
9210,6392,1217079466,1,NULL,NULL
9210,30657,1217397195,0,NULL,NULL
9210,18994,1217079466,1,NULL,NULL
9210,16802,1217079466,0,NULL,NULL
9210,25674,1217397195,0,NULL,NULL
9210,8651,1217397195,0,NULL,NULL
9210,26290,1217397195,0,NULL,NULL
9216,3950,1217083687,0,NULL,NULL
9216,22855,1217083687,0,NULL,NULL
9216,27605,1217083687,1,NULL,NULL
9216,26845,1217161886,1,NULL,NULL
9216,25844,1217161886,1,NULL,NULL
9219,28353,1216982687,-1,NULL,NULL
9219,12726,1216982687,1,NULL,NULL
9219,9807,1216982687,1,NULL,NULL
9219,17024,1216982687,0,NULL,NULL
9219,35821,1216982687,1,NULL,NULL
9219,12467,1216982687,0,NULL,NULL
9226,16019,1216729060,0,NULL,NULL
9230,16159,1216405552,0,NULL,NULL
9230,7836,1216405552,0,NULL,NULL
9230,7171,1216405552,0,NULL,NULL
9243,23196,1215952303,1,NULL,NULL
9243,6473,1215952303,0,NULL,NULL
9243,2162,1215952303,0,NULL,NULL
9243,8063,1215952742,0,NULL,NULL
9245,5915,1215852162,-1,NULL,NULL
9245,30114,1215852162,1,NULL,NULL
9245,28386,1215852162,0,NULL,NULL
9245,15544,1215894584,-1,NULL,NULL
9247,9526,1215886628,-1,NULL,NULL
9247,27654,1215886628,1,NULL,NULL
9247,14325,1215886628,0,NULL,NULL
9254,18270,1215768223,1,NULL,NULL
9258,15501,1215675979,1,NULL,NULL
9258,9576,1215675979,0,NULL,NULL
9258,2922,1215675979,1,NULL,NULL
9258,7227,1215675979,0,NULL,NULL
9258,5357,1215675979,0,NULL,NULL
9258,30713,1215675979,0,NULL,NULL
9258,23901,1215675979,0,NULL,NULL
9258,15241,1215675979,0,NULL,NULL
9258,21461,1215675979,0,NULL,NULL
9258,24396,1215675979,0,NULL,NULL
9259,9111,1214452897,0,NULL,NULL
9259,1799,1215620144,0,NULL,NULL
9259,12662,1215620144,0,NULL,NULL
9259,12465,1215676772,1,NULL,NULL
9259,25106,1215676772,0,NULL,NULL
9262,18433,1215595883,-1,NULL,NULL
9262,23745,1215595883,1,NULL,NULL
9262,31260,1215595883,1,NULL,NULL
9263,14119,1215074458,1,NULL,NULL
9263,6937,1215076764,0,NULL,NULL
9263,24558,1215079405,0,NULL,NULL
9263,36438,1215076764,0,0.0,0.0
9263,12441,1215074458,0,NULL,NULL
9263,14425,1215566422,0,NULL,NULL
9263,12470,1215076764,0,NULL,NULL
9263,18398,1215074458,0,NULL,NULL
9263,15132,1215566422,0,NULL,NULL
9263,1033,1215566422,-1,NULL,NULL
9265,25885,1215520597,0,NULL,NULL
9265,5023,1215520597,0,NULL,NULL
9265,4187,1215520597,1,NULL,NULL
9268,19002,1215407124,1,NULL,NULL
9268,12005,1215407124,1,NULL,NULL
9268,10520,1215407124,0,NULL,NULL
9274,14901,1215259497,0,NULL,NULL
9274,37362,1215260336,0,NULL,NULL
9283,9211,1215028243,0,NULL,NULL
9283,11979,1215028243,0,NULL,NULL
9283,9811,1215028243,0,NULL,NULL
9283,7671,1215028243,0,NULL,NULL
9283,11761,1215028243,0,NULL,NULL
9283,7709,1215028243,0,NULL,NULL
9283,26220,1215028243,0,NULL,NULL
9283,16274,1215028243,0,NULL,NULL
9283,7135,1215028243,0,NULL,NULL
9283,9602,1215028243,0,NULL,NULL
9284,560,1215025639,0,NULL,NULL
9290,35842,1214508741,1,NULL,NULL
9290,34633,1214508741,1,NULL,NULL
9290,19909,1214508741,-1,NULL,NULL
9290,20732,1214508741,-1,NULL,NULL
9290,6045,1214508741,-1,NULL,NULL
9290,6076,1214508741,-1,NULL,NULL
9290,28698,1214529141,0,NULL,NULL
9291,37276,1213901913,1,NULL,NULL
9291,23794,1214492791,0,NULL,NULL
9291,19072,1214492791,0,NULL,NULL
9291,24111,1214457215,0,NULL,NULL
9291,7391,1214495703,-1,NULL,NULL
9291,7359,1214492791,0,NULL,NULL
9291,6319,1214492791,0,NULL,NULL
9291,4350,1214492791,0,NULL,NULL
9291,18218,1214492791,-1,NULL,NULL
9291,7752,1214492791,0,NULL,NULL
9292,2361,1214287134,1,NULL,NULL
9292,22239,1214287134,0,NULL,NULL
9292,30785,1214287134,0,NULL,NULL
9292,6545,1214287134,0,NULL,NULL
9292,2251,1214287134,0,NULL,NULL
9292,13558,1214370677,0,NULL,NULL
9295,13278,1214282715,1,NULL,NULL
9295,21290,1214282715,0,NULL,NULL
9295,26279,1214282715,1,NULL,NULL
9298,25665,1214224480,0,NULL,NULL
9302,32227,1213894639,1,NULL,NULL
9308,30061,1213348718,0,NULL,NULL
9308,3970,1213647567,0,NULL,NULL
9308,37224,1213677436,-1,NULL,NULL
9308,14955,1213348718,0,NULL,NULL
9308,10676,1213647567,0,NULL,NULL
9308,7172,1213647567,-1,NULL,NULL
9308,5173,1213647567,0,NULL,NULL
9308,5071,1213677436,0,NULL,NULL
9308,18430,1213560131,1,NULL,NULL
9308,10840,1213677436,0,NULL,NULL
9311,31039,1213243679,1,NULL,NULL
9311,19160,1213243679,0,NULL,NULL
9311,26059,1213243679,0,NULL,NULL
9311,13652,1213243679,0,NULL,NULL
9313,13257,1213037419,0,NULL,NULL
9314,27850,1213036698,-1,NULL,NULL
9321,36312,1212744285,0,NULL,NULL
9321,36706,1212744285,0,NULL,NULL
9321,12445,1212744285,1,NULL,NULL
9321,12235,1212744285,0,NULL,NULL
9321,8174,1212848652,0,NULL,NULL
9321,12494,1212848652,1,NULL,NULL
9322,24247,1212755221,0,NULL,NULL
9322,6646,1212755221,1,NULL,NULL
9326,35161,1212726212,1,NULL,NULL
9326,37117,1212726260,0,NULL,NULL
9326,14404,1212726260,-1,NULL,NULL
9326,7747,1212726260,-1,NULL,NULL
9326,14445,1212728207,0,NULL,NULL
9326,6051,1212728207,0,NULL,NULL
9326,4971,1212728207,0,NULL,NULL
9326,30342,1212728207,0,NULL,NULL
9327,9569,1211584070,0,NULL,NULL
9327,30798,1211584070,0,NULL,NULL
9327,12398,1212558541,1,NULL,NULL
9327,13801,1211584070,0,NULL,NULL
9327,6474,1212715525,0,NULL,NULL
9327,30333,1212558541,0,NULL,NULL
9327,17656,1211584070,0,NULL,NULL
9327,20338,1212715525,0,NULL,NULL
9327,22569,1211584070,0,NULL,NULL
9327,6710,1211584070,0,NULL,NULL
9328,16873,1212565005,1,NULL,NULL
9328,26671,1212565005,-1,NULL,NULL
9347,494,1211816519,-1,NULL,NULL
9347,19369,1211816519,0,NULL,NULL
9347,741,1211816519,0,NULL,NULL
9347,37337,1211816519,0,NULL,NULL
9347,26614,1211816519,0,NULL,NULL
9347,24243,1211816519,0,NULL,NULL
9347,14522,1211816519,0,NULL,NULL
9347,4749,1211816519,0,NULL,NULL
9347,2095,1211816519,1,NULL,NULL
9348,7481,1211778590,0,NULL,NULL
9348,27183,1211778590,0,NULL,NULL
9348,24319,1211778590,0,NULL,NULL
9356,12510,1211490942,0,NULL,NULL
9361,17187,1211309470,1,NULL,NULL
9361,6992,1211309470,0,NULL,NULL
9361,18836,1211309470,1,NULL,NULL
9361,14014,1211309470,1,NULL,NULL
9361,17064,1211309470,0,NULL,NULL
9361,34802,1211309470,1,NULL,NULL
9361,14594,1211381654,0,NULL,NULL
9361,18728,1211381654,0,NULL,NULL
9361,7910,1211309470,1,NULL,NULL
9361,8624,1211381654,1,NULL,NULL
9372,1210,1189236308,0,NULL,NULL
9372,6764,1210914164,0,NULL,NULL
9372,19075,1210914164,0,NULL,NULL
9372,27313,1210914164,0,NULL,NULL
9373,7113,1210913540,1,NULL,NULL
9373,33808,1210828636,0,NULL,NULL
9373,6649,1210913540,-1,NULL,NULL
9373,34958,1210913540,0,NULL,NULL
9373,28294,1210913540,-1,NULL,NULL
9373,31714,1210742442,1,NULL,NULL
9373,19898,1210742442,-1,NULL,NULL
9373,23928,1210742442,0,NULL,NULL
9373,16173,1210913540,0,NULL,NULL
9373,27703,1210742442,-1,NULL,NULL
9379,13343,1210644022,1,NULL,NULL
9380,225,1210523639,0,NULL,NULL
9380,13825,1210593104,-1,NULL,NULL
9380,27964,1210595322,0,NULL,NULL
9380,11334,1210594372,0,NULL,NULL
9380,11016,1210523576,1,NULL,NULL
9380,19877,1210593104,0,NULL,NULL
9380,26509,1210594372,0,NULL,NULL
9380,7124,1210526383,0,NULL,NULL
9380,6631,1210590665,-1,NULL,NULL
9380,15150,1210594372,0,NULL,NULL
9385,7003,1210388892,0,NULL,NULL
9385,8688,1210388892,0,NULL,NULL
9389,33533,1210238978,0,NULL,NULL
9389,21119,1210238978,1,NULL,NULL
9389,27498,1210262462,0,NULL,NULL
9389,2932,1210262462,1,NULL,NULL
9393,1153,1209803508,1,NULL,NULL
9393,21123,1209803508,1,NULL,NULL
9393,9146,1209803508,0,NULL,NULL
9393,26224,1209803508,0,NULL,NULL
9393,9567,1209803508,1,NULL,NULL
9393,1718,1209803508,1,NULL,NULL
9393,26939,1209803508,0,NULL,NULL
9393,23829,1209803508,1,NULL,NULL
9393,1369,1209803508,0,NULL,NULL
9393,10532,1209803508,1,NULL,NULL
9396,14493,1209026227,1,NULL,NULL
9396,22729,1209026227,1,NULL,NULL
9396,28529,1209026227,1,NULL,NULL
9396,16740,1209026227,0,NULL,NULL
9396,293,1209026227,1,NULL,NULL
9396,14844,1209026227,1,NULL,NULL
9396,8902,1209026227,1,NULL,NULL
9397,7895,1208792135,-1,NULL,NULL
9397,26575,1208792135,1,NULL,NULL
9397,22629,1208792135,0,NULL,NULL
9397,9623,1208792135,1,NULL,NULL
9399,37238,1208448482,1,NULL,NULL
9399,32587,1208448482,1,NULL,NULL
9399,32035,1208448482,1,NULL,NULL
9399,16168,1208448482,1,NULL,NULL
9399,16878,1208448482,0,NULL,NULL
9399,28188,1208448482,1,NULL,NULL
9399,4765,1208448482,1,NULL,NULL
9399,16124,1208448482,0,NULL,NULL
9399,17965,1208448482,1,NULL,NULL
9399,8474,1208448482,1,NULL,NULL
9413,6747,1207391016,0,NULL,NULL
9413,30224,1207391016,0,NULL,NULL
9413,269,1207391016,-1,NULL,NULL
9413,13691,1207391016,1,NULL,NULL
9413,7792,1207391016,0,NULL,NULL
9413,18645,1207543357,0,NULL,NULL
9425,15945,1207121874,0,NULL,NULL
9425,2332,1207121874,0,NULL,NULL
9425,13431,1207121874,0,NULL,NULL
9425,25988,1207121874,0,NULL,NULL
9425,17968,1207121874,0,NULL,NULL
9425,12955,1207121874,0,NULL,NULL
9425,6922,1207121874,0,NULL,NULL
9425,2741,1207121874,0,NULL,NULL
9425,8381,1207121874,0,NULL,NULL
9428,17715,1206888478,0,NULL,NULL
9428,17399,1206888478,0,NULL,NULL
9428,17329,1206888478,0,NULL,NULL
9428,28686,1206896103,0,NULL,NULL
9428,19629,1206888478,0,NULL,NULL
9428,36706,1206892907,0,NULL,NULL
9428,30328,1206888478,0,NULL,NULL
9428,12991,1206888478,0,NULL,NULL
9428,2251,1206897402,0,NULL,NULL
9428,18439,1206888478,0,NULL,NULL
9434,20574,1206691856,1,NULL,NULL
9434,2033,1206696034,0,NULL,NULL
9439,13740,1206339796,1,NULL,NULL
9439,30336,1206339796,-1,NULL,NULL
9439,15115,1206339796,0,NULL,NULL
9440,22438,1206024811,0,NULL,NULL
9441,6431,1206012482,-1,NULL,NULL
9441,12615,1206012482,0,NULL,NULL
9441,10423,1206012482,0,NULL,NULL
9441,22905,1206012482,0,NULL,NULL
9443,32854,1205985994,0,NULL,NULL
9446,28657,1205730963,0,NULL,NULL
9446,22560,1205730963,0,NULL,NULL
9446,15750,1205730963,0,NULL,NULL
9446,19372,1205730963,0,NULL,NULL
9446,9163,1205730963,0,NULL,NULL
9446,5251,1205730963,-1,NULL,NULL
9446,7470,1205730963,-1,NULL,NULL
9446,21201,1205730963,0,NULL,NULL
9446,5466,1205730963,0,NULL,NULL
9446,14371,1205730963,0,NULL,NULL
9452,13405,1205116068,1,NULL,NULL
9452,10738,1205116068,1,NULL,NULL
9452,4989,1205116068,0,NULL,NULL
9452,32215,1205116068,-1,NULL,NULL
9452,10636,1205116068,0,NULL,NULL
9456,35055,1204913151,0,NULL,NULL
9458,5242,1204901184,1,NULL,NULL
9465,14806,1204555276,0,NULL,NULL
9466,16285,1204317301,0,NULL,NULL
9466,9029,1204317301,0,NULL,NULL
9466,6040,1204317301,0,NULL,NULL
9473,1087,1203402177,0,NULL,NULL
9473,31389,1203478501,0,NULL,NULL
9473,2882,1203478501,1,NULL,NULL
9473,8269,1203402759,0,NULL,NULL
9473,19871,1203403442,0,NULL,NULL
9473,5512,1203402177,0,NULL,NULL
9473,229,1203403442,0,NULL,NULL
9473,15701,1203478501,-1,NULL,NULL
9473,1648,1203403442,0,NULL,NULL
9473,12427,1203402177,-1,NULL,NULL
9475,7814,1203077836,0,NULL,NULL
9477,1187,1202894962,-1,NULL,NULL
9480,15719,1202819858,0,NULL,NULL
9480,31816,1202819858,0,NULL,NULL
9480,250,1202819858,0,NULL,NULL
9480,17612,1202819858,0,NULL,NULL
9487,14249,1202233596,1,NULL,NULL
9492,6063,1200962817,0,NULL,NULL
9492,23086,1200962817,1,NULL,NULL
9492,2256,1200964082,0,NULL,NULL
9492,30520,1200964082,0,NULL,NULL
9500,30245,1200550010,0,NULL,NULL
9500,16642,1200550010,0,NULL,NULL
9501,7657,1200227339,1,NULL,NULL
9501,18807,1200227339,0,NULL,NULL
9501,22077,1200227339,0,NULL,NULL
9501,28712,1200227339,1,NULL,NULL
9501,34020,1200227339,0,NULL,NULL
9503,4693,1199437175,1,NULL,NULL
9503,6790,1199437175,0,NULL,NULL
9503,22338,1199437175,0,NULL,NULL
9505,10681,1198263940,0,NULL,NULL
9509,33777,1197295406,-1,NULL,NULL
9509,15858,1197295406,1,NULL,NULL
9509,13920,1197295406,1,NULL,NULL
9509,15915,1197295406,1,NULL,NULL
9509,10449,1197295406,0,NULL,NULL
9509,7821,1197489832,0,NULL,NULL
9510,31840,1196962651,0,NULL,NULL
9510,4685,1196962651,1,NULL,NULL
9510,22367,1197026859,0,NULL,NULL
9520,35540,1196454026,0,NULL,NULL
9520,4712,1196454026,-1,NULL,NULL
9520,30678,1196454026,1,NULL,NULL
9520,15750,1196454026,0,NULL,NULL
9520,20921,1196454026,0,NULL,NULL
9520,20624,1196454026,0,NULL,NULL
9522,30353,1196354343,0,NULL,NULL
9522,6700,1196354343,0,NULL,NULL
9522,4536,1196354343,1,NULL,NULL
9522,23021,1196354343,0,NULL,NULL
9522,24389,1196354343,0,NULL,NULL
9533,17260,1195295993,1,NULL,NULL
9533,15532,1195295993,0,NULL,NULL
9533,32708,1195295993,0,NULL,NULL
9533,15730,1195295993,1,NULL,NULL
9533,1983,1195295993,1,NULL,NULL
9536,13217,1195234719,0,NULL,NULL
9536,22568,1195234719,1,NULL,NULL
9542,5282,1195064027,0,NULL,NULL
9542,24265,1195064027,0,NULL,NULL
9542,11937,1195126455,1,NULL,NULL
9549,6018,1194618728,-1,NULL,NULL
9549,7224,1194618728,1,NULL,NULL
9549,13095,1195042474,-1,NULL,NULL
9549,24825,1195042474,0,NULL,NULL
9549,16908,1195042474,1,NULL,NULL
9550,4085,1194452456,0,NULL,NULL
9550,24918,1194452456,0,NULL,NULL
9550,19951,1194452456,0,NULL,NULL
9550,28064,1194452456,0,NULL,NULL
9550,24432,1194452456,0,NULL,NULL
9550,18390,1194452456,-1,NULL,NULL
9550,28501,1194452456,0,NULL,NULL
9556,1581,1193840785,0,NULL,NULL
9556,28179,1193840785,0,NULL,NULL
9556,24840,1193840785,0,NULL,NULL
9556,19573,1193840785,0,NULL,NULL
9560,26517,1192807310,1,NULL,NULL
9564,14062,1192178704,1,NULL,NULL
9564,27770,1192178704,1,NULL,NULL
9564,31625,1192178704,0,NULL,NULL
9564,12710,1192182821,-1,NULL,NULL
9564,11693,1192182821,0,NULL,NULL
9564,10295,1192182821,0,NULL,NULL
9566,35937,1192115072,1,NULL,NULL
9566,4911,1192115072,-1,NULL,NULL
9566,19131,1192127905,0,NULL,NULL
9566,10787,1192127905,0,NULL,NULL
9566,8396,1192127905,0,NULL,NULL
9566,8764,1192127905,0,NULL,NULL
9566,27081,1192127905,-1,NULL,NULL
9566,24324,1192127905,0,NULL,NULL
9568,27765,1192037450,1,NULL,NULL
9572,5257,1191925077,0,NULL,NULL
9572,5981,1191925077,0,NULL,NULL
9572,33049,1191925077,0,NULL,NULL
9572,7451,1191925077,0,NULL,NULL
9572,15121,1191925077,0,NULL,NULL
9572,11904,1191925077,1,NULL,NULL
9572,5587,1191925077,1,NULL,NULL
9572,22572,1191925077,0,NULL,NULL
9572,12699,1191925077,0,NULL,NULL
9572,2892,1191925077,1,NULL,NULL
9573,6195,1191255309,0,NULL,NULL
9585,21611,1190231362,0,NULL,NULL
9585,10963,1190231362,1,NULL,NULL
9585,2117,1190231362,1,NULL,NULL
9585,19120,1190231362,0,NULL,NULL
9585,34970,1190231362,0,NULL,NULL
9586,34907,1190123527,1,NULL,NULL
9586,12449,1190123527,-1,NULL,NULL
9586,2400,1190123527,0,NULL,NULL
9586,7633,1190123527,1,NULL,NULL
9586,20045,1190123527,0,NULL,NULL
9586,19571,1190123527,1,NULL,NULL
9597,31009,1189171779,1,NULL,NULL
9597,15802,1189171779,-1,NULL,NULL
9597,20721,1189171779,1,NULL,NULL
9597,34416,1189171779,0,NULL,NULL
9597,4548,1189171779,1,NULL,NULL
9597,6634,1189171779,0,NULL,NULL
9597,9944,1189171779,0,NULL,NULL
9601,30216,1188560583,-1,NULL,NULL
9601,20267,1188560583,0,NULL,NULL
9603,5979,1188403682,1,NULL,NULL
9603,19690,1188403682,1,NULL,NULL
9605,7087,1188323553,0,NULL,NULL
9605,13513,1188323553,0,NULL,NULL
9605,26171,1188323553,0,NULL,NULL
9606,26887,1188318112,-1,NULL,NULL
9606,18759,1188318112,1,NULL,NULL
9606,27072,1188318112,1,NULL,NULL
9606,3915,1188318112,-1,NULL,NULL
9607,8549,1188306789,0,NULL,NULL
9607,21069,1188306789,0,NULL,NULL
9607,4708,1188306789,-1,NULL,NULL
9607,12257,1188306789,1,NULL,NULL
9613,24959,1187505185,1,NULL,NULL
9613,14164,1187505185,0,NULL,NULL
9613,5515,1187505185,0,NULL,NULL
9613,9476,1187505185,0,NULL,NULL
9615,2868,1187333436,-1,NULL,NULL
9615,12388,1187333436,1,NULL,NULL
9615,26595,1187333436,-1,NULL,NULL
9615,21930,1187333436,-1,NULL,NULL
9615,16249,1187333436,0,NULL,NULL
9615,10823,1187333436,0,NULL,NULL
9615,31071,1187333436,1,NULL,NULL
9615,17541,1187333436,1,NULL,NULL
9624,10153,1186994817,0,NULL,NULL
9624,19375,1186994817,1,NULL,NULL
9624,19408,1186994817,-1,NULL,NULL
9625,25117,1186764911,1,NULL,NULL
9625,24539,1186764911,1,NULL,NULL
9625,23948,1186764911,-1,NULL,NULL
9625,32447,1186765088,0,NULL,NULL
9627,20954,1186730325,1,NULL,NULL
9627,31042,1186730325,1,NULL,NULL
9627,20591,1186730325,1,NULL,NULL
9627,19842,1186730325,1,NULL,NULL
9649,18384,1183875004,1,NULL,NULL
9649,6410,1183875004,1,NULL,NULL
1,2,1582392860,1,NULL,NULL
1,2,1582394536,0,NULL,NULL
1,1,1582483410,0,NULL,NULL
1,2,1582483410,1,NULL,NULL
1,3,1582483410,1,NULL,NULL
1,4,1582483410,0,NULL,NULL
2,7470,1575129178,0,NULL,NULL
2,7438,1575129178,0,NULL,NULL
2,7507,1575129178,0,NULL,NULL
2,7553,1575129178,0,NULL,NULL
2,7809,1574150812,0,NULL,NULL
2,5798,1576341055,0,NULL,NULL
2,7583,1575129178,0,NULL,NULL
2,7577,1575129178,0,0.0,0.0
2,7504,1575129178,0,NULL,NULL
2,7808,1574150812,0,NULL,NULL
3,53,1582298763,-1,NULL,NULL
3,29,1582298763,-1,0.0,NULL
3,41,1582298763,-1,NULL,NULL
3,22,1582298763,-1,NULL,NULL
3,31,1582298763,-1,NULL,NULL
3,45,1582298763,-1,NULL,NULL
3,49,1582298763,0,NULL,NULL
3,32,1582298763,0,NULL,NULL
3,52,1582298763,0,NULL,NULL
3,35,1582298763,-1,NULL,NULL
4,30,1582286652,1,NULL,NULL
4,33,1582286652,1,NULL,NULL
4,53,1582286652,0,NULL,NULL
4,47,1582286652,0,NULL,NULL
4,29,1582286652,1,0.0,0.0
4,43,1582286653,0,NULL,NULL
4,52,1582286652,-1,NULL,NULL
4,52,1582286652,1,NULL,NULL
4,31,1582286652,1,NULL,NULL
4,53,1582286652,1,NULL,NULL
5,49,1582294639,0,NULL,NULL
6,63,1582202233,0,NULL,NULL
6,66,1582202233,0,NULL,NULL
6,57,1582202233,0,NULL,NULL
6,60,1582202233,0,NULL,NULL
6,59,1582202233,0,NULL,NULL
6,57,1582202234,0,NULL,NULL
6,58,1582202233,0,NULL,NULL
6,69,1582202233,0,NULL,NULL
6,67,1582202233,0,NULL,NULL
6,65,1582202233,0,NULL,NULL
8,90,1582174125,1,1.0,1.0
8,75,1582175949,1,NULL,NULL
8,76,1582175750,0,NULL,NULL
8,80,1582175750,0,NULL,NULL
8,79,1582174125,1,0.0,0.0
8,79,1582175750,1,-1.0,NULL
8,85,1582174125,0,0.0,NULL
8,77,1582175750,0,NULL,NULL
8,81,1582175750,1,NULL,NULL
8,77,1582174464,0,NULL,NULL
10,95,1582140185,1,NULL,NULL
10,96,1582140185,0,0.0,0.0
10,94,1582140185,0,NULL,NULL
10,111,1582110116,1,NULL,NULL
10,40,1582110116,1,NULL,NULL
10,110,1582110116,0,NULL,NULL
10,97,1582140185,0,0.0,0.0
10,33,1582140185,0,NULL,NULL
10,32,1582110116,0,NULL,NULL
10,93,1582140185,0,NULL,NULL
11,98,1582140164,0,NULL,NULL
11,99,1582140164,-1,NULL,NULL
12,102,1582140106,-1,NULL,NULL
12,101,1582140106,-1,NULL,NULL
13,29,1582140092,0,0.0,0.0
15,122,1582029141,1,0.0,0.0
15,117,1582032071,0,NULL,NULL
15,121,1582030117,1,NULL,NULL
15,120,1582032071,0,NULL,NULL
15,113,1582033325,-1,NULL,NULL
15,119,1582032071,0,NULL,NULL
15,118,1582032071,0,NULL,NULL
15,114,1582030117,0,0.0,0.0
15,114,1582033325,0,0.0,0.0
15,113,1582030117,1,NULL,NULL
16,30,1582021318,0,NULL,NULL
16,40,1582021318,1,NULL,NULL
16,35,1582021318,1,NULL,NULL
16,32,1582021318,0,NULL,NULL
16,34,1582021318,0,NULL,NULL
16,82,1582021318,0,0.0,0.0
17,124,1581966181,-1,NULL,NULL
18,127,1581951289,-1,NULL,NULL
18,126,1581952465,-1,NULL,NULL
18,125,1581952465,0,NULL,NULL
19,140,1581947597,1,NULL,NULL
19,128,1581947597,0,0.0,0.0
19,129,1581947597,0,NULL,NULL
19,137,1581947597,-1,NULL,NULL
19,134,1581947597,0,NULL,NULL
19,143,1581947597,1,NULL,NULL
19,139,1581947597,0,NULL,NULL
19,132,1581947597,-1,NULL,NULL
19,141,1581947597,1,NULL,NULL
19,135,1581947597,-1,0.0,0.0
21,188,1581940908,1,NULL,NULL
21,183,1581940908,0,0.0,0.0
21,184,1581940908,-1,0.0,0.0
21,185,1581940908,0,NULL,NULL
22,220,1581772354,1,NULL,NULL
22,229,1581775408,0,NULL,NULL
22,225,1581775408,1,NULL,NULL
22,220,1581839376,0,NULL,NULL
22,305,1581691042,0,NULL,NULL
22,236,1581774043,0,NULL,NULL
22,325,1581681036,0,NULL,NULL
22,227,1581775408,0,NULL,NULL
22,228,1581775408,-1,NULL,NULL
22,218,1581772354,1,NULL,NULL
23,197,1581929991,0,0.0,NULL
25,213,1581859292,1,NULL,NULL
25,214,1581859292,0,NULL,NULL
25,208,1581866481,1,NULL,NULL
25,207,1581868558,0,NULL,NULL
25,29,1581859292,1,0.0,0.0
25,206,1581859292,-1,NULL,NULL
25,207,1581859292,1,NULL,NULL
25,206,1581868558,0,NULL,NULL
25,212,1581859292,0,NULL,NULL
25,209,1581859292,0,NULL,NULL
26,248,1581753194,0,NULL,NULL
26,250,1581753194,-1,0.0,0.0
26,247,1581753194,0,NULL,NULL
26,249,1581753194,0,NULL,NULL
26,255,1581753194,-1,NULL,NULL
26,256,1581753194,0,NULL,NULL
26,258,1581753194,-1,NULL,NULL
26,253,1581753194,1,NULL,NULL
26,257,1581753194,0,NULL,NULL
28,282,1581691242,0,NULL,NULL
28,293,1581691242,0,NULL,NULL
28,284,1581691242,0,NULL,NULL
28,283,1581691242,0,NULL,NULL
28,282,1581691242,0,NULL,NULL
28,292,1581691242,0,NULL,NULL
28,295,1581691242,0,NULL,NULL
28,285,1581691242,0,NULL,NULL
28,283,1581691242,0,NULL,NULL
28,294,1581691242,0,NULL,NULL
29,328,1581671838,0,NULL,NULL
29,330,1581671838,0,NULL,NULL
29,2872,1580118183,1,NULL,NULL
29,329,1581671838,0,NULL,NULL
29,327,1581671838,0,NULL,NULL
29,1570,1580118183,-1,NULL,NULL
29,2858,1580901987,0,NULL,NULL
29,2871,1580186588,0,NULL,NULL
29,331,1581671838,0,NULL,NULL
29,4521,1580118183,-1,NULL,NULL
31,333,1581671838,0,NULL,NULL
31,334,1581671838,0,0.0,0.0
31,332,1581671838,1,0.0,0.0
32,357,1581630067,0,NULL,NULL
32,536,1581630084,0,NULL,NULL
32,420,1581638163,0,NULL,NULL
32,527,1581630083,0,NULL,NULL
32,493,1581638163,0,0.0,0.0
32,488,1581630082,0,NULL,NULL
32,578,1581630062,0,NULL,NULL
32,363,1581638163,0,NULL,NULL
32,526,1581630083,0,NULL,NULL
32,515,1581630083,0,0.0,0.0
35,621,1581602563,0,NULL,NULL
35,620,1581602563,0,NULL,NULL
35,610,1581605158,0,NULL,NULL
35,623,1581602563,0,NULL,NULL
35,610,1581602563,0,NULL,NULL
35,619,1581602563,0,NULL,NULL
35,622,1581602563,0,NULL,NULL
35,611,1581605158,0,NULL,NULL
35,611,1581602563,0,NULL,NULL
35,615,1581602563,0,NULL,NULL
36,631,1581600971,1,0.0,0.0
36,635,1581600971,0,NULL,NULL
36,634,1581600971,1,0.0,0.0
36,628,1581600971,0,NULL,NULL
36,632,1581600971,1,0.0,0.0
36,630,1581600971,0,NULL,NULL
36,633,1581600971,1,0.0,0.0
36,627,1581600971,-1,NULL,NULL
37,638,1581600948,-1,0.0,0.0
37,645,1581600948,-1,0.0,0.0
37,639,1581600948,0,0.0,0.0
37,644,1581600948,-1,0.0,0.0
38,673,1581598156,1,NULL,NULL
38,670,1581598156,0,NULL,NULL
38,650,1581598156,0,NULL,NULL
38,689,1581598156,1,NULL,NULL
38,662,1581598156,0,NULL,NULL
38,681,1581598156,1,NULL,NULL
38,706,1581598156,0,NULL,NULL
38,49,1581598156,-1,NULL,NULL
38,703,1581598156,0,NULL,NULL
38,655,1581598156,0,NULL,NULL
39,748,1581597014,0,NULL,NULL
39,741,1581597014,1,NULL,NULL
39,709,1581597014,1,NULL,NULL
39,744,1581597014,-1,NULL,NULL
39,711,1581597014,0,NULL,NULL
39,688,1581597014,-1,NULL,NULL
39,691,1581597014,-1,NULL,NULL
39,678,1581597014,0,NULL,NULL
39,668,1581597014,0,NULL,NULL
39,701,1581597014,-1,NULL,NULL
41,191,1581499551,0,0.0,0.0
41,29,1581499551,0,NULL,NULL
41,213,1581500665,0,NULL,NULL
41,1014,1581570058,1,0.0,0.0
41,1013,1581570200,1,0.0,0.0
42,1019,1581503456,0,0.0,0.0
42,630,1581503456,-1,NULL,NULL
42,1028,1581503456,0,NULL,NULL
42,627,1581503456,-1,NULL,NULL
42,1021,1581503456,0,0.0,0.0
42,1031,1581503456,0,NULL,NULL
42,628,1581503456,-1,NULL,NULL
42,1029,1581503456,0,NULL,NULL
42,408,1581503456,0,0.0,0.0
43,1016,1581514044,1,1.0,1.0
49,1072,1581411107,0,NULL,NULL
49,1074,1581411107,0,NULL,NULL
49,1052,1581411107,0,NULL,NULL
49,1083,1581411107,0,NULL,NULL
49,1062,1581411107,0,NULL,NULL
49,371,1581411107,0,NULL,NULL
49,373,1581411107,0,NULL,NULL
49,1085,1581411107,0,NULL,NULL
49,1078,1581411107,0,NULL,NULL
49,1088,1581411107,0,NULL,NULL
50,1104,1581413701,0,NULL,NULL
51,1094,1581412288,1,NULL,NULL
52,745,1581290552,0,0.0,0.0
52,1440,1581405660,1,NULL,NULL
52,2547,1581290552,0,NULL,NULL
52,1419,1581405660,0,NULL,NULL
52,2036,1581290552,1,NULL,NULL
52,1818,1581290552,1,NULL,NULL
52,1538,1581405660,0,NULL,NULL
52,2165,1581290552,-1,NULL,NULL
52,1657,1581290552,1,NULL,NULL
52,1886,1581290552,1,NULL,NULL
53,1420,1581395247,1,NULL,NULL
53,602,1581395423,-1,NULL,NULL
53,1432,1581395247,0,NULL,NULL
53,1439,1581395247,0,NULL,NULL
53,1465,1581395247,0,NULL,NULL
53,1408,1581395247,0,NULL,NULL
53,1417,1581395247,1,NULL,NULL
53,1406,1581395247,1,NULL,NULL
53,1467,1581395247,0,NULL,NULL
53,1398,1581395247,0,NULL,NULL
54,1551,1581349889,0,NULL,NULL
54,1556,1581349889,0,NULL,NULL
54,1555,1581349889,0,NULL,NULL
54,1550,1581349889,1,NULL,NULL
54,1548,1581356335,0,0.0,NULL
58,2801,1581162066,1,NULL,NULL
58,2814,1581162066,1,NULL,NULL
58,2803,1581162066,1,NULL,NULL
59,2364,1581090003,0,NULL,NULL
59,1823,1581090003,0,NULL,NULL
59,2240,1581090003,0,NULL,NULL
59,1897,1581090003,0,NULL,NULL
59,2183,1581090003,0,NULL,NULL
59,1895,1581090003,0,NULL,NULL
59,2243,1581090003,0,NULL,NULL
59,2658,1581090003,0,NULL,NULL
59,1748,1581090003,0,NULL,NULL
59,2206,1581090003,0,NULL,NULL
60,2754,1581090001,0,NULL,NULL
60,2753,1581090001,0,NULL,NULL
60,2756,1581090001,0,NULL,NULL
60,1413,1581090001,0,NULL,NULL
60,1103,1581090001,1,NULL,NULL
60,2817,1581090001,0,NULL,NULL
61,1955,1581081887,-1,NULL,NULL
61,745,1581081887,0,0.0,0.0
61,1986,1581081887,0,NULL,NULL
61,1983,1581081887,0,NULL,NULL
61,1857,1581081887,-1,NULL,NULL
61,2211,1581081887,0,NULL,NULL
61,1984,1581081887,0,NULL,NULL
61,1977,1581081887,0,NULL,NULL
61,2276,1581081887,0,0.0,0.0
61,1874,1581081887,1,NULL,NULL
65,2104,1581048780,0,0.0,0.0
65,2102,1581048780,1,NULL,NULL
65,2096,1581048780,0,0.0,0.0
65,2105,1581048780,0,0.0,0.0
65,2106,1580873840,0,NULL,NULL
65,2103,1580875563,0,0.0,0.0
65,2096,1580873840,0,0.0,0.0
65,2112,1580875563,0,NULL,NULL
65,2097,1581048780,1,NULL,NULL
65,2095,1580873840,0,0.0,0.0
66,2368,1580922931,1,NULL,NULL
66,2368,1581036551,0,NULL,NULL
67,2390,1581023189,1,NULL,NULL
67,2389,1581023189,1,NULL,NULL
68,2907,1581002599,0,NULL,NULL
68,2910,1581002599,0,NULL,NULL
68,1037,1581006371,0,NULL,NULL
68,1695,1581006371,0,NULL,NULL
68,1038,1581006371,0,NULL,NULL
71,1621,1580987716,0,NULL,NULL
71,2297,1580987716,-1,NULL,NULL
71,1844,1580987716,-1,NULL,NULL
71,2878,1580997183,1,NULL,NULL
71,2148,1580987716,-1,NULL,NULL
71,2358,1580987716,-1,NULL,NULL
71,2298,1580987716,-1,NULL,NULL
71,2366,1580987716,-1,NULL,NULL
71,1619,1580987716,-1,NULL,NULL
71,2324,1580987716,-1,NULL,NULL
72,1035,1580987771,0,NULL,NULL
72,1611,1580987771,0,NULL,NULL
72,2812,1580983429,0,NULL,NULL
72,1034,1580983429,0,NULL,NULL
72,2210,1580983429,0,NULL,NULL
72,1609,1580983429,0,NULL,NULL
72,2746,1580988389,0,NULL,NULL
72,2732,1580983429,0,NULL,NULL
72,1033,1580983429,0,NULL,NULL
72,1858,1580983429,0,NULL,NULL
73,218,1580984524,1,NULL,NULL
73,224,1580984524,0,NULL,NULL
74,2201,1580976171,0,NULL,NULL
77,1729,1580910023,0,NULL,NULL
77,1735,1580909486,0,NULL,NULL
77,1737,1580910023,-1,NULL,NULL
77,1738,1580909486,0,NULL,NULL
77,1738,1580910023,-1,NULL,NULL
77,1734,1580909486,0,NULL,NULL
77,1728,1580910023,0,NULL,NULL
77,1737,1580909486,0,NULL,NULL
77,1727,1580910023,0,NULL,NULL
77,1733,1580910023,0,NULL,NULL
78,602,1580896647,0,NULL,NULL
78,2174,1580896647,0,NULL,NULL
78,2876,1580896647,0,NULL,NULL
79,556,1580886764,-1,NULL,NULL
79,2350,1580886764,-1,NULL,NULL
79,2351,1580886764,1,NULL,NULL
79,2923,1580886764,0,NULL,NULL
80,2334,1580850649,0,NULL,NULL
80,2336,1580850649,1,NULL,NULL
80,2337,1580850649,0,NULL,NULL
81,4231,1580822122,0,NULL,NULL
81,2740,1580822122,1,NULL,NULL
81,2738,1580822122,1,NULL,NULL
81,1043,1580839159,1,NULL,NULL
81,2927,1580839159,1,NULL,NULL
81,2932,1580839159,1,NULL,NULL
81,2818,1580839159,1,NULL,NULL
81,4229,1580822605,1,0.0,0.0
81,4230,1580822122,1,NULL,NULL
81,2819,1580839159,1,NULL,NULL
84,1950,1580811385,0,NULL,NULL
84,1254,1580811385,1,NULL,NULL
85,4254,1580027603,1,NULL,NULL
85,2877,1580152170,1,NULL,NULL
85,4218,1580152170,1,NULL,NULL
85,29,1580443089,0,NULL,NULL
85,4341,1579094234,-1,NULL,NULL
85,4549,1580126372,0,NULL,NULL
85,4456,1580152170,1,NULL,NULL
85,4539,1579988333,0,NULL,NULL
85,4426,1579970725,0,NULL,NULL
85,5271,1579375155,-1,NULL,NULL
86,4263,1580754254,0,NULL,NULL
86,4265,1580754254,0,NULL,NULL
86,4179,1580751043,0,NULL,NULL
86,4255,1580754254,0,NULL,NULL
86,4257,1580754254,0,NULL,NULL
86,1741,1580754254,0,NULL,NULL
86,3875,1580748301,0,0.0,0.0
86,4260,1580754254,0,NULL,NULL
86,20,1580754254,0,NULL,NULL
86,4256,1580754254,0,NULL,NULL
89,4294,1580729186,0,NULL,NULL
89,4324,1580729186,0,NULL,NULL
89,4295,1580735820,-1,NULL,NULL
89,2858,1580729186,0,NULL,NULL
89,4272,1580729186,0,NULL,NULL
89,94,1580729186,0,NULL,NULL
89,4293,1580729186,-1,NULL,NULL
89,1513,1580729186,-1,NULL,NULL
89,4330,1580729186,0,NULL,NULL
89,4293,1580735820,-1,NULL,NULL
90,4328,1580491688,1,NULL,NULL
90,4254,1580491688,1,NULL,NULL
90,4326,1580491688,-1,NULL,NULL
90,4330,1580549935,-1,NULL,NULL
91,4301,1580485603,0,NULL,NULL
91,4307,1580485603,0,NULL,NULL
91,4302,1580485603,0,NULL,NULL
91,21,1580485603,0,NULL,NULL
91,3875,1580484735,0,0.0,0.0
91,4304,1580485603,0,NULL,NULL
91,4300,1580488233,0,NULL,NULL
91,4310,1580485603,0,NULL,NULL
91,4311,1580485603,0,NULL,NULL
91,4308,1580485603,0,NULL,NULL
93,4369,1580324267,-1,NULL,NULL
93,114,1580324267,0,NULL,NULL
93,2774,1580324267,0,NULL,NULL
93,4343,1580324267,-1,NULL,NULL
93,4370,1580324267,0,NULL,NULL
93,4367,1580324267,1,NULL,NULL
93,4371,1580324267,0,NULL,NULL
93,4365,1580324267,0,NULL,NULL
93,4363,1580324267,0,NULL,NULL
93,4375,1580324267,0,NULL,NULL
94,29,1580451150,1,NULL,NULL
94,4334,1580470359,0,NULL,NULL
94,94,1580451150,1,NULL,NULL
94,4335,1580451150,0,NULL,NULL
94,4336,1580451150,0,NULL,NULL
94,719,1580451150,0,NULL,NULL
94,190,1580451150,0,NULL,NULL
94,29,1580451637,0,NULL,NULL
94,191,1580451150,0,0.0,0.0
94,4337,1580451150,0,NULL,NULL
96,4352,1580421159,0,NULL,NULL
96,4353,1580421159,0,NULL,NULL
96,4099,1580421159,0,0.0,0.0
97,4125,1580416588,-1,NULL,NULL
97,4355,1580414621,0,NULL,NULL
97,3964,1580416588,1,NULL,NULL
97,4133,1580416588,1,NULL,NULL
97,4356,1580414621,0,0.0,0.0
97,4210,1580414621,0,NULL,NULL
97,4210,1580396064,-1,NULL,NULL
97,3965,1580416588,1,NULL,NULL
97,1548,1580414621,0,0.0,NULL
97,4354,1580416588,0,NULL,NULL
99,4361,1580343866,0,0.0,0.0
101,4378,1580315198,0,NULL,NULL
101,4386,1580315198,0,NULL,NULL
101,4377,1580315199,0,NULL,NULL
101,4382,1580315198,0,NULL,NULL
101,4385,1580315198,0,NULL,NULL
101,3875,1580315199,0,NULL,NULL
101,4387,1580315198,0,NULL,NULL
101,4379,1580315198,0,NULL,NULL
101,1724,1580315198,0,NULL,NULL
101,376,1580315198,0,NULL,NULL
102,4254,1580305707,0,NULL,NULL
102,4390,1580305707,0,NULL,NULL
102,4350,1580305707,-1,NULL,NULL
102,4351,1580305707,0,NULL,NULL
102,4350,1580306840,1,NULL,NULL
102,4254,1580306840,0,NULL,NULL
102,4341,1580306840,1,NULL,NULL
102,4391,1580305707,1,NULL,NULL
102,4393,1580305707,1,NULL,NULL
102,4341,1580305707,-1,NULL,NULL
103,4432,1580207633,1,NULL,NULL
103,2801,1580207633,0,NULL,NULL
105,4444,1580197884,-1,NULL,NULL
105,4445,1580197884,1,NULL,NULL
105,4444,1580202689,0,NULL,NULL
106,2870,1580158245,0,0.0,0.0
106,4484,1580158245,0,NULL,NULL
106,4215,1580158245,1,NULL,NULL
106,4481,1580158245,-1,NULL,NULL
106,4330,1580158245,0,NULL,NULL
106,95,1580158245,-1,NULL,NULL
106,4213,1580158245,1,NULL,NULL
106,4453,1580158245,0,NULL,NULL
106,53,1580158245,0,NULL,NULL
106,2882,1580158245,1,NULL,NULL
108,4521,1580115495,1,NULL,NULL
108,4521,1580115676,0,NULL,NULL
111,4571,1579899507,0,NULL,NULL
111,4570,1579899507,0,NULL,NULL
112,99,1579882075,1,NULL,NULL
113,4545,1579874226,-1,NULL,NULL
113,4331,1579874226,1,NULL,NULL
113,4578,1579874226,0,NULL,NULL
113,1557,1579871252,-1,NULL,NULL
113,4574,1579874226,1,0.0,0.0
113,4341,1579871252,-1,-1.0,-1.0
113,2030,1579874226,0,NULL,NULL
113,1423,1579871252,0,NULL,NULL
113,4575,1579874226,1,NULL,NULL
113,4323,1579871252,-1,NULL,NULL
114,4357,1579861823,-1,NULL,NULL
114,4582,1579861823,1,NULL,NULL
115,4341,1579856838,-1,NULL,NULL
115,2929,1579779601,-1,NULL,NULL
115,4323,1579779601,0,NULL,NULL
115,4351,1579779601,-1,NULL,NULL
115,4341,1579779601,1,NULL,NULL
115,4351,1579779601,1,NULL,NULL
115,29,1579779601,0,NULL,NULL
115,4390,1579779601,0,NULL,NULL
115,4341,1579779601,-1,NULL,NULL
115,4586,1579779601,0,NULL,NULL
116,7122,1576066829,1,NULL,NULL
116,7099,1576139968,1,NULL,NULL
116,7195,1575982715,-1,NULL,NULL
116,7159,1576056629,0,NULL,NULL
116,218,1576060933,-1,NULL,NULL
116,7106,1576080033,-1,NULL,NULL
116,7087,1576145704,0,NULL,NULL
116,7127,1576065038,-1,NULL,NULL
116,196,1576134972,-1,0.0,0.0
116,7098,1576139968,-1,NULL,NULL
120,29,1579757124,0,NULL,NULL
120,4603,1579757124,0,NULL,NULL
121,4727,1579756011,0,0.0,0.0
121,4794,1579756011,0,NULL,NULL
121,4633,1579756011,0,0.0,0.0
121,4737,1579756011,0,NULL,NULL
121,357,1579756011,0,NULL,NULL
121,4749,1579756011,0,0.0,0.0
121,4916,1579756011,0,NULL,NULL
121,4639,1579756011,0,NULL,NULL
121,4839,1579756011,1,NULL,NULL
121,4444,1579756011,0,NULL,NULL
122,4930,1579609888,0,NULL,NULL
122,4128,1579610264,1,0.0,0.0
122,4930,1579610264,0,NULL,NULL
122,4931,1579610264,0,NULL,NULL
122,3910,1579610264,1,0.0,0.0
124,4163,1579524899,0,0.0,0.0
124,4422,1579524899,-1,NULL,NULL
124,4933,1579524899,0,NULL,NULL
128,5260,1579260165,0,0.0,0.0
129,5357,1579104559,0,NULL,NULL
129,2868,1579104559,0,NULL,NULL
129,2874,1579150893,0,NULL,NULL
129,4204,1579150893,0,NULL,NULL
129,2817,1579246239,0,NULL,NULL
131,5327,1579175420,0,NULL,NULL
131,3931,1579175420,1,NULL,NULL
131,3930,1579175420,0,NULL,NULL
131,5326,1579175420,0,NULL,NULL
131,4164,1579175420,0,NULL,NULL
131,5326,1579175882,0,NULL,NULL
131,4164,1579175882,0,NULL,NULL
135,4603,1579088000,0,NULL,NULL
135,4603,1579088927,0,NULL,NULL
135,191,1579088927,0,0.0,0.0
136,4905,1579088340,0,NULL,NULL
136,4596,1579088340,0,NULL,NULL
136,191,1579088340,0,0.0,0.0
136,29,1579088341,0,NULL,NULL
136,4594,1579088341,-1,NULL,NULL
136,5373,1579088341,0,NULL,NULL
136,5375,1579088340,0,NULL,NULL
136,2806,1579088340,0,NULL,NULL
136,29,1579088340,0,NULL,NULL
136,2807,1579088340,-1,NULL,NULL
137,323,1579087394,1,NULL,NULL
138,2336,1579080325,1,NULL,NULL
138,5381,1579080325,-1,NULL,NULL
138,2337,1579080325,-1,NULL,NULL
138,4021,1579080325,0,0.0,0.0
138,5380,1579080325,1,NULL,NULL
138,5378,1579080325,0,NULL,NULL
138,5382,1579080325,-1,NULL,NULL
139,640,1579005062,0,NULL,NULL
141,5380,1578906811,0,NULL,NULL
141,5382,1578906811,0,NULL,NULL
141,5380,1578908055,0,NULL,NULL
142,5405,1578755261,0,NULL,NULL
142,5406,1578755261,0,NULL,NULL
143,5407,1578752626,0,NULL,NULL
144,4210,1578737851,1,NULL,NULL
146,5412,1578650018,0,NULL,NULL
146,5417,1578650018,0,NULL,NULL
146,5418,1578650018,0,NULL,NULL
146,5412,1578658879,0,NULL,NULL
147,510,1578629840,-1,NULL,NULL
149,5419,1578587531,0,NULL,NULL
150,5420,1578582637,1,NULL,NULL
151,5425,1578571936,0,NULL,NULL
151,5308,1578571936,0,0.0,0.0
151,5426,1578571936,0,NULL,NULL
152,4755,1578568242,1,NULL,NULL
152,2030,1578568242,1,NULL,NULL
153,318,1578566090,0,0.0,0.0
153,319,1578566090,0,NULL,NULL
153,3899,1578566090,1,0.0,0.0
154,4867,1578499428,0,NULL,NULL
154,5481,1578499428,0,NULL,NULL
154,4726,1578564784,0,NULL,NULL
154,4056,1578499428,0,0.0,0.0
154,5418,1578564784,1,NULL,NULL
154,4114,1578564784,0,0.0,0.0
154,5474,1578564784,0,0.0,0.0
154,5474,1578499428,0,NULL,NULL
154,1961,1578499428,0,NULL,NULL
154,4867,1578564784,0,NULL,NULL
155,4014,1578561982,0,NULL,NULL
155,5465,1578561982,0,0.0,0.0
155,5467,1578561982,0,NULL,NULL
155,1977,1578561982,0,NULL,NULL
155,5468,1578561982,0,NULL,NULL
155,5469,1578561982,0,NULL,NULL
155,5466,1578561982,-1,NULL,NULL
155,4725,1578561982,0,0.0,NULL
155,4724,1578561982,0,0.0,0.0
155,5418,1578561982,-1,NULL,NULL
157,4867,1578495679,0,NULL,NULL
157,5474,1578495679,0,NULL,NULL
158,5474,1578495293,0,NULL,NULL
159,5434,1578491627,0,NULL,NULL
159,5437,1578055921,1,NULL,NULL
159,5436,1577974123,1,NULL,NULL
159,5435,1578055921,1,NULL,NULL
159,361,1578491627,1,NULL,NULL
159,5437,1577967732,1,NULL,NULL
159,5435,1577974308,1,NULL,NULL
159,5436,1578055921,1,NULL,NULL
159,361,1577967732,1,NULL,NULL
159,5435,1577967913,1,NULL,NULL
160,5484,1578490601,0,NULL,NULL
160,3,1578490601,0,NULL,NULL
161,4603,1578489612,1,NULL,NULL
161,5481,1578489612,0,NULL,NULL
161,5482,1578489612,0,NULL,NULL
161,2813,1578489612,0,0.0,0.0
161,5480,1578489612,1,NULL,NULL
161,29,1578489612,1,NULL,NULL
162,74,1578486470,0,NULL,NULL
162,5439,1578486470,0,NULL,NULL
162,5438,1578486470,0,0.0,0.0
162,5478,1578486470,0,0.0,0.0
162,5472,1578486470,-1,NULL,NULL
162,222,1578486470,0,NULL,NULL
162,4655,1578486470,0,NULL,NULL
162,5453,1578486470,0,0.0,0.0
162,5431,1578486470,0,0.0,0.0
162,602,1578486470,0,NULL,NULL
165,5561,1578401009,0,NULL,NULL
165,5564,1578401009,0,NULL,NULL
165,5420,1578401009,0,NULL,NULL
165,5539,1578401009,-1,NULL,NULL
165,5553,1578401009,0,NULL,NULL
165,5555,1578401009,1,NULL,NULL
165,5570,1578401009,0,NULL,NULL
165,5571,1578401009,0,NULL,NULL
165,5557,1578401009,1,NULL,NULL
165,5545,1578401009,0,NULL,NULL
166,4535,1578392250,1,NULL,NULL
166,5587,1578392249,0,NULL,NULL
166,5575,1578392250,0,NULL,NULL
166,4537,1578392249,1,NULL,NULL
166,5578,1578392250,0,NULL,NULL
166,4538,1578392249,1,NULL,NULL
166,5585,1578392249,1,NULL,NULL
166,5586,1578392249,0,NULL,NULL
166,4535,1578392249,0,NULL,NULL
166,4964,1578392249,0,NULL,NULL
167,5592,1578391486,-1,NULL,NULL
167,5593,1578391486,1,NULL,NULL
169,5789,1576616237,0,NULL,NULL
169,6040,1576616237,-1,NULL,NULL
169,5201,1576599735,0,NULL,NULL
169,50,1576506601,0,NULL,NULL
169,5801,1576616237,0,NULL,NULL
169,6036,1576599735,1,NULL,NULL
169,657,1576616237,0,NULL,NULL
169,5794,1576599735,0,NULL,NULL
169,253,1576616237,0,NULL,NULL
169,5852,1576506601,0,NULL,NULL
170,191,1578039246,0,0.0,0.0
170,5610,1578039246,0,NULL,NULL
170,5609,1578039246,0,NULL,NULL
170,5609,1578051269,1,NULL,NULL
170,5610,1578051269,0,NULL,NULL
170,5609,1578052511,0,NULL,NULL
172,5611,1578049099,0,NULL,NULL
172,29,1578049099,0,NULL,NULL
172,29,1578049594,0,NULL,NULL
173,5613,1578036956,-1,NULL,NULL
173,91,1577991758,0,NULL,NULL
173,5618,1577991758,0,NULL,NULL
173,5480,1577990466,0,NULL,NULL
173,5614,1578036956,-1,NULL,NULL
173,5615,1578026105,1,NULL,NULL
173,4342,1577990466,-1,NULL,NULL
173,5616,1577991758,0,NULL,NULL
173,4356,1577991758,0,0.0,0.0
173,5620,1577990466,0,NULL,NULL
174,2211,1578027412,1,NULL,NULL
175,112,1577960474,0,NULL,NULL
175,29,1577960474,1,NULL,NULL
175,91,1578026139,-1,NULL,NULL
177,5629,1577954879,1,NULL,NULL
177,3911,1577954879,1,NULL,NULL
178,5630,1577954652,0,NULL,NULL
178,33,1577954652,0,NULL,NULL
181,2174,1577770372,0,NULL,NULL
183,29,1577696173,1,NULL,NULL
183,5661,1577696173,1,NULL,NULL
185,4897,1577640359,0,NULL,NULL
185,4892,1577640359,0,NULL,NULL
185,5526,1577640359,1,NULL,NULL
185,5535,1577640359,0,NULL,NULL
185,32,1577640359,0,NULL,NULL
185,5661,1577640359,0,NULL,NULL
185,4895,1577640359,0,NULL,NULL
185,5671,1577640359,0,NULL,NULL
185,5672,1577640359,1,NULL,NULL
185,4552,1577642041,0,NULL,NULL
186,5725,1577369031,1,NULL,NULL
186,381,1577369031,1,NULL,NULL
186,4056,1577369031,0,NULL,NULL
186,5438,1577369031,0,0.0,0.0
186,5727,1577369031,-1,NULL,NULL
186,5726,1577369031,0,NULL,NULL
186,5722,1577369031,0,NULL,NULL
186,4676,1577369031,1,NULL,NULL
186,4647,1577369031,-1,NULL,NULL
186,1123,1577369031,-1,NULL,NULL
187,5711,1577523792,-1,NULL,NULL
187,5697,1577523792,0,NULL,NULL
187,5687,1577523792,0,NULL,NULL
187,5716,1577523792,-1,NULL,NULL
187,5710,1577523792,0,NULL,NULL
187,5707,1577523792,0,NULL,NULL
187,5715,1577523792,1,NULL,NULL
187,5690,1577523792,-1,NULL,NULL
187,5704,1577523792,0,NULL,NULL
187,5717,1577523792,0,NULL,NULL
188,361,1577287301,1,NULL,NULL
188,5722,1577356084,0,NULL,NULL
188,5722,1577359908,0,NULL,NULL
188,4056,1577359908,0,NULL,NULL
189,381,1577195397,-1,NULL,NULL
190,2814,1577170857,0,NULL,NULL
190,5727,1577170857,1,NULL,NULL
191,361,1577123205,0,NULL,NULL
191,5722,1577123205,0,NULL,NULL
191,5729,1577123205,0,NULL,NULL
191,5731,1577123205,-1,NULL,NULL
191,5730,1577123205,0,NULL,NULL
192,5732,1577094752,0,NULL,NULL
192,1609,1577094752,1,NULL,NULL
192,2383,1576920861,0,NULL,NULL
192,1034,1576913257,1,NULL,NULL
192,1034,1577109207,1,NULL,NULL
192,2736,1576913257,1,NULL,NULL
192,2383,1577094502,1,NULL,NULL
192,2384,1576920861,-1,NULL,NULL
192,2395,1577094752,1,NULL,NULL
192,2736,1577109207,0,NULL,NULL
195,368,1576926382,1,NULL,NULL
195,4165,1576926382,0,NULL,NULL
195,5736,1576926382,0,NULL,NULL
195,5737,1576926999,1,NULL,NULL
195,5736,1576927064,0,0.0,0.0
195,5737,1576927064,0,NULL,NULL
195,368,1576927064,0,NULL,NULL
197,3875,1576867240,0,0.0,0.0
198,5750,1576833128,0,NULL,NULL
199,1999,1576831313,0,NULL,NULL
199,5751,1576831312,0,NULL,NULL
199,2316,1576831313,0,NULL,NULL
199,1999,1576831311,-1,NULL,NULL
199,5751,1576831311,0,NULL,NULL
199,2316,1576831312,-1,NULL,NULL
199,2149,1576506509,0,NULL,NULL
199,2242,1576831313,0,NULL,NULL
199,2264,1576831312,-1,0.0,NULL
199,2242,1576763249,-1,0.0,NULL
200,5774,1576750451,0,NULL,NULL
200,5774,1576776612,0,NULL,NULL
201,5298,1576771048,0,NULL,NULL
201,5811,1576674962,-1,NULL,NULL
201,29,1576670741,0,NULL,NULL
201,5804,1576674962,1,NULL,NULL
201,1437,1576670741,0,NULL,NULL
201,5298,1576670741,0,NULL,NULL
201,5814,1576674962,-1,NULL,NULL
201,5810,1576670741,0,NULL,NULL
201,5827,1576670741,0,0.0,0.0
201,5834,1576670741,0,NULL,NULL
202,4721,1576740893,1,0.0,0.0
203,4535,1576696078,1,NULL,NULL
203,4525,1576696078,0,NULL,NULL
203,4526,1576696078,0,NULL,NULL
203,5781,1576696078,0,NULL,NULL
203,5590,1576696078,1,NULL,NULL
203,4539,1576696078,1,NULL,NULL
203,5790,1576696078,-1,NULL,NULL
203,4537,1576696078,-1,NULL,NULL
203,5666,1576696078,0,NULL,NULL
203,5797,1576696078,-1,NULL,NULL
204,7279,1575479095,0,NULL,NULL
204,5866,1575559239,0,0.0,0.0
204,5595,1575479095,0,NULL,NULL
204,7285,1575479095,0,NULL,NULL
204,4811,1575559239,0,NULL,NULL
204,7277,1575479095,0,NULL,NULL
204,3875,1575477486,0,0.0,0.0
204,7283,1575479095,0,NULL,NULL
204,2214,1575479095,0,NULL,NULL
204,7284,1575479095,0,NULL,NULL
205,5843,1576672063,0,0.0,0.0
205,4415,1576663638,1,NULL,NULL
205,5827,1576672063,0,0.0,0.0
205,5809,1576672063,1,NULL,NULL
205,4704,1576672063,0,0.0,0.0
205,5839,1576672063,0,0.0,0.0
205,5275,1576672063,0,0.0,0.0
205,5286,1576672063,0,0.0,0.0
205,2101,1576672063,0,NULL,NULL
205,5831,1576672063,0,NULL,NULL
207,1034,1576662334,0,NULL,NULL
207,602,1576662334,1,NULL,NULL
207,1033,1576662334,1,NULL,NULL
208,5845,1576651317,1,NULL,NULL
208,715,1576651317,0,NULL,NULL
210,678,1576570096,0,NULL,NULL
210,47,1576503636,0,NULL,NULL
210,2756,1576570096,-1,NULL,NULL
210,6040,1576570096,-1,NULL,NULL
210,6042,1576570096,0,NULL,NULL
210,6043,1576570096,0,NULL,NULL
210,6043,1576503636,0,NULL,NULL
210,6041,1576570096,-1,NULL,NULL
210,50,1576570096,0,NULL,NULL
210,678,1576503636,0,NULL,NULL
213,657,1576533349,0,NULL,NULL
213,4486,1576533349,-1,NULL,NULL
213,1612,1576533349,0,NULL,NULL
213,4487,1576533349,-1,NULL,NULL
215,5544,1576475896,0,NULL,NULL
215,5542,1576475896,0,NULL,NULL
215,124,1576475896,1,NULL,NULL
216,5853,1576472300,0,NULL,NULL
216,5852,1576472300,0,NULL,NULL
216,481,1576472300,-1,NULL,NULL
216,249,1576472300,0,NULL,NULL
216,5855,1576472300,0,NULL,NULL
216,250,1576472300,0,NULL,NULL
216,5857,1576472300,-1,NULL,NULL
216,5854,1576472300,0,NULL,NULL
216,251,1576472300,-1,NULL,NULL
216,255,1576472300,0,NULL,NULL
217,4644,1576240628,1,0.0,0.0
219,7086,1576146397,0,NULL,NULL
220,7177,1576050024,0,NULL,NULL
222,7211,1575972538,0,NULL,NULL
222,7217,1575972538,0,NULL,NULL
222,7213,1575972538,-1,0.0,0.0
222,7215,1575972538,0,NULL,NULL
222,4091,1575972538,0,0.0,0.0
222,6791,1575972538,0,NULL,NULL
222,7212,1575972538,-1,0.0,0.0
222,7214,1575972538,0,NULL,NULL
222,7216,1575972538,1,NULL,NULL
224,4017,1575910210,0,0.0,0.0
224,7053,1575910210,0,NULL,NULL
224,7221,1575910210,0,NULL,NULL
224,7225,1575910210,0,NULL,NULL
224,2814,1575910210,1,NULL,NULL
224,5287,1575910210,0,0.0,0.0
224,3919,1575910210,0,0.0,0.0
224,7086,1575910210,0,NULL,NULL
224,7223,1575910210,0,0.0,0.0
224,7178,1575910210,-1,NULL,NULL
227,7053,1575904763,0,NULL,NULL
227,7227,1575904763,0,NULL,NULL
228,3919,1575902281,0,0.0,0.0
228,7225,1575901975,0,NULL,NULL
228,4803,1575901975,-1,NULL,NULL
228,4017,1575901975,0,0.0,0.0
228,3919,1575901975,0,0.0,0.0
228,6644,1575901975,0,0.0,0.0
228,6835,1575902281,0,NULL,NULL
228,7178,1575902281,1,NULL,NULL
228,6835,1575901975,0,NULL,NULL
228,7178,1575901975,-1,NULL,NULL
229,7178,1575895249,1,0.0,0.0
229,6644,1575895249,0,0.0,0.0
229,4017,1575895249,0,0.0,0.0
230,6835,1575893694,0,NULL,NULL
230,4803,1575893694,1,NULL,NULL
231,3919,1575889270,0,0.0,0.0
232,4083,1575750045,0,0.0,0.0
232,7263,1575629417,0,NULL,NULL
232,7243,1575750045,-1,0.0,0.0
232,7265,1575624464,-1,NULL,NULL
232,7233,1575734254,0,NULL,NULL
232,7238,1575750420,0,NULL,NULL
232,4210,1575610709,0,NULL,NULL
232,7262,1575630196,0,NULL,NULL
232,244,1575750045,0,NULL,NULL
232,7261,1575655767,0,NULL,NULL
234,7267,1575623054,0,NULL,NULL
234,29,1575623054,0,NULL,NULL
235,7268,1575621271,0,NULL,NULL
236,4337,1575364737,0,NULL,NULL
236,719,1575375914,0,NULL,NULL
236,4334,1575611269,0,NULL,NULL
236,4336,1575375914,0,0.0,0.0
236,4335,1575375914,0,0.0,NULL
236,4335,1575364737,0,0.0,NULL
236,4336,1575364737,0,0.0,0.0
236,719,1575364737,0,NULL,NULL
236,4337,1575375914,0,NULL,NULL
236,4337,1575376064,0,NULL,NULL
237,4811,1575549606,0,NULL,NULL
239,7310,1575476544,0,NULL,NULL
239,7302,1575476544,0,NULL,NULL
239,2030,1575534535,1,NULL,NULL
239,4024,1575476544,0,0.0,0.0
239,4874,1575476544,-1,NULL,NULL
239,2030,1575476544,1,1.0,NULL
239,7303,1575476544,0,NULL,NULL
239,6785,1575476544,0,0.0,0.0
239,7296,1575476544,0,0.0,0.0
239,7349,1575476544,-1,NULL,NULL
240,7311,1575467603,1,0.0,0.0
240,7310,1575467603,0,NULL,NULL
240,6785,1575467603,0,0.0,0.0
240,2141,1575467603,-1,0.0,0.0
240,6787,1575467603,0,0.0,0.0
241,4874,1575460076,1,NULL,NULL
243,4785,1575444217,1,0.0,NULL
243,7305,1575444217,0,NULL,NULL
243,4084,1575444217,0,0.0,0.0
243,7225,1575444217,1,0.0,0.0
244,7307,1575442748,0,NULL,NULL
244,7305,1575442748,0,NULL,NULL
244,4785,1575442748,1,0.0,0.0
247,2801,1575386237,-1,NULL,NULL
250,7359,1575373110,1,NULL,NULL
251,7360,1575365697,0,0.0,0.0
251,4133,1575365697,0,NULL,NULL
252,4521,1575272034,1,NULL,NULL
252,7361,1575272034,1,NULL,NULL
252,7361,1575272291,0,NULL,NULL
252,4521,1575272291,0,NULL,NULL
252,6948,1575272291,0,0.0,0.0
252,6033,1575272291,0,0.0,0.0
252,4155,1575272291,0,0.0,0.0
253,7364,1575139998,0,NULL,NULL
253,7363,1575139998,0,NULL,NULL
254,7399,1575139989,0,NULL,NULL
254,45,1575139989,0,NULL,NULL
254,1414,1575139989,0,NULL,NULL
254,7406,1575139989,0,NULL,NULL
254,1431,1575139989,0,NULL,NULL
254,49,1575139989,0,NULL,NULL
254,7409,1575139989,0,NULL,NULL
254,1438,1575139989,0,NULL,NULL
254,4209,1575139989,1,NULL,NULL
254,51,1575139989,0,NULL,NULL
255,4825,1575121216,1,NULL,NULL
255,4127,1575121216,0,0.0,0.0
255,4174,1575121216,0,0.0,0.0
255,6995,1575121216,0,0.0,0.0
255,7664,1575121216,0,NULL,NULL
255,2235,1575121216,1,NULL,NULL
255,4158,1575121216,0,0.0,0.0
255,6885,1575121216,0,0.0,0.0
255,6954,1575121216,0,0.0,0.0
255,4824,1575121216,0,NULL,NULL
258,7667,1575022538,1,NULL,NULL
258,4086,1575022538,0,0.0,0.0
258,6033,1575022538,0,0.0,0.0
258,6787,1575022538,0,0.0,0.0
258,4521,1575022538,-1,NULL,NULL
258,7311,1575022538,0,NULL,NULL
258,7668,1575022538,1,NULL,NULL
259,3875,1574958358,0,0.0,0.0
259,7669,1574958358,1,NULL,NULL
259,2868,1574958358,1,NULL,NULL
259,3875,1574980704,0,0.0,0.0
259,2868,1575017534,1,NULL,NULL
259,3875,1574980304,0,0.0,0.0
259,3875,1575017534,0,0.0,0.0
259,2868,1574958973,0,NULL,NULL
259,2868,1574980304,1,NULL,NULL
259,2868,1574980704,0,NULL,NULL
260,7669,1574914793,-1,NULL,NULL
266,7712,1574409790,1,NULL,NULL
266,4087,1574411813,0,NULL,NULL
266,7711,1574411813,0,NULL,NULL
266,7712,1574411813,1,NULL,NULL
266,6785,1574411813,0,0.0,0.0
272,7748,1574346048,1,NULL,NULL
272,7742,1574346048,0,NULL,NULL
272,7747,1574346048,1,NULL,NULL
272,7751,1574346048,1,NULL,NULL
272,7741,1574346048,0,NULL,NULL
272,7746,1574346048,0,NULL,NULL
272,7744,1574346048,-1,NULL,NULL
272,7749,1574346048,1,NULL,NULL
272,7745,1574346048,0,NULL,NULL
272,7743,1574346048,1,NULL,NULL
273,7752,1574340164,0,NULL,NULL
273,4705,1574340164,1,NULL,NULL
273,3999,1574340164,0,0.0,0.0
274,5866,1574331272,0,NULL,NULL
274,5945,1574331272,-1,NULL,NULL
274,5944,1574333091,1,NULL,NULL
274,5945,1574333091,1,NULL,NULL
276,4793,1574281560,-1,NULL,NULL
277,2814,1574257767,0,NULL,NULL
277,2814,1574257926,0,NULL,NULL
278,2814,1574250405,0,NULL,NULL
279,4487,1573852122,0,NULL,NULL
279,4486,1573852122,0,NULL,NULL
279,7754,1573852122,0,NULL,NULL
279,7053,1573852122,1,NULL,NULL
279,7754,1574240831,1,NULL,NULL
280,6183,1574225782,0,0.0,0.0
280,1623,1574225782,0,NULL,NULL
280,3877,1574237958,0,0.0,0.0
280,1624,1574237958,1,0.0,NULL
281,7758,1574223438,0,NULL,NULL
282,7773,1574173350,0,NULL,NULL
282,4119,1574173350,0,NULL,NULL
282,7787,1574173350,0,NULL,NULL
282,7782,1574177243,0,NULL,NULL
282,7759,1574173350,0,NULL,NULL
282,7789,1574177243,0,NULL,NULL
282,7765,1574173350,0,NULL,NULL
282,7771,1574177243,0,NULL,NULL
282,7782,1574173350,0,NULL,NULL
282,7769,1574177243,0,0.0,0.0
283,7778,1574164828,0,NULL,NULL
283,7780,1574164828,0,NULL,NULL
283,7783,1574164828,0,NULL,NULL
283,7770,1574164828,0,0.0,0.0
283,7776,1574164828,0,NULL,NULL
283,7768,1574164828,0,NULL,NULL
283,7790,1574164828,0,NULL,NULL
283,7784,1574164828,0,NULL,NULL
283,7773,1574164828,0,NULL,NULL
283,7789,1574164828,0,NULL,NULL
284,10021,1573557806,0,NULL,NULL
284,10021,1573558144,0,NULL,NULL
284,10015,1573620800,1,0.0,0.0
284,10015,1573621465,1,NULL,NULL
284,7794,1574156670,1,NULL,NULL
285,7821,1574084204,0,NULL,NULL
285,7823,1574084204,0,NULL,NULL
285,712,1574084204,1,NULL,NULL
285,7824,1574084204,0,NULL,NULL
285,7820,1574084204,0,NULL,NULL
285,7819,1574084204,0,NULL,NULL
285,7825,1574084204,0,NULL,NULL
285,7826,1574084204,0,NULL,NULL
285,7832,1574084204,0,NULL,NULL
285,7827,1574084204,0,NULL,NULL
286,189,1574070057,0,NULL,NULL
286,7840,1574070057,0,NULL,NULL
286,6353,1574070057,0,0.0,0.0
286,7842,1574070057,0,NULL,NULL
286,6350,1574070057,0,NULL,NULL
286,7052,1574070057,1,NULL,NULL
286,7865,1574070057,1,0.0,0.0
286,2868,1574076394,0,NULL,NULL
286,7836,1574070057,0,NULL,NULL
286,7835,1574070057,0,NULL,NULL
287,10091,1573051588,0,NULL,NULL
287,7867,1574065336,0,0.0,0.0
287,4012,1573051588,0,0.0,0.0
287,10082,1573051588,0,0.0,0.0
287,10092,1573051588,-1,NULL,NULL
287,10090,1573051588,0,NULL,NULL
287,10083,1573051588,0,NULL,NULL
287,10080,1573051588,0,NULL,NULL
287,8697,1573051588,0,NULL,NULL
287,10087,1573051588,-1,NULL,NULL
288,7368,1573815995,-1,0.0,0.0
288,104,1573815995,0,NULL,NULL
288,6579,1573815995,0,NULL,NULL
288,6580,1573815995,0,NULL,NULL
288,8676,1573815995,0,NULL,NULL
288,9984,1573815995,0,NULL,NULL
288,6054,1573815995,0,NULL,NULL
288,1402,1573815995,0,NULL,NULL
288,1400,1573815995,0,NULL,NULL
288,9982,1573815995,0,NULL,NULL
289,7869,1573834918,0,NULL,NULL
289,7868,1573834918,1,NULL,NULL
291,4802,1573793749,1,NULL,NULL
293,8506,1573742309,1,NULL,NULL
293,8508,1573742309,0,NULL,NULL
293,8514,1573742309,-1,NULL,NULL
293,9991,1573742309,1,NULL,NULL
293,9991,1573742309,0,NULL,NULL
293,6450,1573742309,0,0.0,0.0
293,3957,1573742309,0,0.0,0.0
299,10017,1573558449,0,0.0,0.0
299,10019,1573558449,0,0.0,0.0
299,10020,1573558449,0,0.0,0.0
299,4828,1573558449,0,NULL,NULL
300,2390,1573552111,1,NULL,NULL
301,2876,1573485297,-1,NULL,NULL
301,5485,1573485297,0,0.0,0.0
301,5486,1573485297,-1,NULL,NULL
301,602,1573485297,-1,NULL,NULL
301,3875,1573485297,0,NULL,NULL
305,1999,1572968252,1,NULL,NULL
305,1999,1572968253,-1,NULL,NULL
305,8764,1572968253,0,NULL,NULL
305,1999,1572968254,0,NULL,NULL
305,1999,1572968254,0,NULL,NULL
305,8764,1572968299,0,NULL,NULL
305,8764,1572968342,0,NULL,NULL
305,8764,1573449343,-1,NULL,NULL
306,10066,1573245415,0,NULL,NULL
306,10065,1573245415,1,NULL,NULL
306,10065,1573254849,0,NULL,NULL
307,8795,1573247719,1,NULL,NULL
307,8795,1573247932,1,NULL,NULL
308,10074,1573213314,1,NULL,NULL
308,10073,1573213314,1,NULL,NULL
308,6365,1573213314,0,NULL,NULL
308,10072,1573213314,0,NULL,NULL
308,10068,1573228888,0,NULL,NULL
308,6367,1573228888,0,NULL,NULL
308,4375,1573228888,0,NULL,NULL
308,4363,1573228888,0,NULL,NULL
308,10067,1573228888,1,NULL,NULL
309,4857,1573225568,1,1.0,NULL
310,10069,1573214539,-1,NULL,NULL
310,10070,1573214539,-1,NULL,NULL
310,10071,1573214539,1,NULL,NULL
311,742,1573213314,0,NULL,NULL
311,7013,1573213314,0,0.0,0.0
312,10076,1573207677,0,NULL,NULL
312,8478,1573207677,0,NULL,NULL
312,10077,1573207677,1,NULL,NULL
312,8476,1573207677,0,NULL,NULL
312,3955,1573207765,0,0.0,0.0
313,7015,1573137122,0,0.0,0.0
313,746,1573137122,0,NULL,NULL
313,578,1573137122,0,NULL,NULL
313,704,1573137122,0,NULL,NULL
313,1515,1573137122,0,NULL,NULL
313,10078,1573137122,1,0.0,0.0
313,9800,1573137122,0,NULL,NULL
314,10079,1573136638,0,NULL,NULL
316,7162,1573048474,0,NULL,NULL
317,8878,1573039342,0,NULL,NULL
318,10019,1573034587,0,0.0,0.0
318,10095,1573034587,0,NULL,NULL
318,10095,1573034684,0,NULL,NULL
319,4868,1573032196,1,NULL,NULL
319,4200,1573032196,0,0.0,NULL
319,9750,1573032197,0,NULL,NULL
319,4200,1573032197,0,0.0,NULL
319,4868,1573032197,0,NULL,NULL
319,4170,1573032255,0,0.0,0.0
321,10100,1573024917,0,NULL,NULL
321,5389,1573024917,-1,NULL,NULL
322,8410,1572968588,0,NULL,NULL
323,7100,1572958341,1,NULL,NULL
323,7151,1572950037,1,NULL,NULL
323,7978,1572953057,0,NULL,NULL
323,7138,1572951839,1,NULL,NULL
323,6250,1572957786,0,NULL,NULL
323,6220,1572951340,0,NULL,NULL
323,7107,1572957786,1,NULL,NULL
323,6230,1572952725,0,NULL,NULL
323,7983,1572953473,0,NULL,NULL
323,7986,1572953473,0,NULL,NULL
324,7759,1572951421,0,NULL,NULL
324,7759,1572947180,0,NULL,NULL
324,4119,1572951421,0,NULL,NULL
324,6246,1572951421,0,0.0,0.0
324,7759,1572950269,0,NULL,NULL
324,7699,1572947180,0,NULL,NULL
324,4119,1572947180,1,0.0,0.0
324,7789,1572947180,1,NULL,NULL
324,6246,1572947180,0,0.0,0.0
324,7788,1572947180,1,NULL,NULL
325,3930,1572947807,0,NULL,NULL
325,3929,1572947807,0,NULL,NULL
325,3928,1572947807,0,NULL,NULL
325,6385,1572947807,0,NULL,NULL
325,6383,1572947807,0,NULL,NULL
325,6387,1572947807,0,NULL,NULL
327,3930,1572863547,0,NULL,NULL
327,396,1572863547,0,NULL,NULL
327,6387,1572863547,0,NULL,NULL
328,4706,1572853731,-1,NULL,NULL
328,7707,1572853731,0,NULL,NULL
328,4705,1572853731,-1,NULL,NULL
328,7700,1572853731,0,NULL,NULL
328,7704,1572853731,1,NULL,NULL
328,7701,1572853731,0,NULL,NULL
328,7702,1572853731,0,NULL,NULL
328,7705,1572853731,0,NULL,NULL
328,7699,1572853731,1,NULL,NULL
328,7706,1572853731,0,NULL,NULL
329,10109,1572848862,-1,NULL,NULL
330,10113,1572843134,0,NULL,NULL
330,10114,1572843134,1,NULL,NULL
332,1805,1572593668,-1,NULL,NULL
334,3977,1572532494,1,0.0,0.0
334,3945,1572532494,0,NULL,NULL
334,4130,1572532494,1,0.0,0.0
334,4101,1572532494,1,NULL,NULL
334,4132,1572532494,0,0.0,0.0
334,4011,1572532494,0,NULL,NULL
334,3920,1572532494,0,0.0,0.0
334,4186,1572532494,0,0.0,0.0
334,3929,1572532494,0,NULL,NULL
334,4060,1572532494,0,0.0,0.0
335,1040,1572526821,0,NULL,NULL
335,396,1572526821,0,NULL,NULL
335,327,1572526821,0,NULL,NULL
335,6387,1572526821,0,NULL,NULL
335,6385,1572526821,0,NULL,NULL
336,10150,1572525847,0,NULL,NULL
336,1041,1572525847,1,NULL,NULL
336,4709,1572525847,1,NULL,NULL
336,5690,1572525847,0,NULL,NULL
337,1567,1572523100,0,NULL,NULL
337,1566,1572523100,1,NULL,NULL
339,4675,1572437608,0,NULL,NULL
341,10153,1572434321,0,NULL,NULL
341,567,1572434321,1,NULL,NULL
341,4423,1572434321,0,NULL,NULL
342,4367,1572425859,0,NULL,NULL
342,10171,1572425859,0,0.0,0.0
342,10157,1572425859,0,0.0,0.0
342,10170,1572425859,0,0.0,0.0
342,8709,1572425858,-1,NULL,NULL
342,4367,1572429217,0,NULL,NULL
342,6670,1572425858,0,0.0,0.0
342,696,1572425858,-1,NULL,NULL
342,10156,1572425859,0,NULL,NULL
342,10164,1572425859,0,NULL,NULL
344,5486,1572422327,-1,NULL,NULL
344,5485,1572422327,0,0.0,0.0
344,5259,1572422327,1,0.0,0.0
344,2876,1572422327,-1,NULL,NULL
344,1228,1572422327,0,NULL,NULL
344,602,1572422327,0,NULL,NULL
346,10224,1572409767,1,NULL,NULL
347,4553,1572358371,0,NULL,NULL
347,29,1572358371,0,NULL,NULL
347,10225,1572358371,0,NULL,NULL
347,10231,1572358371,0,NULL,NULL
347,10232,1572358371,0,NULL,NULL
347,10234,1572358371,0,NULL,NULL
347,10235,1572358371,1,NULL,NULL
347,10236,1572358371,0,NULL,NULL
347,10233,1572358371,0,NULL,NULL
348,10240,1572339556,0,NULL,NULL
348,10239,1572339556,0,NULL,NULL
348,10237,1572339556,0,NULL,NULL
348,10238,1572339556,0,NULL,NULL
348,10241,1572339556,0,NULL,NULL
348,10243,1572339556,0,NULL,NULL
348,10244,1572339556,0,NULL,NULL
348,10242,1572339556,0,NULL,NULL
350,4750,1572326757,1,NULL,NULL
350,10246,1572326757,1,NULL,NULL
351,10249,1572262579,0,NULL,NULL
351,10247,1572262579,1,0.0,0.0
351,5961,1572262579,0,NULL,NULL
351,5862,1572265661,0,NULL,NULL
351,5964,1572262579,0,NULL,NULL
351,5962,1572262579,0,NULL,NULL
351,5963,1572262579,0,NULL,NULL
351,10247,1572265661,-1,0.0,NULL
351,2390,1572265661,0,NULL,NULL
351,5034,1572262579,0,NULL,NULL
352,5290,1571976968,0,NULL,NULL
352,10250,1572232434,0,NULL,NULL
354,5592,1571975227,1,NULL,NULL
354,10264,1571975227,0,NULL,NULL
354,10263,1571975227,1,NULL,NULL
357,4867,1571197732,-1,NULL,NULL
357,10480,1571197762,0,NULL,NULL
357,5814,1571725050,0,NULL,NULL
357,7712,1571197762,-1,NULL,NULL
357,10481,1571197732,1,NULL,NULL
357,5290,1571197762,1,NULL,NULL
357,10263,1571197762,0,NULL,NULL
357,10479,1571197762,0,NULL,NULL
357,5808,1571725262,0,NULL,NULL
357,5808,1571725050,1,NULL,NULL
358,2881,1571680659,-1,NULL,NULL
359,2881,1571676503,0,NULL,NULL
359,4489,1571676503,-1,NULL,NULL
359,4493,1571676503,-1,0.0,0.0
359,2868,1571676503,0,NULL,NULL
359,4491,1571676503,-1,0.0,0.0
359,4488,1571676503,0,0.0,0.0
359,4501,1571676503,0,NULL,NULL
359,4499,1571676503,-1,NULL,NULL
359,7052,1571676503,0,NULL,NULL
360,4144,1571651632,0,NULL,NULL
361,10194,1571553673,0,NULL,NULL
