11750,40038,1430385202,0
11750,43951,1430385202,0
11753,46055,1430384660,0
11753,52248,1430384660,0
11753,47508,1430384660,-1
11753,47505,1430384660,0
11753,41675,1430384660,1
11753,41673,1430384660,-1
11753,41668,1430384660,0
11758,42785,1430359952,-1
11758,45167,1430359987,0
11758,41768,1430219989,1
11758,44300,1430219989,0
11758,44563,1430219989,0
11758,41845,1430219764,1
11758,46901,1430219989,1
11758,38029,1430359952,0
11758,46976,1430219989,0
11758,47609,1430219989,0
11758,40209,1430359952,0
11758,52263,1430359952,1
11758,46286,1430359987,1
11758,46287,1430359952,-1
11758,52238,1430219764,-1
11758,45244,1430219989,0
11758,47871,1430359987,0
11758,42968,1430219764,-1
11758,47189,1430219764,0
11758,44552,1430359987,0
11758,47602,1430219764,0
11758,46153,1430359987,-1
11758,45833,1430359952,-1
11758,46212,1430219764,-1
11758,47490,1430359952,-1
11758,46184,1430359952,0
11758,52556,1430219989,0
11758,43867,1430359987,1
11758,44070,1430359952,1
11758,46052,1430219764,0
11758,40787,1430359952,1
11758,40148,1430359952,0
11758,46086,1430359952,-1
11758,52368,1430219989,1
11758,37747,1430359987,1
11758,47508,1430219764,-1
11758,43842,1430219764,-1
11758,46204,1430359952,-1
11758,44558,1430219764,0
11758,47601,1430359987,0
11758,44562,1430359987,-1
11758,39748,1430359952,0
11758,46072,1430359987,1
11758,40819,1430219989,1
11758,37863,1430359987,0
11758,39788,1430359987,1
11758,42963,1430359952,-1
11758,41497,1430359987,0
11758,46979,1430219989,0
11758,47189,1430359987,0
11758,46952,1430219989,0
11758,43946,1430359952,0
11758,42835,1430359952,0
11758,40828,1430359987,0
11758,46072,1430219989,1
11758,45888,1430219764,0
11758,46979,1430359987,0
11758,43962,1430359952,0
11758,44554,1430359952,0
11758,45216,1430219764,-1
11760,46153,1430290761,1
11760,46153,1430319040,1
11761,43432,1430286359,0
11761,43424,1430286359,-1
11761,43418,1430286359,0
11761,43424,1430319040,-1
11761,43418,1430319040,0
11761,43432,1430319040,0
11762,44540,1430196720,0
11762,44469,1430196720,0
11762,44540,1430319040,0
11762,44469,1430319040,0
11764,39557,1430319040,1
11764,39597,1430192722,1
11764,42833,1430319040,0
11764,46249,1430319040,1
11764,41458,1430192722,1
11764,46171,1430319040,-1
11764,45156,1430319040,-1
11764,44277,1430192722,0
11764,41820,1430192722,0
11764,41497,1430192722,0
11764,37793,1430192722,0
11764,46723,1430319040,0
11764,39748,1430192722,0
11764,39576,1430192722,0
11764,46988,1430192722,-1
11764,46086,1430192722,1
11764,41615,1430192722,1
11764,40209,1430192722,0
11764,45245,1430319040,0
11764,46137,1430192722,0
11764,39958,1430192722,-1
11764,37815,1430319040,0
11764,42787,1430192722,1
11764,46289,1430192722,1
11764,41628,1430319040,0
11764,44556,1430192722,-1
11764,43940,1430319040,0
11764,41615,1430319040,-1
11764,39576,1430319040,0
11764,45988,1430192722,1
11764,45167,1430192722,0
11764,41458,1430319040,-1
11764,46051,1430319040,-1
11764,39748,1430319040,0
11764,44552,1430192722,0
11764,52263,1430192722,-1
11764,45209,1430192722,0
11764,46132,1430319040,-1
11764,44563,1430192722,0
11764,46204,1430319040,-1
11764,41137,1430192722,1
11764,46287,1430319040,-1
11764,45929,1430192722,0
11764,46976,1430319040,0
11764,37796,1430192722,0
11764,45950,1430192722,0
11764,39159,1430192722,0
11764,46141,1430319040,0
11764,44300,1430192722,0
11764,46017,1430192722,1
11764,37749,1430192722,-1
11764,57114,1430192722,0
11764,44562,1430192722,-1
11764,46153,1430192722,-1
11764,46044,1430319040,-1
11764,43424,1430192722,0
11764,46027,1430192722,1
11764,47612,1430319040,0
11764,45949,1430192722,-1
11764,44062,1430319040,0
11769,39925,1430137777,0
11769,45081,1430137777,-1
11769,44556,1430137777,1
11769,39213,1430137777,-1
11769,46245,1430137777,-1
11769,43946,1430137777,0
11769,45934,1430137777,0
11769,46296,1430137777,1
11769,46992,1430137777,0
11769,39580,1430137777,0
11769,45307,1430137777,1
11769,46999,1430137777,0
11769,41768,1430137777,-1
11769,38029,1430137777,0
11769,44554,1430137777,0
11769,43940,1430137777,0
11769,39497,1430137777,1
11769,41560,1430137777,-1
11769,45988,1430137777,-1
11769,47473,1430137777,0
11769,46247,1430137777,-1
11769,44558,1430137777,0
11769,45203,1430137777,0
11769,45729,1430137777,0
11769,46233,1430137777,-1
11769,43851,1430137777,0
11769,45216,1430137777,-1
11769,45921,1430137777,0
11769,46052,1430137777,0
11769,47602,1430137777,0
11769,41137,1430137777,-1
11769,39226,1430137777,1
11769,42757,1430137777,0
11769,45744,1430137777,0
11769,42934,1430137777,-1
11769,44070,1430137777,1
11769,52368,1430137777,-1
11769,39302,1430137777,1
11769,43867,1430137777,-1
11769,56815,1430137777,1
11769,46194,1430137777,1
11769,37905,1430137777,0
11769,43777,1430137777,0
11769,47871,1430137777,0
11769,47870,1430137777,0
11769,44062,1430137777,0
11769,44294,1430137777,0
11769,42770,1430137777,-1
11769,52261,1430137777,-1
11769,37815,1430137777,0
11769,47601,1430137777,0
11769,39922,1430137777,0
11769,44562,1430137777,1
11769,40209,1430137777,0
11769,45950,1430137777,0
11769,52355,1430137777,0
11769,44483,1430137777,-1
11769,46153,1430137777,1
11769,39576,1430137777,0
11769,45888,1430137777,0
11772,44565,1429924438,1
11772,44219,1429924438,-1
11772,45893,1429924438,0
11772,45217,1429924438,0
11772,44277,1429924438,0
11772,43335,1429924438,-1
11772,46138,1429924438,1
11772,45716,1429924438,0
11772,44560,1429924438,-1
11772,47004,1429924438,0
11772,39818,1429924438,0
11772,41562,1429924438,-1
11772,41529,1429924438,-1
11772,46088,1429924438,0
11772,39996,1429924438,-1
11772,40164,1429924438,-1
11772,46207,1429924438,1
11772,45943,1429924438,1
11772,46289,1429924438,1
11772,46044,1429924438,1
11772,42835,1429924438,0
11772,45166,1429924438,0
11772,52540,1429924438,1
11772,45519,1429924438,0
11772,46156,1429924438,-1
11772,42770,1429924438,1
11772,46139,1429924438,0
11772,47612,1429924438,0
11772,37913,1429924438,0
11772,39925,1429924438,0
11772,46260,1429924438,1
11772,45920,1429924438,0
11772,43940,1429924438,0
11772,45536,1429924438,1
11772,43854,1429924438,1
11772,46233,1429924438,1
11772,52239,1429924438,1
11772,39812,1429924438,1
11772,46054,1429924438,1
11772,46066,1429924438,1
11772,47508,1429924438,1
11772,45758,1429924438,1
11772,45307,1429924438,-1
11772,45156,1429924438,1
11772,41285,1429924438,1
11772,46971,1429924438,0
11772,46090,1429924438,0
11772,46119,1429924438,1
11772,41497,1429924438,0
11772,45756,1429924438,1
11772,46171,1429924438,1
11772,40320,1429924438,-1
11772,39958,1429924438,-1
11772,46027,1429924438,1
11772,41560,1429924438,1
11772,44746,1429924438,0
11772,37742,1429924438,0
11772,47695,1429924438,0
11772,39578,1429924438,0
11772,43008,1429924438,0
11777,46276,1429795663,1
11777,45929,1429795663,0
11777,39586,1429795702,1
11777,41821,1429795702,0
11777,37796,1429795663,0
11777,52263,1429795702,-1
11777,44469,1429795663,0
11777,46296,1429795702,-1
11777,46999,1429795663,0
11777,39379,1429795663,-1
11777,42868,1429795702,0
11777,37748,1429795702,0
11777,39748,1429795702,0
11777,52103,1429795663,0
11777,46211,1429795702,1
11777,47189,1429795702,0
11777,44554,1429795663,0
11777,41822,1429795663,0
11777,45940,1429795663,1
11777,46289,1429795663,-1
11777,43424,1429795702,0
11777,46260,1429795702,1
11777,45893,1429795702,0
11777,44559,1429795702,0
11777,39818,1429795663,0
11777,39996,1429795663,1
11777,46243,1429795702,1
11777,41628,1429795702,0
11777,39825,1429795663,-1
11777,46086,1429795663,-1
11777,46138,1429795702,1
11777,46204,1429795663,-1
11777,37749,1429795702,-1
11777,46055,1429795663,-1
11777,45216,1429795702,1
11777,44565,1429795663,-1
11777,46207,1429795702,1
11777,39598,1429795702,0
11777,42833,1429795702,0
11777,39579,1429795663,0
11777,46194,1429795702,-1
11777,52340,1429795702,-1
11777,46132,1429795663,-1
11777,56815,1429795663,1
11777,46249,1429795663,1
11777,41768,1429795702,1
11777,46156,1429795663,1
11777,45081,1429795702,1
11777,37746,1429795663,-1
11777,39556,1429795702,-1
11777,44300,1429795663,0
11777,45943,1429795663,-1
11777,47180,1429795702,0
11777,43852,1429795702,1
11777,39603,1429795702,0
11777,45949,1429795702,-1
11777,39347,1429795663,1
11777,47614,1429795663,0
11777,46976,1429795702,0
11777,46205,1429795663,-1
11781,41820,1429284658,0
11781,43854,1429284658,1
11781,40152,1429284658,-1
11781,39578,1429284658,0
11781,52340,1429284658,-1
11781,46289,1429284658,1
11781,44067,1429284658,0
11781,47180,1429284658,0
11781,47603,1429284658,0
11781,43940,1429284658,0
11781,46140,1429284658,0
11781,45758,1429284658,1
11781,45216,1429284658,1
11781,37913,1429284658,0
11781,43972,1429284658,1
11781,46979,1429284658,0
11781,56746,1429284658,0
11781,47614,1429284658,0
11781,42968,1429284658,1
11781,44557,1429284658,-1
11781,47009,1429284658,0
11781,46066,1429284658,1
11781,39922,1429284658,0
11781,45756,1429284658,1
11781,41264,1429284658,1
11781,46948,1429284658,1
11781,44300,1429284658,0
11781,40148,1429284658,0
11781,47612,1429284658,0
11781,45950,1429284658,0
11781,42785,1429284658,1
11781,46233,1429284658,1
11781,39349,1429284658,0
11781,44567,1429284658,1
11781,46189,1429284658,0
11781,46296,1429284658,-1
11781,47606,1429284658,0
11781,39577,1429284658,0
11781,39818,1429284658,0
11781,39925,1429284658,0
11781,41562,1429284658,-1
11781,45081,1429284658,1
11781,46260,1429284658,1
11781,46132,1429284658,1
11781,44277,1429284658,0
11781,40819,1429284658,1
11781,46205,1429284658,1
11781,44561,1429284658,0
11781,45729,1429284658,0
11781,45974,1429284658,0
11781,45934,1429284658,0
11781,44551,1429284658,0
11781,40170,1429284658,0
11781,44559,1429284658,0
11781,45764,1429284658,1
11781,42770,1429284658,1
11781,40828,1429284658,0
11781,44281,1429284658,-1
11781,47870,1429284658,0
11781,45920,1429284658,0
11783,47693,1419311106,0
11783,47693,1429279110,0
11786,43009,1426141622,0
11786,43009,1429278122,0
11788,47657,1426141621,1
11788,44469,1426141621,1
11788,44469,1429277954,1
11788,47657,1429277954,1
11790,44480,1419920576,0
11790,44480,1429277683,0
11792,39213,1429157563,1
11792,46189,1429157563,0
11792,46044,1429157563,1
11792,45519,1429099311,0
11792,46139,1429099311,0
11792,44066,1429157563,1
11792,45649,1429099311,0
11792,52238,1429099311,1
11792,41285,1429157563,1
11792,44483,1429099311,1
11792,46156,1429099311,-1
11792,46134,1429099311,0
11792,39577,1429157563,0
11792,37748,1429157563,0
11792,41026,1429157563,0
11792,40828,1429099311,0
11792,39379,1429099311,1
11792,43940,1429157563,0
11792,45244,1429157563,0
11792,47605,1429099311,0
11792,52263,1429157563,-1
11792,41820,1429099311,0
11792,41529,1429099311,-1
11792,40787,1429099311,-1
11792,46142,1429099311,0
11792,46271,1429099311,1
11792,43852,1429099311,1
11792,45950,1429157563,0
11792,45940,1429099311,-1
11792,44567,1429099311,1
11792,45941,1429099311,0
11792,41560,1429099311,1
11792,39818,1429157563,0
11792,41628,1429099311,0
11792,47180,1429099311,0
11792,39586,1429157563,1
11792,39576,1429099311,0
11792,37747,1429157563,1
11792,45649,1429157563,0
11792,44564,1429099311,-1
11792,39818,1429099311,0
11792,37815,1429099311,0
11792,41834,1429099311,0
11792,46138,1429099311,1
11792,47607,1429099311,0
11792,46901,1429157563,1
11792,44242,1429157563,0
11792,41768,1429099311,1
11792,44071,1429099311,0
11792,45764,1429099311,1
11792,44277,1429157563,0
11792,40819,1429099311,1
11792,46723,1429099311,0
11792,46052,1429099311,0
11792,41845,1429099311,-1
11792,41845,1429157563,-1
11792,46090,1429099311,0
11792,40210,1429099311,0
11792,46196,1429157563,0
11792,40170,1429099311,0
11798,44279,1429008040,0
11798,47683,1429008040,1
11798,45955,1429008040,1
11798,43972,1429008040,1
11798,52340,1429008040,-1
11798,47513,1429008040,-1
11798,41560,1429008040,1
11798,47889,1429008040,0
11798,39497,1429008040,-1
11798,44567,1429008040,1
11798,44238,1429008040,0
11798,39390,1429008040,0
11798,41026,1429008040,0
11798,57115,1429008040,1
11798,41366,1429008040,0
11798,46095,1429008040,1
11798,43537,1429008040,0
11798,45596,1429008040,0
11798,47612,1429008040,1
11798,46948,1429008040,1
11798,45988,1429008040,1
11798,39797,1429008040,1
11798,43832,1429008040,0
11798,40828,1429008040,0
11798,39780,1429008040,-1
11798,39598,1429008040,0
11798,46288,1429008040,-1
11798,47607,1429008040,1
11798,46145,1429008040,0
11798,46139,1429008040,0
11798,52540,1429008040,1
11798,46051,1429008040,0
11798,43432,1429008040,1
11798,46184,1429008040,0
11798,39347,1429008040,-1
11798,45756,1429008040,1
11798,43792,1429008040,0
11798,45156,1429008040,1
11798,46194,1429008040,-1
11798,47192,1429008040,-1
11798,39996,1429008040,-1
11798,43839,1429008040,0
11798,41131,1429008040,0
11798,46154,1429008040,0
11798,43008,1429008040,0
11798,47871,1429008040,0
11798,46260,1429008040,1
11798,37793,1429008040,0
11798,46971,1429008040,1
11798,46983,1429008040,1
11798,45717,1429008040,1
11798,39557,1429008040,-1
11798,46148,1429008040,-1
11798,39226,1429008040,-1
11798,46212,1429008040,1
11798,39159,1429008040,0
11798,46925,1429008040,0
11798,47490,1429008040,0
11798,45930,1429008040,1
11798,45921,1429008040,0
11800,41820,1428952898,0
11800,46992,1427695571,0
11800,44480,1427703563,0
11800,43962,1428952898,0
11800,47602,1428952898,0
11800,39226,1428952898,1
11800,39717,1428952898,-1
11800,43951,1427695571,-1
11800,46925,1427695571,0
11800,46992,1428952898,0
11800,56815,1428952898,1
11800,57114,1428952898,0
11800,46051,1427703563,1
11800,44281,1427703563,0
11800,45929,1428952898,0
11800,46114,1427703563,1
11800,46952,1427703563,0
11800,52368,1427695571,-1
11800,43940,1427703563,0
11800,47598,1428952898,1
11800,41615,1428952898,-1
11800,47602,1427695571,0
11800,39557,1427703563,-1
11800,45716,1427703563,0
11800,46135,1427695571,0
11800,37749,1427695571,1
11800,40787,1427703563,-1
11800,40209,1427695571,0
11800,44565,1428952898,-1
11800,45950,1427703563,0
11800,52103,1428952898,0
11800,39603,1428952898,0
11800,45166,1427703563,0
11800,45973,1427703563,1
11800,45943,1428952898,-1
11800,46137,1427695571,0
11800,47180,1427703563,0
11800,37748,1427703563,0
11800,46120,1427703563,0
11800,47508,1428952898,-1
11800,41615,1427703563,1
11800,46072,1427703563,1
11800,44300,1428952898,0
11800,46134,1427695571,0
11800,46289,1427703563,1
11800,46054,1427695571,-1
11800,45729,1427703563,0
11800,37913,1428952898,0
11800,46134,1428952898,0
11800,45934,1428952898,0
11800,46189,1428952898,0
11800,56746,1427703563,0
11800,46153,1427703563,-1
11800,40213,1427703563,1
11800,52540,1428952898,-1
11800,46948,1427695571,-1
11800,41835,1427703563,1
11800,42934,1427703563,1
11800,46044,1427695571,-1
11800,45729,1427695571,0
11805,44466,1419929388,1
11805,44466,1428920049,1
11806,44466,1418083481,0
11806,44466,1428920049,-1
11809,42770,1428920049,1
11809,41149,1428920049,0
11809,46086,1428920049,0
11809,52271,1428920049,1
11809,39922,1428920049,0
11809,39578,1428920049,0
11809,46054,1428920049,0
11809,44219,1428920049,-1
11809,52243,1428920049,1
11809,39797,1428920049,1
11809,46926,1428920049,0
11809,41624,1428920049,0
11809,47655,1428920049,1
11809,42833,1428920049,0
11809,45938,1428920049,1
11809,46017,1428920049,1
11809,40304,1428920049,0
11809,42935,1428920049,0
11809,45815,1428920049,0
11809,46191,1428920049,1
11809,40787,1428920049,1
11809,43537,1428920049,0
11809,45717,1428920049,1
11809,43842,1428920049,-1
11809,46943,1428920049,1
11809,43776,1428920049,0
11809,39181,1428920049,0
11809,39580,1428920049,0
11809,41329,1428920049,0
11809,45536,1428920049,-1
11809,46013,1428920049,0
11809,45865,1428920049,0
11809,46990,1428920049,0
11809,41504,1428920049,0
11809,56815,1428920049,1
11809,47607,1428920049,1
11809,40107,1428920049,0
11809,43424,1428920049,0
11809,41304,1428920049,1
11809,45307,1428920049,1
11809,44466,1428920049,1
11809,44564,1428920049,1
11809,46904,1428920049,0
11809,41691,1428920049,-1
11809,46156,1428920049,1
11809,44550,1428920049,1
11809,46967,1428920049,1
11809,46286,1428920049,-1
11809,37746,1428920049,-1
11809,44070,1428920049,1
11809,39618,1428920049,0
11809,44445,1428920049,0
11809,42963,1428920049,-1
11809,45955,1428920049,1
11809,47614,1428920049,1
11809,43834,1428920049,0
11809,46005,1428920049,1
11809,39780,1428920049,-1
11809,38029,1428920049,0
11809,41869,1428920049,0
11811,40084,1428563517,-1
11811,45744,1428563463,0
11811,47603,1428563517,0
11811,46948,1428563463,-1
11811,44559,1428563463,0
11811,44464,1428563517,0
11811,42833,1428563517,0
11811,39958,1428563463,1
11811,41845,1428563463,1
11811,39706,1428563517,1
11811,40302,1428563463,0
11811,46294,1428563463,-1
11811,44557,1428563463,1
11811,46141,1428563463,0
11811,46296,1428563517,-1
11811,37748,1428563517,0
11811,39556,1428563517,-1
11811,39603,1428563463,0
11811,45988,1428563517,1
11811,43842,1428563517,1
11811,44555,1428563463,1
11811,40152,1428563463,1
11811,40209,1428563517,0
11811,39788,1428563517,1
11811,41845,1428563517,-1
11811,46153,1428563517,-1
11811,41137,1428563517,1
11811,44555,1428563517,-1
11811,43951,1428563517,1
11811,46086,1428563463,-1
11811,45649,1428563463,0
11811,46276,1428563517,-1
11811,41768,1428563517,1
11811,39586,1428563463,-1
11811,39817,1428563463,0
11811,46988,1428563517,-1
11811,46017,1428563517,1
11811,45389,1428563463,0
11811,43867,1428563517,1
11811,47614,1428563463,0
11811,41026,1428563517,0
11811,40819,1428563463,-1
11811,46027,1428563463,-1
11811,45947,1428563517,1
11811,41839,1428563517,0
11811,43335,1428563463,1
11811,46090,1428563463,0
11811,44219,1428563517,-1
11811,47601,1428563517,0
11811,44553,1428563463,1
11811,45756,1428563517,1
11811,45166,1428563517,0
11811,52556,1428563517,0
11811,44070,1428563517,-1
11811,42835,1428563517,0
11811,46140,1428563517,0
11811,39159,1428563517,0
11811,56746,1428563463,0
11811,45203,1428563463,0
11811,43335,1428563517,-1
11813,42868,1428483917,0
11813,46992,1428484034,0
11813,43867,1428483917,-1
11813,45950,1428484034,0
11813,47871,1428484034,0
11813,37913,1428483917,0
11813,43867,1428484034,1
11813,45930,1428483917,-1
11813,46289,1428484034,1
11813,46208,1428483917,0
11813,39347,1428483917,1
11813,45956,1428483917,0
11813,39577,1428484034,0
11813,43972,1428484034,1
11813,52239,1428483917,-1
11813,40148,1428484034,0
11813,40195,1428483917,-1
11813,45729,1428484034,0
11813,46091,1428483917,0
11813,43842,1428484034,1
11813,52263,1428483917,1
11813,39595,1428483917,1
11813,47605,1428483917,0
11813,41145,1428483917,-1
11813,46243,1428483917,-1
11813,46119,1428483917,-1
11813,47695,1428484034,-1
11813,41822,1428484034,0
11813,41834,1428483917,0
11813,39580,1428483917,0
11813,46901,1428483917,-1
11813,45764,1428484034,1
11813,37747,1428483917,-1
11813,41480,1428483917,-1
11813,41615,1428483917,-1
11813,46260,1428484034,1
11813,41845,1428484034,-1
11813,46017,1428483917,-1
11813,43854,1428483917,-1
11813,47606,1428484034,0
11813,52556,1428484034,0
11813,44242,1428484034,0
11813,44554,1428484034,0
11813,41678,1428483917,0
11813,44556,1428484034,-1
11813,47473,1428483917,0
11813,45217,1428484034,0
11813,43940,1428483917,0
11813,46017,1428484034,1
11813,44466,1428484034,1
11813,44557,1428483917,1
11813,46249,1428483917,1
11813,37747,1428484034,1
11813,52540,1428484034,1
11813,46142,1428483917,0
11813,45716,1428483917,0
11813,44294,1428483917,0
11813,47606,1428483917,0
11813,39580,1428484034,0
11813,45756,1428483917,-1
11823,46247,1427450192,0
11827,46960,1427354271,0
11827,41137,1427354271,1
11827,44219,1427354271,-1
11827,52368,1427354271,1
11827,46211,1427354271,1
11827,45756,1427354271,1
11827,47870,1427354271,0
11827,42868,1427354271,0
11827,46204,1427354271,1
11827,40152,1427354271,-1
11827,43972,1427354271,1
11827,43839,1427354271,0
11827,45950,1427354271,0
11827,40302,1427354271,0
11827,46212,1427354271,1
11827,43836,1427354271,1
11827,46901,1427354271,1
11827,40195,1427354271,1
11827,46086,1427354271,0
11827,45519,1427354271,0
11827,42934,1427354271,1
11827,52103,1427354271,0
11827,45888,1427354271,0
11827,45244,1427354271,0
11827,47601,1427354271,0
11827,43842,1427354271,1
11827,43867,1427354271,1
11827,46948,1427354271,1
11827,37746,1427354271,1
11827,37793,1427354271,0
11827,41285,1427354271,1
11827,46943,1427354271,-1
11827,45167,1427354271,0
11827,39609,1427354271,-1
11827,47004,1427354271,0
11827,41480,1427354271,1
11827,52261,1427354271,1
11827,57110,1427354271,0
11827,46017,1427354271,1
11827,46243,1427354271,1
11827,45216,1427354271,1
11827,52263,1427354271,-1
11827,46296,1427354271,-1
11827,38029,1427354271,0
11827,41529,1427354271,-1
11827,45209,1427354271,0
11827,39788,1427354271,1
11827,47871,1427354271,0
11827,47612,1427354271,0
11827,45969,1427354271,0
11827,47009,1427354271,0
11827,41628,1427354271,0
11827,46196,1427354271,0
11827,47598,1427354271,-1
11827,45700,1427354271,1
11827,41835,1427354271,1
11827,47657,1427354271,1
11827,52238,1427354271,1
11827,40210,1427354271,0
11827,40819,1427354271,1
11830,39586,1427108259,-1
11830,39347,1427108259,1
11830,44062,1427108259,0
11830,43842,1427108259,-1
11830,44300,1427108259,0
11830,42868,1427108259,0
11830,37913,1427108259,0
11830,41821,1427108259,0
11830,37746,1427108259,-1
11830,42835,1427108259,0
11830,46027,1427108259,-1
11830,52238,1427108259,-1
11830,41529,1427108259,1
11830,43328,1427108259,0
11830,39618,1427108259,-1
11830,52340,1427108259,1
11830,52243,1427108259,1
11830,52556,1427108259,0
11830,43972,1427108259,-1
11830,41839,1427108259,0
11830,45988,1427108259,-1
11830,43777,1427108259,0
11830,52263,1427108259,1
11830,46052,1427108259,0
11830,45519,1427108259,0
11830,45888,1427108259,0
11830,41768,1427108259,-1
11830,41615,1427108259,-1
11830,39818,1427108259,0
11830,45940,1427108259,1
11830,39580,1427108259,0
11830,41835,1427108259,-1
11830,39706,1427108259,-1
11830,46134,1427108259,0
11830,46296,1427108259,1
11830,45217,1427108259,0
11830,39598,1427108259,0
11830,41026,1427108259,0
11830,45947,1427108259,-1
11830,46141,1427108259,0
11830,40148,1427108259,0
11830,40787,1427108259,1
11830,47683,1427108259,-1
11830,43008,1427108259,0
11830,43335,1427108259,1
11830,41822,1427108259,0
11830,39226,1427108259,1
11830,44480,1427108259,0
11830,47508,1427108259,-1
11830,43839,1427108259,0
11830,37747,1427108259,-1
11830,46208,1427108259,0
11830,46086,1427108259,0
11830,46212,1427108259,-1
11830,46960,1427108259,0
11830,46988,1427108259,1
11830,46054,1427108259,-1
11830,43951,1427108259,-1
11830,45833,1427108259,-1
11830,37793,1427108259,0
11833,45934,1426852552,0
11833,39586,1426059467,-1
11833,44466,1426059467,-1
11833,46120,1426852552,0
11833,43842,1426059467,-1
11833,41137,1426852552,-1
11833,39302,1426059467,1
11833,57110,1426852552,0
11833,46137,1426852552,0
11833,42968,1426852552,-1
11833,37746,1426852634,1
11833,45389,1426852634,0
11833,46212,1426852552,-1
11833,52340,1426852552,1
11833,45893,1426059467,0
11833,47490,1426059467,-1
11833,39597,1426059467,-1
11833,41285,1426059467,-1
11833,43851,1426059467,0
11833,41822,1426852552,0
11833,45244,1426059467,0
11833,57114,1426852552,0
11833,40152,1426059467,1
11833,41715,1426852634,-1
11833,45081,1426852552,-1
11833,46936,1426852552,-1
11833,47612,1426059467,0
11833,41839,1426852552,0
11833,45764,1426852634,1
11833,52369,1426852634,1
11833,46976,1426852634,0
11833,45307,1426852552,1
11833,45930,1426059467,-1
11833,40320,1426852634,-1
11833,45974,1426852634,0
11833,39213,1426852552,-1
11833,42787,1426059467,-1
11833,40302,1426852634,0
11833,43777,1426852634,0
11833,46211,1426059467,-1
11833,57110,1426852634,0
11833,39812,1426852552,-1
11833,37749,1426852634,-1
11833,45973,1426059467,-1
11833,39618,1426059467,-1
11833,46054,1426059467,-1
11833,39347,1426852552,1
11833,41357,1426852634,1
11833,43777,1426852552,0
11833,47601,1426059467,0
11833,44551,1426059467,0
11833,43008,1426852552,0
11833,42787,1426852634,1
11833,45950,1426852634,0
11833,52261,1426852634,1
11833,45941,1426852552,0
11833,52340,1426852634,-1
11833,43335,1426059467,1
11833,47601,1426852634,0
11833,39595,1426852634,-1
11836,43854,1426668969,-1
11836,41264,1426669823,1
11836,39706,1426582387,1
11836,40819,1426582308,-1
11836,44483,1426669823,1
11836,46960,1426582308,0
11836,45893,1426669823,0
11836,46260,1426669823,1
11836,45764,1426582387,1
11836,44067,1426582308,0
11836,47693,1426582308,0
11836,39502,1426668969,0
11836,41137,1426668969,-1
11836,45716,1426582387,0
11836,41285,1426668969,0
11836,47004,1426668969,0
11836,42835,1426669823,0
11836,46289,1426669823,1
11836,46055,1426582308,-1
11836,39818,1426668969,0
11836,45756,1426669823,1
11836,41678,1426582308,0
11836,41329,1426668969,0
11836,46098,1426668969,0
11836,46723,1426669823,0
11836,46983,1426582308,-1
11836,43836,1426668969,-1
11836,46976,1426582387,0
11836,42866,1426668969,1
11836,39226,1426669823,-1
11836,39213,1426669823,1
11836,45920,1426668969,1
11836,40320,1426582387,-1
11836,46095,1426668969,1
11836,46925,1426669823,0
11836,44070,1426582308,1
11836,44483,1426582308,-1
11836,44464,1426582308,0
11836,46723,1426668969,0
11836,37815,1426668969,0
11836,45947,1426582308,-1
11836,42934,1426668969,0
11836,44483,1426668969,0
11836,37815,1426582387,0
11836,47598,1426582308,1
11836,43836,1426582308,-1
11836,46072,1426582387,1
11836,46960,1426669823,0
11836,45947,1426582387,1
11836,52340,1426582308,1
11836,43972,1426668969,1
11836,46990,1426668969,0
11836,44070,1426582387,-1
11836,41458,1426669823,1
11836,39349,1426668969,0
11836,46044,1426669823,1
11836,43854,1426669823,1
11836,43037,1426668969,0
11836,46948,1426669823,1
11836,52498,1426668969,0
11843,39497,1426497833,-1
11843,46976,1426489537,0
11843,39557,1426497833,-1
11843,46051,1426497833,0
11843,52252,1426497833,1
11843,46304,1426497833,1
11843,45815,1426497833,0
11843,39226,1426497833,-1
11843,46148,1426497833,1
11843,42871,1426497833,1
11843,41529,1426497833,-1
11843,41504,1426497833,0
11843,47881,1426497833,0
11843,44553,1426497833,1
11843,44469,1426497833,1
11843,37747,1426497833,1
11843,46145,1426497833,0
11843,45216,1426497833,1
11843,41821,1426497833,-1
11843,46171,1426497833,1
11843,41628,1426497833,0
11843,42968,1426497833,-1
11843,44284,1426497833,0
11843,46055,1426497833,1
11843,45758,1426497833,1
11843,44067,1426497833,1
11843,45938,1426497833,1
11843,47693,1426497833,0
11843,46294,1426497833,1
11843,40819,1426497833,1
11843,39159,1426497833,0
11843,46212,1426497833,0
11843,46072,1426497833,1
11843,45995,1426497833,1
11843,45813,1426497833,0
11843,42959,1426497833,0
11843,56768,1426497833,0
11843,43777,1426497833,0
11843,45917,1426497833,1
11843,39618,1426497833,1
11843,46060,1426497833,1
11843,46027,1426497833,1
11843,45976,1426497833,0
11843,45899,1426497833,1
11843,47655,1426497833,1
11843,46936,1426497833,0
11843,44279,1426497833,0
11843,47603,1426497833,1
11843,45759,1426497833,1
11843,46129,1426497833,0
11843,45717,1426497833,1
11843,45929,1426497833,0
11843,42787,1426497833,1
11843,39598,1426497833,0
11843,45955,1426497833,1
11843,43948,1426497833,0
11843,46723,1426497833,0
11843,47600,1426497833,1
11843,46971,1426489537,1
11843,52271,1426497833,1
11845,46943,1426489483,1
11845,46989,1426489665,0
11845,45888,1426489665,0
11845,45921,1426489665,0
11845,46233,1426489665,1
11845,39717,1426489483,-1
11845,40152,1426489483,1
11845,46204,1426489665,1
11845,46027,1426489483,-1
11845,57114,1426489483,0
11845,52368,1426489665,1
11845,41529,1426489483,1
11845,52556,1426489483,0
11845,43867,1426489483,-1
11845,47683,1426489483,-1
11845,39349,1426489665,0
11845,41285,1426489665,1
11845,43008,1426489665,0
11845,41529,1426489665,-1
11845,44466,1426489483,-1
11845,37748,1426489483,0
11845,44242,1426489665,0
11845,40302,1426489665,0
11845,46960,1426489665,0
11845,45244,1426489483,0
11845,46943,1426489665,-1
11845,45949,1426489665,-1
11845,43851,1426489483,0
11845,39748,1426489665,0
11845,39301,1426489665,0
11845,46260,1426489483,-1
11845,46156,1426489483,1
11845,39497,1426489665,-1
11845,39159,1426489665,0
11845,44483,1426489665,1
11845,46119,1426489483,-1
11845,46119,1426489665,1
11845,47693,1426489665,0
11845,56746,1426489483,0
11845,39748,1426489483,0
11845,46936,1426489665,1
11845,41137,1426489665,1
11845,46153,1426489483,1
11845,42934,1426489483,-1
11845,46066,1426489483,-1
11845,45217,1426489483,0
11845,56746,1426489665,0
11845,41835,1426489665,1
11845,43940,1426489483,0
11845,45813,1426489665,0
11845,46205,1426489665,1
11845,43776,1426489665,0
11845,45704,1426489665,1
11845,45833,1426489483,-1
11845,46979,1426489665,0
11845,52263,1426489665,-1
11845,46271,1426489665,1
11845,46247,1426489665,1
11845,46723,1426489483,0
11845,46952,1426489483,0
11848,41496,1426148788,-1
11848,39603,1426148869,0
11848,39389,1426148788,-1
11848,52243,1426148788,1
11848,45956,1426148788,0
11848,39301,1426148869,0
11848,56815,1426148869,-1
11848,46204,1426148869,1
11848,57114,1426148788,0
11848,52261,1426148788,-1
11848,45941,1426148788,0
11848,43335,1426148869,-1
11848,39595,1426148788,1
11848,43008,1426148788,0
11848,57114,1426148869,0
11848,39925,1426148869,0
11848,43424,1426148788,0
11848,44564,1426148869,0
11848,47605,1426148788,0
11848,42770,1426148869,1
11848,43972,1426148869,1
11848,43854,1426148788,-1
11848,44483,1426148788,-1
11848,47603,1426148788,0
11848,39812,1426148788,-1
11848,46066,1426148869,1
11848,43009,1426148869,1
11848,41137,1426148869,1
11848,46901,1426148869,1
11848,47598,1426148869,-1
11848,45744,1426148788,0
11848,52556,1426148869,0
11848,46086,1426148869,0
11848,45921,1426148788,0
11848,44062,1426148788,0
11848,41285,1426148869,1
11848,45929,1426148788,0
11848,44553,1426148788,-1
11848,47004,1426148788,0
11848,40152,1426148869,-1
11848,47180,1426148788,0
11848,44242,1426148869,0
11848,37742,1426148869,0
11848,47607,1426148869,0
11848,42787,1426148788,-1
11848,44300,1426148869,0
11848,46091,1426148869,0
11848,46960,1426148788,0
11848,39595,1426148869,-1
11848,45756,1426148788,-1
11848,42787,1426148869,1
11848,41615,1426148869,1
11848,46294,1426148869,1
11848,42770,1426148788,-1
11848,46017,1426148788,-1
11848,45833,1426148788,-1
11848,46184,1426148869,0
11848,44219,1426148788,1
11848,46296,1426148788,1
11848,44070,1426148869,-1
11851,52492,1426137946,0
11851,46051,1426137946,0
11851,41615,1426137946,1
11851,47602,1426137946,1
11851,41658,1426137946,-1
11851,41131,1426137946,0
11851,45888,1426137946,1
11851,52271,1426137946,1
11851,47693,1426137946,0
11851,39226,1426137946,-1
11851,52355,1426137946,0
11851,38071,1426137946,0
11851,52263,1426137946,-1
11851,41076,1426137946,0
11851,45833,1426137946,1
11851,46296,1426137946,1
11851,45930,1426137946,1
11851,41822,1426137946,0
11851,46184,1426137946,0
11851,47004,1426137946,0
11851,52266,1426137946,0
11851,43839,1426137946,0
11851,41768,1426137946,1
11851,39347,1426137946,-1
11851,52540,1426137946,1
11851,44281,1426137946,0
11851,41285,1426137946,1
11851,39788,1426137946,1
11851,45941,1426137946,0
11851,44469,1426137946,1
11851,44219,1426137946,-1
11851,41845,1426137946,-1
11851,41432,1426137946,1
11851,46271,1426137946,1
11851,45921,1426137946,0
11851,57114,1426137946,0
11851,56967,1426137946,-1
11851,46723,1426137946,0
11851,46941,1426137946,0
11851,44567,1426137946,1
11851,39301,1426137946,0
11851,41149,1426137946,0
11851,46146,1426137946,0
11851,52238,1426137946,1
11851,47473,1426137946,0
11851,43424,1426137946,0
11851,45106,1426137946,0
11851,46129,1426137946,0
11851,37749,1426137946,-1
11851,44480,1426137946,0
11851,45245,1426137946,1
11851,41678,1426137946,0
11851,40297,1426137946,1
11851,39818,1426137946,0
11851,44464,1426137946,-1
11851,46191,1426137946,1
11851,41628,1426137946,0
11851,47606,1426137946,1
11851,44560,1426137946,1
11851,45956,1426137946,0
11853,46052,1416920241,0
11853,45733,1416507597,-1
11853,47490,1426072505,1
11853,45947,1416920241,1
11853,43867,1416919017,-1
11853,46120,1426072505,-1
11853,45893,1416920241,0
11853,39349,1426072505,0
11853,39750,1416507597,0
11853,46243,1416507597,0
11853,39609,1416919017,1
11853,43839,1416919017,0
11853,45758,1426072505,1
11853,41768,1426072505,1
11853,44469,1416920241,0
11853,39750,1416919017,0
11853,52368,1416919017,-1
11853,45729,1416507597,0
11853,46051,1416507597,1
11853,41357,1426072505,1
11853,43008,1416920241,1
11853,46247,1426072505,1
11853,46766,1416920241,-1
11853,46055,1416507597,-1
11853,43854,1416919017,-1
11853,37863,1426072505,0
11853,40302,1416507597,0
11853,44219,1426072505,-1
11853,47605,1426072505,0
11853,45969,1416919017,0
11853,45700,1426072505,1
11853,39684,1416919017,0
11853,45943,1416920241,0
11853,45756,1426072505,1
11853,46243,1416919017,0
11853,57114,1426072505,0
11853,39580,1416507597,0
11853,47598,1426072505,-1
11853,44567,1416507597,1
11853,45536,1416507597,1
11853,46936,1416919017,-1
11853,46194,1416920241,1
11853,46086,1426072505,0
11853,39788,1426072505,1
11853,46247,1416507597,1
11853,47519,1416920241,0
11853,45892,1416919017,0
11853,44464,1426072505,0
11853,37749,1416919017,1
11853,45700,1416919017,0
11853,44476,1416919017,0
11853,41831,1426072505,0
11853,46943,1416920241,-1
11853,44242,1416507597,0
11853,43972,1416507597,-1
11853,45245,1416919017,0
11853,46723,1416507597,0
11853,39577,1416919017,0
11853,41822,1426072505,0
11853,40302,1416919017,0
11855,39598,1426064937,0
11855,41831,1426072158,0
11855,39597,1426072158,-1
11855,39788,1426072158,-1
11855,46271,1426064937,1
11855,41628,1426064937,0
11855,47508,1426072158,-1
11855,42868,1426072158,0
11855,39577,1426064937,0
11855,42835,1426072158,0
11855,46249,1426064937,-1
11855,45974,1426064937,0
11855,52368,1426072158,-1
11855,45973,1426072158,-1
11855,43972,1426072158,-1
11855,40320,1426072158,1
11855,45536,1426064937,1
11855,45893,1426072158,0
11855,46027,1426064937,1
11855,52540,1426064937,1
11855,45988,1426064937,1
11855,45930,1426064937,1
11855,46247,1426064937,1
11855,39609,1426072158,1
11855,46086,1426064937,0
11855,45949,1426064937,-1
11855,52556,1426064937,0
11855,47601,1426072158,0
11855,43836,1426064937,1
11855,37746,1426072158,-1
11855,44067,1426064937,0
11855,45950,1426072158,0
11855,47683,1426064937,1
11855,46952,1426064937,0
11855,46091,1426072158,0
11855,37749,1426064937,-1
11855,44464,1426064937,0
11855,39557,1426064937,-1
11855,45244,1426064937,0
11855,39577,1426072158,0
11855,43009,1426064937,1
11855,43852,1426072158,-1
11855,38029,1426064937,0
11855,44281,1426064937,0
11855,44483,1426064937,1
11855,37748,1426064937,0
11855,41821,1426072158,0
11855,45217,1426072158,0
11855,39748,1426072158,0
11855,39302,1426072158,1
11855,46296,1426072158,1
11855,41615,1426072158,-1
11855,45704,1426064937,1
11855,40152,1426072158,1
11855,45934,1426064937,0
11855,39349,1426072158,0
11855,45920,1426064937,0
11855,56815,1426072158,1
11855,47508,1426064937,1
11855,40819,1426072158,-1
11858,44070,1425898808,-1
11858,42934,1425898808,1
11858,52540,1425898808,1
11858,47605,1425898808,0
11858,45974,1425898808,0
11858,46249,1425898808,-1
11858,45973,1425898808,1
11858,45947,1425898808,1
11858,45764,1425898808,1
11858,44281,1425898808,0
11858,47490,1425898808,1
11858,39748,1425898808,0
11858,39347,1425898808,-1
11858,46952,1425898808,0
11858,43335,1425898808,-1
11858,46979,1425898808,0
11858,45920,1425898808,0
11858,41137,1425898808,1
11858,52261,1425898808,1
11858,43972,1425898808,1
11858,43777,1425898808,0
11858,46086,1425898808,0
11858,45921,1425898808,0
11858,39577,1425898808,0
11858,46114,1425898808,1
11858,39717,1425898808,1
11858,47693,1425898808,0
11858,43008,1425898808,0
11858,56746,1425898808,0
11858,47614,1425898808,0
11858,39578,1425898808,0
11858,40787,1425898808,-1
11858,41835,1425898808,1
11858,39817,1425898808,0
11858,39497,1425898808,-1
11858,45969,1425898808,0
11858,46044,1425898808,1
11858,42835,1425898808,0
11858,46055,1425898808,1
11858,46988,1425898808,-1
11858,41822,1425898808,0
11858,47601,1425898808,0
11858,47508,1425898808,1
11858,42787,1425898808,1
11858,46723,1425898808,0
11858,44553,1425898808,1
11858,41834,1425898808,0
11858,41565,1425898808,1
11858,39580,1425898808,0
11858,44464,1425898808,0
11858,44565,1425898808,1
11858,42833,1425898808,0
11858,46276,1425898808,-1
11858,47602,1425898808,0
11858,37747,1425898808,1
11858,44567,1425898808,1
11858,46294,1425898808,1
11858,41615,1425898808,1
11858,45217,1425898808,0
11858,46153,1425898808,-1
11860,41821,1425891443,0
11860,41715,1425891443,1
11860,44062,1425891443,0
11860,47693,1425891443,0
11860,39748,1425891443,0
11860,39556,1425891443,1
11860,45217,1425891443,0
11860,46027,1425891443,-1
11860,43009,1425891443,-1
11860,47004,1425891443,0
11860,42934,1425891443,-1
11860,52238,1425891443,-1
11860,46936,1425891443,-1
11860,46171,1425891443,-1
11860,43854,1425891443,-1
11860,41145,1425891443,-1
11860,39925,1425891443,0
11860,44466,1425891443,-1
11860,46204,1425891443,-1
11860,45758,1425891443,-1
11860,45716,1425891443,0
11860,44483,1425891443,-1
11860,46120,1425891443,1
11860,46153,1425891443,1
11860,46055,1425891443,-1
11860,47490,1425891443,-1
11860,46212,1425891443,-1
11860,43940,1425891443,0
11860,52369,1425891443,-1
11860,37746,1425891443,-1
11860,46196,1425891443,0
11860,45893,1425891443,0
11860,47614,1425891443,0
11860,45921,1425891443,0
11860,42833,1425891443,0
11860,41768,1425891443,-1
11860,46901,1425891443,-1
11860,56746,1425891443,0
11860,46271,1425891443,-1
11860,46156,1425891443,1
11860,39618,1425891443,-1
11860,41678,1425891443,0
11860,39226,1425891443,1
11860,45892,1425891443,0
11860,39586,1425891443,-1
11860,45929,1425891443,0
11860,46091,1425891443,0
11860,39577,1425891443,0
11860,37815,1425891443,0
11860,44242,1425891443,0
11860,40787,1425891443,1
11860,41137,1425891443,-1
11860,47602,1425891443,0
11860,43008,1425891443,0
11860,41834,1425891443,0
11860,39717,1425891443,-1
11860,46184,1425891443,0
11860,43852,1425891443,-1
11860,46233,1425891443,-1
11860,40302,1425891443,0
11862,43777,1425867465,0
11862,45888,1425867465,0
11862,39586,1425867465,1
11862,45950,1425867465,0
11862,44480,1425867465,0
11862,46120,1425867465,-1
11862,45973,1425867465,1
11862,45920,1425867465,0
11862,46156,1425867465,-1
11862,45956,1425867465,0
11862,46936,1425867465,1
11862,39748,1425867465,0
11862,45716,1425867465,0
11862,46901,1425867465,1
11862,45700,1425867465,1
11862,46976,1425867465,0
11862,39302,1425867465,-1
11862,46052,1425867465,0
11862,45729,1425867465,0
11862,46189,1425867465,0
11862,39618,1425867465,1
11862,44551,1425867465,0
11862,41835,1425867465,1
11862,45764,1425867465,1
11862,45974,1425867465,0
11862,41821,1425867465,0
11862,44466,1425867465,1
11862,45941,1425867465,0
11862,46184,1425867465,0
11862,45969,1425867465,0
11862,45921,1425867465,0
11862,43867,1425867465,1
11862,47612,1425867465,0
11862,46247,1425867465,1
11862,46271,1425867465,1
11862,45744,1425867465,0
11862,44242,1425867465,0
11862,46952,1425867465,0
11862,46723,1425867465,0
11862,43836,1425867465,1
11862,46988,1425867465,-1
11862,39788,1425867465,1
11862,52243,1425867465,-1
11862,46072,1425867465,1
11862,47695,1425867465,-1
11862,39557,1425867465,-1
11862,46054,1425867465,1
11862,44469,1425867465,0
11862,46153,1425867465,-1
11862,43972,1425867465,1
11862,39159,1425867465,0
11862,47004,1425867465,0
11862,41615,1425867465,1
11862,52540,1425867465,1
11862,41822,1425867465,0
11862,41137,1425867465,1
11862,45929,1425867465,0
11862,52556,1425867465,0
11862,42868,1425867465,0
11862,39226,1425867465,-1
11864,44279,1425827532,0
11864,45081,1425827532,1
11864,52271,1425827532,1
11864,45930,1425827532,1
11864,43839,1425827532,0
11864,56746,1425827532,0
11864,47683,1425827532,1
11864,39614,1425827532,0
11864,41076,1425827532,0
11864,46247,1425827532,1
11864,46976,1425827532,0
11864,42866,1425827532,1
11864,42865,1425827532,1
11864,41458,1425827532,1
11864,45759,1425827532,1
11864,41149,1425827532,0
11864,52352,1425827532,1
11864,43946,1425827532,0
11864,44281,1425827532,0
11864,40819,1425827532,1
11864,39788,1425827532,1
11864,41357,1425827532,1
11864,46256,1425827532,0
11864,46208,1425827532,0
11864,41835,1425827532,1
11864,46148,1425827532,1
11864,52346,1425827532,0
11864,38064,1425827532,-1
11864,41329,1425827532,0
11864,47607,1425827532,1
11864,46005,1425827532,1
11864,41615,1425827532,1
11864,39618,1425827532,1
11864,47203,1425827532,1
11864,46204,1425827532,1
11864,39556,1425827532,-1
11864,40152,1425827532,-1
11864,47508,1425827532,-1
11864,44284,1425827532,0
11864,39557,1425827532,-1
11864,47606,1425827532,1
11864,46967,1425827532,1
11864,52340,1425827532,-1
11864,52492,1425827532,0
11864,40297,1425827532,1
11864,46288,1425827532,-1
11864,37749,1425827532,-1
11864,42787,1425827532,0
11864,37855,1425827532,0
11864,39748,1425827532,0
11864,41480,1425827532,0
11864,45976,1425827532,0
11864,41630,1425827532,0
11864,46205,1425827532,1
11864,52239,1425827532,1
11864,52345,1425827532,1
11864,43009,1425827532,-1
11864,45733,1425827532,0
11864,46095,1425827532,1
11864,37746,1425827532,0
11866,39301,1425759844,0
11867,45081,1425658404,-1
11867,37748,1425658404,0
11867,41821,1425658404,0
11867,41285,1425658404,-1
11867,47614,1425658404,0
11867,46205,1425658404,-1
11867,40819,1425658404,-1
11867,45756,1425658404,-1
11867,45167,1425658404,0
11867,44565,1425658404,-1
11867,45833,1425658404,-1
11867,45950,1425658404,-1
11867,47598,1425658404,1
11867,56746,1425658404,0
11867,43424,1425658404,0
11867,46294,1425658404,-1
11867,39748,1425658404,0
11867,46245,1425658404,-1
11867,45929,1425658404,0
11867,39302,1425658404,1
11867,40320,1425658404,1
11867,39598,1425658404,0
11867,45947,1425658404,-1
11867,39577,1425658404,0
11867,39557,1425658404,1
11867,39580,1425658404,0
11867,45930,1425658404,-1
11867,44564,1425658404,0
11867,46271,1425658404,-1
11867,43777,1425658404,0
11867,39818,1425658404,0
11867,40763,1425658404,0
11867,41831,1425658404,0
11867,46988,1425658404,1
11867,39578,1425658404,0
11867,46249,1425658404,1
11867,45166,1425658404,0
11867,45216,1425658404,-1
11867,47695,1425658404,1
11867,37742,1425658404,0
11867,47606,1425658404,0
11867,46191,1425658404,0
11867,39922,1425658404,0
11867,39586,1425658404,-1
11867,45920,1425658404,0
11867,41264,1425658404,-1
11867,44300,1425658404,0
11867,46243,1425658404,-1
11867,45244,1425658404,0
11867,45969,1425658404,0
11867,45921,1425658404,0
11867,47605,1425658404,0
11867,45729,1425658404,0
11867,45973,1425658404,-1
11867,45307,1425658404,1
11867,41628,1425658404,0
11867,47693,1425658404,0
11867,46208,1425658404,0
11867,47607,1425658404,0
11867,46027,1425658404,-1
11869,44560,1425368644,1
11869,44560,1425468552,1
11870,46101,1425453134,0
11870,46101,1425468408,0
11871,41357,1425450130,1
11871,39586,1425450130,1
11871,44748,1425450130,-1
11871,41834,1425450130,0
11871,39556,1425450130,-1
11871,46271,1425450130,1
11871,42772,1425450130,1
11871,57114,1425450130,0
11871,44445,1425450130,0
11871,46207,1425450130,-1
11871,46983,1425450130,0
11871,46120,1425450130,-1
11871,45156,1425450130,1
11871,44281,1425450130,0
11871,47490,1425450130,0
11871,56815,1425450130,-1
11871,46184,1425450130,0
11871,42959,1425450130,0
11871,46097,1425450130,1
11871,41615,1425450130,1
11871,52538,1425450130,1
11871,42968,1425450130,-1
11871,37793,1425450130,0
11871,43946,1425450130,0
11871,52252,1425450130,1
11871,41458,1425450130,1
11871,46051,1425450130,0
11871,46171,1425450130,1
11871,46976,1425450130,0
11871,52239,1425450130,1
11871,43008,1425450130,0
11871,38064,1425450130,-1
11871,37742,1425450130,1
11871,40819,1425450130,1
11871,41831,1425450130,0
11871,41624,1425450130,0
11871,45956,1425450130,0
11871,45704,1425450130,1
11871,41608,1425450130,0
11871,52261,1425450130,1
11871,45717,1425450130,1
11871,52540,1425450130,1
11871,52344,1425450130,0
11871,46153,1425450130,1
11871,39557,1425450130,-1
11871,45081,1425450130,1
11871,57117,1425450130,1
11871,41640,1425450130,1
11871,45976,1425450130,0
11871,41529,1425450130,-1
11871,57264,1425450130,0
11871,45941,1425450130,0
11871,46204,1425450130,1
11871,45167,1425450130,0
11871,45244,1425450130,0
11871,46296,1425450130,1
11871,57263,1425450130,0
11871,42770,1425450130,1
11871,45888,1425450130,1
11871,41076,1425450130,0
11874,47601,1425414112,0
11874,45217,1425414112,0
11874,57114,1425414112,0
11874,39925,1425414112,0
11874,45974,1425414112,0
11874,44464,1425414112,0
11874,37747,1425414112,1
11874,44480,1425414112,0
11874,46294,1425414112,1
11874,39577,1425414112,0
11874,44551,1425414112,0
11874,43842,1425414112,1
11874,39497,1425414112,-1
11874,46132,1425414112,1
11874,45756,1425414112,1
11874,45920,1425414112,0
11874,43854,1425414112,1
11874,45156,1425414112,1
11874,47490,1425414112,1
11874,43867,1425414112,1
11874,39349,1425414112,0
11874,45216,1425414112,1
11874,42968,1425414112,1
11874,46952,1425414112,0
11874,37863,1425414112,0
11874,41628,1425414112,0
11874,46249,1425414112,-1
11874,45716,1425414112,0
11874,47614,1425414112,0
11874,45892,1425414112,0
11874,45166,1425414112,0
11874,45888,1425414112,0
11874,37793,1425414112,0
11874,45244,1425414112,0
11874,46171,1425414112,1
11874,43972,1425414112,1
11874,45947,1425414112,1
11874,43008,1425414112,0
11874,39578,1425414112,0
11874,43009,1425414112,1
11874,52369,1425414112,1
11874,45167,1425414112,0
11874,44469,1425414112,0
11874,47612,1425414112,0
11874,37746,1425414112,1
11874,46205,1425414112,1
11874,42934,1425414112,1
11874,43777,1425414112,0
11874,37815,1425414112,0
11874,47606,1425414112,0
11874,46189,1425414112,0
11874,47695,1425414112,-1
11874,45949,1425414112,-1
11874,44070,1425414112,-1
11874,46211,1425414112,1
11874,46086,1425414112,0
11874,45940,1425414112,-1
11874,45929,1425414112,0
11874,44219,1425414112,-1
11874,45700,1425414112,0
11875,46960,1425365148,0
11875,46205,1424781054,1
11875,45921,1425365148,0
11875,44464,1425367509,0
11875,43854,1424781054,1
11875,46132,1425367509,1
11875,39586,1425365148,-1
11875,44067,1425367509,0
11875,45764,1425365148,-1
11875,57114,1425367509,0
11875,52556,1425367509,0
11875,45156,1425367509,1
11875,46289,1425365148,-1
11875,43777,1425367509,0
11875,46044,1425365148,-1
11875,39922,1425365148,0
11875,46233,1425367509,1
11875,52263,1425365148,1
11875,46245,1425367509,1
11875,45956,1425367509,0
11875,46156,1425365148,1
11875,45729,1425367509,0
11875,46936,1424781054,1
11875,46171,1425367509,1
11875,43852,1424781054,1
11875,39347,1425365148,1
11875,40763,1425365148,0
11875,41615,1424781054,1
11875,44480,1425367509,0
11875,52355,1425367509,0
11875,43940,1425365148,0
11875,40302,1425365148,0
11875,42934,1425367509,1
11875,44464,1424781054,0
11875,45081,1425365148,-1
11875,52355,1424781054,0
11875,45920,1424781054,0
11875,42868,1425367509,0
11875,43777,1425365148,0
11875,47473,1425365148,0
11875,39579,1425367509,0
11875,37742,1424781054,0
11875,46960,1425367509,0
11875,41137,1425365148,-1
11875,44466,1425367509,1
11875,45947,1425365148,-1
11875,46243,1425365148,-1
11875,44066,1424781054,1
11875,41822,1424781054,0
11875,46979,1424781054,0
11875,41822,1425367509,0
11875,43940,1424781054,0
11875,45307,1425367509,-1
11875,41835,1424781054,1
11875,41026,1425367509,0
11875,47602,1424781054,0
11875,52238,1424781054,1
11875,46132,1425365148,-1
11875,44242,1425367509,0
11875,45744,1424781054,0
11878,39748,1421401514,0
11878,43424,1421401514,0
11878,46145,1421401514,0
11878,45892,1421401514,-1
11878,41149,1421401514,0
11878,46196,1421401514,0
11878,45949,1421401514,-1
11878,41608,1421401514,0
11878,46097,1421401514,0
11878,47605,1421401514,1
11878,46055,1421401514,1
11878,44279,1421401514,0
11878,46207,1421401514,-1
11878,46304,1421401514,1
11878,37747,1421401514,1
11878,46005,1421401514,1
11878,41630,1421401514,0
11878,39797,1421401514,1
11878,52259,1421401514,0
11878,46204,1421401514,1
11878,46044,1421401514,-1
11878,44553,1421401514,0
11878,39788,1421401514,1
11878,39556,1421401514,-1
11878,43946,1421401514,0
11878,43834,1421401514,0
11878,52491,1421401514,-1
11878,41794,1421401514,0
11878,41865,1421401514,1
11878,47609,1421401514,1
11878,45950,1421401514,1
11878,47683,1421401514,1
11878,46983,1421401514,0
11878,39347,1421401514,-1
11878,41333,1421401514,1
11878,41366,1421401514,0
11878,41304,1421401514,1
11878,44238,1421401514,0
11878,41668,1421401514,1
11878,46256,1421401514,0
11878,40107,1421401514,0
11878,47508,1421401514,0
11878,46019,1421401514,0
11878,46211,1421401514,1
11878,45245,1421401514,0
11878,47606,1421401514,1
11878,46066,1421401514,-1
11878,43410,1421401514,1
11878,47607,1421401514,1
11878,42966,1421401514,1
11878,45941,1421401514,0
11878,45974,1421401514,0
11878,52556,1421401514,0
11878,37749,1421401514,-1
11878,42865,1421401514,1
11878,46288,1421401514,-1
11878,46723,1421401514,0
11878,45900,1421401514,0
11878,52261,1421401514,1
11878,47602,1421401514,1
11879,44219,1425150706,-1
11879,44219,1425294440,-1
11880,44219,1425212451,1
11880,52239,1425212451,1
11880,52239,1425294399,1
11881,40819,1425062292,1
11881,40819,1425063987,0
11881,40152,1425294336,-1
11881,40819,1425294336,1
11883,52238,1425127357,-1
11883,41529,1425127357,1
11883,46171,1425127357,-1
11883,46276,1425127489,-1
11883,44567,1425127489,1
11883,39557,1425127489,-1
11883,46979,1425127489,0
11883,46243,1425127357,-1
11883,44483,1425127357,-1
11883,41137,1425127489,1
11883,41835,1425127489,1
11883,44567,1425127357,-1
11883,41026,1425127357,0
11883,45700,1425127489,0
11883,39579,1425127489,0
11883,37742,1425127357,0
11883,45156,1425127489,1
11883,46153,1425127489,-1
11883,45893,1425127357,0
11883,42934,1425127489,1
11883,46207,1425127489,1
11883,46952,1425127357,0
11883,43777,1425127489,0
11883,41768,1425127489,1
11883,37746,1425127489,1
11883,47180,1425127489,0
11883,43972,1425127489,1
11883,37815,1425127357,0
11883,47473,1425127489,0
11883,43777,1425127357,0
11883,43424,1425127357,0
11883,45081,1425127357,-1
11883,45167,1425127489,0
11883,41715,1425127489,-1
11883,39349,1425127357,0
11883,43851,1425127357,0
11883,46952,1425127489,0
11883,45744,1425127489,0
11883,45716,1425127489,0
11883,47683,1425127489,1
11883,39497,1425127489,-1
11883,46988,1425127489,-1
11883,45744,1425127357,0
11883,46184,1425127489,0
11883,46943,1425127489,-1
11883,45920,1425127357,0
11883,41285,1425127489,1
11883,43335,1425127357,1
11883,46196,1425127357,0
11883,46247,1425127489,1
11883,46027,1425127357,-1
11883,45921,1425127489,0
11883,45729,1425127489,0
11883,43972,1425127357,-1
11883,47612,1425127489,0
11883,38029,1425127489,0
11883,46901,1425127357,-1
11883,45081,1425127489,1
11883,47606,1425127489,0
11883,56746,1425127357,0
11886,41076,1425041410,0
11886,37746,1425041686,1
11886,46086,1425041410,0
11886,39497,1425041686,-1
11886,45976,1425041410,0
11886,42833,1425041410,0
11886,46960,1425041410,0
11886,41026,1425041410,0
11886,46017,1425041410,1
11886,46208,1425041686,0
11886,39925,1425041410,0
11886,43335,1425041686,-1
11886,47602,1425041410,1
11886,44242,1425041686,0
11886,46211,1425041686,1
11886,45950,1425041410,1
11886,41865,1425041410,1
11886,42868,1425041686,0
11886,42770,1425041686,1
11886,44553,1425041410,-1
11886,43851,1425041686,0
11886,45216,1425041686,1
11886,47350,1425041410,-1
11886,52352,1425041410,1
11886,41794,1425041410,0
11886,41333,1425041410,1
11886,43842,1425041686,1
11886,46294,1425041686,1
11886,46072,1425041410,1
11886,47691,1425041410,-1
11886,46723,1425041686,0
11886,45893,1425041686,0
11886,42835,1425041410,0
11886,46044,1425041410,-1
11886,47473,1425041686,0
11886,46936,1425041686,1
11886,46289,1425041410,-1
11886,40787,1425041686,-1
11886,42835,1425041686,0
11886,47342,1425041410,-1
11886,39579,1425041686,0
11886,43328,1425041410,0
11886,47607,1425041686,0
11886,43335,1425041410,1
11886,46145,1425041410,0
11886,43948,1425041410,0
11886,44469,1425041686,0
11886,39748,1425041686,0
11886,46247,1425041686,1
11886,44279,1425041410,0
11886,39609,1425041686,-1
11886,46077,1425041410,0
11886,42947,1425041410,1
11886,39556,1425041686,-1
11886,40787,1425041410,1
11886,44066,1425041686,1
11886,39598,1425041686,0
11886,56977,1425041410,-1
11886,47605,1425041686,0
11886,47609,1425041686,0
11888,37749,1424952741,1
11888,46120,1424952741,1
11888,44067,1424952741,0
11888,43839,1425032545,0
11888,39922,1424953021,0
11888,44567,1424952741,-1
11888,46971,1425032709,1
11888,45943,1424953021,1
11888,40320,1424953021,-1
11888,41628,1424953021,0
11888,39497,1424953021,-1
11888,45920,1424952741,0
11888,46189,1424953021,0
11888,45744,1424953021,0
11888,46196,1424952741,0
11888,41831,1424952741,0
11888,37742,1424953021,0
11888,46979,1424953021,0
11888,39226,1424953021,-1
11888,45081,1424952741,-1
11888,46245,1424953021,1
11888,39557,1424952741,1
11888,41357,1424952741,-1
11888,45156,1424953021,1
11888,46971,1424953021,0
11888,44071,1424952741,0
11888,39788,1424953021,1
11888,39580,1424952741,0
11888,38029,1424953021,0
11888,41768,1424953021,1
11888,43335,1424953021,-1
11888,41529,1424952741,1
11888,47180,1424952741,0
11888,45943,1424952741,-1
11888,47004,1424952741,0
11888,46052,1424953021,0
11888,46247,1424953021,1
11888,45934,1424952741,0
11888,47606,1424953021,0
11888,41835,1424953021,1
11888,44066,1424952741,-1
11888,39817,1424953021,0
11888,45244,1424953021,0
11888,44564,1424953021,0
11888,52368,1424953021,1
11888,39577,1424952741,0
11888,47601,1424952741,0
11888,46211,1424953021,1
11888,39586,1424952741,-1
11888,42833,1424953021,0
11888,39748,1424952741,0
11888,46212,1424952741,-1
11888,47693,1424952741,0
11888,46211,1424952741,-1
11888,44551,1424953021,0
11888,43335,1424952741,1
11888,52368,1424952741,-1
11888,45974,1424952741,0
11888,45536,1424953021,1
11888,44553,1424952741,-1
11890,41628,1425032409,0
11890,47473,1425032409,0
11890,43335,1425032638,-1
11890,38029,1425032638,0
11890,44070,1425032638,-1
11890,45167,1425032409,0
11890,46072,1425032638,1
11890,37747,1425032409,-1
11890,45973,1425032409,-1
11890,39618,1425032638,1
11890,43854,1425032638,1
11890,46156,1425032409,1
11890,47612,1425032409,0
11890,39817,1425032638,0
11890,46171,1425032638,1
11890,44464,1425032409,0
11890,39597,1425032638,1
11890,46901,1425032638,1
11890,43335,1425032409,1
11890,45956,1425032409,0
11890,47609,1425032638,0
11890,42835,1425032409,0
11890,45950,1425032638,0
11890,47490,1425032638,1
11890,42868,1425032409,0
11890,45156,1425032409,-1
11890,39349,1425032638,0
11890,46976,1425032638,0
11890,41285,1425032638,1
11890,37793,1425032638,0
11890,52263,1425032409,1
11890,40302,1425032638,0
11890,46723,1425032638,0
11890,42770,1425032409,-1
11890,45940,1425032409,1
11890,47607,1425032638,0
11890,45744,1425032409,0
11890,45700,1425032409,0
11890,44565,1425032638,1
11890,39580,1425032409,0
11890,47614,1425032409,0
11890,41768,1425032638,1
11890,44066,1425032409,-1
11890,47605,1425032409,0
11890,46952,1425032638,0
11890,45536,1425032638,1
11890,41628,1425032638,0
11890,46017,1425032638,1
11890,42770,1425032638,1
11890,44070,1425032409,1
11890,46936,1425032409,-1
11890,46245,1425032638,1
11890,44067,1425032409,0
11890,39302,1425032638,-1
11890,37746,1425032638,1
11890,46971,1425032638,-1
11890,52369,1425032638,1
11890,45716,1425032409,0
11890,45216,1425032409,-1
11890,45081,1425032638,1
11892,45934,1424954472,0
11892,46184,1424954472,0
11892,39347,1424954472,-1
11892,46207,1424954472,1
11892,57114,1424954423,0
11892,45217,1424954423,0
11892,46120,1424954423,1
11892,45756,1424954423,-1
11892,46976,1424954472,0
11892,46205,1424954423,-1
11892,46960,1424954472,0
11892,52261,1424954423,-1
11892,44300,1424954423,0
11892,46271,1424954423,-1
11892,45974,1424954472,0
11892,44242,1424954423,0
11892,46943,1424954472,-1
11892,42835,1424954472,0
11892,46296,1424954472,-1
11892,45244,1424954423,0
11892,41615,1424954423,-1
11892,44551,1424954423,0
11892,44483,1424954423,-1
11892,46276,1424954472,-1
11892,46207,1424954423,-1
11892,52369,1424954472,1
11892,39586,1424954423,-1
11892,57114,1424954472,0
11892,41834,1424954472,0
11892,47490,1424954472,1
11892,44070,1424954423,1
11892,46153,1424954472,-1
11892,45888,1424954472,0
11892,46289,1424954472,1
11892,42934,1424954472,1
11892,39922,1424954472,0
11892,41529,1424954472,-1
11892,46060,1424954423,0
11892,47473,1424954472,0
11892,56815,1424954423,1
11892,45892,1424954472,0
11892,43777,1424954472,0
11892,45943,1424954472,1
11892,46171,1424954472,1
11892,45973,1424954472,1
11892,39580,1424954423,0
11892,37749,1424954472,-1
11892,45167,1424954423,0
11892,52340,1424954423,1
11892,41768,1424954423,-1
11892,37793,1424954423,0
11892,47602,1424954472,0
11892,46212,1424954472,1
11892,46156,1424954423,1
11892,47695,1424954423,1
11892,45947,1424954423,-1
11892,47612,1424954423,0
11892,47609,1424954472,0
11892,46132,1424954423,-1
11892,45307,1424954423,1
11894,43839,1424862972,0
11894,52340,1424862972,1
11894,52368,1424863060,1
11894,39586,1424862972,-1
11894,40320,1424863060,-1
11894,47612,1424862972,0
11894,45921,1424863060,0
11894,47606,1424863060,0
11894,56746,1424862972,0
11894,44067,1424863060,0
11894,45934,1424863060,0
11894,47004,1424862972,0
11894,44281,1424863060,0
11894,41715,1424863060,-1
11894,47612,1424863060,0
11894,39788,1424862972,-1
11894,41264,1424862972,-1
11894,37749,1424863060,-1
11894,46204,1424862972,-1
11894,44466,1424862972,-1
11894,41026,1424863060,0
11894,45729,1424862972,0
11894,41137,1424863060,1
11894,52369,1424862972,-1
11894,46247,1424862972,-1
11894,43839,1424863060,0
11894,45943,1424863060,1
11894,40302,1424862972,0
11894,42868,1424863060,0
11894,42787,1424863060,1
11894,39922,1424862972,0
11894,41285,1424862972,-1
11894,39618,1424862972,-1
11894,44464,1424863060,0
11894,39302,1424863060,-1
11894,41822,1424863060,0
11894,45947,1424863060,1
11894,47609,1424862972,0
11894,40763,1424863060,0
11894,46196,1424863060,0
11894,47607,1424863060,0
11894,37742,1424863060,0
11894,46294,1424862972,-1
11894,44551,1424863060,0
11894,47693,1424863060,0
11894,42934,1424863060,1
11894,56746,1424863060,0
11894,43854,1424862972,-1
11894,46114,1424862972,-1
11894,46120,1424862972,1
11894,45156,1424863060,1
11894,39226,1424862972,1
11894,40320,1424862972,1
11894,45536,1424862972,-1
11894,47605,1424863060,0
11894,52355,1424862972,0
11894,46247,1424863060,1
11894,52238,1424863060,1
11894,47598,1424862972,1
11894,43424,1424862972,0
11896,46952,1424854271,0
11896,47603,1424854813,0
11896,39818,1424854271,0
11896,46189,1424854271,0
11896,44464,1424854813,0
11896,44242,1424854813,0
11896,45988,1424854271,-1
11896,46205,1424854813,1
11896,45921,1424854271,0
11896,41145,1424854271,-1
11896,43777,1424854271,0
11896,52263,1424854271,1
11896,43839,1424854271,0
11896,39925,1424854813,0
11896,46205,1424854271,-1
11896,43854,1424854813,1
11896,41357,1424854813,1
11896,47598,1424854813,-1
11896,44553,1424854813,1
11896,42833,1424854813,0
11896,46247,1424854271,-1
11896,45941,1424854813,0
11896,46171,1424854813,1
11896,47602,1424854271,0
11896,43867,1424854271,-1
11896,40763,1424854813,0
11896,46189,1424854813,0
11896,46044,1424854813,1
11896,45166,1424854271,0
11896,42833,1424854271,0
11896,45307,1424854271,1
11896,39578,1424854813,0
11896,41834,1424854271,0
11896,47473,1424854813,0
11896,45920,1424854271,0
11896,43424,1424854813,0
11896,46196,1424854813,0
11896,46120,1424854813,-1
11896,43867,1424854813,1
11896,44553,1424854271,-1
11896,46194,1424854271,0
11896,46171,1424854271,-1
11896,46936,1424854813,1
11896,41529,1424854271,1
11896,45764,1424854271,-1
11896,41715,1424854271,1
11896,45729,1424854271,0
11896,45930,1424854813,1
11896,45950,1424854271,0
11896,39748,1424854813,0
11896,46294,1424854271,-1
11896,46247,1424854813,1
11896,47606,1424854813,0
11896,44242,1424854271,0
11896,47606,1424854271,0
11896,42787,1424854271,-1
11896,39922,1424854271,0
11896,44281,1424854813,0
11896,43854,1424854271,-1
11896,46027,1424854271,-1
11902,44281,1424397633,0
11902,46943,1424397633,1
11902,40302,1424397633,0
11902,45756,1424397633,-1
11902,45888,1424397633,0
11902,46066,1424397633,-1
11902,39586,1424397633,-1
11902,44551,1424397633,0
11902,39597,1424397633,-1
11902,45974,1424397633,0
11902,46233,1424397633,-1
11902,43852,1424397633,-1
11902,46114,1424397633,-1
11902,45930,1424397633,-1
11902,42835,1424397633,0
11902,47598,1424397633,1
11902,45216,1424397633,-1
11902,45956,1424397633,0
11902,47473,1424397633,0
11902,45943,1424397633,-1
11902,39577,1424397633,0
11902,44464,1424397633,0
11902,46017,1424397633,-1
11902,46901,1424397633,-1
11902,46971,1424397633,0
11902,45921,1424397633,0
11902,46194,1424397633,0
11902,47508,1424397633,-1
11902,46276,1424397633,1
11902,41264,1424397633,-1
11902,46249,1424397633,1
11902,47614,1424397633,0
11902,45244,1424397633,0
11902,46208,1424397633,0
11902,42934,1424397633,-1
11902,46289,1424397633,-1
11902,46952,1424397633,0
11902,41285,1424397633,-1
11902,37742,1424397633,0
11902,44469,1424397633,0
11902,45758,1424397633,-1
11902,46091,1424397633,0
11902,47609,1424397633,0
11902,45988,1424397633,-1
11902,44567,1424397633,-1
11902,52243,1424397633,1
11902,39579,1424397633,0
11902,45947,1424397633,-1
11902,37749,1424397633,1
11902,45920,1424397633,0
11902,46184,1424397633,0
11902,39717,1424397633,-1
11902,43009,1424397633,-1
11902,39925,1424397633,0
11902,47612,1424397633,0
11902,42787,1424397633,-1
11902,39226,1424397633,1
11902,39595,1424397633,1
11902,46153,1424397633,1
11902,47490,1424397633,-1
11903,43335,1424340773,-1
11903,52340,1424340732,1
11903,45756,1424340732,-1
11903,45920,1424340773,0
11903,46153,1424340732,1
11903,39580,1424340732,0
11903,45920,1424340732,0
11903,46055,1424340732,-1
11903,44300,1424340732,0
11903,45167,1424340732,0
11903,45217,1424340732,0
11903,40763,1424340773,0
11903,41822,1424340732,0
11903,47490,1424340773,1
11903,40763,1424340732,0
11903,39748,1424340732,0
11903,46212,1424340773,1
11903,46189,1424340773,0
11903,47609,1424340773,0
11903,46132,1424340773,1
11903,39595,1424340773,-1
11903,45758,1424340773,1
11903,44565,1424340732,-1
11903,41264,1424340773,1
11903,39347,1424340732,1
11903,47693,1424340732,0
11903,41834,1424340773,0
11903,44242,1424340732,0
11903,52368,1424340732,-1
11903,39579,1424340773,0
11903,45892,1424340773,0
11903,45947,1424340732,-1
11903,46017,1424340773,1
11903,39788,1424340773,1
11903,42787,1424340773,1
11903,45956,1424340773,0
11903,45974,1424340773,0
11903,46027,1424340773,1
11903,45973,1424340773,1
11903,43972,1424340732,-1
11903,46114,1424340732,-1
11903,41822,1424340773,0
11903,45729,1424340773,0
11903,41821,1424340773,0
11903,46051,1424340732,-1
11903,46943,1424340773,-1
11903,42770,1424340732,-1
11903,46054,1424340773,1
11903,45729,1424340732,0
11903,47695,1424340732,1
11903,39717,1424340773,1
11903,45940,1424340773,-1
11903,46723,1424340732,0
11903,43424,1424340732,0
11903,46960,1424340773,0
11903,46247,1424340732,-1
11903,45758,1424340732,-1
11903,44553,1424340773,1
11903,39597,1424340732,-1
11903,39557,1424340732,1
11905,46066,1424340207,-1
11905,39579,1424340256,0
11905,37815,1424340256,0
11905,46156,1424340256,-1
11905,46052,1424340256,0
11905,46979,1424340256,0
11905,46296,1424340207,1
11905,43009,1424340207,-1
11905,52261,1424340256,1
11905,45166,1424340207,0
11905,52263,1424340207,1
11905,46054,1424340207,-1
11905,46044,1424340207,-1
11905,45081,1424340256,1
11905,37742,1424340256,0
11905,39788,1424340207,-1
11905,45969,1424340207,0
11905,45956,1424340207,0
11905,45536,1424340256,1
11905,41768,1424340207,-1
11905,39597,1424340256,1
11905,45920,1424340207,0
11905,46189,1424340207,0
11905,41357,1424340207,-1
11905,42770,1424340256,1
11905,45756,1424340207,-1
11905,39497,1424340207,1
11905,57114,1424340207,0
11905,45216,1424340207,-1
11905,41822,1424340256,0
11905,43842,1424340256,1
11905,44062,1424340256,0
11905,39302,1424340256,-1
11905,39595,1424340256,-1
11905,41768,1424340256,1
11905,47601,1424340207,0
11905,41145,1424340256,1
11905,38029,1424340207,0
11905,46723,1424340207,0
11905,37815,1424340207,0
11905,39817,1424340207,0
11905,45929,1424340207,0
11905,37748,1424340256,0
11905,40302,1424340207,0
11905,44070,1424340256,-1
11905,45974,1424340207,0
11905,46971,1424340256,0
11905,39556,1424340207,1
11905,39578,1424340256,0
11905,52263,1424340256,-1
11905,43854,1424340256,1
11905,45244,1424340207,0
11905,43940,1424340256,0
11905,41831,1424340207,0
11905,43851,1424340207,0
11905,45974,1424340256,0
11905,43424,1424340256,0
11905,39577,1424340256,0
11905,42868,1424340207,0
11905,47609,1424340256,0
11907,46979,1424337931,0
11907,41357,1424337931,-1
11907,46051,1424337931,-1
11907,39226,1424337931,1
11907,44071,1424337931,0
11907,39922,1424337931,0
11907,41145,1424337931,-1
11907,46055,1424337931,-1
11907,43852,1424337931,-1
11907,40763,1424337931,0
11907,46132,1424337931,-1
11907,46171,1424337931,-1
11907,37747,1424337931,-1
11907,46072,1424337931,-1
11907,37815,1424337931,0
11907,52261,1424337931,-1
11907,45929,1424337931,0
11907,47180,1424337931,0
11907,39595,1424337931,1
11907,52355,1424337931,0
11907,44070,1424337931,1
11907,52368,1424337931,-1
11907,46189,1424337931,0
11907,43836,1424337931,-1
11907,45888,1424337931,0
11907,37863,1424337931,0
11907,37793,1424337931,0
11907,39579,1424337931,0
11907,39717,1424337931,-1
11907,47683,1424337931,-1
11907,46208,1424337931,0
11907,39302,1424337931,1
11907,44565,1424337931,-1
11907,45943,1424337931,-1
11907,46233,1424337931,-1
11907,39618,1424337931,-1
11907,45893,1424337931,0
11907,45930,1424337931,-1
11907,47603,1424337931,0
11907,46054,1424337931,-1
11907,52540,1424337931,-1
11907,45244,1424337931,0
11907,46247,1424337931,-1
11907,52243,1424337931,1
11907,39817,1424337931,0
11907,43839,1424337931,0
11907,47601,1424337931,0
11907,45156,1424337931,-1
11907,41768,1424337931,-1
11907,45245,1424337931,0
11907,41615,1424337931,-1
11907,46044,1424337931,-1
11907,46207,1424337931,-1
11907,41137,1424337931,-1
11907,45969,1424337931,0
11907,56746,1424337931,0
11907,45988,1424337931,-1
11907,45941,1424337931,0
11907,47605,1424337931,0
11907,43328,1424337931,0
11908,46243,1424212033,-1
11908,41357,1424292953,1
11908,39497,1424212033,1
11908,44071,1424212033,0
11908,39598,1424212033,0
11908,42934,1424225408,-1
11908,44564,1424292866,0
11908,39586,1424225408,-1
11908,39597,1424225408,-1
11908,43940,1424225408,0
11908,47490,1424225381,1
11908,44067,1424292866,0
11908,42868,1424212033,0
11908,45216,1424225381,1
11908,46054,1424225408,-1
11908,57114,1424225408,0
11908,39788,1424225381,1
11908,46233,1424225408,-1
11908,39586,1424225381,1
11908,45921,1424225408,0
11908,47180,1424225381,0
11908,45536,1424292866,-1
11908,52540,1424292953,1
11908,39226,1424292953,-1
11908,46212,1424292866,-1
11908,45758,1424292866,-1
11908,39226,1424225381,-1
11908,47695,1424292866,1
11908,46247,1424225381,1
11908,46153,1424292866,1
11908,52340,1424212033,1
11908,37749,1424292866,1
11908,44469,1424212033,0
11908,46723,1424292866,0
11908,44066,1424225381,1
11908,46055,1424292866,-1
11908,43852,1424225381,1
11908,37747,1424292866,-1
11908,44483,1424212033,-1
11908,46086,1424292953,0
11908,39556,1424225381,-1
11908,47607,1424292953,0
11908,44242,1424292866,0
11908,43940,1424292953,0
11908,43940,1424212033,0
11908,47606,1424292953,0
11908,46156,1424292866,1
11908,46976,1424212033,0
11908,47605,1424225381,0
11908,47508,1424292953,1
11908,47473,1424212033,0
11908,47605,1424292866,0
11908,45744,1424225408,0
11908,43940,1424292866,0
11908,44070,1424225408,1
11908,47490,1424292953,1
11908,47598,1424212033,1
11908,46207,1424212033,-1
11908,45716,1424225381,0
11908,45893,1424212033,0
11910,39347,1424268015,-1
11910,37747,1424268015,1
11910,39497,1424268015,-1
11910,47490,1424268015,1
11910,46072,1424268015,1
11910,39925,1424268015,0
11910,47695,1424268015,-1
11910,46976,1424268015,0
11910,44071,1424268015,0
11910,38029,1424268015,0
11910,42835,1424268015,0
11910,46156,1424268015,-1
11910,46943,1424268015,-1
11910,39349,1424268015,0
11910,47603,1424268015,0
11910,46952,1424268015,0
11910,46017,1424268015,1
11910,39609,1424268015,-1
11910,46027,1424268015,1
11910,41715,1424268015,-1
11910,39578,1424268015,0
11910,46207,1424268015,1
11910,46086,1424268015,0
11910,46184,1424268015,0
11910,39576,1424268015,0
11910,44483,1424268015,1
11910,46247,1424268015,1
11910,39557,1424268015,-1
11910,46979,1424268015,0
11910,42770,1424268015,1
11910,45988,1424268015,1
11910,39586,1424268015,1
11910,45949,1424268015,-1
11910,45969,1424268015,0
11910,46205,1424268015,1
11910,45729,1424268015,0
11910,44567,1424268015,1
11910,46091,1424268015,0
11910,46249,1424268015,-1
11910,42868,1424268015,0
11910,43424,1424268015,0
11910,47614,1424268015,0
11910,45940,1424268015,-1
11910,45081,1424268015,1
11910,47606,1424268015,0
11910,46051,1424268015,1
11910,40302,1424268015,0
11910,47609,1424268015,0
11910,47598,1424268015,-1
11910,45156,1424268015,1
11910,39598,1424268015,0
11910,41834,1424268015,0
11910,45920,1424268015,0
11910,43335,1424268015,-1
11910,42833,1424268015,0
11910,41145,1424268015,1
11910,43328,1424268015,0
11910,45950,1424268015,0
11910,45921,1424268015,0
11910,46936,1424268015,1
11912,45930,1424238790,-1
11912,45081,1424238790,-1
11912,42770,1424238790,-1
11912,52263,1424238790,1
11912,46943,1424238790,1
11912,45756,1424238790,-1
11912,44242,1424238790,0
11912,46066,1424238790,-1
11912,46072,1424238790,-1
11912,46091,1424238790,0
11912,45947,1424238790,-1
11912,52340,1424238790,1
11912,46196,1424238790,0
11912,47603,1424238790,0
11912,45892,1424238790,0
11912,45245,1424238790,0
11912,46247,1424238790,-1
11912,43328,1424238790,0
11912,45729,1424238790,0
11912,45156,1424238790,-1
11912,41834,1424238790,0
11912,39556,1424238790,1
11912,39576,1424238790,0
11912,39302,1424238790,1
11912,52540,1424238790,-1
11912,45943,1424238790,-1
11912,40302,1424238790,0
11912,39818,1424238790,0
11912,46207,1424238790,-1
11912,46054,1424238790,-1
11912,47606,1424238790,0
11912,44567,1424238790,-1
11912,45888,1424238790,0
11912,46289,1424238790,-1
11912,46171,1424238790,-1
11912,41137,1424238790,-1
11912,45166,1424238790,0
11912,46120,1424238790,1
11912,52355,1424238790,0
11912,44281,1424238790,0
11912,41628,1424238790,0
11912,42934,1424238790,-1
11912,41831,1424238790,0
11912,42833,1424238790,0
11912,43852,1424238790,-1
11912,41529,1424238790,1
11912,39925,1424238790,0
11912,45716,1424238790,0
11912,46276,1424238790,1
11912,44565,1424238790,-1
11912,37793,1424238790,0
11912,46249,1424238790,1
11912,41615,1424238790,-1
11912,45940,1424238790,1
11912,43335,1424238790,1
11912,39226,1424238790,1
11912,46205,1424238790,-1
11912,39349,1424238790,0
11912,41357,1424238790,-1
11912,46976,1424238790,0
11916,46146,1424177293,0
11916,46296,1424177293,-1
11916,45888,1424177293,1
11916,44281,1424177293,0
11916,39799,1424177293,-1
11916,43832,1424177293,0
11916,46171,1424177293,1
11916,46148,1424177293,1
11916,45759,1424177293,1
11916,52340,1424177293,-1
11916,46077,1424177293,0
11916,47602,1424177293,1
11916,41821,1424177293,0
11916,56967,1424177293,-1
11916,47609,1424177293,1
11916,43009,1424177293,-1
11916,45733,1424177293,0
11916,46097,1424177293,0
11916,45943,1424177293,1
11916,45941,1424177293,0
11916,47203,1424177293,1
11916,47607,1424177293,1
11916,52540,1424177293,1
11916,43037,1424177293,0
11916,46191,1424177293,1
11916,39586,1424177293,1
11916,44748,1424177293,-1
11916,46204,1424177293,1
11916,41357,1424177293,1
11916,47490,1424177293,0
11916,44567,1424177293,1
11916,47342,1424177293,-1
11916,37749,1424177293,-1
11916,46247,1424177293,1
11916,52271,1424177293,1
11916,44310,1424177293,0
11916,46245,1424177293,1
11916,46054,1424177293,1
11916,57263,1424177293,0
11916,45758,1424177293,1
11916,41333,1424177293,1
11916,44238,1424177293,0
11916,46304,1424177293,1
11916,47605,1424177293,1
11916,37832,1424177293,0
11916,42939,1424177293,-1
11916,37863,1424177293,0
11916,40763,1424177293,0
11916,46060,1424177293,1
11916,39595,1424177293,-1
11916,52346,1424177293,0
11916,43424,1424177293,0
11916,41432,1424177293,1
11916,47473,1424177293,0
11916,45216,1424177293,1
11916,45081,1424177293,1
11916,43008,1424177293,0
11916,47881,1424177293,0
11916,41624,1424177293,0
11916,41615,1424177293,1
11918,41834,1424079158,0
11918,41831,1424079158,0
11918,41835,1424079158,1
11918,41821,1424079158,0
11918,41822,1424079158,0
11918,37747,1424079158,1
11918,39618,1424079158,1
11918,45244,1424079158,0
11918,45166,1424079158,0
11918,45167,1424079158,0
11918,45156,1424079158,1
11918,45081,1424079158,1
11918,45973,1424079158,1
11918,45216,1424079158,1
11918,45217,1424079158,0
11918,46044,1424079158,1
11918,46189,1424079158,0
11918,46148,1424079158,1
11918,46066,1424079158,1
11918,46960,1424079158,0
11918,46936,1424079158,0
11918,47004,1424079158,0
11918,47490,1424079158,1
11918,46976,1424079158,0
11918,46979,1424079158,0
11918,57263,1424079158,0
11918,46017,1424083342,1
11918,39817,1424083342,0
11921,41529,1424066741,1
11921,44464,1424066741,0
11921,45988,1424066741,-1
11921,41678,1424066741,0
11921,42934,1424066741,-1
11921,46132,1424066741,-1
11921,46171,1424066741,-1
11921,45930,1424066741,-1
11921,42868,1424066741,0
11921,46208,1424066741,0
11921,42833,1424066741,0
11921,46971,1424066741,0
11921,46296,1424066741,1
11921,52369,1424066741,-1
11921,39578,1424066741,0
11921,46212,1424066741,-1
11921,45941,1424066741,0
11921,41285,1424066741,-1
11921,41628,1424066741,0
11921,45934,1424066741,0
11921,46207,1424066741,-1
11921,47601,1424066741,0
11921,37742,1424066741,0
11921,41357,1424066741,-1
11921,39609,1424066741,1
11921,39595,1424066741,1
11921,46233,1424066741,-1
11921,43972,1424066741,-1
11921,45950,1424066741,0
11921,40302,1424066741,0
11921,44066,1424066741,-1
11921,39347,1424066741,1
11921,45888,1424066741,0
11921,40787,1424066741,1
11921,45973,1424066741,-1
11921,52355,1424066741,0
11921,43854,1424066741,-1
11921,44480,1424066741,0
11921,47612,1424066741,0
11921,37748,1424066741,0
11921,45536,1424066741,-1
11921,57114,1424066741,0
11921,41137,1424066741,-1
11921,46017,1424066741,-1
11921,45892,1424066741,0
11921,37815,1424066741,0
11921,42787,1424066741,-1
11921,47614,1424066741,0
11921,47603,1424066741,0
11921,43424,1424066741,0
11921,46245,1424066741,-1
11921,46936,1424066741,-1
11921,39349,1424066741,0
11921,46184,1424066741,0
11921,46072,1424066741,-1
11921,52556,1424066741,0
11921,39818,1424066741,0
11921,41264,1424066741,-1
11921,46194,1424066741,0
11921,46960,1424066741,0
11925,46276,1423442746,1
11925,46091,1423442886,0
11925,52368,1423442886,1
11925,47598,1423442746,1
11925,43777,1423442746,0
11925,46156,1423442886,-1
11925,52261,1423442886,1
11925,46245,1423442886,1
11925,47606,1423442886,0
11925,39347,1423442886,-1
11925,46156,1423442746,1
11925,39586,1423442746,-1
11925,44067,1423442886,0
11925,41264,1423442746,-1
11925,46153,1423442886,-1
11925,39576,1423442886,0
11925,37863,1423442746,0
11925,40763,1423442886,0
11925,39226,1423442886,-1
11925,45716,1423442886,0
11925,43854,1423442746,-1
11925,43852,1423442886,1
11925,43851,1423442746,0
11925,45888,1423442746,0
11925,47614,1423442746,0
11925,39597,1423442886,1
11925,45934,1423442746,0
11925,41529,1423442746,1
11925,42835,1423442886,0
11925,46936,1423442746,-1
11925,46960,1423442746,0
11925,47693,1423442886,0
11925,41357,1423442886,1
11925,45934,1423442886,0
11925,44300,1423442746,0
11925,39618,1423442886,1
11925,41768,1423442886,1
11925,47473,1423442746,0
11925,52261,1423442746,-1
11925,41357,1423442746,-1
11925,41678,1423442886,0
11925,38029,1423442746,0
11925,46211,1423442886,1
11925,37748,1423442746,0
11925,39578,1423442746,0
11925,45950,1423442886,0
11925,39497,1423442746,1
11925,52243,1423442746,1
11925,46184,1423442886,0
11925,46207,1423442886,1
11925,44466,1423442746,-1
11925,46194,1423442746,0
11925,46017,1423442886,1
11925,43836,1423442886,1
11925,52540,1423442746,-1
11925,46196,1423442746,0
11925,45764,1423442746,-1
11925,46960,1423442886,0
11925,52263,1423442886,-1
11925,46943,1423442746,1
11928,45536,1423224792,-1
11928,45969,1423224792,0
11928,44567,1423224792,-1
11928,46027,1423224792,-1
11928,46091,1423224792,0
11928,37748,1423224792,0
11928,42835,1423224792,0
11928,44565,1423224792,-1
11928,41026,1423224792,0
11928,46055,1423224792,-1
11928,41529,1423224792,1
11928,46205,1423224792,-1
11928,41615,1423224792,-1
11928,47603,1423224792,0
11928,44564,1423224792,0
11928,46156,1423224792,1
11928,41678,1423224792,0
11928,45716,1423224792,0
11928,39226,1423224792,1
11928,45930,1423224792,-1
11928,40787,1423224792,1
11928,47606,1423224792,0
11928,52369,1423224792,-1
11928,39577,1423224792,0
11928,43851,1423224792,0
11928,46017,1423224792,-1
11928,46212,1423224792,-1
11928,46971,1423224792,0
11928,39557,1423224792,1
11928,43328,1423224792,0
11928,45949,1423224792,1
11928,52556,1423224792,0
11928,43852,1423224792,-1
11928,39818,1423224792,0
11928,46943,1423224792,1
11928,46296,1423224792,1
11928,45950,1423224792,0
11928,39922,1423224792,0
11928,44066,1423224792,-1
11928,46936,1423224792,-1
11928,45929,1423224792,0
11928,44067,1423224792,0
11928,44466,1423224792,-1
11928,45956,1423224792,0
11928,44551,1423224792,0
11928,37863,1423224792,0
11928,41145,1423224792,-1
11928,46153,1423224792,1
11928,46072,1423224792,-1
11928,46184,1423224792,0
11928,44062,1423224792,0
11928,46086,1423224792,0
11928,46207,1423224792,-1
11928,39580,1423224792,0
11928,43854,1423224792,-1
11928,37747,1423224792,-1
11928,45941,1423224792,0
11928,47612,1423224792,0
11928,42934,1423224792,-1
11928,47473,1423224792,0
11929,46153,1411507062,1
11929,37746,1411507062,0
11929,47019,1413292093,-1
11929,46769,1413292093,1
11929,46771,1413292093,1
11929,46153,1423221259,1
11929,37746,1423221259,0
11931,46289,1415015421,1
11931,46289,1423220555,1
11932,43586,1415602888,-1
11932,39750,1415602888,0
11932,45756,1415602888,1
11932,41264,1423220046,0
11932,37747,1423220046,1
11932,37742,1415602888,0
11932,46988,1415602888,-1
11932,52355,1415602888,0
11932,46976,1415602888,1
11932,46132,1415602888,1
11932,45969,1415602888,0
11932,44469,1415602888,0
11932,42934,1415602888,0
11932,44242,1415602888,0
11932,43335,1415602888,-1
11932,42833,1415602888,0
11932,46086,1415602888,1
11932,39818,1415602888,0
11932,47519,1415602888,0
11932,43126,1415602888,-1
11932,44476,1415602888,0
11932,43009,1415602888,0
11932,37748,1415602888,0
11932,44464,1415602888,0
11932,43981,1415602888,-1
11932,44300,1415602888,0
11932,39578,1415602888,0
11932,38029,1415602888,0
11932,46276,1415602888,-1
11932,46289,1415602888,-1
11932,46766,1415602888,-1
11932,37746,1415602888,1
11932,45536,1415602888,1
11932,46304,1415602888,1
11932,45729,1415602888,0
11932,45744,1415602888,0
11932,41264,1415602888,1
11932,56815,1415602888,-1
11932,39299,1415602888,0
11932,47490,1415602888,0
11932,45388,1415602888,0
11932,43972,1415602888,-1
11932,38073,1415602888,0
11932,46054,1415602888,0
11932,45700,1415602888,0
11932,42868,1415602888,0
11932,46936,1415602888,1
11932,45764,1415602888,1
11932,40302,1415602888,0
11932,43867,1415602888,1
11932,44067,1415602888,0
11932,47520,1415602888,0
11932,43839,1415602888,0
11932,46262,1415602888,1
11932,37815,1415602888,0
11932,41715,1415602888,-1
11932,37747,1415602888,1
11932,46091,1415602888,0
11932,46194,1415602888,1
11932,44567,1415602888,0
11934,46936,1423216873,1
11934,44242,1423216873,0
11934,43852,1423216873,1
11934,41285,1423216873,1
11934,44480,1423216873,0
11934,44070,1423216873,-1
11934,39579,1423216873,0
11934,44551,1423216873,0
11934,39347,1423216873,-1
11934,39302,1423216873,-1
11934,45949,1423216873,1
11934,43836,1423216873,1
11934,41628,1423216873,0
11934,39556,1423216873,-1
11934,43777,1423216873,0
11934,37749,1423216873,-1
11934,43009,1423216873,1
11934,42787,1423216873,1
11934,47614,1423216873,0
11934,46294,1423216873,1
11934,45716,1423216873,0
11934,39917,1423216873,-1
11934,39597,1423216873,1
11934,44062,1423216873,0
11934,43335,1423216873,-1
11934,46051,1423216873,1
11934,52238,1423216873,1
11934,45941,1423216873,0
11934,46207,1423216873,1
11934,46271,1423216873,1
11934,52556,1423216873,0
11934,57114,1423216873,0
11934,44469,1423216873,0
11934,39925,1423216873,0
11934,38029,1423216873,0
11934,44466,1423216873,1
11934,45756,1423216873,1
11934,37793,1423216873,0
11934,45969,1423216873,0
11934,52368,1423216873,1
11934,45988,1423216873,1
11934,46971,1423216873,0
11934,44071,1423216873,0
11934,45888,1423216873,0
11934,45920,1423216873,0
11934,41134,1423216873,0
11934,45929,1423216873,0
11934,46114,1423216873,1
11934,42934,1423216873,1
11934,46120,1423216873,-1
11934,46027,1423216873,1
11934,44281,1423216873,0
11934,47612,1423216873,0
11934,46052,1423216873,0
11934,45921,1423216873,0
11934,43851,1423216873,0
11934,39922,1423216873,0
11934,46153,1423216873,-1
11934,46055,1423216873,1
11934,39577,1423216873,0
11936,46072,1423214106,-1
11936,43009,1423214106,-1
11936,43867,1423214106,-1
11936,39925,1423214106,0
11936,44469,1423214106,0
11936,46723,1423214106,0
11936,41285,1423214106,-1
11936,46247,1423214106,-1
11936,46988,1423214106,1
11936,43852,1423214106,-1
11936,52369,1423214106,-1
11936,46901,1423214106,-1
11936,46971,1423214106,0
11936,45888,1423214106,0
11936,45929,1423214106,0
11936,46936,1423214106,-1
11936,46120,1423214106,1
11936,40787,1423214106,1
11936,39226,1423214106,1
11936,39349,1423214106,0
11936,46249,1423214106,1
11936,47601,1423214106,0
11936,46204,1423214106,-1
11936,45764,1423214106,-1
11936,47693,1423214106,0
11936,45941,1423214106,0
11936,42934,1423214106,-1
11936,45920,1423214106,0
11936,37747,1423214106,-1
11936,44565,1423214106,-1
11936,52540,1423214106,-1
11936,39302,1423214106,1
11936,42787,1423214106,-1
11936,39818,1423214106,0
11936,46207,1423214106,-1
11936,45949,1423214106,-1
11936,47473,1423214106,0
11936,45729,1423214106,0
11936,39485,1423214106,0
11936,39597,1423214106,-1
11936,45536,1423214106,-1
11936,41026,1423214106,0
11936,41134,1423214106,0
11936,47598,1423214106,1
11936,40302,1423214106,0
11936,44466,1423214106,-1
11936,46289,1423214106,-1
11936,46184,1423214106,0
11936,52263,1423214106,1
11936,44281,1423214106,0
11936,42835,1423214106,0
11936,44564,1423214106,0
11936,39586,1423214106,-1
11936,39748,1423214106,0
11936,43854,1423214106,-1
11936,46271,1423214106,-1
11936,47180,1423214106,0
11936,57114,1423214106,0
11936,41529,1423214106,1
11936,46196,1423214106,0
11938,52368,1421414119,-1
11938,39557,1423142312,-1
11938,56815,1423142312,-1
11938,39717,1423142312,1
11938,39818,1421414119,0
11938,39578,1423142312,0
11938,39502,1421414119,0
11938,41432,1421414163,1
11938,46289,1421414119,-1
11938,46983,1421414163,0
11938,46204,1421414163,1
11938,42966,1421414163,1
11938,39578,1421414163,0
11938,45917,1421414119,1
11938,46196,1423142312,0
11938,41149,1421414163,1
11938,46254,1421414163,1
11938,44242,1423142312,0
11938,39580,1421414163,0
11938,37832,1421414119,0
11938,47605,1423142312,0
11938,45940,1421414163,0
11938,46247,1423142312,1
11938,39750,1421414119,0
11938,41026,1421414119,0
11938,42871,1421414163,1
11938,38029,1421414119,0
11938,42787,1421414119,-1
11938,45934,1421414119,0
11938,42935,1421414119,0
11938,39684,1421414119,0
11938,46017,1421414119,1
11938,46051,1421414163,1
11938,41062,1421414163,1
11938,40302,1421414119,0
11938,47473,1423142312,0
11938,52243,1421414119,1
11938,46233,1423142312,1
11938,42934,1421414119,0
11938,39595,1421414163,-1
11938,47612,1423142312,0
11938,46171,1421414119,1
11938,45940,1421414119,-1
11938,45716,1421414163,0
11938,45929,1423142312,0
11938,41529,1423142312,-1
11938,37748,1423142312,0
11938,39485,1423142312,0
11938,45729,1423142312,0
11938,39497,1423142312,-1
11938,46212,1421414163,1
11938,44067,1421414119,0
11938,41264,1423142312,1
11938,46072,1421414163,1
11938,46960,1421414119,0
11938,37815,1421414119,0
11938,43221,1421414163,-1
11938,39818,1421414163,0
11938,44070,1423142312,-1
11938,44466,1423142312,1
11940,47490,1421062209,-1
11940,43008,1421062209,-1
11940,46723,1423139775,0
11940,45940,1421062209,0
11940,47683,1421062209,-1
11940,46208,1421062209,0
11940,43335,1423139775,-1
11940,46098,1421062209,0
11940,45307,1423139775,-1
11940,42835,1423139775,0
11940,46120,1423139775,-1
11940,46936,1421062209,-1
11940,46204,1421062209,-1
11940,41432,1421062209,-1
11940,41026,1421062209,0
11940,45973,1421062209,-1
11940,47601,1421062209,-1
11940,39922,1423139775,0
11940,39347,1423139775,-1
11940,42770,1423139775,1
11940,57114,1423139775,0
11940,46296,1421062209,1
11940,43851,1423139775,0
11940,39488,1423139775,0
11940,39302,1423139775,-1
11940,45976,1421062209,0
11940,45536,1421062209,-1
11940,44281,1423139775,0
11940,52369,1423139775,1
11940,46208,1423139775,0
11940,39925,1421062209,0
11940,47609,1423139775,0
11940,37793,1423139775,0
11940,46296,1423139775,-1
11940,38071,1421062209,0
11940,39717,1423139775,1
11940,39524,1421062209,-1
11940,52355,1421062209,0
11940,47180,1423139775,0
11940,39609,1421062209,1
11940,46723,1421062209,0
11940,43842,1421062209,-1
11940,46901,1423139775,1
11940,41062,1421062209,-1
11940,46952,1423139775,0
11940,41615,1423139775,1
11940,45716,1423139775,0
11940,45940,1423139775,-1
11940,44445,1421062209,-1
11940,41134,1423139775,0
11940,37742,1421062209,-1
11940,46091,1421062209,0
11940,43972,1423139775,1
11940,45744,1421062209,0
11940,46086,1421062209,-1
11940,37746,1421062209,-1
11940,47602,1421062209,-1
11940,43836,1421062209,-1
11940,43948,1421062209,0
11940,39557,1423139775,-1
11941,39748,1423137936,0
11941,40787,1421917136,-1
11941,43839,1423137936,0
11941,47602,1423137936,0
11941,39576,1421917136,0
11941,45733,1421917136,-1
11941,46086,1421917136,0
11941,47683,1421917136,1
11941,52340,1423137936,1
11941,41366,1421917136,0
11941,42934,1423137936,-1
11941,39485,1423137936,0
11941,38071,1421917136,0
11941,45949,1421917136,1
11941,43777,1423137936,0
11941,47612,1423137936,0
11941,40287,1421917136,0
11941,45756,1423137936,-1
11941,45892,1423137936,0
11941,39586,1423137936,-1
11941,45921,1421917136,0
11941,39925,1423137936,0
11941,52243,1421917136,-1
11941,39347,1421917136,-1
11941,39579,1423137936,0
11941,43009,1421917136,0
11941,43221,1421917136,-1
11941,47605,1421917136,0
11941,57114,1423137936,0
11941,39597,1423137936,-1
11941,45921,1423137936,0
11941,46943,1421917136,-1
11941,52331,1421917136,1
11941,37742,1423137936,0
11941,52238,1423137936,-1
11941,44464,1421917136,1
11941,37748,1421917136,0
11941,44483,1421917136,1
11941,52540,1423137936,-1
11941,42787,1421917136,1
11941,44066,1421917136,0
11941,46184,1421917136,0
11941,47695,1421917136,-1
11941,44466,1423137936,-1
11941,46156,1421917136,-1
11941,57114,1421917136,0
11941,46289,1421917136,1
11941,47609,1423137936,0
11941,47607,1423137936,0
11941,39595,1421917136,-1
11941,39609,1421917136,-1
11941,47490,1421917136,1
11941,45729,1421917136,0
11941,46072,1421917136,1
11941,46303,1421917136,-1
11941,45956,1423137936,0
11941,40302,1423137936,0
11941,39925,1421917136,0
11941,46132,1423137936,-1
11941,46019,1421917136,0
11943,44476,1423132302,0
11943,45307,1423132302,-1
11943,45717,1423132302,-1
11943,45543,1423132302,0
11943,44067,1423132302,0
11943,44070,1423132302,0
11943,46184,1423132302,0
11943,45764,1423132302,-1
11943,46051,1423132302,-1
11943,45733,1423132302,1
11943,46111,1423132302,-1
11943,46153,1423132302,-1
11943,46723,1423132302,0
11943,46271,1423132302,-1
11943,46247,1423132302,0
11943,46243,1423132302,0
11943,46072,1423132302,0
11943,46262,1423132302,-1
11943,38071,1423132302,0
11943,37747,1423132302,1
11943,40287,1423132302,0
11943,43008,1423132302,-1
11943,43836,1423132302,-1
11943,43221,1423132302,1
11943,43009,1423132302,0
11943,41062,1423132302,-1
11943,41264,1423132302,-1
11943,41628,1423132302,0
11943,41145,1423132302,0
11943,57264,1423132302,1
11943,52498,1423132302,1
11943,57115,1423132302,1
11943,46259,1423132302,-1
11943,46303,1423132302,1
11943,46766,1423132302,1
11943,47519,1423132302,0
11943,46156,1423132302,0
11943,47490,1423132302,0
11943,52331,1423132302,-1
11943,52352,1423132302,1
11943,47508,1423132302,1
11943,47600,1423132302,-1
11943,47520,1423132302,0
11943,46289,1423132302,1
11943,57115,1423137151,-1
11944,42787,1423131651,1
11944,47603,1423131651,0
11944,45266,1423131651,-1
11944,39578,1423131651,0
11944,45893,1423131651,0
11944,43852,1423131651,1
11944,39349,1423131651,0
11944,44469,1423131651,0
11944,52355,1423131651,0
11944,46132,1423131651,1
11944,45950,1423131651,0
11944,40302,1423131651,0
11944,46245,1423131651,1
11944,47683,1423131651,1
11944,46086,1423131651,0
11944,46208,1423131651,0
11944,46960,1423131651,0
11944,41529,1423131651,-1
11944,44564,1423131651,0
11944,40287,1423131651,0
11944,41134,1423131651,0
11944,46207,1423131651,1
11944,57114,1423131651,0
11944,46072,1423131651,1
11944,47607,1423131651,0
11944,52263,1423131651,-1
11944,39598,1423131651,0
11944,45934,1423131651,0
11944,39788,1423131651,1
11944,41026,1423131651,0
11944,42833,1423131651,0
11944,43009,1423131651,1
11944,39618,1423131651,1
11944,39586,1423131651,1
11944,40787,1423131651,-1
11944,42934,1423131651,1
11944,43981,1423131651,-1
11944,52556,1423131651,0
11944,44066,1423131651,1
11944,46052,1423131651,0
11944,47598,1423131651,-1
11944,46017,1423131651,1
11944,46212,1423131651,1
11944,43867,1423131651,1
11944,46276,1423131651,-1
11944,43328,1423131651,0
11944,43940,1423131651,0
11944,45758,1423131651,1
11944,41264,1423131651,1
11944,43851,1423131651,0
11944,46051,1423131651,1
11944,46271,1423131651,1
11944,39597,1423131651,1
11944,47180,1423131651,0
11944,43972,1423131651,1
11944,46289,1423131651,1
11944,45940,1423131651,-1
11944,46233,1423131651,1
11944,47605,1423131651,0
11944,37749,1423131651,-1
11946,45893,1423130449,0
11946,39497,1423130449,1
11946,46120,1423130449,1
11946,44464,1423130449,0
11946,46194,1423130449,0
11946,46952,1423130449,0
11946,46208,1423130449,0
11946,52261,1423130449,-1
11946,39597,1423130449,-1
11946,44565,1423130449,-1
11946,46132,1423130449,-1
11946,47683,1423130449,-1
11946,43940,1423130449,0
11946,45988,1423130449,-1
11946,52263,1423130449,1
11946,45245,1423130449,0
11946,39618,1423130449,-1
11946,52355,1423130449,0
11946,43867,1423130449,-1
11946,45536,1423130449,-1
11946,46988,1423130449,1
11946,46245,1423130449,-1
11946,47598,1423130449,1
11946,39609,1423130449,1
11946,43009,1423130449,-1
11946,41615,1423130449,-1
11946,39717,1423130449,-1
11946,39925,1423130449,0
11946,47600,1423130449,-1
11946,46901,1423130449,-1
11946,46271,1423130449,-1
11946,44281,1423130449,0
11946,44062,1423130449,0
11946,41715,1423130449,1
11946,39349,1423130449,0
11946,40302,1423130449,0
11946,45921,1423130449,0
11946,44070,1423130449,0
11946,46294,1423130449,-1
11946,39488,1423130449,0
11946,45756,1423130449,-1
11946,45947,1423130449,-1
11946,37815,1423130449,0
11946,45956,1423130449,0
11946,45940,1423130449,1
11946,44300,1423130449,0
11946,40320,1423130449,1
11946,46153,1423130449,1
11946,46766,1423130449,0
11946,40763,1423130449,0
11946,45716,1423130449,0
11946,44071,1423130449,0
11946,42833,1423130449,0
11946,46936,1423130449,-1
11946,56815,1423130449,1
11946,39556,1423130449,1
11946,44469,1423130449,0
11946,47508,1423130449,-1
11946,43328,1423130449,0
11946,46960,1423130449,0
11948,40320,1423129941,1
11948,37863,1423129941,0
11948,41264,1423129941,-1
11948,56815,1423129941,1
11948,37746,1423129941,-1
11948,46247,1415612942,0
11948,39302,1423129941,1
11948,44551,1423129941,0
11948,46196,1423129941,0
11948,46936,1423129941,-1
11948,47473,1423129941,0
11948,45974,1423129941,0
11948,39226,1423129941,1
11948,45888,1423129941,0
11948,46943,1423129941,1
11948,41366,1423129941,0
11948,43009,1415612942,0
11948,46027,1423129941,-1
11948,43852,1423129941,-1
11948,39917,1423129941,1
11948,52243,1423129941,1
11948,46296,1423129941,1
11948,52355,1423129941,0
11948,41630,1423129941,0
11948,46243,1423129941,-1
11948,46294,1423129941,-1
11948,45744,1423129941,0
11948,38071,1415612942,0
11948,39579,1423129941,0
11948,45920,1423129941,0
11948,46723,1423129941,0
11948,41768,1423129941,-1
11948,46247,1423129941,-1
11948,45892,1423129941,0
11948,39748,1423129941,0
11948,45266,1423129941,1
11948,52340,1423129941,1
11948,44553,1423129941,-1
11948,46212,1423129941,-1
11948,39598,1423129941,0
11948,39595,1423129941,1
11948,44071,1423129941,0
11948,40787,1423129941,1
11948,47606,1423129941,0
11948,46208,1423129941,0
11948,46171,1423129941,-1
11948,43981,1423129941,1
11948,44469,1423129941,0
11948,46207,1423129941,-1
11948,39497,1423129941,1
11948,44067,1423129941,0
11948,45943,1423129941,-1
11948,46204,1423129941,-1
11948,42868,1423129941,0
11948,52540,1423129941,-1
11948,52369,1423129941,-1
11948,42934,1423129941,-1
11948,45921,1423129941,0
11948,46233,1423129941,-1
11948,46245,1423129941,-1
11949,52331,1413191520,1
11949,46303,1413191520,-1
11949,46259,1413191520,1
11949,46153,1413191520,0
11949,46262,1413191520,1
11949,46723,1413191520,0
11949,46072,1413191520,0
11949,45543,1413191520,0
11949,46184,1413191520,0
11949,46051,1413191520,1
11949,43836,1413191520,1
11949,41062,1413191520,1
11949,38071,1413191520,0
11949,43836,1423128412,1
11949,46262,1423128412,1
11949,46072,1423128412,0
11949,46051,1423128412,1
11949,46184,1423128412,0
11949,45543,1423128412,0
11949,41062,1423128412,1
11949,38071,1423128412,0
11949,52331,1423128412,1
11949,46259,1423128412,1
11949,46153,1423128412,1
11949,46723,1423128412,0
11949,46303,1423128412,-1
11951,45307,1413196033,1
11951,46111,1413196033,1
11951,46111,1423124429,1
11951,45307,1423124429,1
11952,42770,1422983206,1
11952,47519,1422982611,0
11952,43836,1422983206,1
11952,47520,1422983206,0
11952,45934,1422982611,0
11952,39788,1422982611,-1
11952,57114,1422983206,0
11952,45974,1422983206,0
11952,39598,1422982611,0
11952,46156,1422983206,-1
11952,46952,1422982611,0
11952,44564,1422983206,0
11952,41134,1422983206,0
11952,46052,1422982611,0
11952,43940,1422983206,0
11952,43852,1422983206,1
11952,47606,1422983206,0
11952,42835,1422983206,0
11952,45969,1422983206,0
11952,44469,1422983206,0
11952,45974,1422982611,0
11952,39748,1422982611,0
11952,46303,1422983206,-1
11952,45758,1422982611,-1
11952,41366,1422983206,0
11952,43777,1422982611,0
11952,37749,1422983206,-1
11952,39347,1422983206,-1
11952,44483,1422983206,1
11952,46204,1422982611,-1
11952,47602,1422983206,0
11952,44567,1422982611,-1
11952,46114,1422983206,1
11952,44071,1422983206,0
11952,46156,1422982611,1
11952,46086,1422983206,0
11952,43836,1422982611,-1
11952,52243,1422983206,-1
11952,46114,1422982611,-1
11952,45969,1422982611,0
11952,57114,1422982611,0
11952,37747,1422983206,1
11952,43009,1422982611,-1
11952,42833,1422982611,0
11952,47612,1422982611,0
11952,39598,1422983206,0
11952,52331,1422983206,1
11952,47683,1422982611,-1
11952,41134,1422982611,0
11952,37863,1422982611,0
11952,47508,1422982611,-1
11952,37793,1422983206,0
11952,39488,1422982611,0
11952,43221,1422982611,1
11952,45956,1422982611,0
11952,44480,1422982611,0
11952,39922,1422982611,0
11952,39609,1422983206,-1
11952,42833,1422983206,0
11952,39597,1422982611,-1
11954,39578,1422963329,0
11954,43972,1422963329,1
11954,44466,1422963329,1
11954,44070,1422963329,0
11954,45934,1422963329,0
11954,52243,1422963329,-1
11954,39579,1422963329,0
11954,37742,1422963329,0
11954,43777,1422963329,0
11954,41366,1422963329,0
11954,45950,1422963329,0
11954,47519,1422963329,0
11954,43328,1422963329,0
11954,37748,1422963329,0
11954,41630,1422963329,0
11954,57115,1422962949,0
11954,52540,1422963329,1
11954,39595,1422963329,-1
11954,52238,1422963329,1
11954,44071,1422963329,0
11954,39748,1422963329,0
11954,45758,1422963329,1
11954,46153,1422963329,-1
11954,46051,1422963329,1
11954,46052,1422963329,0
11954,45930,1422963329,1
11954,39349,1422963329,0
11954,40302,1422963329,0
11954,41026,1422963329,0
11954,45716,1422963329,0
11954,39302,1422963329,-1
11954,47600,1422963329,1
11954,42787,1422963329,1
11954,52556,1422963329,0
11954,41615,1422963329,1
11954,56815,1422963329,-1
11954,44567,1422963329,1
11954,46296,1422963329,-1
11954,46196,1422963329,0
11954,44483,1422963329,1
11954,40787,1422963329,-1
11954,39347,1422963329,-1
11954,45943,1422963329,1
11954,47695,1422963329,-1
11954,52261,1422963329,1
11954,42770,1422963329,1
11954,46766,1422963329,-1
11954,46211,1422963329,1
11954,39586,1422963329,1
11954,46212,1422963329,1
11954,46072,1422963329,1
11954,41357,1422963329,1
11954,46271,1422963329,1
11954,44480,1422963329,0
11954,52369,1422963329,1
11954,46247,1422963329,1
11954,45307,1422963329,0
11954,47180,1422963329,0
11954,45947,1422963329,1
11954,46936,1422963329,1
11955,46952,1422887185,0
11955,41026,1422887185,0
11955,44071,1422887185,0
11955,45744,1422887290,0
11955,45729,1422887185,0
11955,40787,1422887290,-1
11955,47490,1422887185,0
11955,46243,1422887290,1
11955,46055,1422887290,1
11955,43328,1422887290,0
11955,41145,1422887185,-1
11955,39609,1422887185,1
11955,45764,1422887290,1
11955,45733,1422887185,1
11955,52368,1422887290,1
11955,39576,1422887185,0
11955,45733,1422887290,-1
11955,43842,1422887185,-1
11955,45744,1422887185,0
11955,46086,1422887185,0
11955,46259,1422887185,-1
11955,39302,1422887290,-1
11955,46943,1422887185,1
11955,46296,1422887185,1
11955,45536,1422887290,1
11955,46247,1422887185,-1
11955,45940,1422887185,1
11955,47606,1422887290,0
11955,37815,1422887185,0
11955,46208,1422887185,0
11955,39788,1422887290,1
11955,39595,1422887185,1
11955,47508,1422887290,1
11955,45266,1422887290,-1
11955,41608,1422887185,0
11955,44551,1422887185,0
11955,39226,1422887185,1
11955,43972,1422887185,-1
11955,45920,1422887185,1
11955,45941,1422887185,0
11955,46171,1422887185,-1
11955,46017,1422887290,1
11955,47490,1422887290,0
11955,47607,1422887290,0
11955,46051,1422887185,-1
11955,43972,1422887290,1
11955,41615,1422887290,1
11955,41062,1422887290,1
11955,45716,1422887290,0
11955,44066,1422887290,0
11955,46289,1422887290,1
11955,42934,1422887185,-1
11955,52238,1422887185,-1
11955,46952,1422887290,0
11955,46294,1422887290,1
11955,39557,1422887185,1
11955,37749,1422887290,-1
11955,42868,1422887185,0
11955,44476,1422887185,0
11955,45729,1422887290,0
11956,45940,1422874250,-1
11956,43854,1422874250,1
11956,46271,1422874250,1
11956,46936,1422874250,1
11956,39226,1422874250,-1
11956,41134,1422874250,0
11956,45974,1422874250,0
11956,39925,1422874250,0
11956,46303,1422874250,-1
11956,42833,1422874250,0
11956,45716,1422874250,0
11956,46952,1422874250,0
11956,46212,1422874250,1
11956,47683,1422874250,1
11956,43972,1422874250,1
11956,43008,1422874250,1
11956,47598,1422874250,-1
11956,39717,1422874250,1
11956,44070,1422874250,0
11956,43867,1422874250,1
11956,41529,1422874250,-1
11956,47180,1422874250,0
11956,46171,1422874250,1
11956,46027,1422874250,1
11956,45733,1422874250,-1
11956,52556,1422874250,0
11956,44564,1422874250,0
11956,39917,1422874250,-1
11956,47473,1422874250,0
11956,41366,1422874250,0
11956,37746,1422874250,1
11956,44466,1422874250,1
11956,44469,1422874250,0
11956,45941,1422874250,0
11956,39597,1422874250,1
11956,37793,1422874250,0
11956,45947,1422874250,1
11956,46132,1422874250,1
11956,46055,1422874250,1
11956,46184,1422874250,0
11956,39579,1422874250,0
11956,47693,1422874250,0
11956,42787,1422874250,1
11956,39302,1422874250,-1
11956,47612,1422874250,0
11956,46289,1422874250,1
11956,45893,1422874250,0
11956,45756,1422874250,1
11956,40787,1422874250,-1
11956,41264,1422874250,1
11956,46052,1422874250,0
11956,45973,1422874250,1
11956,39609,1422874250,-1
11956,40320,1422874250,-1
11956,40287,1422874250,0
11956,45266,1422874250,-1
11956,39788,1422874250,1
11956,44567,1422874250,1
11956,43221,1422874250,-1
11956,39347,1422874250,-1
11957,40297,1419321223,1
11957,44464,1419321223,1
11957,40297,1422868913,1
11957,44464,1422868913,1
11958,37749,1420603884,1
11958,47490,1420603884,1
11958,37749,1422868618,1
11958,47490,1422868618,1
11959,45536,1415944159,1
11959,43851,1415944159,0
11959,57262,1415944159,-1
11959,43008,1415944159,1
11959,38071,1415944159,0
11959,46976,1415944159,1
11959,43328,1415944159,0
11959,52331,1415944159,1
11959,47655,1415944159,-1
11959,46960,1415944159,0
11959,46259,1415944159,1
11959,44070,1415944159,1
11959,43972,1415944159,-1
11959,46262,1415944159,1
11959,42725,1415944159,0
11959,41145,1415944159,0
11959,46303,1415944159,-1
11959,46153,1415944159,-1
11959,43867,1415944159,1
11959,38073,1415944159,0
11959,41715,1415944159,-1
11959,43335,1415944159,-1
11959,42787,1415944159,1
11959,47508,1415944159,1
11959,46091,1415944159,0
11959,39578,1415944159,0
11959,40787,1415944159,-1
11959,43009,1415944159,0
11959,42833,1415944159,0
11959,46212,1415944159,1
11959,42835,1415944159,0
11959,42934,1415944159,0
11959,43424,1415944159,0
11959,46111,1415944159,1
11959,44476,1415944159,0
11959,43842,1415944159,1
11959,45934,1415944159,0
11959,46249,1415944159,-1
11959,46055,1415944159,-1
11959,46211,1415944159,0
11959,45307,1415944159,0
11959,52369,1415944159,1
11959,43839,1415944159,0
11959,47520,1415944159,0
11959,46276,1415944159,-1
11959,44300,1415944159,0
11959,43836,1415944159,1
11959,43852,1415944159,1
11959,46243,1415944159,0
11959,46156,1415944159,-1
11959,46051,1415944159,1
11959,45947,1415944159,1
11959,42868,1415944159,0
11959,46766,1415944159,-1
11959,39349,1415944159,0
11959,39580,1415944159,0
11959,46289,1415944159,-1
11959,44242,1415944159,0
11959,52340,1415944159,-1
11959,39925,1415944159,0
11962,41145,1419395166,1
11962,41145,1422867424,1
11963,46247,1419408191,1
11963,41264,1419408191,0
11963,41264,1422865603,0
11963,46247,1422865603,1
11965,44469,1419413828,1
11965,47683,1419413828,1
11965,44469,1422865302,1
11965,47683,1422865302,1
11966,47683,1419396562,1
11966,44469,1419396562,0
11966,44469,1422865296,0
11966,47683,1422865296,1
11968,47683,1419325097,1
11968,44469,1419325097,1
11968,47683,1422865289,1
11968,44469,1422865289,1
11969,44469,1419315146,0
11969,44469,1422865276,0
11975,44067,1422360562,0
11975,45920,1422360562,0
11975,46052,1422360562,0
11975,41865,1422360562,-1
11975,45929,1422360562,0
11975,45973,1422360562,-1
11975,41615,1422360562,-1
11975,52331,1422360562,-1
11975,39598,1422360562,0
11975,52261,1422360562,-1
11975,46289,1422360562,-1
11975,45700,1422360562,0
11975,43839,1422360562,0
11975,46971,1422360562,0
11975,39788,1422360562,-1
11975,37815,1422360562,0
11975,37863,1422360562,0
11975,46212,1422360562,-1
11975,44242,1422360562,0
11975,39618,1422360562,-1
11975,40320,1422360562,1
11975,39922,1422360562,0
11975,42868,1422360562,0
11975,46276,1422360562,1
11975,43852,1422360562,-1
11975,46027,1422360562,-1
11975,45969,1422360562,0
11975,37749,1422360562,1
11975,46153,1422360562,1
11975,45949,1422360562,-1
11975,41062,1422360562,-1
11975,39684,1422360562,0
11975,42934,1422360562,-1
11975,47600,1422360562,-1
11975,43867,1422360562,-1
11975,52556,1422360562,0
11975,40297,1422360562,-1
11975,46960,1422360562,0
11975,43854,1422360562,-1
11975,43328,1422360562,0
11975,41026,1422360562,0
11975,47695,1422360562,1
11975,42833,1422360562,0
11975,46233,1422360562,-1
11975,46072,1422360562,-1
11975,47606,1422360562,0
11975,46120,1422360562,1
11975,46303,1422360562,1
11975,41366,1422360562,0
11975,46051,1422360562,-1
11975,44066,1422360562,0
11975,46171,1422360562,-1
11975,45888,1422360562,0
11975,37746,1422360562,-1
11975,43851,1422360562,0
11975,47605,1422360562,0
11975,41630,1422360562,0
11975,47598,1422360562,1
11975,45744,1422360562,0
11975,46243,1422360562,0
11976,40077,1422312634,1
11976,42959,1422312634,0
11976,41329,1422312634,0
11976,41366,1422312634,0
11976,39598,1422312634,0
11976,45245,1422312634,0
11976,39586,1422312634,-1
11976,46095,1422312634,-1
11976,52352,1422312634,-1
11976,52344,1422312634,0
11976,44567,1422312634,-1
11976,44551,1422312634,0
11976,41678,1422312634,0
11976,41432,1422312634,-1
11976,45733,1422312634,0
11976,57117,1422312634,-1
11976,41480,1422312634,0
11976,43946,1422312634,0
11976,45973,1422312634,-1
11976,41865,1422312634,-1
11976,46060,1422312634,-1
11976,42966,1422312634,-1
11976,46098,1422312634,0
11976,41608,1422312634,0
11976,46148,1422312634,0
11976,45893,1422312634,0
11976,46156,1422312634,0
11976,42787,1422312634,0
11976,47598,1422312634,0
11976,47192,1422312634,-1
11976,42935,1422312634,0
11976,46120,1422312634,1
11976,47513,1422312634,1
11976,52346,1422312634,0
11976,47614,1422312634,-1
11976,46017,1422312634,-1
11976,41668,1422312634,-1
11976,39717,1422312634,-1
11976,46207,1422312634,1
11976,47602,1422312634,-1
11976,44550,1422312634,-1
11976,40763,1422312634,0
11976,41624,1422312634,0
11976,52345,1422312634,-1
11976,46052,1422312634,0
11976,39817,1422312634,0
11976,38064,1422312634,1
11976,47683,1422312634,-1
11976,44480,1422312634,0
11976,40297,1422312634,-1
11976,46971,1422312634,0
11976,42968,1422312634,1
11976,45759,1422312634,-1
11976,46233,1422312634,1
11976,46046,1422312634,0
11976,47490,1422312634,1
11976,46212,1422312634,0
11976,52263,1422312634,1
11976,46196,1422312634,0
11976,46296,1422312634,1
11977,39497,1422298086,-1
11977,46723,1422298086,0
11977,39595,1422298086,-1
11977,46294,1422298086,1
11977,43126,1422298086,-1
11977,39488,1422298086,0
11977,37793,1422298086,0
11977,46247,1422298086,1
11977,47598,1422298086,-1
11977,37749,1422298086,-1
11977,46017,1422298086,1
11977,37746,1422298086,1
11977,39684,1422298086,0
11977,44551,1422298086,0
11977,42787,1422298086,1
11977,40320,1422298086,-1
11977,42835,1422298086,0
11977,46027,1422298086,1
11977,43867,1422298086,1
11977,41264,1422298086,1
11977,44466,1422298086,1
11977,38029,1422298086,0
11977,45893,1422298086,0
11977,44565,1422298086,1
11977,39922,1422298086,0
11977,46194,1422298086,0
11977,37863,1422298086,0
11977,39586,1422298086,1
11977,37747,1422298086,1
11977,46196,1422298086,0
11977,52368,1422298086,1
11977,41608,1422298086,0
11977,40787,1422298086,-1
11977,45930,1422298086,1
11977,46208,1422298086,0
11977,41062,1422298086,1
11977,43836,1422298086,1
11977,45307,1422298086,0
11977,46086,1422298086,0
11977,41715,1422298086,-1
11977,52355,1422298086,0
11977,41794,1422298086,0
11977,39485,1422298086,0
11977,43940,1422298086,0
11977,39557,1422298086,-1
11977,41678,1422298086,0
11977,52556,1422298086,0
11977,47605,1422298086,0
11977,39349,1422298086,0
11977,47180,1422298086,0
11977,43335,1422298086,-1
11977,41628,1422298086,0
11977,37742,1422298086,0
11977,41865,1422298086,1
11977,42770,1422298086,1
11977,46271,1422298086,1
11977,52540,1422298086,1
11977,46988,1422298086,-1
11977,45940,1422298086,-1
11977,39578,1422298086,0
11980,45764,1422049690,1
11980,43972,1422049528,-1
11980,41145,1422049528,-1
11980,39925,1422049690,0
11980,41264,1422049528,-1
11980,45969,1422049528,0
11980,39557,1422049690,-1
11980,41608,1422049528,0
11980,46051,1422049528,-1
11980,43867,1422049690,1
11980,46296,1422049690,-1
11980,43940,1422049690,0
11980,43221,1422049528,1
11980,42787,1422049528,-1
11980,41304,1422049528,-1
11980,41715,1422049690,-1
11980,46196,1422049690,0
11980,45744,1422049690,0
11980,46936,1422049528,-1
11980,47600,1422049528,-1
11980,45700,1422049528,0
11980,46207,1422049690,1
11980,45920,1422049528,0
11980,39618,1422049690,1
11980,43867,1422049528,-1
11980,45756,1422049690,1
11980,45388,1422049528,0
11980,46132,1422049690,1
11980,39748,1422049690,0
11980,45969,1422049690,0
11980,44476,1422049528,0
11980,45943,1422049528,-1
11980,47519,1422049690,0
11980,46054,1422049528,-1
11980,47490,1422049690,1
11980,43008,1422049528,-1
11980,46766,1422049690,-1
11980,47602,1422049690,0
11980,45934,1422049528,0
11980,46208,1422049528,0
11980,41149,1422049690,1
11980,40787,1422049690,-1
11980,46120,1422049690,-1
11980,46055,1422049528,-1
11980,46271,1422049528,-1
11980,46111,1422049528,-1
11980,40787,1422049528,1
11980,41630,1422049690,0
11980,39684,1422049528,0
11980,44483,1422049528,-1
11980,44466,1422049528,-1
11980,39717,1422049528,-1
11980,41366,1422049528,0
11980,46196,1422049528,0
11980,46723,1422049528,0
11980,39917,1422049528,1
11980,46171,1422049528,-1
11980,39489,1422049690,0
11980,47180,1422049690,0
11980,39818,1422049690,0
11982,41264,1422030054,-1
11982,41366,1422030054,0
11982,47693,1422030054,0
11982,45729,1422030054,0
11982,46132,1422030054,-1
11982,45266,1422030054,1
11982,45716,1422030054,0
11982,43854,1422031288,1
11982,46303,1422030054,1
11982,44480,1422031288,0
11982,45956,1422030054,0
11982,37749,1422030054,1
11982,37742,1422030054,0
11982,41357,1422031288,1
11982,39557,1422031288,-1
11982,45956,1422031288,0
11982,43940,1422031288,0
11982,52238,1422031288,1
11982,44071,1422031288,0
11982,39788,1422030054,-1
11982,45974,1422030054,0
11982,37748,1422030054,0
11982,45934,1422031288,0
11982,46988,1422030054,1
11982,43009,1422030054,0
11982,43981,1422030054,1
11982,45969,1422030054,0
11982,39618,1422030054,-1
11982,39818,1422031288,0
11982,40297,1422030054,-1
11982,44565,1422031288,1
11982,41715,1422031288,-1
11982,52368,1422030054,-1
11982,52369,1422031288,1
11982,39497,1422031288,-1
11982,57114,1422031288,0
11982,46027,1422031288,1
11982,47490,1422031288,1
11982,43940,1422030054,0
11982,44553,1422030054,1
11982,47695,1422030054,1
11982,41628,1422030054,0
11982,47603,1422030054,0
11982,39302,1422031288,-1
11982,39299,1422030054,0
11982,46205,1422031288,1
11982,46294,1422030054,-1
11982,43836,1422030054,-1
11982,47609,1422030054,0
11982,45716,1422031288,0
11982,43852,1422031288,1
11982,46153,1422031288,-1
11982,46901,1422031288,1
11982,45733,1422030054,1
11982,44480,1422030054,0
11982,46247,1422031288,1
11982,40787,1422030054,1
11982,46960,1422031288,0
11982,40107,1422031288,0
11982,45756,1422031288,1
11984,41768,1422022112,1
11984,37863,1422022112,0
11984,46294,1422022112,1
11984,46211,1422022112,0
11985,46247,1422005648,-1
11985,47598,1422005648,1
11985,47600,1422005648,-1
11985,46019,1422005648,0
11985,39684,1422005648,0
11985,52340,1422005648,1
11985,39925,1422005648,0
11985,42934,1422005648,0
11985,44219,1422005648,0
11985,46184,1422005648,0
11985,46901,1422005648,-1
11985,46054,1422005648,-1
11985,44565,1422005648,-1
11985,39598,1422005648,0
11985,41608,1422005648,0
11985,42868,1422005648,0
11985,46207,1422005648,-1
11985,45888,1422005648,0
11985,40302,1422005648,0
11985,44476,1422005648,0
11985,39556,1422005648,1
11985,41026,1422005648,0
11985,44483,1422005648,-1
11985,47606,1422005648,0
11985,40787,1422005648,1
11985,46017,1422005648,-1
11985,40763,1422005648,0
11985,45940,1422005648,1
11985,43008,1422005648,-1
11985,45929,1422005648,0
11985,39577,1422005648,0
11985,45950,1422005648,0
11985,46051,1422005648,-1
11985,45943,1422005648,-1
11985,57114,1422005648,0
11985,37815,1422005648,0
11985,46204,1422005648,0
11985,39818,1422005648,0
11985,47695,1422005648,1
11985,43839,1422005648,0
11985,44066,1422005648,0
11985,41304,1422005648,-1
11985,46988,1422005648,1
11985,44242,1422005648,0
11985,44564,1422005648,0
11985,39618,1422005648,-1
11985,52355,1422005648,0
11985,52331,1422005648,-1
11985,46943,1422005648,1
11985,41366,1422005648,0
11985,46205,1422005648,-1
11985,45716,1422005648,0
11985,43972,1422005648,-1
11985,45974,1422005648,0
11985,52556,1422005648,0
11985,46296,1422005648,1
11985,39578,1422005648,0
11985,42833,1422005648,0
11985,47693,1422005648,0
11985,43836,1422005648,-1
11987,43972,1421924932,-1
11987,45943,1421924932,-1
11987,42770,1421924932,-1
11987,39580,1421924932,0
11987,41026,1421924932,0
11987,46212,1421924932,-1
11987,44066,1421924932,0
11987,44551,1421924932,0
11987,45940,1421924932,1
11987,46207,1421924932,-1
11987,46936,1421924932,-1
11987,46766,1421924932,1
11987,46988,1421924932,1
11987,39586,1421924932,-1
11987,41134,1421924932,1
11987,45969,1421924932,0
11987,52261,1421924932,-1
11987,52368,1421924932,-1
11987,41357,1421924932,-1
11987,39818,1421924932,0
11987,46901,1421924932,-1
11987,43335,1421924932,1
11987,47655,1421924932,-1
11987,46184,1421924932,0
11987,43851,1421924932,0
11987,40297,1421924932,-1
11987,44067,1421924932,0
11987,45744,1421924932,0
11987,45307,1421924932,0
11987,45941,1421924932,0
11987,41678,1421924932,0
11987,46971,1421924932,0
11987,44070,1421924932,0
11987,37748,1421924932,0
11987,39576,1421924932,0
11987,45536,1421924932,-1
11987,46120,1421924932,1
11987,52556,1421924932,0
11987,45947,1421924932,-1
11987,41608,1421924932,0
11987,45716,1421924932,0
11987,45700,1421924932,0
11987,40320,1421924932,1
11987,37815,1421924932,0
11987,45974,1421924932,0
11987,43009,1421924932,0
11987,46019,1421924932,0
11987,46114,1421924932,-1
11987,47612,1421924932,0
11987,43221,1421924932,1
11987,45921,1421924932,0
11987,43126,1421924932,1
11987,41794,1421924932,0
11987,39488,1421924932,0
11987,43854,1421924932,-1
11987,43842,1421924932,-1
11987,47614,1421924932,0
11987,45266,1421924932,1
11987,46276,1421924932,1
11987,47693,1421924932,0
11989,43948,1421916293,0
11989,42934,1421917024,0
11989,47691,1421916293,-1
11989,45888,1421916293,1
11989,43851,1421917024,0
11989,45744,1421917024,0
11989,52491,1421916293,-1
11989,44550,1421916293,1
11989,41366,1421916293,0
11989,43839,1421917024,0
11989,56815,1421917024,1
11989,52271,1421916293,1
11989,52556,1421917024,0
11989,47693,1421916293,0
11989,46046,1421916293,0
11989,45900,1421916293,0
11989,46304,1421916293,1
11989,41628,1421917024,0
11989,37747,1421916293,1
11989,41264,1421916293,1
11989,46971,1421917024,0
11989,44565,1421917024,-1
11989,42871,1421916293,1
11989,38029,1421917024,0
11989,52340,1421916293,-1
11989,47203,1421916293,1
11989,43834,1421916293,0
11989,44300,1421917024,0
11989,47602,1421916293,1
11989,46194,1421916293,-1
11989,45947,1421917024,-1
11989,39577,1421917024,0
11989,45536,1421917024,-1
11989,39579,1421917024,0
11989,39917,1421917024,1
11989,45920,1421917024,0
11989,47607,1421917024,0
11989,47695,1421916293,-1
11989,45921,1421916293,0
11989,46027,1421916293,1
11989,42835,1421917024,0
11989,46243,1421917024,0
11989,45921,1421917024,0
11989,46204,1421917024,0
11989,47409,1421916293,0
11989,47180,1421916293,0
11989,46249,1421917024,1
11989,42939,1421916293,-1
11989,44480,1421917024,0
11989,39598,1421916293,0
11989,39799,1421916293,-1
11989,43328,1421917024,0
11989,42935,1421916293,0
11989,40302,1421917024,0
11989,47603,1421917024,0
11989,46054,1421916293,1
11989,38071,1421917024,0
11989,47600,1421916293,1
11989,45943,1421916293,1
11989,39797,1421916293,1
11992,41134,1421843578,1
11992,44564,1421843578,0
11992,43792,1421843578,0
11992,45733,1421843578,0
11992,45596,1421843578,0
11992,45704,1421843578,1
11992,45764,1421843578,0
11992,52352,1421843578,0
11992,57264,1421843578,1
11992,52498,1421843578,1
11992,47691,1421843578,-1
11992,47203,1421843578,1
11992,52345,1421843578,1
11992,47192,1421843578,1
11992,52344,1421843578,0
11992,52346,1421843578,0
11992,47692,1421843578,0
11992,47409,1421843578,0
11992,47409,1421843685,0
11992,47692,1421843685,0
11992,52346,1421843685,0
11992,52344,1421843685,0
11992,47192,1421843685,1
11992,52345,1421843685,1
11992,47203,1421843685,1
11992,47691,1421843685,-1
11992,52498,1421843685,1
11992,57264,1421843685,1
11992,52352,1421843685,1
11992,45764,1421843685,0
11992,45704,1421843685,1
11992,45596,1421843685,0
11992,45733,1421843685,0
11992,43792,1421843685,0
11992,44564,1421843685,0
11992,41134,1421843685,1
11993,39489,1421836229,0
11993,52498,1421843640,-1
11993,41134,1421836229,1
11993,46120,1421843640,-1
11993,41062,1421836229,-1
11993,37747,1421836229,-1
11993,42835,1421843640,0
11993,47605,1421843640,0
11993,39586,1421843640,1
11993,52263,1421843640,-1
11993,46211,1421843640,1
11993,37746,1421843640,1
11993,40077,1421836229,-1
11993,44066,1421843640,0
11993,46194,1421843640,0
11993,44066,1421836229,0
11993,42871,1421836229,1
11993,46191,1421836229,1
11993,45955,1421836229,1
11993,45733,1421836229,1
11993,47601,1421836229,1
11993,45307,1421843640,0
11993,43854,1421836229,-1
11993,47203,1421843640,-1
11993,47600,1421843640,1
11993,43335,1421836229,1
11993,46249,1421836229,1
11993,41264,1421836229,1
11993,40302,1421843640,0
11993,41304,1421843640,1
11993,45764,1421836229,-1
11993,45921,1421843640,0
11993,42865,1421836229,1
11993,46207,1406277466,0
11993,52556,1421843640,0
11993,47695,1421836229,0
11993,39579,1421836229,0
11993,44310,1421836229,0
11993,52243,1421843640,-1
11993,42787,1421836229,-1
11993,43126,1421843640,-1
11993,43836,1421836229,-1
11993,42947,1421836229,1
11993,39598,1421843640,0
11993,42967,1421836229,-1
11993,41715,1421843640,-1
11993,46119,1421836229,-1
11993,40763,1421843640,0
11993,43586,1421843640,-1
11993,46286,1421836229,-1
11993,46303,1421836229,1
11993,37832,1421836229,0
11993,41658,1421836229,-1
11993,43972,1421843640,1
11993,45764,1421843640,1
11993,39485,1421843640,0
11993,45388,1421843640,0
11993,52345,1421843640,-1
11993,52259,1421836229,0
11993,42866,1421836229,1
11995,38073,1411556723,0
11995,41264,1411556723,1
11995,46086,1411556723,1
11995,41264,1421745190,1
11995,38073,1421745190,0
11995,46086,1421745190,1
11996,41285,1411557328,1
11996,41285,1421744961,1
11997,52243,1421744883,1
11997,45764,1421744883,-1
11997,43221,1421744883,1
11997,40302,1421744883,0
11997,43851,1421744883,0
11997,45759,1421744883,1
11997,46936,1421744883,-1
11997,46119,1421744883,-1
11997,43972,1421744883,1
11997,42959,1421744883,0
11997,46051,1421744883,-1
11997,52538,1421744883,1
11997,45543,1421744883,0
11997,46046,1421744883,0
11997,52271,1421744883,1
11997,47603,1421744883,1
11997,46072,1421744883,1
11997,41134,1421744883,1
11997,44310,1421744883,0
11997,45892,1421744883,-1
11997,45917,1421744883,1
11997,46288,1421744883,-1
11997,46271,1421744883,-1
11997,46132,1421744883,-1
11997,42871,1421744883,1
11997,46983,1421744883,0
11997,46262,1421744883,-1
11997,46153,1421744883,1
11997,46066,1421744883,-1
11997,42934,1421744883,0
11997,42947,1421744883,1
11997,43832,1421744883,0
11997,52340,1421744883,1
11997,46304,1421744883,1
11997,44071,1421744883,0
11997,41062,1421744883,-1
11997,41845,1421744883,-1
11997,43008,1421744883,-1
11997,39488,1421744883,0
11997,45950,1421744883,1
11997,46296,1421744883,-1
11997,39925,1421744883,0
11997,39524,1421744883,1
11997,39609,1421744883,1
11997,46194,1421744883,-1
11997,45969,1421744883,0
11997,47520,1421744883,0
11997,40077,1421744883,-1
11997,38071,1421744883,0
11997,46286,1421744883,-1
11997,47490,1421744883,-1
11997,46289,1421744883,-1
11997,46960,1421744883,0
11997,46077,1421744883,0
11997,43981,1421744883,1
11997,46276,1421744883,1
11997,44476,1421744883,0
11997,39586,1421744883,1
11997,39797,1421744883,1
11997,46233,1421744883,-1
11998,39489,1413849022,0
11998,44553,1413849022,0
11998,39684,1413848988,0
11998,45764,1413848988,-1
11998,43328,1413848988,0
11998,44223,1413848988,1
11998,46766,1413848988,1
11998,44483,1413848988,0
11998,37748,1413848988,0
11998,38073,1413848988,0
11998,41285,1413848988,-1
11998,44070,1413848988,0
11998,46289,1413848988,1
11998,46054,1413849022,0
11998,42934,1413848988,0
11998,47520,1413849022,0
11998,52368,1413849022,1
11998,43867,1413849022,1
11998,39579,1413848988,0
11998,43852,1413849022,1
11998,39576,1413849022,0
11998,52331,1413849022,1
11998,41062,1413849022,1
11998,41134,1413849022,-1
11998,43221,1413848988,1
11998,56815,1413848988,1
11998,46943,1413849022,-1
11998,45934,1413848988,0
11998,37863,1413848988,0
11998,37746,1413849022,1
11998,39578,1413848988,0
11998,46153,1413848988,1
11998,46723,1413849022,0
11998,43972,1413848988,1
11998,46184,1413848988,0
11998,43854,1413849022,1
11998,46249,1413849022,-1
11998,43126,1413848988,1
11998,45536,1413848988,-1
11998,46276,1413848988,1
11998,46153,1413849022,-1
11998,46194,1413849022,1
11998,41285,1413849022,1
11998,39299,1413849022,0
11998,39684,1413849022,0
11998,46132,1413849022,1
11998,46111,1413849022,1
11998,43586,1413848988,1
11998,46247,1413849022,1
11998,46156,1413848988,1
11998,43854,1413848988,-1
11998,47519,1413849022,0
11998,39576,1413848988,0
11998,46289,1413910622,-1
11998,39299,1413848988,0
11998,39577,1413849022,0
11998,46054,1413848988,0
11998,45733,1413849022,-1
11998,47519,1413848988,0
11998,46072,1413849022,1
11999,37747,1414015405,1
11999,45973,1414015405,1
11999,46976,1414015405,1
11999,45973,1421735725,1
11999,46976,1421735725,1
11999,37747,1421735725,1
12003,45941,1415999907,1
12003,46066,1415999907,1
12003,45940,1415999907,1
12003,47490,1415999907,1
12003,46066,1416000940,0
12003,47490,1416000940,0
12003,45940,1421735136,1
12003,46066,1421735136,1
12003,45941,1421735136,1
12003,47490,1421735136,1
12003,47490,1421735147,0
12003,46066,1421735147,0
12005,45388,1419036182,0
12005,46194,1419036182,-1
12005,47508,1419036182,-1
12005,47180,1419036182,0
12005,46303,1419036701,-1
12005,40287,1419036182,0
12005,45764,1419036701,1
12005,47520,1419036701,0
12005,45388,1419036701,0
12005,46171,1419036701,1
12005,37742,1419036182,0
12005,46766,1419036182,1
12005,46233,1419036182,-1
12005,41062,1419036182,-1
12005,42835,1419036182,0
12005,46259,1419036182,-1
12005,39788,1419036701,1
12005,38029,1419036182,0
12005,39485,1419036701,0
12005,44238,1419036182,0
12005,43842,1419036701,1
12005,39922,1419036182,0
12005,46114,1419036701,1
12005,45947,1419036182,-1
12005,39684,1419036701,0
12005,37746,1419036701,1
12005,43008,1419036701,1
12005,43948,1419036182,0
12005,44466,1419036701,0
12005,46091,1419036701,0
12005,47655,1419036182,1
12005,42968,1419036701,1
12005,45941,1419036182,-1
12005,47695,1419036701,0
12005,37747,1419036701,1
12005,40787,1419036701,-1
12005,42725,1419036182,0
12005,39748,1419036701,0
12005,43852,1419036701,1
12005,46052,1419036182,0
12005,41715,1419036182,1
12005,39922,1419036701,0
12005,40302,1419036182,0
12005,44300,1419036701,0
12005,52540,1419036182,-1
12005,45949,1419036701,1
12005,37749,1419036701,-1
12005,46098,1419036701,0
12005,47490,1419036182,-1
12005,46052,1419036701,0
12005,38073,1419036701,0
12005,46254,1419036701,1
12005,46066,1419036182,-1
12005,41725,1419036701,-1
12005,52259,1419036182,-1
12005,44567,1419036182,-1
12005,45947,1419036701,1
12005,44565,1419036182,-1
12005,43972,1419036182,-1
12005,45974,1419036701,0
12006,46254,1416010750,1
12006,43009,1416010750,1
12006,42968,1416010750,1
12006,43009,1421734174,0
12006,42968,1421734174,1
12006,46254,1421734174,1
12008,44748,1416392943,0
12008,44553,1416392943,-1
12008,41264,1416392943,-1
12008,41145,1416392943,0
12008,44553,1421733888,-1
12008,44748,1421733888,-1
12008,41145,1421733888,0
12008,41264,1421733888,-1
12009,45950,1416393430,1
12009,45950,1421733729,1
12010,45940,1416468854,0
12010,44070,1416468854,1
12010,45941,1416468854,1
12010,41149,1416468854,1
12010,39579,1416468854,0
12010,46766,1416468854,-1
12010,45536,1416468854,1
12010,46243,1416468854,0
12010,37747,1416468854,1
12010,45969,1416468854,0
12010,46249,1416468854,-1
12010,52369,1416468854,1
12010,37742,1416468854,0
12010,45949,1416468854,1
12010,45729,1416468854,0
12010,45700,1416468854,0
12010,39917,1416468854,-1
12010,38029,1416468854,0
12010,47520,1416468854,0
12010,44067,1416468854,0
12010,39485,1416468854,0
12010,46936,1416468854,1
12010,37746,1416468854,1
12010,46988,1416468854,-1
12010,41062,1416468854,1
12010,52243,1416468854,-1
12010,45388,1416468854,0
12010,45266,1416468854,-1
12010,47490,1416468854,1
12010,39577,1416468854,0
12010,46204,1416468854,-1
12010,44066,1416468854,0
12010,41145,1416468854,1
12010,43328,1416468854,0
12010,42934,1416468854,0
12010,37815,1416468854,0
12010,38073,1416468854,0
12010,41285,1416468854,1
12010,44300,1416468854,0
12010,44483,1416468854,1
12010,46051,1416468854,1
12010,45973,1416468854,1
12010,39580,1416468854,0
12010,52368,1416468854,1
12010,46723,1416468854,0
12010,46303,1416468854,-1
12010,43586,1416468854,-1
12010,42968,1416468854,1
12010,45543,1416468854,0
12010,45764,1416468854,1
12010,46262,1416468854,1
12010,47655,1416468854,-1
12010,40787,1416468854,-1
12010,46055,1416468854,-1
12010,40302,1416468854,0
12010,46132,1416468854,1
12010,39489,1416468854,0
12010,46086,1416468854,1
12010,44464,1416468854,0
12010,44071,1416468854,0
12012,46304,1416808219,1
12012,46304,1416811138,0
12012,46304,1421733599,1
12012,46304,1421733605,0
12013,45976,1416816882,0
12013,45976,1421733574,0
12016,46054,1417043328,0
12016,46055,1417043328,1
12016,52538,1417043328,1
12016,52259,1417043328,1
12016,46055,1421730065,1
12016,46054,1421730065,0
12016,52259,1421730065,1
12016,52538,1421730065,1
12018,52368,1418186914,1
12018,46304,1418186914,1
12018,45969,1418186914,0
12018,45700,1418186914,0
12018,47519,1418186914,0
12018,43586,1418186914,-1
12018,46156,1418186914,-1
12018,45956,1418186914,0
12018,39556,1418186914,-1
12018,43839,1418186914,0
12018,43851,1418186914,0
12018,41134,1418186914,-1
12018,39917,1418186914,-1
12018,46054,1418186914,1
12018,37793,1418186914,0
12018,39302,1418186914,-1
12018,52259,1418186914,1
12018,44242,1418186914,0
12018,46233,1418186914,1
12018,46243,1418186914,0
12018,45756,1418186914,1
12018,46027,1418186914,1
12018,37748,1418186914,0
12018,43009,1418186914,1
12018,40302,1418186914,0
12018,46723,1418186914,0
12018,42833,1418186914,0
12018,45892,1418186914,0
12018,43335,1418186914,-1
12018,47508,1418186914,1
12018,44067,1418186914,0
12018,37815,1418186914,0
12018,52369,1418186914,1
12018,41145,1418186914,1
12018,45729,1418186914,0
12018,52538,1418186914,1
12018,43972,1418186914,-1
12018,40320,1418186914,-1
12018,38029,1418186914,0
12018,46194,1418186914,1
12018,39580,1418186914,0
12018,47520,1418186914,0
12018,39488,1418186914,0
12018,52331,1418186914,1
12018,42835,1418186914,0
12018,44565,1418186914,1
12018,39818,1418186914,0
12018,46052,1418186914,0
12018,37742,1418186914,0
12018,46988,1418186914,-1
12018,43221,1418186914,-1
12018,39576,1418186914,0
12018,45920,1418186914,0
12018,46055,1418186914,1
12018,43854,1418186914,1
12018,46132,1418186914,1
12018,37749,1418186914,-1
12018,46766,1418186914,-1
12018,47490,1418186914,1
12018,46171,1418186914,0
12020,45949,1421141998,0
12020,37742,1421729186,1
12020,39485,1421729186,0
12020,46051,1421141998,0
12020,47614,1421141998,1
12020,57115,1421141998,0
12020,41865,1421141998,1
12020,45266,1421729186,1
12020,46943,1421729186,1
12020,46114,1421141998,1
12020,39578,1421729186,0
12020,45974,1421141998,0
12020,39750,1421729186,0
12020,44476,1421729186,0
12020,43037,1421141998,0
12020,43946,1421141998,0
12020,39788,1421141998,1
12020,45892,1421729186,-1
12020,46276,1421729186,1
12020,44564,1421141998,0
12020,52355,1421141998,0
12020,43981,1421729186,1
12020,46983,1421141998,0
12020,46207,1421141998,-1
12020,44067,1421729186,0
12020,46988,1421729186,1
12020,44469,1421141998,1
12020,37746,1421141998,0
12020,45917,1421141998,1
12020,37747,1421729186,-1
12020,42787,1421729186,-1
12020,45700,1421729186,0
12020,37832,1421729186,0
12020,41062,1421729186,-1
12020,47490,1421141998,-1
12020,39748,1421141998,0
12020,43834,1421141998,0
12020,41145,1421141998,1
12020,39347,1421141998,-1
12020,46095,1421729186,1
12020,47520,1421729186,0
12020,43940,1421729186,0
12020,52271,1421141998,1
12020,41658,1421729186,-1
12020,44238,1421141998,0
12020,39598,1421141998,0
12020,44483,1421729186,-1
12020,39502,1421729186,0
12020,52355,1421729186,0
12020,43221,1421729186,1
12020,42868,1421729186,0
12020,39717,1421141998,1
12020,44464,1421729186,-1
12020,43972,1421729186,1
12020,39684,1421729186,0
12020,44445,1421729186,0
12020,46129,1421729186,0
12020,46027,1421141998,1
12020,39489,1421729186,0
12020,46288,1421141998,-1
12021,44067,1421663636,0
12021,40787,1421662454,1
12021,39618,1421663636,1
12021,46259,1421663636,1
12021,39925,1421663636,0
12021,44564,1421663636,0
12021,42866,1421662454,1
12021,40077,1421662454,-1
12021,42968,1421662454,-1
12021,44464,1421662454,-1
12021,46296,1421663636,-1
12021,43777,1421663636,0
12021,45756,1421662454,-1
12021,39917,1421662454,1
12021,46119,1421662454,-1
12021,43836,1421662454,-1
12021,46153,1421663636,-1
12021,47612,1421663636,0
12021,52340,1421662454,1
12021,46060,1421662454,1
12021,44238,1421662454,0
12021,42770,1421662454,1
12021,44070,1421663636,0
12021,46054,1421662454,0
12021,37815,1421663636,0
12021,39349,1421663636,0
12021,39717,1421663636,1
12021,46145,1421662454,0
12021,52538,1421663636,1
12021,41794,1421663636,0
12021,45943,1421663636,1
12021,52261,1421663636,1
12021,45759,1421662454,1
12021,45536,1421662454,-1
12021,46289,1421663636,-1
12021,45921,1421663636,0
12021,46086,1421663636,1
12021,43328,1421662454,0
12021,43842,1421662454,-1
12021,46960,1421662454,0
12021,46111,1421663636,1
12021,52355,1421663636,0
12021,39502,1421662454,0
12021,37746,1421662454,-1
12021,46095,1421662454,1
12021,39684,1421662454,0
12021,39586,1421662454,1
12021,46111,1421662454,-1
12021,46051,1421662454,-1
12021,39577,1421663636,0
12021,45947,1421663636,1
12021,38071,1421663636,0
12021,46723,1421662454,0
12021,41285,1421663636,1
12021,43851,1421662454,0
12021,44067,1421662454,0
12021,39580,1421662454,0
12021,47881,1421662454,0
12021,40787,1421663636,-1
12021,45892,1421663636,0
12027,43946,1418979408,0
12027,43834,1418979408,0
12027,42966,1418979408,1
12027,47180,1418979408,0
12027,43410,1418979408,1
12027,45892,1418979408,0
12027,46184,1418979408,0
12027,45949,1418979408,0
12027,47600,1418979408,1
12027,46054,1418979408,1
12027,43037,1418979408,0
12027,52491,1418979408,-1
12027,39748,1418979408,0
12027,46072,1418979408,1
12027,40320,1418979408,-1
12027,45893,1418979408,0
12027,42865,1418979408,1
12027,52538,1418979408,1
12027,46097,1418979408,0
12027,47881,1418979408,0
12027,41329,1418979408,0
12027,46211,1418979408,1
12027,41640,1418979408,1
12027,43832,1418979408,0
12027,39556,1418979408,-1
12027,46243,1418979408,1
12027,46051,1418979408,0
12027,46060,1418979408,1
12027,46005,1418979408,1
12027,46027,1418979408,1
12027,46114,1418979408,1
12027,46017,1418979408,1
12027,42770,1418979408,1
12027,41145,1418979408,1
12027,39595,1418979408,-1
12027,44567,1418979408,-1
12027,44464,1418979408,-1
12027,42871,1421584171,1
12027,41076,1418979408,0
12027,52540,1418979408,1
12027,52259,1418979408,0
12027,46287,1418979408,-1
12027,42939,1418979408,-1
12027,52263,1418979408,-1
12027,45976,1418979408,0
12027,44284,1418979408,0
12027,57114,1418979408,0
12027,45943,1418979408,1
12027,45759,1418979408,1
12027,46304,1418979408,1
12027,41264,1418979408,1
12027,46247,1418979408,1
12027,40077,1418979408,-1
12027,39799,1418979408,-1
12027,46271,1418979408,0
12027,52261,1418979408,1
12027,37793,1418979408,0
12027,42935,1418979408,0
12027,41026,1418979408,0
12027,52238,1418979408,1
12028,45943,1421583679,-1
12028,37746,1419308315,1
12028,39684,1419308315,0
12028,43948,1419308315,0
12028,45943,1419308315,1
12028,41794,1419308315,0
12028,46901,1421583679,-1
12028,46259,1421583679,-1
12028,46976,1419308315,1
12028,46055,1421583679,-1
12028,46208,1421583679,0
12028,47519,1421583679,0
12028,46156,1421583679,1
12028,46111,1421583679,-1
12028,45307,1421583679,0
12028,41145,1421583679,-1
12028,47609,1421583679,0
12028,39578,1421583679,0
12028,52368,1421583679,-1
12028,45969,1421583679,0
12028,52344,1421583679,0
12028,46243,1419308315,0
12028,39788,1421583679,-1
12028,46052,1419308315,0
12028,41715,1421583679,1
12028,43586,1419308315,-1
12028,46211,1421583679,-1
12028,52259,1421583679,-1
12028,43126,1421583679,1
12028,44067,1421583679,0
12028,43842,1421583679,-1
12028,47473,1419308315,0
12028,52538,1421583679,-1
12028,42966,1421583679,-1
12028,45733,1421583679,1
12028,52259,1419308315,1
12028,47508,1421583679,-1
12028,39489,1421583679,0
12028,45969,1419308315,0
12028,52340,1419308315,-1
12028,52340,1421583679,1
12028,39226,1419308315,-1
12028,39497,1421583679,1
12028,46017,1419308315,0
12028,46066,1421583679,-1
12028,47606,1421583679,0
12028,47508,1419308315,1
12028,46960,1421583679,0
12028,43854,1421583679,-1
12028,46901,1419308315,1
12028,44238,1419308315,0
12028,38071,1419308315,0
12028,46098,1419308315,0
12028,45245,1421583679,0
12028,46204,1421583679,-1
12028,41026,1419308315,0
12028,37793,1419308315,0
12028,46097,1419308315,0
12028,45764,1421583679,-1
12028,46289,1421583679,1
12029,41529,1421583131,-1
12029,46262,1421583131,1
12029,52261,1421583131,1
12029,40297,1421583131,1
12029,39226,1421583131,-1
12029,39488,1421583131,0
12029,43972,1421583131,1
12029,45266,1421583131,-1
12029,46055,1421583131,1
12029,46196,1421583131,0
12029,39750,1421583131,0
12029,37748,1421583131,0
12029,43867,1421583131,1
12029,41304,1421583131,1
12029,42770,1421583131,1
12029,39818,1421583131,0
12029,43586,1421583131,-1
12029,46051,1421583131,1
12029,42955,1421583131,1
12029,45940,1421583131,0
12029,52540,1421583131,1
12029,39598,1421583131,0
12029,39347,1421583131,-1
12029,41134,1421583131,-1
12029,43842,1421583131,1
12029,41366,1421583131,0
12029,46072,1421583131,1
12029,39349,1421583131,0
12029,38073,1421583131,0
12029,46204,1421583131,1
12029,40787,1421583131,-1
12029,39579,1421583131,0
12029,44567,1421583131,1
12029,45733,1421583131,-1
12029,45950,1421583131,1
12029,43940,1421583131,0
12029,47508,1421583131,1
12029,39557,1421583131,-1
12029,45245,1421583131,0
12029,40320,1421583131,-1
12029,39717,1421583131,1
12029,45764,1421583131,1
12029,43854,1421583131,1
12029,41264,1421583131,1
12029,38029,1421583131,0
12029,38064,1421583131,-1
12029,45756,1421583131,1
12029,45892,1421583131,0
12029,46249,1421583131,-1
12029,44300,1421583131,0
12029,39489,1421583131,0
12029,43328,1421583131,0
12029,39917,1421583131,-1
12029,46233,1421583131,1
12029,46212,1421583131,1
12029,46988,1421583131,-1
12029,42725,1421583131,0
12029,45976,1421583131,0
12029,46132,1421583131,1
12029,37742,1421583131,1
12033,46097,1418893075,0
12033,46098,1418893075,0
12033,46095,1418893075,0
12033,41145,1418893075,1
12033,44445,1418893075,1
12033,44310,1418893075,0
12033,43948,1418893075,0
12033,44550,1418893075,0
12033,44238,1418893075,0
12033,43832,1418893075,0
12033,43832,1421582297,0
12033,44238,1421582297,0
12033,44550,1421582297,0
12033,43948,1421582297,0
12033,44310,1421582297,0
12033,44445,1421582297,1
12033,41145,1421582297,1
12033,46095,1421582297,0
12033,46098,1421582297,0
12033,46097,1421582297,0
12034,46153,1418812219,-1
12034,43008,1421582141,-1
12034,44565,1421582141,-1
12034,44469,1418812219,1
12034,41285,1418812219,1
12034,37746,1418812219,1
12034,38071,1418812219,0
12034,46204,1421582141,-1
12034,39488,1418812219,0
12034,42833,1421582141,0
12034,52344,1421582141,0
12034,40287,1418812219,0
12034,37793,1418812219,0
12034,41134,1418812219,-1
12034,45888,1421582141,0
12034,46196,1421582141,0
12034,52355,1421582141,0
12034,41529,1421582141,1
12034,39818,1418812219,0
12034,46054,1421582141,-1
12034,37742,1421582141,-1
12034,44466,1421582141,-1
12034,45733,1421582141,1
12034,45943,1421582141,-1
12034,44564,1418812219,0
12034,56815,1418812219,-1
12034,46145,1421582141,0
12034,39586,1421582141,-1
12034,52263,1421582141,1
12034,43851,1418812219,0
12034,39818,1421582141,0
12034,45976,1421582141,0
12034,47614,1421582141,0
12034,37749,1418812219,-1
12034,37742,1418812219,0
12034,39557,1421582141,1
12034,52259,1418812219,1
12034,43867,1418812219,1
12034,46233,1418812219,1
12034,42725,1418812219,0
12034,39226,1418812219,-1
12034,47695,1421582141,1
12034,47683,1421582141,-1
12034,39577,1418812219,0
12034,39750,1418812219,0
12034,52331,1418812219,1
12034,39349,1421582141,0
12034,39580,1418812219,0
12034,37815,1421582141,0
12034,45941,1421582141,-1
12034,46207,1421582141,-1
12034,39917,1421582141,1
12034,45949,1418812219,1
12034,43839,1421582141,0
12034,43854,1421582141,-1
12034,46723,1421582141,0
12034,39556,1418812219,-1
12034,43972,1418812219,1
12034,39597,1418812219,1
12034,37748,1421582141,0
12038,46233,1421402269,-1
12038,43328,1421402269,0
12038,37742,1421329786,1
12038,46296,1421329786,-1
12038,56815,1421329786,-1
12038,47508,1421329420,-1
12038,46204,1421402269,-1
12038,41865,1421329786,1
12038,41062,1421329786,1
12038,46196,1421329786,0
12038,43586,1421402269,1
12038,43854,1421329420,-1
12038,45947,1421329786,1
12038,46303,1421402269,1
12038,43836,1421402269,-1
12038,52540,1421329420,-1
12038,46184,1421402269,0
12038,45920,1421329420,0
12038,45764,1421329420,-1
12038,44550,1421329420,0
12038,46304,1421402269,-1
12038,41628,1421329420,0
12038,45892,1421402269,0
12038,47508,1421329786,1
12038,43008,1421329786,1
12038,41608,1421329420,0
12038,43981,1421329420,1
12038,47598,1421402269,0
12038,41304,1421329420,-1
12038,41865,1421402269,-1
12038,41026,1421329420,0
12038,46296,1421329420,1
12038,46097,1421329420,0
12038,44066,1421329786,0
12038,39497,1421329786,-1
12038,37748,1421329420,0
12038,52344,1421402269,0
12038,41678,1421329786,0
12038,38073,1421402269,0
12038,46120,1421329420,1
12038,39580,1421329786,0
12038,37747,1421329786,1
12038,52243,1421329786,-1
12038,42833,1421329420,0
12038,46054,1421402269,-1
12038,39577,1421402269,0
12038,44551,1421329420,0
12038,45700,1421329786,0
12038,46194,1421329420,0
12038,39557,1421329786,-1
12038,42725,1421329420,0
12038,44238,1421329786,0
12038,45733,1421329786,-1
12038,46097,1421402269,0
12038,42787,1421329786,1
12038,45949,1421329786,1
12038,46111,1421329420,-1
12038,44551,1421402269,0
12038,38064,1421329420,1
12038,41026,1421329786,0
12041,47180,1421162611,0
12041,46111,1421162611,1
12041,47683,1421162611,1
12041,45940,1421233561,0
12041,39488,1421233561,0
12041,45536,1421233561,-1
12041,39524,1421233561,-1
12041,46262,1421233561,-1
12041,37749,1421162611,-1
12041,39580,1421233561,0
12041,37793,1421233561,0
12041,40297,1421162611,1
12041,52263,1421233561,1
12041,46205,1421233561,-1
12041,46303,1421162611,-1
12041,46066,1421233561,-1
12041,46132,1421233561,-1
12041,52331,1421233561,-1
12041,46271,1421233561,-1
12041,47508,1421162611,1
12041,45950,1421233561,-1
12041,41366,1421162611,0
12041,46262,1421162611,1
12041,38064,1421162611,-1
12041,46072,1421233561,-1
12041,39598,1421233561,0
12041,37742,1421162611,1
12041,44565,1421233561,-1
12041,41062,1421233561,-1
12041,45921,1421233561,0
12041,44476,1421233561,0
12041,43777,1421233561,0
12041,52540,1421162611,1
12041,46153,1421233561,1
12041,38071,1421162611,0
12041,45949,1421162611,1
12041,43586,1421162611,-1
12041,47693,1421233561,0
12041,46988,1421162611,-1
12041,46205,1421162611,1
12041,44310,1421162611,0
12041,39684,1421233561,0
12041,43851,1421233561,0
12041,41432,1421233561,-1
12041,46943,1421233561,1
12041,44300,1421162611,0
12041,45947,1421233561,-1
12041,39818,1421233561,0
12041,37815,1421233561,0
12041,47602,1421162611,1
12041,42871,1421233561,-1
12041,45973,1421162611,1
12041,41304,1421162611,1
12041,46208,1421233561,0
12041,44071,1421162611,0
12041,52369,1421233561,-1
12041,52263,1421162611,-1
12041,43586,1421233561,1
12041,39750,1421233561,0
12041,46054,1421233561,-1
12043,46046,1421183400,0
12043,46046,1421183634,0
12044,42770,1421183400,-1
12044,46086,1421051556,-1
12044,38071,1421183628,0
12044,42770,1421071870,1
12044,43972,1421071870,1
12044,37748,1421071870,0
12044,46055,1421071870,1
12044,39818,1421183628,0
12044,44553,1421071870,-1
12044,40302,1421183628,0
12044,46196,1421071870,0
12044,40107,1421183400,0
12044,43972,1421183400,-1
12044,39577,1421071870,0
12044,46171,1421071870,1
12044,45940,1421071870,0
12044,47601,1421071870,1
12044,52368,1421051589,1
12044,52355,1421051556,0
12044,41145,1421071870,1
12044,47612,1421051589,1
12044,41145,1421183400,-1
12044,43852,1421051589,1
12044,46072,1421183628,1
12044,46145,1421051589,0
12044,41285,1421183400,-1
12044,45920,1421183628,0
12044,46111,1421183400,-1
12044,45764,1421051556,-1
12044,52261,1421051556,-1
12044,43586,1421071870,-1
12044,44066,1421051556,0
12044,52340,1421071870,-1
12044,52238,1421051589,1
12044,45716,1421183628,0
12044,52556,1421051556,0
12044,39618,1421071870,1
12044,42835,1421071870,0
12044,39302,1421183400,1
12044,44565,1421071870,1
12044,47180,1421051556,0
12044,46271,1421071870,1
12044,45950,1421051556,-1
12044,37749,1421183400,1
12044,39597,1421071870,1
12044,45934,1421183628,0
12044,42835,1421183400,0
12044,39578,1421183628,0
12044,45729,1421051589,0
12044,42955,1421051556,-1
12044,45536,1421051556,-1
12044,42833,1421051556,0
12044,44748,1421183400,1
12044,46171,1421051589,1
12044,45893,1421183400,0
12044,43972,1421051589,1
12044,42787,1421051556,-1
12044,47614,1421051589,1
12044,41145,1421183628,1
12044,46723,1421183628,0
12048,46943,1421147276,-1
12048,39524,1421147276,1
12048,47603,1421147581,-1
12048,45700,1421147581,0
12048,46303,1421147581,1
12048,42955,1421147276,1
12048,43867,1421147276,1
12048,39797,1421147581,-1
12048,38029,1421147276,0
12048,46153,1421147581,1
12048,41794,1421147581,0
12048,43940,1421147276,0
12048,46184,1421147581,0
12048,45892,1421147581,0
12048,39797,1421147276,1
12048,46019,1421147276,0
12048,47612,1421147276,1
12048,46095,1421147276,1
12048,41304,1421147276,1
12048,41357,1421147276,1
12048,46145,1421147276,0
12048,37815,1421147581,0
12048,45976,1421147276,0
12048,44748,1421147276,-1
12048,46262,1421147581,-1
12048,46233,1421147276,1
12048,39578,1421147581,0
12048,41432,1421147276,1
12048,39577,1421147581,0
12048,46086,1421147276,1
12048,46303,1421147276,-1
12048,45716,1421147581,0
12048,45947,1421147276,1
12048,46156,1421147276,-1
12048,42871,1421147276,1
12048,39557,1421147276,-1
12048,43328,1421147276,0
12048,46276,1421147276,-1
12048,39597,1421147581,-1
12048,47609,1421147276,1
12048,40302,1421147581,0
12048,37793,1421147581,0
12048,45943,1421147581,-1
12048,41678,1421147276,0
12048,44070,1421147581,0
12048,46960,1421147276,0
12048,45388,1421147581,0
12048,52369,1421147581,-1
12048,42770,1421147581,-1
12048,42787,1421147276,1
12048,42871,1421147581,-1
12048,46097,1421147581,0
12048,44480,1421147581,0
12048,46296,1421147276,-1
12048,46205,1421147581,-1
12048,45536,1421147276,1
12048,47519,1421147581,0
12048,37748,1421147276,0
12048,44567,1421147581,-1
12048,41304,1421147581,-1
12050,39497,1421142726,1
12050,39595,1421142726,1
12050,41865,1421142726,-1
12050,44445,1421142726,-1
12050,39524,1421142726,-1
12050,43836,1421142726,-1
12050,46120,1421142726,1
12050,45266,1421142726,1
12050,45716,1421142726,0
12050,46204,1421142726,-1
12050,46196,1421142726,0
12050,45976,1421142726,0
12050,45700,1421142726,0
12050,46171,1421142726,-1
12050,46296,1421142726,1
12050,44553,1421142726,1
12050,39597,1421142726,-1
12050,46019,1421142726,0
12050,39609,1421142726,1
12050,47612,1421142726,-1
12050,37748,1421142726,0
12050,47606,1421142726,-1
12050,39618,1421142726,-1
12050,45729,1421142726,0
12050,42966,1421142726,-1
12050,44483,1421142726,-1
12050,41062,1421142726,-1
12050,42770,1421142726,-1
12050,39302,1421142726,1
12050,52540,1421142726,-1
12050,52344,1421142726,0
12050,43839,1421142726,0
12050,45949,1421142726,-1
12050,47598,1421142726,0
12050,46194,1421142726,0
12050,46259,1421142726,-1
12050,46072,1421142726,-1
12050,43832,1421142726,0
12050,46243,1421142726,0
12050,47519,1421142726,0
12050,43328,1421142726,0
12050,43981,1421142726,1
12050,39788,1421142726,-1
12050,47473,1421142726,0
12050,44242,1421142726,0
12050,41134,1421142726,1
12050,46233,1421142726,-1
12050,39557,1421142726,1
12050,46723,1421142726,0
12050,43948,1421142726,0
12050,42787,1421142726,-1
12050,42835,1421142726,0
12050,45974,1421142726,0
12050,44066,1421142726,0
12050,43842,1421142726,-1
12050,44550,1421142726,0
12050,46943,1421142726,1
12050,41529,1421142726,1
12050,46271,1421142726,-1
12050,43008,1421142726,-1
12054,47473,1421061589,0
12054,45949,1421061589,1
12054,45756,1421061451,-1
12054,44067,1421061589,0
12054,47607,1421061589,1
12054,39347,1421061589,-1
12054,37793,1421061451,0
12054,45969,1421061589,0
12054,46027,1421061451,-1
12054,43335,1421061451,1
12054,47598,1421061589,0
12054,41432,1421061451,-1
12054,43008,1421061451,-1
12054,45716,1421061589,0
12054,45921,1421061451,0
12054,46254,1421061451,-1
12054,42770,1421061589,1
12054,45950,1421061451,-1
12054,39557,1421061451,1
12054,41026,1421061451,0
12054,47683,1421061451,-1
12054,46132,1421061451,-1
12054,39922,1421061589,0
12054,47655,1421061451,-1
12054,40297,1421061451,-1
12054,42865,1421061451,-1
12054,52340,1421061589,-1
12054,44748,1421061451,1
12054,39818,1421061451,0
12054,39618,1421061589,1
12054,42955,1421061589,1
12054,56815,1421061451,1
12054,45934,1421061589,0
12054,41357,1421061589,1
12054,44066,1421061589,0
12054,46723,1421061451,0
12054,40302,1421061589,0
12054,42835,1421061451,0
12054,44238,1421061589,0
12054,46211,1421061451,-1
12054,45929,1421061589,0
12054,37746,1421061451,-1
12054,40297,1421061589,1
12054,41285,1421061451,-1
12054,52538,1421061589,1
12054,46208,1421061589,0
12054,44480,1421061451,0
12054,46249,1421061589,-1
12054,43854,1421061589,1
12054,45744,1421061589,0
12054,46097,1421061451,0
12054,52540,1421061589,1
12054,42934,1421061589,0
12054,46766,1421061451,1
12054,39684,1421061589,0
12054,44567,1421061451,-1
12054,44300,1421061451,0
12054,45950,1421061589,1
12054,41715,1421061451,1
12054,43777,1421061451,0
12056,38029,1421049837,0
12056,43335,1421049837,1
12056,41715,1421049837,1
12056,52369,1421050071,1
12056,46960,1421050071,0
12056,44310,1421050071,0
12056,46051,1421050071,1
12056,52238,1421050071,1
12056,45307,1421050071,0
12056,37748,1421049837,0
12056,46017,1421050071,1
12056,45947,1421049837,-1
12056,46276,1421050071,-1
12056,45733,1421049837,1
12056,43842,1421050071,1
12056,41134,1421050071,-1
12056,44242,1421049837,0
12056,45917,1421049837,1
12056,45956,1421050071,0
12056,41357,1421049837,0
12056,45934,1421050071,0
12056,44483,1421049837,-1
12056,45729,1421050071,0
12056,40077,1421049837,-1
12056,42947,1421049837,1
12056,45536,1421049837,-1
12056,41062,1421050071,1
12056,46254,1421050071,1
12056,39684,1421049837,0
12056,43940,1421050071,0
12056,39922,1421050071,0
12056,44483,1421050071,1
12056,47508,1421050071,1
12056,44464,1421050071,1
12056,39797,1421050071,1
12056,39577,1421049837,0
12056,45920,1421050071,0
12056,46072,1421049837,1
12056,44238,1421050071,0
12056,42770,1421050071,1
12056,47508,1421049837,-1
12056,43946,1421049837,0
12056,56815,1421050071,-1
12056,43842,1421049837,-1
12056,44445,1421050071,1
12056,46960,1421049837,0
12056,46211,1421050071,1
12056,44476,1421049837,0
12056,46191,1421049837,1
12056,47606,1421050071,1
12056,46111,1421050071,1
12056,46766,1421050071,-1
12056,47520,1421050071,0
12056,37746,1421049837,-1
12056,46153,1421050071,-1
12056,44071,1421050071,0
12056,43335,1421050071,-1
12056,45388,1421049837,0
12056,41865,1421050071,1
12056,37855,1421049837,0
12059,39684,1420536364,0
12059,46129,1420536224,0
12059,43842,1420536364,-1
12059,47695,1420536364,1
12059,47490,1420536364,-1
12059,40107,1420536224,0
12059,52369,1420536364,-1
12059,46145,1420536364,0
12059,45950,1420536364,-1
12059,47600,1420536224,1
12059,45943,1420536364,-1
12059,39797,1420536224,1
12059,37746,1420536224,0
12059,45700,1420536364,0
12059,39748,1420536224,0
12059,43832,1420536224,0
12059,45892,1420536364,0
12059,39922,1420536364,0
12059,41794,1420536224,0
12059,46271,1420536224,0
12059,41304,1420536364,-1
12059,41145,1420536224,1
12059,41304,1420536224,1
12059,39497,1420536364,1
12059,39586,1420536224,1
12059,39489,1420536364,0
12059,39579,1420536364,0
12059,44553,1420536364,1
12059,45920,1420536364,0
12059,40287,1420536364,0
12059,45245,1420536364,0
12059,44483,1420536224,1
12059,41357,1420536224,1
12059,42966,1420536224,1
12059,39299,1420536364,0
12059,44466,1420536224,1
12059,46086,1420536364,-1
12059,45106,1420536224,0
12059,43851,1420536364,0
12059,46303,1420536364,1
12059,39226,1420536224,-1
12059,41026,1420536364,0
12059,39485,1420536364,0
12059,40302,1420536364,0
12059,46132,1420536364,-1
12059,44564,1420536364,0
12059,46060,1420536224,1
12059,46943,1420536364,1
12059,45929,1420536364,0
12059,46247,1420536224,1
12059,45955,1420536224,1
12059,46249,1420536364,1
12059,39799,1420536224,-1
12059,44300,1420536224,-1
12059,44445,1420536224,0
12059,42865,1420536364,-1
12059,45245,1420536224,0
12059,46114,1420536364,-1
12059,45973,1420536364,-1
12059,44071,1420536364,0
12062,46017,1418374047,0
12062,46060,1418374047,-1
12062,46017,1420453334,1
12063,46304,1415140949,-1
12063,45941,1420236388,-1
12063,46111,1415141052,1
12063,44480,1420236735,0
12063,44483,1415140949,0
12063,44483,1420236388,-1
12063,41725,1420236735,-1
12063,44553,1420236388,1
12063,39684,1415140949,0
12063,37748,1420236388,0
12063,47490,1420236735,1
12063,46072,1415141052,1
12063,43940,1420236388,0
12063,39488,1420236735,0
12063,46723,1415141052,0
12063,43586,1415141052,-1
12063,41062,1415140949,-1
12063,43008,1420236388,-1
12063,45266,1420236388,1
12063,41145,1415140949,1
12063,46051,1415141052,1
12063,46943,1420236388,1
12063,39577,1420236735,0
12063,43867,1420236388,-1
12063,39618,1420236388,-1
12063,46723,1420236388,0
12063,39349,1420236388,0
12063,39577,1420236388,0
12063,45940,1420236735,0
12063,37746,1420236735,1
12063,44469,1420236735,1
12063,39580,1420236388,0
12063,44066,1420236388,0
12063,46153,1415140949,1
12063,39750,1415141052,0
12063,46276,1415140949,1
12063,37742,1415141052,0
12063,46184,1415141052,0
12063,46091,1415140949,0
12063,56815,1420236735,-1
12063,39299,1420236388,0
12063,44067,1415141052,0
12063,43948,1420236735,0
12063,44748,1420236388,1
12063,39489,1420236735,0
12063,47693,1420236388,0
12063,46097,1420236388,0
12063,45950,1420236735,1
12063,46259,1420236388,-1
12063,46976,1420236388,-1
12063,42966,1420236388,-1
12063,44553,1415141052,-1
12063,57114,1420236735,0
12063,43981,1420236735,-1
12063,46211,1420236735,1
12063,42868,1420236735,0
12063,44071,1415141052,0
12063,44748,1420236735,-1
12063,42835,1415140949,0
12063,42787,1420236388,-1
12071,44483,1419420457,0
12073,44483,1419409880,1
12075,45940,1419397593,0
12075,46027,1419397593,-1
12075,46936,1419397593,-1
12075,45729,1419397593,0
12075,46156,1419397593,1
12075,39618,1419397593,-1
12075,43854,1419397593,-1
12075,46095,1419397593,0
12075,46304,1419397593,-1
12075,56815,1419397593,1
12075,44238,1419397593,0
12075,46052,1419397593,0
12075,44464,1419397593,-1
12075,43335,1419397593,1
12075,46243,1419397593,0
12075,52369,1419397593,-1
12075,40302,1419397593,0
12075,52368,1419397593,-1
12075,46233,1419397593,-1
12075,39595,1419397593,1
12075,52243,1419397593,1
12075,39302,1419397593,1
12075,41264,1419397593,-1
12075,44483,1419397593,-1
12075,44565,1419397593,-1
12075,52261,1419397593,-1
12075,43972,1419397593,-1
12075,46132,1419397593,-1
12075,45950,1419397593,-1
12075,44476,1419397593,0
12075,47519,1419397593,0
12075,46086,1419397593,-1
12075,52556,1419397593,0
12075,47508,1419397593,-1
12075,43221,1419397593,1
12075,44066,1419397593,0
12075,46289,1419397593,1
12075,46766,1419397593,1
12075,45892,1419397593,0
12075,42835,1419397593,0
12075,39557,1419397593,1
12075,45700,1419397593,0
12075,39797,1419397593,-1
12075,38029,1419397593,0
12075,52331,1419397593,-1
12075,46303,1419397593,1
12075,43940,1419397593,0
12075,52340,1419397593,1
12075,46971,1419397593,0
12075,52259,1419397593,-1
12075,45943,1419397593,-1
12075,46211,1419397593,-1
12075,39586,1419397593,-1
12075,45949,1419397593,-1
12075,46276,1419397593,1
12075,47520,1419397593,0
12075,37747,1419397593,-1
12075,43328,1419397593,0
12075,45976,1419397593,0
12075,46153,1419397593,1
12079,39925,1419327314,0
12079,43842,1419327314,-1
12079,45307,1419327314,0
12079,41062,1419327314,-1
12079,52369,1419327314,-1
12079,43836,1419327314,-1
12079,45716,1419327314,0
12079,46276,1419327314,1
12079,47600,1419327314,-1
12079,45744,1419327314,0
12079,41134,1419327314,1
12079,44300,1419327314,0
12079,44066,1419327314,0
12079,41145,1419327314,-1
12079,39597,1419327314,-1
12079,45892,1419327314,0
12079,37746,1419327314,-1
12079,46212,1419327314,-1
12079,45729,1419327314,0
12079,44564,1419327314,0
12079,46171,1419327314,-1
12079,46259,1419327314,-1
12079,39497,1419327314,1
12079,45941,1419327314,-1
12079,40302,1419327314,0
12079,37742,1419327314,0
12079,39579,1419327314,0
12079,46095,1419327314,0
12079,41264,1419327314,-1
12079,41640,1419327314,-1
12079,44550,1419327314,0
12079,45733,1419327314,1
12079,40787,1419327314,1
12079,45921,1419327314,0
12079,42968,1419327314,-1
12079,41725,1419327314,1
12079,43854,1419327314,-1
12079,45950,1419327314,-1
12079,46111,1419327314,-1
12079,43852,1419327314,-1
12079,44567,1419327314,-1
12079,46243,1419327314,0
12079,46205,1419327314,-1
12079,46766,1419327314,1
12079,39609,1419327314,1
12079,39750,1419327314,0
12079,47180,1419327314,0
12079,45893,1419327314,0
12079,45388,1419327314,0
12079,46184,1419327314,0
12079,46114,1419327314,-1
12079,45976,1419327314,0
12079,42833,1419327314,0
12079,37793,1419327314,0
12079,46936,1419327314,-1
12079,41794,1419327314,0
12079,43867,1419327314,-1
12079,46097,1419327314,0
12079,46132,1419327314,-1
12079,46254,1419327314,-1
12081,45245,1419327210,0
12081,46132,1419327210,1
12081,42966,1419327210,1
12081,46723,1419327210,0
12081,45888,1419327210,0
12081,42787,1419327210,1
12081,39595,1419327210,-1
12081,43009,1419327210,0
12081,42968,1419327210,1
12081,38073,1419327210,0
12081,45307,1419327210,0
12081,46233,1419327210,1
12081,46304,1419327210,1
12081,46901,1419327210,1
12081,44242,1419327210,0
12081,45943,1419327210,1
12081,46095,1419327210,0
12081,47490,1419327210,1
12081,43981,1419327210,-1
12081,39618,1419327210,1
12081,44567,1419327210,1
12081,47519,1419327210,0
12081,44553,1419327210,-1
12081,40787,1419327210,-1
12081,40320,1419327210,-1
12081,45744,1419327210,0
12081,46086,1419327210,1
12081,39347,1419327210,-1
12081,46271,1419327210,1
12081,46114,1419327210,1
12081,45893,1419327210,0
12081,43328,1419327210,0
12081,39302,1419327210,-1
12081,46098,1419327210,0
12081,44445,1419327210,1
12081,45921,1419327210,0
12081,52540,1419327210,1
12081,45266,1419327210,-1
12081,41715,1419327210,-1
12081,39922,1419327210,0
12081,37815,1419327210,0
12081,41062,1419327210,1
12081,39597,1419327210,1
12081,41865,1419327210,1
12081,45969,1419327210,0
12081,39717,1419327210,1
12081,46205,1419327210,1
12081,45920,1419327210,0
12081,45947,1419327210,1
12081,44300,1419327210,0
12081,47655,1419327210,1
12081,47180,1419327210,0
12081,45934,1419327210,0
12081,46976,1419327210,1
12081,40287,1419327210,0
12081,47473,1419327210,0
12081,46153,1419327210,-1
12081,43221,1419327210,-1
12081,46243,1419327210,0
12081,41285,1419327210,1
12083,39586,1419326986,-1
12083,44464,1419326986,-1
12083,39497,1419326986,1
12083,43832,1419326986,0
12083,39576,1419326986,0
12083,44483,1413941753,0
12083,44564,1419326986,0
12083,44553,1419326986,1
12083,43842,1419326986,-1
12083,47473,1419326986,0
12083,40297,1419326986,-1
12083,44242,1419326986,0
12083,52540,1419326986,-1
12083,37815,1413941753,0
12083,39557,1419326986,1
12083,46171,1419326986,-1
12083,52259,1419326986,-1
12083,42865,1419326986,-1
12083,39925,1419326986,0
12083,45892,1419326986,0
12083,44300,1419326986,0
12083,45974,1419326986,0
12083,46289,1413941753,-1
12083,41062,1419326986,-1
12083,41865,1419326986,-1
12083,46194,1419326986,-1
12083,46091,1419326986,0
12083,46936,1419326986,-1
12083,43126,1419326986,1
12083,39489,1419326986,0
12083,46027,1419326986,-1
12083,39597,1419326986,-1
12083,44310,1419326986,0
12083,46120,1419326986,1
12083,45716,1413941753,0
12083,39917,1419326986,1
12083,45976,1419326986,0
12083,46276,1419326986,1
12083,39580,1419326986,0
12083,45536,1419326986,-1
12083,46052,1419326986,0
12083,44483,1419326986,-1
12083,39595,1419326986,1
12083,46095,1419326986,0
12083,39684,1419326986,0
12083,52368,1419326986,-1
12083,46072,1419326986,-1
12083,45388,1419326986,0
12083,40302,1413941753,0
12083,46184,1419326986,0
12083,45744,1413941753,0
12083,45764,1419326986,-1
12083,45764,1413941753,1
12083,46976,1419326986,-1
12083,46066,1419326986,-1
12083,52238,1419326986,-1
12083,46259,1419326986,-1
12083,45733,1419326986,1
12083,44071,1419326986,0
12083,52556,1419326986,0
12085,45744,1419325023,0
12085,47600,1419325023,1
12085,43842,1419325023,1
12085,45969,1419325023,0
12085,45756,1419325023,1
12085,39586,1419325023,1
12085,46271,1419325023,1
12085,46098,1419325023,0
12085,41062,1419325023,1
12085,43852,1419325023,1
12085,45245,1419325023,0
12085,46052,1419325023,0
12085,44553,1419325023,-1
12085,46943,1419325023,-1
12085,44748,1419325023,-1
12085,45700,1419325023,0
12085,46111,1419325023,1
12085,46184,1419325023,0
12085,43335,1419325023,-1
12085,45729,1419325023,0
12085,46971,1419325023,0
12085,52331,1419325023,1
12085,39717,1419325023,1
12085,44469,1419325023,1
12085,41134,1419325023,-1
12085,39578,1419325023,0
12085,38029,1419325023,0
12085,46120,1419325023,-1
12085,46976,1419325023,1
12085,43948,1419325023,0
12085,47508,1419325023,1
12085,39226,1419325023,-1
12085,41026,1419325023,0
12085,57114,1419325023,0
12085,47695,1419325023,0
12085,39618,1419325023,1
12085,44476,1419325023,0
12085,39917,1419325023,-1
12085,39579,1419325023,0
12085,39557,1419325023,-1
12085,41529,1419325023,-1
12085,44564,1419325023,0
12085,43972,1419325023,1
12085,45888,1419325023,0
12085,46247,1419325023,1
12085,39684,1419325023,0
12085,46208,1419325023,0
12085,46254,1419325023,1
12085,40287,1419325023,0
12085,39489,1419325023,0
12085,44567,1419325023,1
12085,47473,1419325023,0
12085,46249,1419325023,-1
12085,52259,1419325023,1
12085,39580,1419325023,0
12085,46936,1419325023,1
12085,41628,1419325023,0
12085,46194,1419325023,1
12085,45934,1419325023,0
12085,39922,1419325023,0
12094,37815,1419233141,0
12094,46171,1419233141,1
12094,45976,1419233141,0
12094,52540,1419233141,1
12094,46097,1419233141,0
12094,39586,1419233141,1
12094,42868,1419233141,0
12094,39347,1419233141,-1
12094,41640,1419233141,1
12094,41725,1419233141,-1
12094,52331,1419233141,1
12094,39788,1419233141,1
12094,43008,1419233141,1
12094,43854,1419233141,1
12094,45307,1419233141,0
12094,46936,1419233141,1
12094,45716,1419233141,0
12094,39557,1419233141,-1
12094,38071,1419233141,0
12094,47520,1419233141,0
12094,47519,1419233141,0
12094,46211,1419233141,1
12094,45969,1419233141,0
12094,42833,1419233141,0
12094,45934,1419233141,0
12094,46960,1419233141,0
12094,44564,1419233141,0
12094,46194,1419233141,1
12094,45973,1419233141,1
12094,39917,1419233141,-1
12094,43328,1419233141,0
12094,44466,1419233141,0
12094,46098,1419233141,0
12094,42787,1419233141,1
12094,45929,1419233141,0
12094,43836,1419233141,1
12094,45543,1419233141,0
12094,46072,1419233141,1
12094,52538,1419233141,1
12094,44565,1419233141,1
12094,46976,1419233141,1
12094,46153,1419233141,-1
12094,46054,1419233141,1
12094,41145,1419233141,1
12094,44066,1419233141,0
12094,45888,1419233141,0
12094,43972,1419233141,1
12094,45920,1419233141,0
12094,47655,1419233141,-1
12094,42725,1419233141,0
12094,44071,1419233141,0
12094,45266,1419233141,-1
12094,39577,1419233141,0
12094,45733,1419233141,-1
12094,46271,1419233141,1
12094,52243,1419233141,-1
12094,39489,1419233141,0
12094,43851,1419233141,0
12094,46943,1419233141,-1
12094,41715,1419233141,-1
12095,41062,1419231694,-1
12095,45893,1419231694,0
12095,47655,1419231694,1
12095,46271,1419231694,-1
12095,46156,1419231694,1
12095,37746,1419231694,-1
12095,52556,1419231694,0
12095,45949,1419231694,-1
12095,39797,1419231694,-1
12095,45920,1419231694,0
12095,46976,1419231694,-1
12095,44466,1419231694,0
12095,46171,1419231694,-1
12095,46027,1419231694,-1
12095,42968,1419231694,-1
12095,52540,1419231694,-1
12095,41264,1419231694,-1
12095,43842,1419231694,-1
12095,39302,1419231694,1
12095,45388,1419231694,0
12095,46971,1419231694,0
12095,52538,1419231694,-1
12095,42833,1419231694,0
12095,43948,1419231694,0
12095,46114,1419231694,-1
12095,41134,1419231694,1
12095,46723,1419231694,0
12095,43851,1419231694,0
12095,52340,1419231694,1
12095,46233,1419231694,-1
12095,44300,1419231694,0
12095,46243,1419231694,0
12095,42835,1419231694,0
12095,39489,1419231694,0
12095,42868,1419231694,0
12095,52263,1419231694,1
12095,44550,1419231694,0
12095,39788,1419231694,-1
12095,45929,1419231694,0
12095,44464,1419231694,0
12095,39488,1419231694,0
12095,45956,1419231694,0
12095,43836,1419231694,-1
12095,45934,1419231694,0
12095,44469,1419231694,-1
12095,46054,1419231694,-1
12095,40287,1419231694,0
12095,46204,1419231694,-1
12095,45543,1419231694,0
12095,45974,1419231694,0
12095,37742,1419231694,0
12095,42725,1419231694,0
12095,39922,1419231694,0
12095,42865,1419231694,-1
12095,41149,1419231694,-1
12095,46259,1419231694,-1
12095,39598,1419231694,0
12095,39818,1419231694,0
12095,46055,1419231694,-1
12095,41794,1419231694,0
12097,43836,1419032592,1
12097,56815,1419032502,1
12097,42868,1419032502,0
12097,47600,1419032592,1
12097,52261,1419032502,-1
12097,46072,1419032592,1
12097,44553,1419032502,1
12097,42833,1419032502,0
12097,41794,1419032502,0
12097,43851,1419032592,0
12097,41529,1419032592,-1
12097,41145,1419032502,-1
12097,46723,1419032502,0
12097,39226,1419032502,1
12097,45893,1419032502,0
12097,39717,1419032502,-1
12097,44476,1419032502,0
12097,41149,1419032502,-1
12097,39750,1419032592,0
12097,44066,1419032502,0
12097,45756,1419032502,-1
12097,46091,1419032592,0
12097,47695,1419032592,0
12097,45956,1419032502,0
12097,52368,1419032592,1
12097,39485,1419032502,0
12097,43948,1419032502,0
12097,41149,1419032592,1
12097,39717,1419032592,1
12097,46249,1419032502,1
12097,39556,1419032592,-1
12097,46960,1419032502,0
12097,39609,1419032502,1
12097,37815,1419032592,0
12097,46243,1419032502,0
12097,44300,1419032592,0
12097,45950,1419032502,-1
12097,41794,1419032592,0
12097,57114,1419032592,0
12097,39922,1419032592,0
12097,39578,1419032502,0
12097,40787,1419032502,1
12097,39577,1419032502,0
12097,39618,1419032592,1
12097,52369,1419032502,-1
12097,44070,1419032592,0
12097,39557,1419032502,1
12097,43842,1419032592,1
12097,43832,1419032592,0
12097,42934,1419032502,0
12097,40302,1419032502,0
12097,45764,1419032592,1
12097,46205,1419032502,-1
12097,46055,1419032592,1
12097,39488,1419032502,0
12097,41628,1419032502,0
12097,46766,1419032502,1
12097,46027,1419032502,-1
12097,46766,1419032592,-1
12097,45921,1419032502,0
12098,44564,1419027932,0
12098,43009,1419028095,1
12098,52259,1419028095,1
12098,40302,1419027932,0
12098,39576,1419027932,0
12098,41628,1419028095,0
12098,46052,1419027932,0
12098,37748,1419027932,0
12098,37746,1419028095,1
12098,45388,1419027932,0
12098,47508,1419028095,1
12098,46303,1419028095,-1
12098,39609,1419028095,-1
12098,46971,1419028095,0
12098,39579,1419028095,0
12098,41062,1419028095,1
12098,46723,1419028095,0
12098,44066,1419028095,0
12098,39925,1419027932,0
12098,46194,1419027932,-1
12098,42865,1419027932,-1
12098,45700,1419028095,0
12098,42868,1419027932,0
12098,39818,1419028095,0
12098,39347,1419028095,-1
12098,41794,1419027932,0
12098,37747,1419027932,-1
12098,46171,1419027932,-1
12098,39578,1419027932,0
12098,56815,1419028095,-1
12098,44565,1419028095,1
12098,52331,1419027932,-1
12098,39488,1419027932,0
12098,47180,1419028095,0
12098,46296,1419028095,-1
12098,46233,1419027932,-1
12098,46936,1419027932,-1
12098,39578,1419028095,0
12098,43586,1419028095,-1
12098,43328,1419028095,0
12098,43867,1419028095,1
12098,42865,1419028095,1
12098,44564,1419028095,0
12098,46723,1419027932,0
12098,43126,1419027932,1
12098,39925,1419028095,0
12098,39576,1419028095,0
12098,41529,1419028095,-1
12098,37793,1419027932,0
12098,45920,1419027932,0
12098,41149,1419028095,1
12098,46091,1419027932,0
12098,44067,1419027932,0
12098,46976,1419028095,1
12098,39497,1419027932,1
12098,45973,1419028095,1
12098,52238,1419027932,-1
12098,46296,1419027932,1
12098,46066,1419027932,-1
12098,46988,1419027932,1
12103,46205,1418955306,1
12103,39299,1418955306,0
12103,46072,1418955306,1
12103,47508,1418955306,1
12103,43328,1418955306,0
12103,44067,1418955306,0
12103,46259,1418955306,1
12103,37748,1418955306,0
12103,45245,1418955306,0
12103,41026,1418955306,0
12103,43126,1418955306,-1
12103,46254,1418955306,1
12103,39485,1418955306,0
12103,46243,1418955306,0
12103,44066,1418955306,0
12103,46766,1418955306,-1
12103,39577,1418955306,0
12103,45700,1418955306,0
12103,46055,1418955306,1
12103,39595,1418955306,-1
12103,42865,1418955306,1
12103,56815,1418955306,-1
12103,43948,1418955306,0
12103,45536,1418955306,1
12103,47519,1418955306,0
12103,46208,1418955306,0
12103,45716,1418955306,0
12103,46304,1418955306,1
12103,46988,1418955306,-1
12103,45943,1418955306,1
12103,39684,1418955306,0
12103,45920,1418955306,0
12103,43586,1418955306,-1
12103,45756,1418955306,1
12103,46247,1418955306,1
12103,46971,1418955306,0
12103,46120,1418955306,-1
12103,52355,1418955306,0
12103,39748,1418955306,0
12103,41715,1418955306,-1
12103,46054,1418955306,1
12103,46171,1418955306,1
12103,46114,1418955306,1
12103,45892,1418955306,0
12103,45733,1418955306,-1
12103,45941,1418955306,1
12103,43836,1418955306,1
12103,45929,1418955306,0
12103,43832,1418955306,0
12103,43009,1418955306,1
12103,52538,1418955306,1
12103,44070,1418955306,0
12103,44553,1418955306,-1
12103,52238,1418955306,1
12103,43981,1418955306,-1
12103,47180,1418955306,0
12103,47490,1418955306,1
12103,39580,1418955306,0
12103,37746,1418955306,1
12103,57114,1418955306,0
12105,46766,1418950841,1
12105,45388,1418950841,0
12105,44564,1418950812,0
12105,39818,1418950841,0
12105,46153,1418950812,-1
12105,46723,1418950812,0
12105,46254,1418950841,-1
12105,46723,1418950841,0
12105,45956,1418950812,0
12105,45893,1418950841,0
12105,41285,1418950812,1
12105,43940,1418950841,0
12105,44464,1418950841,0
12105,52538,1418950812,1
12105,44238,1418950841,0
12105,52243,1418950812,-1
12105,39302,1418950841,1
12105,39485,1418950812,0
12105,39347,1418950812,-1
12105,44067,1418950841,0
12105,45388,1418950812,0
12105,46296,1418950841,1
12105,52355,1418950841,0
12105,46051,1418950841,-1
12105,44464,1418950812,0
12105,46259,1418950812,1
12105,37742,1418950841,0
12105,44445,1418950841,-1
12105,46212,1418950812,1
12105,52369,1418950841,-1
12105,42865,1418950841,-1
12105,42934,1418950812,0
12105,39489,1418950812,0
12105,40787,1418950841,1
12105,52263,1418950841,1
12105,52340,1418950841,1
12105,39226,1418950841,1
12105,44567,1418950812,1
12105,45940,1418950812,0
12105,46066,1418950841,-1
12105,46766,1418950812,-1
12105,46211,1418950841,-1
12105,39797,1418950812,1
12105,39488,1418950812,0
12105,39556,1418950841,1
12105,46097,1418950841,0
12105,44476,1418950812,0
12105,45921,1418950841,0
12105,45700,1418950841,0
12105,46114,1418950812,1
12105,39557,1418950812,-1
12105,45536,1418950841,-1
12105,37749,1418950812,-1
12105,46971,1418950812,0
12105,45744,1418950841,0
12105,41715,1418950812,-1
12105,46072,1418950841,-1
12105,39598,1418950812,0
12105,46156,1418950841,1
12105,41026,1418950841,0
12107,52369,1418927240,-1
12107,43972,1418927240,-1
12107,44476,1418927240,0
12107,46027,1418927240,-1
12107,44564,1418927240,0
12107,39488,1418927240,0
12107,56815,1418927240,1
12107,40287,1418927240,0
12107,41149,1418927240,-1
12107,40787,1418927240,1
12107,46249,1418927240,1
12107,45245,1418927240,0
12107,46988,1418927240,1
12107,47695,1418927240,0
12107,39497,1418927240,1
12107,44464,1418927240,0
12107,46098,1418927240,0
12107,46017,1418927240,0
12107,39917,1418927240,1
12107,46156,1418927240,1
12107,43867,1418927240,-1
12107,43854,1418927240,-1
12107,45974,1418927240,0
12107,46766,1418927240,1
12107,46289,1418927240,1
12107,43221,1418927240,1
12107,46976,1418927240,-1
12107,43852,1418927240,-1
12107,52243,1418927240,1
12107,41026,1418927240,0
12107,44553,1418927240,1
12107,39578,1418927240,0
12107,44466,1418927240,0
12107,52556,1418927240,0
12107,39598,1418927240,0
12107,42725,1418927240,0
12107,47519,1418927240,0
12107,44067,1418927240,0
12107,43126,1418927240,1
12107,41062,1418927240,-1
12107,41794,1418927240,0
12107,38029,1418927240,0
12107,46901,1418927240,-1
12107,46971,1418927240,0
12107,39922,1418927240,0
12107,37747,1418927240,-1
12107,37815,1418927240,0
12107,46111,1418927240,-1
12107,39577,1418927240,0
12107,45934,1418927240,0
12107,47180,1418927240,0
12107,39788,1418927240,-1
12107,45716,1418927240,0
12107,46960,1418927240,0
12107,45941,1418927240,-1
12107,39302,1418927240,1
12107,42835,1418927240,0
12107,47490,1418927240,-1
12107,44748,1418927240,1
12107,45940,1418927240,0
12112,41357,1418845383,0
12112,41357,1418853210,0
12113,46723,1418845385,0
12113,46723,1418853191,0
12115,37749,1418852904,1
12115,45974,1418852904,0
12115,43842,1418852904,-1
12115,52368,1418852904,-1
12115,46017,1418852904,0
12115,42833,1418852904,0
12115,46243,1418852904,0
12115,45764,1418852904,-1
12115,43335,1418852904,1
12115,46303,1418852904,1
12115,37746,1418852904,-1
12115,37793,1418852904,0
12115,39349,1418852904,0
12115,42865,1418852904,-1
12115,41357,1418852904,0
12115,46111,1418852904,-1
12115,43126,1418852904,1
12115,38029,1418852904,0
12115,38073,1418852904,0
12115,41149,1418852904,-1
12115,46086,1418852904,-1
12115,41628,1418852904,0
12115,46072,1418852904,-1
12115,46204,1418852904,-1
12115,57114,1418852904,0
12115,46766,1418852904,1
12115,39302,1418852904,1
12115,56815,1418852904,1
12115,44466,1418852904,0
12115,47490,1418852904,-1
12115,46901,1418852904,-1
12115,44567,1418852904,-1
12115,41026,1418852904,0
12115,46211,1418852904,-1
12115,44748,1418852904,1
12115,39618,1418852904,-1
12115,46027,1418852904,-1
12115,46156,1418852904,1
12115,45307,1418852904,0
12115,43867,1418852904,-1
12115,46171,1418852904,-1
12115,45744,1418852904,0
12115,47600,1418852904,-1
12115,42835,1418852904,0
12115,45892,1418852904,0
12115,44553,1418852904,1
12115,41145,1418852904,-1
12115,45729,1418852904,0
12115,43852,1418852904,-1
12115,39609,1418852904,1
12115,43972,1418852904,-1
12115,45943,1418852904,-1
12115,40787,1418852904,1
12115,46205,1418852904,-1
12115,52238,1418852904,-1
12115,46296,1418852904,1
12115,46247,1418845387,0
12115,38071,1418852904,0
12115,39818,1418852904,0
12115,41794,1418852904,0
12117,45893,1418842723,0
12117,43126,1418842723,1
12117,52538,1418842810,1
12117,44567,1418842723,-1
12117,43839,1418842723,0
12117,52540,1418842723,-1
12117,46976,1418842723,-1
12117,46205,1418775413,1
12117,43836,1418842810,1
12117,47508,1418842723,-1
12117,39717,1418771790,-1
12117,52369,1418842723,-1
12117,45307,1418842723,0
12117,43008,1418842810,1
12117,46254,1418842723,-1
12117,43842,1418842723,-1
12117,45947,1418771790,-1
12117,43867,1418775413,1
12117,39299,1418842810,0
12117,44242,1418842723,0
12117,40320,1418775413,-1
12117,39788,1418771790,-1
12117,42787,1418842810,1
12117,46249,1418775413,-1
12117,46276,1418775413,-1
12117,39586,1418771790,-1
12117,46132,1418842810,1
12117,47520,1418775413,0
12117,37747,1418842723,-1
12117,52556,1418842810,0
12117,46262,1418842810,1
12117,44242,1418775413,0
12117,46212,1418842810,1
12117,45388,1418775413,0
12117,47473,1418842810,0
12117,45733,1418842810,-1
12117,39347,1418775413,-1
12117,39922,1418771790,0
12117,46091,1418842723,0
12117,37815,1418842810,0
12117,45921,1418775413,0
12117,45920,1418842810,0
12117,39925,1418842810,0
12117,39497,1418771790,1
12117,44242,1418771790,0
12117,45536,1418842723,-1
12117,46027,1418842810,1
12117,45976,1418771790,0
12117,52261,1418775413,1
12117,43335,1418842723,1
12117,38073,1418842810,0
12117,47473,1418771790,0
12117,46296,1418842723,1
12117,43972,1418775413,1
12117,45921,1418771790,0
12117,46254,1418771790,-1
12117,43867,1418771790,-1
12117,57114,1418842810,0
12117,39578,1418842810,0
12117,39577,1418775413,0
12119,45388,1418390894,0
12119,43854,1418389305,1
12119,42835,1418390894,0
12119,45700,1418390894,0
12119,45976,1418390894,0
12119,46211,1418390894,0
12119,52540,1418822649,1
12119,42865,1418822649,1
12119,45536,1418389764,-1
12119,45388,1418389305,0
12119,46153,1418389764,1
12119,46249,1418389305,-1
12119,46233,1418389305,1
12119,44067,1418389764,0
12119,45307,1418389764,0
12119,43851,1418822649,0
12119,44565,1418822649,1
12119,47508,1418389305,1
12119,44469,1418389764,-1
12119,46271,1418389305,1
12119,39302,1418390894,1
12119,42968,1418389305,1
12119,42868,1418389305,0
12119,45941,1418389305,1
12119,45973,1418389305,1
12119,44070,1418822649,0
12119,57114,1418390894,0
12119,52540,1418389764,-1
12119,39586,1418389305,1
12119,39578,1418389764,0
12119,52261,1418389305,1
12119,46194,1418822649,1
12119,46153,1418822649,-1
12119,45266,1418390894,1
12119,46086,1418389305,1
12119,37746,1418389764,-1
12119,46233,1418389764,-1
12119,46247,1418389305,1
12119,52540,1418389305,1
12119,43586,1418389305,-1
12119,45388,1418822649,0
12119,38073,1418822649,0
12119,43009,1418822649,1
12119,39917,1418389305,-1
12119,43008,1418389305,1
12119,39609,1418822649,-1
12119,42868,1418390894,0
12119,57114,1418389764,0
12119,47519,1418390894,0
12119,46259,1418390894,-1
12119,44553,1418389305,-1
12119,45266,1418822649,-1
12119,52243,1418822649,-1
12119,52340,1418390894,1
12119,44242,1418389305,0
12119,46055,1418822649,1
12119,39684,1418822649,0
12119,37749,1418389305,-1
12119,37749,1418389764,1
12119,45943,1418390894,-1
12122,41794,1418817505,0
12122,43839,1418817505,0
12122,39578,1418817505,0
12122,52540,1418817505,-1
12122,46204,1418817505,-1
12122,41678,1418817505,0
12122,39598,1418817505,0
12122,41026,1418817505,0
12122,46055,1418817505,-1
12122,46249,1418817505,1
12122,46296,1418817505,1
12122,43854,1418817505,-1
12122,43836,1418817505,-1
12122,47508,1418817505,-1
12122,41285,1418817505,-1
12122,39797,1418817505,-1
12122,46262,1418817505,-1
12122,45543,1418817505,0
12122,45943,1418817505,-1
12122,42968,1418817505,-1
12122,39489,1418817505,0
12122,46017,1418817505,0
12122,41715,1418817505,1
12122,52261,1418817505,-1
12122,39925,1418817505,0
12122,40787,1418817505,1
12122,42934,1418817505,0
12122,46976,1418817505,-1
12122,52368,1418817505,-1
12122,43221,1418817505,1
12122,38073,1418817505,0
12122,52369,1418817505,-1
12122,43126,1418817505,1
12122,44748,1418817505,1
12122,46243,1418817505,0
12122,41134,1418817505,1
12122,42868,1418817505,0
12122,42835,1418817505,0
12122,45744,1418817505,0
12122,45969,1418817505,0
12122,39299,1418817505,0
12122,44553,1418817505,1
12122,42865,1418817505,-1
12122,46233,1418817505,-1
12122,37747,1418817505,-1
12122,40287,1418817505,0
12122,46960,1418817505,0
12122,45956,1418817505,0
12122,43867,1418817505,-1
12122,52355,1418817505,0
12122,45729,1418817505,0
12122,39618,1418817505,-1
12122,44242,1418817505,0
12122,45949,1418817505,-1
12122,39579,1418817505,0
12122,43852,1418817505,-1
12122,38071,1418817505,0
12122,37748,1418817505,0
12122,39576,1418817505,0
12122,47600,1418817505,-1
12125,39485,1418776837,0
12125,43852,1418776837,-1
12125,44066,1418776837,0
12125,45893,1418776837,0
12125,46132,1418776837,-1
12125,37747,1418776837,-1
12125,42934,1418776837,0
12125,46072,1418776837,-1
12125,46254,1418776837,-1
12125,46289,1418776837,1
12125,46211,1418776837,-1
12125,43586,1418776837,1
12125,45733,1418776837,1
12125,46054,1418776837,-1
12125,37747,1418776796,-1
12125,45536,1418776837,-1
12125,46055,1418776837,-1
12125,42835,1418776837,0
12125,45892,1418776837,0
12125,47600,1418776837,-1
12125,45941,1418776837,-1
12125,45921,1418776837,0
12125,46091,1418776837,0
12125,46296,1418776837,1
12125,42868,1418776837,0
12125,45266,1418776837,1
12125,46051,1418776837,-1
12125,46204,1418776837,-1
12125,41062,1418776837,-1
12125,46276,1418776837,1
12125,45307,1418776837,0
12125,39717,1418776837,-1
12125,44564,1418776837,0
12125,52261,1418776837,-1
12125,39577,1418776837,0
12125,46901,1418776837,-1
12125,39818,1418776837,0
12125,45700,1418776837,0
12125,39580,1418776837,0
12125,52263,1418776837,1
12125,47180,1418776837,0
12125,43008,1418776837,-1
12125,44242,1418776837,0
12125,45969,1418776837,0
12125,44567,1418776837,-1
12125,52355,1418776837,0
12125,42968,1418776837,-1
12125,37815,1418776837,0
12125,44070,1418776837,0
12125,46156,1418776837,1
12125,41149,1418776837,-1
12125,46111,1418776837,-1
12125,46205,1418776837,-1
12125,45245,1418776837,0
12125,37748,1418776837,0
12125,39347,1418776837,1
12125,47508,1418776837,-1
12125,44466,1418776837,0
12125,45716,1418776837,0
12125,46271,1418776837,-1
12128,39488,1418769651,0
12128,46066,1418769651,1
12128,45943,1418769651,1
12128,46132,1418769651,1
12128,41145,1418769651,1
12128,41062,1418769651,1
12128,46249,1418769651,-1
12128,44464,1418769530,-1
12128,47520,1418769651,0
12128,52243,1418769651,-1
12128,42787,1418769530,-1
12128,46194,1418769651,1
12128,46943,1418769651,-1
12128,39925,1418769530,0
12128,52263,1418769651,-1
12128,40302,1418769651,0
12128,52540,1418769651,1
12128,39580,1418769530,0
12128,42770,1418769530,1
12128,45733,1418769651,-1
12128,45940,1418769651,0
12128,46247,1418769530,1
12128,40787,1418769651,-1
12128,45973,1418769530,-1
12128,44469,1418769530,-1
12128,45700,1418769651,0
12128,41668,1418769530,1
12128,44553,1418769651,-1
12128,39818,1418769530,0
12128,39577,1418769530,0
12128,41628,1418769530,0
12128,37748,1418769651,0
12128,39557,1418769651,-1
12128,41725,1418769651,-1
12128,39578,1418769651,0
12128,43834,1418769530,0
12128,46303,1418769651,-1
12128,52340,1418769530,1
12128,42833,1418769530,0
12128,46303,1418769530,1
12128,42871,1418769530,0
12128,43867,1418769530,-1
12128,46208,1418769651,0
12128,42835,1418769651,0
12128,46072,1418769651,1
12128,46262,1418769651,1
12128,44242,1418769651,0
12128,37742,1418769651,0
12128,44483,1418769651,1
12128,37815,1418769530,0
12128,43008,1418769651,1
12128,46145,1418769530,0
12128,44553,1418769530,1
12128,41329,1418769530,0
12128,46044,1418769530,-1
12128,52238,1418769651,1
12128,45941,1418769651,1
12128,39576,1418769530,0
12128,46205,1418769651,1
12128,46723,1418769651,0
12130,43852,1418642048,-1
12130,57114,1418642048,0
12130,46249,1418642048,1
12130,46194,1418642048,-1
12130,45266,1418642048,1
12130,46132,1418642048,-1
12130,39917,1418642048,1
12130,52538,1418642048,-1
12130,39576,1418642048,0
12130,46211,1418642048,-1
12130,41678,1418642048,0
12130,46271,1418642048,-1
12130,45947,1418642048,-1
12130,41145,1418642048,-1
12130,41264,1418642048,-1
12130,45700,1418642048,0
12130,39489,1418642048,0
12130,44070,1418642048,0
12130,46296,1418642048,1
12130,46091,1418642048,0
12130,43842,1418642048,-1
12130,46208,1418642048,0
12130,43839,1418642048,0
12130,45974,1418642048,0
12130,44066,1418642048,0
12130,52259,1418642048,-1
12130,45934,1418642048,0
12130,44067,1418642048,0
12130,45950,1418642048,-1
12130,47180,1418642048,0
12130,52331,1418642048,-1
12130,41794,1418642048,0
12130,46114,1418642048,-1
12130,39609,1418642048,1
12130,37742,1418642048,0
12130,42968,1418642048,-1
12130,45764,1418642048,-1
12130,46976,1418642048,-1
12130,37747,1418642048,-1
12130,46156,1418642048,1
12130,39922,1418642048,0
12130,46233,1418642048,-1
12130,46120,1418642048,1
12130,47508,1418642048,-1
12130,46052,1418642048,0
12130,43851,1418642048,0
12130,42725,1418642048,0
12130,52340,1418642048,1
12130,46247,1418642048,-1
12130,37746,1418642048,-1
12130,45941,1418642048,-1
12130,44567,1418642048,-1
12130,52369,1418642048,-1
12130,44300,1418642048,0
12130,42787,1418642048,-1
12130,46086,1418642048,-1
12130,41134,1418642048,1
12130,46960,1418642048,0
12130,45733,1418642048,1
12130,44748,1418642048,1
12132,47695,1418410085,0
12132,39618,1418410085,1
12132,45245,1418410085,0
12132,39580,1418410029,0
12132,39579,1418410029,0
12132,45733,1418410029,1
12132,46051,1418410085,1
12132,42968,1418410029,-1
12132,39586,1418410085,1
12132,45973,1418410085,1
12132,46051,1418410029,-1
12132,39597,1418410085,1
12132,41628,1418410029,0
12132,42868,1418410085,0
12132,39576,1418410029,0
12132,46249,1418410085,-1
12132,42833,1418410085,0
12132,45943,1418410029,-1
12132,46271,1418410029,-1
12132,39577,1418410029,0
12132,46259,1418410085,1
12132,44300,1418410085,0
12132,45974,1418410085,0
12132,46052,1418410029,0
12132,44464,1418410085,0
12132,39788,1418410085,1
12132,41678,1418410029,0
12132,46091,1418410085,0
12132,39818,1418410029,0
12132,43867,1418410029,-1
12132,39598,1418410085,0
12132,47520,1418410029,0
12132,45969,1418410029,0
12132,43972,1418410029,-1
12132,39576,1418410085,0
12132,44070,1418410029,0
12132,43008,1418410029,-1
12132,45744,1418410029,0
12132,45934,1418410029,0
12132,45307,1418410085,0
12132,43126,1418410085,-1
12132,39717,1418410029,-1
12132,52540,1418410029,-1
12132,43221,1418410085,-1
12132,45716,1418410029,0
12132,38029,1418410029,0
12132,46249,1418410029,1
12132,43854,1418410029,-1
12132,37748,1418410029,0
12132,38029,1418410085,0
12132,52238,1418410085,1
12132,43836,1418410085,1
12132,46304,1418410029,-1
12132,52355,1418410085,0
12132,47519,1418410085,0
12132,52540,1418410085,1
12132,46271,1418410085,1
12132,47520,1418410085,0
12132,39922,1418410085,0
12132,46289,1418410085,-1
12133,46254,1418363668,1
12133,45764,1418400698,-1
12133,46943,1418363668,-1
12133,44565,1418363668,1
12133,37748,1418363668,0
12133,43221,1418400698,1
12133,45920,1418400698,0
12133,44567,1418363668,1
12133,41628,1418400698,0
12133,39556,1418400698,1
12133,39717,1418400698,-1
12133,46072,1418363668,1
12133,45920,1418363668,0
12133,45943,1418400698,-1
12133,52261,1418400698,-1
12133,52331,1418363668,1
12133,45950,1418400698,-1
12133,46017,1418400698,0
12133,37749,1418400698,1
12133,45941,1418400698,-1
12133,37815,1418400698,0
12133,52540,1418400698,-1
12133,44464,1418363668,0
12133,43854,1418363668,1
12133,45973,1418400698,-1
12133,46052,1418363668,0
12133,46960,1418400698,0
12133,43854,1418400698,-1
12133,47600,1418363668,1
12133,43981,1418363668,-1
12133,46114,1418400698,-1
12133,46051,1418400698,-1
12133,46027,1418400698,-1
12133,39497,1418400698,1
12133,44242,1418363668,0
12133,46304,1418363668,1
12133,39818,1418363668,0
12133,46211,1418400698,-1
12133,41285,1418400698,-1
12133,43940,1418363668,0
12133,43940,1418400698,0
12133,45941,1418363668,1
12133,46971,1418400698,0
12133,43851,1418400698,0
12133,45245,1418363668,0
12133,46249,1418363668,-1
12133,46153,1418363668,-1
12133,46296,1418400698,1
12133,45949,1418363668,1
12133,46988,1418400698,1
12133,40302,1418363668,0
12133,46060,1418363668,1
12133,39488,1418400698,0
12133,47655,1418363668,-1
12133,39684,1418400698,0
12133,46259,1418363668,1
12133,52238,1418400698,-1
12133,44553,1418400698,1
12133,41529,1418400698,1
12133,46766,1418400698,1
12134,44565,1418391077,-1
12134,39299,1418391188,0
12134,46132,1418391188,1
12134,44242,1418391077,0
12134,39488,1418391188,0
12134,45716,1418391077,0
12134,44476,1418391188,0
12134,43867,1418391077,-1
12134,39485,1418391077,0
12134,39557,1418391077,1
12134,52238,1418391188,1
12134,41285,1418391077,-1
12134,39925,1418391188,0
12134,45892,1418391188,0
12134,56815,1418391077,1
12134,46249,1418391188,-1
12134,46171,1418391188,1
12134,41628,1418391188,0
12134,45307,1418391188,0
12134,46988,1418391077,1
12134,46971,1418391188,0
12134,39618,1418391188,1
12134,45920,1418391188,0
12134,43842,1418391077,-1
12134,46208,1418391188,0
12134,46111,1418391077,-1
12134,45949,1418391077,-1
12134,39750,1418391077,0
12134,42868,1418391077,0
12134,41145,1418391077,-1
12134,46259,1418391077,-1
12134,39717,1418391077,-1
12134,39586,1418391188,1
12134,37793,1418391188,0
12134,39748,1418391188,0
12134,46153,1418391077,1
12134,44564,1418391188,0
12134,45950,1418391077,-1
12134,39717,1418391188,1
12134,44567,1418391188,1
12134,39299,1418391077,0
12134,39497,1418391077,1
12134,46072,1418391188,1
12134,45973,1418391188,1
12134,40320,1418391188,-1
12134,37748,1418391077,0
12134,39818,1418391188,0
12134,46072,1418391077,-1
12134,39302,1418391077,1
12134,37749,1418391188,-1
12134,46233,1418391188,1
12134,52340,1418391188,-1
12134,43854,1418391077,-1
12134,42835,1418391077,0
12134,45956,1418391077,0
12134,37749,1418391077,1
12134,46247,1418391077,-1
12134,44564,1418391077,0
12134,56815,1418391188,-1
12134,46204,1418391188,1
12136,43586,1418391034,-1
12136,44748,1418391034,-1
12136,46960,1418391034,0
12136,45245,1418391034,0
12136,39818,1418391034,0
12136,41134,1418391034,-1
12136,46153,1418391034,-1
12136,52538,1418391034,1
12136,45974,1418391034,0
12136,46111,1418391034,1
12136,47600,1418391034,1
12136,43335,1418391034,-1
12136,46208,1418391034,0
12136,39578,1418391034,0
12136,39557,1418391034,-1
12136,39750,1418391034,0
12136,40787,1418391034,-1
12136,43842,1418391034,1
12136,46988,1418391034,-1
12136,45943,1418391034,1
12136,46091,1418391034,0
12136,43839,1418391034,0
12136,46296,1418391034,-1
12136,44564,1418391034,0
12136,39580,1418391034,0
12136,39577,1418391034,0
12136,39586,1418391034,1
12136,37746,1418391034,1
12136,39302,1418391034,-1
12136,40320,1418391034,-1
12136,46259,1418391034,1
12136,39485,1418391034,0
12136,46072,1418391034,1
12136,52556,1418391034,0
12136,46156,1418391034,-1
12136,46247,1418391034,1
12136,46066,1418391034,1
12136,40287,1418391034,0
12136,47520,1418391034,0
12136,46184,1418391034,0
12136,46055,1418391034,1
12136,52238,1418391034,1
12136,45888,1418391034,0
12136,45266,1418391034,-1
12136,56815,1418391034,-1
12136,42833,1418391034,0
12136,41529,1418391034,-1
12136,44466,1418391034,0
12136,39922,1418391034,0
12136,41062,1418391034,1
12136,45929,1418391034,0
12136,47519,1418391034,0
12136,43851,1418391034,0
12136,39917,1418391034,-1
12136,46204,1418391034,1
12136,42725,1418391034,0
12136,46205,1418391034,1
12136,43126,1418391034,-1
12136,39556,1418391034,-1
12136,46233,1418391034,1
12137,46153,1418390748,-1
12137,43851,1418390748,0
12137,43221,1418390748,-1
12137,52368,1418390748,1
12137,41529,1418390748,-1
12137,46971,1418390748,0
12137,46132,1418390748,1
12137,45756,1418390748,1
12137,57114,1418390748,0
12137,45974,1418390748,0
12137,39922,1418390748,0
12137,45929,1418390748,0
12137,41145,1418390748,1
12137,46184,1418390748,0
12137,45744,1418390748,0
12137,43836,1418390748,1
12137,43328,1418390748,0
12137,39578,1418390748,0
12137,38071,1418390748,0
12137,45716,1418390748,0
12137,46303,1418390748,-1
12137,39925,1418390748,0
12137,42868,1418390748,0
12137,44242,1418390748,0
12137,43126,1418390748,-1
12137,43981,1418390748,-1
12137,46943,1418390748,-1
12137,39580,1418390748,0
12137,45893,1418390748,0
12137,43008,1418390748,1
12137,46271,1418390748,1
12137,39818,1418390748,0
12137,46304,1418390748,1
12137,42833,1418390748,0
12137,46211,1418390748,0
12137,39917,1418390748,-1
12137,46243,1418390748,0
12137,40787,1418390748,-1
12137,52238,1418390748,1
12137,41026,1418390748,0
12137,43854,1418390748,1
12137,41628,1418390748,0
12137,44300,1418390748,0
12137,41149,1418390748,1
12137,52340,1418390748,-1
12137,43867,1418390748,1
12137,46205,1418390748,1
12137,52261,1418390748,1
12137,43842,1418390748,1
12137,41678,1418390748,0
12137,46936,1418390748,1
12137,45700,1418390748,0
12137,45266,1418390748,-1
12137,41062,1418390748,1
12137,44066,1418390748,0
12137,46901,1418390748,1
12137,45245,1418390748,0
12137,43586,1418390748,-1
12137,40320,1418390748,-1
12137,56815,1418390748,-1
12140,41149,1418379308,-1
12140,52556,1418379308,0
12140,47520,1418379308,0
12140,45536,1418379308,-1
12140,43328,1418379308,0
12140,46072,1418379308,-1
12140,52261,1418379308,-1
12140,46211,1418379308,0
12140,39684,1418379308,0
12140,46017,1418379308,0
12140,45888,1418379308,0
12140,46027,1418379308,-1
12140,46184,1418379308,0
12140,45974,1418379308,0
12140,43586,1418379308,1
12140,39917,1418379308,1
12140,42725,1418379308,0
12140,47508,1418379308,-1
12140,43009,1418379308,-1
12140,56815,1418379308,1
12140,43842,1418379308,-1
12140,45943,1418379308,-1
12140,46114,1418379308,-1
12140,39717,1418379308,-1
12140,39748,1418379308,0
12140,45934,1418379308,0
12140,39489,1418379308,0
12140,46243,1418379308,0
12140,45245,1418379308,0
12140,57114,1418379308,0
12140,46171,1418379308,-1
12140,43940,1418379308,0
12140,39578,1418379308,0
12140,45969,1418379308,0
12140,52355,1418379308,0
12140,39586,1418379308,-1
12140,46156,1418379308,1
12140,45716,1418379308,0
12140,37746,1418379308,-1
12140,44565,1418379308,-1
12140,45976,1418379308,0
12140,42868,1418379308,0
12140,46194,1418379308,-1
12140,45950,1418379308,-1
12140,45892,1418379308,0
12140,39302,1418379308,1
12140,45949,1418379308,-1
12140,39609,1418379308,1
12140,44469,1418379308,-1
12140,45756,1418379308,-1
12140,41529,1418379308,1
12140,39299,1418379308,0
12140,45744,1418379308,0
12140,45929,1418379308,0
12140,46204,1418379308,-1
12140,40787,1418379308,1
12140,43836,1418379308,-1
12140,39925,1418379308,0
12140,41026,1418379308,0
12140,43867,1418379308,-1
12143,46936,1418326594,-1
12143,43940,1418326594,0
12143,39557,1418326594,1
12143,46233,1418326594,-1
12143,52243,1418326594,1
12143,45543,1418326594,0
12143,39488,1418326594,0
12143,43009,1418326594,-1
12143,45888,1418326594,0
12143,46184,1418326594,0
12143,43335,1418326594,1
12143,45929,1418326594,0
12143,39578,1418326594,0
12143,44466,1418326594,0
12143,47519,1418326594,0
12143,39579,1418326594,0
12143,47520,1418326594,0
12143,52238,1418326594,-1
12143,52355,1418326594,0
12143,43221,1418326594,1
12143,37793,1418326594,0
12143,41026,1418326594,0
12143,45943,1418326594,-1
12143,37748,1418326594,0
12143,44464,1418326594,0
12143,41678,1418326594,0
12143,56815,1418326594,1
12143,52540,1418326594,-1
12143,46114,1418326594,-1
12143,46254,1418326594,-1
12143,39586,1418326594,-1
12143,45949,1418326594,-1
12143,37747,1418326594,-1
12143,45940,1418326594,0
12143,43839,1418326594,0
12143,47695,1418326594,0
12143,45266,1418326594,1
12143,39609,1418326594,1
12143,46976,1418326594,-1
12143,46153,1418326594,1
12143,44553,1418326594,1
12143,46054,1418326594,-1
12143,44300,1418326594,0
12143,46249,1418326594,1
12143,44476,1418326594,0
12143,46259,1418326594,-1
12143,44067,1418326594,0
12143,39577,1418326594,0
12143,47508,1418326594,-1
12143,46194,1418326594,-1
12143,46120,1418326594,1
12143,40287,1418326594,0
12143,46262,1418326594,-1
12143,46247,1418326594,-1
12143,41062,1418326594,-1
12143,39818,1418326594,0
12143,46971,1418326594,0
12143,45388,1418326594,0
12143,42833,1418326594,0
12143,37749,1418326594,1
12144,46114,1418307216,1
12146,45266,1418283222,1
12146,45245,1418049929,0
12146,46066,1418049929,1
12146,46254,1418283222,-1
12146,45921,1418283222,0
12146,52261,1418049929,1
12146,39748,1418283222,0
12146,46205,1418049929,1
12146,46027,1418283222,-1
12146,39349,1418049929,0
12146,37815,1418049929,0
12146,39578,1418049929,0
12146,46211,1418283222,0
12146,46971,1418283222,0
12146,45744,1418049929,0
12146,43586,1418049929,-1
12146,39750,1418283222,0
12146,39489,1418283222,0
12146,46289,1418049929,-1
12146,42835,1418049929,0
12146,43335,1418049929,-1
12146,39579,1418283222,0
12146,46027,1418049929,1
12146,44242,1418283222,0
12146,37746,1418049929,1
12146,38029,1418283222,0
12146,39349,1418283222,0
12146,46723,1418283222,0
12146,41149,1418283222,-1
12146,46091,1418049929,0
12146,46243,1418049929,0
12146,41285,1418049929,1
12146,41062,1418049929,1
12146,41149,1418049929,1
12146,41715,1418049929,-1
12146,39347,1418283222,1
12146,45893,1418049929,0
12146,46171,1418283222,0
12146,37746,1418283222,-1
12146,45976,1418049929,0
12146,45307,1418283222,0
12146,46054,1418283222,-1
12146,44464,1418049929,0
12146,45893,1418283222,0
12146,43008,1418049929,1
12146,40320,1418049929,-1
12146,46296,1418049929,-1
12146,46233,1418283222,-1
12146,46212,1418049929,1
12146,39576,1418049929,0
12146,41062,1418283222,-1
12146,45940,1418283222,0
12146,37793,1418283222,0
12146,45536,1418049929,1
12146,46976,1418283222,-1
12146,40287,1418283222,0
12146,39556,1418049929,-1
12146,45941,1418283222,-1
12146,46960,1418049929,0
12146,43328,1418283222,0
12147,37746,1418220087,1
12147,52556,1418220087,0
12147,47519,1418220087,0
12147,52340,1418220087,-1
12147,52263,1418220087,-1
12147,47508,1418220087,1
12147,46254,1418220087,1
12147,46262,1418220087,1
12147,46086,1418220087,1
12147,46204,1418220087,1
12147,44066,1418220087,0
12147,44300,1418220087,0
12147,45764,1418220087,1
12147,45969,1418220087,0
12147,37742,1418220087,0
12147,45921,1418220087,0
12147,46051,1418220087,1
12147,39922,1418220087,0
12147,39576,1418220087,0
12147,37749,1418220087,-1
12147,46091,1418220087,0
12147,44466,1418220087,0
12147,39299,1418220087,0
12147,43940,1418220087,0
12147,47655,1418220087,-1
12147,39556,1418220087,-1
12147,46259,1418220087,1
12147,46066,1418220087,1
12147,41264,1418220087,1
12147,43586,1418220087,-1
12147,46052,1418220087,0
12147,45388,1418220087,0
12147,40320,1418220087,-1
12147,37747,1418220087,1
12147,43126,1418220087,-1
12147,47695,1418220087,0
12147,46212,1418220087,1
12147,46960,1418220087,0
12147,43981,1418220087,-1
12147,46936,1418220087,1
12147,52331,1418220087,1
12147,46072,1418220087,1
12147,39347,1418220087,-1
12147,45920,1418220087,0
12147,46296,1418220087,-1
12147,45940,1418220087,0
12147,42968,1418220087,1
12147,44242,1418220087,0
12147,44567,1418220087,1
12147,44553,1418220087,-1
12147,47600,1418220087,1
12147,41026,1418220087,0
12147,45950,1418220087,1
12147,46976,1418220087,1
12147,43851,1418220087,0
12147,46249,1418220087,-1
12147,46247,1418220087,1
12147,45934,1418220087,0
12147,46111,1418220087,1
12147,45888,1418220087,0
12149,45536,1418217330,-1
12149,45245,1418217330,0
12149,45543,1418217330,0
12149,43009,1418217330,-1
12149,41149,1418217330,-1
12149,39917,1418217330,1
12149,39579,1418217330,0
12149,45950,1418217330,-1
12149,52243,1418217330,1
12149,41264,1418217330,-1
12149,37742,1418217330,0
12149,44483,1418217330,-1
12149,46960,1418217330,0
12149,41134,1418217330,1
12149,43126,1418217330,1
12149,45940,1418217330,0
12149,44567,1418217330,-1
12149,52238,1418217330,-1
12149,40320,1418217330,1
12149,40787,1418217330,1
12149,41145,1418217330,-1
12149,44066,1418217330,0
12149,46212,1418217330,-1
12149,42725,1418217330,0
12149,39299,1418217330,0
12149,39925,1418217330,0
12149,39489,1418217330,0
12149,46184,1418217330,0
12149,46271,1418217330,-1
12149,45949,1418217330,-1
12149,42868,1418217330,0
12149,45934,1418217330,0
12149,45974,1418217330,0
12149,39578,1418217330,0
12149,39748,1418217330,0
12149,39684,1418217330,0
12149,44067,1418217330,0
12149,44466,1418217330,0
12149,46262,1418217330,-1
12149,45929,1418217330,0
12149,38029,1418217330,0
12149,45973,1418217330,-1
12149,39580,1418217330,0
12149,39557,1418217330,1
12149,42934,1418217330,0
12149,46111,1418217330,-1
12149,37749,1418217330,1
12149,46205,1418217330,-1
12149,46120,1418217330,1
12149,44553,1418217330,1
12149,47695,1418217330,0
12149,46723,1418217330,0
12149,39556,1418217330,1
12149,43852,1418217330,-1
12149,46971,1418217330,0
12149,42835,1418217330,0
12149,43221,1418217330,1
12149,46153,1418217330,1
12149,41062,1418217330,-1
12149,39576,1418217330,0
12151,56815,1418215996,1
12151,46052,1418216122,0
12151,45976,1418216122,0
12151,44476,1418215996,0
12151,41678,1418215996,0
12151,46184,1418216122,0
12151,44070,1418215996,0
12151,52238,1418215996,-1
12151,45943,1418216122,1
12151,46943,1418215996,1
12151,52355,1418216122,0
12151,46132,1418216122,1
12151,39750,1418215996,0
12151,43852,1418216122,1
12151,39347,1418216122,-1
12151,39586,1418216122,1
12151,45733,1418216122,-1
12151,45245,1418215996,0
12151,45266,1418216122,-1
12151,46936,1418215996,-1
12151,45764,1418216122,1
12151,46262,1418216122,1
12151,45973,1418216122,1
12151,45733,1418215996,1
12151,45947,1418215996,-1
12151,46766,1418216122,-1
12151,39917,1418216122,-1
12151,37742,1418215996,0
12151,39717,1418215996,-1
12151,39485,1418215996,0
12151,46901,1418216122,1
12151,43981,1418215996,1
12151,46303,1418215996,1
12151,44242,1418216122,0
12151,45949,1418216122,1
12151,37747,1418216122,1
12151,43836,1418215996,-1
12151,39347,1418215996,1
12151,43867,1418215996,-1
12151,43854,1418215996,-1
12151,43842,1418215996,-1
12151,43335,1418215996,1
12151,46259,1418216122,1
12151,46156,1418215996,1
12151,44553,1418215996,1
12151,44469,1418216122,1
12151,47600,1418216122,1
12151,39226,1418216122,-1
12151,46254,1418215996,-1
12151,39750,1418216122,0
12151,46289,1418216122,-1
12151,39299,1418216122,0
12151,46111,1418215996,-1
12151,43839,1418216122,0
12151,39576,1418216122,0
12151,37815,1418215996,0
12151,41725,1418216122,-1
12151,41062,1418216122,1
12151,45921,1418216122,0
12151,42934,1418216122,0
12154,45716,1418186621,0
12154,39576,1418186621,0
12154,46205,1418186621,-1
12154,39302,1418186621,1
12154,44464,1418186621,0
12154,52261,1418186621,-1
12154,45969,1418186621,0
12154,52540,1418186621,-1
12154,43972,1418186621,1
12154,46303,1418186621,1
12154,46243,1418186621,0
12154,44067,1418186621,0
12154,40320,1418186621,1
12154,41285,1418186621,-1
12154,44565,1418186621,-1
12154,45929,1418186621,0
12154,37749,1418186621,1
12154,46304,1418186621,-1
12154,45744,1418186621,0
12154,45245,1418186621,0
12154,46055,1418186621,-1
12154,52538,1418186621,-1
12154,43842,1418186621,-1
12154,37747,1418186621,-1
12154,45729,1418186621,0
12154,39579,1418186621,0
12154,46153,1418186621,1
12154,45888,1418186621,0
12154,43586,1418186621,1
12154,41145,1418186621,-1
12154,39556,1418186621,1
12154,45921,1418186621,0
12154,41678,1418186621,0
12154,37748,1418186621,0
12154,42833,1418186621,0
12154,46247,1418186621,-1
12154,42868,1418186621,0
12154,46289,1418186621,1
12154,45947,1418186621,-1
12154,40287,1418186621,0
12154,41715,1418186621,1
12154,44483,1418186621,-1
12154,39578,1418186621,0
12154,47180,1418186621,0
12154,46066,1418186621,-1
12154,52368,1418186621,-1
12154,38073,1418186621,0
12154,44071,1418186621,0
12154,43221,1418186621,1
12154,52355,1418186621,0
12154,45949,1418186621,-1
12154,39485,1418186621,0
12154,46091,1418186621,0
12154,47695,1418186621,0
12154,44066,1418186621,0
12154,46296,1418186621,1
12154,46262,1418186621,-1
12154,46054,1418186621,-1
12154,45700,1418186621,0
12154,52556,1418186621,0
12156,46091,1418131887,0
12156,46156,1418131887,0
12156,43867,1418131887,0
12156,45756,1418131887,0
12156,41678,1418131887,0
12156,39226,1418131887,0
12156,46184,1418131887,0
12156,45934,1418131887,0
12156,43852,1418131887,0
12156,46205,1418131887,0
12156,46194,1418131887,0
12156,43335,1418131887,0
12156,45920,1418131887,0
12156,46971,1418131887,0
12156,38073,1418131887,0
12156,46132,1418131887,0
12156,39717,1418131887,0
12156,57114,1418131887,0
12156,39609,1418131887,0
12156,39556,1418131887,0
12156,42968,1418131887,0
12156,45943,1418131887,0
12156,44553,1418131887,0
12156,42787,1418131887,0
12156,41725,1418131887,0
12156,41062,1418131887,0
12156,46271,1418131887,0
12156,45940,1418131887,0
12156,52263,1418131887,0
12156,42833,1418131887,0
12156,47519,1418131887,0
12156,44748,1418131887,0
12156,39818,1418131887,0
12156,52540,1418131887,0
12156,45941,1418131887,0
12156,45733,1418131887,0
12156,43586,1418131887,0
12156,45950,1418131887,0
12156,39347,1418131887,0
12156,46153,1418131887,0
12156,39577,1418131887,0
12156,45307,1418131887,0
12156,45973,1418131887,0
12156,43851,1418131887,0
12156,45974,1418131887,0
12156,45888,1418131887,0
12156,41628,1418131887,0
12156,45245,1418131887,0
12156,39750,1418131887,0
12156,44070,1418131887,0
12156,52331,1418131887,0
12156,43009,1418131887,0
12156,52538,1418131887,0
12156,46212,1418131887,0
12156,41026,1418131887,0
12156,46027,1418131887,0
12156,45536,1418131887,0
12156,45729,1418131887,0
12156,38071,1418131887,0
12156,41715,1418131887,0
12157,47520,1417439949,0
12157,39684,1417439949,0
12157,46066,1418105805,-1
12157,37815,1417439949,0
12157,45976,1418105805,0
12157,44553,1417439949,-1
12157,45764,1417439949,1
12157,52243,1417439949,-1
12157,37748,1418105805,0
12157,45934,1418105805,0
12157,45892,1417439949,0
12157,44070,1417439949,1
12157,45266,1418105805,1
12157,56815,1418105805,1
12157,46276,1417439949,-1
12157,39684,1418105805,0
12157,46051,1418105805,-1
12157,52340,1418105805,1
12157,52538,1418105805,-1
12157,40787,1417439949,-1
12157,46262,1417439949,1
12157,43854,1417439949,1
12157,39556,1418105805,1
12157,46262,1418105805,-1
12157,46111,1417439949,1
12157,45700,1418105805,0
12157,44300,1418105805,0
12157,46243,1417439949,0
12157,45934,1417439949,0
12157,43586,1418105805,1
12157,43940,1418105805,0
12157,45700,1417439949,0
12157,39485,1417439949,0
12157,46027,1417439949,1
12157,52368,1418105805,-1
12157,43972,1418105805,1
12157,41149,1418105805,-1
12157,46052,1418105805,0
12157,41678,1418105805,0
12157,45956,1418105805,0
12157,43940,1417439949,0
12157,46171,1418105805,0
12157,52261,1417439949,1
12157,43836,1418105805,-1
12157,43851,1418105805,0
12157,46304,1418105805,-1
12157,41134,1417439949,-1
12157,52540,1417439949,1
12157,44242,1418105805,0
12157,46132,1417439949,1
12157,45388,1417439949,0
12157,46249,1417439949,-1
12157,46766,1418105805,1
12157,45245,1418105805,0
12157,46243,1418105805,0
12157,46086,1417439949,1
12157,37749,1417439949,-1
12157,45307,1418105805,0
12157,52556,1417439949,0
12157,45940,1418105805,0
12159,43335,1418109695,-1
12159,39586,1418109695,1
12159,44066,1418109695,0
12159,45950,1418109695,1
12159,46153,1418109695,-1
12159,42934,1418109695,0
12159,43842,1418109695,1
12159,40787,1418109695,-1
12159,46249,1418109695,-1
12159,41285,1418109695,1
12159,39489,1418109695,0
12159,45700,1418109695,0
12159,40302,1418109695,0
12159,47519,1418109695,0
12159,46271,1418109695,1
12159,38071,1418109695,0
12159,46303,1418109695,-1
12159,46296,1418109695,-1
12159,37815,1418109695,0
12159,39609,1418109695,-1
12159,47695,1418109695,0
12159,41134,1418109695,-1
12159,46184,1418109695,0
12159,44071,1418109695,0
12159,45943,1418109695,1
12159,47600,1418109695,1
12159,39748,1418109695,0
12159,45266,1418109695,-1
12159,41715,1418109695,-1
12159,45956,1418109695,0
12159,45969,1418109695,0
12159,45892,1418109695,0
12159,45536,1418109695,1
12159,39580,1418109695,0
12159,45756,1418109695,1
12159,46171,1418109695,0
12159,42833,1418109695,0
12159,52238,1418109695,1
12159,37742,1418109695,0
12159,42787,1418109695,1
12159,52369,1418109695,1
12159,52540,1418109695,1
12159,44070,1418109695,0
12159,43852,1418109695,1
12159,39347,1418109695,-1
12159,41725,1418109695,-1
12159,47180,1418109695,0
12159,43008,1418109695,1
12159,46111,1418109695,1
12159,45974,1418109695,0
12159,47520,1418109695,0
12159,45388,1418109695,0
12159,43972,1418109695,-1
12159,42868,1418109695,0
12159,45940,1418109695,0
12159,46204,1418109695,-1
12159,46936,1418109695,1
12159,43851,1418109695,0
12159,39349,1418109695,0
12159,46766,1418109695,-1
12161,42968,1418080681,0
12161,41026,1418080681,0
12161,44553,1418080681,0
12161,39609,1418080772,-1
12161,43981,1418080772,-1
12161,46271,1418080681,0
12161,46205,1418080772,1
12161,46066,1418080772,1
12161,45950,1418080772,1
12161,45947,1418080772,1
12161,46051,1418080772,1
12161,47519,1418080772,0
12161,45969,1418080772,0
12161,39557,1418080772,-1
12161,46254,1418080681,0
12161,46204,1418080772,-1
12161,39684,1418080681,0
12161,44066,1418080681,0
12161,45934,1418080772,0
12161,37746,1418080772,1
12161,46249,1418080681,0
12161,39925,1418080772,0
12161,43009,1418080681,0
12161,46723,1418080772,0
12161,39349,1418080681,0
12161,46027,1418080772,1
12161,43852,1418080772,1
12161,57114,1418080681,0
12161,47508,1418080772,1
12161,45700,1418080772,0
12161,46289,1418080681,0
12161,46766,1418080772,-1
12161,45536,1418080681,0
12161,39586,1418080772,1
12161,52259,1418080772,1
12161,37793,1418080772,0
12161,45950,1418080681,0
12161,46988,1418080681,0
12161,38071,1418080681,0
12161,39489,1418080681,0
12161,45245,1418080772,0
12161,45929,1418080772,0
12161,47520,1418080772,0
12161,46055,1418080772,1
12161,46249,1418080772,-1
12161,37747,1418080681,0
12161,46132,1418080681,0
12161,44300,1418080681,0
12161,40287,1418080681,0
12161,46111,1418080681,0
12161,39922,1418080681,0
12161,52369,1418080772,1
12161,46271,1418080772,1
12161,44483,1418080772,1
12161,37749,1418080772,-1
12161,43842,1418080772,1
12161,52368,1418080681,0
12161,41725,1418080772,-1
12161,39485,1418080681,0
12161,46276,1418080772,-1
12166,52243,1418033818,1
12166,47695,1418033818,0
12166,56815,1418033818,1
12166,46276,1418033818,1
12166,52263,1418033818,1
12166,43867,1418033818,-1
12166,46243,1418033818,0
12166,43851,1418033818,0
12166,52369,1418033818,-1
12166,45733,1418033818,1
12166,52340,1418033818,1
12166,45973,1418033818,-1
12166,39717,1418033818,-1
12166,43940,1418033818,0
12166,45921,1418033818,0
12166,41264,1418033818,-1
12166,45744,1418033818,0
12166,43972,1418033818,-1
12166,45266,1418033818,1
12166,44476,1418033818,0
12166,39609,1418033818,1
12166,37742,1418033818,0
12166,46086,1418033818,-1
12166,44567,1418033818,-1
12166,52538,1418033818,-1
12166,46289,1418033818,1
12166,41285,1418033818,-1
12166,39925,1418033818,0
12166,44469,1418033818,0
12166,42934,1418033818,0
12166,45893,1418033818,0
12166,46988,1418033818,1
12166,42725,1418033818,0
12166,40302,1418033818,0
12166,44071,1418033818,0
12166,44564,1418033818,0
12166,42787,1418033818,-1
12166,46205,1418033818,-1
12166,39226,1418033818,1
12166,39557,1418033818,1
12166,45388,1418033818,0
12166,41134,1418033818,1
12166,39489,1418033818,0
12166,52261,1418033818,-1
12166,44070,1418033818,0
12166,46211,1418033818,0
12166,46943,1418033818,1
12166,37746,1418033818,-1
12166,45943,1418033818,-1
12166,45974,1418033818,0
12166,46054,1418033818,-1
12166,45543,1418033818,0
12166,46212,1418033818,-1
12166,39347,1418033818,1
12166,46027,1418033818,-1
12166,52238,1418033818,-1
12166,52368,1418033818,-1
12166,41149,1418033818,-1
12166,44066,1418033818,0
12166,45764,1418033818,-1
12167,38073,1417825479,0
12167,46243,1418030278,0
12167,41264,1417825479,-1
12167,45892,1417827391,0
12167,47695,1418030183,0
12167,45973,1417827391,-1
12167,45716,1417827391,0
12167,45266,1418030278,-1
12167,45956,1417827391,0
12167,45716,1417825479,0
12167,39299,1417825479,0
12167,41026,1418030278,0
12167,37815,1417827391,0
12167,44070,1417825479,0
12167,46205,1418030183,-1
12167,46156,1417825479,1
12167,41715,1417825479,1
12167,46055,1418030278,1
12167,42725,1418030183,0
12167,44066,1417827391,0
12167,44748,1417827391,1
12167,56815,1418030183,1
12167,37748,1418030183,0
12167,46052,1418030183,0
12167,52331,1418030183,-1
12167,47508,1417825479,-1
12167,39489,1418030183,0
12167,45893,1417827391,0
12167,44070,1418030183,0
12167,43008,1417827391,-1
12167,40320,1418030278,-1
12167,46211,1418030183,0
12167,46303,1418030183,1
12167,39925,1418030183,0
12167,39818,1418030183,0
12167,52369,1418030278,1
12167,44553,1417825479,1
12167,41678,1417825479,0
12167,47490,1417825479,-1
12167,41678,1418030183,0
12167,46988,1418030183,1
12167,46943,1417825479,1
12167,39925,1417825479,0
12167,41134,1418030278,-1
12167,44565,1418030183,-1
12167,39917,1418030278,-1
12167,46233,1418030183,-1
12167,44464,1417827391,0
12167,43836,1418030183,-1
12167,45956,1418030183,0
12167,42787,1418030183,-1
12167,46271,1417825479,-1
12167,45543,1417825479,0
12167,43126,1417827391,1
12167,43842,1417827391,-1
12167,47655,1418030183,1
12167,44300,1418030183,0
12167,47600,1417827391,-1
12167,46960,1418030183,0
12167,46052,1418030278,0
12170,44469,1416004246,0
12170,45941,1416004246,1
12170,45920,1418017849,0
12170,41285,1418017849,1
12170,45729,1418017849,0
12170,44071,1418017849,0
12170,37815,1418017849,0
12170,44067,1416004246,0
12170,41628,1416004246,0
12170,46066,1418017849,1
12170,47490,1416004246,1
12170,52331,1416004246,1
12170,45764,1418017849,1
12170,45266,1416004246,-1
12170,39917,1418017849,-1
12170,44476,1416004246,0
12170,39485,1418017849,0
12170,46276,1416004246,-1
12170,37793,1418017849,0
12170,39349,1418017849,0
12170,39922,1418017849,0
12170,44469,1418017849,0
12170,41149,1418017849,1
12170,43852,1416004246,1
12170,43126,1418017849,-1
12170,47655,1418017849,-1
12170,52538,1418017849,1
12170,39226,1418017849,-1
12170,52355,1418017849,0
12170,42934,1416004246,0
12170,38029,1416004246,0
12170,39488,1416004246,0
12170,47520,1418017849,0
12170,39577,1418017849,0
12170,46204,1416004246,-1
12170,44476,1418017849,0
12170,44464,1418017849,0
12170,46156,1416004246,-1
12170,46976,1416004246,1
12170,45934,1418017849,0
12170,42725,1416004246,0
12170,45929,1418017849,0
12170,45245,1418017849,0
12170,45940,1418017849,0
12170,45307,1416004246,0
12170,44242,1418017849,0
12170,46156,1418017849,-1
12170,39302,1416004246,-1
12170,44567,1416004246,1
12170,46960,1416004246,0
12170,57262,1416004246,-1
12170,45764,1416004246,1
12170,43851,1418017849,0
12170,45943,1418017849,1
12170,46243,1416004246,0
12170,46233,1416004246,1
12170,41026,1418017849,0
12170,46271,1418017849,1
12170,52243,1418017849,-1
12170,45941,1418017849,1
12174,45920,1417819221,0
12174,37749,1417819221,1
12174,45888,1417819221,0
12174,46766,1417819315,-1
12174,46976,1417819315,1
12174,44565,1417819315,1
12174,46254,1417819315,1
12174,46194,1417819315,1
12174,41026,1417819315,0
12174,46296,1417819315,1
12174,46960,1417819221,0
12174,43842,1417819221,-1
12174,39586,1417819315,1
12174,43867,1417819315,1
12174,39226,1417819315,-1
12174,45543,1417819315,0
12174,45929,1417819221,0
12174,41026,1417819221,0
12174,41678,1417819315,0
12174,46027,1417819221,-1
12174,41134,1417819315,-1
12174,39609,1417819221,1
12174,45756,1417819315,1
12174,57114,1417819315,0
12174,42833,1417819221,0
12174,45892,1417819315,0
12174,44242,1417819221,0
12174,45941,1417819315,1
12174,43008,1417819221,-1
12174,46262,1417819315,1
12174,41628,1417819221,0
12174,46249,1417819221,1
12174,47520,1417819221,0
12174,45921,1417819221,0
12174,45956,1417819315,0
12174,39489,1417819221,0
12174,37742,1417819315,0
12174,46271,1417819315,1
12174,44565,1417819221,-1
12174,37746,1417819221,-1
12174,37748,1417819221,0
12174,46988,1417819221,1
12174,47600,1417819315,1
12174,39925,1417819221,0
12174,44071,1417819221,0
12174,44748,1417819221,1
12174,45307,1417819221,0
12174,47520,1417819315,0
12174,44748,1417819315,-1
12174,46766,1417819221,1
12174,41149,1417819315,1
12174,42968,1417819315,1
12174,45941,1417819221,-1
12174,45974,1417819221,0
12174,43836,1417819315,1
12174,40787,1417819221,1
12174,44483,1417819315,1
12174,45764,1417819221,-1
12174,47600,1417819221,-1
12174,45388,1417819315,0
12175,45893,1417790607,0
12175,39488,1417790607,0
12175,45888,1417790607,0
12175,52331,1417790607,1
12175,46111,1417790607,1
12175,41628,1417790607,0
12175,46156,1417790607,-1
12175,41715,1417790607,-1
12175,45974,1417790607,0
12175,44066,1417790607,0
12175,47519,1417790607,0
12175,41149,1417790607,1
12175,46054,1417790607,1
12175,44464,1417790607,0
12175,45733,1417790607,-1
12175,37746,1417790607,1
12175,43328,1417790607,0
12175,37749,1417790607,-1
12175,43867,1417790607,1
12175,39818,1417790607,0
12175,42725,1417790607,0
12175,45756,1417790607,1
12175,52243,1417790607,-1
12175,45536,1417790607,1
12175,43126,1417790607,-1
12175,45950,1417790607,1
12175,41285,1417790607,1
12175,52556,1417790607,0
12175,46262,1417790607,1
12175,45388,1417790607,0
12175,45245,1417790607,0
12175,41678,1417790607,0
12175,43981,1417790607,-1
12175,42968,1417790607,1
12175,43335,1417790607,-1
12175,45764,1417790607,1
12175,43842,1417790607,1
12175,46052,1417790607,0
12175,47520,1417790607,0
12175,38073,1417790607,0
12175,39577,1417790607,0
12175,44553,1417790607,-1
12175,39917,1417790607,-1
12175,46936,1417790607,1
12175,46766,1417790607,-1
12175,39578,1417790607,0
12175,39226,1417790607,-1
12175,45973,1417790607,1
12175,39750,1417790607,0
12175,45307,1417790607,0
12175,45949,1417790607,1
12175,39609,1417790607,-1
12175,45940,1417790607,0
12175,46205,1417790607,1
12175,43972,1417790607,1
12175,43854,1417790607,1
12175,45934,1417790607,0
12175,42868,1417790607,0
12175,37742,1417790607,0
12175,39299,1417790607,0
12176,52355,1417789264,0
12176,40302,1417789264,0
12176,41715,1417789264,1
12176,43221,1417789264,1
12176,46153,1417789264,1
12176,39609,1417789264,1
12176,42868,1417789264,0
12176,46086,1417789264,-1
12176,47520,1417789264,0
12176,46055,1417789264,-1
12176,37742,1417789264,0
12176,39557,1417789264,1
12176,47600,1417789264,-1
12176,46901,1417789264,-1
12176,45892,1417789264,0
12176,46971,1417789264,0
12176,44567,1417789264,-1
12176,44242,1417789264,0
12176,46262,1417789264,-1
12176,39684,1417789264,0
12176,46111,1417789264,-1
12176,41725,1417789264,1
12176,41145,1417789264,-1
