9682,46964,1528267630,0
9682,39418,1528267630,0
9682,56269,1528267630,1
9682,56989,1528267630,1
9682,39545,1528267630,-1
9682,42750,1528267630,-1
9682,58171,1528267630,0
9695,39726,1525187874,0
9695,56479,1525187874,0
9711,45640,1524747826,1
9711,43582,1524747826,-1
9711,45740,1524747826,1
9711,47753,1524747826,1
9711,39591,1524747826,1
9711,45102,1524747826,1
9711,43830,1524747826,1
9711,44228,1524747826,-1
9711,59973,1524747826,0
9711,59698,1524747826,0
9711,58342,1524747826,0
9755,44971,1523879129,0
9755,38890,1523879129,0
9755,44540,1523879129,0
9755,56462,1523879129,0
9755,40287,1523879129,0
9773,39499,1523360947,0
9773,46950,1523360947,-1
9773,43305,1523360947,0
9773,37825,1523360947,0
9773,56336,1523360947,0
9773,61033,1523360947,0
9773,60700,1523360947,0
9865,61026,1520851439,0
9865,56185,1520851439,0
9865,59865,1520851439,1
9865,39321,1520851439,0
9865,61200,1520851439,0
9865,39570,1520851439,-1
9865,60303,1520851439,-1
9865,45224,1520851439,0
9865,41711,1522054009,0
9865,46993,1522054009,0
9865,56969,1522054009,-1
9865,43786,1522054009,-1
9865,39650,1522054009,0
9865,56401,1522054009,0
9865,39329,1522054009,0
9865,59739,1522054009,1
9865,57572,1522054009,-1
9865,46087,1522054009,-1
9865,45358,1522054009,0
9865,39512,1522054077,0
9865,56747,1522054077,-1
9865,43847,1522054077,1
9865,43671,1522054077,0
9865,46137,1522054077,1
9865,44201,1522054077,1
9865,56048,1522054077,1
9865,59844,1522054077,0
9865,59629,1522054077,0
9890,60563,1521785893,0
9890,58189,1521785893,0
9890,42652,1521785893,0
9890,56792,1521785893,0
9890,39435,1521785893,0
9890,55776,1521785893,0
9890,55900,1521785893,0
9890,47536,1521785893,0
9890,40205,1521785893,0
9890,45228,1521785893,0
9890,46021,1521785893,0
9890,55891,1521785893,0
9890,39800,1521785893,0
9890,46986,1521785893,0
9890,61131,1521785893,0
9890,56865,1521785893,0
9890,41622,1521785893,0
9890,56347,1521785893,0
9890,43229,1521785893,0
9890,46260,1521785893,0
9890,60209,1521785893,0
9890,56230,1521785893,0
9890,47455,1521785893,0
9890,44009,1521785893,0
9890,60166,1521785893,0
9890,39734,1521785893,0
9890,56537,1521785893,0
9890,39547,1521785893,0
9890,42644,1521785893,0
9890,39186,1521785893,0
9890,55972,1521785893,0
9890,40107,1521785893,0
9890,56500,1521785893,0
9890,59922,1521785893,0
9890,52086,1521785893,0
9890,39514,1521785893,0
9890,56899,1521785893,0
9890,40065,1521785893,0
9890,56063,1521785893,0
9890,39481,1521785893,0
9890,52330,1521785893,0
9890,56734,1521785893,0
9890,56226,1521785893,0
9890,39550,1521785893,0
9890,44876,1521785893,0
9890,45165,1521785893,0
9890,56033,1521785893,0
9890,41077,1521785893,0
9890,41233,1521785893,0
9890,41788,1521785893,0
9890,56698,1521785893,0
9890,61197,1521785893,0
9890,40020,1521785893,0
9890,56103,1521785893,0
9890,60303,1521785893,0
9890,55824,1521785893,0
9890,45769,1521785893,0
9890,56285,1521785893,0
9890,56636,1521785893,0
9890,41540,1521785893,0
9900,56465,1521630017,0
9900,60669,1521630017,0
9900,57227,1521630017,1
9900,56305,1521630017,1
9900,40785,1521630017,1
9900,60080,1521630017,0
9900,57028,1521630017,1
9900,45702,1521630017,-1
9900,45668,1521630017,0
9900,59975,1521630017,-1
9935,39139,1521028056,0
9935,46744,1521028056,0
9935,39701,1521028056,1
9935,40156,1521028056,0
9935,52065,1521028056,-1
9935,56498,1521028056,-1
10024,56687,1517489956,0
10024,41697,1517489956,0
10024,60305,1519394858,0
10024,39576,1519394858,0
10060,60356,1518685763,0
10060,56532,1518685763,0
10060,60038,1518685763,1
10160,39464,1515259708,0
10160,60207,1515259708,0
10160,39477,1515259708,1
10160,47670,1515259708,1
10160,60292,1515259708,1
10160,46049,1515259708,0
10160,39706,1515259708,0
10160,39356,1515259708,1
10160,59978,1515259708,1
10160,46238,1515259708,0
10160,56511,1515259708,0
10160,56489,1515259708,-1
10160,45950,1515259708,1
10160,47656,1515259708,0
10160,41624,1515259708,1
10160,45595,1515259708,0
10160,57983,1515259708,0
10160,41725,1515259708,0
10160,38072,1515259708,0
10160,43770,1515259708,1
10160,47496,1515259708,0
10160,46722,1515259708,1
10160,46497,1515259708,1
10160,51602,1515259708,0
10160,40098,1515259708,0
10160,40071,1515259708,1
10160,59802,1515259708,1
10160,55741,1515259708,0
10160,55888,1515259708,1
10160,43490,1515259708,1
10160,56382,1515259708,-1
10160,47898,1515259708,0
10160,58367,1515259708,1
10160,46957,1515259708,1
10160,39187,1515259708,1
10160,46746,1516398635,0
10174,46610,1515750280,1
10174,56233,1515750280,1
10174,39751,1515750280,1
10174,56189,1515750280,1
10174,55861,1515750280,-1
10174,42850,1515750280,0
10174,56071,1515750280,0
10174,60716,1515750280,0
10174,60120,1515750280,0
10174,39569,1515750280,0
10174,56685,1515750280,0
10174,44548,1515750280,0
10174,43860,1515750280,0
10174,60872,1515750280,0
10174,41531,1515750280,0
10174,43601,1515750280,0
10174,52061,1515750280,0
10174,55813,1515750280,1
10174,44537,1515750280,0
10174,44774,1515750280,-1
10174,39148,1515750280,-1
10174,43426,1515750280,0
10174,55792,1515750280,0
10174,44023,1515750280,-1
10174,40088,1515750280,0
10174,56033,1515750280,1
10174,52355,1515750280,1
10174,55872,1515750280,0
10174,57937,1515750280,0
10174,56779,1515750280,1
10174,52275,1515750280,1
10185,56675,1515320007,1
10185,59815,1515320007,-1
10185,56504,1515320007,0
10214,55762,1514453115,0
10214,41440,1514453115,0
10214,42954,1514453115,0
10214,56090,1514453115,0
10214,39617,1514453115,0
10214,56580,1514453115,0
10214,41239,1514453115,0
10214,52133,1514453115,1
10214,42934,1514453115,1
10214,56545,1514453115,0
10214,59779,1514453115,-1
10214,46947,1514453115,0
10214,59822,1514453115,0
10214,60967,1514453115,0
10214,60890,1514453115,0
10214,44057,1514453115,1
10214,59742,1514453115,1
10214,60632,1514453115,1
10214,43604,1514453115,1
10214,39564,1514453115,0
10214,57624,1514453115,0
10214,44224,1514453115,0
10214,56284,1514453115,1
10214,55766,1514453115,1
10214,56543,1514453115,0
10214,60363,1514453115,1
10215,56121,1514452633,0
10216,55885,1514361436,1
10219,52120,1514360764,1
10223,46729,1514001164,1
10227,41294,1514001164,1
10232,60918,1514001164,0
10232,55948,1514001164,0
10238,45228,1513858840,1
10238,59723,1513858840,0
10248,44310,1513665698,1
10248,43834,1513665698,0
10248,43424,1513665698,1
10248,55900,1513665698,0
10248,52242,1513665698,1
10248,57638,1513665698,1
10248,59789,1513665698,0
10248,56760,1513665698,1
10248,61167,1513665698,0
10248,47549,1513665698,0
10248,44243,1509733645,0
10248,46978,1513665698,1
10248,56222,1513665698,1
10248,41650,1513665698,1
10248,44078,1513665698,1
10248,56714,1513665698,0
10248,39376,1513665698,1
10248,43005,1513665698,1
10248,45648,1513665698,1
10248,43423,1513665698,1
10248,41407,1513665698,0
10248,56211,1513665698,1
10248,39537,1509733645,1
10248,43492,1513665698,0
10248,60155,1513665698,1
10248,60286,1513665698,0
10248,42935,1513665698,1
10248,60772,1513665698,0
10248,47350,1513665698,1
10248,46971,1513665698,1
10248,56275,1513665698,1
10248,58268,1513665698,1
10248,59743,1509733645,-1
10248,41512,1513665698,1
10248,56139,1513665698,1
10248,56876,1513665698,0
10248,57938,1513665698,1
10248,43777,1513665698,1
10248,39390,1513665698,1
10248,60700,1513665698,0
10248,55818,1513665698,1
10248,52096,1513665698,0
10248,44220,1513665698,1
10248,47437,1513665698,0
10248,56286,1513665698,1
10248,56262,1513665698,1
10248,56701,1513665698,1
10248,45543,1513665698,0
10248,44385,1509733645,-1
10248,44891,1509733645,0
10248,60850,1513665698,1
10248,56458,1509733645,0
10248,46944,1513665698,1
10248,56035,1510941362,1
10248,60950,1513665698,1
10248,55932,1513665698,1
10248,39470,1513665698,1
10248,56094,1513665698,1
10248,56670,1513665698,1
10248,45350,1513665698,1
10264,57007,1513009070,0
10274,55803,1511352033,0
10274,56641,1511352033,0
10274,40112,1511352033,0
10274,56572,1511352033,0
10274,59678,1511352033,0
10274,41760,1511352033,0
10278,55778,1510976697,1
10278,43586,1510976697,1
10291,56174,1510028520,1
10291,39549,1510028520,1
10291,59733,1510028520,0
10291,60218,1510028520,1
10297,41008,1509721413,0
10297,46743,1509721413,-1
10297,39375,1509721413,-1
10297,43362,1509721413,0
10297,47013,1509721413,0
10297,43149,1509721413,0
10297,56019,1509721413,0
10297,47182,1509721413,0
10297,41527,1509721413,1
10297,39913,1509721413,0
10297,56974,1509721413,0
10297,45984,1509721413,0
10297,39622,1509721413,1
10306,44607,1508924682,0
10306,60133,1508924682,1
10306,41351,1508924682,0
10306,55747,1508924682,0
10306,38861,1508924682,0
10306,46098,1508924682,0
10306,38674,1508924682,1
10306,52301,1508924682,1
10306,39521,1508924682,0
10306,41564,1508924682,0
10306,52559,1508924682,0
10306,60668,1508924682,0
10306,56291,1508924682,0
10306,59730,1508924682,1
10306,37838,1508924682,0
10306,56783,1508924682,0
10306,52115,1508924682,0
10306,55987,1508924682,0
10306,56132,1508924682,1
10306,60905,1508924682,-1
10306,52336,1508924682,-1
10306,46288,1508924682,0
10306,61248,1508924682,0
10306,47197,1508924682,0
10328,46028,1505971151,1
10328,41527,1505971151,0
10328,41678,1505971151,0
10328,56457,1505971151,0
10328,56054,1505971151,0
10361,41392,1503429105,0
10361,39737,1503429105,0
10361,41715,1503429105,0
10361,55889,1503429105,0
10361,56785,1503429105,0
10361,46918,1503429105,0
10361,59823,1503429105,0
10362,43670,1503390147,1
10362,45722,1503390147,1
10362,57234,1503390147,1
10362,60095,1503390147,-1
10362,60301,1503390147,-1
10362,60727,1503390147,0
10362,46101,1503390147,0
10362,39366,1503390147,0
10362,56089,1503390147,0
10362,56670,1503390147,-1
10362,39784,1503390147,0
10362,44011,1503390147,-1
10362,52050,1503390147,0
10362,55825,1503390147,0
10362,58012,1503390147,-1
10362,39385,1503390147,0
10362,52493,1503390147,0
10362,57607,1503390147,0
10362,60561,1503390147,-1
10362,57032,1503390147,-1
10362,47180,1503390147,-1
10362,61069,1503390147,0
10362,56932,1503390147,1
10362,56037,1503390147,1
10362,60189,1503390147,-1
10362,61176,1503390147,-1
10362,58024,1503390147,-1
10362,39537,1503390147,-1
10362,39466,1503390147,1
10362,52318,1503390147,0
10362,42625,1503390147,-1
10362,39751,1503390147,-1
10362,60648,1503390147,-1
10362,40043,1503390147,1
10362,60323,1503390147,0
10362,45954,1503390147,-1
10362,55936,1503390147,-1
10362,46130,1503390147,-1
10362,61043,1503390147,1
10362,46744,1503390147,-1
10362,60456,1503390147,-1
10362,43817,1503390147,-1
10362,41122,1503390147,-1
10362,59692,1503390147,0
10362,47437,1503390147,-1
10362,44601,1503390147,-1
10362,56837,1503390147,-1
10362,58180,1503390147,-1
10362,46953,1503390147,0
10362,41464,1503390147,0
10362,60878,1503390147,-1
10362,60126,1503390147,0
10362,57650,1503390147,0
10362,51645,1503390147,-1
10362,39255,1503390147,0
10362,60575,1503390147,0
10362,39582,1503390147,-1
10362,57729,1503390147,0
10362,45945,1503390147,0
10362,58369,1503390147,1
10364,60659,1503384691,0
10364,59656,1503384691,0
10371,55931,1503169151,0
10377,41711,1502447090,0
10377,55941,1502447090,1
10377,56352,1502447090,0
10387,56095,1501873147,0
10416,39464,1491298337,1
10416,61249,1496743722,1
10416,41236,1501612825,0
10419,57236,1488551479,-1
10419,56529,1488551479,1
10419,61018,1488551479,-1
10419,39499,1496649379,1
10419,56446,1496649379,-1
10419,46133,1496649379,-1
10419,57570,1501612825,1
10419,56209,1501612825,1
10420,42936,1487831883,0
10420,42632,1495692865,0
10420,61233,1501612825,0
10423,39789,1494996933,1
10423,56496,1494996933,0
10423,45706,1494996933,1
10423,41718,1494996933,-1
10423,39188,1494996933,0
10423,37749,1494996933,0
10423,43847,1494996933,1
10423,41634,1494996933,-1
10423,60842,1494996933,1
10423,38072,1494996933,1
10423,41596,1494996933,1
10423,52008,1494996933,1
10423,57588,1494996933,-1
10423,42825,1494996933,0
10423,37863,1494996933,1
10423,56438,1494996933,0
10423,55780,1494996933,1
10423,56783,1494996933,0
10423,39322,1494996933,1
10423,40152,1494996933,1
10423,58091,1494996933,1
10423,45206,1494996933,1
10423,45706,1494996933,0
10423,59946,1494996933,0
10423,37901,1494996933,-1
10423,39615,1494996933,1
10423,40189,1494996933,0
10423,58292,1494996933,0
10423,46130,1494996933,-1
10423,46126,1494996933,0
10423,41834,1494996933,0
10423,52238,1494996933,0
10423,38901,1494996933,-1
10423,60561,1494996933,1
10423,55974,1494996933,-1
10423,45156,1494996933,0
10423,51640,1494996933,-1
10423,56453,1494996933,0
10423,42831,1494996933,0
10423,44055,1494996933,-1
10423,40156,1494996933,0
10423,56726,1494996933,-1
10423,41159,1494996933,-1
10423,57362,1494996933,1
10423,47694,1494996933,1
10423,39750,1494996933,0
10423,44027,1494996933,0
10423,40313,1494996933,1
10423,39604,1494996933,1
10423,56852,1494996933,1
10423,39437,1494996933,1
10423,39399,1494996933,1
10423,42787,1494996933,1
10423,47598,1494996933,1
10423,39424,1494996933,1
10423,59807,1494996933,0
10423,52538,1494996933,0
10423,39791,1494996933,1
10423,57422,1494996933,1
10423,39792,1494996933,0
10426,57387,1493890508,0
10426,56842,1494218320,1
10426,60666,1493890508,1
10426,56563,1494218320,1
10426,43362,1493890508,1
10426,43849,1493890508,1
10426,41755,1494218320,1
10426,57237,1493890508,-1
10426,60341,1493890508,-1
10426,56609,1494218320,1
10426,58100,1493890508,0
10426,45294,1494218320,0
10426,38852,1493890508,0
10426,55870,1493890508,-1
10426,46357,1494218320,1
10426,42645,1493890508,0
10426,37972,1494218320,-1
10426,44443,1493890508,1
10426,38681,1494218320,1
10426,56400,1494218320,0
10426,41443,1494218320,0
10426,44239,1493890508,1
10426,40822,1494218320,0
10426,46917,1493890508,0
10426,46062,1493890508,1
10426,60997,1494218320,-1
10426,52087,1493890508,1
10426,57208,1494218320,0
10426,42630,1493890508,-1
10426,57018,1494218320,0
10426,41702,1494218320,0
10426,39705,1494218320,0
10426,47412,1494218320,0
10426,39991,1494218320,1
10426,43329,1494218320,-1
10426,46148,1493890508,1
10426,60124,1494218320,1
10426,43425,1493890508,0
10426,46011,1493890508,1
10426,37826,1494218320,1
10426,61344,1493890508,1
10426,60069,1494218320,1
10426,60731,1493890508,1
10426,59778,1493890508,0
10426,41715,1493890508,1
10426,55891,1493890508,-1
10426,40193,1493890508,-1
10426,44038,1494218320,1
10426,58049,1494218320,-1
10426,41670,1493890508,1
10426,56748,1494218320,0
10426,41778,1493890508,-1
10426,52009,1493890508,0
10426,45099,1494218320,1
10426,46919,1494218320,0
10426,60220,1493890508,-1
10426,45252,1494218320,-1
10426,60934,1494218320,-1
10426,56785,1494218320,1
10426,57998,1494218320,1
10427,56455,1487833218,0
10427,58094,1487833218,-1
10427,42606,1487833218,1
10427,39636,1487833218,-1
10427,56617,1487833218,1
10427,56336,1487833218,1
10427,42628,1487833218,0
10427,40308,1487833218,1
10427,43993,1487833218,1
10427,46151,1487833218,0
10427,52558,1487833218,0
10427,60442,1487833218,1
10427,45539,1487833218,1
10427,41607,1487833218,1
10427,39377,1487833218,-1
10427,56251,1487833218,0
10427,56161,1487833218,1
10427,52249,1487833218,0
10427,56506,1487833218,1
10427,59599,1487833218,0
10427,40220,1487833218,-1
10427,39642,1487833218,0
10427,41628,1487833218,1
10427,41845,1487833218,-1
10427,56241,1487833218,0
10427,56814,1487833218,1
10427,46044,1487833218,0
10427,57243,1487833218,1
10427,42159,1487833218,1
10427,47536,1487833218,0
10427,56010,1487833218,1
10427,45387,1487833218,0
10427,55887,1487833218,0
10427,60006,1487833218,1
10427,56326,1487833218,0
10427,55826,1487833218,0
10427,58106,1487833218,1
10427,40285,1487833218,0
10427,39545,1487833218,-1
10427,40767,1487833218,1
10427,41488,1487833218,1
10427,44047,1487833218,1
10427,55974,1487833218,1
10427,42623,1487833218,1
10427,60653,1487833218,1
10427,56713,1487833218,1
10427,39840,1487833218,0
10427,45668,1487833218,1
10427,43611,1487833218,0
10427,37762,1487833218,-1
10427,52013,1487833218,0
10427,39526,1487833218,0
10427,52050,1487833218,1
10427,58009,1487833218,1
10427,60746,1487833218,1
10427,43021,1487833218,1
10427,39654,1487833218,1
10427,40050,1487833218,1
10427,39517,1487833218,0
10427,39276,1487833218,1
10439,57022,1494996074,0
10439,43795,1494996074,0
10439,56991,1494996074,1
10439,56205,1494996074,0
10439,57398,1494996074,1
10439,56382,1494996074,1
10439,41679,1494996074,1
10439,46733,1494996074,1
10439,56150,1494996074,0
10439,60742,1494996074,1
10439,41865,1494996074,1
10439,56368,1494996074,1
10439,56604,1494996074,0
10439,58171,1494996074,0
10439,52373,1494996074,0
10439,41376,1494996074,-1
10439,52042,1494996074,0
10439,56402,1494996074,0
10439,46924,1494996074,1
10439,56194,1494996074,0
10439,58032,1494996074,-1
10439,39492,1494996074,-1
10439,57243,1494996074,1
10439,57236,1494996074,1
10439,40691,1494996074,1
10439,58174,1494996074,1
10439,60740,1494996074,1
10439,56310,1494996074,1
10439,44251,1494996074,1
10439,61167,1494996074,1
10439,41156,1494996074,0
10439,56484,1494996074,0
10439,41002,1494996074,1
10439,61200,1494996074,1
10439,56337,1494996074,-1
10439,60018,1494996074,0
10439,38583,1494996074,1
10439,56773,1494996074,1
10439,60319,1494996074,0
10439,59958,1494996074,1
10439,56836,1494996074,1
10439,55879,1494996074,1
10439,61140,1494996074,1
10439,56201,1494996074,1
10439,43765,1494996074,1
10439,39984,1494996074,0
10439,57643,1494996074,-1
10439,52556,1494996074,0
10439,60182,1494996074,1
10439,44776,1494996074,0
10439,56006,1494996074,1
10439,45730,1494996074,0
10439,56130,1494996074,0
10439,45164,1494996074,-1
10439,43786,1494996074,0
10439,55972,1494996074,1
10439,41283,1494996074,0
10439,46087,1494996074,1
10439,39765,1494996074,1
10439,45929,1494996074,1
10458,40198,1501230643,0
10458,44023,1501230643,1
10458,46083,1501230643,0
10465,58369,1489423127,1
10465,58292,1489423127,-1
10465,45684,1501147040,-1
10465,56371,1501147040,0
10465,39590,1501147040,0
10465,56303,1489423167,1
10465,45649,1489423167,1
10465,43433,1489423127,-1
10465,46035,1489423127,0
10465,52239,1501147040,-1
10465,47655,1501147040,0
10465,44038,1489423127,0
10465,39500,1501147040,0
10465,55840,1501147040,1
10465,43017,1501147040,-1
10465,55891,1489423127,-1
10465,61200,1501147040,-1
10465,39674,1501147040,-1
10465,56153,1489423127,-1
10465,44440,1501147040,0
10465,56170,1489423167,0
10465,56104,1501147040,0
10465,39442,1501147040,0
10465,43311,1489423167,1
10465,45717,1501147040,-1
10465,39687,1501147040,-1
10465,56222,1489423167,-1
10465,43433,1489423167,1
10465,56445,1489423167,0
10465,56460,1501147040,-1
10465,43937,1501147040,-1
10465,46929,1489423167,1
10465,60155,1501147040,-1
10465,46729,1501147040,0
10465,43604,1489423167,-1
10465,61042,1489423167,0
10465,56340,1501147040,-1
10465,52289,1501147040,-1
10465,40682,1489423167,1
10465,56855,1501147040,0
10465,43706,1501147040,-1
10465,41774,1501147040,-1
10465,46989,1501147040,-1
10465,41700,1489423167,0
10465,51838,1489423127,0
10465,59984,1501147040,-1
10465,51641,1489423167,-1
10465,52346,1501147040,-1
10465,61252,1489423167,1
10465,43339,1489423127,-1
10465,40196,1501147040,0
10465,59683,1489423167,0
10465,58174,1501147040,0
10465,37888,1489423127,-1
10465,39433,1501147040,-1
10465,60732,1489423127,-1
10465,60860,1501147040,0
10465,44015,1501147040,0
10465,56659,1501147040,-1
10465,45673,1489423167,-1
10473,44556,1500881177,-1
10473,39989,1500881177,0
10474,41608,1500881034,0
10480,56343,1449925423,1
10480,39249,1449925423,0
10480,56584,1449925423,0
10480,60022,1449925423,0
10480,39740,1449925423,0
10480,55996,1449925423,0
10480,40285,1449925423,0
10480,60295,1449925423,0
10480,56306,1449925423,0
10480,60159,1449925423,0
10480,40787,1449925423,1
10480,47609,1449925423,0
10480,60545,1449925423,0
10480,46231,1449925423,0
10480,42958,1449925423,0
10480,58292,1449925423,1
10480,55948,1449925423,0
10480,60189,1449925423,0
10480,37755,1449925423,0
10480,45250,1449925423,0
10480,59674,1449925423,-1
10480,60301,1449925423,0
10480,56994,1449925423,0
10480,58180,1449925423,0
10480,39731,1449486924,-1
10480,39361,1449925423,0
10480,47866,1449925423,0
10480,45281,1449925423,0
10480,56331,1449925423,0
10480,39334,1449925423,0
10480,47909,1449925423,0
10480,40214,1449925423,1
10480,60203,1449925423,0
10480,52087,1449925423,0
10480,39280,1449925423,0
10480,57950,1449925423,0
10480,45756,1449925423,0
10480,60860,1449925423,0
10480,60836,1449925423,-1
10480,44814,1449925423,0
10480,56663,1449925423,1
10480,59803,1449925423,0
10480,56605,1449925423,0
10480,52277,1449925423,0
10480,39225,1449925423,0
10480,43705,1449925423,0
10480,60303,1449925423,0
10480,56138,1449925423,0
10480,40247,1449925423,0
10480,59600,1449925423,0
10480,45826,1449925423,0
10480,56048,1449925423,0
10480,42654,1449925423,0
10480,52111,1449486924,0
10480,56146,1449925423,0
10480,39960,1449925423,0
10480,56341,1449925423,1
10480,56701,1449925423,0
10480,55850,1449925423,0
10480,46034,1449925423,0
10487,61159,1500715597,0
10487,40763,1500715597,1
10487,46981,1500715597,0
10487,46031,1500715597,0
10487,56028,1500715597,1
10487,45812,1500715597,0
10487,41472,1500715597,1
10497,45638,1496813883,0
10497,57224,1496813883,0
10497,56160,1495086198,0
10497,57393,1496813883,0
10497,39506,1496813883,1
10497,46924,1496813883,0
10497,39157,1496813883,0
10497,39674,1496813883,1
10497,56302,1496813883,-1
10497,56425,1496813883,0
10497,57429,1496813883,1
10497,45416,1496813883,1
10497,55745,1496813883,1
10497,55884,1496813883,1
10497,56738,1495086198,1
10497,41456,1496813883,1
10497,56281,1496813883,1
10497,57005,1496813883,-1
10497,56059,1495086198,1
10497,41492,1496813883,0
10497,59859,1496813883,-1
10497,56238,1496813883,1
10497,59550,1495086198,-1
10497,39540,1496813883,0
10497,44478,1496813883,0
10497,52270,1496813883,1
10497,60958,1496813883,1
10497,55876,1496813883,0
10497,44029,1496813883,0
10497,60649,1496813883,-1
10497,39681,1496813883,1
10497,43980,1496813883,1
10497,58322,1495086198,0
10497,56592,1496813883,1
10497,41393,1496813883,0
10497,61107,1496813883,1
10497,60749,1496813883,0
10497,40011,1496813883,1
10497,40087,1496813883,-1
10497,43000,1495086198,1
10497,47535,1496813883,-1
10497,40308,1496813883,1
10497,56267,1496813883,1
10497,60360,1496813883,0
10497,58076,1495086198,-1
10497,57346,1496813883,-1
10497,52096,1495086198,1
10497,59536,1496813883,1
10497,52291,1496813883,1
10497,39320,1496813883,1
10497,46101,1496813883,0
10497,39598,1496813883,1
10497,60209,1496813883,0
10497,41321,1496813883,1
10497,41770,1496813883,1
10497,43433,1496813883,0
10497,38662,1496813883,0
10497,41801,1496813883,1
10497,55781,1496813883,1
10497,61163,1496813883,0
10517,42159,1494837442,1
10517,42848,1494837442,-1
10517,56715,1494837442,-1
10517,43704,1494837442,1
10517,45633,1494837442,1
10517,46050,1494837442,1
10517,45205,1494837442,0
10517,44011,1494837442,-1
10517,47878,1494837442,0
10517,55757,1494837442,1
10517,55816,1494837442,0
10517,46750,1494837442,0
10517,41698,1494837442,1
10517,46011,1494837442,1
10517,41500,1494837442,1
10517,40191,1496743888,1
10517,46846,1496743888,0
10517,47869,1496743888,1
10517,41487,1496743888,1
10517,44481,1496743888,1
10517,46926,1496743888,1
10517,59726,1496743888,1
10517,45259,1496743888,1
10517,56263,1496743888,1
10517,39618,1496743888,0
10517,47540,1496743888,0
10517,45679,1496743888,0
10531,60009,1495192819,1
10531,52094,1495192819,-1
10531,60901,1495192819,1
10531,39763,1495192819,-1
10531,45072,1495192819,-1
10531,56331,1495192819,-1
10531,38059,1495192819,0
10531,57235,1495192819,1
10531,56569,1495192819,0
10531,60284,1495192819,-1
10531,43797,1495192819,0
10531,55755,1495192819,-1
10531,42159,1495192819,-1
10531,45921,1495192819,1
10531,45701,1495192819,-1
10531,55992,1495192819,1
10531,57998,1495192819,0
10531,47663,1495192819,1
10531,40816,1495192819,-1
10531,60881,1495192819,-1
10531,43811,1495192819,1
10531,40685,1495192819,0
10531,46011,1495192819,1
10531,44439,1495514275,0
10531,60738,1495192819,-1
10531,58325,1495192819,1
10531,60079,1495192819,-1
10531,60197,1495192819,-1
10531,59975,1495192819,-1
10531,39206,1495192819,-1
10531,56116,1495192819,1
10531,52291,1495192819,-1
10531,59751,1495192819,-1
10531,60706,1495192819,-1
10531,58018,1495192819,1
10531,41441,1495192819,0
10531,60655,1495192819,1
10531,60268,1495192819,1
10531,61043,1495192819,0
10531,60180,1495192819,1
10531,39475,1495192819,-1
10531,57243,1495192819,-1
10531,59621,1495192819,-1
10531,43703,1495192819,-1
10531,60312,1495192819,0
10531,51621,1495192819,-1
10531,45812,1495192819,-1
10531,41582,1495192819,-1
10531,58171,1495192819,0
10531,45812,1495192819,1
10531,46126,1495192819,-1
10531,39399,1495192819,-1
10531,61194,1495192819,-1
10531,61127,1495192819,1
10531,46741,1495192819,1
10531,61002,1495192819,0
10531,61208,1495192819,-1
10531,39654,1495192819,-1
10531,47196,1495192819,0
10531,46918,1495192819,0
10533,55829,1495127702,1
10533,57372,1495127702,1
10533,61082,1495127702,1
10533,60254,1495127702,-1
10533,61010,1495189786,1
10533,44054,1495189786,1
10533,47216,1495189786,1
10533,43513,1495189786,-1
10544,45982,1493885843,0
10544,41764,1493885843,0
10544,52061,1495001212,-1
10544,57357,1495001212,1
10544,61101,1495001212,0
10544,60368,1495001212,1
10544,42658,1495001212,0
10546,41393,1490618645,1
10546,46022,1490618645,0
10546,60315,1490618645,0
10546,56193,1490618645,1
10546,55769,1490618645,1
10546,41058,1490618645,-1
10546,42661,1490618645,-1
10546,41319,1490618645,1
10546,42666,1490618645,1
10546,44286,1495000165,1
10546,59950,1490618645,0
10546,60199,1490618645,0
10546,55995,1490618645,1
10546,60627,1490618645,-1
10546,57350,1490618645,1
10546,56944,1495000165,-1
10546,44551,1490618645,1
10546,59553,1490618645,0
10546,56123,1490618645,0
10546,44013,1490618645,0
10546,45081,1495000165,-1
10546,41602,1490618645,0
10546,39737,1490618645,-1
10546,44564,1490618645,-1
10546,56498,1490618645,-1
10546,60938,1490618645,0
10546,39734,1495000165,0
10546,56144,1490618645,-1
10546,44773,1490618645,0
10546,55869,1490618645,1
10546,56716,1495000165,-1
10546,56025,1490618645,-1
10546,60094,1490618645,-1
10546,43563,1490618645,-1
10546,41570,1490618645,-1
10546,57213,1490618645,1
10546,57381,1490618645,1
10546,46057,1490618645,0
10546,60216,1490618645,1
10546,56282,1490618645,-1
10546,41238,1490618645,1
10546,60635,1490618645,1
10546,59807,1490618645,0
10546,60574,1495000165,-1
10546,57243,1490618645,1
10546,46963,1490618645,1
10546,37796,1490618645,1
10546,58335,1490618645,0
10546,39360,1490618645,-1
10546,39133,1490618645,0
10546,56330,1490618645,-1
10546,56297,1490618645,0
10546,52368,1495000165,0
10546,39249,1490618645,0
10546,40765,1490618645,0
10546,38072,1490618645,0
10546,52318,1490618645,1
10546,61146,1490618645,1
10546,45944,1490618645,1
10546,44552,1490618645,0
10551,56736,1487833771,0
10551,37904,1487833771,1
10551,43343,1487833771,0
10551,39751,1487833771,1
10551,56915,1487833771,1
10551,58342,1487833771,0
10551,40247,1487833771,0
10551,60172,1487833771,0
10551,55825,1487833771,0
10551,60020,1487833771,1
10551,44448,1487833771,1
10551,44405,1487833771,1
10551,58301,1487833771,1
10551,61174,1487833771,1
10551,59942,1487833771,1
10551,56049,1494997579,1
10551,57630,1494997579,1
10551,43765,1494997579,1
10551,39265,1494997579,1
10551,45006,1494997579,1
10551,56740,1494997579,1
10551,46122,1494997579,1
10551,39915,1494997579,0
10551,39820,1494997579,1
10551,52112,1494997579,0
10551,56278,1494997579,0
10551,56806,1494997579,0
10557,40767,1494995706,1
10557,59692,1494995706,1
10557,43943,1494995706,-1
10557,47905,1494995706,-1
10557,38986,1494995706,0
10557,47227,1494995706,1
10557,47609,1494995706,1
10557,59752,1494995706,-1
10557,57946,1494995706,0
10557,55748,1494995706,0
10557,61196,1494995706,0
10557,58215,1494995706,1
10557,43115,1494995706,-1
10557,56048,1494995706,0
10557,60341,1494995706,1
10557,39305,1494995706,-1
10557,55932,1494995706,0
10557,56809,1494995706,1
10557,60583,1494995706,1
10557,59549,1494995706,0
10557,47640,1494995706,-1
10557,43858,1494995706,0
10557,41572,1494995706,1
10557,42158,1494995706,0
10557,41763,1494995706,0
10557,44440,1494995706,-1
10557,41821,1494995706,1
10557,56031,1494995706,1
10557,56148,1494995706,1
10557,61122,1494995706,-1
10557,56699,1494995706,1
10557,39532,1494995706,1
10557,39156,1494995706,1
10557,56616,1494331802,-1
10557,43561,1494995706,0
10557,56043,1494995706,1
10557,56003,1494995706,0
10557,56570,1494995706,-1
10557,41737,1494995706,1
10557,56568,1494995706,0
10557,39447,1494995706,1
10557,60870,1494995706,1
10557,45717,1494995706,1
10557,55817,1494995706,1
10557,39591,1494995706,-1
10557,41396,1494995706,0
10557,60904,1494995706,0
10557,39779,1494995706,1
10557,57262,1494995706,0
10557,40180,1494995706,0
10557,39652,1494995706,1
10557,56701,1494995706,1
10557,59729,1494995706,0
10557,58092,1494995706,0
10557,44448,1494995706,1
10557,41587,1494995706,1
10557,46122,1494995706,-1
10557,44564,1494995706,0
10557,47693,1494995706,1
10557,57189,1494995706,1
10558,57385,1494995019,-1
10560,45248,1494994645,-1
10560,39224,1494994645,0
10560,45988,1494994645,-1
10560,56243,1494994645,-1
10560,40088,1489049145,0
10560,47598,1489049145,-1
10560,61109,1494994645,1
10560,47900,1489049145,-1
10560,47413,1494994645,0
10560,56855,1489049145,1
10560,56359,1494994645,-1
10560,60205,1489049145,0
10560,46096,1489049145,-1
10560,57889,1494994645,1
10560,56438,1494994645,0
10560,42936,1494994645,1
10560,58154,1489049145,0
10560,44399,1489049145,-1
10560,39401,1494994645,1
10560,42623,1494994645,0
10560,46899,1489049145,1
10560,39636,1494994645,0
10560,46062,1489049145,-1
10560,39655,1494994645,0
10560,44240,1494994645,1
10560,56067,1489049145,0
10560,41711,1489049145,-1
10560,44550,1494994645,-1
10560,56388,1489049145,0
10560,59984,1494994645,-1
10560,59686,1489049145,-1
10560,55919,1489049145,-1
10560,51854,1489049145,1
10560,46203,1489049145,1
10560,56447,1494994645,-1
10560,56631,1489049145,1
10560,43230,1489049145,-1
10560,56262,1489049145,1
10560,57426,1489049145,-1
10560,47858,1489049145,-1
10560,56146,1494994645,-1
10560,44746,1494994645,-1
10560,56361,1489049145,0
10560,43951,1494994645,-1
10560,59984,1494994645,0
10560,57381,1489049145,-1
10560,47204,1494994645,-1
10560,56657,1489049145,0
10560,39979,1494994645,1
10560,56885,1489049145,0
10560,56541,1494994645,0
10560,41498,1494994645,-1
10560,55970,1494994645,-1
10560,45543,1494994645,0
10560,44275,1494994645,1
10560,52347,1489049145,-1
10560,52257,1489049145,0
10560,39265,1494994645,0
10560,41513,1494994645,1
10560,60299,1494994645,1
10569,56470,1481278779,1
10569,41827,1481278779,1
10569,41686,1481278779,0
10569,58084,1481278779,1
10569,44279,1481278779,0
10569,46097,1488241802,1
10569,55882,1488241802,0
10569,56105,1488241802,1
10569,39923,1488241802,0
10569,44642,1494531570,-1
10569,47538,1494531570,0
10571,56448,1494301778,-1
10571,52264,1494301778,-1
10571,40320,1494301778,0
10578,59601,1480666777,-1
10578,45588,1480666777,-1
10578,56544,1493704039,0
10578,45587,1493704039,-1
10578,45685,1480666777,0
10578,61084,1493704039,0
10578,61051,1493704302,0
10578,56115,1480666777,-1
10578,42760,1480666777,0
10578,47175,1480666777,0
10578,59936,1480666777,0
10578,56885,1480666777,-1
10578,37752,1480666777,1
10578,61177,1493704302,1
10578,41658,1480666777,1
10578,59958,1493704039,-1
10578,55999,1480666777,1
10578,52254,1493704302,1
10578,44433,1480666777,0
10578,41580,1493704302,0
10578,43983,1480666777,0
10578,40056,1493704039,0
10578,60100,1480666777,0
10578,60008,1493704302,0
10578,37752,1493704302,0
10578,44458,1493704039,-1
10578,56546,1480666777,0
10578,59933,1480666777,1
10578,60816,1480666777,0
10578,41435,1493704039,-1
10578,39508,1493704039,-1
10578,47522,1493704039,-1
10578,59693,1493704039,0
10578,39320,1480666777,0
10578,56189,1493704302,1
10578,60528,1493704039,0
10578,59730,1493704302,0
10578,40270,1493704039,0
10578,57108,1480666777,0
10578,39245,1493704302,0
10578,40118,1493704302,1
10578,44309,1480666777,0
10578,55793,1480666777,1
10578,38073,1493704302,0
10578,45405,1493704039,-1
10578,56253,1493704039,0
10578,45821,1493704302,0
10578,58096,1493704039,0
10578,56427,1480666777,1
10578,39133,1480666777,1
10578,61016,1493704302,0
10578,39265,1493704039,0
10578,46660,1493704039,-1
10578,39469,1480666777,0
10578,40018,1480666777,0
10578,44665,1480666777,1
10578,61051,1493704302,1
10578,45552,1480666777,-1
10578,44552,1480666777,0
10578,42939,1480666777,1
10584,56518,1493261645,0
10584,43115,1493261645,0
10584,44601,1493261645,-1
10584,59618,1493261645,0
10584,52294,1493703128,1
10584,39661,1493703128,0
10584,60059,1493703128,1
10584,59655,1493703128,-1
10584,56242,1493703128,0
10584,56176,1493703128,1
10584,39753,1493703128,0
10584,39789,1493703128,0
10584,56535,1493703128,0
10584,59581,1493703128,1
10584,43004,1493703128,0
10584,41355,1493703128,1
10584,56738,1493703128,1
10584,43859,1493703128,-1
10584,43982,1493703128,0
10584,47394,1493703128,0
10584,60578,1493703128,0
10584,45814,1493703128,0
10584,44547,1493703128,0
10584,60458,1493703128,0
10584,61196,1493703128,1
10584,52263,1493703128,0
10584,46996,1493703128,0
10584,56852,1493703128,-1
10584,56290,1493703128,-1
10584,39785,1493703128,0
10584,41808,1493703128,0
10584,45717,1493703128,1
10584,52240,1493703128,0
10584,56271,1493703128,1
10584,39791,1493703128,1
10584,56721,1493703128,1
10584,61208,1493703128,-1
10584,41429,1493703128,1
10584,47215,1493703128,-1
10584,47614,1493703128,-1
10587,43999,1446040717,0
10587,45205,1446040717,-1
10587,56066,1446040717,0
10587,44872,1446040717,1
10587,44248,1446040717,1
10587,43858,1446040717,0
10587,59801,1446040717,0
10587,41852,1446190506,0
10587,55815,1446190506,1
10587,45405,1446190506,0
10587,60022,1446190506,-1
10587,45026,1493215756,0
10587,60303,1493283731,1
10587,40691,1493283731,-1
10587,45949,1493283731,-1
10587,56096,1493283731,1
10587,40786,1493283731,-1
10587,43769,1493283731,-1
10587,39798,1493283731,-1
10587,46733,1493283731,0
10587,55980,1493283731,0
10587,45892,1493283731,0
10587,39651,1493283731,0
10587,46027,1493283731,0
10587,46185,1493283731,1
10587,55799,1493283731,0
10587,58028,1493283731,0
10587,43765,1493283731,0
10587,47299,1493283731,0
10587,56931,1493283731,1
10587,43671,1493283731,0
10587,46074,1493283731,1
10587,37705,1493283731,-1
10587,46756,1493283731,0
10587,46137,1493283731,1
10587,46744,1493283731,0
10587,57024,1493283731,0
10587,43494,1493283731,-1
10587,56843,1493283731,1
10587,39753,1493283731,0
10587,55959,1493283731,1
10587,51641,1493283731,1
10587,47658,1493283731,0
10587,43996,1493283731,0
10587,56085,1493283731,1
10587,45295,1493283731,1
10587,52334,1493283731,0
10587,60944,1493283731,1
10596,56832,1492875651,-1
10604,47520,1492683184,0
10604,45718,1492683184,-1
10604,46759,1492696940,-1
10604,59906,1491464273,-1
10604,56353,1492683184,0
10604,57986,1492696940,0
10604,46238,1492696940,1
10604,56411,1491464273,0
10604,41347,1491464273,-1
10604,46651,1492683184,1
10604,58143,1491464273,0
10604,46104,1492683184,0
10604,60589,1492696940,-1
10604,40774,1492683184,-1
10604,39826,1492696940,1
10604,56061,1491464273,0
10604,39802,1491464273,1
10604,56946,1491464273,0
10604,45587,1492683184,0
10604,56176,1492696940,-1
10604,37788,1491464273,1
10604,43815,1491464273,-1
10604,38900,1492696940,1
10604,55944,1492683184,-1
10604,59866,1492683184,-1
10604,40078,1492696940,0
10604,45245,1491464273,0
10604,59736,1491464273,0
10604,43098,1492696940,-1
10604,59858,1492683184,1
10604,61186,1492696940,1
10604,47693,1491464273,1
10604,56649,1491464273,0
10604,56205,1492683184,1
10604,39965,1492683184,0
10604,41263,1492683184,-1
10604,57378,1492696940,-1
10604,60730,1491464273,-1
10604,39785,1492683184,0
10604,52499,1491464273,-1
10604,41737,1492696940,0
10604,56408,1492696940,-1
10604,41735,1491464273,-1
10604,42608,1492683184,-1
10604,43093,1492683184,-1
10604,46744,1491464273,0
10604,56670,1491464273,1
10604,41449,1492683184,1
10604,61169,1492683184,-1
10604,41855,1492696940,1
10604,56739,1492683184,0
10604,46124,1492696940,1
10604,52545,1492683184,-1
10604,60969,1492683184,-1
10604,46150,1492696940,1
10604,43936,1492683184,-1
10604,52291,1492696940,0
10604,61016,1491464273,-1
10604,56830,1491464273,0
10604,46986,1492696940,0
10618,40207,1492145093,0
10618,44549,1492145093,0
10618,60268,1492145093,1
10618,57567,1492145093,0
10618,40994,1492145093,-1
10618,39718,1492145093,0
10618,58367,1492145093,1
10618,37727,1492145093,1
10618,59833,1492145093,0
10618,56481,1492145093,1
10618,51620,1492145093,1
10618,56409,1492145093,0
10618,55792,1492145093,0
10618,45097,1492145093,0
10618,56999,1492145093,1
10618,41843,1492145093,1
10618,45228,1492145093,1
10618,41501,1492145093,0
10618,56403,1492145093,0
10618,44876,1492145093,1
10618,56684,1492145093,0
10618,47189,1492145093,1
10618,44008,1492145093,-1
10618,61179,1492145093,1
10618,39225,1492145093,1
10618,52279,1492145093,-1
10618,39384,1492145093,0
10618,56594,1492145093,0
10618,56081,1492145093,-1
10618,55758,1492145093,1
10618,55861,1492145093,0
10618,61036,1492145093,-1
10618,41801,1492145093,0
10618,57969,1492145093,1
10618,61122,1492145093,-1
10618,41548,1492145093,0
10618,41731,1492145093,1
10618,60896,1492145093,-1
10618,41730,1492145093,1
10618,59856,1492145093,0
10618,60833,1492145093,1
10618,44440,1492145093,1
10618,44564,1492145093,1
10618,52065,1492145093,1
10618,56854,1492145093,0
10618,40101,1492145093,-1
10618,61125,1492145093,1
10618,56443,1492145093,1
10618,56757,1492145093,0
10618,47342,1492145093,0
10618,39487,1492145093,0
10618,56231,1492145093,1
10618,61072,1492145093,1
10618,55963,1492145093,1
10618,39812,1492145093,1
10618,61091,1492145093,-1
10618,44558,1492145093,0
10618,55897,1492145093,1
10618,60182,1492145093,1
10618,56368,1492145093,1
10656,41739,1488271301,-1
10656,39462,1488271301,-1
10656,43513,1488271301,0
10656,56052,1488271301,1
10656,56989,1488271301,-1
10656,55886,1488271301,0
10656,43847,1488271301,0
10656,41264,1488271301,0
10656,56758,1488271301,-1
10656,42749,1488271301,-1
10656,45248,1488271301,0
10656,57211,1488271301,1
10656,45978,1488271301,1
10656,43365,1488271301,0
10656,58375,1488271301,-1
10656,41395,1488271301,0
10656,40313,1488271301,0
10656,52243,1488271301,1
10656,52081,1488271301,1
10671,59932,1481278342,-1
10671,39125,1487831898,0
10671,39683,1487831898,-1
10674,60648,1487810074,0
10674,56540,1487810074,0
10674,56728,1487810074,0
10674,58113,1487810074,1
10674,41972,1487810074,-1
10674,43948,1487810074,0
10674,41137,1481316488,0
10674,55785,1487810074,-1
10674,39484,1487810074,-1
10674,39662,1487810074,-1
10674,45897,1481316488,0
10674,43830,1487810074,-1
10674,56824,1487810074,1
10674,57743,1487810074,1
10674,45408,1487810074,0
10674,41749,1481316488,0
10674,46060,1481316488,0
10674,52024,1487810074,-1
10674,59790,1487810074,0
10674,39820,1481316488,0
10674,37888,1481316488,0
10674,57029,1481316488,0
10674,57938,1487810074,0
10674,43820,1487810074,1
10674,41835,1481316488,-1
10674,61168,1487810074,0
10674,47194,1481316488,1
10674,41763,1481316488,1
10674,58218,1481316488,-1
10674,52357,1481316488,-1
10674,39645,1481316488,-1
10674,52319,1481316488,-1
10674,58049,1481316488,0
10674,44029,1481316488,0
10674,40165,1487810074,0
10674,61072,1487810074,-1
10674,55843,1487810074,0
10674,56663,1487810074,0
10674,46081,1481316488,-1
10674,55907,1487810074,-1
10674,47608,1481316488,-1
10674,41576,1487810074,-1
10674,56054,1487810074,0
10674,46369,1487810074,-1
10674,46180,1481316488,-1
10674,45255,1487810074,0
10674,59689,1481316488,0
10674,46154,1487810074,0
10674,39332,1487810074,0
10674,47878,1487810074,1
10674,56437,1487810074,-1
10674,59702,1487810074,-1
10674,60205,1481316488,0
10674,40830,1481316488,-1
10674,56336,1481316488,0
10674,47191,1487810074,0
10674,45168,1481316488,-1
10674,46998,1487810074,1
10674,56285,1487810074,-1
10674,45906,1487810074,0
10716,56666,1482836305,1
10716,41753,1482836305,0
10716,39504,1482836305,1
10716,60172,1482836305,1
10716,41415,1482836305,0
10716,56982,1482836305,1
10716,42758,1482836305,1
10716,41416,1482836305,-1
10716,57205,1486621480,0
10716,39958,1482836305,1
10716,60209,1482836305,0
10716,61131,1482836305,-1
10716,52085,1482836305,0
10716,39145,1482836305,1
10716,41328,1482836305,-1
10716,56004,1482836305,1
10716,46948,1486621480,0
10716,39593,1482836305,0
10716,56442,1482836305,1
10716,56638,1482836305,-1
10716,45385,1482836305,0
10716,42851,1482836305,1
10716,41643,1482836305,1
10716,59944,1486621480,1
10716,41345,1486621480,0
10716,56206,1482836305,1
10716,56059,1482836305,0
10716,39368,1482836305,1
10716,55806,1486621480,1
10716,44665,1482836305,1
10716,56738,1482836305,1
10716,41863,1486621480,0
10716,59559,1486621480,0
10716,41537,1482836305,0
10716,60051,1482836305,-1
10716,39500,1482836305,0
10716,39519,1482836305,0
10716,44894,1482836305,-1
10716,43563,1482836305,0
10716,55848,1482836305,1
10716,59978,1482836305,-1
10716,38850,1482836305,0
10716,44021,1482836305,0
10716,59647,1486621480,1
10716,43129,1482836305,0
10716,43596,1482836305,0
10716,56996,1482836305,1
10716,39377,1486621480,-1
10716,60260,1482836305,-1
10716,43299,1482836305,-1
10716,56093,1482836305,0
10716,56391,1486621480,0
10716,56009,1486621480,0
10716,57747,1482836305,1
10716,56704,1482836305,1
10716,56414,1482836305,1
10716,59824,1482836305,-1
10716,39376,1486621480,1
10716,55986,1482836305,0
10716,44037,1482836305,1
10729,59900,1486084070,-1
10729,38126,1486084070,1
10729,38653,1486084070,-1
10729,39248,1486084070,-1
10729,59702,1486084070,0
10729,57357,1486084070,0
10729,61249,1486084070,0
10729,42658,1486084070,-1
10729,41523,1486084070,-1
10729,39342,1486084070,-1
10729,60373,1486084070,1
10729,40302,1486084070,0
10729,59561,1486084070,0
10729,46835,1486084070,-1
10729,56639,1486084070,0
10729,39793,1486084070,0
10729,59692,1486084070,-1
10729,57003,1486084070,0
10729,46957,1486084070,0
10729,46274,1486084070,0
10729,56153,1486084070,-1
10729,60739,1486084070,0
10729,56129,1486084070,-1
10729,57346,1486084070,1
10729,46214,1486084070,-1
10729,37916,1486084070,-1
10729,46035,1486084070,0
10729,41537,1486084070,1
10729,59950,1486084070,-1
10729,47402,1486084070,0
10729,56606,1486084070,-1
10729,59717,1486084070,0
10729,56028,1486084070,0
10729,43140,1486084070,0
10729,60713,1486084070,-1
10729,41405,1486084070,1
10729,59847,1486084070,1
10729,42947,1486084070,-1
10729,58407,1486084070,1
10729,52094,1486084070,-1
10729,56554,1486084070,0
10729,56864,1486084070,0
10729,39215,1486084070,-1
10729,46899,1486084070,0
10729,56459,1486084070,-1
10729,45251,1486084070,0
10729,61178,1486084070,0
10729,45102,1486084070,0
10729,41349,1486084070,1
10729,52124,1486084070,-1
10729,46017,1486084070,1
10729,46216,1486084070,-1
10729,51972,1486084070,0
10729,56621,1486084070,1
10729,52085,1486084070,-1
10729,52101,1486084070,-1
10729,55939,1486084070,-1
10729,39371,1486084070,1
10729,39386,1486084070,-1
10729,44631,1486084070,0
10733,60116,1485290850,0
10733,56354,1485290850,1
10733,39340,1485290850,1
10733,58123,1485290850,0
10733,52013,1485290850,1
10733,57395,1485290850,0
10733,57025,1485290850,1
10733,46748,1485290850,1
10733,39951,1485290850,1
10733,39674,1485290850,0
10733,61213,1485290850,1
10733,40196,1485290850,1
10733,47536,1485290850,1
10733,47489,1485290850,1
10733,61000,1485290850,0
10733,60045,1485822536,1
10733,60943,1485822536,1
10733,56718,1485822536,0
10733,61108,1485822536,1
10733,47459,1485822536,1
10733,57386,1485822536,0
10733,43136,1485822536,1
10733,42625,1485822536,0
10733,41648,1485822536,0
10733,44878,1485822536,1
10733,43851,1485822536,1
10733,43535,1485822536,1
10733,56982,1485822536,1
10733,43982,1485822536,0
10733,57213,1485822536,1
10736,56203,1481070776,1
10736,52538,1481070776,1
10736,60065,1481070776,0
10736,46036,1481070776,1
10736,39389,1481070776,1
10736,42963,1481070776,1
10736,42634,1481070776,0
10736,45246,1481070776,0
10736,59744,1481070776,0
10736,55800,1481070776,1
10736,47603,1481070776,0
10736,38834,1481070776,0
10736,39524,1481070776,1
10736,59714,1481070776,0
10736,52368,1481070776,1
10736,45827,1481070776,0
10736,52118,1481070776,-1
10736,56374,1485475506,0
10736,41424,1485475506,1
10736,56040,1485475506,-1
10736,46098,1485475506,0
10736,43859,1485475506,1
10746,41698,1482766031,-1
10746,45938,1482766031,0
10746,61005,1482357490,0
10746,46506,1482766031,0
10746,59652,1482357490,0
10746,46972,1482766031,1
10746,56729,1482357490,-1
10746,55747,1482357490,0
10746,56538,1482766031,1
10746,45227,1482766031,0
10746,57396,1482690230,0
10746,39602,1482690230,1
10746,47222,1482357490,-1
10746,56277,1482766031,0
10746,56973,1482766031,-1
10746,44654,1482357490,-1
10746,39744,1482690230,-1
10746,55955,1482690230,0
10746,55992,1482690230,-1
10746,58309,1482357490,1
10746,47392,1482766031,-1
10746,45576,1482690230,0
10746,52261,1482357490,-1
10746,56176,1482690230,0
10746,56629,1482357490,0
10746,52334,1482357490,0
10746,46971,1482357490,0
10746,41418,1482357490,1
10746,39738,1482690230,0
10746,56433,1482690230,0
10746,56580,1482766031,0
10746,39493,1482766031,0
10746,41554,1482690230,0
10746,39506,1482690230,-1
10746,56992,1482690230,0
10746,39476,1482766031,-1
10746,60648,1482766031,0
10746,56036,1482357490,1
10746,47870,1482766031,0
10746,52086,1482766031,0
10746,56557,1482690230,0
10746,60137,1482690230,0
10746,52250,1482690230,-1
10746,45774,1482766031,0
10746,56599,1482357490,-1
10746,57394,1482690230,0
10746,60337,1482766031,0
10746,56333,1482357490,-1
10746,61129,1482357490,0
10746,55806,1482690230,1
10746,56432,1482766031,1
10746,39924,1482766031,0
10746,55859,1482357490,0
10746,57750,1482690230,-1
10746,56969,1482357490,-1
10746,60186,1482766031,0
10746,46190,1482357490,-1
10746,60363,1482766031,1
10746,39660,1482690230,-1
10746,43763,1482690230,-1
10772,40060,1481264860,-1
10772,39516,1481223669,0
10772,44009,1481270511,-1
10772,43310,1481264860,-1
10772,38677,1481264860,-1
10772,38879,1481264860,1
10772,45416,1481270511,1
10772,41077,1481046457,1
10772,39747,1481046457,0
10772,56847,1481223669,-1
10772,46154,1481264860,-1
10772,56604,1481264860,-1
10772,56245,1481046457,-1
10772,52354,1481223669,0
10772,39394,1481046457,-1
10772,56858,1481046457,0
10772,46973,1481270511,-1
10772,52011,1481223669,1
10772,60292,1481264860,-1
10772,57224,1481270511,-1
10772,43494,1481046457,-1
10772,43979,1481223669,-1
10772,39810,1481270511,0
10772,39617,1481046457,0
10772,43328,1481223669,0
10772,60581,1481270511,1
10772,43862,1481046457,-1
10772,39353,1481264860,-1
10772,60995,1481270511,0
10772,45255,1481046457,-1
10772,59714,1481270511,1
10772,57041,1481264860,0
10772,39558,1481270511,-1
10772,44284,1481223669,1
10772,39792,1481264860,1
10772,56940,1481046457,0
10772,55749,1481264860,0
10772,39576,1481046457,0
10772,41576,1481264860,0
10772,40835,1481223669,0
10772,45102,1481223669,-1
10772,45933,1481264860,-1
10772,39820,1481264860,0
10772,57413,1481270511,0
10772,56125,1481223669,0
10772,44028,1481270511,0
10772,41786,1481223669,-1
10772,45929,1481223669,0
10772,57412,1481223669,-1
10772,56881,1481046457,-1
10772,56027,1481223669,0
10772,56504,1481046457,0
10772,40771,1481270511,1
10772,52013,1481264860,-1
10772,46291,1481223669,-1
10772,56673,1481264860,0
10772,42937,1481264860,0
10772,46150,1481223669,0
10772,41640,1481264860,0
10772,57095,1481223669,-1
10785,43783,1480596963,-1
10785,43131,1480596963,1
10785,60268,1480596963,0
10785,47502,1480596963,-1
10785,38613,1480596963,0
10785,59588,1481136641,1
10785,55746,1481136641,0
10806,38614,1480697466,-1
10806,39580,1480697466,-1
10806,56680,1480697466,1
10806,43831,1480697466,0
10806,56599,1480697466,0
10806,43150,1480697466,0
10806,39488,1480321070,0
10806,55771,1480321070,0
10806,56751,1480697466,0
10806,55941,1480697466,1
10806,61202,1480321070,-1
10806,61136,1480697466,0
10806,60990,1480697466,1
10806,45007,1480321070,1
10806,60082,1480697466,-1
10806,55916,1480697466,-1
10806,46742,1480321070,0
10806,60139,1480697466,0
10806,60111,1480321070,1
10806,38660,1480321070,0
10806,61102,1480697466,0
10806,44894,1480321070,-1
10806,56480,1480697466,-1
10806,44475,1480321070,0
10806,41403,1480697466,1
10806,41640,1480697466,-1
10806,59740,1480697466,0
10806,58413,1480697466,0
10806,38653,1480697466,1
10806,56003,1480697466,0
10806,56683,1480697466,0
10806,45301,1480697466,0
10806,41016,1480321070,1
10806,52141,1480697466,-1
10806,57752,1480697466,0
10806,52241,1480321070,-1
10806,44058,1480697466,0
10806,41422,1480321070,-1
10806,56110,1480697466,1
10806,60523,1480697466,-1
10806,59589,1480697466,0
10806,44451,1480321070,-1
10806,43851,1480697466,1
10806,56044,1480697466,1
10806,55972,1480697466,-1
10806,37818,1480697466,0
10806,56617,1480697466,-1
10806,61196,1480321070,0
10806,41723,1480321070,0
10806,46113,1480321070,-1
10806,47913,1480697466,-1
10806,44294,1480697466,0
10806,56464,1480697466,1
10806,43046,1480321070,0
10806,56600,1480697466,0
10806,60705,1480697466,-1
10806,56033,1480321070,0
10806,52308,1480321070,1
10806,57422,1480321070,-1
10806,38662,1480321070,-1
10811,56318,1480655487,0
10811,41302,1480655487,-1
10811,41538,1480655487,1
10811,41535,1480655487,-1
10811,41155,1480655487,1
10811,57003,1480655487,0
10811,56689,1480655487,-1
10811,39225,1480655487,-1
10811,44273,1480655487,0
10811,57229,1480655487,0
10811,57414,1480655487,0
10811,41513,1480655487,0
10811,46760,1480655487,0
10811,39645,1480655487,1
10811,42823,1480655487,-1
10811,59713,1480655487,-1
10811,56090,1480582938,1
10811,56228,1480655487,0
10811,59929,1480655487,0
10811,41648,1480655487,-1
10811,39807,1480655487,-1
10811,60840,1480655487,-1
10811,58407,1480655487,-1
10811,39580,1480655487,-1
10811,39255,1480655487,-1
10811,56627,1480655487,0
10811,60816,1480655487,1
10811,56627,1480655487,1
10811,56667,1480655487,-1
10811,39636,1480655487,-1
10811,56994,1480655487,-1
10811,43572,1480655487,0
10811,55768,1480655487,0
10811,55820,1480655487,1
10811,55977,1480655487,0
10811,47185,1480655487,0
10811,39517,1480655487,0
10811,44021,1480655487,0
10811,46268,1480655487,0
10811,41624,1480655487,-1
10811,42967,1480655487,1
10811,56717,1480655487,0
10811,52340,1480655487,1
10811,45978,1480655487,-1
10811,56016,1480655487,0
10811,43151,1480655487,-1
10811,60004,1480655487,0
10811,51637,1480655487,-1
10811,47487,1480655487,-1
10811,45248,1480655487,1
10811,61132,1480655487,0
10811,46919,1480655487,-1
10811,45100,1480655487,-1
10811,42842,1480655487,1
10811,45250,1480655487,-1
10811,46108,1480655487,-1
10811,39442,1480655487,-1
10811,39657,1480655487,-1
10811,44000,1480655487,0
10811,46009,1480655487,-1
10816,60062,1480507323,0
10816,40001,1480507323,0
10816,55812,1480507323,0
10816,47441,1480507323,-1
10816,56576,1480507323,0
10816,58095,1480507323,-1
10816,52054,1480507323,0
10816,40205,1480507323,-1
10816,41741,1480507323,0
10816,58255,1480507323,1
10816,39321,1480507323,0
10816,41472,1480507323,0
10816,59738,1480507323,-1
10816,47198,1480507323,-1
10816,52131,1480507323,0
10816,44872,1480507323,0
10816,45582,1480507323,1
10816,59846,1480507323,0
10816,37788,1480507323,1
10816,43539,1480507323,1
10816,56739,1480507323,0
10816,58180,1480507323,0
10816,56889,1480507323,0
10816,41560,1480507323,0
10816,56543,1480507323,0
10816,52259,1480507323,0
10816,39221,1480507323,0
10816,42681,1480507323,0
10816,59638,1480507323,-1
10816,57775,1480507323,0
10816,61130,1480507323,-1
10816,47556,1480507323,0
10816,45366,1480507323,0
10816,57372,1480507323,-1
10816,46369,1480507323,0
10816,57100,1480507323,1
10816,45200,1480507323,-1
10816,43131,1480507323,-1
10816,58273,1480507323,1
10816,39385,1480507323,-1
10816,60939,1480507323,-1
10816,57429,1480507323,-1
10816,60656,1480507323,-1
10816,39474,1480507323,-1
10816,47601,1480507323,-1
10816,42833,1480507323,1
10816,59693,1480507323,-1
10816,60523,1480507323,1
10816,42746,1480507323,1
10816,41740,1480507323,1
10816,37755,1480507323,-1
10816,56701,1480507323,1
10816,55872,1480507323,0
10816,61137,1480507323,0
10816,41360,1480507323,0
10816,42652,1480507323,0
10816,52248,1480507323,1
10816,47197,1480507323,0
10816,57262,1480507323,0
10816,42958,1480507323,1
10825,56257,1480070987,-1
10825,57357,1480070987,1
10825,59818,1480070987,0
10825,61038,1480242658,-1
10825,44841,1480242658,0
10825,43422,1480242658,-1
10825,56557,1480242658,-1
10825,43116,1480070987,1
10825,60528,1480070987,0
10825,38853,1480070987,1
10825,56397,1480070987,-1
10825,44560,1480242658,-1
10825,56332,1480242658,-1
10825,40188,1480242658,0
10825,39216,1480070987,-1
10825,39493,1480070987,0
10825,56219,1480242658,0
10825,44443,1480242658,-1
10825,61145,1480242658,-1
10825,60347,1480070987,-1
10825,60557,1480242658,-1
10825,47546,1480070987,-1
10825,41866,1480242658,-1
10825,41867,1480070987,-1
10825,39751,1480242658,-1
10825,45246,1480070987,0
10825,43817,1480070987,0
10825,41531,1480242658,-1
10825,39407,1480242658,-1
10825,59736,1480070987,0
10825,57750,1480070987,0
10825,57389,1480070987,1
10825,44402,1480242658,0
10825,41153,1480070987,-1
10825,41323,1480242658,0
10825,61242,1480070987,-1
10825,43115,1480070987,-1
10825,56561,1480242658,-1
10825,46168,1480242658,0
10825,44026,1480070987,1
10825,41742,1480070987,1
10825,44057,1480242658,0
10825,43937,1480242658,-1
10825,60881,1480242658,-1
10825,47529,1480070987,-1
10825,59605,1480070987,-1
10825,46252,1480242658,1
10825,39776,1480242658,0
10825,60170,1480070987,0
10825,58052,1480242658,0
10825,59605,1480070987,-1
10825,60985,1480070987,-1
10825,56701,1480242658,0
10825,56313,1480070987,0
10825,60520,1480070987,0
10825,56096,1480070987,0
10825,40774,1480242658,-1
10825,47407,1480070987,-1
10825,44323,1480070987,-1
10825,60867,1480070987,1
10827,39421,1473444017,-1
10827,61179,1473444017,-1
10827,37855,1473444017,1
10827,55847,1473444017,0
10827,60444,1473444017,-1
10827,56419,1473444017,0
10827,58377,1473444017,-1
10827,55819,1480058783,0
10827,39667,1473444017,-1
10827,39465,1473444017,-1
10827,56408,1473444017,0
10827,39389,1473444017,1
10827,44064,1473444017,-1
10827,61157,1473444017,0
10827,59984,1473444017,0
10827,45524,1473444017,0
10827,40050,1473444017,0
10827,55927,1473444017,-1
10827,46277,1473444017,1
10827,47411,1473444017,0
10827,59933,1473444017,0
10827,56023,1473444017,0
10827,55853,1473444017,1
10827,56358,1473444017,1
10827,46201,1473444017,-1
10827,61248,1473444017,-1
10827,56233,1480058783,1
10827,61002,1473444017,-1
10827,43539,1480058783,0
10827,56712,1473444017,1
10827,39601,1473444017,1
10827,47752,1473444017,-1
10827,56680,1473444017,0
10827,45921,1473444017,-1
10827,47189,1473444017,0
10827,41799,1473444017,-1
10827,59714,1473444017,0
10827,60268,1473444017,0
10827,60040,1473444017,0
10827,41028,1473444017,1
10827,57190,1473444017,-1
10827,41596,1473444017,0
10827,56595,1473444017,-1
10827,39516,1473444017,-1
10827,39651,1473444017,0
10827,56783,1473444017,-1
10827,41638,1473444017,-1
10827,57232,1473444017,-1
10827,39152,1473444017,-1
10827,59601,1473444017,1
10827,39670,1473444017,1
10827,43442,1473444017,0
10827,56317,1473444017,0
10827,57222,1473444017,0
10827,60575,1473444017,0
10827,39564,1473444017,0
10827,40838,1473444017,0
10827,39489,1473444017,0
10827,52545,1473444017,0
10827,55862,1473444017,-1
10828,56012,1480058530,0
10828,47546,1477556439,1
10828,41741,1477556439,0
10828,43944,1477556439,0
10828,61134,1480058530,-1
10828,55950,1480058530,-1
10828,55982,1480058530,-1
10828,45596,1480058530,0
10828,42837,1480058530,0
10828,47175,1477556439,-1
10828,45099,1477556439,-1
10828,46975,1477556439,-1
10828,59738,1480058530,-1
10828,55844,1477556439,1
10828,58370,1480058530,-1
10828,55867,1480058530,0
10828,41542,1477556439,0
10828,40779,1477556439,-1
10828,47537,1477556439,-1
10828,46257,1477556439,-1
10828,41647,1477556439,-1
10828,57344,1480058530,-1
10828,45212,1480058530,1
10828,39482,1480058530,1
10828,39677,1480058530,-1
10828,39547,1480058530,-1
10828,39133,1480058530,-1
10828,39272,1480058530,1
10828,59824,1477556439,-1
10828,58062,1480058530,0
10828,56615,1477556439,0
10828,60987,1477556439,1
10828,60118,1480058530,1
10828,52275,1480058530,0
10828,41812,1477556439,0
10828,40061,1477556439,0
10828,57394,1480058530,-1
10828,39596,1480058530,1
10828,40296,1477556439,-1
10828,44439,1480058530,1
10828,39573,1477556439,-1
10828,41389,1480058530,-1
10828,60145,1480058530,0
10828,41388,1477556439,-1
10828,56471,1477556439,0
10828,52038,1480058530,-1
10828,42984,1480058530,0
10828,56602,1477556439,1
10828,56723,1480058530,0
10828,40295,1480058530,-1
10828,59658,1480058530,0
10828,41361,1480058530,0
10828,41455,1477556439,-1
10828,56113,1480058530,-1
10828,55882,1480058530,-1
10828,37901,1480058530,-1
10828,39259,1480058530,-1
10828,56093,1480058530,0
10828,39372,1480058530,-1
10828,59622,1477556439,0
10835,39182,1479415910,0
10835,46112,1479415910,1
10835,57737,1479415910,1
10835,46156,1479415910,0
10835,60860,1479893436,0
10835,56056,1479893436,1
10835,42455,1479893436,1
10835,42655,1479893436,0
10836,57638,1477656915,-1
10836,56361,1477656915,-1
10836,38582,1477656915,0
10836,43496,1479891660,-1
10836,46029,1477656915,0
10836,39714,1477656915,-1
10836,56743,1477656915,-1
10836,55992,1477656915,1
10836,37870,1477656915,-1
10836,61187,1477656915,0
10836,59743,1477656915,0
10836,37938,1477656915,1
10836,55982,1477656915,1
10836,57437,1477656915,0
10836,46140,1477656915,0
10836,60574,1477656915,1
10836,56453,1479891660,0
10836,60268,1477656915,-1
10836,58318,1477656915,1
10836,43057,1479891660,0
10836,59768,1477656915,-1
10836,46231,1477656915,0
10836,55987,1477656915,1
10836,46965,1477656915,0
10836,39770,1477656915,1
10836,39489,1477656915,-1
10836,56151,1479891660,0
10836,58186,1477656915,0
10836,43973,1477656915,-1
10836,59929,1477656915,-1
10836,56771,1479891660,-1
10836,57025,1477656915,1
10836,61197,1477656915,0
10836,56633,1477656915,0
10836,56920,1477656915,0
10836,38890,1477656915,-1
10836,38885,1477656915,0
10836,56809,1479891660,1
10836,56455,1477656915,0
10836,52070,1479891660,1
10836,39401,1479891660,-1
10836,55756,1477656915,0
10836,52289,1477656915,0
10836,39517,1479891660,-1
10836,56708,1477656915,0
10836,41668,1477656915,0
10836,44442,1477656915,0
10836,45076,1477656915,1
10836,44239,1477656915,0
10836,39679,1477656915,1
10836,47017,1477656915,0
10836,56656,1479891660,1
10836,43414,1477656915,0
10836,56083,1477656915,1
10836,39748,1477656915,0
10836,39443,1477656915,0
10836,47555,1477656915,1
10836,37752,1477656915,1
10836,60255,1479891660,-1
10836,46771,1477656915,0
10841,47175,1474608491,-1
10841,37822,1479887335,1
10841,44479,1474608491,-1
10841,41613,1479887335,-1
10841,56134,1479887335,1
10841,55928,1479887335,0
10841,39637,1474608491,0
10841,41867,1474608491,-1
10841,60852,1479887335,-1
10841,55799,1474608491,0
10841,39579,1474608491,0
10841,56466,1479887335,-1
10841,45256,1479887335,1
10841,56510,1479887335,-1
10841,56578,1479887335,0
10841,56630,1474608491,0
10841,39743,1479887335,0
10841,45952,1474608491,0
10841,45297,1474608491,0
10841,57348,1479887335,0
10841,55940,1474608491,-1
10841,45150,1479887335,0
10841,42825,1479887335,1
10841,45251,1474608491,0
10841,40828,1479887335,-1
10841,59636,1479887335,-1
10841,56168,1479887335,1
10841,45224,1479887335,-1
10841,40297,1479887335,0
10841,56308,1479887335,-1
10841,45256,1479887335,1
10841,45920,1479887335,1
10841,52312,1474608491,-1
10841,41137,1479887335,0
10841,47522,1479887335,0
10841,56422,1479887335,-1
10841,57038,1474608491,-1
10841,39284,1479887335,1
10841,39748,1479887335,-1
10841,47854,1479887335,0
10841,40143,1479887335,0
10841,46283,1474608491,0
10841,42632,1479887335,-1
10841,39621,1479887335,0
10841,59806,1479887335,1
10841,57100,1479887335,0
10841,56097,1479887335,-1
10841,55860,1474608491,0
10841,42679,1479887335,1
10841,61178,1479887335,-1
10841,60106,1474608491,1
10841,46026,1479887335,-1
10841,42851,1479887335,-1
10841,37801,1479887335,0
10841,59770,1479887335,0
10841,46962,1474608491,-1
10841,55875,1474608491,0
10841,39473,1479887335,0
10841,56062,1474608491,0
10841,41133,1479887335,-1
10853,46978,1479307434,0
10853,60838,1477326405,0
10853,55918,1477326405,1
10853,41487,1477326405,-1
10853,42851,1479307546,1
10853,56468,1477326405,0
10853,58335,1479307546,1
10853,61208,1477326405,0
10853,39979,1477326405,1
10853,56254,1477326405,0
10853,41258,1477326405,0
10853,40094,1477326405,0
10853,56828,1477326405,-1
10853,40174,1477326405,0
10853,46970,1477326405,1
10853,56412,1479307546,1
10853,57650,1477326405,0
10853,55751,1477326405,0
10853,60038,1477326405,-1
10853,57016,1479307434,0
10853,37862,1479307546,1
10853,60545,1477326405,1
10853,58189,1477326405,0
10853,61174,1479307546,-1
10853,57367,1479307434,-1
10853,60839,1479307546,0
10853,55909,1479307434,0
10853,38616,1479307434,0
10853,39604,1479307434,0
10853,56887,1479307546,0
10853,52134,1477326405,-1
10853,38059,1477326405,0
10853,47017,1479307546,-1
10853,43991,1479307546,-1
10853,46259,1477326405,-1
10853,52251,1477326405,1
10853,45210,1479307546,0
10853,41387,1477326405,-1
10853,60170,1479307434,0
10853,41389,1477326405,-1
10853,43843,1477326405,1
10853,39381,1479307546,0
10853,52319,1479307546,0
10853,58013,1479307546,0
10853,39505,1477326405,0
10853,44776,1477326405,0
10853,56441,1477326405,0
10853,46232,1479307434,-1
10853,39820,1477326405,1
10853,44179,1477326405,1
10853,39497,1479307546,1
10853,44014,1479307546,0
10853,40169,1477326405,-1
10853,39965,1477326405,1
10853,56781,1477326405,1
10853,45259,1477326405,1
10853,43773,1479307546,0
10853,56171,1479307546,-1
10853,56591,1477326405,-1
10853,59958,1477326405,1
10855,59818,1479225191,0
10855,55806,1479130788,0
10855,41401,1479225191,1
10855,40786,1479130788,1
10855,56286,1479130788,0
10855,56163,1479225191,1
10855,41137,1479225191,0
10855,38657,1479225191,0
10855,47413,1479130788,-1
10855,39721,1479225191,1
10855,41366,1479130788,0
10855,61051,1479225191,-1
10855,40169,1479130788,0
10855,41450,1479130788,1
10855,45217,1479225191,1
10855,58276,1479225191,1
10855,55881,1479130788,0
10855,45816,1479130788,-1
10855,44848,1479130788,-1
10855,37723,1479130788,-1
10855,55889,1479130788,1
10855,42632,1479130788,1
10855,56809,1479130788,0
10855,56913,1479225191,0
10855,57001,1479130788,0
10855,60180,1479225191,-1
10855,60840,1479130788,1
10855,56646,1479225191,-1
10855,56387,1479130788,0
10855,46258,1479130788,-1
10855,59713,1479130788,1
10855,56448,1479225191,1
10855,60923,1479225191,-1
10855,60100,1479225191,0
10855,56941,1479130788,1
10855,60658,1479130788,0
10855,41558,1479225191,1
10855,41744,1479130788,0
10855,38861,1479225191,0
10855,44536,1479225191,1
10855,40204,1479130788,0
10855,60918,1479225191,1
10855,60907,1479225191,0
10855,58231,1479225191,-1
10855,59768,1479225191,-1
10855,37796,1479130788,1
10855,41455,1479225191,0
10855,43339,1479130788,0
10855,45980,1479225191,1
10855,52118,1479130788,0
10855,41497,1479225191,1
10855,59723,1479225191,0
10855,45926,1479225191,1
10855,57624,1479225191,-1
10855,59832,1479130788,0
10855,59540,1479130788,-1
10855,41729,1479130788,0
10855,41297,1479225191,1
10855,41364,1479130788,0
10855,39155,1479130788,-1
10872,60029,1476859991,1
10872,42809,1476859991,-1
10872,58366,1476859991,0
10872,39771,1477989175,0
10872,40304,1476859991,-1
10872,37798,1476859991,0
10872,47542,1476859991,-1
10872,39213,1476859991,-1
10872,51624,1476859991,1
10872,60547,1476859991,0
10872,39183,1476859991,-1
10872,42681,1476859991,-1
10872,52304,1476859991,0
10872,46948,1476859991,-1
10872,43150,1476859991,-1
10872,46216,1476859991,1
10872,47646,1476859991,-1
10872,60152,1476859991,0
10872,57629,1476859991,0
10872,57437,1476859991,-1
10872,56145,1477989175,0
10872,60975,1476859991,1
10872,57313,1476859991,0
10872,40257,1476859991,0
10872,57003,1476859991,-1
10872,60760,1476859991,-1
10872,57414,1476859991,-1
10872,42837,1476859991,1
10872,56469,1476859991,0
10872,57378,1476859991,0
10872,39490,1476859991,0
10872,59739,1476859991,0
10872,39393,1476859991,-1
10872,55884,1476859991,1
10872,44447,1476859991,-1
10872,46146,1476859991,0
10872,52251,1476859991,0
10872,45587,1477989175,-1
10872,56591,1476859991,-1
10872,39549,1476859991,1
10872,56496,1476859991,0
10872,60525,1476859991,-1
10872,39568,1476859991,1
10872,56967,1476859991,0
10872,44028,1476859991,0
10872,43043,1476859991,-1
10872,56060,1476859991,0
10872,56537,1476859991,0
10872,56733,1476859991,0
10872,57756,1476859991,1
10872,38660,1476859991,0
10872,56139,1476859991,0
10872,46129,1476859991,-1
10872,56541,1476859991,0
10872,56106,1476859991,0
10872,39380,1476859991,0
10872,56642,1476859991,1
10872,46452,1476859991,-1
10872,61146,1476859991,0
10872,42837,1476859991,-1
10896,44431,1475700134,-1
10896,41427,1475700134,0
10896,41516,1475700134,1
10896,44562,1475700134,0
10896,59538,1475700134,0
10896,41601,1475700134,1
10896,52266,1476347698,1
10896,40003,1475700134,1
10896,45019,1475700134,1
10896,45984,1475700134,0
10896,51625,1475700134,1
10896,45127,1475700134,-1
10896,60203,1475700134,0
10896,43418,1475700134,1
10896,40269,1475700134,1
10896,44432,1475700134,-1
10896,56911,1475700134,1
10896,58313,1475700134,0
10896,59807,1475700134,1
10896,43699,1475700134,1
10896,41469,1475700134,-1
10896,41310,1476347698,0
10896,60709,1475700134,0
10896,44451,1476347778,1
10896,43978,1475700134,1
10896,56439,1475700134,1
10896,56553,1475700134,0
10896,44434,1476347778,0
10896,46973,1475700134,1
10896,44063,1475700134,1
10896,46912,1475700134,0
10896,44775,1476347778,0
10896,57596,1475700134,1
10896,44432,1475700134,-1
10896,51620,1475700134,-1
10896,39159,1475700134,0
10896,40269,1475700134,-1
10896,55967,1475700134,1
10896,55969,1475700134,0
10896,43807,1475700134,0
10896,61072,1476347778,-1
10896,55860,1475700134,1
10896,41250,1476347778,0
10896,44222,1476347698,1
10896,43768,1475700134,-1
10896,57199,1476347778,0
10896,55833,1475700134,-1
10896,45306,1475700134,1
10896,59935,1475700134,0
10896,52235,1475700134,-1
10896,40188,1476347698,0
10896,39526,1475700134,1
10896,40179,1475700134,1
10896,57421,1475700134,1
10896,56511,1475700134,1
10896,41843,1475700134,0
10896,47180,1475700134,1
10896,51621,1475700134,1
10896,41441,1475700134,1
10896,46190,1475700134,1
10904,55808,1475578135,0
10904,39665,1475578135,-1
10904,41467,1475578135,-1
10904,46029,1475578135,-1
10904,41316,1475578135,-1
10911,43568,1473785944,-1
10911,37901,1473785944,1
10911,40031,1473785944,0
10911,41806,1473785944,-1
10911,45253,1473785944,1
10911,39473,1473785944,1
10911,43967,1473785944,1
10911,56207,1473785944,1
10911,56055,1473785944,0
10911,47874,1473785944,-1
10911,46294,1473785944,0
10911,45257,1474456295,0
10911,57996,1474456295,1
10911,46044,1474456295,-1
10911,40320,1474456295,0
10911,56332,1474456295,-1
10911,55770,1474456295,1
10911,57642,1474456295,1
10911,58275,1474456295,-1
10911,47419,1474456295,1
10911,52089,1474456295,1
10911,58016,1474456295,0
10914,39605,1472223144,0
10914,55863,1472223144,0
10914,61199,1474018692,0
10917,60153,1473638169,1
10917,46918,1473638169,-1
10917,52304,1473758014,1
10917,46230,1473758014,-1
10918,46949,1473674087,1
10918,46921,1473674087,0
10918,47613,1473674087,0
10918,55850,1473674087,-1
10918,58276,1473674087,0
10918,56642,1473674087,-1
10918,39371,1473674087,1
10918,47657,1473674087,0
10918,39908,1473674087,1
10918,43948,1473674087,0
10918,39774,1473674087,1
10918,58016,1473674087,1
10918,55864,1473674087,1
10918,42745,1473674087,0
10918,57741,1473674087,0
10918,40156,1473674087,0
10918,56508,1473674087,0
10918,60195,1473674087,1
10918,45261,1473674087,0
10918,43049,1473674087,1
10918,45738,1473674087,0
10918,45780,1473674087,0
10918,43005,1473674087,1
10918,39774,1473674087,1
10923,45948,1472718728,1
10923,40820,1472718728,0
10923,44746,1472718728,0
10923,41609,1472718728,0
10923,56655,1472718728,-1
10923,40047,1472718728,1
10923,46969,1472730937,0
10923,42667,1472730937,0
10930,37825,1472024042,0
10930,44275,1472024042,-1
10930,51846,1472024042,-1
10930,43978,1472024042,1
10930,39377,1472024042,0
10930,39272,1471953041,0
10930,55887,1472024042,-1
10930,58268,1471953041,1
10930,60772,1472024042,0
10930,44972,1472024042,0
10930,46180,1471953041,1
10930,43609,1472024042,-1
10930,40166,1472024042,0
10930,57015,1471953041,0
10930,59979,1471953041,0
10930,60020,1472024042,-1
10930,61007,1471953041,-1
10930,39665,1472024042,0
10930,46652,1471953041,-1
10930,56425,1472024042,-1
10930,45835,1471953041,-1
10930,56446,1472024042,-1
10930,58060,1472024042,-1
10930,60321,1472024042,0
10930,60896,1471953041,-1
10930,40213,1472024042,0
10930,41758,1471953041,0
10930,40181,1472024042,-1
10930,46024,1471953041,-1
10930,47299,1471953041,0
10930,43992,1471953041,0
10930,45253,1472024042,-1
10930,59679,1472024042,-1
10930,41534,1471953041,0
10930,46367,1472024042,-1
10930,56015,1472024042,0
10930,60692,1472024042,-1
10930,45628,1471953041,1
10930,41329,1471953041,1
10930,43612,1472024042,1
10930,56102,1471953041,-1
10930,39359,1472024042,0
10930,56669,1472024042,1
10930,51641,1471953041,0
10930,55926,1472024042,-1
10930,45550,1471953041,0
10930,41280,1472024042,-1
10930,56605,1471953041,1
10930,46108,1472024042,-1
10930,59601,1472024042,0
10930,56526,1471953041,0
10930,56924,1471953041,1
10930,42850,1471953041,-1
10930,38656,1471953041,0
10930,43582,1472024042,0
10930,40143,1472024042,1
10930,47394,1472024042,-1
10930,46916,1471953041,0
10930,43322,1472024042,1
10930,56220,1472024042,0
10939,37762,1471337347,0
10939,58354,1471337347,0
10939,42840,1471855586,0
10949,40206,1467219231,0
10949,37719,1467219231,-1
10949,60715,1467219231,1
10949,60307,1467219231,-1
10949,56123,1467603296,1
10949,39698,1467603296,1
10949,59846,1467603296,0
10956,51637,1465366694,-1
10956,56501,1465366694,-1
10956,57262,1465366694,-1
10956,57623,1465825991,-1
10959,40086,1450268583,1
10959,45226,1450268583,1
10959,39808,1450268583,0
10959,55942,1450268583,0
10959,55773,1450268583,0
10959,41331,1464376849,1
10959,57096,1464376849,1
10960,39340,1452776764,1
10960,42675,1452776764,1
10960,56107,1452776764,-1
10960,60841,1452776764,0
10960,52250,1452776764,0
10960,61073,1452776764,0
10960,44029,1452776764,0
10960,39072,1452776764,0
10960,57403,1452776764,-1
10960,56675,1452776764,1
10960,55837,1452776764,1
10960,39369,1452776764,0
10960,44306,1452776764,0
10960,43049,1452776764,0
10960,39578,1452776764,1
10960,56118,1452776764,0
10960,41692,1452776764,0
10960,55842,1452776764,1
10960,56352,1452776764,1
10960,46034,1452776764,1
10960,41759,1452776764,0
10960,56850,1452776764,1
10960,46171,1452776764,0
10960,38671,1452969407,-1
10960,41498,1452969407,0
10960,44242,1452969407,0
10960,39682,1464376822,0
10960,45076,1464376822,0
10960,56659,1464376822,0
10960,44972,1464376822,0
10960,40000,1464376822,0
10960,39436,1464376822,0
10960,41740,1464376822,0
10960,56165,1464376822,0
10960,47646,1464376822,0
10960,46292,1464376822,0
10960,56730,1464376822,0
10960,56375,1464376822,0
10960,52105,1464376822,0
10960,47458,1464376822,0
10960,56589,1464376822,0
10960,59946,1464376822,0
10960,43944,1464376822,0
10960,43581,1464376822,0
10966,39528,1464231907,0
10966,39317,1464231907,0
10966,46257,1463754676,0
10966,39523,1463754676,0
10966,60536,1463754676,0
10966,61040,1464231907,0
10966,39379,1464231907,1
10966,38588,1464231907,0
10966,56852,1463754676,-1
10966,45127,1463754676,0
10966,57429,1464231907,0
10966,44472,1464231907,0
10966,43568,1463754676,0
10966,40142,1464231907,1
10966,44539,1463754676,0
10966,56091,1463754676,1
10966,45686,1463754676,0
10966,56193,1463754676,0
10966,39697,1464231907,0
10966,39462,1464231907,1
10966,41429,1463754676,1
10966,52041,1464231907,0
10966,43971,1464231907,0
10966,56898,1463754676,0
10966,51644,1463754676,0
10966,43931,1464231907,0
10966,60997,1463754676,-1
10966,45553,1463754676,0
10966,40136,1463754676,0
10966,56539,1464231907,1
10966,57030,1464231907,0
10966,38614,1464231907,-1
10966,60323,1464231907,1
10966,41250,1464231907,0
10966,60132,1463754676,-1
10966,41494,1463754676,0
10966,45228,1464231907,0
10966,56187,1464231907,0
10966,41418,1464231907,0
10966,58056,1463754676,1
10966,39455,1463754676,0
10966,60020,1463754676,0
10966,46257,1464231907,0
10966,56569,1464231907,0
10966,43666,1464231907,0
10966,43313,1463754676,0
10966,45934,1463754676,1
10966,46019,1463754676,0
10966,44774,1463754676,0
10966,59916,1463754676,0
10966,45163,1464231907,0
10966,56596,1463754676,0
10966,46185,1464231907,0
10966,40770,1464231907,1
10966,46299,1464231907,0
10966,43007,1463754676,0
10966,56191,1464231907,0
10966,60541,1463754676,0
10966,40270,1463754676,0
10966,42833,1464231907,-1
10970,56323,1464035622,-1
10970,55881,1464035622,1
10970,41695,1464035622,1
10970,42848,1464036031,1
10970,46243,1464036031,-1
10970,46912,1464036031,1
10970,56777,1464231575,1
10970,41028,1464231575,1
10970,39300,1464231575,-1
10975,55955,1463997203,0
10975,55960,1463997203,1
10975,57399,1463997203,0
10975,39500,1463997203,1
10975,45352,1464231311,1
10975,45378,1464231311,1
10975,56200,1464231311,1
10976,60103,1464231263,1
10976,43535,1464231263,1
10976,40195,1464231098,-1
10976,43140,1464231263,1
10976,57364,1464231263,0
10976,45745,1464231263,1
10976,47873,1464231098,-1
10976,45280,1464231263,-1
10976,39415,1464231263,0
10976,37705,1464231263,1
10976,56962,1463650003,0
10976,52100,1464231098,-1
10976,56061,1464231098,0
10976,60688,1464231098,0
10976,60250,1464231263,-1
10976,59655,1464231263,0
10976,43611,1464231263,0
10976,41375,1464231098,-1
10976,57427,1464231098,1
10976,59930,1464231098,0
10976,56725,1464231263,0
10976,44456,1464231098,-1
10976,43568,1464231263,1
10976,51972,1464231222,1
10976,59666,1464231263,0
10976,43496,1464231098,-1
10976,38583,1464231098,-1
10976,52240,1464231098,0
10976,57242,1464231098,0
10976,60147,1464231098,0
10976,56268,1464231263,1
10976,44814,1464231098,1
10976,39586,1464231098,-1
10976,59902,1464231263,-1
10976,46011,1464231098,0
10976,56537,1464231263,0
10976,56503,1464231263,0
10976,55857,1464231263,0
10976,45074,1464231098,1
10976,59731,1464231098,-1
10976,41626,1464231098,-1
10976,56179,1464231098,-1
10976,56229,1464231098,-1
10976,41133,1464231098,-1
10976,45982,1464231098,1
10976,46284,1464231263,0
10976,37809,1464231263,1
10976,56270,1463650003,-1
10976,45168,1464231263,1
10976,61130,1464231263,1
10976,40765,1464231263,1
10976,39617,1464231263,1
10976,43526,1464231222,0
10976,61201,1464231098,1
10976,55826,1464231098,0
10976,55757,1464231098,0
10976,56226,1464231098,0
10976,56331,1464231098,-1
10976,59928,1464231263,0
10976,45536,1464231098,-1
10999,59948,1462975366,-1
10999,39145,1462975366,1
10999,40145,1463065656,0
10999,52545,1462975366,0
10999,55992,1463065656,0
10999,60698,1463065656,1
10999,59648,1463065656,1
10999,39260,1463065656,0
10999,60841,1462975366,0
10999,47473,1463065656,0
10999,57894,1462975366,-1
10999,56666,1463065656,1
10999,39564,1462975366,1
10999,58350,1463065656,0
10999,55762,1462975366,1
10999,39597,1463065656,1
10999,41745,1462975366,0
10999,56117,1462975366,0
10999,60389,1463065656,0
10999,45263,1462975366,0
10999,40189,1463065656,1
10999,56073,1462975366,0
10999,46173,1463065656,0
10999,56897,1462975366,0
10999,60084,1463065656,0
10999,42875,1462975366,1
10999,39196,1462975366,0
10999,56088,1463065656,0
10999,57595,1463065656,0
10999,58154,1463065656,0
10999,39624,1463065656,1
10999,44056,1462975366,0
10999,41803,1462975366,1
10999,52149,1462975366,0
10999,43567,1462975366,1
10999,56557,1462975366,0
10999,43422,1463065656,1
10999,44791,1462975366,0
10999,43496,1462975366,0
10999,39475,1462975366,0
10999,59551,1462975366,1
10999,46651,1462975366,0
10999,41821,1463065656,0
10999,39339,1462975366,0
10999,52141,1463065656,1
10999,56309,1463065656,1
10999,56286,1463065656,0
10999,61101,1463065656,0
10999,39423,1462975366,1
10999,45930,1462975366,1
10999,40149,1463065656,0
10999,57375,1463065656,0
10999,56135,1463065656,0
10999,55744,1463065656,0
10999,60816,1463065656,-1
10999,39721,1462975366,0
10999,56470,1463065656,-1
10999,56852,1463065656,1
10999,56692,1462975366,1
10999,42657,1462975366,1
11005,56706,1462946630,1
11005,59523,1462946630,0
11005,41387,1462940119,-1
11005,60074,1462946630,1
11005,58142,1462940119,1
11005,55867,1462946630,1
11005,45595,1462940119,-1
11005,58009,1462946630,1
11005,40281,1462946630,0
11005,39825,1462946630,0
11005,60939,1462940119,0
11005,45524,1462946630,-1
11005,61203,1462940119,0
11005,41306,1462946630,1
11005,60220,1462940119,1
11005,44064,1462946630,1
11005,45212,1462940119,0
11005,45772,1462940119,0
11005,46968,1462946630,1
11005,40774,1462940119,0
11005,60716,1462946630,0
11005,39271,1462946630,0
11005,56274,1462940119,0
11005,45248,1462946630,1
11005,55918,1462946630,1
11005,45953,1462940119,1
11005,39375,1462940119,-1
11005,41531,1462940119,1
11005,56465,1462946630,1
11005,40021,1462940119,1
11005,56312,1462940119,1
11005,41537,1462946630,0
11005,44776,1462940119,0
11005,59674,1462940119,1
11005,46087,1462940119,-1
11005,56219,1462940119,1
11005,45679,1462946630,1
11005,56570,1462946630,0
11005,59620,1462946630,-1
11005,55949,1462940119,1
11005,59928,1462940119,1
11005,56253,1462940119,0
11005,41782,1462940119,0
11005,41469,1462946630,1
11005,61040,1462940119,0
11005,56716,1462940119,1
11005,56433,1462946630,-1
11005,45080,1462940119,1
11005,56802,1462946630,-1
11005,56520,1462946630,0
11005,46233,1462946630,-1
11005,41664,1462940119,1
11005,56343,1462940119,0
11005,39405,1462946630,0
11005,56027,1462940119,1
11005,37827,1462946630,0
11005,37802,1462946630,1
11005,55907,1462940119,1
11005,59526,1462946630,0
11005,56294,1462946630,1
11016,47539,1462378397,0
11016,39516,1462378397,-1
11016,39805,1462378397,0
11016,45019,1462378397,1
11016,41391,1462378397,0
11016,60692,1462378397,0
11016,60147,1462378397,0
11016,47402,1462378397,1
11016,56790,1462378397,-1
11016,55910,1462378397,0
11016,39632,1462378397,-1
11016,55931,1462378397,0
11016,41137,1462378397,0
11016,56854,1462378397,0
11016,41483,1462378397,-1
11016,44201,1462378397,1
11016,56062,1462378397,-1
11016,61040,1462378397,1
11016,60037,1462378397,1
11029,41768,1461614297,0
11056,39269,1458844968,-1
11056,44303,1460378485,0
11056,40785,1460378525,0
11056,46918,1460378525,1
11056,55835,1460378417,1
11056,57406,1458844968,-1
11056,41305,1458844968,0
11056,60446,1458844968,0
11056,45290,1460378417,-1
11056,47531,1460378417,0
11056,43857,1460378525,0
11056,60656,1460378485,0
11056,56575,1458844968,0
11056,39808,1460378417,0
11056,46085,1460378417,0
11056,52498,1458844968,0
11056,56017,1460378525,0
11056,56133,1460378417,-1
11056,42933,1458844968,-1
11056,39338,1460378525,-1
11056,42933,1460378525,1
11056,43706,1460378417,0
11056,39580,1460378525,0
11056,55944,1460378485,0
11056,56722,1458844968,0
11056,39248,1460378485,0
11056,59921,1460378417,0
11056,61022,1458844968,0
11056,41587,1460378417,0
11056,56132,1460378417,1
11056,39422,1458844968,0
11056,57026,1460378417,-1
11056,52363,1460378417,-1
11056,41233,1460378485,0
11056,60131,1458844968,0
11056,55816,1460378417,0
11056,46912,1460378417,-1
11056,46218,1460378485,0
11056,56609,1458844968,-1
11056,45761,1460378417,1
11056,60197,1458844968,-1
11056,60860,1460378525,1
11056,44010,1460378485,0
11056,56574,1460378417,0
11056,41438,1460378417,0
11056,56369,1458844968,-1
11056,56539,1458844968,-1
11056,58319,1460378525,0
11056,41572,1458844968,0
11056,40205,1460378485,-1
11056,52074,1460378525,-1
11056,56503,1460378485,1
11056,45889,1460378417,-1
11056,60738,1460378485,0
11056,44305,1458844968,-1
11056,39139,1460378417,-1
11056,41085,1460378525,-1
11056,41670,1460378525,0
11056,45228,1458844968,-1
11056,39669,1458844968,0
11062,44548,1450408936,-1
11062,43000,1450408936,1
11062,59751,1450408936,0
11062,57014,1450408936,1
11062,39482,1450408936,0
11062,43802,1450408936,0
11062,45921,1460043562,-1
11062,42665,1460043562,1
11062,56250,1460043562,1
11062,41770,1460043562,1
11062,43109,1460043562,-1
11064,56192,1459939314,0
11064,45761,1459939314,0
11064,47905,1459939314,1
11064,42947,1459939314,0
11064,45250,1459939314,0
11064,40131,1459939314,1
11064,55791,1459939314,0
11064,61086,1459939314,0
11064,40224,1459939314,-1
11064,60772,1459939314,-1
11064,43799,1459939314,0
11064,60080,1459939314,1
11064,56623,1459939314,0
11064,46047,1459939314,0
11064,45639,1459939314,1
11064,41589,1459939314,-1
11064,59694,1459939314,0
11064,43326,1459939314,1
11064,47543,1459939314,0
11064,58364,1459939314,0
11064,41151,1459939314,0
11064,46029,1459939314,0
11064,42621,1459939314,1
11064,55973,1459939314,-1
11064,57394,1459939314,-1
11064,41150,1459939314,0
11064,57743,1459939314,0
11064,56039,1459939314,-1
11064,43433,1459939314,1
11064,39642,1459939314,1
11064,57937,1459939314,1
11064,40185,1459939314,0
11064,41513,1459939314,0
11064,42943,1459939314,1
11064,56982,1459939314,1
11064,57436,1459939314,1
11064,44294,1459939314,0
11064,43129,1459939314,1
11064,44842,1459939314,-1
11064,43523,1459939314,1
11064,40191,1459939314,1
11064,56900,1459939314,0
11064,41364,1459939314,0
11064,46193,1459939314,0
11064,46281,1459939314,1
11064,44071,1459939314,1
11064,43548,1459939314,0
11064,44027,1459939314,1
11064,41560,1459939314,0
11064,56051,1459939314,0
11064,40073,1459939314,1
11064,39271,1459939314,0
11064,40206,1459939314,1
11064,59650,1459939314,-1
11064,43307,1459939314,0
11064,44456,1459939314,0
11064,39865,1459939314,0
11064,61201,1459939314,0
11064,38675,1459939314,-1
11064,39213,1459939314,0
11066,61132,1457618849,-1
11066,47609,1457618849,-1
11066,56967,1457618849,-1
11066,60315,1457618849,0
11066,56704,1457618849,1
11066,47411,1457618849,-1
11066,60525,1457618849,-1
11066,57373,1457618849,-1
11066,56223,1457618849,0
11066,41347,1457618849,1
11066,44440,1457618849,0
11066,39632,1457618849,1
11066,40003,1457618849,0
11066,41351,1457618849,-1
11066,47513,1457618849,-1
11066,56109,1457618849,-1
11066,45717,1457690673,0
11066,57262,1457690673,-1
11066,38902,1457690673,1
11066,59625,1457690673,-1
11066,45952,1457690673,-1
11066,59607,1457690673,-1
11066,55792,1457690673,0
11066,41652,1457690673,1
11066,56149,1457690673,0
11066,55981,1457690673,0
11066,59714,1457690673,-1
11066,37830,1457690673,-1
11066,44771,1457690673,0
11066,57248,1457690673,-1
11066,59778,1459477476,1
11066,51974,1459477476,-1
11066,52115,1459477476,-1
11066,60965,1459477476,-1
11066,57391,1459477476,0
11066,57757,1459477476,1
11066,55962,1459477476,-1
11066,43706,1459477476,-1
11066,56540,1459477476,0
11066,58143,1459477476,-1
11066,39610,1459477476,0
11066,39301,1459477476,-1
11072,56245,1449519708,0
11072,56318,1457489604,1
11072,56006,1449519708,1
11072,39413,1449519708,0
11072,41619,1449519708,0
11072,55780,1449519708,0
11072,39331,1457489604,-1
11072,56753,1449519708,0
11072,40840,1449519708,0
11072,40080,1449519708,0
11072,57599,1449519708,0
11072,41558,1449519708,0
11072,39188,1449519708,1
11072,56177,1449519708,0
11072,61168,1449519708,1
11072,44511,1457489604,1
11072,56415,1449519708,0
11072,56754,1449519708,0
11072,61001,1449519708,0
11072,47227,1449519708,0
11072,40050,1449519708,0
11072,56915,1449519708,0
11072,39641,1449519708,0
11072,45009,1449519708,0
11072,56710,1449519708,0
11072,44199,1449519708,0
11072,46741,1449519708,0
11072,56544,1449519708,0
11072,52149,1449519708,0
11072,42786,1449519708,0
11072,37753,1449519708,0
11072,41699,1449519708,1
11072,42647,1457489604,0
11072,52254,1449519708,0
11072,52406,1449519708,1
11072,56193,1449519708,0
11072,43973,1457489604,0
11072,61124,1449519708,0
11072,43699,1449519708,0
11072,42671,1449519708,0
11072,55777,1449519708,0
11072,59865,1449519708,0
11072,56331,1449519708,0
11072,39519,1449519708,0
11072,39272,1449519708,0
11072,42953,1457489604,-1
11072,58013,1449519708,0
11072,42973,1449519708,0
11072,42846,1449519708,0
11072,59850,1449519708,0
11072,56921,1449519708,0
11072,60637,1449519708,0
11072,59658,1449519708,0
11072,41719,1449519708,1
11072,59737,1449519708,0
11072,59823,1449519708,0
11072,40785,1449519708,0
11072,43989,1449519708,0
11072,52081,1457489604,0
11072,44429,1449519708,0
11074,60449,1457096024,1
11074,46264,1457096024,0
11074,57093,1457096024,0
11074,40828,1457096024,1
11074,41691,1457096024,1
11074,56219,1457096024,0
11074,47860,1457096024,1
11074,59899,1457096024,0
11074,41648,1457096024,0
11074,61037,1457096024,0
11074,56019,1457096024,1
11074,56044,1457096024,1
11074,56720,1457096024,0
11074,42966,1457096024,0
11074,42934,1457096024,1
11074,39302,1457096024,1
11074,44548,1457096024,1
11074,56926,1457096024,1
11074,59921,1457096024,0
11074,56603,1457096024,1
11074,60447,1457096024,1
11074,60012,1457096024,0
11074,40102,1457096024,0
11074,43799,1457096024,0
11074,55921,1457096024,0
11074,45163,1457096024,0
11074,61149,1457096024,0
11074,39579,1457096024,1
11074,60543,1457096024,0
11074,59666,1457096024,0
11096,39619,1442908030,-1
11096,41472,1442908030,0
11096,56798,1442908030,0
11096,55895,1455082039,0
11096,45958,1442908030,-1
11096,57355,1442908030,0
11096,41375,1455082039,0
11096,39967,1442908030,0
11096,55839,1442908030,-1
11096,56309,1442908030,0
11096,56309,1442908030,-1
11096,39377,1442908030,-1
11096,40247,1442908030,-1
11096,57842,1442908030,0
11096,61159,1442908030,1
11096,60975,1455082039,0
11096,46288,1442908030,0
11096,41566,1455082039,-1
11096,41496,1442908030,0
11096,60698,1442908030,-1
11096,56294,1442908030,-1
11096,57095,1442908030,-1
11096,59537,1442908030,0
11096,41413,1455082039,0
11096,57209,1442908030,-1
11096,56204,1442908030,-1
11096,37851,1442908030,0
11096,55749,1442908030,0
11096,56442,1442908030,0
11096,56913,1442908030,1
11096,56779,1442908030,-1
11096,60294,1442908030,1
11096,47194,1442908030,-1
11096,46993,1442908030,-1
11096,44286,1455082039,0
11096,43108,1442908030,0
11096,39622,1455082039,-1
11096,55807,1442908030,0
11096,61240,1442908030,-1
11096,61137,1442908030,-1
11096,46771,1442908030,-1
11096,44300,1442908030,-1
11096,59722,1442908030,0
11096,43057,1442908030,0
11096,41343,1442908030,0
11096,60087,1442908030,-1
11096,57401,1455082039,0
11096,39355,1442908030,0
11096,39681,1442908030,0
11096,47214,1442908030,-1
11096,60191,1442908030,-1
11096,57037,1442908030,1
11096,39922,1442908030,0
11096,56616,1442908030,0
11096,41137,1442908030,0
11096,60666,1442908030,-1
11096,47749,1455082039,-1
11096,61241,1442908030,0
11096,57623,1442908030,1
11096,42868,1442908030,0
11099,52275,1454574413,0
11099,57842,1454574413,0
11099,39386,1454574413,0
11099,39962,1454574413,1
11099,39441,1454574413,0
11099,45589,1454574413,-1
11099,45963,1454574413,1
11099,58016,1454574413,1
11099,44626,1454574413,0
11099,43700,1454574413,0
11099,56872,1454574413,1
11099,43579,1454574413,-1
11099,60262,1454574413,0
11099,46903,1454574413,0
11099,56457,1454574413,0
11099,56823,1454574413,1
11099,44006,1454574413,0
11099,56697,1454574413,0
11099,39988,1454574413,0
11099,41556,1454574413,1
11099,43546,1454574413,1
11099,57363,1454574413,1
11099,43220,1454574413,1
11099,61034,1454574413,1
11099,41703,1454574413,0
11099,61125,1454574413,0
11099,59572,1454574413,0
11099,46081,1454574460,-1
11099,45991,1454574460,0
11099,57389,1454574460,0
11099,56308,1454574460,0
11099,41494,1454574460,0
11099,56467,1454574460,0
11099,46104,1454574460,0
11099,46963,1454574460,0
11099,45106,1454574460,0
11099,45547,1454574460,-1
11099,59553,1454574460,0
11099,47613,1454574460,0
11099,41308,1454574460,-1
11099,47214,1454574460,-1
11099,60211,1454574460,0
11099,56902,1454574460,1
11099,45704,1454574460,-1
11099,39157,1454574460,0
11099,43961,1454574460,0
11099,60080,1454574460,-1
11115,56077,1442314326,1
11115,56594,1442314326,0
11115,56108,1442314326,0
11115,39718,1442314326,0
11115,52362,1442314326,0
11115,39793,1442314326,1
11115,59633,1442314326,0
11115,56686,1442314326,0
11115,56409,1442314326,0
11115,39502,1442314326,1
11115,47493,1442314326,0
11115,47302,1453906567,0
11117,57600,1450263151,0
11117,39462,1450263151,0
11117,39351,1450263151,0
11117,39860,1453892608,0
11117,44323,1453892608,0
11117,59825,1453892608,0
11121,44012,1453453393,-1
11121,42606,1453453393,1
11121,43054,1453453393,0
11121,46089,1453453393,0
11121,55923,1453453393,1
11121,57938,1453453393,1
11121,57729,1453453393,0
11121,59695,1453453393,-1
11121,39529,1453453394,0
11121,41668,1453453394,0
11121,43127,1453463388,0
11121,37822,1453463388,0
11121,41603,1453463388,1
11121,47881,1453463388,1
11121,47857,1453791341,1
11121,59768,1453791341,0
11121,52348,1453791341,-1
11121,39951,1453791341,1
11121,41617,1453791380,0
11121,56735,1453791380,0
11121,39799,1453791380,0
11121,39353,1453791380,1
11121,41525,1453791380,1
11121,43412,1453791380,0
11121,61188,1453791380,0
11121,46097,1453791380,1
11121,40062,1453791380,1
11121,55999,1453791380,1
11121,41792,1453791380,1
11121,46101,1453791380,0
11121,42730,1453791380,0
11121,46950,1453791380,1
11121,45760,1453791380,0
11121,46003,1453791380,1
11121,58123,1453791380,-1
11121,43562,1453791380,0
11121,55833,1453791380,0
11121,41389,1453791380,0
11121,56196,1453791380,0
11121,39510,1453791380,-1
11121,39865,1453791380,1
11121,46944,1453791380,0
11121,55938,1453791380,1
11121,38851,1453791380,0
11121,56892,1453791380,0
11130,46769,1442897220,0
11130,60282,1442897220,0
11130,43572,1442897220,0
11130,45638,1442897220,0
11130,47545,1442897220,0
11130,45255,1442897220,0
11130,39281,1453298709,0
11130,43580,1453298709,0
11130,45828,1453298709,0
11133,59854,1453224571,0
11133,46933,1453224571,0
11133,39621,1453224571,0
11133,57116,1453224571,0
11133,45344,1453224571,0
11133,41770,1453224571,-1
11133,47414,1453224571,1
11133,57415,1453224571,-1
11133,46651,1453224571,0
11133,56047,1453224571,1
11133,57100,1453224571,-1
11133,56122,1453224571,0
11133,41572,1453224571,0
11133,60051,1453224571,0
11133,52112,1453224571,-1
11133,47683,1453224571,-1
11133,40102,1453224571,-1
11133,57622,1453224571,-1
11133,40179,1453224571,0
11133,52012,1453224571,-1
11133,47021,1453224571,-1
11133,43170,1453224571,0
11133,52238,1453224571,0
11133,56653,1453295889,0
11133,40033,1453295889,0
11133,39378,1453295889,-1
11133,39436,1453295889,0
11133,55918,1453295889,1
11133,41020,1453295889,1
11133,41810,1453295889,0
11133,41591,1453295889,1
11133,55810,1453295889,-1
11133,55844,1453295889,0
11133,38029,1453295889,0
11133,52543,1453295889,0
11133,56173,1453295889,0
11133,43149,1453295889,0
11133,55885,1453295889,1
11133,56771,1453295889,0
11133,52255,1453295889,1
11133,55979,1453295889,1
11133,45081,1453295889,1
11133,46089,1453295889,1
11133,42786,1453295889,1
11133,45991,1453295889,0
11133,59832,1453295889,0
11134,37707,1453294046,1
11134,52373,1453294046,0
11134,41821,1453294046,0
11134,41736,1453294046,0
11134,59821,1453294046,1
11134,41156,1453294046,0
11134,60992,1453294046,0
11134,47419,1453294046,0
11134,37878,1453294046,0
11134,57630,1453294046,0
11134,55881,1453294046,0
11134,41743,1453294046,0
11134,56575,1453294046,-1
11134,58081,1453294046,1
11134,39199,1453294046,0
11134,56304,1453294046,0
11134,60640,1453294046,0
11134,58215,1453294046,0
11134,40086,1453294046,1
11134,55932,1453294046,0
11134,59630,1453294046,0
11134,42930,1453294046,0
11134,44537,1453294046,0
11134,60582,1453294046,0
11134,42945,1453294046,1
11134,45217,1453294046,0
11134,55793,1453294046,0
11134,56849,1453294046,0
11134,56623,1453294046,0
11134,39040,1453294046,0
11134,47293,1453294046,0
11134,47614,1453294046,0
11134,41157,1453294046,0
11134,60062,1453294046,1
11134,57757,1453294046,0
11134,57982,1453294046,1
11134,59778,1453294046,0
11134,56962,1453294046,0
11134,58062,1453294046,0
11134,57404,1453294046,0
11134,61154,1453294046,0
11134,46262,1453294046,0
11134,42832,1453294046,1
11134,43322,1453294046,0
11134,56998,1453294046,0
11134,37821,1453294046,1
11134,61338,1453294046,0
11134,55906,1453294046,0
11134,39759,1453294046,0
11134,46966,1453294046,0
11134,45296,1453294046,0
11134,39382,1453294046,0
11134,56037,1453294046,0
11134,55834,1453294046,0
11134,56186,1453294046,0
11134,39622,1453294046,0
11134,52100,1453294046,0
11134,57029,1453294046,0
11134,57248,1453294046,1
11134,42868,1453294046,0
11140,47896,1453057451,0
11140,45926,1453115555,0
11140,55937,1453057451,-1
11140,45034,1453115555,1
11140,44601,1453054363,0
11140,56722,1453057451,1
11140,59737,1453057451,-1
11140,41247,1453054363,0
11140,57732,1453115555,1
11140,61105,1453115555,1
11140,60985,1453115555,-1
11140,39381,1453115555,0
11140,56892,1453057451,1
11140,47400,1453115555,0
11140,56147,1453054363,1
11140,43117,1453057451,0
11140,41501,1453054363,1
11140,60688,1453054363,1
11140,43226,1453054363,0
11140,59731,1453054363,0
11140,39358,1453054363,0
11140,56013,1453115555,0
11140,40193,1453115555,0
11140,47392,1453054363,0
11140,56483,1453054363,0
11140,45007,1453054363,1
11140,39660,1453057451,0
11140,59801,1453057451,0
11140,41492,1450792325,0
11140,37888,1453057451,1
11140,40247,1453054363,1
11140,60197,1453054363,0
11140,55977,1453057451,1
11140,45638,1453057451,0
11140,47419,1450792325,0
11140,56244,1453054363,0
11140,55965,1453057451,0
11140,57012,1453057451,0
11140,41487,1453057451,1
11140,56636,1453054363,1
11140,56867,1453057451,1
11140,45635,1453115555,1
11140,55754,1453054363,0
11140,56581,1453054363,-1
11140,52038,1453054363,-1
11140,40829,1453115555,0
11140,47222,1453054363,0
11140,37888,1453054363,0
11140,60113,1453115555,0
11140,56234,1453115555,-1
11140,45976,1453115555,0
11140,59848,1453057451,1
11140,41801,1453115555,1
11140,52235,1453054363,0
11140,42933,1453115555,1
11140,57013,1453054363,1
11140,56654,1453057451,1
11140,56398,1453115555,0
11140,39719,1453057451,0
11140,39280,1453057451,0
11151,52239,1452970481,1
11151,56661,1452970481,1
11151,56307,1452970481,0
11151,40141,1452970481,-1
11151,60018,1452970481,0
11151,56963,1452970481,0
11151,41725,1452970481,1
11151,39726,1452970481,0
11151,42840,1452970481,-1
11151,44058,1452970481,0
11151,56297,1452970481,0
11151,40102,1452970481,0
11151,41684,1452970481,0
11151,56082,1452970481,1
11151,45354,1452970481,0
11151,60091,1452970481,1
11151,46161,1452970481,1
11151,47898,1452970481,1
11151,39745,1452970481,0
11151,56249,1452970481,0
11151,46104,1452970481,1
11151,57436,1452970481,1
11157,55985,1452753253,-1
11157,39643,1452753253,0
11157,39630,1452753253,0
11157,56752,1452753253,0
11157,57029,1452753253,-1
11157,59678,1452753253,0
11157,40312,1452753253,-1
11157,46265,1452753253,0
11159,39363,1452680226,0
11166,42678,1452070112,-1
11166,38620,1452070112,-1
11166,58254,1452070112,-1
11166,56389,1452070112,0
11166,52085,1452070112,0
11166,43948,1452070112,-1
11166,39410,1452070112,-1
11166,60688,1452070112,0
11166,39659,1452070112,-1
11166,56637,1452070112,0
11166,39234,1452070112,0
11166,47189,1452070112,0
11166,60284,1452070112,0
11166,43795,1452070112,0
11166,57605,1452070112,-1
11166,56303,1452070112,1
11166,56579,1452070112,-1
11166,56069,1452070112,0
11166,39667,1452070112,0
11166,57412,1452070112,-1
11166,56138,1452070112,0
11166,41736,1452070112,1
11166,60182,1452070112,-1
11166,57108,1452070112,0
11166,57597,1452070133,0
11166,60071,1452164863,0
11166,43851,1452164863,0
11175,61168,1450792327,0
11181,40185,1450087246,0
11181,52119,1450087246,1
11181,52248,1450087246,0
11181,40285,1450087246,1
11181,41424,1450087246,0
11181,41325,1450087246,-1
11181,44046,1450087246,1
11181,52270,1450087246,1
11181,57364,1450087246,0
11181,39534,1450087246,0
11181,56080,1450087246,0
11181,58325,1450087246,0
11181,61000,1450087246,1
11181,55914,1450087246,0
11181,55814,1450087246,0
11181,56206,1450087246,1
11181,40829,1450087246,0
11181,37880,1450087246,1
11181,42746,1450087246,1
11181,59918,1450087246,0
11181,46435,1450087246,0
11181,46191,1450087246,1
11181,46277,1450087246,0
11181,60583,1450087246,0
11181,44042,1450087246,1
11181,56664,1450087246,1
11181,55970,1450087246,0
11181,44579,1450087246,1
11181,39150,1450087246,1
11181,45668,1450087246,1
11181,41566,1450087246,1
11181,56841,1450087246,1
11181,41232,1450087246,1
11181,61035,1450087246,-1
11181,39671,1450087246,0
11181,41705,1450087246,-1
11182,59934,1450072605,1
11182,42932,1450072605,0
11182,56870,1450072605,1
11182,56558,1450072605,-1
11182,60863,1450072605,-1
11182,41503,1450072605,-1
11182,52358,1450072605,-1
11182,60458,1450072605,-1
11182,47506,1450072605,-1
11182,56308,1450072605,-1
11182,56243,1450072605,-1
11182,40030,1450072605,0
11182,45244,1450072605,0
11182,56155,1450072605,-1
11182,45020,1450072605,0
11182,61042,1450072605,0
11182,43306,1450072605,-1
11182,55815,1450072605,-1
11182,45077,1450072605,0
11182,40679,1450072605,-1
11182,46160,1450072605,0
11182,55853,1450072605,0
11182,46992,1450072605,-1
11182,56637,1450072605,0
11182,42842,1450072605,0
11182,46248,1450072605,0
11182,55905,1450072605,0
11182,61132,1450072605,-1
11182,52053,1450072605,-1
11182,44778,1450072605,1
11182,52087,1450072605,0
11182,57227,1450072605,-1
11182,39602,1450072605,0
11182,56691,1450072605,-1
11182,56562,1450072605,0
11182,56411,1450089572,0
11182,41256,1450089572,0
11182,41532,1450089572,0
11213,39981,1449472400,0
11213,42842,1449472400,0
11213,47176,1449472400,0
11213,39353,1449472400,0
11213,56482,1449472400,0
11213,52406,1449472400,0
11213,55888,1449472400,0
11213,39928,1449472400,0
11213,42872,1449472400,0
11213,41311,1449472400,0
11213,56723,1449472400,0
11213,60106,1449472400,0
11213,59856,1449472400,0
11213,39667,1449472400,0
11213,59903,1449472400,0
11213,44593,1449472400,0
11213,46281,1449472400,0
11213,60670,1449472400,0
11213,47292,1449472400,0
11213,39628,1449472400,1
11213,55991,1449472400,0
11213,59857,1449472400,0
11213,56860,1449472400,0
11213,41714,1449472400,1
11213,56272,1449472400,0
11213,56318,1449472400,0
11213,39457,1449472400,0
11213,60059,1449472400,0
11213,46765,1449472400,0
11213,45761,1449472400,0
11213,41685,1449472400,0
11213,42771,1449739076,0
11213,41472,1449472400,0
11213,52562,1449472400,0
11213,39588,1449472400,0
11213,39385,1449472400,0
11213,39698,1449472400,0
11213,39631,1449472400,0
11213,41393,1449472400,0
11213,45831,1449472400,0
11213,57391,1449472400,0
11213,47533,1449472400,0
11213,52288,1449472400,0
11213,56283,1449472400,0
11213,56713,1449472400,0
11213,59809,1449472400,0
11213,37809,1449472400,0
11213,56545,1449472400,0
11213,43476,1449472400,-1
11213,57326,1449472400,0
11213,46527,1449472400,0
11213,56595,1449472400,0
11213,61173,1449472400,0
11213,57655,1449472400,0
11213,39175,1449472400,0
11213,56939,1449472400,0
11213,43093,1449472400,0
11213,57213,1449739076,-1
11213,46277,1449472400,0
11213,57434,1449472400,0
11217,56766,1449569195,0
11217,57188,1449601929,0
11217,59767,1449601929,0
11217,41582,1449601815,1
11217,56826,1449569195,0
11217,52548,1449569195,0
11217,56494,1449569195,0
11217,56028,1449601929,0
11217,43604,1449601929,0
11217,56460,1449569195,0
11217,60862,1449601815,1
11217,57389,1449601815,1
11217,43342,1449601929,0
11217,45824,1449569195,0
11217,55795,1449601929,0
11217,41744,1449601929,0
11217,59659,1449601929,0
11217,57643,1449569195,0
11217,57403,1449569195,-1
11217,60201,1449569195,0
11217,59711,1449569195,0
11217,60035,1449601929,-1
11217,41489,1449569195,0
11217,47749,1449569195,0
11217,39970,1449569195,0
11217,56610,1449601929,0
11217,56484,1449601929,0
11217,61159,1449601929,0
11217,41122,1449601929,0
11217,47614,1449601929,0
11217,56872,1449601815,-1
11217,55779,1449569195,0
11217,37802,1449569195,0
11217,57577,1449601929,0
11217,43412,1449569195,0
11217,55860,1449601929,1
11217,47009,1449569195,0
11217,56580,1449601929,0
11217,57363,1449569195,0
11217,37801,1449569195,0
11217,39490,1449601929,0
11217,47663,1449601929,1
11217,46369,1449569195,0
11217,40094,1449569195,0
11217,47184,1449601929,0
11217,43054,1449569195,0
11217,46258,1449601929,0
11217,47895,1449601929,0
11217,39199,1449569195,0
11217,39760,1449569195,0
11217,61236,1449601929,0
11217,47007,1449569195,0
11217,46746,1449601929,-1
11217,55805,1449601815,0
11217,39663,1449601929,0
11217,56728,1449569195,0
11217,59678,1449569195,0
11217,46943,1449601929,-1
11217,56036,1449601929,0
11217,39572,1449601815,1
11222,39421,1449492012,0
11222,57105,1449480618,0
11222,59745,1449480617,0
11222,56671,1449480618,-1
11222,37916,1449480617,0
11222,39456,1449480617,0
11222,57424,1449480617,0
11222,39788,1449480617,0
11222,52258,1449480617,0
11222,43433,1449480617,0
11222,55794,1449520596,-1
11222,43366,1449480617,0
11222,60760,1449480617,0
11222,46769,1449480617,1
11222,56573,1449480617,0
11222,57597,1449480617,0
11222,47864,1449480617,0
11222,40163,1449480617,-1
11222,38893,1449480617,0
11222,39564,1449480617,0
11222,60527,1449480617,0
11222,39815,1449480617,0
11222,43306,1449480617,0
11222,60030,1449480617,1
11222,55902,1449480617,0
11222,43126,1449480617,1
11222,47682,1449480617,0
11222,44044,1449480617,0
11222,56390,1449480617,0
11222,40024,1449480617,0
11222,45760,1449480617,0
11222,56829,1449480617,0
11222,37922,1449480617,0
11222,58054,1449480617,0
11222,47753,1449480617,-1
11222,60016,1449480617,0
11222,52284,1449480617,-1
11222,56851,1449480617,0
11222,41459,1449480617,0
11222,39765,1449480617,0
11222,56936,1449480617,-1
11222,46038,1449480617,0
11222,61333,1449480617,0
11222,58037,1449480617,0
11222,56400,1449480617,0
11222,37909,1449480617,0
11222,47180,1449480617,0
11222,47913,1449480617,0
11222,41755,1449480617,0
11222,42851,1449480617,0
11222,37716,1449519481,1
11222,45967,1449480617,-1
11222,41623,1449480617,0
11222,38902,1449480617,0
11222,42673,1449480617,0
11222,60035,1449480617,0
11222,46901,1449480617,0
11222,43862,1449480617,0
11222,40214,1449480617,0
11222,41603,1449480617,0
11228,57920,1439550468,-1
11228,40835,1438521169,-1
11228,39515,1438264312,-1
11228,52145,1439553599,-1
11228,45953,1438264312,-1
11228,40065,1438689966,-1
11228,60710,1438692093,-1
11228,37794,1438264990,0
11228,46288,1439550911,-1
11228,37745,1438264312,-1
11228,60008,1438264312,-1
11228,46051,1438687738,0
11228,59655,1439550468,-1
11228,56817,1439550468,0
11228,60082,1439550911,-1
11228,40040,1438689966,0
11228,56260,1439309660,-1
11228,40129,1439553599,1
11228,55888,1439550468,1
11228,60284,1439550911,-1
11228,46198,1439550911,-1
11228,40050,1438687738,-1
11228,55921,1439309660,-1
11228,56324,1438264312,-1
11228,61177,1438264312,-1
11228,44036,1439553599,-1
11228,57006,1438687738,-1
11228,46189,1439553599,-1
11228,45953,1439550911,-1
11228,43800,1439550468,-1
11228,43151,1439581129,0
11228,39689,1439550911,-1
11228,39748,1438264312,-1
11228,41700,1439550911,0
11228,39973,1439581129,0
11228,44431,1438627742,-1
11228,56935,1439309660,-1
11228,46959,1438623341,-1
11228,39545,1438521169,-1
11228,60721,1438521169,-1
11228,47508,1439309660,0
11228,44281,1438627742,-1
11228,56252,1438595675,1
11228,47529,1439550911,0
11228,42749,1438521169,-1
11228,52124,1439553599,-1
11228,56999,1439553599,0
11228,37972,1439550911,0
11228,41546,1439550911,-1
11228,55748,1439550911,-1
11228,39408,1438623767,-1
11228,52135,1439550911,0
11228,56563,1438627742,-1
11228,45216,1438264337,0
11228,55769,1438512514,-1
11228,60007,1439550911,-1
11228,56924,1438689966,0
11228,41590,1439550911,0
11228,60456,1438681026,-1
11228,60333,1439581129,1
11230,61142,1447681272,0
11230,45536,1447681272,0
11230,56070,1447681272,0
11230,59965,1447681272,0
11230,56364,1449429424,0
11230,43967,1449429424,0
11230,39580,1449429424,0
11230,59557,1449429424,0
11230,46023,1449429424,0
11230,56483,1449429424,0
11230,59694,1449429424,0
11230,43798,1449429424,0
11230,45361,1449429424,0
11230,42760,1449429424,0
11230,41491,1449429424,0
11230,59952,1449429424,0
11230,52069,1449429424,0
11230,43021,1449429424,0
11230,60643,1449429424,0
11230,44179,1449429424,0
11230,55930,1449429424,0
11230,39657,1449429424,0
11230,57190,1449429424,0
11235,43820,1448871625,1
11235,46039,1448871625,0
11235,58292,1448871625,0
11235,56836,1448871626,-1
11235,55970,1448871626,1
11235,55814,1448871626,1
11235,56494,1448871626,1
11235,56020,1449427024,1
11235,55916,1449427024,1
11235,40302,1449427024,0
11235,46301,1449427024,0
11254,41058,1449132211,0
11254,59664,1449132211,0
11254,60988,1449132211,1
11254,56267,1449132211,1
11254,57345,1449132211,0
11254,56881,1449132211,0
11254,56166,1449132211,0
11254,46266,1449132211,0
11254,44241,1449132211,0
11254,55961,1449132211,0
11254,60851,1449132211,0
11254,61236,1449132211,0
11254,46275,1449132211,0
11254,56082,1449132211,0
11254,56001,1449132211,0
11254,39354,1449132211,0
11254,46234,1449132211,-1
11254,39252,1449132211,0
11254,41072,1449132211,0
11254,43795,1449132211,1
11254,60842,1449132211,0
11254,57385,1449132211,0
11254,44286,1449132211,0
11254,57422,1449132211,0
11254,56889,1449132211,0
11254,57206,1449132211,0
11254,55800,1449132211,0
11254,56149,1449132211,0
11254,40682,1449132211,0
11254,56359,1449132211,0
11254,60934,1449132211,0
11254,55781,1449132211,0
11254,44554,1449132211,0
11254,46020,1449132211,1
11254,56225,1449132211,0
11254,45026,1449132211,0
11254,39354,1449132211,0
11254,46992,1449132211,0
11254,39278,1449132211,0
11254,56634,1449132211,0
11254,59539,1449132211,0
11254,59978,1449132211,0
11254,47342,1449132211,0
11254,56589,1449132211,0
11254,56768,1449132211,0
11254,39717,1449132211,0
11254,56096,1449132211,0
11254,57738,1449132211,1
11254,45970,1449132211,0
11254,52121,1449132211,0
11254,52491,1449132211,0
11254,44028,1449132211,0
11254,60109,1449132211,0
11254,56620,1449132211,0
11254,57572,1449132211,0
11254,60631,1449132211,0
11254,43991,1449132211,0
11254,41007,1449132211,0
11254,55935,1449132211,0
11254,42672,1449132211,0
11264,39152,1448427144,0
11264,57658,1448821244,0
11265,37723,1448786496,0
11265,39928,1448786496,0
11265,57231,1448786496,0
11265,44048,1448786496,0
11265,39410,1448786496,0
11265,45840,1448786496,0
11265,56533,1448786496,0
11265,59973,1448786496,0
11265,56477,1448786496,0
11265,56731,1448786496,-1
11265,60698,1448786496,-1
11265,41444,1448786496,-1
11265,46292,1448786496,-1
11265,60926,1448786496,-1
11265,56144,1448786496,0
11265,56943,1448786496,-1
11265,39139,1448786496,0
11265,46901,1448786496,0
11265,39533,1448786496,0
11265,56855,1448786496,0
11265,37723,1448786496,0
11265,45296,1448786496,0
11265,39589,1448786496,0
11265,57570,1448786496,0
11265,47916,1448786496,0
11265,58171,1448786496,0
11265,60442,1448786496,0
11265,47400,1448786496,0
11265,43129,1448786496,0
11265,39423,1448786496,0
11265,44547,1448786496,0
11265,39641,1448786496,0
11265,40288,1448786496,0
11265,42642,1448786496,0
11265,41306,1448786496,0
11265,41297,1448786496,0
11265,42822,1448786496,0
11265,42823,1448786496,0
11265,52540,1448786496,0
11265,56278,1448786496,0
11265,56668,1448786496,0
11265,55792,1448786496,0
11265,59846,1448786496,0
11265,38675,1448786496,0
11265,56568,1448786496,-1
11265,43612,1448786496,0
11265,38902,1448786496,0
11265,56781,1448786496,0
11265,39290,1448786496,-1
11265,57116,1448786496,0
11265,47406,1448786496,0
11265,45591,1448786496,0
11265,38850,1448786496,0
11265,47299,1448786496,0
11265,56989,1448786496,0
11265,57099,1448786496,1
11265,52065,1448786496,-1
11265,55993,1448786496,0
11265,41419,1448786496,0
11265,47546,1448786496,0
11278,59601,1448533404,0
11278,60245,1448412082,0
11278,42958,1448412082,0
11278,45259,1448412082,0
11278,61187,1448533404,0
11278,42876,1448533404,0
11278,46920,1448412082,0
11278,43343,1448412082,0
11278,40787,1448412082,0
11278,56850,1448533404,0
11278,43476,1448412082,0
11278,61248,1448412082,-1
11278,37867,1448412082,0
11278,61241,1448533404,0
11278,39770,1448533404,0
11278,58054,1448412082,0
11278,56899,1448533404,-1
11278,44296,1448412082,0
11278,43150,1448412082,0
11278,45223,1448533404,0
11278,52113,1448412082,0
11278,46061,1448412082,0
11278,39497,1448533404,0
11278,56884,1448412082,-1
11278,61142,1448533404,0
11278,59779,1448412082,0
11278,46741,1448412082,0
11278,43978,1448533404,0
11278,60635,1448533404,-1
11278,47506,1448533404,0
11278,41745,1448533404,0
11278,60524,1448533404,0
11278,56504,1448533404,0
11278,44273,1448412082,0
11278,55969,1448533404,0
11278,52352,1448533404,0
11278,41754,1448412082,0
11278,40190,1448412082,0
11278,61131,1448412082,0
11278,56632,1448412082,0
11278,39152,1448533404,0
11278,46902,1448533404,0
11278,39679,1448533404,0
11278,47410,1448533404,0
11278,40178,1448412082,-1
11278,56591,1448533404,0
11278,51496,1448533404,-1
11278,45474,1448533404,0
11278,44078,1448533404,0
11278,56285,1448533404,0
11278,59952,1448412082,0
11278,40163,1448412082,0
11278,45150,1448533404,0
11278,40288,1448412082,0
11278,40195,1448533404,0
11278,56036,1448412082,0
11278,43312,1448533404,0
11278,51829,1448533404,0
11278,41002,1448412082,0
11278,52054,1448412082,0
11285,46095,1448234714,1
11285,57020,1448234714,0
11285,42676,1448234714,-1
11285,56883,1448234714,-1
11285,56967,1448234714,-1
11285,40167,1448234714,0
11285,61069,1448234714,0
11285,43131,1448234714,0
11285,44251,1448234714,0
11285,55946,1448234714,-1
11285,45266,1448234714,-1
11285,46926,1448234714,-1
11285,56875,1448234714,-1
11285,41619,1448234714,-1
11285,56419,1448234714,1
11285,39145,1448234714,-1
11285,44052,1448234714,-1
11285,41851,1448234714,-1
11285,57624,1448234714,0
11285,56021,1448234714,0
11285,56872,1448234714,-1
11285,56700,1448234714,0
11285,45546,1448234714,0
11285,39831,1448234714,-1
11285,41647,1448234714,0
11285,57216,1448234714,0
11285,39430,1448234714,0
11285,46926,1448234714,0
11285,39601,1448234714,0
11285,41679,1448234714,1
11285,61102,1448234714,1
11285,60097,1448234714,-1
11285,60152,1448234714,-1
11285,56546,1448234714,-1
11285,52363,1448234714,-1
11285,39139,1448234714,0
11285,41463,1448234714,0
11285,60311,1448234714,1
11285,52247,1448234714,0
11285,39368,1448234714,0
11285,56231,1448234714,-1
11285,55901,1448234714,-1
11285,58073,1448234714,0
11285,46156,1448234714,-1
11285,56220,1448234714,0
11285,43999,1448234714,-1
11285,46142,1448234714,0
11285,43335,1448234714,-1
11285,55856,1448234714,-1
11285,56676,1448234714,-1
11285,43843,1448234714,-1
11285,60865,1448234714,-1
11285,41598,1448234714,-1
11285,46123,1448234714,-1
11285,56626,1448234714,0
11285,39918,1448234714,-1
11285,41419,1448234714,0
11285,52125,1448234714,-1
11285,60166,1448234714,1
11285,45254,1448234714,0
11289,57116,1447943350,1
11289,41379,1447943350,-1
11289,52493,1447943350,1
11289,38900,1447943350,1
11289,56402,1447943350,1
11289,57936,1448054837,0
11289,56071,1447943350,1
11289,57572,1447943350,1
11289,39341,1447943350,1
11289,56070,1447943350,1
11289,39337,1447943350,-1
11289,56677,1447943350,1
11289,59923,1448054837,1
11289,56039,1447943350,1
11289,41720,1447943350,0
11289,44560,1448054837,0
11289,42968,1448054837,0
11289,52363,1447943350,0
11289,60457,1447943350,1
11289,43979,1447943350,0
11289,59684,1447943350,1
11289,43344,1447943350,1
11289,43794,1447943350,1
11289,60057,1447943350,0
11289,58896,1447943350,0
11289,47222,1447943350,0
11289,43645,1447943350,1
11289,41749,1447943350,1
11289,59977,1447943350,1
11289,44027,1447943350,0
11289,47911,1448054837,1
11289,59859,1447943350,0
11289,39359,1448054837,1
11289,58298,1447943350,0
11289,52331,1448054837,0
11289,40133,1448054837,0
11289,45929,1448054837,1
11289,60447,1447943350,1
11289,39636,1447943350,0
11289,58350,1447943350,0
11289,39622,1448054837,1
11289,42455,1447943350,0
11289,38664,1447943350,1
11289,56396,1447943350,0
11289,44221,1447943350,0
11289,60155,1448054837,0
11289,39507,1447943350,1
11289,52057,1447943350,1
11289,46902,1447943350,0
11289,39430,1447943350,0
11289,56404,1447943350,0
11289,41321,1448054837,0
11289,39479,1447943350,1
11289,39796,1447943350,0
11289,57007,1447943350,-1
11289,41501,1447943350,0
11289,60670,1448054837,0
11289,37938,1447943350,1
11289,57194,1447943350,0
11289,56220,1448054837,0
11292,56064,1447670786,1
11292,55895,1447670786,0
11292,44237,1448048972,0
11292,56962,1448048972,-1
11292,41501,1448048972,1
11292,56034,1448048972,-1
11292,56921,1448048972,0
11292,56733,1448048972,0
11308,46043,1447153681,0
11308,46063,1447153681,0
11308,56368,1447153681,0
11308,51833,1447163822,0
11308,58413,1447163822,0
11310,56229,1447152919,-1
11310,42866,1447158655,0
11310,43857,1447158655,0
11310,39663,1447158655,0
11341,56932,1446203770,-1
11341,43007,1446203770,0
11341,39403,1446203770,1
11341,39527,1446203770,0
11341,56732,1446203770,-1
11341,56616,1446203770,-1
11341,56238,1446203770,0
11341,57388,1446203770,0
11341,60728,1446203770,0
11341,55848,1446205243,0
11341,60834,1446205243,0
11341,42667,1446205243,1
11341,55862,1446205243,0
11341,52053,1446205243,0
11341,43344,1446205243,0
11341,56007,1446205243,0
11341,39817,1446205243,0
11341,56235,1446205243,0
11341,55922,1446205243,1
11341,55751,1446205243,-1
11341,46977,1446205243,0
11341,47666,1446205243,0
11341,47524,1446205243,1
11343,46924,1446197963,1
11343,56961,1446197963,0
11343,56370,1446197963,0
11343,55897,1446197963,0
11343,57936,1446197963,1
11343,56713,1446197963,-1
11343,39820,1446197963,1
11343,45382,1446197963,0
11343,52542,1446197963,1
11343,39631,1446197963,0
11343,59714,1446197963,0
11343,60100,1446197963,0
11343,60706,1446197963,0
11343,41140,1446197963,0
11343,44456,1446197963,1
11343,56946,1446197963,1
11343,56272,1446197963,0
11343,56554,1446197963,0
11343,61163,1446197963,1
11343,52104,1446197963,0
11343,39295,1446197963,0
11343,55798,1446197963,0
11343,55882,1446197963,1
11343,61342,1446197963,-1
11343,47018,1446197963,-1
11343,44201,1446197963,1
11343,41591,1446197963,1
11343,46048,1446197963,0
11343,43343,1446197963,0
11343,46846,1446197963,0
11343,38618,1446197963,0
11343,45591,1446197963,1
11343,61056,1446197963,0
11343,42455,1446197963,0
11343,44235,1446197963,1
11345,46101,1445498876,1
11345,57604,1445498876,0
11345,56927,1446145831,0
11345,59950,1446145831,1
11384,57029,1445077239,0
11384,39742,1445077239,1
11402,39372,1443441667,-1
11402,44385,1443441667,-1
11402,45283,1443441667,0
11410,51621,1443009604,1
11410,37920,1443009604,1
11410,56695,1443009604,1
11410,42608,1443009604,1
11410,57347,1443009604,1
11410,52134,1443009604,-1
11410,56518,1443009604,0
11415,56021,1442307253,-1
11415,55811,1442307253,0
11415,46276,1442858638,0
11415,56263,1442858638,0
11427,39411,1442149949,0
11427,57111,1442174829,0
11427,60005,1442174829,0
11427,56600,1442229339,-1
11427,47686,1442229339,0
11427,61023,1442229339,-1
11427,56941,1442229339,0
11427,59617,1442229339,0
11427,56512,1442229339,0
11427,41276,1442229339,0
11427,58305,1442229339,0
11427,46969,1442229339,0
11427,38872,1442229339,-1
11427,41834,1442229339,0
11427,56660,1442229339,0
11427,59748,1442229339,-1
11427,56248,1442229339,0
11427,57350,1442229339,0
11427,59692,1442229339,0
11427,58370,1442229339,-1
11427,56167,1442229339,0
11427,56153,1442229339,-1
11427,45200,1442229339,-1
11427,61211,1442229339,0
11427,43365,1442229339,1
11434,43349,1440424180,-1
11434,56816,1440424180,0
11434,43113,1440424180,0
11434,56045,1440424180,0
11434,40296,1440424180,0
11434,59816,1440491547,-1
11434,43767,1442151673,-1
11436,58054,1441963720,0
11436,45367,1441963720,0
11436,40112,1441963720,0
11436,41532,1441963720,0
11436,40179,1441963720,0
11436,40679,1441963720,1
11436,46041,1441963720,0
11436,45125,1441963720,1
11436,56178,1441963720,0
11436,43021,1441975956,1
11436,46283,1441975956,0
11436,40111,1441975956,1
11436,61165,1441975956,1
11436,60312,1441975956,-1
11436,57387,1441975956,0
11436,52056,1441975956,0
11436,43133,1441975956,0
11438,41456,1441782735,0
11438,56598,1441782735,-1
11438,56561,1441782735,-1
11438,57104,1441782735,-1
11438,57989,1441782735,0
11438,56030,1441782735,1
11438,39547,1441782735,1
11438,58184,1441782735,-1
11438,40169,1441782735,-1
11438,55935,1441782735,-1
11438,41867,1441782735,0
11438,43116,1441782735,0
11438,61102,1441972339,0
11438,41535,1441972339,0
11438,52356,1441972339,0
11438,52054,1441972339,-1
11438,61028,1441972339,0
11438,42789,1441972339,-1
11438,60589,1441972339,1
11438,60520,1441972339,-1
11449,56321,1441712376,0
11459,47599,1440764957,-1
11459,39576,1440764957,1
11459,56353,1440764957,-1
11459,41421,1441110548,1
11459,45220,1441110548,-1
11464,46245,1440757500,1
11464,44872,1440764756,1
11466,57605,1440573407,0
11466,41072,1440747467,-1
11466,60010,1440747467,1
11466,58323,1440747467,-1
11466,55884,1440747467,0
11466,46288,1440747467,1
11466,41805,1440747467,0
11466,61133,1440747467,0
11466,56768,1440747467,0
11466,56119,1440747467,0
11466,58401,1440747467,0
11466,39281,1440747467,0
11466,42270,1440747467,0
11466,60867,1440747467,-1
11466,60688,1440747467,1
11466,39303,1440747467,0
11466,59828,1440747467,-1
11466,42609,1440747467,1
11466,56559,1440747467,1
11466,56788,1440747467,-1
11466,60084,1440747467,0
11466,43731,1440747467,1
11466,57114,1440747467,0
11466,46760,1440747467,0
11466,58361,1440747467,-1
11466,57431,1440747467,1
11466,56754,1440747467,1
11466,60992,1440747467,0
11466,57190,1440747467,-1
11466,45011,1440747467,0
11466,60984,1440747467,0
11466,56024,1440747467,0
11481,43226,1440000804,0
11481,39652,1440576261,1
11481,55939,1440576261,1
11481,40063,1440578920,0
11481,59991,1440578920,-1
11489,58892,1440159421,1
11489,58173,1440159421,-1
11489,39774,1440159421,0
11489,52150,1440159421,0
11489,55863,1440159421,-1
11489,47694,1440159421,-1
11489,43540,1440159421,0
11489,55991,1440159421,0
11489,56045,1440159421,0
11489,39346,1440159421,0
11489,43412,1440159421,0
11490,56053,1439983773,0
11490,39777,1439983773,0
11490,52406,1439983773,0
11490,42666,1439983773,0
11490,42723,1439983773,0
11490,39407,1439983773,0
11490,41558,1439983773,1
11490,43783,1439983773,-1
11490,44029,1439983773,1
11490,41411,1439983773,0
11490,56401,1439983773,0
11490,60357,1439983773,-1
11490,52238,1439983773,1
11490,58106,1439983773,0
11490,59766,1439983773,1
11490,59927,1439983773,0
11490,47906,1439983773,1
11490,60852,1439983773,0
11490,56471,1439983773,1
11490,52242,1439983773,1
11490,44567,1439983773,-1
11490,52368,1439983773,0
11490,52493,1439983773,0
11490,39556,1439983773,1
11490,59801,1439983773,0
11490,61133,1439983773,1
11490,56846,1439983773,1
11490,52013,1439983773,1
11490,56571,1439983773,0
11490,60722,1439983773,0
11490,56388,1439983773,1
11490,56028,1439983773,1
11490,47535,1439983773,0
11490,42653,1439983773,-1
11490,56439,1439983773,0
11490,41528,1439983773,-1
11490,61163,1439983773,0
11490,47695,1439983773,0
11490,45780,1439983773,0
11490,56935,1439983773,1
11490,56471,1439983773,1
11490,56410,1439983773,1
11490,41803,1439983773,0
11490,42870,1439983773,0
11490,61149,1439983773,-1
11490,45668,1439983773,0
11490,41780,1439983773,0
11490,56505,1439983773,1
11490,40773,1439983773,1
11490,59684,1439983773,1
11490,43498,1439983773,0
11490,45647,1439983773,0
11490,60118,1439983773,1
11490,45593,1439983773,0
11490,60838,1439983773,0
11490,57093,1439983773,0
11490,44626,1439983773,-1
11490,61010,1439983773,1
11490,51833,1439983773,0
11490,60197,1439983773,1
11494,45306,1439844977,0
11494,46045,1439844977,0
11494,56392,1439844977,1
11494,41729,1439844977,1
11494,44299,1439844977,0
11494,55779,1439844977,0
11494,61331,1439844977,0
11494,60943,1439844977,1
11494,43034,1439844977,0
11501,56564,1439583088,0
11501,40271,1439583088,1
11501,40966,1439583088,-1
11501,44024,1439583088,-1
11501,56576,1439583088,1
11501,45207,1439583088,-1
11501,56619,1439583088,-1
11501,57031,1439583088,-1
11501,41731,1439583088,-1
11501,56148,1439583088,-1
11501,46120,1439583088,0
11501,52277,1439583088,0
11501,56430,1439583088,-1
11501,61186,1439583088,-1
11501,46907,1439583088,-1
11501,59750,1439583088,0
11501,45355,1439583088,1
11501,56389,1439583088,-1
11501,59936,1439583088,0
11501,41548,1439583088,-1
11501,58370,1439583088,1
11501,41683,1439583088,-1
11501,39326,1439583088,0
11501,47674,1439583088,-1
11501,60256,1439583088,0
11501,56881,1439583088,0
11501,45346,1439583088,0
11501,39368,1439583088,-1
11501,52271,1439583088,-1
11501,40198,1439583088,-1
11501,55950,1439583088,-1
11501,58275,1439583088,-1
11501,52331,1439583088,-1
11501,46073,1439583088,1
11501,56126,1439583088,0
11501,61148,1439583088,0
11501,59756,1439583088,-1
11501,60882,1439583088,0
11501,45016,1439583088,-1
11501,39660,1439583088,0
11501,39372,1439583088,-1
11501,46100,1439583088,-1
11501,55793,1439583088,1
11501,45256,1439583088,1
11501,52294,1439583088,-1
11501,46897,1439583088,-1
11501,45590,1439583088,0
11501,55749,1439583088,0
11501,40088,1439583088,0
11501,55857,1439583088,1
11501,55813,1439583088,0
11501,46498,1439583088,-1
11501,59942,1439583088,1
11501,44223,1439583088,0
11501,56356,1439583088,0
11501,60363,1439583088,-1
11501,44298,1439583088,0
11501,52320,1439583088,0
11501,45010,1439583088,-1
11501,47490,1439583088,-1
11506,51633,1439552512,-1
11506,43763,1439552512,-1
11506,57107,1439552512,1
11506,39829,1439552512,1
11506,42658,1439552512,1
11506,57642,1439552512,1
11506,52052,1439552512,1
11506,58176,1439552512,1
11506,56544,1439552512,1
11506,38835,1439552512,1
11506,43136,1439552512,1
11506,46101,1439552512,1
11506,46240,1439552512,1
11506,39497,1439552512,1
11506,46303,1439552512,0
11506,43839,1439552512,1
11506,52060,1439552512,1
11506,56189,1439552512,1
11506,57429,1439552512,-1
11506,41370,1439552512,-1
11506,55895,1439552512,1
11506,45679,1439552512,0
11506,56691,1439552512,-1
11506,45722,1439552512,1
11506,56817,1439552512,0
11506,43807,1439552512,1
11506,43421,1439552512,0
11506,46128,1439552512,0
11506,46191,1439552512,1
11506,41698,1439552512,1
11506,41615,1439552512,1
11506,56849,1439552512,1
11506,55740,1439552512,0
11506,43133,1439552512,1
11506,56510,1439552512,0
11506,46090,1439552512,0
11506,39961,1439552512,1
11506,43430,1439552512,1
11506,56385,1439552512,0
11506,57426,1439552512,0
11506,45223,1439552512,0
11506,56976,1439552512,1
11506,60137,1439552512,1
11506,41823,1439552512,1
11506,58093,1439552512,0
11506,45993,1439552512,0
11506,44045,1439552512,1
11506,41562,1439552512,1
11506,38835,1439552512,-1
11506,57264,1439552512,0
11506,41845,1439552512,0
11506,56507,1439552512,-1
11506,41814,1439552512,1
11506,38673,1439552512,0
11506,38614,1439552512,1
11506,44052,1439552512,1
11506,45947,1439552512,1
11506,55817,1439552512,1
11506,41236,1439552512,1
11506,41376,1439552512,0
11507,56258,1437652784,1
11507,55829,1437652784,0
11507,59778,1437652784,1
11507,47445,1439543601,1
11507,61201,1439543601,1
11507,59637,1439543601,-1
11507,58119,1439543601,1
11507,56750,1439543601,1
11507,39793,1439543601,1
11507,44553,1439543601,1
11507,42838,1439543601,0
11507,39584,1439543601,0
11507,43505,1439543601,0
11507,43342,1439543601,1
11507,55924,1439543601,1
11507,56886,1439543601,-1
11507,55943,1439543601,-1
11507,56760,1439543601,1
11507,56028,1439543601,0
11507,45816,1439543601,0
11507,41058,1439543601,1
11507,41776,1439543601,0
11507,60670,1439543601,-1
11507,40001,1439543601,-1
11507,51615,1439543601,-1
11507,46023,1439545656,1
11507,40031,1439545656,1
11507,45403,1439545656,1
11507,42985,1439545656,0
11507,56597,1439545656,0
11507,60667,1439545656,0
11507,46965,1439545656,-1
11507,56107,1439545656,1
11507,44479,1439545656,1
11507,41043,1439545656,-1
11507,61163,1439545656,-1
11507,46261,1439545656,0
11507,55816,1439545656,0
11507,56683,1439545656,0
11507,55871,1439545656,-1
11507,55944,1439545656,-1
11507,44971,1439545656,-1
11507,39984,1439545656,1
11507,56407,1439545656,-1
11517,38886,1439466458,1
11517,39515,1439466458,1
11519,43017,1439455032,0
11529,56642,1438958214,1
11533,46243,1438764286,1
11533,52040,1438764286,0
11533,61187,1438764286,1
11533,59848,1438764286,1
11533,46907,1438764286,1
11533,59617,1438764286,0
11533,56247,1438764286,1
11533,61029,1438764286,1
11533,52070,1438764286,1
11533,43113,1438764286,1
11533,45728,1438764286,1
11533,52272,1438764286,1
11533,56586,1438764286,1
11533,55764,1438764286,1
11533,61084,1438764286,1
11533,45552,1438764286,0
11533,39201,1438764286,1
11533,56664,1438764286,1
11533,60195,1438764286,1
11539,58178,1438339948,0
11539,39300,1438339948,1
11539,38588,1438339948,0
11539,44441,1438625764,-1
11539,60095,1438339948,1
11539,39568,1438339948,1
11539,60158,1438339948,1
11539,56899,1438339948,0
11539,37707,1438339948,0
11539,55787,1438339948,1
11539,39640,1438625764,1
11539,44434,1438625764,1
11539,56109,1438339948,1
11539,37716,1438339948,1
11539,39908,1438625764,1
11539,59864,1438625764,1
11539,56455,1438625764,1
11539,43770,1438339948,0
11539,55960,1438625764,1
11539,60124,1438339948,1
11539,39778,1438339948,1
11539,56629,1438339948,1
11539,39494,1438339948,1
11539,61147,1438339948,1
11539,43570,1438625764,1
11539,38850,1438339948,0
11539,42638,1438339948,0
11539,57627,1438339948,1
11539,58364,1438625764,1
11539,52040,1438339948,-1
11539,46991,1438625764,0
11539,44006,1438339948,1
11539,41538,1438339948,1
11539,60180,1438339948,0
11539,61114,1438339948,1
11539,39914,1438625764,1
11539,60234,1438339948,0
11539,39228,1438625764,1
11539,44548,1438339948,0
11539,44014,1438339948,0
11539,40197,1438339948,1
11539,56755,1438625764,1
11539,47187,1438339948,1
11539,58158,1438339948,1
11539,44041,1438339948,0
11539,44016,1438339948,0
11539,56735,1438339948,0
11539,39644,1438339948,0
11539,57101,1438339948,1
11539,61026,1438339948,0
11539,57003,1438339948,1
11539,41399,1438339948,1
11539,43697,1438339948,1
11539,39263,1438339948,0
11539,46021,1438625764,1
11539,40020,1438339948,0
11539,42270,1438625764,-1
11539,41759,1438339948,1
11539,60632,1438339948,1
11539,60128,1438625764,0
11543,39445,1438592628,0
11543,56748,1438592628,1
11543,57577,1438592628,0
11543,56068,1438592628,-1
11543,47915,1438592628,0
11543,46948,1438592628,-1
11543,39991,1438592628,1
11543,61041,1438592628,-1
11543,41087,1438592628,-1
11543,45216,1438592628,0
11543,59580,1438592628,-1
11543,43817,1438592628,0
11543,56487,1438592628,-1
11543,39207,1438592628,-1
11543,56383,1438592628,0
11543,57117,1438592628,-1
11543,39621,1438592628,0
11543,47461,1438592628,-1
11543,37796,1438592628,-1
11543,46751,1438592628,-1
11543,52309,1438592628,0
11543,46897,1438592628,-1
11543,41335,1438592628,1
11543,39535,1438592628,-1
11543,57351,1438592628,-1
11543,56281,1438592628,-1
11543,56869,1438592628,0
11543,55738,1438592628,0
11543,40270,1438592628,0
11543,40039,1438592628,1
11543,60578,1438592628,-1
11543,56507,1438592628,1
11543,39680,1438592628,1
11543,41610,1438592628,-1
11543,43982,1438592628,-1
11543,60357,1438592628,-1
11543,44748,1438592628,-1
11543,40160,1438592628,1
11543,40140,1438592628,-1
11543,45828,1438592628,-1
11543,52347,1438592628,-1
11543,57640,1438592628,-1
11543,43347,1438592628,0
11543,40040,1438592628,0
11543,46980,1438592628,-1
11543,60211,1438592628,-1
11543,57115,1438592628,1
11543,43813,1438592628,-1
11543,46188,1438592628,-1
11543,38850,1438592628,0
11543,56372,1438592628,1
11543,41824,1438592628,0
11543,56447,1438592628,0
11543,41699,1438592628,0
11543,60658,1438592628,0
11543,52264,1438592628,-1
11543,46955,1438592628,-1
11543,46140,1438592628,0
11543,40029,1438592628,-1
11543,56174,1438592628,-1
11553,38892,1437920705,0
11553,38072,1437920706,0
11601,52337,1435755203,1
11601,39469,1435755203,0
11610,56979,1434566877,-1
11610,41738,1434566877,-1
11610,44295,1434566877,1
11610,47299,1434566877,1
11612,47661,1434535023,1
11621,61025,1433882260,-1
11621,60184,1433882260,0
11621,43755,1433882260,0
11621,57239,1433882260,0
11621,40100,1433882260,1
11621,40781,1433882260,1
11623,44567,1433312102,1
11664,44776,1432297360,1
11664,45353,1432297566,0
11664,60727,1432297360,0
11664,40166,1432297360,0
11664,45667,1432297566,1
11664,56448,1432297360,-1
11664,45024,1432297566,0
11664,56821,1432297566,0
11664,41341,1432297566,1
11664,37804,1432297360,0
11664,60145,1432297360,0
11664,60100,1432297566,1
11664,41399,1432297360,-1
11664,61196,1432297360,1
11664,39924,1432297360,0
11664,44468,1432297566,0
11664,60676,1432297360,-1
11664,57646,1432297566,1
11664,41748,1432297566,-1
11664,39757,1432297360,1
11664,56008,1432297360,1
11664,59811,1432297360,0
11664,56320,1432297360,0
11664,52286,1432297360,0
11664,46113,1432297360,0
11664,39323,1432297566,-1
11664,60084,1432297566,1
11664,46950,1432297566,1
11664,43669,1432297360,0
11664,56672,1432297566,0
11664,47538,1432297566,-1
11664,45287,1432297566,1
11664,46082,1432297566,-1
11664,60760,1432297360,0
11664,47531,1432297360,0
11664,44475,1432297566,0
11664,56429,1432297360,0
11664,55848,1432297566,-1
11664,46968,1432297360,0
11664,47909,1432297360,1
11664,41735,1432297566,0
11664,38667,1432297360,0
11664,40087,1432297360,0
11664,41419,1432297566,0
11664,45303,1432297360,0
11664,56646,1432297566,0
11664,41712,1432297360,-1
11664,41283,1432297360,-1
11664,41453,1432297566,1
11664,44777,1432297566,0
11664,41720,1432297360,-1
11664,47021,1432297360,-1
11664,41236,1432297566,0
11664,55788,1432297566,0
11664,52101,1432297566,-1
11664,39694,1432297566,-1
11664,39206,1432297566,0
11664,41305,1432297566,1
11664,56858,1432297566,0
11664,56349,1432297566,-1
11668,56073,1432293054,0
11668,41828,1432283103,-1
11668,43412,1432293054,0
11668,55991,1432283103,-1
11668,45761,1432283103,0
11668,56626,1432283103,0
11668,56448,1432283103,-1
11668,56461,1432283103,1
11668,57195,1432293054,0
11668,60581,1432283103,-1
11668,60642,1432293054,0
11668,57217,1432283103,0
11668,43773,1432293054,0
11668,59637,1432293054,1
11668,60284,1432293054,1
11668,56151,1432283103,-1
11668,59790,1432283103,0
11668,57231,1432293054,1
11668,51637,1432283103,1
11668,59633,1432293054,1
11668,46427,1432293054,0
11668,39687,1432293054,0
11668,58014,1432293054,0
11668,39306,1432283103,0
11668,39403,1432293054,1
11668,37798,1432283103,0
11668,40050,1432283103,1
11668,39323,1432293054,1
11668,57368,1432293054,0
11668,43170,1432293054,1
11668,59853,1432283103,0
11668,41687,1432283103,-1
11668,44472,1432293054,0
11668,61136,1432293054,0
11668,39558,1432283103,0
11668,41075,1432283103,-1
11668,43796,1432293054,-1
11668,45889,1432293054,0
11668,56435,1432283103,0
11668,42734,1432293054,0
11668,41743,1432293054,0
11668,46148,1432283103,0
11668,45367,1432283103,0
11668,47207,1432293054,0
11668,61335,1432293054,1
11668,56642,1432283103,0
11668,41582,1432293054,0
11668,43312,1432293054,0
11668,59933,1432293054,1
11668,41747,1432283103,0
11668,42653,1432293054,1
11668,60218,1432293054,0
11668,43731,1432293054,0
11668,61174,1432283103,-1
11668,58313,1432293054,1
11668,51849,1432293054,-1
11668,47651,1432283103,0
11668,39424,1432293054,1
11668,44664,1432283103,0
11668,55892,1432283103,0
11671,56389,1432285875,0
11671,44460,1432291474,0
11671,56555,1432291474,0
11671,47543,1432291474,0
11671,41063,1432291474,0
11671,39448,1432291474,0
11671,55931,1432291474,0
11671,43572,1432291474,0
11671,56116,1432291474,0
11671,44403,1432291474,0
11671,43307,1432291474,0
11671,56274,1432291474,0
11671,43425,1432291474,0
11671,46765,1432291474,0
11671,46925,1432291474,0
11671,56641,1432291474,0
11671,40128,1432291474,0
11671,60572,1432291474,0
11671,61129,1432291474,0
11671,56526,1432291474,0
11671,40129,1432285875,0
11671,52074,1432291474,0
11671,41706,1432291474,0
11671,61095,1432291474,0
11671,40205,1432291474,0
11671,56515,1432291474,0
11671,60865,1432285875,1
11671,60457,1432291474,-1
11671,47459,1432291474,0
11671,55811,1432291474,0
11671,60276,1432291474,0
11671,59636,1432291474,0
11671,43702,1432291474,0
11671,61023,1432291474,0
11671,42642,1432285875,0
11671,52242,1432291474,0
11671,40170,1432291474,0
11671,60256,1432291474,0
11671,56058,1432291474,0
11671,52086,1432291474,0
11671,59935,1432291474,0
11671,47531,1432291474,0
11671,59619,1432285875,1
11671,46301,1432291474,0
11671,39269,1432291474,0
11671,39551,1432291474,0
11671,43846,1432291474,0
11671,57983,1432291474,0
11671,59932,1432291474,0
11671,39216,1432291474,0
11671,47895,1432291474,0
11671,60205,1432291474,0
11671,46026,1432291474,0
11671,41756,1432291474,-1
11671,55910,1432291474,0
11671,39510,1432291474,0
11671,57370,1432291474,0
11671,45980,1432291474,0
11671,55850,1432291474,0
11671,56586,1432291474,1
11685,37706,1431518729,0
11685,38898,1431604819,1
11685,39602,1432051334,0
11685,41598,1431604819,0
11685,60147,1431604819,0
11685,45036,1431604819,1
11685,57086,1431604819,-1
11685,61335,1431604819,0
11685,56841,1431604819,1
11685,39308,1431604819,-1
11685,55865,1431604819,0
11685,52011,1431604819,0
11685,41744,1431604819,0
11685,47496,1432051334,0
11685,60103,1431604819,0
11685,38679,1431604819,0
11685,45589,1431518729,0
11685,56640,1431604819,-1
11685,60457,1431604819,-1
11685,57599,1431604819,0
11685,56190,1431518729,0
11685,42783,1432051334,1
11685,46273,1431604819,0
11685,56461,1431604819,0
11685,61239,1432051334,1
11685,46192,1431604819,0
11685,56929,1431604819,0
11685,41690,1431604819,-1
11685,58105,1431604819,1
11685,39249,1431518729,0
11685,52333,1431604819,0
11685,39489,1432268279,0
11685,56989,1431604819,-1
11685,45341,1431604819,1
11685,44639,1431604819,0
11685,56924,1431518729,1
11685,60534,1432051334,-1
11685,47005,1431604819,0
11685,56419,1431604819,1
11685,41557,1431604819,0
11685,45824,1431604819,0
11685,57953,1431604819,0
11685,56592,1431604819,0
11685,39480,1431604819,-1
11685,45993,1431604819,0
11685,46215,1432051334,1
11685,41810,1431518729,0
11685,39753,1432268279,1
11685,45772,1431604819,0
11685,40280,1431604819,-1
11685,43698,1431604819,1
11685,46146,1431604819,1
11685,39711,1431604819,-1
11685,56165,1432268279,1
11685,47412,1431604819,0
11685,45951,1431604819,0
11685,41252,1431604819,0
11685,46760,1431518729,0
11685,47522,1431604819,0
11685,61170,1431518729,0
11689,37825,1432185059,-1
11689,47184,1432185059,0
11689,41892,1432185059,0
11689,60659,1432185059,0
11689,60321,1432185993,0
11689,39795,1432185059,0
11689,57033,1432185059,1
11689,42837,1432185059,-1
11689,39673,1432185059,-1
11689,38873,1432185059,1
11689,58406,1432185993,-1
11689,46191,1432185059,0
11689,60216,1432185059,1
11689,56198,1432185059,0
11689,40020,1432185059,0
11689,59908,1432185993,-1
11689,47654,1432185059,0
11689,52344,1432185993,1
11689,39549,1432185993,0
11689,51603,1432185059,-1
11689,61206,1432185993,1
11689,41534,1432185993,0
11689,57420,1432185059,0
11689,52073,1432185993,-1
11689,45028,1432185993,1
11689,55831,1432185993,0
11689,38657,1432185993,1
11689,56708,1432185059,-1
11689,39247,1432185059,0
11689,55759,1432185059,0
11689,43796,1432185993,-1
11689,55959,1432185059,-1
11689,39474,1432185993,1
11689,41738,1432185059,0
11689,47874,1432185993,0
11689,44842,1432185993,-1
11689,43423,1432185993,1
11689,46980,1432185059,0
11689,56158,1432185993,0
11689,56373,1432185993,1
11689,43018,1432185993,1
11689,41131,1432185993,0
11689,40079,1432185059,-1
11689,61048,1432185993,0
11689,44775,1432185993,1
11689,40024,1432185993,0
11689,45074,1432185059,-1
11689,56491,1432185993,1
11689,41640,1432185993,1
11689,60266,1432185059,-1
11689,55985,1432185059,0
11689,61338,1432185993,1
11689,60939,1432185059,-1
11689,43770,1432185059,-1
11689,45906,1432185993,1
11689,41598,1432185993,-1
11689,56621,1432185059,-1
11689,39356,1432185059,0
11689,47682,1432185059,0
11689,58031,1432185059,-1
11695,47297,1432180595,0
11695,41280,1432180595,1
11695,56443,1432180595,0
11695,55945,1432180595,1
11695,59731,1432180595,1
11695,39589,1432180595,0
11695,57005,1432180595,0
11695,56578,1432180595,0
11695,52040,1432180595,1
11695,40169,1432180595,0
11695,47222,1432180595,1
11695,41736,1432180595,0
11695,60076,1432180595,1
11695,40105,1432180595,-1
11695,58375,1432180595,-1
11695,41425,1432180595,0
11695,45831,1432180595,0
11695,39417,1432180595,0
11695,55877,1432180595,1
11695,60012,1432180595,1
11695,45077,1432180595,-1
11695,39675,1432180595,0
11695,61246,1432180595,-1
11695,46225,1432180595,-1
11695,41252,1432180595,0
11695,40012,1432180595,0
11695,43137,1432180595,1
11695,46108,1432180595,1
11695,56147,1432180595,1
11695,57264,1432180595,1
11695,52115,1432180595,0
11695,56271,1432180595,0
11695,56189,1432180595,-1
11695,57199,1432180595,0
11695,56102,1432180595,1
11695,51496,1432180595,-1
11695,58894,1432180595,0
11695,52119,1432180595,0
11695,60130,1432180595,1
11695,46498,1432180595,0
11695,55813,1432180595,1
11695,51840,1432180595,0
11695,61233,1432180595,-1
11695,47901,1432180595,0
11695,40139,1432180595,0
11695,41576,1432180595,0
11695,42830,1432180595,0
11695,60835,1432180595,0
11695,45243,1432180595,0
11695,39370,1432180595,1
11695,59858,1432180595,-1
11695,61091,1432180595,0
11695,52120,1432180595,0
11695,56876,1432180595,1
11695,41656,1432180595,-1
11695,56397,1432180595,0
11695,60816,1432180595,1
11695,45549,1432180595,1
11695,39669,1432180595,0
11695,59581,1432180595,1
11700,56132,1432126328,-1
11700,39753,1432126328,0
11700,60280,1432126328,0
11715,41147,1431427947,-1
11715,44537,1431427947,1
11715,59647,1431427916,1
11715,55874,1431427947,-1
11715,57357,1431427916,1
11715,43731,1431427916,1
11715,57355,1431427916,0
11715,43318,1431427916,1
11715,51830,1431427947,0
11715,41331,1431427947,0
11715,60157,1431427947,-1
11715,44307,1431427916,-1
11715,56815,1431427947,-1
11715,47848,1431427947,0
11715,41843,1431427947,-1
11715,61116,1431427947,0
11715,56633,1431427916,1
11715,56468,1431427947,0
11715,44526,1431427916,0
11715,47856,1431427916,0
11715,47204,1431427916,0
11715,59540,1431427947,0
11715,47505,1431427916,0
11715,47890,1431427916,1
11715,51599,1431427916,0
11715,55751,1431427916,0
11715,56572,1431427947,-1
11715,40073,1431427916,-1
11715,47208,1431427916,0
11715,60030,1431427916,0
11715,56732,1431427916,0
11715,40094,1431427916,0
11715,60219,1431427916,-1
11715,55985,1431427947,0
11715,56184,1431427916,1
11715,39570,1431427916,0
11715,40834,1431427947,-1
11715,56889,1431427947,-1
11715,56960,1431427916,0
11715,41256,1431427947,-1
11715,60000,1431427916,0
11715,47327,1431427947,-1
11715,44317,1431427947,1
11715,45814,1431427916,0
11715,59716,1431427947,0
11715,51602,1431427947,1
11715,56856,1431427916,1
11715,60059,1431427947,0
11715,59577,1431427916,1
11715,59850,1431427916,0
11715,41548,1431427947,0
11715,60153,1431427947,-1
11715,52359,1431427916,0
11715,56454,1431427947,0
11715,41770,1431427947,0
11715,41652,1431427947,0
11715,41778,1431427916,-1
11715,56245,1431427916,0
11715,40006,1431427947,0
11715,57094,1431427947,0
11727,60009,1430882356,-1
11727,47017,1430394405,0
11727,58032,1430406130,1
11727,41456,1430501251,0
11727,56438,1430372336,0
11727,39024,1430394405,-1
11727,61237,1430501251,1
11727,37759,1430394405,-1
11727,41235,1430372336,0
11727,57738,1430882356,-1
11727,44466,1430372336,1
11727,46506,1430463903,-1
11727,39667,1430370372,0
11727,41238,1430463903,0
11727,39698,1430882356,1
11727,56402,1430406130,0
11727,38689,1430463903,-1
11727,41316,1430882356,1
11727,46743,1430463903,0
11727,60677,1430370372,0
11727,61213,1430370372,-1
11727,39633,1430406130,1
11727,41472,1430370372,0
11727,57937,1430406130,0
11727,45371,1430882356,-1
11727,60890,1430406130,-1
11727,55950,1430372336,0
11727,59938,1430406130,1
11727,52056,1430394405,0
11727,59699,1430370372,1
11727,56523,1430406130,1
11727,52345,1430370372,-1
11727,57206,1430370372,0
11727,55883,1430463903,-1
11727,45165,1430501251,0
11727,47489,1430463903,0
11727,57017,1430501251,0
11727,45228,1430501251,-1
11727,46304,1430372336,1
11727,56966,1430882356,1
11727,47647,1430372336,1
11727,60169,1430406130,-1
11727,51605,1430406130,1
11727,39816,1430463903,0
11727,39533,1430406130,-1
11727,60155,1430882356,0
11727,39757,1430463903,-1
11727,42622,1430372336,0
11727,46903,1430463903,0
11727,40978,1430882356,0
11727,56212,1430882356,0
11727,56706,1430406130,-1
11727,39512,1430406130,0
11727,57581,1430372336,0
11727,41333,1430394405,-1
11727,52054,1430370372,0
11727,41401,1430882356,-1
11727,43362,1430501251,-1
11727,39133,1430406130,0
11727,56298,1430370372,0
11739,37806,1429887610,1
11739,56739,1429887610,1
11739,56321,1430491728,-1
11739,56445,1429887610,0
11739,58322,1430491728,0
11739,60260,1429887610,1
11739,47176,1430491728,-1
11739,41421,1429887610,0
11739,61331,1429887610,0
11739,57650,1429887610,0
11739,55841,1429887610,0
11739,55916,1430491728,0
11739,58382,1430491728,0
11739,47188,1430491728,-1
11739,60216,1430491728,0
11739,61035,1430491728,-1
11739,39538,1429887610,-1
11739,60671,1429887610,0
11739,39435,1429887610,1
11739,39132,1430491728,0
11739,46301,1429887610,0
11739,45933,1430491728,0
11739,57433,1430491728,1
11739,44295,1430491728,0
11739,39622,1429887610,-1
11739,55792,1429887610,1
11739,56094,1429887610,0
11739,56511,1430491728,0
11739,46939,1429887610,-1
11739,47407,1430491728,0
11739,61173,1429887610,0
11739,55819,1429887610,0
11739,56766,1430491728,0
11739,41703,1429887610,1
11739,56447,1430491728,1
11739,45772,1429887610,0
11739,41387,1430491728,-1
11739,46261,1429887610,0
11739,47611,1429887610,0
11739,60822,1430491728,0
11739,40078,1430491728,0
11739,56638,1430491728,1
11739,59647,1430491728,0
11739,59910,1429887610,0
11739,59866,1430491728,1
11739,42943,1430491728,0
11739,55765,1429887610,1
11739,47407,1429887610,-1
11739,60083,1429887610,0
11739,39248,1429887610,0
11739,37753,1430491728,0
11739,56924,1429887610,0
11739,57581,1430491728,0
11739,43979,1429887610,0
11739,45550,1430491728,1
11739,61033,1429887610,-1
11739,56885,1430491728,-1
11739,46897,1430491728,-1
11739,55963,1429887610,0
11739,45963,1429887610,0
11748,56573,1430385276,1
11748,47692,1430385276,-1
11748,42947,1430385276,1
11754,47872,1430376864,1
11754,38618,1430376864,1
11754,41753,1430376864,0
11754,45526,1430376864,-1
11754,39335,1430376864,1
11754,58281,1430376864,0
11754,45304,1430376864,-1
11754,43217,1430376864,-1
11754,52088,1430376864,0
11754,55815,1430376864,-1
11754,43843,1430376864,0
11754,43116,1430376864,0
11754,45701,1430376864,-1
11754,56834,1430376864,0
11754,40269,1430376864,-1
11754,39517,1430376864,0
11754,41448,1430376864,0
11754,41697,1430376864,0
11754,55870,1430376864,-1
11754,41455,1430376864,0
11754,46964,1430376864,-1
11754,45290,1430376864,0
11754,56218,1430376864,0
11754,57613,1430376864,-1
11754,56823,1430376864,1
11754,55782,1430376864,1
11754,45552,1430376864,1
11754,52284,1430376864,0
11754,46304,1430376864,-1
11754,41590,1430376864,0
11754,60270,1430376864,0
11754,44024,1430376864,-1
11754,45762,1430376864,1
11754,39380,1430376864,-1
11754,40279,1430376864,1
11754,56998,1430376864,0
11754,41747,1430376864,0
11754,39985,1430376864,0
11754,47683,1430376864,-1
11754,44068,1430376864,1
11754,56056,1430376864,0
11754,39401,1430376864,0
11754,57953,1430376864,0
11754,46061,1430376864,0
11754,59553,1430376864,-1
11754,38860,1430376864,0
11754,57019,1430376864,-1
11754,59599,1430376864,1
11754,41411,1430376864,0
11754,41647,1430376864,1
11754,56383,1430376864,0
11754,56079,1430376864,0
11754,39160,1430376864,-1
11754,60850,1430376864,0
11754,56976,1430376864,-1
11754,45915,1430376864,-1
11754,45918,1430376864,-1
11754,38861,1430376864,0
11754,41863,1430376864,-1
11754,59778,1430376864,0
11763,39988,1430194926,0
11763,56576,1430319040,-1
11779,40025,1429791336,0
11779,38860,1429791336,1
11779,43773,1429791336,0
11779,61164,1429791336,0
11779,47900,1429791336,-1
11779,41469,1429791336,0
11779,41349,1429791336,1
11779,58096,1429791336,0
11779,59823,1429791336,-1
11779,56856,1429791336,0
11779,39564,1429791336,1
11779,43980,1429791336,0
11779,44748,1429791336,0
11779,44769,1429791336,0
11779,56246,1429791336,0
11779,56014,1429791336,1
11779,45220,1429791336,1
11779,56022,1429791336,0
11779,39973,1429791336,0
11779,41335,1429791336,0
11779,41523,1429791336,0
11779,41459,1429791336,-1
11779,38126,1429791336,0
11779,61238,1429791336,0
11779,56099,1429791336,0
11779,56197,1429791336,1
11779,60860,1429791336,1
11779,56588,1429791336,1
11779,57219,1429791336,0
11779,40179,1429791336,1
11779,51620,1429791336,0
11779,44650,1429791336,1
11779,56702,1429791336,0
11779,39429,1429791336,1
11779,41449,1429791336,0
11779,39736,1429791336,-1
11779,39692,1429791336,0
11779,39223,1429791336,0
11779,41294,1429791336,1
11779,59912,1429791336,0
11779,56336,1429791336,0
11779,39424,1429791336,0
11779,55859,1429791336,-1
11779,55871,1429791336,0
11779,45993,1429791336,0
11779,60337,1429791336,0
11779,56375,1429791336,-1
11779,60713,1429791336,0
11779,56007,1429791336,-1
11779,56682,1429791336,0
11779,45588,1429791336,0
11779,47910,1429791336,1
11779,56477,1429791336,0
11779,43763,1429791336,0
11779,42638,1429791336,-1
11779,47860,1429791336,1
11779,56741,1429791336,1
11779,60078,1429791336,0
11779,40769,1429791336,1
11779,59554,1429791336,0
11784,40310,1419398283,0
11784,60618,1419398283,1
11784,43783,1419398283,0
11784,52552,1419398283,0
11784,45416,1419398283,0
11784,47548,1419398283,-1
11784,57602,1419398283,-1
11784,40063,1419398283,-1
11784,52116,1419398283,0
11784,57245,1419398283,1
11784,60705,1419398283,1
11784,39614,1419398283,0
11784,60709,1419398283,1
11784,43868,1419398283,-1
11784,46846,1419398283,-1
11784,56785,1419398283,0
11784,55831,1419398283,0
11784,60069,1419398283,1
11784,59550,1419398283,0
11784,60648,1419398283,0
11784,41589,1419398283,0
11784,60881,1419398283,0
11784,41679,1419398283,1
11784,56201,1419398283,0
11784,47691,1419398283,0
11784,56822,1419398283,0
11784,58292,1419398283,0
11784,59800,1419398283,0
11784,60356,1419398283,0
11784,38877,1419398283,1
11784,45101,1419398283,1
11784,39631,1419398283,0
11784,37829,1419398283,-1
11784,39418,1419398283,0
11784,57569,1419398283,0
11784,43546,1429278528,1
11784,56563,1422865658,0
11784,40282,1419398283,1
11784,61005,1419398283,0
11784,60147,1419398283,0
11784,46007,1419398283,0
11784,46038,1419398283,1
11784,60274,1419398283,-1
11784,46113,1419398283,-1
11784,43777,1419398283,0
11784,55972,1419398283,1
11784,55750,1419398283,1
11784,44472,1419398283,1
11784,45827,1419398283,-1
11784,47402,1419398283,1
11784,59618,1419398283,0
11784,59834,1419398283,0
11784,47753,1419398283,1
11784,43537,1419398283,1
11784,46198,1419398283,1
11784,60097,1419398283,0
11784,42822,1419398283,0
11784,59865,1419398283,0
11784,41467,1419398283,-1
11784,45953,1419398283,-1
11787,45667,1426141622,1
11787,41754,1426141622,1
11787,57412,1426141622,1
11787,37802,1426141622,1
11787,46771,1429278122,1
11787,38893,1429278122,1
11787,47015,1429278122,1
11787,56498,1429278122,1
11791,56280,1429276696,-1
11791,55952,1429276696,-1
11791,60720,1429276696,0
11791,40839,1429276696,-1
11791,39796,1429276696,1
11791,47297,1429276696,0
11791,56845,1429276696,0
11791,45862,1429276696,1
11791,56201,1429276696,1
11791,44002,1429276696,1
11791,58035,1429276696,1
11791,41438,1429276696,1
11791,56373,1429276696,-1
11791,41058,1429276696,-1
11791,39629,1429276696,0
11791,41609,1429276696,-1
11791,40001,1429276696,0
11791,44248,1429276696,0
11791,39670,1429276696,0
11791,57025,1429276696,1
11791,60016,1429276696,0
11791,45378,1429276696,1
11791,47753,1429276696,0
11791,56044,1429276696,0
11791,43057,1429276696,0
11791,46120,1429276696,-1
11791,59656,1429276696,-1
11791,59821,1429276696,1
11791,46946,1429276696,-1
11791,56923,1429276696,0
11791,45149,1429276696,1
11791,46435,1429276696,0
11791,39196,1429276696,0
11791,40820,1429276696,0
11791,56047,1429276696,0
11791,46955,1429276696,1
11791,42628,1429276696,1
11791,56844,1429276696,-1
11791,60294,1429276696,0
11791,39500,1429276696,-1
11791,59563,1429276696,0
11791,44011,1429276696,1
11791,58018,1429276696,-1
11791,41761,1429276696,1
11791,56732,1429276696,-1
11791,39700,1429276696,-1
11791,57583,1429276696,0
11791,59604,1429276696,0
11791,40220,1429276696,-1
11791,39335,1429276696,1
11791,41075,1429276696,1
11791,41752,1429276696,1
11791,59708,1429276696,1
11791,39603,1429276696,-1
11791,39625,1429276696,0
11791,39999,1429276696,1
11791,40075,1429276696,0
11791,56256,1429276696,0
11791,55893,1429276696,0
11791,39763,1429276696,-1
11793,40112,1429111104,0
11793,42975,1429112617,-1
11793,46729,1429112617,1
11793,41389,1429112617,0
11793,47455,1429116632,0
11793,45104,1429116588,1
11793,41570,1429116632,0
11793,57096,1429116588,0
11793,41432,1429116632,-1
11793,47556,1429116632,0
11793,37829,1429112617,0
11793,59726,1429112582,0
11793,58273,1429112582,0
11793,45212,1429112582,0
11793,52316,1429112617,-1
11793,41647,1429116632,0
11793,39581,1429116632,-1
11793,46651,1429112617,1
11793,39471,1429116588,0
11793,60544,1429112617,0
11793,41861,1429111104,-1
11793,39824,1429111104,0
11793,60116,1429112582,0
11793,41375,1429116632,1
11793,60934,1429116588,1
11793,56472,1429111104,1
11793,56613,1429112582,0
11793,46048,1429116588,1
11793,46955,1429116588,0
11793,41782,1429112582,0
11793,56144,1429116632,-1
11793,52305,1429112582,1
11793,58413,1429116588,-1
11793,44453,1429111104,1
11793,39792,1429112582,1
11793,59873,1429116632,-1
11793,39464,1429112582,1
11793,43797,1429116632,0
11793,61073,1429116632,0
11793,56677,1429116588,1
11793,55827,1429111104,0
11793,43868,1429112582,-1
11793,44892,1429116632,1
11793,43801,1429111104,-1
11793,52252,1429116632,-1
11793,56479,1429116588,1
11793,59865,1429111104,0
11793,60748,1429112582,1
11793,46216,1429112582,0
11793,56633,1429112617,0
11793,59564,1429116632,0
11793,42736,1429111104,-1
11793,60389,1429111104,0
11793,43059,1429116632,0
11793,56105,1429116632,0
11793,47898,1429112582,0
11793,38876,1429112617,1
11793,59859,1429112582,1
11793,39621,1429112617,-1
11793,38615,1429116632,0
11802,39649,1428920223,1
11802,59853,1428920223,0
11802,59751,1428920223,0
11802,39708,1428920223,0
11802,55963,1428920223,1
11802,56315,1428920223,0
11802,46732,1428920223,1
11802,46216,1428920223,0
11802,55882,1428920223,-1
11802,52135,1428920223,0
11802,56222,1428920223,0
11802,39781,1428920223,-1
11802,56942,1428920223,0
11802,41742,1428920223,1
11802,44057,1428920223,1
11802,44307,1428920223,1
11802,47521,1428920223,-1
11802,45251,1428920223,0
11802,39407,1428920223,1
11802,47651,1428920223,1
11802,39616,1428920223,1
11802,58062,1428920223,0
11802,43539,1428920223,-1
11802,56747,1428920223,0
11802,60735,1428920223,0
11802,46915,1428920223,-1
11802,43349,1428920223,0
11802,39348,1428920223,0
11802,46611,1428920223,1
11802,58086,1428920223,-1
11802,43610,1428920223,0
11802,41702,1428920223,1
11802,43807,1428920223,0
11802,39700,1428920223,0
11802,56713,1428920223,1
11802,41578,1428920223,0
11802,47189,1428920223,-1
11802,56902,1428920223,0
11802,59895,1428920223,0
11802,43820,1428920223,0
11802,56122,1428920223,0
11802,55956,1428920223,0
11802,60934,1428920223,0
11802,56513,1428920223,-1
11802,40147,1428920223,0
11802,46082,1428920223,0
11802,43049,1428920223,0
11802,39604,1428920223,0
11802,61185,1428920223,0
11802,43731,1428920223,0
11802,60706,1428920223,0
11802,45296,1428920223,0
11802,59617,1428920223,0
11802,45815,1428920223,0
11802,45817,1428920223,1
11802,55816,1428920223,1
11802,56081,1428920223,0
11802,60710,1428920223,1
11802,55798,1428920223,0
11802,56447,1428920223,1
11807,56910,1419406452,0
11807,55809,1419406452,0
11807,56257,1419406452,-1
11807,40829,1428920049,0
11807,44402,1428920049,0
11807,45253,1428920049,1
11810,41830,1428564722,1
11810,40025,1428564722,0
11810,61157,1428564722,0
11810,56640,1428564722,0
11810,44015,1428564722,0
11810,52288,1428564722,0
11816,59899,1427785659,0
11816,47404,1427785659,1
11816,60068,1427785659,0
11816,45553,1427785659,0
11816,40198,1427785659,1
11816,39513,1427785659,0
11816,56841,1427785659,-1
11816,57427,1427785659,0
11816,45421,1427785659,0
11816,57004,1427785659,0
11816,44297,1427785659,1
11816,44776,1427785659,0
11816,55861,1427785659,0
11816,60084,1427785659,-1
11816,39525,1427785659,1
11816,37818,1427785659,0
11816,55797,1427785659,0
11816,61043,1427785659,0
11816,56739,1427785659,0
11816,57210,1427785659,1
11816,43046,1427785659,1
11816,39607,1427785659,-1
11816,43582,1427785659,1
11816,45991,1427785659,0
11816,56328,1427785659,0
11816,56235,1427785659,0
11816,56144,1427785659,1
11816,39288,1427785659,1
11816,44878,1427785659,1
11816,59830,1427785659,1
11816,61344,1427785659,1
11816,42760,1427785659,1
11816,42746,1427785659,-1
11816,38589,1427785659,1
11816,44220,1427785659,-1
11816,41677,1427785659,0
11816,60097,1427785659,1
11816,61154,1427785659,0
11816,56025,1427785659,1
11816,47539,1427785659,0
11816,55796,1427785659,-1
11816,47541,1427785659,1
11816,59800,1427785659,0
11816,39336,1427785659,-1
11816,47868,1427785659,1
11816,40781,1427785659,0
11816,56221,1427785659,-1
11816,55940,1427785659,1
11816,57948,1427785659,0
11816,46094,1427785659,1
11816,41684,1427785659,0
11816,57415,1427785659,0
11816,60992,1427785659,0
11816,43963,1427785659,1
11816,60026,1427785659,1
11816,59802,1427785659,1
11816,56029,1427785659,0
11816,41766,1427785659,1
11816,56897,1427785659,0
11816,47216,1427785659,0
11821,40198,1427692250,1
11821,41349,1427692250,0
11821,46218,1427692250,0
11821,40096,1427692250,1
11821,59813,1427692250,-1
11821,47226,1427692250,0
11821,44239,1427692250,0
11821,59960,1427692250,0
11821,55798,1427692250,0
11821,56466,1427692250,1
11821,58301,1427692250,1
11821,56586,1427692250,0
11821,41239,1427692250,-1
11821,39982,1427692250,1
11821,37873,1427692250,1
11821,61129,1427692250,0
11821,60100,1427692250,-1
11821,42746,1427692250,0
11821,57428,1427692250,0
11821,43773,1427692250,0
11821,52121,1427692250,0
11821,46111,1427692250,0
11821,52058,1427692250,0
11821,46068,1427692250,0
11821,56038,1427692250,0
11821,43298,1427692250,1
11821,44307,1427692250,1
11821,45946,1427692250,1
11821,46144,1427692250,0
11821,38664,1427692250,1
11821,52055,1427692250,0
11821,40196,1427692250,-1
11821,56578,1427692250,-1
11821,61102,1427692250,0
11821,56895,1427692250,0
11821,60114,1427692250,0
11821,47863,1427692250,1
11821,39333,1427692250,0
11821,45926,1427692250,0
11821,58092,1427692250,0
11821,45416,1427692250,0
11821,39305,1427692250,0
11821,60709,1427692250,-1
11821,45221,1427692250,1
11821,43311,1427692250,1
11821,44027,1427692250,1
11821,45897,1427692250,0
11821,61145,1427692250,0
11821,39816,1427692250,1
11821,57582,1427692250,0
11821,39513,1427692250,0
11821,43796,1427692250,0
11821,46452,1427692250,0
11821,40191,1427692250,-1
11821,56639,1427692250,1
11821,61018,1427692250,1
11821,42848,1427692250,1
11821,44562,1427692250,1
11821,40126,1427692250,1
11821,57003,1427692250,-1
11826,40279,1427374259,-1
11826,44309,1427374459,1
11826,40076,1427374259,0
11826,45830,1427374259,0
11826,39478,1427374459,1
11826,57948,1427374459,-1
11826,55853,1427374459,0
11826,55990,1427374259,1
11826,55977,1427374259,-1
11826,37870,1427374459,0
11826,55784,1427374459,1
11826,41683,1427374259,-1
11826,61184,1427374459,0
11826,47014,1427374459,1
11826,46071,1427374459,1
11826,55779,1427374259,0
11826,45018,1427374459,0
11826,43140,1427374459,0
11826,40682,1427374459,0
11826,55852,1427374259,0
11826,59554,1427374459,0
11826,57104,1427374259,0
11826,52115,1427374259,0
11826,59647,1427374259,-1
11826,44023,1427374459,1
11826,56442,1427374259,-1
11826,45541,1427374259,0
11826,41131,1427374459,1
11826,40080,1427374259,0
11826,59790,1427374259,-1
11826,56460,1427374459,0
11826,43018,1427374459,-1
11826,60655,1427374259,-1
11826,39981,1427374459,0
11826,51599,1427374259,-1
11826,61234,1427374459,1
11826,60836,1427374459,1
11826,42819,1427374459,1
11826,56603,1427374459,0
11826,46298,1427374459,0
11826,52314,1427374459,0
11826,42789,1427374459,1
11826,39554,1427374259,0
11826,59550,1427374459,1
11826,38834,1427374259,0
11826,39263,1427374259,-1
11826,45387,1427374459,1
11826,58035,1427374459,0
11826,39234,1427374459,0
11826,46068,1427374259,-1
11826,45730,1427374459,-1
11826,60333,1427374259,-1
11826,56407,1427374259,0
11826,47647,1427374459,1
11826,40024,1427374459,1
11826,56999,1427374459,1
11826,56361,1427374459,1
11826,56166,1427374459,-1
11826,60883,1427374259,0
11826,40005,1427374259,-1
11831,39831,1427106432,1
11831,58382,1427106432,0
11831,52096,1427106432,1
11831,42270,1427106432,1
11831,37891,1427106432,1
11831,39443,1427106432,1
11831,39915,1427106432,1
11831,46039,1427106432,0
11831,59651,1427106432,0
11831,60319,1427106432,1
11831,47666,1427106432,0
11831,58107,1427106432,1
11831,43867,1427106432,1
11831,57616,1427106432,1
11831,59853,1427106432,1
11831,39467,1427106432,0
11831,39228,1427106432,0
11831,56717,1427106432,0
11831,39272,1427106432,0
11831,56586,1427106432,-1
11831,47604,1427106432,1
11831,55920,1427106432,1
11831,59848,1427106432,1
11831,45932,1427106432,1
11831,37759,1427106432,0
11831,47294,1427106432,0
11831,59872,1427106432,0
11831,40131,1427106432,0
11831,57363,1427106432,0
11831,41355,1427106432,1
11831,47182,1427106432,0
11831,56671,1427106432,0
11831,56585,1427106432,1
11831,42651,1427106432,-1
11831,57209,1427106432,1
11831,45248,1427106432,-1
11831,42850,1427106432,1
11831,47661,1427106432,-1
11831,60926,1427106432,1
11831,56446,1427106432,-1
11831,56458,1427106432,0
11831,45251,1427106432,1
11831,41627,1427106432,1
11831,45823,1427106432,0
11831,44774,1427106432,0
11831,41677,1427106432,1
11831,39814,1427106432,1
11831,52135,1427106432,-1
11831,56923,1427106432,0
11831,46357,1427106432,0
11831,39718,1427106432,1
11831,45647,1427106432,-1
11831,39416,1427106432,0
11831,39517,1427106432,1
11831,45706,1427106432,0
11831,44036,1427106432,0
11831,39393,1427106432,0
11831,41830,1427106432,1
11831,60369,1427106432,0
11831,41694,1427106432,1
11840,43000,1426507087,0
11841,44064,1426502098,-1
11841,46972,1426502098,1
11841,60162,1426502098,0
11841,52318,1426502098,0
11841,56579,1426502098,0
11841,46981,1426502098,1
11841,47675,1426502098,1
11841,37809,1426502098,1
11841,39800,1426502098,1
11841,60071,1426502098,1
11841,45287,1426502098,0
11841,43048,1426502098,0
11841,41492,1426502098,0
11841,57409,1426502098,0
11841,57041,1426502098,0
11841,45666,1426502098,1
11841,46083,1426502098,0
11841,56813,1426502098,1
11841,43580,1426502098,1
11841,47185,1426502098,1
11841,60772,1426502098,1
11841,41314,1426502098,0
11841,43347,1426502098,1
11841,45283,1426502098,1
11841,56839,1426502098,1
11841,45073,1426502098,0
11841,46749,1426502098,-1
11841,46611,1426502098,1
11841,44298,1426502098,1
11841,46035,1426502098,1
11841,51625,1426502098,0
11841,39738,1426502098,0
11841,56328,1426502098,1
11841,46284,1426502098,0
11841,46972,1426502098,1
11841,41592,1426502098,-1
11841,56359,1426502098,1
11841,57233,1426502098,0
11841,39954,1426502098,0
11841,42673,1426502098,0
11841,43108,1426502098,1
11841,61171,1426502098,-1
11841,61234,1426502098,0
11841,41131,1426502098,-1
11841,44072,1426502098,1
11841,56547,1426502098,1
11841,61144,1426502098,1
11841,60057,1426502098,-1
11841,55796,1426502098,1
11841,61125,1426502098,0
11841,60471,1426502098,1
11841,39800,1426502098,1
11841,57117,1426502098,0
11841,39765,1426502098,0
11841,57216,1426502098,1
11841,47530,1426502098,1
11841,43298,1426502098,1
11841,38879,1426502098,-1
11841,60995,1426502098,1
11841,39508,1426502098,0
11900,55971,1424403432,0
11900,44222,1424403432,-1
11900,56963,1424403432,-1
11900,56728,1424403432,-1
11900,41397,1424403432,0
11900,61035,1424403432,0
11900,46527,1424403432,1
11900,56388,1424403432,0
11900,59858,1424403432,0
11900,59737,1424403432,1
11900,59865,1424403432,0
11900,38850,1424403432,0
11900,45385,1424403432,0
11900,61178,1424403432,0
11900,39622,1424403432,1
11900,44556,1424403432,1
11900,60022,1424403432,-1
11900,41366,1424403432,1
11900,56488,1424403432,-1
11900,43766,1424403432,0
11900,56233,1424403432,0
11900,59580,1424403432,1
11900,41411,1424403432,0
11900,39271,1424403432,-1
11900,45252,1424403432,-1
11900,39198,1424403432,-1
11900,60170,1424403432,-1
11900,59811,1424403432,-1
11900,58106,1424403432,0
11900,46746,1424403432,0
11900,39663,1424403432,1
11900,55939,1424403432,1
11900,45730,1424403432,1
11900,43968,1424403432,0
11900,39658,1424403432,-1
11900,47175,1424403432,-1
11900,60139,1424403432,1
11900,52331,1424403432,1
11900,41623,1424403432,1
11900,43053,1424403432,1
11900,37765,1424403432,1
11900,39706,1424403432,1
11900,56771,1424403432,-1
11900,37817,1424403432,-1
11900,60743,1424403432,1
11900,57096,1424403432,1
11900,43936,1424403432,0
11900,38589,1424403432,0
11900,61094,1424403432,0
11900,47658,1424403432,1
11900,45997,1424403432,0
11900,61197,1424403432,1
11900,39447,1424403432,1
11900,57326,1424403432,0
11900,45951,1424403432,1
11900,45844,1424403432,0
11900,56320,1424403432,-1
11900,43963,1424403432,0
11900,45227,1424403432,1
11900,59799,1424403432,1
11919,41503,1424081046,1
11919,52075,1424081046,0
11919,43442,1424081046,0
11919,39600,1424080882,0
11919,40076,1424080882,0
11919,56413,1424080882,-1
11919,43795,1424080882,0
11919,47496,1424080882,-1
11919,61085,1424080882,0
11919,60050,1424081046,1
11919,42818,1424081046,0
11919,41601,1424080882,0
11919,41752,1424080882,0
11919,59551,1424080882,-1
11919,39292,1424081046,-1
11919,45658,1424080882,0
11919,45342,1424081046,0
11919,43241,1424081046,-1
11919,56495,1424081046,0
11919,43705,1424080882,-1
11919,40274,1424081046,0
11919,39807,1424080882,1
11919,47915,1424081046,0
11919,52559,1424080882,1
11919,61134,1424080882,-1
11919,60087,1424081046,0
11919,56783,1424081046,0
11919,57570,1424080882,-1
11919,56419,1424081046,-1
11919,43765,1424081046,0
11919,55757,1424080882,0
11919,41533,1424081046,0
11919,51972,1424081046,-1
11919,59646,1424081046,1
11919,56229,1424080882,0
11919,39721,1424081046,0
11919,55958,1424080882,0
11919,61108,1424080882,-1
11919,47531,1424080882,1
11919,39438,1424080882,1
11919,43966,1424080882,-1
11919,44872,1424081046,0
11919,39484,1424080882,0
11919,39573,1424080882,-1
11919,44579,1424081046,1
11919,58182,1424081046,0
11919,41063,1424081046,1
11919,58412,1424080882,0
11919,41498,1424081046,0
11919,44016,1424081046,0
11919,39520,1424081046,1
11919,46651,1424081046,1
11919,58326,1424080882,-1
11919,45735,1424081046,-1
11919,41292,1424081046,1
11919,40071,1424081046,1
11919,47652,1424080882,0
11919,44479,1424081046,0
11919,60258,1424080882,1
11919,56035,1424081046,1
11933,39582,1418904934,1
11933,45760,1423219786,1
11961,57749,1419322681,1
11961,56630,1419322681,1
11961,39831,1419322681,1
11961,52284,1419323432,1
11961,55887,1419323432,1
11961,59806,1422865282,1
11961,56015,1422865282,1
11961,56480,1422865282,1
11961,40144,1422867618,1
11961,39976,1422867618,1
11964,56970,1419572250,1
11964,45013,1419572250,1
11964,41750,1419572250,0
11964,43834,1419572250,1
11964,43846,1419572250,1
11964,52261,1422865307,1
11964,42624,1422865307,1
11964,59685,1422865307,1
11964,41610,1422865307,0
11964,56743,1422865307,1
11970,61069,1418075851,1
11970,39367,1422865270,1
11972,56713,1415863736,-1
11972,41294,1415863736,-1
11972,55921,1415863736,0
11972,40112,1415863736,-1
11972,46085,1415863736,0
11972,56757,1415863736,0
11972,57577,1415863736,1
11972,60375,1415863736,1
11972,38655,1415863736,0
11972,45833,1415863736,-1
11972,60114,1422865264,-1
11972,60520,1415863736,-1
11972,45844,1415863736,0
11972,43103,1415863736,0
11972,60523,1415863736,1
11972,51645,1415863736,-1
11972,39526,1415863736,0
11972,56153,1415863736,-1
11972,41504,1415863736,1
11972,41689,1415863736,0
11972,56416,1415863736,1
11972,46047,1415863736,-1
11972,60923,1415863736,0
11972,46166,1415863736,-1
11972,40024,1415863736,0
11972,57189,1415863736,0
11972,56457,1415863736,1
11972,58113,1415863736,1
11972,51830,1415863736,0
11972,57623,1415863736,0
11972,45167,1415863736,1
11972,59700,1415863736,-1
11972,59542,1415863736,0
11972,55808,1415863736,0
11972,56461,1415863736,1
11972,41736,1415863736,0
11972,56084,1415863736,0
11972,55870,1415863736,0
11972,56663,1415863736,-1
11972,43983,1415863736,0
11972,61047,1415863736,-1
11972,41282,1415863736,0
11972,39558,1415863736,0
11972,46061,1415863736,1
11972,56320,1415863736,0
11972,52057,1415863736,0
11972,60524,1415863736,0
11972,59714,1415863736,1
11972,56897,1415863736,1
11972,55949,1415863736,0
11972,59698,1415863736,0
11972,42932,1415863736,1
11972,46120,1415863736,1
11972,46088,1415863736,-1
11972,39691,1415863736,-1
11972,47502,1415863736,1
11972,56995,1415863736,1
11972,46953,1415863736,0
11972,46126,1415863736,0
11972,59994,1415863736,-1
11973,40056,1419414694,0
11973,46950,1422862293,0
12000,43498,1414053854,0
12000,43988,1421735693,0
12002,55852,1415915685,-1
12002,56303,1415915685,-1
12002,55807,1415915685,0
12002,43669,1421735284,0
12002,37892,1421735284,-1
12002,60051,1421735284,-1
12015,45371,1417042482,1
12015,61104,1421730371,1
12024,46918,1421647249,1
12024,41652,1421647191,-1
12024,60851,1421647191,1
12024,38873,1421647191,0
12024,55894,1421647191,1
12024,60262,1421647249,-1
12024,44240,1421647191,1
12024,57953,1421647191,1
12024,42653,1421647249,0
12024,47017,1421647249,0
12024,41861,1421647249,1
12024,56962,1421647249,-1
12024,59756,1421647249,-1
12024,56125,1421647249,1
12024,47551,1421647191,1
12024,45684,1421647249,1
12024,43975,1421647249,0
12024,56742,1421647191,1
12024,41554,1421647191,0
12024,59914,1421647191,1
12024,38901,1421647191,0
12024,45149,1421647191,0
12024,39494,1421647249,-1
12024,61195,1421647249,-1
12024,55782,1421647249,1
12024,56211,1421647191,-1
12024,52303,1421647249,0
12024,43430,1421647191,0
12024,38986,1421647249,0
12024,40160,1421647249,1
12024,39213,1421647191,-1
12024,47006,1421647191,1
12024,41691,1421647249,0
12024,55796,1421647191,-1
12024,56299,1421647249,0
12024,55823,1421647191,-1
12024,56828,1421647249,0
12024,43535,1421647249,0
12024,41527,1421647249,-1
12024,39677,1421647191,0
12024,60878,1421647249,0
12024,56358,1421647249,0
12024,43964,1421647249,1
12024,41527,1421647191,-1
12024,60981,1421647191,0
12024,56418,1421647249,0
12024,40772,1421647249,1
12024,56920,1421647249,1
12024,40036,1421647191,-1
12024,37799,1421647191,0
12024,61054,1421647249,0
12024,60100,1421647249,0
12024,39928,1421647249,0
12024,41418,1421647249,1
12024,37716,1421647249,1
12024,41638,1421647191,0
12024,42623,1421647249,1
12024,44814,1421647191,-1
12024,60389,1421647191,-1
12024,56678,1421647249,0
12026,37867,1420622562,1
12026,60981,1420622562,0
12026,56314,1420622562,1
12026,56190,1420622562,0
12026,41314,1420622562,1
12026,39540,1420622562,-1
12026,52339,1420690819,1
12026,51833,1421585364,1
12026,56381,1421585364,-1
12026,39921,1421585364,0
12026,56035,1421585364,1
12026,43114,1421585364,1
12026,39902,1421585364,0
12026,39562,1421585370,1
12031,56230,1419607863,1
12031,55795,1419607863,0
12031,46610,1421582475,0
12031,37817,1421582475,1
12035,43792,1421581267,0
12035,47441,1421581267,0
12035,61129,1421581267,1
12035,47006,1421581267,0
12035,40198,1421581267,-1
12035,60149,1421581267,1
12035,59987,1421581267,-1
12035,39547,1421581267,-1
12035,41415,1421581267,1
12035,41396,1421581267,0
12035,55791,1421581267,-1
12035,40734,1421581267,0
12035,46081,1421581267,1
12035,55743,1421581267,0
12035,41279,1421581267,0
12035,57595,1421581267,0
12035,56124,1421581267,0
12035,44062,1421581267,0
12035,46045,1421581267,1
12035,60088,1421581267,0
12035,37909,1421581267,0
12035,42978,1421581267,1
12035,58281,1421581267,0
12035,52121,1421581267,0
12035,41702,1421581267,1
12035,56052,1421581267,1
12035,43962,1421581267,0
12035,46732,1421581267,0
12035,45824,1421581267,1
12035,59713,1421581267,1
12035,39252,1421581267,1
12035,56843,1421581267,1
12035,46230,1421581267,-1
12035,46185,1421581267,1
12035,59922,1421581267,1
12035,44551,1421581267,1
12035,56709,1421581267,1
12035,56047,1421581267,1
12035,42657,1421581267,0
12035,56650,1421581267,0
12035,52012,1421581267,1
12035,39371,1421581267,1
12035,39215,1421581267,-1
12035,59725,1421581267,0
12035,45982,1421581267,1
12035,56382,1421581267,-1
12035,59732,1421581267,-1
12035,59537,1421581267,1
12035,56309,1421581267,1
12035,38587,1421581267,0
12035,39737,1421581267,-1
12035,44015,1421581267,0
12035,56123,1421581267,-1
12035,56832,1421581267,-1
12035,39359,1421581267,0
12035,56039,1421581267,0
12035,56644,1421581267,-1
12035,47753,1421581267,0
12035,41711,1421581267,1
12035,56295,1421581267,1
12058,41725,1420621411,-1
12065,52336,1420227237,0
12065,56216,1420227237,0
12065,58095,1420227237,0
12065,39427,1420227331,1
12065,56112,1420227237,1
12065,44277,1420227237,0
12065,43704,1420227331,0
12065,44239,1420227237,1
12065,47460,1420227331,0
12065,56023,1420227331,1
12065,44052,1420227331,1
12065,37831,1420227331,0
12065,56634,1420227237,-1
12065,56907,1420227331,1
12065,41341,1420227237,0
12065,60248,1420227331,0
12065,56533,1420227331,-1
12065,52059,1420227331,0
12065,43977,1420227331,0
12065,40147,1420227331,1
12065,40002,1420227331,1
12065,56082,1420227331,1
12065,52013,1420227331,0
12065,43305,1420227331,1
12065,56410,1420227331,1
12065,47215,1420227237,1
12065,59656,1420227237,1
12065,41592,1420227331,-1
12065,52269,1420227237,0
12065,40086,1420227237,0
12065,45286,1420227237,1
12065,60575,1420227331,1
12065,39560,1420227331,-1
12065,56884,1420227331,0
12065,56266,1420227237,-1
12065,57604,1420227237,1
12065,40032,1420227237,1
12065,42652,1420227237,0
12065,39723,1420227237,0
12065,46046,1420227331,1
12065,56198,1420227237,-1
12065,39946,1420227237,1
12065,40819,1420227331,-1
12065,39605,1420227331,1
12065,56561,1420227237,1
12065,59801,1420227237,0
12065,43769,1420227331,-1
12065,56246,1420227331,0
12065,57030,1420227331,0
12065,46922,1420227331,0
12065,39642,1420227331,1
12065,42784,1420227237,-1
12065,47846,1420227237,-1
12065,56026,1420227237,1
12065,40822,1420227237,-1
12065,40310,1420227331,1
12065,46972,1420227331,0
12065,61169,1420227237,0
12065,46746,1420227237,1
12065,44479,1420227237,1
12067,55812,1420226255,1
12067,57196,1420071673,1
12067,46265,1420226255,-1
12067,57242,1420226255,-1
12067,41443,1420071673,1
12067,55832,1420226255,0
12067,40165,1420226255,0
12067,41491,1420071673,0
12067,46744,1420071673,-1
12067,56239,1420226255,0
12067,39823,1420226255,1
12067,42872,1420226255,-1
12067,56932,1420071673,0
12067,39217,1420226255,-1
12067,56841,1420226255,0
12067,58060,1420071673,-1
12067,41306,1420226255,-1
12067,59803,1420226255,1
12067,51599,1420071673,-1
12067,60357,1420071673,0
12067,46142,1420071673,1
12067,59811,1420071673,-1
12067,39471,1420071673,0
12067,56926,1420226255,0
12067,40126,1420226255,1
12067,39160,1420071673,0
12067,56134,1420226255,1
12067,58107,1420071673,-1
12067,38028,1420071673,0
12067,39583,1420071673,-1
12067,47656,1420226255,1
12067,41578,1420071673,0
12067,61126,1420071673,0
12067,56418,1420226255,1
12067,45341,1420226255,0
12067,39655,1420226255,0
12067,39383,1420226255,0
12067,56873,1420226255,-1
12067,57007,1420071673,-1
12067,47350,1420071673,0
12067,47848,1420071673,0
12067,61043,1420226255,-1
12067,59923,1420226255,1
12067,42784,1420071673,0
12067,61150,1420071673,-1
12067,52251,1420226255,1
12067,60656,1420226255,1
12067,60882,1420226255,1
12067,60145,1420071673,0
12067,44272,1420071673,1
12067,59692,1420226255,1
12067,57245,1420226255,1
12067,37814,1420226255,0
12067,41469,1420071673,0
12067,44046,1420226255,0
12067,59997,1420226255,1
12067,41289,1420226255,1
12067,41301,1420071673,0
12067,58092,1420071673,1
12067,52085,1420071673,0
12077,44972,1419331359,1
12077,59658,1419331359,1
12077,59716,1419331359,0
12077,44479,1419331359,1
12077,41762,1419331359,0
12077,56850,1419331359,0
12077,57239,1419331359,-1
12077,39558,1419331359,-1
12077,40172,1419331359,1
12077,39988,1419331359,-1
12077,56097,1419331359,0
12077,47860,1419331359,0
12077,39757,1419331359,0
12077,39822,1419331359,1
12077,42652,1419331359,1
12077,42653,1419331359,1
12077,60577,1419331359,0
12077,61159,1419331359,1
12077,55859,1419331359,1
12077,57888,1419331359,0
12077,45251,1419331359,0
12077,47183,1419331359,-1
12077,41304,1419331359,1
12077,41374,1419331359,1
12077,59607,1419331359,1
12077,39346,1419331359,0
12077,38901,1419331359,-1
12077,59833,1419331359,-1
12077,47526,1419331359,0
12077,57103,1419331359,0
12077,41244,1419331359,0
12077,57375,1419331359,1
12077,55940,1419331359,0
12077,41626,1419331359,1
12077,56213,1419331359,1
12077,46722,1419331359,1
12077,61223,1419331359,1
12077,60276,1419331359,0
12077,41331,1419331359,-1
12077,59726,1419331359,0
12077,41784,1419331359,0
12077,41153,1419331359,-1
12077,46427,1419331359,0
12077,51832,1419331359,0
12077,58301,1419331359,0
12077,41002,1419331359,1
12077,59910,1419331359,-1
12077,40024,1419331359,-1
12077,59866,1419331359,1
12077,40272,1419331359,0
12077,43433,1419331359,0
12077,41318,1419331359,1
12077,52009,1419331359,1
12077,56810,1419331359,0
12077,43130,1419331359,0
12077,60578,1419331359,1
12077,57223,1419331359,0
12077,61137,1419331359,1
12077,56876,1419331359,-1
12077,39476,1419331359,-1
12087,60938,1419324829,0
12087,57730,1419324829,0
12087,55965,1419324829,0
12087,40759,1419324829,-1
12087,56860,1414018537,0
12087,47183,1414018537,0
12087,47861,1414018537,0
12087,60139,1419324829,-1
12087,59848,1419324829,0
12087,46256,1419324829,-1
12087,41704,1419324829,1
12087,56051,1414018537,0
12087,44430,1419324829,0
12087,61104,1414018537,0
12087,57921,1419324829,1
12087,56120,1419324829,0
12087,59864,1414018537,0
12087,61033,1419324829,0
12087,38657,1419324829,-1
12087,39279,1419324829,-1
12087,42723,1419324829,0
12087,56277,1419324829,1
12087,39538,1419324829,0
12087,56423,1414018537,0
12087,57655,1419324829,-1
12087,61210,1419324829,-1
12087,58370,1419324829,-1
12087,45076,1419324829,1
12087,47295,1414018537,0
12087,41768,1414018537,0
12087,47489,1419324829,1
12087,56611,1419324829,0
12087,59562,1419324829,0
12087,58189,1419324829,0
12087,58174,1419324829,0
12087,52291,1414018537,0
12087,56191,1419324829,0
12087,57350,1414018537,0
12087,60581,1419324829,1
12087,39333,1419324829,-1
12087,40308,1419324829,-1
12087,47911,1419324829,0
12087,41555,1419324829,0
12087,41711,1419324829,-1
12087,44895,1414018537,0
12087,41756,1419324829,0
12087,45244,1414018537,0
12087,59748,1419324829,-1
12087,41805,1414018537,0
12087,60335,1419324829,-1
12087,59789,1419324829,0
12087,43938,1419324829,-1
12087,59805,1419324829,1
12087,41824,1419324829,0
12087,39186,1419324829,0
12087,39291,1414018537,0
12087,39951,1414018537,0
12087,41863,1419324829,0
12087,60143,1414018537,0
12087,41409,1419324829,0
12089,56323,1419317031,1
12089,44005,1419317031,0
12089,61124,1419317031,1
12089,58115,1419316000,0
12089,37838,1415613408,0
12089,46498,1419316000,0
12089,46123,1419317031,1
12089,43298,1419317031,0
12089,55753,1419316000,-1
12089,56806,1419317031,0
12089,41238,1419317031,1
12089,56257,1415613408,0
12089,42973,1419317031,1
12089,39664,1419316000,-1
12089,39666,1419317031,-1
12089,56042,1419317031,-1
12089,60984,1419316000,0
12089,40978,1419317031,0
12089,43048,1415615818,1
12089,47020,1415613408,-1
12089,60987,1419317031,0
12089,57389,1419317031,1
12089,46189,1415613408,1
12089,38028,1415613408,-1
12089,43857,1419316000,1
12089,47899,1419317031,0
12089,39150,1419316000,-1
12089,40834,1419316000,1
12089,45072,1415613408,-1
12089,56214,1419317031,0
12089,45368,1419317031,0
12089,59708,1419317031,1
12089,56256,1415613408,-1
12089,40207,1415613408,0
12089,43604,1419317031,0
12089,55920,1419317031,0
12089,46843,1419317031,-1
12089,42649,1415613408,0
12089,60895,1415613408,-1
12089,57749,1415613408,-1
12089,40835,1415613408,-1
12089,55957,1415613408,1
12089,42824,1419316000,-1
12089,60668,1419316000,0
12089,38655,1419316000,1
12089,46128,1415613408,-1
12089,39516,1419317031,1
12089,59634,1419317031,-1
12089,58335,1419316000,-1
12089,45926,1419317031,-1
12089,45772,1419316000,0
12089,41582,1419317031,1
12089,55975,1419317031,0
12089,37822,1419317031,0
12089,56261,1415613408,1
12089,57727,1419317031,0
12089,39279,1419317031,1
12089,45283,1419316000,1
12089,47601,1419317031,1
12089,45202,1419317031,0
12093,45512,1419236581,-1
12093,55831,1419236581,-1
12093,60364,1419236581,-1
12093,39623,1419236581,1
12093,51615,1419236581,1
12093,40832,1419236581,-1
12093,47460,1419236581,-1
12093,41476,1419236581,0
12093,44222,1419236581,-1
12093,39187,1419236581,0
12093,51635,1419236581,0
12093,58361,1419236581,0
12093,60319,1419236581,1
12093,59725,1419236581,0
12093,60188,1419236581,-1
12093,41305,1419236581,0
12093,59921,1419236581,-1
12093,41972,1419236581,-1
12093,45222,1419236581,0
12093,39636,1419236581,-1
12093,59823,1419236581,-1
12093,56173,1419236581,0
12093,52406,1419236581,1
12093,45830,1419236581,0
12093,38664,1419236581,0
12093,45199,1419236581,-1
12093,57222,1419236581,-1
12093,56124,1419236581,0
12093,46967,1419236581,1
12093,57429,1419236581,1
12093,56641,1419236581,0
12093,56458,1419236581,0
12093,56752,1419236581,-1
12093,60062,1419236581,-1
12093,57384,1419236581,-1
12093,39778,1419236581,-1
12093,60995,1419236581,0
12093,56733,1419236581,0
12093,52038,1419236581,0
12093,44478,1419236581,1
12093,57208,1419236581,0
12093,46762,1419236581,-1
12093,42632,1419236581,0
12093,44035,1419236581,1
12093,39430,1419236581,0
12093,45769,1419236581,0
12093,39291,1419236581,1
12093,42842,1419236581,-1
12093,59853,1419236581,1
12093,38891,1419236581,-1
12093,41698,1419236581,1
12093,57093,1419236581,1
12093,57401,1419236581,0
12093,56453,1419236581,-1
12093,61147,1419236581,-1
12093,60552,1419236581,1
12093,56308,1419236581,-1
12093,57648,1419236581,-1
12093,60818,1419236581,0
12093,55787,1419236581,1
12101,41643,1418965536,-1
12101,59604,1418965536,-1
12101,57387,1418965536,1
12101,56683,1418965536,-1
12101,56185,1418965536,0
12101,40265,1418965536,-1
12101,40311,1418965536,-1
12101,41527,1418965536,0
12101,39196,1418965536,0
12101,51838,1418965536,-1
12101,56342,1418965536,-1
12101,41464,1418965536,-1
12101,39324,1418965536,-1
12101,44633,1418965536,1
12101,56035,1418965536,0
12101,43113,1418965536,0
12101,60016,1418965536,0
12101,41776,1418965536,0
12101,41487,1418965536,0
12101,57363,1418965536,0
12101,60088,1418965536,1
12101,56403,1418965536,1
12101,60877,1418965536,1
12101,47546,1418965536,1
12101,47913,1418965536,1
12101,37824,1418965536,-1
12101,57604,1418965536,0
12101,57374,1418965536,0
12101,60653,1418965536,0
12101,60258,1418965536,0
12101,41240,1418965536,0
12101,60874,1418965536,-1
12101,40148,1418965536,0
12101,57404,1418965536,-1
12101,46949,1418965536,1
12101,56667,1418965536,-1
12101,43141,1418965536,0
12101,60132,1418965536,1
12101,39686,1418965536,-1
12101,39254,1418965536,-1
12101,59729,1418965536,0
12101,39411,1418965536,0
12101,39376,1418965536,0
12101,56493,1418965536,1
12101,46823,1418965536,1
12101,39146,1418965536,0
12101,56701,1418965536,1
12101,56861,1418965536,0
12101,45955,1418965536,-1
12101,52090,1418965536,-1
12101,60166,1418965536,1
12101,56324,1418965536,1
12101,56262,1418965536,1
12101,46042,1418965536,-1
12101,61029,1418965536,-1
12101,43298,1418965536,0
12101,41309,1418965536,-1
12101,56918,1418965536,-1
12101,42591,1418965536,1
12101,57013,1418965536,0
12109,52133,1418909843,1
12109,44547,1418901974,0
12109,40011,1418901974,0
12109,39860,1418901974,-1
12109,55976,1418909843,1
12109,45474,1418909843,-1
12109,44552,1418909843,-1
12109,45018,1418909843,0
12109,43609,1418909843,-1
12109,41592,1418901974,-1
12109,52075,1418909843,-1
12109,57889,1418909843,1
12109,58011,1418909843,0
12109,45244,1418901974,0
12109,56496,1418909843,-1
12109,57205,1418901974,0
12109,59699,1418901974,1
12109,56010,1418909843,-1
12109,44199,1418909843,-1
12109,45344,1418901974,-1
12109,40090,1418901974,-1
12109,59564,1418901974,1
12109,60945,1418901974,0
12109,56900,1418901974,1
12109,57107,1418909843,-1
12109,45243,1418901974,0
12109,56048,1418909843,-1
12109,55820,1418901974,0
12109,56692,1418901974,1
12109,46924,1418901974,1
12109,58312,1418909843,1
12109,56340,1418901974,0
12109,42757,1418909843,1
12109,45011,1418901974,0
12109,40829,1418909843,0
12109,52273,1418909843,-1
12109,42666,1418901974,-1
12109,43813,1418901974,0
12109,39682,1418909843,0
12109,55846,1418909843,1
12109,41867,1418909843,1
12109,39045,1418901974,1
12109,56641,1418901974,-1
12109,44044,1418901974,-1
12109,39225,1418901974,-1
12109,56547,1418909843,-1
12109,56615,1418909843,1
12109,41513,1418909843,-1
12109,56315,1418901974,0
12109,47686,1418901974,0
12109,39815,1418901974,0
12109,58123,1418901974,1
12109,60443,1418901974,0
12109,42664,1418909843,-1
12109,60057,1418901974,1
12109,58052,1418909843,1
12109,40076,1418901974,1
12109,57001,1418901974,0
12109,43805,1418901974,0
12109,41521,1418909843,0
12141,42976,1418375946,-1
12141,56666,1418375946,-1
12141,61121,1418375946,1
12172,43304,1417826953,0
12172,56094,1417826953,0
12172,60669,1417826953,0
12172,39719,1417826953,0
12172,44965,1417826953,1
12172,45978,1417826953,1
12172,40155,1417826953,-1
12172,45596,1417826953,0
12172,56436,1417826953,-1
12172,47532,1417826953,0
12172,47394,1417826953,0
12172,57348,1417826953,-1
12172,59714,1417826953,0
12172,39738,1417826953,0
12172,43548,1417826953,0
12172,43765,1417826953,0
12172,46122,1417826953,1
12172,47604,1417826953,1
12172,47302,1417826953,0
12172,61051,1417826953,0
12172,60877,1417826953,-1
12172,46970,1417826953,0
12172,39431,1417826953,-1
12172,59600,1417826953,-1
12172,45780,1417826953,0
12172,60249,1417826953,1
12172,45633,1417826953,1
12172,60945,1417826953,0
12172,41315,1417826953,0
12172,39493,1417826953,1
12172,41602,1417826953,0
12172,39284,1417826953,-1
12172,46930,1417826953,1
12172,57084,1417826953,0
12172,61172,1417826953,0
12172,56476,1417826953,1
12172,56082,1417826953,0
12172,41723,1417826953,-1
12172,56520,1417826953,-1
12172,61179,1417826953,1
12172,39406,1417826953,1
12172,40041,1417826953,1
12172,52062,1417826953,1
12172,40318,1417826953,-1
12172,41443,1417826953,0
12172,47203,1417826953,0
12172,56754,1417826953,-1
12172,52057,1417826953,0
12172,39224,1417826953,-1
12172,46925,1417826953,1
12172,58119,1417826953,0
12172,38674,1417826953,0
12172,56348,1417826953,0
12172,56680,1417826953,0
12172,56642,1417826953,-1
12172,52348,1417826953,-1
12172,51625,1417826953,1
12172,56288,1417826953,1
12172,56610,1417826953,1
12172,45242,1417826953,1
12184,45740,1417758534,0
12184,44540,1417758534,-1
12184,55887,1417758534,-1
12184,46835,1417758534,0
12184,56300,1417758534,0
12184,58281,1417758534,0
12184,39514,1417758534,0
12184,52009,1417758534,0
12184,56551,1417758534,0
12184,57398,1417758534,1
12184,57200,1417758534,-1
12184,56925,1417758534,-1
12184,43965,1417758534,0
12184,59821,1417758534,-1
12184,47661,1417758534,1
12184,58113,1417758534,-1
12184,56928,1417758534,0
12184,61164,1417758534,0
12184,57011,1417758534,-1
12184,55785,1417758534,1
12184,51854,1417758534,0
12184,40105,1417758534,-1
12184,44405,1417758534,1
12184,44251,1417758534,0
12184,46137,1417758534,-1
12184,45394,1417758534,-1
12184,60349,1417758534,0
12184,56936,1417758534,-1
12184,60642,1417758534,1
12184,43131,1417758534,0
12184,43306,1417758534,-1
12184,52541,1417758534,0
12184,60193,1417758534,0
12184,56090,1417758534,0
12184,56648,1417758534,1
12184,52308,1417758534,0
12184,39262,1417758534,0
12184,42808,1417758534,1
12184,47350,1417758534,0
12184,47602,1417758534,-1
12184,44030,1417758534,1
12184,41058,1417758534,0
12184,44040,1417758534,0
12184,61157,1417758534,-1
12184,56292,1417758534,0
12184,52320,1417758534,1
12184,55845,1417758534,0
12184,45200,1417758534,0
12184,40759,1417758534,-1
12184,38796,1417758534,0
12184,47017,1417758534,1
12184,56694,1417758534,0
12184,39439,1417758534,0
12184,45740,1417758534,0
12184,60257,1417758534,1
12184,57937,1417758534,-1
12184,41308,1417758534,-1
12184,56049,1417758534,0
12184,57369,1417758534,0
12184,39472,1417758534,0
12194,43128,1410905648,1
12194,46899,1417640927,0
12194,44607,1417640927,1
12194,43021,1417640927,0
12194,56792,1417640927,0
12194,52101,1417640927,1
12194,45526,1417640927,0
12194,39186,1417640927,1
12194,57749,1417640927,0
12194,56075,1417640927,0
12194,44971,1417640927,1
12194,55843,1417640927,1
12194,45102,1417640927,0
12194,60943,1417640927,-1
12194,52286,1417640927,0
12194,39608,1417640927,1
12194,56991,1417640927,1
12194,56738,1417640927,0
12194,58365,1417640927,1
12194,59749,1417640927,0
12194,58052,1417640927,1
12194,57220,1417640927,1
12194,39257,1417640927,-1
12194,45532,1417640927,-1
12194,56013,1417640927,0
12194,39792,1417640927,1
12194,41751,1417640927,-1
12194,39585,1417640927,1
12194,56221,1417640927,1
12194,60852,1417640927,1
12194,39805,1417640927,0
12194,56599,1417640927,-1
12194,57652,1417640927,0
12194,60957,1417640927,0
12194,44251,1417640927,1
12194,43017,1417640927,0
12194,41366,1417640927,0
12194,43843,1417640927,0
12194,55971,1417640927,-1
12194,39479,1417640927,0
12194,56140,1417640927,-1
12194,40681,1417640927,0
12194,40976,1417640927,1
12194,60366,1417640927,-1
12194,61047,1417640927,-1
12194,46089,1417640927,1
12194,59900,1417640927,1
12194,44438,1417640927,-1
12194,60710,1417640927,-1
12194,56901,1417640927,0
12194,45827,1417640927,1
12194,44814,1410905648,0
12194,55918,1417640927,-1
12194,57404,1417640927,0
12194,58360,1417640927,0
12194,56545,1417640927,0
12194,57391,1417640927,1
12194,44310,1417640927,1
12194,60563,1417640927,0
12194,41636,1417640927,1
12207,56143,1417514553,0
12207,39998,1417514589,0
12207,56018,1417514589,1
12207,56619,1417514589,-1
12207,44277,1417514553,0
12207,38876,1417514589,0
12207,57448,1417514589,1
12207,47871,1417514589,0
12207,43731,1417514589,1
12207,56319,1417514553,0
12207,41387,1417514589,0
12207,41436,1417514589,0
12207,56096,1417514553,0
12207,59557,1417514589,1
12207,55901,1417514589,0
12207,56664,1417514589,0
12207,42749,1417514553,0
12207,61170,1417514553,0
12207,43959,1417514553,0
12207,51633,1417514589,0
12207,43562,1417514553,-1
12207,41441,1417514553,-1
12207,46917,1417514589,0
12207,41800,1417514553,1
12207,55795,1417514553,1
12207,60057,1417514589,-1
12207,41776,1417514589,1
12207,60029,1417514553,0
12207,60743,1417514553,-1
12207,56527,1417514553,0
12207,39977,1417514589,0
12207,58254,1417514589,-1
12207,46984,1417514589,-1
12207,47299,1417514553,1
12207,59561,1417514589,0
12207,44305,1417514553,0
12207,52090,1417514589,-1
12207,43217,1417514589,0
12207,37972,1417514589,1
12207,56123,1417514553,1
12207,51599,1417514589,0
12207,56072,1417514553,1
12207,47898,1417514553,0
12207,61084,1417514553,1
12207,61223,1417514589,1
12207,60303,1417514553,0
12207,43369,1417514553,1
12207,56457,1417514553,-1
12207,47529,1417514589,1
12207,41654,1417514589,0
12207,57399,1417514589,-1
12207,37705,1417514589,1
12207,44220,1417514553,1
12207,58292,1417514589,0
12207,56188,1417514589,0
12207,56346,1417514553,0
12207,56322,1417514589,1
12207,39476,1417514589,-1
12207,47215,1417514553,0
12207,59822,1417514553,0
12239,47881,1416921671,0
12239,60037,1416921831,1
12239,41494,1416921671,-1
12239,45297,1416921831,1
12239,46756,1416921671,0
12239,45759,1416921831,0
12239,52306,1416921671,-1
12239,55786,1416921671,0
12239,47305,1416921671,0
12239,61141,1416921831,1
12239,41534,1416921831,1
12239,56867,1416921671,1
12239,55775,1416921831,-1
12239,39628,1416921831,0
12239,60091,1416921671,1
12239,41866,1416921831,1
12239,44776,1416921671,-1
12239,39216,1416921831,-1
12239,59557,1416921671,0
12239,39045,1416921831,0
12239,60209,1416921671,0
12239,57376,1416921831,0
12239,56937,1416921831,-1
12239,43844,1416921671,0
12239,45666,1416921671,-1
12239,56918,1416921671,0
12239,42680,1416921671,0
12239,41714,1416921671,-1
12239,56245,1416921831,0
12239,60818,1416921671,0
12239,59542,1416921671,1
12239,45944,1416921671,0
12239,43777,1416921831,0
12239,39519,1416921831,1
12239,56407,1416921671,0
12239,42623,1416921831,1
12239,46823,1416921671,0
12239,45206,1416921671,-1
12239,56438,1416921671,-1
12239,59811,1416921831,1
12239,59994,1416921831,0
12239,59948,1416921831,0
12239,37799,1416921831,0
12239,59732,1416921671,0
12239,41658,1416921831,1
12239,39294,1416921831,0
12239,60315,1416921831,-1
12239,61184,1416921671,0
12239,60375,1416921831,0
12239,44607,1416921671,-1
12239,56743,1416921831,-1
12239,56026,1416921671,1
12239,59605,1416921831,-1
12239,43140,1416921831,0
12239,44323,1416921831,1
12239,40047,1416921671,1
12239,37862,1416921831,1
12239,40041,1416921831,0
12239,52009,1416921671,-1
12239,45991,1416921671,1
12241,40190,1416921533,0
12241,46058,1416921488,-1
12241,61131,1416921488,-1
12241,60905,1416921488,0
12241,43308,1416921488,0
12241,60992,1416921488,0
12241,43793,1416921488,-1
12241,60366,1416921533,1
12241,45820,1416921533,0
12241,46923,1416921533,-1
12241,55909,1416921488,-1
12241,40281,1416921488,1
12241,46917,1416921488,0
12241,40685,1416921533,0
12241,52107,1416921488,-1
12241,55894,1416921488,0
12241,56165,1416921533,1
12241,39549,1416921533,0
12241,39270,1416921533,0
12241,56914,1416921488,0
12241,47749,1416921533,1
12241,45812,1416921488,0
12241,43561,1416921533,0
12241,47609,1416921488,1
12241,45246,1416921488,-1
12241,45527,1416921488,1
12241,41133,1416921488,0
12241,47294,1416921488,0
12241,56634,1416921488,0
12241,41158,1416921488,-1
12241,39364,1416921533,0
12241,55915,1416921533,1
12241,56633,1416921488,-1
12241,52041,1416921533,-1
12241,42943,1416921533,-1
12241,39536,1416921488,0
12241,43546,1416921488,1
12241,61037,1416921533,1
12241,45341,1416921533,0
12241,46037,1416921488,-1
12241,55956,1416921533,1
12241,38898,1416921488,0
12241,41494,1416921488,-1
12241,60139,1416921533,-1
12241,42624,1416921533,0
12241,40105,1416921533,0
12241,59693,1416921488,0
12241,43124,1416921488,1
12241,45610,1416921533,1
12241,56792,1416921533,0
12241,42665,1416921533,1
12241,52111,1416921533,0
12241,44530,1416921488,0
12241,39283,1416921533,0
12241,39407,1416921533,-1
12241,44636,1416921488,0
12241,60050,1416921533,0
12241,52337,1416921488,1
12241,60319,1416921533,-1
12241,39206,1416921533,-1
12243,39544,1416921187,1
12243,52347,1416921187,0
12243,52072,1416921187,1
12243,44774,1416921128,-1
12243,55962,1416921187,0
12243,59926,1416921128,0
12243,43128,1416921128,-1
12243,41154,1416921187,1
12243,56817,1416921128,0
12243,41852,1416921187,0
12243,56532,1416921128,-1
12243,45263,1416921187,0
12243,59899,1416921128,1
12243,47678,1416921187,1
12243,59807,1416921128,1
12243,40024,1416921128,0
12243,56095,1416921128,-1
12243,60557,1416921128,1
12243,56071,1416921187,-1
12243,42973,1416921128,1
12243,56634,1416921128,-1
12243,46137,1416921187,0
12243,60743,1416921128,-1
12243,60883,1416921128,1
12243,41739,1416921128,0
12243,39949,1416921187,0
12243,44199,1416921128,0
12243,59744,1416921128,0
12243,39202,1416921128,-1
12243,60174,1416921187,0
12243,44253,1416921128,0
12243,45818,1416921187,0
12243,56077,1416921128,1
12243,51574,1416921128,1
12243,52338,1416921128,1
12243,60085,1416921187,-1
12243,47904,1416921187,0
12243,43002,1416921128,0
12243,41538,1416921187,1
12243,60931,1416921187,0
12243,47640,1416921187,-1
12243,41238,1416921128,0
12243,41627,1416921187,1
12243,47182,1416921128,1
12243,45370,1416921187,0
12243,41774,1416921128,1
12243,41016,1416921128,0
12243,56521,1416921187,-1
12243,56633,1416921187,0
12243,56014,1416921187,0
12243,38867,1416921187,1
12243,56538,1416921187,1
12243,56031,1416921128,0
12243,57239,1416921187,0
12243,60852,1416921187,0
12243,45168,1416921187,0
12243,57428,1416921187,-1
12243,39671,1416921187,1
12243,41314,1416921187,0
12243,40189,1416921187,1
12245,56465,1416920929,-1
12245,40023,1416920929,0
12245,39198,1416920929,0
12245,46063,1416920929,-1
12245,40030,1416920983,1
12245,56094,1416920929,0
12245,57014,1416920929,0
12245,60139,1416920929,-1
12245,40980,1416920929,1
12245,61245,1416920983,-1
12245,60313,1416920929,-1
12245,46096,1416920929,0
12245,56437,1416920929,0
12245,39296,1416920983,0
12245,46230,1416920929,0
12245,39973,1416920983,1
12245,55798,1416920929,1
12245,60139,1416920983,-1
12245,60660,1416920983,0
12245,43975,1416920929,0
12245,60721,1416920929,1
12245,39584,1416920983,1
12245,39270,1416920929,-1
12245,47904,1416920929,-1
12245,45095,1416920983,1
12245,56423,1416920983,1
12245,44248,1416920929,0
12245,58176,1416920929,-1
12245,46291,1416920929,0
12245,56800,1416920929,1
12245,55992,1416920983,1
12245,60895,1416920929,0
12245,56688,1416920983,-1
12245,61035,1416920929,0
12245,42872,1416920929,-1
12245,39649,1416920929,1
12245,39323,1416920983,0
12245,52073,1416920929,1
12245,58305,1416920983,-1
12245,56890,1416920983,0
12245,44626,1416920929,-1
12245,60874,1416920983,0
12245,46732,1416920983,1
12245,56444,1416920983,0
12245,56224,1416920929,1
12245,39344,1416920929,-1
12245,56657,1416920929,0
12245,44219,1416920983,0
12245,56386,1416920929,-1
12245,57004,1416920929,0
12245,45242,1416920983,1
12245,47196,1416920983,0
12245,52544,1416920929,1
12245,60746,1416920983,0
12245,56237,1416920929,0
12245,41555,1416920929,0
12245,56617,1416920983,0
12245,44749,1416920983,1
12245,60721,1416920983,-1
12245,45937,1416920929,-1
12247,39385,1416920553,-1
12247,56969,1416920713,0
12247,59865,1416920553,1
12247,58382,1416920713,0
12247,55843,1416920713,1
12247,41302,1416920553,0
12247,45225,1416920553,0
12247,56106,1416920553,0
12247,43540,1416920553,-1
12247,56126,1416920713,0
12247,38126,1416920713,0
12247,57112,1416920553,1
12247,47525,1416920713,0
12247,56572,1416920713,0
12247,39774,1416920713,0
12247,44057,1416920553,0
12247,45403,1416920713,0
12247,59900,1416920553,-1
12247,39478,1416920553,-1
12247,45295,1416920553,0
12247,57225,1416920553,0
12247,56358,1416920713,1
12247,46294,1416920553,0
12247,56110,1416920713,1
12247,57104,1416920553,-1
12247,45917,1416920713,-1
12247,40105,1416920553,0
12247,41672,1416920713,0
12247,52342,1416920713,0
12247,45686,1416920553,1
12247,52075,1416920553,-1
12247,40213,1416920713,0
12247,45517,1416920713,1
12247,46919,1416920553,1
12247,55978,1416920553,0
12247,56766,1416920553,0
12247,51618,1416920553,0
12247,45279,1416920553,1
12247,55950,1416920713,0
12247,39330,1416920713,0
12247,43804,1416920553,1
12247,60207,1416920713,1
12247,58123,1416920553,0
12247,44201,1416920713,1
12247,56242,1416920553,1
12247,39815,1416920553,0
12247,42957,1416920553,0
12247,41711,1416920553,-1
12247,51644,1416920713,1
12247,39543,1416920553,-1
12247,56922,1416920713,0
12247,41444,1416920553,-1
12247,41252,1416920553,-1
12247,57595,1416920553,0
12247,45223,1416920553,1
12247,39831,1416920553,-1
12247,43796,1416920553,0
12247,44439,1416920713,0
12247,39199,1416920713,1
12247,58365,1416920713,-1
12251,52125,1416898351,-1
12251,56312,1416898351,-1
12251,61183,1416898351,-1
12251,38701,1416898351,0
12251,47526,1416911154,-1
12251,46106,1416911154,-1
12251,40061,1416911154,-1
12251,43004,1416911154,0
12258,60732,1416623055,0
12258,55840,1416623055,0
12258,39351,1416623055,0
12258,46918,1416623055,0
12258,46191,1416623055,0
12258,46748,1416623055,1
12258,56327,1416623055,0
12258,56452,1416623055,0
12258,45289,1416623055,-1
12258,39325,1416623055,0
12258,45032,1416623055,0
12258,56353,1416623055,0
12258,56430,1416623055,0
12258,45095,1416623055,1
12258,56141,1416623055,1
12258,43966,1416623055,0
12258,47214,1416623055,0
12258,41698,1416623055,0
12258,55897,1416623055,1
12258,45209,1416623055,-1
12258,38689,1416623055,1
12258,60836,1416623055,1
12258,60562,1416623055,0
12258,39372,1416623055,1
12258,44054,1416623055,1
12258,47180,1416623055,-1
12258,46026,1416623055,1
12258,59802,1416623055,1
12258,58105,1416623055,1
12258,56192,1416623055,0
12258,41419,1416623055,0
12258,40241,1416623055,1
12258,37806,1416623055,0
12258,57210,1416623055,1
12258,56373,1416623055,1
12258,58031,1416623055,-1
12258,43302,1416623055,0
12258,57388,1416623055,0
12258,60369,1416623055,1
12258,45717,1416623055,1
12258,59918,1416623055,-1
12258,39516,1416623055,0
12258,58016,1416623055,-1
12258,39219,1416623055,0
12258,43344,1416623055,1
12258,58336,1416623055,0
12258,56809,1416623055,1
12258,37908,1416623055,-1
12258,60274,1416623055,0
12258,46050,1416623055,0
12258,44595,1416623055,-1
12258,57969,1416623055,0
12258,47662,1416623055,1
12258,61037,1416623055,0
12258,39184,1416623055,-1
12258,39337,1416623055,1
12258,47683,1416623055,0
12258,61210,1416623055,-1
12258,56027,1416623055,1
12258,47649,1416623055,-1
12259,60549,1416611927,0
12259,46009,1416611927,1
12259,61238,1416611927,0
12259,61209,1416611927,0
12259,41133,1416611927,1
12259,58366,1416611927,0
12259,60120,1416611927,-1
12259,56053,1416611927,0
12259,44492,1416611927,0
12259,56574,1416611927,1
12259,56468,1416611927,-1
12259,57448,1416611927,1
12259,56384,1416611927,-1
12259,43511,1416611927,0
12259,44282,1416611927,1
12259,40145,1416611927,-1
12259,46201,1416611927,-1
12259,52363,1416611927,-1
12259,56672,1416611927,0
12259,57115,1416611927,0
12259,41647,1416611927,1
12259,55857,1416611927,-1
12259,40170,1416611927,-1
12259,45532,1416611927,1
12259,52269,1416609396,1
12259,47663,1416611927,0
12259,52336,1416611927,1
12259,41282,1416611927,0
12259,56341,1416611927,0
12259,56098,1416611927,-1
12259,39928,1416611927,0
12259,41494,1416611927,-1
12259,52011,1416611927,0
12259,40162,1416611927,1
12259,60577,1416611927,0
12259,52308,1416611927,0
12259,56540,1416611927,0
12259,58031,1416611927,0
12259,47670,1416611927,1
12259,39944,1416611927,0
12259,46238,1416611927,0
12259,39277,1416611927,-1
12259,39654,1416611927,-1
12259,57656,1416611927,1
12259,45761,1416611927,1
12259,57241,1416611927,0
12259,41384,1416611927,-1
12259,39946,1416611927,1
12259,56869,1416611927,-1
12259,52254,1416611927,1
12259,60111,1416611927,1
12259,45582,1416611927,1
12259,56579,1416611927,0
12259,39725,1416611927,1
12259,44061,1416611927,0
12259,45011,1416611927,-1
12259,47866,1416611927,1
12259,56633,1416611927,0
12259,60943,1416611927,-1
12259,45474,1416611927,0
12263,46023,1416473163,1
12263,56126,1416473163,1
12263,59978,1416473163,-1
12263,60559,1416473163,0
12263,60706,1416473163,0
12263,39455,1416473163,1
12263,45166,1416473163,-1
12263,45706,1416473163,0
12263,60536,1416473163,1
12263,45735,1416473163,0
12263,45636,1416473163,0
12263,56718,1416473163,1
12263,56522,1416473163,0
12263,56411,1416473163,-1
12263,44557,1416473163,0
12263,43156,1416473163,1
12263,44562,1416473163,1
12263,56744,1416473163,1
12263,43777,1416473163,0
12263,41409,1416473163,1
12263,39478,1416473163,1
12263,59821,1416473163,1
12263,60642,1416473163,-1
12263,39427,1416473163,-1
12263,61022,1416473163,-1
12263,57743,1416473163,-1
12263,41643,1416473163,-1
12263,61041,1416473163,1
12263,47547,1416473163,0
12263,40994,1416473163,1
12263,56827,1416473163,1
12263,41327,1416473163,0
12263,55915,1416473163,-1
12263,60713,1416473163,1
12263,56922,1416473163,-1
12263,59923,1416473163,-1
12263,56857,1416473163,-1
12263,46843,1416473163,0
12263,51601,1416473163,0
12263,47444,1416473163,0
12263,57421,1416473163,0
12263,45944,1416473163,1
12263,45209,1416473163,0
12263,40308,1416473163,-1
12263,39794,1416473163,0
12263,61084,1416473163,0
12263,39840,1416473163,1
12263,56319,1416473163,0
12263,60213,1416473163,0
12263,58169,1416473163,1
12263,56160,1416473163,0
12263,42652,1416473163,0
12263,57883,1416473163,0
12263,61238,1416473163,1
12263,47461,1416473163,-1
12263,57403,1416473163,0
12263,59580,1416473163,1
12263,61116,1416473163,1
12263,51621,1416473163,0
12263,44891,1416473163,0
12277,56389,1416441527,-1
12277,57646,1416441527,-1
12277,56808,1416441527,0
12277,59537,1416441527,0
12277,45652,1416441527,0
12277,43046,1416441527,-1
12277,56832,1416441527,1
12277,45892,1416441527,1
12277,59770,1416441527,-1
12277,59948,1416441527,-1
12277,61245,1416441527,1
12277,37829,1416441527,0
12277,41441,1416441527,0
12277,52149,1416441527,0
12277,55801,1416441527,1
12277,41044,1416441527,-1
12277,52373,1416441527,0
12277,45254,1416441527,0
12277,43021,1416441527,-1
12277,56132,1416441527,-1
12277,52101,1416441527,-1
12277,39417,1416441527,0
12277,47297,1416441527,1
12277,61121,1416441527,0
12277,44492,1416441527,1
12277,43053,1416441527,-1
12277,52539,1416441527,1
12277,40172,1416441527,1
12277,41159,1416441527,0
12277,46964,1416441527,-1
12277,52539,1416441527,0
12277,56445,1416441527,0
12277,46949,1416441527,1
12277,41389,1416441527,0
12277,60999,1416441527,1
12277,59600,1416441527,-1
12277,57646,1416441527,-1
12277,60349,1416441527,1
12277,38898,1416441527,0
12277,39443,1416441527,0
12277,39571,1416441527,0
12277,38892,1416441527,0
12277,56646,1416441527,-1
12277,56024,1416441527,1
12277,38867,1416441527,0
12277,45358,1416441527,1
12277,46119,1416441527,1
12277,46089,1416441527,1
12277,45099,1416441527,-1
12277,56999,1416441527,1
12277,56758,1416441527,1
12277,56272,1416441527,1
12277,43765,1416441527,0
12277,39597,1416441527,0
12277,43478,1416441527,1
12277,44048,1416441527,-1
12277,39498,1416441527,1
12277,41892,1416441527,0
12277,60895,1416441527,1
12277,44511,1416441527,-1
12281,39279,1416438770,1
12281,41695,1416438770,1
12281,51599,1416438770,-1
12281,43540,1416438770,0
12281,39433,1416438770,0
12281,60048,1416438770,1
12281,46570,1416438770,1
12281,41731,1416438770,-1
12281,61166,1416438770,1
12281,39686,1416438770,0
12281,57396,1416438770,1
12281,56380,1416438770,0
12281,56738,1416438770,0
12281,56574,1416438770,-1
12281,41375,1416438770,1
12281,52548,1416438770,0
12281,60931,1416438770,1
12281,60712,1416438770,1
12281,56688,1416438770,1
12281,39219,1416438770,-1
12281,60719,1416438770,-1
12281,60094,1416438770,0
12281,39328,1416438770,0
12281,40296,1416438770,0
12281,41364,1416438770,1
12281,59593,1416438770,0
12281,44060,1416438770,-1
12281,56255,1416438770,0
12281,47539,1416438770,0
12281,39743,1416438770,0
12281,38655,1416438770,1
12281,61116,1416438770,-1
12281,47858,1416438770,1
12281,45826,1416438770,-1
12281,61007,1416438770,1
12281,43963,1416438770,0
12281,43523,1416438770,0
12281,44008,1416438770,0
12281,52283,1416438770,1
12281,59839,1416438770,-1
12281,43059,1416438770,1
12281,59600,1416438770,-1
12281,45930,1416438770,1
12281,56518,1416438770,1
12281,58407,1416438770,-1
12281,41799,1416438770,0
12281,39344,1416438770,1
12281,56810,1416438770,0
12281,51574,1416438770,0
12281,46235,1416438770,0
12281,57652,1416438770,0
12281,56333,1416438770,1
12281,57223,1416438770,0
12281,39206,1416438770,0
12281,47201,1416438770,0
12281,56123,1416438770,-1
12281,45816,1416438770,1
12281,60158,1416438770,1
12281,46999,1416438770,1
12281,44638,1416438770,0
12291,56812,1416348469,0
12291,45364,1416348469,1
12291,60254,1416348469,1
12291,39219,1416348469,0
12291,44315,1416348469,0
12291,45376,1416348469,1
12291,43865,1416348469,1
12291,39624,1416348469,0
12291,44179,1416348469,-1
12291,39604,1416348469,1
12291,57607,1416348469,-1
12291,56796,1416348469,0
12291,56790,1416348469,0
12291,55799,1416348469,-1
12291,44752,1416348469,0
12291,41750,1416348469,-1
12291,52067,1416348469,0
12291,61177,1416348469,1
12291,58291,1416348469,-1
12291,46040,1416348469,1
12291,56502,1416348469,-1
12291,60533,1416348469,0
12291,55881,1416348469,0
12291,37755,1416348469,-1
12291,46011,1416348469,1
12291,39146,1416348469,0
12291,55814,1416348469,1
12291,51627,1416348469,0
12291,39477,1416348469,-1
12291,58360,1416348469,-1
12291,41804,1416348469,-1
12291,39515,1416348469,1
12291,56573,1416348469,-1
12291,39949,1416348469,0
12291,59710,1416348469,-1
12291,60931,1416348469,-1
12291,41157,1416348469,0
12291,56329,1416348469,-1
12291,60091,1416348469,0
12291,43781,1416348469,0
12291,39413,1416348469,1
12291,52304,1416348469,0
12291,46290,1416348469,1
12291,46902,1416348469,0
12291,45212,1416348469,0
12291,37972,1416348469,-1
12291,39338,1416348469,0
12291,41463,1416348469,-1
12291,56875,1416348469,-1
12291,60874,1416348469,0
12291,60838,1416348469,0
12291,41557,1416348469,-1
12291,58335,1416348469,0
12291,56294,1416348469,1
12291,39410,1416348469,0
12291,51645,1416348469,1
12291,37983,1416348469,0
12291,46763,1416348469,0
12291,60653,1416348469,1
12291,39656,1416348469,-1
12293,61116,1416347521,1
12293,60862,1416347413,0
12293,39413,1416347413,0
12293,46215,1416347413,0
12293,47658,1416347521,0
12293,39921,1416347521,1
12293,44015,1416347521,-1
12293,40034,1416347413,-1
12293,60552,1416347521,0
12293,40102,1416347521,0
12293,56393,1416347413,-1
12293,39652,1416347413,-1
12293,60736,1416347521,0
12293,40306,1416347413,0
12293,41699,1416347413,0
12293,56366,1416347413,1
12293,55913,1416347521,-1
12293,47215,1416347413,1
12293,46962,1416347521,1
12293,40102,1416347521,0
12293,52538,1416347521,0
12293,55815,1416347413,1
12293,43059,1416347521,1
12293,47917,1416347521,0
12293,52560,1416347413,1
12293,56470,1416347413,1
12293,52038,1416347521,0
12293,56336,1416347413,0
12293,47650,1416347521,0
12293,57646,1416347521,-1
12293,52320,1416347521,0
12293,57008,1416347521,-1
12293,60088,1416347521,-1
12293,41301,1416347413,-1
12293,42624,1416347413,-1
12293,59991,1416347413,0
12293,39350,1416347521,-1
12293,43154,1416347521,0
12293,60583,1416347413,0
12293,39773,1416347521,-1
12293,56976,1416347521,1
12293,58037,1416347413,0
12293,59912,1416347521,0
12293,57387,1416347413,0
12293,60153,1416347413,0
12293,46843,1416347413,1
12293,39341,1416347413,0
12293,46099,1416347413,1
12293,56482,1416347413,1
12293,56355,1416347413,0
12293,43299,1416347521,0
12293,38014,1416347521,1
12293,39951,1416347413,-1
12293,52081,1416347521,1
12293,41748,1416347521,0
12293,39567,1416347413,1
12293,55750,1416347521,-1
12293,45836,1416347521,1
12293,56827,1416347521,1
12293,42665,1416347521,-1
12298,60841,1416298148,0
12298,38669,1416300930,0
12309,39954,1416258403,1
12309,37749,1416258403,0
12309,57996,1416258308,-1
12309,45101,1416258403,-1
12309,59740,1416258403,1
12309,59767,1416258403,0
12309,39575,1416258403,0
12309,39806,1416258308,0
12309,51602,1416258308,0
12309,42984,1416258403,-1
12309,41540,1416258403,1
12309,46033,1416258403,1
12309,55974,1416258403,-1
12309,56398,1416258308,-1
12309,56164,1416258403,0
12309,61021,1416258403,1
12309,38869,1416258403,0
12309,41747,1416258308,1
12309,57226,1416258308,0
12309,45346,1416258308,-1
12309,38890,1416258403,0
12309,45596,1416258403,-1
12309,47461,1416258308,0
12309,56483,1416258403,1
12309,60840,1416258308,0
12309,44240,1416258403,0
12309,56116,1416258403,0
12309,56122,1416258403,0
12309,43978,1416258308,0
12309,60974,1416258308,0
12309,47665,1416258308,1
12309,44016,1416258403,0
12309,55923,1416258308,0
12309,52312,1416258308,0
12309,56707,1416258403,0
12309,55757,1416258403,1
12309,46995,1416258308,0
12309,61052,1416258403,-1
12309,57936,1416258403,-1
12309,60203,1416258403,1
12309,56161,1416258403,-1
12309,59563,1416258403,0
12309,39824,1416258308,0
12309,42935,1416258403,1
12309,41730,1416258308,-1
12309,60926,1416258403,0
12309,46915,1416258403,1
12309,57389,1416258308,0
12309,55795,1416258308,0
12309,41854,1416258403,1
12309,42967,1416258403,1
12309,58298,1416258403,1
12309,39355,1416258403,0
12309,56212,1416258308,0
12309,57621,1416258308,1
12309,46078,1416258403,0
12309,56496,1416258308,-1
12309,39528,1416258403,1
12309,58076,1416258403,1
12309,46128,1416258403,-1
12322,61195,1415994183,0
12322,41626,1414715097,0
12322,52315,1415994293,0
12322,39246,1415994183,0
12322,41387,1415994293,-1
12322,46053,1415994183,-1
12322,56879,1415994293,1
12322,51838,1414715097,-1
12322,56419,1415994293,-1
12322,52247,1415994183,-1
12322,60643,1414715097,-1
12322,43425,1415994183,1
12322,41072,1415994183,-1
12322,61145,1414715097,1
12322,39538,1414715097,0
12322,39998,1415994293,-1
12322,59689,1414715097,0
12322,56843,1414715097,0
12322,42947,1415994293,0
12322,39197,1415994183,0
12322,40165,1415994293,0
12322,56677,1415994293,0
12322,46060,1415994183,0
12322,42664,1415994183,1
12322,45772,1414715097,0
12322,57447,1415994183,-1
12322,38835,1415994183,0
12322,55781,1415994293,0
12322,47327,1415994183,1
12322,39760,1415994293,0
12322,47529,1415994183,0
12322,57313,1415994183,1
12322,56270,1415994293,-1
12322,46264,1414715097,0
12322,46188,1415994183,-1
12322,45349,1414715097,-1
12322,39574,1415994293,0
12322,44579,1415994183,-1
12322,56645,1414715097,1
12322,56724,1414715097,0
12322,45009,1414715097,0
12322,45937,1415994183,1
12322,39467,1415994183,0
12322,56738,1415994293,0
12322,39825,1415994293,0
12322,37828,1414715097,-1
12322,56850,1414715097,0
12322,42785,1414715097,-1
12322,56485,1414715097,1
12322,43793,1415994293,-1
12322,41828,1415994183,1
12322,41443,1415994293,0
12322,42869,1415994183,0
12322,56264,1415994183,0
12322,44041,1414715097,0
12322,60851,1415994183,0
12322,57433,1415994183,0
12322,56402,1415994183,1
12322,60717,1415994293,1
12322,58030,1415994183,0
12324,55869,1415964511,1
12324,45738,1415964511,0
12324,57019,1415964511,0
12324,56297,1415964511,0
12324,41427,1415964419,-1
12324,47206,1415964419,1
12324,40204,1415964419,1
12324,43537,1415964419,-1
12324,39595,1415964419,-1
12324,39195,1415964419,-1
12324,57638,1415964419,-1
12324,41449,1415964511,0
12324,56305,1415964511,-1
12324,39437,1415964419,0
12324,52558,1415964511,0
12324,55812,1415964419,0
12324,41469,1415964419,0
12324,39468,1415964511,0
12324,57650,1415964419,-1
12324,45073,1415964511,0
12324,41709,1415964511,0
12324,46946,1415964419,0
12324,55982,1415964419,-1
12324,55872,1415964419,0
12324,41810,1415964511,1
12324,39365,1415964419,0
12324,38835,1415964419,0
12324,39913,1415964419,0
12324,52301,1415964419,-1
12324,41260,1415964511,1
12324,56525,1415964511,0
12324,60248,1415964511,-1
12324,56854,1415964419,0
12324,57605,1415964419,-1
12324,43803,1415964419,0
12324,39752,1415964511,0
12324,60219,1415964511,0
12324,39465,1415964511,-1
12324,45964,1415964419,-1
12324,39743,1415964419,0
12324,61080,1415964511,0
12324,46066,1415964511,0
12324,42791,1415964419,-1
12324,56443,1415964419,0
12324,46900,1415964511,1
12324,46251,1415964511,1
12324,43523,1415964419,0
12324,43802,1415964511,1
12324,46296,1415964511,1
12324,37818,1415964511,1
12324,56938,1415964419,0
12324,59620,1415964511,0
12324,55783,1415964511,0
12324,56614,1415964419,0
12324,45628,1415964419,-1
12324,60457,1415964511,0
12324,56653,1415964511,1
12324,57439,1415964419,-1
12324,56458,1415964419,1
12324,55974,1415964419,1
12326,46989,1415963991,-1
12326,56363,1415963991,0
12326,61254,1415963991,0
12326,42606,1415963991,1
12326,40978,1415963991,0
12326,47496,1415963991,0
12326,57757,1415963991,-1
12326,56139,1415963991,0
12326,56703,1415963991,-1
12326,41598,1415963991,0
12326,46919,1415963991,1
12326,56588,1415963991,0
12326,52283,1415963991,1
12326,61086,1415963991,-1
12326,58306,1415963991,0
12326,41242,1415963991,0
12326,47016,1415963991,1
12326,41443,1415963991,0
12326,60250,1415963991,0
12326,46190,1415963991,-1
12326,59962,1415963991,-1
12326,57569,1415963991,0
12326,60301,1415963991,0
12326,44593,1415963991,1
12326,46953,1415963991,0
12326,61248,1415963991,0
12326,47728,1415963991,1
12326,57632,1415963991,0
12326,56473,1415963991,0
12326,41483,1415963991,1
12326,39766,1415963991,0
12326,56414,1415963991,1
12326,55889,1415963991,-1
12326,42745,1415963991,-1
12326,43853,1415963991,-1
12326,56462,1415963991,1
12326,40179,1415963991,-1
12326,60268,1415963991,0
12326,60957,1415963991,-1
12326,47896,1415963991,1
12326,56750,1415963991,1
12326,41390,1415963991,0
12326,46933,1415963991,0
12326,57004,1415963991,-1
12326,45251,1415963991,0
12326,44230,1415963991,-1
12326,40080,1415963991,-1
12326,39413,1415963991,1
12326,52012,1415963991,1
12326,59837,1415963991,1
12326,58255,1415963991,0
12326,44238,1415963991,1
12326,59580,1415963991,0
12326,60164,1415963991,0
12326,40838,1415963991,0
12326,56485,1415963991,-1
12326,56992,1415963991,0
12326,44001,1415963991,-1
12326,46081,1415963991,-1
12326,56339,1415963991,0
12327,43832,1415963395,-1
12327,47215,1415963395,-1
12327,56024,1415963395,0
