5195,80,1383063455,-1,NULL,NULL
5195,79,1383063455,-1,NULL,NULL
5195,85,1383063455,0,NULL,NULL
5195,86,1383063455,1,NULL,NULL
5197,30106,1382962655,1,NULL,NULL
5197,15330,1382989205,-1,NULL,NULL
5198,29585,1382970496,1,NULL,NULL
5199,415,1382962715,0,NULL,NULL
5199,4453,1382962715,0,NULL,NULL
5200,21887,1382960772,1,NULL,NULL
5200,4813,1382960772,1,NULL,NULL
5200,1573,1382960772,1,NULL,NULL
5200,4812,1382960772,0,NULL,NULL
5200,9189,1382960772,1,NULL,NULL
5201,24621,1382950240,-1,NULL,NULL
5202,98,1382796372,0,NULL,NULL
5202,99,1382796372,1,NULL,NULL
5204,29532,1382708843,0,0.0,0.0
5206,31690,1382698041,0,NULL,NULL
5206,4790,1382698041,-1,NULL,NULL
5206,4789,1382698041,-1,NULL,NULL
5206,2149,1382698041,1,NULL,NULL
5207,12107,1382535707,1,NULL,NULL
5207,17841,1382675987,0,0.0,0.0
5208,31684,1382618021,1,NULL,NULL
5209,35100,1382560934,0,NULL,NULL
5209,34927,1382560934,0,0.0,0.0
5209,35102,1382560934,0,NULL,NULL
5209,34599,1382560934,0,NULL,NULL
5210,26191,1382537750,1,NULL,NULL
5212,30389,1382363514,1,NULL,NULL
5212,30715,1382459490,0,NULL,NULL
5212,30389,1382459490,-1,NULL,NULL
5213,741,1382435721,0,NULL,NULL
5214,4805,1382373959,0,NULL,NULL
5214,21860,1382373959,1,NULL,NULL
5215,17402,1382359231,-1,NULL,NULL
5215,17429,1382359231,0,NULL,NULL
5215,17460,1382359231,0,NULL,NULL
5215,17406,1382359231,0,NULL,NULL
5216,16300,1382354422,0,NULL,NULL
5216,4750,1382354422,0,NULL,NULL
5216,32646,1382354422,1,NULL,NULL
5216,32645,1382354422,0,NULL,NULL
5216,32647,1382354422,0,NULL,NULL
5216,32646,1382354840,1,NULL,NULL
5216,32645,1382356307,0,NULL,NULL
5217,8289,1382349902,1,NULL,NULL
5217,20197,1382349902,1,NULL,NULL
5217,15781,1382349902,0,NULL,NULL
5218,10365,1382342443,1,NULL,NULL
5218,10365,1382342531,0,NULL,NULL
5219,4366,1382329789,0,NULL,NULL
5220,20270,1382257552,1,NULL,NULL
5220,20271,1382257552,0,NULL,NULL
5220,20273,1382257552,-1,NULL,NULL
5220,18219,1382257552,0,NULL,NULL
5221,16300,1382195088,0,NULL,NULL
5221,4750,1382195088,-1,NULL,NULL
5221,19049,1382195088,1,NULL,NULL
5222,4750,1382141421,-1,NULL,NULL
5222,4748,1382141421,0,NULL,NULL
5222,16300,1382141421,0,NULL,NULL
5222,12147,1382141421,1,NULL,NULL
5222,10246,1382141421,0,0.0,0.0
5222,8864,1382141421,0,NULL,NULL
5222,8865,1382141421,0,NULL,NULL
5222,8863,1382141421,-1,NULL,NULL
5223,10212,1382131552,0,NULL,NULL
5223,4706,1382131552,1,NULL,NULL
5223,8646,1382131552,0,NULL,NULL
5223,8645,1382131552,-1,NULL,NULL
5224,4706,1381989054,1,NULL,NULL
5224,8647,1381989054,1,NULL,NULL
5224,8647,1382028065,1,NULL,NULL
5224,4706,1382028065,1,NULL,NULL
5225,25996,1382016800,0,NULL,NULL
5225,25972,1382016800,0,NULL,NULL
5225,26214,1382016800,0,NULL,NULL
5225,25925,1382016800,0,NULL,NULL
5226,30049,1382006343,1,NULL,NULL
5227,8102,1382001237,-1,NULL,NULL
5227,19816,1382001237,1,NULL,NULL
5228,4844,1380016411,0,NULL,NULL
5228,537,1380016411,0,NULL,NULL
5228,538,1380016411,0,NULL,NULL
5228,9389,1380016411,0,NULL,NULL
5228,9385,1380016411,0,NULL,NULL
5228,9382,1380016411,0,NULL,NULL
5228,22420,1380016411,0,NULL,NULL
5228,22421,1380016411,0,NULL,NULL
5228,9379,1380016411,0,NULL,NULL
5228,9381,1380016411,0,NULL,NULL
5228,22432,1380016411,0,NULL,NULL
5228,22423,1380016411,0,NULL,NULL
5228,9380,1380098046,0,NULL,NULL
5228,9380,1380124527,1,NULL,NULL
5228,22426,1382001236,0,NULL,NULL
5228,9381,1382001236,1,NULL,NULL
5228,4844,1382001236,0,NULL,NULL
5228,537,1382001236,0,NULL,NULL
5228,538,1382001236,0,NULL,NULL
5228,9380,1382001236,0,NULL,NULL
5228,4843,1382001236,0,NULL,NULL
5229,30577,1381757089,1,NULL,NULL
5229,28776,1381757089,0,NULL,NULL
5230,20197,1381739733,1,NULL,NULL
5230,15781,1381739733,0,NULL,NULL
5232,14466,1381655581,0,NULL,NULL
5232,32011,1381655581,0,NULL,NULL
5233,9674,1381574852,0,NULL,NULL
5233,7263,1381574852,0,NULL,NULL
5233,6033,1381574852,0,NULL,NULL
5233,4521,1381574852,0,NULL,NULL
5234,35522,1381573733,0,0.0,0.0
5235,4803,1381573042,0,NULL,NULL
5237,4748,1381567550,1,NULL,NULL
5237,21423,1381567550,0,NULL,NULL
5239,15781,1381497745,0,NULL,NULL
5239,20197,1381497745,0,NULL,NULL
5239,8289,1381497745,0,NULL,NULL
5239,26093,1381497745,0,NULL,NULL
5240,30344,1381496908,1,NULL,NULL
5240,31003,1381496908,1,NULL,NULL
5240,26199,1381496908,0,NULL,NULL
5240,26246,1381496908,1,NULL,NULL
5241,30722,1381491888,0,NULL,NULL
5242,24621,1381487561,1,NULL,NULL
5242,24619,1381487561,1,NULL,NULL
5242,24785,1381487561,1,NULL,NULL
5243,20847,1381412495,0,NULL,NULL
5243,8619,1381412495,0,NULL,NULL
5244,336,1381397494,0,NULL,NULL
5245,26214,1381393310,1,NULL,NULL
5246,8622,1381264532,1,NULL,NULL
5246,8621,1381264532,-1,NULL,NULL
5246,8616,1381264532,1,NULL,NULL
5246,8618,1381264532,1,NULL,NULL
5246,8610,1381264532,1,NULL,NULL
5246,8619,1381295702,1,NULL,NULL
5246,20847,1381295702,1,NULL,NULL
5246,20847,1381295702,0,NULL,NULL
5246,20846,1381295702,1,NULL,NULL
5246,20849,1381295702,1,NULL,NULL
5246,16004,1381295702,0,NULL,NULL
5246,8615,1381295702,1,NULL,NULL
5246,8619,1381295702,0,NULL,NULL
5246,8620,1381375024,-1,NULL,NULL
5246,8609,1381375024,1,NULL,NULL
5246,8617,1381375024,1,NULL,NULL
5246,18317,1381375024,0,NULL,NULL
5247,8616,1381373054,1,NULL,NULL
5247,8621,1381373054,1,NULL,NULL
5247,8622,1381373054,1,NULL,NULL
5247,8618,1381373054,1,NULL,NULL
5247,8610,1381373054,1,NULL,NULL
5247,427,1381373054,-1,NULL,NULL
5247,426,1381373054,-1,NULL,NULL
5247,425,1381373054,-1,NULL,NULL
5247,428,1381373054,-1,NULL,NULL
5247,429,1381373054,-1,NULL,NULL
5247,12356,1381373054,1,NULL,NULL
5247,20830,1381373054,1,NULL,NULL
5248,32097,1381290457,0,NULL,NULL
5250,4674,1381289624,1,NULL,NULL
5252,31350,1381209276,0,NULL,NULL
5252,9701,1381209276,1,NULL,NULL
5252,9701,1381215261,0,NULL,NULL
5254,31350,1381196413,0,NULL,NULL
5255,35525,1381164410,0,NULL,NULL
5256,17976,1359461482,1,NULL,NULL
5256,35525,1359461482,1,NULL,NULL
5256,35526,1359461482,0,NULL,NULL
5256,35525,1381163296,0,NULL,NULL
5257,17808,1380373064,0,NULL,NULL
5257,8125,1380373064,0,NULL,NULL
5257,8125,1381142659,0,NULL,NULL
5257,16498,1381142659,0,NULL,NULL
5259,25713,1380876998,0,NULL,NULL
5260,26492,1380797616,1,NULL,NULL
5260,25700,1380797616,0,NULL,NULL
5262,201,1380657826,1,NULL,NULL
5262,17703,1380657826,0,NULL,NULL
5262,22381,1380657826,0,NULL,NULL
5262,35947,1380657826,0,NULL,NULL
5262,201,1380737641,-1,NULL,NULL
5264,247,1375893213,-1,NULL,NULL
5264,481,1375893213,1,NULL,NULL
5264,5856,1380690880,1,NULL,NULL
5264,247,1380690880,1,NULL,NULL
5264,481,1380690880,0,NULL,NULL
5266,5856,1380628378,0,NULL,NULL
5266,481,1380628378,0,NULL,NULL
5267,4812,1380620839,1,NULL,NULL
5268,30079,1380620349,0,0.0,0.0
5269,17764,1380616679,-1,NULL,NULL
5271,8483,1380610173,1,NULL,NULL
5271,1852,1380610173,0,NULL,NULL
5271,4673,1380610173,1,NULL,NULL
5271,4674,1380610173,-1,NULL,NULL
5271,12252,1380610173,1,NULL,NULL
5271,20576,1380610173,1,NULL,NULL
5271,20576,1380610328,0,NULL,NULL
5271,12252,1380610328,0,NULL,NULL
5271,4673,1380610328,1,NULL,NULL
5272,12363,1380583852,0,NULL,NULL
5272,21545,1380583852,0,NULL,NULL
5272,17691,1380583852,0,NULL,NULL
5272,21541,1380583852,1,NULL,NULL
5272,17690,1380583852,0,NULL,NULL
5273,425,1380574273,0,NULL,NULL
5273,4702,1380574273,1,NULL,NULL
5273,8618,1380574273,-1,NULL,NULL
5273,8617,1380574273,-1,NULL,NULL
5276,15383,1380533370,0,NULL,NULL
5276,15330,1380533370,-1,NULL,NULL
5278,26214,1380449845,0,NULL,NULL
5279,30684,1380442499,1,NULL,NULL
5279,27282,1380442499,0,NULL,NULL
5280,742,1380366092,0,NULL,NULL
5281,30682,1380041940,1,1.0,1.0
5281,30682,1380365433,0,NULL,NULL
5281,28825,1380365433,1,NULL,NULL
5281,30070,1380365433,0,NULL,NULL
5282,25788,1380356690,0,NULL,NULL
5283,31831,1380061764,0,NULL,NULL
5283,30682,1380061764,-1,1.0,1.0
5283,15340,1380063515,0,NULL,NULL
5283,31877,1380065859,0,NULL,NULL
5283,15402,1380066195,0,NULL,NULL
5284,16183,1380016184,1,NULL,NULL
5284,4743,1380016184,1,NULL,NULL
5284,446,1380016184,0,NULL,NULL
5284,2010,1380016184,1,NULL,NULL
5286,26256,1379917021,1,NULL,NULL
5286,26256,1379927275,0,NULL,NULL
5286,28453,1380009134,0,NULL,NULL
5287,34923,1379659530,0,NULL,NULL
5287,34923,1379768862,0,NULL,NULL
5288,15340,1379699354,1,NULL,NULL
5288,15336,1379699354,0,NULL,NULL
5288,15327,1379699354,1,NULL,NULL
5288,15342,1379699354,0,NULL,NULL
5288,15387,1379699354,0,NULL,NULL
5289,4803,1379693364,0,NULL,NULL
5289,31831,1379693364,1,NULL,NULL
5289,31866,1379693364,0,NULL,NULL
5289,31827,1379693364,0,NULL,NULL
5289,31833,1379693364,0,NULL,NULL
5291,26005,1379517335,1,NULL,NULL
5291,30670,1379517335,0,NULL,NULL
5292,34593,1379513527,0,NULL,NULL
5293,7293,1379509253,0,NULL,NULL
5293,4736,1379509253,1,NULL,NULL
5293,4736,1379510934,1,NULL,NULL
5293,7293,1379510934,0,0.0,0.0
5294,30672,1378804096,0,NULL,NULL
5294,26242,1378804096,1,NULL,NULL
5294,30108,1378804096,0,NULL,NULL
5294,30108,1379502551,0,NULL,NULL
5294,30672,1379502551,0,NULL,NULL
5295,30105,1379501330,1,NULL,NULL
5295,25819,1379501330,1,NULL,NULL
5295,25800,1379501330,0,NULL,NULL
5296,5592,1378910179,1,NULL,NULL
5296,5592,1379495885,1,NULL,NULL
5296,5592,1379496360,0,NULL,NULL
5297,445,1379495956,0,NULL,NULL
5297,21323,1379495956,0,NULL,NULL
5298,1041,1379491484,0,NULL,NULL
5298,4743,1379491484,0,NULL,NULL
5298,17406,1379491484,0,NULL,NULL
5298,30106,1379491484,1,NULL,NULL
5298,30143,1379491484,1,NULL,NULL
5298,30137,1379491484,0,NULL,NULL
5298,35560,1379491484,-1,NULL,NULL
5299,30078,1379476750,1,NULL,NULL
5300,427,1379418909,0,NULL,NULL
5300,428,1379418909,0,NULL,NULL
5300,8618,1379418909,0,NULL,NULL
5300,8620,1379418909,-1,NULL,NULL
5300,8621,1379418909,0,NULL,NULL
5300,8617,1379418909,-1,NULL,NULL
5300,20835,1379418909,0,NULL,NULL
5300,20847,1379418909,0,NULL,NULL
5301,26246,1379411936,0,NULL,NULL
5301,28262,1379411936,1,NULL,NULL
5302,26256,1368790382,-1,NULL,NULL
5302,4654,1379411372,0,NULL,NULL
5302,15804,1379411372,0,NULL,NULL
5302,31632,1379411372,0,NULL,NULL
5302,35517,1379411372,0,NULL,NULL
5302,35658,1379411372,1,NULL,NULL
5303,8270,1379403291,0,NULL,NULL
5303,17907,1379403530,0,NULL,NULL
5305,35580,1379388658,0,NULL,NULL
5305,35583,1379388658,0,NULL,NULL
5307,9701,1379386731,1,NULL,NULL
5308,10365,1379384145,0,NULL,NULL
5308,10449,1379384145,0,NULL,NULL
5309,78,1379362077,0,0.0,0.0
5310,29670,1379343680,1,NULL,NULL
5312,31097,1379300430,0,NULL,NULL
5313,29659,1379253900,-1,NULL,NULL
5313,26760,1379253900,0,NULL,NULL
5313,26844,1379253900,0,NULL,NULL
5313,7601,1379253900,0,NULL,NULL
5315,30219,1379154535,1,NULL,NULL
5316,29644,1379076760,1,NULL,NULL
5316,4687,1379076760,0,NULL,NULL
5316,4690,1379076760,1,NULL,NULL
5316,1548,1379076760,0,NULL,NULL
5316,7546,1379076760,0,NULL,NULL
5316,7504,1379076760,0,NULL,NULL
5317,28406,1379071291,1,NULL,NULL
5317,28405,1379071291,1,NULL,NULL
5317,26264,1379071291,-1,NULL,NULL
5317,26254,1379071291,1,NULL,NULL
5317,28407,1379071291,1,NULL,NULL
5317,28401,1379071291,1,NULL,NULL
5317,28404,1379071291,1,NULL,NULL
5317,25925,1379071291,0,NULL,NULL
5318,25710,1379062104,-1,NULL,NULL
5320,29659,1378970759,1,NULL,NULL
5320,29640,1378970759,0,NULL,NULL
5321,22775,1378907162,0,NULL,NULL
5322,30375,1378893567,0,NULL,NULL
5322,25935,1378893567,0,NULL,NULL
5322,26070,1378893567,0,NULL,NULL
5322,26088,1378893567,0,NULL,NULL
5322,26072,1378893567,0,NULL,NULL
5322,26076,1378893567,0,NULL,NULL
5322,26089,1378893567,0,NULL,NULL
5322,26071,1378893567,0,NULL,NULL
5322,26094,1378893567,0,NULL,NULL
5322,26087,1378893567,0,NULL,NULL
5322,26084,1378893567,0,NULL,NULL
5322,26097,1378893567,0,NULL,NULL
5322,26093,1378893567,0,NULL,NULL
5322,26109,1378893567,0,NULL,NULL
5322,26108,1378893567,0,NULL,NULL
5322,26075,1378893567,0,NULL,NULL
5322,26102,1378893567,0,NULL,NULL
5322,4369,1378893567,1,NULL,NULL
5322,8727,1378893567,1,NULL,NULL
5322,26068,1378893567,0,NULL,NULL
5322,30372,1378893567,0,NULL,NULL
5325,25926,1378826017,1,NULL,NULL
5325,25987,1378826017,0,NULL,NULL
5325,26488,1378826017,0,NULL,NULL
5326,25724,1378826000,-1,NULL,NULL
5326,25703,1378826000,-1,NULL,NULL
5327,30026,1378801539,0,NULL,NULL
5327,30028,1378801539,0,NULL,NULL
5327,30027,1378801539,0,NULL,NULL
5327,30029,1378801539,0,NULL,NULL
5327,30030,1378801539,1,NULL,NULL
5327,30402,1378801539,0,NULL,NULL
5329,23414,1378394965,0,NULL,NULL
5329,230,1378394965,0,NULL,NULL
5330,24398,1377947609,1,NULL,NULL
5331,9819,1378389612,-1,NULL,NULL
5331,234,1378389612,0,NULL,NULL
5331,232,1378389612,1,NULL,NULL
5331,23421,1378389612,-1,NULL,NULL
5332,20271,1378382443,0,NULL,NULL
5333,29644,1378378166,1,NULL,NULL
5333,30142,1378378166,0,NULL,NULL
5333,1548,1378378166,1,0.0,0.0
5333,4690,1378378166,0,NULL,NULL
5333,4688,1378378166,0,NULL,NULL
5333,4687,1378378166,1,NULL,NULL
5333,29644,1378380143,0,NULL,NULL
5333,4356,1378380143,1,NULL,NULL
5334,17805,1378298859,1,NULL,NULL
5334,17805,1378299570,1,NULL,NULL
5335,25788,1378287301,0,NULL,NULL
5336,30682,1378286521,1,0.0,0.0
5336,28825,1378286521,1,NULL,NULL
5338,17411,1378206923,1,NULL,NULL
5338,17402,1378206923,0,NULL,NULL
5338,17406,1378206923,1,NULL,NULL
5339,8125,1378202957,1,NULL,NULL
5340,20271,1378172086,0,NULL,NULL
5341,24398,1378136431,0,NULL,NULL
5342,9701,1378117940,1,NULL,NULL
5344,20572,1378021635,0,NULL,NULL
5344,20576,1378021635,0,NULL,NULL
5344,20574,1378021635,0,NULL,NULL
5344,20578,1378021635,0,NULL,NULL
5344,410,1378021635,0,NULL,NULL
5344,411,1378021635,0,NULL,NULL
5344,4673,1378021635,0,NULL,NULL
5344,18115,1378021635,0,NULL,NULL
5344,8487,1378021635,0,NULL,NULL
5344,8482,1378021635,0,NULL,NULL
5344,12253,1378021635,0,NULL,NULL
5344,8486,1378021635,0,NULL,NULL
5344,8483,1378021635,0,NULL,NULL
5344,8482,1378024112,0,NULL,NULL
5344,4673,1378024112,0,NULL,NULL
5344,410,1378024112,0,NULL,NULL
5344,20574,1378024112,0,NULL,NULL
5344,410,1378085101,0,NULL,NULL
5344,4673,1378085101,0,NULL,NULL
5344,4674,1378085101,0,NULL,NULL
5344,8482,1378085101,-1,NULL,NULL
5344,12253,1378085101,0,NULL,NULL
5344,12252,1378085101,0,NULL,NULL
5344,18115,1378085101,-1,NULL,NULL
5345,25713,1378026518,-1,NULL,NULL
5347,16214,1377944079,0,NULL,NULL
5347,4743,1377944079,-1,NULL,NULL
5347,4743,1377944717,0,NULL,NULL
5348,30056,1377944668,0,NULL,NULL
5349,16222,1377461910,0,NULL,NULL
5349,16125,1377942249,0,0.0,0.0
5349,4743,1377942249,0,NULL,NULL
5349,4742,1377942249,1,NULL,NULL
5349,16221,1377942249,0,NULL,NULL
5350,22028,1370445151,0,NULL,NULL
5350,9261,1370445151,0,NULL,NULL
5350,9287,1377919661,0,NULL,NULL
5350,526,1370445151,0,NULL,NULL
5350,9222,1370674679,-1,NULL,NULL
5350,16392,1370445151,0,NULL,NULL
5350,9237,1370445151,0,NULL,NULL
5350,516,1370445151,0,NULL,NULL
5350,4602,1370674679,1,NULL,NULL
5350,22033,1370445151,0,NULL,NULL
5350,35987,1370445151,0,NULL,NULL
5350,520,1370445151,0,NULL,NULL
5350,9289,1377919661,0,NULL,NULL
5350,22075,1377919661,0,NULL,NULL
5350,521,1370445151,0,NULL,NULL
5350,9239,1370445151,0,NULL,NULL
5350,22027,1370445151,0,NULL,NULL
5350,35988,1370445151,0,NULL,NULL
5350,12401,1370445151,0,NULL,NULL
5350,12275,1377919661,0,NULL,NULL
5350,9251,1377919661,0,NULL,NULL
5350,21980,1377919661,0,NULL,NULL
5350,34448,1370445151,0,NULL,NULL
5350,22085,1370445151,0,NULL,NULL
5350,21962,1370463273,1,NULL,NULL
5350,9261,1377919661,0,NULL,NULL
5350,22087,1370445151,0,NULL,NULL
5350,9298,1370674679,0,NULL,NULL
5350,9261,1370674679,0,NULL,NULL
5350,22098,1377919661,0,NULL,NULL
5350,32496,1370674679,-1,NULL,NULL
5350,22031,1377919661,0,NULL,NULL
5350,22074,1370445151,0,NULL,NULL
5350,516,1370674679,0,NULL,NULL
5350,519,1370445151,0,NULL,NULL
5350,35989,1370445151,0,NULL,NULL
5350,22032,1370445151,0,NULL,NULL
5350,9298,1370445151,0,NULL,NULL
5350,9252,1370445151,0,NULL,NULL
5350,9249,1370445151,0,NULL,NULL
5351,15901,1377849839,1,NULL,NULL
5352,8299,1377830732,1,NULL,NULL
5353,15901,1375358858,1,NULL,NULL
5353,15901,1377780021,1,NULL,NULL
5355,25674,1377767314,0,NULL,NULL
5355,25886,1377767314,1,NULL,NULL
5355,16366,1377769730,1,NULL,NULL
5356,8712,1377699603,0,NULL,NULL
5356,16171,1377699603,0,NULL,NULL
5356,24376,1377699603,1,NULL,NULL
5356,27236,1377699603,1,1.0,1.0
5356,30176,1377699603,0,NULL,NULL
5356,30081,1377699603,0,NULL,NULL
5356,30174,1377699603,1,NULL,NULL
5356,30179,1377699603,1,NULL,NULL
5356,30178,1377699603,0,NULL,NULL
5356,30163,1377699603,1,NULL,NULL
5356,30180,1377699603,1,NULL,NULL
5356,30166,1377699603,1,NULL,NULL
5356,30175,1377699603,1,NULL,NULL
5356,34825,1377699603,0,NULL,NULL
5357,26888,1377691581,1,NULL,NULL
5358,4366,1368773368,0,NULL,NULL
5358,9795,1377611504,0,NULL,NULL
5358,16932,1377611504,0,NULL,NULL
5358,16933,1377611504,0,NULL,NULL
5358,743,1377611504,0,NULL,NULL
5358,733,1377611504,0,NULL,NULL
5358,736,1377611504,0,NULL,NULL
5358,739,1377611504,0,NULL,NULL
5358,744,1377611504,0,NULL,NULL
5358,752,1377611504,0,NULL,NULL
5358,734,1377611504,0,NULL,NULL
5358,738,1377611504,0,NULL,NULL
5358,745,1377611504,0,NULL,NULL
5358,23390,1377611504,0,NULL,NULL
5358,23391,1377611504,0,NULL,NULL
5358,9797,1377611504,0,NULL,NULL
5358,35759,1377611504,0,NULL,NULL
5359,4812,1377586849,0,NULL,NULL
5361,17411,1377538763,1,NULL,NULL
5364,26003,1377520286,0,NULL,NULL
5367,9346,1377379432,1,NULL,NULL
5367,9363,1377379432,1,NULL,NULL
5367,9362,1377379432,1,NULL,NULL
5367,9356,1377379432,0,NULL,NULL
5367,9352,1377438136,1,NULL,NULL
5367,9363,1377438136,0,NULL,NULL
5367,9348,1377438136,-1,NULL,NULL
5367,9362,1377438136,0,NULL,NULL
5367,9356,1377438136,0,NULL,NULL
5367,9346,1377438136,-1,NULL,NULL
5367,22321,1377438136,1,NULL,NULL
5367,22313,1377438136,1,NULL,NULL
5367,22322,1377438136,1,NULL,NULL
5367,22313,1377440655,1,NULL,NULL
5367,9356,1377440655,1,NULL,NULL
5368,15330,1377421963,-1,NULL,NULL
5368,4803,1377421963,0,NULL,NULL
5368,197,1377421963,1,0.0,0.0
5369,4369,1377034075,1,NULL,NULL
5369,4369,1377376653,-1,NULL,NULL
5369,21062,1377376653,0,NULL,NULL
5370,15933,1377339669,0,NULL,NULL
5370,5415,1377339669,1,NULL,NULL
5371,21541,1377253979,-1,NULL,NULL
5372,26254,1377250188,0,NULL,NULL
5373,35416,1377246961,0,NULL,NULL
5373,17201,1377246961,0,NULL,NULL
5373,17200,1377246961,0,NULL,NULL
5376,25942,1377243558,1,NULL,NULL
5376,28806,1377243558,1,NULL,NULL
5376,26120,1377243558,-1,NULL,NULL
5378,25987,1377203467,1,NULL,NULL
5378,26191,1377203467,1,NULL,NULL
5379,4818,1377191598,1,NULL,NULL
5380,227,1377187593,0,NULL,NULL
5380,233,1377187593,1,NULL,NULL
5380,25230,1377187593,0,NULL,NULL
5380,23419,1377187593,1,NULL,NULL
5382,29719,1377177654,1,NULL,NULL
5383,10072,1377176868,0,NULL,NULL
5383,10067,1377176868,1,NULL,NULL
5383,17713,1377176868,1,NULL,NULL
5383,10068,1377176868,1,NULL,NULL
5384,7648,1377167549,1,NULL,NULL
5384,416,1377167549,1,NULL,NULL
5386,27084,1377132523,1,NULL,NULL
5386,27062,1377132523,0,NULL,NULL
5386,30056,1377132523,-1,NULL,NULL
5386,30063,1377132523,0,NULL,NULL
5386,27148,1377132523,0,NULL,NULL
5386,29719,1377132523,1,NULL,NULL
5386,30059,1377132523,1,NULL,NULL
5386,30056,1377136713,1,NULL,NULL
5386,30063,1377136713,0,NULL,NULL
5386,34802,1377136713,0,NULL,NULL
5386,29719,1377155841,1,NULL,NULL
5386,30059,1377155841,0,NULL,NULL
5388,16763,1377153457,1,NULL,NULL
5388,4847,1377153457,1,NULL,NULL
5391,21431,1377090392,-1,NULL,NULL
5391,21437,1377090392,-1,NULL,NULL
5391,21439,1377090392,-1,NULL,NULL
5391,21432,1377090392,-1,NULL,NULL
5391,12151,1377090392,-1,NULL,NULL
5391,21426,1377090392,-1,NULL,NULL
5391,21425,1377090392,-1,NULL,NULL
5391,21427,1377090392,1,NULL,NULL
5391,19049,1377090392,-1,NULL,NULL
5391,8863,1377090392,-1,0.0,0.0
5391,8863,1377090392,1,0.0,0.0
5391,21440,1377090392,-1,NULL,NULL
5391,31479,1377090392,1,NULL,NULL
5391,31479,1377090392,-1,NULL,NULL
5391,4748,1377090392,1,NULL,NULL
5391,4748,1377090392,-1,NULL,NULL
5391,4751,1377090392,1,NULL,NULL
5391,4750,1377090392,1,NULL,NULL
5391,4750,1377090392,0,NULL,NULL
5391,16304,1377090392,0,NULL,NULL
5391,16300,1377090392,1,NULL,NULL
5391,12152,1377090392,-1,NULL,NULL
5391,12147,1377090392,1,NULL,NULL
5391,12147,1377090392,0,NULL,NULL
5391,10246,1377090392,1,NULL,NULL
5391,10246,1377090392,0,NULL,NULL
5391,8864,1377090392,1,NULL,NULL
5391,8864,1377090392,0,NULL,NULL
5391,8864,1377090393,-1,NULL,NULL
5391,8865,1377090393,1,NULL,NULL
5391,16300,1377090393,-1,NULL,NULL
5391,16303,1377090393,0,NULL,NULL
5391,4750,1377090393,0,NULL,NULL
5391,8863,1377090393,1,NULL,NULL
5391,16301,1377090393,1,NULL,NULL
5391,21431,1377090393,0,NULL,NULL
5392,7360,1377012096,0,NULL,NULL
5392,416,1377012096,1,NULL,NULL
5393,4854,1377011702,1,NULL,NULL
5393,16813,1377011702,0,NULL,NULL
5394,4321,1376965565,0,NULL,NULL
5395,31630,1376659055,1,NULL,NULL
5395,31757,1376659055,1,NULL,NULL
5395,31688,1376659055,1,NULL,NULL
5395,31629,1376659055,0,NULL,NULL
5395,7711,1376659055,0,NULL,NULL
5395,4787,1376659055,0,NULL,NULL
5397,30142,1376389849,-1,NULL,NULL
5397,27386,1376389849,0,NULL,NULL
5397,27342,1376389849,0,NULL,NULL
5397,30143,1376389849,1,NULL,NULL
5397,27350,1376389849,0,NULL,NULL
5397,30143,1376391438,1,NULL,NULL
5397,29828,1376391438,0,NULL,NULL
5397,30142,1376391438,1,NULL,NULL
5397,26752,1376397102,0,NULL,NULL
5397,30143,1376397102,1,NULL,NULL
5397,30118,1376474802,0,NULL,NULL
5397,35955,1376474802,0,NULL,NULL
5397,26752,1376474802,0,NULL,NULL
5397,30142,1376474802,0,NULL,NULL
5397,15335,1376474802,-1,NULL,NULL
5397,15335,1376569054,1,NULL,NULL
5397,30143,1376569054,1,NULL,NULL
5397,22441,1376635667,0,NULL,NULL
5397,30118,1376635667,0,NULL,NULL
5397,30328,1376635667,1,NULL,NULL
5398,26065,1376633730,0,0.0,0.0
5398,25996,1376633730,0,NULL,NULL
5399,9800,1376632954,1,NULL,NULL
5399,746,1376632954,1,NULL,NULL
5400,22253,1376603206,0,NULL,NULL
5401,35525,1376573256,1,NULL,NULL
5402,26108,1376477110,1,NULL,NULL
5402,25651,1376477110,1,NULL,NULL
5402,746,1376477110,1,NULL,NULL
5402,26108,1376566294,0,NULL,NULL
5404,4725,1376549254,0,NULL,NULL
5404,20119,1376549254,0,NULL,NULL
5404,4726,1376549254,0,NULL,NULL
5404,15337,1376549254,0,NULL,NULL
5404,30234,1376549254,0,NULL,NULL
5404,25776,1376558158,1,NULL,NULL
5404,15326,1376549254,0,NULL,NULL
5404,20793,1376549254,0,NULL,NULL
5404,29649,1376558158,1,NULL,NULL
5404,26569,1376549254,0,NULL,NULL
5404,4856,1376549254,0,NULL,NULL
5404,7758,1376549254,0,NULL,NULL
5404,16130,1376549254,0,0.0,0.0
5404,4795,1376549254,0,NULL,NULL
5404,1041,1376549254,0,NULL,NULL
5404,26474,1376549254,0,NULL,NULL
5404,16394,1376549254,0,NULL,NULL
5404,8526,1376549254,0,NULL,NULL
5404,24367,1376549254,0,NULL,NULL
5404,30219,1376549254,0,NULL,NULL
5404,7359,1376549254,0,NULL,NULL
5404,29662,1376549254,0,NULL,NULL
5404,16279,1376549254,0,NULL,NULL
5404,9162,1376549254,0,NULL,NULL
5404,34592,1376549254,0,NULL,NULL
5404,4748,1376549254,0,NULL,NULL
5404,8855,1376549254,0,NULL,NULL
5404,27725,1376549254,0,NULL,NULL
5404,27229,1376549254,0,NULL,NULL
5404,26611,1376549254,0,NULL,NULL
5404,9931,1376549254,0,NULL,NULL
5404,9347,1376549254,0,NULL,NULL
5404,30142,1376549254,0,NULL,NULL
5404,29581,1376549254,0,NULL,NULL
5404,4829,1376549254,0,NULL,NULL
5404,24572,1376549254,0,NULL,NULL
5404,8125,1376549254,0,NULL,NULL
5404,17764,1376549254,0,NULL,NULL
5404,5472,1376549254,0,NULL,NULL
5404,26242,1376549254,0,NULL,NULL
5405,4871,1376553990,1,NULL,NULL
5405,4869,1376553990,0,NULL,NULL
5405,4870,1376553990,1,NULL,NULL
5405,16921,1376553990,0,NULL,NULL
5405,16917,1376553990,0,NULL,NULL
5405,4871,1376556363,1,NULL,NULL
5405,4870,1376556363,-1,NULL,NULL
5405,4869,1376556363,-1,NULL,NULL
5408,24398,1376464699,1,NULL,NULL
5408,24405,1376464699,0,NULL,NULL
5410,35961,1375132798,0,NULL,NULL
5410,30222,1375088642,-1,NULL,NULL
5410,30331,1376385288,0,NULL,NULL
5410,25751,1375098067,0,NULL,NULL
5410,4743,1375172010,0,NULL,NULL
5410,30222,1375098067,1,NULL,NULL
5410,30221,1376385288,0,NULL,NULL
5410,30292,1375088642,1,0.0,0.0
5410,30237,1375131379,0,NULL,NULL
5410,30222,1375088642,1,NULL,NULL
5410,12416,1375172010,0,NULL,NULL
5410,24405,1375088642,0,NULL,NULL
5410,30948,1375098067,0,NULL,NULL
5410,30232,1375098067,1,NULL,NULL
5410,4845,1375132798,-1,NULL,NULL
5410,35961,1375172010,1,NULL,NULL
5410,30284,1375088642,1,NULL,NULL
5410,30221,1375129997,-1,NULL,NULL
5410,30310,1375112712,-1,NULL,NULL
5410,27353,1375098067,0,NULL,NULL
5410,24405,1376385288,0,NULL,NULL
5410,4845,1375131379,1,NULL,NULL
5410,22439,1375131379,0,NULL,NULL
5410,24398,1376385288,0,NULL,NULL
5410,12416,1376385288,0,NULL,NULL
5410,35961,1375194480,1,NULL,NULL
5410,30292,1375112712,-1,NULL,NULL
5410,30981,1376385288,0,NULL,NULL
5410,30310,1375098067,0,NULL,NULL
5410,30221,1375194480,-1,NULL,NULL
5410,30981,1375112712,0,NULL,NULL
5410,30310,1375088642,1,NULL,NULL
5410,30219,1376385288,0,NULL,NULL
5410,4743,1376385288,0,NULL,NULL
5410,30948,1375129997,0,NULL,NULL
5410,30224,1375088642,0,0.0,0.0
5410,30221,1375132798,1,NULL,NULL
5410,30232,1376385288,0,NULL,NULL
5410,30331,1375098067,0,NULL,NULL
5410,30224,1375088642,0,0.0,0.0
5412,25829,1376376995,-1,NULL,NULL
5412,30869,1376376995,0,NULL,NULL
5415,25779,1376319283,0,NULL,NULL
5415,30139,1376319283,1,NULL,NULL
5415,30581,1376319283,1,NULL,NULL
5415,30311,1376319283,0,NULL,NULL
5416,26214,1376313993,1,NULL,NULL
5416,26242,1376313993,-1,NULL,NULL
5418,4654,1376293993,0,NULL,NULL
5419,15332,1375520225,0,NULL,NULL
5419,15363,1375520225,0,NULL,NULL
5419,15342,1375520225,0,NULL,NULL
5419,15401,1375520225,0,NULL,NULL
5419,15403,1375520225,0,NULL,NULL
5419,15330,1375520225,0,NULL,NULL
5419,15340,1375520225,0,NULL,NULL
5419,15399,1375520225,0,NULL,NULL
5419,15398,1375520225,0,NULL,NULL
5419,15395,1375520225,0,NULL,NULL
5419,15337,1375520225,0,NULL,NULL
5419,15327,1375520225,0,NULL,NULL
5419,15393,1375520225,0,NULL,NULL
5419,15358,1375520225,0,NULL,NULL
5419,15336,1375520225,0,NULL,NULL
5419,15354,1375520225,0,NULL,NULL
5419,15326,1375520225,0,NULL,NULL
5419,15390,1375520225,0,NULL,NULL
5419,15366,1375520225,0,NULL,NULL
5420,746,1376034290,1,NULL,NULL
5421,24796,1376011636,1,NULL,NULL
5421,24622,1376011636,1,NULL,NULL
5421,24787,1376011636,1,NULL,NULL
5421,24619,1376011636,0,NULL,NULL
5422,30114,1375962325,0,NULL,NULL
5422,22327,1375962325,1,NULL,NULL
5422,28567,1375962325,0,NULL,NULL
5422,4560,1375962325,1,NULL,NULL
5423,4812,1375922630,0,NULL,NULL
5423,9189,1375922630,0,NULL,NULL
5423,1573,1375947089,1,NULL,NULL
5424,30062,1375893213,0,NULL,NULL
5425,31219,1375887321,0,NULL,NULL
5425,31217,1375887321,0,NULL,NULL
5425,35270,1375887321,1,NULL,NULL
5426,19280,1375869876,1,NULL,NULL
5427,4854,1375867003,1,NULL,NULL
5427,4853,1375867003,1,NULL,NULL
5427,16813,1375867003,1,NULL,NULL
5428,31823,1375865011,1,NULL,NULL
5428,15329,1375865011,0,NULL,NULL
5428,15332,1375865011,0,NULL,NULL
5428,15330,1375865011,0,NULL,NULL
5429,28357,1375859093,1,NULL,NULL
5429,25987,1375859093,1,NULL,NULL
5431,31620,1375796271,0,NULL,NULL
5431,31621,1375796271,0,NULL,NULL
5431,7711,1375796271,0,NULL,NULL
5431,31684,1375796271,-1,NULL,NULL
5431,31680,1375796271,0,NULL,NULL
5432,30622,1375785706,0,NULL,NULL
5432,27644,1375785706,1,NULL,NULL
5433,4656,1375756072,0,NULL,NULL
5433,10507,1375756072,1,NULL,NULL
5433,8362,1375756508,0,NULL,NULL
5433,10507,1375759861,0,NULL,NULL
5433,4656,1375759861,0,NULL,NULL
5435,26231,1375515440,0,NULL,NULL
5435,26221,1375696626,0,NULL,NULL
5436,27207,1375465302,0,NULL,NULL
5438,27086,1375414413,0,NULL,NULL
5438,30056,1375414413,0,NULL,NULL
5438,27087,1375414413,1,NULL,NULL
5438,29719,1375414413,-1,NULL,NULL
5438,30056,1375414413,0,NULL,NULL
5438,29719,1375414413,0,NULL,NULL
5438,27087,1375414413,0,NULL,NULL
5439,7712,1375361841,1,NULL,NULL
5439,4790,1375361841,1,NULL,NULL
5439,5290,1375361841,1,NULL,NULL
5439,31728,1375361841,0,NULL,NULL
5441,24393,1375284020,0,NULL,NULL
5441,27410,1375284020,1,NULL,NULL
5441,24376,1375284020,1,NULL,NULL
5441,30166,1375284020,0,NULL,NULL
5444,25751,1374785564,1,NULL,NULL
5444,30235,1375194479,-1,NULL,NULL
5444,25751,1375194479,0,NULL,NULL
5444,24398,1375194479,-1,NULL,NULL
5444,30219,1375194479,0,NULL,NULL
5444,30234,1375194479,0,NULL,NULL
5444,30224,1375194479,1,0.0,0.0
5444,30235,1375194480,0,NULL,NULL
5444,30219,1375194480,0,NULL,NULL
5444,25751,1375194480,1,NULL,NULL
5445,15674,1375194480,0,NULL,NULL
5447,4655,1375080441,1,NULL,NULL
5448,19580,1375068440,0,NULL,NULL
5448,7266,1375068440,1,NULL,NULL
5448,5490,1375068440,1,NULL,NULL
5448,5616,1375068440,0,NULL,NULL
5448,7,1375068440,1,NULL,NULL
5448,8,1375068440,1,NULL,NULL
5448,6,1375068440,1,NULL,NULL
5448,14,1375068440,1,NULL,NULL
5448,16,1375068440,1,NULL,NULL
5448,12,1375068440,0,NULL,NULL
5448,11,1375068440,1,NULL,NULL
5448,10,1375068440,1,NULL,NULL
5448,7265,1375068440,1,NULL,NULL
5448,7927,1375068440,1,NULL,NULL
5448,19595,1375077207,0,NULL,NULL
5448,19580,1375077207,0,NULL,NULL
5448,7927,1375077207,0,NULL,NULL
5448,19585,1375077207,0,NULL,NULL
5448,19597,1375077207,0,NULL,NULL
5448,6,1375077207,0,NULL,NULL
5448,8,1375077207,0,NULL,NULL
5448,15,1375077207,0,NULL,NULL
5448,16,1375077207,0,NULL,NULL
5448,7926,1375077207,0,NULL,NULL
5448,7265,1375077207,0,NULL,NULL
5448,7266,1375077207,0,NULL,NULL
5448,5490,1375077207,0,NULL,NULL
5448,5491,1375077207,0,NULL,NULL
5450,26221,1375026215,0,NULL,NULL
5451,30831,1369581709,0,NULL,NULL
5451,30390,1369126273,0,0.0,0.0
5451,25925,1369557665,1,NULL,NULL
5451,36000,1368888505,0,NULL,NULL
5451,26215,1369746347,0,NULL,NULL
5451,26199,1369581709,0,NULL,NULL
5451,26022,1369574980,0,NULL,NULL
5451,35995,1368888505,0,0.0,0.0
5451,26256,1369746347,1,NULL,NULL
5451,26253,1369595768,1,NULL,NULL
5451,26281,1374999415,1,NULL,NULL
5451,28415,1369746347,1,NULL,NULL
5451,25782,1369115018,0,NULL,NULL
5451,26222,1368888505,1,NULL,NULL
5451,30407,1374999415,0,NULL,NULL
5451,25986,1369737481,0,NULL,NULL
5451,26278,1368888505,-1,NULL,NULL
5451,26213,1369581709,0,NULL,NULL
5451,35994,1369126273,0,NULL,NULL
5451,26188,1369588172,1,NULL,NULL
5451,25996,1369562941,1,0.0,0.0
5451,26281,1369917378,0,NULL,NULL
5451,30658,1368888505,0,NULL,NULL
5451,26190,1369581709,0,NULL,NULL
5451,26190,1369126273,0,NULL,NULL
5451,30387,1369746347,1,NULL,NULL
5451,26281,1368888505,1,NULL,NULL
5451,35993,1369126273,0,NULL,NULL
5451,10306,1369038382,0,NULL,NULL
5451,25925,1369556129,1,NULL,NULL
5451,26216,1368888505,0,NULL,NULL
5451,25972,1369557665,1,NULL,NULL
5451,26188,1369115018,1,NULL,NULL
5451,28028,1369115018,0,0.0,0.0
5451,26290,1369746347,-1,NULL,NULL
5451,35996,1369572281,0,NULL,NULL
5451,26195,1369746347,1,NULL,NULL
5451,26281,1369730665,-1,NULL,NULL
5451,30228,1368888505,0,NULL,NULL
5451,16613,1368888505,0,NULL,NULL
5454,10079,1374994134,0,0.0,0.0
5455,35583,1374945319,-1,NULL,NULL
5456,18942,1374828519,1,NULL,NULL
5456,18940,1374828519,1,NULL,NULL
5456,18953,1374828519,1,NULL,NULL
5457,31160,1374781697,0,NULL,NULL
5457,31158,1374781697,0,NULL,NULL
5458,4655,1374720165,0,NULL,NULL
5459,20376,1374615334,1,NULL,NULL
5459,4313,1374615334,1,NULL,NULL
5459,8299,1374615334,1,NULL,NULL
5459,4654,1374682271,1,NULL,NULL
5459,4656,1374682271,0,NULL,NULL
5459,4655,1374682271,1,NULL,NULL
5460,7359,1374666033,1,NULL,NULL
5460,22832,1374666861,0,NULL,NULL
5460,31317,1374668237,1,0.0,0.0
5460,31315,1374668237,0,NULL,NULL
5460,22832,1374677011,0,NULL,NULL
5460,22832,1374677176,0,NULL,NULL
5461,30234,1374654224,1,NULL,NULL
5461,30332,1374654224,1,NULL,NULL
5461,30222,1374654224,1,NULL,NULL
5461,30353,1374654224,0,NULL,NULL
5461,30340,1374654224,0,NULL,NULL
5461,30222,1374661516,-1,NULL,NULL
5461,25776,1374661516,0,NULL,NULL
5461,25762,1374661516,1,NULL,NULL
5461,30353,1374661516,0,NULL,NULL
5461,30340,1374661516,0,NULL,NULL
5461,35549,1374661516,0,NULL,NULL
5461,30234,1374661516,-1,NULL,NULL
5461,34824,1374661516,0,NULL,NULL
5461,30332,1374661516,-1,NULL,NULL
5463,9189,1374463023,0,NULL,NULL
5463,4812,1374463023,0,NULL,NULL
5463,4813,1374576174,-1,NULL,NULL
5463,1573,1374576174,0,NULL,NULL
5463,9189,1374576174,0,NULL,NULL
5463,21886,1374576174,1,NULL,NULL
5465,29653,1372713477,1,NULL,NULL
5466,24398,1374563518,1,NULL,NULL
5466,9408,1374563518,-1,NULL,NULL
5466,4337,1374563518,1,NULL,NULL
5466,4335,1374563518,0,NULL,NULL
5466,9409,1374563518,-1,NULL,NULL
5466,22570,1374563518,0,NULL,NULL
5466,22613,1374563518,0,NULL,NULL
5467,4803,1374507067,0,NULL,NULL
5467,31821,1374507067,1,NULL,NULL
5468,7667,1374484140,1,NULL,NULL
5468,31630,1374484140,1,NULL,NULL
5470,30831,1369400905,1,NULL,NULL
5470,30097,1369400905,1,NULL,NULL
5470,30277,1369400905,1,NULL,NULL
5470,30716,1369400905,0,NULL,NULL
5470,30097,1373882225,0,NULL,NULL
5470,30831,1373882225,0,NULL,NULL
5472,29653,1374055479,0,NULL,NULL
5474,4767,1374049773,0,NULL,NULL
5475,30694,1374046825,-1,NULL,NULL
5476,2149,1373888893,1,NULL,NULL
5476,269,1373888893,0,NULL,NULL
5476,9118,1373888893,0,NULL,NULL
5476,7712,1373888893,1,NULL,NULL
5476,7712,1373888893,-1,NULL,NULL
5476,4789,1373888893,1,NULL,NULL
5476,2149,1373888893,-1,NULL,NULL
5476,269,1373892320,0,NULL,NULL
5476,4789,1373892320,0,NULL,NULL
5476,2149,1373892320,1,NULL,NULL
5476,9118,1373892320,-1,NULL,NULL
5476,7712,1373892320,1,NULL,NULL
5476,35973,1373892320,0,NULL,NULL
5476,31688,1373892320,0,NULL,NULL
5476,31686,1373894307,0,NULL,NULL
5476,7712,1373894307,0,NULL,NULL
5476,9118,1373894307,0,NULL,NULL
5476,9108,1373894307,0,NULL,NULL
5476,2149,1373894307,-1,NULL,NULL
5476,269,1373894307,0,NULL,NULL
5476,9107,1373894307,0,NULL,NULL
5476,31686,1373970633,1,NULL,NULL
5476,31710,1373970633,0,NULL,NULL
5476,9107,1373970633,0,NULL,NULL
5476,269,1373970633,0,NULL,NULL
5476,4789,1373970633,0,NULL,NULL
5476,7712,1373970633,1,NULL,NULL
5476,9117,1373970633,0,NULL,NULL
5476,31686,1373975506,-1,NULL,NULL
5476,9117,1373975506,0,NULL,NULL
5476,9107,1373975506,0,NULL,NULL
5476,31701,1373975506,0,NULL,NULL
5476,7712,1373985022,1,NULL,NULL
5476,9117,1373985022,0,NULL,NULL
5476,9108,1373985022,1,NULL,NULL
5476,5290,1373985022,1,NULL,NULL
5476,9107,1373985022,0,NULL,NULL
5477,30274,1373957116,0,NULL,NULL
5478,4688,1373942124,1,NULL,NULL
5479,4655,1373900164,-1,NULL,NULL
5480,15232,1363503946,0,NULL,NULL
5480,12233,1373873235,0,NULL,NULL
5480,9821,1373873235,0,NULL,NULL
5481,25751,1370002762,0,NULL,NULL
5481,25782,1369981919,1,NULL,NULL
5481,24170,1370189065,1,NULL,NULL
5481,4337,1370002014,0,NULL,NULL
5481,25653,1370004336,1,NULL,NULL
5481,25974,1369981919,1,NULL,NULL
5481,25991,1369981919,1,NULL,NULL
5481,9116,1371125007,-1,NULL,NULL
5481,30389,1373793347,0,NULL,NULL
5481,30322,1370187081,1,NULL,NULL
5481,4335,1370002014,0,NULL,NULL
5481,26024,1370002014,0,NULL,NULL
5481,26006,1370002014,0,0.0,0.0
5481,31658,1371125007,-1,NULL,NULL
5481,26188,1370002014,1,NULL,NULL
5481,29719,1371125007,1,NULL,NULL
5481,30693,1371655435,1,NULL,NULL
5481,26222,1370002014,0,NULL,NULL
5481,30869,1370187081,1,NULL,NULL
5481,4789,1371125007,1,NULL,NULL
5481,30050,1371125007,0,NULL,NULL
5481,25988,1369981919,1,NULL,NULL
5481,25751,1369981919,1,NULL,NULL
5481,30713,1371125007,0,NULL,NULL
5481,30277,1370187081,0,NULL,NULL
5481,30660,1371125007,0,NULL,NULL
5481,30693,1370002014,1,NULL,NULL
5481,26281,1369981919,0,NULL,NULL
5481,30693,1371125007,1,NULL,NULL
5481,12376,1371125007,1,NULL,NULL
5481,30388,1371125007,0,NULL,NULL
5481,24398,1370002014,0,0.0,NULL
5481,25988,1370002014,-1,NULL,NULL
5481,26222,1369981919,1,NULL,NULL
5481,26004,1369982818,0,NULL,NULL
5481,30056,1371125007,1,NULL,NULL
5481,26222,1373793347,0,NULL,NULL
5481,26004,1369981919,1,NULL,NULL
5481,30387,1371125007,0,NULL,NULL
5481,26222,1371125007,1,NULL,NULL
5482,529,1373790062,1,NULL,NULL
5482,529,1373791789,-1,NULL,NULL
5483,28846,1373684755,0,NULL,NULL
5483,30716,1373684755,-1,NULL,NULL
5484,15413,1371720388,0,NULL,NULL
5484,21703,1371720388,0,NULL,NULL
5484,16364,1371720388,0,NULL,NULL
5484,16364,1371720980,0,NULL,NULL
5486,25791,1373576444,0,NULL,NULL
5487,7667,1373558679,0,NULL,NULL
5487,12376,1373558679,1,NULL,NULL
5488,29594,1373533070,-1,NULL,NULL
5489,26714,1355735497,0,NULL,NULL
5489,29654,1355735497,0,NULL,NULL
5489,26714,1373527436,1,NULL,NULL
5489,29654,1373527436,1,NULL,NULL
5490,228,1372446488,0,NULL,NULL
5490,35979,1372446488,0,NULL,NULL
5490,228,1372449235,1,NULL,NULL
5490,228,1373046647,-1,NULL,NULL
5490,230,1373046647,0,NULL,NULL
5490,229,1373046647,0,NULL,NULL
5490,23414,1373046647,0,NULL,NULL
5490,23419,1373046647,0,NULL,NULL
5490,23414,1373423690,0,NULL,NULL
5490,229,1373423690,0,NULL,NULL
5490,25233,1373477765,0,NULL,NULL
5490,228,1373477765,0,NULL,NULL
5490,229,1373482170,0,NULL,NULL
5490,230,1373482170,0,NULL,NULL
5490,232,1373482170,0,NULL,NULL
5490,23417,1373482170,0,NULL,NULL
5490,25233,1373482170,0,NULL,NULL
5490,23412,1373482170,0,NULL,NULL
5491,15697,1373488668,0,NULL,NULL
5492,416,1373474307,0,NULL,NULL
5493,35065,1373450535,-1,NULL,NULL
5493,35064,1373450535,-1,NULL,NULL
5493,35065,1373472553,1,NULL,NULL
5493,35064,1373472553,1,NULL,NULL
5496,7667,1373376462,1,NULL,NULL
5496,7311,1373376462,0,NULL,NULL
5496,31629,1373376462,-1,NULL,NULL
5496,31630,1373376462,-1,NULL,NULL
5496,31630,1373378924,0,NULL,NULL
5496,31629,1373378924,0,NULL,NULL
5496,9101,1373378924,0,NULL,NULL
5496,9102,1373378924,0,NULL,NULL
5496,4788,1373378924,-1,NULL,NULL
5497,30092,1373349099,0,NULL,NULL
5497,30092,1373377774,0,NULL,NULL
5498,27666,1373207010,1,NULL,NULL
5498,25888,1373356903,1,NULL,NULL
5498,27666,1373356903,1,NULL,NULL
5498,25888,1373358358,1,NULL,NULL
5499,21126,1373281324,1,NULL,NULL
5500,31549,1373271222,-1,NULL,NULL
5500,31603,1373271222,1,NULL,NULL
5500,7244,1373271222,0,NULL,NULL
5500,15534,1373271222,1,NULL,NULL
5500,15490,1373271222,0,NULL,NULL
5500,15491,1373271222,0,NULL,NULL
5501,250,1373234956,0,NULL,NULL
5501,255,1373234956,0,NULL,NULL
5501,31613,1373234956,1,NULL,NULL
5502,1876,1373044601,-1,NULL,NULL
5502,416,1373044601,1,NULL,NULL
5503,247,1372905219,1,NULL,NULL
5503,255,1372905219,1,NULL,NULL
5503,255,1372986754,0,NULL,NULL
5503,247,1372986754,0,NULL,NULL
5504,25919,1372817674,1,NULL,NULL
5507,4748,1372665042,0,NULL,NULL
5507,21420,1372665042,0,NULL,NULL
5508,30693,1372068677,1,NULL,NULL
5508,27344,1372068677,-1,NULL,NULL
5508,30389,1372499681,0,NULL,NULL
5509,24785,1372369821,0,NULL,NULL
5509,24724,1372369821,0,NULL,NULL
5510,31690,1368005510,0,NULL,NULL
5510,7711,1372347373,0,NULL,NULL
5510,31690,1371211750,0,NULL,NULL
5510,31682,1371553363,0,NULL,NULL
5510,31632,1368005510,-1,NULL,NULL
5510,2149,1371457135,0,NULL,NULL
5510,31629,1371549796,0,NULL,NULL
5510,4790,1371211750,1,NULL,NULL
5510,2149,1367326346,0,NULL,NULL
5510,2149,1367314138,0,NULL,NULL
5510,31688,1371551124,0,NULL,NULL
5510,2149,1371636114,0,NULL,NULL
5510,2149,1371482614,0,NULL,NULL
5510,5290,1368005510,1,NULL,NULL
5510,31707,1368005510,0,NULL,NULL
5510,7667,1371636114,0,NULL,NULL
5510,9116,1371211750,0,NULL,NULL
5510,31753,1368005510,0,NULL,NULL
5510,31682,1371636114,1,NULL,NULL
5510,31684,1367422773,0,NULL,NULL
5510,31709,1368005510,0,NULL,NULL
5510,31684,1367425649,0,NULL,NULL
5510,2149,1371553363,0,NULL,NULL
5510,31632,1371542928,0,NULL,NULL
5510,5472,1371553363,1,NULL,NULL
5510,31632,1367314138,1,NULL,NULL
5510,5472,1371551124,0,NULL,NULL
5510,7711,1371568706,0,NULL,NULL
5510,10263,1367425649,0,NULL,NULL
5510,7711,1367309461,0,NULL,NULL
5510,5592,1367425649,1,NULL,NULL
5510,30684,1371640174,1,NULL,NULL
5510,9116,1371542928,0,NULL,NULL
5510,2149,1368005510,0,NULL,NULL
5510,4789,1367329764,1,NULL,NULL
5510,36002,1367321358,0,NULL,NULL
5510,2149,1371640174,1,0.0,0.0
5510,31629,1371632336,0,NULL,NULL
5510,2149,1371568706,0,NULL,NULL
5510,31630,1371549796,0,NULL,NULL
5511,1094,1372322150,1,NULL,NULL
5512,7667,1372228344,0,NULL,NULL
5512,4789,1372228344,0,NULL,NULL
5512,5472,1372228344,1,NULL,NULL
5512,2149,1372228344,1,NULL,NULL
5512,267,1372228344,0,0.0,0.0
5512,31630,1372228344,-1,NULL,NULL
5512,31684,1372228344,1,NULL,NULL
5512,31682,1372228344,1,NULL,NULL
5512,31629,1372228344,0,NULL,NULL
5512,31688,1372228344,0,NULL,NULL
5512,31621,1372228344,0,NULL,NULL
5512,31684,1372232364,-1,NULL,NULL
5512,2149,1372232364,0,NULL,NULL
5512,4789,1372232364,0,NULL,NULL
5512,9120,1372232364,0,NULL,NULL
5512,31688,1372232364,0,NULL,NULL
5512,31679,1372232788,0,NULL,NULL
5512,9120,1372235367,0,NULL,NULL
5512,31679,1372235367,0,NULL,NULL
5512,31685,1372235367,0,NULL,NULL
5512,31679,1372238782,0,NULL,NULL
5512,31685,1372238782,0,NULL,NULL
5512,31685,1372241371,0,NULL,NULL
5512,31679,1372241371,1,NULL,NULL
5512,31630,1372241371,0,NULL,NULL
5512,31629,1372241371,0,NULL,NULL
5512,9120,1372241371,0,NULL,NULL
5512,4789,1372241371,0,NULL,NULL
5512,31679,1372245916,1,NULL,NULL
5512,31630,1372245916,1,NULL,NULL
5512,9120,1372245916,1,NULL,NULL
5512,31629,1372245916,1,NULL,NULL
5513,4367,1372151114,0,NULL,NULL
5516,30082,1372138754,0,NULL,NULL
5516,35325,1372138754,1,NULL,NULL
5516,30682,1372138754,1,NULL,NULL
5516,30682,1372139247,0,NULL,NULL
5517,25751,1372124402,0,NULL,NULL
5518,35525,1372077642,0,NULL,NULL
5518,35517,1372077642,1,NULL,NULL
5518,35658,1372077642,1,NULL,NULL
5518,1041,1372077642,0,NULL,NULL
5518,35526,1372077642,0,NULL,NULL
5519,29659,1372067640,1,NULL,NULL
5519,26852,1372068755,0,NULL,NULL
5520,416,1372059986,1,NULL,NULL
5520,7648,1372059986,1,0.0,0.0
5520,7360,1372059986,0,NULL,NULL
5520,7360,1372060498,0,NULL,NULL
5521,30621,1371975565,0,NULL,NULL
5521,30623,1371975565,0,NULL,NULL
5521,27678,1371975565,1,NULL,NULL
5521,25660,1371975565,-1,NULL,NULL
5523,32013,1371972388,0,NULL,NULL
5523,32012,1371972388,0,0.0,0.0
5523,32014,1371972388,0,NULL,NULL
5524,30081,1371802915,-1,NULL,NULL
5525,29596,1371758881,1,NULL,NULL
5525,29607,1371758881,0,NULL,NULL
5525,27142,1371758881,1,NULL,NULL
5525,29596,1371758970,0,NULL,NULL
5527,26522,1371727463,1,NULL,NULL
5527,25713,1371727463,1,NULL,NULL
5527,26517,1371727463,0,NULL,NULL
5527,26534,1371727463,1,NULL,NULL
5527,26527,1371727463,1,NULL,NULL
5527,25700,1371740989,1,NULL,NULL
5527,25713,1371740989,0,NULL,NULL
5527,26517,1371740989,1,NULL,NULL
5527,25716,1371740989,1,NULL,NULL
5528,20273,1371728896,0,NULL,NULL
5528,8298,1371728896,-1,NULL,NULL
5529,30056,1371108642,-1,NULL,NULL
5529,4789,1371108642,1,NULL,NULL
5529,9116,1371108642,1,NULL,NULL
5529,12376,1371108642,1,NULL,NULL
5529,31658,1371108642,1,NULL,NULL
5529,24378,1371108642,0,NULL,NULL
5529,29719,1371108642,-1,NULL,NULL
5529,30660,1371108642,0,NULL,NULL
5529,4789,1371108649,-1,NULL,NULL
5529,12376,1371108649,-1,NULL,NULL
5529,12376,1371195147,0,NULL,NULL
5529,31658,1371195147,1,NULL,NULL
5530,20251,1371191098,-1,NULL,NULL
5530,15790,1371191098,0,NULL,NULL
5531,20684,1370497734,0,NULL,NULL
5531,15980,1370497734,0,NULL,NULL
5531,20681,1370497734,0,NULL,NULL
5531,12355,1370497734,0,NULL,NULL
5531,12355,1370498398,0,NULL,NULL
5531,15980,1370498398,0,NULL,NULL
5531,15980,1371048352,1,NULL,NULL
5532,4788,1370739394,0,NULL,NULL
5533,17907,1370610941,-1,NULL,NULL
5534,27643,1370340825,1,NULL,NULL
5534,25681,1370340825,0,NULL,NULL
5534,27641,1370590987,0,NULL,NULL
5534,27641,1370593582,0,NULL,NULL
5534,27642,1370593582,0,NULL,NULL
5534,16541,1370593582,0,NULL,NULL
5535,29649,1370591088,0,NULL,NULL
5535,29662,1370591088,0,NULL,NULL
5535,29666,1370591088,-1,0.0,0.0
5535,29678,1370591088,-1,NULL,NULL
5535,29675,1370591088,-1,NULL,NULL
5535,29668,1370591088,0,NULL,NULL
5535,26747,1370591088,0,NULL,NULL
5535,26751,1370591088,0,NULL,NULL
5535,15945,1370591088,1,NULL,NULL
5535,8540,1370591088,1,NULL,NULL
5536,17201,1370525104,0,NULL,NULL
5537,17613,1354776370,1,NULL,NULL
5537,17770,1354776370,1,NULL,NULL
5537,16792,1354776370,0,NULL,NULL
5537,12409,1354776370,0,NULL,NULL
5537,4850,1354776370,0,NULL,NULL
5537,4851,1354776370,1,NULL,NULL
5537,542,1354776370,1,NULL,NULL
5537,22795,1354776370,0,NULL,NULL
5537,16793,1354776370,0,NULL,NULL
5537,22801,1355139223,0,NULL,NULL
5537,12409,1355139223,1,NULL,NULL
5537,543,1355139223,0,NULL,NULL
5537,542,1355139223,0,NULL,NULL
5537,543,1370524573,0,NULL,NULL
5538,16813,1366703540,0,NULL,NULL
5538,17799,1366703540,0,NULL,NULL
5538,4853,1366703540,0,NULL,NULL
5538,80,1366703540,0,NULL,NULL
5538,446,1366703540,1,0.0,NULL
5538,4743,1366703540,0,NULL,NULL
5538,5618,1366703540,0,NULL,NULL
5538,25696,1366703540,0,NULL,NULL
5538,30142,1366703540,0,NULL,NULL
5538,29637,1366703540,0,NULL,NULL
5538,29644,1366703540,0,NULL,NULL
5538,29721,1366703540,0,NULL,NULL
5538,30141,1366703540,0,NULL,NULL
5538,29719,1366703540,1,NULL,NULL
5538,4210,1366705347,0,NULL,NULL
5538,14544,1370359608,-1,NULL,NULL
5538,25742,1370425405,0,NULL,NULL
5538,25696,1370425405,0,NULL,NULL
5538,29689,1370425405,0,NULL,NULL
5538,30048,1370425405,0,NULL,NULL
5538,25731,1370425405,-1,NULL,NULL
5538,25741,1370425405,0,NULL,NULL
5538,29719,1370425405,0,NULL,NULL
5538,30025,1370425405,0,NULL,NULL
5538,30051,1370425405,1,NULL,NULL
5538,30050,1370425405,0,NULL,NULL
5538,29637,1370426282,-1,NULL,NULL
5538,29649,1370426282,0,NULL,NULL
5538,30106,1370426282,0,NULL,NULL
5538,29718,1370440525,0,NULL,NULL
5538,29717,1370440525,0,NULL,NULL
5542,30274,1369162943,0,NULL,NULL
5542,30234,1369162943,1,NULL,NULL
5542,26188,1369162943,1,NULL,NULL
5542,25751,1369162943,0,NULL,NULL
5542,26281,1369162943,1,NULL,NULL
5542,30220,1369162943,1,NULL,NULL
5542,30222,1369162943,0,NULL,NULL
5542,26277,1369213364,0,NULL,NULL
5542,25988,1369213364,1,NULL,NULL
5542,30273,1369213364,0,NULL,NULL
5542,26277,1369220574,-1,NULL,NULL
5542,30273,1369220574,0,NULL,NULL
5542,30817,1369220574,0,NULL,NULL
5542,30817,1369220646,0,NULL,NULL
5542,30817,1369237436,1,NULL,NULL
5542,30273,1369237436,1,NULL,NULL
5542,25759,1369237436,1,NULL,NULL
5542,25751,1369237436,0,NULL,NULL
5542,26188,1369237436,0,NULL,NULL
5542,26277,1369237436,1,NULL,NULL
5542,26277,1369289387,1,NULL,NULL
5542,30273,1369289387,0,NULL,NULL
5542,30273,1369289755,0,NULL,NULL
5542,26277,1369289755,0,NULL,NULL
5542,30817,1369294469,1,NULL,NULL
5542,26277,1369294469,0,NULL,NULL
5542,30817,1369296860,1,NULL,NULL
5542,26277,1369296860,0,NULL,NULL
5542,25759,1369296860,0,NULL,NULL
5542,26277,1369300648,1,NULL,NULL
5542,30273,1369300648,0,NULL,NULL
5542,30817,1369379871,1,NULL,NULL
5542,30273,1369379871,0,NULL,NULL
5542,26277,1369379871,1,NULL,NULL
5542,26277,1370335199,0,NULL,NULL
5542,30817,1370335199,1,NULL,NULL
5542,26277,1370336217,1,NULL,NULL
5542,30273,1370336217,0,NULL,NULL
5543,25751,1370330968,1,NULL,NULL
5544,29690,1370281702,1,NULL,NULL
5544,29690,1370281918,0,NULL,NULL
5546,17402,1370249984,1,NULL,NULL
5546,17471,1370249984,0,NULL,NULL
5547,18940,1370248580,0,NULL,NULL
5548,25751,1370240382,1,NULL,NULL
5548,30082,1370240382,0,NULL,NULL
5551,7293,1370186569,0,NULL,NULL
5551,4735,1370186569,0,NULL,NULL
5551,4736,1370186569,1,NULL,NULL
5552,29676,1370166143,0,NULL,NULL
5552,29670,1370166143,0,NULL,NULL
5552,29674,1370166143,0,0.0,0.0
5553,8299,1370010949,0,NULL,NULL
5554,35035,1369219587,0,NULL,NULL
5554,35034,1369219587,0,NULL,NULL
5554,20439,1369272836,0,NULL,NULL
5554,20404,1369295080,0,NULL,NULL
5554,5282,1369295080,0,NULL,NULL
5554,20406,1369295080,0,NULL,NULL
5554,15891,1370006151,0,NULL,NULL
5554,20439,1370006151,0,NULL,NULL
5554,5282,1370006151,0,NULL,NULL
5554,20406,1370006151,0,NULL,NULL
5555,22322,1369947956,-1,NULL,NULL
5555,22313,1369947956,1,NULL,NULL
5555,9346,1369947956,1,NULL,NULL
5555,22321,1369947956,1,NULL,NULL
5555,9350,1369947956,0,NULL,NULL
5555,9362,1369947956,1,NULL,NULL
5555,9348,1369947956,0,NULL,NULL
5555,9363,1369947956,-1,NULL,NULL
5556,29719,1369919143,0,NULL,NULL
5556,30057,1369919143,0,NULL,NULL
5557,30057,1369905093,1,NULL,NULL
5559,17407,1369689038,1,NULL,NULL
5559,30678,1369689038,0,NULL,NULL
5560,26089,1369656487,0,NULL,NULL
5560,25651,1369656487,0,NULL,NULL
5560,21006,1369656487,1,NULL,NULL
5560,21014,1369656487,1,NULL,NULL
5562,4852,1363988943,1,NULL,NULL
5562,12408,1369345629,0,NULL,NULL
5562,22733,1369345629,0,NULL,NULL
5562,17402,1369501127,0,NULL,NULL
5562,1961,1369501127,0,NULL,NULL
5562,17907,1369503011,0,NULL,NULL
5563,16502,1369493403,1,NULL,NULL
5564,22881,1369471235,0,NULL,NULL
5564,9668,1369471235,0,NULL,NULL
5565,10369,1369469874,1,NULL,NULL
5566,4857,1369469229,0,NULL,NULL
5567,4736,1369467735,1,NULL,NULL
5568,4836,1369463738,1,NULL,NULL
5568,201,1369463738,1,NULL,NULL
5568,200,1369463738,1,NULL,NULL
5569,25877,1369409186,0,NULL,NULL
5572,17402,1369301477,0,NULL,NULL
5575,28112,1369131096,0,NULL,NULL
5575,31059,1369131096,0,NULL,NULL
5575,27462,1369131096,0,NULL,NULL
5575,27265,1369131096,0,NULL,NULL
5575,31079,1369131096,0,NULL,NULL
5575,31008,1369131096,0,NULL,NULL
5575,26281,1369131096,1,NULL,NULL
5576,25751,1368800012,0,NULL,NULL
5577,34592,1368799558,0,NULL,NULL
5578,29644,1368799078,1,NULL,NULL
5579,25787,1368079299,0,NULL,NULL
5579,25787,1368798440,1,NULL,NULL
5580,17640,1368794681,1,NULL,NULL
5580,29536,1368796308,1,0.0,0.0
5582,25751,1368790381,0,NULL,NULL
5584,31525,1368774795,-1,NULL,NULL
5584,31528,1368774795,-1,NULL,NULL
5584,31527,1368774795,-1,NULL,NULL
5584,31517,1368774795,0,NULL,NULL
5584,31515,1368774795,0,NULL,NULL
5585,27666,1363882314,1,NULL,NULL
5585,27668,1363882314,1,NULL,NULL
5585,25887,1368770633,1,NULL,NULL
5585,27668,1368770633,1,NULL,NULL
5586,17775,1368668954,1,NULL,NULL
5587,28768,1368567454,1,NULL,NULL
5587,29606,1368567454,1,NULL,NULL
5588,25751,1368530416,0,NULL,NULL
5589,19846,1368522232,1,NULL,NULL
5589,19882,1368522232,0,NULL,NULL
5589,8098,1368522232,0,NULL,NULL
5590,19830,1368512835,0,NULL,NULL
5590,28846,1368512835,1,NULL,NULL
5590,27675,1368512835,1,NULL,NULL
5590,34529,1368512835,0,NULL,NULL
5590,30716,1368512835,-1,NULL,NULL
5591,34529,1368501192,0,NULL,NULL
5591,19830,1368501192,0,NULL,NULL
5593,29644,1368429796,0,NULL,NULL
5593,29636,1368429796,-1,NULL,NULL
5593,4690,1368429796,-1,NULL,NULL
5593,4687,1368429796,-1,NULL,NULL
5594,10069,1368357854,-1,NULL,NULL
5594,10070,1368357854,-1,NULL,NULL
5594,22229,1368359599,0,NULL,NULL
5594,10071,1368359599,1,NULL,NULL
5594,16425,1368359599,0,NULL,NULL
5594,16426,1368359599,0,NULL,NULL
5594,10070,1368359599,0,NULL,NULL
5594,9947,1368359599,0,NULL,NULL
5595,10071,1368347783,0,NULL,NULL
5595,10069,1368347783,1,NULL,NULL
5595,16425,1368355513,0,NULL,NULL
5595,10071,1368355513,0,NULL,NULL
5595,16426,1368355513,0,NULL,NULL
5595,10069,1368355513,1,NULL,NULL
5595,10070,1368355513,0,NULL,NULL
5597,26256,1368263112,1,NULL,NULL
5597,28465,1368263112,0,NULL,NULL
5597,25925,1368263112,1,NULL,NULL
5598,10365,1368196043,0,NULL,NULL
5598,35325,1368260302,1,NULL,NULL
5599,4705,1368193371,1,NULL,NULL
5599,4706,1368193371,0,NULL,NULL
5599,1950,1368193371,1,NULL,NULL
5599,10217,1368193371,0,NULL,NULL
5600,31189,1368190157,1,NULL,NULL
5600,31187,1368190157,0,NULL,NULL
5600,31183,1368190157,1,NULL,NULL
5601,10015,1368188708,1,NULL,NULL
5602,4851,1368119590,0,NULL,NULL
5603,9701,1368004799,-1,NULL,NULL
5603,10551,1368004799,0,NULL,NULL
5603,17201,1368004799,1,NULL,NULL
5603,23010,1368004799,0,NULL,NULL
5603,18528,1368004799,1,NULL,NULL
5603,10551,1368005408,0,NULL,NULL
5603,9706,1368005408,0,NULL,NULL
5604,15998,1368003177,0,NULL,NULL
5604,15997,1368003177,1,NULL,NULL
5605,25674,1368002103,1,NULL,NULL
5607,12273,1367421215,1,NULL,NULL
5607,20645,1367421215,0,NULL,NULL
5608,267,1367403358,0,NULL,NULL
5608,31658,1367403358,-1,NULL,NULL
5608,31634,1367403358,1,NULL,NULL
5608,31621,1367403358,1,NULL,NULL
5608,31620,1367403358,1,NULL,NULL
5609,26659,1367388523,1,NULL,NULL
5609,29690,1367388523,1,NULL,NULL
5610,21870,1355660679,0,NULL,NULL
5610,4807,1367359294,0,NULL,NULL
5610,21856,1367359294,0,NULL,NULL
5610,21870,1367359294,0,NULL,NULL
5610,12117,1367359294,0,NULL,NULL
5610,21862,1367359294,1,NULL,NULL
5610,21866,1367359294,1,NULL,NULL
5612,1094,1367311394,0,NULL,NULL
5612,655,1367311394,0,NULL,NULL
5614,9638,1367044606,1,NULL,NULL
5614,4851,1367044606,1,NULL,NULL
5615,15493,1366966780,0,NULL,NULL
5615,15552,1366966780,1,NULL,NULL
5615,15501,1366966780,0,NULL,NULL
5615,7244,1366966780,0,NULL,NULL
5615,15498,1366966780,0,NULL,NULL
5615,31594,1366966780,1,NULL,NULL
5615,31554,1366966780,-1,NULL,NULL
5616,31891,1366899100,0,NULL,NULL
5616,29717,1366895015,0,NULL,NULL
5616,21123,1366899100,0,NULL,NULL
5616,35526,1366899100,0,NULL,NULL
5616,16383,1366899100,0,NULL,NULL
5616,16428,1366899100,0,NULL,NULL
5616,8756,1366899100,0,NULL,NULL
5616,481,1366899100,-1,NULL,NULL
5616,197,1366899100,0,NULL,NULL
5616,4856,1366899100,0,NULL,NULL
5616,30137,1366895015,0,NULL,NULL
5616,27787,1366895015,0,NULL,NULL
5616,32044,1366899100,0,NULL,NULL
5616,35560,1366899100,0,NULL,NULL
5616,5617,1366899100,0,NULL,NULL
5616,30106,1366895015,1,NULL,NULL
5616,29718,1366895015,0,NULL,NULL
5616,12376,1366899100,0,NULL,NULL
5616,31506,1366899100,0,NULL,NULL
5616,12406,1366899100,0,NULL,NULL
5616,18852,1366899100,0,NULL,NULL
5616,80,1366899100,0,NULL,NULL
5616,31444,1366899100,0,NULL,NULL
5616,18825,1366899100,0,NULL,NULL
5616,16007,1366899100,0,NULL,NULL
5616,4354,1366899100,1,NULL,NULL
5616,4877,1366899100,0,NULL,NULL
5616,15911,1366899100,0,NULL,NULL
5616,19056,1366899100,1,0.0,0.0
5616,4807,1366899100,0,NULL,NULL
5616,31888,1366899100,0,NULL,NULL
5616,30113,1366895015,0,0.0,0.0
5616,10372,1366899100,0,NULL,NULL
5616,16790,1366899100,0,NULL,NULL
5616,7079,1366899100,0,NULL,NULL
5616,31151,1366899100,0,NULL,NULL
5616,74,1366899100,0,NULL,NULL
5616,16485,1366899100,0,NULL,NULL
5616,29721,1366895015,0,NULL,NULL
5616,31517,1366899100,0,NULL,NULL
5617,25751,1366880007,1,NULL,NULL
5618,7495,1366876390,-1,NULL,NULL
5618,7454,1366876390,0,NULL,NULL
5618,8952,1366876390,-1,NULL,NULL
5618,26204,1366876390,0,NULL,NULL
5618,26196,1366876390,0,NULL,NULL
5618,27732,1366876390,0,NULL,NULL
5618,28221,1366876390,-1,NULL,NULL
5618,26222,1366876390,0,NULL,NULL
5618,28700,1366876390,0,NULL,NULL
5619,30715,1366823714,1,NULL,NULL
5619,30716,1366823714,1,NULL,NULL
5619,27675,1366823714,1,NULL,NULL
5619,28846,1366823714,0,NULL,NULL
5619,25713,1366823714,0,NULL,NULL
5620,22996,1366810445,1,NULL,NULL
5620,4860,1366810445,1,NULL,NULL
5622,1550,1366796529,1,NULL,NULL
5624,30056,1366704007,0,NULL,NULL
5624,30103,1366704007,0,NULL,NULL
5624,30803,1366704007,0,NULL,NULL
5624,30811,1366704007,0,NULL,NULL
5624,2288,1366704138,0,NULL,NULL
5624,2010,1366704138,0,NULL,NULL
5624,78,1366704138,0,NULL,NULL
5624,4852,1366704138,0,NULL,NULL
5624,25693,1366704138,0,NULL,NULL
5624,30061,1366704138,0,NULL,NULL
5625,26033,1366638379,0,NULL,NULL
5625,25988,1366638379,1,NULL,NULL
5626,1961,1366356173,1,NULL,NULL
5626,8766,1366626011,-1,NULL,NULL
5627,30332,1366625954,1,NULL,NULL
5628,30322,1366625072,1,NULL,NULL
5628,30277,1366625072,1,NULL,NULL
5628,24177,1366625072,-1,NULL,NULL
5628,30277,1366625212,0,NULL,NULL
5629,25971,1366622521,1,NULL,NULL
5629,25987,1366622521,0,NULL,NULL
5630,17172,1366377759,1,NULL,NULL
5630,24176,1366377759,0,NULL,NULL
5630,24170,1366377759,0,NULL,NULL
5630,24177,1366377759,0,NULL,NULL
5631,30693,1366117921,0,NULL,NULL
5632,24621,1366112014,1,NULL,NULL
5632,24572,1366112014,-1,NULL,NULL
5633,16818,1366030717,-1,NULL,NULL
5634,25751,1366014843,1,NULL,NULL
5634,4337,1366014843,0,NULL,NULL
5634,4335,1366014843,0,NULL,NULL
5634,30166,1366014843,1,NULL,NULL
5634,31010,1366014843,1,NULL,NULL
5634,30353,1366014843,0,NULL,NULL
5634,24398,1366014843,0,1.0,1.0
5634,25751,1366030489,-1,NULL,NULL
5636,20325,1365739963,0,NULL,NULL
5636,24213,1365739963,0,NULL,NULL
5636,35658,1365739963,1,NULL,NULL
5636,35326,1365739963,-1,NULL,NULL
5636,35517,1365739963,1,NULL,NULL
5636,20282,1365739963,0,NULL,NULL
5636,16089,1365739963,0,NULL,NULL
5636,15806,1365739963,0,NULL,NULL
5636,35339,1365739963,-1,NULL,NULL
5636,15806,1365781567,1,NULL,NULL
5636,5615,1366010525,1,NULL,NULL
5637,25700,1365932549,0,NULL,NULL
5637,25713,1366009688,0,NULL,NULL
5637,27675,1366009688,1,NULL,NULL
5638,28846,1365932597,0,NULL,NULL
5638,30716,1365932597,0,NULL,NULL
5638,28846,1365935431,0,NULL,NULL
5638,30716,1365935431,1,NULL,NULL
5638,28846,1366009626,1,NULL,NULL
5640,30166,1365934093,-1,NULL,NULL
5640,31010,1365934093,-1,NULL,NULL
5641,30684,1365845240,0,NULL,NULL
5642,4855,1365841328,0,NULL,NULL
5643,30039,1365838536,1,NULL,NULL
5644,20266,1365781613,1,NULL,NULL
5644,8303,1365781613,-1,NULL,NULL
5645,25762,1365587676,1,NULL,NULL
5645,27353,1365587676,0,NULL,NULL
5646,25665,1365574645,-1,NULL,NULL
5647,30034,1362295763,0,NULL,NULL
5647,26685,1362295763,0,NULL,NULL
5647,30040,1365574593,0,NULL,NULL
5648,18528,1365234322,0,NULL,NULL
5649,17201,1365230423,1,NULL,NULL
5650,31521,1365167344,0,NULL,NULL
5650,31518,1365167344,0,NULL,NULL
5650,31519,1365167344,1,NULL,NULL
5650,31520,1365167344,0,NULL,NULL
5650,31528,1365167344,1,NULL,NULL
5650,31516,1365167344,0,NULL,NULL
5650,31515,1365167344,0,NULL,NULL
5651,8109,1365151062,-1,NULL,NULL
5651,8106,1365151062,0,NULL,NULL
5651,15721,1365151062,0,NULL,NULL
5651,15730,1365151062,0,NULL,NULL
5651,15734,1365151062,-1,NULL,NULL
5651,658,1365151062,0,NULL,NULL
5651,661,1365151062,0,NULL,NULL
5651,647,1365151062,0,NULL,NULL
5651,650,1365151062,-1,NULL,NULL
5651,8108,1365151062,-1,NULL,NULL
5651,656,1365151062,-1,NULL,NULL
5651,659,1365151062,0,NULL,NULL
5651,652,1365151062,0,NULL,NULL
5651,651,1365151062,-1,NULL,NULL
5651,654,1365151062,0,NULL,NULL
5651,646,1365151062,0,NULL,NULL
5651,648,1365151062,-1,NULL,NULL
5651,19877,1365151062,0,NULL,NULL
5651,19876,1365151062,0,NULL,NULL
5651,19847,1365151062,0,NULL,NULL
5652,24176,1365076802,1,NULL,NULL
5652,30322,1365076802,0,NULL,NULL
5652,24170,1365078289,1,NULL,NULL
5652,24176,1365078289,1,NULL,NULL
5652,17172,1365078289,1,NULL,NULL
5652,24176,1365083366,-1,NULL,NULL
5652,24169,1365083366,1,NULL,NULL
5652,28802,1365085659,1,NULL,NULL
5652,30660,1365085659,1,NULL,NULL
5652,25751,1365085659,0,NULL,NULL
5652,24169,1365085659,1,NULL,NULL
5652,30322,1365088285,1,NULL,NULL
5652,30708,1365088285,0,NULL,NULL
5652,24176,1365088285,0,NULL,NULL
5652,30701,1365088285,0,NULL,NULL
5653,24176,1365066755,0,NULL,NULL
5653,30322,1365066755,-1,NULL,NULL
5653,30306,1365066755,0,NULL,NULL
5653,30309,1365066755,-1,NULL,NULL
5653,30220,1365066755,0,NULL,NULL
5653,30701,1365066755,0,NULL,NULL
5653,25987,1365066755,0,NULL,NULL
5653,30220,1365067047,0,NULL,NULL
5653,25987,1365067047,0,NULL,NULL
5653,30322,1365067047,0,NULL,NULL
5653,24170,1365068100,1,NULL,NULL
5653,17172,1365068100,1,NULL,NULL
5653,30306,1365068100,0,NULL,NULL
5653,30701,1365068100,0,NULL,NULL
5653,30287,1365068100,1,NULL,NULL
5653,30708,1365068100,0,NULL,NULL
5653,30962,1365068100,1,NULL,NULL
5653,30708,1365073420,0,NULL,NULL
5653,30360,1365073420,1,NULL,NULL
5653,30306,1365073420,1,NULL,NULL
5653,30962,1365073420,1,NULL,NULL
5653,30701,1365073420,0,NULL,NULL
5653,24176,1365073420,0,NULL,NULL
5654,4337,1364993893,1,NULL,NULL
5654,16502,1364993893,1,NULL,NULL
5654,16502,1364994960,1,NULL,NULL
5656,28221,1364966014,1,NULL,NULL
5658,19816,1364939806,1,NULL,NULL
5658,10532,1364939806,0,NULL,NULL
5659,30103,1364904686,0,NULL,NULL
5659,30719,1364904686,0,NULL,NULL
5660,26087,1364836208,1,NULL,NULL
5660,21068,1364836208,0,NULL,NULL
5660,4369,1364836208,1,NULL,NULL
5661,74,1364755322,1,NULL,NULL
5662,4366,1364718486,1,NULL,NULL
5663,24570,1364543343,0,NULL,NULL
5663,24575,1364543343,1,NULL,NULL
5664,36035,1344347229,0,NULL,NULL
5664,36034,1344347229,0,NULL,NULL
5665,30050,1364431776,1,NULL,NULL
5666,24736,1364408559,1,NULL,NULL
5666,24575,1364408559,1,NULL,NULL
5667,35997,1364407149,0,NULL,NULL
5668,26256,1360946907,1,NULL,NULL
5668,25925,1360946907,1,NULL,NULL
5668,26266,1360946907,1,NULL,NULL
5668,28368,1361207849,0,NULL,NULL
5668,28464,1361207849,0,NULL,NULL
5668,26256,1361966417,1,NULL,NULL
5668,26256,1364401230,0,NULL,NULL
5670,29638,1364381870,1,NULL,NULL
5670,29637,1364381870,0,NULL,NULL
5670,30682,1364381870,1,NULL,NULL
5670,30070,1364381870,1,NULL,NULL
5671,35558,1364377469,0,NULL,NULL
5671,35510,1364377469,0,0.0,0.0
5672,9701,1364362255,1,NULL,NULL
5672,17177,1364362255,-1,NULL,NULL
5674,30103,1364226778,1,NULL,NULL
5674,31096,1364226778,1,NULL,NULL
5674,30719,1364226778,1,NULL,NULL
5675,25888,1364108048,0,NULL,NULL
5676,30847,1364217812,1,NULL,NULL
5676,30978,1364217812,0,NULL,NULL
5678,31831,1363989700,0,NULL,NULL
5680,16124,1363911846,0,NULL,NULL
5680,10079,1363911846,0,NULL,NULL
5681,1554,1363884207,0,NULL,NULL
5681,1555,1363884207,0,NULL,NULL
5681,1551,1363884207,0,NULL,NULL
5681,7653,1363884207,0,NULL,NULL
5681,7652,1363884207,0,NULL,NULL
5681,7654,1363884207,0,NULL,NULL
5683,16813,1363864183,0,0.0,0.0
5683,4854,1363864183,0,NULL,NULL
5684,8957,1363860744,1,NULL,NULL
5684,17764,1363860744,1,NULL,NULL
5685,4854,1363857420,-1,NULL,NULL
5686,24191,1363839264,1,NULL,NULL
5687,4313,1363839241,1,NULL,NULL
5687,8299,1363839241,1,NULL,NULL
5688,416,1363338281,1,NULL,NULL
5688,1550,1363338281,1,NULL,NULL
5688,415,1363338281,1,NULL,NULL
5688,29649,1363353485,1,NULL,NULL
5688,29640,1363361974,0,NULL,NULL
5688,1550,1363362145,-1,NULL,NULL
5688,29640,1363419151,0,NULL,NULL
5688,20661,1363419151,0,0.0,0.0
5688,415,1363419151,0,NULL,NULL
5688,20657,1363795596,1,NULL,NULL
5689,31157,1363792127,0,NULL,NULL
5689,31171,1363792127,1,NULL,NULL
5691,25751,1363772212,1,NULL,NULL
5692,30677,1356056314,1,NULL,NULL
5692,29594,1356056314,1,NULL,NULL
5692,29594,1356094721,1,NULL,NULL
5692,30677,1356094721,-1,NULL,NULL
5692,29594,1356101320,0,NULL,NULL
5692,29594,1363510495,1,NULL,NULL
5692,29594,1363750774,1,NULL,NULL
5694,8299,1363695538,1,NULL,NULL
5695,16094,1363690110,0,NULL,NULL
5697,17411,1363621467,-1,NULL,NULL
5697,4709,1363621467,-1,NULL,NULL
5697,35527,1363621467,0,NULL,NULL
5698,31096,1356780244,1,NULL,NULL
5698,16096,1363613923,1,NULL,NULL
5699,9363,1363536361,1,NULL,NULL
5699,22322,1363536361,1,NULL,NULL
5700,26256,1363515466,0,NULL,NULL
5701,35555,1363427293,1,NULL,NULL
5702,2010,1363342352,1,NULL,NULL
5702,16263,1363342352,0,NULL,NULL
5704,23062,1363248313,0,NULL,NULL
5707,17402,1363163482,0,NULL,NULL
5708,21862,1363130464,1,NULL,NULL
5708,4806,1363130464,0,NULL,NULL
5710,36015,1363079187,0,NULL,NULL
5710,36012,1363079187,0,NULL,NULL
5710,36016,1363079187,0,NULL,NULL
5710,16783,1363079187,0,NULL,NULL
5710,22785,1363079187,0,NULL,NULL
5710,17316,1363079187,0,NULL,NULL
5710,16784,1363079187,0,NULL,NULL
5711,4856,1363075373,0,NULL,NULL
5711,4857,1363075373,0,NULL,NULL
5712,30222,1362748323,0,NULL,NULL
5713,25661,1362728994,0,0.0,0.0
5713,25662,1362728994,0,NULL,NULL
5713,31491,1362728994,1,NULL,NULL
5714,9348,1362716422,1,NULL,NULL
5714,9352,1362716422,1,NULL,NULL
5715,30684,1362654451,-1,NULL,NULL
5715,31094,1362654451,1,NULL,NULL
5715,30670,1362654451,1,NULL,NULL
5715,30670,1362682750,-1,NULL,NULL
5715,30684,1362682750,1,NULL,NULL
5717,32088,1362661376,0,NULL,NULL
5717,32100,1362661376,1,NULL,NULL
5719,25747,1362637404,1,NULL,NULL
5721,27675,1362535292,0,NULL,NULL
5721,25902,1362535292,0,NULL,NULL
5721,25660,1362535292,0,NULL,NULL
5722,4367,1362473316,0,NULL,NULL
5722,10168,1362473316,0,NULL,NULL
5722,12114,1362474803,0,NULL,NULL
5723,8712,1362470973,1,NULL,NULL
5723,8712,1362474319,0,NULL,NULL
5724,17799,1362471088,0,NULL,NULL
5724,17801,1362471088,0,NULL,NULL
5724,2288,1362471088,1,NULL,NULL
5724,5618,1362471088,1,NULL,NULL
5726,4588,1362288391,0,NULL,NULL
5726,4589,1362288391,1,NULL,NULL
5726,31324,1362288391,0,NULL,NULL
5726,26256,1362288391,1,NULL,NULL
5726,28395,1362288391,1,NULL,NULL
5727,26256,1362131271,1,NULL,NULL
5728,25928,1362035059,0,NULL,NULL
5728,26033,1362035059,1,NULL,NULL
5729,32075,1362028764,1,NULL,NULL
5729,32072,1362028764,0,NULL,NULL
5729,32073,1362028764,0,NULL,NULL
5729,32076,1362028764,1,NULL,NULL
5730,25700,1360308431,1,NULL,NULL
5730,26574,1361959087,0,NULL,NULL
5730,25700,1361959087,-1,NULL,NULL
5730,25693,1361959087,1,NULL,NULL
5731,30040,1361888001,0,NULL,NULL
5731,30034,1361888001,-1,NULL,NULL
5732,4743,1361867101,0,NULL,NULL
5733,24624,1361791322,1,NULL,NULL
5736,4654,1361420962,1,NULL,NULL
5736,8344,1361420962,0,NULL,NULL
5737,20266,1361415012,0,NULL,NULL
5737,8303,1361415012,0,NULL,NULL
5737,8302,1361415012,0,NULL,NULL
5738,29607,1361302684,1,NULL,NULL
5738,27142,1361302684,1,NULL,NULL
5740,4654,1361176037,1,NULL,NULL
5741,10365,1361089172,1,NULL,NULL
5741,10449,1361089172,1,NULL,NULL
5742,26078,1361009240,0,0.0,0.0
5742,25651,1361009240,0,NULL,NULL
5742,26034,1361009240,0,NULL,NULL
5742,25965,1361009240,0,0.0,0.0
5742,25829,1361009240,0,NULL,NULL
5742,27707,1361009240,0,NULL,NULL
5743,30219,1361007235,0,NULL,NULL
5743,30221,1361007235,0,NULL,NULL
5743,30232,1361007235,0,NULL,NULL
5746,25965,1360940251,0,0.0,0.0
5746,26078,1360940251,0,0.0,0.0
5746,25651,1360940251,0,NULL,NULL
5746,26034,1360940251,0,NULL,NULL
5747,15703,1360259982,1,NULL,NULL
5747,19843,1360259982,0,NULL,NULL
5747,1094,1360259982,1,NULL,NULL
5747,10532,1360259982,1,NULL,NULL
5747,651,1360656350,0,NULL,NULL
5747,651,1360932033,1,NULL,NULL
5747,1094,1360932033,1,NULL,NULL
5747,650,1360932033,0,NULL,NULL
5748,9701,1360321077,1,0.0,0.0
5748,9701,1360324485,1,NULL,NULL
5748,9701,1360335319,1,NULL,NULL
5748,9701,1360840554,1,NULL,NULL
5749,30617,1360688083,0,NULL,NULL
5750,12357,1360662254,0,NULL,NULL
5750,12356,1360662254,0,NULL,NULL
5750,4702,1360662254,1,NULL,NULL
5750,20840,1360662254,0,NULL,NULL
5751,21576,1360660735,1,NULL,NULL
5751,4769,1360660735,1,NULL,NULL
5752,28353,1360660072,0,NULL,NULL
5752,26252,1360660072,0,NULL,NULL
5754,24827,1360515160,0,NULL,NULL
5755,8102,1360226385,1,-1.0,-1.0
5755,36003,1360293338,0,NULL,NULL
5756,31961,1360263605,0,NULL,NULL
5757,27281,1360261856,0,NULL,NULL
5757,30694,1360261856,1,NULL,NULL
5758,32086,1360260281,0,NULL,NULL
5758,32079,1360260281,0,NULL,NULL
5760,29649,1360250114,0,NULL,NULL
5760,4356,1360250114,0,NULL,NULL
5761,17764,1360248626,-1,NULL,NULL
5762,17841,1360245794,1,NULL,NULL
5762,2242,1360245794,0,NULL,NULL
5762,9327,1360245794,1,NULL,NULL
5762,9328,1360245794,0,NULL,NULL
5765,24373,1360067400,0,NULL,NULL
5766,26281,1360051874,0,NULL,NULL
5767,17209,1360030659,0,NULL,NULL
5768,26222,1359988324,0,NULL,NULL
5768,26196,1359988324,0,NULL,NULL
5768,28071,1359988324,0,NULL,NULL
5768,30617,1359988324,0,NULL,NULL
5769,25987,1359965528,0,NULL,NULL
5770,27273,1359893455,1,NULL,NULL
5772,8787,1359881641,0,NULL,NULL
5772,27289,1359881641,1,NULL,NULL
5772,29634,1359881641,0,NULL,NULL
5772,29613,1359881641,1,NULL,NULL
5773,25751,1359829117,1,NULL,NULL
5775,34687,1359811540,-1,NULL,NULL
5775,34630,1359811540,0,NULL,NULL
5775,34635,1359811540,0,NULL,NULL
5775,34640,1359811540,0,NULL,NULL
5775,34654,1359811540,0,NULL,NULL
5775,34662,1359811540,0,NULL,NULL
5775,34652,1359811540,0,NULL,NULL
5775,34655,1359811540,0,NULL,NULL
5775,34631,1359811540,0,NULL,NULL
5775,34659,1359811540,0,NULL,NULL
5775,34671,1359811540,0,NULL,NULL
5775,34647,1359811540,0,NULL,NULL
5775,34629,1359811540,0,NULL,NULL
5775,34633,1359811540,0,NULL,NULL
5775,34636,1359811540,0,NULL,NULL
5775,34663,1359811540,0,NULL,NULL
5775,34651,1359811540,0,NULL,NULL
5775,34661,1359811540,0,NULL,NULL
5775,34639,1359811540,0,NULL,NULL
5775,34665,1359811540,0,NULL,NULL
5775,34666,1359811540,0,NULL,NULL
5775,34672,1359811540,0,NULL,NULL
5775,34656,1359811540,0,NULL,NULL
5776,25660,1359800523,1,NULL,NULL
5776,30694,1359800523,1,NULL,NULL
5776,27675,1359800523,0,NULL,NULL
5776,25902,1359800523,0,NULL,NULL
5776,25902,1359802558,0,NULL,NULL
5776,25660,1359802558,0,NULL,NULL
5777,26813,1359736831,-1,NULL,NULL
5777,29640,1359736831,0,NULL,NULL
5777,25660,1359736831,1,NULL,NULL
5777,27628,1359736831,1,NULL,NULL
5777,7457,1359736831,-1,NULL,NULL
5778,4706,1359717266,1,NULL,NULL
5778,8648,1359717266,0,NULL,NULL
5778,8647,1359717266,-1,NULL,NULL
5778,10107,1359717266,0,NULL,NULL
5778,7752,1359717266,1,NULL,NULL
5778,31355,1359717266,0,NULL,NULL
5778,8647,1359718080,1,NULL,NULL
5778,4706,1359718080,1,NULL,NULL
5782,29659,1359568580,1,NULL,NULL
5783,23047,1359540894,0,NULL,NULL
5783,381,1359547452,1,NULL,NULL
5783,24364,1359547452,1,NULL,NULL
5784,29579,1359523562,0,NULL,NULL
5785,9952,1359096908,0,NULL,NULL
5785,29594,1359096908,-1,NULL,NULL
5785,29594,1359523536,1,NULL,NULL
5787,29644,1359205518,1,NULL,NULL
5787,29649,1359205518,0,NULL,NULL
5787,29654,1359205518,1,0.0,0.0
5788,10367,1359200734,0,NULL,NULL
5788,10369,1359200734,1,NULL,NULL
5789,35325,1359120253,1,NULL,NULL
5789,35323,1359120288,1,0.0,0.0
5791,30116,1359098449,-1,NULL,NULL
5793,31620,1359045026,1,NULL,NULL
5793,31621,1359045026,1,NULL,NULL
5794,27978,1359037952,0,NULL,NULL
5794,26214,1359037952,0,NULL,NULL
5795,22473,1358954767,0,NULL,NULL
5795,18523,1358954767,0,NULL,NULL
5795,35833,1358954767,0,NULL,NULL
5795,26021,1358954767,0,NULL,NULL
5795,18522,1358954767,0,NULL,NULL
5795,27364,1358954767,0,NULL,NULL
5795,22620,1358954767,0,NULL,NULL
5795,22537,1358954767,0,NULL,NULL
5795,27827,1358954767,0,NULL,NULL
5795,19931,1358954767,0,NULL,NULL
5795,27731,1358954767,0,NULL,NULL
5795,27374,1358954767,0,NULL,NULL
5795,25724,1358954767,0,NULL,NULL
5795,27003,1358954767,0,NULL,NULL
5795,35835,1358954767,0,NULL,NULL
5795,30799,1358954767,0,NULL,NULL
5795,22975,1358954767,0,NULL,NULL
5795,28760,1358954767,0,NULL,NULL
5795,9184,1358954767,0,NULL,NULL
5795,28397,1358954767,0,NULL,NULL
5795,26136,1358954767,0,NULL,NULL
5795,27393,1358954767,0,NULL,NULL
5795,15901,1358954767,0,NULL,NULL
5795,25700,1358954767,0,NULL,NULL
5795,9612,1358954767,0,NULL,NULL
5795,16500,1358954767,0,NULL,NULL
5795,24372,1358954767,0,NULL,NULL
5795,26580,1358954767,0,NULL,NULL
5795,22556,1358954767,0,NULL,NULL
5795,35834,1358954767,0,NULL,NULL
5795,12408,1358954767,0,NULL,NULL
5795,22558,1358954767,0,NULL,NULL
5795,30416,1358954767,0,NULL,NULL
5795,24236,1358954767,0,NULL,NULL
5795,22574,1358954767,0,NULL,NULL
5795,28227,1358954767,0,0.0,0.0
5795,27198,1358954767,0,NULL,NULL
5795,25811,1358954767,0,NULL,NULL
5795,27624,1358954767,0,NULL,NULL
5795,30660,1358954767,0,NULL,NULL
5796,18009,1358836165,-1,NULL,NULL
5796,8357,1358676872,0,NULL,NULL
5796,21180,1358694289,0,NULL,NULL
5796,16620,1358694289,0,NULL,NULL
5796,27279,1358779704,0,NULL,NULL
5796,31064,1358676872,0,NULL,NULL
5796,9420,1358694289,0,NULL,NULL
5796,16308,1358694289,0,NULL,NULL
5796,9419,1358802541,1,NULL,NULL
5796,26506,1358694289,0,NULL,NULL
5796,9422,1358694289,0,NULL,NULL
5796,20454,1358694289,0,NULL,NULL
5796,12348,1358800964,0,NULL,NULL
5796,20455,1358694289,0,NULL,NULL
5796,27279,1358694289,0,NULL,NULL
5796,27732,1358784343,-1,NULL,NULL
5796,16607,1358694289,0,NULL,NULL
5796,31615,1358676872,0,NULL,NULL
5796,27624,1358784343,1,NULL,NULL
5796,27624,1358782496,0,NULL,NULL
5796,15896,1358694289,0,NULL,NULL
5796,26957,1358676872,0,NULL,NULL
5796,16608,1358694289,0,NULL,NULL
5796,9405,1358694289,0,NULL,NULL
5796,28328,1358676872,0,NULL,NULL
5796,27675,1358694289,0,1.0,1.0
5796,16547,1358694289,0,NULL,NULL
5796,21178,1358694289,0,NULL,NULL
5796,9409,1358694289,0,NULL,NULL
5796,9083,1358676872,0,NULL,NULL
5796,9423,1358694289,0,NULL,NULL
5796,16606,1358800964,-1,NULL,NULL
5796,26961,1358676872,1,1.0,1.0
5796,27619,1358694289,0,NULL,NULL
5796,27500,1358779704,1,NULL,NULL
5796,12156,1358694289,0,NULL,NULL
5796,28594,1358676872,0,NULL,NULL
5796,15897,1358694289,0,NULL,NULL
5796,31875,1358676872,0,NULL,NULL
5796,30791,1358676872,1,NULL,NULL
5797,31183,1358784475,1,NULL,NULL
5798,24169,1358783902,0,NULL,NULL
5799,30039,1358771821,1,NULL,NULL
5802,32904,1358753595,1,NULL,NULL
5803,26218,1358612283,-1,NULL,NULL
5803,26202,1358612283,0,NULL,NULL
5805,336,1358586597,-1,NULL,NULL
5805,336,1358586675,0,NULL,NULL
5806,35860,1357871170,0,NULL,NULL
5806,35860,1358577433,0,NULL,NULL
5807,29678,1358531340,1,NULL,NULL
5807,29644,1358531340,1,NULL,NULL
5808,29688,1351940718,0,NULL,NULL
5808,29690,1351940718,0,NULL,NULL
5808,29689,1351940718,0,NULL,NULL
5808,26659,1351940718,0,NULL,NULL
5808,29688,1358526537,0,NULL,NULL
5810,16813,1358410359,0,NULL,NULL
5810,22808,1358428925,0,NULL,NULL
5810,12220,1358428925,0,NULL,NULL
5810,4853,1358428925,1,NULL,NULL
5810,16813,1358430355,0,NULL,NULL
5810,22808,1358430355,1,NULL,NULL
5810,12220,1358430355,0,NULL,NULL
5810,4853,1358430355,1,NULL,NULL
5810,16813,1358431671,0,NULL,NULL
5810,4853,1358513304,1,NULL,NULL
5810,4852,1358513304,1,NULL,NULL
5810,12220,1358513304,0,NULL,NULL
5810,12221,1358513304,0,NULL,NULL
5810,12218,1358513304,0,NULL,NULL
5810,16813,1358513304,0,0.0,0.0
5811,24381,1358511615,0,NULL,NULL
5811,24826,1358511615,1,NULL,NULL
5811,24390,1358511615,1,NULL,NULL
5812,24381,1358474253,0,NULL,NULL
5812,24826,1358474253,1,NULL,NULL
5812,24390,1358474253,1,NULL,NULL
5812,24826,1358498734,0,NULL,NULL
5812,24381,1358498734,0,NULL,NULL
5813,5295,1358434169,0,NULL,NULL
5813,7359,1358434169,1,NULL,NULL
5814,4854,1358421589,1,NULL,NULL
5814,4853,1358421589,0,NULL,NULL
5814,16813,1358421589,0,NULL,NULL
5814,19280,1358422139,0,NULL,NULL
5814,16831,1358422139,0,NULL,NULL
5814,16830,1358422139,0,NULL,NULL
5815,8855,1358333181,-1,NULL,NULL
5815,4746,1358333181,1,NULL,NULL
5817,17805,1358269142,1,NULL,NULL
5817,34927,1358269246,0,NULL,NULL
5819,8392,1358149572,0,NULL,NULL
5820,27181,1358090040,0,NULL,NULL
5820,28845,1358090040,0,NULL,NULL
5820,30707,1358090040,0,NULL,NULL
5820,29581,1358090040,1,NULL,NULL
5820,29581,1358090394,1,NULL,NULL
5821,29585,1358001172,1,NULL,NULL
5821,29581,1358001172,1,NULL,NULL
5821,27181,1358001172,1,NULL,NULL
5821,27178,1358001172,1,NULL,NULL
5822,32876,1357995403,1,NULL,NULL
5822,4830,1357995403,1,NULL,NULL
5822,4560,1357995403,1,NULL,NULL
5822,8863,1357995403,0,0.0,0.0
5822,12406,1357995403,1,NULL,NULL
5823,26222,1357993134,1,NULL,NULL
5824,18940,1357868171,1,NULL,NULL
5824,18940,1357892873,1,NULL,NULL
5825,31149,1357881271,1,NULL,NULL
5825,31157,1357881271,-1,NULL,NULL
5825,31172,1357881271,1,NULL,NULL
5825,31172,1357883299,-1,NULL,NULL
5826,12376,1357871143,1,NULL,NULL
5827,24787,1357870842,1,NULL,NULL
5827,24617,1357870842,1,NULL,NULL
5828,30694,1357850640,1,NULL,NULL
5828,28833,1357850640,1,NULL,NULL
5828,30694,1357852195,-1,NULL,NULL
5828,30694,1357852875,-1,NULL,NULL
5828,28833,1357856597,0,NULL,NULL
5828,30694,1357856597,0,NULL,NULL
5830,27550,1357720420,0,NULL,NULL
5830,25990,1357720420,1,NULL,NULL
5830,27550,1357816666,1,NULL,NULL
5830,25987,1357816666,0,NULL,NULL
5831,16021,1357718764,0,NULL,NULL
5831,16024,1357718764,1,NULL,NULL
5832,23082,1357639877,0,NULL,NULL
5832,23085,1357639877,0,NULL,NULL
5832,34848,1357639877,0,NULL,NULL
5832,23080,1357639877,0,NULL,NULL
5832,17573,1357639877,0,NULL,NULL
5833,35823,1357638506,1,NULL,NULL
5833,36070,1357638506,0,NULL,NULL
5834,14544,1357548375,0,NULL,NULL
5834,32046,1357548375,0,NULL,NULL
5834,35165,1357548375,0,NULL,NULL
5834,32046,1357571720,0,NULL,NULL
5836,12416,1357481015,0,NULL,NULL
5836,12415,1357481015,0,NULL,NULL
5836,12415,1357482170,0,NULL,NULL
5836,12416,1357482170,0,NULL,NULL
5837,24279,1357404053,0,NULL,NULL
5837,24275,1357404053,0,NULL,NULL
5837,24281,1357404053,0,NULL,NULL
5837,24284,1357404053,0,NULL,NULL
5838,31257,1357398842,0,NULL,NULL
5838,31256,1357398842,0,NULL,NULL
5838,31309,1357398842,0,NULL,NULL
5838,31253,1357398842,0,NULL,NULL
5838,31293,1357398842,0,NULL,NULL
5838,31295,1357398842,0,NULL,NULL
5838,31306,1357398842,0,NULL,NULL
5838,31255,1357398842,0,NULL,NULL
5838,31296,1357398842,0,NULL,NULL
5838,31260,1357398842,0,NULL,NULL
5838,31297,1357398842,0,NULL,NULL
5838,31254,1357398842,0,NULL,NULL
5838,31298,1357398842,0,NULL,NULL
5838,31292,1357398842,0,NULL,NULL
5838,31305,1357398842,0,NULL,NULL
5838,35686,1357398842,0,NULL,NULL
5839,35993,1357371465,0,NULL,NULL
5840,16775,1357306875,0,NULL,NULL
5840,16774,1357306875,-1,NULL,NULL
5840,22748,1357306875,-1,NULL,NULL
5840,22744,1357306875,0,NULL,NULL
5840,22749,1357306875,0,NULL,NULL
5840,4848,1357306875,1,0.0,0.0
5840,16772,1357306875,0,NULL,NULL
5840,16776,1357306875,1,NULL,NULL
5841,36072,1356955154,0,NULL,NULL
5841,36072,1357205778,1,NULL,NULL
5841,36076,1357207788,0,NULL,NULL
5841,31975,1357207788,0,NULL,NULL
5841,36072,1357207788,1,NULL,NULL
5841,36072,1357209033,1,NULL,NULL
5841,36072,1357210572,-1,NULL,NULL
5841,36072,1357211295,0,NULL,NULL
5841,36072,1357219546,1,NULL,NULL
5841,36072,1357220883,1,NULL,NULL
5841,36072,1357229499,1,NULL,NULL
5841,31975,1357292246,0,NULL,NULL
5841,31961,1357305346,0,NULL,NULL
5842,22950,1357280446,0,NULL,NULL
5842,22946,1357280446,0,NULL,NULL
5845,16878,1357134361,0,NULL,NULL
5845,17775,1357134361,0,NULL,NULL
5846,32900,1357131638,0,NULL,NULL
5846,35163,1357131638,-1,NULL,NULL
5846,35166,1357131638,0,NULL,NULL
5846,32904,1357131638,0,NULL,NULL
5846,32893,1357131638,0,NULL,NULL
5846,16892,1357131638,0,NULL,NULL
5846,12125,1357131638,0,NULL,NULL
5846,14546,1357131638,0,NULL,NULL
5849,35326,1356694393,-1,NULL,NULL
5849,11430,1356694393,0,NULL,NULL
5849,35658,1356694393,1,NULL,NULL
5849,32052,1356615200,0,NULL,NULL
5849,32052,1356699340,0,NULL,NULL
5849,19424,1356695198,1,NULL,NULL
5849,32058,1356694393,0,NULL,NULL
5849,35326,1356614321,1,NULL,NULL
5849,4709,1356615544,0,NULL,NULL
5849,32070,1356616478,0,NULL,NULL
5849,32052,1356616478,1,NULL,NULL
5849,32056,1356694393,0,NULL,NULL
5849,32060,1356616478,0,NULL,NULL
5849,35670,1356694393,0,NULL,NULL
5849,35527,1356614321,-1,NULL,NULL
5849,35339,1356694393,1,NULL,NULL
5849,35669,1356694393,1,NULL,NULL
5849,32057,1356616478,0,NULL,NULL
5849,32071,1356694393,0,NULL,NULL
5849,32060,1356694393,0,NULL,NULL
5849,32059,1356694393,0,NULL,NULL
5849,32052,1356700876,0,NULL,NULL
5849,35517,1356694393,1,NULL,NULL
5849,32071,1356687197,0,NULL,NULL
5849,32058,1356616478,0,NULL,NULL
5849,32059,1356616478,0,NULL,NULL
5849,17406,1356694393,1,NULL,NULL
5849,32052,1356694393,0,NULL,NULL
5849,17402,1356694393,1,NULL,NULL
5849,1041,1356614321,1,NULL,NULL
5849,17411,1356694393,0,NULL,NULL
5849,1961,1356614321,1,NULL,NULL
5849,32057,1356694393,0,NULL,NULL
5849,35525,1356614321,1,NULL,NULL
5849,4709,1356614321,1,NULL,NULL
5849,35527,1356615544,0,NULL,NULL
5849,32071,1356616478,0,NULL,NULL
5849,5702,1356614321,0,NULL,NULL
5849,32057,1356687197,0,NULL,NULL
5849,32056,1356616478,0,NULL,NULL
5850,21575,1356523081,0,NULL,NULL
5850,4769,1356523081,1,NULL,NULL
5851,17440,1347005541,1,NULL,NULL
5851,17402,1347005541,1,NULL,NULL
5851,31379,1347005603,1,NULL,NULL
5851,1961,1347005603,0,NULL,NULL
5851,35525,1356514957,1,NULL,NULL
5852,30847,1356420575,1,NULL,NULL
5852,30219,1356420575,1,0.0,0.0
5853,18852,1356359436,0,NULL,NULL
5853,17907,1356359436,-1,NULL,NULL
5854,28241,1356117973,1,0.0,0.0
5854,28241,1356252959,0,NULL,NULL
5856,25974,1356190407,-1,NULL,NULL
5856,26005,1356190407,0,NULL,NULL
5856,26006,1356190407,0,0.0,0.0
5856,25987,1356190407,0,NULL,NULL
5857,25751,1356097771,0,NULL,NULL
5857,27253,1356097771,1,NULL,NULL
5858,9096,1356093845,-1,NULL,NULL
5858,9095,1356093845,-1,NULL,NULL
5858,4297,1356093845,-1,NULL,NULL
5858,4296,1356093845,-1,NULL,NULL
5858,2145,1356093845,-1,NULL,NULL
5858,2143,1356093845,-1,NULL,NULL
5858,31656,1356094171,-1,NULL,NULL
5858,31658,1356094171,-1,NULL,NULL
5860,267,1356000482,0,NULL,NULL
5860,4788,1356000482,1,NULL,NULL
5861,4788,1355935112,0,NULL,NULL
5861,4788,1355997800,-1,NULL,NULL
5861,5592,1355997800,1,NULL,NULL
5862,33141,1355987105,0,NULL,NULL
5863,4687,1355929884,0,NULL,NULL
5863,1550,1355929884,1,NULL,NULL
5863,7577,1355967116,0,NULL,NULL
5863,7549,1355967116,0,NULL,NULL
5864,4788,1355910650,1,NULL,NULL
5864,4787,1355910650,1,0.0,0.0
5864,267,1355910650,1,0.0,0.0
5865,8712,1355886201,1,NULL,NULL
5865,24214,1355886201,1,NULL,NULL
5866,12086,1355864279,0,NULL,NULL
5867,31373,1355814410,0,NULL,NULL
5867,8712,1355814410,0,NULL,NULL
5867,17407,1355814679,1,NULL,NULL
5867,24214,1355816518,0,NULL,NULL
5868,25687,1355788446,0,NULL,NULL
5868,25805,1355788446,0,NULL,NULL
5868,25713,1355788446,0,NULL,NULL
5868,25876,1355788446,0,NULL,NULL
5868,25738,1355788446,0,NULL,NULL
5868,25757,1355788446,0,NULL,NULL
5868,32247,1355788446,0,NULL,NULL
5868,30693,1355788446,0,NULL,NULL
5868,30672,1355788446,0,NULL,NULL
5868,30049,1355788446,0,NULL,NULL
5868,30081,1355788446,0,NULL,NULL
5868,25829,1355788446,0,NULL,NULL
5868,30108,1355788446,0,NULL,NULL
5868,30583,1355788446,0,NULL,NULL
5868,32248,1355788446,0,NULL,NULL
5869,267,1355756024,0,0.0,0.0
5869,4787,1355756024,0,0.0,0.0
5869,4787,1355756529,0,0.0,0.0
5870,1094,1355739468,1,NULL,NULL
5870,8098,1355739468,1,NULL,NULL
5870,15721,1355739468,0,NULL,NULL
5870,34531,1355739468,0,NULL,NULL
5870,19818,1355739468,1,NULL,NULL
5870,19847,1355739468,0,NULL,NULL
5870,19816,1355739468,1,NULL,NULL
5870,34540,1355739468,0,NULL,NULL
5870,34547,1355739468,0,NULL,NULL
5870,34549,1355739468,0,NULL,NULL
5870,34529,1355739468,0,NULL,NULL
5870,34537,1355739468,0,NULL,NULL
5870,34542,1355739468,0,NULL,NULL
5871,15727,1355719205,0,NULL,NULL
5871,15741,1355719205,0,NULL,NULL
5871,8102,1355719205,-1,NULL,NULL
5871,19868,1355719205,0,NULL,NULL
5871,19869,1355719205,0,NULL,NULL
5871,19816,1355719205,1,NULL,NULL
5871,19868,1355737965,0,NULL,NULL
5872,4687,1355733178,1,NULL,NULL
5872,4688,1355733178,-1,NULL,NULL
5872,4690,1355733178,1,NULL,NULL
5872,29644,1355733178,0,NULL,NULL
5872,29636,1355733178,1,NULL,NULL
5872,29649,1355733178,-1,NULL,NULL
5874,35525,1355576591,-1,NULL,NULL
5874,35526,1355576591,-1,NULL,NULL
5875,35527,1355571298,0,NULL,NULL
5875,35526,1355571298,1,NULL,NULL
5875,35525,1355571298,-1,NULL,NULL
5876,4809,1355165137,0,NULL,NULL
5876,9184,1355165137,0,NULL,NULL
5876,9186,1355165137,1,NULL,NULL
5876,21856,1355165137,-1,NULL,NULL
5876,21855,1355165137,0,NULL,NULL
5876,21870,1355165137,-1,NULL,NULL
5876,21868,1355165137,0,NULL,NULL
5876,9185,1355165137,-1,NULL,NULL
5876,21875,1355165137,0,NULL,NULL
5876,21866,1355165137,0,NULL,NULL
5876,21870,1355171344,0,NULL,NULL
5876,21870,1355216561,1,NULL,NULL
5876,4810,1355489969,1,NULL,NULL
5876,21870,1355489969,0,NULL,NULL
5876,21870,1355493597,0,NULL,NULL
5877,25645,1355477368,0,NULL,NULL
5878,32094,1355403640,1,NULL,NULL
5879,26253,1355263592,0,NULL,NULL
5879,26253,1355345515,0,NULL,NULL
5879,30228,1355350734,0,NULL,NULL
5880,24236,1354953200,0,NULL,NULL
5880,24237,1354953200,0,NULL,NULL
5880,24236,1354986671,0,NULL,NULL
5880,24236,1355172962,0,NULL,NULL
5880,24236,1355294031,0,NULL,NULL
5882,29579,1355287436,0,NULL,NULL
5882,27198,1355287436,0,NULL,NULL
5883,24170,1353683167,1,NULL,NULL
5883,17172,1353683167,0,NULL,NULL
5883,24170,1355227245,0,NULL,NULL
5883,24171,1355227245,0,NULL,NULL
5883,17172,1355227245,0,NULL,NULL
5884,4788,1355218733,0,NULL,NULL
5884,31620,1355218733,-1,NULL,NULL
5885,12416,1354307196,0,NULL,NULL
5885,12415,1354307196,0,NULL,NULL
5885,12416,1354317074,0,NULL,NULL
5885,7235,1354317074,0,NULL,NULL
5885,12415,1354317074,1,NULL,NULL
5885,25687,1354373437,1,NULL,NULL
5885,26469,1354373437,0,NULL,NULL
5885,26453,1354373437,0,NULL,NULL
5885,25687,1355133463,-1,NULL,NULL
5886,4655,1355114479,1,NULL,NULL
5886,12344,1355114507,1,NULL,NULL
5887,4655,1354934388,1,NULL,NULL
5887,26700,1354934388,1,NULL,NULL
5887,29632,1354934388,0,NULL,NULL
5887,29649,1354934388,0,NULL,NULL
5887,30656,1354934388,0,NULL,NULL
5887,31089,1354934388,0,NULL,NULL
5887,29633,1354934388,0,NULL,NULL
5887,4655,1354934581,-1,NULL,NULL
5888,26004,1354934332,1,NULL,NULL
5889,132,1354711707,1,NULL,NULL
5889,4881,1354711707,1,NULL,NULL
5889,23466,1354711707,0,NULL,NULL
5890,12114,1354697952,1,NULL,NULL
5890,7799,1354697952,1,NULL,NULL
5890,12114,1354699796,0,NULL,NULL
5892,35985,1354188660,0,NULL,NULL
5892,35984,1354188660,-1,NULL,NULL
5893,25751,1354114673,-1,NULL,NULL
5893,25751,1354128122,1,NULL,NULL
5894,30623,1354124555,1,NULL,NULL
5895,8299,1354006360,0,NULL,NULL
5896,5775,1353985958,0,NULL,NULL
5897,30394,1353869035,1,NULL,NULL
5897,30223,1353869035,1,NULL,NULL
5897,30052,1353869035,-1,NULL,NULL
5897,30051,1353869035,-1,NULL,NULL
5898,30056,1353864548,1,NULL,NULL
5898,27167,1353864548,0,NULL,NULL
5898,29719,1353864548,1,NULL,NULL
5898,27163,1353864548,0,NULL,NULL
5898,27087,1353864548,0,NULL,NULL
5898,28645,1353864548,0,NULL,NULL
5901,25977,1353783684,0,NULL,NULL
5901,4337,1353783684,0,NULL,NULL
5901,4335,1353783684,0,NULL,NULL
5901,24398,1353783684,1,NULL,NULL
5902,25751,1353783292,0,NULL,NULL
5902,26005,1353783292,1,NULL,NULL
5903,4857,1353660374,0,NULL,NULL
5905,8784,1353419676,0,NULL,NULL
5905,10079,1353419676,1,NULL,NULL
5905,36091,1353419676,1,NULL,NULL
5905,36091,1353581950,0,NULL,NULL
5905,10079,1353581950,1,NULL,NULL
5905,10079,1353582323,0,NULL,NULL
5905,36091,1353582323,0,NULL,NULL
5905,36091,1353587467,-1,NULL,NULL
5905,36092,1353587467,0,NULL,NULL
5905,21316,1353587467,0,NULL,NULL
5905,8812,1353587467,0,NULL,NULL
5905,10079,1353587467,-1,NULL,NULL
5906,12091,1353565821,1,NULL,NULL
5907,32093,1353564353,0,NULL,NULL
5907,32090,1353564353,0,NULL,NULL
5908,26242,1353538146,1,NULL,NULL
5909,8299,1353506042,1,NULL,NULL
5909,8299,1353510560,0,NULL,NULL
5911,15660,1353409847,0,NULL,NULL
5911,4606,1353409847,1,NULL,NULL
5911,4605,1353409847,0,NULL,NULL
5911,5431,1353409847,0,NULL,NULL
5915,25987,1353263961,0,NULL,NULL
5916,24170,1353131114,1,NULL,NULL
5919,30049,1352874816,1,NULL,NULL
5919,30048,1352874816,0,NULL,NULL
5919,30025,1352874816,-1,NULL,NULL
5919,30794,1352874816,1,NULL,NULL
5921,9348,1352120089,1,NULL,NULL
5921,9363,1352120089,1,NULL,NULL
5921,9362,1352120089,1,NULL,NULL
5921,22318,1352120089,-1,NULL,NULL
5921,22322,1352120089,-1,NULL,NULL
5921,22321,1352120089,-1,NULL,NULL
5921,536,1352120089,1,NULL,NULL
5921,9358,1352120089,1,NULL,NULL
5921,9352,1352120089,1,NULL,NULL
5921,9360,1352120089,1,NULL,NULL
5921,9349,1352120089,1,NULL,NULL
5921,9348,1352841234,0,NULL,NULL
5921,9349,1352841234,0,NULL,NULL
5921,9352,1352841234,-1,NULL,NULL
5921,9358,1352841234,0,NULL,NULL
5922,4356,1352800078,0,NULL,NULL
5922,4688,1352800078,1,1.0,1.0
5922,29644,1352800078,1,NULL,NULL
5923,15781,1352777264,0,NULL,NULL
5923,20197,1352777264,1,NULL,NULL
5923,8289,1352777264,0,NULL,NULL
5926,29619,1352548123,1,NULL,NULL
5926,26994,1352548123,1,NULL,NULL
5926,29619,1352643085,-1,NULL,NULL
5928,9701,1352556719,0,0.0,0.0
5928,18528,1352556719,1,NULL,NULL
5929,8531,1352546588,1,NULL,NULL
5929,20622,1352546588,1,NULL,NULL
5929,8530,1352546588,1,NULL,NULL
5929,35510,1352546588,0,0.0,0.0
5930,24622,1352545120,1,NULL,NULL
5931,29532,1351333410,0,NULL,NULL
5931,35501,1351333410,0,NULL,NULL
5931,35498,1351333410,0,NULL,NULL
5931,15912,1351333410,0,NULL,NULL
5931,24380,1351333410,0,NULL,NULL
5931,24364,1351333410,0,NULL,NULL
5931,4795,1351333410,0,NULL,NULL
5931,4672,1351333410,0,NULL,NULL
5931,34599,1352124416,0,NULL,NULL
5931,35498,1352124416,0,NULL,NULL
5931,34927,1352124416,0,NULL,NULL
5931,35501,1352124416,0,NULL,NULL
5931,29532,1352124416,0,NULL,NULL
5931,4795,1352124416,0,NULL,NULL
5931,4672,1352124416,0,NULL,NULL
5931,24380,1352124416,0,NULL,NULL
5931,24364,1352124416,0,NULL,NULL
5931,15912,1352124416,0,NULL,NULL
5931,34927,1352275472,0,NULL,NULL
5931,34599,1352275472,-1,NULL,NULL
5932,32049,1352188794,0,NULL,NULL
5933,21864,1351710456,0,NULL,NULL
5933,21864,1351752077,0,NULL,NULL
5933,4808,1352146165,1,NULL,NULL
5933,21864,1352146165,0,NULL,NULL
5934,30140,1352116224,1,NULL,NULL
5936,30577,1352070733,1,NULL,NULL
5936,10079,1352070733,0,NULL,NULL
5936,30577,1352071739,0,NULL,NULL
5937,22322,1351956614,1,NULL,NULL
5937,9363,1351956614,1,NULL,NULL
5939,25698,1351784349,1,NULL,NULL
5939,25713,1351784349,0,NULL,NULL
5939,27675,1351784349,1,NULL,NULL
5939,25700,1351784349,1,NULL,NULL
5940,24621,1351764934,1,NULL,NULL
5940,24798,1351764934,0,NULL,NULL
5941,25660,1351761992,0,NULL,NULL
5941,27675,1351761992,0,NULL,NULL
5941,25902,1351761992,0,NULL,NULL
5942,4709,1351760677,1,NULL,NULL
5942,16101,1351760677,1,NULL,NULL
5942,16089,1351760677,1,NULL,NULL
5942,10580,1351760677,0,NULL,NULL
5942,17411,1351760677,1,NULL,NULL
5942,35527,1351760677,1,NULL,NULL
5942,15660,1351760726,1,NULL,NULL
5943,16127,1351701243,-1,NULL,NULL
5943,21323,1351701243,1,NULL,NULL
5943,4743,1351701243,0,NULL,NULL
5943,4744,1351701243,1,NULL,NULL
5943,2010,1351701243,1,NULL,NULL
5943,446,1351701243,0,0.0,NULL
5944,26214,1351694362,0,NULL,NULL
5944,26218,1351694362,0,NULL,NULL
5944,26220,1351694362,0,NULL,NULL
5944,26202,1351694362,0,NULL,NULL
5944,26256,1351694362,0,NULL,NULL
5946,36102,1351607479,0,NULL,NULL
5946,35583,1351608704,1,NULL,NULL
5946,26709,1351672513,0,NULL,NULL
5946,35333,1351674192,0,NULL,NULL
5946,35335,1351674192,0,NULL,NULL
5946,35327,1351675283,-1,NULL,NULL
5946,16203,1351676248,-1,NULL,NULL
5947,4654,1351662113,1,NULL,NULL
5949,35193,1351608893,0,NULL,NULL
5951,29621,1351310351,0,NULL,NULL
5954,8302,1351222294,1,NULL,NULL
5955,7494,1351092727,0,NULL,NULL
5956,26584,1351066210,0,NULL,NULL
5956,26583,1351066210,0,NULL,NULL
5956,25988,1351083037,1,1.0,1.0
5956,25751,1351083037,0,NULL,NULL
5956,26005,1351083037,1,NULL,NULL
5956,25988,1351083531,0,NULL,NULL
5956,25751,1351083531,0,NULL,NULL
5956,26005,1351083531,0,NULL,NULL
5959,29638,1350994706,1,NULL,NULL
5961,30277,1350971892,1,NULL,NULL
5962,17327,1350966989,0,NULL,NULL
5962,4847,1350966989,0,NULL,NULL
5962,4847,1350971844,0,NULL,NULL
5964,24621,1350912849,-1,NULL,NULL
5965,15997,1350909645,-1,NULL,NULL
5966,8284,1350901504,0,NULL,NULL
5966,4363,1350901504,0,NULL,NULL
5966,20197,1350901504,-1,NULL,NULL
5967,27291,1350900255,1,NULL,NULL
5967,29610,1350900255,0,NULL,NULL
5967,30809,1350900255,0,NULL,NULL
5968,25751,1350895943,1,NULL,NULL
5969,35658,1350856031,1,NULL,NULL
5969,35517,1350856031,1,NULL,NULL
5969,35658,1350858505,1,NULL,NULL
5969,35068,1350858505,0,NULL,NULL
5971,25960,1350745064,-1,NULL,NULL
5971,26021,1350745064,0,NULL,NULL
5971,25925,1350745064,1,NULL,NULL
5971,26026,1350745064,0,NULL,NULL
5971,25964,1350745064,0,NULL,NULL
5971,25936,1350745064,0,NULL,NULL
5971,25987,1350745064,-1,NULL,NULL
5973,12407,1350656978,0,NULL,NULL
5973,12404,1350656978,0,NULL,NULL
5973,4829,1350656978,0,NULL,NULL
5973,9355,1350656978,1,NULL,NULL
5975,31200,1350650341,1,NULL,NULL
5975,31201,1350650341,0,NULL,NULL
5978,27130,1350491993,0,NULL,NULL
5978,29596,1350491993,0,NULL,NULL
5978,29607,1350491993,1,NULL,NULL
5980,26214,1350396549,0,NULL,NULL
5981,267,1350389806,0,NULL,NULL
5981,4788,1350389806,1,NULL,NULL
5981,31632,1350389806,1,NULL,NULL
5982,31621,1350210416,-1,NULL,NULL
5982,12376,1350210416,0,NULL,NULL
5982,2141,1350210416,1,NULL,NULL
5983,7268,1350139020,1,NULL,NULL
5983,35193,1350139020,1,NULL,NULL
5983,35195,1350139020,0,NULL,NULL
5986,8806,1349768304,1,NULL,NULL
5986,4743,1349768304,0,NULL,NULL
5987,9348,1349714461,0,NULL,NULL
5987,4829,1349714461,0,NULL,NULL
5987,22309,1349714461,0,NULL,NULL
5987,22313,1349714461,0,NULL,NULL
5987,22318,1349714461,-1,NULL,NULL
5987,22319,1349714461,0,NULL,NULL
5987,22322,1349714461,0,NULL,NULL
5987,22325,1349714461,-1,NULL,NULL
5987,22311,1349714461,0,NULL,NULL
5987,22324,1349714461,0,NULL,NULL
5987,22321,1349714461,1,NULL,NULL
5987,9346,1349714461,0,NULL,NULL
5987,9347,1349714461,1,NULL,NULL
5987,22317,1349714461,0,NULL,NULL
5988,9349,1349706519,1,NULL,NULL
5989,26236,1349426530,0,NULL,NULL
5989,30165,1349426530,0,NULL,NULL
5989,30139,1349426530,0,NULL,NULL
5989,27298,1349591607,0,NULL,NULL
5989,30100,1349591607,0,NULL,NULL
5989,30139,1349591607,0,NULL,NULL
5990,10280,1349535786,0,NULL,NULL
5990,10279,1349535786,0,NULL,NULL
5990,10285,1349535786,0,NULL,NULL
5990,10282,1349535786,1,NULL,NULL
5990,10292,1349535786,0,NULL,NULL
5990,10287,1349535786,0,NULL,NULL
5990,10281,1349535786,-1,NULL,NULL
5990,10278,1349535786,0,NULL,NULL
5991,7311,1349530281,0,NULL,NULL
5991,4788,1349530281,0,NULL,NULL
5991,4787,1349530281,0,NULL,NULL
5991,5592,1349530281,0,NULL,NULL
5991,2142,1349530281,0,NULL,NULL
5991,267,1349530281,0,NULL,NULL
5991,31621,1349530281,1,NULL,NULL
5991,31632,1349530281,0,NULL,NULL
5991,9944,1349530310,0,NULL,NULL
5992,30139,1349520254,1,NULL,NULL
5992,30100,1349520254,1,NULL,NULL
5992,30311,1349520254,0,NULL,NULL
5992,30689,1349520254,0,NULL,NULL
5992,35549,1349520254,0,NULL,NULL
5992,30232,1349520254,0,NULL,NULL
5992,30285,1349520254,0,NULL,NULL
5992,30690,1349520254,0,NULL,NULL
5992,30687,1349520254,1,NULL,NULL
5992,28828,1349520254,1,NULL,NULL
5992,30684,1349520254,0,NULL,NULL
5993,28051,1349503351,-1,NULL,NULL
5993,28688,1349503351,0,NULL,NULL
5993,28207,1349503351,-1,NULL,NULL
5993,26214,1349503351,-1,NULL,NULL
5993,26250,1349503351,0,NULL,NULL
5993,27960,1349503351,-1,NULL,NULL
5994,21864,1349439946,0,NULL,NULL
5994,4808,1349439946,1,NULL,NULL
5995,30050,1349241348,0,NULL,NULL
5995,30403,1349241348,1,NULL,NULL
5995,30221,1349269282,0,NULL,NULL
5995,30232,1349269282,1,NULL,NULL
5995,30684,1349269282,1,NULL,NULL
5995,25751,1349269282,0,NULL,NULL
5995,30665,1349271160,-1,NULL,NULL
5995,25813,1349271160,-1,NULL,NULL
5995,30108,1349271160,0,NULL,NULL
5995,28109,1349271160,0,NULL,NULL
5995,28109,1349271239,0,NULL,NULL
5995,30232,1349420639,1,NULL,NULL
5995,30689,1349420639,0,NULL,NULL
5995,30684,1349420639,1,NULL,NULL
5995,30684,1349421018,1,NULL,NULL
5995,30684,1349422063,0,NULL,NULL
5997,4743,1349204469,0,NULL,NULL
5997,446,1349204469,0,0.0,NULL
5997,2010,1349204469,0,NULL,NULL
5997,16202,1349204469,0,NULL,NULL
5997,4743,1349272437,0,NULL,NULL
5997,2010,1349272437,1,NULL,NULL
5997,446,1349272437,0,0.0,NULL
5997,16191,1349272437,0,NULL,NULL
5998,35960,1349264492,0,NULL,NULL
5999,30057,1349261844,1,NULL,NULL
6000,35401,1349099486,0,NULL,NULL
6000,9187,1349099486,0,NULL,NULL
6000,35408,1349099486,0,NULL,NULL
6000,7648,1349099486,0,NULL,NULL
6000,18528,1349099486,0,NULL,NULL
6000,17576,1349099486,0,NULL,NULL
6000,20351,1349099486,0,NULL,NULL
6000,28108,1349099486,0,NULL,NULL
6000,31583,1349099486,0,NULL,NULL
6000,17762,1349099486,0,NULL,NULL
6000,35410,1349099486,1,NULL,NULL
6000,17201,1349099486,1,NULL,NULL
6000,15530,1349099486,0,NULL,NULL
6000,8375,1349099486,0,NULL,NULL
6000,34599,1349099486,1,NULL,NULL
6000,19065,1349099486,0,NULL,NULL
6000,35413,1349099486,0,NULL,NULL
6000,34958,1349099486,0,NULL,NULL
6000,7601,1349099486,0,NULL,NULL
6000,19064,1349099486,0,NULL,NULL
6000,35112,1349099486,0,NULL,NULL
6000,34927,1349099486,0,NULL,NULL
6000,8374,1349099486,0,NULL,NULL
6000,31453,1349099486,0,NULL,NULL
6000,35044,1349099486,0,NULL,NULL
6000,31297,1349099486,0,NULL,NULL
6000,16278,1349099486,0,NULL,NULL
6000,5431,1349099486,0,NULL,NULL
6000,8851,1349099486,0,NULL,NULL
6000,35411,1349099486,0,NULL,NULL
6000,19063,1349099486,0,NULL,NULL
6000,20355,1349099486,0,NULL,NULL
6000,19067,1349099486,0,NULL,NULL
6000,20354,1349099486,1,NULL,NULL
6000,35836,1349099486,0,NULL,NULL
6000,34921,1349099486,0,NULL,NULL
6000,16465,1349099486,0,NULL,NULL
6000,17550,1349099486,0,NULL,NULL
6000,35386,1349099486,0,NULL,NULL
6000,9634,1349099486,0,NULL,NULL
6001,17639,1349062379,1,NULL,NULL
6001,35325,1349062379,0,NULL,NULL
6001,35323,1349062379,0,0.0,0.0
6001,17986,1349062379,1,NULL,NULL
6002,30020,1348989706,0,NULL,NULL
6002,25657,1348989706,1,NULL,NULL
6002,25652,1348989706,0,0.0,0.0
6002,1404,1348989706,0,0.0,0.0
6002,26005,1348989706,0,NULL,NULL
6002,25653,1348989706,1,NULL,NULL
6002,25974,1348989706,0,NULL,NULL
6002,25658,1348989706,-1,NULL,NULL
6002,16559,1348989706,0,NULL,NULL
6003,25721,1348840386,0,NULL,NULL
6003,25689,1348840386,1,NULL,NULL
6003,25706,1348840386,0,NULL,NULL
6005,8125,1348825863,1,NULL,NULL
6006,30082,1348766129,1,NULL,NULL
6006,27244,1348766129,1,NULL,NULL
6007,30219,1348759904,0,0.0,0.0
6007,25762,1348759904,0,NULL,NULL
6007,27291,1348759904,1,NULL,NULL
6008,26220,1348755346,1,NULL,NULL
6008,26214,1348757957,1,NULL,NULL
6009,30219,1348753402,0,0.0,0.0
6010,24400,1348745767,0,NULL,NULL
6012,14392,1348706840,1,NULL,NULL
6012,14388,1348706840,0,NULL,NULL
6012,14391,1348706840,0,NULL,NULL
6012,14387,1348706840,0,NULL,NULL
6012,14390,1348706840,-1,NULL,NULL
6012,36105,1348706840,0,NULL,NULL
6012,36106,1348706840,0,NULL,NULL
6012,14393,1348706840,0,NULL,NULL
6013,25650,1348584646,0,0.0,0.0
6013,25650,1348661237,0,0.0,0.0
6015,26202,1348608507,-1,NULL,NULL
6015,25650,1348608507,0,0.0,0.0
6016,30111,1348588032,-1,NULL,NULL
6016,30142,1348588032,1,NULL,NULL
6018,25751,1348555457,1,NULL,NULL
6018,30803,1348555457,0,NULL,NULL
6018,30103,1348555457,1,NULL,NULL
6018,30811,1348555457,0,NULL,NULL
6020,30770,1348486804,0,NULL,NULL
6020,31109,1348489089,0,NULL,NULL
6022,27675,1348422793,1,NULL,NULL
6022,25888,1348422793,1,NULL,NULL
6024,30671,1348332591,0,NULL,NULL
6025,30694,1348306627,-1,NULL,NULL
6025,30677,1348306627,1,NULL,NULL
6025,28823,1348306627,0,NULL,NULL
6026,26087,1348237800,0,NULL,NULL
6026,26097,1348237800,1,NULL,NULL
6026,4369,1348237800,1,NULL,NULL
6026,26097,1348305565,-1,NULL,NULL
6028,9161,1348125360,1,NULL,NULL
6028,4800,1348125360,0,NULL,NULL
6028,4800,1348215789,1,NULL,NULL
6028,21845,1348215789,1,NULL,NULL
6030,35561,1348210330,0,NULL,NULL
6030,35560,1348210330,0,NULL,NULL
6031,9953,1348100941,0,NULL,NULL
6031,19998,1348100941,0,NULL,NULL
6032,16287,1348095977,0,NULL,NULL
6033,4744,1348095760,1,NULL,NULL
6034,24785,1346874909,0,NULL,NULL
6034,24622,1346874909,0,NULL,NULL
6034,24622,1348086048,1,NULL,NULL
6034,24797,1348086048,0,NULL,NULL
6036,4654,1347953447,1,NULL,NULL
6037,21178,1347949632,0,NULL,NULL
6037,21180,1347949632,0,NULL,NULL
6037,21179,1347949632,0,NULL,NULL
6040,35522,1347888739,0,NULL,NULL
6040,18015,1347888739,0,NULL,NULL
6041,27206,1347868022,0,NULL,NULL
6045,4746,1347621219,1,NULL,NULL
6045,16297,1347621219,0,NULL,NULL
6045,14407,1347621219,0,NULL,NULL
6045,8854,1347621219,1,NULL,NULL
6045,21387,1347621219,0,NULL,NULL
6046,10372,1347483667,-1,NULL,NULL
6046,10369,1347483667,0,NULL,NULL
6046,10372,1347559787,-1,NULL,NULL
6047,30719,1347546622,1,NULL,NULL
6047,31096,1347546622,1,NULL,NULL
6048,4795,1347542015,1,NULL,NULL
6049,25661,1297966193,0,NULL,NULL
6049,16408,1297975937,0,NULL,NULL
6049,26199,1297966193,0,NULL,NULL
6049,31012,1297966193,0,NULL,NULL
6049,31037,1297966193,0,NULL,NULL
6049,36488,1297971515,0,NULL,NULL
6049,36437,1297969159,0,0.0,0.0
6049,27902,1297966193,0,NULL,NULL
6049,36288,1297966193,0,NULL,NULL
6049,36523,1297969516,0,NULL,NULL
6049,36098,1297968761,0,NULL,NULL
6049,16162,1297971515,0,NULL,NULL
6049,21321,1297971515,0,NULL,NULL
6049,31306,1297975937,0,NULL,NULL
6049,16117,1297971515,0,NULL,NULL
6049,31487,1297975937,0,NULL,NULL
6049,28677,1297966193,0,NULL,NULL
6049,27331,1297966193,0,NULL,NULL
6049,18010,1297973105,0,NULL,NULL
6049,26584,1297966193,0,NULL,NULL
6049,28080,1297966193,0,NULL,NULL
6049,30166,1297966193,0,NULL,NULL
6049,31138,1297975937,0,NULL,NULL
6049,9405,1297968761,0,NULL,NULL
6049,25991,1297966193,0,NULL,NULL
6049,28511,1297966193,0,NULL,NULL
6049,28058,1297966193,0,NULL,NULL
6049,27879,1297966193,0,NULL,NULL
6049,16547,1297968761,0,NULL,NULL
6049,16749,1297968761,0,NULL,NULL
6049,35824,1297967550,0,NULL,NULL
6049,10369,1297975937,0,NULL,NULL
6049,21224,1297973105,0,NULL,NULL
6049,16590,1297968761,0,NULL,NULL
6049,25746,1297966193,0,NULL,NULL
6049,16658,1297968761,0,NULL,NULL
6049,28218,1297966193,0,NULL,NULL
6049,16125,1297971515,0,NULL,NULL
6049,30067,1297966193,0,NULL,NULL
6049,27621,1297966193,0,NULL,NULL
6050,17406,1347436727,1,NULL,NULL
6050,17460,1347440338,1,NULL,NULL
6051,17406,1347436777,0,NULL,NULL
6051,17402,1347436777,0,NULL,NULL
6052,10372,1347388466,0,NULL,NULL
6052,4877,1347388466,0,NULL,NULL
6052,133,1347388466,0,NULL,NULL
6052,16872,1347388466,0,NULL,NULL
6052,16871,1347388466,0,NULL,NULL
6052,20617,1347388466,0,NULL,NULL
6052,17201,1347388466,0,NULL,NULL
6052,18528,1347388466,0,NULL,NULL
6052,34958,1347388466,0,NULL,NULL
6052,30668,1347388466,0,NULL,NULL
6052,32234,1347388466,0,NULL,NULL
6052,30656,1347388466,0,NULL,NULL
6052,35582,1347388466,0,NULL,NULL
6052,35122,1347388466,0,NULL,NULL
6052,36066,1347388466,0,NULL,NULL
6052,30131,1347388466,0,NULL,NULL
6053,18054,1346662711,-1,NULL,NULL
6053,18056,1346662711,0,NULL,NULL
6053,133,1346662711,1,NULL,NULL
6053,18053,1347338084,0,NULL,NULL
6054,336,1347329070,-1,NULL,NULL
6055,35270,1347272291,0,NULL,NULL
6055,31219,1347272291,-1,NULL,NULL
6055,35346,1347272291,0,NULL,NULL
6055,31217,1347272291,0,NULL,NULL
6055,31220,1347272291,1,NULL,NULL
6055,35346,1347281087,0,NULL,NULL
6055,31219,1347281087,0,NULL,NULL
6055,35345,1347281593,0,NULL,NULL
6055,35346,1347286039,0,NULL,NULL
6055,35270,1347286039,0,NULL,NULL
6056,31370,1293456575,1,NULL,NULL
6056,35326,1293456575,0,NULL,NULL
6056,35325,1293456575,-1,NULL,NULL
6056,25787,1347196018,0,NULL,NULL
6056,25653,1347196018,1,NULL,NULL
6056,25991,1347196018,1,NULL,NULL
6056,24403,1347196018,0,NULL,NULL
6056,26222,1347196018,1,NULL,NULL
6056,30711,1347196018,1,NULL,NULL
6056,26223,1347196018,1,NULL,NULL
6056,25787,1347196746,0,NULL,NULL
6056,25991,1347196818,0,NULL,NULL
6056,26222,1347263429,-1,NULL,NULL
6056,28075,1347263429,0,NULL,NULL
6056,24403,1347263429,0,NULL,NULL
6056,25653,1347263429,0,NULL,NULL
6056,25991,1347263429,0,NULL,NULL
6056,26223,1347263429,0,NULL,NULL
6057,31856,1347210510,1,NULL,NULL
6057,4803,1347210510,1,NULL,NULL
6058,31425,1323635287,-1,NULL,NULL
6058,9655,1325338989,-1,NULL,NULL
6058,9429,1322990442,0,NULL,NULL
6058,21172,1325353821,0,NULL,NULL
6058,21169,1325353821,-1,NULL,NULL
6058,9420,1322990442,1,NULL,NULL
6058,35566,1323635287,0,NULL,NULL
6058,31427,1323635287,-1,NULL,NULL
6058,16854,1325338989,0,NULL,NULL
6058,21171,1325353821,-1,NULL,NULL
6058,21153,1325353821,-1,NULL,NULL
6058,21155,1325353821,-1,NULL,NULL
6058,22866,1325338989,0,NULL,NULL
6058,21160,1325353821,-1,NULL,NULL
6058,16820,1325338989,-1,NULL,NULL
6058,16822,1325338989,-1,NULL,NULL
6058,21170,1325353821,0,NULL,NULL
6058,16847,1325338989,0,NULL,NULL
6058,9434,1322990442,0,NULL,NULL
6058,31129,1338327281,0,NULL,NULL
6058,16600,1322990442,0,NULL,NULL
6058,21157,1325353821,-1,NULL,NULL
6058,21166,1325353821,0,NULL,NULL
6058,16824,1325338989,-1,NULL,NULL
6058,31421,1323635287,0,NULL,NULL
6058,31417,1323635287,0,NULL,NULL
6058,9419,1322990442,-1,NULL,NULL
6058,12042,1325338989,0,NULL,NULL
6058,16846,1325338989,-1,NULL,NULL
6058,24236,1325874413,-1,NULL,NULL
6058,31426,1323635287,0,NULL,NULL
6058,21167,1325353821,0,NULL,NULL
6058,21736,1323123838,-1,NULL,NULL
6058,12139,1323123838,-1,NULL,NULL
6058,22867,1325338989,-1,NULL,NULL
6058,21168,1325353821,-1,NULL,NULL
6058,16071,1325353821,-1,NULL,NULL
6058,9423,1322990442,0,NULL,NULL
6058,31430,1323635287,-1,NULL,NULL
6058,9422,1322990442,0,NULL,NULL
6059,21867,1347104857,0,NULL,NULL
6059,4805,1347104857,-1,NULL,NULL
6059,4808,1347104857,-1,NULL,NULL
6059,21864,1347104857,0,NULL,NULL
6059,21863,1347104857,0,NULL,NULL
6059,4808,1347187865,0,NULL,NULL
6059,4805,1347187865,0,NULL,NULL
6060,31157,1347182507,0,NULL,NULL
6060,31171,1347182507,1,NULL,NULL
6062,416,1347027615,1,NULL,NULL
6064,28780,1346836600,0,NULL,NULL
6064,25751,1346836600,1,NULL,NULL
6064,30220,1346836600,0,NULL,NULL
6064,30850,1346836600,0,NULL,NULL
6064,30948,1346836600,0,NULL,NULL
6064,34824,1346836600,1,NULL,NULL
6064,25751,1347004805,0,NULL,NULL
6065,26222,1346929131,0,NULL,NULL
6065,27353,1346929131,0,NULL,NULL
6065,25653,1346929131,1,NULL,NULL
6065,25751,1346929131,0,NULL,NULL
6066,35205,1346868915,0,NULL,NULL
6066,25968,1346868915,1,NULL,NULL
6066,36115,1346868915,0,NULL,NULL
6066,36117,1346868915,0,NULL,NULL
6066,36114,1346868915,0,NULL,NULL
6067,36114,1346783307,0,NULL,NULL
6067,36109,1346783307,1,NULL,NULL
6067,36117,1346783307,1,NULL,NULL
6067,36113,1346783307,1,NULL,NULL
6067,36114,1346856172,-1,NULL,NULL
6067,36117,1346856172,1,NULL,NULL
6067,35327,1346856172,0,NULL,NULL
6067,36118,1346858272,0,NULL,NULL
6067,35327,1346858272,0,NULL,NULL
6067,36109,1346858272,0,NULL,NULL
6067,36117,1346858272,0,NULL,NULL
6067,36113,1346858272,0,NULL,NULL
6067,1161,1346858272,0,NULL,NULL
6067,17578,1346858272,0,NULL,NULL
6067,17550,1346858272,0,NULL,NULL
6067,17576,1346858272,0,NULL,NULL
6067,17577,1346858272,0,NULL,NULL
6067,36117,1346858686,0,NULL,NULL
6067,17550,1346858686,0,NULL,NULL
6067,17576,1346858686,0,NULL,NULL
6067,17577,1346858686,0,NULL,NULL
6067,17578,1346858686,0,NULL,NULL
6068,25974,1346852837,0,NULL,NULL
6069,20886,1346828901,1,NULL,NULL
6069,20881,1346828901,0,NULL,NULL
6069,16024,1346828901,0,NULL,NULL
6069,16025,1346828901,0,NULL,NULL
6069,16026,1346828901,0,NULL,NULL
6069,8665,1346828901,0,NULL,NULL
6069,16022,1346828901,0,NULL,NULL
6069,8649,1346828901,0,NULL,NULL
6069,8655,1346828901,-1,NULL,NULL
6069,8664,1346828901,0,0.0,0.0
6069,20884,1346828901,0,NULL,NULL
6069,20895,1346828901,0,NULL,NULL
6071,17201,1346758596,1,NULL,NULL
6071,36109,1346758596,0,NULL,NULL
6071,36122,1346758596,0,NULL,NULL
6071,7268,1346766642,0,NULL,NULL
6071,36117,1346766642,-1,NULL,NULL
6071,36122,1346766642,0,NULL,NULL
6072,35211,1346421110,0,NULL,NULL
6072,36123,1346421110,0,NULL,NULL
6072,35227,1346421110,0,NULL,NULL
6072,36117,1346664651,1,NULL,NULL
6072,25750,1346668761,1,NULL,NULL
6072,36117,1346668761,0,NULL,NULL
6072,35201,1346668761,0,NULL,NULL
6072,36113,1346668761,0,NULL,NULL
6072,36117,1346675991,1,NULL,NULL
6072,35210,1346675991,0,NULL,NULL
6072,35212,1346675991,0,NULL,NULL
6072,36113,1346675991,1,NULL,NULL
6072,35201,1346675991,0,NULL,NULL
6073,35947,1346748676,0,NULL,NULL
6073,200,1346748676,0,NULL,NULL
6073,17702,1346748676,0,NULL,NULL
6073,22381,1346748676,0,NULL,NULL
6073,17703,1346748676,0,NULL,NULL
6074,31875,1346679679,1,NULL,NULL
6074,31831,1346679679,0,NULL,NULL
6074,30711,1346679679,1,NULL,NULL
6075,20843,1346658841,0,NULL,NULL
6076,26137,1346401388,0,NULL,NULL
6076,25661,1346401388,0,0.0,0.0
6076,25662,1346401388,1,0.0,0.0
6076,529,1346401388,0,NULL,NULL
6076,26136,1346401388,1,NULL,NULL
6076,25687,1346401455,0,NULL,NULL
6076,529,1346641726,0,NULL,NULL
6077,17455,1345099814,-1,NULL,NULL
6077,17422,1345099814,0,NULL,NULL
6077,17421,1345099814,0,NULL,NULL
6077,17411,1346495356,0,NULL,NULL
6078,17173,1346484868,0,NULL,NULL
6079,16203,1346401509,0,NULL,NULL
6079,10306,1346401509,1,NULL,NULL
6079,8820,1346401509,0,NULL,NULL
6080,4805,1345978026,0,NULL,NULL
6080,4808,1345978026,-1,NULL,NULL
6080,21860,1345978026,1,NULL,NULL
6080,4805,1346396565,1,NULL,NULL
6080,4805,1346397029,0,NULL,NULL
6081,4646,1346292102,0,NULL,NULL
6081,20118,1346292102,1,NULL,NULL
6081,12314,1346292102,1,NULL,NULL
6083,16442,1346298132,0,NULL,NULL
6083,22245,1346298132,0,NULL,NULL
6083,16441,1346298132,0,NULL,NULL
6083,22244,1346298132,0,NULL,NULL
6083,22270,1346298132,0,NULL,NULL
6083,22278,1346298132,0,NULL,NULL
6083,16439,1346298132,0,NULL,NULL
6083,16440,1346298132,0,NULL,NULL
6083,10109,1346298132,0,NULL,NULL
6083,9343,1346298132,0,NULL,NULL
6083,9336,1346298132,0,NULL,NULL
6083,9342,1346298132,-1,NULL,NULL
6083,80,1346298132,1,NULL,NULL
6083,78,1346298132,0,NULL,NULL
6083,79,1346298132,1,NULL,NULL
6083,86,1346298132,0,NULL,NULL
6083,85,1346298132,1,NULL,NULL
6083,17611,1346298132,1,NULL,NULL
6083,36125,1346298132,0,NULL,NULL
6083,36129,1346298132,1,NULL,NULL
6083,36130,1346298132,1,NULL,NULL
6083,22259,1346298132,0,NULL,NULL
6083,22269,1346298132,0,NULL,NULL
6083,35749,1346298132,0,NULL,NULL
6083,22279,1346298132,0,NULL,NULL
6083,22238,1346298132,0,NULL,NULL
6083,22282,1346298132,0,NULL,NULL
6083,22268,1346298132,0,NULL,NULL
6083,22281,1346298132,0,NULL,NULL
6083,22280,1346298132,0,NULL,NULL
6083,22261,1346298132,0,NULL,NULL
6084,746,1346229387,1,NULL,NULL
6084,25651,1346229387,1,NULL,NULL
6084,9800,1346229387,1,NULL,NULL
6084,26108,1346229387,1,NULL,NULL
6084,26108,1346274615,1,NULL,NULL
6085,25662,1346256344,0,0.0,0.0
6085,25661,1346256344,0,0.0,0.0
6085,25686,1346256344,0,NULL,NULL
6086,18054,1346241813,-1,NULL,NULL
6088,16116,1346159617,1,NULL,NULL
6088,28847,1346160688,1,NULL,NULL
6088,30715,1346160688,1,NULL,NULL
6088,30715,1346160997,0,NULL,NULL
6088,30715,1346161152,1,NULL,NULL
6089,14541,1346052052,1,0.0,0.0
6089,4876,1346052052,1,NULL,NULL
6089,4875,1346052052,0,NULL,NULL
6089,4877,1346052052,1,NULL,NULL
6089,7758,1346052052,1,NULL,NULL
6089,4876,1346129956,0,NULL,NULL
6090,30062,1346058591,1,NULL,NULL
6090,29721,1346058636,0,NULL,NULL
6092,9803,1346051410,1,NULL,NULL
6092,9802,1346051410,1,NULL,NULL
6092,9805,1346051410,1,NULL,NULL
6092,18534,1346051410,0,0.0,0.0
6092,9806,1346051410,1,NULL,NULL
6095,7758,1345974283,-1,NULL,NULL
6098,14392,1345890859,0,NULL,NULL
6098,14387,1345890859,0,NULL,NULL
6098,14391,1345890859,0,NULL,NULL
6098,14390,1345890859,0,NULL,NULL
6098,4703,1345890859,-1,NULL,NULL
6098,5775,1345890859,-1,NULL,NULL
6099,29636,1345888228,0,NULL,NULL
6100,10372,1345799440,1,0.0,0.0
6100,10369,1345799440,0,NULL,NULL
6104,1208,1345646885,0,NULL,NULL
6104,1188,1345646885,0,NULL,NULL
6104,33312,1325074378,-1,NULL,NULL
6104,33313,1326870249,0,NULL,NULL
6104,1211,1324898905,0,NULL,NULL
6104,33297,1325074378,-1,0.0,0.0
6104,33301,1325074378,-1,NULL,NULL
6104,24833,1324737360,1,NULL,NULL
6104,1353,1325174130,0,NULL,NULL
6104,32658,1326870249,0,NULL,NULL
6104,32658,1324898905,0,NULL,NULL
6104,24837,1324737360,1,NULL,NULL
6104,33313,1325075458,0,NULL,NULL
6104,1356,1326870249,0,NULL,NULL
6104,33302,1325075458,0,NULL,NULL
6104,33313,1325074378,0,NULL,NULL
6104,33296,1325074378,0,NULL,NULL
6104,1193,1345646885,0,NULL,NULL
6104,33304,1325074378,-1,0.0,0.0
6104,33293,1325074378,-1,NULL,NULL
6104,24837,1326870249,0,NULL,NULL
6104,1185,1345646885,0,NULL,NULL
6104,1195,1345646885,0,NULL,NULL
6104,1214,1324898905,0,NULL,NULL
6104,33308,1325074378,0,NULL,NULL
6104,1216,1326870249,0,NULL,NULL
6104,32805,1326870249,0,NULL,NULL
6104,1355,1326870249,0,NULL,NULL
6104,34903,1324898905,0,NULL,NULL
6104,24837,1325584347,-1,NULL,NULL
6104,1216,1324898905,1,NULL,NULL
6104,24836,1324737360,0,NULL,NULL
6104,1356,1325174130,-1,NULL,NULL
6104,32657,1324898905,0,NULL,NULL
6104,1196,1345646885,0,NULL,NULL
6104,1205,1345646885,0,NULL,NULL
6104,1210,1345646885,0,NULL,NULL
6104,34903,1326870249,0,NULL,NULL
6104,33292,1325074378,1,NULL,NULL
6104,1209,1345646885,0,NULL,NULL
6105,30224,1345623091,0,NULL,NULL
6106,32046,1345612576,1,NULL,NULL
6106,32044,1345612576,1,NULL,NULL
6106,32045,1345612576,1,NULL,NULL
6106,35168,1345612576,1,NULL,NULL
6106,14544,1345612576,0,NULL,NULL
6106,35166,1345612576,0,NULL,NULL
6106,32048,1345612576,0,NULL,NULL
6108,29618,1345517945,1,NULL,NULL
6109,18528,1345218798,0,NULL,NULL
6109,9701,1345470544,0,NULL,NULL
6109,23001,1345470544,0,NULL,NULL
6109,18528,1345470544,0,NULL,NULL
6109,18528,1345471244,1,1.0,1.0
6110,25751,1345037846,1,NULL,NULL
6110,14507,1345283954,0,NULL,NULL
6110,14507,1345318219,0,NULL,NULL
6110,14507,1345447950,0,NULL,NULL
6110,4860,1345447950,-1,NULL,NULL
6110,32013,1345447950,0,NULL,NULL
6110,36073,1345447950,0,NULL,NULL
6110,35013,1345453260,1,NULL,NULL
6110,35058,1345453260,1,NULL,NULL
6111,24400,1345298612,0,NULL,NULL
6112,16500,1345298549,0,NULL,NULL
6112,16501,1345298549,0,NULL,NULL
6113,20675,1345162588,0,NULL,NULL
6113,20674,1345162588,0,NULL,NULL
6113,7645,1345162588,0,NULL,NULL
6113,7659,1345162588,0,NULL,NULL
6113,7651,1345162588,0,NULL,NULL
6113,7648,1345162588,0,NULL,NULL
6113,7629,1345162588,0,NULL,NULL
6113,7660,1345162588,0,NULL,NULL
6113,7630,1345162588,0,NULL,NULL
6113,7655,1345162588,0,NULL,NULL
6113,7649,1345162588,0,NULL,NULL
6113,7643,1345162588,0,NULL,NULL
6113,7644,1345162588,0,NULL,NULL
6113,35337,1345162588,0,NULL,NULL
6113,35338,1345162588,1,NULL,NULL
6113,7609,1345228076,0,NULL,NULL
6113,7648,1345228076,0,NULL,NULL
6113,7601,1345228076,0,NULL,NULL
6114,30684,1345209872,1,NULL,NULL
6114,27260,1345209872,1,0.0,0.0
6114,25746,1345209872,1,0.0,0.0
6114,25750,1345209872,0,NULL,NULL
6114,8125,1345209872,1,NULL,NULL
6114,4860,1345209872,1,NULL,NULL
6115,25987,1345177240,1,NULL,NULL
6115,25987,1345214292,-1,NULL,NULL
6116,15809,1345211725,1,NULL,NULL
6116,15810,1345211725,1,NULL,NULL
6116,15798,1345211725,1,NULL,NULL
6116,15797,1345211725,1,NULL,NULL
6117,15945,1345114421,1,NULL,NULL
6117,8540,1345114421,1,NULL,NULL
6117,4356,1345114421,1,NULL,NULL
6117,20669,1345114421,0,NULL,NULL
6117,20670,1345114421,0,NULL,NULL
6118,29649,1344832027,0,NULL,NULL
6118,29638,1344832027,1,NULL,NULL
6118,416,1345109405,1,NULL,NULL
6118,1550,1345109405,1,NULL,NULL
6118,26836,1345109405,0,NULL,NULL
6118,26835,1345109405,0,NULL,NULL
6118,29638,1345109405,0,NULL,NULL
6120,1041,1345082521,1,NULL,NULL
6120,16089,1345082521,1,NULL,NULL
6120,35525,1345082521,0,NULL,NULL
6120,17406,1345088231,1,NULL,NULL
6121,20864,1345042758,0,NULL,NULL
6121,4703,1345042758,-1,NULL,NULL
6121,4704,1345042758,0,NULL,NULL
6121,8637,1345042758,0,NULL,NULL
6121,8639,1345042758,0,NULL,NULL
6121,8641,1345042758,0,NULL,NULL
6121,16014,1345042758,0,NULL,NULL
6121,16017,1345042758,0,NULL,NULL
6121,14391,1345042758,0,NULL,NULL
6121,16015,1345042758,0,NULL,NULL
6121,14392,1345042758,0,NULL,NULL
6121,14388,1345042758,0,NULL,NULL
6121,14390,1345042758,0,NULL,NULL
6121,8638,1345042758,0,NULL,NULL
6121,20871,1345042758,0,NULL,NULL
6121,12268,1345042758,0,NULL,NULL
6121,20872,1345042758,0,NULL,NULL
6121,14393,1345042758,0,NULL,NULL
6121,36105,1345042758,0,NULL,NULL
6121,36106,1345042758,0,NULL,NULL
6123,29584,1344996601,0,NULL,NULL
6124,35339,1344940846,0,NULL,NULL
6124,4605,1344940846,0,NULL,NULL
6124,19424,1344940846,0,NULL,NULL
6124,35326,1344940846,0,NULL,NULL
6124,19424,1344948775,0,NULL,NULL
6124,17989,1344948775,0,NULL,NULL
6124,35326,1344948775,0,NULL,NULL
6124,35339,1344948775,0,NULL,NULL
6125,8654,1344933747,0,NULL,NULL
6125,8652,1344933747,0,NULL,NULL
6125,8651,1344933747,0,NULL,NULL
6125,8664,1344933747,0,0.0,0.0
6125,8655,1344933747,0,NULL,NULL
6125,16025,1344933747,1,NULL,NULL
6125,15419,1344933747,0,NULL,NULL
6125,20886,1344933747,0,NULL,NULL
6125,16022,1344933747,0,NULL,NULL
6125,16023,1344933747,0,NULL,NULL
6125,12102,1344933747,0,NULL,NULL
6125,26084,1344933747,1,NULL,NULL
6125,25651,1344933747,0,NULL,NULL
6125,20884,1344933747,0,NULL,NULL
6125,16021,1344933747,-1,NULL,NULL
6125,26084,1344933828,0,NULL,NULL
6127,27733,1344862855,1,NULL,NULL
6127,25687,1344874004,-1,NULL,NULL
6128,17406,1344849457,0,NULL,NULL
6128,35658,1344849457,1,NULL,NULL
6128,35669,1344849457,1,NULL,NULL
6128,35517,1344849457,1,NULL,NULL
6128,35525,1344849457,0,NULL,NULL
6128,5615,1344849457,1,NULL,NULL
6128,2242,1344849457,1,NULL,NULL
6128,1041,1344849457,0,NULL,NULL
6128,17402,1344849457,1,NULL,NULL
6129,32012,1344848598,0,NULL,NULL
6131,30081,1344573990,0,NULL,NULL
6131,12086,1344700056,0,NULL,NULL
6131,8327,1344700056,1,NULL,NULL
6131,8327,1344825603,-1,NULL,NULL
6132,29637,1344573956,0,NULL,NULL
6132,29635,1344573956,0,0.0,0.0
6133,36139,1340873576,0,NULL,NULL
6133,31553,1340957925,1,NULL,NULL
6133,15498,1340958269,1,NULL,NULL
6133,20385,1344435745,0,NULL,NULL
6133,36139,1344435745,1,NULL,NULL
6134,31621,1344412912,1,NULL,NULL
6134,267,1344412912,0,NULL,NULL
6134,31638,1344412912,1,NULL,NULL
6135,30036,1344395792,0,NULL,NULL
6136,31216,1343883156,0,NULL,NULL
6136,31217,1343883156,0,NULL,NULL
6136,35346,1343883156,0,NULL,NULL
6136,35270,1343883156,0,NULL,NULL
6136,31220,1343883156,0,NULL,NULL
6136,31219,1343883156,0,NULL,NULL
6136,35345,1343883156,0,NULL,NULL
6136,36140,1343883156,0,NULL,NULL
6136,31217,1344394161,0,NULL,NULL
6136,31220,1344394161,1,NULL,NULL
6136,35270,1344394161,1,NULL,NULL
6138,32906,1344346411,1,NULL,NULL
6139,4709,1344346363,1,NULL,NULL
6139,17411,1344346363,1,NULL,NULL
6141,16370,1344115205,1,NULL,NULL
6141,482,1344115205,1,NULL,NULL
6141,21725,1344118229,0,NULL,NULL
6146,34707,1343293861,1,NULL,NULL
6147,25724,1343229167,0,0.0,0.0
6148,21845,1343222516,1,NULL,NULL
6148,9161,1343222516,1,NULL,NULL
6148,4800,1343222516,1,NULL,NULL
6149,30070,1343138124,1,NULL,NULL
6150,25738,1343133896,0,NULL,NULL
6150,26961,1343133896,1,NULL,NULL
6151,24572,1343079373,1,NULL,NULL
6151,24728,1343079373,1,NULL,NULL
6151,24570,1343079373,0,NULL,NULL
6152,22321,1342647791,1,NULL,NULL
6152,22313,1342647791,0,NULL,NULL
6152,22322,1342647791,1,NULL,NULL
6152,12407,1342647791,0,NULL,NULL
6152,9363,1342647791,-1,NULL,NULL
6152,9362,1342647791,0,NULL,NULL
6152,12404,1342647791,1,0.0,0.0
6152,536,1342647791,0,NULL,NULL
6153,26244,1342461077,0,NULL,NULL
6153,26065,1342461077,0,0.0,0.0
6153,26303,1342461077,1,NULL,NULL
6153,25996,1342461077,0,NULL,NULL
6153,26303,1342543806,0,NULL,NULL
6153,28093,1342543806,0,NULL,NULL
6153,26303,1342547239,0,NULL,NULL
6153,28093,1342547239,1,NULL,NULL
6153,26065,1342626014,0,0.0,0.0
6155,26271,1292870894,1,NULL,NULL
6155,26204,1292870894,1,0.0,0.0
6155,26272,1292870894,1,NULL,NULL
6155,28744,1292913784,0,NULL,NULL
6155,26271,1292913784,0,NULL,NULL
6155,36117,1342579476,0,NULL,NULL
6156,35213,1342578589,0,NULL,NULL
6156,36112,1342578589,0,NULL,NULL
6159,29584,1342457637,1,NULL,NULL
6159,29579,1342457637,1,NULL,NULL
6160,4655,1342457632,1,NULL,NULL
6160,12086,1342457632,1,NULL,NULL
6161,30220,1342437937,1,NULL,NULL
6162,36091,1342422123,0,NULL,NULL
6163,32892,1341845767,-1,NULL,NULL
6163,32899,1341845767,-1,NULL,NULL
6163,32903,1341845767,-1,NULL,NULL
6163,32904,1341845767,-1,NULL,NULL
6163,32893,1341845767,-1,NULL,NULL
6163,35168,1341845767,-1,NULL,NULL
6163,35165,1341845767,1,NULL,NULL
6163,36083,1341845767,0,NULL,NULL
6163,23147,1341845767,0,NULL,NULL
6163,32048,1341845767,0,NULL,NULL
6163,32049,1341845767,0,NULL,NULL
6163,36077,1341845767,-1,NULL,NULL
6163,36082,1341845767,0,NULL,NULL
6163,32901,1341845767,-1,NULL,NULL
6163,23146,1341845767,0,NULL,NULL
6163,32902,1341845767,-1,NULL,NULL
6163,32043,1341845767,-1,NULL,NULL
6163,32046,1341845767,0,NULL,NULL
6163,32047,1341845767,0,NULL,NULL
6163,35166,1341845767,0,NULL,NULL
6163,32906,1341845767,-1,NULL,NULL
6163,32900,1341845767,-1,NULL,NULL
6163,35163,1341845767,0,NULL,NULL
6163,23149,1341845767,0,NULL,NULL
6163,23143,1341845767,0,NULL,NULL
6163,16892,1341845767,0,NULL,NULL
6163,23145,1341845767,0,NULL,NULL
6163,23148,1341845767,0,NULL,NULL
6163,23144,1341845767,0,NULL,NULL
6163,12125,1341845767,1,NULL,NULL
6163,14544,1341845767,1,NULL,NULL
6163,14555,1341845767,0,NULL,NULL
6163,14546,1341845767,0,NULL,NULL
6163,14558,1341845767,0,NULL,NULL
6163,9745,1341845767,0,NULL,NULL
6163,9744,1341845767,0,NULL,NULL
6163,32043,1342249345,1,NULL,NULL
6164,10281,1342171952,0,NULL,NULL
6165,25738,1342082954,0,NULL,NULL
6165,26961,1342170664,1,NULL,NULL
6166,26218,1341612831,1,NULL,NULL
6166,28592,1341612831,1,NULL,NULL
6166,25987,1341612831,0,NULL,NULL
6166,25985,1341612831,1,NULL,NULL
6166,26218,1342117328,-1,NULL,NULL
6166,28592,1342117328,-1,NULL,NULL
6166,25985,1342117328,-1,NULL,NULL
6166,25987,1342117328,0,NULL,NULL
6168,74,1341988295,0,NULL,NULL
6168,8309,1342106304,0,NULL,NULL
6170,30141,1342070514,1,NULL,NULL
6171,30059,1341848560,1,NULL,NULL
6171,29719,1341848560,0,NULL,NULL
6171,27088,1341861106,0,NULL,NULL
6173,446,1341734527,0,0.0,NULL
6173,445,1341734527,1,NULL,NULL
6173,2010,1341734527,0,NULL,NULL
6173,4743,1341734527,0,NULL,NULL
6175,31157,1341729557,1,NULL,NULL
6175,31171,1341729557,1,NULL,NULL
6176,35587,1339712749,1,NULL,NULL
6176,35586,1339712749,0,NULL,NULL
6176,35583,1339712749,0,NULL,NULL
6176,35583,1340137179,1,NULL,NULL
6176,36151,1341578861,0,NULL,NULL
6176,10607,1341578861,0,NULL,NULL
6177,24171,1341575620,0,NULL,NULL
6178,26961,1341575165,1,NULL,NULL
6178,25738,1341575165,1,NULL,NULL
6179,4343,1341474664,-1,NULL,NULL
6179,26097,1341474664,0,NULL,NULL
6179,25651,1341474664,1,NULL,NULL
6180,15703,1341421218,0,NULL,NULL
6181,4343,1341408567,0,NULL,NULL
6182,25906,1341386509,1,NULL,NULL
6182,25896,1341386509,1,NULL,NULL
6182,27663,1341386509,1,NULL,NULL
6183,29537,1341076618,-1,NULL,NULL
6186,4857,1340639541,0,NULL,NULL
6186,16875,1340639541,1,NULL,NULL
6187,26126,1340638917,0,NULL,NULL
6187,25876,1340638917,1,NULL,NULL
6188,30142,1340542680,-1,NULL,NULL
6188,30143,1340542680,0,NULL,NULL
6189,24404,1340538009,1,NULL,NULL
6189,26446,1340538009,1,NULL,NULL
6189,25675,1340538009,1,NULL,NULL
6190,26038,1340481063,0,NULL,NULL
6191,30784,1338124385,0,NULL,NULL
6191,30783,1338124385,0,NULL,NULL
6191,30774,1338124385,1,NULL,NULL
6191,30783,1338201058,0,NULL,NULL
6191,30779,1338201058,0,NULL,NULL
6191,30784,1338201058,0,NULL,NULL
6191,30774,1338203547,0,NULL,NULL
6191,30777,1340219781,0,NULL,NULL
6191,30774,1340219781,1,NULL,NULL
6191,30787,1340219781,1,NULL,NULL
6191,30784,1340219781,0,NULL,NULL
6191,30785,1340219781,0,NULL,NULL
6191,30780,1340219781,1,NULL,NULL
6191,30783,1340219781,1,NULL,NULL
6191,30781,1340219781,1,NULL,NULL
6191,30779,1340219781,1,NULL,NULL
6191,30774,1340288449,-1,NULL,NULL
6192,16118,1340178811,0,NULL,NULL
6192,32877,1340200878,0,NULL,NULL
6192,16767,1340200878,0,NULL,NULL
6193,9701,1340111803,0,0.0,0.0
6193,18528,1340111803,1,NULL,NULL
6195,32893,1340085155,1,NULL,NULL
6195,32903,1340085155,0,NULL,NULL
6195,14544,1340085155,0,NULL,NULL
6195,35163,1340085155,0,NULL,NULL
6195,32906,1340085155,0,NULL,NULL
6195,32046,1340085155,0,NULL,NULL
6195,32045,1340085155,0,NULL,NULL
6195,32044,1340085155,0,NULL,NULL
6195,16892,1340085543,0,NULL,NULL
6195,32904,1340085543,0,NULL,NULL
6196,5807,1340080514,0,NULL,NULL
6196,4699,1340080514,0,NULL,NULL
6197,35323,1340027502,1,0.0,0.0
6197,35325,1340027502,1,NULL,NULL
6197,16084,1340027502,-1,NULL,NULL
6199,24178,1339935552,0,NULL,NULL
6199,24183,1339935552,1,NULL,NULL
6199,24182,1339935552,0,NULL,NULL
6199,24179,1339935552,-1,NULL,NULL
6199,24181,1339935552,0,NULL,NULL
6199,35648,1339937368,0,NULL,NULL
6200,24170,1339937314,1,NULL,NULL
6201,16504,1339846386,0,NULL,NULL
6201,25751,1339846386,1,NULL,NULL
6201,25653,1339846386,1,NULL,NULL
6201,540,1339846386,0,NULL,NULL
6201,27353,1339846386,0,NULL,NULL
6201,26197,1339846386,0,0.0,0.0
6201,26222,1339846386,-1,NULL,NULL
6201,25652,1339846386,0,0.0,0.0
6201,26196,1339846386,0,NULL,NULL
6202,26698,1339761734,0,NULL,NULL
6202,30036,1339761734,0,NULL,NULL
6202,30672,1339829936,0,NULL,NULL
6202,30039,1339829936,0,NULL,NULL
6202,30036,1339829936,0,NULL,NULL
6203,4655,1339785964,1,NULL,NULL
6205,10369,1339771447,1,NULL,NULL
6206,12085,1339600835,1,NULL,NULL
6206,8367,1339600835,1,NULL,NULL
6206,12085,1339659396,-1,NULL,NULL
6207,30108,1339598976,0,NULL,NULL
6207,25791,1339598976,0,NULL,NULL
6209,4787,1339169292,0,NULL,NULL
6209,4788,1339169292,0,NULL,NULL
6209,9096,1339169292,0,NULL,NULL
6209,9095,1339169292,0,NULL,NULL
6209,31620,1339169292,1,NULL,NULL
6209,31621,1339169292,1,NULL,NULL
6209,267,1339579516,1,NULL,NULL
6209,2141,1339579516,0,NULL,NULL
6209,9091,1339579516,0,NULL,NULL
6209,31620,1339579516,0,NULL,NULL
6209,31621,1339579516,0,NULL,NULL
6209,31676,1339579516,0,NULL,NULL
6210,14388,1338268767,0,NULL,NULL
6210,14388,1339509581,1,NULL,NULL
6210,14390,1339509581,0,NULL,NULL
6210,14392,1339509581,-1,NULL,NULL
6210,5775,1339509581,1,NULL,NULL
6210,12268,1339509581,0,NULL,NULL
6211,4744,1339507862,1,NULL,NULL
6214,30722,1339493234,1,NULL,NULL
6217,32906,1339398426,1,NULL,NULL
6220,30718,1339233855,0,NULL,NULL
6222,30228,1339164649,0,NULL,NULL
6222,30220,1339164649,1,NULL,NULL
6222,30277,1339164649,0,NULL,NULL
6223,4874,1337851764,0,NULL,NULL
6223,16927,1337851764,0,NULL,NULL
6223,17907,1337851764,1,NULL,NULL
6223,18852,1337851764,1,NULL,NULL
6223,23284,1337851764,0,NULL,NULL
6223,23282,1337851764,-1,NULL,NULL
6223,23283,1337851764,0,NULL,NULL
6223,11422,1337852878,0,NULL,NULL
6223,23273,1337942455,1,NULL,NULL
6223,16927,1337942455,0,NULL,NULL
6223,23282,1337942455,1,NULL,NULL
6223,23284,1337942455,0,NULL,NULL
6223,17907,1337942455,1,NULL,NULL
6223,18852,1337942455,0,NULL,NULL
6223,9785,1337942455,0,NULL,NULL
6223,4874,1337942455,1,NULL,NULL
6223,16927,1337951157,0,NULL,NULL
6223,9785,1337951157,1,NULL,NULL
6223,18852,1337951157,-1,NULL,NULL
6223,17907,1337951157,1,NULL,NULL
6223,23282,1337952571,-1,NULL,NULL
6223,17907,1337952571,1,NULL,NULL
6223,18852,1337952571,1,NULL,NULL
6223,4874,1337952571,-1,NULL,NULL
6223,17907,1339147255,-1,NULL,NULL
6223,18852,1339147255,-1,NULL,NULL
6224,10369,1339139810,1,NULL,NULL
6224,10365,1339139810,1,NULL,NULL
6225,15774,1339138868,1,NULL,NULL
6225,8270,1339138868,1,NULL,NULL
6226,7708,1339137332,0,NULL,NULL
6226,7703,1339137332,0,NULL,NULL
6226,7704,1339137332,0,NULL,NULL
6226,4705,1339137332,0,NULL,NULL
6227,4655,1338993982,1,NULL,NULL
6227,12331,1338993982,1,NULL,NULL
6227,8299,1338993982,1,NULL,NULL
6228,12117,1338988983,1,NULL,NULL
6228,9186,1338988983,1,NULL,NULL
6229,16875,1338975194,1,NULL,NULL
6232,4752,1338889418,-1,NULL,NULL
6232,5659,1338889418,-1,NULL,NULL
6232,5721,1338889418,-1,NULL,NULL
6232,35561,1338889418,-1,NULL,NULL
6232,21475,1338889418,0,NULL,NULL
6232,21474,1338889418,0,NULL,NULL
6232,21476,1338889418,0,NULL,NULL
6232,21466,1338889418,1,NULL,NULL
6232,21469,1338889418,1,NULL,NULL
6232,35562,1338889418,0,NULL,NULL
6232,21470,1338889418,0,NULL,NULL
6232,35560,1338889418,0,NULL,NULL
6233,1109,1338883202,1,NULL,NULL
6234,4656,1330059707,0,NULL,NULL
6234,12346,1330059707,1,NULL,NULL
6234,20301,1330059707,1,NULL,NULL
6234,20301,1330060405,-1,NULL,NULL
6234,35559,1338832658,1,NULL,NULL
6237,10365,1338804905,0,NULL,NULL
6238,4744,1338793615,1,NULL,NULL
6238,4743,1338793615,-1,NULL,NULL
6238,10079,1338793615,0,NULL,NULL
6238,16125,1338793615,1,NULL,NULL
6238,36091,1338793615,0,NULL,NULL
6239,4830,1338755308,1,NULL,NULL
6239,4829,1338755308,1,NULL,NULL
6239,7237,1338755308,1,NULL,NULL
6239,7236,1338755308,-1,NULL,NULL
6239,12404,1338755308,0,0.0,0.0
6239,12407,1338755308,1,NULL,NULL
6241,25662,1335879507,0,0.0,0.0
6241,25661,1335879507,0,0.0,0.0
6241,25660,1335879507,0,NULL,NULL
6241,26134,1335879507,0,NULL,NULL
6241,34534,1338733510,0,NULL,NULL
6241,34541,1338733510,0,NULL,NULL
6241,34543,1338733510,-1,NULL,NULL
6241,34538,1338733510,0,NULL,NULL
6241,34536,1338733510,1,NULL,NULL
6241,34548,1338733510,0,NULL,NULL
6241,19816,1338733510,0,NULL,NULL
6241,34550,1338733510,0,NULL,NULL
6241,8111,1338733510,0,NULL,NULL
6241,8098,1338733510,1,NULL,NULL
6241,8102,1338733510,-1,NULL,NULL
6241,15704,1338733510,0,NULL,NULL
6242,4337,1338716419,1,NULL,NULL
6242,4337,1338716883,0,NULL,NULL
6242,16502,1338716961,0,NULL,NULL
6243,18095,1338714900,1,NULL,NULL
6243,4732,1338714900,1,NULL,NULL
6243,4733,1338714900,1,NULL,NULL
6243,21131,1338714900,0,NULL,NULL
6243,21123,1338714900,0,NULL,NULL
6243,35065,1338714900,0,NULL,NULL
6243,21124,1338714900,-1,NULL,NULL
6243,35064,1338714900,1,NULL,NULL
6245,15945,1338666022,-1,NULL,NULL
6245,20669,1338666022,1,NULL,NULL
6245,20670,1338666022,1,NULL,NULL
6245,26707,1338666022,1,NULL,NULL
6245,29644,1338666022,1,NULL,NULL
6245,29662,1338666022,0,NULL,NULL
6245,29668,1338666022,0,NULL,NULL
6245,29666,1338666022,0,0.0,0.0
6245,8540,1338666022,0,NULL,NULL
6245,29674,1338666022,1,NULL,NULL
6245,29662,1338666567,0,NULL,NULL
6246,31140,1335616638,0,NULL,NULL
6246,31124,1335621187,-1,NULL,NULL
6246,31119,1335621187,-1,NULL,NULL
6246,31131,1338639236,0,NULL,NULL
6246,31140,1338639236,0,NULL,NULL
6247,30694,1338430195,1,NULL,NULL
6247,30694,1338453680,0,NULL,NULL
6248,2010,1338045466,1,NULL,NULL
6248,446,1338045466,0,0.0,NULL
6248,7294,1338045466,1,NULL,NULL
6248,4743,1338045466,1,NULL,NULL
6248,446,1338055955,0,0.0,NULL
6248,7294,1338055955,1,NULL,NULL
6248,7294,1338312998,0,NULL,NULL
6248,446,1338312998,0,0.0,NULL
6249,24619,1338306385,0,NULL,NULL
6249,24785,1338306385,1,NULL,NULL
6249,24621,1338306385,1,NULL,NULL
6250,12116,1338302925,0,NULL,NULL
6251,26286,1338295940,1,NULL,NULL
6252,4834,1338172048,1,NULL,NULL
6255,1624,1338031155,-1,NULL,NULL
6257,8125,1337953843,0,NULL,NULL
6257,9701,1337953843,0,NULL,NULL
6257,18528,1337953843,1,NULL,NULL
6257,24825,1337953843,0,NULL,NULL
6257,19928,1337953843,0,NULL,NULL
6257,19931,1337953843,0,NULL,NULL
6257,19930,1337953843,0,NULL,NULL
6258,8125,1337787858,0,NULL,NULL
6258,30224,1337787858,1,NULL,NULL
6258,30234,1337787858,0,NULL,NULL
6258,25751,1337787858,0,NULL,NULL
6258,30235,1337787858,0,NULL,NULL
6258,24414,1337868694,1,NULL,NULL
6258,24403,1337868694,0,NULL,NULL
6258,8125,1337868694,1,NULL,NULL
6258,24404,1337868694,0,NULL,NULL
6258,34971,1337868694,0,NULL,NULL
6259,21866,1337836468,1,NULL,NULL
6259,4809,1337836468,1,NULL,NULL
6259,4806,1337836468,-1,NULL,NULL
6262,30057,1337799519,0,NULL,NULL
6263,4656,1337266008,1,NULL,NULL
6263,4655,1337266008,1,NULL,NULL
6263,8299,1337266008,0,NULL,NULL
6263,12348,1337266008,1,NULL,NULL
6263,12349,1337266008,0,NULL,NULL
6263,8299,1337793117,1,NULL,NULL
6263,4655,1337793117,1,NULL,NULL
6263,4656,1337793117,1,NULL,NULL
6264,15930,1337766939,1,NULL,NULL
6267,27675,1337523782,1,NULL,NULL
6267,25888,1337523782,1,NULL,NULL
6267,25883,1337597126,1,NULL,NULL
6267,25886,1337597126,0,NULL,NULL
6267,30217,1337597126,0,NULL,NULL
6267,27628,1337597126,1,NULL,NULL
6267,25887,1337597126,0,NULL,NULL
6267,25888,1337597126,0,NULL,NULL
6267,25885,1337597126,0,NULL,NULL
6268,30056,1337543755,0,NULL,NULL
6268,29719,1337543755,1,NULL,NULL
6268,30059,1337543755,0,NULL,NULL
6269,27577,1337501426,0,NULL,NULL
6270,25885,1337516067,1,NULL,NULL
6270,27665,1337516067,0,NULL,NULL
6270,27675,1337516067,1,NULL,NULL
6271,26214,1337439086,-1,NULL,NULL
6271,30260,1337439086,0,NULL,NULL
6271,30139,1337439086,0,NULL,NULL
6273,31027,1337431685,0,NULL,NULL
6273,31024,1337431685,0,NULL,NULL
6273,31028,1337431685,0,NULL,NULL
6273,30832,1337431685,0,0.0,0.0
6273,30255,1337431685,0,NULL,NULL
6273,30848,1337431685,0,NULL,NULL
6273,30581,1337431685,0,NULL,NULL
6273,30253,1337431685,0,NULL,NULL
6273,30836,1337431685,0,NULL,NULL
6273,30816,1337431685,0,NULL,NULL
6273,28677,1337431685,0,NULL,NULL
6273,30296,1337431685,1,NULL,NULL
6273,30835,1337431685,1,NULL,NULL
6273,30837,1337431685,0,NULL,NULL
6273,30671,1337431685,1,NULL,NULL
6273,31029,1337431685,0,NULL,NULL
6273,30261,1337431685,0,NULL,NULL
6273,30139,1337431685,0,NULL,NULL
6273,26214,1337431685,0,NULL,NULL
6274,22895,1337300913,1,NULL,NULL
6274,4857,1337300913,1,NULL,NULL
6274,4856,1337300913,0,NULL,NULL
6276,22895,1337191211,1,NULL,NULL
6276,4857,1337191211,0,NULL,NULL
6277,35527,1336808741,0,NULL,NULL
6277,35522,1336817497,0,NULL,NULL
6277,35521,1336817497,0,NULL,NULL
6278,21064,1336677326,1,NULL,NULL
6278,4369,1336677326,1,NULL,NULL
6278,21064,1336686487,0,NULL,NULL
6278,4369,1336686487,0,NULL,NULL
6278,26087,1336686487,1,NULL,NULL
6278,26087,1336753802,-1,NULL,NULL
6278,21064,1336753802,0,NULL,NULL
6278,4369,1336753802,0,NULL,NULL
6278,4369,1336753811,-1,NULL,NULL
6278,21064,1336753811,-1,NULL,NULL
6279,4834,1336718177,0,NULL,NULL
6279,4831,1336718177,0,NULL,NULL
6279,22347,1336718177,0,NULL,NULL
6281,35325,1336635058,1,NULL,NULL
6281,5615,1336635058,1,NULL,NULL
6282,12118,1336615127,1,NULL,NULL
6283,17793,1336596511,1,NULL,NULL
6283,4765,1336596511,1,NULL,NULL
6284,17167,1336583766,0,NULL,NULL
6285,20133,1336580767,0,NULL,NULL
6285,14452,1336580767,1,NULL,NULL
6285,20132,1336580767,0,NULL,NULL
6285,20131,1336580767,0,NULL,NULL
6285,15773,1336580767,1,NULL,NULL
6287,21474,1336226154,0,NULL,NULL
6287,35561,1336226154,0,NULL,NULL
6287,5721,1336226154,1,NULL,NULL
6289,30719,1336204259,1,NULL,NULL
6289,30103,1336204259,0,NULL,NULL
6289,31096,1336204259,0,NULL,NULL
6289,30114,1336204259,0,NULL,NULL
6289,25751,1336204259,0,NULL,NULL
6290,30277,1336114647,0,NULL,NULL
6290,30869,1336114647,1,NULL,NULL
6291,25661,1336021094,0,0.0,0.0
6291,25662,1336021094,0,0.0,0.0
6291,25916,1336021094,0,NULL,NULL
6293,30070,1335855174,1,NULL,NULL
6294,19816,1335788887,1,NULL,NULL
6294,25651,1335788887,0,NULL,NULL
6294,10531,1335788887,1,NULL,NULL
6294,19818,1335788887,1,NULL,NULL
6294,26072,1335788887,1,NULL,NULL
6294,1094,1335788887,1,NULL,NULL
6294,10532,1335788887,-1,0.0,0.0
6294,8102,1335788887,0,NULL,NULL
6294,15703,1335788887,1,0.0,0.0
6294,10533,1335788887,0,NULL,NULL
6295,26214,1335714766,0,NULL,NULL
6296,25876,1319379754,1,NULL,NULL
6297,27643,1335706442,0,NULL,NULL
6297,30623,1335706442,0,NULL,NULL
6298,29654,1335703807,0,NULL,NULL
6299,29584,1335688029,0,NULL,NULL
6299,30707,1335688029,1,NULL,NULL
6299,28845,1335688029,0,NULL,NULL
6299,16902,1335691704,0,NULL,NULL
6299,15934,1335691704,0,NULL,NULL
6299,16876,1335691704,0,NULL,NULL
6300,30222,1326793645,1,NULL,NULL
6300,30220,1326793645,-1,NULL,NULL
6300,25752,1326793645,0,NULL,NULL
6300,31031,1326793645,0,NULL,NULL
6300,31032,1326793645,1,NULL,NULL
6300,24368,1326793645,-1,NULL,NULL
6300,25751,1326793645,0,NULL,NULL
6300,24398,1326793645,1,NULL,NULL
6300,4337,1326793645,0,NULL,NULL
6300,4335,1326793645,0,NULL,NULL
6300,381,1326793645,0,NULL,NULL
6300,381,1335625139,0,NULL,NULL
6300,9701,1335625139,0,NULL,NULL
6300,24373,1335625139,0,NULL,NULL
6300,24380,1335625139,0,NULL,NULL
6300,18528,1335625139,1,NULL,NULL
6300,23045,1335625139,0,NULL,NULL
6301,4742,1313686179,0,NULL,NULL
6301,446,1335538965,0,0.0,NULL
6301,2010,1335538965,1,NULL,NULL
6301,4742,1335538965,1,NULL,NULL
6301,4743,1335538965,0,NULL,NULL
6301,4742,1335599281,0,1.0,1.0
6302,35525,1329706145,0,NULL,NULL
6302,35525,1335553353,1,NULL,NULL
6302,35518,1335553353,0,NULL,NULL
6303,18528,1335540090,1,NULL,NULL
6303,9701,1335540090,0,NULL,NULL
6305,22991,1335524493,0,NULL,NULL
6306,26213,1335513365,0,NULL,NULL
6307,4335,1335512880,1,NULL,NULL
6308,27686,1335512522,0,NULL,NULL
6308,27687,1335512522,0,NULL,NULL
6308,25924,1335512522,0,NULL,NULL
6308,25919,1335512522,1,NULL,NULL
6309,21180,1335507633,0,NULL,NULL
6309,21179,1335507633,0,NULL,NULL
6309,21178,1335507633,0,NULL,NULL
6309,21179,1335508217,0,NULL,NULL
6309,21180,1335508217,0,NULL,NULL
6309,21178,1335508217,0,NULL,NULL
6310,35525,1335504944,0,NULL,NULL
6311,29640,1335423067,1,NULL,NULL
6311,30070,1335423067,1,NULL,NULL
6311,29636,1335423067,1,NULL,NULL
6311,29637,1335423067,0,NULL,NULL
6311,29645,1335423067,1,NULL,NULL
6311,29638,1335423067,-1,NULL,NULL
6311,26778,1335423067,0,NULL,NULL
6311,27628,1335423067,0,NULL,NULL
6311,27772,1335423067,1,NULL,NULL
6311,26713,1335423067,0,NULL,NULL
6311,26710,1335423067,0,NULL,NULL
6311,26195,1335423067,0,NULL,NULL
6312,12416,1335415791,1,NULL,NULL
6312,23474,1335415791,0,NULL,NULL
6312,23467,1335415791,1,NULL,NULL
6312,23466,1335415791,0,NULL,NULL
6312,16969,1335415791,0,NULL,NULL
6312,12415,1335415791,0,NULL,NULL
6312,9843,1335415791,0,NULL,NULL
6312,9839,1335415791,0,NULL,NULL
6312,4880,1335415791,0,NULL,NULL
6312,128,1335415791,0,NULL,NULL
6312,129,1335415791,1,NULL,NULL
6313,27772,1335355362,1,NULL,NULL
6313,26195,1335355362,-1,0.0,0.0
6313,12211,1335414896,-1,0.0,0.0
6314,31350,1335392591,0,NULL,NULL
6315,4808,1335389864,1,0.0,0.0
6315,21864,1335389864,1,NULL,NULL
6316,30682,1335353160,0,NULL,NULL
6316,29645,1335353160,1,NULL,NULL
6316,29638,1335353160,1,NULL,NULL
6316,29634,1335353160,0,NULL,NULL
6316,30070,1335353160,0,NULL,NULL
6316,29659,1335353160,0,NULL,NULL
6318,35217,1335234644,1,NULL,NULL
6318,35217,1335234663,-1,NULL,NULL
6318,35213,1335234663,0,NULL,NULL
6318,36148,1335234663,0,NULL,NULL
6318,36148,1335301293,1,NULL,NULL
6320,9701,1334235350,-1,NULL,NULL
6320,30694,1334235498,1,NULL,NULL
6320,18528,1334243189,0,NULL,NULL
6320,17201,1334243189,1,NULL,NULL
6320,10551,1334243189,0,NULL,NULL
6320,9701,1334243189,0,NULL,NULL
6320,17201,1334249092,1,NULL,NULL
6320,18528,1334664842,0,NULL,NULL
6320,30220,1334671144,0,NULL,NULL
6320,18528,1334671144,-1,NULL,NULL
6320,10551,1334671144,0,NULL,NULL
6320,23010,1334671144,0,NULL,NULL
6320,10551,1335275812,0,NULL,NULL
6321,14482,1334498681,0,NULL,NULL
6321,26445,1335206299,1,NULL,NULL
6321,12118,1335206299,1,NULL,NULL
6321,30694,1335206299,0,NULL,NULL
6321,27222,1335206299,0,NULL,NULL
6321,30166,1335206299,1,NULL,NULL
6322,30811,1335158994,0,NULL,NULL
6322,30803,1335158994,0,NULL,NULL
6322,30099,1335158994,-1,NULL,NULL
6322,30107,1335158994,0,NULL,NULL
6322,30103,1335158994,0,NULL,NULL
6322,30106,1335158994,-1,NULL,NULL
6322,30131,1335158994,1,NULL,NULL
6322,12347,1335161471,0,NULL,NULL
6322,5466,1335180941,0,NULL,NULL
6323,30106,1335167928,-1,NULL,NULL
6324,30131,1335164191,0,NULL,NULL
6324,30099,1335164191,0,NULL,NULL
6324,30107,1335164191,0,NULL,NULL
6324,30811,1335164191,1,NULL,NULL
6326,21068,1335092189,-1,NULL,NULL
6327,30660,1335085363,-1,NULL,NULL
6327,30099,1335085363,-1,NULL,NULL
6327,30050,1335085363,-1,0.0,0.0
6327,29614,1335085363,-1,0.0,0.0
6327,30989,1335085363,-1,NULL,NULL
6327,30847,1335085363,-1,NULL,NULL
6327,28109,1335085363,-1,NULL,NULL
6327,30717,1335085363,-1,NULL,NULL
6327,34797,1335085363,0,NULL,NULL
6327,35366,1335085363,-1,NULL,NULL
6327,30694,1335085363,-1,NULL,NULL
6327,30678,1335085363,0,NULL,NULL
6327,30142,1335085363,-1,NULL,NULL
6327,30684,1335085363,-1,NULL,NULL
6327,30665,1335085363,-1,NULL,NULL
6327,28566,1335085363,-1,NULL,NULL
6327,28108,1335085363,-1,NULL,NULL
6327,25924,1335085363,-1,NULL,NULL
6327,25740,1335085363,-1,NULL,NULL
6327,25787,1335085363,-1,NULL,NULL
6327,26013,1335085363,-1,NULL,NULL
6327,26232,1335085363,-1,NULL,NULL
6328,29649,1335083836,0,NULL,NULL
6328,29637,1335083836,1,NULL,NULL
6328,29644,1335083836,1,NULL,NULL
6328,4356,1335083836,1,NULL,NULL
6329,30143,1334761728,-1,NULL,NULL
6329,30106,1334761728,1,NULL,NULL
6329,30106,1334763601,0,NULL,NULL
6329,27817,1335019941,0,NULL,NULL
6329,30095,1335019941,0,NULL,NULL
6332,29581,1334934075,1,NULL,NULL
6333,15945,1334914515,0,NULL,NULL
6334,36091,1312308291,0,NULL,NULL
6334,4743,1312308291,1,NULL,NULL
6334,7294,1312308291,1,NULL,NULL
6334,446,1312308291,0,NULL,NULL
6334,2010,1312308291,1,NULL,NULL
6334,4851,1334891631,0,NULL,NULL
6334,18097,1334891631,-1,NULL,NULL
6334,22799,1334891631,-1,NULL,NULL
6335,31350,1334766102,1,NULL,NULL
6336,25876,1334753702,1,NULL,NULL
6337,29644,1334748234,0,NULL,NULL
6337,30129,1334748234,0,NULL,NULL
6337,30105,1334748234,1,0.0,0.0
6337,26751,1334748718,0,NULL,NULL
6337,26751,1334748909,0,NULL,NULL
6338,26402,1334743157,0,NULL,NULL
6338,30057,1334743157,1,NULL,NULL
6338,29719,1334743157,0,NULL,NULL
6339,26195,1334740212,0,0.0,0.0
6339,26243,1334740212,0,NULL,NULL
6339,26206,1334740212,0,NULL,NULL
6339,26241,1334740212,0,NULL,NULL
6339,26230,1334740212,0,NULL,NULL
6339,26248,1334740212,0,NULL,NULL
6339,26249,1334740212,-1,NULL,NULL
6339,26212,1334740212,0,NULL,NULL
6339,26237,1334740212,0,NULL,NULL
6339,29603,1334740212,0,NULL,NULL
6340,30219,1334734844,0,0.0,0.0
6342,16125,1333628885,0,NULL,NULL
6342,446,1333628885,0,0.0,NULL
6342,2010,1333628885,1,NULL,NULL
6342,4743,1333628885,1,NULL,NULL
6342,16125,1334675392,-1,0.0,0.0
6345,30220,1334560204,1,NULL,NULL
6345,30166,1334560204,1,NULL,NULL
6345,30166,1334562802,-1,NULL,NULL
6345,31010,1334573916,0,NULL,NULL
6345,24393,1334574229,1,NULL,NULL
6345,24376,1334574229,1,NULL,NULL
6346,74,1334483718,1,NULL,NULL
6346,20312,1334483718,-1,NULL,NULL
6346,20319,1334483718,0,NULL,NULL
6346,20280,1334483718,1,0.0,0.0
6346,15828,1334483718,-1,NULL,NULL
6346,15853,1334483718,-1,NULL,NULL
6346,12085,1334483718,0,NULL,NULL
6346,14482,1334545077,0,NULL,NULL
6347,4656,1334545037,0,NULL,NULL
6350,30110,1334137581,0,0.0,0.0
6350,8945,1334137581,0,NULL,NULL
6352,26222,1334128451,0,NULL,NULL
6353,30682,1334123303,1,NULL,NULL
6353,29638,1334123303,0,NULL,NULL
6354,5438,1334066781,1,NULL,NULL
6354,15853,1334066781,1,NULL,NULL
6354,20344,1334066781,1,NULL,NULL
6354,15853,1334070843,0,NULL,NULL
6354,5438,1334070843,0,NULL,NULL
6354,20344,1334070843,0,NULL,NULL
6355,25700,1334037964,1,NULL,NULL
6355,27675,1334037964,1,NULL,NULL
6356,267,1333884524,0,NULL,NULL
6356,5592,1333884524,0,NULL,NULL
6356,4787,1333884524,1,NULL,NULL
6356,4788,1333884524,1,NULL,NULL
6356,4788,1333986797,0,NULL,NULL
6357,5617,1333980572,1,0.0,0.0
6357,7244,1333980572,-1,NULL,NULL
6357,15498,1333984357,1,NULL,NULL
6357,15493,1333984357,1,NULL,NULL
6357,15490,1333984357,1,NULL,NULL
6357,15491,1333984357,0,NULL,NULL
6358,31619,1333892505,0,NULL,NULL
6358,31626,1333892505,0,NULL,NULL
6358,31620,1333892505,-1,NULL,NULL
6358,31621,1333892505,-1,NULL,NULL
6358,4788,1333892505,-1,NULL,NULL
6358,4787,1333892505,-1,NULL,NULL
6358,9095,1333892505,-1,NULL,NULL
6358,9096,1333892505,-1,NULL,NULL
6359,31632,1333889216,0,NULL,NULL
6359,31620,1333889216,0,NULL,NULL
6359,4788,1333889216,-1,NULL,NULL
6359,5592,1333889216,1,NULL,NULL
6359,9095,1333889216,0,NULL,NULL
6359,9096,1333889216,0,NULL,NULL
6359,31619,1333889216,-1,NULL,NULL
6360,35587,1330399113,0,NULL,NULL
6360,35586,1330399113,1,NULL,NULL
6360,35583,1330399113,-1,NULL,NULL
6360,35587,1333682221,1,NULL,NULL
6360,35580,1333682221,0,NULL,NULL
6360,35583,1333682221,1,NULL,NULL
6360,35580,1333871437,0,NULL,NULL
6360,35583,1333871437,-1,NULL,NULL
6361,25751,1333794988,0,NULL,NULL
6361,4860,1333795012,1,0.0,0.0
6362,17463,1333787762,1,NULL,NULL
6362,17402,1333787762,1,NULL,NULL
6362,17411,1333787762,1,NULL,NULL
6362,17406,1333787762,1,NULL,NULL
6362,17402,1333788843,-1,NULL,NULL
6363,26256,1333785315,1,NULL,NULL
6364,28685,1333733305,0,NULL,NULL
6364,28063,1333733305,0,NULL,NULL
6364,26922,1333733305,0,NULL,NULL
6364,28711,1333733305,0,NULL,NULL
6364,28033,1333733305,0,NULL,NULL
6364,27757,1333733305,-1,NULL,NULL
6364,28709,1333733305,0,NULL,NULL
6364,28710,1333733305,0,NULL,NULL
6364,28810,1333733305,0,NULL,NULL
6364,26634,1333733305,0,NULL,NULL
6364,28057,1333733305,1,NULL,NULL
6364,28133,1333733305,0,NULL,NULL
6364,26633,1333733305,0,NULL,NULL
6364,27562,1333733305,0,NULL,NULL
6364,27563,1333733305,0,NULL,NULL
6364,27845,1333733305,0,NULL,NULL
6364,25650,1333733305,0,0.0,0.0
6364,27561,1333733305,0,NULL,NULL
6364,28728,1333733305,0,NULL,NULL
6364,28727,1333733305,0,NULL,NULL
6364,27560,1333733305,0,NULL,NULL
6364,27520,1333733305,0,NULL,NULL
6365,25681,1333728038,1,NULL,NULL
6365,25974,1333728038,0,NULL,NULL
6365,26007,1333728038,0,NULL,NULL
6367,31173,1333701492,-1,NULL,NULL
6368,482,1333699847,1,NULL,NULL
6369,30062,1333645444,1,NULL,NULL
6369,27124,1333645444,1,NULL,NULL
6372,30670,1333621062,1,NULL,NULL
6372,25809,1333621062,0,NULL,NULL
6372,25643,1333621062,0,NULL,NULL
6372,25960,1333621062,0,NULL,NULL
6372,25751,1333621062,0,NULL,NULL
6372,25665,1333621062,0,NULL,NULL
6372,26005,1333621062,0,NULL,NULL
6373,4367,1333321361,0,NULL,NULL
6373,1917,1333396952,0,NULL,NULL
6373,10168,1333396952,0,NULL,NULL
6373,21006,1333396952,0,NULL,NULL
6373,10168,1333397390,0,NULL,NULL
6373,21006,1333397390,0,NULL,NULL
6373,21006,1333397639,0,NULL,NULL
6373,1917,1333398253,0,NULL,NULL
6373,21006,1333398253,0,NULL,NULL
6374,25738,1332765130,1,NULL,NULL
6374,26961,1332765130,1,NULL,NULL
6374,25738,1332771047,1,NULL,NULL
6374,25731,1332771047,-1,NULL,NULL
6374,25738,1333196602,-1,NULL,NULL
6374,25738,1333287998,0,NULL,NULL
6376,25902,1333198296,0,NULL,NULL
6376,27675,1333198296,0,NULL,NULL
6377,24398,1332942276,1,NULL,NULL
6378,24826,1332836754,-1,NULL,NULL
6378,27305,1332836754,0,NULL,NULL
6378,27411,1332836754,-1,NULL,NULL
6378,27340,1332836754,0,NULL,NULL
6378,27280,1332836754,-1,NULL,NULL
6379,35823,1328559040,0,NULL,NULL
6379,36086,1328559040,0,NULL,NULL
6379,32012,1328559090,0,NULL,NULL
6379,32012,1328618943,0,NULL,NULL
6379,32012,1330617595,0,0.0,0.0
6379,36189,1330628833,0,NULL,NULL
6379,36195,1330628833,0,NULL,NULL
6379,36188,1330642377,0,NULL,NULL
6379,32023,1330642377,0,NULL,NULL
6379,27104,1332504778,0,NULL,NULL
6379,36086,1332504778,0,NULL,NULL
6379,35823,1332504778,0,NULL,NULL
6379,32012,1332504778,0,NULL,NULL
6379,16666,1332504778,0,NULL,NULL
6379,36086,1332692086,0,NULL,NULL
6379,32012,1332692086,0,NULL,NULL
6379,35823,1332692086,0,NULL,NULL
6379,27104,1332692086,0,NULL,NULL
6379,16666,1332692086,0,NULL,NULL
6379,10607,1332778642,1,NULL,NULL
6380,10607,1332692092,0,NULL,NULL
6382,32043,1332676670,1,NULL,NULL
6382,1391,1332676670,0,NULL,NULL
6382,1390,1332676670,-1,NULL,NULL
6382,18852,1332683467,0,NULL,NULL
6382,35163,1332683467,0,NULL,NULL
6382,32048,1332683467,0,NULL,NULL
6382,32049,1332683467,0,NULL,NULL
6382,35168,1332683467,1,NULL,NULL
6382,23285,1332683467,-1,NULL,NULL
6382,1391,1332683467,-1,NULL,NULL
6382,4874,1332683467,1,NULL,NULL
6384,31212,1332675013,1,NULL,NULL
6384,36139,1332675013,1,NULL,NULL
6385,36154,1332437214,0,NULL,NULL
6386,26222,1332361427,0,NULL,NULL
6387,26269,1332336320,0,NULL,NULL
6387,27952,1332336320,0,NULL,NULL
6387,26250,1332336320,-1,NULL,NULL
6388,5438,1332168737,1,0.0,0.0
6388,15853,1332168737,1,NULL,NULL
6389,29594,1332069321,1,NULL,NULL
6391,26231,1332059431,0,NULL,NULL
6391,26236,1332059431,0,NULL,NULL
6391,26221,1332059431,-1,NULL,NULL
6391,30948,1332059431,0,NULL,NULL
6391,26220,1332059431,0,NULL,NULL
6392,26076,1332017723,0,NULL,NULL
6392,20244,1332017723,0,NULL,NULL
6393,18852,1330966242,0,NULL,NULL
6393,36201,1330966242,0,NULL,NULL
6393,23278,1330966242,0,NULL,NULL
6393,17907,1330966242,0,NULL,NULL
6393,4874,1330966242,0,NULL,NULL
6393,23283,1330966242,0,NULL,NULL
6393,23268,1330966242,0,NULL,NULL
6393,23284,1330966242,0,NULL,NULL
6393,23282,1330966242,0,NULL,NULL
6393,23279,1330966242,0,NULL,NULL
6393,23280,1330966242,0,NULL,NULL
6393,23281,1330966242,0,NULL,NULL
6393,23273,1330966242,0,NULL,NULL
6393,23285,1330966242,0,NULL,NULL
6393,16927,1330966242,0,NULL,NULL
6393,16927,1331993155,0,NULL,NULL
6393,18374,1331993155,0,NULL,NULL
6393,23273,1331993155,-1,NULL,NULL
6393,23281,1331993155,0,NULL,NULL
6393,23280,1331993155,-1,NULL,NULL
6393,23282,1331993155,-1,NULL,NULL
6393,23284,1331993155,0,NULL,NULL
6393,23268,1331993155,1,NULL,NULL
6393,23283,1331993155,0,NULL,NULL
6393,4874,1331993155,0,NULL,NULL
6393,17907,1331993155,0,NULL,NULL
6393,23278,1331993155,0,NULL,NULL
6393,18852,1331993155,1,NULL,NULL
6393,23267,1331993155,0,NULL,NULL
6394,26303,1247086812,0,NULL,NULL
6394,26299,1247086812,0,NULL,NULL
6394,16769,1247086812,0,0.0,0.0
6394,15536,1331935855,0,NULL,NULL
6394,20886,1247086812,0,NULL,NULL
6394,26304,1247086812,0,NULL,NULL
6394,9468,1247086812,0,NULL,NULL
6394,28338,1247086812,0,NULL,NULL
6394,26065,1247086812,0,NULL,NULL
6394,28329,1247086812,0,NULL,NULL
6394,26244,1247086812,0,NULL,NULL
6394,8853,1247086812,0,NULL,NULL
6394,8855,1331935855,0,NULL,NULL
6394,31553,1247086812,0,NULL,NULL
6394,31602,1247086812,0,NULL,NULL
6394,36591,1247086812,0,NULL,NULL
6394,26300,1247086812,0,NULL,NULL
6394,31488,1247086812,0,NULL,NULL
6394,16296,1247086812,0,NULL,NULL
6394,14487,1331935855,0,NULL,NULL
6394,28748,1247086812,0,NULL,NULL
6394,26307,1247086812,0,NULL,NULL
6394,16768,1247086812,0,NULL,NULL
6394,21384,1247086812,0,NULL,NULL
6394,16501,1247086812,0,NULL,NULL
6394,20250,1331935855,0,NULL,NULL
6394,36583,1247086812,0,NULL,NULL
6394,36584,1247086812,0,NULL,NULL
6394,20246,1331935855,0,NULL,NULL
6394,28328,1247086812,0,NULL,NULL
6394,1549,1247086812,0,NULL,NULL
6394,8854,1331935855,0,NULL,NULL
6394,36587,1247086812,0,NULL,NULL
6394,28337,1247086812,0,NULL,NULL
6394,31601,1247086812,0,NULL,NULL
6394,9349,1331935855,0,NULL,NULL
6394,35512,1331935855,0,NULL,NULL
6394,16770,1247086812,0,NULL,NULL
6394,20251,1331935855,0,NULL,NULL
6394,16500,1247086812,0,NULL,NULL
6395,26076,1331918324,1,NULL,NULL
6395,26076,1331921840,1,NULL,NULL
6396,29721,1331914923,1,NULL,NULL
6397,4803,1331890891,-1,NULL,NULL
6398,26252,1331833218,-1,NULL,NULL
6398,26038,1331833218,1,NULL,NULL
6399,18,1331635144,-1,NULL,NULL
6399,17690,1331817862,0,NULL,NULL
6399,21545,1331817862,0,NULL,NULL
6399,21541,1331817862,0,NULL,NULL
6399,17691,1331817862,0,NULL,NULL
6399,12363,1331817862,0,NULL,NULL
6400,5721,1331815141,0,NULL,NULL
6401,29537,1331797049,0,NULL,NULL
6402,8270,1331780440,1,NULL,NULL
6403,16385,1331777283,0,NULL,NULL
6403,9162,1331777283,0,NULL,NULL
6403,21845,1331777283,1,NULL,NULL
6403,4800,1331777283,1,NULL,NULL
6404,31415,1331751708,0,NULL,NULL
6404,31426,1331751708,0,NULL,NULL
6404,31418,1331751708,0,NULL,NULL
6404,31424,1331751708,0,NULL,NULL
6404,31419,1331751708,0,NULL,NULL
6404,31416,1331751708,0,NULL,NULL
6404,31428,1331751708,0,NULL,NULL
6404,31422,1331751708,0,NULL,NULL
6404,31421,1331751708,0,NULL,NULL
6404,31425,1331751708,0,NULL,NULL
6404,31429,1331751708,0,NULL,NULL
6404,31430,1331751708,0,NULL,NULL
6404,31427,1331751708,0,NULL,NULL
6404,31423,1331751708,0,NULL,NULL
6404,31420,1331751708,0,NULL,NULL
6404,31431,1331751708,0,NULL,NULL
6405,26215,1331655643,1,NULL,NULL
6405,28262,1331655643,0,NULL,NULL
6405,30407,1331655643,0,NULL,NULL
6405,26256,1331655643,1,NULL,NULL
6405,26252,1331655643,1,NULL,NULL
6405,26200,1331655643,0,NULL,NULL
6405,26199,1331655643,1,NULL,NULL
6405,28416,1331655643,0,NULL,NULL
6405,26026,1331655643,0,NULL,NULL
6405,26022,1331655643,1,NULL,NULL
6405,25969,1331655643,1,NULL,NULL
6405,26214,1331655643,1,NULL,NULL
6405,26246,1331655643,0,NULL,NULL
6405,25990,1331655643,0,NULL,NULL
6405,26245,1331655643,1,NULL,NULL
6405,26242,1331655643,0,NULL,NULL
6405,25972,1331655643,0,NULL,NULL
6405,26038,1331655643,0,NULL,NULL
6405,26221,1331655643,0,NULL,NULL
6405,26025,1331655643,1,NULL,NULL
6405,25925,1331655643,-1,NULL,NULL
6405,26220,1331655643,0,NULL,NULL
6405,30408,1331655643,0,NULL,NULL
6405,25988,1331655643,1,NULL,NULL
6405,25936,1331655643,0,NULL,NULL
6405,28415,1331655643,0,NULL,NULL
6405,29719,1331655643,1,NULL,NULL
6405,25988,1331712918,0,NULL,NULL
6406,4783,1331674061,1,NULL,NULL
6406,21730,1331674061,0,NULL,NULL
6406,21728,1331674061,0,NULL,NULL
6406,21718,1331674061,0,NULL,NULL
6406,21726,1331674061,0,NULL,NULL
6406,21739,1331674061,0,NULL,NULL
6406,21737,1331674061,0,NULL,NULL
6406,21735,1331674061,0,NULL,NULL
6406,21714,1331674061,0,NULL,NULL
6406,21734,1331674061,0,NULL,NULL
6406,21721,1331674061,0,NULL,NULL
6406,12140,1331674061,0,NULL,NULL
6406,12139,1331674061,0,NULL,NULL
6406,21727,1331674061,0,NULL,NULL
6406,21736,1331674061,0,NULL,NULL
6410,16499,1331480905,0,NULL,NULL
6410,4335,1331486528,0,NULL,NULL
6410,8118,1331486528,0,NULL,NULL
6410,8125,1331486528,1,NULL,NULL
6412,4743,1331384356,1,NULL,NULL
6412,4742,1331384356,1,NULL,NULL
6412,2010,1331384356,1,NULL,NULL
6412,446,1331384356,0,0.0,NULL
6414,26297,1331320815,0,NULL,NULL
6415,25757,1331299072,0,NULL,NULL
6415,30100,1331299072,0,NULL,NULL
6415,30139,1331299072,0,NULL,NULL
6415,30142,1331299072,1,NULL,NULL
6415,30125,1331299072,1,NULL,NULL
6416,30414,1331293941,0,NULL,NULL
6416,25958,1331293941,0,NULL,NULL
6417,24398,1331288267,1,NULL,NULL
6417,24406,1331288267,1,NULL,NULL
6417,17808,1331288267,0,NULL,NULL
6418,22381,1331234611,1,NULL,NULL
6418,201,1331234611,1,NULL,NULL
6418,35947,1331234611,1,NULL,NULL
6418,201,1331251528,1,NULL,NULL
6419,25643,1330850905,1,NULL,NULL
6419,25809,1330850905,1,NULL,NULL
6419,32013,1330850905,1,NULL,NULL
6419,4860,1330850905,0,0.0,0.0
6420,30152,1331222524,1,NULL,NULL
6420,30322,1331222524,1,NULL,NULL
6420,25782,1331222524,0,NULL,NULL
6420,25800,1331222524,0,0.0,0.0
6420,25787,1331222524,1,NULL,NULL
6420,25766,1331222524,-1,NULL,NULL
6420,27334,1331222524,-1,NULL,NULL
6420,25819,1331222524,1,NULL,NULL
6420,30284,1331222524,0,NULL,NULL
6421,25766,1331155377,-1,NULL,NULL
6421,25819,1331155377,-1,NULL,NULL
6421,25766,1331158142,1,NULL,NULL
6421,36204,1331201466,0,NULL,NULL
6421,36204,1331202291,0,NULL,NULL
6424,25988,1330973608,0,NULL,NULL
6424,32233,1330973608,0,NULL,NULL
6424,26417,1330973608,0,NULL,NULL
6424,26424,1330973608,0,NULL,NULL
6424,34713,1330973608,0,NULL,NULL
6424,35512,1330973608,0,NULL,NULL
6424,35080,1330973608,0,NULL,NULL
6424,30119,1330973608,0,NULL,NULL
6424,30670,1330973608,0,NULL,NULL
6424,21168,1330973608,0,NULL,NULL
6424,36163,1330973608,0,NULL,NULL
6424,35669,1330973608,0,NULL,NULL
6424,35658,1330973608,0,NULL,NULL
6424,25766,1330973608,0,NULL,NULL
6424,28432,1330973608,0,NULL,NULL
6424,30684,1330973608,0,NULL,NULL
6424,15901,1330973608,0,NULL,NULL
6424,19816,1330973608,0,NULL,NULL
6424,25763,1330973608,0,NULL,NULL
6424,24183,1330973608,0,NULL,NULL
6424,21166,1330973608,0,NULL,NULL
6424,17703,1330973608,0,NULL,NULL
6424,25751,1330973608,0,NULL,NULL
6424,26295,1330973608,0,NULL,NULL
6424,9183,1330973608,0,NULL,NULL
6424,12203,1330973608,0,NULL,NULL
6424,12156,1330973608,0,NULL,NULL
6424,17764,1330973608,0,NULL,NULL
6424,7799,1330973608,0,NULL,NULL
6424,22231,1330973608,0,NULL,NULL
6424,16071,1330973608,0,NULL,NULL
6424,17200,1330973608,0,NULL,NULL
6424,7800,1330973608,0,NULL,NULL
6424,7802,1330973608,0,NULL,NULL
6424,5418,1330973608,0,NULL,NULL
6424,21168,1330974107,0,NULL,NULL
6424,16071,1330974107,0,NULL,NULL
6425,14470,1330962998,1,NULL,NULL
6427,25751,1330939391,1,NULL,NULL
6427,26676,1330939391,0,NULL,NULL
6427,27063,1330939391,0,NULL,NULL
6427,35369,1330939391,-1,NULL,NULL
6428,29710,1330864743,1,NULL,NULL
6428,28318,1330867130,0,NULL,NULL
6428,29710,1330934675,-1,NULL,NULL
6428,28318,1330936108,1,NULL,NULL
6429,27260,1330865371,1,NULL,NULL
6429,25700,1330865371,1,NULL,NULL
6429,25703,1330865371,-1,NULL,NULL
6429,25746,1330865371,0,NULL,NULL
6430,28556,1330858285,1,NULL,NULL
6430,25813,1330858285,0,NULL,NULL
6430,27934,1330864073,0,NULL,NULL
6430,27936,1330864073,0,NULL,NULL
6430,27933,1330864073,0,NULL,NULL
6430,27935,1330864073,0,NULL,NULL
6430,16551,1330865312,0,NULL,NULL
6430,16553,1330865312,0,NULL,NULL
6430,16552,1330865312,0,NULL,NULL
6430,16604,1330865312,0,NULL,NULL
6431,4687,1330857825,0,NULL,NULL
6431,4690,1330857825,1,NULL,NULL
6431,29644,1330857825,0,NULL,NULL
6431,29636,1330857825,0,NULL,NULL
6431,26762,1330857825,0,NULL,NULL
6431,29633,1330857825,0,NULL,NULL
6431,29640,1330857825,1,NULL,NULL
6432,25819,1330790570,1,NULL,NULL
6432,25766,1330790570,1,NULL,NULL
6433,27411,1330694765,0,NULL,NULL
6433,27305,1330694765,0,NULL,NULL
6433,26215,1330694765,-1,NULL,NULL
6433,24826,1330694765,0,NULL,NULL
6433,22508,1330694765,0,NULL,NULL
6433,26004,1330694765,1,NULL,NULL
6433,30220,1330694765,1,NULL,NULL
6433,27280,1330694765,0,NULL,NULL
6433,25819,1330694765,1,NULL,NULL
6434,4605,1330644934,0,NULL,NULL
6436,15498,1330617019,1,NULL,NULL
6436,98,1330617019,1,NULL,NULL
6436,15493,1330617019,1,NULL,NULL
6436,15502,1330617019,1,NULL,NULL
6436,15491,1330617019,0,NULL,NULL
6436,15550,1330617019,0,NULL,NULL
6437,25926,1330611619,1,NULL,NULL
6437,25987,1330611619,0,NULL,NULL
6438,17764,1330524759,1,NULL,NULL
6439,26022,1330517935,-1,NULL,NULL
6439,26026,1330517935,-1,0.0,0.0
6439,25969,1330517935,-1,NULL,NULL
6439,25972,1330517935,-1,NULL,NULL
6439,25990,1330517935,-1,NULL,NULL
6439,25925,1330517935,-1,NULL,NULL
6439,26025,1330517935,0,NULL,NULL
6439,26038,1330517935,-1,NULL,NULL
6439,28432,1330517935,0,NULL,NULL
6439,25936,1330517935,-1,NULL,NULL
6439,25988,1330517935,1,NULL,NULL
6440,27220,1330000865,1,NULL,NULL
6440,30074,1330000865,0,NULL,NULL
6440,30074,1330261241,0,NULL,NULL
6440,30166,1330428514,0,NULL,NULL
6440,30074,1330428514,0,NULL,NULL
6440,26454,1330428514,1,NULL,NULL
6440,27219,1330428514,0,NULL,NULL
6440,30694,1330428514,0,NULL,NULL
6440,28833,1330493200,0,NULL,NULL
6440,30694,1330493200,1,NULL,NULL
6441,26500,1330474082,1,NULL,NULL
6441,25700,1330474082,0,NULL,NULL
6444,26296,1330443190,-1,NULL,NULL
6447,24653,1330425087,0,NULL,NULL
6447,24485,1330425087,0,NULL,NULL
6448,29719,1330420663,1,NULL,NULL
6448,30063,1330420663,0,NULL,NULL
6448,30056,1330420663,1,NULL,NULL
6451,30220,1330271005,1,NULL,NULL
6452,30220,1330270199,0,NULL,NULL
6452,30917,1330270199,1,NULL,NULL
6452,26274,1330270199,0,NULL,NULL
6452,30223,1330270199,1,NULL,NULL
6453,30220,1330173308,0,NULL,NULL
6454,12409,1328847619,0,NULL,NULL
6454,4851,1328847619,1,NULL,NULL
6454,18096,1328847619,0,NULL,NULL
6454,4851,1328869773,0,NULL,NULL
6454,4851,1328870835,0,NULL,NULL
6454,4851,1328889398,1,NULL,NULL
6454,22799,1328889398,0,NULL,NULL
6454,22799,1328893349,1,NULL,NULL
6454,22799,1328895427,0,NULL,NULL
6454,22799,1328895570,0,NULL,NULL
6454,4851,1328956291,1,NULL,NULL
6454,4851,1328957026,0,NULL,NULL
6454,4851,1330168786,0,NULL,NULL
6454,4851,1330168877,0,NULL,NULL
6455,4709,1330101303,0,NULL,NULL
6455,17411,1330101303,0,NULL,NULL
6455,30694,1330101303,0,NULL,NULL
6455,28833,1330101303,0,NULL,NULL
6455,35527,1330101303,0,NULL,NULL
6458,25886,1329999079,0,NULL,NULL
6459,30059,1329989673,0,NULL,NULL
6460,25672,1329984215,0,NULL,NULL
6462,9399,1329968193,0,NULL,NULL
6462,21375,1329968193,0,NULL,NULL
6462,9414,1329968193,0,NULL,NULL
6462,16280,1329968193,0,NULL,NULL
6462,16854,1329968193,0,NULL,NULL
6462,9413,1329968193,0,NULL,NULL
6462,16515,1329968193,0,NULL,NULL
6462,16556,1329968193,0,NULL,NULL
6462,16407,1329968193,0,NULL,NULL
6462,21372,1329968193,0,NULL,NULL
6462,16287,1329968193,0,NULL,NULL
6462,35823,1329968193,-1,NULL,NULL
6462,16600,1329968193,0,NULL,NULL
6462,16616,1329968193,0,NULL,NULL
6462,16291,1329968193,0,NULL,NULL
6462,16516,1329968193,0,NULL,NULL
6462,16568,1329968193,0,NULL,NULL
6462,9419,1329968193,0,NULL,NULL
6462,16617,1329968193,0,NULL,NULL
6462,18313,1329968193,0,NULL,NULL
6462,16293,1329968193,0,NULL,NULL
6462,9429,1329968193,0,NULL,NULL
6462,16294,1329968193,0,NULL,NULL
6462,21380,1329968193,0,NULL,NULL
6462,16292,1329968193,0,NULL,NULL
6462,21381,1329968193,0,NULL,NULL
6462,16288,1329968193,0,NULL,NULL
6462,31142,1329968193,0,NULL,NULL
6462,21378,1329968193,0,NULL,NULL
6462,21377,1329968193,0,NULL,NULL
6462,16655,1329968193,0,NULL,NULL
6462,21361,1329968193,0,NULL,NULL
6462,32012,1329968193,0,NULL,NULL
6462,9394,1329968193,0,NULL,NULL
6462,16283,1329968193,0,NULL,NULL
6462,31979,1329968193,0,NULL,NULL
6462,21379,1329968193,0,NULL,NULL
6462,21374,1329968193,0,NULL,NULL
6462,31211,1329968193,0,NULL,NULL
6462,14507,1329968193,0,NULL,NULL
6463,30228,1329928536,1,NULL,NULL
6463,25961,1329928536,0,NULL,NULL
6463,30225,1329928536,0,NULL,NULL
6464,9701,1329920108,1,NULL,NULL
6465,8610,1329847777,0,NULL,NULL
6465,8620,1329847777,0,NULL,NULL
6465,8621,1329847777,0,NULL,NULL
6465,8619,1329847777,-1,NULL,NULL
6465,8616,1329847777,-1,NULL,NULL
6465,8615,1329847777,1,NULL,NULL
6465,8622,1329847777,0,NULL,NULL
6465,8618,1329847777,0,NULL,NULL
6465,8609,1329847777,0,NULL,NULL
6465,8617,1329847777,0,NULL,NULL
6465,20847,1329847777,0,NULL,NULL
6465,20846,1329847777,0,NULL,NULL
6465,20849,1329847777,0,NULL,NULL
6465,8619,1329915384,0,NULL,NULL
6466,26034,1328441015,0,NULL,NULL
6466,25965,1328441015,0,NULL,NULL
6466,26078,1328441015,0,NULL,NULL
6466,15702,1328441015,0,NULL,NULL
6466,15702,1328449478,0,NULL,NULL
6466,26071,1328449478,0,NULL,NULL
6469,4752,1329894417,1,NULL,NULL
6469,5659,1329894417,1,NULL,NULL
6469,35560,1329894417,-1,NULL,NULL
6471,9162,1329880784,1,NULL,NULL
6471,4800,1329880784,0,NULL,NULL
6472,16498,1329375941,-1,NULL,NULL
6472,16498,1329790744,1,NULL,NULL
6472,16498,1329826229,0,NULL,NULL
6472,16498,1329837865,1,NULL,NULL
6474,4856,1329746521,0,NULL,NULL
6474,4855,1329746521,1,NULL,NULL
6475,25766,1329412723,0,NULL,NULL
6475,25787,1329412723,0,NULL,NULL
6475,25751,1329412723,0,NULL,NULL
6475,30235,1329412723,0,NULL,NULL
6475,30163,1329412723,0,NULL,NULL
6475,30166,1329412723,-1,NULL,NULL
6476,4337,1329407826,0,NULL,NULL
6476,4335,1329407826,0,NULL,NULL
6476,30176,1329407826,0,NULL,NULL
6476,24398,1329407826,0,NULL,NULL
6476,25751,1329407826,0,NULL,NULL
6476,4860,1329412007,0,NULL,NULL
6476,26402,1329412007,0,NULL,NULL
6476,32013,1329412007,0,NULL,NULL
6476,36073,1329412007,0,NULL,NULL
6477,30166,1329332650,0,NULL,NULL
6477,36063,1329405791,0,NULL,NULL
6478,74,1329377919,0,NULL,NULL
6478,20319,1329377919,1,NULL,NULL
6479,27663,1329375592,1,NULL,NULL
6479,30694,1329375592,1,NULL,NULL
6479,25888,1329375592,1,NULL,NULL
6480,17688,1329262563,1,NULL,NULL
6480,4744,1329262563,0,NULL,NULL
6480,17688,1329338772,-1,NULL,NULL
6484,25990,1328966766,0,NULL,NULL
6485,25987,1328963432,-1,NULL,NULL
6485,25990,1328963432,0,NULL,NULL
6485,26214,1328963432,0,NULL,NULL
6486,22877,1328949281,0,NULL,NULL
6486,2288,1328949281,0,NULL,NULL
6486,5618,1328949281,0,NULL,NULL
6486,17799,1328949281,0,NULL,NULL
6487,10072,1328758760,0,NULL,NULL
6487,17713,1328758760,1,NULL,NULL
6487,8284,1328758760,0,NULL,NULL
6487,8286,1328758760,0,NULL,NULL
6487,8285,1328758760,0,NULL,NULL
6488,27675,1328667320,1,NULL,NULL
6488,25886,1328667320,1,NULL,NULL
6491,25751,1328565595,1,NULL,NULL
6491,9938,1328565595,1,NULL,NULL
6494,31518,1328430910,0,NULL,NULL
6495,7265,1328379798,0,NULL,NULL
6496,16118,1328014611,0,NULL,NULL
6496,540,1328014611,1,NULL,NULL
6496,30108,1328014611,0,NULL,NULL
6496,21323,1328014611,1,0.0,0.0
6496,30110,1328014611,0,0.0,0.0
6496,30672,1328014611,1,NULL,NULL
6496,26222,1328014611,0,NULL,NULL
6496,540,1328016384,0,NULL,NULL
6496,16281,1328083108,0,NULL,NULL
6496,25791,1328166448,0,NULL,NULL
6496,30108,1328166448,1,NULL,NULL
6496,540,1328265008,1,NULL,NULL
6497,20376,1328256986,1,NULL,NULL
6497,15881,1328256986,-1,NULL,NULL
6498,31096,1328253261,0,NULL,NULL
6498,30719,1328253261,1,NULL,NULL
6499,25902,1328191274,1,NULL,NULL
6499,27675,1328191274,0,NULL,NULL
6499,25660,1328191274,1,NULL,NULL
6500,16281,1328171154,1,NULL,NULL
6500,30306,1328171154,1,NULL,NULL
6500,30306,1328174311,0,NULL,NULL
6500,25791,1328174311,0,NULL,NULL
6500,14507,1328174311,0,NULL,NULL
6500,540,1328174311,0,NULL,NULL
6500,16281,1328174311,0,NULL,NULL
6500,30108,1328174311,0,NULL,NULL
6501,16504,1328092992,1,0.0,0.0
6501,16499,1328092992,1,NULL,NULL
6501,540,1328092992,1,NULL,NULL
6502,10507,1328071465,0,NULL,NULL
6503,25813,1328006903,1,NULL,NULL
6503,27934,1328006903,1,NULL,NULL
6504,16280,1327997309,0,NULL,NULL
6504,10306,1327997309,1,NULL,NULL
6504,4743,1327997309,1,NULL,NULL
6504,10079,1327997309,0,NULL,NULL
6504,2010,1327997309,1,NULL,NULL
6504,446,1327997309,0,0.0,NULL
6504,30129,1327997309,0,NULL,NULL
6504,36091,1327997309,1,NULL,NULL
6504,10306,1327997661,0,NULL,NULL
6506,30292,1327854495,0,NULL,NULL
6506,30276,1327854495,1,0.0,0.0
6506,30223,1327932670,0,NULL,NULL
6506,29719,1327932670,0,NULL,NULL
6506,30983,1327932670,0,NULL,NULL
6506,30670,1327944136,1,NULL,NULL
6506,29719,1327944136,1,NULL,NULL
6506,30223,1327944136,0,NULL,NULL
6506,16120,1327944136,-1,NULL,NULL
6506,16130,1327944136,0,NULL,NULL
6506,16130,1327963471,0,NULL,NULL
6507,30032,1327912765,0,NULL,NULL
6507,31887,1327912765,0,NULL,NULL
6507,31890,1327912765,0,NULL,NULL
6507,26256,1327912765,1,NULL,NULL
6507,25751,1327912765,0,NULL,NULL
6507,25787,1327912765,1,0.0,0.0
6507,26281,1327912765,0,NULL,NULL
6507,30711,1327912765,1,NULL,NULL
6507,25819,1327912765,-1,NULL,NULL
6507,30141,1327912765,0,NULL,NULL
6507,30057,1327912765,0,NULL,NULL
6507,28397,1327912765,1,NULL,NULL
6507,31505,1327912765,0,NULL,NULL
6508,25751,1327835277,0,NULL,NULL
6508,25787,1327835277,1,NULL,NULL
6508,26281,1327835277,1,NULL,NULL
6508,26222,1327835277,1,NULL,NULL
6508,28397,1327835277,1,NULL,NULL
6508,30617,1327835277,0,NULL,NULL
6509,26089,1327751403,0,NULL,NULL
6510,30617,1327671718,0,NULL,NULL
6511,25936,1327669362,-1,NULL,NULL
6511,27831,1327669362,1,NULL,NULL
6512,8712,1327614718,0,0.0,0.0
6512,21088,1327614718,0,NULL,NULL
6515,35168,1327420531,1,NULL,NULL
6515,14547,1327420531,0,NULL,NULL
6515,14544,1327420531,0,NULL,NULL
6515,35166,1327420531,0,NULL,NULL
6515,32044,1327420531,0,NULL,NULL
6515,32046,1327420531,0,NULL,NULL
6515,32043,1327420531,0,NULL,NULL
6515,35163,1327420531,0,NULL,NULL
6516,9701,1327416359,0,NULL,NULL
6517,36073,1327409005,0,NULL,NULL
6517,36217,1327409005,0,NULL,NULL
6517,32014,1327409005,0,NULL,NULL
6517,32038,1327409005,0,NULL,NULL
6517,32040,1327409005,0,NULL,NULL
6517,32012,1327409005,0,NULL,NULL
6517,36216,1327409005,0,NULL,NULL
6517,32035,1327409005,0,NULL,NULL
6517,32013,1327409005,0,NULL,NULL
6517,34901,1327409005,0,NULL,NULL
6517,16778,1327409005,0,NULL,NULL
6517,9634,1327409005,0,NULL,NULL
6517,10247,1327409005,-1,NULL,NULL
6517,4860,1327409005,0,NULL,NULL
6517,32036,1327409005,0,NULL,NULL
6517,32037,1327409005,0,NULL,NULL
6517,32039,1327409005,0,NULL,NULL
6517,32016,1327409005,0,NULL,NULL
6517,22753,1327409005,0,NULL,NULL
6517,16780,1327409005,0,NULL,NULL
6517,22949,1327409005,0,NULL,NULL
6517,9632,1327409005,0,NULL,NULL
6517,9635,1327409005,0,NULL,NULL
6517,22950,1327409005,0,NULL,NULL
6517,22754,1327409005,0,NULL,NULL
6517,25750,1327411283,0,NULL,NULL
6517,36216,1327411283,1,NULL,NULL
6517,32013,1327411283,1,NULL,NULL
6517,32012,1327411283,1,NULL,NULL
6517,36217,1327411283,1,NULL,NULL
6517,36073,1327411283,1,0.0,0.0
6518,36217,1327385123,0,NULL,NULL
6518,22946,1327385123,0,NULL,NULL
6518,22950,1327385123,0,NULL,NULL
6518,22949,1327385123,0,NULL,NULL
6518,22947,1327385123,0,NULL,NULL
6518,4860,1327385123,0,NULL,NULL
6521,98,1327266980,0,NULL,NULL
6521,17764,1327266980,1,NULL,NULL
6521,17764,1327269772,1,NULL,NULL
6521,12202,1327269772,0,NULL,NULL
6522,15553,1327014862,0,NULL,NULL
6522,15526,1327014862,0,NULL,NULL
6522,15529,1327014862,0,NULL,NULL
6522,36223,1327014862,0,NULL,NULL
6522,15518,1327014862,0,NULL,NULL
6522,15503,1327014862,0,NULL,NULL
6522,15557,1327014862,0,NULL,NULL
6522,15535,1327231940,0,NULL,NULL
6522,15521,1327014862,0,NULL,NULL
6522,15533,1327014862,0,NULL,NULL
6522,15541,1327014862,0,NULL,NULL
6522,15555,1327014862,0,NULL,NULL
6522,15554,1327014862,0,NULL,NULL
6522,15552,1327014862,0,NULL,NULL
6522,15502,1327014862,0,NULL,NULL
6522,15512,1327014862,0,NULL,NULL
6522,15517,1327014862,0,NULL,NULL
6522,15528,1327014862,0,NULL,NULL
6522,15522,1327014862,0,NULL,NULL
6522,15558,1327014862,0,NULL,NULL
6522,15550,1327231940,0,NULL,NULL
6522,15524,1327014862,0,NULL,NULL
6522,15543,1327014862,0,NULL,NULL
6522,15545,1327014862,0,NULL,NULL
6522,15536,1327231940,0,NULL,NULL
6522,15520,1327014862,0,NULL,NULL
6522,15510,1327014862,0,NULL,NULL
6522,15505,1327014862,0,NULL,NULL
6522,15513,1327014862,0,NULL,NULL
6522,15546,1327231940,0,NULL,NULL
6522,15546,1327014862,0,NULL,NULL
6522,15542,1327014862,0,NULL,NULL
6522,15514,1327014862,0,NULL,NULL
6522,15547,1327014862,0,NULL,NULL
6522,15548,1327014862,0,NULL,NULL
6522,15527,1327014862,0,NULL,NULL
6522,15519,1327014862,0,NULL,NULL
6522,15531,1327231940,0,NULL,NULL
6522,15516,1327014862,0,NULL,NULL
6522,15544,1327014862,0,NULL,NULL
6523,1041,1327082739,0,NULL,NULL
6523,35661,1327082739,1,NULL,NULL
6523,35670,1327082739,0,NULL,NULL
6523,35658,1327082739,1,NULL,NULL
6523,35669,1327082739,1,NULL,NULL
6523,35517,1327082739,1,NULL,NULL
6523,17406,1327082739,0,NULL,NULL
6524,25987,1326988194,0,NULL,NULL
6524,25985,1326988194,0,NULL,NULL
6524,28590,1326988194,0,NULL,NULL
6524,28592,1326988194,-1,NULL,NULL
6525,30057,1326874688,1,NULL,NULL
6525,30947,1326877168,0,NULL,NULL
6525,27144,1326983359,0,NULL,NULL
6526,30070,1326964702,1,NULL,NULL
6526,24365,1326968911,1,NULL,NULL
6526,30070,1326968911,0,NULL,NULL
6527,29596,1326951069,0,NULL,NULL
6527,27143,1326951069,0,NULL,NULL
6527,29607,1326951069,0,NULL,NULL
6530,8125,1326885550,1,NULL,NULL
6530,9701,1326885708,1,NULL,NULL
6531,22996,1326882484,0,NULL,NULL
6532,16395,1326863193,-1,NULL,NULL
6532,16394,1326863193,0,NULL,NULL
6532,529,1326863193,0,NULL,NULL
6533,200,1326849968,1,NULL,NULL
6533,201,1326849968,1,NULL,NULL
6533,1624,1326849968,0,0.0,0.0
6533,17702,1326849968,1,NULL,NULL
6533,12344,1326849968,0,NULL,NULL
6533,10247,1326849968,1,NULL,NULL
6533,4836,1326849968,0,NULL,NULL
6533,22381,1326849968,1,NULL,NULL
6533,35947,1326849968,1,NULL,NULL
6533,10247,1326850295,-1,NULL,NULL
6533,1624,1326850295,0,NULL,NULL
6534,23281,1326812949,0,NULL,NULL
6535,17172,1326810867,0,NULL,NULL
6536,20323,1326781797,0,NULL,NULL
6536,20326,1326781797,0,NULL,NULL
6536,15853,1326781797,0,NULL,NULL
6537,25660,1326776381,1,NULL,NULL
6537,25662,1326776381,0,NULL,NULL
6537,25661,1326776381,0,0.0,0.0
6537,26426,1326776381,1,NULL,NULL
6537,26242,1326776391,1,NULL,NULL
6537,26426,1326776391,1,NULL,NULL
6539,28033,1326516472,1,NULL,NULL
6539,28033,1326646054,-1,NULL,NULL
6539,30695,1326646054,1,NULL,NULL
6540,9778,1326579462,0,NULL,NULL
6541,29644,1326561926,-1,NULL,NULL
6541,31408,1326561926,-1,NULL,NULL
6541,24622,1326561926,0,NULL,NULL
6541,24621,1326561926,-1,NULL,NULL
6541,24572,1326561926,-1,NULL,NULL
6541,24573,1326561926,0,NULL,NULL
6541,4748,1326561926,-1,NULL,NULL
6541,99,1326561926,-1,NULL,NULL
6541,4732,1326561926,-1,NULL,NULL
6541,4783,1326561926,1,NULL,NULL
6541,31515,1326561926,-1,NULL,NULL
6542,17806,1326470500,0,NULL,NULL
6542,24398,1326470500,1,NULL,NULL
6542,24406,1326470500,1,NULL,NULL
6542,29619,1326470500,-1,NULL,NULL
6542,27014,1326470500,0,NULL,NULL
6542,26980,1326470500,1,NULL,NULL
6542,29621,1326470500,0,1.0,1.0
6543,25751,1326469345,1,NULL,NULL
6543,27273,1326469345,1,NULL,NULL
6545,22381,1326379908,0,NULL,NULL
6545,17703,1326379908,0,NULL,NULL
6545,35947,1326379908,0,NULL,NULL
6546,36073,1326330612,0,NULL,NULL
6546,36216,1326330612,0,NULL,NULL
6547,27094,1326244730,1,NULL,NULL
6547,30059,1326244730,0,NULL,NULL
6547,27093,1326244730,0,NULL,NULL
6549,35165,1326163910,0,NULL,NULL
6549,35168,1326163910,-1,NULL,NULL
6549,32892,1326163910,0,NULL,NULL
6549,32899,1326163910,-1,NULL,NULL
6549,32893,1326163910,-1,NULL,NULL
6549,12125,1326163910,0,NULL,NULL
6549,32900,1326163910,-1,NULL,NULL
6549,32049,1326163910,-1,NULL,NULL
6549,32901,1326163910,-1,NULL,NULL
6549,36077,1326163910,-1,NULL,NULL
6549,32044,1326163910,-1,NULL,NULL
6549,32046,1326163910,-1,NULL,NULL
6549,32047,1326163910,0,NULL,NULL
6549,32902,1326163910,-1,NULL,NULL
6549,32043,1326163910,0,NULL,NULL
6549,32899,1326173879,0,NULL,NULL
6549,32892,1326173879,0,NULL,NULL
6549,32893,1326173879,0,NULL,NULL
6549,35165,1326173879,0,NULL,NULL
6549,32047,1326173879,0,NULL,NULL
6549,32900,1326173879,0,NULL,NULL
6549,32902,1326173879,0,NULL,NULL
6549,32901,1326173879,0,NULL,NULL
6549,12125,1326173879,0,NULL,NULL
6550,9629,1325832119,0,NULL,NULL
6550,24398,1325832119,0,NULL,NULL
6550,16760,1325832119,0,NULL,NULL
6550,29632,1326041544,0,NULL,NULL
6550,29644,1326041544,1,NULL,NULL
6550,29633,1326041544,-1,NULL,NULL
6550,29649,1326041544,1,NULL,NULL
6552,17775,1325939149,1,NULL,NULL
6552,16880,1325939149,1,NULL,NULL
6552,5414,1325939149,1,NULL,NULL
6552,5411,1325939149,1,NULL,NULL
6552,9778,1325939149,1,NULL,NULL
6552,8538,1325939149,1,0.0,0.0
6554,23131,1325834727,0,NULL,NULL
6554,23130,1325834727,0,NULL,NULL
6554,32893,1325834727,0,NULL,NULL
6554,32892,1325834727,0,NULL,NULL
6554,32899,1325834727,0,NULL,NULL
6554,32903,1325834727,0,NULL,NULL
6554,35168,1325834727,0,NULL,NULL
6554,14546,1325834727,0,NULL,NULL
6554,14548,1325834727,0,NULL,NULL
6554,14547,1325834727,0,NULL,NULL
6554,36228,1325834727,0,NULL,NULL
6554,32044,1325834727,0,NULL,NULL
6554,32046,1325834727,0,NULL,NULL
6554,32906,1325834727,0,NULL,NULL
6554,36229,1325834727,0,NULL,NULL
6554,32902,1325834727,0,NULL,NULL
6554,32043,1325834727,0,NULL,NULL
6554,32049,1325834727,0,NULL,NULL
6554,32901,1325834727,0,NULL,NULL
6554,36150,1325834727,0,NULL,NULL
6554,36077,1325834727,0,NULL,NULL
6554,35163,1325834727,0,NULL,NULL
6554,32900,1325834727,0,NULL,NULL
6555,28833,1325338305,0,0.0,0.0
6555,25781,1325338305,0,NULL,NULL
6555,26231,1325338305,1,NULL,NULL
6555,25751,1325338305,1,NULL,NULL
6555,26221,1325338305,1,NULL,NULL
6555,26236,1325338305,1,NULL,NULL
6555,25819,1325338305,1,NULL,NULL
6555,26220,1325338305,1,NULL,NULL
6555,30948,1325654501,0,NULL,NULL
6555,26214,1325688482,-1,NULL,NULL
6555,25819,1325688482,1,NULL,NULL
6555,30711,1325688482,0,NULL,NULL
6555,30948,1325688482,1,NULL,NULL
6555,26222,1325688482,0,NULL,NULL
6555,25819,1325759062,1,NULL,NULL
6555,25972,1325759062,1,NULL,NULL
6555,30948,1325759062,1,NULL,NULL
6556,25958,1325671860,-1,NULL,NULL
6556,25960,1325671860,-1,0.0,0.0
6556,25942,1325754027,0,NULL,NULL
6556,29537,1325754027,0,NULL,NULL
6556,25960,1325754027,1,NULL,NULL
6558,36066,1322057976,0,NULL,NULL
6558,36066,1325728566,1,0.0,0.0
6559,9360,1325709514,1,NULL,NULL
6559,9362,1325709514,1,NULL,NULL
6559,9363,1325709514,1,NULL,NULL
6559,22321,1325709514,0,NULL,NULL
6559,22322,1325709514,0,NULL,NULL
6559,22318,1325709514,0,NULL,NULL
6560,16881,1325694794,0,NULL,NULL
6561,36091,1325684380,1,NULL,NULL
6561,4743,1325684380,1,NULL,NULL
6561,2010,1325684380,1,NULL,NULL
6561,446,1325684380,0,0.0,NULL
6562,25685,1325664569,0,NULL,NULL
6563,31124,1325610031,0,NULL,NULL
6565,30025,1324209199,0,NULL,NULL
6565,30051,1324209199,0,NULL,NULL
6565,29721,1324209199,0,NULL,NULL
6565,29585,1324209199,0,NULL,NULL
6565,30416,1325514333,0,NULL,NULL
6565,29721,1325514333,-1,NULL,NULL
6565,29712,1325514333,-1,NULL,NULL
6565,25812,1325514333,0,NULL,NULL
6565,25731,1325514333,-1,0.0,0.0
6566,29640,1325501273,1,NULL,NULL
6566,30677,1325501273,1,NULL,NULL
6566,28823,1325501273,1,NULL,NULL
6566,1875,1325501273,0,NULL,NULL
6568,29618,1325491043,1,NULL,NULL
6568,30715,1325491043,1,NULL,NULL
6568,28847,1325491043,0,NULL,NULL
6568,27012,1325491043,0,NULL,NULL
6569,27677,1325277608,0,NULL,NULL
6569,27677,1325306893,0,NULL,NULL
6570,24195,1325232896,0,NULL,NULL
6570,24196,1325232896,0,NULL,NULL
6570,24197,1325232896,0,NULL,NULL
6570,9926,1325233016,0,NULL,NULL
6570,14481,1325233016,0,NULL,NULL
6570,9924,1325233016,1,NULL,NULL
6570,9927,1325233016,0,NULL,NULL
6570,24209,1325236348,0,NULL,NULL
6570,24208,1325236348,0,NULL,NULL
6570,14487,1325236348,0,NULL,NULL
6570,14484,1325239325,0,NULL,NULL
6570,14485,1325239325,1,NULL,NULL
6570,9930,1325239325,0,NULL,NULL
6570,9929,1325239325,0,NULL,NULL
6570,9931,1325239325,0,NULL,NULL
6570,14486,1325239325,0,NULL,NULL
6570,14482,1325239325,0,NULL,NULL
6570,9928,1325239325,0,NULL,NULL
6570,14490,1325250728,1,NULL,NULL
6570,24195,1325250728,0,NULL,NULL
6570,17970,1325250728,0,NULL,NULL
6570,14495,1325250728,0,NULL,NULL
6570,14499,1325250728,1,NULL,NULL
6570,9939,1325250728,0,NULL,NULL
6570,14500,1325250728,0,NULL,NULL
6570,14494,1325250728,0,NULL,NULL
6570,14496,1325250728,0,NULL,NULL
6570,14493,1325250728,0,NULL,NULL
6571,30719,1325229765,0,NULL,NULL
6571,31096,1325229765,0,NULL,NULL
6572,15806,1325041596,1,NULL,NULL
6572,8369,1325041596,1,NULL,NULL
6573,29621,1325041452,1,NULL,NULL
6574,8125,1324996472,0,NULL,NULL
6574,1624,1324996472,0,0.0,0.0
6574,25687,1324996472,0,NULL,NULL
6574,25686,1324996472,0,NULL,NULL
6574,25731,1324996472,0,NULL,NULL
6574,24398,1324996472,0,NULL,NULL
6574,25710,1324996472,0,NULL,NULL
6574,25732,1324996472,0,NULL,NULL
6574,25738,1324996472,0,NULL,NULL
6574,19933,1324996472,0,NULL,NULL
6574,19928,1324996472,0,NULL,NULL
6574,25751,1324996472,0,NULL,NULL
6574,25660,1324996472,0,NULL,NULL
6574,25713,1324996472,0,NULL,NULL
6574,29712,1324996472,0,NULL,NULL
6574,25700,1324996472,0,NULL,NULL
6574,25703,1324996472,0,NULL,NULL
6574,30132,1324996472,0,NULL,NULL
6574,31293,1324996472,0,NULL,NULL
6574,31142,1324996472,0,NULL,NULL
6574,31200,1324996472,0,NULL,NULL
6574,31133,1324996472,0,NULL,NULL
6574,29579,1324996472,0,NULL,NULL
6574,31135,1324996472,0,NULL,NULL
6574,31141,1324996472,0,NULL,NULL
6574,30053,1324996472,0,NULL,NULL
6574,29659,1324996472,0,NULL,NULL
6574,31203,1324996472,0,NULL,NULL
6574,31139,1324996472,0,NULL,NULL
6574,31202,1324996472,0,NULL,NULL
6574,35366,1324996472,0,NULL,NULL
6574,31124,1324996472,0,NULL,NULL
6575,4656,1324871517,0,NULL,NULL
6577,26212,1324618268,0,NULL,NULL
6577,30662,1324618268,0,NULL,NULL
6577,27917,1324618268,1,NULL,NULL
6578,30694,1324603359,0,NULL,NULL
6578,30697,1324603359,0,NULL,NULL
6578,30707,1324603359,0,NULL,NULL
6578,30699,1324603359,0,NULL,NULL
6578,30673,1324603359,0,NULL,NULL
6578,30689,1324603359,0,NULL,NULL
6578,30695,1324603359,0,NULL,NULL
6579,29830,1323434836,0,NULL,NULL
6580,30070,1324521439,0,NULL,NULL
6580,27213,1324521439,1,NULL,NULL
6580,27213,1324536141,0,NULL,NULL
6580,30070,1324536141,0,NULL,NULL
6582,30057,1324476882,0,NULL,NULL
6584,74,1324125001,1,NULL,NULL
6584,5438,1324125001,0,NULL,NULL
6584,15805,1324125001,1,NULL,NULL
6584,20280,1324125001,0,NULL,NULL
6584,18385,1324125001,1,NULL,NULL
6584,15798,1324125001,0,NULL,NULL
6584,31170,1324434142,-1,NULL,NULL
6584,17716,1324434142,0,NULL,NULL
6584,18385,1324434142,0,NULL,NULL
6584,15805,1324434142,0,NULL,NULL
6585,133,1324377024,0,NULL,NULL
6585,35122,1324392701,0,NULL,NULL
6585,35122,1324397839,0,NULL,NULL
6585,133,1324398015,0,NULL,NULL
6587,31853,1324268266,0,NULL,NULL
6587,4803,1324326305,1,NULL,NULL
6587,197,1324326305,0,NULL,NULL
6587,31853,1324326305,0,NULL,NULL
6588,24601,1324315070,0,NULL,NULL
6588,24599,1324315070,0,NULL,NULL
6588,24773,1324315070,0,NULL,NULL
6589,24766,1324304207,0,NULL,NULL
6589,24770,1324304207,0,NULL,NULL
6589,24755,1324304207,0,NULL,NULL
6589,24593,1324304207,0,NULL,NULL
6589,24591,1324304207,0,NULL,NULL
6589,24595,1324304207,0,NULL,NULL
6589,24589,1324304207,0,NULL,NULL
6590,26199,1324297616,-1,NULL,NULL
6591,30933,1324198084,0,NULL,NULL
6591,30306,1324198084,1,NULL,NULL
6591,30994,1324198084,1,NULL,NULL
6592,25819,1324127019,1,0.0,0.0
6592,27378,1324127019,0,NULL,NULL
6592,30140,1324194519,0,NULL,NULL
6592,25800,1324194519,0,0.0,0.0
6592,25781,1324194519,1,NULL,NULL
6594,26026,1324060079,0,NULL,NULL
6594,26199,1324060079,0,NULL,NULL
6594,25762,1324060079,1,NULL,NULL
6594,29610,1324060079,0,NULL,NULL
6594,25936,1324060079,0,NULL,NULL
6594,25988,1324060079,-1,NULL,NULL
6594,30220,1324060079,0,NULL,NULL
6594,27291,1324060079,0,NULL,NULL
6595,35997,1324046118,0,NULL,NULL
6595,28192,1324051342,1,NULL,NULL
6595,28028,1324051342,0,NULL,NULL
6595,27759,1324051342,1,NULL,NULL
6595,27991,1324053295,0,NULL,NULL
6596,29859,1323933005,1,NULL,NULL
6597,17406,1323694591,0,NULL,NULL
6597,17402,1323694591,-1,NULL,NULL
6597,17328,1323694591,0,NULL,NULL
6597,17402,1323737929,0,NULL,NULL
6597,17402,1323932873,0,NULL,NULL
6598,17402,1323932711,0,NULL,NULL
6599,20830,1323856372,0,NULL,NULL
6599,20835,1323856372,0,NULL,NULL
6600,30694,1323786427,0,NULL,NULL
6600,28833,1323786427,0,NULL,NULL
6601,24778,1323722534,0,NULL,NULL
6601,24622,1323722534,0,NULL,NULL
6601,24724,1323722534,0,NULL,NULL
6601,24785,1323722534,0,NULL,NULL
6601,34932,1323727381,0,NULL,NULL
6601,34933,1323727381,0,NULL,NULL
6601,34935,1323727381,0,NULL,NULL
6601,34929,1323727381,0,NULL,NULL
6601,34941,1323727381,0,NULL,NULL
6602,4803,1323691244,0,NULL,NULL
6604,28683,1323434383,0,NULL,NULL
6604,27851,1323434383,0,NULL,NULL
6604,26212,1323434383,1,NULL,NULL
6604,30020,1323434383,0,0.0,0.0
6604,16504,1323434383,0,0.0,0.0
6604,25658,1323434383,0,NULL,NULL
6604,25653,1323434383,0,NULL,NULL
6604,26222,1323434383,1,NULL,NULL
6604,25652,1323434383,0,0.0,0.0
6604,25657,1323434383,0,NULL,NULL
6604,26214,1323434383,0,NULL,NULL
6604,26204,1323434383,-1,NULL,NULL
6604,26281,1323434383,-1,NULL,NULL
6604,25974,1323434383,-1,NULL,NULL
6604,9420,1323434383,0,NULL,NULL
6604,1404,1323434383,0,NULL,NULL
6604,35997,1323434383,0,NULL,NULL
6604,28681,1323669789,0,NULL,NULL
6605,36251,1323448711,0,NULL,NULL
6605,30079,1323448711,-1,NULL,NULL
6605,30070,1323448711,0,NULL,NULL
6605,29532,1323448711,0,NULL,NULL
6605,28420,1323448711,0,NULL,NULL
6605,30175,1323448711,0,NULL,NULL
6605,30072,1323448711,0,0.0,0.0
6605,30166,1323448711,0,NULL,NULL
6605,30174,1323448711,0,NULL,NULL
6605,30179,1323448711,0,NULL,NULL
6605,30163,1323448711,0,NULL,NULL
6605,30178,1323448711,0,NULL,NULL
6605,30081,1323448711,0,NULL,NULL
6605,30068,1323448711,0,NULL,NULL
6605,30180,1323448711,0,NULL,NULL
6605,34811,1323448711,0,NULL,NULL
6605,30082,1323448711,0,NULL,NULL
6605,30078,1323448711,0,NULL,NULL
6605,27220,1323448711,0,NULL,NULL
6605,27244,1323448711,1,NULL,NULL
6605,27211,1323448711,0,NULL,NULL
6605,27213,1323448711,0,NULL,NULL
6605,27232,1323448711,0,NULL,NULL
6605,27204,1323448711,0,NULL,NULL
6605,30173,1323448711,0,NULL,NULL
6605,29645,1323448711,0,NULL,NULL
6605,30176,1323448711,0,NULL,NULL
6605,30074,1323448711,0,NULL,NULL
6605,30694,1323448711,0,NULL,NULL
6605,30682,1323448711,1,NULL,NULL
6605,30165,1323448711,0,NULL,NULL
6605,25763,1323448711,0,NULL,NULL
6606,16499,1323437753,1,NULL,NULL
6608,22439,1323419243,0,NULL,NULL
6608,36217,1323419243,1,NULL,NULL
6609,30322,1323156542,0,NULL,NULL
6609,30341,1323156542,0,NULL,NULL
6609,30285,1323156542,0,NULL,NULL
6609,30332,1323156542,0,NULL,NULL
6609,30292,1323156542,0,NULL,NULL
6609,30311,1323156542,0,NULL,NULL
6609,30283,1323156542,0,NULL,NULL
6609,30310,1323156542,0,NULL,NULL
6609,30309,1323156542,0,NULL,NULL
6609,30295,1323156542,0,0.0,0.0
6609,30232,1323156542,1,NULL,NULL
6609,30284,1323156542,0,NULL,NULL
6609,30287,1323156542,0,NULL,NULL
6609,30346,1323156542,0,NULL,NULL
6609,30350,1323156542,0,NULL,NULL
6609,30328,1323156542,0,NULL,NULL
6609,30306,1323156542,0,NULL,NULL
6609,30331,1323156542,0,NULL,NULL
6609,30342,1323156542,0,NULL,NULL
6609,30344,1323156542,0,NULL,NULL
6609,30269,1323156542,0,NULL,NULL
6609,30276,1323156542,0,NULL,NULL
6609,30277,1323156542,0,NULL,NULL
6609,30290,1323156542,0,NULL,NULL
6610,30092,1323340789,0,NULL,NULL
6612,4855,1323252308,1,NULL,NULL
6612,16865,1323252308,-1,NULL,NULL
6613,20131,1323246798,0,NULL,NULL
6615,16878,1323157353,1,NULL,NULL
6615,15937,1323157353,1,NULL,NULL
6615,8538,1323157353,0,NULL,NULL
6615,16905,1323157353,1,NULL,NULL
6615,30025,1323157353,1,NULL,NULL
6616,15775,1323148087,0,NULL,NULL
6616,8270,1323148087,1,NULL,NULL
6616,15773,1323148087,0,NULL,NULL
6617,25751,1323143268,0,NULL,NULL
6618,26801,1323088637,0,NULL,NULL
6618,30621,1323088637,1,NULL,NULL
6618,26901,1323088637,0,NULL,NULL
6618,28415,1323088637,-1,NULL,NULL
6619,429,1323076087,0,NULL,NULL
6619,8622,1323076087,1,NULL,NULL
6620,1218,1322451938,0,NULL,NULL
6620,1218,1322465289,0,NULL,NULL
6620,1218,1323053990,0,NULL,NULL
6621,267,1323006999,0,0.0,0.0
6621,4787,1323006999,0,NULL,NULL
6621,31638,1323006999,1,NULL,NULL
6623,26221,1298956852,0,NULL,NULL
6623,26231,1298956852,0,NULL,NULL
6623,20359,1322856255,-1,NULL,NULL
6623,8311,1322856255,0,NULL,NULL
6625,15937,1322810845,1,NULL,NULL
6625,15934,1322810845,0,NULL,NULL
6625,15937,1322833100,0,NULL,NULL
6626,30140,1322823682,0,NULL,NULL
6626,25751,1322823682,1,NULL,NULL
6626,25819,1322823682,0,NULL,NULL
6626,30832,1322823682,0,0.0,0.0
6627,27150,1322823396,1,NULL,NULL
6627,27144,1322823396,0,NULL,NULL
6627,30672,1322823396,1,NULL,NULL
6627,30057,1322823396,1,NULL,NULL
6628,201,1322809197,0,NULL,NULL
6629,31157,1299669171,-1,NULL,NULL
6629,31171,1299669171,1,NULL,NULL
6629,9420,1322796762,-1,NULL,NULL
6630,27071,1322742969,1,NULL,NULL
6630,30056,1322742969,1,NULL,NULL
6631,7426,1322698410,0,NULL,NULL
6631,7424,1322698410,0,NULL,NULL
6631,7425,1322698410,0,NULL,NULL
6631,7429,1322698410,0,NULL,NULL
6631,7430,1322698410,0,NULL,NULL
6631,7428,1322698410,0,NULL,NULL
6631,7423,1322698410,0,NULL,NULL
6631,4453,1322698410,1,NULL,NULL
6631,7427,1322698410,0,NULL,NULL
6633,25751,1322623103,0,NULL,NULL
6634,16813,1322601292,1,NULL,NULL
6634,16846,1322601292,1,1.0,1.0
6634,4854,1322601292,1,NULL,NULL
6635,30719,1322364406,1,NULL,NULL
6635,31096,1322364406,1,NULL,NULL
6636,9184,1322320528,0,NULL,NULL
6636,21866,1322320528,1,NULL,NULL
6636,9184,1322322272,1,NULL,NULL
6636,4805,1322322272,0,NULL,NULL
6637,99,1322310120,0,NULL,NULL
6637,98,1322310120,-1,NULL,NULL
6637,2080,1322310120,-1,NULL,NULL
6637,8955,1322310120,0,NULL,NULL
6637,4769,1322310120,-1,NULL,NULL
6637,8948,1322310120,0,NULL,NULL
6637,8949,1322310120,0,NULL,NULL
6637,8952,1322310120,0,NULL,NULL
6637,8958,1322310120,0,NULL,NULL
6637,8954,1322310120,0,NULL,NULL
6637,12201,1322310120,-1,NULL,NULL
6637,8946,1322310120,0,NULL,NULL
6637,8953,1322310120,0,NULL,NULL
6637,8969,1322310120,0,NULL,NULL
6637,12155,1322310120,0,NULL,NULL
6637,8957,1322310120,0,NULL,NULL
6637,8961,1322310120,0,NULL,NULL
6637,8962,1322310120,0,NULL,NULL
6637,16346,1322310120,0,NULL,NULL
6639,25819,1322303776,0,-1.0,-1.0
6639,30140,1322303776,0,NULL,NULL
6640,25751,1322301280,0,NULL,NULL
6640,27280,1322301280,0,NULL,NULL
6641,12346,1322217143,1,NULL,NULL
6641,4655,1322217143,1,NULL,NULL
6642,24743,1322174633,0,NULL,NULL
6642,24724,1322174633,1,NULL,NULL
6642,24575,1322174633,1,NULL,NULL
6642,24570,1322174633,0,NULL,NULL
6642,24728,1322174633,1,NULL,NULL
6642,24736,1322174633,0,NULL,NULL
6643,18940,1322066481,1,NULL,NULL
6643,18945,1322066481,0,NULL,NULL
6645,30103,1322003861,0,NULL,NULL
6645,27282,1322003861,1,NULL,NULL
6645,12146,1322003861,0,NULL,NULL
6646,31830,1321987470,0,NULL,NULL
6646,31833,1321987470,0,NULL,NULL
6646,31827,1321987470,0,NULL,NULL
6646,31869,1321987470,1,NULL,NULL
6646,31831,1321987470,1,NULL,NULL
6647,25987,1321955370,0,NULL,NULL
6647,27917,1321955370,1,NULL,NULL
6647,30387,1321955370,0,NULL,NULL
6647,30662,1321955370,1,NULL,NULL
6647,25963,1321955370,0,NULL,NULL
6647,31051,1321965105,0,NULL,NULL
6647,30050,1321983409,0,0.0,0.0
6648,29645,1321972216,0,NULL,NULL
6648,27236,1321972216,1,NULL,NULL
6648,26896,1321972216,0,NULL,NULL
6648,30079,1321972216,1,NULL,NULL
6648,30081,1321972216,0,NULL,NULL
6648,9672,1321982390,1,NULL,NULL
6649,37529,1206528307,0,NULL,NULL
6649,26250,1206528307,1,NULL,NULL
6649,26250,1206553117,0,NULL,NULL
6649,26417,1206553117,0,NULL,NULL
6649,37255,1206553117,0,NULL,NULL
6649,26250,1206564386,1,NULL,NULL
6649,26417,1206564386,1,NULL,NULL
6649,37255,1206572740,0,NULL,NULL
6649,9672,1321977470,0,NULL,NULL
6649,10015,1321977470,0,NULL,NULL
6650,27181,1321466962,0,NULL,NULL
6650,27171,1321466962,0,NULL,NULL
6650,29585,1321466962,0,NULL,NULL
6650,27171,1321974580,0,NULL,NULL
6650,27181,1321974580,1,NULL,NULL
6650,29585,1321974580,-1,NULL,NULL
6650,9994,1321974580,0,NULL,NULL
6651,9994,1321902128,0,NULL,NULL
6652,24573,1321790712,1,NULL,NULL
6652,24607,1321790712,0,NULL,NULL
6652,24779,1321790712,1,NULL,NULL
6652,24781,1321790712,0,NULL,NULL
6652,24778,1321790712,0,NULL,NULL
6652,24724,1321790712,0,NULL,NULL
6652,24753,1321790712,0,NULL,NULL
6652,24801,1321790712,0,NULL,NULL
6652,24784,1321790712,0,NULL,NULL
6652,24728,1321790712,1,NULL,NULL
6652,24570,1321790712,0,NULL,NULL
6652,24605,1321790712,0,NULL,NULL
6653,22322,1321655599,0,NULL,NULL
6653,9363,1321655599,0,NULL,NULL
6654,34811,1321446246,0,NULL,NULL
6655,8270,1321372404,1,NULL,NULL
6656,5418,1321370944,1,NULL,NULL
6656,8270,1321370944,1,NULL,NULL
6656,4725,1321370944,0,NULL,NULL
6656,1977,1321370944,1,NULL,NULL
6656,98,1321370944,1,NULL,NULL
6656,31435,1321370944,0,NULL,NULL
6657,12152,1321368485,0,NULL,NULL
6657,4748,1321368485,1,NULL,NULL
6658,35095,1321367012,0,NULL,NULL
6659,25751,1321362892,0,NULL,NULL
6663,35053,1321261683,0,NULL,NULL
6665,8102,1321106594,1,NULL,NULL
6665,19882,1321106594,0,NULL,NULL
6665,15725,1321106594,0,NULL,NULL
6665,15741,1321106594,0,NULL,NULL
6666,29584,1321092447,-1,NULL,NULL
6666,30798,1321092447,0,NULL,NULL
6667,29596,1321049709,0,NULL,NULL
6667,29607,1321049709,0,NULL,NULL
6668,4748,1321016014,1,NULL,NULL
6668,8863,1321016014,0,0.0,0.0
6668,8863,1321017267,0,0.0,0.0
6669,4653,1321005819,-1,NULL,NULL
6669,4655,1321005819,1,NULL,NULL
6669,20272,1321005819,-1,NULL,NULL
6669,20270,1321005819,1,NULL,NULL
6670,26256,1321001399,0,NULL,NULL
6670,28415,1321001399,1,NULL,NULL
6672,4743,1320087476,1,NULL,NULL
6672,4743,1320914308,1,NULL,NULL
6672,7294,1320914308,1,NULL,NULL
6673,28764,1275289409,0,NULL,NULL
6673,30577,1320844975,0,NULL,NULL
6673,36091,1320844975,0,0.0,0.0
6673,36090,1320844975,1,NULL,NULL
6673,21333,1320844975,0,NULL,NULL
6673,8784,1320844975,1,NULL,NULL
6673,8784,1320853292,0,NULL,NULL
6674,36091,1320853228,1,0.0,0.0
6674,10079,1320853228,0,NULL,NULL
6675,4655,1320766224,0,NULL,NULL
6675,12346,1320766224,1,NULL,NULL
6675,4655,1320810699,0,NULL,NULL
6675,12346,1320810699,1,NULL,NULL
6675,15810,1320851132,1,NULL,NULL
6675,15809,1320851132,1,NULL,NULL
6675,74,1320851132,0,NULL,NULL
6675,20326,1320851132,0,NULL,NULL
6675,20280,1320851132,0,NULL,NULL
6675,20360,1320851132,1,NULL,NULL
6675,15797,1320851132,0,NULL,NULL
6675,15798,1320851132,0,NULL,NULL
6675,20319,1320851132,1,NULL,NULL
6677,26487,1320833732,0,NULL,NULL
6677,25700,1320833732,1,NULL,NULL
6679,20272,1320762646,1,NULL,NULL
6680,30672,1320742231,0,NULL,NULL
6680,29637,1320742231,1,NULL,NULL
6681,16118,1320737529,1,NULL,NULL
6682,30404,1320672321,0,NULL,NULL
6683,30047,1320593064,1,NULL,NULL
6683,30048,1320593064,1,NULL,NULL
6683,30049,1320593064,1,NULL,NULL
6683,30025,1320593064,0,NULL,NULL
6683,30707,1320593064,0,NULL,NULL
6683,26935,1320596866,0,NULL,NULL
6683,26936,1320596866,0,NULL,NULL
6683,30794,1320596866,0,NULL,NULL
6683,30048,1320658847,0,NULL,NULL
6683,26936,1320658847,0,NULL,NULL
6683,30794,1320658847,0,NULL,NULL
6683,26935,1320658847,0,NULL,NULL
6684,20197,1320649236,0,NULL,NULL
6684,8289,1320649236,1,NULL,NULL
6684,15781,1320649236,-1,NULL,NULL
6684,26034,1320649236,0,NULL,NULL
6684,26078,1320649236,0,NULL,NULL
6684,25651,1320649236,0,NULL,NULL
6684,25965,1320649236,0,NULL,NULL
6685,1550,1320579364,0,NULL,NULL
6685,4688,1320579364,0,NULL,NULL
6687,4732,1320497173,0,NULL,NULL
6687,4783,1320497173,0,NULL,NULL
6687,99,1320497173,0,NULL,NULL
6687,4748,1320497173,0,NULL,NULL
6687,29644,1320497173,0,NULL,NULL
6687,31408,1320497173,0,NULL,NULL
6687,30142,1320497173,1,NULL,NULL
6687,24572,1320497173,0,NULL,NULL
6687,24621,1320497173,0,NULL,NULL
6687,31515,1320497173,0,NULL,NULL
6687,9945,1320565257,0,NULL,NULL
6688,16069,1320504254,0,NULL,NULL
6688,21126,1320504254,0,NULL,NULL
6688,16070,1320504254,1,NULL,NULL
6689,25787,1320492214,1,NULL,NULL
6690,7238,1320414061,0,NULL,NULL
6690,15781,1320478232,0,NULL,NULL
6690,8289,1320478232,0,NULL,NULL
6691,25660,1320409898,0,NULL,NULL
6691,26134,1320409898,0,NULL,NULL
6691,30623,1320409898,0,NULL,NULL
6691,30621,1320409898,1,NULL,NULL
6691,27644,1320409898,1,NULL,NULL
6691,25661,1320434855,0,0.0,0.0
6691,25662,1320434855,0,0.0,0.0
6691,28189,1320434855,0,NULL,NULL
6692,30232,1320401951,-1,NULL,NULL
6692,30221,1320401951,0,NULL,NULL
6693,29719,1320401772,0,NULL,NULL
6694,27644,1320331982,1,NULL,NULL
6694,27639,1320331982,0,NULL,NULL
6694,25662,1320331982,0,0.0,0.0
6694,25661,1320331982,0,0.0,0.0
6694,26134,1320331982,0,NULL,NULL
6694,25660,1320331982,1,NULL,NULL
6694,30621,1320331982,1,NULL,NULL
6696,30105,1320300632,0,0.0,0.0
6696,30719,1320300632,1,NULL,NULL
6696,30103,1320300632,0,NULL,NULL
6696,31096,1320300632,1,NULL,NULL
6696,25762,1320300632,0,NULL,NULL
6697,25925,1320257795,1,NULL,NULL
6697,26256,1320257795,1,NULL,NULL
6697,25988,1320257795,0,NULL,NULL
6699,4655,1316142096,0,NULL,NULL
6699,5466,1316142096,0,NULL,NULL
6699,4743,1316142096,0,NULL,NULL
6699,30687,1316142096,0,NULL,NULL
6699,30106,1316142096,1,NULL,NULL
6699,30103,1316142096,1,NULL,NULL
6699,30722,1316142096,0,NULL,NULL
6699,34679,1316142096,1,NULL,NULL
6699,29537,1316142096,0,NULL,NULL
6699,18103,1316142096,0,NULL,NULL
6699,30106,1319833032,1,NULL,NULL
6699,30103,1319833032,0,NULL,NULL
6699,32876,1320133494,1,NULL,NULL
6700,98,1319972091,0,NULL,NULL
6700,99,1319972091,1,NULL,NULL
6701,7360,1319970043,0,NULL,NULL
6701,416,1319970043,1,NULL,NULL
6702,30621,1319969553,0,NULL,NULL
6702,26134,1319969553,0,NULL,NULL
6702,27644,1319969553,1,NULL,NULL
6703,27012,1319891841,1,NULL,NULL
6703,27644,1319891841,1,NULL,NULL
6703,25661,1319891841,0,0.0,0.0
6703,25662,1319891841,0,0.0,0.0
6703,25660,1319891841,1,NULL,NULL
6703,26134,1319891841,0,NULL,NULL
6703,25657,1319903608,0,NULL,NULL
6703,28189,1319903608,0,NULL,NULL
6703,30621,1319903608,0,NULL,NULL
6704,25687,1319808507,0,NULL,NULL
6704,22126,1319808507,0,NULL,NULL
6705,19543,1319792177,-1,NULL,NULL
6705,19544,1319792177,-1,NULL,NULL
6705,19545,1319792177,1,NULL,NULL
6706,25687,1319720929,1,NULL,NULL
6709,9778,1319688083,1,NULL,NULL
6711,18940,1319627728,0,NULL,NULL
6712,4732,1319616461,0,NULL,NULL
6712,21124,1319616461,0,NULL,NULL
6712,35064,1319618848,0,NULL,NULL
6715,35385,1319569692,-1,NULL,NULL
6716,29579,1319548009,1,0.0,0.0
6716,29579,1319553390,1,NULL,NULL
6718,2010,1319529466,0,NULL,NULL
6718,446,1319529466,0,0.0,NULL
6718,4743,1319529466,1,NULL,NULL
6718,4742,1319529466,1,0.0,0.0
6718,10306,1319529466,-1,NULL,NULL
6718,8842,1319529466,0,NULL,NULL
6718,9940,1319529466,0,NULL,NULL
6721,4808,1319450006,0,NULL,NULL
6721,4808,1319451492,0,NULL,NULL
6721,21864,1319451492,0,NULL,NULL
6721,21864,1319452662,0,NULL,NULL
6721,4808,1319452662,0,NULL,NULL
6724,26402,1319367532,0,NULL,NULL
6724,26432,1319367532,1,NULL,NULL
6724,25665,1319367532,1,NULL,NULL
6724,26432,1319367933,1,NULL,NULL
6726,12117,1319291358,1,NULL,NULL
6727,1094,1319272485,-1,NULL,NULL
6727,19816,1319272780,-1,NULL,NULL
6728,35559,1319236416,0,NULL,NULL
6728,20625,1319236416,1,NULL,NULL
6728,35558,1319236416,0,NULL,NULL
6728,35510,1319236416,0,NULL,NULL
6728,15930,1319236416,0,NULL,NULL
6729,29579,1319221319,1,0.0,0.0
6730,267,1319206691,0,0.0,0.0
6730,31620,1319206691,1,NULL,NULL
6730,31621,1319206691,1,NULL,NULL
6731,35107,1319189195,0,NULL,NULL
6731,35109,1319189195,0,NULL,NULL
6731,35108,1319189195,0,NULL,NULL
6732,8299,1319187699,1,NULL,NULL
6737,30142,1319014572,1,NULL,NULL
6737,30143,1319014572,1,NULL,NULL
6738,20273,1319002758,1,NULL,NULL
6739,25813,1318993782,1,NULL,NULL
6740,26222,1318983609,0,NULL,NULL
6741,24825,1318963599,-1,NULL,NULL
6743,27236,1318879067,1,NULL,NULL
6743,30081,1318879067,1,NULL,NULL
6745,35525,1318847626,1,NULL,NULL
6746,22329,1317851746,1,NULL,NULL
6746,22327,1317851746,-1,NULL,NULL
6746,12404,1317851746,0,NULL,NULL
6746,9348,1317851746,-1,NULL,NULL
6746,12407,1317851746,0,NULL,NULL
6746,16470,1317851746,1,NULL,NULL
6746,9352,1317851746,-1,NULL,NULL
6746,4830,1317851746,-1,NULL,NULL
6746,4560,1317851746,-1,NULL,NULL
6746,9360,1318787195,0,NULL,NULL
6746,9365,1318787195,0,NULL,NULL
6746,9362,1318787195,0,NULL,NULL
6746,9363,1318787195,0,NULL,NULL
6748,25700,1318673606,1,NULL,NULL
6749,26126,1318586280,0,NULL,NULL
6750,4787,1318427672,0,NULL,NULL
6750,267,1318427672,0,NULL,NULL
6751,4736,1318405667,0,NULL,NULL
6752,36091,1318164219,0,NULL,NULL
6753,8784,1318161449,0,NULL,NULL
6753,16127,1318161449,-1,NULL,NULL
6753,16125,1318161449,0,NULL,NULL
6753,36091,1318161449,0,NULL,NULL
6753,36090,1318161449,0,NULL,NULL
6754,16084,1318145682,1,NULL,NULL
6754,17411,1318145682,1,NULL,NULL
6754,4709,1318145682,1,NULL,NULL
6754,35339,1318145682,1,NULL,NULL
6754,35326,1318145682,1,NULL,NULL
6754,17455,1318145682,1,NULL,NULL
6756,35527,1317940966,1,NULL,NULL
6757,27012,1317847340,1,NULL,NULL
6757,29618,1317847340,1,NULL,NULL
6757,29621,1317847340,0,NULL,NULL
6757,25751,1317935248,1,NULL,NULL
6757,25660,1317935248,1,NULL,NULL
6757,25815,1317935248,0,NULL,NULL
6757,24406,1317935248,1,NULL,NULL
6757,24398,1317935248,1,NULL,NULL
6757,34959,1317935248,1,NULL,NULL
6757,25987,1317935248,1,NULL,NULL
6757,34962,1317935248,1,NULL,NULL
6758,30416,1317811605,0,NULL,NULL
6758,30350,1317811605,1,NULL,NULL
6758,30220,1317811605,1,NULL,NULL
6758,30414,1317811605,-1,NULL,NULL
6758,30414,1317823637,1,NULL,NULL
6758,31073,1317823637,0,NULL,NULL
6758,30350,1317823637,0,NULL,NULL
6758,30416,1317823637,1,NULL,NULL
6758,30414,1317823923,0,NULL,NULL
6758,31073,1317831175,0,NULL,NULL
6758,30414,1317831175,1,NULL,NULL
6758,30416,1317831175,0,NULL,NULL
6758,30416,1317836014,0,NULL,NULL
6758,31067,1317836014,0,NULL,NULL
6758,31073,1317836014,0,NULL,NULL
6758,31059,1317836014,1,NULL,NULL
6758,30414,1317836014,-1,NULL,NULL
6758,30269,1317906292,0,NULL,NULL
6758,30350,1317914966,0,NULL,NULL
6758,30269,1317914966,1,NULL,NULL
6758,30416,1317914966,1,NULL,NULL
6759,29710,1317807753,1,NULL,NULL
6759,29709,1317807753,0,0.0,0.0
6761,416,1317796195,0,NULL,NULL
6762,29638,1317484710,0,NULL,NULL
6762,29637,1317484710,0,NULL,NULL
6762,29614,1317484710,0,NULL,NULL
6762,30677,1317484710,-1,NULL,NULL
6762,416,1317538699,0,NULL,NULL
6762,1550,1317538699,1,NULL,NULL
6764,4800,1317458691,1,NULL,NULL
6765,4800,1317458076,0,NULL,NULL
6765,9161,1317458076,0,NULL,NULL
6767,26022,1317304876,0,NULL,NULL
6768,25700,1317284988,1,NULL,NULL
6768,27675,1317284988,1,NULL,NULL
6770,25953,1317208928,1,NULL,NULL
6770,26275,1317208928,1,NULL,NULL
6770,26274,1317208928,1,NULL,NULL
6772,31370,1317198215,0,NULL,NULL
6773,31409,1317190284,1,0.0,0.0
6773,31412,1317190284,0,NULL,NULL
6774,17775,1317107157,0,0.0,0.0
6774,8538,1317107157,0,NULL,NULL
6774,9778,1317107157,0,NULL,NULL
6774,30137,1317110728,0,NULL,NULL
6775,24575,1317070637,1,NULL,NULL
6776,26231,1316972059,0,NULL,NULL
6778,25738,1316937978,1,NULL,NULL
6778,26961,1316937978,1,NULL,NULL
6779,26201,1316862546,0,NULL,NULL
6779,26231,1316862546,1,NULL,NULL
6779,26444,1316936016,1,NULL,NULL
6779,25990,1316936016,0,NULL,NULL
6779,26220,1316936016,0,NULL,NULL
6779,25987,1316936016,0,NULL,NULL
6780,26214,1316857456,1,NULL,NULL
6780,26242,1316857456,1,NULL,NULL
6781,29637,1316763212,-1,NULL,NULL
6781,26741,1316763212,1,NULL,NULL
6782,2010,1316789402,1,NULL,NULL
6784,4687,1316771585,0,NULL,NULL
6784,4690,1316771585,0,NULL,NULL
6785,30322,1316526629,1,0.0,0.0
6785,27353,1316526629,0,NULL,NULL
6785,30277,1316526629,1,NULL,NULL
6785,30360,1316526629,0,NULL,NULL
6785,30220,1316526629,-1,NULL,NULL
6785,30220,1316761110,0,NULL,NULL
6787,25674,1316698560,0,NULL,NULL
6791,25925,1316634344,1,NULL,NULL
6791,26256,1316634344,1,NULL,NULL
6792,20830,1316620083,0,NULL,NULL
6793,25651,1316532283,1,NULL,NULL
6793,9800,1316532283,-1,NULL,NULL
6793,26108,1316532283,1,NULL,NULL
6793,746,1316532283,1,NULL,NULL
6794,29579,1316530160,0,0.0,0.0
6796,25751,1316520817,0,NULL,NULL
6797,26213,1316427901,0,NULL,NULL
6797,26200,1316427901,0,NULL,NULL
6797,26231,1316427901,0,NULL,NULL
6797,26190,1316427901,0,NULL,NULL
6797,26208,1316427901,0,0.0,0.0
6797,26214,1316427901,0,NULL,NULL
6797,26246,1316427901,0,NULL,NULL
6797,26191,1316427901,0,NULL,NULL
6797,26236,1316427901,0,NULL,NULL
6797,26230,1316427901,0,NULL,NULL
6797,26248,1316427901,0,NULL,NULL
6797,26242,1316427901,0,NULL,NULL
6797,30228,1316427901,0,NULL,NULL
6797,30116,1316427901,1,NULL,NULL
6797,26237,1316427901,0,NULL,NULL
6797,26244,1316427901,0,NULL,NULL
6797,26286,1316427901,0,NULL,NULL
6797,26215,1316427901,0,NULL,NULL
6797,26212,1316427901,0,NULL,NULL
6797,28028,1316427901,0,NULL,NULL
6797,26256,1316427901,0,NULL,NULL
6797,26228,1316427901,0,NULL,NULL
6797,26249,1316427901,0,0.0,0.0
6797,26216,1316427901,0,NULL,NULL
6797,28094,1316427901,0,NULL,NULL
6797,29603,1316427901,0,NULL,NULL
6797,29710,1316427901,0,NULL,NULL
6797,29709,1316427901,0,0.0,0.0
6797,25987,1316427901,0,NULL,NULL
6797,26250,1316427901,0,NULL,NULL
6798,35074,1316401886,1,NULL,NULL
6798,34927,1316401886,1,NULL,NULL
6798,35072,1316401886,1,NULL,NULL
6798,17503,1316401886,0,NULL,NULL
6800,25820,1316258550,1,NULL,NULL
6800,27786,1316258550,1,NULL,NULL
6801,26109,1316255609,1,NULL,NULL
6802,26222,1316186153,1,NULL,NULL
6803,25899,1316168725,0,NULL,NULL
6803,25890,1316168725,0,NULL,NULL
6803,25885,1316168725,0,NULL,NULL
6803,25894,1316168725,0,NULL,NULL
6803,25887,1316168725,0,NULL,NULL
6803,25907,1316168725,0,NULL,NULL
6803,25896,1316168725,0,NULL,NULL
6803,25897,1316168725,0,NULL,NULL
6803,25903,1316168725,0,NULL,NULL
6803,27663,1316168725,0,NULL,NULL
6803,25902,1316168725,0,NULL,NULL
6803,25888,1316168725,0,NULL,NULL
6803,27665,1316168725,0,NULL,NULL
6803,27675,1316168725,0,NULL,NULL
6803,30217,1316168725,0,NULL,NULL
6803,25906,1316168725,0,NULL,NULL
6803,27667,1316168725,0,NULL,NULL
6803,25883,1316168725,0,NULL,NULL
6804,25886,1316111515,0,NULL,NULL
6804,18999,1316154491,0,NULL,NULL
6806,4850,1316120020,1,NULL,NULL
6806,16790,1316120020,0,NULL,NULL
6806,12409,1316120020,0,NULL,NULL
6806,9645,1316120020,0,NULL,NULL
6807,24183,1316111054,0,NULL,NULL
6807,36265,1316111054,0,NULL,NULL
6807,36261,1316111054,0,NULL,NULL
6809,26005,1316084703,0,NULL,NULL
6809,25751,1316084703,0,NULL,NULL
6809,26006,1316084703,0,NULL,NULL
6809,26214,1316084703,0,NULL,NULL
6809,25974,1316084703,0,NULL,NULL
6809,24826,1316084703,0,NULL,NULL
6809,25782,1316084703,-1,NULL,NULL
6809,1404,1316084703,0,NULL,NULL
6809,25987,1316084703,0,NULL,NULL
6809,26004,1316084703,1,NULL,NULL
6809,30220,1316084703,0,NULL,NULL
6809,31256,1316084703,0,NULL,NULL
6809,27305,1316084703,0,NULL,NULL
6809,30223,1316084703,0,NULL,NULL
6809,27813,1316084703,0,NULL,NULL
6809,25657,1316084703,0,NULL,NULL
6809,30222,1316084703,0,NULL,NULL
6809,30295,1316084703,0,NULL,NULL
6809,22508,1316087704,0,NULL,NULL
6810,4656,1315566940,0,NULL,NULL
6810,15802,1316063056,-1,NULL,NULL
6810,4656,1316063056,0,NULL,NULL
6811,10369,1316035692,1,NULL,NULL
6811,10379,1316035692,0,NULL,NULL
6811,10372,1316035692,0,NULL,NULL
6811,10445,1316035692,0,NULL,NULL
6811,10424,1316035692,0,NULL,NULL
6811,10453,1316035692,0,NULL,NULL
6811,10454,1316035692,0,NULL,NULL
6812,26286,1315230884,0,NULL,NULL
6812,26222,1315230884,0,NULL,NULL
6812,28505,1315425180,0,NULL,NULL
6812,31482,1316015543,0,0.0,0.0
6812,30165,1315230884,1,NULL,NULL
6812,26411,1315425180,0,NULL,NULL
6812,27316,1316015543,0,NULL,NULL
6812,31890,1315230884,0,NULL,NULL
6812,30105,1315425180,0,0.0,0.0
6812,26216,1315230884,0,NULL,NULL
6812,28151,1316015543,0,NULL,NULL
6812,26286,1315425180,0,NULL,NULL
6812,31887,1315425180,0,NULL,NULL
6812,31074,1315425180,0,NULL,NULL
6812,30390,1315425180,0,0.0,0.0
6812,36288,1315230884,0,NULL,NULL
6812,1549,1315425180,0,NULL,NULL
6812,30391,1315425180,0,NULL,NULL
6812,26214,1315230884,0,NULL,NULL
6812,4702,1315425180,0,NULL,NULL
6812,26250,1315230884,0,NULL,NULL
6812,26211,1315230884,0,NULL,NULL
6812,26444,1315425180,0,NULL,NULL
6812,31073,1315425180,0,NULL,NULL
6812,30034,1315230884,0,NULL,NULL
6812,26222,1315425180,0,NULL,NULL
6812,30139,1315230884,0,NULL,NULL
6812,30057,1315425180,0,NULL,NULL
6812,26274,1315230884,0,NULL,NULL
6812,25713,1316015543,0,NULL,NULL
6812,25882,1316015543,0,NULL,NULL
6812,26579,1316015543,0,NULL,NULL
6812,27317,1316015543,0,NULL,NULL
6812,26290,1315230884,0,NULL,NULL
6812,31887,1315230884,0,NULL,NULL
6812,4702,1315230884,0,NULL,NULL
6812,30223,1315425180,0,NULL,NULL
6812,25959,1316015543,0,NULL,NULL
6812,26191,1315230884,0,NULL,NULL
6812,31890,1315425180,0,NULL,NULL
6813,16125,1314106063,0,NULL,NULL
6813,30711,1314106063,0,NULL,NULL
6813,30296,1315999551,0,NULL,NULL
6813,26266,1314106063,0,NULL,NULL
6813,30331,1315999551,0,NULL,NULL
6813,4751,1316012715,0,NULL,NULL
6813,30220,1315999551,0,NULL,NULL
6813,30284,1315999551,0,NULL,NULL
6813,30880,1315999551,0,NULL,NULL
6813,30328,1314106063,0,NULL,NULL
6813,28488,1314106063,0,NULL,NULL
6813,36288,1314106063,0,NULL,NULL
6813,30346,1315999551,0,NULL,NULL
6813,30057,1314106063,0,NULL,NULL
6813,30140,1314106063,0,NULL,NULL
6813,30322,1314106063,0,NULL,NULL
6813,31029,1314106063,0,NULL,NULL
6813,30290,1314106063,0,NULL,NULL
6813,30285,1314106063,0,NULL,NULL
6813,26220,1314106063,0,NULL,NULL
6813,4845,1314106063,0,NULL,NULL
6813,26250,1314106063,0,NULL,NULL
6813,30344,1314106063,0,NULL,NULL
6813,30229,1314106063,0,NULL,NULL
6813,30391,1314106063,0,NULL,NULL
6813,30344,1315999551,0,NULL,NULL
6813,25665,1314106063,0,NULL,NULL
6813,30837,1314106063,0,NULL,NULL
6813,30884,1315999551,0,NULL,NULL
6813,29679,1315999551,0,NULL,NULL
6813,29709,1314106063,0,NULL,NULL
6813,30311,1315999551,0,NULL,NULL
6813,21860,1314171397,0,NULL,NULL
6813,36312,1314106063,0,NULL,NULL
6813,4846,1314106063,0,NULL,NULL
6813,30287,1314698342,0,NULL,NULL
6813,30285,1315999551,0,NULL,NULL
6813,30229,1315999551,0,NULL,NULL
6813,31315,1314171397,0,NULL,NULL
6813,30228,1315999551,0,NULL,NULL
6814,28754,1315928568,0,NULL,NULL
6814,26244,1315928568,1,NULL,NULL
6814,30386,1315928568,1,NULL,NULL
6814,26228,1315928568,-1,NULL,NULL
6814,26065,1315928568,0,0.0,0.0
6814,26300,1315928568,-1,NULL,NULL
6814,26303,1315928568,1,NULL,NULL
6814,25996,1315928568,0,NULL,NULL
6814,26063,1315928568,0,0.0,0.0
6814,26298,1315928568,1,NULL,NULL
6814,26244,1315992684,-1,NULL,NULL
6815,27265,1315585416,0,NULL,NULL
6815,25977,1315585416,0,NULL,NULL
6815,25775,1315585416,0,NULL,NULL
6815,25968,1315585416,0,NULL,NULL
6815,25762,1315585416,0,NULL,NULL
6815,28028,1315749388,0,NULL,NULL
6815,25987,1315749388,0,NULL,NULL
6815,36288,1315749388,1,NULL,NULL
6815,25751,1315756411,1,NULL,NULL
6815,25758,1315756411,-1,NULL,NULL
6815,24367,1315756411,-1,NULL,NULL
6815,30322,1315990897,0,NULL,NULL
6815,30341,1315990897,0,NULL,NULL
6815,30223,1315990897,0,NULL,NULL
6815,25657,1315990897,0,NULL,NULL
6815,25672,1315990897,0,NULL,NULL
6815,25935,1315990897,-1,NULL,NULL
6815,25751,1315990897,0,NULL,NULL
6815,25650,1315990897,0,0.0,0.0
6815,24398,1315990897,0,NULL,NULL
6815,26005,1315990897,0,NULL,NULL
6815,26006,1315990897,0,NULL,NULL
6815,26004,1315990897,1,NULL,NULL
6815,30130,1315990897,0,NULL,NULL
6815,30277,1315990897,0,NULL,NULL
6815,35363,1315990897,0,NULL,NULL
6816,19852,1315930465,1,NULL,NULL
6816,36305,1315930465,0,NULL,NULL
6817,29649,1315913565,1,NULL,NULL
6818,20251,1315902079,1,NULL,NULL
6818,15790,1315902079,-1,NULL,NULL
6819,4748,1315901888,1,NULL,NULL
6820,27665,1315836700,0,NULL,NULL
6820,25903,1315836700,0,NULL,NULL
6820,25887,1315836700,1,NULL,NULL
6820,25894,1315836700,0,NULL,NULL
6820,25885,1315836700,0,NULL,NULL
6820,25883,1315836700,1,NULL,NULL
6820,27666,1315836700,1,NULL,NULL
6821,17994,1314722972,0,NULL,NULL
6821,16092,1314722972,0,NULL,NULL
6821,26581,1314722972,0,NULL,NULL
6821,26560,1314722972,0,NULL,NULL
6821,26528,1314722972,0,NULL,NULL
6821,26538,1314722972,0,NULL,NULL
6821,26539,1314722972,0,NULL,NULL
6821,28642,1314722972,0,NULL,NULL
6821,27628,1314722972,0,NULL,NULL
6821,29648,1314722972,1,NULL,NULL
6821,27636,1314722972,0,NULL,NULL
6821,26540,1314722972,0,NULL,NULL
6821,36308,1314722972,0,NULL,NULL
6821,25666,1315633394,1,NULL,NULL
6821,25886,1315633394,-1,NULL,NULL
6821,26534,1315633394,0,NULL,NULL
6821,27628,1315633394,1,NULL,NULL
6821,25907,1315640336,0,NULL,NULL
6821,25883,1315640336,0,NULL,NULL
6821,27666,1315640336,0,NULL,NULL
6821,25886,1315811641,0,NULL,NULL
6821,25888,1315811641,0,NULL,NULL
6821,27666,1315820488,-1,NULL,NULL
6821,25887,1315820488,0,NULL,NULL
6821,25888,1315820488,-1,NULL,NULL
6823,4655,1315625005,-1,NULL,NULL
6823,5438,1315625005,0,NULL,NULL
6823,74,1315625005,1,NULL,NULL
6823,12330,1315625005,1,NULL,NULL
6823,5438,1315671826,0,NULL,NULL
6824,16130,1315580431,1,NULL,NULL
6825,133,1315575727,0,NULL,NULL
6825,133,1315575942,1,NULL,NULL
6826,4653,1315571408,-1,NULL,NULL
6826,12331,1315571408,0,NULL,NULL
6826,4655,1315571408,-1,NULL,NULL
6827,20319,1315337517,0,NULL,NULL
6827,30103,1315337517,1,NULL,NULL
6827,5418,1315533393,-1,NULL,NULL
6827,30103,1315533393,0,NULL,NULL
6830,2242,1315126165,-1,0.0,0.0
6830,16416,1315138020,0,NULL,NULL
6830,34649,1315191001,-1,NULL,NULL
6830,34649,1315363754,0,NULL,NULL
6831,540,1315218935,0,NULL,NULL
6831,474,1315218935,0,NULL,NULL
6831,4788,1315218935,0,1.0,1.0
6831,7294,1315218935,0,NULL,NULL
6831,26222,1315218935,0,NULL,NULL
6831,25652,1315218935,0,0.0,0.0
6831,25963,1315218935,0,NULL,NULL
6831,25731,1315218935,0,NULL,NULL
6831,30414,1315218935,0,NULL,NULL
6831,26212,1315218935,0,NULL,NULL
6831,26197,1315218935,0,0.0,0.0
6831,30394,1315218935,-1,0.0,0.0
6831,31632,1315218935,0,NULL,NULL
6831,26196,1315218935,0,NULL,NULL
6831,25730,1315218935,0,NULL,NULL
6831,25653,1315218935,0,NULL,NULL
6831,16504,1315218935,0,0.0,0.0
6831,30050,1315218935,0,NULL,NULL
6831,30052,1315218935,0,NULL,NULL
6831,30051,1315218935,1,NULL,NULL
6831,30020,1315218935,0,0.0,0.0
6831,30152,1315218935,0,NULL,NULL
6831,30129,1315218935,0,0.0,0.0
6831,31553,1315218935,0,NULL,NULL
6831,31051,1315218935,1,NULL,NULL
6831,26953,1315218935,0,NULL,NULL
6831,30416,1315218935,1,NULL,NULL
6831,30388,1315218935,0,NULL,NULL
6831,30052,1315223235,0,NULL,NULL
6831,31051,1315223235,0,NULL,NULL
6831,30662,1315223235,0,NULL,NULL
6831,25653,1315223235,0,NULL,NULL
6831,30388,1315232232,0,NULL,NULL
6831,30387,1315232232,0,NULL,NULL
6832,5615,1315194318,1,NULL,NULL
6833,25776,1315126101,1,NULL,NULL
6835,30081,1314741110,0,NULL,NULL
6835,29579,1314975173,0,0.0,0.0
6836,10379,1314935242,1,NULL,NULL
6836,10416,1314935242,1,NULL,NULL
6838,28510,1314836456,0,NULL,NULL
6838,21233,1314672428,0,NULL,NULL
6838,30806,1314892705,0,NULL,NULL
6838,21237,1314672428,0,NULL,NULL
6838,28518,1314836456,0,NULL,NULL
6838,28499,1314672428,0,NULL,NULL
6838,28486,1314842862,0,NULL,NULL
6838,28551,1314672428,0,NULL,NULL
6838,28548,1314672428,0,NULL,NULL
6838,26943,1314896590,0,NULL,NULL
6838,31058,1314672428,0,NULL,NULL
6838,28500,1314672428,0,NULL,NULL
6838,28545,1314672428,0,NULL,NULL
6838,28565,1314672428,0,NULL,NULL
6838,28513,1314672428,0,NULL,NULL
6838,21380,1314672428,0,NULL,NULL
6838,28524,1314836456,0,NULL,NULL
6838,28491,1314672428,0,NULL,NULL
6838,28507,1314842862,0,NULL,NULL
6838,26942,1314896590,0,NULL,NULL
6838,28477,1314672428,0,NULL,NULL
6838,28538,1314672428,0,NULL,NULL
6838,28490,1314672428,0,NULL,NULL
6838,28529,1314836456,0,NULL,NULL
6838,28526,1314836456,0,NULL,NULL
6838,26940,1314896590,0,NULL,NULL
6838,28546,1314672428,0,NULL,NULL
6838,28502,1314842862,0,NULL,NULL
6838,28553,1314672428,0,NULL,NULL
6838,30805,1314892705,0,NULL,NULL
6838,28552,1314672428,0,NULL,NULL
6838,21376,1314672428,0,NULL,NULL
6838,28515,1314836456,0,NULL,NULL
6838,28521,1314672428,0,NULL,NULL
6838,21372,1314672428,0,NULL,NULL
6838,28484,1314672428,0,NULL,NULL
6838,28533,1314672428,0,NULL,NULL
6838,28511,1314836456,0,NULL,NULL
6838,28547,1314672428,0,NULL,NULL
6838,21234,1314672428,0,NULL,NULL
6839,30047,1314888683,0,NULL,NULL
6839,30048,1314888683,1,NULL,NULL
6839,26942,1314888683,0,NULL,NULL
6839,26941,1314888683,0,NULL,NULL
6839,26943,1314888683,0,NULL,NULL
6840,34980,1314869362,0,NULL,NULL
6840,24364,1314869362,0,NULL,NULL
6841,26677,1314320837,0,NULL,NULL
6841,25696,1314320837,0,NULL,NULL
6841,25738,1314320837,0,NULL,NULL
6841,30113,1314320837,0,NULL,NULL
6841,30106,1314320837,1,NULL,NULL
6841,30806,1314320837,1,NULL,NULL
6841,29712,1314320837,0,NULL,NULL
6841,29717,1314320837,0,NULL,NULL
6841,26485,1314320837,-1,NULL,NULL
6841,27114,1314320837,-1,NULL,NULL
6841,26961,1314320837,0,NULL,NULL
6841,26665,1314320837,0,NULL,NULL
6841,27108,1314320837,0,NULL,NULL
6841,27847,1314320837,0,NULL,NULL
6841,25731,1314320837,0,NULL,NULL
6841,27848,1314320837,0,NULL,NULL
6841,29719,1314320837,0,NULL,NULL
6841,36286,1314320837,0,NULL,NULL
6841,27071,1314320837,0,NULL,NULL
6841,29721,1314320837,0,NULL,NULL
6841,30143,1314320837,0,NULL,NULL
6841,30805,1314320837,0,NULL,NULL
6841,30804,1314320837,0,NULL,NULL
6841,27279,1314320837,-1,NULL,NULL
6841,30137,1314320837,0,NULL,NULL
6841,26652,1314320837,-1,NULL,NULL
6841,28578,1314320837,0,NULL,NULL
6841,28578,1314825422,0,NULL,NULL
6841,25731,1314825422,0,NULL,NULL
6841,26959,1314825422,0,NULL,NULL
6843,21860,1314656723,0,NULL,NULL
6843,30671,1314656723,0,NULL,NULL
6843,30332,1314656723,0,NULL,NULL
6843,30283,1314656723,0,NULL,NULL
6843,26256,1314656723,0,NULL,NULL
6843,27847,1314656723,0,NULL,NULL
6843,30292,1314656723,0,NULL,NULL
6843,30111,1314656723,0,NULL,NULL
6843,25751,1314656723,1,NULL,NULL
6843,21862,1314656723,0,NULL,NULL
6843,26204,1314656723,0,NULL,NULL
6843,30711,1314656723,1,NULL,NULL
6843,25819,1314656723,0,0.0,0.0
6843,35995,1314656723,0,NULL,NULL
6843,30617,1314656723,0,NULL,NULL
6843,30309,1314656723,0,NULL,NULL
6843,30617,1314689738,0,NULL,NULL
6843,30687,1314689738,0,NULL,NULL
6843,30617,1314715553,1,NULL,NULL
6844,12346,1314613024,1,NULL,NULL
6844,8311,1314613024,1,NULL,NULL
6844,4655,1314613024,0,NULL,NULL
6844,4655,1314622020,0,NULL,NULL
6844,8311,1314622020,0,NULL,NULL
6844,12344,1314714706,1,NULL,NULL
6844,12331,1314714706,-1,NULL,NULL
6845,8311,1314695951,0,NULL,NULL
6845,4655,1314695951,1,NULL,NULL
6845,12347,1314695951,1,NULL,NULL
6847,416,1314584386,-1,NULL,NULL
6847,1550,1314584386,-1,NULL,NULL
6847,1550,1314593373,1,NULL,NULL
6847,416,1314593373,1,NULL,NULL
6847,4356,1314593373,0,NULL,NULL
6847,1550,1314623659,0,NULL,NULL
6847,416,1314623659,0,NULL,NULL
6847,4356,1314623659,0,NULL,NULL
6848,27290,1314369866,1,NULL,NULL
6848,27290,1314618135,0,NULL,NULL
6848,30672,1314618135,-1,NULL,NULL
6849,31317,1314540573,0,0.0,0.0
6850,26212,1314462453,1,NULL,NULL
6851,29654,1314431963,0,NULL,NULL
6851,30129,1314431963,0,NULL,NULL
6852,132,1314251544,0,NULL,NULL
6852,4881,1314251544,0,NULL,NULL
6852,12415,1314251544,0,NULL,NULL
6852,16968,1314251544,0,NULL,NULL
6852,23467,1314251544,0,NULL,NULL
6852,23466,1314251544,0,NULL,NULL
6852,18054,1314251544,0,NULL,NULL
6852,16966,1314255651,0,NULL,NULL
6852,23481,1314255651,0,NULL,NULL
6852,16968,1314255651,0,NULL,NULL
6852,129,1314429477,0,NULL,NULL
6852,132,1314429477,0,NULL,NULL
6852,134,1314429477,0,NULL,NULL
6852,128,1314429477,0,NULL,NULL
6852,18056,1314429477,0,NULL,NULL
6852,18060,1314429477,0,NULL,NULL
6853,24370,1314361501,1,NULL,NULL
6853,25763,1314361501,0,NULL,NULL
6853,29649,1314361501,0,NULL,NULL
6853,31482,1314361501,0,NULL,NULL
6856,30055,1314249923,0,NULL,NULL
6856,30796,1314249923,0,NULL,NULL
6856,29719,1314249923,0,NULL,NULL
6856,30059,1314249923,1,NULL,NULL
6856,27066,1314249923,1,NULL,NULL
6856,30059,1314250968,0,NULL,NULL
6857,32034,1314243365,0,NULL,NULL
6857,32013,1314243365,1,NULL,NULL
6857,32012,1314243365,1,NULL,NULL
6859,35525,1314176597,1,NULL,NULL
6859,35526,1314176597,0,NULL,NULL
6860,29640,1314175405,1,NULL,NULL
6861,267,1314099512,0,NULL,NULL
6862,26072,1314077835,0,NULL,NULL
6862,656,1314077835,0,NULL,NULL
6863,22439,1314075299,1,0.0,0.0
6863,32012,1314075299,0,NULL,NULL
6863,36217,1314075299,0,NULL,NULL
6864,30707,1314022766,1,NULL,NULL
6865,25876,1314019482,0,NULL,NULL
6866,5438,1313991904,1,NULL,NULL
6867,30693,1313836385,1,NULL,NULL
6867,30129,1313836385,1,NULL,NULL
6868,36073,1313829410,0,NULL,NULL
6868,32035,1313829410,0,NULL,NULL
6868,32013,1313829410,0,NULL,NULL
6868,32036,1313829410,0,NULL,NULL
6868,34901,1313829410,0,NULL,NULL
6868,4860,1313829410,0,NULL,NULL
6868,22946,1313829410,0,NULL,NULL
6868,22945,1313829410,0,NULL,NULL
6868,22944,1313829410,0,NULL,NULL
6869,30139,1313772831,-1,NULL,NULL
6869,30837,1313772831,0,NULL,NULL
6869,30836,1313772831,1,NULL,NULL
6869,28488,1313773522,0,NULL,NULL
6871,4860,1313763949,-1,NULL,NULL
6871,36073,1313763949,-1,NULL,NULL
6871,32013,1313763949,-1,NULL,NULL
6872,35363,1311842375,0,0.0,0.0
6872,26026,1311842375,0,NULL,NULL
6872,28568,1311842375,0,NULL,NULL
6872,26025,1313691575,-1,NULL,NULL
6872,28637,1311842375,1,NULL,NULL
6872,29637,1311842375,0,NULL,NULL
6872,9521,1311842375,0,NULL,NULL
6872,28050,1311842375,0,NULL,NULL
6872,30546,1313691575,1,NULL,NULL
6872,28390,1311842375,0,NULL,NULL
6872,26024,1311842375,0,NULL,NULL
6872,31115,1311842375,0,NULL,NULL
6872,26446,1311842375,-1,NULL,NULL
6872,28219,1311842375,0,NULL,NULL
6872,4784,1311842375,0,NULL,NULL
6872,28476,1311842375,0,NULL,NULL
6872,22610,1311842375,0,NULL,NULL
6872,28426,1311842375,0,NULL,NULL
6872,16563,1311842375,0,NULL,NULL
6872,16616,1311842375,0,NULL,NULL
6872,4745,1311842375,0,NULL,NULL
6872,25969,1311842375,0,NULL,NULL
6872,16565,1311842375,0,NULL,NULL
6872,22539,1313691575,-1,NULL,NULL
6872,30722,1311842375,0,NULL,NULL
6872,28157,1311842375,0,NULL,NULL
6872,28359,1311842375,0,NULL,NULL
6872,26244,1311842375,0,NULL,NULL
6872,27590,1311842375,0,NULL,NULL
6872,16751,1311842375,0,NULL,NULL
6872,25925,1312238424,0,NULL,NULL
6872,31506,1311842375,0,NULL,NULL
6872,25972,1311842375,0,NULL,NULL
6872,28341,1311842375,0,NULL,NULL
6872,30829,1311842375,0,NULL,NULL
6872,24398,1311842375,0,NULL,NULL
6872,27353,1311842375,-1,NULL,NULL
6872,30394,1311842375,0,NULL,NULL
6872,25787,1311842375,0,NULL,NULL
6872,31887,1311842375,0,NULL,NULL
6873,26031,1313740365,0,NULL,NULL
6874,27279,1313714534,0,NULL,NULL
6874,25751,1313714534,0,NULL,NULL
6874,30687,1313714534,1,NULL,NULL
6874,30689,1313714534,0,NULL,NULL
6874,30687,1313714857,0,NULL,NULL
6876,29644,1313689515,0,NULL,NULL
6876,7523,1313689515,0,NULL,NULL
6876,4688,1313689515,1,NULL,NULL
6877,30168,1313667192,0,NULL,NULL
6879,244,1313661887,0,NULL,NULL
6881,26004,1313601715,1,NULL,NULL
6882,27236,1313576348,1,NULL,NULL
6882,30081,1313576348,1,0.0,0.0
6883,30142,1313510446,1,NULL,NULL
6883,29649,1313510446,1,NULL,NULL
6883,29644,1313510446,1,NULL,NULL
6883,30143,1313510446,1,NULL,NULL
6884,30276,1313497531,1,NULL,NULL
6884,36332,1313497531,1,NULL,NULL
6884,28830,1313497531,0,NULL,NULL
6884,30693,1313497531,0,NULL,NULL
6884,16120,1313497531,1,NULL,NULL
6884,36332,1313505452,1,NULL,NULL
6884,30276,1313505452,0,NULL,NULL
6884,28830,1313505452,1,NULL,NULL
6884,30693,1313505452,1,NULL,NULL
6885,4744,1313304505,1,NULL,NULL
6885,2010,1313304505,0,NULL,NULL
6885,446,1313304505,0,NULL,NULL
6885,4743,1313304505,0,NULL,NULL
6885,36091,1313304505,1,NULL,NULL
6885,4743,1313493867,1,NULL,NULL
6885,4744,1313503699,1,NULL,NULL
6886,8320,1313413213,0,NULL,NULL
6886,8299,1313413213,1,NULL,NULL
6886,8325,1313413213,1,NULL,NULL
6886,15817,1313483663,0,NULL,NULL
6887,19816,1313481945,1,NULL,NULL
6890,35027,1313421003,0,NULL,NULL
6890,35028,1313421003,0,NULL,NULL
6891,15796,1308714347,1,NULL,NULL
6891,15796,1308896036,-1,NULL,NULL
6891,15796,1313420951,-1,NULL,NULL
6892,25665,1313322664,1,NULL,NULL
6892,26432,1313322664,1,0.0,0.0
6893,7294,1313225046,1,NULL,NULL
6893,2010,1313225046,1,NULL,NULL
6894,26446,1313163170,1,NULL,NULL
6894,29719,1313163170,0,NULL,NULL
6894,28419,1313163170,0,NULL,NULL
6894,25762,1313167339,-1,NULL,NULL
6894,30142,1313163170,0,NULL,NULL
6894,24404,1313163170,-1,NULL,NULL
6894,30219,1313163170,0,NULL,NULL
6894,25713,1313163170,0,NULL,NULL
6894,24398,1313163170,1,NULL,NULL
6894,31505,1313163170,0,NULL,NULL
6894,25972,1313163170,0,NULL,NULL
6894,4788,1313163170,-1,NULL,NULL
6894,4702,1313163170,0,NULL,NULL
6894,26024,1313163170,-1,NULL,NULL
6894,16565,1313163170,0,NULL,NULL
6894,25787,1313163170,0,NULL,NULL
6894,29610,1313163170,1,NULL,NULL
6894,25751,1313168663,0,NULL,NULL
6894,24398,1313167339,1,NULL,NULL
6894,27291,1313163170,0,NULL,NULL
6894,25990,1313163170,0,NULL,NULL
6894,4706,1313163170,0,NULL,NULL
6894,25675,1313163170,-1,NULL,NULL
6894,25751,1313163170,0,NULL,NULL
6894,4745,1313163170,0,NULL,NULL
6894,4855,1313163170,1,NULL,NULL
6894,25936,1313163170,0,NULL,NULL
6894,36319,1313163170,-1,NULL,NULL
6894,4743,1313163170,0,NULL,NULL
6894,25730,1313163170,0,NULL,NULL
6894,25706,1313163170,0,NULL,NULL
6894,28426,1313163170,0,NULL,NULL
6894,26026,1313163170,0,0.0,0.0
6894,26256,1313163170,0,NULL,NULL
6894,25988,1313163170,1,NULL,NULL
6894,30394,1313163170,0,NULL,NULL
6894,30756,1313163170,0,NULL,NULL
6894,27291,1313167339,1,NULL,NULL
6894,26038,1313163170,0,NULL,NULL
6894,31890,1313163170,0,NULL,NULL
6895,446,1313001787,1,NULL,NULL
6895,4742,1313001787,0,NULL,NULL
6895,7294,1313001787,1,NULL,NULL
6895,4743,1313001787,0,NULL,NULL
6896,25928,1312994934,-1,NULL,NULL
6898,31208,1312872961,1,NULL,NULL
6898,31206,1312881644,0,NULL,NULL
6898,31208,1312891651,0,NULL,NULL
6899,30125,1312883905,0,NULL,NULL
6899,30142,1312883905,1,NULL,NULL
6899,26826,1312883905,0,NULL,NULL
6900,35027,1312881688,1,NULL,NULL
6901,26005,1312804381,1,NULL,NULL
6901,30416,1312804381,0,NULL,NULL
6902,17775,1312741441,0,0.0,0.0
6902,23224,1312741441,0,NULL,NULL
6902,20621,1312741441,0,NULL,NULL
6902,31406,1312741441,0,NULL,NULL
6902,35558,1312741441,1,NULL,NULL
6902,35559,1312741441,1,NULL,NULL
6902,35588,1312741441,0,NULL,NULL
6902,20625,1312741441,0,NULL,NULL
6902,35510,1312741441,1,NULL,NULL
6902,20624,1312741441,0,NULL,NULL
6902,16902,1312741441,0,NULL,NULL
6902,20623,1312741441,0,NULL,NULL
6902,16876,1312741441,0,NULL,NULL
6902,15934,1312741441,-1,NULL,NULL
6902,16394,1312741441,-1,NULL,NULL
6902,16111,1312741441,0,NULL,NULL
6902,15928,1312741441,-1,NULL,NULL
6902,8783,1312741441,0,NULL,NULL
6902,8538,1312741441,0,NULL,NULL
6902,9778,1312741441,-1,NULL,NULL
6902,29584,1312796653,0,NULL,NULL
6902,35559,1312796653,0,NULL,NULL
6902,30707,1312796653,0,NULL,NULL
6903,10533,1312713116,1,NULL,NULL
6903,15743,1312713116,0,NULL,NULL
6903,19818,1312713116,-1,NULL,NULL
6906,36342,1312451121,1,NULL,NULL
6907,28415,1312428608,1,NULL,NULL
6907,26256,1312428608,1,NULL,NULL
6908,25713,1312400086,1,NULL,NULL
6909,4655,1312340370,0,NULL,NULL
6909,8386,1312340513,0,NULL,NULL
6910,4845,1312297824,0,NULL,NULL
6910,16120,1312300054,0,NULL,NULL
6910,9654,1312300054,0,NULL,NULL
6910,4743,1312300054,0,NULL,NULL
6910,4751,1312300054,0,NULL,NULL
6911,30880,1312282183,0,NULL,NULL
6911,30694,1312282183,1,NULL,NULL
6911,30341,1312282183,0,NULL,NULL
6911,30322,1312282183,0,NULL,NULL
6911,30285,1312282183,0,NULL,NULL
6911,30332,1312282183,0,NULL,NULL
6911,30292,1312282183,0,NULL,NULL
6911,30275,1312282183,0,NULL,NULL
6911,30951,1312282183,-1,NULL,NULL
6911,25751,1312282183,-1,NULL,NULL
6911,26921,1312282183,0,NULL,NULL
6911,29680,1312282183,0,NULL,NULL
6911,30346,1312282183,0,NULL,NULL
6911,30284,1312282183,0,NULL,NULL
6911,30287,1312282183,0,NULL,NULL
6911,28020,1312282183,1,NULL,NULL
6911,29679,1312282183,0,NULL,NULL
6911,30309,1312282183,0,NULL,NULL
6911,30295,1312282183,0,NULL,NULL
6911,30310,1312282183,0,NULL,NULL
6911,30884,1312282183,0,NULL,NULL
6911,30342,1312282183,0,NULL,NULL
6911,30331,1312282183,0,NULL,NULL
6911,30344,1312282183,0,NULL,NULL
6911,30306,1312282183,0,NULL,NULL
6911,30283,1312282183,0,NULL,NULL
6911,30311,1312282183,0,NULL,NULL
6911,30350,1312282183,0,NULL,NULL
6911,30328,1312282183,0,NULL,NULL
6911,30290,1312282183,0,NULL,NULL
6911,30221,1312282183,0,NULL,NULL
6911,30276,1312282183,0,NULL,NULL
6911,30277,1312282183,0,NULL,NULL
6911,29721,1312282183,0,NULL,NULL
6911,30951,1312282731,1,NULL,NULL
6912,30404,1309517446,0,NULL,NULL
6912,31479,1309936664,1,NULL,NULL
6912,31478,1309936664,0,NULL,NULL
6912,30404,1312269839,0,NULL,NULL
6912,31070,1312272823,0,NULL,NULL
6914,16140,1312219937,0,0.0,0.0
6914,7294,1312219937,1,NULL,NULL
6914,4743,1312219937,1,NULL,NULL
6914,2010,1312219937,1,NULL,NULL
6914,446,1312219937,0,NULL,NULL
6915,35984,1312208046,1,NULL,NULL
6915,30693,1312208046,0,NULL,NULL
6916,4335,1312196024,1,NULL,NULL
6916,34967,1312196024,1,NULL,NULL
6918,30306,1312140826,0,NULL,NULL
6918,30287,1312140826,0,NULL,NULL
6918,30234,1312140826,0,NULL,NULL
6918,30224,1312140826,0,NULL,NULL
6919,30219,1312136070,-1,NULL,NULL
6919,22439,1312136070,0,NULL,NULL
6919,25751,1312136070,0,NULL,NULL
6920,32016,1312112437,0,NULL,NULL
6920,17961,1312112437,0,NULL,NULL
6920,32009,1312112437,0,NULL,NULL
6920,17961,1312130955,0,NULL,NULL
6920,32016,1312130955,0,NULL,NULL
6920,32009,1312130955,0,NULL,NULL
6922,28830,1311951453,1,NULL,NULL
6922,36332,1311951453,0,NULL,NULL
6922,30693,1311951453,-1,NULL,NULL
6923,24825,1311939546,1,NULL,NULL
6923,19933,1311939546,1,NULL,NULL
6923,17805,1311939546,0,NULL,NULL
6924,16478,1311938671,1,NULL,NULL
6924,22358,1311938671,1,NULL,NULL
6924,4343,1311938671,1,NULL,NULL
6924,5812,1311938671,1,NULL,NULL
6925,15818,1309353898,1,NULL,NULL
6925,20285,1311938228,0,NULL,NULL
6925,20301,1311734181,1,NULL,NULL
6925,8338,1311734181,0,NULL,NULL
6925,12346,1309353898,0,NULL,NULL
6925,15812,1311734181,0,NULL,NULL
6925,20300,1311734181,0,NULL,NULL
6925,31214,1311734181,0,NULL,NULL
6925,15853,1309353898,1,NULL,NULL
6925,20351,1311734181,1,NULL,NULL
6925,15844,1311734181,0,NULL,NULL
6925,8331,1311734181,0,NULL,NULL
6925,8332,1309353898,1,NULL,NULL
6925,12344,1311734181,0,NULL,NULL
6925,8327,1309353898,1,NULL,NULL
6925,20292,1311734181,1,NULL,NULL
6925,8385,1311938228,0,NULL,NULL
6925,15812,1311938228,1,NULL,NULL
6925,8352,1311734181,0,0.0,0.0
6925,8382,1311938228,0,NULL,NULL
6925,8320,1311734181,0,NULL,NULL
6925,8338,1311938228,0,NULL,NULL
6925,15831,1311734181,1,NULL,NULL
6925,8327,1311734181,0,NULL,NULL
6925,8328,1309353898,0,NULL,NULL
6925,8336,1311734181,0,NULL,NULL
6925,8332,1311734181,1,NULL,NULL
6925,8341,1309353898,0,NULL,NULL
6925,8338,1309353898,0,NULL,NULL
6925,8346,1311734181,0,NULL,NULL
6925,8353,1311734181,0,NULL,NULL
6925,20297,1311734181,1,NULL,NULL
6925,8373,1311938228,0,NULL,NULL
6925,15820,1311734181,0,NULL,NULL
6925,8318,1311734181,0,NULL,NULL
6925,18120,1311734181,0,NULL,NULL
6925,17762,1311938228,0,NULL,NULL
6925,15858,1311734181,0,NULL,NULL
6925,8343,1309353898,0,NULL,NULL
6925,15816,1311734181,0,NULL,NULL
6926,14439,1311861175,0,NULL,NULL
6926,14441,1311861175,0,NULL,NULL
6926,14445,1311861175,0,NULL,NULL
6926,14440,1311861175,0,NULL,NULL
6926,14444,1311861175,0,NULL,NULL
6926,10574,1311861175,0,NULL,NULL
6926,5497,1311861175,0,NULL,NULL
6926,5501,1311861175,0,NULL,NULL
6926,5494,1311861175,0,NULL,NULL
6926,5431,1311861175,0,NULL,NULL
6926,5498,1311861175,0,NULL,NULL
6926,5499,1311861175,0,NULL,NULL
6926,5502,1311861175,0,NULL,NULL
6926,4605,1311861175,0,NULL,NULL
6926,14443,1311861175,0,NULL,NULL
6926,30684,1311861175,1,NULL,NULL
6926,31094,1311861175,1,NULL,NULL
6927,19818,1311838731,-1,NULL,NULL
6927,19816,1311838731,-1,NULL,NULL
6927,15737,1311838731,0,NULL,NULL
6927,8113,1311838731,0,NULL,NULL
6927,1094,1311838731,0,NULL,NULL
6927,15703,1311838731,0,NULL,NULL
6927,15738,1311838731,0,NULL,NULL
6927,8098,1311838731,0,NULL,NULL
6927,8111,1311838731,0,NULL,NULL
6927,10532,1311838731,0,NULL,NULL
6927,10533,1311838731,0,NULL,NULL
6927,8102,1311838731,0,NULL,NULL
6928,27387,1311748650,0,NULL,NULL
6928,31074,1311748650,0,NULL,NULL
6928,28418,1311748650,0,NULL,NULL
6928,28148,1311748650,0,NULL,NULL
6928,28670,1311748650,0,NULL,NULL
6928,31073,1311748650,0,NULL,NULL
6928,27279,1311748650,0,NULL,NULL
6928,28669,1311748650,0,NULL,NULL
6928,16080,1311748650,0,NULL,NULL
6928,26424,1311748650,0,NULL,NULL
6928,27401,1311748650,0,NULL,NULL
6928,30804,1311748650,0,NULL,NULL
6928,28456,1311748650,0,NULL,NULL
6928,31054,1311748650,0,NULL,NULL
6928,28111,1311748650,0,NULL,NULL
6928,27403,1311748650,0,NULL,NULL
6928,24380,1311748650,0,NULL,NULL
6928,4748,1311748650,0,NULL,NULL
6928,24370,1311748650,0,NULL,NULL
6928,21864,1311777225,0,NULL,NULL
6928,27290,1311748650,0,NULL,NULL
6928,26802,1311748650,0,NULL,NULL
6928,35836,1311748650,0,NULL,NULL
6928,27331,1311748650,0,NULL,NULL
6928,27414,1311748650,0,NULL,NULL
6928,27505,1311748650,0,NULL,NULL
6928,8366,1311748650,0,NULL,NULL
6928,16142,1311748650,0,NULL,NULL
6928,16267,1311748650,0,NULL,NULL
6928,28023,1311748650,0,NULL,NULL
6928,27453,1311748650,0,NULL,NULL
6928,27779,1311748650,0,NULL,NULL
6928,26509,1311748650,0,NULL,NULL
6928,1193,1311748650,0,NULL,NULL
6928,31322,1311748650,0,NULL,NULL
6928,16276,1311777225,0,NULL,NULL
6928,27954,1311748650,0,NULL,NULL
6928,27283,1311748650,0,NULL,NULL
6928,27698,1311748650,0,NULL,NULL
6928,35834,1311748650,0,NULL,NULL
6929,25813,1311751523,1,NULL,NULL
6930,25925,1311750381,0,NULL,NULL
6930,25990,1311750381,0,NULL,NULL
6930,25996,1311750381,-1,0.0,0.0
6930,25991,1311750381,0,NULL,NULL
6930,26036,1311750381,0,NULL,NULL
6930,26021,1311750381,0,NULL,NULL
6930,26027,1311750381,0,NULL,NULL
6930,26032,1311750381,0,NULL,NULL
6930,26034,1311750381,0,NULL,NULL
6930,26017,1311750381,0,NULL,NULL
6930,26031,1311750381,0,NULL,NULL
6930,26038,1311750381,0,NULL,NULL
6930,25984,1311750381,0,NULL,NULL
6930,25960,1311750381,0,0.0,0.0
6930,25928,1311750381,-1,0.0,0.0
6930,25953,1311750381,0,NULL,NULL
6930,30369,1311750381,0,NULL,NULL
6930,25926,1311750381,0,NULL,NULL
6930,25934,1311750381,0,0.0,0.0
6930,25936,1311750381,0,NULL,NULL
6930,25983,1311750381,0,NULL,NULL
6930,25985,1311750381,0,NULL,NULL
6930,26035,1311750381,0,NULL,NULL
6930,26007,1311750381,0,NULL,NULL
6930,25969,1311750381,0,NULL,NULL
6930,25974,1311750381,0,NULL,NULL
6930,25995,1311750381,0,NULL,NULL
6930,25929,1311750381,0,NULL,NULL
6930,25945,1311750381,0,NULL,NULL
6930,26022,1311750381,0,NULL,NULL
6930,26013,1311750381,-1,NULL,NULL
6930,26026,1311750381,0,NULL,NULL
6930,25938,1311750381,0,NULL,NULL
6930,25965,1311750381,0,NULL,NULL
6930,26020,1311750381,0,NULL,NULL
6930,25940,1311750381,0,NULL,NULL
6930,25963,1311750381,0,NULL,NULL
6930,25961,1311750381,0,NULL,NULL
6930,25964,1311750381,0,NULL,NULL
6931,7293,1311692742,0,NULL,NULL
6931,4736,1311692742,1,NULL,NULL
6933,4688,1311686727,0,NULL,NULL
6934,30694,1311613361,0,NULL,NULL
6934,28847,1311613361,0,NULL,NULL
6934,25700,1311613361,1,NULL,NULL
6934,25876,1311613361,1,NULL,NULL
6934,26527,1311613361,0,NULL,NULL
6934,25713,1311613361,1,NULL,NULL
6934,30715,1311613361,0,NULL,NULL
6934,25700,1311623226,-1,NULL,NULL
6934,25713,1311623226,1,NULL,NULL
6934,26528,1311623226,0,NULL,NULL
6934,25698,1311659344,0,NULL,NULL
6934,25700,1311659344,0,NULL,NULL
6934,29649,1311659344,1,NULL,NULL
6934,36307,1311659344,0,NULL,NULL
6934,30715,1311659344,1,NULL,NULL
6934,25886,1311659344,0,NULL,NULL
6934,28847,1311659344,1,NULL,NULL
6934,29659,1311659344,0,NULL,NULL
6934,29635,1311659344,0,0.0,0.0
6934,25886,1311663959,1,NULL,NULL
6934,26540,1311663959,0,NULL,NULL
6934,36309,1311663959,1,NULL,NULL
6934,25698,1311674412,1,NULL,NULL
6934,25713,1311674412,1,NULL,NULL
6934,25713,1311677112,0,NULL,NULL
6937,30220,1311512073,1,NULL,NULL
6938,25974,1311496755,0,NULL,NULL
6938,30694,1311496755,1,NULL,NULL
6938,26131,1311496755,0,NULL,NULL
6938,26088,1311496755,1,NULL,NULL
6938,25935,1311496755,0,NULL,NULL
6938,26102,1311496755,1,NULL,NULL
6938,26126,1311496755,1,NULL,NULL
6938,26137,1311496755,1,NULL,NULL
6938,27706,1311496755,0,NULL,NULL
6938,26136,1311496755,0,NULL,NULL
6938,25934,1311496755,0,NULL,NULL
6938,34967,1311496755,1,NULL,NULL
6938,25974,1311501286,1,NULL,NULL
6939,30414,1311334378,1,NULL,NULL
6942,29621,1311319728,1,NULL,NULL
6942,27012,1311319728,1,NULL,NULL
6943,32009,1311317843,0,1.0,1.0
6943,26709,1311317843,1,NULL,NULL
6943,26911,1311317843,0,NULL,NULL
6943,27587,1311317843,0,NULL,NULL
6943,35985,1311317843,0,NULL,NULL
6943,35984,1311317843,0,0.0,0.0
6943,7511,1311317843,0,NULL,NULL
6943,9611,1311317843,0,NULL,NULL
6943,27244,1311317843,0,NULL,NULL
6943,32016,1311317843,0,NULL,NULL
6943,27504,1311317843,0,NULL,NULL
6943,28205,1311317843,0,NULL,NULL
6943,26411,1311317843,0,NULL,NULL
6943,26921,1311317843,0,NULL,NULL
6943,17961,1311317843,0,NULL,NULL
6947,17411,1311006392,1,NULL,NULL
6947,4709,1311006392,1,NULL,NULL
6949,35684,1310981350,0,NULL,NULL
6949,36242,1310981350,0,NULL,NULL
6949,34593,1310981350,0,NULL,NULL
6949,33313,1310981350,0,NULL,NULL
6949,32647,1310981350,0,NULL,NULL
6949,34709,1310981350,0,NULL,NULL
6949,35686,1310981350,0,NULL,NULL
6949,36373,1310981350,0,NULL,NULL
6949,36381,1310981350,0,NULL,NULL
6949,32115,1310981350,0,NULL,NULL
6949,36257,1310981350,0,NULL,NULL
6949,34708,1310981350,0,NULL,NULL
6949,36253,1310981350,0,NULL,NULL
6949,24832,1310981350,0,NULL,NULL
6949,32646,1310981350,0,NULL,NULL
6949,36386,1310981350,0,NULL,NULL
6949,24837,1310981350,0,NULL,NULL
6949,1206,1310981350,0,NULL,NULL
6949,1185,1310981350,0,NULL,NULL
6949,1216,1310981350,0,NULL,NULL
6949,1142,1310981350,0,NULL,NULL
6949,1143,1310981350,0,NULL,NULL
6949,1186,1310981350,0,NULL,NULL
6949,1201,1310981350,0,NULL,NULL
6949,1209,1310981350,0,NULL,NULL
6949,1207,1310981350,0,NULL,NULL
6949,1195,1310981350,0,NULL,NULL
6949,1216,1310992170,0,NULL,NULL
6950,35104,1284988057,0,NULL,NULL
6950,35046,1284988057,0,NULL,NULL
6950,35069,1284988057,-1,NULL,NULL
6950,26969,1284995388,0,NULL,NULL
6950,34927,1284995388,0,NULL,NULL
6950,34587,1284995388,0,NULL,NULL
6950,24368,1284995388,1,NULL,NULL
6950,34926,1286525629,0,NULL,NULL
6950,36365,1288951072,1,NULL,NULL
6950,34946,1289474220,0,NULL,NULL
6950,35022,1289474220,1,NULL,NULL
6952,17406,1310024305,1,NULL,NULL
6952,17402,1310024305,-1,NULL,NULL
6952,17416,1310024305,0,NULL,NULL
6952,17434,1310024305,0,NULL,NULL
6952,17406,1310131950,0,NULL,NULL
6952,35339,1310131950,0,NULL,NULL
6952,17402,1310131950,1,NULL,NULL
6952,17402,1310742005,0,NULL,NULL
6954,25811,1310732873,1,NULL,NULL
6954,17402,1310732873,1,NULL,NULL
6954,24825,1310732873,1,NULL,NULL
6954,25747,1310732873,0,NULL,NULL
6954,25822,1310732873,0,NULL,NULL
6954,27393,1310732873,0,NULL,NULL
6954,24827,1310732873,1,NULL,NULL
6955,8125,1310732770,1,NULL,NULL
6956,30166,1310719189,0,NULL,NULL
6956,24376,1310719189,0,NULL,NULL
6957,4860,1310698780,1,NULL,NULL
6957,32013,1310715597,1,NULL,NULL
6958,4709,1310661470,1,NULL,NULL
6958,5718,1310661470,0,NULL,NULL
6958,17411,1310661470,1,NULL,NULL
6958,17984,1310661470,0,NULL,NULL
6958,17486,1310661470,0,NULL,NULL
6958,35527,1310661470,1,-1.0,-1.0
6958,35325,1310661470,1,NULL,NULL
6958,35339,1310661470,1,NULL,NULL
6958,35326,1310661470,1,NULL,NULL
6958,35323,1310661470,1,NULL,NULL
6958,35521,1310661470,1,NULL,NULL
6959,30660,1310567486,0,NULL,NULL
6959,27260,1310567486,0,NULL,NULL
6959,30053,1310567486,-1,NULL,NULL
6959,27283,1310567486,-1,NULL,NULL
6959,21157,1310567486,0,NULL,NULL
6960,15805,1310562804,0,NULL,NULL
6960,74,1310562804,0,NULL,NULL
6962,1550,1310540794,1,NULL,NULL
6964,31096,1310462526,0,NULL,NULL
6964,30719,1310462526,1,NULL,NULL
6964,16347,1310466806,0,NULL,NULL
6965,20359,1310369334,1,NULL,NULL
6966,25665,1310289894,1,NULL,NULL
6967,4860,1310218694,1,NULL,NULL
6967,32013,1310218694,1,NULL,NULL
6967,36073,1310218694,1,NULL,NULL
6968,26437,1310206082,1,NULL,NULL
6968,25681,1310206082,1,NULL,NULL
6968,25736,1310206082,0,NULL,NULL
6970,31828,1310130092,-1,NULL,NULL
6970,31833,1310130092,0,NULL,NULL
6970,31827,1310130092,0,NULL,NULL
6970,31831,1310130092,0,NULL,NULL
6971,4743,1310122322,1,NULL,NULL
6973,25974,1310055359,1,NULL,NULL
6973,26204,1310055359,1,0.0,0.0
6973,26271,1310055359,1,NULL,NULL
6974,25929,1307756711,1,NULL,NULL
6974,30858,1307756711,0,NULL,NULL
6974,16504,1307756711,0,0.0,0.0
6974,36288,1307756711,0,NULL,NULL
6974,25819,1307756711,0,NULL,NULL
6974,25987,1307756711,1,NULL,NULL
6974,25929,1307780039,0,NULL,NULL
6974,25819,1307780039,0,0.0,0.0
6975,19544,1310026859,1,NULL,NULL
6975,19543,1310026859,1,NULL,NULL
6976,29644,1309783105,0,NULL,NULL
6976,29636,1309783105,0,NULL,NULL
6976,29649,1309783105,0,NULL,NULL
6976,4690,1309783105,0,NULL,NULL
6976,4687,1309783105,0,NULL,NULL
6976,26860,1309966396,0,NULL,NULL
6976,29644,1310025088,0,NULL,NULL
6977,25751,1310019941,1,NULL,NULL
6977,27377,1310019941,0,NULL,NULL
6978,22329,1309727185,1,NULL,NULL
6978,9352,1309727185,1,NULL,NULL
6978,16470,1309727185,1,NULL,NULL
6978,9348,1309727185,1,NULL,NULL
6978,4830,1309795666,1,NULL,NULL
6978,22327,1309948833,1,NULL,NULL
6978,4560,1309948833,0,NULL,NULL
6979,34599,1309935550,0,NULL,NULL
6979,34599,1309946791,0,NULL,NULL
6981,10369,1309877445,0,NULL,NULL
6982,8125,1309796137,1,NULL,NULL
6983,21570,1309785916,0,NULL,NULL
6983,12201,1309785916,0,NULL,NULL
6983,16343,1309785916,1,NULL,NULL
6983,17764,1309785916,0,NULL,NULL
6984,99,1309171908,1,1.0,1.0
6984,98,1309172340,-1,NULL,NULL
6984,99,1309489350,1,1.0,1.0
6986,4356,1309430582,0,NULL,NULL
6986,26912,1309430582,0,NULL,NULL
6986,29649,1309430582,0,NULL,NULL
6986,26911,1309430582,-1,NULL,NULL
6987,25974,1307684674,1,NULL,NULL
6987,26005,1307684674,1,NULL,NULL
6987,27850,1307684674,1,NULL,NULL
6987,28475,1307684674,-1,NULL,NULL
6987,27498,1307684674,-1,NULL,NULL
6987,26217,1307684674,0,NULL,NULL
6987,27801,1307684674,0,NULL,NULL
6987,27808,1307684674,-1,NULL,NULL
6987,25657,1307684674,1,NULL,NULL
6987,27943,1307684674,1,NULL,NULL
6987,28474,1307684674,-1,NULL,NULL
6987,28731,1307684674,-1,NULL,NULL
6987,25987,1307684674,-1,NULL,NULL
6987,28181,1307684674,0,NULL,NULL
6987,28558,1307684674,1,NULL,NULL
6987,30836,1307684674,0,NULL,NULL
6987,26207,1309354401,0,NULL,NULL
6988,16024,1309335435,0,NULL,NULL
6988,25738,1309335435,1,NULL,NULL
6988,26554,1309335435,-1,NULL,NULL
6988,26961,1309335435,1,NULL,NULL
6988,26961,1309340376,1,NULL,NULL
6988,25738,1309340376,-1,NULL,NULL
6990,28580,1309271086,1,NULL,NULL
6990,28592,1309271086,1,NULL,NULL
6990,26218,1309271086,1,NULL,NULL
6990,26202,1309271086,1,NULL,NULL
6994,8302,1308719219,-1,NULL,NULL
6994,4653,1308719219,0,NULL,NULL
6994,1805,1308719219,1,0.0,0.0
6994,4655,1308719219,1,NULL,NULL
6994,15796,1308719219,1,NULL,NULL
6994,36401,1308719219,0,NULL,NULL
6995,24575,1309121585,1,NULL,NULL
6996,4829,1309101175,-1,NULL,NULL
6996,9347,1309102320,0,NULL,NULL
6996,22325,1309102320,0,NULL,NULL
6998,25782,1309080951,1,NULL,NULL
6998,30152,1309080951,1,NULL,NULL
7000,30224,1309077378,0,NULL,NULL
7001,27405,1309003252,0,NULL,NULL
7001,27380,1309003252,0,NULL,NULL
7001,30057,1309003252,1,NULL,NULL
7001,30057,1309005151,1,NULL,NULL
7003,20313,1308896070,1,NULL,NULL
7003,12086,1308896070,1,NULL,NULL
7004,16012,1308842835,0,NULL,NULL
7006,5721,1308839644,1,NULL,NULL
7007,17664,1308839085,0,NULL,NULL
7007,10428,1308839085,0,NULL,NULL
7007,10429,1308839085,0,NULL,NULL
7007,10468,1308839085,0,NULL,NULL
7007,10430,1308839085,0,NULL,NULL
7008,8311,1308788876,0,NULL,NULL
7008,12331,1308788876,1,NULL,NULL
7008,8302,1308788876,1,NULL,NULL
7008,8338,1308788876,0,NULL,NULL
7008,8365,1308788876,-1,NULL,NULL
7008,8310,1308788876,0,NULL,NULL
7008,4655,1308788876,1,NULL,NULL
7008,4653,1308788876,-1,NULL,NULL
7008,1805,1308788876,-1,NULL,NULL
7008,12347,1308788876,0,NULL,NULL
7008,12085,1308788876,-1,NULL,NULL
7008,12346,1308788876,0,0.0,0.0
7008,12348,1308788876,0,NULL,NULL
7008,15861,1308788876,0,NULL,NULL
7008,12349,1308788876,0,NULL,NULL
7008,12330,1308788876,0,NULL,NULL
7008,20309,1308788876,1,NULL,NULL
7008,20355,1308788876,0,NULL,NULL
7009,30277,1308732120,1,NULL,NULL
7009,30869,1308732120,1,NULL,NULL
7010,8299,1308228809,-1,NULL,NULL
7010,8125,1308710460,0,NULL,NULL
7010,34980,1308710460,0,NULL,NULL
7011,15853,1308651081,1,NULL,NULL
7011,5438,1308651081,1,NULL,NULL
7011,5438,1308663107,1,NULL,NULL
7011,15806,1308663107,0,NULL,NULL
7011,15853,1308663107,1,0.0,0.0
7012,16818,1308608371,1,NULL,NULL
7012,5295,1308608371,0,NULL,NULL
7013,540,1247416283,0,NULL,NULL
7013,25738,1247416283,0,NULL,NULL
7013,26216,1247416283,1,NULL,NULL
7013,28109,1247416283,1,NULL,NULL
7013,25738,1308566918,0,NULL,NULL
7013,25791,1308566918,0,NULL,NULL
7013,26206,1308566918,0,NULL,NULL
7013,26236,1308566918,1,NULL,NULL
7013,16612,1308566918,0,NULL,NULL
7013,8838,1308566918,-1,NULL,NULL
7013,31854,1308566918,-1,NULL,NULL
7013,30672,1308566918,1,NULL,NULL
7013,27801,1308566918,0,NULL,NULL
7013,28149,1308566918,1,NULL,NULL
7013,16234,1308566918,-1,NULL,NULL
7013,26222,1308566918,1,NULL,NULL
7013,26216,1308566918,-1,NULL,NULL
7013,25731,1308566918,0,NULL,NULL
7013,28098,1308566918,0,NULL,NULL
7013,25987,1308566918,1,NULL,NULL
7013,27803,1308566918,0,NULL,NULL
7013,36288,1308566918,-1,NULL,NULL
7013,28580,1308566918,0,NULL,NULL
7013,26222,1308589425,1,NULL,NULL
7013,26204,1308589425,0,NULL,NULL
7014,446,1308588240,0,NULL,NULL
7014,445,1308588240,1,NULL,NULL
7014,21323,1308588240,0,NULL,NULL
7014,16183,1308588240,-1,NULL,NULL
7015,26250,1308040833,0,NULL,NULL
7015,28300,1308141328,0,NULL,NULL
7015,26250,1308484003,-1,NULL,NULL
7017,26567,1308300150,1,NULL,NULL
7017,25703,1308300150,1,NULL,NULL
7018,1805,1308235174,0,NULL,NULL
7018,4653,1308235174,0,NULL,NULL
7018,5438,1308235174,0,NULL,NULL
7018,4655,1308235174,0,NULL,NULL
7018,12331,1308235174,0,NULL,NULL
7018,12348,1308235174,0,NULL,NULL
7018,15861,1308235174,0,NULL,NULL
7018,12347,1308235174,0,NULL,NULL
7018,12349,1308235174,0,NULL,NULL
7018,12346,1308235174,0,NULL,NULL
7018,36402,1308235174,0,NULL,NULL
7018,4656,1308239620,0,NULL,NULL
7018,10507,1308239620,-1,NULL,NULL
7020,27776,1308226410,0,NULL,NULL
7020,27363,1308226410,0,NULL,NULL
7020,25961,1308226410,0,0.0,0.0
7020,25965,1308226410,0,0.0,0.0
7020,26034,1308226410,0,0.0,0.0
7020,25651,1308226410,0,NULL,NULL
7020,26078,1308226410,0,NULL,NULL
7020,26078,1308226680,0,NULL,NULL
7022,30142,1308201722,1,NULL,NULL
7022,30982,1308201722,0,NULL,NULL
7022,30143,1308201722,0,NULL,NULL
7022,27284,1308201722,0,NULL,NULL
7024,26222,1308142589,0,NULL,NULL
7025,11416,1307947958,-1,NULL,NULL
7025,11416,1308017465,0,NULL,NULL
7026,29621,1307991490,0,NULL,NULL
7027,16183,1307988251,0,NULL,NULL
7027,16176,1307988251,1,NULL,NULL
7027,445,1307988251,0,NULL,NULL
7027,21323,1307988251,1,NULL,NULL
7028,31566,1307881777,0,NULL,NULL
7028,31580,1307881777,-1,NULL,NULL
7028,31583,1307881777,0,NULL,NULL
7028,31571,1307881777,0,NULL,NULL
7028,31591,1307881777,-1,NULL,NULL
7028,11419,1307982672,0,NULL,NULL
7028,31573,1307881777,0,NULL,NULL
7028,31588,1307881777,0,NULL,NULL
7028,31574,1307881777,0,NULL,NULL
7028,31593,1307881777,-1,NULL,NULL
7028,31568,1307881777,-1,NULL,NULL
7028,31567,1307881777,-1,NULL,NULL
7028,31600,1307881777,-1,NULL,NULL
7028,31598,1307881777,0,NULL,NULL
7028,31577,1307881777,0,NULL,NULL
7028,31579,1307881777,1,NULL,NULL
7028,31599,1307881777,0,NULL,NULL
7028,31582,1307881777,0,NULL,NULL
7028,31592,1307881777,-1,NULL,NULL
7028,31594,1307881777,0,NULL,NULL
7028,31578,1307881777,0,NULL,NULL
7028,31570,1307881777,0,NULL,NULL
7028,9043,1307881777,0,NULL,NULL
7028,31590,1307881777,-1,NULL,NULL
7028,31557,1307881777,0,NULL,NULL
7028,31572,1307881777,0,NULL,NULL
7028,31562,1307881777,1,NULL,NULL
7028,31589,1307881777,0,NULL,NULL
7028,31564,1307881777,-1,0.0,0.0
7028,31581,1307881777,0,NULL,NULL
7028,31565,1307881777,-1,NULL,NULL
7028,31587,1307881777,0,NULL,NULL
7028,31595,1307881777,0,NULL,NULL
7028,31586,1307881777,0,NULL,NULL
7028,31602,1307881777,0,NULL,NULL
7028,31576,1307881777,1,NULL,NULL
7028,31569,1307881777,0,NULL,NULL
7028,31559,1307881777,0,NULL,NULL
7028,31596,1307881777,0,NULL,NULL
7028,31585,1307881777,-1,NULL,NULL
7029,17764,1307876483,-1,NULL,NULL
7029,21568,1307876483,1,NULL,NULL
7029,12201,1307876483,0,NULL,NULL
7030,12186,1307814935,1,NULL,NULL
7031,14467,1307811217,1,NULL,NULL
7031,14466,1307811217,0,NULL,NULL
7032,25886,1307809345,1,NULL,NULL
7032,28320,1307809345,1,NULL,NULL
7032,28322,1307809345,0,NULL,NULL
7032,36309,1307809345,1,NULL,NULL
7032,26445,1307809345,1,NULL,NULL
7032,25650,1307809345,0,0.0,0.0
7032,25661,1307809345,0,0.0,0.0
7032,25662,1307809345,0,NULL,NULL
7032,25674,1307809345,1,NULL,NULL
7032,25649,1307809345,0,0.0,0.0
7032,25649,1307810400,0,0.0,0.0
7034,24399,1307798144,0,NULL,NULL
7035,16198,1307783433,0,NULL,NULL
7037,1961,1307312338,0,NULL,NULL
7037,1961,1307742397,0,NULL,NULL
7038,15897,1307739982,0,NULL,NULL
7038,20454,1307739982,0,NULL,NULL
7038,15896,1307739982,0,NULL,NULL
7039,25674,1307716161,0,NULL,NULL
7040,24398,1307710794,0,NULL,NULL
7040,26005,1307710794,1,NULL,NULL
7043,15874,1307698217,1,NULL,NULL
7043,15879,1307698217,1,NULL,NULL
7044,27500,1306948907,1,NULL,NULL
7044,25929,1307277314,0,NULL,NULL
7044,27500,1307277314,-1,NULL,NULL
7044,27498,1307278669,0,NULL,NULL
7044,27487,1307405576,0,NULL,NULL
7044,27489,1307405576,0,NULL,NULL
7044,27490,1307405576,0,NULL,NULL
7044,27486,1307405576,0,NULL,NULL
7044,27482,1307405576,0,NULL,NULL
7044,27502,1307405576,0,NULL,NULL
7044,27491,1307405576,0,NULL,NULL
7044,27483,1307405576,0,NULL,NULL
7044,25974,1307695299,-1,NULL,NULL
7044,28702,1307695299,0,NULL,NULL
7045,26221,1307617753,0,NULL,NULL
7045,25990,1307617753,1,NULL,NULL
7045,26242,1307617753,1,NULL,NULL
7045,25791,1307617753,1,NULL,NULL
7045,25969,1307617753,1,NULL,NULL
7045,26214,1307617753,1,NULL,NULL
7045,26022,1307617753,1,NULL,NULL
7045,25713,1307617753,0,NULL,NULL
7045,25813,1307617753,0,NULL,NULL
7045,26222,1307617753,1,NULL,NULL
7045,30672,1307617753,0,NULL,NULL
7045,35997,1307617753,0,NULL,NULL
7045,25987,1307617753,1,NULL,NULL
7045,26220,1307617753,0,NULL,NULL
7045,29719,1307617753,0,NULL,NULL
7045,25791,1307618706,0,NULL,NULL
7045,25987,1307618706,0,NULL,NULL
7045,28181,1307692606,0,NULL,NULL
7046,4654,1307649316,0,NULL,NULL
7047,17461,1307609245,1,NULL,NULL
7048,18945,1307502276,0,NULL,NULL
7048,25700,1307502276,0,NULL,NULL
7048,25645,1307502276,0,NULL,NULL
7048,27289,1307502276,0,NULL,NULL
7048,27502,1307502276,0,NULL,NULL
7048,30689,1307502276,0,NULL,NULL
7048,29532,1307502276,-1,NULL,NULL
7048,8376,1307587301,-1,NULL,NULL
7048,8375,1307587301,-1,NULL,NULL
7048,8374,1307587301,-1,NULL,NULL
7048,20351,1307587301,-1,NULL,NULL
7048,15856,1307587301,0,NULL,NULL
7048,17762,1307587301,-1,NULL,NULL
7049,11407,1307584248,0,NULL,NULL
7049,8302,1307584248,-1,NULL,NULL
7049,8125,1307584248,-1,NULL,NULL
7052,7708,1307463477,0,NULL,NULL
7052,7703,1307463477,0,NULL,NULL
7052,36068,1307463477,1,NULL,NULL
7053,19758,1307447481,1,NULL,NULL
7055,25987,1307380872,0,NULL,NULL
7058,36288,1307216394,1,NULL,NULL
7058,27700,1307216394,1,NULL,NULL
7058,16741,1307216394,0,NULL,NULL
7059,28642,1307203049,0,NULL,NULL
7059,25977,1307203049,0,NULL,NULL
7060,25987,1307198869,0,NULL,NULL
7060,26036,1307198869,0,NULL,NULL
7060,25929,1307198869,1,NULL,NULL
7060,27746,1307198869,0,NULL,NULL
7061,15660,1307184009,0,NULL,NULL
7061,17407,1307184009,0,NULL,NULL
7061,17411,1307184009,0,NULL,NULL
7061,4709,1307184009,0,NULL,NULL
7061,35323,1307184009,0,NULL,NULL
7061,31373,1307184009,0,NULL,NULL
7061,35484,1307184009,0,NULL,NULL
7061,35325,1307184009,0,NULL,NULL
7061,35482,1307184009,0,NULL,NULL
7061,34647,1307195931,0,NULL,NULL
7062,7699,1307140384,0,NULL,NULL
7062,8647,1307140384,0,NULL,NULL
7062,8645,1307140384,0,NULL,NULL
7062,8646,1307140384,0,NULL,NULL
7062,36068,1307140384,0,NULL,NULL
7062,8645,1307179668,0,NULL,NULL
7062,8647,1307179668,0,NULL,NULL
7062,8646,1307179668,0,NULL,NULL
7062,36068,1307179668,0,NULL,NULL
7063,35326,1307105209,0,NULL,NULL
7063,5494,1307108539,0,NULL,NULL
7063,14441,1307127087,0,NULL,NULL
7063,14444,1307127087,0,NULL,NULL
7063,34928,1307127087,0,NULL,NULL
7063,35325,1307178566,0,NULL,NULL
7063,15660,1307178566,0,NULL,NULL
7066,4808,1307028372,1,NULL,NULL
7066,4809,1307028372,0,NULL,NULL
7066,4806,1307028372,1,NULL,NULL
7066,4805,1307028372,0,NULL,NULL
7066,4807,1307028372,1,NULL,NULL
7066,21862,1307028372,1,NULL,NULL
7066,21867,1307028372,0,NULL,NULL
7066,21876,1307028372,0,NULL,NULL
7066,21874,1307028372,0,NULL,NULL
7066,21863,1307028372,0,NULL,NULL
7066,21866,1307028372,1,NULL,NULL
7066,21866,1307034930,0,NULL,NULL
7066,4806,1307034930,0,NULL,NULL
7066,4809,1307034930,0,NULL,NULL
7066,4808,1307034930,0,NULL,NULL
7066,4807,1307034930,0,NULL,NULL
7066,21870,1307034930,0,NULL,NULL
7066,21876,1307034930,0,NULL,NULL
7066,21862,1307034930,0,NULL,NULL
7066,21856,1307034930,0,NULL,NULL
7066,21867,1307034930,0,NULL,NULL
7066,21855,1307034930,0,NULL,NULL
7067,25700,1307027201,1,NULL,NULL
7068,15828,1307014084,0,NULL,NULL
7068,8374,1307014084,0,NULL,NULL
7068,8368,1307014084,0,NULL,NULL
7068,8365,1307014084,0,NULL,NULL
7068,1805,1307014084,0,NULL,NULL
7068,8322,1307014084,0,NULL,NULL
7068,8298,1307014084,0,NULL,NULL
7068,8352,1307014084,0,NULL,NULL
7068,4656,1307014084,0,NULL,NULL
7068,15852,1307014084,0,NULL,NULL
7068,20273,1307014084,0,0.0,0.0
7068,15864,1307014084,0,NULL,NULL
7068,8348,1307014084,0,NULL,NULL
7068,15808,1307014084,0,NULL,NULL
7068,20284,1307014084,0,NULL,NULL
7068,17715,1307014084,0,NULL,NULL
7068,9929,1307017534,0,NULL,NULL
7068,14482,1307017534,0,NULL,NULL
7068,8346,1307014084,0,NULL,NULL
7068,8312,1307014084,0,NULL,NULL
7068,8311,1307014084,0,NULL,NULL
7068,17197,1307017534,0,NULL,NULL
7068,15852,1307023055,0,NULL,NULL
7068,18120,1307014084,0,NULL,NULL
7068,4653,1307014084,0,NULL,NULL
7068,20301,1307014084,0,0.0,0.0
7068,8328,1307014084,0,NULL,NULL
7068,12086,1307014084,0,NULL,NULL
7068,20362,1306938509,-1,NULL,NULL
7068,15806,1307014084,0,NULL,NULL
7068,5438,1307014084,0,NULL,NULL
7068,20355,1307014084,0,NULL,NULL
7068,9931,1307017534,0,NULL,NULL
7068,8313,1307014084,0,NULL,NULL
7068,4654,1307014084,0,NULL,NULL
7068,15874,1307014084,0,NULL,NULL
7068,15862,1307014084,0,NULL,NULL
7068,9929,1307023242,0,NULL,NULL
7068,17183,1307017534,0,NULL,NULL
7068,20272,1307014084,0,NULL,NULL
7070,10371,1306943610,1,NULL,NULL
7070,10365,1306943610,1,NULL,NULL
7071,29613,1306918481,1,NULL,NULL
7071,27289,1306918481,1,NULL,NULL
7075,8299,1306745891,1,NULL,NULL
7075,4654,1306745891,0,NULL,NULL
7075,4313,1306745891,0,NULL,NULL
7076,16498,1306676993,0,NULL,NULL
7076,10247,1306740264,0,NULL,NULL
7076,16498,1306740264,0,NULL,NULL
7077,4851,1306707260,0,NULL,NULL
7077,18096,1306707260,0,NULL,NULL
7078,446,1306669676,0,NULL,NULL
7078,4743,1306669676,0,NULL,NULL
7080,18940,1306659919,1,NULL,NULL
7080,18953,1306659919,1,NULL,NULL
7081,35525,1303700087,1,NULL,NULL
7081,24422,1306598071,0,NULL,NULL
7081,16510,1306598071,0,NULL,NULL
7081,16507,1306598071,0,NULL,NULL
7081,34965,1306598071,1,NULL,NULL
7081,16509,1306598071,0,NULL,NULL
7081,31117,1306598071,0,NULL,NULL
7081,16511,1306598071,0,NULL,NULL
7081,30777,1306598071,0,NULL,NULL
7081,34926,1303700151,0,NULL,NULL
7081,24414,1306598071,0,NULL,NULL
7081,31116,1306598071,0,NULL,NULL
7081,31112,1306598071,0,NULL,NULL
7081,17402,1303700087,1,NULL,NULL
7081,31113,1306598071,0,NULL,NULL
7081,30774,1306598071,1,NULL,NULL
7081,30783,1306598071,0,NULL,NULL
7081,31115,1305595151,0,NULL,NULL
7081,30780,1306598071,0,NULL,NULL
7081,30774,1305595151,0,NULL,NULL
7081,16498,1303699964,1,NULL,NULL
7081,16506,1306598071,0,NULL,NULL
7081,35527,1303700087,0,NULL,NULL
7081,24415,1306598071,0,NULL,NULL
7081,24416,1306598071,0,NULL,NULL
7081,16508,1306598071,0,NULL,NULL
7081,22730,1306598071,0,NULL,NULL
7081,35526,1303700087,1,0.0,0.0
7081,16512,1306598071,0,NULL,NULL
7081,31115,1306598071,1,NULL,NULL
7081,31114,1306598071,0,NULL,NULL
7081,30784,1306598071,0,NULL,NULL
7081,22731,1306598071,0,NULL,NULL
7081,24419,1306598071,0,NULL,NULL
7081,24417,1306598071,0,NULL,NULL
7081,30787,1306598071,0,NULL,NULL
7081,24421,1306598071,0,NULL,NULL
7081,30781,1306598071,-1,NULL,NULL
7081,30784,1305595151,0,NULL,NULL
7081,8125,1306598071,1,NULL,NULL
7082,15934,1306589715,0,NULL,NULL
7084,4655,1306512562,1,NULL,NULL
7084,1805,1306512562,0,NULL,NULL
7084,8374,1306563080,0,NULL,NULL
7084,8341,1306563080,0,NULL,NULL
7084,4655,1306563080,1,NULL,NULL
7084,1805,1306563080,0,NULL,NULL
7085,25751,1306505165,0,NULL,NULL
7086,27897,1305651037,-1,NULL,NULL
7086,27081,1305651037,0,NULL,NULL
7086,27943,1305651037,-1,NULL,NULL
7086,26230,1306503101,0,NULL,NULL
7086,25658,1305859533,0,NULL,NULL
7086,26197,1305651037,0,NULL,NULL
7086,8361,1305688312,0,NULL,NULL
7086,26759,1306479540,-1,NULL,NULL
7086,25652,1305651037,0,NULL,NULL
7086,7495,1305651037,0,NULL,NULL
7086,26196,1305651037,0,NULL,NULL
7086,7454,1305651037,0,NULL,NULL
7086,25653,1305651037,0,NULL,NULL
7086,28098,1306479540,0,NULL,NULL
7086,26895,1306479540,-1,NULL,NULL
7086,26204,1305859533,0,NULL,NULL
7086,26222,1305651037,-1,NULL,NULL
7086,28474,1305651037,0,NULL,NULL
7086,28475,1305651037,0,NULL,NULL
7086,26895,1305651037,0,NULL,NULL
7086,28221,1306479540,0,NULL,NULL
7086,27899,1305651037,-1,NULL,NULL
7086,27772,1305651037,0,NULL,NULL
7086,27081,1306479540,-1,NULL,NULL
7086,28098,1305651037,0,NULL,NULL
7086,540,1305651037,-1,NULL,NULL
7086,25658,1306479540,0,NULL,NULL
7086,28098,1306503101,1,NULL,NULL
7086,8359,1305688312,0,NULL,NULL
7086,36459,1305651037,0,NULL,NULL
7086,28735,1305651037,0,NULL,NULL
7086,28735,1306479540,-1,NULL,NULL
7086,9536,1306503101,-1,NULL,NULL
7086,27808,1305651037,-1,NULL,NULL
7086,27772,1306479540,-1,NULL,NULL
7086,16504,1305651037,0,0.0,0.0
7086,27901,1305651037,-1,NULL,NULL
7086,27807,1306479540,-1,NULL,NULL
7086,27506,1306479540,-1,NULL,NULL
7086,9624,1306479540,1,NULL,NULL
7087,27220,1306370661,0,NULL,NULL
7087,30074,1306370661,0,NULL,NULL
7087,26454,1306370661,0,NULL,NULL
7087,30074,1306427761,0,NULL,NULL
7087,27220,1306427761,0,NULL,NULL
7088,8299,1306415111,0,NULL,NULL
7089,36091,1306227708,0,NULL,NULL
7089,4743,1306227708,0,NULL,NULL
7089,4744,1306227708,1,NULL,NULL
7091,25725,1306038752,1,NULL,NULL
7092,25661,1305989018,0,0.0,0.0
7092,25662,1305989018,0,NULL,NULL
7093,14400,1305835015,0,NULL,NULL
7093,8859,1305835015,1,NULL,NULL
7093,8860,1305835015,0,NULL,NULL
7093,8854,1305835015,0,NULL,NULL
7093,8855,1305835015,0,NULL,NULL
7093,8857,1305835015,0,NULL,NULL
7093,14399,1305835015,1,NULL,NULL
7093,14401,1305835015,0,NULL,NULL
7093,14406,1305835015,0,NULL,NULL
7093,14407,1305835015,1,NULL,NULL
7093,14410,1305835015,-1,NULL,NULL
7093,16297,1305835015,0,NULL,NULL
7093,4746,1305835015,1,NULL,NULL
7094,30693,1305822622,0,NULL,NULL
7094,30405,1305822622,0,NULL,NULL
7096,24575,1305790108,0,NULL,NULL
7096,24624,1305790108,0,NULL,NULL
7096,24621,1305790108,0,NULL,NULL
7096,24572,1305790108,0,NULL,NULL
7096,24609,1305790108,0,NULL,NULL
7096,30111,1305790108,0,NULL,NULL
7096,30106,1305790108,-1,NULL,NULL
7096,30719,1305790108,1,NULL,NULL
7096,4689,1305790108,1,NULL,NULL
7096,4687,1305790108,1,NULL,NULL
7096,24609,1305797178,0,NULL,NULL
7097,26896,1305794200,1,NULL,NULL
7097,29645,1305794200,0,NULL,NULL
7098,8616,1305788520,-1,NULL,NULL
7099,4860,1305104763,1,NULL,NULL
7099,17961,1305104763,1,NULL,NULL
7099,22949,1305104763,0,NULL,NULL
7099,36174,1305104763,0,NULL,NULL
7099,36073,1305182655,1,0.0,0.0
7099,36217,1305182655,1,NULL,NULL
7099,4860,1305182655,1,NULL,NULL
7099,4860,1305186195,0,NULL,NULL
7099,32016,1305188229,0,NULL,NULL
7099,32013,1305188229,1,NULL,NULL
7099,32012,1305188376,1,NULL,NULL
7099,4860,1305188376,0,NULL,NULL
7099,36217,1305711308,1,NULL,NULL
7099,4860,1305718598,1,NULL,NULL
7099,36217,1305718598,0,NULL,NULL
7100,20300,1305715826,0,NULL,NULL
7100,4656,1305715826,-1,NULL,NULL
7100,10507,1305715826,-1,NULL,NULL
7101,26120,1305711691,0,NULL,NULL
7101,25987,1305711691,0,NULL,NULL
7101,30860,1305711691,0,NULL,NULL
7101,25942,1305711691,1,0.0,0.0
7101,26033,1305711691,-1,NULL,NULL
7101,25929,1305711691,1,NULL,NULL
7101,25974,1305711691,0,NULL,NULL
7101,26022,1305711691,0,NULL,NULL
7101,25953,1305711691,0,NULL,NULL
7101,25928,1305711691,0,0.0,0.0
7101,25972,1305711691,-1,NULL,NULL
7101,26036,1305711691,0,NULL,NULL
7101,25736,1305711691,0,NULL,NULL
7101,25996,1305711691,0,NULL,NULL
7101,25925,1305711691,1,NULL,NULL
7101,25662,1305711691,0,NULL,NULL
7101,25738,1305711691,1,NULL,NULL
7101,25987,1305712022,0,NULL,NULL
7104,17402,1305598328,0,NULL,NULL
7104,17460,1305598328,0,NULL,NULL
7104,17470,1305598328,0,NULL,NULL
7104,17427,1305598328,0,NULL,NULL
7105,35575,1305579139,0,NULL,NULL
7105,15898,1305579139,0,NULL,NULL
7105,20455,1305579139,0,NULL,NULL
7105,35576,1305579139,-1,NULL,NULL
7107,9654,1305469334,0,NULL,NULL
7107,21416,1305469334,0,NULL,NULL
7107,4751,1305469334,0,NULL,NULL
7107,22867,1305469334,0,NULL,NULL
7108,30693,1305292222,1,NULL,NULL
7108,16120,1305292222,1,NULL,NULL
7108,30276,1305292222,1,NULL,NULL
7108,30715,1305292222,1,NULL,NULL
7108,35368,1305292222,-1,NULL,NULL
7108,36467,1305292222,0,NULL,NULL
7109,30951,1305284099,0,NULL,NULL
7109,30277,1305284099,1,NULL,NULL
7109,30867,1305284099,-1,NULL,NULL
7109,30869,1305284099,1,NULL,NULL
7109,30868,1305284099,-1,NULL,NULL
7109,30859,1305284099,0,NULL,NULL
7110,30277,1305281606,1,NULL,NULL
7110,30322,1305281606,1,NULL,NULL
7110,25751,1305281606,1,NULL,NULL
7111,24398,1305220232,0,NULL,NULL
7111,30219,1305220232,-1,NULL,NULL
7112,4560,1305183367,0,NULL,NULL
7112,4830,1305183367,0,0.0,0.0
7112,4829,1305183367,0,NULL,NULL
7112,9348,1305183367,0,NULL,NULL
7112,12407,1305183367,0,NULL,NULL
7112,12406,1305183367,0,NULL,NULL
7112,12404,1305183367,0,NULL,NULL
7112,16471,1305183367,0,NULL,NULL
7112,16470,1305183367,0,NULL,NULL
7112,7237,1305183367,0,NULL,NULL
7112,9358,1305183367,0,NULL,NULL
7112,7236,1305183367,0,NULL,NULL
7112,9352,1305183367,0,NULL,NULL
7112,9355,1305183367,0,NULL,NULL
7112,9349,1305183367,0,NULL,NULL
7112,36211,1305183367,0,NULL,NULL
7112,22329,1305183367,0,NULL,NULL
7112,22327,1305183367,0,NULL,NULL
7112,16472,1305183367,0,NULL,NULL
7112,32876,1305183367,0,NULL,NULL
7113,4689,1305180785,1,NULL,NULL
7115,24398,1304777891,1,NULL,NULL
7115,18520,1304777891,0,NULL,NULL
7115,30660,1305038096,-1,NULL,NULL
7115,24398,1305038096,0,NULL,NULL
7116,25643,1305012594,0,NULL,NULL
7116,25642,1305012594,0,NULL,NULL
7116,30142,1305012594,0,NULL,NULL
7116,25645,1305012594,1,NULL,NULL
7116,31079,1305027330,0,NULL,NULL
7116,25642,1305027330,1,NULL,NULL
7116,25643,1305027330,1,NULL,NULL
7116,25645,1305027330,1,NULL,NULL
7116,25645,1305033252,-1,NULL,NULL
7116,28654,1305033252,0,NULL,NULL
7117,32013,1304966720,0,NULL,NULL
7117,32012,1304966720,0,NULL,NULL
7117,36216,1304966720,1,NULL,NULL
7117,36073,1304966720,0,0.0,0.0
7117,36217,1304966720,0,NULL,NULL
7117,22439,1304966720,0,NULL,NULL
7117,4860,1304966720,0,NULL,NULL
7120,30163,1304943238,0,NULL,NULL
7121,35391,1304848152,1,NULL,NULL
7122,31566,1304764295,0,NULL,NULL
7122,21373,1304786964,0,NULL,NULL
7122,31584,1304764295,0,NULL,NULL
7122,31565,1304764295,0,NULL,NULL
7122,21014,1304759671,1,NULL,NULL
7122,31560,1304764295,0,NULL,NULL
7122,31568,1304764295,0,NULL,NULL
7122,16112,1304764453,0,NULL,NULL
7122,21377,1304786964,0,NULL,NULL
7122,31502,1304764528,0,NULL,NULL
7122,31578,1304764295,0,NULL,NULL
7122,31189,1304759602,0,NULL,NULL
7122,31590,1304764295,1,0.0,0.0
7122,31570,1304764295,0,NULL,NULL
7122,21376,1304786964,0,NULL,NULL
7122,9304,1304759507,0,NULL,NULL
7122,31564,1304764295,0,NULL,NULL
7122,31562,1304764295,0,NULL,NULL
7122,31573,1304764295,0,NULL,NULL
7122,16186,1304786964,0,NULL,NULL
7122,21378,1304786964,0,NULL,NULL
7122,31585,1304764295,1,NULL,NULL
7122,31577,1304764295,0,NULL,NULL
7122,21379,1304786964,0,NULL,NULL
7122,16113,1304764453,0,NULL,NULL
7122,31597,1304764295,0,NULL,NULL
7122,9043,1304764295,0,NULL,NULL
7122,21375,1304786964,0,NULL,NULL
7122,21374,1304786964,0,NULL,NULL
7122,31594,1304764295,0,NULL,NULL
7122,31591,1304764295,0,NULL,NULL
7122,31572,1304764295,0,NULL,NULL
7122,31600,1304764295,0,NULL,NULL
7122,31579,1304764295,0,NULL,NULL
7122,31574,1304764295,0,NULL,NULL
7122,21362,1304786964,-1,NULL,NULL
7122,31582,1304764295,0,NULL,NULL
7122,31559,1304764295,0,NULL,NULL
7122,31557,1304764295,0,NULL,NULL
7122,31581,1304764295,0,NULL,NULL
7124,30110,1304678813,0,NULL,NULL
7124,27345,1304678813,0,NULL,NULL
7124,30693,1304678813,-1,NULL,NULL
7124,35984,1304678813,0,NULL,NULL
7124,30108,1304678813,0,NULL,NULL
7125,31212,1304049188,-1,NULL,NULL
7125,20272,1304049188,1,NULL,NULL
7125,20362,1304049188,0,NULL,NULL
7125,15808,1304049188,0,NULL,NULL
7125,8336,1304049188,0,NULL,NULL
7125,8369,1304049188,1,NULL,NULL
7125,17196,1304049224,1,NULL,NULL
7125,24235,1304049224,0,NULL,NULL
7125,8369,1304429240,0,NULL,NULL
7125,8318,1304429240,-1,NULL,NULL
7125,8312,1304429240,1,NULL,NULL
7125,8311,1304429240,1,NULL,NULL
7125,15833,1304429240,0,NULL,NULL
7125,20362,1304429240,0,NULL,NULL
7125,8313,1304429240,1,NULL,NULL
7125,31212,1304429240,0,NULL,NULL
7127,31157,1304584088,-1,NULL,NULL
7127,31163,1304584088,0,NULL,NULL
7127,31151,1304584088,1,NULL,NULL
7127,31161,1304584088,0,NULL,NULL
7127,31156,1304584088,0,NULL,NULL
7127,31162,1304584088,0,NULL,NULL
7127,31146,1304584088,0,NULL,NULL
7127,31147,1304584088,0,NULL,NULL
7127,31149,1304584088,-1,NULL,NULL
7127,34987,1304584110,0,NULL,NULL
7128,30844,1304508270,0,0.0,0.0
7128,28673,1304508270,0,NULL,NULL
7128,27265,1304508270,1,NULL,NULL
7128,30840,1304508270,0,NULL,NULL
7128,36288,1304508270,0,NULL,NULL
7129,7359,1304453778,0,NULL,NULL
7131,25925,1304357948,0,NULL,NULL
7132,8327,1304350554,0,NULL,NULL
7132,8299,1304350554,1,NULL,NULL
7133,1296,1304350413,0,NULL,NULL
7134,30687,1304347052,0,NULL,NULL
7134,30311,1304347052,0,NULL,NULL
7134,30139,1304347052,1,NULL,NULL
7134,30100,1304347052,1,NULL,NULL
7134,30285,1304347052,0,NULL,NULL
7134,28828,1304347052,0,NULL,NULL
7134,28829,1304347052,0,NULL,NULL
7135,25714,1304344785,0,NULL,NULL
7135,25757,1304344785,0,0.0,0.0
7135,35549,1304344785,0,NULL,NULL
7135,30178,1304344785,0,NULL,NULL
7135,30100,1304344785,1,NULL,NULL
7135,30139,1304344785,0,NULL,NULL
7135,30220,1304344785,1,NULL,NULL
7135,29621,1304344785,0,NULL,NULL
7136,30677,1304246672,1,NULL,NULL
7136,29649,1304246672,0,NULL,NULL
7136,29638,1304246672,0,NULL,NULL
7137,35576,1304123543,0,NULL,NULL
7137,35577,1304123543,0,NULL,NULL
7137,35574,1304123543,0,NULL,NULL
7137,35575,1304123543,0,NULL,NULL
7138,35859,1304116422,0,NULL,NULL
7141,30143,1304102631,0,0.0,0.0
7141,30142,1304102631,0,NULL,NULL
7142,16744,1304102095,0,NULL,NULL
7142,18969,1304102095,0,NULL,NULL
7142,32952,1304102095,0,NULL,NULL
7142,18312,1304102095,0,NULL,NULL
7142,34593,1304102095,0,NULL,NULL
7142,33302,1304102095,0,NULL,NULL
7142,36244,1304102095,0,NULL,NULL
7143,25723,1304096157,1,NULL,NULL
7143,25669,1304096157,0,NULL,NULL
7143,16500,1304096157,0,NULL,NULL
7144,25703,1304092717,1,NULL,NULL
7145,8712,1304081854,0,0.0,0.0
7145,36168,1304081854,0,0.0,0.0
7146,10306,1304073373,-1,NULL,NULL
7147,31157,1303939641,0,NULL,NULL
7148,99,1303938483,0,NULL,NULL
7149,21160,1303847897,0,NULL,NULL
7149,21171,1303847897,0,NULL,NULL
7149,21157,1303847897,1,NULL,NULL
7149,7293,1303847897,0,NULL,NULL
7149,4736,1303847897,1,NULL,NULL
7149,21157,1303937346,1,NULL,NULL
7149,4736,1303937346,1,NULL,NULL
7151,30694,1303664445,1,NULL,NULL
7151,36251,1303664445,0,NULL,NULL
7154,10247,1303443126,0,NULL,NULL
7155,12404,1303422898,0,NULL,NULL
7155,12407,1303422898,0,NULL,NULL
7155,4830,1303422898,1,0.0,0.0
7156,30658,1303388420,-1,NULL,NULL
7156,30081,1303388420,0,1.0,1.0
7156,25819,1303388420,0,NULL,NULL
7156,25987,1303388420,0,NULL,NULL
7156,30070,1303388420,0,NULL,NULL
7156,30079,1303388420,0,NULL,NULL
7156,30366,1303388420,0,NULL,NULL
7156,26223,1303388420,0,NULL,NULL
7156,25974,1303388420,0,NULL,NULL
7156,26036,1303388420,0,NULL,NULL
7156,27299,1303388420,-1,0.0,0.0
7156,26029,1303388420,0,0.0,0.0
7156,26033,1303388420,0,NULL,NULL
7156,25653,1303388420,0,NULL,NULL
7156,26038,1303388420,0,NULL,NULL
7156,25928,1303388420,0,0.0,0.0
7156,30391,1303388420,-1,0.0,0.0
7156,30386,1303388420,0,NULL,NULL
7156,30694,1303388420,0,NULL,NULL
7156,30682,1303388420,0,NULL,NULL
7156,29536,1303388420,0,NULL,NULL
7156,30322,1303388420,0,NULL,NULL
7156,26272,1303388420,0,NULL,NULL
7156,25672,1303388420,0,NULL,NULL
7156,28595,1303388420,0,NULL,NULL
7157,31162,1303372229,0,NULL,NULL
7157,31180,1303372229,0,NULL,NULL
7157,31157,1303372229,1,NULL,NULL
7157,34989,1303372229,0,NULL,NULL
7157,31182,1303372229,0,NULL,NULL
7157,31163,1303372229,0,NULL,NULL
7157,31181,1303372229,0,NULL,NULL
7157,31151,1303372229,0,NULL,NULL
7157,31161,1303372229,0,NULL,NULL
7157,31171,1303372229,0,NULL,NULL
7159,36439,1303334319,0,NULL,NULL
7159,36438,1303334319,0,NULL,NULL
7162,29659,1303298014,1,NULL,NULL
7163,15941,1303295098,0,NULL,NULL
7164,21183,1303271642,0,NULL,NULL
7164,21175,1303271642,1,NULL,NULL
7164,35525,1303271642,1,NULL,NULL
7165,16208,1303183403,1,NULL,NULL
7165,4744,1303183403,1,NULL,NULL
7166,4860,1296228533,1,NULL,NULL
7166,25738,1296228533,1,NULL,NULL
7166,25736,1296228533,1,0.0,0.0
7166,27653,1296228533,0,NULL,NULL
7166,27646,1296228533,0,NULL,NULL
7166,26402,1296228533,0,NULL,NULL
7166,30717,1296228533,1,NULL,NULL
7166,36073,1296228533,0,NULL,NULL
7166,36337,1296229217,-1,NULL,NULL
7166,24398,1296229217,1,NULL,NULL
7166,36337,1296232831,1,NULL,NULL
7166,14466,1303144629,0,NULL,NULL
7168,21246,1303050823,0,NULL,NULL
7168,10580,1303050823,0,NULL,NULL
7168,11417,1303050823,0,NULL,NULL
7168,21180,1303054386,0,NULL,NULL
7168,17639,1303054386,0,NULL,NULL
7168,21230,1303054386,0,NULL,NULL
7168,18007,1303054386,0,NULL,NULL
7168,18013,1303054386,0,NULL,NULL
7168,17992,1303054386,0,NULL,NULL
7168,10580,1303054386,0,NULL,NULL
7168,16088,1303054386,0,NULL,NULL
7168,18017,1303054386,0,NULL,NULL
7169,8299,1303053487,0,NULL,NULL
7169,36417,1303053487,0,0.0,0.0
7169,34025,1303053487,0,NULL,NULL
7170,26222,1303050429,0,NULL,NULL
7171,26004,1303034222,1,NULL,NULL
7174,7758,1302958014,1,NULL,NULL
7174,4875,1302958014,-1,NULL,NULL
7174,4877,1302958014,1,0.0,0.0
7174,14541,1302958014,1,NULL,NULL
7175,31157,1302956663,0,NULL,NULL
7178,21088,1302853659,1,NULL,NULL
7179,10379,1302818705,-1,NULL,NULL
7179,35693,1302818705,1,NULL,NULL
7180,26026,1302809634,0,NULL,NULL
7180,26246,1302809634,0,NULL,NULL
7180,27517,1302809634,0,NULL,NULL
7181,29532,1302788673,1,NULL,NULL
7181,18940,1302788673,1,NULL,NULL
7182,16118,1302773852,0,NULL,NULL
7183,5438,1302767320,1,NULL,NULL
7183,20325,1302767320,1,NULL,NULL
7184,30062,1302699657,1,NULL,NULL
7184,27115,1302699657,1,NULL,NULL
7184,29721,1302699657,0,NULL,NULL
7185,26038,1302695226,1,NULL,NULL
7185,26252,1302695226,0,NULL,NULL
7186,4830,1302630326,0,NULL,NULL
7186,22327,1302630326,0,NULL,NULL
7187,25953,1302619012,1,NULL,NULL
7187,26274,1302619012,1,0.0,0.0
7187,27905,1302619012,1,NULL,NULL
7187,25987,1302619012,0,NULL,NULL
7189,31315,1301645422,0,NULL,NULL
7189,31317,1302531307,0,NULL,NULL
7189,31343,1302531307,0,NULL,NULL
7191,31164,1302508361,0,NULL,NULL
7191,31146,1302508361,0,NULL,NULL
7191,31162,1302508361,0,NULL,NULL
7191,31163,1302508361,0,NULL,NULL
7191,31161,1302508361,0,NULL,NULL
7191,31156,1302508361,0,NULL,NULL
7192,26220,1302357285,0,NULL,NULL
7192,29719,1302357285,0,NULL,NULL
7192,25990,1302357285,1,NULL,NULL
7192,26242,1302357285,1,0.0,0.0
7192,26221,1302357285,1,NULL,NULL
7192,25969,1302357285,1,NULL,NULL
7192,26214,1302357285,1,NULL,NULL
7192,26022,1302357285,1,NULL,NULL
7192,25713,1302357285,0,NULL,NULL
7192,25987,1302431455,0,NULL,NULL
7192,28359,1302431455,1,NULL,NULL
7192,28358,1302431455,1,NULL,NULL
7192,26252,1302431455,1,NULL,NULL
7192,26038,1302431455,1,NULL,NULL
7192,26038,1302446296,1,NULL,NULL
7192,25987,1302446296,0,NULL,NULL
7193,36066,1294767645,0,NULL,NULL
7193,16207,1302376554,0,NULL,NULL
7194,26214,1302347368,1,NULL,NULL
7195,16504,1302278910,0,0.0,0.0
7195,540,1302278910,1,NULL,NULL
7195,8118,1302278910,1,NULL,NULL
7195,26196,1302278910,0,NULL,NULL
7195,16499,1302278910,1,NULL,NULL
7195,25653,1302278910,1,NULL,NULL
7195,25652,1302278910,0,NULL,NULL
7195,26222,1302278910,1,NULL,NULL
7195,26197,1302278910,0,NULL,NULL
7195,30109,1302278910,1,NULL,NULL
7196,7294,1302271278,0,NULL,NULL
7196,446,1302271278,0,NULL,NULL
7197,27410,1302261937,0,NULL,NULL
7197,30166,1302261937,0,NULL,NULL
7198,529,1302256207,-1,NULL,NULL
7198,529,1302257515,1,NULL,NULL
7200,21205,1302078371,0,NULL,NULL
7201,35549,1301833917,0,NULL,NULL
7201,30342,1301833917,0,NULL,NULL
7201,30804,1301833917,1,NULL,NULL
7201,30139,1301833917,0,NULL,NULL
7201,30119,1301833917,0,NULL,NULL
7201,30311,1301833917,0,NULL,NULL
7201,30891,1301833917,0,NULL,NULL
7201,30414,1301833917,0,NULL,NULL
7201,30228,1301833917,0,NULL,NULL
7201,36198,1301833917,1,NULL,NULL
7203,36198,1301742346,0,NULL,NULL
7203,30220,1301742346,1,NULL,NULL
7203,30660,1301742346,1,NULL,NULL
7203,27353,1301742346,1,NULL,NULL
7203,35549,1301742346,0,NULL,NULL
7203,25751,1301742346,1,NULL,NULL
7204,36485,1301740297,0,NULL,NULL
7204,15773,1301740297,0,NULL,NULL
7204,14452,1301740297,0,NULL,NULL
7204,11401,1301740297,0,NULL,NULL
7204,8270,1301740297,1,NULL,NULL
7204,15775,1301740297,0,NULL,NULL
7204,11400,1301740297,0,NULL,NULL
7204,15774,1301740297,0,NULL,NULL
7205,8299,1301643475,-1,NULL,NULL
7205,4655,1301643475,-1,NULL,NULL
7206,24573,1301593672,0,NULL,NULL
7206,24728,1301593672,0,NULL,NULL
7206,24573,1301600525,-1,NULL,NULL
7207,26546,1301565278,-1,NULL,NULL
7207,25706,1301565278,1,NULL,NULL
7210,35323,1301469845,1,NULL,NULL
7210,35325,1301469845,1,NULL,NULL
7210,35323,1301470953,1,NULL,NULL
7210,35325,1301470953,1,NULL,NULL
7210,35325,1301471602,0,NULL,NULL
7210,35323,1301471602,0,NULL,NULL
7212,25687,1301391250,1,NULL,NULL
7213,15813,1301319907,0,NULL,NULL
7213,15828,1301319907,1,NULL,NULL
7213,20289,1301319907,0,NULL,NULL
7213,8299,1301319907,1,NULL,NULL
7216,30322,1301218617,-1,NULL,NULL
7217,26232,1301217405,0,NULL,NULL
7217,30228,1301217405,-1,NULL,NULL
7218,27788,1301148076,0,NULL,NULL
7218,27706,1301148076,0,NULL,NULL
7218,25738,1301148076,0,NULL,NULL
7219,16118,1301084808,1,NULL,NULL
7219,16260,1301084808,0,NULL,NULL
7219,8844,1301084808,0,NULL,NULL
7220,10379,1301083001,1,NULL,NULL
7220,10445,1301083001,1,NULL,NULL
7221,25700,1301065586,1,NULL,NULL
7221,25700,1301071997,0,NULL,NULL
7221,26529,1301071997,0,NULL,NULL
7221,26529,1301072093,0,NULL,NULL
7222,25876,1301040261,1,0.0,0.0
7222,25660,1301040261,0,NULL,NULL
7222,36309,1301040261,1,NULL,NULL
7223,416,1300873257,1,NULL,NULL
7223,7360,1300873257,0,NULL,NULL
7224,4655,1300842159,1,NULL,NULL
7224,12331,1300842159,1,NULL,NULL
7225,15851,1300767061,0,NULL,NULL
7225,15853,1300767061,1,NULL,NULL
7225,5438,1300767061,1,NULL,NULL
7225,15853,1300768684,0,0.0,0.0
7226,26222,1300695035,1,NULL,NULL
7226,9626,1300760766,0,NULL,NULL
7226,28736,1300760766,0,NULL,NULL
7227,34942,1300748700,-1,NULL,NULL
7227,34943,1300748700,-1,NULL,NULL
7228,24617,1300744323,0,NULL,NULL
7228,24619,1300744323,0,NULL,NULL
7228,24624,1300744323,1,NULL,NULL
7228,24622,1300744323,0,NULL,NULL
7228,24621,1300744323,1,NULL,NULL
7228,24801,1300744323,-1,NULL,NULL
7228,30106,1300744323,0,NULL,NULL
7229,4709,1300702339,0,NULL,NULL
7229,17411,1300702380,0,NULL,NULL
7232,446,1299873149,0,NULL,NULL
7232,445,1299873149,1,NULL,NULL
7232,4743,1299924003,0,NULL,NULL
7232,445,1299924003,1,NULL,NULL
7232,2010,1299924003,1,NULL,NULL
7232,16165,1299924003,0,NULL,NULL
7237,4655,1299473015,0,NULL,NULL
7237,8352,1299473015,1,NULL,NULL
7237,4655,1299488943,0,NULL,NULL
7238,22661,1299406075,0,NULL,NULL
7238,22676,1299406075,0,NULL,NULL
7238,31000,1299406075,0,NULL,NULL
7238,30999,1299406075,0,NULL,NULL
7238,30830,1299406075,0,NULL,NULL
7238,31001,1299406075,0,NULL,NULL
7238,30829,1299406075,0,NULL,NULL
7238,30222,1299406075,0,NULL,NULL
7239,29537,1299334563,0,NULL,NULL
7239,25809,1299334563,1,NULL,NULL
7239,25643,1299334563,-1,NULL,NULL
7239,29537,1299335011,0,NULL,NULL
7241,30791,1299321093,1,NULL,NULL
7241,18524,1299321093,1,NULL,NULL
7241,8118,1299321093,1,NULL,NULL
7241,30020,1299321093,0,NULL,NULL
7247,36309,1299080522,1,NULL,NULL
7247,36307,1299080522,1,NULL,NULL
7250,25738,1298989241,0,NULL,NULL
7250,26212,1298989241,0,NULL,NULL
7250,30051,1298989241,0,NULL,NULL
7250,30658,1298989241,0,NULL,NULL
7250,30658,1298991670,0,NULL,NULL
7251,36073,1298973195,0,NULL,NULL
7251,26402,1298973195,0,NULL,NULL
7251,4860,1298973195,0,NULL,NULL
7251,26402,1298973710,0,NULL,NULL
7253,31202,1298920856,0,NULL,NULL
7253,31200,1298920856,0,NULL,NULL
7253,25746,1298920856,1,NULL,NULL
7253,10247,1298920856,1,NULL,NULL
7254,4829,1297371099,1,NULL,NULL
7254,4830,1297456928,1,NULL,NULL
7254,4829,1297633251,-1,NULL,NULL
7254,4830,1297795631,1,NULL,NULL
7254,4829,1297795631,0,NULL,NULL
7254,4829,1298810600,0,NULL,NULL
7254,4830,1298810600,0,NULL,NULL
7254,4830,1298918482,1,NULL,NULL
7254,4829,1298918482,1,NULL,NULL
7255,26214,1298906404,0,NULL,NULL
7255,26220,1298906404,1,NULL,NULL
7255,26214,1298906777,0,NULL,NULL
7255,26220,1298906777,0,NULL,NULL
7258,29621,1298805713,1,NULL,NULL
7258,27012,1298805713,1,NULL,NULL
7259,25675,1298793522,1,NULL,NULL
7259,27012,1298793522,0,NULL,NULL
7259,24398,1298793522,1,NULL,NULL
7259,31096,1298793522,0,NULL,NULL
7259,24404,1298793522,1,NULL,NULL
7259,26975,1298793522,0,NULL,NULL
7259,26024,1298793522,-1,NULL,NULL
7259,27003,1298793522,0,NULL,NULL
7259,29618,1298793522,0,NULL,NULL
7260,4337,1298729283,0,NULL,NULL
7260,16498,1298729283,-1,NULL,NULL
7261,24398,1298712293,0,NULL,NULL
7261,29618,1298712293,0,NULL,NULL
7261,4335,1298712293,1,NULL,NULL
7261,8710,1298712293,0,NULL,NULL
7261,8711,1298712293,0,NULL,NULL
7262,31503,1298707864,0,NULL,NULL
7264,35058,1298617062,0,NULL,NULL
7265,25938,1298564097,-1,NULL,NULL
7265,26075,1298564097,0,NULL,NULL
7265,26094,1298564097,-1,NULL,NULL
7265,25999,1298564097,-1,NULL,NULL
7265,26087,1298564097,-1,NULL,NULL
7265,26027,1298564097,-1,NULL,NULL
7265,26126,1298564097,-1,0.0,0.0
7265,26007,1298564097,-1,NULL,NULL
7265,26089,1298564097,-1,NULL,NULL
7265,26072,1298564097,-1,NULL,NULL
7265,26145,1298564097,-1,NULL,NULL
7265,30366,1298564097,-1,NULL,NULL
7267,35339,1298555860,1,NULL,NULL
7267,31096,1298555860,0,NULL,NULL
7267,30719,1298555860,0,NULL,NULL
7267,35326,1298555860,1,NULL,NULL
7267,17402,1298555860,0,NULL,NULL
7267,17461,1298555860,0,NULL,NULL
7267,16084,1298555860,0,NULL,NULL
7267,1961,1298555860,0,NULL,NULL
7268,8125,1298543101,1,0.0,0.0
7268,34974,1298543101,1,NULL,NULL
7269,25947,1298524805,0,NULL,NULL
7269,26006,1298532152,0,NULL,NULL
7269,26005,1298532152,1,NULL,NULL
7269,25751,1298532152,0,NULL,NULL
7269,26004,1298532152,0,NULL,NULL
7269,24398,1298532152,0,NULL,NULL
7269,25959,1298534350,0,NULL,NULL
7269,25958,1298534350,0,NULL,NULL
7270,26006,1298525052,-1,NULL,NULL
7271,26005,1298524988,1,NULL,NULL
7271,28597,1298524988,0,NULL,NULL
7272,17764,1298518679,0,NULL,NULL
7272,17764,1298518834,0,NULL,NULL
7273,25985,1298474703,0,NULL,NULL
7273,25986,1298474703,0,NULL,NULL
7273,25987,1298474703,0,NULL,NULL
7273,26004,1298474703,0,NULL,NULL
7273,25934,1298474703,0,NULL,NULL
7273,25936,1298474703,0,NULL,NULL
7273,30369,1298474703,0,NULL,NULL
7273,25999,1298474703,0,NULL,NULL
7273,25996,1298474703,-1,NULL,NULL
7273,26036,1298474703,0,NULL,NULL
7273,26027,1298474703,0,NULL,NULL
7273,25928,1298474703,0,0.0,0.0
7273,26025,1298474703,0,NULL,NULL
7273,25992,1298474703,0,NULL,NULL
7273,25925,1298474703,0,NULL,NULL
7273,26029,1298474703,0,NULL,NULL
7273,26026,1298474703,0,NULL,NULL
7273,25995,1298474703,0,NULL,NULL
7273,26013,1298474703,0,NULL,NULL
7273,25974,1298474703,0,NULL,NULL
7273,25929,1298474703,0,NULL,NULL
7273,25993,1298474703,0,NULL,NULL
7273,26017,1298474703,0,NULL,NULL
7273,26031,1298474703,0,NULL,NULL
7273,25972,1298474703,0,NULL,NULL
7273,25971,1298474703,0,NULL,NULL
7273,26018,1298474703,0,NULL,NULL
7273,25940,1298474703,0,NULL,NULL
7273,25963,1298474703,0,NULL,NULL
7273,25961,1298474703,0,NULL,NULL
7273,25942,1298474703,0,0.0,0.0
7274,15893,1298454980,0,NULL,NULL
7274,12088,1298454980,0,NULL,NULL
7274,35577,1298454980,0,NULL,NULL
7274,35574,1298454980,0,NULL,NULL
7274,35576,1298454980,0,NULL,NULL
7274,35575,1298454980,0,NULL,NULL
7275,10454,1298453850,0,NULL,NULL
7275,10365,1298453850,1,NULL,NULL
7275,10369,1298453850,0,NULL,NULL
7275,10379,1298453850,0,NULL,NULL
7275,10367,1298453850,0,NULL,NULL
7275,10371,1298453850,0,NULL,NULL
7277,28169,1298449528,0,NULL,NULL
7277,25987,1298449528,0,NULL,NULL
7277,26021,1298449528,-1,NULL,NULL
7278,25996,1298368642,-1,0.0,0.0
7278,26298,1298368642,0,NULL,NULL
7278,26063,1298368642,0,NULL,NULL
7278,25987,1298368642,1,NULL,NULL
7278,26065,1298368642,0,NULL,NULL
7278,26228,1298368642,0,NULL,NULL
7278,26244,1298368642,0,NULL,NULL
7278,8125,1298407301,0,NULL,NULL
7279,25996,1298398723,1,NULL,NULL
7279,26063,1298398723,0,NULL,NULL
7279,25987,1298398723,-1,NULL,NULL
7279,25942,1298398723,0,0.0,0.0
7279,26065,1298398723,0,NULL,NULL
7279,28094,1298398723,1,0.0,0.0
7280,25751,1286614127,0,NULL,NULL
7280,26987,1286614127,0,NULL,NULL
7280,27772,1286614127,-1,NULL,NULL
7280,25987,1286614127,1,0.0,NULL
7280,26035,1286614127,0,NULL,NULL
7280,25934,1286614127,0,NULL,NULL
7280,25987,1298387371,1,NULL,NULL
7282,25755,1297353630,0,NULL,NULL
7282,19928,1298375749,0,NULL,NULL
7282,24366,1298375784,0,NULL,NULL
7283,25672,1298197341,1,NULL,NULL
7283,25643,1298197341,0,NULL,NULL
7283,26004,1298197341,1,NULL,NULL
7283,28655,1298199250,0,NULL,NULL
7283,28652,1298369998,0,NULL,NULL
7283,25643,1298369998,0,NULL,NULL
7283,28655,1298369998,0,NULL,NULL
7283,28656,1298369998,0,NULL,NULL
7284,30372,1298361632,1,NULL,NULL
7284,26145,1298361632,-1,NULL,NULL
7284,26022,1298361632,-1,0.0,0.0
7284,25974,1298361632,-1,NULL,NULL
7284,25969,1298361632,-1,NULL,NULL
7284,25972,1298361632,0,NULL,NULL
7284,26063,1298361632,0,NULL,NULL
7284,26140,1298361632,0,NULL,NULL
7284,26084,1298361632,0,NULL,NULL
7284,26108,1298361632,1,NULL,NULL
7284,25925,1298361632,-1,NULL,NULL
7284,26038,1298361632,0,NULL,NULL
7284,25990,1298361632,-1,NULL,NULL
7284,25953,1298361632,-1,NULL,NULL
7284,25999,1298361632,-1,NULL,NULL
7284,26024,1298361632,-1,NULL,NULL
7285,4830,1298327727,-1,NULL,NULL
7286,15804,1298306414,-1,NULL,NULL
7286,4654,1298306414,-1,NULL,NULL
7287,4654,1298300120,1,NULL,NULL
7287,15804,1298306286,1,NULL,NULL
7288,31454,1298284819,0,NULL,NULL
7289,25751,1298279928,0,NULL,NULL
7290,26214,1298104472,-1,NULL,NULL
7291,15830,1298032460,0,0.0,0.0
7291,8374,1298032460,1,NULL,NULL
7291,8373,1298032460,1,NULL,NULL
7291,8299,1298032460,1,NULL,NULL
7292,27236,1298012260,0,NULL,NULL
7292,30081,1298012260,0,NULL,NULL
7293,26029,1297950799,0,NULL,NULL
7293,25987,1297950799,0,NULL,NULL
7294,24398,1297928733,0,NULL,NULL
7294,24405,1297928733,0,NULL,NULL
7295,25672,1297872311,1,NULL,NULL
7295,26004,1297872311,0,NULL,NULL
7295,25987,1297872311,0,NULL,NULL
7296,25714,1297847612,0,NULL,NULL
7296,25700,1297847612,0,NULL,NULL
7297,21736,1297757590,0,NULL,NULL
7297,21709,1297757590,0,NULL,NULL
7297,12138,1297757590,0,NULL,NULL
7299,10426,1297750915,0,NULL,NULL
7299,10365,1297750915,1,NULL,NULL
7299,10433,1297750915,0,NULL,NULL
7300,26004,1297694184,1,NULL,NULL
7300,25959,1297694184,0,NULL,NULL
7301,26013,1297685427,0,NULL,NULL
7302,16498,1297619945,0,NULL,NULL
7302,4337,1297619945,1,NULL,NULL
7302,4335,1297619945,0,0.0,0.0
7302,25991,1297619945,-1,NULL,NULL
7302,16499,1297619945,1,NULL,NULL
7302,24398,1297619945,0,NULL,NULL
7302,25974,1297619945,1,NULL,NULL
7303,25662,1297438490,0,NULL,NULL
7303,25661,1297438490,0,NULL,NULL
7304,16768,1297435135,0,NULL,NULL
7304,22748,1297435135,0,NULL,NULL
7304,16767,1297435135,0,NULL,NULL
7304,16776,1297435135,0,NULL,NULL
7304,34599,1297435135,0,NULL,NULL
7304,4848,1297435135,0,NULL,NULL
7304,4849,1297435135,0,NULL,NULL
7304,16774,1297435135,0,NULL,NULL
7304,16769,1297435135,0,NULL,NULL
7304,22744,1297435135,0,NULL,NULL
7304,22749,1297435135,0,NULL,NULL
7304,16766,1297435135,0,0.0,0.0
7304,12121,1297435135,0,NULL,NULL
7305,25738,1297427551,1,NULL,NULL
7305,30699,1297427551,0,NULL,NULL
7305,31330,1297427551,1,NULL,NULL
7305,30110,1297427551,0,NULL,NULL
7307,21541,1297404551,1,NULL,NULL
7308,24398,1297404186,0,NULL,NULL
7308,36237,1297404186,0,NULL,NULL
7308,36238,1297404186,0,NULL,NULL
7308,24404,1297404186,0,NULL,NULL
7308,24397,1297404186,0,NULL,NULL
7308,24402,1297404186,0,NULL,NULL
7308,24399,1297404186,0,NULL,NULL
7308,4337,1297404186,1,NULL,NULL
7309,1201,1297402135,0,NULL,NULL
7309,12404,1297402135,0,NULL,NULL
7309,36243,1297402135,1,NULL,NULL
7310,25751,1297401925,-1,NULL,NULL
7311,21541,1297377495,-1,NULL,NULL
7311,35510,1297377495,0,NULL,NULL
7311,15912,1297377495,1,NULL,NULL
7311,19816,1297377495,0,NULL,NULL
7311,19932,1297377495,1,NULL,NULL
7311,22436,1297377495,1,NULL,NULL
7311,21323,1297377495,0,NULL,NULL
7311,24398,1297377495,0,NULL,NULL
7311,26109,1297377495,0,NULL,NULL
7311,20284,1297377495,0,NULL,NULL
7311,1094,1297377495,0,NULL,NULL
7311,2079,1297377495,1,NULL,NULL
7311,445,1297377495,0,NULL,NULL
7312,9397,1297353831,1,NULL,NULL
7312,25751,1297353831,1,NULL,NULL
7312,32500,1297353831,0,NULL,NULL
7312,30971,1297353831,0,NULL,NULL
7312,30220,1297353831,1,NULL,NULL
7312,24398,1297353831,0,NULL,NULL
7312,24405,1297353831,0,NULL,NULL
7312,30219,1297353831,1,NULL,NULL
7312,9397,1297355146,-1,NULL,NULL
7314,30163,1297278501,1,NULL,NULL
7314,29532,1297278501,0,NULL,NULL
7316,16865,1277407351,1,NULL,NULL
7316,4855,1277407351,1,NULL,NULL
7316,4855,1297260218,0,NULL,NULL
7316,16865,1297260218,0,NULL,NULL
7316,4856,1297260218,0,NULL,NULL
7318,36438,1297245740,0,NULL,NULL
7319,8299,1297243142,1,NULL,NULL
7319,8374,1297243142,1,NULL,NULL
7320,36370,1297179311,0,NULL,NULL
7320,29659,1297179311,1,NULL,NULL
7320,4689,1297228753,0,NULL,NULL
7321,17841,1297157424,0,NULL,NULL
7322,16299,1297032186,1,NULL,NULL
7322,4748,1297032186,0,0.0,0.0
7323,8363,1297025970,0,NULL,NULL
7323,20270,1297025970,0,NULL,NULL
7323,15811,1297025970,0,NULL,NULL
7323,20272,1297025970,0,NULL,NULL
7323,20273,1297025970,0,NULL,NULL
7323,36439,1297025970,-1,NULL,NULL
7323,36438,1297025970,-1,NULL,NULL
7324,36091,1296998684,1,NULL,NULL
7324,4742,1296998684,0,NULL,NULL
7324,446,1296998684,-1,NULL,NULL
7324,8825,1296998684,0,NULL,NULL
7324,10079,1296998684,-1,NULL,NULL
7324,4743,1296998684,1,NULL,NULL
7324,36091,1297005771,-1,NULL,NULL
7324,4743,1297005771,0,NULL,NULL
7327,197,1294410128,1,NULL,NULL
7327,4803,1294410128,1,NULL,NULL
7327,4803,1296982158,1,NULL,NULL
7327,31848,1296982158,0,NULL,NULL
7328,36091,1296913909,0,NULL,NULL
7328,16140,1296913909,0,NULL,NULL
7328,16119,1296913909,-1,NULL,NULL
7328,2010,1296913909,-1,NULL,NULL
7328,446,1296913909,0,NULL,NULL
7328,4743,1296913909,-1,NULL,NULL
7328,7294,1296913909,-1,NULL,NULL
7328,16120,1296913909,-1,NULL,NULL
7328,16498,1296913909,0,NULL,NULL
7328,16497,1296917738,-1,NULL,NULL
7329,22370,1296873394,0,NULL,NULL
7329,24200,1296873394,0,NULL,NULL
7329,22368,1296873394,0,NULL,NULL
7329,15722,1296873394,0,NULL,NULL
7329,15736,1296873394,0,NULL,NULL
7329,15738,1296873394,0,NULL,NULL
7329,21545,1296873394,0,NULL,NULL
7329,17480,1296907256,0,NULL,NULL
7329,4369,1296907256,0,NULL,NULL
7329,4363,1296907256,0,NULL,NULL
7329,35323,1296907256,0,NULL,NULL
7329,30082,1296907256,0,NULL,NULL
7329,36438,1296907256,-1,NULL,NULL
7329,35325,1296907256,0,NULL,NULL
7329,29634,1296907256,0,NULL,NULL
7329,30682,1296907256,0,NULL,NULL
7329,25702,1296907256,0,NULL,NULL
7330,4369,1292695868,-1,NULL,NULL
7330,4369,1296877742,0,NULL,NULL
7331,22327,1296841723,0,NULL,NULL
7331,9355,1296841723,0,NULL,NULL
7331,4829,1296841723,0,NULL,NULL
7331,4830,1296841723,0,NULL,NULL
7332,29636,1296813403,0,NULL,NULL
7332,7569,1296819953,0,NULL,NULL
7333,35997,1296722296,1,NULL,NULL
7333,36370,1296722296,1,NULL,NULL
7333,30658,1296722296,1,NULL,NULL
7333,27303,1296722296,0,NULL,NULL
7333,28568,1296722296,0,NULL,NULL
7333,25751,1296722296,1,NULL,NULL
7333,25791,1296722296,1,NULL,NULL
7333,24398,1296722296,0,NULL,NULL
7333,4337,1296722296,0,NULL,NULL
7333,4335,1296722296,1,0.0,0.0
7333,540,1296722296,1,NULL,NULL
7333,25813,1296748063,0,NULL,NULL
7333,36478,1296748063,0,NULL,NULL
7334,381,1296683416,0,NULL,NULL
7334,24368,1296683416,0,NULL,NULL
7334,32500,1296683416,0,NULL,NULL
7334,32500,1296711784,0,NULL,NULL
7336,36534,1296594837,0,NULL,NULL
7336,2010,1296594837,1,NULL,NULL
7336,16119,1296594837,0,NULL,NULL
7337,26019,1296593548,0,NULL,NULL
7337,26034,1296593548,1,NULL,NULL
7337,25934,1296593548,0,NULL,NULL
7337,25986,1296593548,0,NULL,NULL
7337,26120,1296593548,0,NULL,NULL
7337,30369,1296593548,0,NULL,NULL
7337,25961,1296593548,0,NULL,NULL
7337,26020,1296593548,0,NULL,NULL
7337,25965,1296593548,0,NULL,NULL
7340,29579,1296468329,0,NULL,NULL
7341,25779,1296465580,1,NULL,NULL
7342,12086,1296461749,0,NULL,NULL
7344,30677,1296396540,0,NULL,NULL
7344,416,1296396540,1,NULL,NULL
7344,1550,1296396540,1,NULL,NULL
7344,28823,1296396540,1,NULL,NULL
7346,28110,1296386743,0,NULL,NULL
7346,30106,1296386743,0,NULL,NULL
7346,28111,1296386743,0,NULL,NULL
7346,35995,1296386743,-1,NULL,NULL
7347,25935,1294418531,0,NULL,NULL
7347,25935,1294418924,0,NULL,NULL
7347,27706,1294423906,1,NULL,NULL
7347,25935,1296341147,0,NULL,NULL
7347,25935,1296363840,0,NULL,NULL
7350,4656,1296200008,1,NULL,NULL
7351,31831,1296141687,-1,NULL,NULL
7351,31828,1296141687,1,NULL,NULL
7351,31828,1296148347,0,NULL,NULL
7351,31831,1296148347,0,NULL,NULL
7354,36439,1295608182,-1,NULL,NULL
7354,36447,1295611605,1,NULL,NULL
7355,10532,1295546121,1,NULL,NULL
7355,15756,1295546121,0,NULL,NULL
7355,1094,1295546121,1,NULL,NULL
7355,36545,1295553001,0,NULL,NULL
7355,15756,1295553001,0,NULL,NULL
7355,1094,1295553001,0,NULL,NULL
7355,10532,1295603844,-1,NULL,NULL
7355,15756,1295603844,1,NULL,NULL
7355,1094,1295603844,-1,NULL,NULL
7355,1094,1295605189,1,NULL,NULL
7356,29619,1295600534,1,NULL,NULL
7358,446,1295537240,0,NULL,NULL
7358,4744,1295537240,1,NULL,NULL
7358,4743,1295537240,1,NULL,NULL
7358,16193,1295537240,0,NULL,NULL
7358,16193,1295541548,0,NULL,NULL
7358,4744,1295541548,0,NULL,NULL
7358,446,1295541548,0,NULL,NULL
7358,4743,1295541548,-1,NULL,NULL
7359,4744,1293266959,1,NULL,NULL
7359,446,1293266959,0,0.0,NULL
7359,445,1293266959,0,NULL,NULL
7359,21323,1293266959,0,NULL,NULL
7359,4744,1295531018,1,NULL,NULL
7359,16156,1295531018,0,NULL,NULL
7360,36437,1295447030,0,NULL,NULL
7360,36439,1295447030,0,NULL,NULL
7361,10306,1295435944,1,NULL,NULL
7361,35997,1295435944,1,NULL,NULL
7361,25703,1295438471,-1,NULL,NULL
7361,35997,1295438471,0,NULL,NULL
7362,36091,1288338991,0,NULL,NULL
7362,10079,1288338991,0,NULL,NULL
7362,4743,1288338991,1,NULL,NULL
7362,446,1288338991,0,0.0,NULL
7362,2010,1288338991,1,NULL,NULL
7362,36091,1295431929,0,NULL,NULL
7362,4743,1295431929,1,NULL,NULL
7362,8817,1295431929,1,NULL,NULL
7362,446,1295431929,1,NULL,NULL
7362,4742,1295431929,1,NULL,NULL
7364,4656,1295354132,0,NULL,NULL
7365,30163,1295347179,1,NULL,NULL
7365,24376,1295347179,0,NULL,NULL
7365,30166,1295347179,0,NULL,NULL
7365,29532,1295347179,0,NULL,NULL
7366,4744,1295340123,1,NULL,NULL
7366,16125,1295340123,0,NULL,NULL
7366,36091,1295340123,-1,NULL,NULL
7367,25751,1294971204,1,NULL,NULL
7367,25787,1294971204,1,NULL,NULL
7367,25787,1294981900,0,NULL,NULL
7367,25751,1294981900,0,NULL,NULL
7367,25751,1294997216,0,NULL,NULL
7367,25751,1294997729,0,NULL,NULL
7367,25787,1295167014,1,NULL,NULL
7367,25751,1295167014,0,NULL,NULL
7367,30322,1295167014,1,NULL,NULL
7369,26126,1295105755,0,NULL,NULL
7369,26567,1295108720,1,NULL,NULL
7369,26126,1295108720,0,NULL,NULL
7369,27619,1295108720,1,NULL,NULL
7369,25716,1295108720,0,NULL,NULL
7371,28456,1295001419,1,NULL,NULL
7371,26256,1295001419,0,NULL,NULL
7372,25974,1294991219,1,NULL,NULL
7372,18320,1294991219,0,NULL,NULL
7373,30136,1294937955,1,NULL,NULL
7373,4752,1294937955,0,NULL,NULL
7373,5659,1294937955,0,NULL,NULL
7374,15901,1287741052,1,NULL,NULL
7374,35036,1291791200,0,NULL,NULL
7374,35036,1294928559,0,NULL,NULL
7374,15901,1294928559,1,NULL,NULL
7374,15901,1294928688,0,NULL,NULL
7375,27350,1294920065,0,NULL,NULL
7375,30111,1294920065,0,NULL,NULL
7375,30142,1294920065,0,NULL,NULL
7375,26785,1294920065,0,NULL,NULL
7375,27386,1294920065,0,NULL,NULL
7375,30117,1294920065,1,NULL,NULL
7375,29644,1294920065,0,NULL,NULL
7375,36538,1294920065,0,0.0,0.0
7375,26784,1294920065,0,NULL,NULL
7375,26782,1294920065,0,NULL,NULL
7375,26786,1294920065,0,NULL,NULL
7375,24621,1294920065,0,NULL,NULL
7375,25812,1294920065,0,NULL,NULL
7375,99,1294920065,1,NULL,NULL
7375,15677,1294920065,0,NULL,NULL
7375,7547,1294920065,0,NULL,NULL
7375,15676,1294920065,1,NULL,NULL
7375,7493,1294920065,0,NULL,NULL
7375,4832,1294920065,0,NULL,NULL
7375,4748,1294920065,1,NULL,NULL
7376,4834,1294906778,0,NULL,NULL
7376,4832,1294906778,0,NULL,NULL
7376,4831,1294906778,0,NULL,NULL
7378,35416,1294836240,0,NULL,NULL
7379,12160,1294818732,1,NULL,NULL
7380,35658,1294748726,1,NULL,NULL
7380,35525,1294748726,1,NULL,NULL
7380,35517,1294748726,1,NULL,NULL
7380,35526,1294748726,0,0.0,0.0
7382,29666,1294730651,1,NULL,NULL
7382,29649,1294730651,1,NULL,NULL
7382,29678,1294730651,0,NULL,NULL
7382,29668,1294730651,0,NULL,NULL
7382,29675,1294730651,1,NULL,NULL
7382,29662,1294730651,0,NULL,NULL
7384,35525,1294672973,0,NULL,NULL
7384,35526,1294672973,0,0.0,0.0
7384,35517,1294672973,1,NULL,NULL
7386,29719,1294668605,1,NULL,NULL
7386,30057,1294668605,0,NULL,NULL
7387,26214,1294409184,-1,NULL,NULL
7387,26242,1294414752,0,NULL,NULL
7387,26214,1294414752,-1,NULL,NULL
7387,26221,1294418528,-1,NULL,NULL
7387,26214,1294418528,1,NULL,NULL
7387,26214,1294480319,-1,NULL,NULL
7387,30405,1294480319,1,NULL,NULL
7387,26221,1294480319,1,NULL,NULL
7387,26242,1294480319,0,NULL,NULL
7387,26214,1294507740,1,NULL,NULL
7387,28205,1294507740,1,NULL,NULL
7387,26214,1294508156,1,NULL,NULL
7387,26214,1294568565,-1,NULL,NULL
7387,30711,1294568565,1,NULL,NULL
7387,26220,1294568565,1,NULL,NULL
7387,26214,1294650185,1,NULL,NULL
7387,31105,1294650185,1,NULL,NULL
7387,36370,1294650185,0,NULL,NULL
7387,28514,1294650185,0,NULL,NULL
7387,30754,1294650185,0,NULL,NULL
7387,26214,1294653562,1,NULL,NULL
7387,36370,1294653562,0,NULL,NULL
7387,29719,1294653562,1,NULL,NULL
7387,26214,1294654738,1,NULL,NULL
7388,28142,1294637063,1,NULL,NULL
7388,26232,1294637063,0,NULL,NULL
7388,26013,1294637063,0,NULL,NULL
7388,25987,1294637063,0,NULL,NULL
7389,10550,1294570274,-1,NULL,NULL
7389,30130,1294570274,1,NULL,NULL
7389,36329,1294572214,0,NULL,NULL
7391,529,1294395638,1,NULL,NULL
7391,19108,1294395638,1,NULL,NULL
7393,36494,1294319554,0,NULL,NULL
7394,26033,1294318175,0,NULL,NULL
7394,25928,1294318175,0,NULL,NULL
7395,26958,1294213795,1,NULL,NULL
7395,36540,1294213795,1,NULL,NULL
7395,30051,1294213795,0,NULL,NULL
7395,30394,1294213795,1,NULL,NULL
7395,30050,1294213795,1,0.0,0.0
7395,26958,1294297772,0,NULL,NULL
7395,30394,1294297772,0,NULL,NULL
7397,30665,1294241553,-1,NULL,NULL
7397,28803,1294241553,0,NULL,NULL
7397,30108,1294248757,-1,NULL,NULL
7397,30665,1294248757,1,NULL,NULL
7397,30108,1294249142,0,NULL,NULL
7400,8102,1294219752,0,NULL,NULL
7400,15725,1294219752,0,NULL,NULL
7402,20297,1294211277,-1,NULL,NULL
7402,15853,1294211277,0,NULL,NULL
7402,4655,1294211277,0,NULL,NULL
7402,12331,1294211277,0,0.0,0.0
7404,25751,1294209481,0,NULL,NULL
7406,26432,1294161580,0,NULL,NULL
7406,25665,1294161580,1,NULL,NULL
7407,31146,1294150634,-1,NULL,NULL
7407,31147,1294150634,0,NULL,NULL
7408,17841,1294147371,0,NULL,NULL
7408,2242,1294147371,1,NULL,NULL
7409,35517,1294061760,-1,0.0,0.0
7410,29536,1294044672,1,NULL,NULL
7410,30110,1294044672,0,NULL,NULL
7410,25993,1294044672,1,NULL,NULL
7410,27297,1294044672,1,NULL,NULL
7410,25987,1294044672,0,NULL,NULL
7412,7236,1293907120,0,NULL,NULL
7412,9358,1293907120,1,NULL,NULL
7412,9349,1293907120,0,NULL,NULL
7412,9352,1293907120,1,NULL,NULL
7412,9348,1293907120,1,NULL,NULL
7416,35325,1293442484,1,NULL,NULL
7416,1961,1293442484,1,NULL,NULL
7416,1041,1293442484,1,NULL,NULL
7416,4709,1293442484,1,NULL,NULL
7416,17406,1293443624,0,NULL,NULL
7416,35323,1293443624,1,NULL,NULL
7416,17411,1293443624,1,NULL,NULL
7416,17402,1293443624,1,NULL,NULL
7416,4709,1293639665,1,NULL,NULL
7416,2242,1293639665,0,NULL,NULL
7416,36413,1293639665,1,NULL,NULL
7416,35326,1293639665,1,NULL,NULL
7416,35525,1293639665,0,NULL,NULL
7416,35522,1293639665,0,NULL,NULL
7416,35325,1293639665,1,NULL,NULL
7416,35527,1293639665,1,NULL,NULL
7416,35521,1293639665,1,NULL,NULL
7416,35526,1293639665,0,0.0,0.0
7416,35667,1293639665,-1,NULL,NULL
7416,35339,1293640856,1,NULL,NULL
7416,35323,1293640856,1,NULL,NULL
7416,36415,1293640856,1,NULL,NULL
7416,35674,1293640856,0,NULL,NULL
7416,17411,1293640856,1,NULL,NULL
7417,35323,1293457436,-1,NULL,NULL
7417,35339,1293457436,0,NULL,NULL
7417,17400,1293457436,0,NULL,NULL
7417,17410,1293457436,1,NULL,NULL
7418,31882,1293541859,0,NULL,NULL
7418,31890,1293541859,0,NULL,NULL
7418,31887,1293541859,0,NULL,NULL
7418,31891,1293541859,0,NULL,NULL
7418,31889,1293541859,0,NULL,NULL
7418,31886,1293541859,0,NULL,NULL
7418,31881,1293541859,0,NULL,NULL
7418,31888,1293541859,0,NULL,NULL
7418,31894,1293541859,0,NULL,NULL
7419,34701,1293528768,0,NULL,NULL
7419,34664,1293528768,0,NULL,NULL
7419,34665,1293528768,0,NULL,NULL
7419,34663,1293528768,0,NULL,NULL
7419,34667,1293528768,0,NULL,NULL
7420,8369,1293440225,1,NULL,NULL
7420,15804,1293440225,1,NULL,NULL
7421,28475,1293184183,1,NULL,NULL
7421,31333,1293184183,1,NULL,NULL
7421,28080,1293184183,0,NULL,NULL
7421,26286,1293184183,1,NULL,NULL
7421,27811,1293184183,1,NULL,NULL
7421,26256,1293184183,1,NULL,NULL
7421,31331,1293184183,1,NULL,NULL
7421,26222,1293184183,1,NULL,NULL
7421,27803,1293184183,1,NULL,NULL
7422,8328,1293181952,1,NULL,NULL
7422,8299,1293181952,0,NULL,NULL
7422,8299,1293182064,0,NULL,NULL
7423,15703,1293121457,0,NULL,NULL
7423,8113,1293121457,0,NULL,NULL
7423,1094,1293121457,0,NULL,NULL
7423,19818,1293121457,0,NULL,NULL
7423,19816,1293121457,0,NULL,NULL
7424,4337,1292936865,0,NULL,NULL
7426,29654,1292854998,1,NULL,NULL
7426,29649,1292854998,1,NULL,NULL
7426,29659,1292854998,-1,NULL,NULL
7426,29673,1292854998,0,NULL,NULL
7426,29644,1292854998,0,NULL,NULL
7427,21843,1292854636,0,NULL,NULL
7428,9161,1292854392,-1,NULL,NULL
7428,21845,1292854392,1,NULL,NULL
7429,4335,1292838513,0,NULL,NULL
7429,34974,1292838513,0,NULL,NULL
7430,25776,1292750222,-1,NULL,NULL
7430,24375,1292750222,-1,NULL,NULL
7430,25776,1292834245,0,NULL,NULL
7430,10252,1292834245,0,NULL,NULL
7432,36288,1292683895,0,NULL,NULL
7432,29710,1292683895,0,NULL,NULL
7432,29709,1292683895,0,NULL,NULL
7432,4369,1292683895,1,NULL,NULL
7432,16062,1292683895,-1,NULL,NULL
7432,16062,1292684343,1,NULL,NULL
7433,22508,1292665224,1,NULL,NULL
7433,16497,1292665224,1,NULL,NULL
7433,16498,1292665224,0,NULL,NULL
7433,30342,1292665224,0,NULL,NULL
7433,30109,1292665224,1,NULL,NULL
7433,30220,1292665224,1,NULL,NULL
7433,30222,1292665224,0,0.0,0.0
7433,24826,1292665224,1,NULL,NULL
7433,16789,1292665224,0,NULL,NULL
7433,16499,1292665224,0,NULL,NULL
7433,27305,1292665224,1,NULL,NULL
7433,30234,1292665224,1,NULL,NULL
7433,31000,1292665224,-1,NULL,NULL
7433,30222,1292665676,0,0.0,0.0
7433,30220,1292665676,0,NULL,NULL
7433,30109,1292665676,0,NULL,NULL
7433,16497,1292665676,0,NULL,NULL
7433,30109,1292669284,-1,NULL,NULL
7433,30222,1292669284,-1,0.0,0.0
7434,381,1292324923,0,NULL,NULL
7434,25751,1292324923,1,NULL,NULL
7434,34958,1292599561,1,NULL,NULL
7435,27706,1292578472,0,NULL,NULL
7435,29649,1292578472,0,NULL,NULL
7435,29659,1292578472,1,NULL,NULL
7436,17975,1292561878,1,NULL,NULL
7436,35525,1292561878,0,NULL,NULL
7436,35525,1292562636,0,NULL,NULL
7436,17975,1292562636,0,NULL,NULL
7438,25660,1292430524,-1,NULL,NULL
7438,26437,1292430524,1,NULL,NULL
7439,25751,1292424972,-1,NULL,NULL
7439,30723,1292424972,0,NULL,NULL
7440,25751,1292402354,0,NULL,NULL
7440,30840,1292402354,0,NULL,NULL
7441,27279,1292370876,1,NULL,NULL
7441,25751,1292370876,0,NULL,NULL
7441,25751,1292371450,0,NULL,NULL
7441,27279,1292371450,0,NULL,NULL
7441,27279,1292391891,-1,NULL,NULL
7441,27788,1292391891,0,NULL,NULL
7441,25751,1292391891,0,NULL,NULL
7442,24206,1292390154,0,NULL,NULL
7442,4656,1292390154,1,NULL,NULL
7443,25757,1292352139,0,NULL,NULL
7443,27286,1292352139,1,NULL,NULL
7445,29679,1292243619,0,NULL,NULL
7445,25953,1292243619,1,NULL,NULL
7445,25751,1292243619,0,NULL,NULL
7445,26770,1292243619,1,NULL,NULL
7445,26274,1292243619,0,NULL,NULL
7445,27906,1292243619,0,NULL,NULL
7445,27885,1292243619,0,NULL,NULL
7445,4751,1292243619,-1,NULL,NULL
7445,7530,1292312248,1,NULL,NULL
7447,24397,1291814864,0,NULL,NULL
7447,24404,1291814864,0,NULL,NULL
7447,34982,1291814864,1,NULL,NULL
7447,24825,1291814864,1,NULL,NULL
7447,24399,1291814864,0,NULL,NULL
7447,24402,1291814864,0,NULL,NULL
7447,8125,1291814864,1,NULL,NULL
7447,24400,1291964692,0,NULL,NULL
7447,10247,1291964692,-1,NULL,NULL
7450,31478,1291900195,0,NULL,NULL
7451,30720,1291889157,0,NULL,NULL
7451,25791,1291889157,0,NULL,NULL
7452,25665,1291888499,1,NULL,NULL
7453,36315,1291876650,-1,NULL,NULL
7453,36319,1291876650,1,NULL,NULL
7453,36318,1291876650,0,NULL,NULL
7454,28221,1291860215,1,NULL,NULL
7454,28833,1291860215,1,NULL,NULL
7454,30694,1291860215,1,NULL,NULL
7455,8125,1291846409,1,NULL,NULL
7455,4335,1291846409,-1,NULL,NULL
7455,34982,1291846409,1,NULL,NULL
7456,15804,1291812328,-1,NULL,NULL
7457,29613,1291806486,0,NULL,NULL
7459,5418,1291790439,1,NULL,NULL
7459,4725,1291790439,1,0.0,0.0
7459,4726,1291790439,-1,NULL,NULL
7459,1977,1291790439,-1,NULL,NULL
7459,4724,1291790439,-1,NULL,NULL
7459,5466,1291790439,0,NULL,NULL
7460,20282,1291649338,1,NULL,NULL
7460,15805,1291649338,0,NULL,NULL
7460,74,1291649338,0,NULL,NULL
7460,4656,1291649338,1,NULL,NULL
7460,5438,1291649338,1,NULL,NULL
7460,4655,1291649338,1,NULL,NULL
7460,12331,1291649338,0,NULL,NULL
7460,36404,1291649338,1,NULL,NULL
7460,4655,1291762322,-1,NULL,NULL
7460,4656,1291762322,-1,NULL,NULL
7460,12331,1291762322,0,0.0,0.0
7460,8299,1291762322,0,NULL,NULL
7461,31074,1291622544,0,NULL,NULL
7461,30840,1291622544,0,NULL,NULL
7461,30220,1291622544,1,NULL,NULL
7461,31023,1291622544,0,NULL,NULL
7461,30222,1291622544,0,NULL,NULL
7461,25986,1291622544,0,NULL,NULL
7461,31073,1291622544,0,NULL,NULL
7461,30844,1291622544,0,0.0,0.0
7461,31094,1291622544,1,NULL,NULL
7461,30684,1291622544,1,NULL,NULL
7461,30219,1291622544,-1,NULL,NULL
7461,26444,1291622544,-1,NULL,NULL
7461,27597,1291741701,0,NULL,NULL
7461,25703,1291741701,0,NULL,NULL
7461,36368,1291741701,0,NULL,NULL
7461,30220,1291741701,1,NULL,NULL
7461,25746,1291741701,0,NULL,NULL
7463,24825,1291733089,0,NULL,NULL
7463,19928,1291733089,0,NULL,NULL
7463,34982,1291733089,1,NULL,NULL
7463,4335,1291733089,1,NULL,NULL
7463,8125,1291733089,-1,NULL,NULL
7464,30311,1291715332,0,NULL,NULL
7464,30283,1291715332,-1,NULL,NULL
7464,29721,1291715332,0,NULL,NULL
7464,30350,1291715332,0,NULL,NULL
7464,30328,1291715332,-1,NULL,NULL
7464,30344,1291715332,-1,NULL,NULL
7464,30331,1291715332,-1,NULL,NULL
7464,30277,1291715332,-1,0.0,0.0
7464,30306,1291715332,0,NULL,NULL
7464,30290,1291715332,-1,NULL,NULL
7464,36368,1291715332,0,NULL,NULL
7464,30220,1291715332,-1,NULL,NULL
7464,30346,1291715332,0,NULL,NULL
7464,30287,1291715332,0,NULL,NULL
7464,30284,1291715332,0,NULL,NULL
7464,30310,1291715332,-1,NULL,NULL
7464,30309,1291715332,0,NULL,NULL
7464,30295,1291715332,-1,NULL,NULL
7464,30884,1291715332,0,NULL,NULL
7464,30332,1291715332,-1,NULL,NULL
7464,30292,1291715332,-1,NULL,NULL
7464,30694,1291715332,0,NULL,NULL
7464,30322,1291715332,-1,NULL,NULL
7464,30296,1291715332,-1,NULL,NULL
7464,4743,1291715332,0,NULL,NULL
7464,16122,1291715332,0,NULL,NULL
7464,16121,1291715332,0,NULL,NULL
7465,34982,1291667362,1,NULL,NULL
7465,4335,1291667362,1,NULL,NULL
7466,30672,1291649332,0,NULL,NULL
7466,26242,1291649332,0,NULL,NULL
7467,26214,1291645173,1,NULL,NULL
7468,32499,1291640307,0,NULL,NULL
7468,4335,1291640307,1,NULL,NULL
7468,34982,1291640879,0,NULL,NULL
7469,30697,1291546637,0,NULL,NULL
7470,26564,1291545898,0,NULL,NULL
7470,25660,1291545898,0,NULL,NULL
7471,35525,1291159218,1,NULL,NULL
7471,35520,1291159218,0,NULL,NULL
7471,35526,1291159218,0,0.0,0.0
7471,35520,1291159595,0,NULL,NULL
7471,35525,1291159595,0,NULL,NULL
7471,35526,1291159595,0,0.0,0.0
7472,25751,1291035803,1,NULL,NULL
7472,25782,1291035803,0,NULL,NULL
7473,12121,1291026511,0,NULL,NULL
7473,16766,1291026511,0,NULL,NULL
7473,16774,1291026511,0,NULL,NULL
7473,16765,1291026511,0,NULL,NULL
7473,16769,1291026511,-1,NULL,NULL
7473,16770,1291026511,0,NULL,NULL
7473,4849,1291026511,1,NULL,NULL
7473,4848,1291026511,1,NULL,NULL
7473,16776,1291026511,0,NULL,NULL
7473,16767,1291026511,0,NULL,NULL
7473,22744,1291026511,0,NULL,NULL
7473,22745,1291026511,0,NULL,NULL
7473,22746,1291026511,0,NULL,NULL
7473,16768,1291026511,1,NULL,NULL
7474,28598,1291020821,0,NULL,NULL
7474,36288,1291020821,0,NULL,NULL
7474,36288,1291020953,0,NULL,NULL
7476,21862,1291011777,-1,NULL,NULL
7476,21863,1291011777,0,NULL,NULL
7476,21866,1291011777,0,NULL,NULL
7476,21864,1291011777,1,NULL,NULL
7476,4805,1291011777,1,NULL,NULL
7476,4808,1291011777,-1,NULL,NULL
7477,540,1290950601,-1,NULL,NULL
7477,9420,1290950601,0,NULL,NULL
7481,25987,1290782264,1,0.0,NULL
7481,30694,1290782264,1,NULL,NULL
7481,28833,1290782264,0,NULL,NULL
7481,25987,1290782963,0,NULL,NULL
7482,7618,1290702754,1,NULL,NULL
7482,416,1290702754,1,NULL,NULL
7482,1550,1290702754,1,NULL,NULL
7482,1548,1290702754,0,NULL,NULL
7482,30677,1290702754,0,NULL,NULL
7482,28823,1290702754,0,NULL,NULL
7482,29659,1290702754,1,NULL,NULL
7484,19816,1290574380,0,NULL,NULL
7484,15703,1290574380,0,NULL,NULL
7484,15704,1290574380,1,NULL,NULL
7484,10533,1290574380,-1,NULL,NULL
7484,8098,1290574380,1,NULL,NULL
7484,8102,1290574380,-1,NULL,NULL
7484,1094,1290574380,0,NULL,NULL
7484,19818,1290574380,0,NULL,NULL
7484,34536,1290574380,1,NULL,NULL
7484,34543,1290574380,0,NULL,NULL
7484,26072,1290575261,1,NULL,NULL
7484,8098,1290660040,1,NULL,NULL
7488,30720,1290513563,0,NULL,NULL
7489,28155,1290430115,0,NULL,NULL
7489,25751,1290430115,0,NULL,NULL
7491,74,1290206626,0,NULL,NULL
7492,26223,1290074890,-1,NULL,NULL
7493,25723,1290069885,0,NULL,NULL
7494,4654,1290068980,0,NULL,NULL
7494,15804,1290069041,1,NULL,NULL
7495,1250,1290068528,0,NULL,NULL
7495,1251,1290068528,0,NULL,NULL
7496,36403,1289128596,0,NULL,NULL
7496,15833,1289128596,0,NULL,NULL
7496,12346,1289128596,1,NULL,NULL
7496,15861,1289128596,1,NULL,NULL
7496,8312,1289212237,0,NULL,NULL
7496,20361,1289212237,1,NULL,NULL
7496,8313,1289212237,0,NULL,NULL
7496,20360,1289212237,1,NULL,NULL
7496,20326,1289996490,1,NULL,NULL
7497,17793,1289809655,1,NULL,NULL
7497,8915,1289809655,1,NULL,NULL
7497,4765,1289809655,1,NULL,NULL
7498,36370,1289726410,0,NULL,NULL
7498,30109,1289726410,0,NULL,NULL
7498,28412,1289740024,0,NULL,NULL
7498,25925,1289740024,0,NULL,NULL
7498,30109,1289740024,0,NULL,NULL
7498,36370,1289740024,0,NULL,NULL
7498,36371,1289740024,0,NULL,NULL
7499,26214,1289655765,1,NULL,NULL
7499,26242,1289655765,0,NULL,NULL
7500,4803,1289557195,1,NULL,NULL
7502,36217,1289554684,0,NULL,NULL
7502,36216,1289554684,0,NULL,NULL
7502,29719,1289554684,0,NULL,NULL
7503,18946,1289554298,0,NULL,NULL
7503,18940,1289554298,0,NULL,NULL
7505,4877,1289476660,0,NULL,NULL
7506,16498,1289393542,1,NULL,NULL
7506,24368,1289393542,1,NULL,NULL
7506,25751,1289393542,0,NULL,NULL
7506,8125,1289393542,0,NULL,NULL
7506,25752,1289393542,0,NULL,NULL
7506,31032,1289393542,0,NULL,NULL
7506,30220,1289393542,1,NULL,NULL
7506,32500,1289393542,1,NULL,NULL
7506,30222,1289393542,0,NULL,NULL
7506,32500,1289400660,0,NULL,NULL
7507,15828,1289310911,1,NULL,NULL
7507,36410,1289310911,1,NULL,NULL
7508,9352,1289258847,1,NULL,NULL
7508,9348,1289258847,1,NULL,NULL
7509,30109,1289237390,-1,NULL,NULL
7509,30809,1289237390,1,NULL,NULL
7509,36370,1289237390,0,NULL,NULL
7510,4687,1289130838,1,NULL,NULL
7510,4690,1289130838,1,NULL,NULL
7510,7463,1289130838,0,NULL,NULL
7510,7471,1289130838,0,NULL,NULL
7510,7476,1289130838,0,NULL,NULL
7510,7439,1289130838,0,NULL,NULL
7510,7490,1289130838,0,NULL,NULL
7510,7462,1289130838,0,NULL,NULL
7510,7460,1289130838,0,NULL,NULL
7510,416,1289130838,1,NULL,NULL
7510,1550,1289130838,1,NULL,NULL
7510,1548,1289130838,0,NULL,NULL
7510,7458,1289130838,0,NULL,NULL
7510,7492,1289130838,0,NULL,NULL
7510,7456,1289130838,0,NULL,NULL
7510,7474,1289130838,0,NULL,NULL
7510,7473,1289130838,0,NULL,NULL
7510,7491,1289130838,0,NULL,NULL
7510,7457,1289130838,0,NULL,NULL
7510,7464,1289130838,0,NULL,NULL
7510,7459,1289130838,0,NULL,NULL
7510,7461,1289130838,0,NULL,NULL
7510,7475,1289130838,0,NULL,NULL
7510,7489,1289130838,0,NULL,NULL
7510,1550,1289205898,1,NULL,NULL
7510,416,1289205898,1,NULL,NULL
7510,7660,1289208056,1,NULL,NULL
7510,416,1289208056,0,NULL,NULL
7510,1550,1289208056,0,NULL,NULL
7513,36342,1289058732,1,NULL,NULL
7513,36349,1289058732,0,NULL,NULL
7514,21864,1289053767,1,NULL,NULL
7514,21860,1289053767,1,NULL,NULL
7514,4808,1289053767,1,NULL,NULL
7514,4805,1289053767,0,NULL,NULL
7515,16791,1288860325,0,NULL,NULL
7515,9646,1288860325,0,NULL,NULL
7515,4850,1288860325,0,NULL,NULL
7515,542,1288860325,0,NULL,NULL
7515,16794,1289029425,0,NULL,NULL
7515,17961,1289029425,1,NULL,NULL
7515,32009,1289029425,1,NULL,NULL
7516,25987,1288965709,0,0.0,NULL
7520,36403,1288857136,0,NULL,NULL
7520,4654,1288857136,-1,NULL,NULL
7520,20270,1288857136,0,NULL,NULL
7520,4654,1288923088,1,NULL,NULL
7520,4876,1288924009,-1,NULL,NULL
7520,4335,1288924009,1,0.0,0.0
7520,8125,1288924009,1,NULL,NULL
7520,8864,1288924009,0,NULL,NULL
7520,7758,1288924009,-1,NULL,NULL
7520,10247,1288924009,-1,NULL,NULL
7520,25746,1288924009,0,NULL,NULL
7520,17793,1288924009,0,NULL,NULL
7520,16300,1288924009,0,NULL,NULL
7520,34982,1288924009,0,NULL,NULL
7520,35379,1288924009,0,NULL,NULL
7520,36365,1288924009,1,NULL,NULL
7520,31323,1288924009,0,NULL,NULL
7520,14541,1288924009,0,NULL,NULL
7520,35022,1288924009,0,NULL,NULL
7520,36394,1288934294,0,NULL,NULL
7522,34599,1288862412,0,NULL,NULL
7523,24380,1288774791,1,NULL,NULL
7523,24389,1288774791,0,NULL,NULL
7523,24375,1288774791,1,NULL,NULL
7524,36418,1288590966,0,NULL,NULL
7524,36418,1288751379,0,NULL,NULL
7525,25886,1288345643,0,NULL,NULL
7525,36309,1288345643,1,NULL,NULL
7525,25649,1288345643,0,0.0,0.0
7525,25660,1288345643,0,NULL,NULL
7526,36073,1288267983,1,0.0,0.0
7526,25751,1288267983,0,NULL,NULL
7526,4860,1288267983,1,0.0,0.0
7528,25961,1287064795,1,NULL,NULL
7528,26295,1287157981,0,NULL,NULL
7528,26145,1287157981,0,NULL,NULL
7528,26297,1287157981,0,NULL,NULL
7528,26296,1287157981,0,NULL,NULL
7528,28342,1288035043,0,NULL,NULL
7528,28341,1288035043,0,NULL,NULL
7528,26297,1288035043,0,NULL,NULL
7528,25961,1288035043,0,NULL,NULL
7528,26296,1288035043,0,NULL,NULL
7528,26295,1288035043,-1,NULL,NULL
7528,26145,1288035043,1,NULL,NULL
7528,26295,1288098114,1,NULL,NULL
7528,26296,1288098114,-1,NULL,NULL
7528,26297,1288098114,-1,NULL,NULL
7528,28341,1288098114,0,NULL,NULL
7528,28342,1288098114,0,NULL,NULL
7528,28342,1288190325,0,NULL,NULL
7528,28341,1288190325,0,NULL,NULL
7528,25961,1288190325,0,NULL,NULL
7528,26145,1288190325,0,NULL,NULL
7529,26443,1288179441,0,NULL,NULL
7529,25672,1288179441,1,NULL,NULL
7529,31591,1288179441,0,NULL,NULL
7530,28803,1288103512,1,NULL,NULL
7530,30665,1288103512,0,NULL,NULL
7531,30672,1288081021,0,NULL,NULL
7532,29532,1288075285,0,NULL,NULL
7533,30672,1288074845,0,NULL,NULL
7533,27299,1288074845,0,NULL,NULL
7533,27168,1288074845,0,NULL,NULL
7533,27098,1288074845,0,NULL,NULL
7533,20203,1288074845,0,NULL,NULL
7533,10067,1288074845,0,NULL,NULL
7533,17713,1288074845,1,NULL,NULL
7533,1624,1288074845,0,-1.0,-1.0
7534,16090,1288074356,0,NULL,NULL
7534,21175,1288074356,0,NULL,NULL
7534,16091,1288074356,0,NULL,NULL
7534,16080,1288074356,0,NULL,NULL
7534,21197,1288074356,0,NULL,NULL
7534,17639,1288074356,0,NULL,NULL
7534,21238,1288074356,0,NULL,NULL
7534,21223,1288074356,0,NULL,NULL
7534,21202,1288074356,0,NULL,NULL
7534,21179,1288074356,0,NULL,NULL
7534,21191,1288074356,0,NULL,NULL
7534,21207,1288074356,0,NULL,NULL
7534,18000,1288074356,0,NULL,NULL
7534,21190,1288074356,0,NULL,NULL
7534,16104,1288074356,0,NULL,NULL
7534,17983,1288074356,0,NULL,NULL
7534,21205,1288074356,0,NULL,NULL
7534,21232,1288074356,0,NULL,NULL
7534,21203,1288074356,0,NULL,NULL
7534,11410,1288074356,0,NULL,NULL
7534,18004,1288074356,0,NULL,NULL
7534,36478,1288074356,0,NULL,NULL
7534,21192,1288074356,0,NULL,NULL
7534,21221,1288074356,0,NULL,NULL
7534,17994,1288074356,0,NULL,NULL
7534,16084,1288074356,1,NULL,NULL
7534,21239,1288074356,0,NULL,NULL
7534,16087,1288074356,0,NULL,NULL
7534,11412,1288074356,0,NULL,NULL
7534,17976,1288074356,0,NULL,NULL
7534,18011,1288074356,0,NULL,NULL
7534,21178,1288074356,0,NULL,NULL
7534,17993,1288074356,0,NULL,NULL
7534,16083,1288074356,0,NULL,NULL
7534,21240,1288074356,0,NULL,NULL
7534,17999,1288074356,0,NULL,NULL
7534,21241,1288074356,0,NULL,NULL
7534,21215,1288074356,0,NULL,NULL
7534,11416,1288074356,0,NULL,NULL
7534,21220,1288074356,0,NULL,NULL
7536,31346,1287683460,0,NULL,NULL
7537,8478,1287653738,1,NULL,NULL
7537,8479,1287653738,0,NULL,NULL
7537,20566,1287653738,1,NULL,NULL
7539,27012,1287494578,-1,NULL,NULL
7539,29621,1287494578,0,NULL,NULL
7540,25757,1287486346,0,NULL,NULL
7541,26197,1287471778,0,NULL,NULL
7541,25652,1287471778,0,NULL,NULL
7541,26222,1287471778,1,NULL,NULL
7541,16499,1287471778,0,NULL,NULL
7541,25653,1287471778,1,NULL,NULL
7541,26196,1287471778,0,NULL,NULL
7541,540,1287471778,0,NULL,NULL
7541,16504,1287471778,0,0.0,0.0
7543,29659,1287086900,-1,0.0,0.0
7544,21864,1287085092,0,NULL,NULL
7544,4808,1287085092,1,NULL,NULL
7545,26025,1286867653,0,NULL,NULL
7545,30109,1286956389,0,NULL,NULL
7545,30109,1286974502,1,NULL,NULL
7545,28255,1286974502,0,NULL,NULL
7547,1216,1286941245,0,NULL,NULL
7547,1213,1286941245,0,NULL,NULL
7548,25936,1286906646,0,NULL,NULL
7548,26004,1286906646,-1,NULL,NULL
7548,25987,1286906646,0,0.0,NULL
7548,30081,1286906646,0,NULL,NULL
7548,25963,1286906646,0,NULL,NULL
7548,25938,1286906646,0,NULL,NULL
7548,26026,1286906646,0,NULL,NULL
7548,26013,1286906646,1,NULL,NULL
7548,26024,1286906646,0,NULL,NULL
7548,26007,1286906646,0,NULL,NULL
7548,26222,1286906646,0,NULL,NULL
7548,25972,1286906646,1,NULL,NULL
7548,25960,1286906646,0,0.0,0.0
7548,25953,1286906646,1,NULL,NULL
7548,25974,1286906646,1,NULL,NULL
7548,26038,1286906646,0,NULL,NULL
7548,26025,1286906646,0,NULL,NULL
7549,15738,1286862857,0,NULL,NULL
7549,10533,1286862857,0,NULL,NULL
7549,10532,1286862857,0,NULL,NULL
7549,8108,1286862857,0,NULL,NULL
7549,8102,1286862857,0,NULL,NULL
7549,8106,1286862857,0,NULL,NULL
7549,8109,1286862857,0,NULL,NULL
7549,15737,1286862857,0,NULL,NULL
7550,30142,1286812659,1,NULL,NULL
7550,26784,1286812659,0,NULL,NULL
7550,30142,1286857368,1,NULL,NULL
7551,25987,1286795639,0,0.0,NULL
7551,28322,1286795670,0,NULL,NULL
7551,28320,1286795670,0,NULL,NULL
7552,17793,1286724627,1,NULL,NULL
7554,15806,1286537870,0,NULL,NULL
7554,15853,1286537870,1,NULL,NULL
7554,12085,1286537870,1,0.0,0.0
7555,12085,1286513244,0,NULL,NULL
7555,8311,1286513244,0,NULL,NULL
7555,8317,1286513244,1,NULL,NULL
7555,8337,1286513244,0,NULL,NULL
7555,8336,1286513244,0,NULL,NULL
7556,8328,1286512001,1,NULL,NULL
7556,4655,1286512001,0,NULL,NULL
7556,4654,1286512001,0,NULL,NULL
7557,4803,1286464593,0,NULL,NULL
7558,4654,1286431538,0,NULL,NULL
7559,27279,1286431280,1,NULL,NULL
7559,25751,1286431280,0,NULL,NULL
7561,17764,1286337202,0,NULL,NULL
7561,12198,1286337202,1,NULL,NULL
7562,10079,1286263685,0,NULL,NULL
7563,4656,1286104048,1,NULL,NULL
7564,1550,1286037617,1,NULL,NULL
7564,416,1286037617,1,NULL,NULL
7564,7601,1286037617,-1,NULL,NULL
7565,25648,1286032569,0,NULL,NULL
7565,26437,1286032569,1,NULL,NULL
7565,30694,1286032569,1,NULL,NULL
7565,26191,1286032569,1,NULL,NULL
7568,10365,1285922093,1,NULL,NULL
7569,25666,1285913592,0,NULL,NULL
7569,25738,1285913592,0,NULL,NULL
7569,25681,1285913592,0,NULL,NULL
7569,26462,1285913592,0,NULL,NULL
7570,36589,1241693259,0,NULL,NULL
7570,36584,1241693259,0,NULL,NULL
7570,36586,1241693259,0,NULL,NULL
7570,36583,1241693259,0,NULL,NULL
7570,36588,1241693259,0,NULL,NULL
7570,36587,1241693259,0,NULL,NULL
7570,36586,1241775179,-1,NULL,NULL
7570,36591,1241787143,0,NULL,NULL
7570,36590,1241787143,0,NULL,NULL
7570,36590,1241788336,0,NULL,NULL
7570,36591,1241788336,-1,NULL,NULL
7570,36586,1241792498,0,NULL,NULL
7570,36586,1241792832,0,NULL,NULL
7570,36586,1243349605,1,NULL,NULL
7570,36590,1243349605,0,NULL,NULL
7570,21869,1285709636,0,NULL,NULL
7570,21860,1285709636,0,NULL,NULL
7570,21874,1285709636,0,NULL,NULL
7570,21871,1285709636,0,NULL,NULL
7570,21860,1285766130,0,NULL,NULL
7570,12117,1285766130,0,NULL,NULL
7570,21863,1285766130,0,NULL,NULL
7570,21862,1285840132,0,NULL,NULL
7570,4806,1285840132,0,NULL,NULL
7570,4807,1285840132,0,NULL,NULL
7570,4808,1285840132,0,NULL,NULL
7571,31869,1285707753,1,NULL,NULL
7571,31831,1285707753,0,NULL,NULL
7571,31833,1285707753,0,NULL,NULL
7571,31827,1285707753,0,NULL,NULL
7571,31875,1285707753,1,NULL,NULL
7572,1548,1285675268,1,0.0,0.0
7572,7452,1285675268,0,NULL,NULL
7572,7500,1285675268,0,NULL,NULL
7573,4654,1285668837,0,NULL,NULL
7574,25925,1285511447,1,NULL,NULL
7574,26256,1285511447,0,NULL,NULL
7574,26256,1285656222,0,NULL,NULL
7574,26256,1285656337,0,NULL,NULL
7577,8299,1285591075,1,NULL,NULL
7577,10507,1285591075,1,NULL,NULL
7577,4656,1285591075,-1,NULL,NULL
7579,30117,1285481162,0,NULL,NULL
7580,26109,1285383113,0,NULL,NULL
7580,4321,1285383113,0,NULL,NULL
7580,9814,1285407954,1,NULL,NULL
7580,4322,1285407954,1,0.0,0.0
7580,4321,1285407954,0,NULL,NULL
7580,26109,1285407954,0,NULL,NULL
7580,9814,1285408297,-1,NULL,NULL
7581,26109,1285321028,1,NULL,NULL
7581,4321,1285321028,1,NULL,NULL
7582,25751,1285265997,0,NULL,NULL
7582,36067,1285265997,0,NULL,NULL
7584,8458,1285148376,0,NULL,NULL
7584,25751,1285148376,0,NULL,NULL
7584,24376,1285148376,1,NULL,NULL
7584,20496,1285148376,0,NULL,NULL
7584,15901,1285148376,0,NULL,NULL
7584,20500,1285148376,0,NULL,NULL
7585,30677,1285136489,1,NULL,NULL
7585,29640,1285139207,0,NULL,NULL
7585,30677,1285139207,-1,NULL,NULL
7585,28823,1285139207,0,NULL,NULL
7585,20661,1285139258,0,NULL,NULL
7585,416,1285139258,0,NULL,NULL
7585,1550,1285139258,0,NULL,NULL
7585,20661,1285139494,0,NULL,NULL
7585,29640,1285139494,0,NULL,NULL
7586,4709,1274364875,0,NULL,NULL
7586,17411,1274409143,0,NULL,NULL
7586,4709,1274409143,0,NULL,NULL
7586,35325,1285080423,1,NULL,NULL
7586,35521,1285080423,0,NULL,NULL
7587,30660,1285078629,1,NULL,NULL
7587,26004,1285078629,-1,NULL,NULL
7587,30800,1285078629,0,NULL,NULL
7587,24398,1285078629,-1,NULL,NULL
7587,25751,1285078629,0,NULL,NULL
7587,4748,1285078629,0,NULL,NULL
7587,10252,1285078629,0,NULL,NULL
7588,9395,1285060345,0,NULL,NULL
7588,30800,1285060345,-1,NULL,NULL
7588,30132,1285060345,0,NULL,NULL
7588,30092,1285060345,1,NULL,NULL
7588,27337,1285060345,0,NULL,NULL
7588,25751,1285060345,0,NULL,NULL
7588,27279,1285060345,0,NULL,NULL
7588,35522,1285060345,0,NULL,NULL
7588,35521,1285060345,0,NULL,NULL
7588,36067,1285060345,0,NULL,NULL
7589,25776,1285060151,1,NULL,NULL
7589,10252,1285060255,0,NULL,NULL
7590,30147,1285050113,0,NULL,NULL
7590,27279,1285050113,0,NULL,NULL
7590,30132,1285050113,0,NULL,NULL
7590,30092,1285050113,0,NULL,NULL
7590,4744,1285050113,1,NULL,NULL
7590,9395,1285050113,-1,NULL,NULL
7590,25751,1285050113,0,NULL,NULL
7591,1550,1284967248,0,NULL,NULL
7592,15697,1284928790,0,NULL,NULL
7594,445,1284906401,1,NULL,NULL
7594,29638,1284906401,-1,NULL,NULL
7596,416,1284880202,0,NULL,NULL
7596,1550,1284880202,0,NULL,NULL
7597,19543,1284722667,0,0.0,0.0
7597,15676,1284722667,1,NULL,NULL
7599,4860,1284658336,0,NULL,NULL
7599,36073,1284658336,0,NULL,NULL
7600,36358,1284658097,0,NULL,NULL
7600,30103,1284658097,1,NULL,NULL
7601,36370,1284646379,1,NULL,NULL
7601,30809,1284646379,1,NULL,NULL
7602,27083,1284617386,0,NULL,NULL
7602,27071,1284617386,0,NULL,NULL
7602,30057,1284617386,-1,NULL,NULL
7602,29719,1284617386,1,NULL,NULL
7602,29719,1284620589,1,NULL,NULL
7604,28219,1284478432,0,NULL,NULL
7604,26242,1284537630,-1,NULL,NULL
7606,29659,1284111149,0,NULL,NULL
7606,29644,1284111149,0,NULL,NULL
7606,26710,1284111149,1,NULL,NULL
7606,29649,1284111149,0,NULL,NULL
7606,29649,1284112528,0,NULL,NULL
7606,26710,1284112528,1,NULL,NULL
7606,30070,1284112528,1,NULL,NULL
7606,26094,1284472739,0,NULL,NULL
7606,26078,1284472739,0,NULL,NULL
7608,31206,1284428460,0,NULL,NULL
7608,31208,1284428460,0,NULL,NULL
7608,31212,1284428460,1,NULL,NULL
7609,16498,1284352179,1,NULL,NULL
7610,29649,1284175318,0,NULL,NULL
7610,27772,1284175318,1,NULL,NULL
7610,25934,1284175318,0,NULL,NULL
7610,30070,1284175318,0,NULL,NULL
7611,31212,1284083020,1,NULL,NULL
7611,36437,1284083020,1,NULL,NULL
7611,36403,1284083020,0,NULL,NULL
7611,20344,1284083020,0,NULL,NULL
7611,20270,1284083020,0,NULL,NULL
7611,36403,1284083525,0,NULL,NULL
7611,20270,1284083525,0,NULL,NULL
7612,30130,1283605545,0,NULL,NULL
7612,29621,1283607453,1,NULL,NULL
7612,24406,1283612805,0,NULL,NULL
7612,24398,1283612805,1,NULL,NULL
7612,8711,1283612805,0,NULL,NULL
7612,8710,1283612805,0,NULL,NULL
7612,8710,1283678563,0,NULL,NULL
7612,16057,1283845378,0,NULL,NULL
7613,9348,1283800169,0,NULL,NULL
7614,25660,1283769151,1,NULL,NULL
7614,36309,1283769151,1,0.0,0.0
7614,25886,1283769151,1,0.0,0.0
7616,29625,1283522226,0,NULL,NULL
7616,29625,1283522999,0,NULL,NULL
7616,29625,1283524351,0,NULL,NULL
7617,2010,1283521025,0,NULL,NULL
7617,446,1283521025,0,NULL,NULL
7618,30106,1283490667,1,NULL,NULL
7620,27628,1283346878,0,NULL,NULL
7620,25886,1283346878,0,0.0,0.0
7621,20281,1283319818,0,NULL,NULL
7621,15804,1283319818,1,NULL,NULL
7621,4655,1283319818,0,NULL,NULL
7622,4654,1283319579,0,NULL,NULL
7624,4830,1283287539,0,NULL,NULL
7624,12404,1283287539,0,NULL,NULL
7624,12407,1283287539,0,NULL,NULL
7624,22327,1283287539,1,NULL,NULL
7624,22327,1283289848,1,NULL,NULL
7624,4830,1283289848,1,NULL,NULL
7624,9352,1283289848,1,NULL,NULL
7624,9348,1283289848,1,NULL,NULL
7625,4803,1283221917,0,NULL,NULL
7625,197,1283221917,0,NULL,NULL
7625,31845,1283221917,1,NULL,NULL
7625,31845,1283223234,1,NULL,NULL
7625,28179,1283262288,1,NULL,NULL
7625,31845,1283262288,-1,NULL,NULL
7625,30719,1283262288,0,NULL,NULL
7625,31096,1283262288,1,NULL,NULL
7627,35392,1283175287,-1,NULL,NULL
7627,35390,1283175287,-1,NULL,NULL
7628,25987,1283155863,0,0.0,NULL
7628,35366,1283155863,0,NULL,NULL
7628,26231,1283155863,-1,NULL,NULL
7628,25713,1283155863,1,NULL,NULL
7628,28763,1283155863,0,NULL,NULL
7628,26007,1283155863,0,NULL,NULL
7628,36620,1283165235,0,NULL,NULL
7630,10365,1280843618,0,0.0,0.0
7630,10379,1282814548,1,NULL,NULL
7631,31647,1282809727,0,NULL,NULL
7631,31620,1282809727,0,NULL,NULL
7631,31638,1282809727,0,NULL,NULL
7631,5592,1282809727,-1,NULL,NULL
7631,267,1282809727,0,NULL,NULL
7631,9096,1282809727,0,NULL,NULL
7632,35525,1282806585,0,NULL,NULL
7632,21175,1282806585,0,NULL,NULL
7633,25695,1282806123,-1,NULL,NULL
7634,197,1282751111,1,NULL,NULL
7634,4803,1282751111,1,NULL,NULL
7634,31821,1282751111,-1,NULL,NULL
7635,4856,1282750273,0,NULL,NULL
7635,4855,1282750273,1,NULL,NULL
7636,25987,1282742349,0,0.0,NULL
7637,31147,1282738124,1,NULL,NULL
7637,31169,1282738124,1,NULL,NULL
7638,31157,1282737085,0,NULL,NULL
7638,31163,1282737085,0,NULL,NULL
7643,30677,1249888101,0,NULL,NULL
7643,29644,1249890338,0,NULL,NULL
7643,29654,1249890338,1,NULL,NULL
7643,26218,1249890338,1,NULL,NULL
7643,29673,1282553857,0,NULL,NULL
7643,26724,1282553857,0,NULL,NULL
7643,29678,1282553857,1,NULL,NULL
7643,29666,1282553857,-1,0.0,0.0
7643,29670,1282576500,1,NULL,NULL
7643,29636,1282576500,0,NULL,NULL
7643,26724,1282576500,-1,NULL,NULL
7643,26718,1282576500,0,NULL,NULL
7643,7538,1282576500,1,NULL,NULL
7643,4690,1282576500,0,NULL,NULL
7643,4687,1282576500,0,NULL,NULL
7643,26218,1282576500,-1,NULL,NULL
7643,26738,1282576500,0,NULL,NULL
7643,26739,1282576500,0,NULL,NULL
7643,29676,1282576500,1,NULL,NULL
7646,4654,1282276015,1,NULL,NULL
7647,16234,1282268579,-1,NULL,NULL
7648,35408,1282240497,1,NULL,NULL
7648,35390,1282240497,1,0.0,0.0
7649,29637,1282215776,0,NULL,NULL
7650,35525,1282209786,1,NULL,NULL
7650,34927,1282209786,1,NULL,NULL
7650,21230,1282209786,-1,NULL,NULL
7651,29653,1282189559,0,NULL,NULL
7652,15806,1282188974,1,NULL,NULL
7652,8369,1282188974,0,NULL,NULL
7653,31619,1282157338,-1,NULL,NULL
7653,31626,1282157338,-1,NULL,NULL
7653,4787,1282157338,1,NULL,NULL
7653,4788,1282157338,1,NULL,NULL
7653,267,1282157338,0,NULL,NULL
7654,4654,1281733067,1,NULL,NULL
7654,1805,1281733067,0,NULL,NULL
7654,4656,1281733067,0,NULL,NULL
7654,4655,1281733067,0,NULL,NULL
7654,8373,1281733067,0,NULL,NULL
7654,8299,1281733067,1,NULL,NULL
7654,8376,1281733067,0,NULL,NULL
7654,20354,1281733067,0,NULL,NULL
7654,8375,1282063746,0,NULL,NULL
7658,26211,1281690243,0,NULL,NULL
7659,16498,1281621048,1,NULL,NULL
7660,416,1281612824,0,NULL,NULL
7660,1550,1281612824,1,NULL,NULL
7660,1548,1281612824,0,0.0,0.0
7660,1550,1281613092,0,NULL,NULL
7661,34982,1281605129,0,NULL,NULL
7661,36680,1281605129,0,NULL,NULL
7662,30074,1281536818,0,NULL,NULL
7662,27206,1281536818,1,NULL,NULL
7663,30020,1281529655,0,NULL,NULL
7663,26222,1281529655,0,NULL,NULL
7664,8125,1281500923,1,NULL,NULL
7664,381,1281500923,0,NULL,NULL
7664,4335,1281500923,0,NULL,NULL
7665,30220,1281176279,1,NULL,NULL
7665,30222,1281176279,0,NULL,NULL
7665,30219,1281176279,0,NULL,NULL
7665,28257,1281176279,0,NULL,NULL
7665,16564,1281176279,0,NULL,NULL
7665,9410,1281176279,0,NULL,NULL
7665,25751,1281176279,0,NULL,NULL
7665,9404,1281176279,1,NULL,NULL
7665,9401,1281176279,0,NULL,NULL
7665,16563,1281176279,0,NULL,NULL
7665,16565,1281176279,0,NULL,NULL
7665,16498,1281176279,-1,NULL,NULL
7665,16655,1281176279,0,NULL,NULL
7665,22542,1281176279,0,NULL,NULL
7665,16498,1281496610,1,NULL,NULL
7665,4337,1281496610,0,NULL,NULL
7665,34926,1281497621,-1,NULL,NULL
7665,36680,1281497621,1,NULL,NULL
7666,26208,1281446640,0,NULL,NULL
7666,27891,1281446640,1,NULL,NULL
7668,35104,1281355438,0,NULL,NULL
7668,36683,1281355438,-1,NULL,NULL
7668,34927,1281355438,1,NULL,NULL
7670,30106,1281349455,0,NULL,NULL
7670,30670,1281349455,0,NULL,NULL
7671,35376,1281104350,1,NULL,NULL
7673,9778,1281078597,0,NULL,NULL
7673,36683,1281080110,1,NULL,NULL
7674,27969,1281021027,0,NULL,NULL
7674,26222,1281021027,1,NULL,NULL
7674,26216,1281021027,0,NULL,NULL
7674,30672,1281021027,0,NULL,NULL
7674,26214,1281021027,0,NULL,NULL
7674,26199,1281021027,1,NULL,NULL
7675,26596,1281012220,0,NULL,NULL
7675,25706,1281012220,1,NULL,NULL
7676,16301,1281011665,-1,NULL,NULL
7676,4750,1281011665,1,NULL,NULL
7677,381,1280987409,0,NULL,NULL
7678,26004,1280935897,1,NULL,NULL
7678,24398,1280935897,0,NULL,NULL
7678,25672,1280935897,1,NULL,NULL
7678,27253,1280935897,0,NULL,NULL
7678,25751,1280935897,0,NULL,NULL
7679,25751,1280923816,1,NULL,NULL
7679,26004,1280923816,0,NULL,NULL
7680,4654,1280843587,1,NULL,NULL
7681,446,1280828449,0,NULL,NULL
7683,446,1280755980,0,0.0,NULL
7683,445,1280755980,1,NULL,NULL
7684,4655,1280751006,0,NULL,NULL
7684,7294,1280751006,0,NULL,NULL
7684,4743,1280751006,0,NULL,NULL
7684,12376,1280751006,0,NULL,NULL
7684,28567,1280751006,0,NULL,NULL
7684,30106,1280751006,0,NULL,NULL
7684,30277,1280751006,0,0.0,0.0
7684,35526,1280751006,0,0.0,0.0
7684,30106,1280753561,0,NULL,NULL
7684,29616,1280753561,0,NULL,NULL
7685,30832,1280652898,0,0.0,0.0
7685,30869,1280652898,-1,NULL,NULL
7685,30277,1280652898,0,NULL,NULL
7685,27279,1280652898,0,NULL,NULL
7685,35661,1280652898,0,NULL,NULL
7685,25819,1280652898,0,NULL,NULL
7685,30142,1280652898,-1,0.0,0.0
7685,30144,1280652898,1,NULL,NULL
7685,30032,1280652898,-1,NULL,NULL
7685,26785,1280652898,1,NULL,NULL
7685,26401,1280652898,1,NULL,NULL
7685,27278,1280652898,0,NULL,NULL
7685,27277,1280652898,0,NULL,NULL
7685,25751,1280652898,1,NULL,NULL
7685,4742,1280652898,-1,NULL,NULL
7685,30322,1280654311,1,NULL,NULL
7685,30322,1280731750,-1,NULL,NULL
7685,30032,1280731750,0,NULL,NULL
7685,16138,1280731750,0,NULL,NULL
7685,25800,1280731750,0,NULL,NULL
7685,27405,1280731750,0,NULL,NULL
7685,26826,1280731750,0,NULL,NULL
7685,25751,1280731750,1,NULL,NULL
7685,30220,1280731750,1,0.0,0.0
7685,36439,1280731750,0,NULL,NULL
7685,30137,1280731750,0,NULL,NULL
7685,25819,1280731750,0,0.0,0.0
7685,30711,1280731750,0,NULL,NULL
7685,25819,1280736307,0,-1.0,-1.0
7685,30277,1280736307,0,NULL,NULL
7685,30341,1280736307,0,NULL,NULL
7685,30322,1280736307,1,NULL,NULL
7685,30332,1280736307,1,NULL,NULL
7685,25751,1280736307,1,NULL,NULL
7685,30309,1280736307,1,NULL,NULL
7685,25751,1280738945,0,NULL,NULL
7686,25751,1280406494,-1,NULL,NULL
7686,31212,1280406494,0,NULL,NULL
7686,30296,1280410154,0,NULL,NULL
7686,30671,1280410154,1,NULL,NULL
7686,25751,1280410154,1,NULL,NULL
7686,25782,1280410154,0,NULL,NULL
7686,30832,1280410154,0,NULL,NULL
7686,36321,1280410154,0,NULL,NULL
7686,25787,1280480065,1,NULL,NULL
7686,25751,1280480065,1,NULL,NULL
7686,30832,1280480065,0,0.0,0.0
7686,21361,1280572066,1,NULL,NULL
7688,99,1280483130,1,NULL,NULL
7689,31475,1280478129,-1,NULL,NULL
7689,21189,1280479719,0,NULL,NULL
7690,36553,1280458025,1,NULL,NULL
7690,17432,1280458025,0,NULL,NULL
7690,17411,1280458025,1,NULL,NULL
7690,17483,1280458025,0,NULL,NULL
7690,21189,1280458025,0,NULL,NULL
7690,4709,1280458025,1,NULL,NULL
7692,22498,1280397655,0,NULL,NULL
7692,16547,1280397655,1,NULL,NULL
7692,25782,1280397655,1,NULL,NULL
7692,16656,1280397655,0,NULL,NULL
7692,28578,1280397655,0,NULL,NULL
7693,27279,1280394623,0,NULL,NULL
7693,30277,1280394623,1,NULL,NULL
7693,30869,1280394623,1,NULL,NULL
7693,30711,1280394623,1,NULL,NULL
7693,25819,1280394623,0,NULL,NULL
7693,31212,1280394623,1,NULL,NULL
7693,28119,1280394623,1,NULL,NULL
7693,26676,1280394623,0,NULL,NULL
7693,26290,1280394623,0,NULL,NULL
7693,25751,1280394623,1,NULL,NULL
7693,197,1280394623,-1,0.0,0.0
7695,25990,1280299920,1,NULL,NULL
7695,25787,1280299920,0,NULL,NULL
7695,25713,1280299920,0,NULL,NULL
7695,26220,1280299920,0,NULL,NULL
7696,26741,1280296244,1,NULL,NULL
7696,29649,1280296244,0,NULL,NULL
7696,29637,1280296244,-1,NULL,NULL
7696,4356,1280296244,0,NULL,NULL
7696,29636,1280296244,1,NULL,NULL
7697,25787,1280281132,1,NULL,NULL
7698,26214,1280246893,0,NULL,NULL
7698,25791,1280246893,1,NULL,NULL
7698,24398,1280246893,0,NULL,NULL
7698,26221,1280246893,0,NULL,NULL
7698,26242,1280246893,0,NULL,NULL
7698,26271,1280246893,1,NULL,NULL
7699,17411,1280242270,0,NULL,NULL
7699,17764,1280242270,0,NULL,NULL
7699,474,1280242270,0,NULL,NULL
7699,4322,1280242270,0,0.0,0.0
7699,4709,1280242270,0,NULL,NULL
7699,4788,1280242270,0,NULL,NULL
7699,27213,1280242270,1,NULL,NULL
7699,26195,1280242270,0,0.0,0.0
7699,31553,1280242270,0,NULL,NULL
7699,31632,1280242270,0,NULL,NULL
7699,30070,1280242270,1,NULL,NULL
7700,36403,1280224426,1,NULL,NULL
7700,20359,1280224426,0,NULL,NULL
7700,18368,1280224426,0,NULL,NULL
7700,20292,1280224426,0,NULL,NULL
7700,8352,1280224426,1,NULL,NULL
7700,12331,1280224426,0,NULL,NULL
7700,4655,1280224426,1,NULL,NULL
7700,1805,1280224426,1,NULL,NULL
7700,20280,1280229807,1,NULL,NULL
7700,20292,1280229807,0,NULL,NULL
7700,20319,1280229807,0,NULL,NULL
7700,20325,1280229807,1,NULL,NULL
7700,4655,1280229807,0,NULL,NULL
7700,74,1280229807,1,NULL,NULL
7702,2141,1280151162,0,NULL,NULL
7702,12376,1280151162,0,NULL,NULL
7702,31619,1280151162,1,NULL,NULL
7702,31619,1280151314,0,NULL,NULL
7703,36417,1280130252,0,NULL,NULL
7703,25779,1280042833,0,NULL,NULL
7703,30144,1280042833,0,0.0,0.0
7703,20280,1280130252,0,NULL,NULL
7703,36437,1280130252,0,NULL,NULL
7703,12331,1280130252,0,NULL,NULL
7703,36418,1280130252,0,NULL,NULL
7703,31208,1280130252,0,NULL,NULL
7703,15811,1280130252,0,NULL,NULL
7703,20281,1280130252,0,NULL,NULL
7703,8299,1280130252,0,NULL,NULL
7703,20282,1280130252,0,NULL,NULL
7703,8313,1280130252,0,NULL,NULL
7703,26402,1280042833,0,NULL,NULL
7703,20284,1280130252,0,NULL,NULL
7703,25751,1280211749,0,NULL,NULL
7703,36691,1280130252,0,NULL,NULL
7703,31212,1280211749,1,NULL,NULL
7703,15806,1280130252,0,NULL,NULL
7703,15808,1280130252,0,NULL,NULL
7703,74,1280130252,0,NULL,NULL
7703,5438,1280130252,0,NULL,NULL
7703,30106,1280124068,1,NULL,NULL
7703,36442,1280130252,0,NULL,NULL
7703,27124,1280042833,0,NULL,NULL
7703,36439,1280130252,-1,NULL,NULL
7703,29537,1280124068,1,NULL,NULL
7703,30170,1280124068,1,NULL,NULL
7703,8300,1280130252,0,NULL,NULL
7703,36404,1280130252,0,NULL,NULL
7703,15804,1280130252,1,NULL,NULL
7703,20273,1280130252,0,NULL,NULL
7703,25751,1280124068,1,NULL,NULL
7703,4656,1280124068,0,NULL,NULL
7703,4654,1280130252,0,NULL,NULL
7703,36403,1280130252,0,NULL,NULL
7703,8298,1280130252,0,NULL,NULL
7703,36438,1280130252,-1,NULL,NULL
7703,36410,1280130252,0,NULL,NULL
7703,31207,1280130252,0,NULL,NULL
7704,15802,1280150740,0,NULL,NULL
7704,10507,1280150740,1,NULL,NULL
7704,8318,1280150740,1,NULL,NULL
7704,20305,1280150740,0,NULL,NULL
7705,446,1280059519,-1,NULL,NULL
7705,2010,1280059519,-1,NULL,NULL
7705,4744,1280059519,-1,NULL,NULL
7705,4743,1280059519,-1,NULL,NULL
7705,7294,1280059519,-1,NULL,NULL
7705,8820,1280059519,-1,NULL,NULL
7705,16140,1280059519,0,NULL,NULL
7706,4688,1280051112,1,NULL,NULL
7706,4689,1280051112,-1,NULL,NULL
7706,1548,1280051112,0,NULL,NULL
7707,25751,1279891677,1,NULL,NULL
7707,36319,1279891677,0,NULL,NULL
7707,27279,1279891677,1,NULL,NULL
7707,36315,1279891677,1,NULL,NULL
7708,4687,1279359953,0,NULL,NULL
7708,7538,1279359953,0,NULL,NULL
7708,7476,1279359953,0,NULL,NULL
7708,1550,1279359953,0,NULL,NULL
7708,416,1279359953,0,NULL,NULL
7708,1550,1279807694,0,NULL,NULL
7708,1550,1279888681,1,NULL,NULL
7709,4750,1279865217,0,NULL,NULL
7709,8863,1279865217,0,NULL,NULL
7710,35517,1279826664,-1,NULL,NULL
7710,35525,1279826664,0,NULL,NULL
7711,29644,1279810708,-1,NULL,NULL
7711,4356,1279810815,0,NULL,NULL
7711,4688,1279810815,1,NULL,NULL
7713,35323,1279787912,0,NULL,NULL
7713,35325,1279787912,0,NULL,NULL
7714,4709,1279785771,0,NULL,NULL
7714,17407,1279785771,0,NULL,NULL
7714,16085,1279785771,0,NULL,NULL
7714,17411,1279785771,0,NULL,NULL
7714,31373,1279785771,0,NULL,NULL
7714,16093,1279785771,1,NULL,NULL
7715,16786,1275984047,1,NULL,NULL
7715,16789,1275984047,0,NULL,NULL
7715,9637,1279764249,1,NULL,NULL
7715,16786,1279764249,1,NULL,NULL
7716,20663,1279617600,0,NULL,NULL
7716,30111,1279617600,1,NULL,NULL
7716,20663,1279617769,0,NULL,NULL
7717,25687,1279611358,1,NULL,NULL
7717,25686,1279611358,0,NULL,NULL
7719,26256,1279546550,0,NULL,NULL
7720,16065,1279539764,1,NULL,NULL
7721,27811,1279534716,1,NULL,NULL
7721,25652,1279534716,0,NULL,NULL
7721,16143,1279534716,0,NULL,NULL
7721,8809,1279534716,0,NULL,NULL
7721,8831,1279534716,-1,NULL,NULL
7722,4744,1279530707,0,NULL,NULL
7723,36603,1278687595,0,NULL,NULL
7723,32952,1278687595,0,NULL,NULL
7723,36603,1278743915,0,NULL,NULL
7723,32952,1278743915,0,NULL,NULL
7723,32952,1279514758,0,NULL,NULL
7723,36603,1279514758,0,NULL,NULL
7723,34788,1279525689,1,NULL,NULL
7725,28803,1279368920,0,NULL,NULL
7725,30665,1279368920,0,NULL,NULL
7728,31396,1279205470,1,NULL,NULL
7728,35525,1279205470,-1,NULL,NULL
7728,31382,1279205470,0,NULL,NULL
7728,1961,1279205470,1,NULL,NULL
7729,11416,1279160370,1,NULL,NULL
7729,35667,1279160370,0,NULL,NULL
7729,35323,1279161918,-1,NULL,NULL
7732,16498,1279073043,0,NULL,NULL
7732,16498,1279101635,0,NULL,NULL
7734,7758,1279082115,1,NULL,NULL
7734,4876,1279082115,0,NULL,NULL
7734,4875,1279082115,0,NULL,NULL
7734,23396,1279082115,-1,NULL,NULL
7734,14541,1279082115,0,NULL,NULL
7735,17841,1279071580,0,NULL,NULL
7736,4857,1278866148,1,NULL,NULL
7736,4855,1278866148,0,NULL,NULL
7736,4855,1278876805,0,NULL,NULL
7736,21845,1278876805,0,NULL,NULL
7737,36535,1278668826,0,NULL,NULL
7737,34599,1278850849,0,NULL,NULL
7737,34927,1278850849,0,NULL,NULL
7738,27724,1278795352,0,NULL,NULL
7738,30139,1278795352,1,NULL,NULL
7738,21178,1278795352,-1,NULL,NULL
7738,27299,1278795352,1,NULL,NULL
7738,25779,1278795352,-1,NULL,NULL
7738,30110,1278795352,0,NULL,NULL
7738,27301,1278795352,1,NULL,NULL
7738,27511,1278795352,0,NULL,NULL
7738,27286,1278795352,1,NULL,NULL
7741,29619,1278691152,0,NULL,NULL
7743,25926,1278660258,1,NULL,NULL
7743,35369,1278660258,0,NULL,NULL
7743,26126,1278660258,1,NULL,NULL
7743,25876,1278660258,0,NULL,NULL
7743,26567,1278665671,1,NULL,NULL
7743,26126,1278665671,-1,NULL,NULL
7743,26500,1278665671,1,NULL,NULL
7743,26584,1278665671,0,NULL,NULL
7743,25700,1278665671,1,NULL,NULL
7743,25926,1278665671,-1,NULL,NULL
7743,35369,1278665671,0,NULL,NULL
7744,24398,1278516756,1,NULL,NULL
7744,25751,1278516756,0,NULL,NULL
7744,30261,1278575015,0,NULL,NULL
7744,26279,1278575015,0,NULL,NULL
7744,28677,1278575015,0,NULL,NULL
7744,36702,1278575015,0,NULL,NULL
7744,25745,1278575015,0,NULL,NULL
7744,25751,1278575015,1,NULL,NULL
7744,25759,1278575015,0,NULL,NULL
7744,30257,1278575015,1,NULL,NULL
7744,30255,1278575015,0,NULL,NULL
7744,30254,1278575015,0,NULL,NULL
7744,25745,1278577761,0,NULL,NULL
7744,26412,1278577761,0,NULL,NULL
7744,26279,1278577761,0,NULL,NULL
7744,28673,1278577761,0,NULL,NULL
7744,25759,1278577761,0,NULL,NULL
7744,25759,1278591782,1,NULL,NULL
7744,25759,1278596769,1,NULL,NULL
7744,25759,1278655972,1,NULL,NULL
7746,10306,1278406828,0,NULL,NULL
7746,445,1278406828,0,NULL,NULL
7746,445,1278611554,0,NULL,NULL
7746,445,1278611588,0,NULL,NULL
7748,25984,1278470930,-1,NULL,NULL
7748,26031,1278484573,1,NULL,NULL
7748,25984,1278484573,1,NULL,NULL
7748,27827,1278484573,0,NULL,NULL
7748,36705,1278524810,1,NULL,NULL
7748,16786,1278524810,0,NULL,NULL
7748,1404,1278524810,-1,NULL,NULL
7748,27827,1278524810,0,NULL,NULL
7748,28024,1278524810,0,NULL,NULL
7748,28025,1278524810,0,NULL,NULL
7748,28505,1278524810,0,NULL,NULL
7748,25984,1278524810,0,NULL,NULL
7748,26031,1278524810,0,NULL,NULL
7750,25751,1278483858,0,NULL,NULL
7750,25987,1278483858,1,0.0,0.0
7750,24398,1278483858,1,NULL,NULL
7750,25961,1278483858,0,NULL,NULL
7751,415,1278429360,1,NULL,NULL
7751,1550,1278429360,0,NULL,NULL
7751,1548,1278429360,0,NULL,NULL
7751,4453,1278429360,1,NULL,NULL
7751,416,1278429360,1,NULL,NULL
7751,4356,1278429360,0,NULL,NULL
7755,31672,1278395387,0,NULL,NULL
7755,31632,1278395387,-1,NULL,NULL
7755,267,1278395387,1,NULL,NULL
7755,4788,1278395387,1,NULL,NULL
7755,7311,1278395387,1,NULL,NULL
7755,31662,1278395387,0,NULL,NULL
7755,31660,1278395387,0,NULL,NULL
7755,267,1278395678,0,NULL,NULL
7756,31553,1278343041,0,NULL,NULL
7756,31626,1278343041,-1,NULL,NULL
7756,31619,1278343041,-1,NULL,NULL
7756,31647,1278343041,1,NULL,NULL
7756,31600,1278343041,1,NULL,NULL
7756,31632,1278343041,1,NULL,NULL
7756,31549,1278343041,0,NULL,NULL
7756,36675,1278343041,0,NULL,NULL
7756,7311,1278343041,0,NULL,NULL
7756,2143,1278343041,1,NULL,NULL
7756,267,1278343041,-1,NULL,NULL
7756,4297,1278343041,0,NULL,NULL
7756,4788,1278343041,-1,NULL,NULL
7756,4787,1278343041,0,NULL,NULL
7756,5592,1278343041,1,NULL,NULL
7756,267,1278344221,0,NULL,NULL
7757,26214,1278323545,1,NULL,NULL
7757,26220,1278323545,0,NULL,NULL
7758,25681,1278299916,0,0.0,0.0
7758,25650,1278307172,0,0.0,0.0
7758,25681,1278307172,0,NULL,NULL
7758,27760,1278307172,0,NULL,NULL
7759,16500,1278149784,0,NULL,NULL
7759,22533,1278149784,1,NULL,NULL
7760,4395,1278055413,1,NULL,NULL
7760,26222,1278055413,1,NULL,NULL
7760,25653,1278055413,1,NULL,NULL
7760,25991,1278055413,1,NULL,NULL
7760,25974,1278055413,1,NULL,NULL
7760,26223,1278055413,0,NULL,NULL
7760,25991,1278089114,0,NULL,NULL
7760,25653,1278089114,1,NULL,NULL
7760,26223,1278089114,1,NULL,NULL
7760,28519,1278089114,0,NULL,NULL
7760,28521,1278089114,0,NULL,NULL
7760,28078,1278089114,0,NULL,NULL
7760,26222,1278089114,1,NULL,NULL
7760,25974,1278089114,1,NULL,NULL
7760,28076,1278089114,0,NULL,NULL
7760,28072,1278089114,0,NULL,NULL
7760,28520,1278089114,0,NULL,NULL
7760,18524,1278089114,1,NULL,NULL
7761,25936,1278076499,1,NULL,NULL
7761,30109,1278076499,1,NULL,NULL
7761,36370,1278076499,1,NULL,NULL
7761,26026,1278076499,1,NULL,NULL
7761,26199,1278076499,1,NULL,NULL
7761,26200,1278076499,-1,NULL,NULL
7761,30407,1278076499,-1,NULL,NULL
7761,30694,1278076499,0,NULL,NULL
7761,28262,1278076499,0,NULL,NULL
7761,26246,1278076499,-1,NULL,NULL
7761,26245,1278076499,0,NULL,NULL
7763,34927,1278054002,0,NULL,NULL
7763,24375,1278054002,1,NULL,NULL
7764,25776,1278053836,1,NULL,NULL
7765,25947,1278005201,0,NULL,NULL
7765,35364,1278005201,1,NULL,NULL
7766,35392,1277998068,0,NULL,NULL
7767,27562,1277988469,0,NULL,NULL
7767,25974,1277988469,0,0.0,0.0
7767,26222,1277988469,0,NULL,NULL
7767,27563,1277988469,0,NULL,NULL
7767,8125,1277988469,0,NULL,NULL
7767,27560,1277988469,0,NULL,NULL
7767,27561,1277988469,0,NULL,NULL
7767,28728,1277988469,0,NULL,NULL
7767,26223,1277988469,0,NULL,NULL
7767,28727,1277988469,0,NULL,NULL
7768,35072,1277977368,-1,NULL,NULL
7768,35100,1277977368,-1,NULL,NULL
7768,34982,1277977368,-1,NULL,NULL
7768,35061,1277977368,-1,NULL,NULL
7768,34958,1277977368,0,NULL,NULL
7768,36683,1277977368,-1,NULL,NULL
7768,34927,1277977368,1,NULL,NULL
7768,35060,1277977368,-1,NULL,NULL
7768,34788,1277977368,-1,NULL,NULL
7768,36707,1277977368,0,NULL,NULL
7768,36706,1277977368,-1,NULL,NULL
7768,34599,1277978633,1,NULL,NULL
7768,36706,1277978633,0,NULL,NULL
7769,26202,1277976995,1,NULL,NULL
7770,25960,1277975699,0,NULL,NULL
7770,25958,1277975699,0,NULL,NULL
7770,25996,1277975699,0,NULL,NULL
7770,26034,1277975699,0,NULL,NULL
7770,26031,1277975699,0,NULL,NULL
7770,25993,1277975699,0,NULL,NULL
7770,26017,1277975699,0,NULL,NULL
7770,25974,1277975699,0,NULL,NULL
7770,25995,1277975699,0,NULL,NULL
7770,25969,1277975699,0,NULL,NULL
7770,26025,1277975699,0,NULL,NULL
7770,25984,1277975699,0,NULL,NULL
7770,25992,1277975699,0,NULL,NULL
7770,26026,1277975699,0,NULL,NULL
7770,26013,1277975699,0,NULL,NULL
7770,25965,1277975699,0,NULL,NULL
7770,31141,1277975699,0,NULL,NULL
7770,30366,1277975699,0,NULL,NULL
7770,25983,1277975699,0,NULL,NULL
7770,25926,1277975699,0,NULL,NULL
7770,25934,1277975699,0,NULL,NULL
7770,26004,1277975699,0,NULL,NULL
7770,25987,1277975699,0,0.0,0.0
7770,25986,1277975699,0,NULL,NULL
7771,26274,1277975265,0,0.0,0.0
7772,25926,1277970768,0,NULL,NULL
7773,540,1277888457,1,NULL,NULL
7773,540,1277900755,-1,NULL,NULL
7773,26220,1277921329,0,NULL,NULL
7773,26250,1277921329,0,NULL,NULL
7773,30390,1277921329,0,NULL,NULL
7773,30057,1277921329,0,NULL,NULL
7773,21372,1277921329,0,NULL,NULL
7773,30658,1277921329,1,NULL,NULL
7773,30034,1277921329,-1,NULL,NULL
7773,540,1277921329,-1,NULL,NULL
7773,26286,1277921329,0,NULL,NULL
7773,26290,1277921329,0,NULL,NULL
7773,26222,1277921329,0,NULL,NULL
7773,26216,1277921329,0,NULL,NULL
7773,26191,1277921329,0,NULL,NULL
7773,26236,1277921329,0,NULL,NULL
7773,25962,1277921329,0,NULL,NULL
7773,26214,1277921329,0,NULL,NULL
7773,26231,1277921329,0,NULL,NULL
7773,26211,1277921329,0,NULL,NULL
7773,21376,1277921329,0,NULL,NULL
7773,21378,1277921329,0,NULL,NULL
7773,21375,1277921329,0,NULL,NULL
7773,21375,1277963784,0,NULL,NULL
7773,21378,1277963784,0,NULL,NULL
7773,21376,1277963784,0,NULL,NULL
7773,25791,1277963784,0,NULL,NULL
7773,540,1277963784,0,NULL,NULL
7773,21372,1277963784,0,NULL,NULL
7773,30108,1277963784,0,NULL,NULL
7774,16288,1277891996,0,NULL,NULL
7774,540,1277891996,0,NULL,NULL
7774,10306,1277891996,1,NULL,NULL
7776,26214,1277873024,0,NULL,NULL
7776,26242,1277873024,0,NULL,NULL
7777,4356,1277870310,0,NULL,NULL
7777,26779,1277870310,1,NULL,NULL
7777,29637,1277870310,0,NULL,NULL
7777,26779,1277870630,-1,NULL,NULL
7777,36708,1277870630,0,NULL,NULL
7778,16789,1277815626,0,NULL,NULL
7778,26211,1277815626,0,NULL,NULL
7778,16786,1277815626,0,NULL,NULL
7778,16616,1277815626,0,NULL,NULL
7778,16606,1277815626,0,NULL,NULL
7778,16607,1277815626,0,NULL,NULL
7778,540,1277815626,0,NULL,NULL
7778,28568,1277815626,1,NULL,NULL
7778,26253,1277815626,0,NULL,NULL
7778,26199,1277815626,0,NULL,NULL
7778,22788,1277815626,0,NULL,NULL
7779,26232,1277805575,0,NULL,NULL
7780,26213,1277804621,1,NULL,NULL
7780,25964,1277804621,0,NULL,NULL
7780,30672,1277804621,1,NULL,NULL
7780,26250,1277804621,-1,NULL,NULL
7781,31056,1277803114,-1,NULL,NULL
7781,36530,1277803114,0,NULL,NULL
7781,28021,1277803114,0,NULL,NULL
7781,30031,1277803114,1,NULL,NULL
7781,27301,1277803114,0,NULL,NULL
7781,28335,1277803114,0,NULL,NULL
7781,29717,1277803114,1,0.0,0.0
7781,28632,1277803114,1,NULL,NULL
7781,30032,1277803114,0,NULL,NULL
7781,5642,1277803114,0,NULL,NULL
7781,17571,1277803114,0,NULL,NULL
7781,26494,1277803114,0,NULL,NULL
7782,30034,1277795697,1,NULL,NULL
7783,26032,1277740860,0,NULL,NULL
7783,25990,1277740860,0,NULL,NULL
7783,26191,1277740860,1,NULL,NULL
7783,26208,1277740860,1,NULL,NULL
7783,26019,1277740860,0,NULL,NULL
7783,28025,1277740860,0,NULL,NULL
7783,26007,1277740860,0,NULL,NULL
7783,26016,1277740860,0,NULL,NULL
7783,28024,1277740860,0,NULL,NULL
7783,31035,1277740860,0,NULL,NULL
7783,31037,1277740860,0,NULL,NULL
7783,26216,1277740860,0,NULL,NULL
7783,26020,1277740860,0,NULL,NULL
7783,26250,1277740860,1,NULL,NULL
7783,26035,1277740860,0,NULL,NULL
7783,28546,1277740860,0,NULL,NULL
7783,28310,1277740860,1,NULL,NULL
7784,20247,1277671287,0,NULL,NULL
7784,15790,1277671287,-1,NULL,NULL
7784,26076,1277735909,0,NULL,NULL
7786,9939,1276689803,0,NULL,NULL
7786,26216,1276948862,1,NULL,NULL
7786,26290,1276869952,1,NULL,NULL
7786,26236,1276689803,-1,NULL,NULL
7786,26216,1276689803,1,NULL,NULL
7786,18009,1276668095,0,NULL,NULL
7786,26199,1276706437,0,NULL,NULL
7786,540,1276783243,0,NULL,NULL
7786,25987,1276668095,0,NULL,NULL
7786,28568,1276755220,0,NULL,NULL
7786,17970,1276689803,0,NULL,NULL
7786,29717,1276689803,0,0.0,0.0
7786,30109,1276793763,1,NULL,NULL
7786,28568,1276749854,0,NULL,NULL
7786,31000,1276843694,1,NULL,NULL
7786,26253,1277714414,0,NULL,NULL
7786,26035,1277714414,0,NULL,NULL
7786,26289,1276869952,1,NULL,NULL
7786,27299,1276857297,0,NULL,NULL
7786,26249,1277714414,0,NULL,NULL
7786,26411,1276689803,0,NULL,NULL
7786,35522,1276707165,0,NULL,NULL
7786,14500,1276689803,0,NULL,NULL
7786,29662,1277714414,0,NULL,NULL
7786,26222,1276777461,1,NULL,NULL
7786,14499,1276689803,0,NULL,NULL
7786,30369,1277714414,0,NULL,NULL
7786,26252,1276689803,1,NULL,NULL
7786,24196,1276689803,0,NULL,NULL
7786,18011,1276668095,0,NULL,NULL
7786,26222,1276689803,0,NULL,NULL
7786,30059,1276857297,1,NULL,NULL
7786,26232,1277714414,0,NULL,NULL
7786,28489,1276948862,0,NULL,NULL
7786,17986,1276668095,0,NULL,NULL
7786,30165,1276777461,-1,NULL,NULL
7786,30410,1276706437,0,NULL,NULL
7786,17999,1276668095,0,NULL,NULL
7786,26286,1276942458,0,NULL,NULL
7786,28550,1276749854,0,NULL,NULL
7787,25649,1277711928,0,0.0,0.0
7787,25650,1277711928,0,0.0,0.0
7787,25660,1277711928,1,NULL,NULL
7787,35369,1277714160,0,NULL,NULL
7787,26546,1277714160,0,NULL,NULL
7787,25649,1277714160,0,0.0,0.0
7787,25650,1277714160,0,0.0,0.0
7787,25660,1277714160,-1,NULL,NULL
7787,30670,1277714160,0,NULL,NULL
7787,16084,1277714160,0,NULL,NULL
7789,26250,1277703955,0,NULL,NULL
7789,30391,1277703955,0,NULL,NULL
7789,26191,1277703955,0,NULL,NULL
7789,26245,1277703955,0,NULL,NULL
7790,26251,1277700075,0,NULL,NULL
7790,25665,1277700075,1,NULL,NULL
7790,25782,1277700075,0,NULL,NULL
7790,27562,1277700075,0,NULL,NULL
7790,26432,1277700075,1,NULL,NULL
7790,30108,1277700075,0,NULL,NULL
7790,35997,1277700075,1,NULL,NULL
7790,30670,1277700075,1,NULL,NULL
7792,35995,1277660018,0,NULL,NULL
7793,7618,1277545968,-1,NULL,NULL
7793,1548,1277545968,0,NULL,NULL
7793,30677,1277545968,0,NULL,NULL
7793,28823,1277545968,1,NULL,NULL
7794,30670,1277535769,1,NULL,NULL
7795,25974,1277517072,0,NULL,NULL
7796,36288,1277480469,0,NULL,NULL
7796,28479,1277480469,0,NULL,NULL
7797,26025,1277474179,-1,NULL,NULL
7797,26245,1277474179,1,NULL,NULL
7797,16291,1277474179,0,NULL,NULL
7797,9568,1277474179,0,NULL,NULL
7797,28476,1277474179,-1,NULL,NULL
7797,28475,1277474179,-1,NULL,NULL
7797,27506,1277474179,-1,NULL,NULL
7797,29644,1277474179,0,NULL,NULL
7797,30366,1277474179,0,NULL,NULL
7797,28248,1277474179,0,NULL,NULL
7797,25987,1277474179,0,0.0,NULL
7797,36616,1277474179,-1,NULL,NULL
7797,26245,1277477043,0,NULL,NULL
7797,26025,1277477043,1,NULL,NULL
7797,30057,1277477043,-1,NULL,NULL
7798,4803,1277443661,0,NULL,NULL
7798,26231,1277449347,0,NULL,NULL
7798,35527,1277449347,-1,NULL,NULL
7798,25751,1277449347,1,NULL,NULL
7798,4803,1277449347,1,NULL,NULL
7798,4803,1277459054,0,NULL,NULL
7798,25751,1277459054,1,NULL,NULL
7798,27401,1277459054,0,NULL,NULL
7798,27400,1277459054,0,NULL,NULL
7798,27399,1277459054,0,NULL,NULL
7799,30276,1277456764,0,NULL,NULL
7799,36467,1277456764,0,NULL,NULL
7802,31852,1277356668,0,NULL,NULL
7802,31863,1277356668,0,NULL,NULL
7802,31821,1277356668,1,NULL,NULL
7802,31826,1277356668,1,NULL,NULL
7802,9179,1277356668,0,NULL,NULL
7802,4803,1277356668,1,NULL,NULL
7802,4803,1277356969,0,NULL,NULL
7802,4803,1277442424,0,NULL,NULL
7802,197,1277442424,0,NULL,NULL
7802,4803,1277444304,1,NULL,NULL
7802,31863,1277444822,0,NULL,NULL
7803,17986,1277394770,0,NULL,NULL
7803,17992,1277394770,0,NULL,NULL
7803,17993,1277394770,0,NULL,NULL
7803,17997,1277394770,0,NULL,NULL
7803,18004,1277394770,0,NULL,NULL
7803,18000,1277394770,0,NULL,NULL
7803,18011,1277394770,0,NULL,NULL
7803,17987,1277394770,0,NULL,NULL
7803,18009,1277394770,0,NULL,NULL
7803,17994,1277394770,0,NULL,NULL
7803,18010,1277394770,0,NULL,NULL
7803,17999,1277394770,0,NULL,NULL
7803,18007,1277394770,0,NULL,NULL
7803,18020,1277394770,0,NULL,NULL
7803,17983,1277394770,0,NULL,NULL
7803,17988,1277394770,0,NULL,NULL
7803,17998,1277394770,0,NULL,NULL
7803,18012,1277394770,0,NULL,NULL
7803,18015,1277394770,0,NULL,NULL
7803,18017,1277394770,0,NULL,NULL
7803,30105,1277394770,1,NULL,NULL
7803,21178,1277394770,0,NULL,NULL
7803,35658,1277394770,1,NULL,NULL
7803,35544,1277394770,0,NULL,NULL
7803,35517,1277394770,1,NULL,NULL
7803,35527,1277394770,0,NULL,NULL
7803,35525,1277394770,0,NULL,NULL
7804,30108,1277385237,0,NULL,NULL
7804,36370,1277385237,1,NULL,NULL
7804,30809,1277385237,1,NULL,NULL
7804,25703,1277385237,0,NULL,NULL
7806,4803,1277340675,1,NULL,NULL
7807,30120,1277215865,0,NULL,NULL
7807,28507,1277215865,0,NULL,NULL
7807,28518,1277215865,0,NULL,NULL
7807,26231,1277215865,0,NULL,NULL
7807,26220,1277215865,-1,NULL,NULL
7807,26242,1277215865,1,NULL,NULL
7807,26214,1277215865,1,NULL,NULL
7807,26214,1277297372,-1,NULL,NULL
7809,416,1277291290,1,0.0,0.0
7810,4337,1262777709,0,NULL,NULL
7810,30658,1277290401,0,NULL,NULL
7810,30108,1277290401,0,NULL,NULL
7810,28568,1277290401,0,NULL,NULL
7810,26270,1277290401,0,NULL,NULL
7810,26242,1277290401,-1,NULL,NULL
7810,26022,1277290401,0,NULL,NULL
7810,26214,1277290401,-1,NULL,NULL
7812,25942,1259743123,0,NULL,NULL
7812,25972,1277237998,0,NULL,NULL
7814,26256,1276839344,0,NULL,NULL
7814,36315,1277187158,1,NULL,NULL
7814,30229,1277187158,0,NULL,NULL
7814,36319,1277187158,1,NULL,NULL
7814,28454,1277187158,0,NULL,NULL
7814,26256,1277187158,1,NULL,NULL
7814,28398,1277187158,1,NULL,NULL
7814,36315,1277192314,1,NULL,NULL
7814,26256,1277192314,-1,NULL,NULL
7814,28428,1277192314,0,NULL,NULL
7815,28750,1277130612,0,NULL,NULL
7815,28762,1277130612,0,NULL,NULL
7815,30658,1277130612,0,NULL,NULL
7815,28746,1277130612,0,NULL,NULL
7815,26216,1277130612,0,NULL,NULL
7815,26231,1277130612,1,NULL,NULL
7815,26231,1277131109,0,NULL,NULL
7815,26216,1277131109,0,NULL,NULL
7816,19843,1276787991,0,NULL,NULL
7816,15703,1276787991,0,0.0,0.0
7816,19816,1276858355,-1,1.0,1.0
7816,15703,1276858355,1,NULL,NULL
7816,1094,1276858355,0,NULL,NULL
7816,10532,1276858355,0,NULL,NULL
7816,1094,1277126591,1,NULL,NULL
7816,656,1277126591,0,NULL,NULL
7816,36546,1277126591,0,NULL,NULL
7817,4356,1277111575,1,NULL,NULL
7817,4689,1277111575,1,NULL,NULL
7817,4688,1277111575,1,NULL,NULL
7817,29644,1277111575,1,NULL,NULL
7817,29659,1277111575,0,NULL,NULL
7817,29645,1277111575,0,NULL,NULL
7818,4709,1277084883,1,NULL,NULL
7818,21243,1277084883,0,NULL,NULL
7818,17411,1277084925,1,NULL,NULL
7818,29645,1277098463,1,NULL,NULL
7818,16093,1277098463,0,NULL,NULL
7818,30070,1277098463,1,NULL,NULL
7818,36413,1277098463,0,NULL,NULL
7818,21243,1277098463,1,NULL,NULL
7818,17411,1277098463,1,NULL,NULL
7818,21182,1277098463,0,NULL,NULL
7818,4709,1277098463,1,NULL,NULL
7819,28746,1277090478,0,NULL,NULL
7820,26218,1260800476,-1,NULL,NULL
7820,26214,1260800476,0,NULL,NULL
7820,26208,1260800476,0,0.0,0.0
7820,36890,1260800476,0,NULL,NULL
7820,26202,1260800476,0,NULL,NULL
7821,4453,1275659809,0,NULL,NULL
7821,1550,1275659809,0,NULL,NULL
7821,12354,1275659809,1,NULL,NULL
7821,7669,1275753630,0,NULL,NULL
7821,12354,1275753630,0,NULL,NULL
7821,12354,1276584609,0,NULL,NULL
7821,7432,1276584609,0,NULL,NULL
7821,7434,1276584609,0,NULL,NULL
7821,7427,1276584609,0,NULL,NULL
7821,7669,1276584609,1,NULL,NULL
7821,7424,1276584609,0,NULL,NULL
7821,7423,1276584609,0,NULL,NULL
7821,7430,1276584609,0,NULL,NULL
7821,7428,1276584609,0,NULL,NULL
7821,7426,1276584609,0,NULL,NULL
7821,7431,1276584609,0,NULL,NULL
7821,7425,1276584609,0,NULL,NULL
7821,7435,1276584609,0,NULL,NULL
7821,7429,1276584609,0,NULL,NULL
7821,7424,1276609090,0,NULL,NULL
7821,7669,1276609090,0,NULL,NULL
7821,7426,1276609090,0,NULL,NULL
7821,7430,1276609090,0,NULL,NULL
7821,7428,1276609090,0,NULL,NULL
7821,7423,1276609090,0,NULL,NULL
7821,7431,1276609090,0,NULL,NULL
7821,7435,1276609090,0,NULL,NULL
7821,7425,1276609090,0,NULL,NULL
7821,7429,1276609090,0,NULL,NULL
7821,7427,1276609090,0,NULL,NULL
7821,7432,1276609090,0,NULL,NULL
7821,7434,1276609090,0,NULL,NULL
7821,12354,1276609090,0,NULL,NULL
7821,7618,1276686293,1,NULL,NULL
7821,12354,1276686293,0,NULL,NULL
7822,16846,1276677202,1,NULL,NULL
7823,29644,1276663677,0,NULL,NULL
7824,416,1276661784,0,NULL,NULL
7825,36738,1275558342,1,0.0,0.0
7825,4337,1276607111,1,NULL,NULL
7825,4335,1276607111,0,NULL,NULL
7825,36237,1276607111,0,NULL,NULL
7825,24398,1276607111,1,NULL,NULL
7825,25982,1276607111,0,NULL,NULL
7825,25776,1276607111,0,NULL,NULL
7825,16498,1276607111,1,NULL,NULL
7826,28028,1276602262,-1,NULL,NULL
7826,27836,1276602262,-1,NULL,NULL
7826,27706,1276602262,0,NULL,NULL
7826,25947,1276602262,0,NULL,NULL
7826,22580,1276602262,-1,NULL,NULL
7826,28029,1276602262,0,NULL,NULL
7827,8102,1276592595,1,NULL,NULL
7829,25751,1276580062,1,NULL,NULL
7830,4803,1276508914,1,NULL,NULL
7830,197,1276508914,0,NULL,NULL
7830,31863,1276508914,0,NULL,NULL
7830,31854,1276508914,0,NULL,NULL
7831,24370,1276486489,1,NULL,NULL
7831,36743,1276489516,0,NULL,NULL
7831,4803,1276497962,0,NULL,NULL
7831,197,1276497962,0,NULL,NULL
7831,31854,1276497962,1,NULL,NULL
7831,36743,1276497962,0,NULL,NULL
7832,22327,1276465706,-1,NULL,NULL
7832,12404,1276465706,0,NULL,NULL
7832,12407,1276465706,1,NULL,NULL
7832,9355,1276465706,0,NULL,NULL
7832,4830,1276465706,1,NULL,NULL
7832,4829,1276465706,1,NULL,NULL
7833,32876,1276431904,0,NULL,NULL
7833,36210,1276431904,0,NULL,NULL
7833,4829,1276431904,1,NULL,NULL
7833,9349,1276431904,0,NULL,NULL
7833,9352,1276431904,1,NULL,NULL
7833,12407,1276431904,0,NULL,NULL
7833,9348,1276431904,0,NULL,NULL
7833,12404,1276431904,0,NULL,NULL
7833,12406,1276431904,1,NULL,NULL
7834,17640,1276417650,0,NULL,NULL
7834,35525,1276417650,1,NULL,NULL
7834,36580,1276417650,0,NULL,NULL
7835,26550,1273484315,1,NULL,NULL
7835,25724,1273484315,1,NULL,NULL
7835,16698,1273484315,1,NULL,NULL
7835,25693,1276361681,0,NULL,NULL
7836,11416,1276321241,1,NULL,NULL
7836,35525,1276321241,1,NULL,NULL
7836,11416,1276321467,0,NULL,NULL
7837,15744,1276268359,-1,NULL,NULL
7837,15703,1276268359,0,NULL,NULL
7837,8111,1276268359,-1,NULL,NULL
7837,19818,1276268359,0,NULL,NULL
7838,24372,1276160079,0,NULL,NULL
7839,19816,1276128415,1,NULL,NULL
7840,4655,1276111482,1,NULL,NULL
7842,26432,1275907036,0,NULL,NULL
7842,30139,1275907036,1,NULL,NULL
7842,30836,1275907036,0,NULL,NULL
7842,30832,1275907036,0,NULL,NULL
7842,31024,1275907036,0,NULL,NULL
7842,17192,1275910350,0,NULL,NULL
7842,31024,1275910995,0,NULL,NULL
7842,30832,1275910995,0,NULL,NULL
7842,30836,1275910995,0,NULL,NULL
7842,30139,1275910995,-1,NULL,NULL
7842,26432,1275910995,0,NULL,NULL
7842,18120,1275988113,0,NULL,NULL
7842,25791,1275988113,0,NULL,NULL
7842,26859,1275988113,0,NULL,NULL
7842,25746,1275988113,0,NULL,NULL
7842,27562,1275988113,0,NULL,NULL
7842,26432,1275988113,0,NULL,NULL
7842,28215,1275988113,0,NULL,NULL
7842,27260,1275988113,1,NULL,NULL
7842,30139,1275988113,0,NULL,NULL
7842,26848,1275988113,1,NULL,NULL
7842,36523,1275988113,1,NULL,NULL
7842,7572,1275988113,1,NULL,NULL
7842,8358,1275988113,0,NULL,NULL
7842,16751,1275988113,-1,NULL,NULL
7842,20301,1275988113,0,NULL,NULL
7842,17192,1275988113,-1,NULL,NULL
7842,15827,1275988113,0,NULL,NULL
7842,15861,1275988113,0,NULL,NULL
7842,12346,1275988113,0,NULL,NULL
7842,17447,1276056558,0,NULL,NULL
7842,17468,1276056558,0,NULL,NULL
7842,17465,1276056558,0,NULL,NULL
7842,18015,1276064500,0,NULL,NULL
7843,30869,1276002965,1,NULL,NULL
7843,30277,1276002965,0,NULL,NULL
7843,25751,1276002965,1,NULL,NULL
7843,30170,1276060238,1,NULL,NULL
7843,25751,1276060238,0,NULL,NULL
7845,30684,1271315887,0,NULL,NULL
7845,31094,1275904532,1,NULL,NULL
7845,30684,1275904532,1,NULL,NULL
7845,30684,1275910732,-1,NULL,NULL
7845,25700,1275910732,0,NULL,NULL
7846,4453,1275887660,1,NULL,NULL
7846,1550,1275887660,1,NULL,NULL
7846,415,1275887660,1,NULL,NULL
7848,24370,1275671789,0,NULL,NULL
7848,24368,1275671789,0,NULL,NULL
7848,24375,1275671789,-1,NULL,NULL
7848,24371,1275671789,0,NULL,NULL
7848,24365,1275671789,0,NULL,NULL
7848,24372,1275671789,0,NULL,NULL
7848,24366,1275671789,0,NULL,NULL
7848,30694,1275671789,-1,NULL,NULL
7848,34927,1275671789,0,NULL,NULL
7848,30163,1275671789,-1,NULL,NULL
7848,32500,1275671789,0,NULL,NULL
7848,381,1275671789,1,NULL,NULL
7848,4335,1275671789,-1,NULL,NULL
7848,8125,1275671789,1,NULL,NULL
7848,16498,1275671789,-1,NULL,NULL
7848,29532,1275724197,0,NULL,NULL
7849,30082,1271837818,0,NULL,NULL
7849,27244,1275643195,1,NULL,NULL
7849,34811,1275643195,0,NULL,NULL
7849,30082,1275643195,1,NULL,NULL
7849,28215,1275643195,-1,NULL,NULL
7849,30082,1275651075,0,NULL,NULL
7850,98,1275627671,1,0.0,0.0
7851,197,1275544402,1,NULL,NULL
7851,4803,1275544402,1,NULL,NULL
7851,4803,1275625412,0,NULL,NULL
7852,30219,1275549124,0,NULL,NULL
7854,30694,1275500361,1,NULL,NULL
7854,26215,1275500361,-1,NULL,NULL
7854,25791,1275500361,0,NULL,NULL
7855,16498,1275485683,1,NULL,NULL
7855,34927,1275485683,0,NULL,NULL
7855,35072,1275485683,0,NULL,NULL
7855,35060,1275485683,0,NULL,NULL
7855,35061,1275485683,0,NULL,NULL
7855,36683,1275485683,0,NULL,NULL
7855,35100,1275485683,0,NULL,NULL
7855,36706,1275485683,0,NULL,NULL
7855,34788,1275485683,0,NULL,NULL
7857,17461,1275467440,0,NULL,NULL
7857,17411,1275467440,0,NULL,NULL
7857,17480,1275467440,0,NULL,NULL
7857,17448,1275467440,0,NULL,NULL
7857,36553,1275467440,0,NULL,NULL
7857,36555,1275467479,0,NULL,NULL
7857,16084,1275467479,1,NULL,NULL
7857,4709,1275467479,0,NULL,NULL
7857,36555,1275478807,0,NULL,NULL
7858,26236,1275444592,-1,NULL,NULL
7858,30139,1275444592,0,NULL,NULL
7858,26236,1275457079,-1,NULL,NULL
7858,29668,1275457079,0,NULL,NULL
7858,30309,1275457079,1,NULL,NULL
7858,30986,1275457079,1,NULL,NULL
7858,30331,1275457079,-1,NULL,NULL
7858,30139,1275457079,1,NULL,NULL
7858,1875,1275457079,0,NULL,NULL
7858,31431,1275457439,-1,NULL,NULL
7859,8824,1275379312,0,NULL,NULL
7859,31096,1275379312,0,NULL,NULL
7860,11416,1275365614,1,NULL,NULL
7860,35325,1275365614,-1,NULL,NULL
7861,25724,1275295498,0,NULL,NULL
7861,17500,1275302046,0,NULL,NULL
7862,25987,1275270153,0,NULL,NULL
7862,28764,1275270153,1,NULL,NULL
7862,26007,1275270153,1,NULL,NULL
7862,26007,1275300146,0,NULL,NULL
7862,36610,1275300146,0,NULL,NULL
7863,25713,1275047396,1,NULL,NULL
7863,26231,1275047396,1,NULL,NULL
7863,30672,1275047396,1,NULL,NULL
7864,16491,1275033153,-1,NULL,NULL
7864,36575,1275033153,0,NULL,NULL
7864,16760,1275033153,0,NULL,NULL
7864,16499,1275033153,0,NULL,NULL
7864,4337,1275033153,-1,NULL,NULL
7864,4335,1275033153,-1,NULL,NULL
7864,381,1275033153,0,NULL,NULL
7864,8125,1275033153,0,NULL,NULL
7864,8120,1275033153,-1,NULL,NULL
7864,8117,1275033153,-1,NULL,NULL
7864,8116,1275033153,-1,NULL,NULL
7864,9629,1275033153,0,NULL,NULL
7864,10247,1275033153,0,NULL,NULL
7864,16489,1275033153,-1,NULL,NULL
7864,16488,1275033153,-1,NULL,NULL
7864,16498,1275033153,0,NULL,NULL
7864,16495,1275033153,-1,NULL,NULL
7864,36573,1275033153,-1,NULL,NULL
7865,16122,1275033182,0,NULL,NULL
7865,16272,1275033182,0,NULL,NULL
7867,16121,1275030312,0,NULL,NULL
7867,4743,1275030312,0,NULL,NULL
7868,12203,1275027307,1,NULL,NULL
7868,17764,1275027307,1,NULL,NULL
7869,25746,1274967020,0,NULL,NULL
7869,27260,1274967020,1,NULL,NULL
7870,8299,1274929495,1,NULL,NULL
7870,8299,1274964974,1,NULL,NULL
7871,16786,1274926251,1,NULL,NULL
7871,16789,1274926251,0,NULL,NULL
7871,16786,1274929271,0,NULL,NULL
7871,16786,1274942716,0,NULL,NULL
7871,16789,1274942716,0,NULL,NULL
7871,24235,1274942716,0,NULL,NULL
7872,30056,1274941569,0,NULL,NULL
7873,26215,1274940558,0,NULL,NULL
7873,25972,1274940558,1,NULL,NULL
7874,29721,1274840352,1,NULL,NULL
7874,29721,1274925775,0,NULL,NULL
7876,21323,1274451535,1,NULL,NULL
7876,445,1274451535,0,NULL,NULL
7877,25987,1274329828,0,NULL,NULL
7877,29603,1274337354,0,NULL,NULL
7877,26035,1274337354,0,NULL,NULL
7877,25987,1274337354,0,NULL,NULL
7877,28320,1274337354,0,NULL,NULL
7877,28320,1274431625,1,NULL,NULL
7878,16498,1274425937,1,NULL,NULL
7879,26120,1274425632,0,NULL,NULL
7880,25738,1274424258,1,NULL,NULL
7880,26959,1274424380,0,NULL,NULL
7882,26256,1274421460,1,NULL,NULL
7883,35658,1274267814,1,NULL,NULL
7883,17640,1274267814,1,NULL,NULL
7883,4709,1274267814,0,NULL,NULL
7883,1961,1274267814,1,NULL,NULL
7883,1041,1274267814,0,NULL,NULL
7883,35325,1274267814,1,NULL,NULL
7883,35669,1274269216,1,NULL,NULL
7883,35323,1274269216,1,NULL,NULL
7883,17406,1274269216,0,NULL,NULL
7883,17402,1274269216,1,NULL,NULL
7883,17411,1274269216,0,NULL,NULL
7883,35669,1274274220,0,NULL,NULL
7883,35658,1274274220,0,NULL,NULL
7883,35323,1274274220,0,NULL,NULL
7883,35325,1274274220,0,NULL,NULL
7883,17640,1274357461,0,NULL,NULL
7883,35325,1274357461,0,NULL,NULL
7884,16786,1274242835,0,NULL,NULL
7884,9637,1274242835,0,NULL,NULL
7885,22327,1274231104,0,NULL,NULL
7885,4830,1274231104,0,NULL,NULL
7886,9352,1274230707,1,NULL,NULL
7886,9348,1274230707,1,NULL,NULL
7888,4337,1258217393,0,NULL,NULL
7888,267,1273944735,1,NULL,NULL
7888,474,1273944735,1,NULL,NULL
7888,4788,1273944735,1,NULL,NULL
7888,31549,1273944735,0,NULL,NULL
7888,31632,1273944735,1,NULL,NULL
7888,31647,1273944735,0,NULL,NULL
7888,31553,1273944735,1,NULL,NULL
7888,31576,1273944735,0,NULL,NULL
7889,12089,1273935981,1,NULL,NULL
7889,8476,1273935981,0,NULL,NULL
7889,20566,1273935981,1,NULL,NULL
7889,8478,1273935981,0,NULL,NULL
7889,10076,1273935981,0,NULL,NULL
7889,20561,1273935981,0,NULL,NULL
7892,36251,1273817758,1,NULL,NULL
7892,30081,1273817758,1,NULL,NULL
7892,30694,1273817758,1,NULL,NULL
7892,27236,1273817758,1,NULL,NULL
7892,30081,1273827898,0,NULL,NULL
7895,25974,1273679840,1,NULL,NULL
7895,25653,1273679840,0,NULL,NULL
7895,25991,1273679840,1,NULL,NULL
7895,26222,1273679840,1,NULL,NULL
7895,26216,1273679840,0,NULL,NULL
7895,30672,1273679840,0,NULL,NULL
7895,26223,1273679840,1,NULL,NULL
7895,30295,1273679840,1,NULL,NULL
7895,25974,1273734475,0,NULL,NULL
7897,30081,1273562018,-1,NULL,NULL
7897,26466,1273562018,1,NULL,NULL
7897,27236,1273562018,0,NULL,NULL
7897,30081,1273647606,0,NULL,NULL
7898,30078,1272023038,1,NULL,NULL
7898,27232,1272023038,0,NULL,NULL
7898,27232,1273594823,-1,NULL,NULL
7898,26466,1273594823,1,NULL,NULL
7898,26571,1273594823,0,NULL,NULL
7898,30078,1273594823,1,NULL,NULL
7898,26904,1273594823,1,NULL,NULL
7898,16129,1273594823,-1,NULL,NULL
7898,26466,1273638287,0,NULL,NULL
7898,18933,1273638287,0,NULL,NULL
7900,26925,1273569424,0,NULL,NULL
7900,26927,1273569424,0,NULL,NULL
7900,26924,1273569424,0,NULL,NULL
7900,26926,1273569424,0,NULL,NULL
7900,29649,1273569424,-1,NULL,NULL
7901,31632,1273144421,0,NULL,NULL
7901,4788,1273144421,1,NULL,NULL
7901,4787,1273144421,0,NULL,NULL
7901,5592,1273144421,0,NULL,NULL
7901,474,1273144421,1,NULL,NULL
7901,267,1273144421,1,NULL,NULL
7901,7311,1273144421,0,NULL,NULL
7901,12376,1273144421,0,NULL,NULL
7901,31551,1273144421,0,NULL,NULL
7901,31632,1273149614,1,NULL,NULL
7901,4787,1273149614,1,NULL,NULL
7901,4788,1273149614,1,NULL,NULL
7901,5592,1273149614,1,NULL,NULL
7901,4788,1273151678,1,NULL,NULL
7901,267,1273151678,1,NULL,NULL
7901,2143,1273151678,0,NULL,NULL
7901,2142,1273151678,0,NULL,NULL
7901,4298,1273151678,0,NULL,NULL
7901,9091,1273151678,0,NULL,NULL
7901,7311,1273151678,-1,NULL,NULL
7901,4788,1273561865,0,NULL,NULL
7901,31619,1273561865,1,NULL,NULL
7902,16630,1273541802,0,NULL,NULL
7903,31208,1273153488,1,NULL,NULL
7904,4654,1273137734,1,NULL,NULL
7904,4655,1273137734,1,NULL,NULL
7904,4656,1273137734,1,NULL,NULL
7904,8299,1273137734,1,NULL,NULL
7904,8359,1273137734,0,NULL,NULL
7904,20273,1273137734,-1,NULL,NULL
7904,31208,1273137734,0,NULL,NULL
7904,4654,1273138307,0,NULL,NULL
7905,4788,1273137463,0,NULL,NULL
7907,4830,1273024980,0,NULL,NULL
7907,4829,1273024980,0,NULL,NULL
7907,7237,1273024980,0,NULL,NULL
7907,12406,1273024980,0,NULL,NULL
7907,12407,1273024980,0,NULL,NULL
7907,12404,1273024980,0,NULL,NULL
7909,25776,1272619729,1,NULL,NULL
7909,25776,1272620911,0,NULL,NULL
7909,31215,1272620911,0,NULL,NULL
7909,25776,1272624378,0,NULL,NULL
7911,9348,1272589442,0,NULL,NULL
7913,29679,1272445674,0,NULL,NULL
7914,31162,1272444259,0,NULL,NULL
7914,31146,1272444259,1,NULL,NULL
7914,31147,1272444259,0,NULL,NULL
7914,31149,1272444259,1,NULL,NULL
7914,31163,1272444259,0,NULL,NULL
7914,31169,1272444259,0,NULL,NULL
7914,31161,1272444259,0,NULL,NULL
7914,31171,1272444259,1,NULL,NULL
7914,31151,1272444259,0,NULL,NULL
7914,31157,1272444259,1,NULL,NULL
7915,17690,1272425771,0,NULL,NULL
7915,16338,1272425771,0,NULL,NULL
7915,21545,1272425771,0,NULL,NULL
7915,17691,1272425771,0,NULL,NULL
7915,12365,1272425771,0,NULL,NULL
7915,12363,1272425771,0,NULL,NULL
7918,36618,1272360806,0,NULL,NULL
7918,26004,1272360806,-1,NULL,NULL
7918,35391,1272360806,0,NULL,NULL
7918,31141,1272360806,0,NULL,NULL
7918,26026,1272360806,0,NULL,NULL
7918,28651,1272360806,0,NULL,NULL
7918,28657,1272360806,0,NULL,NULL
7918,30409,1272360806,0,NULL,NULL
7918,25782,1272360806,0,NULL,NULL
7918,25751,1272360806,0,NULL,NULL
7918,26006,1272360806,0,NULL,NULL
7918,35390,1272360806,0,NULL,NULL
7918,4337,1272378268,1,NULL,NULL
7918,16498,1272378268,1,NULL,NULL
7918,16498,1272379881,0,NULL,NULL
7919,20561,1271313326,0,NULL,NULL
7919,20567,1271313326,0,NULL,NULL
7919,20562,1271313326,0,NULL,NULL
7919,20566,1271313326,0,NULL,NULL
7919,20560,1271313326,0,NULL,NULL
7919,10076,1271313326,0,NULL,NULL
7919,8478,1271313326,0,NULL,NULL
7919,5416,1271313326,0,NULL,NULL
7919,15914,1271313326,0,NULL,NULL
7919,8479,1271313326,0,NULL,NULL
7919,12089,1271313326,0,NULL,NULL
7919,10077,1271313326,0,NULL,NULL
7919,20566,1272343105,1,NULL,NULL
7919,12089,1272343105,1,NULL,NULL
7920,26256,1272290517,1,NULL,NULL
7921,35686,1272274982,0,NULL,NULL
7923,35323,1272251499,0,NULL,NULL
7923,35325,1272251499,-1,NULL,NULL
7925,25936,1271946574,0,NULL,NULL
7925,25983,1271946574,0,NULL,NULL
7925,25987,1271946574,1,NULL,NULL
7925,28215,1271946574,0,NULL,NULL
7925,26256,1271946574,1,NULL,NULL
7925,25969,1271946574,0,NULL,NULL
7925,26013,1271946574,0,NULL,NULL
7925,25974,1271946574,0,NULL,NULL
7925,26022,1271946574,0,NULL,NULL
7925,26026,1271946574,0,NULL,NULL
7925,25996,1271946574,0,NULL,NULL
7925,25958,1271946574,0,NULL,NULL
7925,25960,1271946574,0,NULL,NULL
7925,25928,1271946574,0,NULL,NULL
7925,25953,1271946574,0,NULL,NULL
7925,26031,1271946574,0,NULL,NULL
7925,25972,1271946574,0,NULL,NULL
7925,25959,1271946574,0,NULL,NULL
7925,26033,1271946574,0,NULL,NULL
7925,26029,1271946574,0,NULL,NULL
7925,25942,1271946574,0,NULL,NULL
7925,25964,1271946574,0,NULL,NULL
7925,25925,1271946574,0,NULL,NULL
7925,26025,1271946574,0,NULL,NULL
7925,25984,1271946574,0,NULL,NULL
7925,4337,1271946574,-1,NULL,NULL
7926,267,1271652743,0,NULL,NULL
7926,31626,1271652743,-1,NULL,NULL
7926,31619,1271652743,0,NULL,NULL
7926,9091,1271926060,0,NULL,NULL
7926,267,1271926060,0,NULL,NULL
7927,36307,1271918351,1,NULL,NULL
7927,36309,1271918351,1,NULL,NULL
7928,14494,1271840844,0,NULL,NULL
7928,35661,1271840844,0,NULL,NULL
7928,35525,1271840844,0,NULL,NULL
7928,35658,1271840844,1,NULL,NULL
7929,35525,1271470812,1,NULL,NULL
7929,34599,1271470812,0,NULL,NULL
7929,35526,1271470812,0,0.0,0.0
7929,35525,1271498447,1,NULL,NULL
7929,35525,1271831527,-1,NULL,NULL
7930,29644,1271830085,1,NULL,NULL
7933,28415,1271669635,1,NULL,NULL
7933,25925,1271669635,1,NULL,NULL
7933,26266,1271669635,0,NULL,NULL
7933,26256,1271669635,1,NULL,NULL
7933,31329,1271671478,0,NULL,NULL
7933,31328,1271671478,0,NULL,NULL
7933,36844,1271671478,-1,NULL,NULL
7933,31315,1271671478,1,NULL,NULL
7934,26252,1271663938,1,NULL,NULL
7934,28360,1271663938,1,NULL,NULL
7934,26038,1271663938,1,NULL,NULL
7934,25987,1271663938,0,NULL,NULL
7934,9589,1271663938,0,NULL,NULL
7936,36683,1271495012,1,NULL,NULL
7936,35072,1271495012,-1,NULL,NULL
7936,36706,1271495012,0,NULL,NULL
7936,36099,1271495012,1,NULL,NULL
7936,36099,1271496612,-1,NULL,NULL
7938,27260,1271413339,1,NULL,NULL
7938,10247,1271413339,1,NULL,NULL
7938,25746,1271413339,1,NULL,NULL
7938,10247,1271491902,0,NULL,NULL
7941,31396,1271252586,1,NULL,NULL
7941,31367,1271252586,0,NULL,NULL
7941,21180,1271252586,1,NULL,NULL
7941,1961,1271252586,1,NULL,NULL
7941,1041,1271252586,1,NULL,NULL
7941,31366,1271252586,-1,NULL,NULL
7941,35659,1271322240,0,NULL,NULL
7941,1041,1271322240,1,NULL,NULL
7941,1961,1271322240,1,NULL,NULL
7941,31395,1271322240,0,NULL,NULL
7941,21180,1271401995,0,NULL,NULL
7941,21179,1271401995,0,NULL,NULL
7941,1961,1271401995,0,NULL,NULL
7941,2242,1271402696,0,NULL,NULL
7941,1961,1271402696,0,NULL,NULL
7942,16488,1271331385,1,NULL,NULL
7942,16500,1271331385,-1,NULL,NULL
7942,22536,1271331385,1,NULL,NULL
7942,22556,1271331385,1,NULL,NULL
7942,16491,1271331385,1,NULL,NULL
7944,16786,1271237670,0,NULL,NULL
7944,9637,1271238477,0,NULL,NULL
7944,16786,1271239291,1,NULL,NULL
7945,17841,1271237344,0,NULL,NULL
7947,25657,1271140204,0,NULL,NULL
7947,16498,1271157060,-1,NULL,NULL
7947,16499,1271157060,0,NULL,NULL
7947,16499,1271157298,0,NULL,NULL
7948,31590,1271143787,0,NULL,NULL
7948,34669,1271143787,0,NULL,NULL
7948,31601,1271143787,0,NULL,NULL
7948,29606,1271143787,0,NULL,NULL
7948,30078,1271143787,0,NULL,NULL
7948,35366,1271143787,0,NULL,NULL
7948,35400,1271143787,0,NULL,NULL
7948,34670,1271143787,0,NULL,NULL
7948,34689,1271143787,0,NULL,NULL
7948,34696,1271143787,0,NULL,NULL
7948,34707,1271143787,0,NULL,NULL
7948,30222,1271143787,0,NULL,NULL
7948,34704,1271143787,0,NULL,NULL
7948,30697,1271143787,0,NULL,NULL
7948,30719,1271143787,0,NULL,NULL
7948,30694,1271143787,0,NULL,NULL
7948,31585,1271143787,0,NULL,NULL
7948,12118,1271143787,0,NULL,NULL
7948,27344,1271143787,0,NULL,NULL
7948,5438,1271143787,0,NULL,NULL
7948,1131,1271143787,0,NULL,NULL
7948,8655,1271143787,0,NULL,NULL
7948,8664,1271143787,0,0.0,0.0
7948,8654,1271143787,0,NULL,NULL
7948,8288,1271143787,0,NULL,NULL
7948,8298,1271143787,0,NULL,NULL
7948,25236,1271143787,0,NULL,NULL
7948,19816,1271143787,0,NULL,NULL
7948,19892,1271143787,0,NULL,NULL
7948,20312,1271143787,0,NULL,NULL
7948,25660,1271143787,0,NULL,NULL
7948,20196,1271143787,0,NULL,NULL
7948,16025,1271143787,0,NULL,NULL
7948,16024,1271143787,0,NULL,NULL
7948,34682,1271143787,0,NULL,NULL
7948,34690,1271143787,0,NULL,NULL
7948,30722,1271143787,0,NULL,NULL
7949,19758,1271140658,0,NULL,NULL
7950,267,1271081139,0,NULL,NULL
7950,31626,1271081139,0,NULL,NULL
7950,31634,1271081139,0,NULL,NULL
7950,31619,1271081139,0,NULL,NULL
7951,17402,1271079845,0,NULL,NULL
7951,1961,1271079845,1,NULL,NULL
7952,25791,1271064568,0,NULL,NULL
7952,30059,1271064568,1,NULL,NULL
7952,27981,1271075237,0,NULL,NULL
7952,25791,1271075237,1,NULL,NULL
7952,30059,1271075237,1,NULL,NULL
7953,36556,1271058602,0,NULL,NULL
7953,24213,1271059816,0,NULL,NULL
7953,36555,1271059816,0,NULL,NULL
7953,16081,1271059816,0,NULL,NULL
7953,36555,1271060285,0,NULL,NULL
7953,1961,1271060686,-1,NULL,NULL
7953,35325,1271062120,0,NULL,NULL
7953,36849,1271069137,0,NULL,NULL
7953,5702,1271069137,-1,NULL,NULL
7953,2242,1271069137,0,NULL,NULL
7953,1961,1271069137,1,NULL,NULL
7955,25653,1270388862,0,NULL,NULL
7955,31003,1270455131,0,NULL,NULL
7955,31325,1270711359,0,NULL,NULL
7955,31329,1270388862,0,NULL,NULL
7955,31315,1270371523,0,NULL,NULL
7955,31333,1270455131,0,NULL,NULL
7955,31322,1270379413,0,NULL,NULL
7955,31332,1270379413,1,NULL,NULL
7955,31315,1270379413,0,NULL,NULL
7955,31315,1270368659,0,NULL,NULL
7955,31332,1270368659,0,NULL,NULL
7955,26256,1270379413,1,NULL,NULL
7955,31331,1270918799,0,NULL,NULL
7955,26199,1270379413,0,NULL,NULL
7955,31315,1270225701,1,NULL,NULL
7955,31321,1270711359,0,NULL,NULL
7955,26256,1270368659,0,NULL,NULL
7955,26223,1270388862,0,NULL,NULL
7955,26256,1269419692,0,NULL,NULL
7955,26200,1270379413,0,NULL,NULL
7955,36844,1270225701,0,NULL,NULL
7955,31321,1270379413,0,NULL,NULL
7955,31332,1270455131,0,NULL,NULL
7955,27734,1270718419,0,NULL,NULL
7955,30144,1269419692,0,NULL,NULL
7955,31322,1270711359,-1,NULL,NULL
7955,31342,1269419692,0,NULL,NULL
7955,31326,1269426814,0,NULL,NULL
7955,26256,1270718419,1,NULL,NULL
7955,25987,1270455131,0,NULL,NULL
7955,31326,1270225701,0,NULL,NULL
7955,36682,1270455131,0,NULL,NULL
7955,28596,1270388862,0,NULL,NULL
7955,25974,1270388862,1,NULL,NULL
7955,27289,1269419692,1,NULL,NULL
7955,26256,1270455131,0,NULL,NULL
7955,27069,1270455131,0,NULL,NULL
7955,29613,1269419692,1,NULL,NULL
7955,26256,1270388862,0,NULL,NULL
7955,31326,1270371523,0,NULL,NULL
7956,16081,1270899956,0,NULL,NULL
7956,21230,1270899956,0,NULL,NULL
7956,21231,1270899956,0,NULL,NULL
7956,2242,1270899956,0,NULL,NULL
7956,11416,1270899956,-1,NULL,NULL
7956,17640,1270899956,-1,NULL,NULL
7956,8766,1270899956,1,NULL,NULL
7956,10477,1270899956,0,NULL,NULL
7956,34659,1270899956,0,NULL,NULL
7956,34649,1270899956,0,NULL,NULL
7956,17976,1270899956,0,NULL,NULL
7956,34648,1270899956,0,NULL,NULL
7956,34664,1270899956,0,NULL,NULL
7956,34665,1270899956,0,NULL,NULL
7956,35527,1270899956,0,NULL,NULL
7956,24213,1270901317,0,NULL,NULL
7958,25738,1270793511,0,NULL,NULL
7958,26214,1270793511,0,NULL,NULL
7958,25787,1270793511,0,NULL,NULL
7958,25751,1270793511,1,NULL,NULL
7958,29666,1270793511,0,0.0,0.0
7958,29675,1270793511,0,NULL,NULL
7958,29662,1270793511,0,NULL,NULL
7958,30163,1270793511,1,NULL,NULL
7958,30139,1270793511,0,NULL,NULL
7958,30170,1270793511,0,NULL,NULL
7958,30717,1270793511,0,NULL,NULL
7960,25700,1270477521,1,NULL,NULL
7960,26546,1270477521,1,NULL,NULL
7960,16500,1270477521,0,NULL,NULL
7960,25714,1270477521,0,NULL,NULL
7960,25723,1270477521,1,NULL,NULL
7960,25713,1270477521,1,NULL,NULL
7960,25713,1270657609,-1,NULL,NULL
7960,25669,1270657609,0,NULL,NULL
7960,25723,1270657609,-1,NULL,NULL
7960,25714,1270657609,0,NULL,NULL
7960,16500,1270657609,0,NULL,NULL
7960,26546,1270657609,-1,NULL,NULL
7960,25700,1270657609,-1,NULL,NULL
7963,9411,1270621897,0,NULL,NULL
7963,28051,1270621897,0,NULL,NULL
7963,26220,1270621897,-1,NULL,NULL
7963,9404,1270621897,1,NULL,NULL
7963,18534,1270621897,0,NULL,NULL
7963,31257,1270625379,-1,NULL,NULL
7963,30804,1270621897,0,NULL,NULL
7963,30139,1270621897,0,NULL,NULL
7963,9396,1270621897,1,NULL,NULL
7963,27065,1270621897,0,NULL,NULL
7963,36438,1270621897,1,NULL,NULL
7963,10246,1270621897,0,NULL,NULL
7963,16820,1270636462,0,NULL,NULL
7963,16906,1270621897,0,NULL,NULL
7963,30812,1270621897,0,NULL,NULL
7963,26231,1270630966,0,NULL,NULL
7963,26236,1270630966,0,NULL,NULL
7963,16769,1270621897,1,NULL,NULL
7963,16488,1270621897,0,NULL,NULL
7963,28725,1270621897,0,NULL,NULL
7963,10550,1270621897,1,NULL,NULL
7963,30139,1270630966,1,NULL,NULL
7963,30220,1270630966,1,NULL,NULL
7963,17571,1270621897,0,NULL,NULL
7963,30119,1270625379,-1,NULL,NULL
7963,9401,1270621897,1,NULL,NULL
7963,25746,1270621897,1,NULL,NULL
7963,36731,1270621897,-1,NULL,NULL
7963,28415,1270621897,0,NULL,NULL
7963,25713,1270621897,0,NULL,NULL
7963,30100,1270621897,1,NULL,NULL
7963,27301,1270621897,1,NULL,NULL
7963,20301,1270621897,0,NULL,NULL
7963,30130,1270625379,-1,NULL,NULL
7963,25990,1270621897,0,NULL,NULL
7963,28473,1270621897,0,NULL,NULL
7963,27346,1270621897,0,NULL,NULL
7963,16491,1270621897,0,NULL,NULL
7963,36367,1270621897,-1,NULL,NULL
7963,26252,1270621897,-1,NULL,NULL
7964,29636,1270629965,-1,NULL,NULL
7965,36438,1270604784,1,NULL,NULL
7966,30804,1270483992,0,NULL,NULL
7966,25751,1270483992,0,NULL,NULL
7966,27260,1270483992,1,NULL,NULL
7966,30660,1270483992,0,NULL,NULL
7967,34696,1270385018,0,NULL,NULL
7967,34676,1270385018,0,NULL,NULL
7967,34678,1270385018,0,NULL,NULL
7967,34700,1270385018,0,NULL,NULL
7967,34701,1270385018,1,NULL,NULL
7967,34705,1270385018,0,NULL,NULL
7967,34664,1270385018,0,NULL,NULL
7967,34679,1270385018,1,NULL,NULL
7967,34702,1270385018,0,NULL,NULL
7967,34704,1270385018,0,NULL,NULL
7967,34685,1270385018,0,NULL,NULL
7967,34690,1270385018,0,NULL,NULL
7967,34703,1270385018,0,NULL,NULL
7967,34680,1270385018,0,NULL,NULL
7967,34669,1270385018,0,NULL,NULL
7967,34686,1270385018,0,NULL,NULL
7967,34694,1270385018,0,NULL,NULL
7967,34688,1270385018,0,NULL,NULL
7967,34695,1270385018,0,NULL,NULL
7967,34681,1270385018,0,NULL,NULL
7968,16498,1270284429,0,NULL,NULL
7968,4337,1270284429,0,NULL,NULL
7969,30056,1270225411,1,NULL,NULL
7969,30056,1270237250,0,NULL,NULL
7971,22439,1270193609,0,NULL,NULL
7971,4337,1270193609,0,NULL,NULL
7973,8356,1269930509,-1,NULL,NULL
7973,8359,1269930509,0,NULL,NULL
7973,8361,1269930509,0,1.0,1.0
7974,15806,1269929613,-1,NULL,NULL
7974,8369,1269929613,1,NULL,NULL
7975,25987,1269883744,0,NULL,NULL
7975,29575,1269883744,1,NULL,NULL
7975,29577,1269883744,1,NULL,NULL
7975,26470,1269883744,0,NULL,NULL
7975,29579,1269883744,0,NULL,NULL
7975,36342,1269883744,1,NULL,NULL
7975,29576,1269883744,0,NULL,NULL
7975,29570,1269883744,0,NULL,NULL
7975,29578,1269883744,0,NULL,NULL
7976,4335,1269788869,1,NULL,NULL
7976,4335,1269859695,1,NULL,NULL
7977,25987,1269859093,1,NULL,NULL
7977,25988,1269859093,1,NULL,NULL
7980,30032,1269788456,0,NULL,NULL
7981,25787,1269764074,1,NULL,NULL
7983,27852,1269590580,0,NULL,NULL
7983,27943,1269590580,0,NULL,NULL
7983,27805,1269590580,0,NULL,NULL
7983,26223,1269590580,1,NULL,NULL
7983,25653,1269590580,1,NULL,NULL
7983,27901,1269590580,0,NULL,NULL
7983,27808,1269590580,0,NULL,NULL
7983,27850,1269590580,0,NULL,NULL
7983,28334,1269590580,0,NULL,NULL
7983,30839,1269590580,0,NULL,NULL
7983,28098,1269590580,0,NULL,NULL
7983,25991,1269590580,0,NULL,NULL
7983,27866,1269590580,0,NULL,NULL
7983,27907,1269590580,0,NULL,NULL
7983,27801,1269590580,0,NULL,NULL
7983,28328,1269590580,0,NULL,NULL
7983,28336,1269590580,0,NULL,NULL
7983,27853,1269590580,0,NULL,NULL
7983,28597,1269590580,0,NULL,NULL
7983,26890,1269590580,0,NULL,NULL
7983,27473,1269590580,0,NULL,NULL
7983,27909,1269590580,0,NULL,NULL
7983,28735,1269590580,0,NULL,NULL
7983,28596,1269590580,0,NULL,NULL
7983,36459,1269590580,0,NULL,NULL
7983,27811,1269590580,0,NULL,NULL
7983,28080,1269590580,0,NULL,NULL
7983,27750,1269590580,0,NULL,NULL
7983,31054,1269590580,0,NULL,NULL
7983,26223,1269585975,0,NULL,NULL
7983,26417,1269590580,0,NULL,NULL
7983,26891,1269590580,0,NULL,NULL
7983,28727,1269590580,0,NULL,NULL
7983,26421,1269590580,0,NULL,NULL
7983,28701,1269590580,0,NULL,NULL
7983,27897,1269590580,0,NULL,NULL
7983,27944,1269590580,0,NULL,NULL
7983,28700,1269590580,0,NULL,NULL
7983,27905,1269590580,0,NULL,NULL
7983,27500,1269590580,0,NULL,NULL
7985,25965,1269334186,0,NULL,NULL
7985,26034,1269334186,0,NULL,NULL
7985,26078,1269334186,0,NULL,NULL
7985,17713,1269497557,0,NULL,NULL
7985,12316,1269497557,0,NULL,NULL
7985,7238,1269497557,0,NULL,NULL
7985,10072,1269497557,0,NULL,NULL
7986,35984,1269446227,0,NULL,NULL
7986,35985,1269446227,0,NULL,NULL
7987,25886,1269419206,0,NULL,NULL
7987,36309,1269419206,0,NULL,NULL
7987,25660,1269419228,0,NULL,NULL
7988,21361,1269418729,-1,NULL,NULL
7990,35325,1269260488,0,NULL,NULL
7991,25987,1269256967,0,NULL,NULL
7991,25990,1269256967,1,NULL,NULL
7992,36731,1269250052,-1,NULL,NULL
7994,1961,1268924895,0,NULL,NULL
7994,2242,1269174525,0,NULL,NULL
7994,1961,1269174525,1,NULL,NULL
7994,5702,1269174525,1,NULL,NULL
7994,11417,1269174525,0,NULL,NULL
7994,35525,1269174525,1,NULL,NULL
7994,36849,1269174525,0,NULL,NULL
7995,31094,1269159416,0,NULL,NULL
7995,30684,1269159416,-1,NULL,NULL
7995,31108,1269159416,0,NULL,NULL
7997,36820,1268988976,0,NULL,NULL
8001,36099,1268902099,0,NULL,NULL
8001,29607,1268902099,0,NULL,NULL
8001,28327,1268902099,1,NULL,NULL
8002,30404,1268854823,1,NULL,NULL
8002,31063,1268854823,0,NULL,NULL
8002,36370,1268854823,0,NULL,NULL
8002,31478,1268854823,0,NULL,NULL
8003,30722,1268795127,1,NULL,NULL
8003,35400,1268798988,1,NULL,NULL
8003,36886,1268798988,0,NULL,NULL
8006,29638,1268716443,1,NULL,NULL
8007,25886,1268563030,-1,NULL,NULL
8007,30715,1268563030,0,NULL,NULL
8007,28847,1268563030,0,NULL,NULL
8007,36309,1268563030,1,NULL,NULL
8007,25876,1268563030,1,0.0,0.0
8007,25660,1268563030,0,NULL,NULL
8007,25876,1268563431,-1,NULL,NULL
8007,25876,1268581549,1,NULL,NULL
8007,36309,1268581549,1,NULL,NULL
8007,36308,1268581549,-1,NULL,NULL
8007,25703,1268581549,0,NULL,NULL
8007,25700,1268581549,-1,NULL,NULL
8007,30684,1268581549,1,NULL,NULL
8007,30694,1268581549,0,NULL,NULL
8007,25876,1268583258,1,NULL,NULL
8007,36309,1268583258,1,NULL,NULL
8008,25660,1268543729,1,NULL,NULL
8008,25700,1268543729,1,NULL,NULL
8009,25660,1268480061,1,NULL,NULL
8009,36307,1268480061,0,NULL,NULL
8009,25886,1268480061,1,NULL,NULL
8009,36309,1268480061,1,NULL,NULL
8010,20273,1268426174,0,NULL,NULL
8010,20289,1268426174,0,NULL,NULL
8010,20270,1268426174,1,NULL,NULL
8011,36437,1268298492,0,NULL,NULL
8011,36691,1268298492,0,NULL,NULL
8011,8298,1268298492,0,NULL,NULL
8011,36439,1268298492,0,NULL,NULL
8011,36438,1268298492,0,NULL,NULL
8012,30140,1268309134,1,NULL,NULL
8012,35995,1268309134,0,NULL,NULL
8012,25782,1268309134,1,NULL,NULL
8013,30108,1268303929,1,NULL,NULL
8013,26218,1268303929,0,NULL,NULL
8014,35525,1268042069,1,NULL,NULL
8014,11417,1268103073,0,NULL,NULL
8014,11417,1268297830,0,NULL,NULL
8015,25776,1268236013,1,NULL,NULL
8016,26140,1268216067,1,NULL,NULL
8016,25738,1268216067,1,NULL,NULL
8016,26286,1268216067,1,NULL,NULL
8016,26289,1268216067,1,NULL,NULL
8016,25961,1268216067,1,0.0,0.0
8016,26402,1268216067,0,NULL,NULL
8016,36073,1268221317,0,NULL,NULL
8016,4860,1268221317,0,NULL,NULL
8017,25987,1268206714,1,NULL,NULL
8018,21180,1268187620,0,NULL,NULL
8018,21176,1268187620,0,NULL,NULL
8018,15775,1268187620,0,NULL,NULL
8018,11412,1268187620,0,NULL,NULL
8018,8270,1268187620,1,NULL,NULL
8018,36375,1268187620,0,NULL,NULL
8018,35517,1268187620,0,NULL,NULL
8018,18017,1268187620,0,NULL,NULL
8018,21175,1268187620,0,NULL,NULL
8018,15773,1268187620,0,NULL,NULL
8018,35522,1268187620,0,NULL,NULL
8018,35525,1268187620,1,NULL,NULL
8018,35527,1268187620,0,NULL,NULL
8018,35401,1268187620,0,NULL,NULL
8018,35526,1268187620,0,NULL,NULL
8019,15775,1267505086,0,NULL,NULL
8019,15773,1267505086,0,NULL,NULL
8019,8298,1268115586,0,NULL,NULL
8021,26242,1267861546,0,NULL,NULL
8021,30103,1267861546,1,NULL,NULL
8021,25972,1267861546,0,NULL,NULL
8021,26252,1267861546,1,NULL,NULL
8021,30219,1267861546,0,NULL,NULL
8021,26244,1267866545,1,NULL,NULL
8021,25925,1267861546,0,0.0,0.0
8021,30234,1267863899,0,NULL,NULL
8021,26029,1267861546,1,NULL,NULL
8021,30057,1267861546,1,NULL,NULL
8021,25987,1267861546,0,NULL,NULL
8021,26215,1267861546,1,NULL,NULL
8021,25990,1267861546,1,NULL,NULL
8021,25787,1267863899,0,NULL,NULL
8021,4784,1267861546,1,NULL,NULL
8021,36731,1267861546,1,NULL,NULL
8021,28415,1267861546,0,NULL,NULL
8021,25782,1267861546,0,NULL,NULL
8021,26244,1267863899,1,NULL,NULL
8021,4855,1267861546,1,NULL,NULL
8021,36887,1267861546,0,NULL,NULL
8021,25969,1267861546,0,NULL,NULL
8021,30106,1267861546,1,NULL,NULL
8021,30219,1267863899,1,NULL,NULL
8021,25751,1267861546,0,NULL,NULL
8021,30386,1267863899,1,NULL,NULL
8021,25787,1267861546,1,NULL,NULL
8021,26256,1267861546,1,NULL,NULL
8021,26220,1267861546,0,NULL,NULL
8021,28591,1267861546,0,NULL,NULL
8021,25779,1267861546,1,0.0,0.0
8021,26022,1267861546,1,NULL,NULL
8021,25751,1267863899,0,NULL,NULL
8021,25996,1267866545,0,NULL,NULL
8021,26245,1267861546,1,NULL,NULL
8021,26216,1267861546,0,NULL,NULL
8021,26025,1267861546,1,NULL,NULL
8021,22446,1267861546,0,NULL,NULL
8021,25996,1267863899,0,NULL,NULL
8021,25958,1267861546,0,NULL,NULL
8022,21208,1267716954,0,NULL,NULL
8022,30670,1267716954,0,NULL,NULL
8022,30110,1267716954,1,NULL,NULL
8022,29536,1267716954,1,NULL,NULL
8022,25987,1267716954,0,NULL,NULL
8023,30694,1267709880,1,NULL,NULL
8023,25660,1267709880,1,NULL,NULL
8023,25754,1267709880,0,NULL,NULL
8023,36309,1267709880,1,NULL,NULL
8023,25886,1267709880,0,NULL,NULL
8023,36315,1267709880,0,NULL,NULL
8024,26256,1267698154,-1,NULL,NULL
8024,36315,1267698154,1,NULL,NULL
8024,28404,1267698154,0,NULL,NULL
8024,36319,1267698154,0,NULL,NULL
8026,35325,1267620827,1,NULL,NULL
8026,17975,1267620827,0,NULL,NULL
8026,36907,1267625900,0,NULL,NULL
8026,35325,1267693234,-1,NULL,NULL
8026,17975,1267693234,0,NULL,NULL
8027,31342,1266944402,0,NULL,NULL
8027,31315,1267611020,1,NULL,NULL
8027,31315,1267450574,1,NULL,NULL
8027,31342,1267463571,0,NULL,NULL
8027,31317,1267450574,0,NULL,NULL
8027,31327,1267526049,0,NULL,NULL
8027,29613,1266942905,1,NULL,NULL
8027,31339,1267463571,0,NULL,NULL
8027,31342,1266942905,0,NULL,NULL
8027,25990,1267450574,0,NULL,NULL
8027,31336,1267450574,0,NULL,NULL
8027,31344,1267450574,0,NULL,NULL
8027,31339,1267002058,0,NULL,NULL
8027,25925,1267450574,0,NULL,NULL
8027,25969,1267450574,0,NULL,NULL
8027,31315,1267463105,1,NULL,NULL
8027,31336,1267451887,1,NULL,NULL
8027,31317,1266998471,0,NULL,NULL
8027,31326,1267536004,0,NULL,NULL
8027,31315,1267463571,0,NULL,NULL
8027,31317,1267526049,1,NULL,NULL
8027,31340,1267450574,0,NULL,NULL
8027,26266,1267002058,0,NULL,NULL
8027,31315,1267002058,0,NULL,NULL
8027,31338,1267450574,0,NULL,NULL
8027,31315,1267526049,1,NULL,NULL
8027,31338,1267002058,0,NULL,NULL
8027,31342,1266999116,1,NULL,NULL
8027,31340,1267002058,0,NULL,NULL
8027,31339,1267450574,0,NULL,NULL
8027,31317,1267002058,0,NULL,NULL
8027,31327,1267536004,0,NULL,NULL
8027,31340,1267463571,0,NULL,NULL
8027,31342,1267002058,0,NULL,NULL
8027,31342,1267450574,0,NULL,NULL
8027,31315,1267451887,1,NULL,NULL
8027,26256,1267002058,0,NULL,NULL
8027,31315,1266944402,0,NULL,NULL
8027,31317,1266944402,0,NULL,NULL
8027,29613,1267002058,1,NULL,NULL
8028,14452,1267545978,0,NULL,NULL
8028,11401,1267545978,0,NULL,NULL
8028,8270,1267545978,1,NULL,NULL
8028,11400,1267545978,0,NULL,NULL
8028,15774,1267545978,0,NULL,NULL
8030,22367,1267509915,0,NULL,NULL
8030,16481,1267509915,0,NULL,NULL
8030,22365,1267509915,0,NULL,NULL
8032,36410,1267452803,1,NULL,NULL
8032,20273,1267452803,1,NULL,NULL
8032,20289,1267452803,1,NULL,NULL
8032,8318,1267452803,1,NULL,NULL
8032,4654,1267452803,-1,NULL,NULL
8033,30130,1267440271,0,NULL,NULL
8033,25787,1267440271,0,NULL,NULL
8034,30322,1267348449,1,NULL,NULL
8034,25766,1267348449,0,NULL,NULL
8034,25751,1267348449,1,NULL,NULL
8034,25787,1267348449,1,NULL,NULL
8035,25991,1267267678,1,NULL,NULL
8035,25974,1267267678,1,0.0,0.0
8035,26222,1267267678,1,NULL,NULL
8035,25653,1267267678,1,NULL,NULL
8035,26223,1267267678,1,NULL,NULL
8037,25886,1267190070,1,NULL,NULL
8037,36309,1267190070,0,NULL,NULL
8037,25660,1267190070,0,NULL,NULL
8038,28221,1267165860,0,NULL,NULL
8038,25969,1267165860,-1,NULL,NULL
8038,26022,1267165860,0,NULL,NULL
8038,28227,1267165860,0,NULL,NULL
8039,36924,1265681137,0,NULL,NULL
8039,36931,1265681137,0,NULL,NULL
8039,36909,1265681137,0,NULL,NULL
8039,22359,1265681137,0,NULL,NULL
8039,22358,1265681137,0,NULL,NULL
8039,36926,1265681137,0,NULL,NULL
8039,36928,1265681137,0,NULL,NULL
8039,36929,1265681137,0,NULL,NULL
8039,25651,1265702792,0,0.0,0.0
8039,22358,1265702792,0,NULL,NULL
8039,22359,1265702792,0,NULL,NULL
8039,36909,1265702792,0,NULL,NULL
8039,25706,1267017377,0,NULL,NULL
8039,16479,1267017377,0,NULL,NULL
8039,16478,1267017377,0,NULL,NULL
8039,16477,1267017377,0,NULL,NULL
8039,22365,1267017377,0,NULL,NULL
8039,9368,1267017377,0,NULL,NULL
8039,4343,1267017377,0,NULL,NULL
8040,36555,1266915646,0,NULL,NULL
8040,35527,1266915646,0,NULL,NULL
8040,35325,1266915646,-1,NULL,NULL
8040,31367,1266915646,0,NULL,NULL
8040,31399,1266915646,0,NULL,NULL
8040,36413,1266915646,0,NULL,NULL
8040,17976,1266915646,0,NULL,NULL
8040,36848,1266915646,-1,NULL,NULL
8040,34649,1266915646,0,NULL,NULL
8040,31366,1266915646,-1,NULL,NULL
8040,31369,1266915646,0,NULL,NULL
8040,31391,1266915646,-1,NULL,NULL
8040,34648,1266915646,0,NULL,NULL
8040,36851,1266915646,1,NULL,NULL
8040,34665,1266915646,0,NULL,NULL
8040,34664,1266915646,0,NULL,NULL
8040,31370,1266915646,1,NULL,NULL
8040,10477,1266915646,0,NULL,NULL
8040,8766,1266915646,-1,NULL,NULL
8040,17640,1266915646,1,NULL,NULL
8040,11417,1266915646,-1,NULL,NULL
8040,5689,1266915646,-1,NULL,NULL
8040,5715,1266915646,0,NULL,NULL
8040,5615,1266915646,0,NULL,NULL
8040,1961,1266915646,1,NULL,NULL
8040,2242,1266915646,0,NULL,NULL
8040,4709,1266915646,1,NULL,NULL
8040,5702,1266915646,1,NULL,NULL
8040,434,1266915646,0,NULL,NULL
8040,1041,1266915646,0,NULL,NULL
8040,31370,1266924530,0,NULL,NULL
8040,1961,1266924530,1,NULL,NULL
8040,1041,1266924530,0,NULL,NULL
8040,4709,1266924530,0,NULL,NULL
8040,1961,1266929215,-1,NULL,NULL
8040,1041,1266990429,0,NULL,NULL
8040,1961,1266990429,0,NULL,NULL
8043,26786,1266843981,0,NULL,NULL
8043,27386,1266843981,0,NULL,NULL
8043,26785,1266843981,0,NULL,NULL
8043,30142,1266843981,0,NULL,NULL
8043,30111,1266843981,0,NULL,NULL
8043,26784,1266843981,0,NULL,NULL
8044,27298,1266666980,0,NULL,NULL
8044,30687,1266666980,1,NULL,NULL
8044,30844,1266666980,0,0.0,0.0
8044,31017,1266666980,-1,NULL,NULL
8044,26220,1266666980,0,NULL,NULL
8044,30139,1266666980,1,NULL,NULL
8045,4337,1266601119,1,NULL,NULL
8045,17308,1266601119,1,NULL,NULL
8045,27017,1266601119,0,NULL,NULL
8045,25751,1266601119,1,NULL,NULL
8045,36810,1266601119,-1,NULL,NULL
8047,25876,1266576278,0,0.0,0.0
8047,26004,1266576278,1,NULL,NULL
8048,29719,1266501679,0,NULL,NULL
8048,25925,1266501679,0,NULL,NULL
8048,30056,1266501679,0,NULL,NULL
8048,29719,1266574608,0,NULL,NULL
8048,27071,1266574608,1,NULL,NULL
8049,25925,1266492459,1,NULL,NULL
8049,26256,1266492459,1,NULL,NULL
8051,25665,1266479691,1,NULL,NULL
8051,26432,1266479691,0,NULL,NULL
8052,17764,1266476146,1,NULL,NULL
8052,12183,1266476146,1,NULL,NULL
8052,2080,1266476146,1,NULL,NULL
8052,98,1266476146,0,0.0,0.0
8053,8538,1266422768,0,NULL,NULL
8053,5413,1266422768,0,NULL,NULL
8054,17775,1266422550,1,NULL,NULL
8055,5410,1266422151,0,NULL,NULL
8055,9778,1266422151,0,NULL,NULL
8056,16391,1266352750,0,NULL,NULL
8059,16122,1265769575,0,NULL,NULL
8059,16121,1265769575,0,NULL,NULL
8059,16121,1265958122,0,NULL,NULL
8059,16122,1265958122,0,NULL,NULL
8060,29579,1265902828,1,NULL,NULL
8060,36342,1265902828,1,NULL,NULL
8060,22512,1265902828,0,NULL,NULL
8060,36342,1265903575,1,NULL,NULL
8060,36342,1265903765,1,NULL,NULL
8061,24836,1265878553,1,NULL,NULL
8062,35662,1265843462,1,NULL,NULL
8062,31389,1265843462,0,NULL,NULL
8063,35662,1265812165,0,NULL,NULL
8064,25687,1265799465,1,NULL,NULL
8064,529,1265799465,0,NULL,NULL
8064,25687,1265804112,1,NULL,NULL
8064,18933,1265804112,0,NULL,NULL
8065,35482,1265706411,0,NULL,NULL
8065,35483,1265706411,0,NULL,NULL
8065,35482,1265710092,0,NULL,NULL
8065,5615,1265794733,1,NULL,NULL
8065,21184,1265794733,0,NULL,NULL
8066,25687,1265792145,1,NULL,NULL
8066,26466,1265792145,1,NULL,NULL
8067,36307,1265635061,0,NULL,NULL
8067,25886,1265635061,1,NULL,NULL
8067,4337,1265635061,0,NULL,NULL
8067,16498,1265635061,1,NULL,NULL
8067,25660,1265635061,1,NULL,NULL
8067,25751,1265635061,1,NULL,NULL
8067,27012,1265790530,0,NULL,NULL
8067,29621,1265790530,0,NULL,NULL
8068,36288,1263562939,1,NULL,NULL
8068,28155,1263562939,1,NULL,NULL
8068,25791,1263562939,0,NULL,NULL
8068,27562,1263562939,0,NULL,NULL
8068,27562,1265703228,0,NULL,NULL
8068,27562,1265729594,1,NULL,NULL
8068,26214,1265729594,1,NULL,NULL
8068,26242,1265729594,0,NULL,NULL
8069,31549,1265712138,0,NULL,NULL
8069,474,1265712138,1,NULL,NULL
8069,31573,1265712138,0,NULL,NULL
8069,31553,1265712138,1,NULL,NULL
8070,36321,1265701995,0,NULL,NULL
8070,31027,1265701995,0,NULL,NULL
8070,31024,1265701995,0,NULL,NULL
8070,30226,1265701995,0,NULL,NULL
8070,30832,1265701995,0,NULL,NULL
8070,30139,1265701995,1,NULL,NULL
8070,30671,1265701995,1,NULL,NULL
8070,26214,1265701995,1,NULL,NULL
8071,34663,1265535521,0,NULL,NULL
8071,34641,1265535521,0,NULL,NULL
8071,34647,1265535521,0,NULL,NULL
8071,34649,1265535521,0,NULL,NULL
8071,34665,1265535521,0,NULL,NULL
8071,34664,1265535521,0,NULL,NULL
8071,34661,1265535521,0,NULL,NULL
8071,34648,1265535521,0,NULL,NULL
8072,20886,1265361254,1,NULL,NULL
8073,26222,1265276226,1,NULL,NULL
8073,28452,1265276226,0,NULL,NULL
8074,30386,1265254660,1,NULL,NULL
8074,30386,1265267236,0,NULL,NULL
8075,35984,1265263932,0,NULL,NULL
8076,31212,1265252954,1,NULL,NULL
8076,36437,1265252954,1,NULL,NULL
8078,27830,1265195348,0,NULL,NULL
8078,25782,1265195348,1,NULL,NULL
8078,25751,1265195348,1,NULL,NULL
8078,9404,1265195348,0,NULL,NULL
8079,31396,1265195027,0,NULL,NULL
8079,31398,1265195027,0,NULL,NULL
8079,31382,1265195027,0,NULL,NULL
8079,36851,1265195208,0,NULL,NULL
8079,17999,1265195208,0,NULL,NULL
8079,18000,1265195208,0,NULL,NULL
8081,25703,1265111922,1,NULL,NULL
8081,25713,1265111922,0,NULL,NULL
8081,26568,1265111922,-1,NULL,NULL
8082,15934,1264735446,1,NULL,NULL
8082,15934,1265110506,0,NULL,NULL
8083,25653,1265035447,1,NULL,NULL
8083,26222,1265035447,1,NULL,NULL
8083,26223,1265035447,1,NULL,NULL
8083,30896,1265035637,1,NULL,NULL
8083,30295,1265035637,1,NULL,NULL
8084,26961,1265026880,1,NULL,NULL
8084,25738,1265026880,0,NULL,NULL
8085,4655,1265021016,1,NULL,NULL
8085,8311,1265024321,0,NULL,NULL
8087,24836,1264990491,0,NULL,NULL
8088,36410,1264912503,1,NULL,NULL
8089,8299,1264799548,1,NULL,NULL
8090,31147,1264765902,1,NULL,NULL
8091,30079,1264660377,1,NULL,NULL
8091,16952,1264660377,0,NULL,NULL
8091,9813,1264660377,0,NULL,NULL
8091,4322,1264660377,0,NULL,NULL
8091,30079,1264758934,0,NULL,NULL
8091,25651,1264759399,0,0.0,0.0
8091,16952,1264759399,1,NULL,NULL
8091,26109,1264759399,0,NULL,NULL
8091,4322,1264759399,0,NULL,NULL
8091,9813,1264759399,0,NULL,NULL
8092,31147,1264756746,0,NULL,NULL
8093,25700,1264752032,1,NULL,NULL
8094,25776,1264672894,0,NULL,NULL
8096,25751,1264623620,1,NULL,NULL
8096,25785,1264623620,0,NULL,NULL
8097,35325,1264599614,-1,NULL,NULL
8097,17640,1264599614,1,1.0,1.0
8099,4337,1264508440,1,NULL,NULL
8099,25751,1264508440,0,NULL,NULL
8099,36809,1264508440,0,NULL,NULL
8099,35061,1264508564,0,NULL,NULL
8100,18120,1264388451,1,NULL,NULL
8100,20301,1264388451,1,NULL,NULL
8100,4656,1264388451,1,NULL,NULL
8102,25751,1264173590,1,NULL,NULL
8102,27215,1264173590,0,NULL,NULL
8102,27226,1264173590,0,NULL,NULL
8102,27353,1264173590,1,NULL,NULL
8102,30170,1264173590,-1,NULL,NULL
8102,27206,1264173590,0,NULL,NULL
8102,17837,1264336793,1,NULL,NULL
8103,4369,1263994354,1,NULL,NULL
8103,26087,1263994354,1,NULL,NULL
8103,4356,1264145182,0,NULL,NULL
8103,4688,1264145182,1,NULL,NULL
8103,4689,1264145182,1,NULL,NULL
8103,29659,1264145182,0,NULL,NULL
8103,29644,1264145182,0,NULL,NULL
8104,29645,1264074273,0,NULL,NULL
8105,35325,1264068894,1,NULL,NULL
8105,17640,1264068894,1,NULL,NULL
8106,244,1264063179,0,NULL,NULL
8106,246,1264063179,0,NULL,NULL
8106,7242,1264064228,0,NULL,NULL
8106,7239,1264064228,0,NULL,NULL
8106,4784,1264064228,0,NULL,NULL
8106,245,1264064228,0,NULL,NULL
8107,4656,1264023724,0,NULL,NULL
8109,27299,1263986513,0,NULL,NULL
8109,30175,1263986513,1,NULL,NULL
8109,30163,1263986513,0,NULL,NULL
8110,27299,1263882773,-1,NULL,NULL
8111,27562,1263881079,0,NULL,NULL
8111,27563,1263881079,0,NULL,NULL
8112,36168,1262691077,0,NULL,NULL
8112,8727,1262691077,1,NULL,NULL
8112,8712,1262691077,0,0.0,0.0
8112,30070,1263047103,0,NULL,NULL
8112,26893,1263047103,0,NULL,NULL
8112,26087,1263047103,0,1.0,1.0
8112,4369,1263047103,0,NULL,NULL
8112,8727,1263047103,1,NULL,NULL
8112,8712,1263047103,0,NULL,NULL
8112,8712,1263181544,1,0.0,0.0
8112,8727,1263181544,-1,NULL,NULL
8112,36174,1263181544,0,NULL,NULL
8112,4369,1263354477,0,NULL,NULL
8112,8712,1263354477,1,NULL,NULL
8112,21088,1263354477,0,NULL,NULL
8112,36174,1263354477,0,NULL,NULL
8112,21068,1263867752,0,NULL,NULL
8112,21069,1263867752,0,NULL,NULL
8112,4369,1263867752,0,NULL,NULL
8112,21070,1263867752,0,NULL,NULL
8112,21063,1263867752,0,NULL,NULL
8113,26137,1263834934,-1,NULL,NULL
8113,26126,1263834934,0,NULL,NULL
8113,25736,1263834934,0,0.0,0.0
8113,26128,1263834934,0,NULL,NULL
8113,26134,1263834934,0,NULL,NULL
8113,25665,1263834934,1,NULL,NULL
8113,25661,1263834934,-1,NULL,NULL
8113,25738,1263834934,0,NULL,NULL
8113,26432,1263834934,0,NULL,NULL
8113,30081,1263834934,0,NULL,NULL
8113,26120,1263834934,1,NULL,NULL
8114,15750,1263803423,1,NULL,NULL
8114,15743,1263803423,1,NULL,NULL
8114,15752,1263803423,1,NULL,NULL
8114,15748,1263803423,1,NULL,NULL
8114,15753,1263803423,1,NULL,NULL
8115,26126,1263646178,1,NULL,NULL
8115,25650,1263646178,0,0.0,0.0
8115,25649,1263646178,0,0.0,0.0
8115,25660,1263646178,0,NULL,NULL
8115,25661,1263646178,0,NULL,NULL
8116,30670,1263403146,0,NULL,NULL
8116,36944,1263459724,0,NULL,NULL
8116,36943,1263459724,0,NULL,NULL
8116,36944,1263464486,1,NULL,NULL
8116,36943,1263464486,1,NULL,NULL
8116,36942,1263472563,1,NULL,NULL
8116,36941,1263472563,1,NULL,NULL
8116,36941,1263478102,1,NULL,NULL
8116,36942,1263478102,1,NULL,NULL
8116,36942,1263480957,1,NULL,NULL
8116,36941,1263480957,1,NULL,NULL
8116,26432,1263632784,0,NULL,NULL
8116,25665,1263632784,0,NULL,NULL
8117,35394,1263556007,0,NULL,NULL
8117,35379,1263556007,0,NULL,NULL
8118,36880,1263546195,0,NULL,NULL
8118,29640,1263546195,0,NULL,NULL
8118,25660,1263546195,0,NULL,NULL
8118,29638,1263546195,1,NULL,NULL
8118,29649,1263546195,0,NULL,NULL
8119,7618,1263543904,0,NULL,NULL
8119,4356,1263543904,-1,NULL,NULL
8121,30081,1263461353,1,NULL,NULL
8121,30694,1263461353,1,NULL,NULL
8122,4655,1263460987,0,NULL,NULL
8123,4655,1263397033,1,NULL,NULL
8123,12344,1263457150,1,NULL,NULL
8123,4655,1263457150,-1,NULL,NULL
8125,36309,1263363348,1,NULL,NULL
8125,25886,1263363348,0,NULL,NULL
8126,31149,1263291754,0,NULL,NULL
8126,31162,1263291754,-1,NULL,NULL
8126,31164,1263291754,0,NULL,NULL
8126,31157,1263291754,1,NULL,NULL
8126,31169,1263291754,1,NULL,NULL
8126,31171,1263291754,1,NULL,NULL
8126,31151,1263291754,0,NULL,NULL
8126,31152,1263291754,0,NULL,NULL
8126,31163,1263291754,0,NULL,NULL
8127,4736,1263280876,1,NULL,NULL
8127,4735,1263280876,0,NULL,NULL
8127,7293,1263280876,0,NULL,NULL
8128,30226,1263225270,0,NULL,NULL
8128,30224,1263225270,0,NULL,NULL
8129,30838,1263221455,0,NULL,NULL
8129,30257,1263221455,0,NULL,NULL
8129,30832,1263221455,0,NULL,NULL
8129,36940,1263221455,0,NULL,NULL
8129,16657,1263221455,0,NULL,NULL
8129,30224,1263221455,0,NULL,NULL
8129,30144,1263221455,0,NULL,NULL
8129,30671,1263221455,1,NULL,NULL
8130,4744,1262946790,0,NULL,NULL
8130,8825,1262946790,0,NULL,NULL
8130,10306,1262946790,1,NULL,NULL
8131,35392,1262937628,0,NULL,NULL
8131,35379,1262937628,0,NULL,NULL
8131,35386,1262937628,0,NULL,NULL
8131,35390,1262937628,0,NULL,NULL
8132,99,1262930031,0,NULL,NULL
8133,30142,1262866383,1,NULL,NULL
8134,25987,1262719134,0,NULL,NULL
8134,4337,1262719134,0,NULL,NULL
8134,25958,1262719134,0,NULL,NULL
8134,25984,1262719134,0,NULL,NULL
8134,25972,1262719134,0,NULL,NULL
8134,26031,1262719134,0,NULL,NULL
8134,25960,1262719134,0,NULL,NULL
8134,25974,1262719134,0,NULL,NULL
8134,25959,1262719134,0,NULL,NULL
8134,27997,1262768185,0,NULL,NULL
8134,4337,1262768185,-1,NULL,NULL
8135,16500,1262703032,1,NULL,NULL
8135,16498,1262703032,0,NULL,NULL
8136,30103,1262692713,0,NULL,NULL
8136,30719,1262692713,0,NULL,NULL
8136,27284,1262692713,1,NULL,NULL
8139,27549,1262541198,0,NULL,NULL
8139,25703,1262541198,1,NULL,NULL
8139,26546,1262541198,1,NULL,NULL
8139,25702,1262541198,0,NULL,NULL
8139,16500,1262541198,0,NULL,NULL
8139,25660,1262541198,1,NULL,NULL
8139,25695,1262541198,0,NULL,NULL
8139,25703,1262587558,-1,NULL,NULL
8140,16501,1262505222,1,NULL,NULL
8140,16491,1262505222,1,NULL,NULL
8140,16498,1262505222,0,NULL,NULL
8140,16488,1262505222,1,NULL,NULL
8140,16500,1262505222,1,NULL,NULL
8140,16489,1262505222,1,NULL,NULL
8142,25651,1262408088,0,0.0,0.0
8142,16062,1262408088,1,NULL,NULL
8144,4803,1262156464,1,0.0,0.0
8145,35100,1262063160,0,NULL,NULL
8145,34927,1262063160,0,NULL,NULL
8146,36571,1262062790,0,NULL,NULL
8146,36803,1262062790,0,NULL,NULL
8146,36572,1262062790,0,0.0,0.0
8146,36802,1262062790,1,NULL,NULL
8147,36257,1262007260,0,NULL,NULL
8148,25987,1261312024,0,NULL,NULL
8148,30057,1261312024,0,NULL,NULL
8148,25766,1261312024,1,NULL,NULL
8148,27353,1261312024,1,NULL,NULL
8148,26222,1261312024,-1,NULL,NULL
8148,25751,1261312024,0,NULL,NULL
8148,26199,1261312024,0,NULL,NULL
8148,4337,1261312024,1,NULL,NULL
8148,30057,1261317181,0,NULL,NULL
8148,30277,1261317181,1,NULL,NULL
8148,25787,1261317181,0,NULL,NULL
8148,16233,1261473966,1,NULL,NULL
8148,30117,1261480456,0,NULL,NULL
8148,30142,1261480456,0,NULL,NULL
8148,25751,1261480456,0,NULL,NULL
8148,25787,1261480456,1,NULL,NULL
8148,26402,1261480966,1,NULL,NULL
8148,36073,1261481001,1,NULL,NULL
8148,4860,1261481001,1,NULL,NULL
8148,16233,1261828830,1,NULL,NULL
8148,4337,1261828830,1,NULL,NULL
8148,25787,1261828830,1,NULL,NULL
8148,25751,1261828830,1,NULL,NULL
8148,25782,1261828830,1,NULL,NULL
8148,30219,1261828830,0,NULL,NULL
8148,28122,1261828830,1,NULL,NULL
8148,28119,1261828830,1,NULL,NULL
8148,26004,1261828830,1,NULL,NULL
8148,28123,1261828830,1,NULL,NULL
8148,29644,1261828830,0,NULL,NULL
8148,25787,1261839486,-1,NULL,NULL
8148,99,1261839486,1,NULL,NULL
8148,4748,1261839486,1,NULL,NULL
8148,36538,1261839486,1,NULL,NULL
8148,29644,1261839486,1,NULL,NULL
8148,30057,1261839486,0,NULL,NULL
8149,9635,1261748447,0,NULL,NULL
8149,9632,1261748447,1,NULL,NULL
8149,16777,1261748447,0,NULL,NULL
8149,9634,1261748447,0,NULL,NULL
8149,36951,1261748447,0,NULL,NULL
8149,16779,1261748447,0,NULL,NULL
8149,22753,1261748447,0,NULL,NULL
8149,34593,1261748524,0,NULL,NULL
8150,4736,1261731183,1,NULL,NULL
8151,15737,1261649620,0,NULL,NULL
8151,19847,1261649620,-1,NULL,NULL
8151,15752,1261649620,0,NULL,NULL
8151,15746,1261649620,0,NULL,NULL
8151,15744,1261649620,0,NULL,NULL
8151,15736,1261649620,0,NULL,NULL
8151,15732,1261649620,0,NULL,NULL
8151,15753,1261649620,0,NULL,NULL
8151,15748,1261649620,0,NULL,NULL
8151,648,1261649620,0,NULL,NULL
8151,8108,1261649620,0,NULL,NULL
8151,8106,1261649620,0,NULL,NULL
8151,8103,1261649620,0,NULL,NULL
8151,8111,1261649620,0,NULL,NULL
8151,8109,1261649620,0,NULL,NULL
8151,15735,1261649620,0,NULL,NULL
8151,15750,1261649620,0,NULL,NULL
8151,15745,1261649620,0,NULL,NULL
8151,15734,1261649620,0,NULL,NULL
8151,15747,1261649620,0,NULL,NULL
8151,15749,1261649620,0,NULL,NULL
8151,15722,1261649620,-1,NULL,NULL
8151,15743,1261649620,0,NULL,NULL
8151,15730,1261649620,-1,NULL,NULL
8151,15721,1261649620,-1,NULL,NULL
8151,15738,1261649620,0,NULL,NULL
8152,26072,1261646878,0,NULL,NULL
8153,16573,1261623117,0,NULL,NULL
8153,16489,1261623117,0,NULL,NULL
8153,18522,1261623117,0,NULL,NULL
8153,16655,1261623117,0,NULL,NULL
8153,16498,1261623117,1,NULL,NULL
8153,26792,1261623117,1,NULL,NULL
8153,22613,1261623117,1,NULL,NULL
8153,36700,1261623117,1,NULL,NULL
8154,26792,1261488856,0,NULL,NULL
8156,30108,1261469758,1,NULL,NULL
8156,30257,1261469758,0,NULL,NULL
8156,30132,1261469758,0,NULL,NULL
8156,27290,1261469758,1,NULL,NULL
8156,27297,1261469758,0,NULL,NULL
8156,26222,1261469758,0,NULL,NULL
8156,30694,1261469758,0,NULL,NULL
8156,30672,1261469758,0,NULL,NULL
8156,30414,1261469758,0,NULL,NULL
8156,30110,1261469758,1,0.0,0.0
8157,7360,1261460435,0,NULL,NULL
8157,416,1261460435,1,NULL,NULL
8158,25651,1261102332,0,0.0,0.0
8158,4371,1261130070,0,NULL,NULL
8158,4371,1261137216,0,NULL,NULL
8158,25651,1261137216,0,0.0,0.0
8158,26094,1261137216,0,NULL,NULL
8158,4371,1261373223,-1,NULL,NULL
8158,36603,1261384355,0,NULL,NULL
8159,25987,1261326799,1,NULL,NULL
8159,29710,1261326799,0,NULL,NULL
8159,26120,1261326799,0,NULL,NULL
8159,29709,1261326799,0,NULL,NULL
8159,25964,1261326799,0,NULL,NULL
8160,30070,1261299387,1,NULL,NULL
8160,30070,1261316363,1,NULL,NULL
8163,35390,1261061448,0,NULL,NULL
8163,35386,1261061448,0,NULL,NULL
8163,35379,1261061448,0,NULL,NULL
8163,35392,1261061448,0,NULL,NULL
8164,35395,1261055973,0,NULL,NULL
8165,10247,1261044391,0,NULL,NULL
8165,9951,1261044391,0,NULL,NULL
8165,9927,1261044391,0,NULL,NULL
8165,9950,1261044391,0,NULL,NULL
8165,14481,1261044391,0,NULL,NULL
8165,14512,1261044391,0,NULL,NULL
8165,16572,1261044391,0,NULL,NULL
8165,17686,1261044391,0,NULL,NULL
8165,9948,1261044391,0,NULL,NULL
8165,9949,1261044391,0,NULL,NULL
8165,9398,1261044391,0,NULL,NULL
8165,22515,1261044391,0,NULL,NULL
8165,22585,1261044391,0,NULL,NULL
8165,36374,1261044391,0,NULL,NULL
8165,27260,1261044391,0,NULL,NULL
8166,27260,1261037404,0,NULL,NULL
8166,30660,1261037404,-1,NULL,NULL
8167,28095,1260974324,0,NULL,NULL
8167,28207,1260974324,0,NULL,NULL
8167,26222,1260974324,0,NULL,NULL
8167,30062,1260974324,1,0.0,0.0
8167,30672,1260974324,1,NULL,NULL
8167,27476,1260974324,0,NULL,NULL
8167,27960,1260974324,0,NULL,NULL
8167,30057,1260974324,1,NULL,NULL
8167,30129,1260974324,0,NULL,NULL
8167,28213,1260974324,0,NULL,NULL
8167,27975,1260974324,0,NULL,NULL
8167,197,1260974324,1,NULL,NULL
8168,30130,1260972684,1,NULL,NULL
8169,31396,1260954721,1,NULL,NULL
8169,1041,1260954721,1,NULL,NULL
8169,1041,1260965393,0,NULL,NULL
8170,446,1260960836,0,NULL,NULL
8170,25779,1260960836,0,NULL,NULL
8170,30139,1260960836,0,NULL,NULL
8173,26411,1260459045,0,NULL,NULL
8173,25969,1260459045,1,NULL,NULL
8173,26204,1260459045,0,NULL,NULL
8173,27851,1260459045,0,NULL,NULL
8173,25987,1260459045,1,NULL,NULL
8173,25987,1260782750,0,NULL,NULL
8173,27960,1260782750,0,NULL,NULL
8173,35997,1260782750,1,NULL,NULL
8173,29794,1260782750,0,NULL,NULL
8173,36288,1260782750,1,0.0,0.0
8173,27975,1260782750,1,NULL,NULL
8173,26222,1260782750,0,NULL,NULL
8173,27948,1260782750,0,NULL,NULL
8173,28207,1260782750,0,NULL,NULL
8173,30414,1260782750,0,NULL,NULL
8173,28213,1260782750,1,NULL,NULL
8173,30672,1260782750,0,NULL,NULL
8173,26029,1260782750,0,NULL,NULL
8173,27476,1260782750,1,NULL,NULL
8173,25969,1260782750,0,NULL,NULL
8173,26214,1260782750,1,NULL,NULL
8173,25791,1260782750,1,NULL,NULL
8173,25972,1260782750,0,NULL,NULL
8173,26025,1260782750,0,NULL,NULL
8173,25782,1260782750,0,NULL,NULL
8173,26214,1260783279,0,NULL,NULL
8173,28039,1260875694,0,NULL,NULL
8174,30057,1260874254,1,NULL,NULL
8174,29719,1260874254,0,NULL,NULL
8176,2010,1260699502,-1,NULL,NULL
8176,1961,1260699502,0,NULL,NULL
8176,30670,1260699502,-1,NULL,NULL
8176,35525,1260699502,1,NULL,NULL
8176,36342,1260699502,-1,NULL,NULL
8176,30103,1260699502,-1,NULL,NULL
8176,27283,1260699502,1,NULL,NULL
8177,446,1258630409,0,NULL,NULL
8177,4742,1258630409,1,NULL,NULL
8177,4743,1258630409,0,NULL,NULL
8177,30105,1258630409,0,NULL,NULL
8177,30114,1258630409,0,NULL,NULL
8177,2010,1260463758,1,NULL,NULL
8180,30114,1260444732,0,NULL,NULL
8180,30059,1260444732,0,NULL,NULL
8181,25706,1260438181,1,NULL,NULL
8183,9348,1260430217,0,NULL,NULL
8183,12406,1260430217,0,NULL,NULL
8183,9358,1260430217,0,NULL,NULL
8183,9349,1260430217,0,NULL,NULL
8184,35103,1260346820,1,NULL,NULL
8184,34927,1260346820,0,NULL,NULL
8184,35072,1260346820,0,NULL,NULL
8184,35061,1260346820,1,NULL,NULL
8184,35100,1260346820,-1,NULL,NULL
8185,25928,1260344390,1,NULL,NULL
8186,32646,1260277367,0,NULL,NULL
8188,31257,1260190212,1,NULL,NULL
8188,35686,1260190212,0,NULL,NULL
8191,26230,1259849212,0,NULL,NULL
8191,25999,1259849212,1,NULL,NULL
8191,25791,1259849212,1,NULL,NULL
8191,16608,1259849212,0,NULL,NULL
8191,16619,1259849212,0,NULL,NULL
8191,9422,1259849212,0,NULL,NULL
8191,9419,1259849212,0,NULL,NULL
8191,4394,1259849212,0,NULL,NULL
8191,4395,1259849212,0,NULL,NULL
8191,540,1259849212,-1,NULL,NULL
8191,9429,1259849212,0,NULL,NULL
8191,9423,1259849212,0,NULL,NULL
8191,16620,1259849212,0,NULL,NULL
8191,30694,1259849212,0,NULL,NULL
8191,25987,1259849212,0,NULL,NULL
8191,30108,1259849212,1,NULL,NULL
8192,31208,1259834348,1,NULL,NULL
8193,30108,1259826263,1,NULL,NULL
8193,29537,1259826263,1,NULL,NULL
8193,28657,1259826263,1,NULL,NULL
8196,31549,1259677860,1,NULL,NULL
8196,7244,1259677860,1,NULL,NULL
8197,30103,1259677698,1,NULL,NULL
8197,27283,1259677698,1,NULL,NULL
8197,30670,1259677698,1,NULL,NULL
8198,15853,1259662781,1,NULL,NULL
8199,20325,1259661114,0,NULL,NULL
8199,5438,1259661114,1,NULL,NULL
8199,15806,1259661114,1,NULL,NULL
8199,20344,1259661114,0,NULL,NULL
8201,30405,1259480510,1,NULL,NULL
8201,25960,1259480510,0,NULL,NULL
8201,26248,1259480510,1,NULL,NULL
8201,26236,1259480510,0,NULL,NULL
8201,25929,1259480510,1,NULL,NULL
8201,26252,1259480510,0,NULL,NULL
8201,26236,1259481876,0,NULL,NULL
8202,31480,1259373362,-1,NULL,NULL
8202,31482,1259444866,0,NULL,NULL
8203,29638,1259329563,0,NULL,NULL
8203,29649,1259329563,0,NULL,NULL
8204,30350,1259323544,1,NULL,NULL
8204,30405,1259323544,1,NULL,NULL
8204,25987,1259323544,-1,NULL,NULL
8204,25988,1259323544,1,NULL,NULL
8204,31064,1259323544,0,NULL,NULL
8204,31008,1259323544,0,NULL,NULL
8204,28288,1259323544,1,NULL,NULL
8206,99,1259234335,1,NULL,NULL
8207,9632,1259224575,1,NULL,NULL
8207,34593,1259224575,1,NULL,NULL
8207,36571,1259224575,0,NULL,NULL
8208,25738,1259148473,0,NULL,NULL
8209,35684,1259133543,0,NULL,NULL
8210,31253,1259126005,0,NULL,NULL
8210,31257,1259126005,-1,NULL,NULL
8211,8313,1259052856,1,NULL,NULL
8211,8311,1259052856,1,NULL,NULL
8211,4655,1259052856,1,NULL,NULL
8211,8312,1259052856,1,NULL,NULL
8211,4655,1259119224,0,NULL,NULL
8211,8311,1259119224,-1,NULL,NULL
8211,8312,1259119224,-1,NULL,NULL
8211,8313,1259119224,-1,NULL,NULL
8212,25700,1259074530,0,NULL,NULL
8214,7293,1259058670,1,NULL,NULL
8214,4735,1259058670,0,NULL,NULL
8214,4736,1259058670,1,NULL,NULL
8215,25987,1259048682,0,NULL,NULL
8216,28803,1259042631,1,NULL,NULL
8216,30665,1259042631,-1,NULL,NULL
8217,441,1259041531,-1,NULL,NULL
8217,8756,1259041531,0,NULL,NULL
8218,29537,1258962186,0,NULL,NULL
8219,30032,1258558889,0,NULL,NULL
8219,29717,1258558889,0,0.0,0.0
8219,31549,1258558889,0,NULL,NULL
8219,26679,1258558889,0,NULL,NULL
8219,26682,1258558889,0,NULL,NULL
8219,26677,1258558889,0,NULL,NULL
8219,25751,1258558889,1,NULL,NULL
8219,20292,1258558889,0,NULL,NULL
8219,16147,1258558889,0,NULL,NULL
8219,4743,1258558889,0,NULL,NULL
8219,7244,1258558889,0,NULL,NULL
8219,5617,1258558889,0,NULL,NULL
8219,31171,1258700791,-1,NULL,NULL
8219,5689,1258803795,1,NULL,NULL
8219,31391,1258803795,1,NULL,NULL
8219,31566,1258809296,1,NULL,NULL
8220,26016,1258804346,0,NULL,NULL
8221,31133,1258803537,0,NULL,NULL
8221,31124,1258803537,0,NULL,NULL
8221,31136,1258803537,0,NULL,NULL
8221,31130,1258803537,0,NULL,NULL
8221,31138,1258803537,0,NULL,NULL
8222,8538,1256545298,0,NULL,NULL
8222,15934,1256545298,0,NULL,NULL
8222,30694,1258797983,0,NULL,NULL
8222,26222,1258797983,-1,NULL,NULL
8223,18321,1258714146,0,NULL,NULL
8223,18323,1258714146,0,NULL,NULL
8223,18322,1258714146,0,NULL,NULL
8223,27774,1258714146,1,NULL,NULL
8223,27703,1258714146,1,NULL,NULL
8223,36344,1258714146,-1,NULL,NULL
8223,27128,1258714146,1,NULL,NULL
8223,16658,1258714146,0,NULL,NULL
8223,26004,1258714146,1,NULL,NULL
8223,25926,1258714146,0,NULL,NULL
8224,25652,1258637494,-1,NULL,NULL
8224,25650,1258637494,0,0.0,0.0
8226,8348,1258623370,0,NULL,NULL
8226,4655,1258623370,0,NULL,NULL
8227,26223,1258609475,0,NULL,NULL
8228,26223,1258548962,0,NULL,NULL
8228,30896,1258552813,0,NULL,NULL
8229,4689,1258045086,1,0.0,0.0
8229,4688,1258390208,1,NULL,NULL
8229,416,1258390208,0,NULL,NULL
8229,4689,1258390208,1,NULL,NULL
8229,1550,1258390208,0,NULL,NULL
8229,4689,1258475449,1,NULL,NULL
8229,4689,1258542845,0,NULL,NULL
8230,36820,1258542329,0,NULL,NULL
8230,4656,1258542329,1,NULL,NULL
8232,25672,1258464779,1,NULL,NULL
8232,25751,1258464779,0,NULL,NULL
8232,26006,1258464779,0,NULL,NULL
8232,26004,1258464779,1,NULL,NULL
8232,25751,1258475112,1,NULL,NULL
8233,1185,1258468329,1,NULL,NULL
8233,1209,1258468329,1,NULL,NULL
8233,1184,1258468329,0,NULL,NULL
8233,1203,1258468329,0,NULL,NULL
8233,36253,1258468329,1,NULL,NULL
8233,36252,1258468329,0,NULL,NULL
8233,1184,1258469409,0,NULL,NULL
8234,36895,1258453522,-1,NULL,NULL
8237,25751,1258390388,0,NULL,NULL
8237,30170,1258390388,1,NULL,NULL
8238,30103,1257837753,1,NULL,NULL
8238,19540,1257837753,0,NULL,NULL
8238,16390,1257837753,0,NULL,NULL
8238,15680,1257837753,1,NULL,NULL
8238,4354,1258102428,0,NULL,NULL
8239,36731,1258381519,1,NULL,NULL
8240,25738,1257761768,0,NULL,NULL
8240,35522,1257941575,-1,NULL,NULL
8240,35522,1258023394,0,NULL,NULL
8240,35522,1257761768,0,NULL,NULL
8240,16100,1258023394,0,NULL,NULL
8240,31392,1258023394,-1,NULL,NULL
8240,35544,1257856831,0,NULL,NULL
8240,36968,1257856831,0,NULL,NULL
8240,35522,1257935346,0,NULL,NULL
8240,18009,1258023394,0,NULL,NULL
8240,35526,1257935346,0,NULL,NULL
8240,21215,1258023394,0,NULL,NULL
8240,36969,1257856831,0,NULL,NULL
8240,35526,1257520100,1,NULL,NULL
8240,35527,1258023394,1,NULL,NULL
8240,35544,1258023394,1,NULL,NULL
8240,35525,1257761768,1,NULL,NULL
8240,35527,1257761768,1,NULL,NULL
8240,35527,1257935346,-1,NULL,NULL
8240,35522,1257943552,1,NULL,NULL
8240,18009,1257856831,0,NULL,NULL
8240,35522,1257856831,0,NULL,NULL
8240,21191,1257935346,0,NULL,NULL
8240,36851,1257520100,0,NULL,NULL
8240,18000,1257761768,0,NULL,NULL
8240,35521,1258023394,0,NULL,NULL
8240,8763,1257520100,0,NULL,NULL
8240,35527,1257943552,1,NULL,NULL
8240,36413,1258023394,-1,NULL,NULL
8240,18000,1257856831,-1,NULL,NULL
8240,35525,1257520100,0,NULL,NULL
8240,35527,1257856831,1,NULL,NULL
8240,36969,1257761768,0,NULL,NULL
8240,8763,1258023394,0,NULL,NULL
8240,30719,1258023394,0,NULL,NULL
8240,35527,1257941575,-1,NULL,NULL
8240,36971,1257761768,0,NULL,NULL
8240,36731,1257935346,0,NULL,NULL
8240,4709,1258023394,1,NULL,NULL
8240,4709,1257520100,-1,NULL,NULL
8241,4337,1258359860,1,NULL,NULL
8242,12085,1258357702,0,NULL,NULL
8243,25988,1258280067,0,NULL,NULL
8243,26250,1258280067,0,NULL,NULL
8243,36918,1258280067,1,NULL,NULL
8243,31043,1258280067,1,NULL,NULL
8243,30134,1258280067,0,NULL,NULL
8243,31054,1258280067,0,NULL,NULL
8243,30414,1258280067,1,NULL,NULL
8243,27612,1258280067,1,NULL,NULL
8244,27265,1258220838,0,NULL,NULL
8244,30414,1258220838,-1,NULL,NULL
8244,30116,1258220838,0,NULL,NULL
8244,31054,1258220838,1,NULL,NULL
8244,30404,1258220838,1,NULL,NULL
8244,25782,1258220838,1,NULL,NULL
8244,25791,1258220838,-1,NULL,NULL
8244,26214,1258220838,-1,NULL,NULL
8244,36288,1258220838,1,NULL,NULL
8244,31043,1258220838,-1,NULL,NULL
8244,25987,1258220838,1,0.0,NULL
8244,30405,1258220838,1,0.0,0.0
8245,30386,1258218606,0,NULL,NULL
8245,26215,1258218606,1,NULL,NULL
8245,26220,1258218606,0,NULL,NULL
8245,25958,1258218606,0,NULL,NULL
8245,26220,1258219287,0,NULL,NULL
8247,36540,1258054528,0,NULL,NULL
8248,15944,1258011520,0,NULL,NULL
8248,1550,1258011520,0,NULL,NULL
8248,1875,1258011520,0,NULL,NULL
8248,415,1258011520,1,NULL,NULL
8249,26271,1257928382,1,NULL,NULL
8250,36384,1257862881,0,NULL,NULL
8251,1550,1257859857,0,NULL,NULL
8251,416,1257859857,0,NULL,NULL
8252,30057,1257790779,1,-1.0,-1.0
8252,35526,1257790779,0,NULL,NULL
8252,35527,1257790779,-1,NULL,NULL
8252,25987,1257790779,0,NULL,NULL
8252,35522,1257790779,0,NULL,NULL
8252,30170,1257790779,0,NULL,NULL
8252,26236,1257790779,1,NULL,NULL
8252,17988,1257790779,0,NULL,NULL
8252,17999,1257790779,0,NULL,NULL
8252,26029,1257790779,0,NULL,NULL
8252,28272,1257790779,0,NULL,NULL
8252,18000,1257790779,0,NULL,NULL
8252,25987,1257845285,0,NULL,NULL
8252,36733,1257845285,0,NULL,NULL
8252,26029,1257845285,0,NULL,NULL
8252,4337,1257845285,1,NULL,NULL
8252,26025,1257845285,0,NULL,NULL
8252,36731,1257849646,0,NULL,NULL
8252,36736,1257849646,0,NULL,NULL
8252,26029,1257849646,0,NULL,NULL
8252,30103,1257849646,0,NULL,NULL
8252,36733,1257851586,-1,NULL,NULL
8252,36731,1257851586,1,NULL,NULL
8252,17999,1257853752,0,NULL,NULL
8253,17764,1257837548,1,NULL,NULL
8253,8945,1257837548,-1,NULL,NULL
8253,99,1257837548,0,NULL,NULL
8254,74,1257780059,0,NULL,NULL
8255,15853,1257747609,1,NULL,NULL
8255,5438,1257747609,0,NULL,NULL
8255,15853,1257748046,0,NULL,NULL
8256,22439,1257679921,0,NULL,NULL
8257,35525,1257518705,0,NULL,NULL
8258,30170,1257518305,-1,NULL,NULL
8258,28272,1257518305,0,NULL,NULL
8258,30173,1257518305,-1,NULL,NULL
8259,36439,1257509398,1,NULL,NULL
8259,36441,1257509398,1,NULL,NULL
8259,36439,1257512541,0,NULL,NULL
8259,36447,1257512541,1,NULL,NULL
8260,35984,1257508021,1,NULL,NULL
8260,35985,1257508021,1,NULL,NULL
8261,1961,1257477737,1,NULL,NULL
8261,36848,1257477737,1,NULL,NULL
8261,31366,1257477737,1,NULL,NULL
8261,36848,1257506666,1,NULL,NULL
8261,1961,1257506666,1,NULL,NULL
8261,31366,1257506666,1,NULL,NULL
8262,1550,1257486581,1,NULL,NULL
8262,416,1257486581,1,NULL,NULL
8263,36438,1257391063,1,NULL,NULL
8263,36438,1257399196,0,NULL,NULL
8263,30144,1257476068,1,0.0,0.0
8266,30170,1257337605,0,NULL,NULL
8266,27206,1257337605,1,0.0,0.0
8266,25700,1257343253,0,NULL,NULL
8266,25660,1257343253,1,NULL,NULL
8267,445,1257331468,1,NULL,NULL
8268,36439,1257299899,0,NULL,NULL
8269,26004,1256806113,1,NULL,NULL
8269,25819,1256806113,0,NULL,NULL
8269,25800,1256806113,1,0.0,0.0
8269,25782,1256806113,1,NULL,NULL
8269,4742,1256806113,1,NULL,NULL
8269,36974,1256808166,0,NULL,NULL
8269,25782,1256808166,0,NULL,NULL
8269,36540,1256815814,0,NULL,NULL
8269,36974,1256815814,1,NULL,NULL
8269,36974,1257084234,0,NULL,NULL
8269,36977,1257084234,0,NULL,NULL
8269,30142,1257087303,1,NULL,NULL
8269,30142,1257147122,0,NULL,NULL
8269,30144,1257150911,0,0.0,0.0
8269,30332,1257150911,1,NULL,NULL
8269,30140,1257150911,0,NULL,NULL
8269,30711,1257150911,1,NULL,NULL
8269,30322,1257159509,1,NULL,NULL
8269,30234,1257159509,-1,NULL,NULL
8269,30694,1257159509,0,NULL,NULL
8269,25751,1257159509,0,NULL,NULL
8269,25782,1257159509,1,NULL,NULL
8269,36974,1257159509,0,NULL,NULL
8269,30222,1257159509,1,NULL,NULL
8269,35995,1257159509,0,NULL,NULL
8269,30220,1257159509,1,NULL,NULL
8269,30220,1257238096,0,NULL,NULL
8270,30670,1257243786,-1,NULL,NULL
8270,30103,1257243786,0,NULL,NULL
8270,27283,1257243786,1,NULL,NULL
8274,29649,1256889603,0,NULL,NULL
8274,29659,1256889603,1,NULL,NULL
8274,26834,1256889603,1,NULL,NULL
8274,36880,1256896128,1,NULL,NULL
8274,26834,1256896128,1,NULL,NULL
8274,29649,1256896128,0,NULL,NULL
8277,8299,1256752354,1,NULL,NULL
8277,4655,1256752354,0,NULL,NULL
8277,36827,1256752354,0,NULL,NULL
8278,30142,1256653263,0,NULL,NULL
8278,30111,1256653263,0,NULL,NULL
8278,26785,1256653263,0,NULL,NULL
8278,27386,1256653263,0,NULL,NULL
8278,26784,1256653263,0,NULL,NULL
8278,26786,1256653263,0,NULL,NULL
8278,30170,1256653263,0,NULL,NULL
8278,30078,1256653263,0,NULL,NULL
8279,36441,1256643038,0,NULL,NULL
8281,30938,1256627104,1,NULL,NULL
8281,30284,1256627104,1,NULL,NULL
8281,27334,1256627104,0,NULL,NULL
8281,30962,1256627104,1,NULL,NULL
8281,30322,1256627104,1,NULL,NULL
8281,25766,1256627104,0,NULL,NULL
8281,27353,1256627104,1,NULL,NULL
8281,25751,1256627104,0,NULL,NULL
8282,25999,1256553377,1,NULL,NULL
8282,26230,1256553377,0,NULL,NULL
8282,26032,1256553377,0,NULL,NULL
8282,540,1256553377,1,NULL,NULL
8282,1404,1256553377,0,NULL,NULL
8282,25987,1256553377,0,NULL,NULL
8285,25713,1256482915,-1,NULL,NULL
8285,25660,1256482915,1,NULL,NULL
8285,30694,1256482915,1,NULL,NULL
8285,25700,1256482915,0,NULL,NULL
8285,26610,1256482915,0,NULL,NULL
8286,36785,1256382495,0,NULL,NULL
8286,31369,1256382495,0,NULL,NULL
8286,4709,1256382495,1,NULL,NULL
8287,4857,1256379654,1,0.0,0.0
8288,29678,1255962473,-1,NULL,NULL
8288,29638,1255962473,-1,NULL,NULL
8288,16299,1255962473,0,NULL,NULL
8288,12147,1255962473,1,NULL,NULL
8288,36567,1255962473,0,NULL,NULL
8288,29674,1255962473,0,NULL,NULL
8288,30677,1255962473,1,NULL,NULL
8288,29659,1256294521,1,NULL,NULL
8288,416,1256294521,0,NULL,NULL
8288,1550,1256294521,0,NULL,NULL
8288,29637,1256294521,0,NULL,NULL
8288,29659,1256297892,0,NULL,NULL
8289,25687,1256217046,1,NULL,NULL
8289,25695,1256217046,0,NULL,NULL
8289,25706,1256217046,1,NULL,NULL
8290,25706,1256214492,0,NULL,NULL
8291,4744,1256200915,0,NULL,NULL
8291,2010,1256200915,0,NULL,NULL
8291,4743,1256200915,0,NULL,NULL
8292,446,1256199969,0,NULL,NULL
8293,20361,1256199519,0,NULL,NULL
8293,5438,1256199519,0,NULL,NULL
8294,8538,1256195867,-1,NULL,NULL
8295,4337,1256194847,1,NULL,NULL
8295,25751,1256194847,1,NULL,NULL
8295,22439,1256194847,-1,NULL,NULL
8295,18521,1256194847,0,NULL,NULL
8297,9778,1256181529,-1,NULL,NULL
8300,36984,1256119647,0,NULL,NULL
8300,10306,1256119647,1,NULL,NULL
8300,21384,1256119647,-1,NULL,NULL
8300,8820,1256119647,0,NULL,NULL
8300,446,1256119647,0,NULL,NULL
8302,35325,1256036814,1,NULL,NULL
8302,31370,1256036814,1,NULL,NULL
8303,30694,1256031139,1,NULL,NULL
8303,31825,1256031139,0,NULL,NULL
8303,31854,1256031139,1,NULL,NULL
8303,28833,1256031139,0,NULL,NULL
8304,31077,1256018818,0,NULL,NULL
8304,26236,1256018818,0,NULL,NULL
8304,26214,1256018818,1,NULL,NULL
8304,26231,1256018818,1,NULL,NULL
8304,26252,1256018818,1,NULL,NULL
8304,26222,1256018818,0,NULL,NULL
8304,30139,1256018818,1,NULL,NULL
8305,8863,1255951266,-1,NULL,NULL
8306,4854,1255949343,0,NULL,NULL
8306,16846,1255949343,1,NULL,NULL
8307,30684,1255857580,1,NULL,NULL
8307,31094,1255857580,1,NULL,NULL
8307,25700,1255934250,1,NULL,NULL
8307,25700,1255934916,0,NULL,NULL
8308,25657,1255892578,1,NULL,NULL
8310,17764,1255708220,-1,NULL,NULL
8311,36916,1255656173,1,NULL,NULL
8311,36916,1255690411,-1,NULL,NULL
8312,25990,1255672544,0,NULL,NULL
8312,25987,1255672544,0,NULL,NULL
8312,26220,1255672544,1,NULL,NULL
8313,17764,1254995174,0,NULL,NULL
8313,17764,1255668431,1,NULL,NULL
8313,12210,1255668431,0,NULL,NULL
8314,17764,1255666927,0,NULL,NULL
8316,22439,1255613196,1,NULL,NULL
8316,25751,1255613196,0,NULL,NULL
8317,27772,1255082669,1,NULL,NULL
8317,30074,1255082669,-1,NULL,NULL
8317,30070,1255082669,1,NULL,NULL
8317,746,1255520406,1,NULL,NULL
8317,27215,1255520406,0,NULL,NULL
8317,27218,1255520406,0,NULL,NULL
8317,27236,1255520406,0,NULL,NULL
8317,27213,1255520406,1,NULL,NULL
8317,27244,1255520406,0,NULL,NULL
8317,27329,1255520406,0,NULL,NULL
8317,17775,1255520406,1,NULL,NULL
8317,30070,1255520406,-1,NULL,NULL
8317,30072,1255520406,0,NULL,NULL
8317,27249,1255520406,0,NULL,NULL
8317,31163,1255520406,1,NULL,NULL
8317,30081,1255520406,1,0.0,0.0
8318,36705,1255503576,-1,NULL,NULL
8320,35072,1255434794,0,NULL,NULL
8321,25685,1255419636,1,NULL,NULL
8321,25687,1255419636,1,NULL,NULL
8322,25960,1255369961,0,NULL,NULL
8322,28632,1255369961,1,NULL,NULL
8322,30895,1255369961,0,NULL,NULL
8323,29649,1255344487,0,NULL,NULL
8323,29675,1255344487,0,NULL,NULL
8323,29666,1255344487,0,0.0,0.0
8323,29662,1255344487,0,NULL,NULL
8324,25703,1255319547,-1,NULL,NULL
8325,16498,1255014885,1,NULL,NULL
8326,31553,1254559531,1,NULL,NULL
8326,25703,1254559531,0,NULL,NULL
8326,474,1254559531,0,NULL,NULL
8326,7244,1254559531,1,NULL,NULL
8326,7244,1254559939,-1,NULL,NULL
8326,7244,1254980466,1,NULL,NULL
8329,445,1254565823,1,NULL,NULL
8331,34599,1254232947,1,NULL,NULL
8332,25751,1254213288,0,NULL,NULL
8333,25987,1254208304,0,NULL,NULL
8334,25965,1253877007,0,NULL,NULL
8334,30694,1253877007,1,NULL,NULL
8334,25651,1253877007,0,0.0,0.0
8334,25754,1253877007,1,NULL,NULL
8334,26034,1253877007,0,NULL,NULL
8337,29633,1253689624,1,NULL,NULL
8337,30670,1253689624,0,NULL,NULL
8337,30684,1253689624,0,NULL,NULL
8338,31161,1253618800,0,NULL,NULL
8338,31169,1253618800,0,NULL,NULL
8338,31171,1253618800,0,NULL,NULL
8338,31181,1253618800,0,NULL,NULL
8338,31157,1253618800,0,NULL,NULL
8338,31152,1253618800,0,NULL,NULL
8338,31163,1253618800,0,NULL,NULL
8338,31182,1253618800,0,NULL,NULL
8338,31149,1253618800,0,NULL,NULL
8338,31162,1253618800,0,NULL,NULL
8338,31164,1253618800,0,NULL,NULL
8338,31180,1253618800,0,NULL,NULL
8339,25746,1253613127,0,NULL,NULL
8340,15934,1253600249,1,NULL,NULL
8340,8538,1253600249,1,NULL,NULL
8341,9805,1253553978,-1,NULL,NULL
8341,9806,1253553978,0,NULL,NULL
8341,23399,1253553978,0,NULL,NULL
8342,4654,1253539182,1,NULL,NULL
8342,8299,1253539182,1,NULL,NULL
8345,25731,1253439110,0,NULL,NULL
8348,8318,1253309008,0,NULL,NULL
8348,4655,1253309008,1,NULL,NULL
8349,29721,1253259388,1,NULL,NULL
8350,31208,1253245380,1,NULL,NULL
8350,31212,1253245380,1,NULL,NULL
8351,36791,1253179390,1,NULL,NULL
8352,36784,1253171706,1,NULL,NULL
8353,8538,1253112367,1,NULL,NULL
8355,25751,1253030105,1,NULL,NULL
8355,25782,1253030105,1,NULL,NULL
8355,26004,1253030105,1,NULL,NULL
8356,31479,1253019815,0,NULL,NULL
8356,30414,1253019815,0,NULL,NULL
8357,15853,1253007247,0,NULL,NULL
8360,30234,1252930992,0,NULL,NULL
8360,30220,1252930992,0,NULL,NULL
8365,31181,1252828312,0,NULL,NULL
8365,31182,1252828312,0,NULL,NULL
8365,31163,1252828312,0,NULL,NULL
8365,31169,1252828312,0,NULL,NULL
8365,31161,1252828312,0,NULL,NULL
8365,31171,1252828312,0,NULL,NULL
8365,31180,1252828312,0,NULL,NULL
8365,31164,1252828312,0,NULL,NULL
8365,31162,1252828312,0,NULL,NULL
8366,9778,1252735741,1,0.0,0.0
8367,4337,1252666690,1,NULL,NULL
8367,25751,1252666690,0,NULL,NULL
8367,25791,1252666690,1,NULL,NULL
8367,30277,1252666690,1,NULL,NULL
8368,27276,1252657841,0,NULL,NULL
8368,30838,1252657841,0,NULL,NULL
8368,30693,1252657841,1,NULL,NULL
8369,1041,1252635777,0,NULL,NULL
8369,1961,1252635777,1,NULL,NULL
8369,4709,1252635777,1,NULL,NULL
8369,5615,1252635777,0,NULL,NULL
8369,35658,1252635777,1,0.0,0.0
8369,17841,1252635777,0,NULL,NULL
8369,35517,1252635777,0,NULL,NULL
8369,35525,1252635777,0,NULL,NULL
8370,30220,1252577661,0,NULL,NULL
8370,36321,1252577661,0,NULL,NULL
8370,25751,1252577661,1,NULL,NULL
8370,27353,1252577661,0,NULL,NULL
8370,30671,1252577661,1,NULL,NULL
8372,30222,1251463892,0,NULL,NULL
8372,30322,1251301116,0,NULL,NULL
8372,29721,1251791480,0,NULL,NULL
8372,36321,1252510758,0,NULL,NULL
8372,36995,1251442420,0,NULL,NULL
8372,30332,1251355576,0,NULL,NULL
8372,30057,1251200395,0,NULL,NULL
8372,30840,1251201471,0,NULL,NULL
8372,30936,1251355576,0,NULL,NULL
8372,30414,1251709427,0,NULL,NULL
8372,30103,1251709427,1,NULL,NULL
8372,36467,1251355576,0,NULL,NULL
8372,31018,1251355576,0,NULL,NULL
8372,25706,1251709427,0,NULL,NULL
8372,30220,1251723507,0,NULL,NULL
8372,30847,1251201471,0,NULL,NULL
8372,25779,1251709427,1,NULL,NULL
8372,30246,1251531777,0,NULL,NULL
8372,36994,1251201471,-1,NULL,NULL
8372,30220,1251794178,1,NULL,NULL
8372,30139,1252315338,0,NULL,NULL
8372,26215,1251709427,1,NULL,NULL
8372,30845,1251201471,0,NULL,NULL
8372,26236,1251442420,-1,NULL,NULL
8372,30057,1251201471,0,NULL,NULL
8372,30671,1252510758,1,NULL,NULL
8372,25751,1252510758,1,NULL,NULL
8372,25746,1251201471,0,NULL,NULL
8372,31072,1251463892,0,NULL,NULL
8372,30416,1251709427,1,NULL,NULL
8372,30938,1251301116,0,NULL,NULL
8372,30840,1251791480,1,NULL,NULL
8372,30228,1252559452,0,NULL,NULL
8372,30283,1251355576,0,NULL,NULL
8372,26218,1251723507,0,NULL,NULL
8372,4337,1251709427,0,NULL,NULL
8372,36994,1251376365,0,NULL,NULL
8372,9400,1251201471,0,NULL,NULL
8372,36995,1251376365,1,NULL,NULL
8372,31023,1251201471,0,NULL,NULL
8375,26004,1252494140,0,NULL,NULL
8375,25987,1252494140,1,NULL,NULL
8375,31392,1252494140,0,NULL,NULL
8376,4337,1252401866,-1,NULL,NULL
8376,1404,1252401866,-1,NULL,NULL
8376,22508,1252401866,0,NULL,NULL
8376,30309,1252401866,0,NULL,NULL
8376,30222,1252401866,1,NULL,NULL
8376,30220,1252401866,1,NULL,NULL
8376,30992,1252401866,0,NULL,NULL
8376,25987,1252401866,1,NULL,NULL
8376,30322,1252401866,0,NULL,NULL
8376,30224,1252401866,0,NULL,NULL
8376,30234,1252401866,1,NULL,NULL
8376,27305,1252401866,0,NULL,NULL
8376,25657,1252401866,-1,NULL,NULL
8376,26222,1252401866,0,NULL,NULL
8376,16559,1252401866,0,NULL,NULL
8376,30222,1252404555,-1,NULL,NULL
8376,30295,1252404555,0,NULL,NULL
8376,25657,1252407820,0,NULL,NULL
8376,1404,1252407820,0,NULL,NULL
8376,30220,1252407820,0,NULL,NULL
8376,26196,1252408877,0,NULL,NULL
8376,26222,1252408877,-1,NULL,NULL
8376,30295,1252408877,1,NULL,NULL
8377,36810,1252325081,0,NULL,NULL
8377,30220,1252325081,1,NULL,NULL
8377,30309,1252325081,0,NULL,NULL
8377,30322,1252325081,0,NULL,NULL
8377,30224,1252325081,1,NULL,NULL
8377,4337,1252325081,1,NULL,NULL
8378,30234,1252313368,1,NULL,NULL
8378,30844,1252313368,0,0.0,0.0
8378,25779,1252313368,0,NULL,NULL
8378,18534,1252313368,0,NULL,NULL
8378,26236,1252313368,0,NULL,NULL
8378,25751,1252313368,0,NULL,NULL
8378,27298,1252313368,0,NULL,NULL
8378,26231,1252313368,-1,NULL,NULL
8378,26220,1252313368,-1,NULL,NULL
8378,36991,1252313368,0,NULL,NULL
8378,30366,1252313368,0,NULL,NULL
8378,30222,1252313368,1,NULL,NULL
8378,30310,1252313368,0,NULL,NULL
8378,30139,1252313368,1,NULL,NULL
8378,26236,1252313678,-1,NULL,NULL
8379,15860,1252257383,1,NULL,NULL
8379,8380,1252257383,0,NULL,NULL
8382,29638,1252052207,1,NULL,NULL
8382,25751,1252052207,1,NULL,NULL
8382,29638,1252052711,1,NULL,NULL
8382,25751,1252052711,0,NULL,NULL
8383,26242,1251972903,0,NULL,NULL
8383,26022,1251972903,1,NULL,NULL
8383,25969,1251972903,1,NULL,NULL
8383,26214,1251972903,1,NULL,NULL
8383,30309,1251972903,0,NULL,NULL
8384,31549,1251960142,0,NULL,NULL
8384,31555,1251960142,0,NULL,NULL
8384,7244,1251960142,0,NULL,NULL
8385,35662,1251940222,1,NULL,NULL
8386,445,1251913575,1,NULL,NULL
8387,36467,1251899680,0,NULL,NULL
8387,31014,1251899680,1,NULL,NULL
8387,30328,1251899680,0,NULL,NULL
8387,25819,1251899680,1,NULL,NULL
8387,30220,1251899680,1,NULL,NULL
8387,30284,1251899680,-1,NULL,NULL
8387,30982,1251899680,0,NULL,NULL
8387,27305,1251899680,0,NULL,NULL
8387,25751,1251903261,0,NULL,NULL
8387,22508,1251903261,0,NULL,NULL
8387,25819,1251903261,-1,NULL,NULL
8387,30284,1251903261,0,NULL,NULL
8387,30220,1251903261,-1,NULL,NULL
8387,30986,1251903261,0,NULL,NULL
8387,36288,1251903261,0,NULL,NULL
8387,30328,1251903261,0,NULL,NULL
8387,30332,1251903261,0,NULL,NULL
8387,27305,1251903261,0,NULL,NULL
8387,30309,1251903261,0,NULL,NULL
8387,30310,1251903261,0,NULL,NULL
8388,4743,1251880309,0,NULL,NULL
8388,16120,1251880309,1,NULL,NULL
8388,30276,1251880309,0,NULL,NULL
8389,4742,1251877967,1,NULL,NULL
8389,7294,1251877967,0,NULL,NULL
8389,4743,1251877967,1,NULL,NULL
8389,16120,1251877967,1,NULL,NULL
8390,16498,1251791883,-1,NULL,NULL
8390,16498,1251797691,0,NULL,NULL
8391,30672,1251718930,0,NULL,NULL
8391,26218,1251718930,1,NULL,NULL
8391,26021,1251718930,0,NULL,NULL
8391,16119,1251718930,0,NULL,NULL
8391,16175,1251718930,1,NULL,NULL
8392,30672,1251548507,-1,NULL,NULL
8392,26222,1251548507,0,NULL,NULL
8392,25800,1251548507,0,0.0,0.0
8392,30132,1251548507,0,NULL,NULL
8392,35541,1251548507,1,NULL,NULL
8393,20982,1251535255,0,NULL,NULL
8393,1977,1251535255,-1,NULL,NULL
8394,20983,1251534402,1,NULL,NULL
8394,5418,1251534402,1,NULL,NULL
8394,4724,1251534402,1,NULL,NULL
8394,4725,1251534402,0,0.0,0.0
8396,27249,1251531323,1,NULL,NULL
8397,30110,1251461661,0,0.0,0.0
8397,28023,1251461661,1,NULL,NULL
8397,30132,1251461661,1,NULL,NULL
8397,30132,1251464751,0,NULL,NULL
8398,27290,1251436555,0,NULL,NULL
8398,30108,1251436555,1,NULL,NULL
8399,30144,1251359401,0,NULL,NULL
8400,4726,1251341432,-1,NULL,NULL
8400,1977,1251341432,1,NULL,NULL
8401,9805,1251339805,0,NULL,NULL
8401,4876,1251339805,1,NULL,NULL
8401,4877,1251339805,0,NULL,NULL
8401,7758,1251339805,1,NULL,NULL
8402,27244,1251260727,-1,NULL,NULL
8402,30082,1251260727,1,NULL,NULL
8402,21205,1251336756,0,NULL,NULL
8404,4876,1251208720,-1,NULL,NULL
8404,7758,1251208720,0,NULL,NULL
8404,9805,1251208720,1,NULL,NULL
8405,8763,1251171446,1,NULL,NULL
8405,11412,1251171446,1,NULL,NULL
8405,35525,1251171446,1,NULL,NULL
8405,21175,1251171446,1,NULL,NULL
8406,23396,1251159905,1,NULL,NULL
8408,26920,1251116848,0,NULL,NULL
8408,30082,1251116848,0,NULL,NULL
8408,27244,1251116848,1,NULL,NULL
8408,27759,1251116848,0,NULL,NULL
8409,1353,1251110177,-1,NULL,NULL
8410,27612,1251099942,0,NULL,NULL
8410,28337,1251099942,0,NULL,NULL
8410,26250,1251099942,1,NULL,NULL
8411,29649,1251094310,1,NULL,NULL
8411,29637,1251094310,0,NULL,NULL
8412,29654,1251092023,1,NULL,NULL
8412,29644,1251092023,0,NULL,NULL
8414,36957,1250482284,0,NULL,NULL
8414,25776,1250482284,0,NULL,NULL
8414,25776,1250484666,0,NULL,NULL
8414,36957,1250484666,1,NULL,NULL
8414,25776,1251069019,0,NULL,NULL
8414,36957,1251069019,-1,NULL,NULL
8415,25700,1250997368,0,NULL,NULL
8416,15864,1250923307,1,NULL,NULL
8416,36683,1250923307,-1,NULL,NULL
8416,35100,1250923307,-1,NULL,NULL
8416,34927,1250923307,-1,NULL,NULL
8416,36706,1250923307,0,NULL,NULL
8416,37013,1250923307,1,NULL,NULL
8416,35061,1250923307,-1,NULL,NULL
8417,17841,1250151855,0,NULL,NULL
8417,16420,1250151855,0,NULL,NULL
8417,5615,1250151855,0,NULL,NULL
8418,30844,1250062959,0,0.0,0.0
8418,37008,1250062959,0,NULL,NULL
8418,30843,1250062959,0,NULL,NULL
8418,31023,1250062959,0,NULL,NULL
8419,16498,1249976012,1,NULL,NULL
8419,16498,1249985984,1,NULL,NULL
8419,16498,1249989048,1,NULL,NULL
8421,25731,1249821400,-1,NULL,NULL
8424,4724,1249739558,0,NULL,NULL
8426,36242,1249714879,1,NULL,NULL
8426,36243,1249714879,1,NULL,NULL
8427,25706,1249651870,1,NULL,NULL
8428,4337,1249649940,0,NULL,NULL
8429,1202,1249646133,0,NULL,NULL
8429,1203,1249646133,0,NULL,NULL
8429,1193,1249646133,0,NULL,NULL
8429,1196,1249646133,0,NULL,NULL
8429,1185,1249646133,-1,NULL,NULL
8429,36252,1249646133,1,NULL,NULL
8429,36253,1249646133,-1,NULL,NULL
8429,36256,1249646133,0,NULL,NULL
8430,29673,1249639625,-1,NULL,NULL
8430,29654,1249639625,1,NULL,NULL
8430,29676,1249639625,0,NULL,NULL
8430,29668,1249639625,-1,NULL,NULL
8430,29649,1249639625,1,0.0,0.0
8432,7758,1249617483,1,NULL,NULL
8432,4875,1249617483,0,NULL,NULL
8432,4876,1249617483,1,NULL,NULL
8432,4877,1249617483,1,0.0,0.0
8432,14541,1249617483,-1,NULL,NULL
8433,28310,1249555680,1,NULL,NULL
8433,26250,1249555680,1,NULL,NULL
8433,26190,1249555680,0,NULL,NULL
8435,5438,1245671567,0,NULL,NULL
8435,74,1245671567,0,NULL,NULL
8435,15853,1245671567,1,NULL,NULL
8435,20325,1249513864,-1,NULL,NULL
8435,20281,1249513864,0,NULL,NULL
8435,5438,1249513864,1,NULL,NULL
8435,1805,1249513864,0,NULL,NULL
8435,74,1249513864,1,NULL,NULL
8435,8369,1249513864,0,NULL,NULL
8435,12085,1249513864,1,NULL,NULL
8435,15804,1249513864,0,NULL,NULL
8435,15806,1249513864,1,NULL,NULL
8435,20280,1249513864,0,NULL,NULL
8437,1041,1249473395,0,NULL,NULL
8437,35482,1249473395,0,NULL,NULL
8437,35658,1249473395,0,NULL,NULL
8437,35483,1249473395,1,0.0,0.0
8438,16846,1249393625,0,NULL,NULL
8438,16820,1249393625,0,NULL,NULL
8438,16822,1249393625,0,NULL,NULL
8438,16824,1249393625,0,NULL,NULL
8438,9655,1249393625,0,NULL,NULL
8438,27299,1249393946,1,NULL,NULL
8438,25779,1249393946,1,0.0,0.0
8438,30139,1249393946,1,NULL,NULL
8438,30139,1249397986,0,NULL,NULL
8438,25779,1249452418,1,NULL,NULL
8438,24195,1249453088,0,NULL,NULL
8439,17764,1249393270,1,NULL,NULL
8439,98,1249393270,0,NULL,NULL
8440,16758,1249368205,-1,NULL,NULL
8440,10247,1249368205,-1,NULL,NULL
8440,37014,1249368205,-1,NULL,NULL
8441,16498,1249304191,1,NULL,NULL
8441,16488,1249304191,0,NULL,NULL
8441,10247,1249304191,1,NULL,NULL
8441,9394,1249304191,1,NULL,NULL
8441,16491,1249304191,0,NULL,NULL
8441,9394,1249308562,1,NULL,NULL
8441,16498,1249308562,0,NULL,NULL
8441,25757,1249308562,0,NULL,NULL
8442,21341,1249298175,0,NULL,NULL
8442,16116,1249298175,0,NULL,NULL
8443,16488,1249270292,0,NULL,NULL
8446,30672,1248943880,0,NULL,NULL
8446,28599,1248943880,0,NULL,NULL
8446,26006,1248943880,0,-1.0,-1.0
8446,25960,1248943880,0,NULL,NULL
8446,26236,1248943880,1,NULL,NULL
8446,28637,1248943880,0,NULL,NULL
8446,4337,1248943880,0,NULL,NULL
8446,26236,1249020283,0,NULL,NULL
8446,25751,1249020283,1,NULL,NULL
8448,30408,1248960087,0,NULL,NULL
8448,25987,1248960087,0,NULL,NULL
8448,30416,1248960087,-1,NULL,NULL
8448,35390,1248960087,0,NULL,NULL
8448,37008,1248960087,1,0.0,0.0
8448,30227,1248960087,0,NULL,NULL
8448,36288,1248960087,0,NULL,NULL
8448,25819,1248960087,0,NULL,NULL
8448,26282,1248960087,0,NULL,NULL
8448,37002,1248960087,0,NULL,NULL
8448,30409,1248960087,0,NULL,NULL
8448,27614,1248960087,0,NULL,NULL
8448,25782,1248960087,1,NULL,NULL
8448,25751,1248960087,0,NULL,NULL
8448,25958,1248960087,0,NULL,NULL
8448,25977,1248960087,0,NULL,NULL
8448,16588,1248960087,0,NULL,NULL
8449,12102,1248874559,0,NULL,NULL
8449,16022,1248874559,0,NULL,NULL
8449,16023,1248874559,0,NULL,NULL
8449,20886,1248874559,0,NULL,NULL
8449,16021,1248874559,0,NULL,NULL
8449,20884,1248874559,0,NULL,NULL
8449,26084,1248874559,0,NULL,NULL
8449,25651,1248874559,0,0.0,0.0
8449,16025,1248879855,0,NULL,NULL
8450,31256,1248874359,0,NULL,NULL
8451,36452,1248680630,0,NULL,NULL
8451,36449,1248868568,0,NULL,NULL
8453,445,1248756182,1,NULL,NULL
8453,446,1248756182,0,NULL,NULL
8454,26252,1248679917,0,NULL,NULL
8454,26215,1248679917,0,NULL,NULL
8454,30142,1248679917,0,NULL,NULL
8454,30106,1248679917,0,NULL,NULL
8454,30103,1248679917,0,NULL,NULL
8454,25779,1248679917,0,NULL,NULL
8454,26025,1248679917,0,NULL,NULL
8454,26245,1248679917,0,NULL,NULL
8454,26214,1248679917,0,NULL,NULL
8455,10306,1248670713,0,NULL,NULL
8455,4743,1248670713,0,NULL,NULL
8455,16118,1248670713,0,NULL,NULL
8455,445,1248673682,1,NULL,NULL
8456,37002,1248614715,1,NULL,NULL
8457,30682,1248594214,-1,NULL,NULL
8457,30082,1248594214,0,NULL,NULL
8457,27244,1248607794,1,NULL,NULL
8457,30082,1248607794,-1,NULL,NULL
8457,34811,1248607794,1,NULL,NULL
8457,32247,1248607794,-1,NULL,NULL
8457,27473,1248607794,0,NULL,NULL
8457,27249,1248607794,1,NULL,NULL
8457,30677,1248607794,-1,NULL,NULL
8457,32248,1248607794,0,NULL,NULL
8457,4709,1248607794,1,NULL,NULL
8457,27244,1248611664,1,NULL,NULL
8457,30082,1248611664,0,NULL,NULL
8457,30677,1248611664,0,NULL,NULL
8458,33297,1248446297,0,0.0,0.0
8458,33301,1248446297,0,NULL,NULL
8458,33292,1248446297,1,NULL,NULL
8459,29668,1248363288,1,NULL,NULL
8460,30386,1248359932,0,NULL,NULL
8460,26961,1248359932,1,NULL,NULL
8460,36890,1248359932,0,NULL,NULL
8460,25738,1248359932,1,NULL,NULL
8461,24836,1248095170,0,NULL,NULL
8461,24837,1248095170,1,NULL,NULL
8463,35374,1247986030,0,NULL,NULL
8464,30111,1247809782,1,NULL,NULL
8464,4688,1247809782,0,NULL,NULL
8464,1550,1247809782,1,NULL,NULL
8465,35985,1247747524,1,NULL,NULL
8465,35984,1247747524,1,NULL,NULL
8465,35984,1247754444,1,NULL,NULL
8465,35985,1247754444,1,NULL,NULL
8466,25779,1247746464,0,NULL,NULL
8466,25738,1247746464,0,NULL,NULL
8466,27084,1247746464,-1,NULL,NULL
8466,30059,1247746464,-1,NULL,NULL
8466,29719,1247746464,0,NULL,NULL
8467,5615,1247737505,0,NULL,NULL
8467,35100,1247737505,0,NULL,NULL
8467,35103,1247737505,0,NULL,NULL
8468,25987,1247724843,0,0.0,0.0
8468,26250,1247724843,0,NULL,NULL
8471,16062,1247484286,1,NULL,NULL
8471,4369,1247484286,1,NULL,NULL
8472,35658,1247410600,0,NULL,NULL
8472,35325,1247410600,1,NULL,NULL
8472,35526,1247410600,-1,NULL,NULL
8472,16758,1247410600,0,NULL,NULL
8472,15806,1247410600,0,NULL,NULL
8474,8832,1247238005,0,NULL,NULL
8474,27814,1247238005,0,NULL,NULL
8474,26222,1247238005,-1,NULL,NULL
8474,27813,1247238005,0,NULL,NULL
8474,25652,1247238005,0,NULL,NULL
8474,25974,1247238005,0,NULL,NULL
8474,25791,1247238005,0,0.0,0.0
8474,25653,1247238005,0,NULL,NULL
8475,35325,1246938794,0,NULL,NULL
8475,31370,1246938794,0,NULL,NULL
8475,16104,1246938794,0,NULL,NULL
8475,17640,1246938794,1,NULL,NULL
8475,35325,1247227153,1,NULL,NULL
8475,35525,1247227153,0,NULL,NULL
8475,17640,1247227153,1,NULL,NULL
8476,17201,1247130947,-1,NULL,NULL
8476,27299,1247130947,0,NULL,NULL
8476,26903,1247130947,0,NULL,NULL
8476,30130,1247130947,-1,NULL,NULL
8476,10550,1247130947,1,NULL,NULL
8476,4337,1247130947,-1,NULL,NULL
8476,7484,1247130947,0,NULL,NULL
8477,36571,1247115067,0,NULL,NULL
8477,36802,1247115067,0,NULL,NULL
8477,36572,1247115067,0,NULL,NULL
8478,31385,1247106084,1,NULL,NULL
8478,31382,1247106084,-1,NULL,NULL
8478,4709,1247106084,1,NULL,NULL
8480,16095,1247029994,0,NULL,NULL
8480,11417,1247029994,0,NULL,NULL
8480,35525,1247029994,-1,NULL,NULL
8480,16238,1247031977,0,NULL,NULL
8480,35525,1247031977,0,NULL,NULL
8481,29678,1246978734,-1,NULL,NULL
8483,1550,1246889802,1,0.0,0.0
8483,416,1246889802,1,NULL,NULL
8483,4356,1246889802,0,NULL,NULL
8484,30061,1246886325,1,NULL,NULL
8485,28475,1246882413,0,NULL,NULL
8485,27811,1246882413,0,NULL,NULL
8485,26222,1246882413,1,NULL,NULL
8485,27808,1246882413,1,NULL,NULL
8485,22540,1246882413,0,NULL,NULL
8486,28028,1246863723,0,NULL,NULL
8486,28616,1246863723,0,NULL,NULL
8486,31072,1246863723,0,NULL,NULL
8486,18521,1246863723,0,NULL,NULL
8486,31054,1246863723,0,NULL,NULL
8486,9399,1246863723,0,NULL,NULL
8486,30056,1246367612,0,NULL,NULL
8486,4855,1246863723,0,NULL,NULL
8486,28628,1246863723,0,NULL,NULL
8486,26031,1246863723,0,NULL,NULL
8486,30053,1246863723,1,NULL,NULL
8486,9589,1246863723,0,NULL,NULL
8486,27801,1246863723,0,NULL,NULL
8486,30840,1246863723,-1,NULL,NULL
8486,27324,1246863723,0,NULL,NULL
8486,27991,1246863723,0,NULL,NULL
8486,27322,1246863723,0,NULL,NULL
8486,25984,1246863723,0,NULL,NULL
8486,26034,1246863723,0,NULL,NULL
8486,25926,1246863723,0,NULL,NULL
8486,36336,1246863723,1,NULL,NULL
8486,27803,1246863723,0,NULL,NULL
8486,25751,1246714009,1,NULL,NULL
8486,25965,1246863723,0,NULL,NULL
8486,26027,1246863723,0,NULL,NULL
8486,36446,1246880447,0,NULL,NULL
8486,31043,1246863723,-1,NULL,NULL
8486,31560,1246880447,0,NULL,NULL
8486,28615,1246863723,0,NULL,NULL
8486,26418,1246863723,0,NULL,NULL
8486,31046,1246863723,-1,NULL,NULL
8486,25986,1246863723,0,NULL,NULL
8486,28628,1246714009,0,NULL,NULL
8486,31061,1246863723,0,NULL,NULL
8486,30719,1246714009,1,NULL,NULL
8486,26223,1246863723,0,NULL,NULL
8486,30670,1246714009,0,NULL,NULL
8486,31431,1246880447,0,NULL,NULL
8486,31479,1246880447,0,NULL,NULL
8486,30719,1246863723,0,NULL,NULL
8487,36073,1246789076,0,NULL,NULL
8487,31043,1246789076,0,NULL,NULL
8487,25986,1246789076,0,NULL,NULL
8487,26402,1246789076,0,NULL,NULL
8487,31072,1246789076,0,NULL,NULL
8487,31046,1246789076,0,NULL,NULL
8487,25751,1246789076,1,NULL,NULL
8487,4337,1246789076,1,NULL,NULL
8487,9489,1246789076,0,NULL,NULL
8488,31370,1245702476,0,NULL,NULL
8488,37029,1246159258,-1,NULL,NULL
8488,10306,1246075591,0,NULL,NULL
8488,4848,1245790785,0,NULL,NULL
8488,26743,1246372334,-1,NULL,NULL
8488,29638,1246372334,0,NULL,NULL
8488,4743,1246075591,0,NULL,NULL
8488,29644,1246494790,0,NULL,NULL
8488,20661,1246068977,0,NULL,NULL
8488,16234,1246075591,0,NULL,NULL
8488,16118,1246075591,-1,NULL,NULL
8488,12211,1245903785,0,NULL,NULL
8488,17640,1245702476,1,NULL,NULL
8488,26719,1246470001,0,NULL,NULL
8488,4877,1245905109,0,NULL,NULL
8488,4356,1246494790,0,NULL,NULL
8488,4744,1246075591,-1,NULL,NULL
8488,1041,1245702476,0,NULL,NULL
8488,19056,1226462520,0,NULL,NULL
8488,4876,1245905109,0,NULL,NULL
8488,29674,1246338709,0,NULL,NULL
8488,7538,1246159258,0,NULL,NULL
8488,19055,1226462520,1,NULL,NULL
8488,1550,1246372312,0,NULL,NULL
8488,7550,1246159258,0,NULL,NULL
8488,31072,1246693956,-1,NULL,NULL
8488,23399,1245945567,-1,NULL,NULL
8488,29644,1246372334,-1,NULL,NULL
8488,30672,1245945567,0,NULL,NULL
8488,21574,1245903785,0,NULL,NULL
8488,4689,1246457626,0,0.0,0.0
8488,29671,1246338709,0,NULL,NULL
8488,28407,1246700084,0,NULL,NULL
8488,29635,1246159258,0,0.0,0.0
8488,20983,1245792279,0,NULL,NULL
8488,26216,1245896318,1,NULL,NULL
8488,37030,1246068977,0,NULL,NULL
8488,30125,1246334673,0,0.0,0.0
8488,16769,1245790785,0,NULL,NULL
8488,16767,1245790785,0,NULL,NULL
8489,12155,1246690911,0,NULL,NULL
8489,2079,1246690911,0,NULL,NULL
8489,98,1246690911,0,NULL,NULL
8490,1977,1246636467,1,NULL,NULL
8490,4724,1246636467,1,NULL,NULL
8490,5418,1246636467,1,NULL,NULL
8491,446,1246632955,0,NULL,NULL
8492,8102,1246622798,0,NULL,NULL
8492,10533,1246622798,0,NULL,NULL
8492,25651,1246622798,0,0.0,0.0
8493,15802,1246616271,0,NULL,NULL
8493,14459,1246616271,1,NULL,NULL
8493,16176,1246616271,0,NULL,NULL
8493,15818,1246616271,0,NULL,NULL
8493,28428,1246616271,0,NULL,NULL
8493,31370,1246616271,0,0.0,0.0
8493,32115,1246616271,0,NULL,NULL
8493,36905,1246616271,0,NULL,NULL
8493,31124,1246616271,1,NULL,NULL
8494,16096,1245724717,0,NULL,NULL
8494,16099,1245724717,0,NULL,NULL
8494,14513,1245724717,0,NULL,NULL
8494,14514,1245724717,0,NULL,NULL
8494,4709,1245724717,0,NULL,NULL
8494,1041,1245724717,0,NULL,NULL
8494,21223,1245724717,0,NULL,NULL
8494,36413,1245724717,0,NULL,NULL
8494,31373,1245724717,0,NULL,NULL
8494,35658,1245724717,0,NULL,NULL
8494,16093,1245724717,0,NULL,NULL
8494,35483,1245724717,0,NULL,NULL
8494,35325,1245724717,0,NULL,NULL
8494,35482,1245724717,0,NULL,NULL
8494,4709,1246604553,0,NULL,NULL
8494,16104,1246604553,1,NULL,NULL
8494,16099,1246604553,0,NULL,NULL
8494,36413,1246604553,0,NULL,NULL
8494,35482,1246604553,0,NULL,NULL
8494,31373,1246604553,0,NULL,NULL
8494,35325,1246604553,0,NULL,NULL
8494,35483,1246604553,0,NULL,NULL
8494,30672,1246604553,0,NULL,NULL
8494,30693,1246604553,0,NULL,NULL
8494,16093,1246604553,0,NULL,NULL
8496,4744,1246518585,1,NULL,NULL
8496,16176,1246518585,1,NULL,NULL
8496,16203,1246518585,1,NULL,NULL
8496,10306,1246518585,1,NULL,NULL
8496,8828,1246518585,1,NULL,NULL
8496,36692,1246518585,1,NULL,NULL
8496,16244,1246518585,0,NULL,NULL
8496,4744,1246524782,1,NULL,NULL
8496,16176,1246527190,1,NULL,NULL
8496,21321,1246527190,0,NULL,NULL
8500,29636,1246447208,1,NULL,NULL
8500,29637,1246447208,1,NULL,NULL
8502,25703,1246433878,1,NULL,NULL
8502,26567,1246433878,0,NULL,NULL
8505,20344,1246326687,0,NULL,NULL
8505,36437,1246326687,1,NULL,NULL
8505,31212,1246326687,1,NULL,NULL
8505,36439,1246326687,-1,NULL,NULL
8505,31207,1246326687,0,NULL,NULL
8506,25987,1246275818,0,NULL,NULL
8506,26202,1246275818,0,NULL,NULL
8506,28593,1246275818,0,NULL,NULL
8507,30103,1246187747,-1,NULL,NULL
8507,30110,1246187747,-1,0.0,0.0
8507,29642,1246187747,0,NULL,NULL
8507,29668,1246187747,0,NULL,NULL
8507,29649,1246187747,0,0.0,0.0
8507,30142,1246187747,1,NULL,NULL
8507,27386,1246187747,-1,NULL,NULL
8507,30108,1246187747,0,NULL,NULL
8507,30114,1246187747,1,NULL,NULL
8507,27350,1246187747,0,NULL,NULL
8507,30105,1246187747,1,NULL,NULL
8507,30117,1246187747,0,NULL,NULL
8507,29644,1246187747,0,NULL,NULL
8507,29673,1246187747,0,NULL,NULL
8507,30143,1246187747,-1,NULL,NULL
8507,30670,1246187747,1,NULL,NULL
8507,30132,1246187747,0,NULL,NULL
8507,26786,1246254004,0,NULL,NULL
8507,30142,1246254004,1,NULL,NULL
8507,30111,1246254004,0,NULL,NULL
8507,30414,1246254004,1,NULL,NULL
8507,27386,1246254004,1,NULL,NULL
8507,26785,1246254004,0,NULL,NULL
8508,26241,1246003405,0,NULL,NULL
8508,36913,1246003405,-1,NULL,NULL
8508,29710,1246003405,0,NULL,NULL
8508,28709,1246003405,0,NULL,NULL
8508,26208,1246003405,0,NULL,NULL
8508,26215,1246035749,0,NULL,NULL
8508,30414,1246035749,1,NULL,NULL
8508,30414,1246003405,0,NULL,NULL
8508,28618,1246003405,0,NULL,NULL
8508,30405,1246016777,0,NULL,NULL
8508,27911,1246003405,0,NULL,NULL
8508,26244,1246003405,0,NULL,NULL
8508,25732,1245993309,0,NULL,NULL
8508,25791,1246035749,0,NULL,NULL
8508,28109,1245993309,0,NULL,NULL
8508,26006,1246016777,0,0.0,0.0
8508,27822,1246095203,0,NULL,NULL
8508,30404,1246175239,0,NULL,NULL
8508,26190,1246003405,0,NULL,NULL
8508,28632,1246003405,0,NULL,NULL
8508,28004,1246035749,0,NULL,NULL
8508,26292,1246003405,0,NULL,NULL
8508,31054,1246035749,0,NULL,NULL
8508,37029,1246175239,0,NULL,NULL
8508,31054,1246003405,0,NULL,NULL
8508,26191,1246003405,0,NULL,NULL
8508,25791,1246016777,0,NULL,NULL
8508,30416,1245995000,0,0.0,0.0
8508,26252,1246003405,0,NULL,NULL
8508,27526,1246016777,0,NULL,NULL
8508,25958,1246016777,1,NULL,NULL
8508,26249,1246003405,0,NULL,NULL
8508,26242,1246003405,0,NULL,NULL
8508,26228,1246003405,0,NULL,NULL
8508,31479,1246035749,0,NULL,NULL
8508,27822,1245993309,0,NULL,NULL
8508,28004,1246175239,0,NULL,NULL
8508,30108,1246035749,1,NULL,NULL
8508,30414,1246016777,1,0.0,0.0
8508,26294,1246003405,0,NULL,NULL
8509,26580,1246037305,1,NULL,NULL
8509,25711,1246037305,0,NULL,NULL
8509,25660,1246037305,1,NULL,NULL
8511,17640,1245943827,1,NULL,NULL
8511,35325,1245943827,0,NULL,NULL
8512,25700,1245920470,0,NULL,NULL
8512,25713,1245920470,1,NULL,NULL
8512,25746,1245920470,1,NULL,NULL
8512,10247,1245920470,1,NULL,NULL
8513,4337,1245859618,0,NULL,NULL
8513,16549,1245859618,0,NULL,NULL
8513,9632,1245859618,0,NULL,NULL
8513,25751,1245859618,-1,NULL,NULL
8513,25672,1245859618,-1,0.0,0.0
8513,31295,1245859618,0,NULL,NULL
8513,31255,1245859618,0,NULL,NULL
8513,26402,1245859618,0,NULL,NULL
8513,31253,1245859618,0,NULL,NULL
8513,31256,1245859618,0,NULL,NULL
8513,31292,1245859618,0,NULL,NULL
8513,31124,1245859618,0,NULL,NULL
8513,36808,1245859618,0,NULL,NULL
8513,36738,1245859618,0,NULL,NULL
8513,25819,1245859618,1,NULL,NULL
8513,31254,1245859618,0,NULL,NULL
8513,30711,1245859618,0,NULL,NULL
8514,26286,1245843098,1,NULL,NULL
8515,24222,1245839660,0,NULL,NULL
8515,9948,1245839660,0,NULL,NULL
8515,9949,1245839660,0,NULL,NULL
8515,24223,1245839660,0,NULL,NULL
8515,24210,1245839660,0,NULL,NULL
8515,24198,1245839660,0,NULL,NULL
8515,24219,1245839660,0,NULL,NULL
8515,24224,1245839660,0,NULL,NULL
8515,24196,1245839660,0,NULL,NULL
8515,17970,1245839660,0,NULL,NULL
8515,14503,1245839660,0,NULL,NULL
8515,14508,1245839660,0,NULL,NULL
8515,17182,1245839660,0,NULL,NULL
8515,17209,1245839660,0,NULL,NULL
8515,14501,1245839660,0,NULL,NULL
8515,14502,1245839660,0,NULL,NULL
8515,14496,1245839660,0,NULL,NULL
8515,14481,1245839660,0,NULL,NULL
8515,14495,1245839660,0,NULL,NULL
8515,9950,1245839660,0,NULL,NULL
8515,9927,1245839660,0,NULL,NULL
8515,9943,1245839660,0,NULL,NULL
8515,9923,1245839660,0,NULL,NULL
8515,9951,1245839660,0,NULL,NULL
8515,9929,1245839660,0,NULL,NULL
8515,9931,1245839660,1,NULL,NULL
8515,9941,1245839660,0,NULL,NULL
8515,9942,1245839660,0,NULL,NULL
8515,9933,1245839660,0,NULL,NULL
8515,9934,1245839660,0,NULL,NULL
8517,445,1245833882,0,NULL,NULL
8519,32647,1245659794,0,NULL,NULL
8519,10246,1245821373,1,NULL,NULL
8519,4748,1245821373,1,NULL,NULL
8519,8863,1245821373,1,NULL,NULL
8519,32646,1245821373,-1,NULL,NULL
8519,4750,1245821841,1,NULL,NULL
8519,8863,1245821841,-1,NULL,NULL
8521,29607,1245772270,0,NULL,NULL
8521,30081,1245772270,0,NULL,NULL
8521,27350,1245772270,0,NULL,NULL
8521,29600,1245772270,0,NULL,NULL
8521,30142,1245772270,-1,NULL,NULL
8522,29607,1245748990,0,NULL,NULL
8522,29600,1245748990,0,NULL,NULL
8523,30081,1245744411,0,NULL,NULL
8523,14503,1245744411,0,NULL,NULL
8525,16119,1245737189,1,NULL,NULL
8525,2010,1245737189,-1,NULL,NULL
8526,8833,1245681253,0,NULL,NULL
8526,17640,1245681253,0,NULL,NULL
8526,25958,1245681253,0,NULL,NULL
8526,25751,1245681253,0,NULL,NULL
8526,26004,1245681253,1,NULL,NULL
8526,25987,1245681253,0,NULL,NULL
8526,30409,1245681253,0,NULL,NULL
8526,31065,1245681253,1,NULL,NULL
8526,26215,1245681253,0,NULL,NULL
8526,27469,1245681253,1,NULL,NULL
8526,27977,1245681253,0,NULL,NULL
8526,28242,1245681253,0,NULL,NULL
8526,28244,1245681253,1,NULL,NULL
8526,27473,1245681253,0,NULL,NULL
8526,27999,1245681253,0,NULL,NULL
8526,28094,1245681253,0,NULL,NULL
8528,21215,1245665393,0,NULL,NULL
8528,26214,1245665393,0,NULL,NULL
8528,27736,1245665393,0,NULL,NULL
8528,28171,1245665393,0,NULL,NULL
8528,28580,1245665393,-1,NULL,NULL
8528,30672,1245665393,1,NULL,NULL
8528,28593,1245665393,0,NULL,NULL
8528,26202,1245665393,0,NULL,NULL
8528,27590,1245665393,0,NULL,NULL
8528,36890,1245665393,0,NULL,NULL
8528,21223,1245665393,0,NULL,NULL
8530,4860,1245410338,1,NULL,NULL
8530,36073,1245410338,1,NULL,NULL
8530,36217,1245410338,0,NULL,NULL
8532,36786,1245317632,0,NULL,NULL
8532,36799,1245317632,0,NULL,NULL
8532,36784,1245317632,0,NULL,NULL
8533,27790,1245313748,0,NULL,NULL
8533,30059,1245313748,-1,NULL,NULL
8533,28221,1245313748,1,NULL,NULL
8533,26742,1245313748,0,NULL,NULL
8533,26245,1245313748,-1,NULL,NULL
8533,26242,1245313748,-1,0.0,0.0
8533,26214,1245313748,-1,NULL,NULL
8533,26411,1245313748,0,NULL,NULL
8533,446,1245313748,0,NULL,NULL
8533,36916,1245316115,0,NULL,NULL
8533,28448,1245316115,0,NULL,NULL
8533,28472,1245316115,0,NULL,NULL
8533,27734,1245316115,0,NULL,NULL
8534,25700,1245309987,-1,NULL,NULL
8535,12190,1245304069,0,NULL,NULL
8535,17764,1245304069,1,NULL,NULL
8535,12210,1245304069,1,NULL,NULL
8536,15806,1245243742,0,NULL,NULL
8536,8369,1245243742,0,NULL,NULL
8537,22439,1245239665,0,NULL,NULL
8537,25751,1245239665,0,NULL,NULL
8537,4337,1245239665,0,NULL,NULL
8538,17764,1245236058,-1,NULL,NULL
8539,446,1245232723,0,NULL,NULL
8540,30667,1245218692,0,NULL,NULL
8540,9410,1245218692,1,NULL,NULL
8540,16498,1245218692,1,NULL,NULL
8540,18520,1245218692,0,NULL,NULL
8540,25776,1245218692,1,NULL,NULL
8540,4337,1245218692,1,NULL,NULL
8540,26215,1245222925,0,NULL,NULL
8540,25972,1245222925,1,NULL,NULL
8540,25982,1245222925,0,NULL,NULL
8541,26033,1245169751,0,NULL,NULL
8542,25713,1245158680,1,NULL,NULL
8543,16504,1245128648,0,NULL,NULL
8543,36308,1245128648,0,NULL,NULL
8543,36307,1245128648,0,NULL,NULL
8544,26196,1245078234,0,NULL,NULL
8544,16496,1245078234,0,0.0,0.0
8544,25653,1245078234,0,NULL,NULL
8544,25652,1245078234,0,NULL,NULL
8544,26197,1245078234,0,NULL,NULL
8544,26222,1245078234,1,NULL,NULL
8544,26216,1245078234,-1,NULL,NULL
8544,1404,1245078234,1,NULL,NULL
8544,540,1245078234,-1,NULL,NULL
8544,16295,1245078234,0,NULL,NULL
8544,16504,1245078234,1,NULL,NULL
8544,36705,1245078234,1,NULL,NULL
8544,36463,1245078234,0,NULL,NULL
8544,28098,1245078234,1,NULL,NULL
8544,16621,1245080876,0,NULL,NULL
8544,16504,1245128224,1,NULL,NULL
8546,26580,1245041749,0,NULL,NULL
8546,26499,1245041749,0,NULL,NULL
8546,25653,1245041749,1,NULL,NULL
8546,26418,1245041749,0,NULL,NULL
8546,25650,1245041749,0,0.0,0.0
8546,26275,1245041749,0,NULL,NULL
8546,27813,1245041749,0,NULL,NULL
8546,25703,1245041749,1,NULL,NULL
8546,25652,1245041749,-1,NULL,NULL
8546,26421,1245041749,0,NULL,NULL
8546,28594,1245041749,0,NULL,NULL
8546,28724,1245041749,0,NULL,NULL
8546,36542,1245041749,0,NULL,NULL
8546,31591,1245041749,-1,NULL,NULL
8546,31585,1245041749,-1,NULL,NULL
8546,8832,1245041749,0,NULL,NULL
8546,32922,1245041749,1,NULL,NULL
8546,540,1245046727,0,NULL,NULL
8546,26222,1245046727,0,NULL,NULL
8546,27808,1245046727,1,NULL,NULL
8546,26197,1245046727,-1,NULL,NULL
8546,26196,1245046727,-1,NULL,NULL
8546,32922,1245054402,1,NULL,NULL
8546,26223,1245054402,0,NULL,NULL
8546,28731,1245054402,1,NULL,NULL
8546,28732,1245054402,0,NULL,NULL
8546,28692,1245054402,0,NULL,NULL
8546,26222,1245054402,1,NULL,NULL
8546,25653,1245054402,0,NULL,NULL
8549,10380,1244953688,0,NULL,NULL
8549,10367,1244953688,0,NULL,NULL
8549,10372,1244953688,0,NULL,NULL
8549,10433,1244953688,0,NULL,NULL
8549,10365,1244953688,1,0.0,0.0
8549,10369,1244953688,1,NULL,NULL
8550,36288,1244811042,1,NULL,NULL
8550,4337,1244811042,1,NULL,NULL
8550,4337,1244812193,0,NULL,NULL
8552,35390,1244739454,1,NULL,NULL
8553,12331,1244724024,0,NULL,NULL
8553,8311,1244724024,0,NULL,NULL
8553,36403,1244724024,0,NULL,NULL
8553,20358,1244724024,0,NULL,NULL
8555,4876,1243425182,0,NULL,NULL
8555,4876,1244609770,0,NULL,NULL
8555,4876,1244699475,0,NULL,NULL
8556,17764,1243427639,1,NULL,NULL
8556,16343,1244697727,0,NULL,NULL
8556,17764,1244697727,1,NULL,NULL
8557,1624,1244621520,0,NULL,NULL
8558,1041,1244537702,1,0.0,0.0
8558,31396,1244538398,0,NULL,NULL
8558,1041,1244538398,0,NULL,NULL
8559,25987,1244536325,0,0.0,0.0
8560,29666,1244362865,-1,NULL,NULL
8560,29636,1244362865,1,NULL,NULL
8560,29644,1244444585,1,NULL,NULL
8560,29636,1244444585,-1,NULL,NULL
8560,29649,1244444585,0,NULL,NULL
8560,29654,1244444585,0,NULL,NULL
8560,29674,1244450919,1,NULL,NULL
8560,29673,1244450919,0,NULL,NULL
8560,26927,1244450919,0,NULL,NULL
8560,29666,1244450919,0,NULL,NULL
8560,29678,1244450919,0,NULL,NULL
8560,29668,1244450919,0,NULL,NULL
8560,29675,1244450919,0,NULL,NULL
8560,7530,1244450919,0,NULL,NULL
8560,4687,1244450919,1,NULL,NULL
8560,4690,1244450919,1,NULL,NULL
8561,30693,1244534019,1,NULL,NULL
8561,30110,1244534019,0,0.0,0.0
8562,4877,1244475588,0,NULL,NULL
8563,30386,1244460314,-1,NULL,NULL
8565,25965,1244440695,0,NULL,NULL
8565,26102,1244440695,0,NULL,NULL
8565,26108,1244440695,0,NULL,NULL
8565,25961,1244440695,0,NULL,NULL
8565,26089,1244440695,0,NULL,NULL
8565,37057,1244440695,0,NULL,NULL
8565,25987,1244440695,0,NULL,NULL
8565,36573,1244440695,0,NULL,NULL
8565,25651,1244440695,0,0.0,0.0
8565,25782,1244440695,0,NULL,NULL
8565,26140,1244440695,0,NULL,NULL
8565,26087,1244440695,0,NULL,NULL
8565,26034,1244440695,0,NULL,NULL
8565,25751,1244440695,0,NULL,NULL
8565,16498,1244440695,0,NULL,NULL
8566,26275,1244373660,0,NULL,NULL
8566,21427,1244373660,1,NULL,NULL
8566,26770,1244373660,0,NULL,NULL
8566,26274,1244373660,0,NULL,NULL
8566,7530,1244373660,0,NULL,NULL
8566,4751,1244373660,1,NULL,NULL
8566,29679,1244373660,0,NULL,NULL
8566,31023,1244373660,0,NULL,NULL
8566,26770,1244440120,0,NULL,NULL
8566,25953,1244440120,0,NULL,NULL
8566,26274,1244440120,1,NULL,NULL
8566,29644,1244440120,0,NULL,NULL
8566,26275,1244440120,1,NULL,NULL
8566,4751,1244440120,0,NULL,NULL
8566,29679,1244440120,1,NULL,NULL
8567,31409,1244220660,0,NULL,NULL
8567,36538,1244220660,1,NULL,NULL
8567,29644,1244220660,1,NULL,NULL
8567,8863,1244220660,0,NULL,NULL
8567,29649,1244220660,0,NULL,NULL
8567,29637,1244220660,0,NULL,NULL
8567,4748,1244220660,1,NULL,NULL
8567,99,1244220660,1,NULL,NULL
8567,4356,1244220660,1,NULL,NULL
8567,12155,1244220660,0,NULL,NULL
8568,36810,1244021070,0,NULL,NULL
8568,4337,1244021070,0,NULL,NULL
8568,10247,1244021070,0,NULL,NULL
8568,16498,1244021070,1,NULL,NULL
8568,16503,1244021070,-1,NULL,NULL
8568,4337,1244030678,0,NULL,NULL
8568,16485,1244030678,-1,NULL,NULL
8568,16518,1244030678,0,NULL,NULL
8568,22439,1244030678,0,NULL,NULL
8568,16585,1244203767,0,NULL,NULL
8569,8369,1244193714,0,NULL,NULL
8569,15853,1244193714,0,NULL,NULL
8569,15804,1244193851,0,NULL,NULL
8570,36712,1244168429,0,NULL,NULL
8570,36711,1244168429,0,NULL,NULL
8570,28475,1244168429,0,NULL,NULL
8570,28476,1244168429,0,NULL,NULL
8570,26434,1244188574,0,NULL,NULL
8570,27170,1244188574,0,NULL,NULL
8570,27101,1244188574,0,NULL,NULL
8571,27831,1244115446,1,NULL,NULL
8571,26200,1244115446,0,NULL,NULL
8571,25936,1244115446,-1,NULL,NULL
8571,25987,1244115446,0,NULL,NULL
8571,16689,1244115446,0,NULL,NULL
8572,25651,1244098002,0,0.0,0.0
8572,26089,1244098002,0,NULL,NULL
8572,9813,1244098002,0,NULL,NULL
8572,37058,1244098002,0,NULL,NULL
8574,36904,1243955095,-1,NULL,NULL
8574,36691,1243955095,-1,NULL,NULL
8574,8313,1243955095,1,NULL,NULL
8574,15869,1243955095,0,NULL,NULL
8574,8356,1243955095,0,NULL,NULL
8574,8312,1243955095,1,NULL,NULL
8575,8313,1243932708,0,NULL,NULL
8575,8312,1243932708,0,NULL,NULL
8576,35985,1243757143,1,NULL,NULL
8576,35984,1243757143,1,NULL,NULL
8577,25791,1243690093,1,NULL,NULL
8577,26245,1243690093,0,NULL,NULL
8577,26494,1243690093,0,NULL,NULL
8577,29719,1243690093,0,NULL,NULL
8577,30059,1243690093,1,NULL,NULL
8577,30055,1243690093,0,NULL,NULL
8577,27095,1243690093,0,NULL,NULL
8577,26245,1243690387,0,NULL,NULL
8577,27099,1243690387,0,NULL,NULL
8577,27098,1243690387,0,NULL,NULL
8577,27101,1243690387,0,NULL,NULL
8577,30059,1243690387,0,NULL,NULL
8577,29719,1243690387,0,NULL,NULL
8577,27084,1243692211,0,NULL,NULL
8577,30059,1243692211,1,NULL,NULL
8578,7498,1243594129,0,NULL,NULL
8578,4687,1243594129,0,NULL,NULL
8578,416,1243594129,1,NULL,NULL
8578,1550,1243594129,1,NULL,NULL
8578,7496,1243594129,0,NULL,NULL
8578,7501,1243594129,0,NULL,NULL
8578,7497,1243594129,0,0.0,0.0
8578,15937,1243594129,0,NULL,NULL
8578,24219,1243594129,0,NULL,NULL
8578,16246,1243594129,0,NULL,NULL
8578,16878,1243594129,0,NULL,NULL
8578,26703,1243594129,0,0.0,0.0
8578,26815,1243594129,0,NULL,NULL
8578,26701,1243594129,0,NULL,NULL
8578,27628,1243594129,0,NULL,NULL
8578,29649,1243594129,0,NULL,NULL
8578,29638,1243594129,1,NULL,NULL
8578,16905,1243594129,0,NULL,NULL
8578,26810,1243594129,0,NULL,NULL
8578,30677,1243594129,0,NULL,NULL
8578,26828,1243594129,0,NULL,NULL
8579,31212,1243588852,-1,NULL,NULL
8579,12085,1243588852,0,NULL,NULL
8579,12346,1243588852,-1,NULL,NULL
8579,8311,1243588852,-1,NULL,NULL
8579,12331,1243588852,0,NULL,NULL
8579,4656,1243588852,0,NULL,NULL
8580,35325,1243501094,-1,NULL,NULL
8580,35482,1243501094,0,NULL,NULL
8580,4709,1243501094,0,NULL,NULL
8580,16099,1243501094,1,NULL,NULL
8580,36413,1243501094,-1,NULL,NULL
8580,31373,1243501094,0,NULL,NULL
8580,16093,1243501094,-1,NULL,NULL
8581,4748,1243487077,-1,NULL,NULL
8581,99,1243487077,0,NULL,NULL
8581,29644,1243487077,0,NULL,NULL
8581,36538,1243487077,-1,NULL,NULL
8582,31553,1243348260,0,NULL,NULL
8582,30139,1243348260,1,NULL,NULL
8582,26231,1243348260,0,NULL,NULL
8582,26236,1243348260,0,NULL,NULL
8582,25779,1243348260,0,NULL,NULL
8582,4689,1243348260,0,0.0,0.0
8582,30694,1243353766,0,NULL,NULL
8582,26231,1243353766,0,0.0,0.0
8582,30100,1243353766,0,NULL,NULL
8582,30139,1243353766,0,NULL,NULL
8582,30812,1243353766,0,NULL,NULL
8582,30119,1243353766,0,NULL,NULL
8582,30812,1243409398,0,NULL,NULL
8582,30139,1243409398,0,NULL,NULL
8582,30119,1243409398,0,NULL,NULL
8582,26252,1243409398,0,NULL,NULL
8582,25779,1243409398,0,NULL,NULL
8582,25751,1243409398,0,NULL,NULL
8582,26236,1243409398,1,NULL,NULL
8582,26231,1243409398,1,0.0,0.0
8582,26220,1243409398,1,NULL,NULL
8583,1961,1243343690,0,NULL,NULL
8583,31367,1243345121,0,NULL,NULL
8583,36848,1243345121,0,NULL,NULL
8583,1961,1243345121,0,NULL,NULL
8585,15944,1243241409,0,NULL,NULL
8585,4689,1243241409,0,NULL,NULL
8585,4356,1243241409,0,NULL,NULL
8585,1550,1243241409,0,NULL,NULL
8585,1875,1243241409,0,NULL,NULL
8585,26777,1243241409,0,NULL,NULL
8585,29637,1243241409,1,NULL,NULL
8585,29649,1243241409,0,NULL,NULL
8585,29635,1243241409,0,NULL,NULL
8585,7564,1243257971,0,NULL,NULL
8587,10372,1243253421,0,NULL,NULL
8587,10379,1243253421,0,NULL,NULL
8587,10365,1243253421,0,NULL,NULL
8587,10369,1243253421,0,NULL,NULL
8589,99,1243077507,1,NULL,NULL
8589,36538,1243091789,1,NULL,NULL
8589,4748,1243093456,1,NULL,NULL
8590,29653,1243061816,0,NULL,NULL
8590,37064,1243061816,0,NULL,NULL
8590,37065,1243061816,0,NULL,NULL
8590,29644,1243061816,-1,NULL,NULL
8590,37033,1243061816,0,0.0,0.0
8590,27771,1243061816,0,NULL,NULL
8590,33301,1243061816,0,NULL,NULL
8590,30108,1243061816,1,NULL,NULL
8590,33292,1243061816,0,NULL,NULL
8590,30055,1243061816,0,NULL,NULL
8590,36890,1243061816,1,NULL,NULL
8590,36891,1243061816,0,NULL,NULL
8590,27985,1243061816,0,NULL,NULL
8590,26215,1243061816,0,NULL,NULL
8590,30103,1243061816,1,NULL,NULL
8590,30386,1243061816,1,NULL,NULL
8590,28458,1243061816,0,NULL,NULL
8590,27965,1243061816,0,NULL,NULL
8590,28171,1243061816,0,NULL,NULL
8590,26742,1243061816,0,NULL,NULL
8590,16675,1243061816,0,NULL,NULL
8590,27961,1243061816,0,NULL,NULL
8590,26252,1243061816,0,NULL,NULL
8590,28455,1243061816,1,NULL,NULL
8590,27736,1243061816,0,NULL,NULL
8590,27734,1243061816,-1,NULL,NULL
8590,26274,1243061816,0,NULL,NULL
8590,26214,1243061816,-1,NULL,NULL
8590,25791,1243061816,1,NULL,NULL
8590,25925,1243061816,1,NULL,NULL
8590,22677,1243061816,0,NULL,NULL
8590,16744,1243061816,0,NULL,NULL
8590,9205,1243061816,0,NULL,NULL
8590,16129,1243061816,-1,NULL,NULL
8590,29654,1243070783,0,NULL,NULL
8591,36307,1243017738,1,NULL,NULL
8591,36308,1243017738,0,NULL,NULL
8591,36888,1243017738,0,NULL,NULL
8592,36683,1242899209,0,NULL,NULL
8592,36691,1242899209,0,NULL,NULL
8594,4356,1242748937,0,NULL,NULL
8594,29637,1242748937,0,NULL,NULL
8594,37029,1242748937,-1,NULL,NULL
8598,25700,1242718747,0,NULL,NULL
8598,25660,1242718747,0,NULL,NULL
8599,23396,1242714051,1,NULL,NULL
8599,16938,1242714051,1,NULL,NULL
8601,27707,1242630381,-1,NULL,NULL
8601,25987,1242630381,0,NULL,NULL
8601,25934,1242630381,0,NULL,NULL
8601,15818,1242657969,0,NULL,NULL
8602,17764,1242655636,0,NULL,NULL
8602,36571,1242655636,0,NULL,NULL
8602,36572,1242655636,0,NULL,NULL
8602,34927,1242655636,0,NULL,NULL
8603,26581,1242655252,1,NULL,NULL
8603,25713,1242655252,1,NULL,NULL
8603,26495,1242655252,0,NULL,NULL
8603,26499,1242655252,0,NULL,NULL
8603,37068,1242655252,-1,NULL,NULL
8603,25700,1242655252,1,NULL,NULL
8604,27870,1242637761,0,NULL,NULL
8604,25961,1242637761,0,NULL,NULL
8604,25700,1242637761,-1,NULL,NULL
8604,27868,1242637761,0,NULL,NULL
8604,30694,1242637761,1,NULL,NULL
8605,35525,1242544480,0,NULL,NULL
8605,31206,1242544480,0,NULL,NULL
8605,16768,1242544480,0,NULL,NULL
8605,1805,1242544480,0,NULL,NULL
8605,1961,1242544480,1,NULL,NULL
8605,10369,1242544480,0,NULL,NULL
8605,37071,1242544480,1,NULL,NULL
8605,31206,1242548807,0,NULL,NULL
8605,10369,1242548807,0,NULL,NULL
8605,1961,1242548807,-1,NULL,NULL
8605,1805,1242548807,0,NULL,NULL
8605,35525,1242548807,0,NULL,NULL
8605,37071,1242548807,-1,NULL,NULL
8606,27707,1242497724,0,NULL,NULL
8606,25987,1242497724,0,NULL,NULL
8606,25961,1242497724,0,NULL,NULL
8606,37072,1242497724,0,NULL,NULL
8606,36711,1242546974,-1,NULL,NULL
8606,27707,1242546974,0,NULL,NULL
8606,16498,1242546974,0,NULL,NULL
8606,25961,1242546974,0,NULL,NULL
8606,26286,1242546974,-1,NULL,NULL
8606,26286,1242547202,0,NULL,NULL
8606,27868,1242547542,0,NULL,NULL
8606,27867,1242547542,0,NULL,NULL
8606,27865,1242547542,0,NULL,NULL
8606,25961,1242547542,0,NULL,NULL
8606,27870,1242547542,0,NULL,NULL
8606,27863,1242547542,0,NULL,NULL
8606,25961,1242557736,0,NULL,NULL
8607,29859,1242487429,-1,NULL,NULL
8607,29858,1242487429,0,NULL,NULL
8607,29856,1242487429,0,NULL,NULL
8608,25649,1242393031,0,0.0,0.0
8608,27752,1242393031,0,NULL,NULL
8608,25650,1242393031,0,0.0,0.0
8608,25660,1242393031,0,NULL,NULL
8608,25661,1242397964,1,0.0,0.0
8608,25650,1242397964,0,0.0,0.0
8608,27756,1242397964,0,NULL,NULL
8608,26126,1242397964,1,0.0,0.0
8608,16620,1242478650,0,NULL,NULL
8608,27382,1242478650,1,NULL,NULL
8608,25650,1242478650,0,0.0,0.0
8608,21384,1242478650,0,NULL,NULL
8608,16496,1242478650,0,0.0,0.0
8608,21427,1242478650,0,NULL,NULL
8608,21385,1242478650,0,NULL,NULL
8608,16622,1242478650,0,NULL,NULL
8608,16608,1242478650,0,NULL,NULL
8608,9429,1242478650,0,NULL,NULL
8608,36705,1242478650,0,NULL,NULL
8612,4744,1242289258,0,NULL,NULL
8613,35662,1242225109,-1,NULL,NULL
8613,16093,1242225109,1,NULL,NULL
8613,36413,1242283576,0,NULL,NULL
8613,35662,1242283576,1,NULL,NULL
8613,31373,1242283576,1,NULL,NULL
8613,4709,1242283576,0,NULL,NULL
8613,35325,1242283576,1,NULL,NULL
8613,35483,1242284025,-1,NULL,NULL
8613,4709,1242286531,0,NULL,NULL
8615,8654,1242116272,0,NULL,NULL
8615,8652,1242116272,0,NULL,NULL
8615,8664,1242116272,0,NULL,NULL
8615,8655,1242116272,0,NULL,NULL
8615,15419,1242116272,0,NULL,NULL
8617,30672,1242034156,0,NULL,NULL
8617,25652,1242034156,-1,NULL,NULL
8617,26196,1242034156,1,NULL,NULL
8618,31409,1241972498,0,NULL,NULL
8618,37064,1241972498,0,NULL,NULL
8618,31410,1241972498,1,NULL,NULL
8618,31418,1242019351,0,NULL,NULL
8618,31426,1242019351,0,NULL,NULL
8618,31425,1242019351,0,NULL,NULL
8618,31427,1242019351,0,NULL,NULL
8618,31430,1242019351,0,NULL,NULL
8618,31409,1242019351,0,NULL,NULL
8618,31410,1242019351,0,NULL,NULL
8618,31410,1242023561,-1,NULL,NULL
8619,28209,1242005355,0,NULL,NULL
8619,26242,1242005355,0,0.0,0.0
8620,26214,1241170768,0,NULL,NULL
8620,25987,1241764392,0,NULL,NULL
8620,16411,1241593694,0,NULL,NULL
8620,28476,1241764392,0,NULL,NULL
8620,30142,1241692960,0,NULL,NULL
8620,30103,1241692960,0,NULL,NULL
8620,25779,1241593694,1,NULL,NULL
8620,28476,1241960633,0,NULL,NULL
8620,16620,1241763196,1,NULL,NULL
8620,9423,1241763196,0,NULL,NULL
8620,25969,1241612597,1,NULL,NULL
8620,25987,1241593694,0,NULL,NULL
8620,30057,1241170768,1,NULL,NULL
8620,33304,1241612597,0,NULL,NULL
8620,37116,1241170768,1,NULL,NULL
8620,9422,1241763196,0,NULL,NULL
8620,25779,1241763196,-1,NULL,NULL
8620,25987,1241692960,1,NULL,NULL
8620,37106,1241612597,0,NULL,NULL
8620,37111,1241170768,0,NULL,NULL
8620,28316,1241593694,-1,NULL,NULL
8620,35525,1241517816,0,NULL,NULL
8620,30105,1241593694,-1,NULL,NULL
8620,8270,1241520708,-1,NULL,NULL
8620,15773,1241520708,0,NULL,NULL
8620,37065,1241765083,0,NULL,NULL
8620,28475,1241960633,0,NULL,NULL
8620,1549,1241516761,0,NULL,NULL
8620,26214,1241593694,0,NULL,NULL
8620,26216,1241593694,-1,NULL,NULL
8620,36712,1241763196,0,NULL,NULL
8620,28020,1241593694,1,NULL,NULL
8620,35997,1241170768,1,NULL,NULL
8620,25782,1241170768,0,NULL,NULL
8620,29659,1241612597,0,NULL,NULL
8620,30057,1241593694,-1,NULL,NULL
8620,26216,1241170768,0,NULL,NULL
8620,30694,1241763196,0,NULL,NULL
8620,33297,1241612597,0,0.0,0.0
8620,37065,1241763196,0,NULL,NULL
8621,26444,1241866716,-1,NULL,NULL
8621,27628,1241866716,0,NULL,NULL
8621,26402,1241866716,0,NULL,NULL
8621,36073,1241866716,0,NULL,NULL
8621,32009,1241866716,0,NULL,NULL
8621,26418,1241866716,0,NULL,NULL
8621,26411,1241866716,0,NULL,NULL
8622,25886,1241778670,0,NULL,NULL
8622,36880,1241778670,-1,NULL,NULL
8622,36307,1241778670,0,NULL,NULL
8622,36309,1241778670,-1,NULL,NULL
8622,27628,1241778670,1,NULL,NULL
8622,25884,1241778670,0,0.0,0.0
8623,35525,1241772609,0,0.0,0.0
8623,35526,1241772609,0,NULL,NULL
8623,21175,1241772609,1,NULL,NULL
8623,16103,1241772609,0,NULL,NULL
8623,16097,1241772609,0,NULL,NULL
8623,16096,1241772609,0,NULL,NULL
8623,16095,1241772609,0,NULL,NULL
8623,16092,1241772609,0,NULL,NULL
8623,8763,1241772609,1,NULL,NULL
8624,36410,1241683214,-1,NULL,NULL
8624,36417,1241683214,-1,NULL,NULL
8624,15830,1241683214,1,NULL,NULL
8624,8299,1241683214,-1,NULL,NULL
8624,36417,1241770857,1,NULL,NULL
8626,36073,1241710987,0,NULL,NULL
8627,30139,1241619970,-1,NULL,NULL
8627,30057,1241619970,0,NULL,NULL
8627,36994,1241619970,0,NULL,NULL
8627,30144,1241619970,-1,NULL,NULL
8627,26214,1241619970,0,NULL,NULL
8627,26242,1241619970,0,0.0,0.0
8627,4855,1241619970,0,NULL,NULL
8627,26444,1241622652,-1,NULL,NULL
8627,26236,1241622652,1,NULL,NULL
8627,25779,1241622652,0,NULL,NULL
8627,25782,1241622652,0,NULL,NULL
8627,30142,1241622652,0,NULL,NULL
8627,30106,1241622652,0,NULL,NULL
8627,30103,1241622652,-1,NULL,NULL
8627,26286,1241622652,-1,NULL,NULL
8627,26252,1241622652,-1,NULL,NULL
8627,26228,1241622652,0,NULL,NULL
8627,25987,1241622652,0,NULL,NULL
8627,36994,1241622652,-1,NULL,NULL
8627,26417,1241622652,0,NULL,NULL
8627,37033,1241671876,0,0.0,0.0
8627,4744,1241671876,0,NULL,NULL
8627,4743,1241671876,0,NULL,NULL
8627,2010,1241671876,0,NULL,NULL
8627,30106,1241671908,-1,NULL,NULL
8627,30103,1241671908,0,NULL,NULL
8628,26006,1241427580,-1,NULL,NULL
8628,25960,1241427580,0,NULL,NULL
8628,4337,1241427580,-1,NULL,NULL
8628,30670,1241427580,1,NULL,NULL
8628,36288,1241427580,0,NULL,NULL
8628,25672,1241427580,0,0.0,0.0
8628,26216,1241427580,0,NULL,NULL
8628,4689,1241592314,0,NULL,NULL
8628,29659,1241592314,0,NULL,NULL
8629,36410,1241585774,1,NULL,NULL
8629,15830,1241585774,1,NULL,NULL
8630,25987,1241454537,0,NULL,NULL
8630,25934,1241454537,0,NULL,NULL
8630,27772,1241454537,1,NULL,NULL
8630,30694,1241454537,1,NULL,NULL
8630,26195,1241454537,1,NULL,NULL
8632,25960,1241442255,-1,NULL,NULL
8632,26006,1241442255,1,NULL,NULL
8632,25751,1241442255,1,NULL,NULL
8632,4337,1241442255,-1,NULL,NULL
8632,9487,1241442255,0,NULL,NULL
8632,25751,1241443979,0,NULL,NULL
8632,25959,1241443979,-1,NULL,NULL
8632,28628,1241443979,0,NULL,NULL
8632,28616,1241443979,0,NULL,NULL
8632,29537,1241443979,0,NULL,NULL
8633,25960,1241424843,0,NULL,NULL
8633,25987,1241424843,-1,NULL,NULL
8633,28632,1241424843,0,NULL,NULL
8634,26006,1241250876,1,NULL,NULL
8634,25672,1241250876,0,0.0,0.0
8634,27614,1241250876,0,NULL,NULL
8634,36288,1241250876,0,NULL,NULL
8634,37022,1241250876,0,0.0,0.0
8634,30227,1241250876,0,NULL,NULL
8634,37002,1241250876,0,NULL,NULL
8634,30409,1241250876,0,NULL,NULL
8634,26282,1241250876,0,NULL,NULL
8634,4337,1241250876,1,NULL,NULL
8634,16498,1241250876,1,NULL,NULL
8634,30416,1241250876,0,NULL,NULL
8634,25987,1241250876,-1,NULL,NULL
8634,30408,1241250876,0,NULL,NULL
8634,37022,1241341091,0,0.0,0.0
8634,30227,1241341091,0,NULL,NULL
8634,30408,1241341091,-1,NULL,NULL
8634,30416,1241341091,0,NULL,NULL
8634,30409,1241341091,0,NULL,NULL
8634,26282,1241341091,0,NULL,NULL
8634,25959,1241341091,0,NULL,NULL
8634,25958,1241341091,-1,NULL,NULL
8634,4337,1241341091,0,NULL,NULL
8634,28641,1241341246,0,NULL,NULL
8634,4337,1241423509,-1,NULL,NULL
8634,25958,1241423509,0,NULL,NULL
8634,26006,1241423509,-1,NULL,NULL
8634,28620,1241423509,0,NULL,NULL
8634,28638,1241423509,0,NULL,NULL
8634,27509,1241423509,0,NULL,NULL
8634,28607,1241423509,0,NULL,NULL
8634,26216,1241423509,1,NULL,NULL
8634,27508,1241423509,0,NULL,NULL
8634,25987,1241423509,-1,NULL,NULL
8634,28623,1241423509,0,NULL,NULL
8634,36288,1241423509,1,NULL,NULL
8636,25672,1241197351,0,0.0,0.0
8636,25987,1241197351,0,NULL,NULL
8636,27707,1241197351,0,NULL,NULL
8636,26006,1241197351,-1,NULL,NULL
8636,25782,1241197351,-1,NULL,NULL
8636,16498,1241197351,0,NULL,NULL
8636,4337,1241197351,0,NULL,NULL
8636,4337,1241199901,1,NULL,NULL
8636,25959,1241199901,0,NULL,NULL
8636,26006,1241199901,1,NULL,NULL
8636,25960,1241199901,0,NULL,NULL
8636,25751,1241199901,0,NULL,NULL
8637,25987,1240836238,1,NULL,NULL
8637,25672,1240836238,0,0.0,0.0
8637,26006,1240836238,1,NULL,NULL
8637,25751,1240836238,0,NULL,NULL
8637,25958,1240836238,-1,NULL,NULL
8637,4337,1240836238,1,NULL,NULL
8637,16498,1240836238,1,NULL,NULL
8637,37146,1240837455,0,NULL,NULL
8637,37136,1240839587,0,NULL,NULL
8637,25987,1240839587,0,NULL,NULL
8637,37135,1240839587,0,NULL,NULL
8637,37146,1240850097,0,NULL,NULL
8637,26006,1240850097,0,NULL,NULL
8637,25672,1240850097,0,0.0,0.0
8637,16498,1240850097,0,NULL,NULL
8637,4337,1240850097,0,NULL,NULL
8637,26006,1241182358,0,NULL,NULL
8637,25960,1241182358,0,NULL,NULL
8637,25987,1241182358,1,NULL,NULL
8637,25672,1241182358,0,0.0,0.0
8637,25960,1241182788,0,NULL,NULL
8637,25672,1241182788,0,0.0,0.0
8638,36680,1241093474,-1,NULL,NULL
8638,34927,1241099662,0,NULL,NULL
8638,36680,1241099662,0,NULL,NULL
8640,15419,1241028708,0,NULL,NULL
8640,16022,1241028708,-1,NULL,NULL
8640,8654,1241028708,0,NULL,NULL
8640,8655,1241028708,0,NULL,NULL
8640,8664,1241028708,0,NULL,NULL
8640,8652,1241033080,0,NULL,NULL
8640,8652,1241035004,0,NULL,NULL
8640,8652,1241035738,0,NULL,NULL
8641,35953,1240985562,0,NULL,NULL
8641,8863,1240985562,1,NULL,NULL
8641,4747,1240985562,0,NULL,NULL
8641,4750,1240985562,0,NULL,NULL
8642,30117,1240935335,1,NULL,NULL
8642,28023,1240935335,0,NULL,NULL
8642,25706,1240935335,0,NULL,NULL
8642,16202,1240935335,0,NULL,NULL
8642,17640,1240935335,0,NULL,NULL
8642,21384,1240935335,0,NULL,NULL
8642,25757,1240935335,0,NULL,NULL
8642,29613,1240935335,0,NULL,NULL
8642,18940,1240935335,-1,NULL,NULL
8642,37021,1240935335,0,NULL,NULL
8642,26542,1240935335,0,NULL,NULL
8642,26216,1240935335,1,NULL,NULL
8642,9778,1240935335,0,NULL,NULL
8642,8538,1240935335,0,NULL,NULL
8642,28316,1240935335,0,NULL,NULL
8642,4744,1240935335,1,NULL,NULL
8642,16101,1240935335,0,NULL,NULL
8642,25660,1240935335,0,NULL,NULL
8642,28221,1240935335,0,NULL,NULL
8642,16097,1240935335,0,NULL,NULL
8642,30404,1240935335,0,NULL,NULL
8642,31410,1240935335,0,NULL,NULL
8642,25779,1240935335,1,NULL,NULL
8642,30672,1240935335,0,NULL,NULL
8642,28580,1240935335,0,NULL,NULL
8642,35387,1240935335,0,NULL,NULL
8642,35984,1240935335,1,NULL,NULL
8642,21175,1240935335,0,NULL,NULL
8642,26231,1240935335,0,NULL,NULL
8642,17775,1240935335,0,NULL,NULL
8642,16084,1240935335,0,NULL,NULL
8642,25703,1240935335,0,NULL,NULL
8642,25687,1240935335,-1,NULL,NULL
8642,31482,1240935335,0,NULL,NULL
8642,11412,1240935335,0,NULL,NULL
8642,27879,1240935335,0,NULL,NULL
8642,29710,1240935335,0,NULL,NULL
8642,26680,1240935335,0,NULL,NULL
8642,25685,1240935335,1,NULL,NULL
8642,10306,1240935335,0,NULL,NULL
8643,30070,1240894644,0,NULL,NULL
8643,30070,1240932589,1,NULL,NULL
8645,25961,1240556095,0,NULL,NULL
8645,27754,1240908646,-1,NULL,NULL
8645,30390,1240908646,0,NULL,NULL
8645,25969,1240556095,0,NULL,NULL
8645,25974,1240556095,0,NULL,NULL
8645,37002,1240571088,1,NULL,NULL
8645,21223,1240556095,0,NULL,NULL
8645,26444,1240556095,1,NULL,NULL
8645,28330,1240556095,0,NULL,NULL
8645,28727,1240556095,1,NULL,NULL
8645,26196,1240556095,0,NULL,NULL
8645,30842,1240571088,0,NULL,NULL
8645,28334,1240556095,1,NULL,NULL
8645,30227,1240571088,0,NULL,NULL
8645,30840,1240571088,0,NULL,NULL
8645,37130,1240908646,0,NULL,NULL
8645,26289,1240908646,-1,NULL,NULL
8645,37148,1240908646,0,NULL,NULL
8645,26274,1240908646,0,NULL,NULL
8645,26417,1240556095,-1,NULL,NULL
8645,26420,1240556095,-1,NULL,NULL
8645,26195,1240908646,-1,NULL,NULL
8645,28701,1240556095,1,NULL,NULL
8645,30228,1240571088,0,NULL,NULL
8645,28094,1240556095,-1,NULL,NULL
8645,27750,1240908646,0,NULL,NULL
8645,30844,1240571088,0,NULL,NULL
8645,28700,1240556095,1,NULL,NULL
8645,25800,1240908646,0,NULL,NULL
8645,27825,1240556095,0,NULL,NULL
8645,30227,1240556095,0,NULL,NULL
8645,26244,1240908646,0,NULL,NULL
8645,30391,1240908646,0,NULL,NULL
8645,30682,1240908646,0,NULL,NULL
8645,25987,1240571088,0,NULL,NULL
8645,31023,1240571088,0,NULL,NULL
8645,26411,1240556095,0,NULL,NULL
8645,26191,1240908646,0,NULL,NULL
8645,16560,1240556095,1,NULL,NULL
8645,25782,1240908646,0,NULL,NULL
8646,16233,1240897517,0,NULL,NULL
8646,16118,1240897517,1,NULL,NULL
8647,29607,1240589119,1,NULL,NULL
8647,36341,1240589119,0,NULL,NULL
8648,36538,1240587672,0,NULL,NULL
8649,37164,1239958287,1,NULL,NULL
8649,36994,1240587167,1,NULL,NULL
8649,25987,1240587167,1,NULL,NULL
8649,4337,1240587167,0,NULL,NULL
8649,37002,1240587167,1,NULL,NULL
8649,36810,1240587167,0,NULL,NULL
8650,529,1240578555,1,NULL,NULL
8650,16410,1240578555,0,NULL,NULL
8650,36680,1240579222,0,NULL,NULL
8650,26282,1240579222,0,NULL,NULL
8651,37029,1240577777,0,NULL,NULL
8652,25782,1240560218,0,NULL,NULL
8652,36288,1240560218,0,NULL,NULL
8652,37002,1240560218,0,NULL,NULL
8652,25987,1240560218,-1,NULL,NULL
8653,30697,1240470637,0,NULL,NULL
8655,30844,1240387701,0,NULL,NULL
8655,26402,1240387701,0,NULL,NULL
8655,37002,1240387701,-1,NULL,NULL
8655,31065,1240387701,0,NULL,NULL
8655,27692,1240387701,-1,NULL,NULL
8655,27853,1240387701,0,NULL,NULL
8655,30414,1240387701,0,NULL,NULL
8655,27878,1240387701,-1,NULL,NULL
8655,25672,1240387701,0,0.0,0.0
8655,25657,1240387701,1,NULL,NULL
8655,25751,1240387701,1,NULL,NULL
8655,9397,1240387701,0,NULL,NULL
8655,26006,1240387701,0,NULL,NULL
8655,25974,1240387701,0,NULL,NULL
8655,26444,1240387701,1,NULL,NULL
8655,8366,1240387701,0,NULL,NULL
8655,17668,1240387701,0,NULL,NULL
8655,4337,1240387701,1,NULL,NULL
8655,27279,1240387701,0,NULL,NULL
8655,30840,1240387701,0,NULL,NULL
8655,29644,1240387701,0,NULL,NULL
8655,37150,1240387701,0,NULL,NULL
8655,35367,1240387701,-1,1.0,1.0
8655,27707,1240387701,-1,NULL,NULL
8655,28109,1240387701,1,NULL,NULL
8655,37160,1240387701,0,NULL,NULL
8655,25987,1240387701,-1,0.0,0.0
8655,37069,1240387701,0,NULL,NULL
8655,37159,1240387701,-1,NULL,NULL
8655,30108,1240387701,1,NULL,NULL
8655,26004,1240387701,-1,NULL,NULL
8655,31023,1240387701,0,NULL,NULL
8655,27879,1240387701,-1,NULL,NULL
8657,16233,1240301710,0,NULL,NULL
8657,16589,1240301710,0,NULL,NULL
8657,1549,1240301710,0,NULL,NULL
8657,37113,1240301710,0,NULL,NULL
8657,37150,1240301710,-1,NULL,NULL
8657,37156,1240301710,0,NULL,NULL
8657,37002,1240301710,0,NULL,NULL
8657,30227,1240301710,1,NULL,NULL
8657,27279,1240301710,0,NULL,NULL
8657,25987,1240301710,0,0.0,0.0
8657,28098,1240301710,0,NULL,NULL
8657,28109,1240301710,1,NULL,NULL
8657,27879,1240301710,1,NULL,NULL
8657,26444,1240301710,-1,NULL,NULL
8657,26420,1240301710,1,NULL,NULL
8657,27878,1240301710,-1,NULL,NULL
8658,27279,1240221423,1,NULL,NULL
8658,30409,1240221423,0,NULL,NULL
8658,25751,1240221423,1,NULL,NULL
8658,30408,1240221423,0,NULL,NULL
8659,37053,1240150549,-1,NULL,NULL
8659,26250,1240150549,1,NULL,NULL
8659,37163,1240150549,0,NULL,NULL
8659,26190,1240150549,1,NULL,NULL
8659,25974,1240150549,0,NULL,NULL
8659,26033,1240150549,1,NULL,NULL
8659,26271,1240150549,0,NULL,NULL
8659,25928,1240150549,1,NULL,NULL
8659,26250,1240214681,1,NULL,NULL
8659,26271,1240214681,0,NULL,NULL
8659,25711,1240214681,-1,NULL,NULL
8659,25928,1240214681,1,NULL,NULL
8659,25974,1240214681,1,NULL,NULL
8659,26033,1240214681,1,NULL,NULL
8659,26190,1240214681,1,NULL,NULL
8659,35365,1240214681,0,NULL,NULL
8659,30770,1240214681,0,NULL,NULL
8659,30081,1240214681,0,NULL,NULL
8660,16366,1240202808,0,NULL,NULL
8661,27279,1240196971,1,NULL,NULL
8661,25751,1240196971,-1,NULL,NULL
8662,25928,1239982698,0,NULL,NULL
8662,14503,1239982698,0,NULL,NULL
8662,28766,1239982698,0,NULL,NULL
8662,28337,1239982698,0,NULL,NULL
8662,28328,1239982698,0,NULL,NULL
8662,36343,1239982698,1,NULL,NULL
8662,25987,1239982698,0,0.0,0.0
8662,37163,1239982698,0,NULL,NULL
8662,28330,1239982698,0,NULL,NULL
8662,28334,1239982698,0,NULL,NULL
8662,28329,1239982698,0,NULL,NULL
8662,28338,1239982698,0,NULL,NULL
8662,26417,1239982698,0,NULL,NULL
8662,28335,1239982698,0,NULL,NULL
8662,28331,1239982698,0,NULL,NULL
8662,28333,1239982698,0,NULL,NULL
8662,26033,1239982698,0,NULL,NULL
8662,21215,1240126071,0,NULL,NULL
8664,25730,1240049745,0,NULL,NULL
8664,25738,1240049745,0,NULL,NULL
8664,26668,1240049745,1,NULL,NULL
8665,26961,1240048188,1,NULL,NULL
8665,25738,1240048188,1,NULL,NULL
8668,30386,1239900968,1,NULL,NULL
8668,26244,1239911056,1,NULL,NULL
8668,28241,1239911056,1,NULL,NULL
8668,30386,1239912972,1,NULL,NULL
8668,30386,1239930892,0,NULL,NULL
8669,28109,1239868071,0,NULL,NULL
8669,25738,1239868071,0,NULL,NULL
8669,26703,1239868071,0,NULL,NULL
8669,25730,1239868071,0,NULL,NULL
8669,25657,1239868071,0,NULL,NULL
8669,26668,1239868071,0,NULL,NULL
8669,26249,1239868071,0,NULL,NULL
8670,4337,1239787265,0,NULL,NULL
8670,22729,1239787265,0,NULL,NULL
8670,16598,1239787265,-1,NULL,NULL
8670,26420,1239787265,1,NULL,NULL
8670,26444,1239787265,1,NULL,NULL
8670,26196,1239787265,0,NULL,NULL
8670,25751,1239787265,1,NULL,NULL
8670,16620,1239787265,1,NULL,NULL
8670,25652,1239787265,0,NULL,NULL
8670,26197,1239787265,-1,NULL,NULL
8670,28244,1239787265,-1,NULL,NULL
8670,28094,1239787265,1,NULL,NULL
8670,25672,1239787265,0,0.0,0.0
8670,27614,1239787265,0,NULL,NULL
8670,31065,1239787265,-1,NULL,NULL
8670,30409,1239787265,-1,NULL,NULL
8670,37053,1239787265,0,NULL,NULL
8670,26004,1239787265,-1,NULL,NULL
8670,30408,1239787265,0,NULL,NULL
8670,30416,1239787265,0,NULL,NULL
8670,30227,1239787265,0,NULL,NULL
8670,37022,1239787265,0,NULL,NULL
8670,30410,1239787265,0,NULL,NULL
8670,27754,1239787265,0,NULL,NULL
8670,37161,1239787265,0,NULL,NULL
8670,35508,1239787265,0,NULL,NULL
8670,37053,1239805484,0,NULL,NULL
8670,25987,1239805484,0,0.0,0.0
8670,25819,1239805484,0,NULL,NULL
8670,16620,1239805484,-1,NULL,NULL
8670,25657,1239805484,1,NULL,NULL
8670,16093,1239805484,0,NULL,NULL
8670,1404,1239805484,1,NULL,NULL
8670,540,1239805484,1,NULL,NULL
8670,9429,1239805484,-1,NULL,NULL
8670,16099,1239805484,0,NULL,NULL
8670,16084,1239805484,1,NULL,NULL
8671,31295,1239719889,0,NULL,NULL
8671,31255,1239719889,1,NULL,NULL
8671,31253,1239719889,0,NULL,NULL
8671,31256,1239719889,0,NULL,NULL
8671,31257,1239719889,0,NULL,NULL
8671,31298,1239719889,0,NULL,NULL
8672,37086,1239714124,0,NULL,NULL
8673,30055,1239351723,0,NULL,NULL
8673,30108,1239351723,1,NULL,NULL
8673,26252,1239351723,0,NULL,NULL
8673,26214,1239351723,0,NULL,NULL
8673,26031,1239351723,0,NULL,NULL
8673,30405,1239351723,-1,NULL,NULL
8674,1961,1238688490,0,NULL,NULL
8674,1041,1238688490,0,NULL,NULL
8674,4709,1238688490,0,NULL,NULL
8674,21223,1238688490,0,NULL,NULL
8674,15790,1239264822,1,NULL,NULL
8674,8296,1239264822,1,NULL,NULL
8675,16273,1239264195,0,NULL,NULL
8675,16622,1239264195,-1,NULL,NULL
8675,16608,1239264195,-1,NULL,NULL
8675,16504,1239264195,-1,NULL,NULL
8675,540,1239264195,-1,NULL,NULL
8675,1404,1239264195,0,NULL,NULL
8676,4337,1239238662,1,NULL,NULL
8676,24827,1239238662,0,NULL,NULL
8677,30144,1238659011,0,NULL,NULL
8677,30144,1239084793,1,NULL,NULL
8677,25751,1239084793,0,NULL,NULL
8677,28109,1239084793,0,NULL,NULL
8677,25751,1239092852,0,NULL,NULL
8678,4337,1239038174,0,NULL,NULL
8680,445,1237887389,1,NULL,NULL
8680,10306,1237887389,0,NULL,NULL
8680,445,1237893393,0,0.0,0.0
8680,445,1238072329,-1,NULL,NULL
8680,4744,1238072329,1,NULL,NULL
8680,4744,1238914366,-1,NULL,NULL
8681,25653,1238763911,0,NULL,NULL
8681,26197,1238763911,0,NULL,NULL
8681,25652,1238763911,0,NULL,NULL
8681,27790,1238763911,-1,NULL,NULL
8681,37150,1238841978,0,NULL,NULL
8681,37161,1238841978,0,NULL,NULL
8681,25657,1238841978,-1,NULL,NULL
8681,25984,1238841978,0,NULL,NULL
8681,25658,1238841978,0,NULL,NULL
8681,36705,1238841994,0,NULL,NULL
8681,16504,1238866818,1,NULL,NULL
8681,16496,1238866818,0,0.0,0.0
8681,1404,1238866818,1,NULL,NULL
8681,1549,1238866818,0,NULL,NULL
8681,36705,1238866818,1,NULL,NULL
8683,30144,1238751479,0,NULL,NULL
8684,26734,1238750043,0,NULL,NULL
8684,37029,1238750043,1,NULL,NULL
8684,30125,1238750043,0,NULL,NULL
8684,29634,1238750043,1,NULL,NULL
8684,29645,1238750043,1,NULL,NULL
8684,25731,1238750043,-1,0.0,0.0
8686,4709,1238688948,1,NULL,NULL
8688,27790,1238678930,1,NULL,NULL
8688,37158,1238678930,0,NULL,NULL
8688,28334,1238678930,1,NULL,NULL
8688,30108,1238678930,1,NULL,NULL
8688,25987,1238678930,0,NULL,NULL
8688,28597,1238678930,1,NULL,NULL
8688,26422,1238678930,1,NULL,NULL
8688,26417,1238678930,1,NULL,NULL
8688,28241,1238678930,0,NULL,NULL
8688,30839,1238678930,1,NULL,NULL
8688,28244,1238678930,1,NULL,NULL
8688,27977,1238678930,1,NULL,NULL
8688,26421,1238678930,1,NULL,NULL
8688,27500,1238678930,1,NULL,NULL
8688,27566,1238678930,1,NULL,NULL
8688,28094,1238678930,0,NULL,NULL
8688,28332,1238678930,0,NULL,NULL
8688,28080,1238678930,1,NULL,NULL
8688,27732,1238678930,0,NULL,NULL
8688,31054,1238678930,1,NULL,NULL
8688,37116,1238678930,0,NULL,NULL
8688,28336,1238678930,1,NULL,NULL
8688,28327,1238678930,1,NULL,NULL
8688,25650,1238678930,0,0.0,0.0
8688,26444,1238678930,1,NULL,NULL
8688,26420,1238678930,0,NULL,NULL
8688,1549,1238678930,0,NULL,NULL
8688,8833,1238678930,1,NULL,NULL
8689,12210,1238601183,0,NULL,NULL
8689,98,1238603136,0,NULL,NULL
8689,12210,1238603136,0,NULL,NULL
8689,35390,1238640484,0,NULL,NULL
8689,445,1238640484,0,NULL,NULL
8689,12210,1238655057,0,NULL,NULL
8689,98,1238655057,0,NULL,NULL
8691,98,1238598020,1,NULL,NULL
8691,8945,1238598020,-1,NULL,NULL
8691,17764,1238598020,1,NULL,NULL
8691,21568,1238598020,0,NULL,NULL
8693,30170,1238591489,0,NULL,NULL
8695,28149,1238426343,1,NULL,NULL
8695,25703,1238426343,1,NULL,NULL
8696,4369,1238404726,1,NULL,NULL
8696,26087,1238404726,1,NULL,NULL
8696,35525,1238404726,0,NULL,NULL
8697,4337,1238319359,0,NULL,NULL
8697,25751,1238319359,1,NULL,NULL
8697,16498,1238319359,0,NULL,NULL
8697,27279,1238319359,1,NULL,NULL
8697,30825,1238319359,-1,NULL,NULL
8697,26402,1238319359,1,NULL,NULL
8697,27382,1238319359,0,NULL,NULL
8697,445,1238393196,0,NULL,NULL
8698,16119,1238237832,0,NULL,NULL
8699,31410,1238230183,0,NULL,NULL
8699,31573,1238230183,0,NULL,NULL
8699,28330,1238230183,0,NULL,NULL
8699,31398,1238230183,0,NULL,NULL
8699,35493,1238230183,0,NULL,NULL
8699,35541,1238230183,0,NULL,NULL
8699,31425,1238230183,0,NULL,NULL
8699,31427,1238230183,0,NULL,NULL
8699,36906,1238230183,0,NULL,NULL
8699,27329,1238230183,0,NULL,NULL
8699,31591,1238230183,0,NULL,NULL
8699,28106,1238230183,0,NULL,NULL
8699,35495,1238230183,0,NULL,NULL
8699,27301,1238230183,0,NULL,NULL
8699,25779,1238230183,1,NULL,NULL
8699,18455,1238230183,0,NULL,NULL
8699,9813,1238230183,0,NULL,NULL
8699,16091,1238230183,0,NULL,NULL
8699,16516,1238230183,0,NULL,NULL
8700,445,1238139051,1,NULL,NULL
8700,445,1238146091,-1,NULL,NULL
8701,35985,1238145728,0,NULL,NULL
8701,35984,1238145728,0,NULL,NULL
8701,30405,1238145728,1,NULL,NULL
8702,25779,1238141829,1,NULL,NULL
8702,27301,1238141829,0,NULL,NULL
8703,14541,1237532580,1,NULL,NULL
8703,37036,1237532580,0,NULL,NULL
8703,4876,1237532580,1,NULL,NULL
8703,4877,1237532580,1,0.0,0.0
8703,7758,1237532580,1,NULL,NULL
8703,4876,1238136736,0,NULL,NULL
8703,4876,1238137193,0,NULL,NULL
8704,15818,1235073109,0,NULL,NULL
8704,15862,1235073109,0,NULL,NULL
8704,15868,1235073109,0,NULL,NULL
8704,15870,1235073109,0,NULL,NULL
8704,15831,1235073109,0,NULL,NULL
8704,8328,1235073109,-1,NULL,NULL
8704,8320,1235073109,0,NULL,NULL
8704,8336,1235073109,0,NULL,NULL
8704,8337,1235073109,0,NULL,NULL
8704,20272,1235073109,0,NULL,NULL
8704,20270,1235073109,0,NULL,NULL
8704,37055,1235073109,0,NULL,NULL
8705,27732,1236962793,1,NULL,NULL
8705,25700,1236962793,0,NULL,NULL
8705,25700,1238066890,1,NULL,NULL
8705,25700,1238067290,0,NULL,NULL
8705,25700,1238082052,1,NULL,NULL
8706,25700,1238057833,0,NULL,NULL
8708,10550,1238052494,0,NULL,NULL
8710,17201,1237977922,1,NULL,NULL
8713,36794,1237901147,0,NULL,NULL
8713,36794,1237909930,0,NULL,NULL
8713,36803,1237909930,0,NULL,NULL
8714,8831,1237883610,0,NULL,NULL
8714,446,1237883610,-1,NULL,NULL
8714,4744,1237883610,-1,NULL,NULL
8716,10306,1221393895,1,NULL,NULL
8716,37033,1221393895,0,NULL,NULL
8716,445,1237813243,0,NULL,NULL
8716,446,1237813243,0,NULL,NULL
8716,4744,1237813243,-1,NULL,NULL
8716,10306,1237813243,1,NULL,NULL
8716,4743,1237813243,1,NULL,NULL
8717,30108,1237789353,-1,NULL,NULL
8717,25987,1237789353,0,NULL,NULL
8717,30129,1237789353,0,NULL,NULL
8717,14512,1237789353,0,NULL,NULL
8717,4337,1237789353,-1,NULL,NULL
8717,37166,1237789353,1,NULL,NULL
8717,30136,1237789353,0,NULL,NULL
8717,26196,1237789353,1,NULL,NULL
8717,29879,1237791573,0,NULL,NULL
8717,25987,1237791573,0,NULL,NULL
8717,28098,1237791573,0,NULL,NULL
8717,26196,1237791573,1,NULL,NULL
8717,25999,1237791573,0,NULL,NULL
8717,26230,1237791573,0,NULL,NULL
8718,25751,1237741207,0,NULL,NULL
8718,8299,1237743794,0,NULL,NULL
8718,4654,1237743794,0,NULL,NULL
8718,4656,1237743794,0,NULL,NULL
8719,4743,1237571271,1,NULL,NULL
8719,445,1237571271,1,NULL,NULL
8719,446,1237571271,0,NULL,NULL
8719,31552,1237571271,0,NULL,NULL
8719,25738,1237571271,1,NULL,NULL
8720,4743,1237558827,1,NULL,NULL
8720,2010,1237558827,1,NULL,NULL
8720,445,1237558827,1,NULL,NULL
8720,446,1237558827,0,NULL,NULL
8720,21321,1237558827,0,NULL,NULL
8722,8712,1237457114,1,NULL,NULL
8722,29859,1237457114,0,NULL,NULL
8722,30672,1237457114,-1,NULL,NULL
8722,30684,1237457114,0,NULL,NULL
8722,30175,1237457114,0,NULL,NULL
8722,30138,1237529216,0,NULL,NULL
8722,30672,1237529216,1,NULL,NULL
8722,16485,1237457114,-1,NULL,NULL
8722,25660,1237529216,0,NULL,NULL
8722,30693,1237457114,-1,NULL,NULL
8722,7495,1237457114,0,NULL,NULL
8722,21080,1237457114,0,NULL,NULL
8722,30684,1237464433,0,NULL,NULL
8722,529,1237457114,-1,NULL,NULL
8722,36895,1237457114,1,NULL,NULL
8722,31554,1237457114,-1,NULL,NULL
8722,22439,1237457114,-1,0.0,0.0
8722,25703,1237457114,-1,NULL,NULL
8722,12331,1237457114,0,NULL,NULL
8722,30180,1237457114,0,NULL,NULL
8722,30179,1237457114,0,NULL,NULL
8722,8712,1237464433,0,NULL,NULL
8722,30170,1237464433,0,NULL,NULL
8722,28740,1237457114,0,NULL,NULL
8722,4709,1237457114,1,NULL,NULL
8722,29638,1237457114,-1,NULL,NULL
8722,25652,1237457114,0,NULL,NULL
8722,8863,1237464433,0,NULL,NULL
8722,31554,1237464433,0,NULL,NULL
8722,36447,1237457114,1,NULL,NULL
8722,25724,1237457114,-1,NULL,NULL
8722,4854,1237457114,0,NULL,NULL
8722,27772,1237457114,1,NULL,NULL
8722,16171,1237457114,0,NULL,NULL
8722,29859,1237464433,0,NULL,NULL
8722,8863,1237457114,-1,NULL,NULL
8722,30132,1237457114,-1,NULL,NULL
8722,30165,1237457114,0,NULL,NULL
8722,30170,1237457114,-1,NULL,NULL
8722,35984,1237457114,-1,NULL,NULL
8723,26424,1237516284,1,NULL,NULL
8723,25660,1237516284,1,NULL,NULL
8725,35363,1235064932,0,NULL,NULL
8725,35394,1235061821,0,NULL,NULL
8725,35390,1235064932,0,NULL,NULL
8725,35390,1236880770,0,NULL,NULL
8725,35379,1236877740,0,NULL,NULL
8725,25751,1235645120,0,NULL,NULL
8725,35387,1235064932,0,NULL,NULL
8725,26006,1237374424,0,NULL,NULL
8725,35384,1235645120,-1,NULL,NULL
8725,35386,1235388740,0,NULL,NULL
8725,35392,1235036331,0,NULL,NULL
8725,35387,1236880770,0,NULL,NULL
8725,35379,1235381463,0,NULL,NULL
8725,35386,1236880770,0,NULL,NULL
8725,35392,1235647660,0,NULL,NULL
8725,35375,1235388740,1,NULL,NULL
8725,35387,1235391490,1,NULL,NULL
8725,35390,1237462063,1,NULL,NULL
8725,35394,1235128592,-1,NULL,NULL
8725,35386,1235647660,0,NULL,NULL
8725,35363,1235036331,-1,NULL,NULL
8725,35379,1235381311,1,NULL,NULL
8725,30170,1235404211,1,NULL,NULL
8725,35390,1235647660,0,NULL,NULL
8725,35383,1235404211,0,NULL,NULL
8725,35395,1235130020,0,NULL,NULL
8725,35388,1236880770,0,NULL,NULL
8725,35386,1235064932,0,NULL,NULL
8725,30170,1235403239,-1,NULL,NULL
8725,35379,1235403239,0,NULL,NULL
8725,30144,1235381311,1,NULL,NULL
8725,35373,1235381463,1,NULL,NULL
8725,35385,1236880770,0,NULL,NULL
8725,25751,1237462340,1,NULL,NULL
8725,35379,1235064932,0,NULL,NULL
8725,35395,1235128592,0,NULL,NULL
8725,35392,1235064932,0,NULL,NULL
8725,35383,1236880770,0,NULL,NULL
8725,35392,1236880770,0,NULL,NULL
8725,35385,1235064932,0,NULL,NULL
8726,24836,1237359236,0,NULL,NULL
8726,24837,1237359236,1,NULL,NULL
8727,26236,1237282116,0,NULL,NULL
8727,4337,1237282116,0,NULL,NULL
8727,37001,1237357164,0,NULL,NULL
8727,37113,1237357164,-1,NULL,NULL
8727,30227,1237357164,-1,NULL,NULL
8727,27754,1237357164,0,NULL,NULL
8727,37002,1237357164,0,NULL,NULL
8727,25687,1237357164,0,NULL,NULL
8728,25751,1237273686,1,NULL,NULL
8728,12085,1237273686,-1,NULL,NULL
8728,4337,1237273686,1,NULL,NULL
8728,37002,1237273686,0,NULL,NULL
8728,36810,1237273686,0,NULL,NULL
8728,36994,1237273686,-1,NULL,NULL
8729,445,1237211133,1,NULL,NULL
8729,446,1237211133,0,NULL,NULL
8729,4743,1237211133,1,NULL,NULL
8729,16233,1237211133,-1,NULL,NULL
8729,21359,1237211133,0,NULL,NULL
8730,30020,1237189908,1,NULL,NULL
8730,26204,1237189908,-1,NULL,NULL
8730,26196,1237189908,-1,NULL,NULL
8730,25650,1237189908,0,0.0,0.0
8730,25652,1237189908,1,NULL,NULL
8730,25657,1237189908,0,NULL,NULL
8731,25769,1237043965,1,NULL,NULL
8731,25755,1237043965,1,NULL,NULL
8731,25700,1237043965,0,NULL,NULL
8731,27215,1237043965,0,NULL,NULL
8731,25751,1237043965,-1,NULL,NULL
8731,17837,1237043965,0,NULL,NULL
8731,36791,1237043965,-1,NULL,NULL
8731,31257,1237043965,0,NULL,NULL
8731,29649,1237043965,0,NULL,NULL
8731,36571,1237043965,0,NULL,NULL
8731,30170,1237043965,1,NULL,NULL
8731,27226,1237043965,0,NULL,NULL
8731,10550,1237043965,0,NULL,NULL
8731,36572,1237043965,0,NULL,NULL
8731,36789,1237043965,-1,NULL,NULL
8731,27206,1237043965,0,1.0,1.0
8731,27206,1237045991,0,NULL,NULL
8731,27226,1237045991,0,NULL,NULL
8731,27215,1237045991,0,NULL,NULL
8731,4337,1237045991,1,NULL,NULL
8731,25751,1237045991,0,NULL,NULL
8731,25763,1237045991,0,NULL,NULL
8731,25754,1237045991,0,NULL,NULL
8731,36791,1237050635,0,NULL,NULL
8731,36806,1237050635,0,NULL,NULL
8731,36571,1237050635,0,NULL,NULL
8731,36572,1237050635,0,NULL,NULL
8731,17837,1237119812,0,NULL,NULL
8732,25660,1236955010,1,0.0,0.0
8732,25991,1236955010,0,NULL,NULL
8732,26486,1236955010,1,NULL,NULL
8732,25713,1236955010,1,NULL,NULL
8732,26895,1236955010,0,NULL,NULL
8732,25652,1236955010,1,NULL,NULL
8732,25700,1236955010,-1,NULL,NULL
8732,25711,1236955010,0,NULL,NULL
8732,26223,1236955010,0,NULL,NULL
8732,37068,1236955010,0,NULL,NULL
8733,8958,1236934558,0,NULL,NULL
8733,2080,1236934558,0,NULL,NULL
8733,99,1236934558,1,NULL,NULL
8733,98,1236934558,0,NULL,NULL
8733,8953,1236934558,0,NULL,NULL
8734,25987,1236932405,0,NULL,NULL
8734,25649,1236932405,0,NULL,NULL
8734,25672,1236932405,0,0.0,0.0
8736,4656,1236881068,1,NULL,NULL
8736,36824,1236881068,1,NULL,NULL
8736,20273,1236881068,0,NULL,NULL
8737,25769,1236871386,0,NULL,NULL
8737,25877,1236871386,0,NULL,NULL
8737,25884,1236871386,0,0.0,0.0
8737,26411,1236871386,0,NULL,NULL
8737,36179,1236871386,1,NULL,NULL
8737,18942,1236871386,0,NULL,NULL
8737,36309,1236871386,1,NULL,NULL
8737,31260,1236871386,0,NULL,NULL
8737,27279,1236871386,1,NULL,NULL
8737,29644,1236871386,0,NULL,NULL
8737,36307,1236871386,0,NULL,NULL
8737,26663,1236871386,0,NULL,NULL
8737,25886,1236871386,0,NULL,NULL
8737,32009,1236871386,0,NULL,NULL
8737,16503,1236871386,0,NULL,NULL
8737,25666,1236871386,0,NULL,NULL
8737,25751,1236871386,1,NULL,NULL
8737,25736,1236871386,0,0.0,0.0
8738,27905,1236835793,1,NULL,NULL
8738,26274,1236835793,-1,NULL,NULL
8739,19887,1236835446,0,NULL,NULL
8739,19818,1236835446,1,NULL,NULL
8739,15738,1236835446,0,NULL,NULL
8739,15750,1236835446,0,NULL,NULL
8739,15745,1236835446,0,NULL,NULL
8739,15703,1236835446,1,NULL,NULL
8739,15722,1236835446,0,NULL,NULL
8739,15749,1236835446,0,NULL,NULL
8739,19847,1236835446,0,NULL,NULL
8739,19886,1236835446,0,NULL,NULL
8739,19816,1236835446,1,NULL,NULL
8739,19909,1236835446,0,NULL,NULL
8739,10533,1236835446,-1,NULL,NULL
8739,8102,1236835446,-1,NULL,NULL
8739,8109,1236835446,0,NULL,NULL
8740,32247,1236244599,1,NULL,NULL
8740,25751,1236244599,0,NULL,NULL
8740,16498,1236244599,1,NULL,NULL
8740,9394,1236244599,1,NULL,NULL
8740,4337,1236244599,0,NULL,NULL
8740,30082,1236244599,0,NULL,NULL
8740,27249,1236244599,1,NULL,NULL
8740,32247,1236827894,0,NULL,NULL
8740,25769,1236833268,1,NULL,NULL
8741,36793,1236694777,0,NULL,NULL
8741,36784,1236694777,1,NULL,NULL
8741,36800,1236694777,1,NULL,NULL
8741,25769,1236830138,1,NULL,NULL
8741,36793,1236830138,-1,NULL,NULL
8741,36807,1236830138,0,NULL,NULL
8742,25652,1236791952,1,NULL,NULL
8742,29666,1236791952,1,NULL,NULL
8742,29678,1236791952,1,NULL,NULL
8742,29675,1236791952,0,NULL,NULL
8742,30672,1236791952,0,NULL,NULL
8742,26759,1236791952,1,NULL,NULL
8742,26196,1236791952,0,NULL,NULL
8742,7454,1236791952,1,NULL,NULL
8742,29644,1236791952,-1,NULL,NULL
8742,29636,1236791952,0,NULL,NULL
8742,26250,1236791952,0,NULL,NULL
8743,29638,1236771699,0,NULL,NULL
8743,29649,1236771699,0,NULL,NULL
8743,29640,1236771699,1,NULL,NULL
8743,29659,1236771699,1,NULL,NULL
8744,4709,1236767376,1,NULL,NULL
8745,29640,1236756666,1,NULL,NULL
8745,29644,1236756666,0,1.0,1.0
8745,29636,1236756666,0,NULL,NULL
8745,29649,1236756666,0,NULL,NULL
8747,31549,1236612372,0,NULL,NULL
8749,25751,1236413761,-1,NULL,NULL
8749,37187,1236510947,1,NULL,NULL
8749,36890,1236413761,0,NULL,NULL
8749,26746,1236510947,0,NULL,NULL
8749,37059,1236413761,0,NULL,NULL
8749,7618,1236418952,1,NULL,NULL
8749,7458,1236510947,0,NULL,NULL
8749,25884,1236429366,0,NULL,NULL
8749,416,1236510947,0,NULL,NULL
8749,29659,1236413761,0,NULL,NULL
8749,26126,1236413761,0,0.0,0.0
8749,37008,1236413761,0,0.0,0.0
8749,29678,1236510947,0,NULL,NULL
8749,30117,1236413761,0,NULL,NULL
8749,20661,1236586747,1,NULL,NULL
8749,416,1236429366,0,NULL,NULL
8749,37029,1236429366,-1,NULL,NULL
8749,1550,1236510947,0,NULL,NULL
8749,7519,1236429366,0,NULL,NULL
8749,29640,1236429366,-1,NULL,NULL
8749,29635,1236413761,0,NULL,NULL
8749,30677,1236533601,0,NULL,NULL
8749,30103,1236413761,0,NULL,NULL
8749,29640,1236600855,-1,NULL,NULL
8749,7538,1236510947,0,NULL,NULL
8749,30677,1236586747,0,NULL,NULL
8749,7461,1236510947,0,NULL,NULL
8749,4687,1236413761,-1,NULL,NULL
8749,29636,1236510947,0,NULL,NULL
8749,30410,1236413761,0,NULL,NULL
8749,37204,1236413761,0,NULL,NULL
8749,1548,1236418952,1,0.0,0.0
8749,37029,1236604766,0,NULL,NULL
8749,37188,1236413761,0,NULL,NULL
8749,7481,1236510947,0,NULL,NULL
8749,26744,1236510947,0,NULL,NULL
8749,7550,1236510947,0,NULL,NULL
8749,26865,1236510947,0,NULL,NULL
8749,30677,1236510947,0,NULL,NULL
8749,20661,1236510947,0,NULL,NULL
8750,26223,1235218688,1,0.0,0.0
8750,27803,1235218688,1,NULL,NULL
8750,26196,1235218688,0,NULL,NULL
8750,25652,1235218688,1,NULL,NULL
8750,28357,1236595393,1,NULL,NULL
8750,26236,1236595393,1,NULL,NULL
8750,4337,1236595393,0,NULL,NULL
8750,25987,1236595393,0,NULL,NULL
8751,26223,1236526349,1,0.0,0.0
8751,26196,1236526349,1,NULL,NULL
8751,25991,1236526349,0,NULL,NULL
8752,28595,1236327600,0,NULL,NULL
8752,37116,1236327600,0,NULL,NULL
8752,37183,1236327600,0,NULL,NULL
8752,28227,1236327600,0,NULL,NULL
8752,37001,1236327600,0,NULL,NULL
8752,27707,1236478447,0,NULL,NULL
8752,28455,1236478447,0,NULL,NULL
8752,28455,1236327600,0,NULL,NULL
8752,35408,1236327600,0,NULL,NULL
8752,26065,1236478447,0,NULL,NULL
8752,25942,1236327600,0,NULL,NULL
8752,30227,1236327600,0,NULL,NULL
8752,26204,1236478447,0,NULL,NULL
8752,30405,1236327600,0,NULL,NULL
8752,36167,1236327600,0,NULL,NULL
8752,30409,1236327600,0,NULL,NULL
8752,25940,1236491837,0,NULL,NULL
8752,27851,1236478447,0,NULL,NULL
8752,26125,1236327600,0,NULL,NULL
8752,37264,1236327600,0,NULL,NULL
8752,36169,1236327600,0,NULL,NULL
8752,27692,1236327600,0,NULL,NULL
8752,35367,1236478447,0,0.0,0.0
8752,37164,1236327600,0,NULL,NULL
8752,25782,1236327600,0,NULL,NULL
8752,26108,1236327600,0,NULL,NULL
8752,25751,1236327600,0,NULL,NULL
8752,26087,1236327600,0,NULL,NULL
8752,30410,1236327600,0,NULL,NULL
8752,25819,1236327600,0,NULL,NULL
8752,25974,1236491837,0,NULL,NULL
8752,26134,1236327600,0,NULL,NULL
8752,22580,1236327600,0,NULL,NULL
8752,16498,1236327600,0,NULL,NULL
8752,37190,1236327600,0,NULL,NULL
8752,28594,1236327600,0,NULL,NULL
8752,31054,1236327600,0,NULL,NULL
8752,31065,1236327600,0,NULL,NULL
8752,26126,1236327600,0,NULL,NULL
8752,25987,1236478447,0,NULL,NULL
8753,26746,1236418277,0,NULL,NULL
8753,29644,1236418277,0,NULL,NULL
8753,29659,1236418277,0,NULL,NULL
8753,29673,1236418277,0,NULL,NULL
8753,37188,1236418277,0,NULL,NULL
8753,7463,1236418277,0,NULL,NULL
8753,7478,1236418277,0,NULL,NULL
8753,7462,1236418277,0,NULL,NULL
8753,7460,1236418277,0,NULL,NULL
8753,7472,1236418277,0,NULL,NULL
8753,7520,1236418277,0,NULL,NULL
8753,4356,1236418277,1,NULL,NULL
8753,7552,1236418277,0,NULL,NULL
8753,7505,1236418277,0,NULL,NULL
8753,7532,1236418277,0,NULL,NULL
8753,7474,1236418277,0,NULL,NULL
8753,7473,1236418277,0,NULL,NULL
8753,7525,1236418277,0,NULL,NULL
8753,7461,1236418277,0,NULL,NULL
8753,7459,1236418277,0,NULL,NULL
8753,7537,1236418277,0,NULL,NULL
8753,7569,1236418277,0,NULL,NULL
8753,7458,1236418277,0,NULL,NULL
8753,26770,1236418277,0,NULL,NULL
8753,26771,1236418277,0,NULL,NULL
8753,26739,1236418277,0,NULL,NULL
8753,26744,1236418277,0,NULL,NULL
8753,26738,1236418277,0,NULL,NULL
8753,26745,1236418277,0,NULL,NULL
8753,26749,1236418277,0,NULL,NULL
8753,29637,1236418277,0,NULL,NULL
8753,29649,1236418277,0,NULL,NULL
8753,29668,1236418277,0,NULL,NULL
8753,26777,1236418277,0,NULL,NULL
8753,26743,1236418277,0,NULL,NULL
8753,26844,1236418277,0,NULL,NULL
8753,26748,1236418277,0,NULL,NULL
8753,26760,1236418277,0,NULL,NULL
8755,7453,1236356968,0,NULL,NULL
8755,1550,1236356968,0,NULL,NULL
8755,4687,1236356968,0,1.0,1.0
8755,7618,1236356968,-1,NULL,NULL
8755,7505,1236356968,0,NULL,NULL
8755,7470,1236356968,0,NULL,NULL
8755,27628,1236356968,0,NULL,NULL
8755,26710,1236356968,1,NULL,NULL
8755,26889,1236356968,-1,NULL,NULL
8755,26777,1236356968,1,NULL,NULL
8755,29638,1236356968,-1,NULL,NULL
8755,29649,1236356968,0,0.0,0.0
8755,29637,1236356968,1,NULL,NULL
8755,29676,1236356968,0,NULL,NULL
8755,29659,1236356968,-1,NULL,NULL
8755,29636,1236356968,1,NULL,NULL
8755,29644,1236356968,-1,NULL,NULL
8755,37029,1236356968,-1,NULL,NULL
8755,29640,1236356968,1,NULL,NULL
8756,16496,1236311097,0,NULL,NULL
8757,29649,1236098343,0,0.0,0.0
8757,30414,1236098343,1,NULL,NULL
8757,30694,1236098343,0,NULL,NULL
8757,37274,1236098343,0,NULL,NULL
8757,37275,1236098343,0,NULL,NULL
8757,37276,1236098343,0,NULL,NULL
8757,30170,1236098343,0,NULL,NULL
8757,27226,1236098343,0,NULL,NULL
8757,27215,1236098343,0,NULL,NULL
8757,19818,1236098343,0,NULL,NULL
8757,30163,1236098343,-1,NULL,NULL
8757,36803,1236098343,0,NULL,NULL
8757,36738,1236098343,0,NULL,NULL
8757,37263,1236098343,0,NULL,NULL
8757,37260,1236098343,0,NULL,NULL
8757,36407,1236098343,0,NULL,NULL
8757,37182,1236098343,0,NULL,NULL
8757,37273,1236098343,0,NULL,NULL
8757,36802,1236098343,1,NULL,NULL
8757,27206,1236098343,0,0.0,0.0
8757,36572,1236098343,0,NULL,NULL
8757,4337,1236098343,1,NULL,NULL
8757,8102,1236098343,-1,NULL,NULL
8757,10533,1236098343,0,NULL,NULL
8757,15703,1236098343,0,NULL,NULL
8757,19816,1236098343,0,NULL,NULL
8757,25751,1236098343,1,NULL,NULL
8757,17837,1236098343,0,NULL,NULL
8757,19843,1236098343,0,NULL,NULL
8757,36998,1236255075,0,NULL,NULL
8757,26749,1236255075,0,NULL,NULL
8757,25776,1236255075,0,NULL,NULL
8758,30694,1236176414,0,NULL,NULL
8758,7244,1236235467,1,NULL,NULL
8758,31549,1236235467,0,NULL,NULL
8759,17201,1236234347,0,NULL,NULL
8760,8311,1236199124,1,NULL,NULL
8760,20309,1236199124,0,NULL,NULL
8761,27748,1236161888,0,NULL,NULL
8761,30170,1236161888,1,NULL,NULL
8761,30132,1236161888,1,0.0,0.0
8761,30410,1236161888,1,NULL,NULL
8761,25738,1236168371,1,NULL,NULL
8761,26961,1236168371,1,NULL,NULL
8761,28109,1236168371,0,NULL,NULL
8761,30410,1236168371,-1,NULL,NULL
8762,35384,1236154231,1,NULL,NULL
8762,36342,1236154231,1,NULL,NULL
8762,37272,1236154231,1,NULL,NULL
8762,16120,1236154231,1,0.0,0.0
8762,30694,1236154231,0,NULL,NULL
8762,25754,1236154231,0,NULL,NULL
8762,4747,1236154231,1,NULL,NULL
8762,2010,1236154231,1,NULL,NULL
8763,32247,1236152057,-1,NULL,NULL
8763,30682,1236152057,1,NULL,NULL
8763,30677,1236152057,0,NULL,NULL
8764,8311,1236116950,1,NULL,NULL
8764,12331,1236116950,-1,NULL,NULL
8764,1805,1236116950,1,NULL,NULL
8765,16118,1236093501,1,0.0,0.0
8765,16767,1236093628,1,NULL,NULL
8766,2010,1236074674,1,NULL,NULL
8767,31253,1236068276,0,NULL,NULL
8767,25746,1236068276,0,NULL,NULL
8767,18815,1236068276,0,NULL,NULL
8767,21357,1236068276,0,NULL,NULL
8767,10247,1236068276,-1,NULL,NULL
8768,25687,1235982007,0,1.0,1.0
8768,37214,1235982007,0,NULL,NULL
8768,25652,1235977460,0,NULL,NULL
8768,30416,1235977460,0,0.0,0.0
8768,37260,1235988994,0,NULL,NULL
8768,27811,1235982007,0,NULL,NULL
8768,30693,1235982007,0,NULL,NULL
8768,29709,1235971835,0,NULL,NULL
8768,30081,1236012534,1,NULL,NULL
8768,25650,1235982007,0,0.0,0.0
8768,26196,1235982007,0,NULL,NULL
8768,26134,1235971835,0,NULL,NULL
8768,30050,1235977460,0,0.0,0.0
8768,25660,1235998361,1,NULL,NULL
8768,19058,1236003122,0,NULL,NULL
8768,25693,1235982007,0,NULL,NULL
8768,35984,1235982007,0,NULL,NULL
8768,37022,1235998361,-1,NULL,NULL
8768,27878,1235977460,0,NULL,NULL
8768,25823,1235983690,0,NULL,NULL
8768,30414,1235971835,0,NULL,NULL
8768,25724,1236003122,0,NULL,NULL
8768,30393,1235982007,0,0.0,0.0
8768,36540,1235982007,0,NULL,NULL
8768,21080,1235985078,0,NULL,NULL
8768,30416,1235998361,-1,0.0,0.0
8768,27879,1235977460,0,NULL,NULL
8768,37234,1235977460,0,0.0,0.0
8768,30020,1235982007,0,NULL,NULL
8768,35363,1236012534,0,NULL,NULL
8768,25820,1235983690,0,NULL,NULL
8768,27878,1235982007,0,NULL,NULL
8768,25738,1235982007,1,NULL,NULL
8768,26199,1236012534,0,NULL,NULL
8768,31065,1235982007,0,NULL,NULL
8768,36540,1235971835,0,0.0,0.0
8768,28290,1235977460,0,NULL,NULL
8768,30410,1235982007,0,NULL,NULL
8768,30070,1235983690,-1,0.0,0.0
8768,26220,1235973460,0,NULL,NULL
8769,37002,1235903684,0,NULL,NULL
8769,37161,1235903684,1,NULL,NULL
8769,37232,1235903684,0,NULL,NULL
8770,29640,1235842664,1,NULL,NULL
8770,29666,1235842664,0,NULL,NULL
8770,29649,1235842664,0,NULL,NULL
8770,29675,1235842664,0,NULL,NULL
8770,29636,1235842664,0,NULL,NULL
8770,37029,1235842664,1,NULL,NULL
8770,26748,1235842664,0,NULL,NULL
8770,4687,1235842664,0,NULL,NULL
8770,25884,1235843731,0,NULL,NULL
8770,27628,1235843731,0,NULL,NULL
8770,37187,1235843731,1,NULL,NULL
8771,197,1235833832,0,NULL,NULL
8771,4803,1235833832,-1,NULL,NULL
8771,31826,1235833832,0,NULL,NULL
8771,31821,1235833832,0,NULL,NULL
8771,31845,1235833832,1,NULL,NULL
8771,4803,1235837997,1,NULL,NULL
8772,27831,1235820873,-1,NULL,NULL
8772,26199,1235820873,0,NULL,NULL
8773,14508,1235755329,1,NULL,NULL
8775,4743,1235737299,1,NULL,NULL
8775,16203,1235737299,0,NULL,NULL
8775,16121,1235737299,0,NULL,NULL
8775,4744,1235737299,0,0.0,0.0
8775,16120,1235737299,0,NULL,NULL
8775,16122,1235737299,0,NULL,NULL
8775,446,1235740315,-1,NULL,NULL
8775,4744,1235740315,0,0.0,0.0
8775,4743,1235740315,0,NULL,NULL
8775,16203,1235740315,0,NULL,NULL
8775,16120,1235740315,0,NULL,NULL
8776,10306,1235730373,1,NULL,NULL
8778,8712,1235724785,1,0.0,0.0
8778,4369,1235724785,0,NULL,NULL
8778,21080,1235724785,1,NULL,NULL
8778,36168,1235724785,0,NULL,NULL
8779,10365,1235710502,1,NULL,NULL
8780,19843,1235652242,0,NULL,NULL
8780,19816,1235652242,-1,NULL,NULL
8780,8102,1235652242,0,NULL,NULL
8780,15749,1235655414,0,NULL,NULL
8780,15750,1235655414,0,NULL,NULL
8782,26250,1235575841,-1,1.0,1.0
8782,37163,1235575841,-1,NULL,NULL
8783,33297,1235551194,0,0.0,0.0
8783,37106,1235551194,0,NULL,NULL
8783,16498,1235551194,0,NULL,NULL
8783,16129,1235551194,0,NULL,NULL
8783,36876,1235551194,0,NULL,NULL
8783,37207,1235551194,0,NULL,NULL
8784,7244,1235543068,-1,NULL,NULL
8784,31564,1235549971,1,NULL,NULL
8784,31566,1235549971,0,NULL,NULL
8785,27624,1235494657,0,NULL,NULL
8785,27732,1235494657,0,NULL,NULL
8785,27985,1235494657,0,NULL,NULL
8785,25700,1235494657,0,NULL,NULL
8785,27734,1235494657,0,NULL,NULL
8785,28727,1235494657,0,NULL,NULL
8785,27770,1235494657,0,NULL,NULL
8785,27940,1235494657,0,NULL,NULL
8785,26554,1235494657,0,NULL,NULL
8785,18815,1235524756,0,NULL,NULL
8785,18815,1235528641,0,NULL,NULL
8788,30660,1235388039,0,0.0,0.0
8788,25751,1235388039,1,NULL,NULL
8789,27249,1235361163,1,NULL,NULL
8789,31065,1235361163,0,NULL,NULL
8789,32247,1235361163,1,NULL,NULL
8789,30409,1235361163,1,NULL,NULL
8789,30409,1235369810,0,NULL,NULL
8790,28080,1235312892,0,NULL,NULL
8790,37214,1235312892,1,NULL,NULL
8790,27811,1235312892,0,NULL,NULL
8790,27808,1235312892,0,NULL,NULL
8790,26216,1235312892,0,NULL,NULL
8790,22540,1235312892,0,NULL,NULL
8790,25660,1235312892,0,NULL,NULL
8790,26196,1235312892,-1,NULL,NULL
8790,28727,1235312892,0,NULL,NULL
8790,37114,1235312892,0,NULL,NULL
8790,37162,1235312892,0,NULL,NULL
8790,30108,1235312892,-1,0.0,0.0
8790,27803,1235312892,0,NULL,NULL
8790,37166,1235312892,0,0.0,0.0
8790,35944,1235312892,0,NULL,NULL
8790,27790,1235312892,0,NULL,NULL
8790,27807,1235312892,0,NULL,NULL
8790,36466,1235312892,0,NULL,NULL
8790,37112,1235312892,0,NULL,NULL
8791,37226,1235152489,0,0.0,0.0
8791,37256,1235152489,0,0.0,0.0
8791,25651,1235152489,0,0.0,0.0
8792,474,1235142170,1,NULL,NULL
8793,36307,1235134490,0,NULL,NULL
8793,26424,1235134490,1,NULL,NULL
8793,35363,1235134490,0,NULL,NULL
8793,25886,1235134490,0,NULL,NULL
8793,37232,1235134490,0,0.0,NULL
8793,37238,1235134490,0,NULL,NULL
8793,25649,1235134490,0,NULL,NULL
8793,25681,1235134490,0,NULL,NULL
8793,25660,1235134490,0,NULL,NULL
8793,26134,1235134490,0,NULL,NULL
8794,4337,1235044470,-1,NULL,NULL
8794,30670,1235044470,0,NULL,NULL
8794,37231,1235044470,0,0.0,0.0
8794,37222,1235044470,1,NULL,NULL
8794,37232,1235044470,0,0.0,NULL
8795,35408,1235036389,0,NULL,NULL
8796,25681,1234980936,0,NULL,NULL
8796,25650,1234980936,0,0.0,0.0
8796,25649,1234980936,0,NULL,NULL
8799,35662,1234926246,1,NULL,NULL
8799,29614,1234926246,0,NULL,NULL
8800,29635,1234889078,0,NULL,NULL
8800,37207,1234889078,1,NULL,NULL
8800,30386,1234889078,1,0.0,0.0
8801,29638,1234874124,0,NULL,NULL
8801,29674,1234874124,1,NULL,NULL
8801,36307,1234874124,0,NULL,NULL
8801,36888,1234874124,0,NULL,NULL
8801,29635,1234874124,0,NULL,NULL
8801,36308,1234874124,0,NULL,NULL
8801,1550,1234874124,0,NULL,NULL
8801,7535,1234874124,0,NULL,NULL
8801,25666,1234874124,0,0.0,0.0
8801,25660,1234874124,0,NULL,NULL
8802,25877,1234720144,1,NULL,NULL
8802,25660,1234720144,1,NULL,NULL
8802,27624,1234720144,0,NULL,NULL
8802,30694,1234720144,0,NULL,NULL
8802,28833,1234720144,1,NULL,NULL
8802,36307,1234720144,0,NULL,NULL
8802,36308,1234760966,0,NULL,NULL
8802,36307,1234760966,0,NULL,NULL
8802,25681,1234800656,0,NULL,NULL
8802,36307,1234800656,-1,NULL,NULL
8802,36308,1234800656,0,NULL,NULL
8802,36888,1234800656,0,NULL,NULL
8803,26437,1234704534,1,NULL,NULL
8803,25681,1234704534,0,NULL,NULL
8803,25666,1234704534,0,0.0,0.0
8804,1550,1234668737,0,NULL,NULL
8804,7535,1234668737,0,NULL,NULL
8805,7531,1234514611,0,NULL,NULL
8805,1550,1234514611,1,NULL,NULL
8805,1875,1234514611,0,NULL,NULL
8805,416,1234514611,1,NULL,NULL
8805,4687,1234514611,0,NULL,NULL
8805,15944,1234514611,0,NULL,NULL
8805,29676,1234514611,-1,NULL,NULL
8805,29645,1234514611,1,NULL,NULL
8805,29649,1234514611,0,NULL,NULL
8805,37224,1234514611,0,0.0,0.0
8805,37296,1234514611,1,NULL,NULL
8805,29674,1234514611,1,NULL,NULL
8807,16344,1234444530,0,NULL,NULL
8807,2079,1234444530,-1,NULL,NULL
8807,12155,1234444530,0,NULL,NULL
8807,10445,1234448873,0,NULL,NULL
8807,10372,1234448873,-1,NULL,NULL
8807,10369,1234448873,-1,NULL,NULL
8807,10372,1234472056,1,NULL,NULL
8807,10468,1234472056,0,NULL,NULL
8807,10369,1234472056,-1,NULL,NULL
8807,10365,1234472056,0,NULL,NULL
8807,37085,1234474170,0,0.0,0.0
8807,37071,1234474170,-1,NULL,NULL
8807,36898,1234475998,-1,NULL,NULL
8807,37085,1234475998,0,0.0,0.0
8807,4655,1234475998,0,0.0,0.0
8807,10372,1234475998,0,NULL,NULL
8808,30672,1234376782,1,NULL,NULL
8808,37232,1234376782,0,0.0,NULL
8808,37213,1234382827,0,NULL,NULL
8808,26202,1234425307,0,NULL,NULL
8808,37213,1234445651,1,NULL,NULL
8808,26202,1234445651,-1,NULL,NULL
8809,16766,1210605532,1,NULL,NULL
8809,5617,1210605532,0,NULL,NULL
8809,25731,1210605532,0,NULL,NULL
8809,4803,1234430736,0,NULL,NULL
8809,16121,1210605532,0,NULL,NULL
8809,1041,1234362011,-1,NULL,NULL
8809,37008,1210605532,0,NULL,NULL
8809,31826,1234430736,0,NULL,NULL
8809,31821,1234430736,0,NULL,NULL
8809,2010,1234444040,0,NULL,NULL
8809,29717,1210605532,0,NULL,NULL
8809,4877,1234432946,0,NULL,NULL
8809,29637,1210605532,0,NULL,NULL
8809,29721,1210605532,-1,NULL,NULL
8809,10306,1210605532,0,NULL,NULL
8809,4743,1234444040,1,NULL,NULL
8809,37403,1210605532,1,NULL,NULL
8809,12147,1234436257,0,NULL,NULL
8809,9209,1234373264,0,NULL,NULL
8809,19057,1210605532,0,NULL,NULL
8809,25724,1210795564,0,NULL,NULL
8809,474,1232705076,1,NULL,NULL
8809,9778,1234428339,-1,NULL,NULL
8809,16485,1210605532,-1,NULL,NULL
8809,37338,1210754443,0,NULL,NULL
8809,7293,1234366106,-1,NULL,NULL
8809,37041,1210605532,0,NULL,NULL
8809,36898,1210605532,0,NULL,NULL
8809,1876,1210605532,0,NULL,NULL
8809,8538,1234428339,0,NULL,NULL
8809,30143,1210687177,0,NULL,NULL
8809,4743,1210605532,-1,NULL,NULL
8809,9211,1234373264,0,NULL,NULL
8809,16390,1234373264,0,NULL,NULL
8809,4877,1210605532,0,NULL,NULL
8809,16813,1234366106,-1,NULL,NULL
8809,36099,1210605532,0,NULL,NULL
8809,31594,1232705076,0,NULL,NULL
8809,8756,1210605532,0,NULL,NULL
8809,30106,1210687177,1,NULL,NULL
8810,4709,1234256869,0,NULL,NULL
8810,8763,1234256869,0,NULL,NULL
8810,16101,1234256869,0,NULL,NULL
8810,17640,1234256869,0,NULL,NULL
8810,16099,1234256869,1,NULL,NULL
8810,17975,1234256869,0,NULL,NULL
8810,16100,1234256869,0,NULL,NULL
8810,21174,1234256869,0,NULL,NULL
8810,21175,1234256869,0,NULL,NULL
8810,17976,1234256869,0,NULL,NULL
8810,35662,1234256869,1,NULL,NULL
8810,16093,1234256869,1,NULL,NULL
8810,35482,1234256869,0,NULL,NULL
8810,35325,1234256869,0,NULL,NULL
8810,36580,1234256869,0,NULL,NULL
8810,16099,1234257733,-1,NULL,NULL
8810,16093,1234257733,-1,NULL,NULL
8810,36413,1234411353,0,NULL,NULL
8810,16093,1234411353,1,NULL,NULL
8810,16099,1234411353,0,NULL,NULL
8810,35325,1234411353,1,NULL,NULL
8811,11417,1234371749,0,NULL,NULL
8811,8763,1234371749,0,NULL,NULL
8811,35525,1234371749,0,NULL,NULL
8812,25687,1234358169,1,NULL,NULL
8812,27628,1234358169,0,NULL,NULL
8812,25769,1234358169,0,NULL,NULL
8812,25713,1234358169,0,NULL,NULL
8812,26406,1234358169,-1,NULL,NULL
8812,27584,1234358169,0,NULL,NULL
8812,29614,1234358169,0,NULL,NULL
8812,30132,1234358169,0,NULL,NULL
8812,28151,1234358169,0,NULL,NULL
8812,36921,1234358169,0,NULL,NULL
8812,30127,1234358169,0,NULL,NULL
8812,29671,1234358169,-1,NULL,NULL
8812,29644,1234358169,0,NULL,NULL
8812,29659,1234358169,-1,0.0,0.0
8812,27529,1234358169,0,NULL,NULL
8812,35662,1234358169,0,NULL,NULL
8812,37087,1234358169,0,NULL,NULL
8812,37298,1234358169,-1,NULL,NULL
8812,31472,1234358169,1,NULL,NULL
8812,37187,1234358169,0,NULL,NULL
8812,37262,1234358169,0,0.0,0.0
8812,18940,1234358169,1,NULL,NULL
8812,8863,1234358169,0,0.0,0.0
8812,25681,1234358169,1,NULL,NULL
8812,25746,1234358169,-1,NULL,NULL
8812,26411,1234358169,0,NULL,NULL
8812,26298,1234358169,0,NULL,NULL
8812,26213,1234358169,0,NULL,NULL
8812,25660,1234358169,-1,NULL,NULL
8812,434,1234358169,1,NULL,NULL
8812,529,1234358169,1,NULL,NULL
8813,8317,1234329500,1,NULL,NULL
8814,9778,1234287782,1,NULL,NULL
8814,16902,1234287782,0,NULL,NULL
8814,16905,1234287782,1,NULL,NULL
8815,16498,1234283375,-1,0.0,0.0
8815,25686,1234283375,0,NULL,NULL
8817,10365,1234242511,-1,NULL,NULL
8817,10445,1234243880,0,NULL,NULL
8818,27066,1234214295,1,NULL,NULL
8818,29719,1234214295,1,NULL,NULL
8818,30057,1234214295,0,NULL,NULL
8818,37028,1234214295,1,NULL,NULL
8820,37273,1234134585,0,NULL,NULL
8820,30163,1234134585,0,NULL,NULL
8821,7552,1234098794,-1,NULL,NULL
8821,7474,1234098794,0,NULL,NULL
8821,7473,1234098794,0,NULL,NULL
8821,7459,1234098794,0,NULL,NULL
8821,7462,1234098794,0,NULL,NULL
8821,7460,1234098794,0,NULL,NULL
8821,4356,1234098794,-1,NULL,NULL
8821,4688,1234098794,0,NULL,NULL
8821,4689,1234098794,0,NULL,NULL
8821,26770,1234098794,0,NULL,NULL
8821,29649,1234098794,-1,NULL,NULL
8821,29675,1234098794,0,NULL,NULL
8821,29676,1234098794,0,NULL,NULL
8821,26771,1234098794,0,NULL,NULL
8821,26749,1234098794,0,NULL,NULL
8821,26744,1234098794,0,NULL,NULL
8821,37301,1234098794,0,NULL,NULL
8821,37303,1234098794,0,NULL,NULL
8821,37305,1234098794,-1,NULL,NULL
8821,26746,1234098794,0,NULL,NULL
8821,37304,1234098794,-1,NULL,NULL
8821,29673,1234098794,-1,NULL,NULL
8821,29671,1234098794,0,NULL,NULL
8821,37306,1234098794,0,NULL,NULL
8822,36447,1234034173,0,NULL,NULL
8822,29614,1234034173,0,NULL,NULL
8822,27748,1234034173,0,NULL,NULL
8822,26417,1234034173,0,NULL,NULL
8822,8102,1234034173,0,NULL,NULL
8822,36446,1234034173,0,NULL,NULL
8822,25686,1234034173,0,NULL,NULL
8824,4356,1233940407,0,NULL,NULL
8824,7601,1233940407,0,NULL,NULL
8824,7552,1233940407,0,NULL,NULL
8824,7474,1233940407,0,NULL,NULL
8824,7473,1233940407,0,NULL,NULL
8824,7594,1233940407,0,NULL,NULL
8824,7459,1233940407,-1,NULL,NULL
8824,7437,1233940407,0,NULL,NULL
8824,7501,1233940407,0,NULL,NULL
8824,7469,1233940407,0,NULL,NULL
8824,7497,1233940407,0,NULL,NULL
8824,7496,1233940407,0,NULL,NULL
8824,7460,1233940407,-1,NULL,NULL
8824,7498,1233940407,0,NULL,NULL
8824,7472,1233940407,0,NULL,NULL
8824,7462,1233940407,-1,NULL,NULL
8824,7499,1233940407,0,NULL,NULL
8824,7488,1233940407,0,NULL,NULL
8824,7453,1233940407,0,NULL,NULL
8824,7554,1233940407,0,NULL,NULL
8824,7569,1233940407,0,NULL,NULL
8824,25738,1233940407,0,NULL,NULL
8824,29649,1233940407,0,NULL,NULL
8824,26743,1233940407,0,NULL,NULL
8824,26844,1233940407,0,NULL,NULL
8824,26744,1233940407,0,NULL,NULL
8824,37304,1233940407,0,NULL,NULL
8824,29644,1233940407,1,NULL,NULL
8824,29659,1233940407,0,NULL,NULL
8824,29673,1233940407,0,NULL,NULL
8824,37301,1233940407,0,NULL,NULL
8825,26844,1228298651,0,NULL,NULL
8825,26834,1228298651,0,NULL,NULL
8825,26770,1228298651,0,NULL,NULL
8825,26815,1228298651,-1,NULL,NULL
8825,26703,1228298651,-1,NULL,NULL
8825,26771,1228298651,0,NULL,NULL
8825,26759,1228298651,0,NULL,NULL
8825,26701,1228298651,1,NULL,NULL
8825,26710,1228298651,-1,NULL,NULL
8825,26903,1228298651,1,NULL,NULL
8825,36563,1228298651,0,NULL,NULL
8825,37110,1228298651,0,NULL,NULL
8825,37401,1228298651,0,NULL,NULL
8825,26828,1228298651,1,NULL,NULL
8825,37308,1228298651,0,NULL,NULL
8825,37341,1228298651,0,NULL,NULL
8825,26743,1233922238,1,NULL,NULL
8825,25738,1233922238,1,NULL,NULL
8825,26701,1233922238,0,NULL,NULL
8825,26815,1233922238,0,NULL,NULL
8825,26744,1233922238,1,NULL,NULL
8825,26903,1233922238,-1,NULL,NULL
8825,26749,1233922238,1,NULL,NULL
8825,26745,1233922238,0,NULL,NULL
8825,26746,1233922238,0,NULL,NULL
8825,26828,1233922238,1,NULL,NULL
8825,37308,1233922238,-1,NULL,NULL
8825,37160,1233922238,0,NULL,NULL
8825,37310,1233922238,-1,NULL,NULL
8827,1548,1233898199,0,0.0,0.0
8827,20661,1233898199,0,NULL,NULL
8827,29644,1233898199,0,NULL,NULL
8827,29640,1233898199,-1,NULL,NULL
8830,27771,1233775178,0,NULL,NULL
8831,7496,1233722586,0,NULL,NULL
8831,7562,1233725176,0,NULL,NULL
8831,7462,1233722586,0,NULL,NULL
8831,7548,1233722586,0,NULL,NULL
8831,7470,1233722586,0,NULL,NULL
8831,416,1233725176,0,NULL,NULL
8831,7481,1233722586,-1,NULL,NULL
8831,7544,1233722586,0,NULL,NULL
8831,7483,1233725176,-1,NULL,NULL
8831,7459,1233722586,0,NULL,NULL
8831,7498,1233722586,0,NULL,NULL
8831,7456,1233725176,0,NULL,NULL
8831,7480,1233722586,-1,NULL,NULL
8831,7484,1233722586,0,NULL,NULL
8831,7520,1233725176,0,NULL,NULL
8831,7501,1233722586,0,NULL,NULL
8831,7562,1233722586,0,NULL,NULL
8831,7538,1233722586,0,NULL,NULL
8831,37309,1233722586,0,NULL,NULL
8831,7482,1233725176,-1,NULL,NULL
8831,7544,1233725176,-1,NULL,NULL
8831,7548,1233725176,0,NULL,NULL
8831,7474,1233722586,0,NULL,NULL
8831,7525,1233725176,0,NULL,NULL
8831,7460,1233722586,0,NULL,NULL
8831,7550,1233722586,0,NULL,NULL
8831,7483,1233722586,0,NULL,NULL
8831,7569,1233722586,0,NULL,NULL
8831,7453,1233725176,0,NULL,NULL
8831,7520,1233722586,-1,NULL,NULL
8831,7499,1233722586,0,NULL,NULL
8831,7456,1233722586,0,NULL,NULL
8831,7550,1233725176,0,NULL,NULL
8831,7473,1233722586,0,NULL,NULL
8831,7497,1233722586,0,NULL,NULL
8831,7563,1233722586,0,NULL,NULL
8831,7467,1233722586,0,NULL,NULL
8831,7594,1233725176,0,NULL,NULL
8831,7531,1233722586,0,NULL,NULL
8831,7531,1233725176,0,NULL,NULL
8833,30410,1233652613,-1,NULL,NULL
8833,28241,1233652613,0,NULL,NULL
8833,26196,1233652613,0,NULL,NULL
8833,26668,1233652613,0,NULL,NULL
8833,27473,1233652613,0,NULL,NULL
8833,25652,1233652613,0,NULL,NULL
8833,30693,1233652613,0,NULL,NULL
8833,28244,1233652613,-1,NULL,NULL
8833,37116,1233652613,0,NULL,NULL
8833,8712,1233669670,0,0.0,0.0
8833,36176,1233669670,1,NULL,NULL
8833,21080,1233670049,1,NULL,NULL
8834,7498,1232970726,0,NULL,NULL
8834,29659,1233064553,-1,NULL,NULL
8834,37333,1233143210,0,NULL,NULL
8834,37321,1233667183,0,NULL,NULL
8834,29640,1233296767,0,NULL,NULL
8834,29659,1232877643,0,NULL,NULL
8834,37333,1233127999,0,NULL,NULL
8834,37303,1232962106,0,NULL,NULL
8834,37296,1233143210,-1,NULL,NULL
8834,29659,1232805936,0,NULL,NULL
8834,37321,1233064553,0,NULL,NULL
8834,37301,1233143210,1,NULL,NULL
8834,26710,1233301342,0,NULL,NULL
8834,26834,1233301342,0,NULL,NULL
8834,29636,1232877643,0,NULL,NULL
8834,26743,1233667183,0,NULL,NULL
8834,16669,1233143210,0,NULL,NULL
8834,37301,1233064553,1,NULL,NULL
8834,29644,1232962106,0,NULL,NULL
8834,29675,1233064553,1,NULL,NULL
8834,26743,1233064553,0,NULL,NULL
8834,26703,1233667183,0,NULL,NULL
8834,29640,1233064553,1,NULL,NULL
8834,4688,1233127802,0,NULL,NULL
8834,37309,1232970726,0,NULL,NULL
8834,26745,1233064553,0,NULL,NULL
8834,29636,1233667183,0,NULL,NULL
8834,37311,1233667183,0,NULL,NULL
8834,26834,1233064553,-1,NULL,NULL
8834,29653,1233296767,0,NULL,NULL
8834,29644,1233296767,-1,NULL,NULL
8834,37298,1233667183,0,NULL,NULL
8834,37329,1233127802,0,NULL,NULL
8834,29636,1232879065,0,NULL,NULL
8834,26744,1233667183,0,NULL,NULL
8834,26824,1233667183,0,NULL,NULL
8834,37318,1233296767,0,NULL,NULL
8834,37301,1233667183,0,NULL,NULL
8834,7500,1232970726,0,NULL,NULL
8834,26770,1233667183,0,NULL,NULL
8835,36528,1233666632,1,NULL,NULL
8835,32247,1233666632,0,NULL,NULL
8836,37224,1233656253,0,NULL,NULL
8837,416,1233641521,0,NULL,NULL
8837,1550,1233641521,0,NULL,NULL
8837,7601,1233641521,-1,NULL,NULL
8838,16744,1233600898,0,NULL,NULL
8838,18969,1233600898,0,NULL,NULL
8838,16745,1233600898,0,NULL,NULL
8839,37306,1233476804,0,NULL,NULL
8839,37160,1233476804,0,NULL,NULL
8839,26411,1233476804,1,NULL,NULL
8839,37296,1233476836,0,NULL,NULL
8839,37305,1233476836,0,NULL,NULL
8839,37303,1233476836,0,NULL,NULL
8839,29640,1233476836,1,NULL,NULL
8839,29659,1233476836,1,NULL,NULL
8839,29676,1233476836,0,NULL,NULL
8839,7538,1233480577,0,NULL,NULL
8840,25779,1233336149,1,NULL,NULL
8840,26411,1233337257,0,NULL,NULL
8840,25650,1233337257,0,0.0,0.0
8840,25649,1233337257,0,NULL,NULL
8840,28068,1233337257,0,NULL,NULL
8841,25755,1233301659,0,NULL,NULL
8841,30694,1233301659,0,NULL,NULL
8841,37182,1233301659,0,NULL,NULL
8842,37273,1233250656,1,NULL,NULL
8842,29659,1233250656,0,NULL,NULL
8842,19816,1233250656,0,NULL,NULL
8842,8109,1233250656,0,NULL,NULL
8842,19886,1233250656,0,NULL,NULL
8842,19847,1233250656,0,NULL,NULL
8843,7244,1233245772,0,NULL,NULL
8845,29645,1233229362,-1,NULL,NULL
8845,30170,1233229362,0,NULL,NULL
8845,37335,1233229362,1,NULL,NULL
8845,30163,1233229362,-1,NULL,NULL
8845,30081,1233229362,0,NULL,NULL
8845,32072,1233229362,0,NULL,NULL
8845,30072,1233229362,0,0.0,0.0
8845,30175,1233229362,0,NULL,NULL
8845,30070,1233229362,0,NULL,NULL
8845,29645,1233230834,0,NULL,NULL
8845,37182,1233230834,0,NULL,NULL
8846,4803,1233079088,1,NULL,NULL
8846,197,1233079088,0,NULL,NULL
8847,7538,1233042021,0,NULL,NULL
8847,7618,1233042021,0,NULL,NULL
8847,37326,1233042021,0,NULL,NULL
8848,8311,1232782057,0,NULL,NULL
8848,12331,1232782057,0,NULL,NULL
8848,4655,1232782057,0,NULL,NULL
8848,1805,1232782057,0,NULL,NULL
8848,12085,1232782057,1,NULL,NULL
8848,12346,1232782057,0,NULL,NULL
8848,8311,1232870413,1,NULL,NULL
8848,12331,1232870413,-1,NULL,NULL
8848,12085,1232870413,0,NULL,NULL
8849,4854,1232690619,1,NULL,NULL
8850,4854,1232638741,0,NULL,NULL
8850,16846,1232638741,1,NULL,NULL
8851,36099,1232626876,-1,NULL,NULL
8852,10453,1232600323,0,NULL,NULL
8852,10365,1232600323,0,NULL,NULL
8853,36439,1232436983,1,NULL,NULL
8853,36438,1232436983,1,0.0,0.0
8853,8361,1232436983,0,NULL,NULL
8853,8311,1232436983,0,NULL,NULL
8853,4655,1232436983,0,NULL,NULL
8853,4656,1232436983,0,NULL,NULL
8853,4654,1232436983,0,NULL,NULL
8853,20301,1232436983,0,0.0,0.0
8853,12349,1232436983,0,NULL,NULL
8853,12346,1232436983,0,NULL,NULL
8854,29637,1232550406,0,NULL,NULL
8854,29717,1232550406,0,0.0,0.0
8854,25731,1232550406,0,NULL,NULL
8854,37041,1232550406,-1,NULL,NULL
8854,29719,1232550406,-1,NULL,NULL
8854,30061,1232550406,-1,NULL,NULL
8854,29721,1232550406,0,NULL,NULL
8854,30137,1232550406,-1,NULL,NULL
8854,30050,1232550406,0,0.0,0.0
8854,37039,1232550406,0,NULL,NULL
8855,37358,1221063587,0,NULL,NULL
8855,37357,1221063587,0,NULL,NULL
8855,37464,1221063587,0,NULL,NULL
8855,37358,1221139861,0,NULL,NULL
8855,37375,1221139861,0,NULL,NULL
8855,37357,1221139861,0,NULL,NULL
8855,37464,1221139861,1,NULL,NULL
8855,37381,1232046700,1,NULL,NULL
8855,37357,1232046700,1,NULL,NULL
8855,37380,1232046700,1,NULL,NULL
8855,37377,1232046700,0,NULL,NULL
8855,37379,1232046700,0,NULL,NULL
8855,37377,1232047391,0,NULL,NULL
8855,37357,1232047391,0,NULL,NULL
8855,37375,1232050954,0,NULL,NULL
8855,37357,1232050954,1,NULL,NULL
8855,37358,1232050954,0,NULL,NULL
8855,37357,1232523094,0,NULL,NULL
8855,37358,1232523094,0,NULL,NULL
8856,4856,1232520285,-1,NULL,NULL
8856,4857,1232520285,0,NULL,NULL
8856,4855,1232520285,1,NULL,NULL
8857,30684,1232516896,1,NULL,NULL
8858,12349,1232090417,1,NULL,NULL
8858,12348,1232090417,-1,NULL,NULL
8858,4656,1232090417,-1,NULL,NULL
8858,4654,1232090417,0,NULL,NULL
8858,4655,1232090417,0,NULL,NULL
8858,36404,1232090417,1,NULL,NULL
8858,36897,1232090417,1,NULL,NULL
8858,36899,1232090417,1,NULL,NULL
8858,4655,1232486917,0,NULL,NULL
8859,9778,1232473405,0,NULL,NULL
8861,35525,1232403390,-1,NULL,NULL
8863,30070,1232379814,0,NULL,NULL
8865,1353,1232347963,1,NULL,NULL
8866,99,1232273690,1,NULL,NULL
8867,37183,1232272892,1,NULL,NULL
8867,10550,1232272892,0,NULL,NULL
8868,37211,1232095412,0,NULL,NULL
8869,26125,1232091400,0,NULL,NULL
8870,26125,1232051151,0,NULL,NULL
8870,26126,1232051151,0,NULL,NULL
8871,4856,1232024340,0,NULL,NULL
8871,4855,1232024340,0,NULL,NULL
8871,4855,1232036567,1,NULL,NULL
8871,4856,1232036567,0,NULL,NULL
8872,36890,1232031208,0,NULL,NULL
8873,27322,1231742274,0,NULL,NULL
8873,27628,1231742274,0,NULL,NULL
8873,30414,1231742274,1,NULL,NULL
8873,30416,1231742274,0,NULL,NULL
8873,30108,1231742274,0,NULL,NULL
8873,31052,1231742274,-1,NULL,NULL
8873,37264,1231742274,0,NULL,NULL
8873,30414,1231747570,1,NULL,NULL
8873,26444,1231747570,0,NULL,NULL
8873,30416,1231747570,0,NULL,NULL
8873,31072,1231747570,0,NULL,NULL
8873,31066,1231747570,0,NULL,NULL
8873,30416,1232022327,0,NULL,NULL
8873,30414,1232022327,0,NULL,NULL
8873,30404,1232022327,0,NULL,NULL
8874,26220,1231915198,0,NULL,NULL
8874,25829,1231915198,0,NULL,NULL
8874,37233,1231915198,0,0.0,0.0
8874,28833,1231915198,0,NULL,NULL
8874,30694,1231915198,1,NULL,NULL
8874,27414,1231915198,0,NULL,NULL
8875,36342,1231912903,1,NULL,NULL
8877,37333,1231843074,0,NULL,NULL
8877,37329,1231843074,0,NULL,NULL
8877,4687,1231843074,0,NULL,NULL
8877,4690,1231843074,1,NULL,NULL
8877,4690,1231844515,-1,NULL,NULL
8877,4690,1231850582,-1,NULL,NULL
8877,4690,1231856690,0,NULL,NULL
8878,37277,1231832248,0,NULL,NULL
8878,36799,1231832248,0,NULL,NULL
8878,36572,1231832248,0,NULL,NULL
8878,36800,1231832248,0,NULL,NULL
8878,37273,1231832248,-1,NULL,NULL
8878,36738,1231832248,0,NULL,NULL
8878,4337,1231832248,1,NULL,NULL
8879,2079,1231829392,1,NULL,NULL
8879,98,1231829392,0,NULL,NULL
8879,12155,1231829392,0,0.0,0.0
8880,25791,1231768872,1,NULL,NULL
8880,30412,1231768872,0,NULL,NULL
8880,37022,1231768872,0,NULL,NULL
8880,31072,1231768872,0,NULL,NULL
8880,30416,1231768872,0,NULL,NULL
8880,30405,1231768872,0,NULL,NULL
8880,30414,1231768872,1,NULL,NULL
8881,12155,1231519428,0,0.0,0.0
8881,16766,1231519428,0,NULL,NULL
8881,10306,1231519428,0,NULL,NULL
8881,4356,1231519428,0,NULL,NULL
8881,4655,1231519428,0,NULL,NULL
8881,197,1231519428,0,NULL,NULL
8881,4743,1231519428,0,NULL,NULL
8881,5617,1231519428,0,0.0,0.0
8881,4877,1231519428,0,NULL,NULL
8881,4725,1231519428,0,NULL,NULL
8881,27628,1231519428,0,NULL,NULL
8881,16769,1231519428,0,NULL,NULL
8881,19056,1231519428,0,NULL,NULL
8881,29637,1231519428,0,NULL,NULL
8881,37036,1231519428,0,NULL,NULL
8881,30106,1231519428,0,0.0,0.0
8881,25706,1231519428,0,NULL,NULL
8881,37047,1231519428,0,NULL,NULL
8881,37033,1231519428,0,NULL,NULL
8881,37034,1231519428,0,NULL,NULL
8881,37313,1231519428,0,NULL,NULL
8881,37037,1231519428,0,NULL,NULL
8881,37341,1231519428,1,NULL,NULL
8881,30108,1231519428,0,NULL,NULL
8881,37361,1231519428,0,NULL,NULL
8881,37041,1231519428,0,NULL,NULL
8882,4654,1231474985,0,NULL,NULL
8882,4656,1231474985,1,NULL,NULL
8882,12346,1231474985,-1,NULL,NULL
8882,8311,1231474985,0,NULL,NULL
8882,8311,1231479952,0,NULL,NULL
8882,8311,1231480194,0,NULL,NULL
8883,37162,1231441282,0,NULL,NULL
8883,25652,1231441282,1,NULL,NULL
8883,26196,1231441282,1,NULL,NULL
8884,30413,1231398174,1,NULL,NULL
8885,36791,1231379567,0,NULL,NULL
8885,36784,1231379567,0,NULL,NULL
8887,29637,1231297764,1,NULL,NULL
8887,25751,1231297764,1,NULL,NULL
8887,22439,1231297764,0,NULL,NULL
8887,4356,1231297764,1,NULL,NULL
8887,37182,1231297764,0,NULL,NULL
8887,36572,1231297764,0,NULL,NULL
8889,36528,1231219903,-1,NULL,NULL
8889,16118,1231219903,0,NULL,NULL
8889,36527,1231219903,0,NULL,NULL
8891,16498,1231185972,1,NULL,NULL
8891,4337,1231185972,1,NULL,NULL
8892,26246,1230645556,1,NULL,NULL
8892,28262,1230645556,1,NULL,NULL
8892,26246,1230652285,0,NULL,NULL
8892,28262,1231143267,1,NULL,NULL
8892,26246,1231143267,0,NULL,NULL
8893,26420,1231065671,0,NULL,NULL
8893,37232,1231065671,0,NULL,NULL
8894,1961,1230971071,-1,NULL,NULL
8894,17976,1230971071,1,NULL,NULL
8894,35526,1230971071,0,NULL,NULL
8894,31366,1230971071,0,NULL,NULL
8894,35525,1230971071,-1,NULL,NULL
8895,98,1230964231,0,NULL,NULL
8896,1961,1230955517,0,NULL,NULL
8896,1961,1230963135,1,NULL,NULL
8897,37337,1230909431,0,NULL,NULL
8897,29636,1230909431,0,NULL,NULL
8897,30667,1230909431,0,NULL,NULL
8897,4690,1230909431,0,NULL,NULL
8897,4687,1230909431,0,NULL,NULL
8897,4688,1230909431,0,NULL,NULL
8897,37342,1230913222,0,NULL,NULL
8898,10369,1230910928,0,NULL,NULL
8899,30163,1230905109,0,NULL,NULL
8899,36789,1230905109,-1,NULL,NULL
8899,36572,1230905109,0,NULL,NULL
8900,37355,1230682308,0,NULL,NULL
8900,10367,1230682308,0,NULL,NULL
8900,10365,1230693478,0,NULL,NULL
8900,10369,1230693478,0,NULL,NULL
8900,10372,1230693478,0,NULL,NULL
8900,10371,1230777350,0,NULL,NULL
8900,10369,1230777350,-1,NULL,NULL
8900,10365,1230777350,-1,NULL,NULL
8900,10369,1230841275,0,NULL,NULL
8900,10453,1230841275,0,NULL,NULL
8900,10468,1230841275,0,NULL,NULL
8902,37160,1230632321,0,NULL,NULL
8902,37110,1230632321,0,NULL,NULL
8902,37306,1230632321,0,NULL,NULL
8902,29636,1230632321,0,NULL,NULL
8902,37159,1230632321,0,NULL,NULL
8902,37206,1230632321,0,NULL,NULL
8902,26710,1230632321,-1,NULL,NULL
8902,26719,1230632321,0,NULL,NULL
8902,29637,1230632321,0,NULL,NULL
8902,26756,1230632321,0,NULL,NULL
8902,26733,1230632321,0,NULL,NULL
8902,36339,1230723582,0,NULL,NULL
8902,30143,1230726134,1,NULL,NULL
8902,27284,1230726134,0,NULL,NULL
8902,27386,1230726134,0,NULL,NULL
8902,30142,1230726134,0,NULL,NULL
8903,37248,1230665763,1,NULL,NULL
8904,36789,1230559749,0,NULL,NULL
8904,36789,1230625428,0,NULL,NULL
8905,4690,1230458809,0,NULL,NULL
8905,4689,1230458809,0,NULL,NULL
8905,4356,1230458809,-1,NULL,NULL
8905,7467,1230458809,0,NULL,NULL
8905,4688,1230458809,1,NULL,NULL
8906,7618,1230288790,0,NULL,NULL
8906,7519,1230288790,0,NULL,NULL
8906,4687,1230288790,-1,NULL,NULL
8906,4688,1230288790,1,NULL,NULL
8906,4356,1230288790,1,NULL,NULL
8906,4687,1230456710,1,NULL,NULL
8906,37034,1230288790,0,NULL,NULL
8906,7460,1230288790,0,NULL,NULL
8906,7498,1230288790,0,NULL,NULL
8906,4690,1230288790,-1,NULL,NULL
8906,26808,1230456710,0,NULL,NULL
8906,37336,1230288790,1,NULL,NULL
8906,7499,1230288790,0,NULL,NULL
8906,29637,1230456710,0,NULL,NULL
8906,7453,1230288790,0,NULL,NULL
8906,7601,1230288790,0,NULL,NULL
8906,4690,1230456710,1,NULL,NULL
8906,4689,1230288790,1,NULL,NULL
8906,7478,1230288790,0,NULL,NULL
8906,7520,1230288790,0,NULL,NULL
8906,37309,1230288790,0,NULL,NULL
8906,7462,1230288790,0,NULL,NULL
8906,7594,1230288790,0,NULL,NULL
8906,7465,1230288790,-1,NULL,NULL
8906,7548,1230288790,0,NULL,NULL
8906,7554,1230288790,0,NULL,NULL
8906,7505,1230288790,0,NULL,NULL
8906,26809,1230456710,0,NULL,NULL
8906,4688,1230456710,0,NULL,NULL
8906,1548,1230288790,0,0.0,0.0
8906,20662,1230288790,-1,NULL,NULL
8906,7439,1230288790,-1,NULL,NULL
8906,7459,1230288790,0,NULL,NULL
8906,7525,1230288790,0,NULL,NULL
8906,7470,1230288790,-1,NULL,NULL
8906,7562,1230288790,0,NULL,NULL
8906,7502,1230288790,0,NULL,NULL
8906,7452,1230288790,0,NULL,NULL
8906,29636,1230456710,1,NULL,NULL
8906,7488,1230288790,0,NULL,NULL
8907,25738,1229678795,0,NULL,NULL
8907,29637,1229678795,0,NULL,NULL
8907,29668,1229678795,1,NULL,NULL
8907,30142,1229678795,0,NULL,NULL
8907,29636,1229678795,-1,NULL,NULL
8907,37321,1229678795,0,NULL,NULL
8907,29666,1229683217,0,NULL,NULL
8907,29669,1229683217,0,NULL,NULL
8907,29666,1230003373,1,NULL,NULL
8907,37310,1230195439,1,NULL,NULL
8907,37310,1230215933,1,NULL,NULL
8907,37310,1230287624,-1,NULL,NULL
8908,36404,1230193688,1,NULL,NULL
8908,12349,1230193688,0,NULL,NULL
8908,12348,1230193688,0,NULL,NULL
8908,4656,1230193688,0,NULL,NULL
8908,4654,1230193688,0,NULL,NULL
8909,446,1229932121,0,NULL,NULL
8909,21385,1229932121,0,NULL,NULL
8909,16289,1230007958,0,NULL,NULL
8909,1549,1230007958,0,NULL,NULL
8910,37210,1229656269,1,NULL,NULL
8910,37237,1229656269,0,NULL,NULL
8910,37207,1229656269,0,NULL,NULL
8910,37208,1229656269,1,NULL,NULL
8910,37190,1229656269,1,0.0,0.0
8910,37219,1229656269,1,NULL,NULL
8910,37214,1229656269,0,NULL,NULL
8910,37245,1229669948,0,NULL,NULL
8910,37254,1229669948,0,NULL,NULL
8910,37246,1229669948,0,NULL,NULL
8910,37232,1229669948,0,NULL,NULL
8910,37211,1229669948,0,NULL,NULL
8910,37242,1229669948,0,NULL,NULL
8910,37248,1229669948,0,NULL,NULL
8910,37227,1229669948,0,NULL,NULL
8910,37233,1229669948,0,NULL,NULL
8910,37244,1229669948,0,NULL,NULL
8910,37219,1229669948,0,NULL,NULL
8910,37225,1229669948,0,NULL,NULL
8910,37248,1229673481,0,NULL,NULL
8910,37232,1229673481,0,NULL,NULL
8910,37227,1229673481,0,0.0,0.0
8910,28221,1229673481,0,NULL,NULL
8911,26437,1229672220,1,NULL,NULL
8911,25681,1229672220,0,NULL,NULL
8911,26411,1229672220,0,0.0,0.0
8912,25738,1229605337,1,0.0,0.0
8913,36066,1229532781,-1,NULL,NULL
8913,16881,1229532781,0,NULL,NULL
8915,37106,1229520434,0,NULL,NULL
8915,37248,1229520434,1,NULL,NULL
8915,37243,1229520434,0,NULL,NULL
8915,37227,1229520434,1,NULL,NULL
8915,33297,1229520434,0,NULL,NULL
8915,37251,1229520434,1,NULL,NULL
8915,33304,1229520434,0,NULL,NULL
8915,37211,1229520434,1,0.0,0.0
8915,28227,1229520434,1,NULL,NULL
8917,25681,1229452785,0,0.0,0.0
8917,30103,1229452785,-1,NULL,NULL
8918,36913,1229396806,-1,NULL,NULL
8918,36876,1229396806,1,NULL,NULL
8918,30386,1229396806,0,NULL,NULL
8919,31564,1229327928,-1,NULL,NULL
8919,31592,1229327928,1,NULL,NULL
8919,7244,1229327928,1,NULL,NULL
8919,31564,1229328388,0,NULL,NULL
8919,29636,1229328388,0,NULL,NULL
8920,37226,1229010139,0,0.0,0.0
8920,25651,1229010139,0,NULL,NULL
8920,37256,1229010139,0,NULL,NULL
8920,26102,1229045713,0,NULL,NULL
8920,16881,1229045713,0,NULL,NULL
8920,25651,1229045713,0,NULL,NULL
8920,9813,1229222647,0,NULL,NULL
8922,37232,1228968608,0,NULL,NULL
8922,8270,1228968608,0,NULL,NULL
8922,28149,1228970173,0,NULL,NULL
8923,22543,1228963529,0,NULL,NULL
8923,18521,1228963529,0,NULL,NULL
8923,16498,1228963529,0,NULL,NULL
8924,16498,1228960401,0,NULL,NULL
8924,27692,1228960401,0,NULL,NULL
8924,25942,1228960401,0,NULL,NULL
8924,26236,1228960401,0,NULL,NULL
8924,22580,1228960401,0,NULL,NULL
8924,37255,1228960401,0,NULL,NULL
8924,37250,1228960401,0,0.0,0.0
8924,37251,1228960401,0,NULL,NULL
8924,37001,1228960401,0,NULL,NULL
8924,37398,1228960401,0,NULL,NULL
8924,30660,1228960401,0,NULL,NULL
8924,37207,1228960401,0,NULL,NULL
8924,37210,1228960401,0,NULL,NULL
8924,37224,1228960401,0,NULL,NULL
8924,37237,1228960401,0,NULL,NULL
8924,37197,1228960401,0,0.0,0.0
8924,37209,1228960401,0,NULL,NULL
8924,37240,1228960401,0,NULL,NULL
8924,37002,1228960401,0,0.0,0.0
8924,37214,1228960401,0,NULL,NULL
8924,37325,1228960401,0,NULL,NULL
8924,29817,1228960401,0,NULL,NULL
8924,37208,1228960401,0,NULL,NULL
8924,37252,1228960401,0,NULL,NULL
8924,37238,1228960401,0,NULL,NULL
8924,37222,1228960401,0,NULL,NULL
8924,37232,1228960401,0,NULL,NULL
8924,35366,1228960401,0,NULL,NULL
8924,28227,1228960401,0,NULL,NULL
8924,27707,1228960401,0,NULL,NULL
8925,16498,1228909872,0,NULL,NULL
8925,37262,1228909872,0,NULL,NULL
8925,37197,1228806279,0,0.0,0.0
8925,37246,1228806279,0,NULL,NULL
8925,37240,1228806279,0,NULL,NULL
8925,30142,1228806279,0,NULL,NULL
8925,25703,1228909872,0,NULL,NULL
8925,37244,1228909872,0,NULL,NULL
8925,37245,1228806279,0,NULL,NULL
8925,1876,1228938140,0,NULL,NULL
8925,25672,1228806279,0,NULL,NULL
8925,37233,1228806279,0,NULL,NULL
8925,4849,1228941673,0,NULL,NULL
8925,37183,1228909872,0,NULL,NULL
8925,30694,1228928961,0,NULL,NULL
8925,25751,1228806279,0,NULL,NULL
8925,37235,1228806279,0,NULL,NULL
8925,37392,1228938140,0,NULL,NULL
8925,29635,1228909872,0,NULL,NULL
8925,37315,1228909872,0,NULL,NULL
8925,37263,1228806279,0,NULL,NULL
8925,36404,1228909872,0,NULL,NULL
8925,37232,1228806279,-1,NULL,NULL
8925,37250,1228806279,0,0.0,0.0
8925,30694,1228806279,0,NULL,NULL
8925,37190,1228806279,0,0.0,0.0
8925,37298,1228806279,-1,NULL,NULL
8925,15928,1228909872,0,NULL,NULL
8925,37211,1228909872,0,0.0,0.0
8925,30660,1228909872,0,0.0,0.0
8925,31369,1228909872,0,NULL,NULL
8925,4848,1228941673,0,NULL,NULL
8925,37253,1228909872,0,NULL,NULL
8925,30103,1228806279,0,NULL,NULL
8925,25710,1228806279,0,NULL,NULL
8925,16770,1228941673,0,NULL,NULL
8925,25686,1228909872,0,NULL,NULL
8925,30144,1228909872,0,NULL,NULL
8925,37238,1228806279,0,NULL,NULL
8925,27703,1228806279,0,NULL,NULL
8926,12217,1228847223,-1,NULL,NULL
8931,19543,1228760280,0,NULL,NULL
8931,15674,1228760280,0,NULL,NULL
8931,12158,1228760280,1,NULL,NULL
8933,4743,1228750815,1,NULL,NULL
8933,4744,1228750815,1,NULL,NULL
8933,16120,1228750815,0,NULL,NULL
8934,9213,1228334267,1,NULL,NULL
8934,9206,1228507850,0,NULL,NULL
8934,15680,1228243744,0,NULL,NULL
8934,37400,1228746008,0,NULL,NULL
8934,15674,1228261488,0,NULL,NULL
8934,9206,1228243744,-1,NULL,NULL
8934,25651,1228334267,0,NULL,NULL
8934,12213,1228507850,0,NULL,NULL
8934,4354,1228507850,0,NULL,NULL
8934,19543,1228243744,0,NULL,NULL
8934,19542,1228261488,0,NULL,NULL
8934,9209,1228507850,0,NULL,NULL
8934,37207,1228507850,0,NULL,NULL
8934,9207,1228507850,0,NULL,NULL
8934,9207,1228243744,0,NULL,NULL
8934,19544,1228243744,0,NULL,NULL
8934,25738,1228507850,1,NULL,NULL
8934,19543,1228261488,-1,NULL,NULL
8934,9216,1228237872,0,NULL,NULL
8934,19544,1228261488,-1,NULL,NULL
8934,9206,1228261488,0,NULL,NULL
8934,16390,1228237872,0,NULL,NULL
8934,9213,1228237872,0,NULL,NULL
8934,19549,1228261488,0,NULL,NULL
8934,9206,1228237872,0,NULL,NULL
8934,12213,1228237872,0,NULL,NULL
8934,9207,1228237872,0,NULL,NULL
8934,4354,1228261488,0,NULL,NULL
8934,37226,1228334267,0,0.0,0.0
8934,12217,1228334984,0,NULL,NULL
8934,21949,1228237872,0,NULL,NULL
8934,9220,1228334984,0,NULL,NULL
8934,9216,1228334267,1,NULL,NULL
8934,37408,1228237872,0,NULL,NULL
8934,9206,1228334267,1,NULL,NULL
8934,37256,1228334267,0,NULL,NULL
8934,16390,1228243744,0,NULL,NULL
8934,19542,1228243744,-1,0.0,0.0
8934,9207,1228261488,-1,NULL,NULL
8934,37408,1228243744,-1,NULL,NULL
8935,37244,1228649541,0,NULL,NULL
8935,30694,1228649541,1,NULL,NULL
8936,30667,1228559643,1,NULL,NULL
8936,37232,1228559643,0,0.0,NULL
8936,37232,1228561420,0,0.0,NULL
8936,28448,1228561420,0,NULL,NULL
8937,29636,1228506248,1,NULL,NULL
8937,37313,1228506248,1,NULL,NULL
8937,37324,1228506248,-1,NULL,NULL
8937,29668,1228506248,1,NULL,NULL
8937,29637,1228506248,1,NULL,NULL
8938,27905,1228143610,0,NULL,NULL
8938,29637,1228143610,0,NULL,NULL
8938,36339,1228143610,0,NULL,NULL
8938,29636,1228143610,0,NULL,NULL
8938,29635,1228143610,0,NULL,NULL
8938,26770,1228143610,0,NULL,NULL
8938,26444,1228143610,0,NULL,NULL
8938,26274,1228143610,0,NULL,NULL
8938,4751,1228143610,1,NULL,NULL
8938,37232,1228143610,0,0.0,NULL
8938,37219,1228143610,1,NULL,NULL
8938,29637,1228164014,0,NULL,NULL
8938,29636,1228203591,0,NULL,NULL
8938,36339,1228203591,0,NULL,NULL
8938,29636,1228241026,0,NULL,NULL
8938,16304,1228241304,0,NULL,NULL
8938,29679,1228390514,0,NULL,NULL
8938,28595,1228488057,1,NULL,NULL
8938,29679,1228488057,0,NULL,NULL
8940,37361,1228398859,0,NULL,NULL
8940,37361,1228399240,0,NULL,NULL
8941,31583,1228310157,0,NULL,NULL
8941,31564,1228310157,1,NULL,NULL
8941,31553,1228310157,1,NULL,NULL
8941,9043,1228310157,0,NULL,NULL
8941,31580,1228313628,0,NULL,NULL
8941,31553,1228313628,0,NULL,NULL
8942,7244,1228305228,0,NULL,NULL
8942,31590,1228305228,0,NULL,NULL
8944,26242,1228289272,0,NULL,NULL
8944,26214,1228289272,1,NULL,NULL
8944,37248,1228289272,0,NULL,NULL
8944,27811,1228289272,0,NULL,NULL
8944,37232,1228289272,0,0.0,NULL
8944,37227,1228289272,1,NULL,NULL
8944,28227,1228289272,0,NULL,NULL
8944,37109,1228289272,0,NULL,NULL
8944,37250,1228289272,0,NULL,NULL
8946,27811,1228272855,1,NULL,NULL
8946,26196,1228272855,-1,NULL,NULL
8947,10247,1228160948,0,NULL,NULL
8948,30070,1228122408,1,NULL,NULL
8948,25829,1228122408,0,NULL,NULL
8948,32072,1228139041,0,NULL,NULL
8948,30070,1228147725,0,NULL,NULL
8949,37226,1228113969,0,NULL,NULL
8949,37256,1228113969,0,NULL,NULL
8949,25651,1228113969,0,NULL,NULL
8950,27529,1227838776,0,NULL,NULL
8950,37232,1227838776,0,NULL,NULL
8950,28227,1227838776,0,NULL,NULL
8950,33297,1227838776,0,NULL,NULL
8950,37106,1227838776,0,NULL,NULL
8950,36542,1227838776,0,NULL,NULL
8950,36917,1227838776,0,NULL,NULL
8950,36918,1227838776,0,NULL,NULL
8950,36876,1227838776,0,0.0,0.0
8950,35369,1227838776,0,NULL,NULL
8950,16129,1227838776,0,NULL,NULL
8950,37214,1227838776,0,NULL,NULL
8950,36919,1227838776,0,NULL,NULL
8950,28221,1227838776,0,NULL,NULL
8950,28262,1227838776,0,NULL,NULL
8950,28463,1227838776,0,NULL,NULL
8950,28472,1227838776,0,NULL,NULL
8950,28458,1227838776,0,NULL,NULL
8950,27831,1227838776,0,NULL,NULL
8950,26421,1227838776,0,NULL,NULL
8950,28455,1227838776,0,NULL,NULL
8950,26958,1227838776,0,NULL,NULL
8950,8822,1227838776,0,NULL,NULL
8950,26444,1227838776,0,NULL,NULL
8950,36542,1228012144,0,NULL,NULL
8950,37214,1228012144,0,NULL,NULL
8950,26421,1228012144,0,NULL,NULL
8950,37237,1228099073,0,0.0,0.0
8950,37248,1228099073,0,NULL,NULL
8950,37207,1228099073,0,NULL,NULL
8950,37251,1228099073,0,NULL,NULL
8950,37211,1228099073,0,0.0,0.0
8950,37214,1228099073,0,NULL,NULL
8950,37234,1228099073,0,NULL,NULL
8951,29637,1227979796,1,NULL,NULL
8951,29636,1227979796,-1,NULL,NULL
8951,29635,1227979796,1,0.0,0.0
8951,37160,1227979796,1,NULL,NULL
8951,36563,1227979796,0,NULL,NULL
8951,29637,1227993335,1,NULL,NULL
8951,26799,1227993335,0,NULL,NULL
8951,29636,1227993335,1,NULL,NULL
8951,29635,1227993335,0,NULL,NULL
8951,29637,1227995168,0,NULL,NULL
8951,29636,1227995168,0,NULL,NULL
8951,29635,1227995168,0,NULL,NULL
8951,29635,1228044964,1,0.0,0.0
8951,29636,1228044964,0,NULL,NULL
8951,26868,1228044964,0,NULL,NULL
8951,37187,1228044964,1,NULL,NULL
8951,27628,1228044964,1,NULL,NULL
8951,25884,1228044964,0,NULL,NULL
8951,29637,1228044964,1,NULL,NULL
8951,30103,1228044964,1,NULL,NULL
8951,26762,1228046158,0,NULL,NULL
8951,37311,1228046158,0,NULL,NULL
8951,30694,1228057517,0,NULL,NULL
8951,37311,1228057517,0,NULL,NULL
8951,29635,1228057517,1,NULL,NULL
8951,26867,1228060985,0,NULL,NULL
8951,26865,1228060985,0,NULL,NULL
8951,26866,1228060985,0,NULL,NULL
8952,31369,1228053837,0,NULL,NULL
8952,16100,1228053837,0,NULL,NULL
8954,26214,1227972822,1,0.0,0.0
8954,26242,1227972822,-1,NULL,NULL
8955,1876,1227960907,1,NULL,NULL
8955,1548,1227960907,0,NULL,NULL
8956,37315,1227958340,0,NULL,NULL
8956,37392,1227958340,1,NULL,NULL
8956,37390,1227958340,1,NULL,NULL
8956,4689,1227958340,1,NULL,NULL
8956,1548,1227958340,0,NULL,NULL
8956,26834,1227959828,0,NULL,NULL
8956,37315,1227959828,0,NULL,NULL
8958,25738,1227856687,0,NULL,NULL
8958,25681,1227856687,0,NULL,NULL
8959,36417,1227843813,1,NULL,NULL
8959,15818,1227843813,1,NULL,NULL
8959,15818,1227845791,0,NULL,NULL
8959,15819,1227845791,0,NULL,NULL
8959,15818,1227845967,0,NULL,NULL
8961,37315,1227818445,1,NULL,NULL
8961,29636,1227818445,-1,NULL,NULL
8961,29637,1227818445,-1,NULL,NULL
8962,26196,1227782066,-1,NULL,NULL
8962,37214,1227782066,1,NULL,NULL
8962,26223,1227782066,0,0.0,0.0
8964,26196,1227704226,1,NULL,NULL
8965,446,1227362690,1,NULL,NULL
8965,36984,1227362690,0,NULL,NULL
8965,16100,1227697670,0,NULL,NULL
8965,4709,1227697670,0,NULL,NULL
8965,31369,1227697670,0,NULL,NULL
8966,37232,1227620655,0,NULL,NULL
8966,26231,1227620655,0,NULL,NULL
8966,37214,1227688204,0,NULL,NULL
8966,37237,1227688204,0,0.0,0.0
8966,37219,1227688204,0,NULL,NULL
8966,37231,1227688204,0,NULL,NULL
8966,37207,1227688204,0,NULL,NULL
8967,37232,1226906474,0,NULL,NULL
8967,37232,1226928110,0,NULL,NULL
8967,37232,1226944890,0,NULL,NULL
8967,25672,1226944890,0,NULL,NULL
8967,27692,1227554891,0,NULL,NULL
8967,37237,1227554891,0,0.0,0.0
8967,37209,1227554891,0,NULL,NULL
8967,37248,1227554891,0,NULL,NULL
8967,37164,1227554891,-1,NULL,NULL
8967,37224,1227554891,0,NULL,NULL
8967,37234,1227554891,0,NULL,NULL
8967,37214,1227554891,0,NULL,NULL
8967,37232,1227554891,0,NULL,NULL
8967,37222,1227554891,0,NULL,NULL
8967,37238,1227554891,0,NULL,NULL
8967,37207,1227554891,0,NULL,NULL
8967,37255,1227554891,0,NULL,NULL
8967,37251,1227554891,0,NULL,NULL
8967,37239,1227554891,0,NULL,NULL
8967,37250,1227554891,0,NULL,NULL
8967,25672,1227643224,0,NULL,NULL
8967,25649,1227643224,0,NULL,NULL
8967,37214,1227643224,0,NULL,NULL
8967,26200,1227643224,0,NULL,NULL
8967,25877,1227643224,0,NULL,NULL
8967,25650,1227643224,0,0.0,0.0
8967,25660,1227643224,0,NULL,NULL
8967,37232,1227643224,0,NULL,NULL
8967,37164,1227643224,0,NULL,NULL
8967,37239,1227643224,0,NULL,NULL
8968,1548,1227634593,0,NULL,NULL
8968,1876,1227634593,1,NULL,NULL
8968,7618,1227634593,1,NULL,NULL
8969,4369,1227368057,0,NULL,NULL
8969,26087,1227539464,1,NULL,NULL
8969,8727,1227539464,0,NULL,NULL
8971,35525,1227290957,-1,NULL,NULL
8971,35483,1227290957,0,NULL,NULL
8971,31369,1227290957,0,NULL,NULL
8971,1041,1227290957,0,NULL,NULL
8971,1961,1227290957,0,NULL,NULL
8971,4709,1227290957,1,NULL,NULL
8973,4337,1225793313,1,NULL,NULL
8973,22439,1225793313,0,NULL,NULL
8973,4337,1227252702,-1,NULL,NULL
8973,18521,1227252702,1,NULL,NULL
8975,446,1222965223,1,NULL,NULL
8975,446,1227157394,0,NULL,NULL
8975,2010,1227157394,0,NULL,NULL
8975,446,1227163778,0,NULL,NULL
8975,36705,1227163778,0,NULL,NULL
8976,37211,1227124449,0,NULL,NULL
8978,98,1226847134,1,NULL,NULL
8978,2079,1226847134,1,NULL,NULL
8979,4656,1226803353,0,NULL,NULL
8979,8361,1226803353,-1,NULL,NULL
8979,15869,1226803353,0,NULL,NULL
8979,36404,1226803353,0,NULL,NULL
8979,36899,1226803353,0,NULL,NULL
8980,26542,1226095924,0,NULL,NULL
8980,25652,1226072232,0,NULL,NULL
8980,28332,1226095924,0,NULL,NULL
8980,37360,1226598575,0,NULL,NULL
8980,26421,1226072232,0,NULL,NULL
8980,16118,1226676678,0,NULL,NULL
8980,35322,1226518624,-1,NULL,NULL
8980,30414,1226072232,0,NULL,NULL
8980,27732,1226095924,0,NULL,NULL
8980,28336,1226095924,0,NULL,NULL
8980,37255,1226431726,0,NULL,NULL
8980,36898,1226598575,0,NULL,NULL
8980,37207,1226431726,-1,NULL,NULL
8980,27811,1226072232,0,NULL,NULL
8980,29637,1226095924,1,NULL,NULL
8980,25661,1226095924,0,0.0,0.0
8980,26223,1226072232,0,NULL,NULL
8980,36542,1226072232,0,NULL,NULL
8980,37234,1226072232,0,NULL,NULL
8980,18940,1226676678,-1,NULL,NULL
8980,37088,1226518624,-1,NULL,NULL
8980,28080,1226095924,0,NULL,NULL
8980,445,1226676678,0,NULL,NULL
8980,98,1226518624,0,NULL,NULL
8980,30074,1226072232,0,NULL,NULL
8980,35322,1226598575,0,NULL,NULL
8980,37089,1226095924,0,NULL,NULL
8980,445,1226598575,-1,NULL,NULL
8980,28334,1226095924,0,NULL,NULL
8980,28327,1226095924,0,NULL,NULL
8980,20260,1226598575,-1,NULL,NULL
8980,37232,1226095924,-1,NULL,NULL
8980,37166,1226431726,0,NULL,NULL
8980,4337,1226095924,0,NULL,NULL
8980,4744,1226598575,0,NULL,NULL
8980,16504,1226431726,-1,NULL,NULL
8980,30694,1226095924,-1,NULL,NULL
8980,25703,1226095924,0,NULL,NULL
8980,4743,1226598575,0,0.0,0.0
8980,28594,1226095924,0,NULL,NULL
8982,30170,1226651619,0,NULL,NULL
8982,37276,1226651619,0,NULL,NULL
8982,37232,1226651619,0,NULL,NULL
8982,30163,1226651619,0,NULL,NULL
8982,37335,1226651619,0,NULL,NULL
8982,30167,1226651619,0,NULL,NULL
8982,25751,1226651619,1,NULL,NULL
8983,8347,1226647060,0,NULL,NULL
8983,36824,1226647060,0,NULL,NULL
8983,36829,1226647060,0,NULL,NULL
8983,36831,1226647060,0,NULL,NULL
8983,37372,1226647060,0,NULL,NULL
8983,37373,1226647060,0,NULL,NULL
8983,36830,1226647060,-1,NULL,NULL
8984,15839,1226645052,0,NULL,NULL
8984,8338,1226645052,0,NULL,NULL
8984,37368,1226645052,0,NULL,NULL
8985,25779,1226432891,1,NULL,NULL
8985,25779,1226571709,0,NULL,NULL
8986,8347,1226547743,1,NULL,NULL
8987,21168,1226518886,0,NULL,NULL
8987,21153,1226518886,0,NULL,NULL
8987,7293,1226518886,-1,NULL,NULL
8987,4736,1226518886,1,NULL,NULL
8987,4735,1226518886,1,NULL,NULL
8987,7293,1226520054,0,NULL,NULL
8988,26668,1226478261,0,NULL,NULL
8989,4852,1226475348,1,NULL,NULL
8989,16813,1226475348,0,NULL,NULL
8989,9655,1226476226,0,NULL,NULL
8989,4854,1226476226,0,NULL,NULL
8989,9655,1226476805,0,NULL,NULL
8990,4656,1226475629,1,NULL,NULL
8990,8317,1226475629,0,NULL,NULL
8993,36336,1226302674,0,NULL,NULL
8993,12155,1226296872,0,NULL,NULL
8993,2010,1226302674,0,NULL,NULL
8993,26220,1226378057,0,0.0,0.0
8993,30106,1226274917,0,NULL,NULL
8993,8863,1226296872,0,NULL,NULL
8993,30137,1226305935,0,NULL,NULL
8993,30062,1226290911,0,NULL,NULL
8993,28094,1226378057,0,NULL,NULL
8993,7293,1226284843,0,NULL,NULL
8993,27905,1226378057,0,NULL,NULL
8993,35526,1226284843,0,NULL,NULL
8993,16485,1226296872,0,NULL,NULL
8993,25782,1226378057,0,NULL,NULL
8993,25751,1226378057,0,NULL,NULL
8993,4655,1226378057,0,NULL,NULL
8993,16119,1226278594,0,NULL,NULL
8993,37071,1226302674,0,NULL,NULL
8993,30031,1226302674,0,NULL,NULL
8993,19056,1226274917,0,NULL,NULL
8993,30117,1226284843,0,NULL,NULL
8993,30143,1226284843,0,NULL,NULL
8993,26231,1226296872,0,NULL,NULL
8993,30113,1226378057,0,NULL,NULL
8993,5617,1226378057,0,0.0,0.0
8993,99,1226348945,0,NULL,NULL
8993,7293,1226378057,0,NULL,NULL
8993,4356,1226378057,0,NULL,NULL
8993,31410,1226305935,0,NULL,NULL
8993,25800,1226378057,0,NULL,NULL
8993,30031,1226378057,0,NULL,NULL
8993,7244,1226302674,0,NULL,NULL
8993,35525,1226378057,0,NULL,NULL
8993,37315,1226296872,0,NULL,NULL
8993,37006,1226378057,0,NULL,NULL
8993,1961,1226302674,0,NULL,NULL
8993,25738,1226305935,0,0.0,0.0
8993,1041,1226274917,0,NULL,NULL
8993,4743,1226274917,0,NULL,NULL
8993,25731,1226337857,0,NULL,NULL
8994,4654,1226372689,0,0.0,0.0
8994,4656,1226372689,0,NULL,NULL
8995,27994,1226348256,0,NULL,NULL
8996,30110,1226335698,0,NULL,NULL
8997,28020,1226088664,0,NULL,NULL
8998,4709,1226070429,1,NULL,NULL
8999,37207,1225911012,1,NULL,NULL
8999,36919,1225911012,-1,NULL,NULL
8999,37232,1226067806,0,NULL,NULL
8999,37207,1226067806,1,NULL,NULL
9000,529,1226063471,0,NULL,NULL
9002,4322,1225957694,-1,NULL,NULL
9002,9813,1225957694,0,NULL,NULL
9002,7469,1225957694,0,NULL,NULL
9002,26249,1225957694,0,NULL,NULL
9002,25651,1225957694,0,NULL,NULL
9002,16951,1225980623,0,NULL,NULL
9002,4322,1225980623,0,NULL,NULL
9002,4321,1225980623,0,NULL,NULL
9003,8361,1225939549,1,NULL,NULL
9003,8311,1225939549,1,NULL,NULL
9004,31418,1225934488,0,NULL,NULL
9004,31406,1225934488,1,NULL,NULL
9004,31427,1225934488,0,NULL,NULL
9004,31409,1225934488,1,NULL,NULL
9004,31410,1225934488,1,NULL,NULL
9004,36538,1225934488,1,NULL,NULL
9005,26126,1225908893,0,NULL,NULL
9006,37248,1225901816,1,NULL,NULL
9006,37232,1225901816,0,NULL,NULL
9007,4744,1225898357,1,NULL,NULL
9007,446,1225898357,-1,NULL,NULL
9007,2010,1225898357,-1,NULL,NULL
9007,16148,1225898357,0,NULL,NULL
9007,16268,1225898357,-1,NULL,NULL
9007,16232,1225898357,0,NULL,NULL
9007,36705,1225898357,-1,NULL,NULL
9009,30228,1225792507,0,NULL,NULL
9009,26249,1225792507,0,NULL,NULL
9009,35997,1225792507,0,NULL,NULL
9009,30390,1225792507,0,NULL,NULL
9009,30410,1225792507,0,NULL,NULL
9010,37156,1225786184,1,NULL,NULL
9011,1548,1225614299,0,NULL,NULL
9011,20657,1225614299,0,NULL,NULL
9012,31134,1225498898,0,NULL,NULL
9012,25736,1225498898,0,0.0,0.0
9012,30067,1225498898,0,NULL,NULL
9012,25886,1225498898,0,NULL,NULL
9012,37444,1225498898,0,NULL,NULL
9012,26402,1225498898,0,NULL,NULL
9012,26611,1225498898,0,NULL,NULL
9012,529,1225498898,0,NULL,NULL
9012,25884,1225498898,0,NULL,NULL
9012,16372,1225498898,0,NULL,NULL
9012,31472,1225498898,0,NULL,NULL
9012,25687,1225498898,0,NULL,NULL
9012,26274,1225498898,0,NULL,NULL
9012,25877,1225498898,0,NULL,NULL
9012,26663,1225498898,0,NULL,NULL
9012,25738,1225498898,0,NULL,NULL
9012,25681,1225498898,0,NULL,NULL
9012,30660,1225498898,0,0.0,0.0
9012,25660,1225498898,0,NULL,NULL
9012,37225,1225498898,0,NULL,NULL
9012,26228,1225498898,0,NULL,NULL
9012,26406,1225498898,0,NULL,NULL
9012,31136,1225498898,0,NULL,NULL
9012,26208,1225498898,0,NULL,NULL
9012,26411,1225498898,0,0.0,0.0
9012,30673,1225498898,0,NULL,NULL
9012,8863,1225498898,0,NULL,NULL
9012,31135,1225498898,0,NULL,NULL
9012,30416,1225498898,0,NULL,NULL
9012,36890,1225498898,0,NULL,NULL
9012,26220,1225498898,0,NULL,NULL
9012,31482,1225498898,0,NULL,NULL
9012,31491,1225498898,0,NULL,NULL
9012,26191,1225498898,0,NULL,NULL
9012,4750,1225498898,0,NULL,NULL
9012,18942,1225498898,0,NULL,NULL
9012,26126,1225498898,0,NULL,NULL
9012,37262,1225498898,0,NULL,NULL
9012,25666,1225498898,0,NULL,NULL
9012,26298,1225498898,0,NULL,NULL
9013,30414,1225476234,0,NULL,NULL
9013,28472,1225476234,0,NULL,NULL
9013,30416,1225476234,0,NULL,NULL
9013,30413,1225476234,1,NULL,NULL
9013,31052,1225476795,0,NULL,NULL
9014,30050,1225376153,0,NULL,NULL
9014,37214,1225376153,1,NULL,NULL
9014,37234,1225376153,1,NULL,NULL
9014,36540,1225376153,0,NULL,NULL
9014,30129,1225376153,0,NULL,NULL
9014,30020,1225376153,0,NULL,NULL
9014,30416,1225376153,0,NULL,NULL
9014,37239,1225376153,0,0.0,0.0
9014,28290,1225376153,0,NULL,NULL
9014,26223,1225376153,1,NULL,NULL
9014,27879,1225376153,0,NULL,NULL
9014,30393,1225376153,0,NULL,NULL
9014,30394,1225376153,0,NULL,NULL
9014,27811,1225376153,0,NULL,NULL
9014,25652,1225376153,0,NULL,NULL
9014,25672,1225376153,0,NULL,NULL
9014,27878,1225376153,0,NULL,NULL
9014,25650,1225376153,0,0.0,0.0
9014,26196,1225376153,1,NULL,NULL
9014,26223,1225386157,0,NULL,NULL
9014,26542,1225386157,0,NULL,NULL
9014,36542,1225386157,0,NULL,NULL
9015,26303,1225377175,0,NULL,NULL
9015,26244,1225377175,0,NULL,NULL
9016,25779,1225279407,0,NULL,NULL
9018,27707,1222431358,0,NULL,NULL
9018,4337,1222432887,0,NULL,NULL
9018,26466,1222690952,0,NULL,NULL
9018,8296,1222718937,1,NULL,NULL
9018,26406,1224520204,-1,NULL,NULL
9018,18955,1225124507,1,NULL,NULL
9018,31907,1225149041,0,NULL,NULL
9019,8361,1225116460,1,NULL,NULL
9021,16407,1224832541,0,NULL,NULL
9021,16410,1224832541,0,NULL,NULL
9021,16412,1224832541,0,NULL,NULL
9021,16402,1224832541,0,NULL,NULL
9023,33292,1224821062,1,NULL,NULL
9023,33293,1224821062,1,NULL,NULL
9023,33297,1224821062,0,NULL,NULL
9023,33304,1224821062,0,NULL,NULL
9024,37273,1224740464,1,NULL,NULL
9024,30163,1224740464,1,0.0,0.0
9024,37273,1224741938,0,NULL,NULL
9024,37273,1224744847,-1,NULL,NULL
9024,30163,1224744847,-1,NULL,NULL
9024,30694,1224744847,1,NULL,NULL
9025,20260,1224733014,0,NULL,NULL
9025,36906,1224733014,0,NULL,NULL
9025,36691,1224733014,0,NULL,NULL
9026,10247,1224614055,-1,NULL,NULL
9026,30660,1224614055,1,NULL,NULL
9026,37447,1224664687,0,NULL,NULL
9026,10247,1224664687,0,NULL,NULL
9026,31253,1224670855,0,NULL,NULL
9026,31298,1224699835,0,NULL,NULL
9026,31297,1224699835,0,NULL,NULL
9026,30660,1224699835,1,NULL,NULL
9026,31253,1224699835,0,NULL,NULL
9026,31259,1224699835,0,NULL,NULL
9026,31295,1224699835,0,NULL,NULL
9026,10247,1224699835,0,NULL,NULL
9027,37214,1224679576,0,NULL,NULL
9027,37207,1224679576,0,NULL,NULL
9028,37113,1224016167,0,NULL,NULL
9028,30694,1224016167,0,NULL,NULL
9028,26216,1224650062,1,NULL,NULL
9028,26196,1224650062,0,NULL,NULL
9028,37113,1224650062,-1,NULL,NULL
9030,17201,1224637539,0,NULL,NULL
9030,10550,1224637539,0,NULL,NULL
9032,37214,1224610510,1,0.0,0.0
9032,37214,1224632823,0,NULL,NULL
9033,30057,1224599541,1,NULL,NULL
9033,30057,1224610081,1,NULL,NULL
9034,35366,1224600247,1,NULL,NULL
9035,32233,1224598221,0,NULL,NULL
9035,35417,1224598221,0,NULL,NULL
9037,36738,1224445499,0,NULL,NULL
9037,4337,1224445499,0,NULL,NULL
9039,35322,1224422179,1,0.0,0.0
9039,16096,1224422179,0,NULL,NULL
9039,4709,1224422179,1,NULL,NULL
9039,1961,1224422179,0,NULL,NULL
9041,16485,1224322401,0,NULL,NULL
9042,22439,1224317801,0,NULL,NULL
9042,16518,1224317801,0,NULL,NULL
9042,4337,1224317801,0,NULL,NULL
9043,31260,1224273529,0,NULL,NULL
9043,31294,1224273529,0,NULL,NULL
9043,31297,1224273529,0,NULL,NULL
9043,31298,1224273529,0,NULL,NULL
9043,31304,1224273529,0,NULL,NULL
9043,31253,1224273529,0,NULL,NULL
9043,31256,1224273529,1,NULL,NULL
9044,8712,1224187668,0,NULL,NULL
9044,21080,1224187668,1,NULL,NULL
9044,25820,1224190317,-1,NULL,NULL
9044,8712,1224190317,0,0.0,0.0
9044,4322,1224190317,0,NULL,NULL
9044,35510,1224190317,0,NULL,NULL
9045,17200,1224162931,0,NULL,NULL
9045,35416,1224162931,1,NULL,NULL
9046,27729,1224012715,0,NULL,NULL
9046,28221,1224012715,1,NULL,NULL
9046,25700,1224012715,1,NULL,NULL
9046,25700,1224065173,-1,NULL,NULL
9046,25700,1224094056,0,NULL,NULL
9046,25700,1224096538,1,NULL,NULL
9049,30684,1223900349,0,NULL,NULL
9049,25703,1223900349,-1,NULL,NULL
9049,25713,1223900349,1,NULL,NULL
9051,27628,1223809691,0,NULL,NULL
9051,36309,1223809691,1,NULL,NULL
9051,37187,1223809691,1,NULL,NULL
9052,12111,1223804826,1,NULL,NULL
9053,36540,1223742889,0,NULL,NULL
9053,37214,1223742889,0,NULL,NULL
9053,25652,1223742889,0,NULL,NULL
9053,27808,1223742889,0,NULL,NULL
9053,26196,1223742889,0,NULL,NULL
9054,26421,1223689793,0,NULL,NULL
9054,37214,1223689793,0,NULL,NULL
9054,26196,1223689793,1,NULL,NULL
9054,26216,1223689793,1,NULL,NULL
9054,26196,1223720270,0,NULL,NULL
9054,37214,1223720270,0,NULL,NULL
9054,30694,1223720270,0,NULL,NULL
9055,25672,1223601918,0,NULL,NULL
9055,37234,1223601918,0,NULL,NULL
9056,26421,1223600769,1,NULL,NULL
9056,25672,1223600769,0,NULL,NULL
9056,37214,1223600769,1,NULL,NULL
9057,30386,1223552639,0,NULL,NULL
9057,30020,1223552639,1,NULL,NULL
9057,36544,1223552639,0,NULL,NULL
9059,25782,1222932802,1,NULL,NULL
9059,37008,1222932802,1,NULL,NULL
9059,30844,1222932802,0,0.0,0.0
9059,30125,1222932802,0,NULL,NULL
9059,36326,1222932802,0,NULL,NULL
9059,31023,1222932802,0,NULL,NULL
9059,37004,1222932802,1,NULL,NULL
9059,29880,1222932802,0,NULL,NULL
9059,37008,1223490267,1,NULL,NULL
9059,37002,1223490267,0,NULL,NULL
9059,25751,1223490267,1,NULL,NULL
9059,25800,1223490267,0,NULL,NULL
9059,4337,1223490267,0,NULL,NULL
9059,9397,1223492931,0,NULL,NULL
9059,30842,1223492931,0,NULL,NULL
9059,30844,1223492931,0,0.0,0.0
9059,37008,1223492931,0,NULL,NULL
9059,31023,1223492931,0,NULL,NULL
9060,30386,1223323610,0,NULL,NULL
9060,36891,1223323610,0,NULL,NULL
9060,26402,1223323610,0,NULL,NULL
9060,26444,1223323610,-1,NULL,NULL
9060,37207,1223323610,1,NULL,NULL
9060,36913,1223323610,0,NULL,NULL
9060,37232,1223323610,0,NULL,NULL
9060,36890,1223363781,0,NULL,NULL
9060,30386,1223363781,0,NULL,NULL
9060,36891,1223370691,0,NULL,NULL
9060,30386,1223403259,0,NULL,NULL
9060,28458,1223403259,0,NULL,NULL
9060,28463,1223403259,0,NULL,NULL
9060,28472,1223403259,0,NULL,NULL
9060,28455,1223403259,0,NULL,NULL
9060,36917,1223403259,0,NULL,NULL
9060,25736,1223491994,0,0.0,0.0
9060,28463,1223491994,1,NULL,NULL
9060,30108,1223491994,0,NULL,NULL
9060,36890,1223491994,0,NULL,NULL
9060,30386,1223492674,0,NULL,NULL
9061,37269,1223490179,0,NULL,NULL
9062,31427,1223450121,1,NULL,NULL
9063,37083,1223444692,0,NULL,NULL
9063,37071,1223444692,0,NULL,NULL
9063,37086,1223444692,0,NULL,NULL
9063,37082,1223444692,1,NULL,NULL
9063,37085,1223444692,0,NULL,NULL
9063,37452,1223444692,1,NULL,NULL
9063,37088,1223444692,0,NULL,NULL
9065,35541,1220465183,0,NULL,NULL
9065,35483,1220465183,1,NULL,NULL
9065,35526,1220465183,0,NULL,NULL
9065,35517,1220465183,0,NULL,NULL
9065,35525,1220465183,0,NULL,NULL
9065,35662,1220465183,0,NULL,NULL
9065,35322,1220465183,0,0.0,0.0
9065,21175,1220465183,0,NULL,NULL
9065,16091,1220465183,1,NULL,NULL
9065,4709,1220465183,-1,NULL,NULL
9065,16092,1220465628,0,NULL,NULL
9065,16103,1223085739,0,NULL,NULL
9065,35483,1223085739,0,NULL,NULL
9066,26220,1222967691,0,NULL,NULL
9066,26444,1222967691,1,NULL,NULL
9066,25681,1222967691,0,NULL,NULL
9066,28357,1223217887,1,NULL,NULL
9066,26444,1223217887,1,NULL,NULL
9068,29614,1222940666,0,NULL,NULL
9068,37248,1222940666,0,NULL,NULL
9068,37232,1222940666,0,NULL,NULL
9068,30103,1222940666,0,NULL,NULL
9068,25723,1222940666,0,NULL,NULL
9068,26214,1222940666,0,NULL,NULL
9068,26303,1222940666,0,NULL,NULL
9069,26220,1222871448,1,NULL,NULL
9069,25713,1222871448,1,NULL,NULL
9073,30414,1222690567,1,NULL,NULL
9073,30416,1222690567,0,NULL,NULL
9073,28290,1222710593,0,NULL,NULL
9073,30416,1222710593,0,NULL,NULL
9073,30414,1222710593,0,NULL,NULL
9074,25672,1222692483,0,NULL,NULL
9074,37232,1222692483,0,NULL,NULL
9075,25791,1222626290,1,NULL,NULL
9075,28288,1222626290,0,NULL,NULL
9075,30414,1222626290,-1,NULL,NULL
9075,27703,1222626290,0,NULL,NULL
9075,37222,1222626290,0,NULL,NULL
9075,37197,1222626290,0,0.0,0.0
9075,37164,1222626290,0,NULL,NULL
9075,37264,1222626290,0,NULL,NULL
9075,30413,1222626290,1,NULL,NULL
9075,35997,1222626290,1,NULL,NULL
9075,30416,1222626290,1,NULL,NULL
9075,31983,1222676593,0,NULL,NULL
9077,26411,1222073810,0,0.0,0.0
9077,37457,1222590908,-1,NULL,NULL
9077,30228,1222590908,0,NULL,NULL
9078,31392,1222575025,1,NULL,NULL
9078,4709,1222575025,1,NULL,NULL
9080,4690,1222531060,1,NULL,NULL
9080,4689,1222531060,1,NULL,NULL
9080,4688,1222531060,1,NULL,NULL
9080,4687,1222531060,0,NULL,NULL
9080,4356,1222531060,0,NULL,NULL
9080,1548,1222531060,0,NULL,NULL
9080,529,1222531060,0,NULL,NULL
9080,37340,1222531060,1,NULL,NULL
9080,20662,1222531060,0,NULL,NULL
9081,30684,1222328232,1,NULL,NULL
9081,27628,1222328232,0,NULL,NULL
9081,25884,1222328232,0,NULL,NULL
9081,25660,1222328232,1,NULL,NULL
9081,16118,1222328232,0,NULL,NULL
9081,30170,1222328232,-1,NULL,NULL
9081,25886,1222328232,1,NULL,NULL
9081,28241,1222328232,0,NULL,NULL
9081,37187,1222328232,-1,NULL,NULL
9081,37458,1222328232,0,NULL,NULL
9081,37313,1222515310,0,NULL,NULL
9081,25884,1222515310,0,NULL,NULL
9081,27628,1222515310,0,NULL,NULL
9081,37187,1222515310,-1,NULL,NULL
9082,31427,1222501979,1,NULL,NULL
9083,37232,1222211373,1,NULL,NULL
9083,27707,1222268228,1,NULL,NULL
9083,27927,1222275399,1,NULL,NULL
9083,26213,1222275399,0,NULL,NULL
9083,27927,1222280884,1,NULL,NULL
9083,26213,1222280884,0,NULL,NULL
9083,27927,1222374733,0,NULL,NULL
9085,27811,1222326641,0,NULL,NULL
9085,4709,1222326641,0,NULL,NULL
9085,18940,1222326641,1,NULL,NULL
9085,30163,1222326641,0,0.0,0.0
9086,25731,1222191033,0,NULL,NULL
9086,37232,1222191033,0,NULL,NULL
9086,37232,1222259975,0,NULL,NULL
9086,29536,1222259975,0,NULL,NULL
9087,98,1222241900,0,NULL,NULL
9087,2080,1222241900,1,NULL,NULL
9087,8953,1222241900,0,NULL,NULL
9089,33292,1222077921,0,NULL,NULL
9089,36889,1222077921,1,NULL,NULL
9089,33297,1222077921,0,NULL,NULL
9089,37106,1222077921,0,NULL,NULL
9089,27734,1222077921,0,NULL,NULL
9090,25751,1222001034,0,NULL,NULL
9090,22698,1222001034,0,NULL,NULL
9090,26444,1222001034,1,NULL,NULL
9090,25672,1222001034,-1,NULL,NULL
9090,30825,1222001034,0,NULL,NULL
9090,25672,1222064327,1,NULL,NULL
9091,18950,1222021803,1,NULL,NULL
9091,18955,1222021803,0,NULL,NULL
9091,31955,1222021803,0,NULL,NULL
9091,18940,1222021803,1,NULL,NULL
9091,18953,1222021803,0,NULL,NULL
9091,31956,1222021803,0,NULL,NULL
9091,25661,1222024150,0,0.0,0.0
9092,37413,1221994971,-1,NULL,NULL
9092,37324,1221994971,0,NULL,NULL
9092,37321,1221994971,1,NULL,NULL
9093,29636,1221850382,0,NULL,NULL
9097,30142,1221778581,1,NULL,NULL
9098,25751,1221729345,0,NULL,NULL
9098,26199,1221729345,0,NULL,NULL
9098,4337,1221729345,1,NULL,NULL
9098,30416,1221729345,0,NULL,NULL
9098,30408,1221729433,0,NULL,NULL
9100,36828,1221707696,0,NULL,NULL
9100,37360,1221707696,0,NULL,NULL
9100,37366,1221707696,0,NULL,NULL
9100,20260,1221707696,0,NULL,NULL
9100,12346,1221707696,1,NULL,NULL
9100,18120,1221707696,0,NULL,NULL
9100,20301,1221707696,1,NULL,NULL
9100,15802,1221707696,0,NULL,NULL
9100,4656,1221707696,-1,NULL,NULL
9100,8317,1221707696,-1,NULL,NULL
9100,8361,1221707696,-1,NULL,NULL
9100,37461,1221711431,0,NULL,NULL
9101,33292,1221613663,0,NULL,NULL
9101,36242,1221613663,0,NULL,NULL
9101,36243,1221613663,0,NULL,NULL
9101,33297,1221613663,0,NULL,NULL
9101,33293,1221613663,0,NULL,NULL
9101,33293,1221614251,0,NULL,NULL
9101,33304,1221615200,0,NULL,NULL
9103,29636,1221582508,1,NULL,NULL
9103,36540,1221582508,0,NULL,NULL
9105,26087,1221506264,0,NULL,NULL
9106,37226,1220112072,0,NULL,NULL
9106,37256,1220112072,0,NULL,NULL
9106,37260,1221498132,0,NULL,NULL
9106,25751,1221498132,0,NULL,NULL
9106,25782,1221498132,1,NULL,NULL
9106,16498,1221498132,1,-1.0,-1.0
9106,4337,1221498132,1,NULL,NULL
9107,4690,1221496231,1,NULL,NULL
9107,4688,1221496231,0,NULL,NULL
9107,4687,1221496231,1,NULL,NULL
9107,37395,1221496231,0,NULL,NULL
9108,25660,1220907379,0,NULL,NULL
9108,26214,1220907379,0,NULL,NULL
9108,28833,1220907379,0,NULL,NULL
9108,30694,1220907379,0,NULL,NULL
9108,30068,1220943481,0,NULL,NULL
9108,26242,1220943481,0,NULL,NULL
9108,26242,1220951274,1,NULL,NULL
9108,26214,1220951274,1,NULL,NULL
9108,37248,1220951274,1,NULL,NULL
9108,26402,1220951274,0,NULL,NULL
9108,28221,1220951274,1,NULL,NULL
9108,26214,1221461750,-1,NULL,NULL
9108,26242,1221491844,-1,NULL,NULL
9108,26214,1221491844,-1,NULL,NULL
9108,28221,1221491844,1,NULL,NULL
9108,26214,1221495520,0,NULL,NULL
9109,30694,1221494389,0,NULL,NULL
9109,37204,1221494389,0,NULL,NULL
9109,31134,1221494389,0,NULL,NULL
9109,25779,1221494389,0,NULL,NULL
9109,22439,1221494389,0,NULL,NULL
9109,4337,1221494389,0,NULL,NULL
9109,4656,1221494389,0,NULL,NULL
9109,1977,1221494389,0,NULL,NULL
9109,4849,1221494389,0,NULL,NULL
9109,4848,1221494389,0,NULL,NULL
9109,5418,1221494389,0,NULL,NULL
9109,10247,1221494389,0,NULL,NULL
9109,10306,1221494389,0,NULL,NULL
9109,16485,1221494389,0,NULL,NULL
9109,8915,1221494389,0,NULL,NULL
9109,30108,1221494389,0,NULL,NULL
9109,26250,1221494389,0,1.0,1.0
9109,37446,1221494389,0,NULL,NULL
9109,30170,1221494389,0,NULL,NULL
9109,37166,1221494389,0,NULL,NULL
9109,30139,1221494389,0,NULL,NULL
9110,37210,1221462589,0,NULL,NULL
9110,26195,1221462589,0,NULL,NULL
9111,37360,1221408328,0,NULL,NULL
9111,37362,1221408328,0,NULL,NULL
9111,12085,1221408328,0,NULL,NULL
9111,8361,1221408328,1,NULL,NULL
9111,8367,1221408328,1,NULL,NULL
9112,20657,1221383043,0,NULL,NULL
9112,1548,1221383043,0,NULL,NULL
9112,20662,1221383043,1,NULL,NULL
9112,20657,1221386473,0,NULL,NULL
9112,1548,1221386473,0,NULL,NULL
9113,37390,1221340119,1,NULL,NULL
9113,37392,1221340119,0,NULL,NULL
9113,4690,1221340119,0,NULL,NULL
9113,4687,1221340119,1,NULL,NULL
9113,20657,1221340119,0,NULL,NULL
9113,7496,1221340119,0,NULL,NULL
9114,7601,1221324403,0,NULL,NULL
9115,8820,1221241852,1,NULL,NULL
9115,16608,1221241852,0,NULL,NULL
9115,37112,1221241852,1,NULL,NULL
9115,36544,1221241852,0,NULL,NULL
9115,28330,1221241852,1,NULL,NULL
9115,37264,1221241852,0,NULL,NULL
9115,37166,1221241852,0,NULL,NULL
9115,26402,1221241852,0,NULL,NULL
9115,28594,1221241852,1,NULL,NULL
9115,27879,1221241852,1,NULL,NULL
9115,37114,1221241852,1,NULL,NULL
9115,26486,1221241852,0,NULL,NULL
9115,25779,1221241852,1,NULL,NULL
9115,22540,1221241852,1,NULL,NULL
9115,27944,1221241852,0,NULL,NULL
9115,26421,1221241852,0,NULL,NULL
9115,27808,1221241852,1,NULL,NULL
9115,27500,1221241852,1,NULL,NULL
9115,27566,1221241852,1,NULL,NULL
9115,27473,1221241852,1,NULL,NULL
9115,28328,1221241852,1,NULL,NULL
9115,28327,1221241852,0,NULL,NULL
9115,27732,1221241852,1,NULL,NULL
9115,28331,1221241852,0,NULL,NULL
9117,25751,1221154458,0,NULL,NULL
9117,30414,1221154458,0,NULL,NULL
9117,4337,1221154458,1,NULL,NULL
9117,30413,1221154458,0,NULL,NULL
9117,30416,1221154458,0,NULL,NULL
9118,19056,1221150949,1,NULL,NULL
9119,37166,1221074796,0,NULL,NULL
9119,26223,1221074796,-1,NULL,NULL
9119,16504,1221074796,1,NULL,NULL
9119,8830,1221074796,0,NULL,NULL
9120,25658,1220903600,0,NULL,NULL
9122,1876,1220836209,1,NULL,NULL
9123,37112,1219901319,0,NULL,NULL
9123,37112,1220193323,1,NULL,NULL
9123,37112,1220806539,-1,NULL,NULL
9123,37250,1220806539,0,NULL,NULL
9124,31564,1220795598,0,NULL,NULL
9124,7244,1220795598,0,NULL,NULL
9124,31566,1220795598,-1,NULL,NULL
9128,31553,1220345139,0,NULL,NULL
9128,31566,1220345139,1,NULL,NULL
9128,31563,1220345139,-1,NULL,NULL
9128,25660,1220535112,0,NULL,NULL
9128,30072,1220535112,0,NULL,NULL
9128,26424,1220535112,0,NULL,NULL
9128,30070,1220535112,0,0.0,0.0
9129,26424,1220506906,1,NULL,NULL
9129,26411,1220506906,0,0.0,0.0
9129,25660,1220506906,1,NULL,NULL
9130,16498,1220445004,1,1.0,1.0
9130,4337,1220445004,1,NULL,NULL
9130,37232,1220445004,0,NULL,NULL
9131,474,1220349503,0,NULL,NULL
9131,37173,1220349503,0,NULL,NULL
9131,31592,1220349503,1,NULL,NULL
9131,37173,1220412936,0,NULL,NULL
9131,31552,1220412936,0,NULL,NULL
9131,37173,1220444309,0,NULL,NULL
9133,12113,1220261388,0,NULL,NULL
9133,7244,1220261388,1,NULL,NULL
9133,5617,1220261388,1,NULL,NULL
9133,474,1220261388,-1,NULL,NULL
9133,31563,1220261388,0,NULL,NULL
9133,31552,1220261388,0,NULL,NULL
9133,31595,1220261388,0,NULL,NULL
9133,30072,1220261388,1,NULL,NULL
9133,37173,1220261388,1,NULL,NULL
9133,31592,1220261388,1,NULL,NULL
9133,31553,1220261388,0,NULL,NULL
9133,30070,1220261388,0,NULL,NULL
9133,37173,1220262573,0,NULL,NULL
9133,37458,1220262573,0,NULL,NULL
9133,474,1220262573,-1,NULL,NULL
9133,31591,1220270132,0,NULL,NULL
9133,474,1220270132,1,NULL,NULL
9133,31590,1220271280,0,NULL,NULL
9134,17200,1220262664,-1,NULL,NULL
9134,35416,1220262664,1,NULL,NULL
9135,35510,1220190081,0,NULL,NULL
9135,37226,1220190081,0,NULL,NULL
9135,37256,1220190081,0,NULL,NULL
9136,35510,1220187742,1,NULL,NULL
9137,26420,1219904689,0,NULL,NULL
9137,26196,1219904689,0,NULL,NULL
9137,27811,1220094235,1,NULL,NULL
9138,26196,1219989073,1,NULL,NULL
9138,26196,1220003999,-1,NULL,NULL
9138,27473,1220003999,0,NULL,NULL
9138,32247,1220003999,0,NULL,NULL
9138,31065,1220003999,1,NULL,NULL
9138,25652,1220003999,0,NULL,NULL
9138,30410,1220003999,0,NULL,NULL
9138,32247,1220008338,0,NULL,NULL
9138,27473,1220008338,-1,NULL,NULL
9138,26196,1220008338,0,NULL,NULL
9138,30413,1220008338,-1,NULL,NULL
9138,35984,1220008338,-1,NULL,NULL
9140,8361,1219889636,1,NULL,NULL
9141,8915,1219839420,0,NULL,NULL
9141,17793,1219839420,0,NULL,NULL
9142,14495,1219822278,0,NULL,NULL
9142,32247,1219822278,0,NULL,NULL
9142,35984,1219822278,1,NULL,NULL
9142,37463,1219822278,0,NULL,NULL
9142,30413,1219822278,1,NULL,NULL
9143,28328,1219818267,0,NULL,NULL
9143,28080,1219818267,0,NULL,NULL
9143,26196,1219818267,1,NULL,NULL
9143,26417,1219818267,0,NULL,NULL
9143,26223,1219818267,0,NULL,NULL
9144,37396,1219777367,0,NULL,NULL
9145,31577,1219729128,0,NULL,NULL
9145,31553,1219729128,1,NULL,NULL
9145,31593,1219729128,0,NULL,NULL
9145,31600,1219729128,0,NULL,NULL
9145,474,1219729128,1,NULL,NULL
9145,7244,1219729128,1,NULL,NULL
9145,5617,1219729128,0,NULL,NULL
9145,31566,1219729128,0,NULL,NULL
9145,31594,1219729128,0,NULL,NULL
9146,30062,1219687030,0,NULL,NULL
9146,30062,1219724169,1,NULL,NULL
9146,27115,1219724169,1,NULL,NULL
9147,30143,1219721370,0,NULL,NULL
9147,26710,1219721370,1,NULL,NULL
9148,22748,1219633383,1,NULL,NULL
9148,16769,1219633383,1,NULL,NULL
9148,16767,1219633383,-1,NULL,NULL
9148,4849,1219633383,0,NULL,NULL
9148,4849,1219636487,0,NULL,NULL
9148,16769,1219636487,-1,NULL,NULL
9148,4849,1219655627,-1,NULL,NULL
9148,22748,1219655627,0,NULL,NULL
9148,16769,1219655627,1,NULL,NULL
9149,4849,1219631921,1,NULL,NULL
9149,4848,1219631921,0,NULL,NULL
9149,12121,1219631921,0,NULL,NULL
9149,16776,1219631921,-1,NULL,NULL
9149,16767,1219631921,0,NULL,NULL
9149,16769,1219631921,1,NULL,NULL
9149,22744,1219631921,0,NULL,NULL
9149,22749,1219631921,1,NULL,NULL
9149,22748,1219631921,0,NULL,NULL
9149,22745,1219631921,0,NULL,NULL
9149,22747,1219631921,0,NULL,NULL
9149,16768,1219631921,0,NULL,NULL
9150,25877,1219507017,0,NULL,NULL
9150,27624,1219507017,1,NULL,NULL
9150,25703,1219507017,0,NULL,NULL
9150,25876,1219507017,0,NULL,NULL
9150,25713,1219507017,0,NULL,NULL
9151,37002,1219481687,0,NULL,NULL
9151,30170,1219481687,1,NULL,NULL
9151,37001,1219481687,0,NULL,NULL
9151,30170,1219488214,1,NULL,NULL
9151,30170,1219491377,1,NULL,NULL
9153,27879,1219355576,1,NULL,NULL
9153,37156,1219355576,0,NULL,NULL
9154,30684,1219323081,1,NULL,NULL
9154,31094,1219333174,0,NULL,NULL
9155,30108,1219277581,0,NULL,NULL
9155,37299,1219277581,0,NULL,NULL
9155,27206,1219277581,1,NULL,NULL
9155,30175,1219277581,1,NULL,NULL
9155,30170,1219277581,0,NULL,NULL
9155,30180,1219277581,1,NULL,NULL
9155,30132,1219277581,0,NULL,NULL
9155,30163,1219277581,0,0.0,0.0
9155,37285,1219277581,0,NULL,NULL
9155,30672,1219277581,0,NULL,NULL
9155,30165,1219277581,0,NULL,NULL
9155,30110,1219277581,0,NULL,NULL
9155,27215,1219277581,0,NULL,NULL
9155,25660,1219277581,0,NULL,NULL
9155,21080,1219277581,0,NULL,NULL
9155,17764,1219277581,0,NULL,NULL
9155,8712,1219277581,0,NULL,NULL
9155,441,1219277581,0,NULL,NULL
9156,37360,1219051182,1,NULL,NULL
9156,15870,1219051182,0,NULL,NULL
9156,15868,1219217737,0,NULL,NULL
9158,15818,1219109870,0,NULL,NULL
9158,17182,1219212782,0,NULL,NULL
9158,15818,1219214513,0,NULL,NULL
9159,7601,1219119646,0,NULL,NULL
9162,15930,1218985876,-1,NULL,NULL
9162,12091,1218985876,0,NULL,NULL
9162,8532,1218985876,1,NULL,NULL
9162,35559,1218985876,0,NULL,NULL
9163,12091,1218983316,0,NULL,NULL
9163,15927,1218983316,-1,NULL,NULL
9163,15928,1218983316,0,NULL,NULL
9163,35510,1218983316,0,NULL,NULL
9164,33301,1218979025,0,NULL,NULL
9164,17187,1218979025,0,NULL,NULL
9164,20301,1218979025,0,NULL,NULL
9164,8352,1218979025,1,NULL,NULL
9164,4656,1218979025,0,NULL,NULL
9167,37306,1218787861,0,NULL,NULL
9167,37160,1218787861,0,NULL,NULL
9167,35984,1218787861,0,NULL,NULL
9167,30413,1218787861,0,NULL,NULL
9167,30694,1218787861,0,NULL,NULL
9167,37321,1218787861,0,NULL,NULL
9167,22439,1218787861,1,NULL,NULL
9167,4337,1218787861,0,NULL,NULL
9168,37295,1218758748,0,NULL,NULL
9168,30105,1218758748,0,NULL,NULL
9168,29636,1218758748,1,NULL,NULL
9168,37306,1218758748,1,NULL,NULL
9168,37160,1218758748,0,NULL,NULL
9168,37321,1218758748,1,NULL,NULL
9169,30393,1218652878,1,NULL,NULL
9170,25672,1218637120,1,NULL,NULL
9170,25751,1218637120,1,NULL,NULL
9171,28760,1218636622,-1,NULL,NULL
9171,26231,1218636622,-1,NULL,NULL
9172,25738,1218634418,1,NULL,NULL
9172,26733,1218634418,0,NULL,NULL
9172,26961,1218634418,1,NULL,NULL
9176,12203,1218544095,1,NULL,NULL
9176,12206,1218544095,0,NULL,NULL
9176,17764,1218544095,1,NULL,NULL
9177,12349,1218531724,0,NULL,NULL
9177,12348,1218531724,1,NULL,NULL
9177,4654,1218531724,0,NULL,NULL
9177,4656,1218531724,1,NULL,NULL
9177,36404,1218531724,0,NULL,NULL
9178,37394,1218507431,0,NULL,NULL
9178,37395,1218507431,0,NULL,NULL
9178,7459,1218507431,0,NULL,NULL
9178,7465,1218507431,0,NULL,NULL
9178,7544,1218507431,0,NULL,NULL
9178,7488,1218507431,0,NULL,NULL
9178,7502,1218507431,0,NULL,NULL
9178,7462,1218507431,0,NULL,NULL
9178,7460,1218507431,0,NULL,NULL
9178,7499,1218507431,0,NULL,NULL
9178,7470,1218507431,0,NULL,NULL
9178,7498,1218507431,0,NULL,NULL
9178,7601,1218507431,-1,NULL,NULL
9178,7562,1218507431,0,NULL,NULL
9178,7497,1218507431,0,NULL,NULL
9178,7563,1218507431,0,NULL,NULL
9178,7478,1218507431,0,NULL,NULL
9178,7439,1218507431,0,NULL,NULL
9178,7496,1218507431,0,NULL,NULL
9178,7525,1218507431,0,NULL,NULL
9178,7501,1218507431,0,NULL,NULL
9178,7452,1218507431,0,NULL,NULL
9178,4689,1218507431,0,NULL,NULL
9179,22439,1218476457,0,NULL,NULL
9179,37211,1218476457,0,NULL,NULL
9180,1041,1218443532,0,NULL,NULL
9180,1961,1218443532,0,NULL,NULL
9180,31385,1218443532,0,NULL,NULL
9180,31388,1218443532,0,NULL,NULL
9180,30103,1218443532,1,0.0,0.0
9180,30106,1218443532,0,NULL,NULL
9180,36898,1218443532,0,NULL,NULL
9182,37286,1218366096,1,NULL,NULL
9182,37287,1218366096,1,NULL,NULL
9182,8664,1218366479,0,NULL,NULL
9182,8664,1218367291,0,NULL,NULL
9182,8664,1218367449,0,NULL,NULL
9183,29600,1218303205,0,NULL,NULL
9183,29607,1218303205,1,NULL,NULL
9184,37315,1218300682,-1,NULL,NULL
9184,26794,1218300682,0,NULL,NULL
9185,29636,1218281694,0,NULL,NULL
9185,26733,1218281694,0,NULL,NULL
9187,23396,1218226303,1,NULL,NULL
9187,21345,1217320452,-1,NULL,NULL
9187,16118,1217320452,-1,NULL,NULL
9187,37360,1217918186,1,NULL,NULL
9187,8945,1218226303,-1,NULL,NULL
9187,35527,1217320452,1,NULL,NULL
9187,20260,1217918186,1,NULL,NULL
9187,35322,1217320452,0,NULL,NULL
9187,30103,1217918186,0,0.0,0.0
9187,36417,1217918186,1,NULL,NULL
9187,37088,1217918186,-1,NULL,NULL
9187,1961,1217918186,0,NULL,NULL
9187,37088,1217320452,1,NULL,NULL
9187,30103,1217320452,0,NULL,NULL
9187,4656,1217918186,1,NULL,NULL
9187,36897,1217320452,0,NULL,NULL
9187,36439,1217320452,-1,NULL,NULL
9187,23399,1218226303,1,NULL,NULL
9187,37022,1217918186,0,NULL,NULL
9187,445,1217320452,1,NULL,NULL
9187,4709,1217918186,-1,NULL,NULL
9187,2010,1217918186,1,NULL,NULL
9187,35541,1217320452,0,NULL,NULL
9187,1041,1217320452,0,NULL,NULL
9187,36895,1217320452,-1,NULL,NULL
9187,4655,1217918186,0,NULL,NULL
9187,20301,1217918186,0,NULL,NULL
9187,2079,1218226303,0,NULL,NULL
9187,12155,1218226303,0,NULL,NULL
9187,37085,1217918186,0,NULL,NULL
9187,36898,1217320452,1,NULL,NULL
9187,37362,1217918186,0,NULL,NULL
9187,4709,1217320452,-1,NULL,NULL
9187,36441,1217320452,0,NULL,NULL
9187,29614,1217553340,0,NULL,NULL
9187,1961,1217320452,1,NULL,NULL
9187,31370,1217918186,-1,NULL,NULL
9187,4877,1218226303,0,NULL,NULL
9187,36899,1217320452,0,NULL,NULL
9187,4743,1217918186,0,NULL,NULL
9189,26196,1218218913,0,NULL,NULL
9189,37232,1218218913,0,NULL,NULL
9190,31562,1218175033,0,NULL,NULL
9191,16351,1217999163,0,NULL,NULL
9191,98,1217999163,1,NULL,NULL
9191,98,1218174831,0,NULL,NULL
9191,12203,1218174831,0,NULL,NULL
9191,17764,1218174831,1,NULL,NULL
9194,36339,1218132976,0,NULL,NULL
9194,37338,1218132976,0,NULL,NULL
9195,37414,1218131577,0,NULL,NULL
9195,37306,1218131577,0,NULL,NULL
9195,37286,1218131577,0,NULL,NULL
9195,29636,1218131577,0,NULL,NULL
9195,37110,1218131577,0,NULL,NULL
9195,37160,1218131577,0,NULL,NULL
9196,23396,1218125567,0,NULL,NULL
9196,7758,1218125567,0,NULL,NULL
9196,4877,1218125567,0,NULL,NULL
9196,4876,1218125567,1,NULL,NULL
9196,23399,1218125567,0,NULL,NULL
9197,37287,1218099172,0,NULL,NULL
9198,4687,1217225076,1,NULL,NULL
9198,4688,1217225076,0,NULL,NULL
9198,20657,1217225076,0,NULL,NULL
9198,37390,1217225076,-1,NULL,NULL
9198,4690,1217348634,1,NULL,NULL
9198,37392,1217348634,-1,NULL,NULL
9198,4688,1218047092,0,NULL,NULL
9199,30081,1218042554,-1,NULL,NULL
9199,17201,1218042554,1,NULL,NULL
9199,10550,1218042554,1,NULL,NULL
9199,16498,1218042554,0,NULL,NULL
9199,37262,1218042554,0,NULL,NULL
9200,16118,1218003255,0,NULL,NULL
9201,474,1218001495,0,NULL,NULL
9202,2080,1217913182,1,NULL,NULL
9202,98,1217913182,1,NULL,NULL
9202,8953,1217913182,0,NULL,NULL
9202,8958,1217913182,0,NULL,NULL
9202,8954,1217913182,0,NULL,NULL
9202,12211,1217913182,0,NULL,NULL
9202,12206,1217913182,0,NULL,NULL
9202,12203,1217913182,0,NULL,NULL
9202,16348,1217913182,0,NULL,NULL
9202,17764,1217913182,1,NULL,NULL
9204,37022,1217824713,0,NULL,NULL
9204,37021,1217824713,0,NULL,NULL
9205,30414,1217589590,0,NULL,NULL
9205,30416,1217589590,1,NULL,NULL
9205,30416,1217820722,-1,NULL,NULL
9206,37273,1217575053,-1,NULL,NULL
9207,29636,1217484189,1,NULL,NULL
9207,29637,1217484189,0,NULL,NULL
9207,37110,1217484189,0,NULL,NULL
9207,29637,1217527526,0,NULL,NULL
9207,29636,1217527526,1,NULL,NULL
9207,4688,1217527526,1,NULL,NULL
9207,4690,1217527526,1,NULL,NULL
9208,37232,1217433103,0,NULL,NULL
9209,25751,1217431903,0,NULL,NULL
9210,4687,1217079466,1,NULL,NULL
9210,4690,1217079466,1,NULL,NULL
9210,1876,1217079466,0,NULL,NULL
9210,37394,1217397195,0,NULL,NULL
9210,29636,1217397195,0,NULL,NULL
9210,37395,1217397195,0,NULL,NULL
9210,7465,1217397195,0,NULL,NULL
9210,4688,1217397195,0,NULL,NULL
9210,4687,1217397195,0,NULL,NULL
9210,4690,1217397195,0,NULL,NULL
9212,37273,1217355115,1,NULL,NULL
9213,30228,1217314321,0,NULL,NULL
9214,9594,1217218248,0,NULL,NULL
9214,37232,1217218248,0,NULL,NULL
9214,37002,1217218248,0,NULL,NULL
9214,16560,1217218248,-1,NULL,NULL
9214,26418,1217218248,0,NULL,NULL
9214,37001,1217218248,0,NULL,NULL
9214,16560,1217219192,0,NULL,NULL
9215,37392,1217070837,1,NULL,NULL
9215,1548,1217070837,0,NULL,NULL
9215,37390,1217070837,0,NULL,NULL
9215,37390,1217218427,1,NULL,NULL
9215,37392,1217218427,1,NULL,NULL
9216,4690,1217083687,0,NULL,NULL
9216,4687,1217083687,0,NULL,NULL
9216,29636,1217083687,1,NULL,NULL
9216,29636,1217161886,1,NULL,NULL
9216,37396,1217161886,1,NULL,NULL
9217,7562,1217090154,0,NULL,NULL
9217,4690,1217090154,1,NULL,NULL
9217,4687,1217090154,1,NULL,NULL
9217,37394,1217090154,0,NULL,NULL
9217,29636,1217090154,0,NULL,NULL
9218,27707,1216924624,1,NULL,NULL
9218,26249,1216924624,0,NULL,NULL
9218,26137,1216924624,0,NULL,NULL
9218,26126,1216924624,0,NULL,NULL
9218,37244,1216924624,-1,NULL,NULL
9218,37232,1216924624,-1,NULL,NULL
9218,37232,1217007008,0,NULL,NULL
9218,37245,1217007008,0,NULL,NULL
9218,26562,1217007008,0,NULL,NULL
9218,30825,1217007008,0,NULL,NULL
9218,28594,1217007008,0,NULL,NULL
9218,26889,1217007008,0,NULL,NULL
9218,26421,1217007008,0,NULL,NULL
9218,28151,1217007008,0,NULL,NULL
9218,26701,1217007008,0,NULL,NULL
9218,26554,1217007008,0,NULL,NULL
9218,16091,1217007008,0,NULL,NULL
9218,12206,1217007008,0,NULL,NULL
9220,1624,1216925108,1,NULL,NULL
9221,25751,1216895978,0,NULL,NULL
9221,25650,1216895978,0,0.0,0.0
9221,25685,1216895978,0,NULL,NULL
9221,25672,1216895978,1,NULL,NULL
9221,37232,1216895978,0,NULL,NULL
9221,37238,1216900856,-1,NULL,NULL
9221,16560,1216900998,0,NULL,NULL
9224,30108,1216876527,1,NULL,NULL
9224,27748,1216877441,0,NULL,NULL
9225,26461,1216842307,0,NULL,NULL
9225,9594,1216842307,0,NULL,NULL
9225,25685,1216842307,0,NULL,NULL
9226,36438,1216729060,0,NULL,NULL
9228,4687,1216522248,0,NULL,NULL
9228,415,1216536741,0,NULL,NULL
9228,4690,1216536741,0,NULL,NULL
9228,4687,1216536741,0,NULL,NULL
9228,7499,1216536741,0,NULL,NULL
9230,35984,1216405552,0,NULL,NULL
9230,30413,1216405552,0,NULL,NULL
9230,25751,1216405552,0,NULL,NULL
9232,4687,1216313820,-1,NULL,NULL
9233,36994,1216287924,-1,NULL,NULL
9233,37008,1216287924,0,NULL,NULL
9233,26306,1216287924,0,NULL,NULL
9233,25751,1216291245,1,NULL,NULL
9234,16766,1216194160,0,NULL,NULL
9234,16776,1216194160,0,NULL,NULL
9235,17182,1216184423,0,NULL,NULL
9237,12121,1216176208,0,NULL,NULL
9237,9631,1216176208,0,NULL,NULL
9237,22749,1216176208,-1,NULL,NULL
9238,30103,1216114397,0,NULL,NULL
9238,36540,1216114397,0,NULL,NULL
9238,30050,1216114397,0,NULL,NULL
9238,30413,1216114397,0,NULL,NULL
9240,35558,1216056940,0,NULL,NULL
9240,15928,1216056940,0,NULL,NULL
9240,15928,1216058060,0,NULL,NULL
9240,35558,1216058060,0,NULL,NULL
9240,35559,1216058060,0,NULL,NULL
9241,529,1216027291,0,NULL,NULL
9241,16406,1216027500,0,NULL,NULL
9241,529,1216030661,0,NULL,NULL
9241,16406,1216030661,-1,NULL,NULL
9241,16406,1216034160,0,NULL,NULL
9241,16411,1216034160,0,NULL,NULL
9241,529,1216034160,-1,NULL,NULL
9241,16411,1216034587,-1,NULL,NULL
9241,16406,1216034587,0,NULL,NULL
9242,37362,1216006048,1,NULL,NULL
9242,30132,1216006048,0,NULL,NULL
9243,28168,1215952303,1,NULL,NULL
9243,29635,1215952303,0,NULL,NULL
9243,37315,1215952303,0,NULL,NULL
9243,29635,1215952742,0,NULL,NULL
9244,7758,1215894961,-1,NULL,NULL
9245,37002,1215852162,-1,NULL,NULL
9245,37008,1215852162,1,NULL,NULL
9245,31023,1215852162,0,NULL,NULL
9245,37008,1215894584,-1,NULL,NULL
9246,4877,1215891698,0,NULL,NULL
9248,14541,1215839150,-1,NULL,NULL
9249,23400,1215835266,1,NULL,NULL
9250,31128,1215794516,0,NULL,NULL
9250,32115,1215794516,0,NULL,NULL
9251,25700,1215779891,1,NULL,NULL
9254,26249,1215768223,1,NULL,NULL
9255,30416,1215768150,-1,NULL,NULL
9256,36441,1215751540,0,NULL,NULL
9256,25876,1215751540,0,NULL,NULL
9257,37273,1215750782,1,NULL,NULL
9258,16243,1215675979,0,NULL,NULL
9258,25876,1215675979,1,NULL,NULL
9258,26608,1215675979,0,NULL,NULL
9258,37274,1215675979,0,NULL,NULL
9258,26680,1215675979,0,NULL,NULL
9258,27624,1215675979,0,NULL,NULL
9258,16237,1215675979,0,NULL,NULL
9258,25703,1215675979,1,NULL,NULL
9258,445,1215675979,0,NULL,NULL
9258,16561,1215675979,0,NULL,NULL
9258,16239,1215675979,0,NULL,NULL
9258,16277,1215675979,0,NULL,NULL
9258,16555,1215675979,0,NULL,NULL
9258,16248,1215675979,0,NULL,NULL
9258,36466,1215675979,0,NULL,NULL
9258,27940,1215675979,0,NULL,NULL
9258,37273,1215675979,1,0.0,0.0
9258,25703,1215685197,1,NULL,NULL
9259,37273,1214452897,0,NULL,NULL
9259,37273,1215620144,0,NULL,NULL
9259,30163,1215620144,0,NULL,NULL
9259,37274,1215676772,1,NULL,NULL
9259,30163,1215676772,0,NULL,NULL
9260,37361,1215675827,0,NULL,NULL
9262,36438,1215595883,-1,0.0,0.0
9262,36895,1215595883,1,NULL,NULL
9262,36439,1215595883,1,NULL,NULL
9263,18940,1215074458,1,NULL,NULL
9263,18953,1215074458,0,NULL,NULL
9263,31955,1215074458,0,NULL,NULL
9263,31955,1215076764,0,NULL,NULL
9263,18953,1215076764,0,NULL,NULL
9263,18940,1215076764,0,NULL,NULL
9263,30694,1215079405,0,NULL,NULL
9263,31955,1215566422,0,NULL,NULL
9263,18940,1215566422,-1,NULL,NULL
9263,18955,1215566422,0,NULL,NULL
9266,445,1215518767,1,0.0,0.0
9267,17201,1215417637,0,NULL,NULL
9268,17640,1215407124,1,NULL,NULL
9268,35525,1215407124,1,NULL,NULL
9268,35526,1215407124,0,NULL,NULL
9269,9941,1215398415,1,NULL,NULL
9270,37121,1215347180,0,NULL,NULL
9270,37137,1215347180,1,NULL,NULL
9270,37130,1215347180,0,NULL,NULL
9270,37131,1215347180,0,NULL,NULL
9270,37222,1215347180,1,NULL,NULL
9271,26191,1215337340,-1,NULL,NULL
9271,26191,1215337578,0,NULL,NULL
9272,17201,1215270204,1,NULL,NULL
9272,17200,1215270204,1,0.0,0.0
9272,10550,1215270204,1,NULL,NULL
9274,16608,1215259497,0,NULL,NULL
9274,1404,1215260336,0,NULL,NULL
9275,26196,1215176106,0,NULL,NULL
9275,37166,1215176106,1,NULL,NULL
9275,37166,1215203209,0,NULL,NULL
9275,25652,1215203209,1,NULL,NULL
9275,16496,1215203209,0,NULL,NULL
9275,16608,1215203209,1,NULL,NULL
9275,16504,1215203209,0,NULL,NULL
9276,26223,1215175925,1,NULL,NULL
9277,16608,1215171938,0,NULL,NULL
9277,16283,1215175889,0,NULL,NULL
9278,26196,1215175437,-1,NULL,NULL
9279,4337,1215122663,1,NULL,NULL
9279,25751,1215122663,1,NULL,NULL
9279,25738,1215122663,0,NULL,NULL
9279,25658,1215122663,0,NULL,NULL
9279,25652,1215122663,0,NULL,NULL
9279,37238,1215122663,1,NULL,NULL
9279,37239,1215122663,0,NULL,NULL
9279,30660,1215122663,0,NULL,NULL
9279,37161,1215122663,0,NULL,NULL
9279,37232,1215122663,0,NULL,NULL
9279,30020,1215122663,0,NULL,NULL
9279,25657,1215153188,0,NULL,NULL
9280,37360,1215132378,1,NULL,NULL
9282,36242,1214571176,0,NULL,NULL
9282,33292,1214571176,0,NULL,NULL
9282,33297,1214571176,0,NULL,NULL
9282,33293,1214571176,0,NULL,NULL
9282,37232,1214992095,1,NULL,NULL
9282,37207,1214992095,1,NULL,NULL
9282,16129,1214992095,-1,NULL,NULL
9282,25751,1214992095,0,NULL,NULL
9282,25782,1214992095,1,NULL,NULL
9282,33297,1214992793,0,NULL,NULL
9282,16129,1215054199,0,NULL,NULL
9285,16118,1215024238,0,NULL,NULL
9285,445,1215024238,0,NULL,NULL
9286,10306,1214893967,1,NULL,NULL
9286,16279,1214893967,1,NULL,NULL
9286,21384,1214893967,1,NULL,NULL
9286,30108,1214893967,1,NULL,NULL
9286,37166,1214893967,1,NULL,NULL
9286,26196,1214893967,1,NULL,NULL
9289,4337,1214587065,0,NULL,NULL
9289,37269,1214639842,-1,NULL,NULL
9289,36994,1214639842,0,NULL,NULL
9290,37222,1214508741,1,NULL,NULL
9290,37232,1214508741,1,NULL,NULL
9290,37131,1214508741,-1,NULL,NULL
9290,37129,1214508741,-1,NULL,NULL
9290,37133,1214508741,-1,NULL,NULL
9290,37123,1214508741,-1,NULL,NULL
9290,37232,1214529141,0,NULL,NULL
9291,37195,1214492791,0,NULL,NULL
9291,25751,1214495703,0,NULL,NULL
9291,37164,1214492791,1,NULL,NULL
9291,37237,1214492791,0,0.0,0.0
9291,37217,1214492791,-1,0.0,0.0
9291,28288,1214457215,0,NULL,NULL
9291,37250,1214492791,0,NULL,NULL
9291,37255,1214492791,0,NULL,NULL
9291,28288,1214458116,0,NULL,NULL
9291,37224,1214492791,0,NULL,NULL
9291,37242,1214492791,0,NULL,NULL
9291,37244,1214492791,0,NULL,NULL
9291,37196,1214492791,0,NULL,NULL
9291,37251,1214492791,0,NULL,NULL
9291,37226,1214492791,0,NULL,NULL
9291,25942,1214492791,0,NULL,NULL
9291,4337,1214495703,-1,NULL,NULL
9291,37233,1214492791,0,NULL,NULL
9291,37209,1214492791,0,0.0,0.0
9291,37231,1214492791,0,NULL,NULL
9291,37197,1214492791,0,0.0,0.0
9291,37022,1213901913,1,NULL,NULL
9291,37211,1214492791,0,NULL,NULL
9291,36540,1213901913,1,NULL,NULL
9291,25791,1213901913,1,NULL,NULL
9291,37208,1214492791,0,NULL,NULL
9291,37210,1214492791,-1,NULL,NULL
9291,37253,1214492791,0,NULL,NULL
9291,37222,1214492791,0,NULL,NULL
9291,37022,1214457215,0,NULL,NULL
9291,37219,1214492791,0,NULL,NULL
9291,25751,1214239054,1,NULL,NULL
9291,37248,1214492791,0,NULL,NULL
9291,37240,1214492791,-1,NULL,NULL
9291,37024,1214458116,0,NULL,NULL
9291,37207,1214492791,0,NULL,NULL
9291,37190,1214492791,0,0.0,0.0
9291,30413,1214491260,1,NULL,NULL
9291,30228,1214457215,0,NULL,NULL
9291,4337,1214239054,1,NULL,NULL
9292,36326,1214287134,1,NULL,NULL
9292,37161,1214287134,0,NULL,NULL
9292,37008,1214287134,0,NULL,NULL
9292,30227,1214287134,0,NULL,NULL
9292,30228,1214287134,0,NULL,NULL
9292,37008,1214370677,0,NULL,NULL
9293,37237,1213925199,0,NULL,NULL
9293,30847,1213925199,0,NULL,NULL
9293,36990,1213925199,1,NULL,NULL
9293,37232,1213925199,1,NULL,NULL
9293,37203,1213925199,0,NULL,NULL
9293,36994,1213925199,-1,NULL,NULL
9293,37207,1213925199,0,1.0,1.0
9293,30228,1213925199,1,NULL,NULL
9293,30386,1213925199,1,NULL,NULL
9293,30844,1213925199,0,NULL,NULL
9293,30846,1213925199,0,NULL,NULL
9293,37269,1213925199,1,NULL,NULL
9293,37002,1213925199,1,NULL,NULL
9293,26420,1213925199,1,NULL,NULL
9293,26444,1213925199,1,NULL,NULL
9293,4337,1213925199,-1,NULL,NULL
9293,9400,1213925199,0,NULL,NULL
9293,9397,1213925199,0,NULL,NULL
9293,25782,1213925199,0,NULL,NULL
9293,25751,1213925199,-1,NULL,NULL
9293,4337,1214317144,1,NULL,NULL
9294,36994,1214302137,0,NULL,NULL
9294,30847,1214302137,0,NULL,NULL
9294,9400,1214312465,0,NULL,NULL
9295,28094,1214282715,1,NULL,NULL
9295,37237,1214282715,0,NULL,NULL
9295,28241,1214282715,1,NULL,NULL
9299,4656,1213953930,0,NULL,NULL
9299,4655,1213953930,1,NULL,NULL
9299,4654,1213953930,1,NULL,NULL
9299,12348,1214204056,1,NULL,NULL
9299,4654,1214204056,0,NULL,NULL
9299,4656,1214204056,0,NULL,NULL
9299,4655,1214204056,0,NULL,NULL
9299,36404,1214204056,1,NULL,NULL
9301,37423,1213852374,0,NULL,NULL
9301,4855,1213852374,1,NULL,NULL
9301,4857,1213852374,-1,NULL,NULL
9301,16873,1213944924,0,NULL,NULL
9301,16875,1213944924,0,NULL,NULL
9301,4855,1213944924,1,NULL,NULL
9301,4856,1213944924,1,NULL,NULL
9301,4857,1213944924,1,NULL,NULL
9302,445,1213894639,1,NULL,NULL
9303,25730,1213645754,0,NULL,NULL
9303,25730,1213850320,1,NULL,NULL
9304,37222,1213838473,1,NULL,NULL
9304,37232,1213838473,-1,NULL,NULL
9304,37120,1213838473,1,NULL,NULL
9304,37239,1213838473,1,NULL,NULL
9305,36898,1209524795,0,NULL,NULL
9305,26400,1209524795,0,NULL,NULL
9305,4849,1209524795,0,NULL,NULL
9305,4848,1209524795,0,NULL,NULL
9305,16766,1209524795,0,NULL,NULL
9305,16765,1209524795,0,NULL,NULL
9305,22744,1209524795,0,NULL,NULL
9305,22439,1209524795,1,NULL,NULL
9305,27493,1209524795,0,NULL,NULL
9305,16767,1209524795,0,NULL,NULL
9305,30106,1209524795,-1,0.0,0.0
9305,12346,1213774981,0,NULL,NULL
9305,12121,1213774981,1,NULL,NULL
9306,9778,1213756937,0,NULL,NULL
9307,4656,1213696793,1,NULL,NULL
9307,4654,1213696793,-1,0.0,0.0
9307,4655,1213696793,1,0.0,0.0
9307,12346,1213696793,1,NULL,NULL
9310,36573,1213364214,0,NULL,NULL
9310,16498,1213364214,1,NULL,NULL
9312,1353,1213161586,0,NULL,NULL
9312,1349,1213161586,0,NULL,NULL
9312,1351,1213161586,0,NULL,NULL
9312,1349,1213209235,0,NULL,NULL
9313,16120,1213037419,0,NULL,NULL
9314,2010,1213036698,-1,NULL,NULL
9315,36240,1212987523,0,NULL,NULL
9315,1353,1212987523,0,NULL,NULL
9315,1349,1212987523,0,NULL,NULL
9315,1351,1212987523,0,NULL,NULL
9316,37273,1212986156,0,NULL,NULL
9316,30072,1212986156,0,NULL,NULL
9316,37008,1212986156,-1,NULL,NULL
9316,37234,1212986156,0,NULL,NULL
9316,30074,1212986156,0,NULL,NULL
9316,30697,1212986156,0,NULL,NULL
9316,29637,1212986156,0,NULL,NULL
9316,25700,1212986156,-1,NULL,NULL
9316,26196,1212986156,-1,NULL,NULL
9317,1349,1212936023,1,NULL,NULL
9317,1353,1212936023,0,NULL,NULL
9317,1351,1212936023,0,NULL,NULL
9318,36824,1212913949,-1,NULL,NULL
9318,37360,1212913949,0,NULL,NULL
9318,37367,1212913949,1,NULL,NULL
9318,37368,1212913949,0,NULL,NULL
9318,37372,1212913949,0,NULL,NULL
9318,37374,1212913949,0,NULL,NULL
9318,20273,1212913949,0,NULL,NULL
9318,4655,1212913949,0,NULL,NULL
9320,8328,1212897434,0,NULL,NULL
9320,20260,1212897434,1,NULL,NULL
9320,37360,1212897434,-1,NULL,NULL
9321,16068,1212744285,0,NULL,NULL
9321,21080,1212744285,0,NULL,NULL
9321,36175,1212744285,1,NULL,NULL
9321,36177,1212744285,0,NULL,NULL
9321,37267,1212848652,0,NULL,NULL
9321,36177,1212848652,1,NULL,NULL
9322,26568,1212755221,0,NULL,NULL
9322,25703,1212755221,1,NULL,NULL
9324,36326,1212686304,1,NULL,NULL
9324,30844,1212686304,0,NULL,NULL
9324,30228,1212706253,0,NULL,NULL
9324,36326,1212706253,0,NULL,NULL
9324,36326,1212732080,0,NULL,NULL
9324,30844,1212732080,0,NULL,NULL
9324,30228,1212732080,0,NULL,NULL
9325,25779,1212729237,0,NULL,NULL
9325,25731,1212729237,0,NULL,NULL
9326,36099,1212726212,1,NULL,NULL
9326,16876,1212726260,0,NULL,NULL
9326,17775,1212726260,-1,NULL,NULL
9326,9778,1212726260,-1,NULL,NULL
9326,16879,1212728207,0,NULL,NULL
9326,17775,1212728207,0,NULL,NULL
9326,9778,1212728207,0,NULL,NULL
9326,16911,1212728207,0,NULL,NULL
9327,35495,1212715525,0,NULL,NULL
9327,37168,1211584070,0,NULL,NULL
9327,25751,1212558541,0,NULL,NULL
9327,26402,1211584070,0,NULL,NULL
9327,28455,1212558541,1,NULL,NULL
9327,10247,1211584070,0,NULL,NULL
9327,27403,1212558541,0,NULL,NULL
9327,30694,1211584070,0,NULL,NULL
9327,37489,1212715525,0,NULL,NULL
9327,9396,1212715525,1,NULL,NULL
9327,9410,1212715525,0,NULL,NULL
9327,16547,1212715525,0,NULL,NULL
9327,9396,1211584070,0,NULL,NULL
9327,37163,1212558541,0,NULL,NULL
9327,37168,1212715525,0,NULL,NULL
9327,1248,1212715525,0,NULL,NULL
9327,22542,1211584070,0,NULL,NULL
9327,22542,1212715525,0,NULL,NULL
9327,10247,1212715525,0,NULL,NULL
9327,8820,1212558541,0,NULL,NULL
9327,20301,1212715525,0,NULL,NULL
9327,26402,1212715525,0,NULL,NULL
9327,12147,1211584070,0,NULL,NULL
9327,37152,1212715525,0,NULL,NULL
9327,36367,1211584070,0,NULL,NULL
9327,16769,1211584070,0,NULL,NULL
9327,26402,1212558541,1,NULL,NULL
9327,21168,1211584070,0,NULL,NULL
9327,36438,1211584070,0,NULL,NULL
9327,26703,1211584070,0,NULL,NULL
9327,36367,1212558541,0,NULL,NULL
9327,37152,1211584070,0,NULL,NULL
9327,1349,1211584070,0,NULL,NULL
9327,12147,1212715525,0,NULL,NULL
9327,27403,1211584070,0,NULL,NULL
9327,36439,1211584070,0,NULL,NULL
9327,20301,1211584070,0,NULL,NULL
9327,1248,1211584070,0,NULL,NULL
9327,9401,1211584070,0,NULL,NULL
9327,37495,1212558541,0,NULL,NULL
9328,30694,1212565005,1,NULL,NULL
9328,25666,1212565005,-1,NULL,NULL
9329,4337,1212646703,1,NULL,NULL
9330,4337,1212566846,0,NULL,NULL
9331,8361,1212562594,0,NULL,NULL
9331,8352,1212562594,1,NULL,NULL
9331,20260,1212562594,1,NULL,NULL
9333,26214,1212543830,0,NULL,NULL
9334,30694,1212517728,0,NULL,NULL
9335,30694,1212476177,1,NULL,NULL
9335,30074,1212476177,-1,NULL,NULL
9335,26087,1212476177,1,NULL,NULL
9335,25782,1212476177,0,NULL,NULL
9335,37222,1212476177,0,NULL,NULL
9335,37104,1212476177,0,NULL,NULL
9335,25751,1212485923,0,NULL,NULL
9335,25672,1212485923,0,NULL,NULL
9338,37360,1212334554,1,NULL,NULL
9338,20371,1212334554,0,NULL,NULL
9339,37360,1212331313,1,NULL,NULL
9340,8820,1212313285,0,NULL,NULL
9341,37315,1212246492,0,NULL,NULL
9341,36684,1212246492,0,NULL,NULL
9342,36789,1212149566,1,NULL,NULL
9343,36255,1212136581,0,NULL,NULL
9345,16768,1211968072,0,NULL,NULL
9347,37002,1211816519,-1,NULL,NULL
9347,26824,1211816519,0,NULL,NULL
9347,26889,1211816519,0,NULL,NULL
9347,25650,1211816519,0,NULL,NULL
9347,25738,1211816519,0,NULL,NULL
9347,37209,1211816519,0,0.0,0.0
9347,29636,1211816519,0,1.0,1.0
9347,37232,1211816519,0,NULL,NULL
9347,35366,1211816519,1,NULL,NULL
9348,37401,1211778590,0,NULL,NULL
9348,29668,1211778590,0,NULL,NULL
9348,26759,1211778590,0,NULL,NULL
9349,37324,1211775593,1,NULL,NULL
9351,29636,1211718058,1,NULL,NULL
9351,26271,1211718058,1,NULL,NULL
9352,10550,1211696653,0,0.0,0.0
9359,29579,1211390293,1,NULL,NULL
9360,17668,1211390051,0,NULL,NULL
9360,37252,1211390051,0,NULL,NULL
9360,37232,1211390051,0,NULL,NULL
9360,27879,1211390051,1,NULL,NULL
9361,37002,1211309470,0,NULL,NULL
9361,37232,1211309470,1,NULL,NULL
9361,37164,1211309470,0,NULL,NULL
9361,25751,1211309470,1,NULL,NULL
9361,4337,1211309470,1,NULL,NULL
9361,10550,1211309470,1,NULL,NULL
9361,37506,1211309470,1,NULL,NULL
9361,37021,1211381654,0,NULL,NULL
9361,37022,1211381654,0,NULL,NULL
9361,10550,1211381654,1,NULL,NULL
9363,37002,1211272507,0,NULL,NULL
9363,26216,1211272507,0,NULL,NULL
9363,4656,1211272507,1,NULL,NULL
9365,20273,1211265214,0,NULL,NULL
9365,36691,1211265214,0,NULL,NULL
9365,36826,1211265214,0,NULL,NULL
9366,27692,1211225337,-1,NULL,NULL
9366,37239,1211225337,0,NULL,NULL
9366,37217,1211225337,0,0.0,0.0
9366,37232,1211225337,-1,NULL,NULL
9367,37008,1211007930,-1,NULL,NULL
9367,37499,1211007930,-1,NULL,NULL
9367,37232,1211007930,-1,NULL,NULL
9367,37506,1211007930,0,NULL,NULL
9367,37002,1211007930,1,NULL,NULL
9367,30844,1211007930,-1,NULL,NULL
9367,30228,1211007930,-1,NULL,NULL
9369,4337,1210934158,0,NULL,NULL
9369,16498,1210934158,1,NULL,NULL
9369,4337,1210950117,1,NULL,NULL
9369,37499,1210950117,1,NULL,NULL
9369,37269,1210950117,0,NULL,NULL
9369,30844,1210950117,0,NULL,NULL
9370,12158,1210928475,0,NULL,NULL
9370,19543,1210928475,0,NULL,NULL
9370,12164,1210928475,0,NULL,NULL
9371,21571,1210916625,0,NULL,NULL
9372,30163,1189236308,0,NULL,NULL
9372,35416,1210914164,0,NULL,NULL
9372,10550,1210914164,0,NULL,NULL
9372,17200,1210914164,0,NULL,NULL
9373,19542,1210742442,1,NULL,NULL
9373,19544,1210742442,-1,NULL,NULL
9373,19540,1210742442,0,NULL,NULL
9373,19543,1210742442,1,NULL,NULL
9373,15673,1210742442,-1,NULL,NULL
9373,15674,1210742442,1,NULL,NULL
9373,15680,1210828636,0,NULL,NULL
9373,19549,1210913540,0,NULL,NULL
9373,19544,1210913540,-1,NULL,NULL
9373,19543,1210913540,-1,NULL,NULL
9373,19540,1210913540,0,NULL,NULL
9373,19542,1210913540,1,NULL,NULL
9375,22585,1210673082,1,NULL,NULL
9375,10247,1210741044,0,NULL,NULL
9375,4337,1210741044,1,NULL,NULL
9375,16498,1210741044,0,NULL,NULL
9375,22585,1210741044,1,NULL,NULL
9375,36738,1210741044,1,NULL,NULL
9376,16813,1208353276,1,NULL,NULL
9376,16846,1208353276,1,NULL,NULL
9376,4852,1208353276,0,NULL,NULL
9376,16813,1210659528,0,NULL,NULL
9376,4854,1210659528,1,NULL,NULL
9376,16846,1210659528,1,NULL,NULL
9378,30846,1210648259,0,NULL,NULL
9378,30106,1210648259,0,NULL,NULL
9378,30103,1210648259,0,1.0,1.0
9378,27283,1210648259,0,NULL,NULL
9378,37499,1210648259,0,NULL,NULL
9379,37499,1210644022,1,NULL,NULL
9382,37075,1210472001,0,NULL,NULL
9383,7244,1210426057,0,NULL,NULL
9385,4848,1210388892,0,NULL,NULL
9385,22746,1210388892,0,NULL,NULL
9386,37232,1210309728,0,NULL,NULL
9387,99,1210309018,0,NULL,NULL
9387,12206,1210309018,0,NULL,NULL
9387,12209,1210309018,0,NULL,NULL
9387,12186,1210309018,0,NULL,NULL
9387,12203,1210309018,0,NULL,NULL
9387,8954,1210309018,1,NULL,NULL
9387,8958,1210309018,1,NULL,NULL
9387,16348,1210309018,0,NULL,NULL
9387,12155,1210309018,0,NULL,NULL
9387,8953,1210309018,1,NULL,NULL
9387,21574,1210309018,0,NULL,NULL
9388,12155,1210306590,1,NULL,NULL
9388,4769,1210306590,0,NULL,NULL
9390,35416,1206973816,0,NULL,NULL
9390,35416,1210257710,-1,NULL,NULL
9391,37360,1209872500,1,NULL,NULL
9391,20260,1209872500,0,NULL,NULL
9391,4656,1209872500,1,NULL,NULL
9391,4655,1209872500,1,NULL,NULL
9392,21568,1209821985,0,NULL,NULL
9392,17764,1209821985,1,NULL,NULL
9392,98,1209821985,1,NULL,NULL
9393,10306,1209803508,0,NULL,NULL
9393,4743,1209803508,1,NULL,NULL
9393,8820,1209803508,1,NULL,NULL
9393,16279,1209803508,0,NULL,NULL
9393,2010,1209803508,1,NULL,NULL
9393,445,1209803508,0,NULL,NULL
9393,446,1209803508,1,NULL,NULL
9393,4744,1209803508,1,NULL,NULL
9393,16118,1209803508,0,NULL,NULL
9393,36693,1209803508,1,NULL,NULL
9393,36695,1209803508,0,NULL,NULL
9393,36700,1209803508,1,NULL,NULL
9393,37434,1209803508,1,0.0,0.0
9394,27707,1209522963,1,NULL,NULL
9394,37232,1209522963,0,NULL,NULL
9394,25886,1209522963,0,NULL,NULL
9394,37494,1209566988,0,NULL,NULL
9395,4709,1209039249,1,-1.0,-1.0
9395,31370,1209039249,-1,NULL,NULL
9396,30110,1209026227,1,NULL,NULL
9396,30132,1209026227,1,NULL,NULL
9396,26400,1209026227,1,NULL,NULL
9396,2080,1209026227,0,NULL,NULL
9396,12209,1209026227,1,NULL,NULL
9396,17764,1209026227,1,NULL,NULL
9396,8945,1209026227,1,NULL,NULL
9397,16120,1208792135,-1,NULL,NULL
9397,4743,1208792135,1,NULL,NULL
9397,446,1208792135,0,1.0,1.0
9397,2010,1208792135,1,NULL,NULL
9399,36315,1208448482,0,NULL,NULL
9399,36700,1208448482,1,NULL,NULL
9399,2010,1208448482,1,NULL,NULL
9399,445,1208448482,1,NULL,NULL
9399,446,1208448482,1,1.0,1.0
9399,4744,1208448482,1,NULL,NULL
9399,4742,1208448482,1,NULL,NULL
9399,10306,1208448482,1,NULL,NULL
9399,4743,1208448482,0,NULL,NULL
9399,7294,1208448482,1,NULL,NULL
9400,30175,1208409252,0,NULL,NULL
9400,30163,1208409252,0,NULL,NULL
9401,35525,1208201479,1,NULL,NULL
9404,25651,1208099182,0,NULL,NULL
9404,25823,1208099182,0,NULL,NULL
9407,29637,1208015523,0,NULL,NULL
9407,29636,1208015523,1,NULL,NULL
9407,37319,1208015523,0,NULL,NULL
9407,37315,1208015523,1,NULL,NULL
9407,37321,1208015523,0,NULL,NULL
9408,37232,1208000145,-1,NULL,NULL
9408,27707,1208000145,1,NULL,NULL
9408,25660,1208000145,0,NULL,NULL
9408,28151,1208000145,0,NULL,NULL
9410,37123,1207990775,0,NULL,NULL
9411,29579,1207988543,0,NULL,NULL
9412,20260,1207704003,0,NULL,NULL
9412,4655,1207704003,0,NULL,NULL
9412,4656,1207704003,-1,NULL,NULL
9413,27811,1207391016,0,NULL,NULL
9413,26420,1207391016,0,NULL,NULL
9413,26204,1207391016,-1,NULL,NULL
9413,25652,1207391016,1,NULL,NULL
9413,26196,1207391016,0,NULL,NULL
9413,26271,1207543357,0,NULL,NULL
9415,37390,1207497698,0,NULL,NULL
9415,4687,1207497698,0,NULL,NULL
9415,7601,1207497698,0,NULL,NULL
9415,7498,1207497698,0,NULL,NULL
9415,7501,1207497698,0,NULL,NULL
9415,7439,1207497698,0,NULL,NULL
9415,7497,1207497698,0,NULL,NULL
9415,7502,1207497698,0,NULL,NULL
9416,28594,1207392148,0,NULL,NULL
9416,28594,1207392298,0,NULL,NULL
9417,17200,1207386749,1,NULL,NULL
9417,17201,1207386749,1,NULL,NULL
9418,36899,1207309969,0,NULL,NULL
9418,37361,1207309969,0,NULL,NULL
9418,37360,1207309969,0,0.0,0.0
9418,36897,1207309969,0,NULL,NULL
9418,36895,1207309969,0,NULL,NULL
9418,37117,1207309969,0,NULL,NULL
9418,20262,1207309969,0,NULL,NULL
9418,4654,1207309969,0,NULL,NULL
9418,4656,1207309969,0,NULL,NULL
9418,4655,1207309969,0,NULL,NULL
9418,20260,1207309969,0,NULL,NULL
9419,2010,1207235495,1,NULL,NULL
9419,16120,1207235495,1,NULL,NULL
9420,1248,1207199760,0,NULL,NULL
9420,1343,1207199760,0,NULL,NULL
9421,32647,1207199402,0,NULL,NULL
9422,32646,1207197141,0,NULL,NULL
9422,32115,1207197141,0,NULL,NULL
9422,36383,1207197141,0,NULL,NULL
9423,25738,1207149307,0,NULL,NULL
9423,25731,1207149307,0,NULL,NULL
9423,26794,1207149307,0,NULL,NULL
9423,37414,1207149307,0,NULL,NULL
9423,37306,1207149307,0,NULL,NULL
9423,30050,1207149307,0,NULL,NULL
9423,31142,1207149307,0,NULL,NULL
9423,28262,1207149307,0,NULL,NULL
9423,37110,1207149307,0,NULL,NULL
9423,37160,1207149307,0,NULL,NULL
9424,26242,1207135946,-1,NULL,NULL
9424,26214,1207135946,1,NULL,NULL
9424,28221,1207135946,1,NULL,NULL
9424,37248,1207135946,1,NULL,NULL
9424,37232,1207135946,0,0.0,0.0
9425,36252,1207121874,0,NULL,NULL
9425,36253,1207121874,0,NULL,NULL
9425,1205,1207121874,0,NULL,NULL
9425,1186,1207121874,0,NULL,NULL
9425,1184,1207121874,0,NULL,NULL
9425,1206,1207121874,0,NULL,NULL
9425,1185,1207121874,0,NULL,NULL
9425,1202,1207121874,0,NULL,NULL
9425,1203,1207121874,0,NULL,NULL
9426,26250,1207079440,1,NULL,NULL
9427,10550,1207027260,1,NULL,NULL
9427,17200,1207027260,0,NULL,NULL
9427,35416,1207027260,-1,NULL,NULL
9428,36528,1206888478,0,NULL,NULL
9428,37262,1206888478,0,NULL,NULL
9428,26294,1206888478,0,NULL,NULL
9428,36913,1206888478,0,NULL,NULL
9428,37037,1206896103,0,NULL,NULL
9428,30660,1206888478,0,NULL,NULL
9428,30132,1206888478,0,NULL,NULL
9428,36439,1206892907,1,NULL,NULL
9428,4876,1206897402,0,NULL,NULL
9428,36315,1206888478,0,NULL,NULL
9428,30694,1206888478,0,NULL,NULL
9428,19055,1206896103,0,NULL,NULL
9428,17764,1206896103,0,NULL,NULL
9428,37042,1206888478,0,NULL,NULL
9428,1041,1206893263,0,NULL,NULL
9428,30081,1206888478,0,NULL,NULL
9428,37360,1206892907,0,NULL,NULL
9428,35366,1206888478,0,NULL,NULL
9428,30163,1206888478,0,NULL,NULL
9428,36527,1206888478,0,NULL,NULL
9428,37232,1206888478,0,0.0,0.0
9428,36447,1206892907,0,NULL,NULL
9428,30772,1206888478,0,NULL,NULL
9428,37008,1206888478,0,NULL,NULL
9428,25751,1206888478,0,NULL,NULL
9428,16496,1206897402,0,NULL,NULL
9428,37503,1206888478,0,NULL,NULL
9428,23396,1206897402,0,NULL,NULL
9428,36824,1206892907,0,NULL,NULL
9428,10247,1206897402,0,NULL,NULL
9428,29880,1206888478,0,NULL,NULL
9428,445,1206896103,0,NULL,NULL
9428,30105,1206888478,0,NULL,NULL
9428,99,1206896103,0,NULL,NULL
9428,26065,1206888478,0,NULL,NULL
9428,18940,1206896103,0,NULL,NULL
9428,30129,1206888478,0,NULL,NULL
9428,37036,1206897402,0,NULL,NULL
9428,26204,1206888478,0,NULL,NULL
9428,446,1206896103,0,NULL,NULL
9431,25738,1206707876,1,NULL,NULL
9431,35366,1206707876,0,NULL,NULL
9431,37232,1206707876,0,0.0,0.0
9431,27707,1206707876,1,NULL,NULL
9431,29536,1206707876,1,NULL,NULL
9431,35366,1206870362,0,NULL,NULL
9432,32115,1206702337,0,NULL,NULL
9432,31136,1206703638,0,NULL,NULL
9432,31142,1206703638,1,NULL,NULL
9432,31134,1206703638,-1,NULL,NULL
9433,22512,1206697051,1,NULL,NULL
9433,35416,1206697051,1,NULL,NULL
9433,10550,1206697051,1,NULL,NULL
9434,8296,1206691856,1,NULL,NULL
9434,8296,1206696034,0,NULL,NULL
9436,25672,1206687753,0,NULL,NULL
9436,37195,1206687753,0,NULL,NULL
9436,37238,1206687753,-1,NULL,NULL
9436,30070,1206687753,0,NULL,NULL
9437,30694,1206633619,1,NULL,NULL
9438,31602,1206508204,0,NULL,NULL
9438,31553,1206508204,-1,NULL,NULL
9438,31592,1206508204,0,NULL,NULL
9438,31601,1206508204,0,NULL,NULL
9438,31589,1206508204,1,NULL,NULL
9438,31590,1206508204,-1,NULL,NULL
9438,7244,1206508204,-1,NULL,NULL
9438,5617,1206508204,0,NULL,NULL
9438,474,1206508204,-1,NULL,NULL
9439,27879,1206339796,1,NULL,NULL
9439,37546,1206339796,-1,NULL,NULL
9439,37232,1206339796,0,0.0,0.0
9440,35322,1206024811,0,NULL,NULL
9442,25661,1205934679,0,NULL,NULL
9442,31491,1206012197,0,NULL,NULL
9442,31499,1206012197,0,NULL,NULL
9443,36700,1205985994,0,NULL,NULL
9446,31560,1205730963,0,NULL,NULL
9446,31566,1205730963,0,NULL,NULL
9446,31591,1205730963,0,NULL,NULL
9446,31595,1205730963,0,NULL,NULL
9446,31563,1205730963,0,NULL,NULL
9446,31568,1205730963,0,NULL,NULL
9446,37430,1205730963,0,NULL,NULL
9446,31553,1205730963,-1,NULL,NULL
9446,474,1205730963,-1,NULL,NULL
9446,7244,1205730963,0,NULL,NULL
9446,5617,1205730963,0,NULL,NULL
9447,4656,1205471107,1,NULL,NULL
9447,37368,1205717169,0,NULL,NULL
9448,7244,1205465545,-1,NULL,NULL
9448,12113,1205465545,0,NULL,NULL
9448,30694,1205465545,0,NULL,NULL
9448,28833,1205465545,1,NULL,NULL
9448,31568,1205465545,0,NULL,NULL
9449,15802,1205461140,0,NULL,NULL
9449,36828,1205461140,0,NULL,NULL
9449,37546,1205461140,0,NULL,NULL
9449,37360,1205461140,1,0.0,0.0
9450,37366,1205246061,0,NULL,NULL
9450,15802,1205246061,0,NULL,NULL
9450,20272,1205246061,0,NULL,NULL
9453,5617,1205056271,1,NULL,NULL
9453,7244,1205056271,1,NULL,NULL
9453,31553,1205056271,1,NULL,NULL
9454,7244,1205039201,1,NULL,NULL
9454,5617,1205039201,0,NULL,NULL
9454,474,1205039201,0,NULL,NULL
9454,31595,1205039201,0,NULL,NULL
9454,37429,1205039201,0,NULL,NULL
9454,31553,1205039201,0,NULL,NULL
9456,28061,1204913151,0,NULL,NULL
9460,37392,1204856225,0,NULL,NULL
9460,1876,1204856225,-1,NULL,NULL
9460,4690,1204856225,0,NULL,NULL
9462,31589,1204732824,1,NULL,NULL
9462,31553,1204732824,1,NULL,NULL
9462,7244,1204732824,0,NULL,NULL
9462,5617,1204732824,0,NULL,NULL
9464,30672,1204632682,1,NULL,NULL
9464,25738,1204632682,-1,NULL,NULL
9464,29858,1204632682,0,NULL,NULL
9465,37528,1204555276,0,NULL,NULL
9467,30672,1204316696,-1,NULL,NULL
9470,30057,1204168669,0,NULL,NULL
9470,26466,1204168669,-1,NULL,NULL
9471,37262,1204100889,-1,1.0,1.0
9471,25661,1204100889,0,NULL,NULL
9471,25661,1204103850,0,NULL,NULL
9471,25660,1204103850,0,NULL,NULL
9472,31482,1204094539,1,NULL,NULL
9473,4656,1203402177,-1,NULL,NULL
9473,37368,1203402177,-1,NULL,NULL
9473,37364,1203402177,0,NULL,NULL
9473,37360,1203402177,0,0.0,0.0
9473,37547,1203402177,-1,NULL,NULL
9473,37367,1203402759,-1,NULL,NULL
9473,37372,1203402759,0,NULL,NULL
9473,36826,1203403442,0,NULL,NULL
9473,37367,1203403442,0,NULL,NULL
9473,37368,1203403442,0,NULL,NULL
9473,37372,1203403442,0,NULL,NULL
9473,37368,1203478501,-1,NULL,NULL
9473,36828,1203478501,0,NULL,NULL
9473,37360,1203478501,0,0.0,0.0
9473,4656,1203478501,1,NULL,NULL
9473,8317,1203478501,1,NULL,NULL
9473,20273,1203478501,0,NULL,NULL
9475,29636,1203077836,0,NULL,NULL
9476,10247,1202897391,0,NULL,NULL
9476,25751,1202897391,1,NULL,NULL
9477,36439,1202894962,-1,NULL,NULL
9478,36404,1202894065,-1,NULL,NULL
9478,20262,1202894065,0,NULL,NULL
9478,37360,1202894065,0,NULL,NULL
9478,4654,1202894065,0,NULL,NULL
9480,25738,1202819858,0,-1.0,-1.0
9480,29719,1202819858,0,NULL,NULL
9480,37403,1202819858,0,NULL,NULL
9480,37405,1202819858,0,NULL,NULL
9481,26411,1202817881,0,NULL,NULL
9481,30660,1202817881,0,NULL,NULL
9482,25703,1200551181,1,NULL,NULL
9482,25703,1200807578,-1,NULL,NULL
9482,37068,1200807578,0,NULL,NULL
9482,25703,1202526236,1,NULL,NULL
9482,37068,1202526236,1,NULL,NULL
9483,26220,1202506192,0,NULL,NULL
9484,16372,1202413642,0,NULL,NULL
9485,25711,1202331236,1,NULL,NULL
9486,4337,1202232714,1,0.0,0.0
9486,16498,1202280919,1,NULL,NULL
9486,4337,1202280919,-1,NULL,NULL
9486,22562,1202280919,0,NULL,NULL
9487,27215,1202233596,1,NULL,NULL
9488,37360,1201933309,0,NULL,NULL
9488,36895,1201933309,-1,NULL,NULL
9488,30070,1201933309,1,NULL,NULL
9488,20260,1201933309,-1,NULL,NULL
9490,26250,1201174357,0,NULL,NULL
9490,28330,1201174357,1,NULL,NULL
9491,25738,1201173759,1,0.0,0.0
9492,1961,1200962817,0,NULL,NULL
9492,1041,1200962817,1,NULL,NULL
9492,35525,1200964082,0,NULL,NULL
9492,35526,1200964082,0,NULL,NULL
9493,26961,1200960955,1,NULL,NULL
9493,25738,1200960955,0,0.0,0.0
9494,4709,1200945650,1,NULL,NULL
9494,37088,1200948163,1,NULL,NULL
9495,26196,1200895763,0,NULL,NULL
9497,7294,1200660002,1,NULL,NULL
9497,446,1200660002,0,NULL,NULL
9498,10058,1200617036,0,NULL,NULL
9498,4857,1200617036,0,NULL,NULL
9498,4856,1200617036,0,NULL,NULL
9498,4855,1200617036,0,NULL,NULL
9498,37423,1200617036,0,NULL,NULL
9499,30694,1200600173,0,NULL,NULL
9499,28833,1200600173,0,NULL,NULL
9502,15830,1200122561,0,NULL,NULL
9502,8347,1200122561,0,NULL,NULL
9502,37461,1200122561,1,NULL,NULL
9502,37361,1200122561,0,NULL,NULL
9502,37362,1200122561,1,NULL,NULL
9503,36447,1199437175,1,NULL,NULL
9503,37558,1199437175,0,NULL,NULL
9503,36441,1199437175,0,NULL,NULL
9504,31410,1199116620,1,NULL,NULL
9505,8311,1198263940,0,NULL,NULL
9506,37211,1198158638,0,NULL,NULL
9506,27831,1198158638,1,NULL,NULL
9506,25942,1198158638,0,NULL,NULL
9507,36898,1197917900,0,NULL,NULL
9507,29636,1197917900,0,NULL,NULL
9507,30103,1197917900,-1,NULL,NULL
9507,29637,1197917900,0,NULL,NULL
9507,30106,1197917900,0,NULL,NULL
9507,37321,1197917900,0,NULL,NULL
9508,4656,1197641874,-1,NULL,NULL
9508,36691,1197641874,0,NULL,NULL
9508,36895,1197641874,1,NULL,NULL
9508,37361,1197641874,-1,NULL,NULL
9508,36899,1197641874,1,NULL,NULL
9508,37368,1197641874,0,NULL,NULL
9508,20260,1197641874,1,NULL,NULL
9509,36439,1197295406,-1,NULL,NULL
9509,36446,1197295406,1,NULL,NULL
9509,36447,1197295406,1,NULL,NULL
9509,36438,1197295406,1,NULL,NULL
9509,8363,1197295406,0,NULL,NULL
9509,36442,1197489832,0,NULL,NULL
9510,16131,1196962651,0,NULL,NULL
9510,445,1196962651,1,NULL,NULL
9510,8785,1197026859,0,NULL,NULL
9512,37390,1196999514,1,NULL,NULL
9512,37392,1196999514,-1,NULL,NULL
9512,4690,1196999514,1,NULL,NULL
9512,1876,1196999514,-1,NULL,NULL
9512,1548,1196999514,0,NULL,NULL
9512,415,1196999514,0,NULL,NULL
9512,4689,1196999514,1,NULL,NULL
9512,4687,1196999514,1,NULL,NULL
9512,7618,1196999514,-1,NULL,NULL
9514,36913,1194276087,0,NULL,NULL
9514,37207,1194276087,1,NULL,NULL
9514,36889,1194276087,0,NULL,NULL
9514,30386,1194276087,0,NULL,NULL
9514,36891,1195149010,0,NULL,NULL
9514,30386,1195149010,0,NULL,NULL
9514,36889,1195149010,0,NULL,NULL
9514,36876,1195149010,1,NULL,NULL
9514,36876,1196952162,1,NULL,NULL
9514,36889,1196952162,0,NULL,NULL
9514,30386,1196952162,0,NULL,NULL
9514,36891,1196952162,0,NULL,NULL
9516,25686,1196851926,1,NULL,NULL
9516,25687,1196851926,0,NULL,NULL
9517,25702,1192732905,1,NULL,NULL
9517,16118,1192732905,1,NULL,NULL
9517,21358,1192732905,0,NULL,NULL
9517,16233,1192732905,-1,NULL,NULL
9517,19055,1192732905,0,NULL,NULL
9517,4743,1192732905,1,NULL,NULL
9517,10306,1192732905,1,NULL,NULL
9517,446,1192732905,1,NULL,NULL
9517,445,1192732905,-1,NULL,NULL
9517,2010,1192732905,1,NULL,NULL
9517,4744,1192732905,1,NULL,NULL
9517,4742,1192732905,0,NULL,NULL
9517,25706,1192732905,0,NULL,NULL
9517,4744,1196847600,0,NULL,NULL
9518,29636,1196744249,1,NULL,NULL
9519,446,1196702212,1,NULL,NULL
9519,4743,1196702212,-1,NULL,NULL
9520,37453,1196454026,0,NULL,NULL
9520,37083,1196454026,-1,NULL,NULL
9520,37082,1196454026,1,NULL,NULL
9520,37452,1196454026,0,NULL,NULL
9520,37089,1196454026,0,NULL,NULL
9520,37088,1196454026,0,NULL,NULL
9521,37224,1196356915,0,NULL,NULL
9522,37360,1196354343,0,NULL,NULL
9522,37461,1196354343,0,NULL,NULL
9522,8317,1196354343,1,NULL,NULL
9522,8363,1196354343,0,NULL,NULL
9522,4656,1196354343,0,NULL,NULL
9523,4656,1196172684,0,NULL,NULL
9523,37360,1196172684,1,NULL,NULL
9524,37256,1196075732,0,NULL,NULL
9524,37232,1196075732,0,0.0,0.0
9524,37226,1196075732,0,NULL,NULL
9524,37232,1196079474,0,0.0,0.0
9524,15790,1196079843,0,NULL,NULL
9524,8296,1196079843,0,NULL,NULL
9530,25878,1195506998,0,NULL,NULL
9530,25876,1195506998,0,NULL,NULL
9530,19057,1195506998,-1,NULL,NULL
9530,37190,1195506998,0,NULL,NULL
9530,30772,1195506998,0,NULL,NULL
9530,30694,1195506998,0,NULL,NULL
9530,25700,1195506998,-1,NULL,NULL
9530,25703,1195506998,-1,NULL,NULL
9530,25693,1195506998,-1,NULL,NULL
9532,30056,1195297340,0,NULL,NULL
9532,30074,1195297340,1,NULL,NULL
9532,29719,1195297340,0,NULL,NULL
9533,26293,1195295993,1,NULL,NULL
9533,37224,1195295993,0,NULL,NULL
9533,27712,1195295993,0,NULL,NULL
9533,16498,1195295993,1,NULL,NULL
9533,27707,1195295993,1,NULL,NULL
9534,29579,1195236044,1,NULL,NULL
9534,29579,1195236142,0,NULL,NULL
9535,37315,1195235700,-1,NULL,NULL
9537,30660,1195219348,0,NULL,NULL
9537,36876,1195219348,-1,NULL,NULL
9537,30672,1195219348,1,NULL,NULL
9537,25700,1195219348,0,NULL,NULL
9537,25661,1195219348,0,NULL,NULL
9537,28364,1195230042,1,NULL,NULL
9537,25661,1195230042,0,NULL,NULL
9538,31589,1195211010,0,NULL,NULL
9538,31553,1195211010,0,NULL,NULL
9538,7244,1195211010,1,NULL,NULL
9538,474,1195211010,0,NULL,NULL
9539,37232,1195041456,0,NULL,NULL
9539,26289,1195041456,1,NULL,NULL
9539,37224,1195148647,0,NULL,NULL
9540,36906,1195143032,0,NULL,NULL
9540,37571,1195143032,0,NULL,NULL
9540,37362,1195143032,0,NULL,NULL
9540,36439,1195143032,1,NULL,NULL
9540,36899,1195143032,-1,NULL,NULL
9540,37360,1195143032,0,NULL,NULL
9540,36897,1195143032,-1,NULL,NULL
9540,36895,1195143032,0,NULL,NULL
9540,36438,1195143032,-1,NULL,NULL
9540,36898,1195143032,0,NULL,NULL
9540,36446,1195143032,0,NULL,NULL
9540,37461,1195143032,1,NULL,NULL
9540,4654,1195143032,0,NULL,NULL
9540,4656,1195143032,-1,NULL,NULL
9540,8317,1195143032,0,NULL,NULL
9542,37226,1195064027,0,NULL,NULL
9542,37256,1195064027,0,NULL,NULL
9542,37567,1195126455,1,NULL,NULL
9543,445,1195065940,1,NULL,NULL
9544,22130,1195064179,0,NULL,NULL
9544,16397,1195064179,0,NULL,NULL
9544,22135,1195064179,0,NULL,NULL
9544,16405,1195064179,0,NULL,NULL
9544,16394,1195064179,0,NULL,NULL
9545,445,1194954124,1,NULL,NULL
9545,445,1195037875,0,NULL,NULL
9545,30694,1195037875,1,NULL,NULL
9545,445,1195060728,0,NULL,NULL
9546,37390,1195046084,0,NULL,NULL
9547,30170,1195044767,1,NULL,NULL
9548,1961,1195042745,0,NULL,NULL
9548,1041,1195042745,0,NULL,NULL
9552,445,1194266858,0,NULL,NULL
9554,22729,1194022662,0,NULL,NULL
9554,37214,1194022662,0,NULL,NULL
9554,25942,1194022662,0,NULL,NULL
9554,37250,1194022662,0,NULL,NULL
9554,37251,1194022662,-1,NULL,NULL
9554,37239,1194022662,-1,NULL,NULL
9554,37506,1194022662,-1,NULL,NULL
9554,37231,1194022662,0,NULL,NULL
9554,37222,1194022662,-1,NULL,NULL
9554,37232,1194022662,1,NULL,NULL
9554,37195,1194022662,1,NULL,NULL
9554,37208,1194022662,0,NULL,NULL
9554,37238,1194022662,0,NULL,NULL
9554,37253,1194022662,0,NULL,NULL
9554,37209,1194022662,0,NULL,NULL
9554,37157,1194022662,1,NULL,NULL
9554,37237,1194022662,0,NULL,NULL
9554,27707,1194022662,-1,NULL,NULL
9555,37575,1193847910,1,NULL,NULL
9556,29579,1193840785,0,NULL,NULL
9556,30078,1193840785,0,NULL,NULL
9556,27215,1193840785,0,NULL,NULL
9556,25713,1193840785,0,NULL,NULL
9557,25700,1193415115,1,NULL,NULL
9557,25751,1193415115,0,NULL,NULL
9557,25719,1193415115,0,NULL,NULL
9557,25660,1193415115,1,NULL,NULL
9557,10247,1193415115,-1,NULL,NULL
9559,36897,1192953386,1,NULL,NULL
9559,36404,1192953386,1,NULL,NULL
9559,37362,1192953386,-1,NULL,NULL
9559,36899,1192953386,0,NULL,NULL
9559,36898,1192953386,0,NULL,NULL
9559,37361,1192953386,0,NULL,NULL
9559,36906,1192953386,0,NULL,NULL
9559,20260,1192953386,0,NULL,NULL
9559,4655,1192953386,0,NULL,NULL
9560,25687,1192807310,1,NULL,NULL
9562,37209,1192445243,1,NULL,NULL
9562,37237,1192445243,0,NULL,NULL
9562,37232,1192445243,1,0.0,0.0
9562,30660,1192445243,1,NULL,NULL
9562,28366,1192445243,-1,NULL,NULL
9562,25661,1192445243,0,NULL,NULL
9562,28364,1192445243,1,NULL,NULL
9562,16399,1192445243,1,NULL,NULL
9562,25736,1192464785,0,NULL,NULL
9562,25661,1192464785,-1,NULL,NULL
9562,37262,1192464785,0,NULL,NULL
9562,31133,1192464785,-1,NULL,NULL
9562,37262,1192528446,1,NULL,NULL
9562,28367,1192528446,0,NULL,NULL
9562,25661,1192528446,0,NULL,NULL
9562,16399,1192528446,0,NULL,NULL
9564,16498,1192178704,1,NULL,NULL
9564,28364,1192178704,1,NULL,NULL
9564,37262,1192178704,0,NULL,NULL
9564,16498,1192182821,-1,NULL,NULL
9564,25687,1192182821,0,NULL,NULL
9564,26469,1192182821,0,NULL,NULL
9566,26087,1192115072,1,NULL,NULL
9566,4369,1192115072,-1,NULL,NULL
9566,37256,1192127905,0,NULL,NULL
9566,16501,1192127905,0,NULL,NULL
9566,37226,1192127905,0,NULL,NULL
9566,37260,1192127905,0,NULL,NULL
9566,16498,1192127905,-1,NULL,NULL
9566,4337,1192127905,0,NULL,NULL
9568,28316,1192037450,1,NULL,NULL
9569,30722,1192031847,0,NULL,NULL
9570,30070,1191856272,0,NULL,NULL
9570,37589,1191918873,0,NULL,NULL
9570,30672,1191950201,0,NULL,NULL
9570,16498,1191956329,0,NULL,NULL
9570,27712,1191956329,0,NULL,NULL
9570,37226,1192007873,0,NULL,NULL
9570,37232,1192007873,0,NULL,NULL
9570,37260,1192007873,0,NULL,NULL
9570,37256,1192007873,0,NULL,NULL
9570,4369,1192007873,0,NULL,NULL
9570,26087,1192007873,0,NULL,NULL
9570,21084,1192007873,1,NULL,NULL
9571,25703,1191933749,1,NULL,NULL
9571,25700,1191933749,-1,NULL,NULL
9571,30694,1191933749,0,NULL,NULL
9571,30660,1191933749,1,NULL,NULL
9572,15802,1191925077,0,NULL,NULL
9572,37461,1191925077,0,NULL,NULL
9572,36824,1191925077,0,NULL,NULL
9572,30103,1191925077,0,NULL,NULL
9572,36897,1191925077,0,NULL,NULL
9572,37367,1191925077,0,NULL,NULL
9572,12348,1191925077,0,NULL,NULL
9572,4656,1191925077,1,NULL,NULL
9572,4654,1191925077,1,NULL,NULL
9572,4655,1191925077,1,NULL,NULL
9572,37374,1191925077,0,NULL,NULL
9573,29579,1191255309,0,NULL,NULL
9574,7293,1191252181,0,NULL,NULL
9574,4736,1191252181,0,NULL,NULL
9577,30103,1191247590,0,NULL,NULL
9577,20260,1191247590,0,NULL,NULL
9577,37360,1191247590,1,NULL,NULL
9577,36404,1191247590,0,NULL,NULL
9577,37369,1191247590,0,NULL,NULL
9577,4654,1191247590,-1,NULL,NULL
9577,4656,1191247590,1,NULL,NULL
9578,446,1191242244,0,NULL,NULL
9578,8830,1191242244,0,NULL,NULL
9579,35525,1190826438,-1,NULL,NULL
9579,35322,1190826438,1,NULL,NULL
9579,35517,1190826438,0,NULL,NULL
9579,35658,1190826438,0,NULL,NULL
9579,17640,1190826438,0,NULL,NULL
9580,37207,1190810687,1,NULL,NULL
9581,4709,1190810508,1,NULL,NULL
9581,31382,1190810508,1,NULL,NULL
9582,16498,1190735495,0,NULL,NULL
9582,16880,1190735495,0,NULL,NULL
9582,4337,1190735495,0,NULL,NULL
9582,37002,1190735495,-1,NULL,NULL
9582,37007,1190735495,0,NULL,NULL
9582,37008,1190735495,1,NULL,NULL
9582,30844,1190735495,-1,NULL,NULL
9582,25751,1190735495,0,NULL,NULL
9582,36990,1190735495,0,NULL,NULL
9584,37047,1188905603,0,NULL,NULL
9584,37046,1188901726,0,NULL,NULL
9584,37361,1188905603,0,NULL,NULL
9584,25706,1188905603,0,NULL,NULL
9584,37434,1188919353,-1,NULL,NULL
9584,31553,1190267515,1,NULL,NULL
9584,37392,1188901726,0,NULL,NULL
9584,37390,1188901726,0,NULL,NULL
9584,29721,1188905603,0,NULL,NULL
9584,37428,1188905603,0,NULL,NULL
9584,19056,1188905603,0,NULL,NULL
9584,37503,1188919353,1,NULL,NULL
9584,4743,1188905603,0,NULL,NULL
9584,30108,1188901726,0,NULL,NULL
9584,29719,1188901726,0,NULL,NULL
9584,4655,1188905603,0,NULL,NULL
9584,37427,1188905603,0,NULL,NULL
9584,37036,1188905603,0,NULL,NULL
9584,37434,1188901726,0,NULL,NULL
9584,19542,1188905603,0,NULL,NULL
9584,4356,1188905603,0,NULL,NULL
9584,12155,1188905603,0,NULL,NULL
9584,7293,1188905603,0,NULL,NULL
9584,37315,1188901726,0,NULL,NULL
9584,30057,1188901726,0,NULL,NULL
9584,30106,1188901726,0,NULL,NULL
9584,37041,1188905603,-1,NULL,NULL
9584,30106,1188905603,0,NULL,NULL
9584,30106,1188919353,0,NULL,NULL
9584,8863,1188905603,0,NULL,NULL
9584,4656,1188901726,-1,NULL,NULL
9584,37037,1188905603,0,NULL,NULL
9584,25738,1188905603,0,NULL,NULL
9584,35658,1188905603,0,NULL,NULL
9584,5617,1188905603,0,NULL,NULL
9584,30114,1188919353,0,NULL,NULL
9584,197,1188905603,0,NULL,NULL
9584,4877,1188905603,0,NULL,NULL
9584,7244,1190267515,1,NULL,NULL
9584,37033,1188905603,0,NULL,NULL
9585,22439,1190231362,0,NULL,NULL
9585,16498,1190231362,1,NULL,NULL
9585,4337,1190231362,1,NULL,NULL
9585,37157,1190231362,0,NULL,NULL
9585,37169,1190231362,0,NULL,NULL
9586,29717,1190123527,1,NULL,NULL
9586,26196,1190123527,-1,NULL,NULL
9586,37232,1190123527,0,NULL,NULL
9586,37503,1190123527,1,NULL,NULL
9586,37434,1190123527,0,NULL,NULL
9586,26250,1190123527,1,NULL,NULL
9587,25666,1190100373,0,NULL,NULL
9590,30672,1189762819,1,NULL,NULL
9590,30106,1189762819,0,NULL,NULL
9590,30113,1189762819,0,NULL,NULL
9590,35526,1189762819,0,NULL,NULL
9590,37499,1189762819,1,NULL,NULL
9590,30143,1189762819,0,NULL,NULL
9590,30137,1189762819,0,NULL,NULL
9590,26411,1189839056,0,0.0,0.0
9590,5411,1189839056,0,NULL,NULL
9590,9778,1189839056,0,NULL,NULL
9592,25672,1189573431,-1,NULL,NULL
9592,25942,1189573431,0,NULL,NULL
9592,37229,1189573431,0,NULL,NULL
9592,37239,1189573431,1,NULL,NULL
9592,37238,1189573431,1,NULL,NULL
9592,37232,1189573431,1,NULL,NULL
9592,25751,1189573431,0,NULL,NULL
9594,25886,1189489736,1,NULL,NULL
9594,30672,1189489736,1,NULL,NULL
9594,26411,1189489736,0,NULL,NULL
9594,25660,1189489736,0,NULL,NULL
9595,30672,1189195150,1,NULL,NULL
9597,35416,1189171779,1,NULL,NULL
9597,35369,1189171779,-1,NULL,NULL
9597,35367,1189171779,1,NULL,NULL
9597,37238,1189171779,0,NULL,NULL
9597,25672,1189171779,1,NULL,NULL
9597,10550,1189171779,0,NULL,NULL
9597,17200,1189171779,0,NULL,NULL
9599,26411,1188836000,0,NULL,NULL
9599,25751,1188836000,0,NULL,NULL
9599,37008,1188836000,0,NULL,NULL
9599,37002,1188836000,-1,NULL,NULL
9599,30844,1188836000,0,NULL,NULL
9599,37006,1188836000,0,NULL,NULL
9601,1041,1188560583,-1,NULL,NULL
9601,1961,1188560583,0,NULL,NULL
9604,30108,1188374138,1,NULL,NULL
9606,4654,1188318112,-1,NULL,NULL
9606,4655,1188318112,1,NULL,NULL
9606,4656,1188318112,1,NULL,NULL
9606,20260,1188318112,-1,NULL,NULL
9607,30061,1188306789,0,NULL,NULL
9607,29721,1188306789,0,NULL,NULL
9607,30062,1188306789,-1,NULL,NULL
9607,27125,1188306789,1,NULL,NULL
9609,16498,1188299095,0,NULL,NULL
9609,27712,1188299095,0,NULL,NULL
9609,37237,1188299095,1,NULL,NULL
9609,27707,1188299095,1,NULL,NULL
9610,21427,1186732557,1,NULL,NULL
9610,21427,1187633115,0,NULL,NULL
9611,37499,1187630714,1,NULL,NULL
9612,30108,1187593989,1,NULL,NULL
9612,30110,1187593989,0,NULL,NULL
9612,29536,1187593989,1,NULL,NULL
9612,37267,1187593989,0,NULL,NULL
9612,37232,1187593989,0,NULL,NULL
9614,445,1187367104,1,NULL,NULL
9614,10306,1187367104,1,NULL,NULL
9614,16118,1187367104,0,NULL,NULL
9614,15652,1187367104,0,NULL,NULL
9615,37390,1187333436,-1,NULL,NULL
9615,29636,1187333436,1,NULL,NULL
9615,37392,1187333436,-1,NULL,NULL
9615,37315,1187333436,-1,NULL,NULL
9615,26710,1187333436,0,NULL,NULL
9615,4689,1187333436,0,NULL,NULL
9615,4687,1187333436,1,NULL,NULL
9615,4690,1187333436,1,NULL,NULL
9617,26402,1187324501,1,NULL,NULL
9617,25700,1187324501,0,NULL,NULL
9617,25703,1187324501,0,NULL,NULL
9617,37190,1187324501,0,NULL,NULL
9620,25751,1187194493,0,NULL,NULL
9620,37002,1187194493,0,NULL,NULL
9620,36990,1187194493,0,NULL,NULL
9620,37499,1187194493,0,NULL,NULL
9621,37315,1187127771,1,NULL,NULL
9622,26411,1187120851,1,NULL,NULL
9622,25672,1187120851,1,NULL,NULL
9622,26420,1187120851,1,NULL,NULL
9622,26444,1187120851,0,NULL,NULL
9622,25751,1187120851,1,NULL,NULL
9622,30144,1187120851,1,NULL,NULL
9622,35367,1187120851,1,NULL,NULL
9622,4337,1187120851,1,NULL,NULL
9622,37262,1187120851,1,NULL,NULL
9623,25658,1186762400,0,NULL,NULL
9623,26196,1186762400,1,NULL,NULL
9623,26204,1186762400,0,NULL,NULL
9623,37214,1186762400,0,NULL,NULL
9623,37214,1187014770,1,NULL,NULL
9623,26223,1187014770,0,NULL,NULL
9624,30144,1186994817,0,NULL,NULL
9624,4337,1186994817,1,NULL,NULL
9624,25751,1186994817,-1,NULL,NULL
9625,30108,1186764911,1,NULL,NULL
9625,37528,1186764911,1,NULL,NULL
9625,30132,1186764911,-1,NULL,NULL
9625,8945,1186765088,0,NULL,NULL
9626,16118,1186747065,-1,NULL,NULL
9626,445,1186747065,1,NULL,NULL
9626,15651,1186749720,0,NULL,NULL
9626,16118,1186749720,0,NULL,NULL
9627,29637,1186730325,1,NULL,NULL
9627,30072,1186730325,1,NULL,NULL
9627,29636,1186730325,1,NULL,NULL
9627,37315,1186730325,1,NULL,NULL
9628,37255,1186681431,-1,NULL,NULL
9628,37239,1186681431,1,NULL,NULL
9628,37232,1186681431,-1,NULL,NULL
9628,30020,1186681431,0,NULL,NULL
9628,26196,1186681431,0,NULL,NULL
9628,30393,1186681431,0,NULL,NULL
9628,25672,1186681431,0,NULL,NULL
9628,25652,1186681431,0,NULL,NULL
9633,30081,1186395382,0,NULL,NULL
9633,29607,1186395382,0,NULL,NULL
9634,30072,1186220895,0,NULL,NULL
9637,25811,1185946212,0,NULL,NULL
9637,37238,1185946212,0,NULL,NULL
9637,30103,1185946212,0,NULL,NULL
9637,30694,1185946212,0,NULL,NULL
9637,30106,1185946212,-1,NULL,NULL
9637,24827,1185946212,0,NULL,NULL
9637,36540,1185946212,0,NULL,NULL
9637,29636,1185946212,0,NULL,NULL
9637,25751,1185946212,1,NULL,NULL
9637,22439,1185946212,0,NULL,NULL
9638,30144,1185814046,0,NULL,NULL
9640,37182,1185474187,1,NULL,NULL
9640,30170,1185474187,1,NULL,NULL
9640,21084,1185474187,0,NULL,NULL
9641,37625,1185443219,0,NULL,NULL
9642,37615,1183975772,0,NULL,NULL
9642,37612,1185199499,0,NULL,NULL
9645,4337,1184113046,0,NULL,NULL
9645,10247,1184113046,1,NULL,NULL
9645,25755,1184113046,0,NULL,NULL
9645,37627,1184113046,1,NULL,NULL
9645,37635,1184113046,-1,NULL,NULL
9645,37640,1184113046,1,NULL,NULL
9645,37628,1184113046,0,NULL,NULL
9645,37630,1184113046,0,NULL,NULL
9645,37644,1184113046,0,NULL,NULL
9645,37626,1184113046,0,NULL,NULL
9645,37629,1184113046,0,NULL,NULL
9645,37168,1184113046,0,NULL,NULL
9645,37637,1184113046,0,NULL,NULL
9645,37630,1184116685,1,NULL,NULL
9645,37640,1184116685,-1,NULL,NULL
9645,37646,1184116685,0,NULL,NULL
9645,25751,1184116685,0,NULL,NULL
9645,4337,1184145646,0,NULL,NULL
9645,16498,1184145646,0,NULL,NULL
9646,37669,1183977762,0,NULL,NULL
9646,37284,1183977762,0,NULL,NULL
9646,37668,1183977762,0,NULL,NULL
9646,27831,1183977762,0,NULL,NULL
9646,28262,1183977762,0,NULL,NULL
9646,26444,1183977762,0,NULL,NULL
9646,26420,1183977762,0,NULL,NULL
9646,16571,1183977762,0,NULL,NULL
9646,9401,1183977762,0,NULL,NULL
9646,2079,1183977762,0,NULL,NULL
9646,9395,1183977762,0,NULL,NULL
9648,37033,1183875641,0,NULL,NULL
9649,10247,1183875004,1,NULL,NULL
9649,4337,1183875004,1,NULL,NULL
9651,27831,1183578167,0,NULL,NULL
9651,26289,1183578167,0,NULL,NULL
9651,26429,1183578167,0,NULL,NULL
9651,30391,1183578167,0,NULL,NULL
9651,26196,1183578167,0,NULL,NULL
9651,26274,1183578167,0,NULL,NULL
9651,26444,1183578167,0,NULL,NULL
9651,26191,1183578167,0,NULL,NULL
9651,26208,1183578167,-1,NULL,NULL
9651,26294,1183578167,0,NULL,NULL
9651,25738,1183578167,1,NULL,NULL
9651,26293,1183578167,0,NULL,NULL
9651,37148,1183578167,0,NULL,NULL
9651,27891,1183578167,-1,NULL,NULL
9651,26402,1183578167,0,NULL,NULL
9651,37684,1183578167,0,NULL,NULL
9651,37683,1183578167,0,NULL,NULL
9651,37682,1183578167,1,NULL,NULL
9651,37685,1183578167,0,NULL,NULL
9651,37410,1183578167,0,NULL,NULL
9651,36705,1183578167,0,NULL,NULL
9651,1404,1183578167,0,NULL,NULL
9651,36705,1183578623,0,NULL,NULL
9651,36705,1183580706,0,NULL,NULL
9652,37687,1183483658,0,NULL,NULL
9652,36876,1183483658,0,NULL,NULL
9652,25738,1183483658,1,NULL,NULL
9652,37684,1183483658,1,NULL,NULL
9653,37684,1183472183,0,NULL,NULL
9653,30711,1183472183,1,NULL,NULL
9653,26228,1183472183,-1,NULL,NULL
9654,26236,1183391396,1,NULL,NULL
9654,37606,1183391396,0,NULL,NULL
9654,30103,1183391396,1,NULL,NULL
9654,28094,1183391396,0,NULL,NULL
9654,29637,1183391396,1,NULL,NULL
9654,29635,1183391396,0,NULL,NULL
9654,29636,1183391396,-1,NULL,NULL
9654,37306,1183391396,0,NULL,NULL
9654,37603,1183391396,0,NULL,NULL
9655,37692,1183375392,0,NULL,NULL
9655,37702,1183375392,0,NULL,NULL
9655,37697,1183375392,0,NULL,NULL
9655,37698,1183375392,0,NULL,NULL
9655,37694,1183375392,0,NULL,NULL
9655,37695,1183375392,0,NULL,NULL
9655,37699,1183375392,0,NULL,NULL
9655,37696,1183375392,0,NULL,NULL
9655,37700,1183375392,0,NULL,NULL
9655,37169,1183375392,0,NULL,NULL
9655,37693,1183375392,0,NULL,NULL
9655,37701,1183375392,0,NULL,NULL
9655,37432,1183375392,0,NULL,NULL
9655,37691,1183375392,0,NULL,NULL
9655,4337,1183375392,0,NULL,NULL
9655,1404,1183375392,0,NULL,NULL
9655,10247,1183375392,0,NULL,NULL
9655,10550,1183375392,0,NULL,NULL
9655,9396,1183375392,0,NULL,NULL
9655,9399,1183375392,0,NULL,NULL
9655,9395,1183375392,0,NULL,NULL
9655,9413,1183375392,0,NULL,NULL
9655,16569,1183375392,0,NULL,NULL
9655,16547,1183375392,0,NULL,NULL
9655,18520,1183375392,0,NULL,NULL
9655,16500,1183375392,0,NULL,NULL
9655,9401,1183375392,0,NULL,NULL
9655,22714,1183375392,0,NULL,NULL
9655,9398,1183375392,0,NULL,NULL
9655,22439,1183375392,0,NULL,NULL
9655,22597,1183375392,0,NULL,NULL
9655,22596,1183375392,0,NULL,NULL
9655,22729,1183375392,0,NULL,NULL
9655,16503,1183375392,0,NULL,NULL
9655,16496,1183375392,0,NULL,NULL
9655,37662,1183375392,0,NULL,NULL
9655,30694,1183375392,1,NULL,NULL
9655,16501,1183375392,0,NULL,NULL
9659,37625,1182853205,0,NULL,NULL
